ISO-10303-21;
HEADER;
/* Generated by software containing ST-Developer
 * from STEP Tools, Inc. (www.steptools.com) 
 */

FILE_DESCRIPTION(
/* description */ (''),
/* implementation_level */ '2;1');

FILE_NAME(
/* name */ 'clampsled-raw.step',
/* time_stamp */ '2026-03-30T11:07:50+02:00',
/* author */ (''),
/* organization */ (''),
/* preprocessor_version */ 'ST-DEVELOPER v20.1',
/* originating_system */ 'Autodesk Translation Framework v14.24.0.0',
/* authorisation */ '');

FILE_SCHEMA (('AUTOMOTIVE_DESIGN { 1 0 10303 214 3 1 1 }'));
ENDSEC;

DATA;
#10=MECHANICAL_DESIGN_GEOMETRIC_PRESENTATION_REPRESENTATION('',(#13),#2592);
#11=SHAPE_REPRESENTATION_RELATIONSHIP('SRR','None',#2599,#12);
#12=ADVANCED_BREP_SHAPE_REPRESENTATION('',(#14),#2591);
#13=STYLED_ITEM('',(#2609),#14);
#14=MANIFOLD_SOLID_BREP('K\X\F6rper1',#1581);
#15=ELLIPSE('',#1689,5.30330085889911,3.75);
#16=FACE_BOUND('',#213,.T.);
#17=FACE_BOUND('',#214,.T.);
#18=FACE_BOUND('',#215,.T.);
#19=FACE_BOUND('',#226,.T.);
#20=FACE_BOUND('',#227,.T.);
#21=FACE_BOUND('',#286,.T.);
#22=FACE_BOUND('',#290,.T.);
#23=FACE_BOUND('',#299,.T.);
#24=FACE_BOUND('',#302,.T.);
#25=FACE_BOUND('',#305,.T.);
#26=FACE_BOUND('',#306,.T.);
#27=FACE_BOUND('',#308,.T.);
#28=FACE_BOUND('',#309,.T.);
#29=PLANE('',#1601);
#30=PLANE('',#1602);
#31=PLANE('',#1605);
#32=PLANE('',#1606);
#33=PLANE('',#1607);
#34=PLANE('',#1608);
#35=PLANE('',#1609);
#36=PLANE('',#1610);
#37=PLANE('',#1611);
#38=PLANE('',#1612);
#39=PLANE('',#1613);
#40=PLANE('',#1614);
#41=PLANE('',#1617);
#42=PLANE('',#1618);
#43=PLANE('',#1619);
#44=PLANE('',#1620);
#45=PLANE('',#1621);
#46=PLANE('',#1622);
#47=PLANE('',#1629);
#48=PLANE('',#1640);
#49=PLANE('',#1641);
#50=PLANE('',#1642);
#51=PLANE('',#1643);
#52=PLANE('',#1644);
#53=PLANE('',#1645);
#54=PLANE('',#1646);
#55=PLANE('',#1647);
#56=PLANE('',#1648);
#57=PLANE('',#1649);
#58=PLANE('',#1650);
#59=PLANE('',#1651);
#60=PLANE('',#1652);
#61=PLANE('',#1653);
#62=PLANE('',#1654);
#63=PLANE('',#1655);
#64=PLANE('',#1656);
#65=PLANE('',#1657);
#66=PLANE('',#1658);
#67=PLANE('',#1659);
#68=PLANE('',#1660);
#69=PLANE('',#1661);
#70=PLANE('',#1662);
#71=PLANE('',#1663);
#72=PLANE('',#1664);
#73=PLANE('',#1665);
#74=PLANE('',#1666);
#75=PLANE('',#1667);
#76=PLANE('',#1668);
#77=PLANE('',#1669);
#78=PLANE('',#1670);
#79=PLANE('',#1671);
#80=PLANE('',#1672);
#81=PLANE('',#1673);
#82=PLANE('',#1674);
#83=PLANE('',#1675);
#84=PLANE('',#1676);
#85=PLANE('',#1677);
#86=PLANE('',#1678);
#87=PLANE('',#1679);
#88=PLANE('',#1680);
#89=PLANE('',#1681);
#90=PLANE('',#1682);
#91=PLANE('',#1684);
#92=PLANE('',#1687);
#93=PLANE('',#1688);
#94=PLANE('',#1690);
#95=PLANE('',#1691);
#96=PLANE('',#1692);
#97=PLANE('',#1702);
#98=PLANE('',#1705);
#99=PLANE('',#1707);
#100=PLANE('',#1710);
#101=PLANE('',#1713);
#102=CYLINDRICAL_SURFACE('',#1600,1.2645);
#103=CYLINDRICAL_SURFACE('',#1623,1.);
#104=CYLINDRICAL_SURFACE('',#1626,1.);
#105=CYLINDRICAL_SURFACE('',#1632,7.015);
#106=CYLINDRICAL_SURFACE('',#1637,7.015);
#107=CYLINDRICAL_SURFACE('',#1695,12.8);
#108=CYLINDRICAL_SURFACE('',#1696,2.15);
#109=CYLINDRICAL_SURFACE('',#1698,1.666);
#110=CYLINDRICAL_SURFACE('',#1704,3.75);
#111=CYLINDRICAL_SURFACE('',#1706,12.8);
#112=CYLINDRICAL_SURFACE('',#1716,2.65);
#113=CYLINDRICAL_SURFACE('',#1719,2.65);
#114=FACE_OUTER_BOUND('',#208,.T.);
#115=FACE_OUTER_BOUND('',#209,.T.);
#116=FACE_OUTER_BOUND('',#210,.T.);
#117=FACE_OUTER_BOUND('',#211,.T.);
#118=FACE_OUTER_BOUND('',#212,.T.);
#119=FACE_OUTER_BOUND('',#216,.T.);
#120=FACE_OUTER_BOUND('',#217,.T.);
#121=FACE_OUTER_BOUND('',#218,.T.);
#122=FACE_OUTER_BOUND('',#219,.T.);
#123=FACE_OUTER_BOUND('',#220,.T.);
#124=FACE_OUTER_BOUND('',#221,.T.);
#125=FACE_OUTER_BOUND('',#222,.T.);
#126=FACE_OUTER_BOUND('',#223,.T.);
#127=FACE_OUTER_BOUND('',#224,.T.);
#128=FACE_OUTER_BOUND('',#225,.T.);
#129=FACE_OUTER_BOUND('',#228,.T.);
#130=FACE_OUTER_BOUND('',#229,.T.);
#131=FACE_OUTER_BOUND('',#230,.T.);
#132=FACE_OUTER_BOUND('',#231,.T.);
#133=FACE_OUTER_BOUND('',#232,.T.);
#134=FACE_OUTER_BOUND('',#233,.T.);
#135=FACE_OUTER_BOUND('',#234,.T.);
#136=FACE_OUTER_BOUND('',#235,.T.);
#137=FACE_OUTER_BOUND('',#236,.T.);
#138=FACE_OUTER_BOUND('',#237,.T.);
#139=FACE_OUTER_BOUND('',#238,.T.);
#140=FACE_OUTER_BOUND('',#239,.T.);
#141=FACE_OUTER_BOUND('',#240,.T.);
#142=FACE_OUTER_BOUND('',#241,.T.);
#143=FACE_OUTER_BOUND('',#242,.T.);
#144=FACE_OUTER_BOUND('',#243,.T.);
#145=FACE_OUTER_BOUND('',#244,.T.);
#146=FACE_OUTER_BOUND('',#245,.T.);
#147=FACE_OUTER_BOUND('',#246,.T.);
#148=FACE_OUTER_BOUND('',#247,.T.);
#149=FACE_OUTER_BOUND('',#248,.T.);
#150=FACE_OUTER_BOUND('',#249,.T.);
#151=FACE_OUTER_BOUND('',#250,.T.);
#152=FACE_OUTER_BOUND('',#251,.T.);
#153=FACE_OUTER_BOUND('',#252,.T.);
#154=FACE_OUTER_BOUND('',#253,.T.);
#155=FACE_OUTER_BOUND('',#254,.T.);
#156=FACE_OUTER_BOUND('',#255,.T.);
#157=FACE_OUTER_BOUND('',#256,.T.);
#158=FACE_OUTER_BOUND('',#257,.T.);
#159=FACE_OUTER_BOUND('',#258,.T.);
#160=FACE_OUTER_BOUND('',#259,.T.);
#161=FACE_OUTER_BOUND('',#260,.T.);
#162=FACE_OUTER_BOUND('',#261,.T.);
#163=FACE_OUTER_BOUND('',#262,.T.);
#164=FACE_OUTER_BOUND('',#263,.T.);
#165=FACE_OUTER_BOUND('',#264,.T.);
#166=FACE_OUTER_BOUND('',#265,.T.);
#167=FACE_OUTER_BOUND('',#266,.T.);
#168=FACE_OUTER_BOUND('',#267,.T.);
#169=FACE_OUTER_BOUND('',#268,.T.);
#170=FACE_OUTER_BOUND('',#269,.T.);
#171=FACE_OUTER_BOUND('',#270,.T.);
#172=FACE_OUTER_BOUND('',#271,.T.);
#173=FACE_OUTER_BOUND('',#272,.T.);
#174=FACE_OUTER_BOUND('',#273,.T.);
#175=FACE_OUTER_BOUND('',#274,.T.);
#176=FACE_OUTER_BOUND('',#275,.T.);
#177=FACE_OUTER_BOUND('',#276,.T.);
#178=FACE_OUTER_BOUND('',#277,.T.);
#179=FACE_OUTER_BOUND('',#278,.T.);
#180=FACE_OUTER_BOUND('',#279,.T.);
#181=FACE_OUTER_BOUND('',#280,.T.);
#182=FACE_OUTER_BOUND('',#281,.T.);
#183=FACE_OUTER_BOUND('',#282,.T.);
#184=FACE_OUTER_BOUND('',#283,.T.);
#185=FACE_OUTER_BOUND('',#284,.T.);
#186=FACE_OUTER_BOUND('',#285,.T.);
#187=FACE_OUTER_BOUND('',#287,.T.);
#188=FACE_OUTER_BOUND('',#288,.T.);
#189=FACE_OUTER_BOUND('',#289,.T.);
#190=FACE_OUTER_BOUND('',#291,.T.);
#191=FACE_OUTER_BOUND('',#292,.T.);
#192=FACE_OUTER_BOUND('',#293,.T.);
#193=FACE_OUTER_BOUND('',#294,.T.);
#194=FACE_OUTER_BOUND('',#295,.T.);
#195=FACE_OUTER_BOUND('',#296,.T.);
#196=FACE_OUTER_BOUND('',#297,.T.);
#197=FACE_OUTER_BOUND('',#298,.T.);
#198=FACE_OUTER_BOUND('',#300,.T.);
#199=FACE_OUTER_BOUND('',#301,.T.);
#200=FACE_OUTER_BOUND('',#303,.T.);
#201=FACE_OUTER_BOUND('',#304,.T.);
#202=FACE_OUTER_BOUND('',#307,.T.);
#203=FACE_OUTER_BOUND('',#310,.T.);
#204=FACE_OUTER_BOUND('',#311,.T.);
#205=FACE_OUTER_BOUND('',#312,.T.);
#206=FACE_OUTER_BOUND('',#313,.T.);
#207=FACE_OUTER_BOUND('',#314,.T.);
#208=EDGE_LOOP('',(#1050,#1051,#1052));
#209=EDGE_LOOP('',(#1053,#1054,#1055,#1056));
#210=EDGE_LOOP('',(#1057,#1058,#1059,#1060));
#211=EDGE_LOOP('',(#1061,#1062,#1063,#1064));
#212=EDGE_LOOP('',(#1065,#1066,#1067,#1068,#1069,#1070,#1071,#1072,#1073,
#1074,#1075,#1076));
#213=EDGE_LOOP('',(#1077));
#214=EDGE_LOOP('',(#1078));
#215=EDGE_LOOP('',(#1079));
#216=EDGE_LOOP('',(#1080,#1081,#1082,#1083));
#217=EDGE_LOOP('',(#1084,#1085,#1086,#1087,#1088,#1089));
#218=EDGE_LOOP('',(#1090,#1091,#1092,#1093,#1094,#1095));
#219=EDGE_LOOP('',(#1096,#1097,#1098,#1099));
#220=EDGE_LOOP('',(#1100,#1101,#1102,#1103,#1104,#1105));
#221=EDGE_LOOP('',(#1106,#1107,#1108,#1109,#1110,#1111));
#222=EDGE_LOOP('',(#1112,#1113,#1114,#1115));
#223=EDGE_LOOP('',(#1116,#1117,#1118,#1119,#1120,#1121));
#224=EDGE_LOOP('',(#1122,#1123,#1124,#1125));
#225=EDGE_LOOP('',(#1126,#1127,#1128,#1129,#1130,#1131,#1132,#1133,#1134,
#1135,#1136,#1137));
#226=EDGE_LOOP('',(#1138));
#227=EDGE_LOOP('',(#1139));
#228=EDGE_LOOP('',(#1140,#1141,#1142,#1143));
#229=EDGE_LOOP('',(#1144,#1145,#1146,#1147,#1148,#1149));
#230=EDGE_LOOP('',(#1150,#1151,#1152,#1153));
#231=EDGE_LOOP('',(#1154,#1155,#1156,#1157,#1158,#1159));
#232=EDGE_LOOP('',(#1160,#1161,#1162,#1163));
#233=EDGE_LOOP('',(#1164,#1165,#1166,#1167,#1168,#1169));
#234=EDGE_LOOP('',(#1170,#1171,#1172,#1173));
#235=EDGE_LOOP('',(#1174,#1175,#1176,#1177));
#236=EDGE_LOOP('',(#1178,#1179,#1180,#1181));
#237=EDGE_LOOP('',(#1182,#1183,#1184,#1185));
#238=EDGE_LOOP('',(#1186,#1187,#1188,#1189));
#239=EDGE_LOOP('',(#1190,#1191,#1192,#1193));
#240=EDGE_LOOP('',(#1194,#1195,#1196,#1197));
#241=EDGE_LOOP('',(#1198,#1199,#1200,#1201));
#242=EDGE_LOOP('',(#1202,#1203,#1204,#1205));
#243=EDGE_LOOP('',(#1206,#1207,#1208));
#244=EDGE_LOOP('',(#1209,#1210,#1211));
#245=EDGE_LOOP('',(#1212,#1213,#1214));
#246=EDGE_LOOP('',(#1215,#1216,#1217));
#247=EDGE_LOOP('',(#1218,#1219,#1220,#1221));
#248=EDGE_LOOP('',(#1222,#1223,#1224,#1225));
#249=EDGE_LOOP('',(#1226,#1227,#1228));
#250=EDGE_LOOP('',(#1229,#1230,#1231,#1232));
#251=EDGE_LOOP('',(#1233,#1234,#1235,#1236));
#252=EDGE_LOOP('',(#1237,#1238,#1239,#1240));
#253=EDGE_LOOP('',(#1241,#1242,#1243));
#254=EDGE_LOOP('',(#1244,#1245,#1246,#1247));
#255=EDGE_LOOP('',(#1248,#1249,#1250));
#256=EDGE_LOOP('',(#1251,#1252,#1253,#1254));
#257=EDGE_LOOP('',(#1255,#1256,#1257,#1258));
#258=EDGE_LOOP('',(#1259,#1260,#1261));
#259=EDGE_LOOP('',(#1262,#1263,#1264,#1265));
#260=EDGE_LOOP('',(#1266,#1267,#1268));
#261=EDGE_LOOP('',(#1269,#1270,#1271,#1272));
#262=EDGE_LOOP('',(#1273,#1274,#1275));
#263=EDGE_LOOP('',(#1276,#1277,#1278));
#264=EDGE_LOOP('',(#1279,#1280,#1281));
#265=EDGE_LOOP('',(#1282,#1283,#1284));
#266=EDGE_LOOP('',(#1285,#1286,#1287));
#267=EDGE_LOOP('',(#1288,#1289,#1290,#1291));
#268=EDGE_LOOP('',(#1292,#1293,#1294,#1295));
#269=EDGE_LOOP('',(#1296,#1297,#1298,#1299));
#270=EDGE_LOOP('',(#1300,#1301,#1302,#1303));
#271=EDGE_LOOP('',(#1304,#1305,#1306,#1307));
#272=EDGE_LOOP('',(#1308,#1309,#1310,#1311));
#273=EDGE_LOOP('',(#1312,#1313,#1314,#1315));
#274=EDGE_LOOP('',(#1316,#1317,#1318,#1319));
#275=EDGE_LOOP('',(#1320,#1321,#1322,#1323));
#276=EDGE_LOOP('',(#1324,#1325,#1326,#1327));
#277=EDGE_LOOP('',(#1328,#1329,#1330,#1331));
#278=EDGE_LOOP('',(#1332,#1333,#1334,#1335));
#279=EDGE_LOOP('',(#1336,#1337,#1338,#1339));
#280=EDGE_LOOP('',(#1340,#1341,#1342,#1343));
#281=EDGE_LOOP('',(#1344,#1345,#1346,#1347));
#282=EDGE_LOOP('',(#1348,#1349,#1350,#1351));
#283=EDGE_LOOP('',(#1352,#1353,#1354,#1355));
#284=EDGE_LOOP('',(#1356,#1357,#1358,#1359));
#285=EDGE_LOOP('',(#1360,#1361,#1362,#1363,#1364,#1365));
#286=EDGE_LOOP('',(#1366));
#287=EDGE_LOOP('',(#1367,#1368,#1369,#1370,#1371,#1372,#1373,#1374,#1375,
#1376,#1377,#1378,#1379,#1380,#1381));
#288=EDGE_LOOP('',(#1382,#1383,#1384,#1385));
#289=EDGE_LOOP('',(#1386,#1387,#1388,#1389));
#290=EDGE_LOOP('',(#1390));
#291=EDGE_LOOP('',(#1391,#1392,#1393,#1394));
#292=EDGE_LOOP('',(#1395,#1396,#1397,#1398));
#293=EDGE_LOOP('',(#1399,#1400,#1401,#1402,#1403,#1404,#1405,#1406,#1407,
#1408,#1409,#1410,#1411,#1412,#1413));
#294=EDGE_LOOP('',(#1414,#1415,#1416,#1417));
#295=EDGE_LOOP('',(#1418,#1419,#1420,#1421));
#296=EDGE_LOOP('',(#1422,#1423,#1424,#1425));
#297=EDGE_LOOP('',(#1426,#1427,#1428));
#298=EDGE_LOOP('',(#1429));
#299=EDGE_LOOP('',(#1430));
#300=EDGE_LOOP('',(#1431,#1432,#1433,#1434));
#301=EDGE_LOOP('',(#1435,#1436,#1437,#1438,#1439,#1440));
#302=EDGE_LOOP('',(#1441));
#303=EDGE_LOOP('',(#1442,#1443,#1444,#1445));
#304=EDGE_LOOP('',(#1446,#1447,#1448,#1449));
#305=EDGE_LOOP('',(#1450));
#306=EDGE_LOOP('',(#1451));
#307=EDGE_LOOP('',(#1452,#1453,#1454,#1455));
#308=EDGE_LOOP('',(#1456));
#309=EDGE_LOOP('',(#1457));
#310=EDGE_LOOP('',(#1458,#1459,#1460,#1461));
#311=EDGE_LOOP('',(#1462,#1463,#1464,#1465));
#312=EDGE_LOOP('',(#1466,#1467,#1468,#1469));
#313=EDGE_LOOP('',(#1470,#1471,#1472,#1473));
#314=EDGE_LOOP('',(#1474,#1475,#1476,#1477));
#315=CIRCLE('',#1596,1.2645);
#316=CIRCLE('',#1598,1.2645);
#317=CIRCLE('',#1599,1.391);
#318=CIRCLE('',#1603,7.315);
#319=CIRCLE('',#1604,7.315);
#320=CIRCLE('',#1615,7.315);
#321=CIRCLE('',#1616,7.315);
#322=CIRCLE('',#1624,1.);
#323=CIRCLE('',#1625,1.);
#324=CIRCLE('',#1627,1.);
#325=CIRCLE('',#1628,1.);
#326=CIRCLE('',#1631,7.015);
#327=CIRCLE('',#1633,7.015);
#328=CIRCLE('',#1636,7.015);
#329=CIRCLE('',#1638,7.015);
#330=CIRCLE('',#1683,2.15);
#331=CIRCLE('',#1685,12.8);
#332=CIRCLE('',#1686,12.8);
#333=CIRCLE('',#1693,12.8);
#334=CIRCLE('',#1694,12.8);
#335=CIRCLE('',#1697,2.15);
#336=CIRCLE('',#1699,1.666);
#337=CIRCLE('',#1700,1.666);
#338=CIRCLE('',#1703,3.75);
#339=CIRCLE('',#1708,2.65);
#340=CIRCLE('',#1709,2.65);
#341=CIRCLE('',#1711,5.65);
#342=CIRCLE('',#1712,5.65);
#343=CIRCLE('',#1715,2.65);
#344=CIRCLE('',#1718,2.65);
#345=LINE('',#2159,#528);
#346=LINE('',#2165,#529);
#347=LINE('',#2168,#530);
#348=LINE('',#2172,#531);
#349=LINE('',#2174,#532);
#350=LINE('',#2176,#533);
#351=LINE('',#2177,#534);
#352=LINE('',#2180,#535);
#353=LINE('',#2182,#536);
#354=LINE('',#2184,#537);
#355=LINE('',#2186,#538);
#356=LINE('',#2188,#539);
#357=LINE('',#2190,#540);
#358=LINE('',#2192,#541);
#359=LINE('',#2194,#542);
#360=LINE('',#2196,#543);
#361=LINE('',#2198,#544);
#362=LINE('',#2199,#545);
#363=LINE('',#2207,#546);
#364=LINE('',#2209,#547);
#365=LINE('',#2211,#548);
#366=LINE('',#2212,#549);
#367=LINE('',#2214,#550);
#368=LINE('',#2216,#551);
#369=LINE('',#2218,#552);
#370=LINE('',#2219,#553);
#371=LINE('',#2222,#554);
#372=LINE('',#2224,#555);
#373=LINE('',#2226,#556);
#374=LINE('',#2227,#557);
#375=LINE('',#2230,#558);
#376=LINE('',#2232,#559);
#377=LINE('',#2233,#560);
#378=LINE('',#2236,#561);
#379=LINE('',#2238,#562);
#380=LINE('',#2240,#563);
#381=LINE('',#2241,#564);
#382=LINE('',#2244,#565);
#383=LINE('',#2246,#566);
#384=LINE('',#2248,#567);
#385=LINE('',#2249,#568);
#386=LINE('',#2252,#569);
#387=LINE('',#2253,#570);
#388=LINE('',#2256,#571);
#389=LINE('',#2258,#572);
#390=LINE('',#2260,#573);
#391=LINE('',#2261,#574);
#392=LINE('',#2264,#575);
#393=LINE('',#2265,#576);
#394=LINE('',#2268,#577);
#395=LINE('',#2269,#578);
#396=LINE('',#2271,#579);
#397=LINE('',#2273,#580);
#398=LINE('',#2275,#581);
#399=LINE('',#2277,#582);
#400=LINE('',#2279,#583);
#401=LINE('',#2281,#584);
#402=LINE('',#2282,#585);
#403=LINE('',#2288,#586);
#404=LINE('',#2291,#587);
#405=LINE('',#2292,#588);
#406=LINE('',#2294,#589);
#407=LINE('',#2297,#590);
#408=LINE('',#2299,#591);
#409=LINE('',#2300,#592);
#410=LINE('',#2302,#593);
#411=LINE('',#2305,#594);
#412=LINE('',#2307,#595);
#413=LINE('',#2308,#596);
#414=LINE('',#2314,#597);
#415=LINE('',#2317,#598);
#416=LINE('',#2322,#599);
#417=LINE('',#2326,#600);
#418=LINE('',#2328,#601);
#419=LINE('',#2329,#602);
#420=LINE('',#2333,#603);
#421=LINE('',#2336,#604);
#422=LINE('',#2339,#605);
#423=LINE('',#2343,#606);
#424=LINE('',#2347,#607);
#425=LINE('',#2349,#608);
#426=LINE('',#2353,#609);
#427=LINE('',#2354,#610);
#428=LINE('',#2355,#611);
#429=LINE('',#2359,#612);
#430=LINE('',#2360,#613);
#431=LINE('',#2361,#614);
#432=LINE('',#2364,#615);
#433=LINE('',#2365,#616);
#434=LINE('',#2366,#617);
#435=LINE('',#2370,#618);
#436=LINE('',#2372,#619);
#437=LINE('',#2373,#620);
#438=LINE('',#2377,#621);
#439=LINE('',#2378,#622);
#440=LINE('',#2379,#623);
#441=LINE('',#2382,#624);
#442=LINE('',#2383,#625);
#443=LINE('',#2385,#626);
#444=LINE('',#2387,#627);
#445=LINE('',#2388,#628);
#446=LINE('',#2390,#629);
#447=LINE('',#2392,#630);
#448=LINE('',#2395,#631);
#449=LINE('',#2396,#632);
#450=LINE('',#2400,#633);
#451=LINE('',#2402,#634);
#452=LINE('',#2403,#635);
#453=LINE('',#2408,#636);
#454=LINE('',#2410,#637);
#455=LINE('',#2411,#638);
#456=LINE('',#2415,#639);
#457=LINE('',#2416,#640);
#458=LINE('',#2417,#641);
#459=LINE('',#2419,#642);
#460=LINE('',#2420,#643);
#461=LINE('',#2423,#644);
#462=LINE('',#2425,#645);
#463=LINE('',#2426,#646);
#464=LINE('',#2430,#647);
#465=LINE('',#2432,#648);
#466=LINE('',#2433,#649);
#467=LINE('',#2435,#650);
#468=LINE('',#2436,#651);
#469=LINE('',#2440,#652);
#470=LINE('',#2442,#653);
#471=LINE('',#2443,#654);
#472=LINE('',#2446,#655);
#473=LINE('',#2448,#656);
#474=LINE('',#2449,#657);
#475=LINE('',#2453,#658);
#476=LINE('',#2454,#659);
#477=LINE('',#2455,#660);
#478=LINE('',#2457,#661);
#479=LINE('',#2459,#662);
#480=LINE('',#2460,#663);
#481=LINE('',#2463,#664);
#482=LINE('',#2464,#665);
#483=LINE('',#2465,#666);
#484=LINE('',#2467,#667);
#485=LINE('',#2471,#668);
#486=LINE('',#2473,#669);
#487=LINE('',#2475,#670);
#488=LINE('',#2477,#671);
#489=LINE('',#2478,#672);
#490=LINE('',#2480,#673);
#491=LINE('',#2481,#674);
#492=LINE('',#2483,#675);
#493=LINE('',#2485,#676);
#494=LINE('',#2486,#677);
#495=LINE('',#2490,#678);
#496=LINE('',#2491,#679);
#497=LINE('',#2492,#680);
#498=LINE('',#2494,#681);
#499=LINE('',#2496,#682);
#500=LINE('',#2497,#683);
#501=LINE('',#2499,#684);
#502=LINE('',#2503,#685);
#503=LINE('',#2504,#686);
#504=LINE('',#2505,#687);
#505=LINE('',#2507,#688);
#506=LINE('',#2509,#689);
#507=LINE('',#2510,#690);
#508=LINE('',#2512,#691);
#509=LINE('',#2515,#692);
#510=LINE('',#2517,#693);
#511=LINE('',#2518,#694);
#512=LINE('',#2523,#695);
#513=LINE('',#2526,#696);
#514=LINE('',#2535,#697);
#515=LINE('',#2536,#698);
#516=LINE('',#2541,#699);
#517=LINE('',#2542,#700);
#518=LINE('',#2544,#701);
#519=LINE('',#2548,#702);
#520=LINE('',#2553,#703);
#521=LINE('',#2557,#704);
#522=LINE('',#2562,#705);
#523=LINE('',#2564,#706);
#524=LINE('',#2580,#707);
#525=LINE('',#2582,#708);
#526=LINE('',#2586,#709);
#527=LINE('',#2588,#710);
#528=VECTOR('',#1724,0.63225);
#529=VECTOR('',#1731,1.32775);
#530=VECTOR('',#1736,1.2645);
#531=VECTOR('',#1739,10.);
#532=VECTOR('',#1740,10.);
#533=VECTOR('',#1741,10.);
#534=VECTOR('',#1742,10.);
#535=VECTOR('',#1745,10.);
#536=VECTOR('',#1746,10.);
#537=VECTOR('',#1747,10.);
#538=VECTOR('',#1748,10.);
#539=VECTOR('',#1749,10.);
#540=VECTOR('',#1750,10.);
#541=VECTOR('',#1751,10.);
#542=VECTOR('',#1752,10.);
#543=VECTOR('',#1753,10.);
#544=VECTOR('',#1754,10.);
#545=VECTOR('',#1755,10.);
#546=VECTOR('',#1762,10.);
#547=VECTOR('',#1763,10.);
#548=VECTOR('',#1764,10.);
#549=VECTOR('',#1765,10.);
#550=VECTOR('',#1768,10.);
#551=VECTOR('',#1769,10.);
#552=VECTOR('',#1770,10.);
#553=VECTOR('',#1771,10.);
#554=VECTOR('',#1774,9.99999999999999);
#555=VECTOR('',#1775,10.);
#556=VECTOR('',#1776,10.);
#557=VECTOR('',#1777,10.);
#558=VECTOR('',#1780,10.);
#559=VECTOR('',#1781,10.);
#560=VECTOR('',#1782,10.);
#561=VECTOR('',#1785,9.99999999999999);
#562=VECTOR('',#1786,10.);
#563=VECTOR('',#1787,9.99999999999999);
#564=VECTOR('',#1788,10.);
#565=VECTOR('',#1791,10.);
#566=VECTOR('',#1792,10.);
#567=VECTOR('',#1793,10.);
#568=VECTOR('',#1794,10.);
#569=VECTOR('',#1797,10.);
#570=VECTOR('',#1798,10.);
#571=VECTOR('',#1801,10.);
#572=VECTOR('',#1802,10.);
#573=VECTOR('',#1803,10.);
#574=VECTOR('',#1804,10.);
#575=VECTOR('',#1807,10.);
#576=VECTOR('',#1808,10.);
#577=VECTOR('',#1811,10.);
#578=VECTOR('',#1812,10.);
#579=VECTOR('',#1813,10.);
#580=VECTOR('',#1814,10.);
#581=VECTOR('',#1815,10.);
#582=VECTOR('',#1816,10.);
#583=VECTOR('',#1817,10.);
#584=VECTOR('',#1818,10.);
#585=VECTOR('',#1819,10.);
#586=VECTOR('',#1826,10.);
#587=VECTOR('',#1829,10.);
#588=VECTOR('',#1830,10.);
#589=VECTOR('',#1833,10.);
#590=VECTOR('',#1836,10.);
#591=VECTOR('',#1837,10.);
#592=VECTOR('',#1838,10.);
#593=VECTOR('',#1841,10.);
#594=VECTOR('',#1844,10.);
#595=VECTOR('',#1845,10.);
#596=VECTOR('',#1846,10.);
#597=VECTOR('',#1851,10.);
#598=VECTOR('',#1854,10.);
#599=VECTOR('',#1859,10.);
#600=VECTOR('',#1864,10.);
#601=VECTOR('',#1865,10.);
#602=VECTOR('',#1866,10.);
#603=VECTOR('',#1871,7.165);
#604=VECTOR('',#1874,7.015);
#605=VECTOR('',#1879,7.165);
#606=VECTOR('',#1884,7.165);
#607=VECTOR('',#1889,7.015);
#608=VECTOR('',#1892,7.165);
#609=VECTOR('',#1895,10.);
#610=VECTOR('',#1896,10.);
#611=VECTOR('',#1897,10.);
#612=VECTOR('',#1900,10.);
#613=VECTOR('',#1901,10.);
#614=VECTOR('',#1902,10.);
#615=VECTOR('',#1905,10.);
#616=VECTOR('',#1906,10.);
#617=VECTOR('',#1907,10.);
#618=VECTOR('',#1910,10.);
#619=VECTOR('',#1911,10.);
#620=VECTOR('',#1912,10.);
#621=VECTOR('',#1915,10.);
#622=VECTOR('',#1916,10.);
#623=VECTOR('',#1917,10.);
#624=VECTOR('',#1920,10.);
#625=VECTOR('',#1921,10.);
#626=VECTOR('',#1924,10.);
#627=VECTOR('',#1925,10.);
#628=VECTOR('',#1926,10.);
#629=VECTOR('',#1929,10.);
#630=VECTOR('',#1932,10.);
#631=VECTOR('',#1935,10.);
#632=VECTOR('',#1936,10.);
#633=VECTOR('',#1939,10.);
#634=VECTOR('',#1940,10.);
#635=VECTOR('',#1941,10.);
#636=VECTOR('',#1946,9.99999999999999);
#637=VECTOR('',#1947,10.);
#638=VECTOR('',#1948,10.);
#639=VECTOR('',#1951,10.);
#640=VECTOR('',#1952,10.);
#641=VECTOR('',#1953,10.);
#642=VECTOR('',#1956,10.);
#643=VECTOR('',#1957,10.);
#644=VECTOR('',#1960,10.);
#645=VECTOR('',#1961,10.);
#646=VECTOR('',#1962,10.);
#647=VECTOR('',#1967,10.);
#648=VECTOR('',#1968,10.);
#649=VECTOR('',#1969,10.);
#650=VECTOR('',#1972,10.);
#651=VECTOR('',#1973,10.);
#652=VECTOR('',#1976,10.);
#653=VECTOR('',#1977,10.);
#654=VECTOR('',#1978,10.);
#655=VECTOR('',#1981,10.);
#656=VECTOR('',#1982,10.);
#657=VECTOR('',#1983,10.);
#658=VECTOR('',#1986,10.);
#659=VECTOR('',#1987,10.);
#660=VECTOR('',#1988,10.);
#661=VECTOR('',#1991,10.);
#662=VECTOR('',#1992,10.);
#663=VECTOR('',#1993,10.);
#664=VECTOR('',#1996,10.);
#665=VECTOR('',#1997,10.);
#666=VECTOR('',#1998,10.);
#667=VECTOR('',#2001,10.);
#668=VECTOR('',#2008,10.);
#669=VECTOR('',#2011,10.);
#670=VECTOR('',#2014,10.);
#671=VECTOR('',#2017,10.);
#672=VECTOR('',#2018,10.);
#673=VECTOR('',#2021,10.);
#674=VECTOR('',#2022,10.);
#675=VECTOR('',#2025,10.);
#676=VECTOR('',#2028,10.);
#677=VECTOR('',#2029,10.);
#678=VECTOR('',#2032,10.);
#679=VECTOR('',#2033,10.);
#680=VECTOR('',#2034,10.);
#681=VECTOR('',#2037,10.);
#682=VECTOR('',#2040,10.);
#683=VECTOR('',#2041,10.);
#684=VECTOR('',#2044,10.);
#685=VECTOR('',#2047,10.);
#686=VECTOR('',#2048,10.);
#687=VECTOR('',#2049,10.);
#688=VECTOR('',#2052,10.);
#689=VECTOR('',#2055,10.);
#690=VECTOR('',#2056,10.);
#691=VECTOR('',#2059,10.);
#692=VECTOR('',#2062,10.);
#693=VECTOR('',#2063,10.);
#694=VECTOR('',#2064,10.);
#695=VECTOR('',#2069,10.);
#696=VECTOR('',#2072,10.);
#697=VECTOR('',#2085,10.);
#698=VECTOR('',#2086,10.);
#699=VECTOR('',#2093,10.);
#700=VECTOR('',#2094,10.);
#701=VECTOR('',#2097,10.);
#702=VECTOR('',#2102,2.15);
#703=VECTOR('',#2107,1.666);
#704=VECTOR('',#2112,0.833);
#705=VECTOR('',#2119,3.75);
#706=VECTOR('',#2122,10.);
#707=VECTOR('',#2143,4.15);
#708=VECTOR('',#2146,2.65);
#709=VECTOR('',#2151,4.15);
#710=VECTOR('',#2154,2.65);
#711=VERTEX_POINT('',#2157);
#712=VERTEX_POINT('',#2158);
#713=VERTEX_POINT('',#2162);
#714=VERTEX_POINT('',#2164);
#715=VERTEX_POINT('',#2170);
#716=VERTEX_POINT('',#2171);
#717=VERTEX_POINT('',#2173);
#718=VERTEX_POINT('',#2175);
#719=VERTEX_POINT('',#2179);
#720=VERTEX_POINT('',#2181);
#721=VERTEX_POINT('',#2183);
#722=VERTEX_POINT('',#2185);
#723=VERTEX_POINT('',#2187);
#724=VERTEX_POINT('',#2189);
#725=VERTEX_POINT('',#2191);
#726=VERTEX_POINT('',#2193);
#727=VERTEX_POINT('',#2195);
#728=VERTEX_POINT('',#2197);
#729=VERTEX_POINT('',#2200);
#730=VERTEX_POINT('',#2202);
#731=VERTEX_POINT('',#2205);
#732=VERTEX_POINT('',#2206);
#733=VERTEX_POINT('',#2208);
#734=VERTEX_POINT('',#2210);
#735=VERTEX_POINT('',#2215);
#736=VERTEX_POINT('',#2217);
#737=VERTEX_POINT('',#2221);
#738=VERTEX_POINT('',#2223);
#739=VERTEX_POINT('',#2225);
#740=VERTEX_POINT('',#2229);
#741=VERTEX_POINT('',#2231);
#742=VERTEX_POINT('',#2235);
#743=VERTEX_POINT('',#2237);
#744=VERTEX_POINT('',#2239);
#745=VERTEX_POINT('',#2243);
#746=VERTEX_POINT('',#2245);
#747=VERTEX_POINT('',#2247);
#748=VERTEX_POINT('',#2251);
#749=VERTEX_POINT('',#2255);
#750=VERTEX_POINT('',#2257);
#751=VERTEX_POINT('',#2259);
#752=VERTEX_POINT('',#2263);
#753=VERTEX_POINT('',#2267);
#754=VERTEX_POINT('',#2270);
#755=VERTEX_POINT('',#2272);
#756=VERTEX_POINT('',#2274);
#757=VERTEX_POINT('',#2276);
#758=VERTEX_POINT('',#2278);
#759=VERTEX_POINT('',#2280);
#760=VERTEX_POINT('',#2283);
#761=VERTEX_POINT('',#2285);
#762=VERTEX_POINT('',#2290);
#763=VERTEX_POINT('',#2296);
#764=VERTEX_POINT('',#2298);
#765=VERTEX_POINT('',#2304);
#766=VERTEX_POINT('',#2306);
#767=VERTEX_POINT('',#2310);
#768=VERTEX_POINT('',#2311);
#769=VERTEX_POINT('',#2313);
#770=VERTEX_POINT('',#2315);
#771=VERTEX_POINT('',#2319);
#772=VERTEX_POINT('',#2321);
#773=VERTEX_POINT('',#2325);
#774=VERTEX_POINT('',#2327);
#775=VERTEX_POINT('',#2331);
#776=VERTEX_POINT('',#2335);
#777=VERTEX_POINT('',#2341);
#778=VERTEX_POINT('',#2345);
#779=VERTEX_POINT('',#2351);
#780=VERTEX_POINT('',#2352);
#781=VERTEX_POINT('',#2357);
#782=VERTEX_POINT('',#2358);
#783=VERTEX_POINT('',#2363);
#784=VERTEX_POINT('',#2368);
#785=VERTEX_POINT('',#2369);
#786=VERTEX_POINT('',#2371);
#787=VERTEX_POINT('',#2375);
#788=VERTEX_POINT('',#2376);
#789=VERTEX_POINT('',#2381);
#790=VERTEX_POINT('',#2386);
#791=VERTEX_POINT('',#2394);
#792=VERTEX_POINT('',#2398);
#793=VERTEX_POINT('',#2399);
#794=VERTEX_POINT('',#2401);
#795=VERTEX_POINT('',#2406);
#796=VERTEX_POINT('',#2407);
#797=VERTEX_POINT('',#2409);
#798=VERTEX_POINT('',#2413);
#799=VERTEX_POINT('',#2414);
#800=VERTEX_POINT('',#2422);
#801=VERTEX_POINT('',#2424);
#802=VERTEX_POINT('',#2429);
#803=VERTEX_POINT('',#2431);
#804=VERTEX_POINT('',#2438);
#805=VERTEX_POINT('',#2439);
#806=VERTEX_POINT('',#2441);
#807=VERTEX_POINT('',#2445);
#808=VERTEX_POINT('',#2447);
#809=VERTEX_POINT('',#2451);
#810=VERTEX_POINT('',#2452);
#811=VERTEX_POINT('',#2458);
#812=VERTEX_POINT('',#2462);
#813=VERTEX_POINT('',#2488);
#814=VERTEX_POINT('',#2489);
#815=VERTEX_POINT('',#2501);
#816=VERTEX_POINT('',#2502);
#817=VERTEX_POINT('',#2514);
#818=VERTEX_POINT('',#2516);
#819=VERTEX_POINT('',#2519);
#820=VERTEX_POINT('',#2522);
#821=VERTEX_POINT('',#2525);
#822=VERTEX_POINT('',#2530);
#823=VERTEX_POINT('',#2534);
#824=VERTEX_POINT('',#2539);
#825=VERTEX_POINT('',#2546);
#826=VERTEX_POINT('',#2550);
#827=VERTEX_POINT('',#2552);
#828=VERTEX_POINT('',#2556);
#829=VERTEX_POINT('',#2559);
#830=VERTEX_POINT('',#2567);
#831=VERTEX_POINT('',#2569);
#832=VERTEX_POINT('',#2572);
#833=VERTEX_POINT('',#2574);
#834=VERTEX_POINT('',#2578);
#835=VERTEX_POINT('',#2584);
#836=EDGE_CURVE('',#711,#712,#345,.T.);
#837=EDGE_CURVE('',#712,#712,#315,.T.);
#838=EDGE_CURVE('',#713,#713,#316,.T.);
#839=EDGE_CURVE('',#713,#714,#346,.T.);
#840=EDGE_CURVE('',#714,#714,#317,.T.);
#841=EDGE_CURVE('',#713,#712,#347,.T.);
#842=EDGE_CURVE('',#715,#716,#348,.T.);
#843=EDGE_CURVE('',#716,#717,#349,.T.);
#844=EDGE_CURVE('',#717,#718,#350,.F.);
#845=EDGE_CURVE('',#718,#715,#351,.T.);
#846=EDGE_CURVE('',#719,#718,#352,.T.);
#847=EDGE_CURVE('',#720,#719,#353,.T.);
#848=EDGE_CURVE('',#721,#720,#354,.T.);
#849=EDGE_CURVE('',#722,#721,#355,.T.);
#850=EDGE_CURVE('',#723,#722,#356,.T.);
#851=EDGE_CURVE('',#724,#723,#357,.T.);
#852=EDGE_CURVE('',#725,#724,#358,.T.);
#853=EDGE_CURVE('',#726,#725,#359,.T.);
#854=EDGE_CURVE('',#727,#726,#360,.T.);
#855=EDGE_CURVE('',#728,#727,#361,.T.);
#856=EDGE_CURVE('',#728,#715,#362,.T.);
#857=EDGE_CURVE('',#729,#729,#318,.T.);
#858=EDGE_CURVE('',#730,#730,#319,.T.);
#859=EDGE_CURVE('',#731,#732,#363,.T.);
#860=EDGE_CURVE('',#732,#733,#364,.T.);
#861=EDGE_CURVE('',#733,#734,#365,.T.);
#862=EDGE_CURVE('',#734,#731,#366,.T.);
#863=EDGE_CURVE('',#716,#731,#367,.T.);
#864=EDGE_CURVE('',#734,#735,#368,.T.);
#865=EDGE_CURVE('',#736,#735,#369,.T.);
#866=EDGE_CURVE('',#717,#736,#370,.F.);
#867=EDGE_CURVE('',#737,#733,#371,.T.);
#868=EDGE_CURVE('',#738,#737,#372,.T.);
#869=EDGE_CURVE('',#739,#738,#373,.T.);
#870=EDGE_CURVE('',#735,#739,#374,.T.);
#871=EDGE_CURVE('',#740,#720,#375,.T.);
#872=EDGE_CURVE('',#719,#741,#376,.F.);
#873=EDGE_CURVE('',#741,#740,#377,.T.);
#874=EDGE_CURVE('',#742,#740,#378,.F.);
#875=EDGE_CURVE('',#743,#742,#379,.T.);
#876=EDGE_CURVE('',#743,#744,#380,.T.);
#877=EDGE_CURVE('',#721,#744,#381,.T.);
#878=EDGE_CURVE('',#745,#741,#382,.T.);
#879=EDGE_CURVE('',#746,#745,#383,.T.);
#880=EDGE_CURVE('',#747,#746,#384,.T.);
#881=EDGE_CURVE('',#742,#747,#385,.T.);
#882=EDGE_CURVE('',#747,#748,#386,.T.);
#883=EDGE_CURVE('',#748,#743,#387,.T.);
#884=EDGE_CURVE('',#749,#746,#388,.T.);
#885=EDGE_CURVE('',#750,#749,#389,.T.);
#886=EDGE_CURVE('',#751,#750,#390,.T.);
#887=EDGE_CURVE('',#751,#748,#391,.T.);
#888=EDGE_CURVE('',#745,#752,#392,.F.);
#889=EDGE_CURVE('',#752,#749,#393,.T.);
#890=EDGE_CURVE('',#753,#752,#394,.T.);
#891=EDGE_CURVE('',#739,#753,#395,.T.);
#892=EDGE_CURVE('',#754,#738,#396,.T.);
#893=EDGE_CURVE('',#755,#754,#397,.T.);
#894=EDGE_CURVE('',#756,#755,#398,.T.);
#895=EDGE_CURVE('',#757,#756,#399,.T.);
#896=EDGE_CURVE('',#758,#757,#400,.T.);
#897=EDGE_CURVE('',#759,#758,#401,.T.);
#898=EDGE_CURVE('',#750,#759,#402,.T.);
#899=EDGE_CURVE('',#760,#760,#320,.T.);
#900=EDGE_CURVE('',#761,#761,#321,.T.);
#901=EDGE_CURVE('',#753,#736,#403,.F.);
#902=EDGE_CURVE('',#762,#728,#404,.T.);
#903=EDGE_CURVE('',#732,#762,#405,.T.);
#904=EDGE_CURVE('',#717,#741,#406,.T.);
#905=EDGE_CURVE('',#763,#751,#407,.T.);
#906=EDGE_CURVE('',#764,#763,#408,.T.);
#907=EDGE_CURVE('',#744,#764,#409,.T.);
#908=EDGE_CURVE('',#745,#736,#410,.T.);
#909=EDGE_CURVE('',#765,#762,#411,.T.);
#910=EDGE_CURVE('',#766,#765,#412,.T.);
#911=EDGE_CURVE('',#737,#766,#413,.T.);
#912=EDGE_CURVE('',#767,#768,#322,.T.);
#913=EDGE_CURVE('',#769,#768,#414,.T.);
#914=EDGE_CURVE('',#769,#770,#323,.T.);
#915=EDGE_CURVE('',#770,#767,#415,.T.);
#916=EDGE_CURVE('',#768,#771,#324,.T.);
#917=EDGE_CURVE('',#771,#772,#416,.T.);
#918=EDGE_CURVE('',#772,#769,#325,.T.);
#919=EDGE_CURVE('',#773,#771,#417,.T.);
#920=EDGE_CURVE('',#774,#773,#418,.T.);
#921=EDGE_CURVE('',#772,#774,#419,.T.);
#922=EDGE_CURVE('',#775,#775,#326,.T.);
#923=EDGE_CURVE('',#775,#730,#420,.T.);
#924=EDGE_CURVE('',#775,#776,#421,.T.);
#925=EDGE_CURVE('',#776,#776,#327,.T.);
#926=EDGE_CURVE('',#776,#760,#422,.T.);
#927=EDGE_CURVE('',#777,#777,#328,.T.);
#928=EDGE_CURVE('',#777,#761,#423,.T.);
#929=EDGE_CURVE('',#778,#778,#329,.T.);
#930=EDGE_CURVE('',#778,#777,#424,.T.);
#931=EDGE_CURVE('',#778,#729,#425,.T.);
#932=EDGE_CURVE('',#779,#780,#426,.T.);
#933=EDGE_CURVE('',#726,#779,#427,.T.);
#934=EDGE_CURVE('',#780,#726,#428,.T.);
#935=EDGE_CURVE('',#781,#782,#429,.T.);
#936=EDGE_CURVE('',#755,#781,#430,.T.);
#937=EDGE_CURVE('',#782,#755,#431,.T.);
#938=EDGE_CURVE('',#765,#783,#432,.T.);
#939=EDGE_CURVE('',#727,#765,#433,.T.);
#940=EDGE_CURVE('',#783,#727,#434,.T.);
#941=EDGE_CURVE('',#784,#785,#435,.T.);
#942=EDGE_CURVE('',#786,#784,#436,.T.);
#943=EDGE_CURVE('',#785,#786,#437,.T.);
#944=EDGE_CURVE('',#787,#788,#438,.T.);
#945=EDGE_CURVE('',#788,#786,#439,.T.);
#946=EDGE_CURVE('',#784,#787,#440,.T.);
#947=EDGE_CURVE('',#789,#780,#441,.T.);
#948=EDGE_CURVE('',#725,#789,#442,.T.);
#949=EDGE_CURVE('',#766,#754,#443,.T.);
#950=EDGE_CURVE('',#790,#766,#444,.T.);
#951=EDGE_CURVE('',#754,#790,#445,.T.);
#952=EDGE_CURVE('',#783,#790,#446,.T.);
#953=EDGE_CURVE('',#790,#782,#447,.T.);
#954=EDGE_CURVE('',#781,#791,#448,.T.);
#955=EDGE_CURVE('',#791,#756,#449,.T.);
#956=EDGE_CURVE('',#792,#793,#450,.T.);
#957=EDGE_CURVE('',#794,#792,#451,.T.);
#958=EDGE_CURVE('',#793,#794,#452,.T.);
#959=EDGE_CURVE('',#795,#796,#453,.T.);
#960=EDGE_CURVE('',#797,#795,#454,.T.);
#961=EDGE_CURVE('',#796,#797,#455,.T.);
#962=EDGE_CURVE('',#798,#799,#456,.T.);
#963=EDGE_CURVE('',#799,#797,#457,.T.);
#964=EDGE_CURVE('',#795,#798,#458,.T.);
#965=EDGE_CURVE('',#785,#796,#459,.T.);
#966=EDGE_CURVE('',#797,#784,#460,.T.);
#967=EDGE_CURVE('',#724,#800,#461,.T.);
#968=EDGE_CURVE('',#801,#724,#462,.T.);
#969=EDGE_CURVE('',#800,#801,#463,.T.);
#970=EDGE_CURVE('',#802,#757,#464,.T.);
#971=EDGE_CURVE('',#803,#802,#465,.T.);
#972=EDGE_CURVE('',#757,#803,#466,.T.);
#973=EDGE_CURVE('',#794,#803,#467,.T.);
#974=EDGE_CURVE('',#802,#793,#468,.T.);
#975=EDGE_CURVE('',#804,#805,#469,.T.);
#976=EDGE_CURVE('',#806,#804,#470,.T.);
#977=EDGE_CURVE('',#805,#806,#471,.T.);
#978=EDGE_CURVE('',#723,#807,#472,.T.);
#979=EDGE_CURVE('',#808,#723,#473,.T.);
#980=EDGE_CURVE('',#807,#808,#474,.T.);
#981=EDGE_CURVE('',#809,#810,#475,.T.);
#982=EDGE_CURVE('',#758,#809,#476,.T.);
#983=EDGE_CURVE('',#810,#758,#477,.T.);
#984=EDGE_CURVE('',#764,#722,#478,.T.);
#985=EDGE_CURVE('',#811,#764,#479,.T.);
#986=EDGE_CURVE('',#722,#811,#480,.T.);
#987=EDGE_CURVE('',#812,#759,#481,.T.);
#988=EDGE_CURVE('',#763,#812,#482,.T.);
#989=EDGE_CURVE('',#759,#763,#483,.T.);
#990=EDGE_CURVE('',#812,#811,#484,.T.);
#991=EDGE_CURVE('',#809,#812,#485,.T.);
#992=EDGE_CURVE('',#811,#808,#486,.T.);
#993=EDGE_CURVE('',#803,#810,#487,.T.);
#994=EDGE_CURVE('',#810,#806,#488,.T.);
#995=EDGE_CURVE('',#804,#809,#489,.T.);
#996=EDGE_CURVE('',#796,#807,#490,.T.);
#997=EDGE_CURVE('',#808,#795,#491,.T.);
#998=EDGE_CURVE('',#807,#801,#492,.T.);
#999=EDGE_CURVE('',#806,#794,#493,.T.);
#1000=EDGE_CURVE('',#792,#805,#494,.T.);
#1001=EDGE_CURVE('',#813,#814,#495,.T.);
#1002=EDGE_CURVE('',#814,#804,#496,.T.);
#1003=EDGE_CURVE('',#805,#813,#497,.T.);
#1004=EDGE_CURVE('',#791,#802,#498,.T.);
#1005=EDGE_CURVE('',#801,#785,#499,.T.);
#1006=EDGE_CURVE('',#786,#800,#500,.T.);
#1007=EDGE_CURVE('',#800,#789,#501,.T.);
#1008=EDGE_CURVE('',#815,#816,#502,.T.);
#1009=EDGE_CURVE('',#816,#792,#503,.T.);
#1010=EDGE_CURVE('',#793,#815,#504,.T.);
#1011=EDGE_CURVE('',#779,#783,#505,.T.);
#1012=EDGE_CURVE('',#780,#781,#506,.T.);
#1013=EDGE_CURVE('',#782,#779,#507,.T.);
#1014=EDGE_CURVE('',#799,#787,#508,.T.);
#1015=EDGE_CURVE('',#817,#798,#509,.T.);
#1016=EDGE_CURVE('',#818,#817,#510,.T.);
#1017=EDGE_CURVE('',#788,#818,#511,.T.);
#1018=EDGE_CURVE('',#819,#819,#330,.T.);
#1019=EDGE_CURVE('',#814,#820,#512,.T.);
#1020=EDGE_CURVE('',#820,#773,#331,.T.);
#1021=EDGE_CURVE('',#767,#821,#513,.T.);
#1022=EDGE_CURVE('',#821,#817,#332,.T.);
#1023=EDGE_CURVE('',#822,#822,#15,.T.);
#1024=EDGE_CURVE('',#823,#770,#514,.T.);
#1025=EDGE_CURVE('',#821,#823,#515,.T.);
#1026=EDGE_CURVE('',#823,#818,#333,.F.);
#1027=EDGE_CURVE('',#824,#774,#334,.F.);
#1028=EDGE_CURVE('',#824,#815,#516,.T.);
#1029=EDGE_CURVE('',#789,#791,#517,.T.);
#1030=EDGE_CURVE('',#820,#824,#518,.T.);
#1031=EDGE_CURVE('',#825,#825,#335,.T.);
#1032=EDGE_CURVE('',#825,#819,#519,.T.);
#1033=EDGE_CURVE('',#826,#826,#336,.T.);
#1034=EDGE_CURVE('',#826,#827,#520,.T.);
#1035=EDGE_CURVE('',#827,#827,#337,.T.);
#1036=EDGE_CURVE('',#828,#827,#521,.T.);
#1037=EDGE_CURVE('',#829,#829,#338,.T.);
#1038=EDGE_CURVE('',#822,#829,#522,.T.);
#1039=EDGE_CURVE('',#816,#813,#523,.T.);
#1040=EDGE_CURVE('',#830,#830,#339,.T.);
#1041=EDGE_CURVE('',#831,#831,#340,.T.);
#1042=EDGE_CURVE('',#832,#832,#341,.T.);
#1043=EDGE_CURVE('',#833,#833,#342,.T.);
#1044=EDGE_CURVE('',#834,#834,#343,.T.);
#1045=EDGE_CURVE('',#834,#832,#524,.T.);
#1046=EDGE_CURVE('',#831,#834,#525,.T.);
#1047=EDGE_CURVE('',#835,#835,#344,.T.);
#1048=EDGE_CURVE('',#835,#833,#526,.T.);
#1049=EDGE_CURVE('',#830,#835,#527,.T.);
#1050=ORIENTED_EDGE('',*,*,#836,.T.);
#1051=ORIENTED_EDGE('',*,*,#837,.F.);
#1052=ORIENTED_EDGE('',*,*,#836,.F.);
#1053=ORIENTED_EDGE('',*,*,#838,.T.);
#1054=ORIENTED_EDGE('',*,*,#839,.T.);
#1055=ORIENTED_EDGE('',*,*,#840,.F.);
#1056=ORIENTED_EDGE('',*,*,#839,.F.);
#1057=ORIENTED_EDGE('',*,*,#838,.F.);
#1058=ORIENTED_EDGE('',*,*,#841,.T.);
#1059=ORIENTED_EDGE('',*,*,#837,.T.);
#1060=ORIENTED_EDGE('',*,*,#841,.F.);
#1061=ORIENTED_EDGE('',*,*,#842,.T.);
#1062=ORIENTED_EDGE('',*,*,#843,.T.);
#1063=ORIENTED_EDGE('',*,*,#844,.T.);
#1064=ORIENTED_EDGE('',*,*,#845,.T.);
#1065=ORIENTED_EDGE('',*,*,#845,.F.);
#1066=ORIENTED_EDGE('',*,*,#846,.F.);
#1067=ORIENTED_EDGE('',*,*,#847,.F.);
#1068=ORIENTED_EDGE('',*,*,#848,.F.);
#1069=ORIENTED_EDGE('',*,*,#849,.F.);
#1070=ORIENTED_EDGE('',*,*,#850,.F.);
#1071=ORIENTED_EDGE('',*,*,#851,.F.);
#1072=ORIENTED_EDGE('',*,*,#852,.F.);
#1073=ORIENTED_EDGE('',*,*,#853,.F.);
#1074=ORIENTED_EDGE('',*,*,#854,.F.);
#1075=ORIENTED_EDGE('',*,*,#855,.F.);
#1076=ORIENTED_EDGE('',*,*,#856,.T.);
#1077=ORIENTED_EDGE('',*,*,#840,.T.);
#1078=ORIENTED_EDGE('',*,*,#857,.F.);
#1079=ORIENTED_EDGE('',*,*,#858,.F.);
#1080=ORIENTED_EDGE('',*,*,#859,.T.);
#1081=ORIENTED_EDGE('',*,*,#860,.T.);
#1082=ORIENTED_EDGE('',*,*,#861,.T.);
#1083=ORIENTED_EDGE('',*,*,#862,.T.);
#1084=ORIENTED_EDGE('',*,*,#843,.F.);
#1085=ORIENTED_EDGE('',*,*,#863,.T.);
#1086=ORIENTED_EDGE('',*,*,#862,.F.);
#1087=ORIENTED_EDGE('',*,*,#864,.T.);
#1088=ORIENTED_EDGE('',*,*,#865,.F.);
#1089=ORIENTED_EDGE('',*,*,#866,.F.);
#1090=ORIENTED_EDGE('',*,*,#861,.F.);
#1091=ORIENTED_EDGE('',*,*,#867,.F.);
#1092=ORIENTED_EDGE('',*,*,#868,.F.);
#1093=ORIENTED_EDGE('',*,*,#869,.F.);
#1094=ORIENTED_EDGE('',*,*,#870,.F.);
#1095=ORIENTED_EDGE('',*,*,#864,.F.);
#1096=ORIENTED_EDGE('',*,*,#871,.T.);
#1097=ORIENTED_EDGE('',*,*,#847,.T.);
#1098=ORIENTED_EDGE('',*,*,#872,.T.);
#1099=ORIENTED_EDGE('',*,*,#873,.T.);
#1100=ORIENTED_EDGE('',*,*,#871,.F.);
#1101=ORIENTED_EDGE('',*,*,#874,.F.);
#1102=ORIENTED_EDGE('',*,*,#875,.F.);
#1103=ORIENTED_EDGE('',*,*,#876,.T.);
#1104=ORIENTED_EDGE('',*,*,#877,.F.);
#1105=ORIENTED_EDGE('',*,*,#848,.T.);
#1106=ORIENTED_EDGE('',*,*,#873,.F.);
#1107=ORIENTED_EDGE('',*,*,#878,.F.);
#1108=ORIENTED_EDGE('',*,*,#879,.F.);
#1109=ORIENTED_EDGE('',*,*,#880,.F.);
#1110=ORIENTED_EDGE('',*,*,#881,.F.);
#1111=ORIENTED_EDGE('',*,*,#874,.T.);
#1112=ORIENTED_EDGE('',*,*,#875,.T.);
#1113=ORIENTED_EDGE('',*,*,#881,.T.);
#1114=ORIENTED_EDGE('',*,*,#882,.T.);
#1115=ORIENTED_EDGE('',*,*,#883,.T.);
#1116=ORIENTED_EDGE('',*,*,#882,.F.);
#1117=ORIENTED_EDGE('',*,*,#880,.T.);
#1118=ORIENTED_EDGE('',*,*,#884,.F.);
#1119=ORIENTED_EDGE('',*,*,#885,.F.);
#1120=ORIENTED_EDGE('',*,*,#886,.F.);
#1121=ORIENTED_EDGE('',*,*,#887,.T.);
#1122=ORIENTED_EDGE('',*,*,#884,.T.);
#1123=ORIENTED_EDGE('',*,*,#879,.T.);
#1124=ORIENTED_EDGE('',*,*,#888,.T.);
#1125=ORIENTED_EDGE('',*,*,#889,.T.);
#1126=ORIENTED_EDGE('',*,*,#889,.F.);
#1127=ORIENTED_EDGE('',*,*,#890,.F.);
#1128=ORIENTED_EDGE('',*,*,#891,.F.);
#1129=ORIENTED_EDGE('',*,*,#869,.T.);
#1130=ORIENTED_EDGE('',*,*,#892,.F.);
#1131=ORIENTED_EDGE('',*,*,#893,.F.);
#1132=ORIENTED_EDGE('',*,*,#894,.F.);
#1133=ORIENTED_EDGE('',*,*,#895,.F.);
#1134=ORIENTED_EDGE('',*,*,#896,.F.);
#1135=ORIENTED_EDGE('',*,*,#897,.F.);
#1136=ORIENTED_EDGE('',*,*,#898,.F.);
#1137=ORIENTED_EDGE('',*,*,#885,.T.);
#1138=ORIENTED_EDGE('',*,*,#899,.F.);
#1139=ORIENTED_EDGE('',*,*,#900,.F.);
#1140=ORIENTED_EDGE('',*,*,#870,.T.);
#1141=ORIENTED_EDGE('',*,*,#891,.T.);
#1142=ORIENTED_EDGE('',*,*,#901,.T.);
#1143=ORIENTED_EDGE('',*,*,#865,.T.);
#1144=ORIENTED_EDGE('',*,*,#842,.F.);
#1145=ORIENTED_EDGE('',*,*,#856,.F.);
#1146=ORIENTED_EDGE('',*,*,#902,.F.);
#1147=ORIENTED_EDGE('',*,*,#903,.F.);
#1148=ORIENTED_EDGE('',*,*,#859,.F.);
#1149=ORIENTED_EDGE('',*,*,#863,.F.);
#1150=ORIENTED_EDGE('',*,*,#846,.T.);
#1151=ORIENTED_EDGE('',*,*,#844,.F.);
#1152=ORIENTED_EDGE('',*,*,#904,.T.);
#1153=ORIENTED_EDGE('',*,*,#872,.F.);
#1154=ORIENTED_EDGE('',*,*,#883,.F.);
#1155=ORIENTED_EDGE('',*,*,#887,.F.);
#1156=ORIENTED_EDGE('',*,*,#905,.F.);
#1157=ORIENTED_EDGE('',*,*,#906,.F.);
#1158=ORIENTED_EDGE('',*,*,#907,.F.);
#1159=ORIENTED_EDGE('',*,*,#876,.F.);
#1160=ORIENTED_EDGE('',*,*,#890,.T.);
#1161=ORIENTED_EDGE('',*,*,#888,.F.);
#1162=ORIENTED_EDGE('',*,*,#908,.T.);
#1163=ORIENTED_EDGE('',*,*,#901,.F.);
#1164=ORIENTED_EDGE('',*,*,#860,.F.);
#1165=ORIENTED_EDGE('',*,*,#903,.T.);
#1166=ORIENTED_EDGE('',*,*,#909,.F.);
#1167=ORIENTED_EDGE('',*,*,#910,.F.);
#1168=ORIENTED_EDGE('',*,*,#911,.F.);
#1169=ORIENTED_EDGE('',*,*,#867,.T.);
#1170=ORIENTED_EDGE('',*,*,#912,.T.);
#1171=ORIENTED_EDGE('',*,*,#913,.F.);
#1172=ORIENTED_EDGE('',*,*,#914,.T.);
#1173=ORIENTED_EDGE('',*,*,#915,.T.);
#1174=ORIENTED_EDGE('',*,*,#916,.T.);
#1175=ORIENTED_EDGE('',*,*,#917,.T.);
#1176=ORIENTED_EDGE('',*,*,#918,.T.);
#1177=ORIENTED_EDGE('',*,*,#913,.T.);
#1178=ORIENTED_EDGE('',*,*,#917,.F.);
#1179=ORIENTED_EDGE('',*,*,#919,.F.);
#1180=ORIENTED_EDGE('',*,*,#920,.F.);
#1181=ORIENTED_EDGE('',*,*,#921,.F.);
#1182=ORIENTED_EDGE('',*,*,#922,.T.);
#1183=ORIENTED_EDGE('',*,*,#923,.T.);
#1184=ORIENTED_EDGE('',*,*,#858,.T.);
#1185=ORIENTED_EDGE('',*,*,#923,.F.);
#1186=ORIENTED_EDGE('',*,*,#922,.F.);
#1187=ORIENTED_EDGE('',*,*,#924,.T.);
#1188=ORIENTED_EDGE('',*,*,#925,.F.);
#1189=ORIENTED_EDGE('',*,*,#924,.F.);
#1190=ORIENTED_EDGE('',*,*,#925,.T.);
#1191=ORIENTED_EDGE('',*,*,#926,.T.);
#1192=ORIENTED_EDGE('',*,*,#899,.T.);
#1193=ORIENTED_EDGE('',*,*,#926,.F.);
#1194=ORIENTED_EDGE('',*,*,#927,.T.);
#1195=ORIENTED_EDGE('',*,*,#928,.T.);
#1196=ORIENTED_EDGE('',*,*,#900,.T.);
#1197=ORIENTED_EDGE('',*,*,#928,.F.);
#1198=ORIENTED_EDGE('',*,*,#929,.F.);
#1199=ORIENTED_EDGE('',*,*,#930,.T.);
#1200=ORIENTED_EDGE('',*,*,#927,.F.);
#1201=ORIENTED_EDGE('',*,*,#930,.F.);
#1202=ORIENTED_EDGE('',*,*,#929,.T.);
#1203=ORIENTED_EDGE('',*,*,#931,.T.);
#1204=ORIENTED_EDGE('',*,*,#857,.T.);
#1205=ORIENTED_EDGE('',*,*,#931,.F.);
#1206=ORIENTED_EDGE('',*,*,#932,.F.);
#1207=ORIENTED_EDGE('',*,*,#933,.F.);
#1208=ORIENTED_EDGE('',*,*,#934,.F.);
#1209=ORIENTED_EDGE('',*,*,#935,.F.);
#1210=ORIENTED_EDGE('',*,*,#936,.F.);
#1211=ORIENTED_EDGE('',*,*,#937,.F.);
#1212=ORIENTED_EDGE('',*,*,#938,.F.);
#1213=ORIENTED_EDGE('',*,*,#939,.F.);
#1214=ORIENTED_EDGE('',*,*,#940,.F.);
#1215=ORIENTED_EDGE('',*,*,#941,.F.);
#1216=ORIENTED_EDGE('',*,*,#942,.F.);
#1217=ORIENTED_EDGE('',*,*,#943,.F.);
#1218=ORIENTED_EDGE('',*,*,#944,.T.);
#1219=ORIENTED_EDGE('',*,*,#945,.T.);
#1220=ORIENTED_EDGE('',*,*,#942,.T.);
#1221=ORIENTED_EDGE('',*,*,#946,.T.);
#1222=ORIENTED_EDGE('',*,*,#947,.T.);
#1223=ORIENTED_EDGE('',*,*,#934,.T.);
#1224=ORIENTED_EDGE('',*,*,#853,.T.);
#1225=ORIENTED_EDGE('',*,*,#948,.T.);
#1226=ORIENTED_EDGE('',*,*,#949,.F.);
#1227=ORIENTED_EDGE('',*,*,#950,.F.);
#1228=ORIENTED_EDGE('',*,*,#951,.F.);
#1229=ORIENTED_EDGE('',*,*,#950,.T.);
#1230=ORIENTED_EDGE('',*,*,#910,.T.);
#1231=ORIENTED_EDGE('',*,*,#938,.T.);
#1232=ORIENTED_EDGE('',*,*,#952,.T.);
#1233=ORIENTED_EDGE('',*,*,#937,.T.);
#1234=ORIENTED_EDGE('',*,*,#893,.T.);
#1235=ORIENTED_EDGE('',*,*,#951,.T.);
#1236=ORIENTED_EDGE('',*,*,#953,.T.);
#1237=ORIENTED_EDGE('',*,*,#894,.T.);
#1238=ORIENTED_EDGE('',*,*,#936,.T.);
#1239=ORIENTED_EDGE('',*,*,#954,.T.);
#1240=ORIENTED_EDGE('',*,*,#955,.T.);
#1241=ORIENTED_EDGE('',*,*,#956,.F.);
#1242=ORIENTED_EDGE('',*,*,#957,.F.);
#1243=ORIENTED_EDGE('',*,*,#958,.F.);
#1244=ORIENTED_EDGE('',*,*,#855,.T.);
#1245=ORIENTED_EDGE('',*,*,#939,.T.);
#1246=ORIENTED_EDGE('',*,*,#909,.T.);
#1247=ORIENTED_EDGE('',*,*,#902,.T.);
#1248=ORIENTED_EDGE('',*,*,#959,.F.);
#1249=ORIENTED_EDGE('',*,*,#960,.F.);
#1250=ORIENTED_EDGE('',*,*,#961,.F.);
#1251=ORIENTED_EDGE('',*,*,#962,.T.);
#1252=ORIENTED_EDGE('',*,*,#963,.T.);
#1253=ORIENTED_EDGE('',*,*,#960,.T.);
#1254=ORIENTED_EDGE('',*,*,#964,.T.);
#1255=ORIENTED_EDGE('',*,*,#941,.T.);
#1256=ORIENTED_EDGE('',*,*,#965,.T.);
#1257=ORIENTED_EDGE('',*,*,#961,.T.);
#1258=ORIENTED_EDGE('',*,*,#966,.T.);
#1259=ORIENTED_EDGE('',*,*,#967,.F.);
#1260=ORIENTED_EDGE('',*,*,#968,.F.);
#1261=ORIENTED_EDGE('',*,*,#969,.F.);
#1262=ORIENTED_EDGE('',*,*,#911,.T.);
#1263=ORIENTED_EDGE('',*,*,#949,.T.);
#1264=ORIENTED_EDGE('',*,*,#892,.T.);
#1265=ORIENTED_EDGE('',*,*,#868,.T.);
#1266=ORIENTED_EDGE('',*,*,#970,.F.);
#1267=ORIENTED_EDGE('',*,*,#971,.F.);
#1268=ORIENTED_EDGE('',*,*,#972,.F.);
#1269=ORIENTED_EDGE('',*,*,#958,.T.);
#1270=ORIENTED_EDGE('',*,*,#973,.T.);
#1271=ORIENTED_EDGE('',*,*,#971,.T.);
#1272=ORIENTED_EDGE('',*,*,#974,.T.);
#1273=ORIENTED_EDGE('',*,*,#975,.F.);
#1274=ORIENTED_EDGE('',*,*,#976,.F.);
#1275=ORIENTED_EDGE('',*,*,#977,.F.);
#1276=ORIENTED_EDGE('',*,*,#978,.F.);
#1277=ORIENTED_EDGE('',*,*,#979,.F.);
#1278=ORIENTED_EDGE('',*,*,#980,.F.);
#1279=ORIENTED_EDGE('',*,*,#981,.F.);
#1280=ORIENTED_EDGE('',*,*,#982,.F.);
#1281=ORIENTED_EDGE('',*,*,#983,.F.);
#1282=ORIENTED_EDGE('',*,*,#984,.F.);
#1283=ORIENTED_EDGE('',*,*,#985,.F.);
#1284=ORIENTED_EDGE('',*,*,#986,.F.);
#1285=ORIENTED_EDGE('',*,*,#987,.F.);
#1286=ORIENTED_EDGE('',*,*,#988,.F.);
#1287=ORIENTED_EDGE('',*,*,#989,.F.);
#1288=ORIENTED_EDGE('',*,*,#988,.T.);
#1289=ORIENTED_EDGE('',*,*,#990,.T.);
#1290=ORIENTED_EDGE('',*,*,#985,.T.);
#1291=ORIENTED_EDGE('',*,*,#906,.T.);
#1292=ORIENTED_EDGE('',*,*,#907,.T.);
#1293=ORIENTED_EDGE('',*,*,#984,.T.);
#1294=ORIENTED_EDGE('',*,*,#849,.T.);
#1295=ORIENTED_EDGE('',*,*,#877,.T.);
#1296=ORIENTED_EDGE('',*,*,#898,.T.);
#1297=ORIENTED_EDGE('',*,*,#989,.T.);
#1298=ORIENTED_EDGE('',*,*,#905,.T.);
#1299=ORIENTED_EDGE('',*,*,#886,.T.);
#1300=ORIENTED_EDGE('',*,*,#987,.T.);
#1301=ORIENTED_EDGE('',*,*,#897,.T.);
#1302=ORIENTED_EDGE('',*,*,#982,.T.);
#1303=ORIENTED_EDGE('',*,*,#991,.T.);
#1304=ORIENTED_EDGE('',*,*,#986,.T.);
#1305=ORIENTED_EDGE('',*,*,#992,.T.);
#1306=ORIENTED_EDGE('',*,*,#979,.T.);
#1307=ORIENTED_EDGE('',*,*,#850,.T.);
#1308=ORIENTED_EDGE('',*,*,#972,.T.);
#1309=ORIENTED_EDGE('',*,*,#993,.T.);
#1310=ORIENTED_EDGE('',*,*,#983,.T.);
#1311=ORIENTED_EDGE('',*,*,#896,.T.);
#1312=ORIENTED_EDGE('',*,*,#981,.T.);
#1313=ORIENTED_EDGE('',*,*,#994,.T.);
#1314=ORIENTED_EDGE('',*,*,#976,.T.);
#1315=ORIENTED_EDGE('',*,*,#995,.T.);
#1316=ORIENTED_EDGE('',*,*,#959,.T.);
#1317=ORIENTED_EDGE('',*,*,#996,.T.);
#1318=ORIENTED_EDGE('',*,*,#980,.T.);
#1319=ORIENTED_EDGE('',*,*,#997,.T.);
#1320=ORIENTED_EDGE('',*,*,#978,.T.);
#1321=ORIENTED_EDGE('',*,*,#998,.T.);
#1322=ORIENTED_EDGE('',*,*,#968,.T.);
#1323=ORIENTED_EDGE('',*,*,#851,.T.);
#1324=ORIENTED_EDGE('',*,*,#977,.T.);
#1325=ORIENTED_EDGE('',*,*,#999,.T.);
#1326=ORIENTED_EDGE('',*,*,#957,.T.);
#1327=ORIENTED_EDGE('',*,*,#1000,.T.);
#1328=ORIENTED_EDGE('',*,*,#1001,.T.);
#1329=ORIENTED_EDGE('',*,*,#1002,.T.);
#1330=ORIENTED_EDGE('',*,*,#975,.T.);
#1331=ORIENTED_EDGE('',*,*,#1003,.T.);
#1332=ORIENTED_EDGE('',*,*,#1004,.T.);
#1333=ORIENTED_EDGE('',*,*,#970,.T.);
#1334=ORIENTED_EDGE('',*,*,#895,.T.);
#1335=ORIENTED_EDGE('',*,*,#955,.F.);
#1336=ORIENTED_EDGE('',*,*,#969,.T.);
#1337=ORIENTED_EDGE('',*,*,#1005,.T.);
#1338=ORIENTED_EDGE('',*,*,#943,.T.);
#1339=ORIENTED_EDGE('',*,*,#1006,.T.);
#1340=ORIENTED_EDGE('',*,*,#852,.T.);
#1341=ORIENTED_EDGE('',*,*,#967,.T.);
#1342=ORIENTED_EDGE('',*,*,#1007,.T.);
#1343=ORIENTED_EDGE('',*,*,#948,.F.);
#1344=ORIENTED_EDGE('',*,*,#1008,.T.);
#1345=ORIENTED_EDGE('',*,*,#1009,.T.);
#1346=ORIENTED_EDGE('',*,*,#956,.T.);
#1347=ORIENTED_EDGE('',*,*,#1010,.T.);
#1348=ORIENTED_EDGE('',*,*,#940,.T.);
#1349=ORIENTED_EDGE('',*,*,#854,.T.);
#1350=ORIENTED_EDGE('',*,*,#933,.T.);
#1351=ORIENTED_EDGE('',*,*,#1011,.T.);
#1352=ORIENTED_EDGE('',*,*,#932,.T.);
#1353=ORIENTED_EDGE('',*,*,#1012,.T.);
#1354=ORIENTED_EDGE('',*,*,#935,.T.);
#1355=ORIENTED_EDGE('',*,*,#1013,.T.);
#1356=ORIENTED_EDGE('',*,*,#946,.F.);
#1357=ORIENTED_EDGE('',*,*,#966,.F.);
#1358=ORIENTED_EDGE('',*,*,#963,.F.);
#1359=ORIENTED_EDGE('',*,*,#1014,.T.);
#1360=ORIENTED_EDGE('',*,*,#944,.F.);
#1361=ORIENTED_EDGE('',*,*,#1014,.F.);
#1362=ORIENTED_EDGE('',*,*,#962,.F.);
#1363=ORIENTED_EDGE('',*,*,#1015,.F.);
#1364=ORIENTED_EDGE('',*,*,#1016,.F.);
#1365=ORIENTED_EDGE('',*,*,#1017,.F.);
#1366=ORIENTED_EDGE('',*,*,#1018,.T.);
#1367=ORIENTED_EDGE('',*,*,#964,.F.);
#1368=ORIENTED_EDGE('',*,*,#997,.F.);
#1369=ORIENTED_EDGE('',*,*,#992,.F.);
#1370=ORIENTED_EDGE('',*,*,#990,.F.);
#1371=ORIENTED_EDGE('',*,*,#991,.F.);
#1372=ORIENTED_EDGE('',*,*,#995,.F.);
#1373=ORIENTED_EDGE('',*,*,#1002,.F.);
#1374=ORIENTED_EDGE('',*,*,#1019,.T.);
#1375=ORIENTED_EDGE('',*,*,#1020,.T.);
#1376=ORIENTED_EDGE('',*,*,#919,.T.);
#1377=ORIENTED_EDGE('',*,*,#916,.F.);
#1378=ORIENTED_EDGE('',*,*,#912,.F.);
#1379=ORIENTED_EDGE('',*,*,#1021,.T.);
#1380=ORIENTED_EDGE('',*,*,#1022,.T.);
#1381=ORIENTED_EDGE('',*,*,#1015,.T.);
#1382=ORIENTED_EDGE('',*,*,#952,.F.);
#1383=ORIENTED_EDGE('',*,*,#1011,.F.);
#1384=ORIENTED_EDGE('',*,*,#1013,.F.);
#1385=ORIENTED_EDGE('',*,*,#953,.F.);
#1386=ORIENTED_EDGE('',*,*,#965,.F.);
#1387=ORIENTED_EDGE('',*,*,#1005,.F.);
#1388=ORIENTED_EDGE('',*,*,#998,.F.);
#1389=ORIENTED_EDGE('',*,*,#996,.F.);
#1390=ORIENTED_EDGE('',*,*,#1023,.T.);
#1391=ORIENTED_EDGE('',*,*,#973,.F.);
#1392=ORIENTED_EDGE('',*,*,#999,.F.);
#1393=ORIENTED_EDGE('',*,*,#994,.F.);
#1394=ORIENTED_EDGE('',*,*,#993,.F.);
#1395=ORIENTED_EDGE('',*,*,#915,.F.);
#1396=ORIENTED_EDGE('',*,*,#1024,.F.);
#1397=ORIENTED_EDGE('',*,*,#1025,.F.);
#1398=ORIENTED_EDGE('',*,*,#1021,.F.);
#1399=ORIENTED_EDGE('',*,*,#945,.F.);
#1400=ORIENTED_EDGE('',*,*,#1017,.T.);
#1401=ORIENTED_EDGE('',*,*,#1026,.F.);
#1402=ORIENTED_EDGE('',*,*,#1024,.T.);
#1403=ORIENTED_EDGE('',*,*,#914,.F.);
#1404=ORIENTED_EDGE('',*,*,#918,.F.);
#1405=ORIENTED_EDGE('',*,*,#921,.T.);
#1406=ORIENTED_EDGE('',*,*,#1027,.F.);
#1407=ORIENTED_EDGE('',*,*,#1028,.T.);
#1408=ORIENTED_EDGE('',*,*,#1010,.F.);
#1409=ORIENTED_EDGE('',*,*,#974,.F.);
#1410=ORIENTED_EDGE('',*,*,#1004,.F.);
#1411=ORIENTED_EDGE('',*,*,#1029,.F.);
#1412=ORIENTED_EDGE('',*,*,#1007,.F.);
#1413=ORIENTED_EDGE('',*,*,#1006,.F.);
#1414=ORIENTED_EDGE('',*,*,#920,.T.);
#1415=ORIENTED_EDGE('',*,*,#1020,.F.);
#1416=ORIENTED_EDGE('',*,*,#1030,.T.);
#1417=ORIENTED_EDGE('',*,*,#1027,.T.);
#1418=ORIENTED_EDGE('',*,*,#1031,.F.);
#1419=ORIENTED_EDGE('',*,*,#1032,.T.);
#1420=ORIENTED_EDGE('',*,*,#1018,.F.);
#1421=ORIENTED_EDGE('',*,*,#1032,.F.);
#1422=ORIENTED_EDGE('',*,*,#1033,.F.);
#1423=ORIENTED_EDGE('',*,*,#1034,.T.);
#1424=ORIENTED_EDGE('',*,*,#1035,.T.);
#1425=ORIENTED_EDGE('',*,*,#1034,.F.);
#1426=ORIENTED_EDGE('',*,*,#1036,.T.);
#1427=ORIENTED_EDGE('',*,*,#1035,.F.);
#1428=ORIENTED_EDGE('',*,*,#1036,.F.);
#1429=ORIENTED_EDGE('',*,*,#1037,.F.);
#1430=ORIENTED_EDGE('',*,*,#1031,.T.);
#1431=ORIENTED_EDGE('',*,*,#1023,.F.);
#1432=ORIENTED_EDGE('',*,*,#1038,.T.);
#1433=ORIENTED_EDGE('',*,*,#1037,.T.);
#1434=ORIENTED_EDGE('',*,*,#1038,.F.);
#1435=ORIENTED_EDGE('',*,*,#1008,.F.);
#1436=ORIENTED_EDGE('',*,*,#1028,.F.);
#1437=ORIENTED_EDGE('',*,*,#1030,.F.);
#1438=ORIENTED_EDGE('',*,*,#1019,.F.);
#1439=ORIENTED_EDGE('',*,*,#1001,.F.);
#1440=ORIENTED_EDGE('',*,*,#1039,.F.);
#1441=ORIENTED_EDGE('',*,*,#1033,.T.);
#1442=ORIENTED_EDGE('',*,*,#1025,.T.);
#1443=ORIENTED_EDGE('',*,*,#1026,.T.);
#1444=ORIENTED_EDGE('',*,*,#1016,.T.);
#1445=ORIENTED_EDGE('',*,*,#1022,.F.);
#1446=ORIENTED_EDGE('',*,*,#908,.F.);
#1447=ORIENTED_EDGE('',*,*,#878,.T.);
#1448=ORIENTED_EDGE('',*,*,#904,.F.);
#1449=ORIENTED_EDGE('',*,*,#866,.T.);
#1450=ORIENTED_EDGE('',*,*,#1040,.T.);
#1451=ORIENTED_EDGE('',*,*,#1041,.T.);
#1452=ORIENTED_EDGE('',*,*,#947,.F.);
#1453=ORIENTED_EDGE('',*,*,#1029,.T.);
#1454=ORIENTED_EDGE('',*,*,#954,.F.);
#1455=ORIENTED_EDGE('',*,*,#1012,.F.);
#1456=ORIENTED_EDGE('',*,*,#1042,.F.);
#1457=ORIENTED_EDGE('',*,*,#1043,.F.);
#1458=ORIENTED_EDGE('',*,*,#1009,.F.);
#1459=ORIENTED_EDGE('',*,*,#1039,.T.);
#1460=ORIENTED_EDGE('',*,*,#1003,.F.);
#1461=ORIENTED_EDGE('',*,*,#1000,.F.);
#1462=ORIENTED_EDGE('',*,*,#1044,.T.);
#1463=ORIENTED_EDGE('',*,*,#1045,.T.);
#1464=ORIENTED_EDGE('',*,*,#1042,.T.);
#1465=ORIENTED_EDGE('',*,*,#1045,.F.);
#1466=ORIENTED_EDGE('',*,*,#1041,.F.);
#1467=ORIENTED_EDGE('',*,*,#1046,.T.);
#1468=ORIENTED_EDGE('',*,*,#1044,.F.);
#1469=ORIENTED_EDGE('',*,*,#1046,.F.);
#1470=ORIENTED_EDGE('',*,*,#1047,.T.);
#1471=ORIENTED_EDGE('',*,*,#1048,.T.);
#1472=ORIENTED_EDGE('',*,*,#1043,.T.);
#1473=ORIENTED_EDGE('',*,*,#1048,.F.);
#1474=ORIENTED_EDGE('',*,*,#1040,.F.);
#1475=ORIENTED_EDGE('',*,*,#1049,.T.);
#1476=ORIENTED_EDGE('',*,*,#1047,.F.);
#1477=ORIENTED_EDGE('',*,*,#1049,.F.);
#1478=CONICAL_SURFACE('',#1595,0.63225,1.02974425867665);
#1479=CONICAL_SURFACE('',#1597,1.32775,0.785398163397448);
#1480=CONICAL_SURFACE('',#1630,7.165,0.785398163397448);
#1481=CONICAL_SURFACE('',#1634,7.165,0.785398163397448);
#1482=CONICAL_SURFACE('',#1635,7.165,0.785398163397448);
#1483=CONICAL_SURFACE('',#1639,7.165,0.785398163397448);
#1484=CONICAL_SURFACE('',#1701,0.833,1.02974425867665);
#1485=CONICAL_SURFACE('',#1714,4.15,0.785398163397448);
#1486=CONICAL_SURFACE('',#1717,4.15,0.785398163397448);
#1487=ADVANCED_FACE('',(#114),#1478,.F.);
#1488=ADVANCED_FACE('',(#115),#1479,.F.);
#1489=ADVANCED_FACE('',(#116),#102,.F.);
#1490=ADVANCED_FACE('',(#117),#29,.T.);
#1491=ADVANCED_FACE('',(#118,#16,#17,#18),#30,.T.);
#1492=ADVANCED_FACE('',(#119),#31,.T.);
#1493=ADVANCED_FACE('',(#120),#32,.T.);
#1494=ADVANCED_FACE('',(#121),#33,.T.);
#1495=ADVANCED_FACE('',(#122),#34,.T.);
#1496=ADVANCED_FACE('',(#123),#35,.T.);
#1497=ADVANCED_FACE('',(#124),#36,.F.);
#1498=ADVANCED_FACE('',(#125),#37,.T.);
#1499=ADVANCED_FACE('',(#126),#38,.T.);
#1500=ADVANCED_FACE('',(#127),#39,.T.);
#1501=ADVANCED_FACE('',(#128,#19,#20),#40,.T.);
#1502=ADVANCED_FACE('',(#129),#41,.T.);
#1503=ADVANCED_FACE('',(#130),#42,.T.);
#1504=ADVANCED_FACE('',(#131),#43,.T.);
#1505=ADVANCED_FACE('',(#132),#44,.F.);
#1506=ADVANCED_FACE('',(#133),#45,.T.);
#1507=ADVANCED_FACE('',(#134),#46,.F.);
#1508=ADVANCED_FACE('',(#135),#103,.F.);
#1509=ADVANCED_FACE('',(#136),#104,.F.);
#1510=ADVANCED_FACE('',(#137),#47,.F.);
#1511=ADVANCED_FACE('',(#138),#1480,.F.);
#1512=ADVANCED_FACE('',(#139),#105,.F.);
#1513=ADVANCED_FACE('',(#140),#1481,.F.);
#1514=ADVANCED_FACE('',(#141),#1482,.F.);
#1515=ADVANCED_FACE('',(#142),#106,.F.);
#1516=ADVANCED_FACE('',(#143),#1483,.F.);
#1517=ADVANCED_FACE('',(#144),#48,.T.);
#1518=ADVANCED_FACE('',(#145),#49,.T.);
#1519=ADVANCED_FACE('',(#146),#50,.T.);
#1520=ADVANCED_FACE('',(#147),#51,.T.);
#1521=ADVANCED_FACE('',(#148),#52,.T.);
#1522=ADVANCED_FACE('',(#149),#53,.T.);
#1523=ADVANCED_FACE('',(#150),#54,.T.);
#1524=ADVANCED_FACE('',(#151),#55,.T.);
#1525=ADVANCED_FACE('',(#152),#56,.T.);
#1526=ADVANCED_FACE('',(#153),#57,.T.);
#1527=ADVANCED_FACE('',(#154),#58,.T.);
#1528=ADVANCED_FACE('',(#155),#59,.T.);
#1529=ADVANCED_FACE('',(#156),#60,.T.);
#1530=ADVANCED_FACE('',(#157),#61,.T.);
#1531=ADVANCED_FACE('',(#158),#62,.T.);
#1532=ADVANCED_FACE('',(#159),#63,.T.);
#1533=ADVANCED_FACE('',(#160),#64,.T.);
#1534=ADVANCED_FACE('',(#161),#65,.T.);
#1535=ADVANCED_FACE('',(#162),#66,.T.);
#1536=ADVANCED_FACE('',(#163),#67,.T.);
#1537=ADVANCED_FACE('',(#164),#68,.T.);
#1538=ADVANCED_FACE('',(#165),#69,.T.);
#1539=ADVANCED_FACE('',(#166),#70,.T.);
#1540=ADVANCED_FACE('',(#167),#71,.T.);
#1541=ADVANCED_FACE('',(#168),#72,.T.);
#1542=ADVANCED_FACE('',(#169),#73,.T.);
#1543=ADVANCED_FACE('',(#170),#74,.T.);
#1544=ADVANCED_FACE('',(#171),#75,.T.);
#1545=ADVANCED_FACE('',(#172),#76,.T.);
#1546=ADVANCED_FACE('',(#173),#77,.T.);
#1547=ADVANCED_FACE('',(#174),#78,.T.);
#1548=ADVANCED_FACE('',(#175),#79,.T.);
#1549=ADVANCED_FACE('',(#176),#80,.T.);
#1550=ADVANCED_FACE('',(#177),#81,.T.);
#1551=ADVANCED_FACE('',(#178),#82,.T.);
#1552=ADVANCED_FACE('',(#179),#83,.T.);
#1553=ADVANCED_FACE('',(#180),#84,.T.);
#1554=ADVANCED_FACE('',(#181),#85,.T.);
#1555=ADVANCED_FACE('',(#182),#86,.T.);
#1556=ADVANCED_FACE('',(#183),#87,.T.);
#1557=ADVANCED_FACE('',(#184),#88,.T.);
#1558=ADVANCED_FACE('',(#185),#89,.T.);
#1559=ADVANCED_FACE('',(#186,#21),#90,.F.);
#1560=ADVANCED_FACE('',(#187),#91,.T.);
#1561=ADVANCED_FACE('',(#188),#92,.F.);
#1562=ADVANCED_FACE('',(#189,#22),#93,.T.);
#1563=ADVANCED_FACE('',(#190),#94,.T.);
#1564=ADVANCED_FACE('',(#191),#95,.F.);
#1565=ADVANCED_FACE('',(#192),#96,.T.);
#1566=ADVANCED_FACE('',(#193),#107,.F.);
#1567=ADVANCED_FACE('',(#194),#108,.F.);
#1568=ADVANCED_FACE('',(#195),#109,.F.);
#1569=ADVANCED_FACE('',(#196),#1484,.F.);
#1570=ADVANCED_FACE('',(#197,#23),#97,.F.);
#1571=ADVANCED_FACE('',(#198),#110,.F.);
#1572=ADVANCED_FACE('',(#199,#24),#98,.F.);
#1573=ADVANCED_FACE('',(#200),#111,.F.);
#1574=ADVANCED_FACE('',(#201,#25,#26),#99,.F.);
#1575=ADVANCED_FACE('',(#202,#27,#28),#100,.F.);
#1576=ADVANCED_FACE('',(#203),#101,.T.);
#1577=ADVANCED_FACE('',(#204),#1485,.F.);
#1578=ADVANCED_FACE('',(#205),#112,.F.);
#1579=ADVANCED_FACE('',(#206),#1486,.F.);
#1580=ADVANCED_FACE('',(#207),#113,.F.);
#1581=CLOSED_SHELL('',(#1487,#1488,#1489,#1490,#1491,#1492,#1493,#1494,
#1495,#1496,#1497,#1498,#1499,#1500,#1501,#1502,#1503,#1504,#1505,#1506,
#1507,#1508,#1509,#1510,#1511,#1512,#1513,#1514,#1515,#1516,#1517,#1518,
#1519,#1520,#1521,#1522,#1523,#1524,#1525,#1526,#1527,#1528,#1529,#1530,
#1531,#1532,#1533,#1534,#1535,#1536,#1537,#1538,#1539,#1540,#1541,#1542,
#1543,#1544,#1545,#1546,#1547,#1548,#1549,#1550,#1551,#1552,#1553,#1554,
#1555,#1556,#1557,#1558,#1559,#1560,#1561,#1562,#1563,#1564,#1565,#1566,
#1567,#1568,#1569,#1570,#1571,#1572,#1573,#1574,#1575,#1576,#1577,#1578,
#1579,#1580));
#1582=DERIVED_UNIT_ELEMENT(#1584,1.);
#1583=DERIVED_UNIT_ELEMENT(#2594,-3.);
#1584=(
MASS_UNIT()
NAMED_UNIT(*)
SI_UNIT(.KILO.,.GRAM.)
);
#1585=DERIVED_UNIT((#1582,#1583));
#1586=MEASURE_REPRESENTATION_ITEM('density measure',
POSITIVE_RATIO_MEASURE(7850.),#1585);
#1587=PROPERTY_DEFINITION_REPRESENTATION(#1592,#1589);
#1588=PROPERTY_DEFINITION_REPRESENTATION(#1593,#1590);
#1589=REPRESENTATION('material name',(#1591),#2591);
#1590=REPRESENTATION('density',(#1586),#2591);
#1591=DESCRIPTIVE_REPRESENTATION_ITEM('Stahl','Stahl');
#1592=PROPERTY_DEFINITION('material property','material name',#2601);
#1593=PROPERTY_DEFINITION('material property','density of part',#2601);
#1594=AXIS2_PLACEMENT_3D('',#2155,#1720,#1721);
#1595=AXIS2_PLACEMENT_3D('',#2156,#1722,#1723);
#1596=AXIS2_PLACEMENT_3D('',#2160,#1725,#1726);
#1597=AXIS2_PLACEMENT_3D('',#2161,#1727,#1728);
#1598=AXIS2_PLACEMENT_3D('',#2163,#1729,#1730);
#1599=AXIS2_PLACEMENT_3D('',#2166,#1732,#1733);
#1600=AXIS2_PLACEMENT_3D('',#2167,#1734,#1735);
#1601=AXIS2_PLACEMENT_3D('',#2169,#1737,#1738);
#1602=AXIS2_PLACEMENT_3D('',#2178,#1743,#1744);
#1603=AXIS2_PLACEMENT_3D('',#2201,#1756,#1757);
#1604=AXIS2_PLACEMENT_3D('',#2203,#1758,#1759);
#1605=AXIS2_PLACEMENT_3D('',#2204,#1760,#1761);
#1606=AXIS2_PLACEMENT_3D('',#2213,#1766,#1767);
#1607=AXIS2_PLACEMENT_3D('',#2220,#1772,#1773);
#1608=AXIS2_PLACEMENT_3D('',#2228,#1778,#1779);
#1609=AXIS2_PLACEMENT_3D('',#2234,#1783,#1784);
#1610=AXIS2_PLACEMENT_3D('',#2242,#1789,#1790);
#1611=AXIS2_PLACEMENT_3D('',#2250,#1795,#1796);
#1612=AXIS2_PLACEMENT_3D('',#2254,#1799,#1800);
#1613=AXIS2_PLACEMENT_3D('',#2262,#1805,#1806);
#1614=AXIS2_PLACEMENT_3D('',#2266,#1809,#1810);
#1615=AXIS2_PLACEMENT_3D('',#2284,#1820,#1821);
#1616=AXIS2_PLACEMENT_3D('',#2286,#1822,#1823);
#1617=AXIS2_PLACEMENT_3D('',#2287,#1824,#1825);
#1618=AXIS2_PLACEMENT_3D('',#2289,#1827,#1828);
#1619=AXIS2_PLACEMENT_3D('',#2293,#1831,#1832);
#1620=AXIS2_PLACEMENT_3D('',#2295,#1834,#1835);
#1621=AXIS2_PLACEMENT_3D('',#2301,#1839,#1840);
#1622=AXIS2_PLACEMENT_3D('',#2303,#1842,#1843);
#1623=AXIS2_PLACEMENT_3D('',#2309,#1847,#1848);
#1624=AXIS2_PLACEMENT_3D('',#2312,#1849,#1850);
#1625=AXIS2_PLACEMENT_3D('',#2316,#1852,#1853);
#1626=AXIS2_PLACEMENT_3D('',#2318,#1855,#1856);
#1627=AXIS2_PLACEMENT_3D('',#2320,#1857,#1858);
#1628=AXIS2_PLACEMENT_3D('',#2323,#1860,#1861);
#1629=AXIS2_PLACEMENT_3D('',#2324,#1862,#1863);
#1630=AXIS2_PLACEMENT_3D('',#2330,#1867,#1868);
#1631=AXIS2_PLACEMENT_3D('',#2332,#1869,#1870);
#1632=AXIS2_PLACEMENT_3D('',#2334,#1872,#1873);
#1633=AXIS2_PLACEMENT_3D('',#2337,#1875,#1876);
#1634=AXIS2_PLACEMENT_3D('',#2338,#1877,#1878);
#1635=AXIS2_PLACEMENT_3D('',#2340,#1880,#1881);
#1636=AXIS2_PLACEMENT_3D('',#2342,#1882,#1883);
#1637=AXIS2_PLACEMENT_3D('',#2344,#1885,#1886);
#1638=AXIS2_PLACEMENT_3D('',#2346,#1887,#1888);
#1639=AXIS2_PLACEMENT_3D('',#2348,#1890,#1891);
#1640=AXIS2_PLACEMENT_3D('',#2350,#1893,#1894);
#1641=AXIS2_PLACEMENT_3D('',#2356,#1898,#1899);
#1642=AXIS2_PLACEMENT_3D('',#2362,#1903,#1904);
#1643=AXIS2_PLACEMENT_3D('',#2367,#1908,#1909);
#1644=AXIS2_PLACEMENT_3D('',#2374,#1913,#1914);
#1645=AXIS2_PLACEMENT_3D('',#2380,#1918,#1919);
#1646=AXIS2_PLACEMENT_3D('',#2384,#1922,#1923);
#1647=AXIS2_PLACEMENT_3D('',#2389,#1927,#1928);
#1648=AXIS2_PLACEMENT_3D('',#2391,#1930,#1931);
#1649=AXIS2_PLACEMENT_3D('',#2393,#1933,#1934);
#1650=AXIS2_PLACEMENT_3D('',#2397,#1937,#1938);
#1651=AXIS2_PLACEMENT_3D('',#2404,#1942,#1943);
#1652=AXIS2_PLACEMENT_3D('',#2405,#1944,#1945);
#1653=AXIS2_PLACEMENT_3D('',#2412,#1949,#1950);
#1654=AXIS2_PLACEMENT_3D('',#2418,#1954,#1955);
#1655=AXIS2_PLACEMENT_3D('',#2421,#1958,#1959);
#1656=AXIS2_PLACEMENT_3D('',#2427,#1963,#1964);
#1657=AXIS2_PLACEMENT_3D('',#2428,#1965,#1966);
#1658=AXIS2_PLACEMENT_3D('',#2434,#1970,#1971);
#1659=AXIS2_PLACEMENT_3D('',#2437,#1974,#1975);
#1660=AXIS2_PLACEMENT_3D('',#2444,#1979,#1980);
#1661=AXIS2_PLACEMENT_3D('',#2450,#1984,#1985);
#1662=AXIS2_PLACEMENT_3D('',#2456,#1989,#1990);
#1663=AXIS2_PLACEMENT_3D('',#2461,#1994,#1995);
#1664=AXIS2_PLACEMENT_3D('',#2466,#1999,#2000);
#1665=AXIS2_PLACEMENT_3D('',#2468,#2002,#2003);
#1666=AXIS2_PLACEMENT_3D('',#2469,#2004,#2005);
#1667=AXIS2_PLACEMENT_3D('',#2470,#2006,#2007);
#1668=AXIS2_PLACEMENT_3D('',#2472,#2009,#2010);
#1669=AXIS2_PLACEMENT_3D('',#2474,#2012,#2013);
#1670=AXIS2_PLACEMENT_3D('',#2476,#2015,#2016);
#1671=AXIS2_PLACEMENT_3D('',#2479,#2019,#2020);
#1672=AXIS2_PLACEMENT_3D('',#2482,#2023,#2024);
#1673=AXIS2_PLACEMENT_3D('',#2484,#2026,#2027);
#1674=AXIS2_PLACEMENT_3D('',#2487,#2030,#2031);
#1675=AXIS2_PLACEMENT_3D('',#2493,#2035,#2036);
#1676=AXIS2_PLACEMENT_3D('',#2495,#2038,#2039);
#1677=AXIS2_PLACEMENT_3D('',#2498,#2042,#2043);
#1678=AXIS2_PLACEMENT_3D('',#2500,#2045,#2046);
#1679=AXIS2_PLACEMENT_3D('',#2506,#2050,#2051);
#1680=AXIS2_PLACEMENT_3D('',#2508,#2053,#2054);
#1681=AXIS2_PLACEMENT_3D('',#2511,#2057,#2058);
#1682=AXIS2_PLACEMENT_3D('',#2513,#2060,#2061);
#1683=AXIS2_PLACEMENT_3D('',#2520,#2065,#2066);
#1684=AXIS2_PLACEMENT_3D('',#2521,#2067,#2068);
#1685=AXIS2_PLACEMENT_3D('',#2524,#2070,#2071);
#1686=AXIS2_PLACEMENT_3D('',#2527,#2073,#2074);
#1687=AXIS2_PLACEMENT_3D('',#2528,#2075,#2076);
#1688=AXIS2_PLACEMENT_3D('',#2529,#2077,#2078);
#1689=AXIS2_PLACEMENT_3D('',#2531,#2079,#2080);
#1690=AXIS2_PLACEMENT_3D('',#2532,#2081,#2082);
#1691=AXIS2_PLACEMENT_3D('',#2533,#2083,#2084);
#1692=AXIS2_PLACEMENT_3D('',#2537,#2087,#2088);
#1693=AXIS2_PLACEMENT_3D('',#2538,#2089,#2090);
#1694=AXIS2_PLACEMENT_3D('',#2540,#2091,#2092);
#1695=AXIS2_PLACEMENT_3D('',#2543,#2095,#2096);
#1696=AXIS2_PLACEMENT_3D('',#2545,#2098,#2099);
#1697=AXIS2_PLACEMENT_3D('',#2547,#2100,#2101);
#1698=AXIS2_PLACEMENT_3D('',#2549,#2103,#2104);
#1699=AXIS2_PLACEMENT_3D('',#2551,#2105,#2106);
#1700=AXIS2_PLACEMENT_3D('',#2554,#2108,#2109);
#1701=AXIS2_PLACEMENT_3D('',#2555,#2110,#2111);
#1702=AXIS2_PLACEMENT_3D('',#2558,#2113,#2114);
#1703=AXIS2_PLACEMENT_3D('',#2560,#2115,#2116);
#1704=AXIS2_PLACEMENT_3D('',#2561,#2117,#2118);
#1705=AXIS2_PLACEMENT_3D('',#2563,#2120,#2121);
#1706=AXIS2_PLACEMENT_3D('',#2565,#2123,#2124);
#1707=AXIS2_PLACEMENT_3D('',#2566,#2125,#2126);
#1708=AXIS2_PLACEMENT_3D('',#2568,#2127,#2128);
#1709=AXIS2_PLACEMENT_3D('',#2570,#2129,#2130);
#1710=AXIS2_PLACEMENT_3D('',#2571,#2131,#2132);
#1711=AXIS2_PLACEMENT_3D('',#2573,#2133,#2134);
#1712=AXIS2_PLACEMENT_3D('',#2575,#2135,#2136);
#1713=AXIS2_PLACEMENT_3D('',#2576,#2137,#2138);
#1714=AXIS2_PLACEMENT_3D('',#2577,#2139,#2140);
#1715=AXIS2_PLACEMENT_3D('',#2579,#2141,#2142);
#1716=AXIS2_PLACEMENT_3D('',#2581,#2144,#2145);
#1717=AXIS2_PLACEMENT_3D('',#2583,#2147,#2148);
#1718=AXIS2_PLACEMENT_3D('',#2585,#2149,#2150);
#1719=AXIS2_PLACEMENT_3D('',#2587,#2152,#2153);
#1720=DIRECTION('axis',(0.,0.,1.));
#1721=DIRECTION('refdir',(1.,0.,0.));
#1722=DIRECTION('center_axis',(-1.,0.,0.));
#1723=DIRECTION('ref_axis',(0.,-1.,0.));
#1724=DIRECTION('',(-0.515038074910058,0.85716730070211,-1.04972719113862E-16));
#1725=DIRECTION('center_axis',(1.,0.,0.));
#1726=DIRECTION('ref_axis',(0.,-1.,0.));
#1727=DIRECTION('center_axis',(-1.,0.,0.));
#1728=DIRECTION('ref_axis',(0.,-1.,0.));
#1729=DIRECTION('center_axis',(1.,0.,0.));
#1730=DIRECTION('ref_axis',(0.,-1.,0.));
#1731=DIRECTION('',(-0.707106781186548,0.707106781186547,-8.65956056235493E-17));
#1732=DIRECTION('center_axis',(1.,0.,0.));
#1733=DIRECTION('ref_axis',(0.,-1.,0.));
#1734=DIRECTION('center_axis',(1.,0.,0.));
#1735=DIRECTION('ref_axis',(0.,-1.,0.));
#1736=DIRECTION('',(1.,0.,0.));
#1737=DIRECTION('center_axis',(-0.707106781186549,0.,0.707106781186546));
#1738=DIRECTION('ref_axis',(0.707106781186546,0.,0.707106781186549));
#1739=DIRECTION('',(0.707106781186546,0.,0.707106781186549));
#1740=DIRECTION('',(0.,1.,0.));
#1741=DIRECTION('',(0.577350269189625,-0.577350269189625,0.577350269189627));
#1742=DIRECTION('',(0.,-1.,0.));
#1743=DIRECTION('center_axis',(-1.,0.,0.));
#1744=DIRECTION('ref_axis',(0.,-1.,0.));
#1745=DIRECTION('',(0.,0.,-1.));
#1746=DIRECTION('',(0.,1.,0.));
#1747=DIRECTION('',(0.,0.707106781186387,-0.707106781186708));
#1748=DIRECTION('',(0.,0.,-1.));
#1749=DIRECTION('',(0.,-1.,0.));
#1750=DIRECTION('',(0.,0.,1.));
#1751=DIRECTION('',(0.,1.,0.));
#1752=DIRECTION('',(0.,0.,1.));
#1753=DIRECTION('',(0.,1.,0.));
#1754=DIRECTION('',(0.,0.,-1.));
#1755=DIRECTION('',(0.,0.707106781186544,0.707106781186551));
#1756=DIRECTION('center_axis',(-1.,0.,0.));
#1757=DIRECTION('ref_axis',(0.,-1.,0.));
#1758=DIRECTION('center_axis',(-1.,0.,0.));
#1759=DIRECTION('ref_axis',(0.,-1.,0.));
#1760=DIRECTION('center_axis',(0.,-0.707106781186549,0.707106781186546));
#1761=DIRECTION('ref_axis',(1.,0.,0.));
#1762=DIRECTION('',(3.0767402982137E-15,-0.707106781186546,-0.707106781186549));
#1763=DIRECTION('',(1.,0.,0.));
#1764=DIRECTION('',(-6.24962873074657E-15,0.707106781186546,0.707106781186549));
#1765=DIRECTION('',(-1.,0.,0.));
#1766=DIRECTION('center_axis',(0.,0.,1.));
#1767=DIRECTION('ref_axis',(1.,0.,0.));
#1768=DIRECTION('',(0.707106781186549,-0.707106781186546,0.));
#1769=DIRECTION('',(0.707106781186546,0.707106781186549,0.));
#1770=DIRECTION('',(0.,-1.,0.));
#1771=DIRECTION('',(-1.,0.,0.));
#1772=DIRECTION('center_axis',(0.577350269189627,-0.577350269189624,0.577350269189627));
#1773=DIRECTION('ref_axis',(0.707106781186548,0.,-0.707106781186548));
#1774=DIRECTION('',(-0.707106781186547,0.,0.707106781186547));
#1775=DIRECTION('',(-0.707106781186546,-0.707106781186549,0.));
#1776=DIRECTION('',(0.,-0.707106781186549,-0.707106781186546));
#1777=DIRECTION('',(0.707106781186549,3.26903656685207E-15,-0.707106781186546));
#1778=DIRECTION('center_axis',(-0.707106781186546,0.,-0.707106781186549));
#1779=DIRECTION('ref_axis',(-0.707106781186549,0.,0.707106781186546));
#1780=DIRECTION('',(-0.70710678118639,6.71283986905018E-7,0.707106781186387));
#1781=DIRECTION('',(-0.577350269189627,0.577350269189627,0.577350269189624));
#1782=DIRECTION('',(0.,-1.,0.));
#1783=DIRECTION('center_axis',(-0.577350634590084,-0.577350086489441,-0.577350086489179));
#1784=DIRECTION('ref_axis',(-0.707106445544635,3.88578058618805E-16,0.707107116828301));
#1785=DIRECTION('',(0.707106445544795,-0.70710711682814,0.));
#1786=DIRECTION('',(-3.23538267219203E-13,0.707106781186549,-0.707106781186546));
#1787=DIRECTION('',(-0.707106445544635,0.,0.7071071168283));
#1788=DIRECTION('',(0.70710678118639,-0.707106781186387,-6.71283666678671E-7));
#1789=DIRECTION('center_axis',(0.,0.,1.));
#1790=DIRECTION('ref_axis',(1.,0.,0.));
#1791=DIRECTION('',(-1.,0.,0.));
#1792=DIRECTION('',(0.,1.,0.));
#1793=DIRECTION('',(0.707106781186546,0.707106781186549,0.));
#1794=DIRECTION('',(1.,0.,0.));
#1795=DIRECTION('center_axis',(0.,-0.707106781186546,-0.707106781186549));
#1796=DIRECTION('ref_axis',(-1.,0.,0.));
#1797=DIRECTION('',(2.98059216389452E-15,-0.707106781186549,0.707106781186546));
#1798=DIRECTION('',(-1.,0.,0.));
#1799=DIRECTION('center_axis',(0.577350269189626,-0.577350269189623,-0.577350269189628));
#1800=DIRECTION('ref_axis',(-0.707106781186549,-1.94289029309402E-16,-0.707106781186546));
#1801=DIRECTION('',(-0.707106781186549,-9.61481343191786E-17,-0.707106781186546));
#1802=DIRECTION('',(0.,0.707106781186551,-0.707106781186544));
#1803=DIRECTION('',(0.707106781186546,0.707106781186549,0.));
#1804=DIRECTION('',(-0.707106781186549,0.,-0.707106781186546));
#1805=DIRECTION('center_axis',(0.707106781186546,0.,-0.707106781186549));
#1806=DIRECTION('ref_axis',(-0.707106781186549,0.,-0.707106781186546));
#1807=DIRECTION('',(-0.577350269189627,-0.577350269189627,-0.577350269189624));
#1808=DIRECTION('',(0.,-1.,0.));
#1809=DIRECTION('center_axis',(1.,0.,0.));
#1810=DIRECTION('ref_axis',(0.,1.,0.));
#1811=DIRECTION('',(0.,0.,1.));
#1812=DIRECTION('',(0.,1.,0.));
#1813=DIRECTION('',(0.,0.,1.));
#1814=DIRECTION('',(0.,-1.,0.));
#1815=DIRECTION('',(0.,0.,-1.));
#1816=DIRECTION('',(0.,-1.,0.));
#1817=DIRECTION('',(0.,0.,-1.));
#1818=DIRECTION('',(0.,1.,0.));
#1819=DIRECTION('',(0.,0.,1.));
#1820=DIRECTION('center_axis',(1.,0.,0.));
#1821=DIRECTION('ref_axis',(0.,-1.,0.));
#1822=DIRECTION('center_axis',(1.,0.,0.));
#1823=DIRECTION('ref_axis',(0.,-1.,0.));
#1824=DIRECTION('center_axis',(0.707106781186546,0.,0.707106781186549));
#1825=DIRECTION('ref_axis',(0.707106781186549,0.,-0.707106781186546));
#1826=DIRECTION('',(0.577350269189627,0.577350269189627,-0.577350269189624));
#1827=DIRECTION('center_axis',(-0.577350269189626,-0.577350269189628,0.577350269189623));
#1828=DIRECTION('ref_axis',(0.707106781186546,-2.4980018054066E-16,0.707106781186549));
#1829=DIRECTION('',(-0.707106781186549,0.707106781186546,0.));
#1830=DIRECTION('',(-0.707106781186546,0.,-0.707106781186549));
#1831=DIRECTION('center_axis',(-0.707106781186548,-0.707106781186548,0.));
#1832=DIRECTION('ref_axis',(0.,0.,1.));
#1833=DIRECTION('',(0.,0.,1.));
#1834=DIRECTION('center_axis',(0.,1.,0.));
#1835=DIRECTION('ref_axis',(0.,0.,1.));
#1836=DIRECTION('',(0.,0.,-1.));
#1837=DIRECTION('',(1.,0.,0.));
#1838=DIRECTION('',(0.,0.,1.));
#1839=DIRECTION('center_axis',(0.707106781186548,-0.707106781186548,0.));
#1840=DIRECTION('ref_axis',(0.,0.,-1.));
#1841=DIRECTION('',(0.,0.,-1.));
#1842=DIRECTION('center_axis',(0.,1.,0.));
#1843=DIRECTION('ref_axis',(0.,0.,1.));
#1844=DIRECTION('',(0.,0.,1.));
#1845=DIRECTION('',(-1.,0.,0.));
#1846=DIRECTION('',(0.,0.,-1.));
#1847=DIRECTION('center_axis',(0.,0.,-1.));
#1848=DIRECTION('ref_axis',(-0.707106781186548,-0.707106781186547,0.));
#1849=DIRECTION('center_axis',(0.,0.,1.));
#1850=DIRECTION('ref_axis',(-0.707106781186548,-0.707106781186547,0.));
#1851=DIRECTION('',(0.,0.,1.));
#1852=DIRECTION('center_axis',(0.,0.,-1.));
#1853=DIRECTION('ref_axis',(-0.707106781186548,-0.707106781186547,0.));
#1854=DIRECTION('',(0.,0.,1.));
#1855=DIRECTION('center_axis',(0.,0.,-1.));
#1856=DIRECTION('ref_axis',(0.707106781186547,-0.707106781186548,0.));
#1857=DIRECTION('center_axis',(0.,0.,1.));
#1858=DIRECTION('ref_axis',(0.707106781186547,-0.707106781186548,0.));
#1859=DIRECTION('',(0.,0.,-1.));
#1860=DIRECTION('center_axis',(0.,0.,-1.));
#1861=DIRECTION('ref_axis',(0.707106781186547,-0.707106781186548,0.));
#1862=DIRECTION('center_axis',(1.,0.,0.));
#1863=DIRECTION('ref_axis',(0.,-1.,0.));
#1864=DIRECTION('',(0.,-1.,0.));
#1865=DIRECTION('',(0.,0.,1.));
#1866=DIRECTION('',(0.,1.,0.));
#1867=DIRECTION('center_axis',(-1.,0.,0.));
#1868=DIRECTION('ref_axis',(0.,-1.,0.));
#1869=DIRECTION('center_axis',(1.,0.,0.));
#1870=DIRECTION('ref_axis',(0.,-1.,0.));
#1871=DIRECTION('',(-0.707106781186548,0.707106781186547,-8.65956056235493E-17));
#1872=DIRECTION('center_axis',(1.,0.,0.));
#1873=DIRECTION('ref_axis',(0.,-1.,0.));
#1874=DIRECTION('',(1.,0.,0.));
#1875=DIRECTION('center_axis',(-1.,0.,0.));
#1876=DIRECTION('ref_axis',(0.,-1.,0.));
#1877=DIRECTION('center_axis',(1.,0.,0.));
#1878=DIRECTION('ref_axis',(0.,-1.,0.));
#1879=DIRECTION('',(0.707106781186548,0.707106781186547,8.65956056235493E-17));
#1880=DIRECTION('center_axis',(1.,0.,0.));
#1881=DIRECTION('ref_axis',(0.,-1.,0.));
#1882=DIRECTION('center_axis',(-1.,0.,0.));
#1883=DIRECTION('ref_axis',(0.,-1.,0.));
#1884=DIRECTION('',(0.707106781186548,0.707106781186547,8.65956056235493E-17));
#1885=DIRECTION('center_axis',(1.,0.,0.));
#1886=DIRECTION('ref_axis',(0.,-1.,0.));
#1887=DIRECTION('center_axis',(1.,0.,0.));
#1888=DIRECTION('ref_axis',(0.,-1.,0.));
#1889=DIRECTION('',(1.,0.,0.));
#1890=DIRECTION('center_axis',(-1.,0.,0.));
#1891=DIRECTION('ref_axis',(0.,-1.,0.));
#1892=DIRECTION('',(-0.707106781186548,0.707106781186547,-8.65956056235493E-17));
#1893=DIRECTION('center_axis',(-0.577350269189627,0.577350269189623,-0.577350269189628));
#1894=DIRECTION('ref_axis',(-0.707106781186548,8.32667268468867E-17,0.707106781186547));
#1895=DIRECTION('',(-3.14018491736755E-15,0.707106781186548,0.707106781186547));
#1896=DIRECTION('',(0.707106781186548,0.,-0.707106781186547));
#1897=DIRECTION('',(-0.707106781186545,-0.70710678118655,0.));
#1898=DIRECTION('center_axis',(0.577350269189625,0.577350269189627,-0.577350269189625));
#1899=DIRECTION('ref_axis',(-0.707106781186548,3.33066907387547E-16,-0.707106781186547));
#1900=DIRECTION('',(3.14018491736755E-15,-0.707106781186548,-0.707106781186547));
#1901=DIRECTION('',(-0.707106781186549,0.707106781186546,0.));
#1902=DIRECTION('',(0.707106781186548,0.,0.707106781186547));
#1903=DIRECTION('center_axis',(-0.577350269189625,-0.577350269189627,-0.577350269189625));
#1904=DIRECTION('ref_axis',(-0.707106781186548,3.33066907387547E-16,0.707106781186547));
#1905=DIRECTION('',(-3.14018491736756E-15,0.707106781186546,-0.707106781186549));
#1906=DIRECTION('',(0.707106781186549,-0.707106781186546,0.));
#1907=DIRECTION('',(-0.707106781186548,0.,0.707106781186547));
#1908=DIRECTION('center_axis',(-0.313549377219832,0.756975158957761,-0.573302186256016));
#1909=DIRECTION('ref_axis',(-0.877355197961361,-3.88578058618805E-16,0.479841491130333));
#1910=DIRECTION('',(-0.923879532511287,-0.38268343236509,0.));
#1911=DIRECTION('',(0.382683432365094,0.653281482438186,0.653281482438189));
#1912=DIRECTION('',(0.732537816328737,-0.19134171618255,-0.653281482438193));
#1913=DIRECTION('center_axis',(0.,0.707106781186549,-0.707106781186546));
#1914=DIRECTION('ref_axis',(-1.,0.,0.));
#1915=DIRECTION('',(-4.01033456139683E-17,-0.707106781186546,-0.707106781186549));
#1916=DIRECTION('',(-1.,0.,0.));
#1917=DIRECTION('',(1.,0.,0.));
#1918=DIRECTION('center_axis',(-0.70710678118655,0.707106781186545,0.));
#1919=DIRECTION('ref_axis',(0.,0.,1.));
#1920=DIRECTION('',(0.,0.,-1.));
#1921=DIRECTION('',(0.577350269189625,0.577350269189628,-0.577350269189625));
#1922=DIRECTION('center_axis',(0.577350269189626,-0.577350269189626,-0.577350269189626));
#1923=DIRECTION('ref_axis',(-0.707106781186548,-3.05311331771918E-16,-0.707106781186547));
#1924=DIRECTION('',(0.707106781186546,0.707106781186549,0.));
#1925=DIRECTION('',(3.14018491736756E-15,-0.707106781186546,0.707106781186549));
#1926=DIRECTION('',(-0.707106781186548,0.,-0.707106781186547));
#1927=DIRECTION('center_axis',(0.,-0.707106781186549,-0.707106781186546));
#1928=DIRECTION('ref_axis',(-1.,0.,0.));
#1929=DIRECTION('',(1.,0.,0.));
#1930=DIRECTION('center_axis',(0.707106781186547,0.,-0.707106781186548));
#1931=DIRECTION('ref_axis',(-0.707106781186548,0.,-0.707106781186547));
#1932=DIRECTION('',(0.,1.,0.));
#1933=DIRECTION('center_axis',(0.707106781186546,0.707106781186549,0.));
#1934=DIRECTION('ref_axis',(0.,0.,-1.));
#1935=DIRECTION('',(0.,0.,1.));
#1936=DIRECTION('',(0.577350269189627,-0.577350269189627,0.577350269189624));
#1937=DIRECTION('center_axis',(0.313549377219834,0.756975158957761,-0.573302186256016));
#1938=DIRECTION('ref_axis',(-0.877355197961359,-5.55111512312578E-17,-0.479841491130336));
#1939=DIRECTION('',(0.382683432365093,-0.653281482438186,-0.653281482438189));
#1940=DIRECTION('',(-0.923879532511287,0.382683432365089,0.));
#1941=DIRECTION('',(0.732537816328738,0.191341716182547,0.653281482438192));
#1942=DIRECTION('center_axis',(-0.707106781186546,-0.707106781186549,0.));
#1943=DIRECTION('ref_axis',(0.,0.,1.));
#1944=DIRECTION('center_axis',(-0.313549377219833,0.756975158957759,0.573302186256019));
#1945=DIRECTION('ref_axis',(0.877355197961361,-5.55111512312578E-17,0.479841491130333));
#1946=DIRECTION('',(-0.73253781632874,0.19134171618255,-0.653281482438189));
#1947=DIRECTION('',(-0.382683432365094,-0.653281482438189,0.653281482438186));
#1948=DIRECTION('',(0.923879532511287,0.38268343236509,0.));
#1949=DIRECTION('center_axis',(0.,0.707106781186546,0.707106781186549));
#1950=DIRECTION('ref_axis',(1.,0.,0.));
#1951=DIRECTION('',(4.01033456139685E-17,0.707106781186549,-0.707106781186546));
#1952=DIRECTION('',(-1.,0.,0.));
#1953=DIRECTION('',(1.,0.,0.));
#1954=DIRECTION('center_axis',(-0.38268343236509,0.923879532511287,0.));
#1955=DIRECTION('ref_axis',(0.,0.,1.));
#1956=DIRECTION('',(0.,0.,1.));
#1957=DIRECTION('',(0.,0.,-1.));
#1958=DIRECTION('center_axis',(-0.75697515895776,0.313549377219833,-0.573302186256017));
#1959=DIRECTION('ref_axis',(-0.603748055220391,-1.11022302462516E-16,0.797175191421306));
#1960=DIRECTION('',(0.653281482438186,0.382683432365094,-0.653281482438189));
#1961=DIRECTION('',(-0.382683432365089,-0.923879532511287,0.));
#1962=DIRECTION('',(-0.19134171618255,0.732537816328737,0.653281482438193));
#1963=DIRECTION('center_axis',(0.707106781186549,-0.707106781186546,0.));
#1964=DIRECTION('ref_axis',(0.,0.,-1.));
#1965=DIRECTION('center_axis',(0.756975158957761,0.313549377219834,-0.573302186256015));
#1966=DIRECTION('ref_axis',(-0.603748055220389,-5.55111512312578E-17,-0.797175191421308));
#1967=DIRECTION('',(0.653281482438185,-0.382683432365096,0.653281482438188));
#1968=DIRECTION('',(-0.191341716182547,-0.732537816328737,-0.653281482438193));
#1969=DIRECTION('',(-0.382683432365089,0.923879532511287,0.));
#1970=DIRECTION('center_axis',(0.500000000000002,0.500000000000002,-0.707106781186544));
#1971=DIRECTION('ref_axis',(-0.816496580927724,2.22044604925031E-16,-0.577350269189629));
#1972=DIRECTION('',(0.707106781186547,-0.707106781186547,0.));
#1973=DIRECTION('',(-0.707106781186547,0.707106781186547,0.));
#1974=DIRECTION('center_axis',(0.313549377219833,0.756975158957758,0.573302186256019));
#1975=DIRECTION('ref_axis',(0.877355197961361,-3.88578058618805E-16,-0.479841491130332));
#1976=DIRECTION('',(-0.382683432365093,0.653281482438189,-0.653281482438186));
#1977=DIRECTION('',(-0.732537816328741,-0.191341716182547,0.653281482438188));
#1978=DIRECTION('',(0.923879532511287,-0.382683432365089,0.));
#1979=DIRECTION('center_axis',(-0.756975158957759,0.313549377219832,0.573302186256019));
#1980=DIRECTION('ref_axis',(0.603748055220393,-1.38777878078145E-16,0.797175191421305));
#1981=DIRECTION('',(0.382683432365089,0.923879532511287,0.));
#1982=DIRECTION('',(-0.653281482438188,-0.382683432365095,-0.653281482438185));
#1983=DIRECTION('',(0.191341716182547,-0.732537816328741,0.653281482438188));
#1984=DIRECTION('center_axis',(0.756975158957758,0.313549377219833,0.573302186256019));
#1985=DIRECTION('ref_axis',(0.603748055220393,-5.55111512312579E-17,-0.797175191421304));
#1986=DIRECTION('',(0.191341716182547,0.732537816328741,-0.653281482438188));
#1987=DIRECTION('',(-0.653281482438189,0.382683432365093,0.653281482438186));
#1988=DIRECTION('',(0.382683432365089,-0.923879532511287,0.));
#1989=DIRECTION('center_axis',(-0.577350269189624,-0.577350269189627,0.577350269189627));
#1990=DIRECTION('ref_axis',(0.707106781186549,2.4980018054066E-16,0.707106781186546));
#1991=DIRECTION('',(-0.707106781186549,0.707106781186546,0.));
#1992=DIRECTION('',(3.14018491736755E-15,-0.707106781186549,-0.707106781186546));
#1993=DIRECTION('',(0.707106781186549,0.,0.707106781186546));
#1994=DIRECTION('center_axis',(0.577350269189626,-0.577350269189623,0.577350269189628));
#1995=DIRECTION('ref_axis',(0.707106781186549,1.94289029309402E-16,-0.707106781186546));
#1996=DIRECTION('',(0.707106781186549,0.,-0.707106781186546));
#1997=DIRECTION('',(-3.14018491736755E-15,0.707106781186549,0.707106781186546));
#1998=DIRECTION('',(-0.707106781186546,-0.707106781186549,0.));
#1999=DIRECTION('center_axis',(0.,-0.707106781186546,0.707106781186549));
#2000=DIRECTION('ref_axis',(1.,0.,0.));
#2001=DIRECTION('',(-1.,0.,0.));
#2002=DIRECTION('center_axis',(-0.707106781186546,-0.707106781186549,0.));
#2003=DIRECTION('ref_axis',(0.,0.,1.));
#2004=DIRECTION('center_axis',(0.707106781186549,-0.707106781186546,0.));
#2005=DIRECTION('ref_axis',(0.,0.,-1.));
#2006=DIRECTION('center_axis',(0.707106781186546,0.,0.707106781186549));
#2007=DIRECTION('ref_axis',(0.707106781186549,0.,-0.707106781186546));
#2008=DIRECTION('',(0.,-1.,0.));
#2009=DIRECTION('center_axis',(-0.707106781186546,0.,0.707106781186549));
#2010=DIRECTION('ref_axis',(0.707106781186549,0.,0.707106781186546));
#2011=DIRECTION('',(0.,1.,0.));
#2012=DIRECTION('center_axis',(0.923879532511287,0.382683432365089,0.));
#2013=DIRECTION('ref_axis',(0.,0.,-1.));
#2014=DIRECTION('',(0.,0.,1.));
#2015=DIRECTION('center_axis',(0.5,0.5,0.707106781186548));
#2016=DIRECTION('ref_axis',(0.816496580927726,-1.11022302462516E-16,-0.577350269189626));
#2017=DIRECTION('',(-0.707106781186547,0.707106781186547,0.));
#2018=DIRECTION('',(0.707106781186547,-0.707106781186547,0.));
#2019=DIRECTION('center_axis',(-0.5,0.5,0.707106781186548));
#2020=DIRECTION('ref_axis',(0.816496580927726,1.11022302462516E-16,0.577350269189626));
#2021=DIRECTION('',(-0.707106781186547,-0.707106781186547,0.));
#2022=DIRECTION('',(0.707106781186547,0.707106781186547,0.));
#2023=DIRECTION('center_axis',(-0.923879532511287,0.382683432365089,0.));
#2024=DIRECTION('ref_axis',(0.,0.,1.));
#2025=DIRECTION('',(0.,0.,-1.));
#2026=DIRECTION('center_axis',(0.382683432365089,0.923879532511287,0.));
#2027=DIRECTION('ref_axis',(0.,0.,1.));
#2028=DIRECTION('',(0.,0.,-1.));
#2029=DIRECTION('',(0.,0.,1.));
#2030=DIRECTION('center_axis',(0.,0.707106781186546,0.707106781186549));
#2031=DIRECTION('ref_axis',(1.,0.,0.));
#2032=DIRECTION('',(4.01033456139685E-17,-0.707106781186549,0.707106781186546));
#2033=DIRECTION('',(1.,0.,0.));
#2034=DIRECTION('',(-1.,0.,0.));
#2035=DIRECTION('center_axis',(0.707106781186549,0.,-0.707106781186546));
#2036=DIRECTION('ref_axis',(-0.707106781186546,0.,-0.707106781186549));
#2037=DIRECTION('',(0.,1.,0.));
#2038=DIRECTION('center_axis',(-0.500000000000002,0.500000000000002,-0.707106781186545));
#2039=DIRECTION('ref_axis',(-0.816496580927724,1.11022302462516E-16,0.577350269189629));
#2040=DIRECTION('',(0.707106781186547,0.707106781186547,0.));
#2041=DIRECTION('',(-0.707106781186547,-0.707106781186547,0.));
#2042=DIRECTION('center_axis',(-0.707106781186549,0.,-0.707106781186546));
#2043=DIRECTION('ref_axis',(-0.707106781186546,0.,0.707106781186549));
#2044=DIRECTION('',(0.,-1.,0.));
#2045=DIRECTION('center_axis',(0.,0.707106781186549,-0.707106781186546));
#2046=DIRECTION('ref_axis',(-1.,0.,0.));
#2047=DIRECTION('',(-4.01033456139683E-17,0.707106781186546,0.707106781186549));
#2048=DIRECTION('',(1.,0.,0.));
#2049=DIRECTION('',(-1.,0.,0.));
#2050=DIRECTION('center_axis',(-0.707106781186547,0.,-0.707106781186548));
#2051=DIRECTION('ref_axis',(-0.707106781186548,0.,0.707106781186547));
#2052=DIRECTION('',(0.,-1.,0.));
#2053=DIRECTION('center_axis',(0.,0.707106781186547,-0.707106781186548));
#2054=DIRECTION('ref_axis',(-1.,0.,0.));
#2055=DIRECTION('',(1.,0.,0.));
#2056=DIRECTION('',(-1.,0.,0.));
#2057=DIRECTION('center_axis',(0.,1.,0.));
#2058=DIRECTION('ref_axis',(0.,0.,1.));
#2059=DIRECTION('',(0.,0.,-1.));
#2060=DIRECTION('center_axis',(-1.,5.67146952638097E-17,0.));
#2061=DIRECTION('ref_axis',(5.67146952638097E-17,1.,0.));
#2062=DIRECTION('',(5.67146952638097E-17,1.,0.));
#2063=DIRECTION('',(0.,0.,1.));
#2064=DIRECTION('',(-5.67146952638097E-17,-1.,0.));
#2065=DIRECTION('center_axis',(-1.,5.67146952638097E-17,0.));
#2066=DIRECTION('ref_axis',(-5.67146952638097E-17,-1.,0.));
#2067=DIRECTION('center_axis',(0.,0.,1.));
#2068=DIRECTION('ref_axis',(1.,0.,0.));
#2069=DIRECTION('',(5.67146952638097E-17,-1.,0.));
#2070=DIRECTION('center_axis',(0.,0.,-1.));
#2071=DIRECTION('ref_axis',(1.,0.,0.));
#2072=DIRECTION('',(0.,1.,0.));
#2073=DIRECTION('center_axis',(0.,0.,-1.));
#2074=DIRECTION('ref_axis',(1.,0.,0.));
#2075=DIRECTION('center_axis',(0.,0.,1.));
#2076=DIRECTION('ref_axis',(1.,0.,0.));
#2077=DIRECTION('center_axis',(-0.707106781186548,0.707106781186548,0.));
#2078=DIRECTION('ref_axis',(0.,0.,1.));
#2079=DIRECTION('center_axis',(0.707106781186548,-0.707106781186548,0.));
#2080=DIRECTION('ref_axis',(-0.707106781186548,-0.707106781186548,0.));
#2081=DIRECTION('center_axis',(0.707106781186548,0.707106781186548,0.));
#2082=DIRECTION('ref_axis',(0.,0.,-1.));
#2083=DIRECTION('center_axis',(-1.,0.,0.));
#2084=DIRECTION('ref_axis',(0.,1.,0.));
#2085=DIRECTION('',(0.,-1.,0.));
#2086=DIRECTION('',(0.,0.,-1.));
#2087=DIRECTION('center_axis',(0.,0.,-1.));
#2088=DIRECTION('ref_axis',(1.,0.,0.));
#2089=DIRECTION('center_axis',(0.,0.,1.));
#2090=DIRECTION('ref_axis',(1.,0.,0.));
#2091=DIRECTION('center_axis',(0.,0.,1.));
#2092=DIRECTION('ref_axis',(1.,0.,0.));
#2093=DIRECTION('',(-5.67146952638097E-17,1.,0.));
#2094=DIRECTION('',(1.,0.,0.));
#2095=DIRECTION('center_axis',(0.,0.,-1.));
#2096=DIRECTION('ref_axis',(1.,0.,0.));
#2097=DIRECTION('',(0.,0.,-1.));
#2098=DIRECTION('center_axis',(1.,0.,0.));
#2099=DIRECTION('ref_axis',(0.,-1.,0.));
#2100=DIRECTION('center_axis',(1.,0.,0.));
#2101=DIRECTION('ref_axis',(0.,-1.,0.));
#2102=DIRECTION('',(1.,0.,0.));
#2103=DIRECTION('center_axis',(1.,0.,0.));
#2104=DIRECTION('ref_axis',(0.,-1.,0.));
#2105=DIRECTION('center_axis',(1.,5.67146952638097E-17,0.));
#2106=DIRECTION('ref_axis',(5.67146952638097E-17,-1.,0.));
#2107=DIRECTION('',(1.,0.,0.));
#2108=DIRECTION('center_axis',(1.,0.,0.));
#2109=DIRECTION('ref_axis',(0.,-1.,0.));
#2110=DIRECTION('center_axis',(-1.,0.,0.));
#2111=DIRECTION('ref_axis',(0.,-1.,0.));
#2112=DIRECTION('',(-0.515038074910058,0.85716730070211,-1.04972719113862E-16));
#2113=DIRECTION('center_axis',(1.,0.,0.));
#2114=DIRECTION('ref_axis',(0.,-1.,0.));
#2115=DIRECTION('center_axis',(1.,0.,0.));
#2116=DIRECTION('ref_axis',(0.,-1.,0.));
#2117=DIRECTION('center_axis',(1.,0.,0.));
#2118=DIRECTION('ref_axis',(0.,-1.,0.));
#2119=DIRECTION('',(1.,0.,0.));
#2120=DIRECTION('center_axis',(1.,5.67146952638097E-17,0.));
#2121=DIRECTION('ref_axis',(5.67146952638097E-17,-1.,0.));
#2122=DIRECTION('',(0.,0.,1.));
#2123=DIRECTION('center_axis',(0.,0.,-1.));
#2124=DIRECTION('ref_axis',(-1.,-1.22464679914735E-16,0.));
#2125=DIRECTION('center_axis',(0.,1.,0.));
#2126=DIRECTION('ref_axis',(0.,0.,1.));
#2127=DIRECTION('center_axis',(0.,1.,0.));
#2128=DIRECTION('ref_axis',(0.,0.,-1.));
#2129=DIRECTION('center_axis',(0.,1.,0.));
#2130=DIRECTION('ref_axis',(0.,0.,-1.));
#2131=DIRECTION('center_axis',(0.,-1.,0.));
#2132=DIRECTION('ref_axis',(1.,0.,0.));
#2133=DIRECTION('center_axis',(0.,1.,0.));
#2134=DIRECTION('ref_axis',(0.,0.,-1.));
#2135=DIRECTION('center_axis',(0.,1.,0.));
#2136=DIRECTION('ref_axis',(0.,0.,-1.));
#2137=DIRECTION('center_axis',(0.,1.,0.));
#2138=DIRECTION('ref_axis',(0.,0.,1.));
#2139=DIRECTION('center_axis',(0.,1.,0.));
#2140=DIRECTION('ref_axis',(0.,0.,-1.));
#2141=DIRECTION('center_axis',(0.,-1.,0.));
#2142=DIRECTION('ref_axis',(0.,0.,-1.));
#2143=DIRECTION('',(8.65956056235493E-17,0.707106781186548,0.707106781186547));
#2144=DIRECTION('center_axis',(0.,1.,0.));
#2145=DIRECTION('ref_axis',(0.,0.,-1.));
#2146=DIRECTION('',(0.,1.,0.));
#2147=DIRECTION('center_axis',(0.,1.,0.));
#2148=DIRECTION('ref_axis',(0.,0.,-1.));
#2149=DIRECTION('center_axis',(0.,-1.,0.));
#2150=DIRECTION('ref_axis',(0.,0.,-1.));
#2151=DIRECTION('',(8.65956056235493E-17,0.707106781186548,0.707106781186547));
#2152=DIRECTION('center_axis',(0.,1.,0.));
#2153=DIRECTION('ref_axis',(0.,0.,-1.));
#2154=DIRECTION('',(0.,1.,0.));
#2155=CARTESIAN_POINT('',(0.,0.,0.));
#2156=CARTESIAN_POINT('Origin',(-25.1201058736198,-2.62648196523621,70.947589057418));
#2157=CARTESIAN_POINT('',(-24.7402117472397,-2.62648196523621,70.947589057418));
#2158=CARTESIAN_POINT('',(-25.5,-1.36198196523621,70.947589057418));
#2159=CARTESIAN_POINT('',(-25.1201058736198,-1.99423196523621,70.947589057418));
#2160=CARTESIAN_POINT('Origin',(-25.5,-2.62648196523621,70.947589057418));
#2161=CARTESIAN_POINT('Origin',(-29.43675,-2.62648196523621,70.947589057418));
#2162=CARTESIAN_POINT('',(-29.3735,-1.36198196523621,70.947589057418));
#2163=CARTESIAN_POINT('Origin',(-29.3735,-2.62648196523621,70.947589057418));
#2164=CARTESIAN_POINT('',(-29.5,-1.23548196523621,70.947589057418));
#2165=CARTESIAN_POINT('',(-29.43675,-1.29873196523621,70.947589057418));
#2166=CARTESIAN_POINT('Origin',(-29.5,-2.62648196523621,70.947589057418));
#2167=CARTESIAN_POINT('Origin',(-27.5,-2.62648196523621,70.947589057418));
#2168=CARTESIAN_POINT('',(-27.5,-1.36198196523621,70.947589057418));
#2169=CARTESIAN_POINT('Origin',(-29.,2.,20.95));
#2170=CARTESIAN_POINT('',(-29.5,-32.55,20.45));
#2171=CARTESIAN_POINT('',(-28.5,-32.55,21.45));
#2172=CARTESIAN_POINT('',(-29.1125,-32.55,20.8375));
#2173=CARTESIAN_POINT('',(-28.5,-18.,21.45));
#2174=CARTESIAN_POINT('',(-28.5,2.,21.45));
#2175=CARTESIAN_POINT('',(-29.5,-17.,20.45));
#2176=CARTESIAN_POINT('',(-32.5333333333333,-13.9666666666667,17.4166666666667));
#2177=CARTESIAN_POINT('',(-29.5,2.,20.45));
#2178=CARTESIAN_POINT('Origin',(-29.5,37.,0.));
#2179=CARTESIAN_POINT('',(-29.5,-17.,56.5500706306615));
#2180=CARTESIAN_POINT('',(-29.5,-17.,19.25));
#2181=CARTESIAN_POINT('',(-29.5,-32.5499990506617,56.5500706306615));
#2182=CARTESIAN_POINT('',(-29.5,9.49999986588955,56.5500706306615));
#2183=CARTESIAN_POINT('',(-29.5,-33.,57.00007158));
#2184=CARTESIAN_POINT('',(-29.5,-1.24998210500794,25.2500536849935));
#2185=CARTESIAN_POINT('',(-29.5,-33.,75.));
#2186=CARTESIAN_POINT('',(-29.5,-33.,0.));
#2187=CARTESIAN_POINT('',(-29.5,21.,75.));
#2188=CARTESIAN_POINT('',(-29.5,23.25,75.));
#2189=CARTESIAN_POINT('',(-29.5,21.,66.5));
#2190=CARTESIAN_POINT('',(-29.5,21.,17.125));
#2191=CARTESIAN_POINT('',(-29.5,-12.,66.5));
#2192=CARTESIAN_POINT('',(-29.5,23.025,66.5));
#2193=CARTESIAN_POINT('',(-29.5,-12.,2.));
#2194=CARTESIAN_POINT('',(-29.5,-12.,0.));
#2195=CARTESIAN_POINT('',(-29.5,-33.,2.));
#2196=CARTESIAN_POINT('',(-29.5,23.25,2.));
#2197=CARTESIAN_POINT('',(-29.5,-33.,20.));
#2198=CARTESIAN_POINT('',(-29.5,-33.,0.));
#2199=CARTESIAN_POINT('',(-29.5,-20.7500000000002,32.25));
#2200=CARTESIAN_POINT('',(-29.5,-16.685,66.));
#2201=CARTESIAN_POINT('Origin',(-29.5,-24.,66.));
#2202=CARTESIAN_POINT('',(-29.5,-16.685,11.));
#2203=CARTESIAN_POINT('Origin',(-29.5,-24.,11.));
#2204=CARTESIAN_POINT('Origin',(4.44089209850063E-15,-33.5,20.95));
#2205=CARTESIAN_POINT('',(-28.05,-33.,21.45));
#2206=CARTESIAN_POINT('',(-28.05,-34.,20.45));
#2207=CARTESIAN_POINT('',(-28.05,-33.8625,20.5875));
#2208=CARTESIAN_POINT('',(20.05,-34.,20.45));
#2209=CARTESIAN_POINT('',(4.44089209850063E-15,-34.,20.45));
#2210=CARTESIAN_POINT('',(20.05,-33.,21.45));
#2211=CARTESIAN_POINT('',(20.05,-33.6125,20.8375));
#2212=CARTESIAN_POINT('',(4.44089209850063E-15,-33.,21.45));
#2213=CARTESIAN_POINT('Origin',(38.5,-33.,21.45));
#2214=CARTESIAN_POINT('',(-11.2749999999999,-49.775,21.45));
#2215=CARTESIAN_POINT('',(20.5,-32.55,21.45));
#2216=CARTESIAN_POINT('',(25.025,-28.025,21.45));
#2217=CARTESIAN_POINT('',(20.5,-18.,21.45));
#2218=CARTESIAN_POINT('',(20.5,-25.5,21.45));
#2219=CARTESIAN_POINT('',(19.25,-18.,21.45));
#2220=CARTESIAN_POINT('Origin',(21.5,-33.,20.));
#2221=CARTESIAN_POINT('',(20.5,-34.,20.));
#2222=CARTESIAN_POINT('',(11.,-34.,29.5));
#2223=CARTESIAN_POINT('',(21.5,-33.,20.));
#2224=CARTESIAN_POINT('',(21.5,-33.,20.));
#2225=CARTESIAN_POINT('',(21.5,-32.55,20.45));
#2226=CARTESIAN_POINT('',(21.5,-34.25,18.75));
#2227=CARTESIAN_POINT('',(21.3625,-32.55,20.5875));
#2228=CARTESIAN_POINT('Origin',(-29.,9.49999986588955,56.0500706306615));
#2229=CARTESIAN_POINT('',(-28.5,-32.5500000000007,55.5500706306615));
#2230=CARTESIAN_POINT('',(-29.362510110459,-32.5499991811862,56.4125807411205));
#2231=CARTESIAN_POINT('',(-28.5,-18.,55.5500706306615));
#2232=CARTESIAN_POINT('',(-27.366654872538,-19.133345127462,54.4167255031996));
#2233=CARTESIAN_POINT('',(-28.5,9.49999986588955,55.5500706306615));
#2234=CARTESIAN_POINT('Origin',(-29.5,-33.,57.00007158));
#2235=CARTESIAN_POINT('',(-28.0500004272026,-33.,55.5500706306615));
#2236=CARTESIAN_POINT('',(-23.4000081209839,-37.6499967206353,55.5500706306615));
#2237=CARTESIAN_POINT('',(-28.0500004272021,-34.,56.5500706306615));
#2238=CARTESIAN_POINT('',(-28.0500004272023,-33.6125002373359,56.1625708679974));
#2239=CARTESIAN_POINT('',(-28.5,-34.,57.0000706306615));
#2240=CARTESIAN_POINT('',(-16.9999799689949,-34.,45.5000396822399));
#2241=CARTESIAN_POINT('',(-29.5,-33.,57.00007158));
#2242=CARTESIAN_POINT('Origin',(7.,-18.0000002682209,55.5500706306615));
#2243=CARTESIAN_POINT('',(20.5,-18.,55.5500706306615));
#2244=CARTESIAN_POINT('',(3.5,-18.,55.5500706306615));
#2245=CARTESIAN_POINT('',(20.5,-32.55,55.5500706306615));
#2246=CARTESIAN_POINT('',(20.5,-18.0000001341105,55.5500706306615));
#2247=CARTESIAN_POINT('',(20.05,-33.,55.5500706306615));
#2248=CARTESIAN_POINT('',(20.8999999329448,-32.1500000670552,55.5500706306615));
#2249=CARTESIAN_POINT('',(-15.75,-33.,55.5500706306615));
#2250=CARTESIAN_POINT('Origin',(-15.75,-33.5,56.0500706306615));
#2251=CARTESIAN_POINT('',(20.05,-34.,56.5500706306615));
#2252=CARTESIAN_POINT('',(20.05,-33.6125,56.1625706306615));
#2253=CARTESIAN_POINT('',(-15.75,-34.,56.5500706306615));
#2254=CARTESIAN_POINT('Origin',(21.5,-33.,57.0000706306615));
#2255=CARTESIAN_POINT('',(21.5,-32.55,56.5500706306615));
#2256=CARTESIAN_POINT('',(21.3625,-32.55,56.4125706306615));
#2257=CARTESIAN_POINT('',(21.5,-33.,57.0000706306615));
#2258=CARTESIAN_POINT('',(21.5,-14.9999823423346,39.0000529729963));
#2259=CARTESIAN_POINT('',(20.5,-34.,57.0000706306615));
#2260=CARTESIAN_POINT('',(20.5,-34.,57.0000706306615));
#2261=CARTESIAN_POINT('',(-8.25001765766544,-34.,28.2500529729962));
#2262=CARTESIAN_POINT('Origin',(21.,-18.0000001341105,56.0500706306615));
#2263=CARTESIAN_POINT('',(21.5,-17.,56.5500706306615));
#2264=CARTESIAN_POINT('',(14.7833215392047,-23.7166784607953,49.8333921698662));
#2265=CARTESIAN_POINT('',(21.5,-18.0000001341105,56.5500706306615));
#2266=CARTESIAN_POINT('Origin',(21.5,-18.,0.));
#2267=CARTESIAN_POINT('',(21.5,-17.,20.45));
#2268=CARTESIAN_POINT('',(21.5,-17.,19.25));
#2269=CARTESIAN_POINT('',(21.5,-25.5,20.45));
#2270=CARTESIAN_POINT('',(21.5,-33.,2.));
#2271=CARTESIAN_POINT('',(21.5,-33.,0.));
#2272=CARTESIAN_POINT('',(21.5,-12.,2.));
#2273=CARTESIAN_POINT('',(21.5,-4.25000000000001,2.));
#2274=CARTESIAN_POINT('',(21.5,-12.,66.5));
#2275=CARTESIAN_POINT('',(21.5,-12.,0.));
#2276=CARTESIAN_POINT('',(21.5,21.,66.5));
#2277=CARTESIAN_POINT('',(21.5,-4.475,66.5));
#2278=CARTESIAN_POINT('',(21.5,21.,75.));
#2279=CARTESIAN_POINT('',(21.5,21.,17.125));
#2280=CARTESIAN_POINT('',(21.5,-33.,75.));
#2281=CARTESIAN_POINT('',(21.5,-4.25,75.));
#2282=CARTESIAN_POINT('',(21.5,-33.,0.));
#2283=CARTESIAN_POINT('',(21.5,-16.685,11.));
#2284=CARTESIAN_POINT('Origin',(21.5,-24.,11.));
#2285=CARTESIAN_POINT('',(21.5,-16.685,66.));
#2286=CARTESIAN_POINT('Origin',(21.5,-24.,66.));
#2287=CARTESIAN_POINT('Origin',(21.,-25.5,20.95));
#2288=CARTESIAN_POINT('',(19.95,-18.55,22.));
#2289=CARTESIAN_POINT('Origin',(-28.5,-34.,20.));
#2290=CARTESIAN_POINT('',(-28.5,-34.,20.));
#2291=CARTESIAN_POINT('',(-28.5,-34.,20.));
#2292=CARTESIAN_POINT('',(-36.,-34.,12.5));
#2293=CARTESIAN_POINT('Origin',(-29.,-17.5,19.25));
#2294=CARTESIAN_POINT('',(-28.5,-18.,19.25));
#2295=CARTESIAN_POINT('Origin',(-38.5,-34.,0.));
#2296=CARTESIAN_POINT('',(20.5,-34.,75.));
#2297=CARTESIAN_POINT('',(20.5,-34.,0.));
#2298=CARTESIAN_POINT('',(-28.5,-34.,75.));
#2299=CARTESIAN_POINT('',(-19.25,-34.,75.));
#2300=CARTESIAN_POINT('',(-28.5,-34.,0.));
#2301=CARTESIAN_POINT('Origin',(21.,-17.5,19.25));
#2302=CARTESIAN_POINT('',(20.5,-18.,19.25));
#2303=CARTESIAN_POINT('Origin',(-38.5,-34.,0.));
#2304=CARTESIAN_POINT('',(-28.5,-34.,2.));
#2305=CARTESIAN_POINT('',(-28.5,-34.,0.));
#2306=CARTESIAN_POINT('',(20.5,-34.,2.));
#2307=CARTESIAN_POINT('',(-19.25,-34.,2.));
#2308=CARTESIAN_POINT('',(20.5,-34.,0.));
#2309=CARTESIAN_POINT('Origin',(-4.,-9.00000000000001,76.));
#2310=CARTESIAN_POINT('',(-5.,-9.00000000000001,76.));
#2311=CARTESIAN_POINT('',(-4.00000004470348,-10.,76.));
#2312=CARTESIAN_POINT('Origin',(-4.,-9.00000000000001,76.));
#2313=CARTESIAN_POINT('',(-4.00000004470348,-10.,65.5));
#2314=CARTESIAN_POINT('',(-4.00000004470348,-10.,76.));
#2315=CARTESIAN_POINT('',(-5.,-9.00000000000001,65.5));
#2316=CARTESIAN_POINT('Origin',(-4.,-9.00000000000001,65.5));
#2317=CARTESIAN_POINT('',(-5.,-9.00000000000001,76.));
#2318=CARTESIAN_POINT('Origin',(-4.00000004470348,-9.00000000000001,76.));
#2319=CARTESIAN_POINT('',(-3.00000004470348,-9.00000000000001,76.));
#2320=CARTESIAN_POINT('Origin',(-4.00000004470348,-9.00000000000001,76.));
#2321=CARTESIAN_POINT('',(-3.00000004470348,-9.00000000000001,65.5));
#2322=CARTESIAN_POINT('',(-3.00000004470348,-9.00000000000001,76.));
#2323=CARTESIAN_POINT('Origin',(-4.00000004470348,-9.00000000000001,65.5));
#2324=CARTESIAN_POINT('Origin',(-3.00000004470348,-4.21221026510732,76.));
#2325=CARTESIAN_POINT('',(-3.0000000447035,-3.76087771626283,76.));
#2326=CARTESIAN_POINT('',(-3.00000004470348,2.64389486744634,76.));
#2327=CARTESIAN_POINT('',(-3.0000000447035,-3.76087771626283,65.5));
#2328=CARTESIAN_POINT('',(-3.00000004470348,-3.7608777162626,38.));
#2329=CARTESIAN_POINT('',(-3.00000004470348,2.41889486744634,65.5));
#2330=CARTESIAN_POINT('Origin',(-29.35,-24.,11.));
#2331=CARTESIAN_POINT('',(-29.2,-16.985,11.));
#2332=CARTESIAN_POINT('Origin',(-29.2,-24.,11.));
#2333=CARTESIAN_POINT('',(-29.35,-16.835,11.));
#2334=CARTESIAN_POINT('Origin',(6.5,-24.,11.));
#2335=CARTESIAN_POINT('',(21.2,-16.985,11.));
#2336=CARTESIAN_POINT('',(6.5,-16.985,11.));
#2337=CARTESIAN_POINT('Origin',(21.2,-24.,11.));
#2338=CARTESIAN_POINT('Origin',(21.35,-24.,11.));
#2339=CARTESIAN_POINT('',(21.35,-16.835,11.));
#2340=CARTESIAN_POINT('Origin',(21.35,-24.,66.));
#2341=CARTESIAN_POINT('',(21.2,-16.985,66.));
#2342=CARTESIAN_POINT('Origin',(21.2,-24.,66.));
#2343=CARTESIAN_POINT('',(21.35,-16.835,66.));
#2344=CARTESIAN_POINT('Origin',(6.5,-24.,66.));
#2345=CARTESIAN_POINT('',(-29.2,-16.985,66.));
#2346=CARTESIAN_POINT('Origin',(-29.2,-24.,66.));
#2347=CARTESIAN_POINT('',(6.5,-16.985,66.));
#2348=CARTESIAN_POINT('Origin',(-29.35,-24.,66.));
#2349=CARTESIAN_POINT('',(-29.35,-16.835,66.));
#2350=CARTESIAN_POINT('Origin',(-29.5,-12.,2.));
#2351=CARTESIAN_POINT('',(-28.5,-12.,1.));
#2352=CARTESIAN_POINT('',(-28.5,-11.,2.));
#2353=CARTESIAN_POINT('',(-28.5,-12.,1.));
#2354=CARTESIAN_POINT('',(-29.5,-12.,2.));
#2355=CARTESIAN_POINT('',(-28.5,-11.,2.));
#2356=CARTESIAN_POINT('Origin',(21.5,-12.,2.));
#2357=CARTESIAN_POINT('',(20.5,-11.,2.));
#2358=CARTESIAN_POINT('',(20.5,-12.,1.));
#2359=CARTESIAN_POINT('',(20.5,-11.,2.));
#2360=CARTESIAN_POINT('',(21.5,-12.,2.));
#2361=CARTESIAN_POINT('',(20.5,-12.,1.));
#2362=CARTESIAN_POINT('Origin',(-29.5,-33.,2.));
#2363=CARTESIAN_POINT('',(-28.5,-33.,1.));
#2364=CARTESIAN_POINT('',(-28.5,-34.,2.));
#2365=CARTESIAN_POINT('',(-29.5,-33.,2.));
#2366=CARTESIAN_POINT('',(-28.5,-33.,1.));
#2367=CARTESIAN_POINT('Origin',(-19.0857864376269,31.,65.5));
#2368=CARTESIAN_POINT('',(-18.5,32.,66.5));
#2369=CARTESIAN_POINT('',(-20.2071067811865,31.2928932188135,66.5));
#2370=CARTESIAN_POINT('',(-18.5,32.,66.5));
#2371=CARTESIAN_POINT('',(-19.0857864376269,31.,65.5));
#2372=CARTESIAN_POINT('',(-19.0857864376269,31.,65.5));
#2373=CARTESIAN_POINT('',(-20.2071067811865,31.2928932188135,66.5));
#2374=CARTESIAN_POINT('Origin',(-4.,31.5,66.));
#2375=CARTESIAN_POINT('',(-5.,32.,66.5));
#2376=CARTESIAN_POINT('',(-5.,31.,65.5));
#2377=CARTESIAN_POINT('',(-5.,31.678052565431,66.178052565431));
#2378=CARTESIAN_POINT('',(-4.,31.,65.5));
#2379=CARTESIAN_POINT('',(-4.,32.,66.5));
#2380=CARTESIAN_POINT('Origin',(-29.,-11.5,0.));
#2381=CARTESIAN_POINT('',(-28.5,-11.,65.5));
#2382=CARTESIAN_POINT('',(-28.5,-11.,0.));
#2383=CARTESIAN_POINT('',(-29.5,-12.,66.5));
#2384=CARTESIAN_POINT('Origin',(20.5,-33.,1.));
#2385=CARTESIAN_POINT('',(20.5,-34.,2.));
#2386=CARTESIAN_POINT('',(20.5,-33.,1.));
#2387=CARTESIAN_POINT('',(20.5,-33.,1.));
#2388=CARTESIAN_POINT('',(21.5,-33.,2.));
#2389=CARTESIAN_POINT('Origin',(-19.25,-33.5,1.5));
#2390=CARTESIAN_POINT('',(-19.25,-33.,1.));
#2391=CARTESIAN_POINT('Origin',(21.,-4.25000000000001,1.5));
#2392=CARTESIAN_POINT('',(20.5,-4.25000000000001,1.));
#2393=CARTESIAN_POINT('Origin',(21.,-11.5,0.));
#2394=CARTESIAN_POINT('',(20.5,-11.,65.5));
#2395=CARTESIAN_POINT('',(20.5,-11.,0.));
#2396=CARTESIAN_POINT('',(20.5,-11.,65.5));
#2397=CARTESIAN_POINT('Origin',(12.2071067811866,31.2928932188135,66.5));
#2398=CARTESIAN_POINT('',(10.5,32.,66.5));
#2399=CARTESIAN_POINT('',(11.0857864376269,31.,65.5));
#2400=CARTESIAN_POINT('',(10.5,32.,66.5));
#2401=CARTESIAN_POINT('',(12.2071067811866,31.2928932188135,66.5));
#2402=CARTESIAN_POINT('',(12.2071067811866,31.2928932188135,66.5));
#2403=CARTESIAN_POINT('',(11.0857864376269,31.,65.5));
#2404=CARTESIAN_POINT('Origin',(-29.,-33.5,0.));
#2405=CARTESIAN_POINT('Origin',(-18.5,32.,75.));
#2406=CARTESIAN_POINT('',(-19.0857864376269,31.,76.));
#2407=CARTESIAN_POINT('',(-20.2071067811865,31.2928932188135,75.));
#2408=CARTESIAN_POINT('',(-19.0857864376269,31.,76.));
#2409=CARTESIAN_POINT('',(-18.5,32.,75.));
#2410=CARTESIAN_POINT('',(-18.5,32.,75.));
#2411=CARTESIAN_POINT('',(-20.2071067811865,31.2928932188135,75.));
#2412=CARTESIAN_POINT('Origin',(-2.,31.5,75.5));
#2413=CARTESIAN_POINT('',(-5.,31.,76.));
#2414=CARTESIAN_POINT('',(-5.,32.,75.));
#2415=CARTESIAN_POINT('',(-5.,29.0530525654309,77.946947434569));
#2416=CARTESIAN_POINT('',(-2.,32.,75.));
#2417=CARTESIAN_POINT('',(-2.,31.,76.));
#2418=CARTESIAN_POINT('Origin',(-19.3535533905933,31.6464466094067,51.375));
#2419=CARTESIAN_POINT('',(-20.2071067811865,31.2928932188135,51.375));
#2420=CARTESIAN_POINT('',(-18.5,32.,51.375));
#2421=CARTESIAN_POINT('Origin',(-28.7928932188135,22.7071067811865,66.5));
#2422=CARTESIAN_POINT('',(-28.5,21.5857864376269,65.5));
#2423=CARTESIAN_POINT('',(-29.5,21.,66.5));
#2424=CARTESIAN_POINT('',(-28.7928932188135,22.7071067811865,66.5));
#2425=CARTESIAN_POINT('',(-28.7928932188135,22.7071067811865,66.5));
#2426=CARTESIAN_POINT('',(-28.5,21.5857864376269,65.5));
#2427=CARTESIAN_POINT('Origin',(21.,-33.5,0.));
#2428=CARTESIAN_POINT('Origin',(20.7928932188135,22.7071067811865,66.5));
#2429=CARTESIAN_POINT('',(20.5,21.5857864376269,65.5));
#2430=CARTESIAN_POINT('',(20.5,21.5857864376269,65.5));
#2431=CARTESIAN_POINT('',(20.7928932188135,22.7071067811865,66.5));
#2432=CARTESIAN_POINT('',(20.7928932188135,22.7071067811865,66.5));
#2433=CARTESIAN_POINT('',(21.5,21.,66.5));
#2434=CARTESIAN_POINT('Origin',(15.5089466094067,27.2839466094067,66.));
#2435=CARTESIAN_POINT('',(15.8625,27.6375,66.5));
#2436=CARTESIAN_POINT('',(15.1553932188135,26.9303932188135,65.5));
#2437=CARTESIAN_POINT('Origin',(12.2071067811865,31.2928932188135,75.));
#2438=CARTESIAN_POINT('',(11.0857864376269,31.,76.));
#2439=CARTESIAN_POINT('',(10.5,32.,75.));
#2440=CARTESIAN_POINT('',(11.0857864376269,31.,76.));
#2441=CARTESIAN_POINT('',(12.2071067811866,31.2928932188135,75.));
#2442=CARTESIAN_POINT('',(12.2071067811865,31.2928932188135,75.));
#2443=CARTESIAN_POINT('',(10.5,32.,75.));
#2444=CARTESIAN_POINT('Origin',(-28.5,21.5857864376269,76.));
#2445=CARTESIAN_POINT('',(-28.7928932188135,22.7071067811865,75.));
#2446=CARTESIAN_POINT('',(-29.5,21.,75.));
#2447=CARTESIAN_POINT('',(-28.5,21.5857864376269,76.));
#2448=CARTESIAN_POINT('',(-28.5,21.5857864376269,76.));
#2449=CARTESIAN_POINT('',(-28.7928932188135,22.7071067811865,75.));
#2450=CARTESIAN_POINT('Origin',(21.5,21.,75.));
#2451=CARTESIAN_POINT('',(20.5,21.5857864376269,76.));
#2452=CARTESIAN_POINT('',(20.7928932188135,22.7071067811865,75.));
#2453=CARTESIAN_POINT('',(20.5,21.5857864376269,76.));
#2454=CARTESIAN_POINT('',(21.5,21.,75.));
#2455=CARTESIAN_POINT('',(20.7928932188135,22.7071067811865,75.));
#2456=CARTESIAN_POINT('Origin',(-28.5,-33.,76.));
#2457=CARTESIAN_POINT('',(-28.5,-34.,75.));
#2458=CARTESIAN_POINT('',(-28.5,-33.,76.));
#2459=CARTESIAN_POINT('',(-28.5,-33.,76.));
#2460=CARTESIAN_POINT('',(-29.5,-33.,75.));
#2461=CARTESIAN_POINT('Origin',(20.5,-34.,75.));
#2462=CARTESIAN_POINT('',(20.5,-33.,76.));
#2463=CARTESIAN_POINT('',(20.5,-33.,76.));
#2464=CARTESIAN_POINT('',(20.5,-34.,75.));
#2465=CARTESIAN_POINT('',(21.5,-33.,75.));
#2466=CARTESIAN_POINT('Origin',(-19.25,-33.5,75.5));
#2467=CARTESIAN_POINT('',(-19.25,-33.,76.));
#2468=CARTESIAN_POINT('Origin',(-29.,-33.5,0.));
#2469=CARTESIAN_POINT('Origin',(21.,-33.5,0.));
#2470=CARTESIAN_POINT('Origin',(21.,-4.25,75.5));
#2471=CARTESIAN_POINT('',(20.5,-4.25,76.));
#2472=CARTESIAN_POINT('Origin',(-29.,23.25,75.5));
#2473=CARTESIAN_POINT('',(-28.5,23.25,76.));
#2474=CARTESIAN_POINT('Origin',(21.1464466094067,21.8535533905933,17.125));
#2475=CARTESIAN_POINT('',(20.7928932188135,22.7071067811865,17.125));
#2476=CARTESIAN_POINT('Origin',(16.3964466094067,26.3964466094067,75.5));
#2477=CARTESIAN_POINT('',(16.75,26.75,75.));
#2478=CARTESIAN_POINT('',(16.0428932188135,26.0428932188135,76.));
#2479=CARTESIAN_POINT('Origin',(-22.3964466094067,28.3964466094067,75.5));
#2480=CARTESIAN_POINT('',(-22.75,28.75,75.));
#2481=CARTESIAN_POINT('',(-22.0428932188135,28.0428932188135,76.));
#2482=CARTESIAN_POINT('Origin',(-29.1464466094067,21.8535533905933,17.125));
#2483=CARTESIAN_POINT('',(-28.7928932188135,22.7071067811865,17.125));
#2484=CARTESIAN_POINT('Origin',(11.3535533905933,31.6464466094067,51.375));
#2485=CARTESIAN_POINT('',(12.2071067811866,31.2928932188135,51.375));
#2486=CARTESIAN_POINT('',(10.5,32.,51.375));
#2487=CARTESIAN_POINT('Origin',(-2.,31.5,75.5));
#2488=CARTESIAN_POINT('',(-3.,32.,75.));
#2489=CARTESIAN_POINT('',(-3.,31.,76.));
#2490=CARTESIAN_POINT('',(-3.,31.5,75.5));
#2491=CARTESIAN_POINT('',(-2.,31.,76.));
#2492=CARTESIAN_POINT('',(-2.,32.,75.));
#2493=CARTESIAN_POINT('Origin',(21.,-4.475,66.));
#2494=CARTESIAN_POINT('',(20.5,-4.475,65.5));
#2495=CARTESIAN_POINT('Origin',(-23.5089466094067,27.2839466094067,66.));
#2496=CARTESIAN_POINT('',(-23.8625,27.6375,66.5));
#2497=CARTESIAN_POINT('',(-23.1553932188135,26.9303932188135,65.5));
#2498=CARTESIAN_POINT('Origin',(-29.,23.025,66.));
#2499=CARTESIAN_POINT('',(-28.5,23.025,65.5));
#2500=CARTESIAN_POINT('Origin',(-4.,31.5,66.));
#2501=CARTESIAN_POINT('',(-3.,31.,65.5));
#2502=CARTESIAN_POINT('',(-3.,32.,66.5));
#2503=CARTESIAN_POINT('',(-3.,34.125,68.625));
#2504=CARTESIAN_POINT('',(-4.,32.,66.5));
#2505=CARTESIAN_POINT('',(-4.,31.,65.5));
#2506=CARTESIAN_POINT('Origin',(-29.,23.25,1.5));
#2507=CARTESIAN_POINT('',(-28.5,23.25,1.));
#2508=CARTESIAN_POINT('Origin',(-19.25,-11.5,1.5));
#2509=CARTESIAN_POINT('',(-19.25,-11.,2.));
#2510=CARTESIAN_POINT('',(-19.25,-12.,1.));
#2511=CARTESIAN_POINT('Origin',(-4.,32.,68.5));
#2512=CARTESIAN_POINT('',(-5.,32.,72.25));
#2513=CARTESIAN_POINT('Origin',(-5.,22.2122102617238,76.));
#2514=CARTESIAN_POINT('',(-4.99999999999998,21.7608777127596,76.));
#2515=CARTESIAN_POINT('',(-5.,15.8561051308619,76.));
#2516=CARTESIAN_POINT('',(-4.99999999999998,21.7608777127596,65.5));
#2517=CARTESIAN_POINT('',(-5.,21.7608777127594,38.));
#2518=CARTESIAN_POINT('',(-5.,15.6311051308619,65.5));
#2519=CARTESIAN_POINT('',(-5.,29.15,70.75));
#2520=CARTESIAN_POINT('Origin',(-5.,27.,70.75));
#2521=CARTESIAN_POINT('Origin',(0.,9.5,76.));
#2522=CARTESIAN_POINT('',(-3.00000000000002,21.7608777127596,76.));
#2523=CARTESIAN_POINT('',(-3.,20.75,76.));
#2524=CARTESIAN_POINT('Origin',(-4.,8.99999999999999,76.));
#2525=CARTESIAN_POINT('',(-4.99999999999998,-3.76087771275967,76.));
#2526=CARTESIAN_POINT('',(-5.,-0.250000000000007,76.));
#2527=CARTESIAN_POINT('Origin',(-4.,8.99999999999999,76.));
#2528=CARTESIAN_POINT('Origin',(0.,9.49999999999999,1.));
#2529=CARTESIAN_POINT('Origin',(-24.5,27.,34.25));
#2530=CARTESIAN_POINT('',(-20.75,30.75,70.75));
#2531=CARTESIAN_POINT('Origin',(-24.5,27.,70.75));
#2532=CARTESIAN_POINT('Origin',(16.5,27.,34.25));
#2533=CARTESIAN_POINT('Origin',(-5.,-10.,76.));
#2534=CARTESIAN_POINT('',(-4.99999999999998,-3.76087771275967,65.5));
#2535=CARTESIAN_POINT('',(-5.,-0.475000000000009,65.5));
#2536=CARTESIAN_POINT('',(-5.,-3.76087771275943,38.));
#2537=CARTESIAN_POINT('Origin',(-4.,9.04999999999999,65.5));
#2538=CARTESIAN_POINT('Origin',(-4.,8.99999999999999,65.5));
#2539=CARTESIAN_POINT('',(-3.00000000000002,21.7608777127596,65.5));
#2540=CARTESIAN_POINT('Origin',(-4.,8.99999999999999,65.5));
#2541=CARTESIAN_POINT('',(-3.,20.525,65.5));
#2542=CARTESIAN_POINT('',(-24.5,-11.,65.5));
#2543=CARTESIAN_POINT('Origin',(-4.,8.99999999999999,38.));
#2544=CARTESIAN_POINT('',(-3.,21.7608777127594,38.));
#2545=CARTESIAN_POINT('Origin',(-17.,27.,70.75));
#2546=CARTESIAN_POINT('',(-12.5,29.15,70.75));
#2547=CARTESIAN_POINT('Origin',(-12.5,27.,70.75));
#2548=CARTESIAN_POINT('',(-17.,29.15,70.75));
#2549=CARTESIAN_POINT('Origin',(-8.5,27.,70.75));
#2550=CARTESIAN_POINT('',(-3.,28.666,70.75));
#2551=CARTESIAN_POINT('Origin',(-3.,27.,70.75));
#2552=CARTESIAN_POINT('',(12.5,28.666,70.75));
#2553=CARTESIAN_POINT('',(-8.5,28.666,70.75));
#2554=CARTESIAN_POINT('Origin',(12.5,27.,70.75));
#2555=CARTESIAN_POINT('Origin',(13.00051689565,27.,70.75));
#2556=CARTESIAN_POINT('',(13.5010337912999,27.,70.75));
#2557=CARTESIAN_POINT('',(13.00051689565,27.833,70.75));
#2558=CARTESIAN_POINT('Origin',(-12.5,27.,70.75));
#2559=CARTESIAN_POINT('',(-12.5,30.75,70.75));
#2560=CARTESIAN_POINT('Origin',(-12.5,27.,70.75));
#2561=CARTESIAN_POINT('Origin',(-21.,27.,70.75));
#2562=CARTESIAN_POINT('',(-21.,30.75,70.75));
#2563=CARTESIAN_POINT('Origin',(-3.,32.,76.));
#2564=CARTESIAN_POINT('',(-3.,32.,72.25));
#2565=CARTESIAN_POINT('Origin',(-4.,8.99999999999999,38.));
#2566=CARTESIAN_POINT('Origin',(4.44089209850063E-15,-18.,38.5));
#2567=CARTESIAN_POINT('',(-3.5,-18.,51.15));
#2568=CARTESIAN_POINT('Origin',(-3.5,-18.,48.5));
#2569=CARTESIAN_POINT('',(-3.5,-18.,31.15));
#2570=CARTESIAN_POINT('Origin',(-3.5,-18.,28.5));
#2571=CARTESIAN_POINT('Origin',(-38.5,-11.,0.));
#2572=CARTESIAN_POINT('',(-3.5,-11.,34.15));
#2573=CARTESIAN_POINT('Origin',(-3.5,-11.,28.5));
#2574=CARTESIAN_POINT('',(-3.5,-11.,54.15));
#2575=CARTESIAN_POINT('Origin',(-3.5,-11.,48.5));
#2576=CARTESIAN_POINT('Origin',(-4.,32.,68.5));
#2577=CARTESIAN_POINT('Origin',(-3.5,-12.5,28.5));
#2578=CARTESIAN_POINT('',(-3.5,-14.,31.15));
#2579=CARTESIAN_POINT('Origin',(-3.5,-14.,28.5));
#2580=CARTESIAN_POINT('',(-3.5,-12.5,32.65));
#2581=CARTESIAN_POINT('Origin',(-3.5,27.,28.5));
#2582=CARTESIAN_POINT('',(-3.5,27.,31.15));
#2583=CARTESIAN_POINT('Origin',(-3.5,-12.5,48.5));
#2584=CARTESIAN_POINT('',(-3.5,-14.,51.15));
#2585=CARTESIAN_POINT('Origin',(-3.5,-14.,48.5));
#2586=CARTESIAN_POINT('',(-3.5,-12.5,52.65));
#2587=CARTESIAN_POINT('Origin',(-3.5,27.,48.5));
#2588=CARTESIAN_POINT('',(-3.5,27.,51.15));
#2589=UNCERTAINTY_MEASURE_WITH_UNIT(LENGTH_MEASURE(0.01),#2593,
'DISTANCE_ACCURACY_VALUE',
'Maximum model space distance between geometric entities at asserted c
onnectivities');
#2590=UNCERTAINTY_MEASURE_WITH_UNIT(LENGTH_MEASURE(0.01),#2593,
'DISTANCE_ACCURACY_VALUE',
'Maximum model space distance between geometric entities at asserted c
onnectivities');
#2591=(
GEOMETRIC_REPRESENTATION_CONTEXT(3)
GLOBAL_UNCERTAINTY_ASSIGNED_CONTEXT((#2589))
GLOBAL_UNIT_ASSIGNED_CONTEXT((#2593,#2595,#2596))
REPRESENTATION_CONTEXT('','3D')
);
#2592=(
GEOMETRIC_REPRESENTATION_CONTEXT(3)
GLOBAL_UNCERTAINTY_ASSIGNED_CONTEXT((#2590))
GLOBAL_UNIT_ASSIGNED_CONTEXT((#2593,#2595,#2596))
REPRESENTATION_CONTEXT('','3D')
);
#2593=(
LENGTH_UNIT()
NAMED_UNIT(*)
SI_UNIT(.MILLI.,.METRE.)
);
#2594=(
LENGTH_UNIT()
NAMED_UNIT(*)
SI_UNIT($,.METRE.)
);
#2595=(
NAMED_UNIT(*)
PLANE_ANGLE_UNIT()
SI_UNIT($,.RADIAN.)
);
#2596=(
NAMED_UNIT(*)
SI_UNIT($,.STERADIAN.)
SOLID_ANGLE_UNIT()
);
#2597=SHAPE_DEFINITION_REPRESENTATION(#2598,#2599);
#2598=PRODUCT_DEFINITION_SHAPE('',$,#2601);
#2599=SHAPE_REPRESENTATION('',(#1594),#2591);
#2600=PRODUCT_DEFINITION_CONTEXT('part definition',#2605,'design');
#2601=PRODUCT_DEFINITION('2026-03-28-19-01-10-102','clampsled-raw',#2602,
#2600);
#2602=PRODUCT_DEFINITION_FORMATION('',$,#2607);
#2603=PRODUCT_RELATED_PRODUCT_CATEGORY('clampsled-raw','clampsled-raw',
(#2607));
#2604=APPLICATION_PROTOCOL_DEFINITION('international standard',
'automotive_design',2009,#2605);
#2605=APPLICATION_CONTEXT(
'Core Data for Automotive Mechanical Design Process');
#2606=PRODUCT_CONTEXT('part definition',#2605,'mechanical');
#2607=PRODUCT('2026-03-28-19-01-10-102','clampsled-raw',$,(#2606));
#2608=PRESENTATION_STYLE_ASSIGNMENT((#2610));
#2609=PRESENTATION_STYLE_ASSIGNMENT((#2611));
#2610=SURFACE_STYLE_USAGE(.BOTH.,#2612);
#2611=SURFACE_STYLE_USAGE(.BOTH.,#2613);
#2612=SURFACE_SIDE_STYLE('',(#2614));
#2613=SURFACE_SIDE_STYLE('',(#2615));
#2614=SURFACE_STYLE_FILL_AREA(#2616);
#2615=SURFACE_STYLE_FILL_AREA(#2617);
#2616=FILL_AREA_STYLE('Stahl - satiniert',(#2618));
#2617=FILL_AREA_STYLE('Opaque(80,80,80)',(#2619));
#2618=FILL_AREA_STYLE_COLOUR('Stahl - satiniert',#2620);
#2619=FILL_AREA_STYLE_COLOUR('Opaque(80,80,80)',#2621);
#2620=COLOUR_RGB('Stahl - satiniert',0.627450980392157,0.627450980392157,
0.627450980392157);
#2621=COLOUR_RGB('Opaque(80,80,80)',0.313725490196078,0.313725490196078,
0.313725490196078);
ENDSEC;
END-ISO-10303-21;
