ISO-10303-21;
HEADER;
/* Generated by software containing ST-Developer
 * from STEP Tools, Inc. (www.steptools.com) 
 */

FILE_DESCRIPTION(
/* description */ (''),
/* implementation_level */ '2;1');

FILE_NAME(
/* name */ 'faceplate.step',
/* time_stamp */ '2026-08-30T10:36:03+02:00',
/* author */ (''),
/* organization */ (''),
/* preprocessor_version */ 'ST-DEVELOPER v20.1',
/* originating_system */ 'Autodesk Translation Framework v15.8.0.0',
/* authorisation */ '');

FILE_SCHEMA (('AUTOMOTIVE_DESIGN { 1 0 10303 214 3 1 1 }'));
ENDSEC;

DATA;
#10=MECHANICAL_DESIGN_GEOMETRIC_PRESENTATION_REPRESENTATION('',(#13),#5595);
#11=SHAPE_REPRESENTATION_RELATIONSHIP('SRR','None',#5601,#12);
#12=ADVANCED_BREP_SHAPE_REPRESENTATION('',(#14),#5594);
#13=STYLED_ITEM('',(#5612),#14);
#14=MANIFOLD_SOLID_BREP('K\X\F6rper16',#3495);
#15=CONICAL_SURFACE('',#3651,2.,0.785398163397447);
#16=CONICAL_SURFACE('',#3654,2.,0.785398163397448);
#17=CONICAL_SURFACE('',#3657,2.,0.785398163397448);
#18=CONICAL_SURFACE('',#3659,2.,0.785398163397446);
#19=CYLINDRICAL_SURFACE('',#3645,1.);
#20=CYLINDRICAL_SURFACE('',#3647,2.);
#21=CYLINDRICAL_SURFACE('',#3649,2.);
#22=CYLINDRICAL_SURFACE('',#3661,2.5);
#23=CYLINDRICAL_SURFACE('',#3662,2.5);
#24=CYLINDRICAL_SURFACE('',#3670,1.);
#25=CYLINDRICAL_SURFACE('',#3698,2.);
#26=CYLINDRICAL_SURFACE('',#3700,2.);
#27=CYLINDRICAL_SURFACE('',#3703,2.5);
#28=CYLINDRICAL_SURFACE('',#3704,2.5);
#29=CYLINDRICAL_SURFACE('',#3708,1.55);
#30=CYLINDRICAL_SURFACE('',#3709,1.55);
#31=CYLINDRICAL_SURFACE('',#3710,1.55000000000001);
#32=CYLINDRICAL_SURFACE('',#3711,1.55000000000001);
#33=FACE_BOUND('',#302,.T.);
#34=FACE_BOUND('',#303,.T.);
#35=FACE_BOUND('',#304,.T.);
#36=FACE_BOUND('',#305,.T.);
#37=FACE_BOUND('',#306,.T.);
#38=FACE_BOUND('',#322,.T.);
#39=FACE_BOUND('',#377,.T.);
#40=CIRCLE('',#3544,2.5);
#41=CIRCLE('',#3545,2.5);
#42=CIRCLE('',#3546,2.5);
#43=CIRCLE('',#3547,2.5);
#44=CIRCLE('',#3548,1.55000000000001);
#45=CIRCLE('',#3549,1.55);
#46=CIRCLE('',#3550,1.);
#47=CIRCLE('',#3551,2.);
#48=CIRCLE('',#3552,2.);
#49=CIRCLE('',#3553,2.);
#50=CIRCLE('',#3554,2.);
#51=CIRCLE('',#3555,1.);
#52=CIRCLE('',#3556,1.55);
#53=CIRCLE('',#3557,1.55000000000001);
#54=CIRCLE('',#3573,1.5);
#55=CIRCLE('',#3574,1.5);
#56=CIRCLE('',#3575,1.5);
#57=CIRCLE('',#3576,1.5);
#58=CIRCLE('',#3578,1.55000000000001);
#59=CIRCLE('',#3580,1.55000000000001);
#60=CIRCLE('',#3582,1.55);
#61=CIRCLE('',#3584,1.55);
#62=CIRCLE('',#3633,2.);
#63=CIRCLE('',#3634,2.);
#64=CIRCLE('',#3637,1.);
#65=CIRCLE('',#3641,2.);
#66=CIRCLE('',#3642,2.);
#67=CIRCLE('',#3643,1.);
#68=CIRCLE('',#3652,2.5);
#69=CIRCLE('',#3655,2.5);
#70=CIRCLE('',#3658,2.5);
#71=CIRCLE('',#3660,2.5);
#72=CIRCLE('',#3671,1.);
#73=FACE_OUTER_BOUND('',#255,.T.);
#74=FACE_OUTER_BOUND('',#256,.T.);
#75=FACE_OUTER_BOUND('',#257,.T.);
#76=FACE_OUTER_BOUND('',#258,.T.);
#77=FACE_OUTER_BOUND('',#259,.T.);
#78=FACE_OUTER_BOUND('',#260,.T.);
#79=FACE_OUTER_BOUND('',#261,.T.);
#80=FACE_OUTER_BOUND('',#262,.T.);
#81=FACE_OUTER_BOUND('',#263,.T.);
#82=FACE_OUTER_BOUND('',#264,.T.);
#83=FACE_OUTER_BOUND('',#265,.T.);
#84=FACE_OUTER_BOUND('',#266,.T.);
#85=FACE_OUTER_BOUND('',#267,.T.);
#86=FACE_OUTER_BOUND('',#268,.T.);
#87=FACE_OUTER_BOUND('',#269,.T.);
#88=FACE_OUTER_BOUND('',#270,.T.);
#89=FACE_OUTER_BOUND('',#271,.T.);
#90=FACE_OUTER_BOUND('',#272,.T.);
#91=FACE_OUTER_BOUND('',#273,.T.);
#92=FACE_OUTER_BOUND('',#274,.T.);
#93=FACE_OUTER_BOUND('',#275,.T.);
#94=FACE_OUTER_BOUND('',#276,.T.);
#95=FACE_OUTER_BOUND('',#277,.T.);
#96=FACE_OUTER_BOUND('',#278,.T.);
#97=FACE_OUTER_BOUND('',#279,.T.);
#98=FACE_OUTER_BOUND('',#280,.T.);
#99=FACE_OUTER_BOUND('',#281,.T.);
#100=FACE_OUTER_BOUND('',#282,.T.);
#101=FACE_OUTER_BOUND('',#283,.T.);
#102=FACE_OUTER_BOUND('',#284,.T.);
#103=FACE_OUTER_BOUND('',#285,.T.);
#104=FACE_OUTER_BOUND('',#286,.T.);
#105=FACE_OUTER_BOUND('',#287,.T.);
#106=FACE_OUTER_BOUND('',#288,.T.);
#107=FACE_OUTER_BOUND('',#289,.T.);
#108=FACE_OUTER_BOUND('',#290,.T.);
#109=FACE_OUTER_BOUND('',#291,.T.);
#110=FACE_OUTER_BOUND('',#292,.T.);
#111=FACE_OUTER_BOUND('',#293,.T.);
#112=FACE_OUTER_BOUND('',#294,.T.);
#113=FACE_OUTER_BOUND('',#295,.T.);
#114=FACE_OUTER_BOUND('',#296,.T.);
#115=FACE_OUTER_BOUND('',#297,.T.);
#116=FACE_OUTER_BOUND('',#298,.T.);
#117=FACE_OUTER_BOUND('',#299,.T.);
#118=FACE_OUTER_BOUND('',#300,.T.);
#119=FACE_OUTER_BOUND('',#301,.T.);
#120=FACE_OUTER_BOUND('',#307,.T.);
#121=FACE_OUTER_BOUND('',#308,.T.);
#122=FACE_OUTER_BOUND('',#309,.T.);
#123=FACE_OUTER_BOUND('',#310,.T.);
#124=FACE_OUTER_BOUND('',#311,.T.);
#125=FACE_OUTER_BOUND('',#312,.T.);
#126=FACE_OUTER_BOUND('',#313,.T.);
#127=FACE_OUTER_BOUND('',#314,.T.);
#128=FACE_OUTER_BOUND('',#315,.T.);
#129=FACE_OUTER_BOUND('',#316,.T.);
#130=FACE_OUTER_BOUND('',#317,.T.);
#131=FACE_OUTER_BOUND('',#318,.T.);
#132=FACE_OUTER_BOUND('',#319,.T.);
#133=FACE_OUTER_BOUND('',#320,.T.);
#134=FACE_OUTER_BOUND('',#321,.T.);
#135=FACE_OUTER_BOUND('',#323,.T.);
#136=FACE_OUTER_BOUND('',#324,.T.);
#137=FACE_OUTER_BOUND('',#325,.T.);
#138=FACE_OUTER_BOUND('',#326,.T.);
#139=FACE_OUTER_BOUND('',#327,.T.);
#140=FACE_OUTER_BOUND('',#328,.T.);
#141=FACE_OUTER_BOUND('',#329,.T.);
#142=FACE_OUTER_BOUND('',#330,.T.);
#143=FACE_OUTER_BOUND('',#331,.T.);
#144=FACE_OUTER_BOUND('',#332,.T.);
#145=FACE_OUTER_BOUND('',#333,.T.);
#146=FACE_OUTER_BOUND('',#334,.T.);
#147=FACE_OUTER_BOUND('',#335,.T.);
#148=FACE_OUTER_BOUND('',#336,.T.);
#149=FACE_OUTER_BOUND('',#337,.T.);
#150=FACE_OUTER_BOUND('',#338,.T.);
#151=FACE_OUTER_BOUND('',#339,.T.);
#152=FACE_OUTER_BOUND('',#340,.T.);
#153=FACE_OUTER_BOUND('',#341,.T.);
#154=FACE_OUTER_BOUND('',#342,.T.);
#155=FACE_OUTER_BOUND('',#343,.T.);
#156=FACE_OUTER_BOUND('',#344,.T.);
#157=FACE_OUTER_BOUND('',#345,.T.);
#158=FACE_OUTER_BOUND('',#346,.T.);
#159=FACE_OUTER_BOUND('',#347,.T.);
#160=FACE_OUTER_BOUND('',#348,.T.);
#161=FACE_OUTER_BOUND('',#349,.T.);
#162=FACE_OUTER_BOUND('',#350,.T.);
#163=FACE_OUTER_BOUND('',#351,.T.);
#164=FACE_OUTER_BOUND('',#352,.T.);
#165=FACE_OUTER_BOUND('',#353,.T.);
#166=FACE_OUTER_BOUND('',#354,.T.);
#167=FACE_OUTER_BOUND('',#355,.T.);
#168=FACE_OUTER_BOUND('',#356,.T.);
#169=FACE_OUTER_BOUND('',#357,.T.);
#170=FACE_OUTER_BOUND('',#358,.T.);
#171=FACE_OUTER_BOUND('',#359,.T.);
#172=FACE_OUTER_BOUND('',#360,.T.);
#173=FACE_OUTER_BOUND('',#361,.T.);
#174=FACE_OUTER_BOUND('',#362,.T.);
#175=FACE_OUTER_BOUND('',#363,.T.);
#176=FACE_OUTER_BOUND('',#364,.T.);
#177=FACE_OUTER_BOUND('',#365,.T.);
#178=FACE_OUTER_BOUND('',#366,.T.);
#179=FACE_OUTER_BOUND('',#367,.T.);
#180=FACE_OUTER_BOUND('',#368,.T.);
#181=FACE_OUTER_BOUND('',#369,.T.);
#182=FACE_OUTER_BOUND('',#370,.T.);
#183=FACE_OUTER_BOUND('',#371,.T.);
#184=FACE_OUTER_BOUND('',#372,.T.);
#185=FACE_OUTER_BOUND('',#373,.T.);
#186=FACE_OUTER_BOUND('',#374,.T.);
#187=FACE_OUTER_BOUND('',#375,.T.);
#188=FACE_OUTER_BOUND('',#376,.T.);
#189=FACE_OUTER_BOUND('',#378,.T.);
#190=FACE_OUTER_BOUND('',#379,.T.);
#191=FACE_OUTER_BOUND('',#380,.T.);
#192=FACE_OUTER_BOUND('',#381,.T.);
#193=FACE_OUTER_BOUND('',#382,.T.);
#194=FACE_OUTER_BOUND('',#383,.T.);
#195=FACE_OUTER_BOUND('',#384,.T.);
#196=FACE_OUTER_BOUND('',#385,.T.);
#197=FACE_OUTER_BOUND('',#386,.T.);
#198=FACE_OUTER_BOUND('',#387,.T.);
#199=FACE_OUTER_BOUND('',#388,.T.);
#200=FACE_OUTER_BOUND('',#389,.T.);
#201=FACE_OUTER_BOUND('',#390,.T.);
#202=FACE_OUTER_BOUND('',#391,.T.);
#203=FACE_OUTER_BOUND('',#392,.T.);
#204=FACE_OUTER_BOUND('',#393,.T.);
#205=FACE_OUTER_BOUND('',#394,.T.);
#206=FACE_OUTER_BOUND('',#395,.T.);
#207=FACE_OUTER_BOUND('',#396,.T.);
#208=FACE_OUTER_BOUND('',#397,.T.);
#209=FACE_OUTER_BOUND('',#398,.T.);
#210=FACE_OUTER_BOUND('',#399,.T.);
#211=FACE_OUTER_BOUND('',#400,.T.);
#212=FACE_OUTER_BOUND('',#401,.T.);
#213=FACE_OUTER_BOUND('',#402,.T.);
#214=FACE_OUTER_BOUND('',#403,.T.);
#215=FACE_OUTER_BOUND('',#404,.T.);
#216=FACE_OUTER_BOUND('',#405,.T.);
#217=FACE_OUTER_BOUND('',#406,.T.);
#218=FACE_OUTER_BOUND('',#407,.T.);
#219=FACE_OUTER_BOUND('',#408,.T.);
#220=FACE_OUTER_BOUND('',#409,.T.);
#221=FACE_OUTER_BOUND('',#410,.T.);
#222=FACE_OUTER_BOUND('',#411,.T.);
#223=FACE_OUTER_BOUND('',#412,.T.);
#224=FACE_OUTER_BOUND('',#413,.T.);
#225=FACE_OUTER_BOUND('',#414,.T.);
#226=FACE_OUTER_BOUND('',#415,.T.);
#227=FACE_OUTER_BOUND('',#416,.T.);
#228=FACE_OUTER_BOUND('',#417,.T.);
#229=FACE_OUTER_BOUND('',#418,.T.);
#230=FACE_OUTER_BOUND('',#419,.T.);
#231=FACE_OUTER_BOUND('',#420,.T.);
#232=FACE_OUTER_BOUND('',#421,.T.);
#233=FACE_OUTER_BOUND('',#422,.T.);
#234=FACE_OUTER_BOUND('',#423,.T.);
#235=FACE_OUTER_BOUND('',#424,.T.);
#236=FACE_OUTER_BOUND('',#425,.T.);
#237=FACE_OUTER_BOUND('',#426,.T.);
#238=FACE_OUTER_BOUND('',#427,.T.);
#239=FACE_OUTER_BOUND('',#428,.T.);
#240=FACE_OUTER_BOUND('',#429,.T.);
#241=FACE_OUTER_BOUND('',#430,.T.);
#242=FACE_OUTER_BOUND('',#431,.T.);
#243=FACE_OUTER_BOUND('',#432,.T.);
#244=FACE_OUTER_BOUND('',#433,.T.);
#245=FACE_OUTER_BOUND('',#434,.T.);
#246=FACE_OUTER_BOUND('',#435,.T.);
#247=FACE_OUTER_BOUND('',#436,.T.);
#248=FACE_OUTER_BOUND('',#437,.T.);
#249=FACE_OUTER_BOUND('',#438,.T.);
#250=FACE_OUTER_BOUND('',#439,.T.);
#251=FACE_OUTER_BOUND('',#440,.T.);
#252=FACE_OUTER_BOUND('',#441,.T.);
#253=FACE_OUTER_BOUND('',#442,.T.);
#254=FACE_OUTER_BOUND('',#443,.T.);
#255=EDGE_LOOP('',(#2167,#2168,#2169,#2170));
#256=EDGE_LOOP('',(#2171,#2172,#2173,#2174,#2175));
#257=EDGE_LOOP('',(#2176,#2177,#2178,#2179));
#258=EDGE_LOOP('',(#2180,#2181,#2182,#2183));
#259=EDGE_LOOP('',(#2184,#2185,#2186,#2187,#2188));
#260=EDGE_LOOP('',(#2189,#2190,#2191,#2192));
#261=EDGE_LOOP('',(#2193,#2194,#2195,#2196));
#262=EDGE_LOOP('',(#2197,#2198,#2199,#2200,#2201));
#263=EDGE_LOOP('',(#2202,#2203,#2204,#2205));
#264=EDGE_LOOP('',(#2206,#2207,#2208,#2209));
#265=EDGE_LOOP('',(#2210,#2211,#2212,#2213,#2214));
#266=EDGE_LOOP('',(#2215,#2216,#2217,#2218));
#267=EDGE_LOOP('',(#2219,#2220,#2221,#2222,#2223,#2224,#2225));
#268=EDGE_LOOP('',(#2226,#2227,#2228,#2229));
#269=EDGE_LOOP('',(#2230,#2231,#2232,#2233));
#270=EDGE_LOOP('',(#2234,#2235,#2236,#2237));
#271=EDGE_LOOP('',(#2238,#2239,#2240,#2241));
#272=EDGE_LOOP('',(#2242,#2243,#2244,#2245));
#273=EDGE_LOOP('',(#2246,#2247,#2248,#2249));
#274=EDGE_LOOP('',(#2250,#2251,#2252,#2253));
#275=EDGE_LOOP('',(#2254,#2255,#2256,#2257));
#276=EDGE_LOOP('',(#2258,#2259,#2260,#2261));
#277=EDGE_LOOP('',(#2262,#2263,#2264,#2265));
#278=EDGE_LOOP('',(#2266,#2267,#2268,#2269));
#279=EDGE_LOOP('',(#2270,#2271,#2272,#2273));
#280=EDGE_LOOP('',(#2274,#2275,#2276,#2277));
#281=EDGE_LOOP('',(#2278,#2279,#2280,#2281));
#282=EDGE_LOOP('',(#2282,#2283,#2284,#2285));
#283=EDGE_LOOP('',(#2286,#2287,#2288,#2289));
#284=EDGE_LOOP('',(#2290,#2291,#2292,#2293));
#285=EDGE_LOOP('',(#2294,#2295,#2296,#2297));
#286=EDGE_LOOP('',(#2298,#2299,#2300,#2301));
#287=EDGE_LOOP('',(#2302,#2303,#2304,#2305));
#288=EDGE_LOOP('',(#2306,#2307,#2308,#2309));
#289=EDGE_LOOP('',(#2310,#2311,#2312,#2313));
#290=EDGE_LOOP('',(#2314,#2315,#2316,#2317));
#291=EDGE_LOOP('',(#2318,#2319,#2320,#2321));
#292=EDGE_LOOP('',(#2322,#2323,#2324,#2325,#2326,#2327,#2328,#2329,#2330,
#2331,#2332));
#293=EDGE_LOOP('',(#2333,#2334,#2335,#2336,#2337,#2338,#2339,#2340,#2341,
#2342,#2343));
#294=EDGE_LOOP('',(#2344,#2345,#2346,#2347,#2348,#2349,#2350,#2351));
#295=EDGE_LOOP('',(#2352,#2353,#2354,#2355));
#296=EDGE_LOOP('',(#2356,#2357,#2358,#2359,#2360,#2361,#2362,#2363));
#297=EDGE_LOOP('',(#2364,#2365,#2366,#2367));
#298=EDGE_LOOP('',(#2368,#2369,#2370,#2371));
#299=EDGE_LOOP('',(#2372,#2373,#2374,#2375,#2376,#2377,#2378,#2379,#2380,
#2381,#2382));
#300=EDGE_LOOP('',(#2383,#2384,#2385,#2386,#2387,#2388,#2389,#2390,#2391,
#2392,#2393));
#301=EDGE_LOOP('',(#2394,#2395,#2396,#2397,#2398,#2399,#2400,#2401,#2402,
#2403,#2404,#2405,#2406,#2407,#2408,#2409,#2410,#2411,#2412,#2413,#2414,
#2415,#2416,#2417,#2418,#2419,#2420,#2421,#2422,#2423,#2424,#2425,#2426,
#2427,#2428,#2429,#2430,#2431,#2432,#2433));
#302=EDGE_LOOP('',(#2434));
#303=EDGE_LOOP('',(#2435));
#304=EDGE_LOOP('',(#2436,#2437,#2438,#2439,#2440,#2441,#2442,#2443,#2444,
#2445,#2446,#2447,#2448,#2449));
#305=EDGE_LOOP('',(#2450));
#306=EDGE_LOOP('',(#2451));
#307=EDGE_LOOP('',(#2452,#2453,#2454,#2455));
#308=EDGE_LOOP('',(#2456,#2457,#2458,#2459));
#309=EDGE_LOOP('',(#2460,#2461,#2462,#2463));
#310=EDGE_LOOP('',(#2464,#2465,#2466,#2467,#2468,#2469,#2470,#2471));
#311=EDGE_LOOP('',(#2472,#2473,#2474,#2475));
#312=EDGE_LOOP('',(#2476,#2477,#2478,#2479));
#313=EDGE_LOOP('',(#2480,#2481,#2482,#2483,#2484,#2485,#2486,#2487,#2488,
#2489,#2490));
#314=EDGE_LOOP('',(#2491,#2492,#2493,#2494,#2495,#2496,#2497,#2498,#2499,
#2500,#2501));
#315=EDGE_LOOP('',(#2502,#2503,#2504,#2505));
#316=EDGE_LOOP('',(#2506,#2507,#2508,#2509));
#317=EDGE_LOOP('',(#2510,#2511,#2512,#2513,#2514,#2515,#2516,#2517,#2518,
#2519,#2520));
#318=EDGE_LOOP('',(#2521,#2522,#2523,#2524));
#319=EDGE_LOOP('',(#2525,#2526,#2527,#2528,#2529,#2530,#2531,#2532,#2533,
#2534,#2535));
#320=EDGE_LOOP('',(#2536,#2537,#2538,#2539));
#321=EDGE_LOOP('',(#2540,#2541,#2542,#2543,#2544,#2545,#2546,#2547,#2548,
#2549,#2550,#2551,#2552,#2553,#2554,#2555,#2556,#2557,#2558,#2559,#2560,
#2561,#2562,#2563));
#322=EDGE_LOOP('',(#2564,#2565,#2566,#2567));
#323=EDGE_LOOP('',(#2568));
#324=EDGE_LOOP('',(#2569));
#325=EDGE_LOOP('',(#2570));
#326=EDGE_LOOP('',(#2571));
#327=EDGE_LOOP('',(#2572,#2573,#2574,#2575,#2576));
#328=EDGE_LOOP('',(#2577,#2578,#2579,#2580,#2581));
#329=EDGE_LOOP('',(#2582,#2583,#2584,#2585,#2586));
#330=EDGE_LOOP('',(#2587,#2588,#2589,#2590,#2591));
#331=EDGE_LOOP('',(#2592,#2593,#2594,#2595,#2596));
#332=EDGE_LOOP('',(#2597,#2598,#2599,#2600));
#333=EDGE_LOOP('',(#2601,#2602,#2603,#2604));
#334=EDGE_LOOP('',(#2605,#2606,#2607,#2608,#2609));
#335=EDGE_LOOP('',(#2610,#2611,#2612,#2613));
#336=EDGE_LOOP('',(#2614,#2615,#2616,#2617,#2618,#2619));
#337=EDGE_LOOP('',(#2620,#2621,#2622,#2623));
#338=EDGE_LOOP('',(#2624,#2625,#2626,#2627));
#339=EDGE_LOOP('',(#2628,#2629,#2630,#2631));
#340=EDGE_LOOP('',(#2632,#2633,#2634,#2635));
#341=EDGE_LOOP('',(#2636,#2637,#2638,#2639));
#342=EDGE_LOOP('',(#2640,#2641,#2642,#2643,#2644));
#343=EDGE_LOOP('',(#2645,#2646,#2647,#2648));
#344=EDGE_LOOP('',(#2649,#2650,#2651,#2652,#2653,#2654));
#345=EDGE_LOOP('',(#2655,#2656,#2657,#2658));
#346=EDGE_LOOP('',(#2659,#2660,#2661,#2662));
#347=EDGE_LOOP('',(#2663,#2664,#2665,#2666));
#348=EDGE_LOOP('',(#2667,#2668,#2669,#2670,#2671,#2672,#2673,#2674));
#349=EDGE_LOOP('',(#2675,#2676,#2677,#2678));
#350=EDGE_LOOP('',(#2679,#2680,#2681,#2682));
#351=EDGE_LOOP('',(#2683,#2684,#2685,#2686,#2687));
#352=EDGE_LOOP('',(#2688,#2689,#2690,#2691));
#353=EDGE_LOOP('',(#2692,#2693,#2694,#2695,#2696,#2697));
#354=EDGE_LOOP('',(#2698,#2699,#2700,#2701));
#355=EDGE_LOOP('',(#2702,#2703,#2704,#2705));
#356=EDGE_LOOP('',(#2706,#2707,#2708,#2709));
#357=EDGE_LOOP('',(#2710,#2711,#2712,#2713));
#358=EDGE_LOOP('',(#2714,#2715,#2716,#2717));
#359=EDGE_LOOP('',(#2718,#2719,#2720,#2721,#2722));
#360=EDGE_LOOP('',(#2723,#2724,#2725,#2726));
#361=EDGE_LOOP('',(#2727,#2728,#2729,#2730,#2731,#2732));
#362=EDGE_LOOP('',(#2733,#2734,#2735,#2736));
#363=EDGE_LOOP('',(#2737,#2738,#2739,#2740));
#364=EDGE_LOOP('',(#2741,#2742,#2743,#2744));
#365=EDGE_LOOP('',(#2745,#2746,#2747,#2748));
#366=EDGE_LOOP('',(#2749,#2750,#2751,#2752));
#367=EDGE_LOOP('',(#2753,#2754,#2755,#2756));
#368=EDGE_LOOP('',(#2757,#2758,#2759,#2760));
#369=EDGE_LOOP('',(#2761,#2762,#2763,#2764,#2765,#2766));
#370=EDGE_LOOP('',(#2767,#2768,#2769,#2770));
#371=EDGE_LOOP('',(#2771,#2772,#2773,#2774,#2775,#2776,#2777,#2778));
#372=EDGE_LOOP('',(#2779,#2780,#2781,#2782));
#373=EDGE_LOOP('',(#2783,#2784,#2785,#2786));
#374=EDGE_LOOP('',(#2787,#2788,#2789,#2790,#2791,#2792,#2793,#2794));
#375=EDGE_LOOP('',(#2795,#2796,#2797,#2798));
#376=EDGE_LOOP('',(#2799,#2800,#2801,#2802,#2803,#2804,#2805,#2806,#2807,
#2808,#2809,#2810,#2811,#2812,#2813,#2814,#2815,#2816,#2817,#2818,#2819,
#2820,#2821,#2822,#2823,#2824,#2825));
#377=EDGE_LOOP('',(#2826,#2827,#2828,#2829));
#378=EDGE_LOOP('',(#2830,#2831,#2832,#2833));
#379=EDGE_LOOP('',(#2834,#2835,#2836,#2837));
#380=EDGE_LOOP('',(#2838,#2839,#2840,#2841,#2842,#2843,#2844,#2845,#2846,
#2847,#2848));
#381=EDGE_LOOP('',(#2849,#2850,#2851,#2852));
#382=EDGE_LOOP('',(#2853,#2854,#2855,#2856));
#383=EDGE_LOOP('',(#2857,#2858,#2859,#2860));
#384=EDGE_LOOP('',(#2861,#2862,#2863,#2864));
#385=EDGE_LOOP('',(#2865,#2866,#2867,#2868));
#386=EDGE_LOOP('',(#2869,#2870,#2871,#2872));
#387=EDGE_LOOP('',(#2873,#2874,#2875,#2876));
#388=EDGE_LOOP('',(#2877,#2878,#2879,#2880));
#389=EDGE_LOOP('',(#2881,#2882,#2883,#2884));
#390=EDGE_LOOP('',(#2885,#2886,#2887,#2888));
#391=EDGE_LOOP('',(#2889,#2890,#2891,#2892));
#392=EDGE_LOOP('',(#2893,#2894,#2895,#2896));
#393=EDGE_LOOP('',(#2897,#2898,#2899,#2900));
#394=EDGE_LOOP('',(#2901,#2902,#2903,#2904,#2905));
#395=EDGE_LOOP('',(#2906,#2907,#2908,#2909,#2910));
#396=EDGE_LOOP('',(#2911,#2912,#2913,#2914,#2915,#2916,#2917,#2918));
#397=EDGE_LOOP('',(#2919,#2920,#2921,#2922));
#398=EDGE_LOOP('',(#2923,#2924,#2925,#2926,#2927));
#399=EDGE_LOOP('',(#2928,#2929,#2930,#2931));
#400=EDGE_LOOP('',(#2932,#2933,#2934,#2935));
#401=EDGE_LOOP('',(#2936,#2937,#2938,#2939,#2940,#2941,#2942,#2943,#2944,
#2945,#2946,#2947,#2948,#2949));
#402=EDGE_LOOP('',(#2950,#2951,#2952,#2953));
#403=EDGE_LOOP('',(#2954,#2955,#2956,#2957,#2958,#2959));
#404=EDGE_LOOP('',(#2960,#2961,#2962,#2963));
#405=EDGE_LOOP('',(#2964,#2965,#2966,#2967));
#406=EDGE_LOOP('',(#2968,#2969,#2970,#2971));
#407=EDGE_LOOP('',(#2972,#2973,#2974,#2975));
#408=EDGE_LOOP('',(#2976,#2977,#2978,#2979));
#409=EDGE_LOOP('',(#2980,#2981,#2982,#2983));
#410=EDGE_LOOP('',(#2984,#2985,#2986,#2987));
#411=EDGE_LOOP('',(#2988,#2989,#2990,#2991,#2992));
#412=EDGE_LOOP('',(#2993,#2994,#2995,#2996));
#413=EDGE_LOOP('',(#2997,#2998,#2999,#3000,#3001,#3002));
#414=EDGE_LOOP('',(#3003,#3004,#3005,#3006,#3007,#3008,#3009));
#415=EDGE_LOOP('',(#3010,#3011,#3012,#3013));
#416=EDGE_LOOP('',(#3014,#3015,#3016,#3017));
#417=EDGE_LOOP('',(#3018,#3019,#3020,#3021));
#418=EDGE_LOOP('',(#3022,#3023,#3024,#3025));
#419=EDGE_LOOP('',(#3026,#3027,#3028,#3029));
#420=EDGE_LOOP('',(#3030,#3031,#3032,#3033));
#421=EDGE_LOOP('',(#3034,#3035,#3036,#3037,#3038));
#422=EDGE_LOOP('',(#3039,#3040,#3041,#3042));
#423=EDGE_LOOP('',(#3043,#3044,#3045,#3046,#3047,#3048,#3049,#3050,#3051,
#3052,#3053,#3054));
#424=EDGE_LOOP('',(#3055,#3056,#3057,#3058,#3059,#3060,#3061));
#425=EDGE_LOOP('',(#3062,#3063,#3064,#3065));
#426=EDGE_LOOP('',(#3066,#3067,#3068,#3069,#3070,#3071,#3072));
#427=EDGE_LOOP('',(#3073,#3074,#3075,#3076));
#428=EDGE_LOOP('',(#3077,#3078,#3079,#3080));
#429=EDGE_LOOP('',(#3081,#3082,#3083,#3084,#3085,#3086,#3087,#3088,#3089,
#3090));
#430=EDGE_LOOP('',(#3091,#3092,#3093,#3094));
#431=EDGE_LOOP('',(#3095,#3096,#3097,#3098));
#432=EDGE_LOOP('',(#3099,#3100,#3101,#3102));
#433=EDGE_LOOP('',(#3103,#3104,#3105,#3106));
#434=EDGE_LOOP('',(#3107,#3108,#3109,#3110));
#435=EDGE_LOOP('',(#3111,#3112,#3113,#3114,#3115));
#436=EDGE_LOOP('',(#3116,#3117,#3118,#3119,#3120));
#437=EDGE_LOOP('',(#3121,#3122,#3123,#3124));
#438=EDGE_LOOP('',(#3125,#3126,#3127,#3128));
#439=EDGE_LOOP('',(#3129,#3130,#3131,#3132));
#440=EDGE_LOOP('',(#3133,#3134,#3135,#3136));
#441=EDGE_LOOP('',(#3137,#3138,#3139,#3140));
#442=EDGE_LOOP('',(#3141,#3142,#3143,#3144));
#443=EDGE_LOOP('',(#3145,#3146,#3147,#3148));
#444=LINE('',#4606,#902);
#445=LINE('',#4608,#903);
#446=LINE('',#4610,#904);
#447=LINE('',#4611,#905);
#448=LINE('',#4614,#906);
#449=LINE('',#4616,#907);
#450=LINE('',#4618,#908);
#451=LINE('',#4619,#909);
#452=LINE('',#4622,#910);
#453=LINE('',#4623,#911);
#454=LINE('',#4627,#912);
#455=LINE('',#4629,#913);
#456=LINE('',#4631,#914);
#457=LINE('',#4632,#915);
#458=LINE('',#4635,#916);
#459=LINE('',#4637,#917);
#460=LINE('',#4639,#918);
#461=LINE('',#4640,#919);
#462=LINE('',#4643,#920);
#463=LINE('',#4644,#921);
#464=LINE('',#4648,#922);
#465=LINE('',#4650,#923);
#466=LINE('',#4652,#924);
#467=LINE('',#4653,#925);
#468=LINE('',#4656,#926);
#469=LINE('',#4658,#927);
#470=LINE('',#4660,#928);
#471=LINE('',#4661,#929);
#472=LINE('',#4664,#930);
#473=LINE('',#4665,#931);
#474=LINE('',#4669,#932);
#475=LINE('',#4671,#933);
#476=LINE('',#4673,#934);
#477=LINE('',#4674,#935);
#478=LINE('',#4677,#936);
#479=LINE('',#4679,#937);
#480=LINE('',#4681,#938);
#481=LINE('',#4682,#939);
#482=LINE('',#4685,#940);
#483=LINE('',#4686,#941);
#484=LINE('',#4690,#942);
#485=LINE('',#4692,#943);
#486=LINE('',#4694,#944);
#487=LINE('',#4696,#945);
#488=LINE('',#4698,#946);
#489=LINE('',#4700,#947);
#490=LINE('',#4701,#948);
#491=LINE('',#4704,#949);
#492=LINE('',#4706,#950);
#493=LINE('',#4707,#951);
#494=LINE('',#4711,#952);
#495=LINE('',#4713,#953);
#496=LINE('',#4715,#954);
#497=LINE('',#4716,#955);
#498=LINE('',#4719,#956);
#499=LINE('',#4721,#957);
#500=LINE('',#4722,#958);
#501=LINE('',#4725,#959);
#502=LINE('',#4727,#960);
#503=LINE('',#4728,#961);
#504=LINE('',#4731,#962);
#505=LINE('',#4733,#963);
#506=LINE('',#4734,#964);
#507=LINE('',#4738,#965);
#508=LINE('',#4740,#966);
#509=LINE('',#4742,#967);
#510=LINE('',#4743,#968);
#511=LINE('',#4746,#969);
#512=LINE('',#4748,#970);
#513=LINE('',#4749,#971);
#514=LINE('',#4752,#972);
#515=LINE('',#4754,#973);
#516=LINE('',#4755,#974);
#517=LINE('',#4758,#975);
#518=LINE('',#4760,#976);
#519=LINE('',#4761,#977);
#520=LINE('',#4765,#978);
#521=LINE('',#4767,#979);
#522=LINE('',#4769,#980);
#523=LINE('',#4770,#981);
#524=LINE('',#4773,#982);
#525=LINE('',#4775,#983);
#526=LINE('',#4776,#984);
#527=LINE('',#4779,#985);
#528=LINE('',#4781,#986);
#529=LINE('',#4782,#987);
#530=LINE('',#4785,#988);
#531=LINE('',#4787,#989);
#532=LINE('',#4788,#990);
#533=LINE('',#4792,#991);
#534=LINE('',#4794,#992);
#535=LINE('',#4796,#993);
#536=LINE('',#4797,#994);
#537=LINE('',#4800,#995);
#538=LINE('',#4802,#996);
#539=LINE('',#4803,#997);
#540=LINE('',#4806,#998);
#541=LINE('',#4808,#999);
#542=LINE('',#4809,#1000);
#543=LINE('',#4812,#1001);
#544=LINE('',#4814,#1002);
#545=LINE('',#4815,#1003);
#546=LINE('',#4818,#1004);
#547=LINE('',#4820,#1005);
#548=LINE('',#4821,#1006);
#549=LINE('',#4824,#1007);
#550=LINE('',#4826,#1008);
#551=LINE('',#4827,#1009);
#552=LINE('',#4830,#1010);
#553=LINE('',#4832,#1011);
#554=LINE('',#4833,#1012);
#555=LINE('',#4836,#1013);
#556=LINE('',#4838,#1014);
#557=LINE('',#4839,#1015);
#558=LINE('',#4842,#1016);
#559=LINE('',#4844,#1017);
#560=LINE('',#4845,#1018);
#561=LINE('',#4849,#1019);
#562=LINE('',#4851,#1020);
#563=LINE('',#4853,#1021);
#564=LINE('',#4854,#1022);
#565=LINE('',#4857,#1023);
#566=LINE('',#4859,#1024);
#567=LINE('',#4860,#1025);
#568=LINE('',#4863,#1026);
#569=LINE('',#4865,#1027);
#570=LINE('',#4867,#1028);
#571=LINE('',#4869,#1029);
#572=LINE('',#4870,#1030);
#573=LINE('',#4873,#1031);
#574=LINE('',#4875,#1032);
#575=LINE('',#4877,#1033);
#576=LINE('',#4879,#1034);
#577=LINE('',#4880,#1035);
#578=LINE('',#4884,#1036);
#579=LINE('',#4886,#1037);
#580=LINE('',#4888,#1038);
#581=LINE('',#4889,#1039);
#582=LINE('',#4891,#1040);
#583=LINE('',#4893,#1041);
#584=LINE('',#4894,#1042);
#585=LINE('',#4898,#1043);
#586=LINE('',#4899,#1044);
#587=LINE('',#4900,#1045);
#588=LINE('',#4903,#1046);
#589=LINE('',#4905,#1047);
#590=LINE('',#4906,#1048);
#591=LINE('',#4908,#1049);
#592=LINE('',#4910,#1050);
#593=LINE('',#4911,#1051);
#594=LINE('',#4914,#1052);
#595=LINE('',#4916,#1053);
#596=LINE('',#4917,#1054);
#597=LINE('',#4920,#1055);
#598=LINE('',#4921,#1056);
#599=LINE('',#4924,#1057);
#600=LINE('',#4926,#1058);
#601=LINE('',#4928,#1059);
#602=LINE('',#4930,#1060);
#603=LINE('',#4931,#1061);
#604=LINE('',#4933,#1062);
#605=LINE('',#4935,#1063);
#606=LINE('',#4937,#1064);
#607=LINE('',#4939,#1065);
#608=LINE('',#4941,#1066);
#609=LINE('',#4942,#1067);
#610=LINE('',#4945,#1068);
#611=LINE('',#4947,#1069);
#612=LINE('',#4949,#1070);
#613=LINE('',#4953,#1071);
#614=LINE('',#4957,#1072);
#615=LINE('',#4959,#1073);
#616=LINE('',#4961,#1074);
#617=LINE('',#4963,#1075);
#618=LINE('',#4964,#1076);
#619=LINE('',#4966,#1077);
#620=LINE('',#4967,#1078);
#621=LINE('',#4969,#1079);
#622=LINE('',#4971,#1080);
#623=LINE('',#4973,#1081);
#624=LINE('',#4975,#1082);
#625=LINE('',#4979,#1083);
#626=LINE('',#4981,#1084);
#627=LINE('',#4983,#1085);
#628=LINE('',#4985,#1086);
#629=LINE('',#4987,#1087);
#630=LINE('',#4991,#1088);
#631=LINE('',#4993,#1089);
#632=LINE('',#4994,#1090);
#633=LINE('',#4995,#1091);
#634=LINE('',#4996,#1092);
#635=LINE('',#5003,#1093);
#636=LINE('',#5005,#1094);
#637=LINE('',#5009,#1095);
#638=LINE('',#5013,#1096);
#639=LINE('',#5017,#1097);
#640=LINE('',#5021,#1098);
#641=LINE('',#5025,#1099);
#642=LINE('',#5028,#1100);
#643=LINE('',#5035,#1101);
#644=LINE('',#5037,#1102);
#645=LINE('',#5038,#1103);
#646=LINE('',#5041,#1104);
#647=LINE('',#5043,#1105);
#648=LINE('',#5044,#1106);
#649=LINE('',#5048,#1107);
#650=LINE('',#5050,#1108);
#651=LINE('',#5052,#1109);
#652=LINE('',#5053,#1110);
#653=LINE('',#5056,#1111);
#654=LINE('',#5057,#1112);
#655=LINE('',#5059,#1113);
#656=LINE('',#5060,#1114);
#657=LINE('',#5062,#1115);
#658=LINE('',#5065,#1116);
#659=LINE('',#5066,#1117);
#660=LINE('',#5068,#1118);
#661=LINE('',#5071,#1119);
#662=LINE('',#5072,#1120);
#663=LINE('',#5073,#1121);
#664=LINE('',#5075,#1122);
#665=LINE('',#5079,#1123);
#666=LINE('',#5080,#1124);
#667=LINE('',#5082,#1125);
#668=LINE('',#5085,#1126);
#669=LINE('',#5086,#1127);
#670=LINE('',#5087,#1128);
#671=LINE('',#5089,#1129);
#672=LINE('',#5094,#1130);
#673=LINE('',#5099,#1131);
#674=LINE('',#5102,#1132);
#675=LINE('',#5105,#1133);
#676=LINE('',#5107,#1134);
#677=LINE('',#5109,#1135);
#678=LINE('',#5110,#1136);
#679=LINE('',#5126,#1137);
#680=LINE('',#5128,#1138);
#681=LINE('',#5130,#1139);
#682=LINE('',#5132,#1140);
#683=LINE('',#5133,#1141);
#684=LINE('',#5136,#1142);
#685=LINE('',#5138,#1143);
#686=LINE('',#5140,#1144);
#687=LINE('',#5141,#1145);
#688=LINE('',#5144,#1146);
#689=LINE('',#5146,#1147);
#690=LINE('',#5148,#1148);
#691=LINE('',#5149,#1149);
#692=LINE('',#5153,#1150);
#693=LINE('',#5155,#1151);
#694=LINE('',#5157,#1152);
#695=LINE('',#5159,#1153);
#696=LINE('',#5160,#1154);
#697=LINE('',#5163,#1155);
#698=LINE('',#5165,#1156);
#699=LINE('',#5167,#1157);
#700=LINE('',#5168,#1158);
#701=LINE('',#5171,#1159);
#702=LINE('',#5173,#1160);
#703=LINE('',#5174,#1161);
#704=LINE('',#5176,#1162);
#705=LINE('',#5178,#1163);
#706=LINE('',#5181,#1164);
#707=LINE('',#5182,#1165);
#708=LINE('',#5185,#1166);
#709=LINE('',#5186,#1167);
#710=LINE('',#5187,#1168);
#711=LINE('',#5189,#1169);
#712=LINE('',#5190,#1170);
#713=LINE('',#5196,#1171);
#714=LINE('',#5197,#1172);
#715=LINE('',#5198,#1173);
#716=LINE('',#5200,#1174);
#717=LINE('',#5202,#1175);
#718=LINE('',#5205,#1176);
#719=LINE('',#5206,#1177);
#720=LINE('',#5209,#1178);
#721=LINE('',#5210,#1179);
#722=LINE('',#5211,#1180);
#723=LINE('',#5213,#1181);
#724=LINE('',#5215,#1182);
#725=LINE('',#5219,#1183);
#726=LINE('',#5220,#1184);
#727=LINE('',#5222,#1185);
#728=LINE('',#5223,#1186);
#729=LINE('',#5227,#1187);
#730=LINE('',#5228,#1188);
#731=LINE('',#5229,#1189);
#732=LINE('',#5231,#1190);
#733=LINE('',#5233,#1191);
#734=LINE('',#5236,#1192);
#735=LINE('',#5237,#1193);
#736=LINE('',#5240,#1194);
#737=LINE('',#5241,#1195);
#738=LINE('',#5242,#1196);
#739=LINE('',#5244,#1197);
#740=LINE('',#5246,#1198);
#741=LINE('',#5250,#1199);
#742=LINE('',#5252,#1200);
#743=LINE('',#5253,#1201);
#744=LINE('',#5255,#1202);
#745=LINE('',#5257,#1203);
#746=LINE('',#5260,#1204);
#747=LINE('',#5261,#1205);
#748=LINE('',#5264,#1206);
#749=LINE('',#5265,#1207);
#750=LINE('',#5266,#1208);
#751=LINE('',#5268,#1209);
#752=LINE('',#5269,#1210);
#753=LINE('',#5275,#1211);
#754=LINE('',#5277,#1212);
#755=LINE('',#5279,#1213);
#756=LINE('',#5280,#1214);
#757=LINE('',#5283,#1215);
#758=LINE('',#5285,#1216);
#759=LINE('',#5286,#1217);
#760=LINE('',#5289,#1218);
#761=LINE('',#5290,#1219);
#762=LINE('',#5293,#1220);
#763=LINE('',#5294,#1221);
#764=LINE('',#5297,#1222);
#765=LINE('',#5299,#1223);
#766=LINE('',#5301,#1224);
#767=LINE('',#5303,#1225);
#768=LINE('',#5304,#1226);
#769=LINE('',#5307,#1227);
#770=LINE('',#5308,#1228);
#771=LINE('',#5311,#1229);
#772=LINE('',#5313,#1230);
#773=LINE('',#5315,#1231);
#774=LINE('',#5317,#1232);
#775=LINE('',#5318,#1233);
#776=LINE('',#5321,#1234);
#777=LINE('',#5323,#1235);
#778=LINE('',#5324,#1236);
#779=LINE('',#5328,#1237);
#780=LINE('',#5330,#1238);
#781=LINE('',#5332,#1239);
#782=LINE('',#5333,#1240);
#783=LINE('',#5336,#1241);
#784=LINE('',#5338,#1242);
#785=LINE('',#5340,#1243);
#786=LINE('',#5344,#1244);
#787=LINE('',#5347,#1245);
#788=LINE('',#5350,#1246);
#789=LINE('',#5352,#1247);
#790=LINE('',#5353,#1248);
#791=LINE('',#5356,#1249);
#792=LINE('',#5358,#1250);
#793=LINE('',#5360,#1251);
#794=LINE('',#5361,#1252);
#795=LINE('',#5363,#1253);
#796=LINE('',#5365,#1254);
#797=LINE('',#5367,#1255);
#798=LINE('',#5368,#1256);
#799=LINE('',#5370,#1257);
#800=LINE('',#5372,#1258);
#801=LINE('',#5373,#1259);
#802=LINE('',#5375,#1260);
#803=LINE('',#5377,#1261);
#804=LINE('',#5379,#1262);
#805=LINE('',#5381,#1263);
#806=LINE('',#5383,#1264);
#807=LINE('',#5385,#1265);
#808=LINE('',#5386,#1266);
#809=LINE('',#5389,#1267);
#810=LINE('',#5391,#1268);
#811=LINE('',#5393,#1269);
#812=LINE('',#5394,#1270);
#813=LINE('',#5397,#1271);
#814=LINE('',#5399,#1272);
#815=LINE('',#5400,#1273);
#816=LINE('',#5403,#1274);
#817=LINE('',#5404,#1275);
#818=LINE('',#5407,#1276);
#819=LINE('',#5411,#1277);
#820=LINE('',#5415,#1278);
#821=LINE('',#5418,#1279);
#822=LINE('',#5419,#1280);
#823=LINE('',#5421,#1281);
#824=LINE('',#5423,#1282);
#825=LINE('',#5425,#1283);
#826=LINE('',#5427,#1284);
#827=LINE('',#5429,#1285);
#828=LINE('',#5431,#1286);
#829=LINE('',#5434,#1287);
#830=LINE('',#5436,#1288);
#831=LINE('',#5437,#1289);
#832=LINE('',#5441,#1290);
#833=LINE('',#5444,#1291);
#834=LINE('',#5448,#1292);
#835=LINE('',#5449,#1293);
#836=LINE('',#5455,#1294);
#837=LINE('',#5457,#1295);
#838=LINE('',#5459,#1296);
#839=LINE('',#5461,#1297);
#840=LINE('',#5463,#1298);
#841=LINE('',#5464,#1299);
#842=LINE('',#5466,#1300);
#843=LINE('',#5469,#1301);
#844=LINE('',#5470,#1302);
#845=LINE('',#5472,#1303);
#846=LINE('',#5475,#1304);
#847=LINE('',#5476,#1305);
#848=LINE('',#5478,#1306);
#849=LINE('',#5480,#1307);
#850=LINE('',#5481,#1308);
#851=LINE('',#5483,#1309);
#852=LINE('',#5484,#1310);
#853=LINE('',#5487,#1311);
#854=LINE('',#5488,#1312);
#855=LINE('',#5492,#1313);
#856=LINE('',#5495,#1314);
#857=LINE('',#5496,#1315);
#858=LINE('',#5499,#1316);
#859=LINE('',#5500,#1317);
#860=LINE('',#5502,#1318);
#861=LINE('',#5506,#1319);
#862=LINE('',#5507,#1320);
#863=LINE('',#5508,#1321);
#864=LINE('',#5511,#1322);
#865=LINE('',#5512,#1323);
#866=LINE('',#5514,#1324);
#867=LINE('',#5515,#1325);
#868=LINE('',#5517,#1326);
#869=LINE('',#5521,#1327);
#870=LINE('',#5522,#1328);
#871=LINE('',#5524,#1329);
#872=LINE('',#5528,#1330);
#873=LINE('',#5529,#1331);
#874=LINE('',#5532,#1332);
#875=LINE('',#5533,#1333);
#876=LINE('',#5535,#1334);
#877=LINE('',#5540,#1335);
#878=LINE('',#5541,#1336);
#879=LINE('',#5542,#1337);
#880=LINE('',#5545,#1338);
#881=LINE('',#5546,#1339);
#882=LINE('',#5550,#1340);
#883=LINE('',#5551,#1341);
#884=LINE('',#5553,#1342);
#885=LINE('',#5554,#1343);
#886=LINE('',#5557,#1344);
#887=LINE('',#5560,#1345);
#888=LINE('',#5561,#1346);
#889=LINE('',#5563,#1347);
#890=LINE('',#5566,#1348);
#891=LINE('',#5568,#1349);
#892=LINE('',#5570,#1350);
#893=LINE('',#5573,#1351);
#894=LINE('',#5574,#1352);
#895=LINE('',#5576,#1353);
#896=LINE('',#5579,#1354);
#897=LINE('',#5582,#1355);
#898=LINE('',#5585,#1356);
#899=LINE('',#5587,#1357);
#900=LINE('',#5589,#1358);
#901=LINE('',#5591,#1359);
#902=VECTOR('',#3716,10.);
#903=VECTOR('',#3717,10.);
#904=VECTOR('',#3718,10.);
#905=VECTOR('',#3719,10.);
#906=VECTOR('',#3722,10.);
#907=VECTOR('',#3723,10.);
#908=VECTOR('',#3724,10.);
#909=VECTOR('',#3725,10.);
#910=VECTOR('',#3728,10.);
#911=VECTOR('',#3729,10.);
#912=VECTOR('',#3732,10.);
#913=VECTOR('',#3733,10.);
#914=VECTOR('',#3734,10.);
#915=VECTOR('',#3735,10.);
#916=VECTOR('',#3738,10.);
#917=VECTOR('',#3739,10.);
#918=VECTOR('',#3740,10.);
#919=VECTOR('',#3741,10.);
#920=VECTOR('',#3744,10.);
#921=VECTOR('',#3745,10.);
#922=VECTOR('',#3748,10.);
#923=VECTOR('',#3749,10.);
#924=VECTOR('',#3750,10.);
#925=VECTOR('',#3751,10.);
#926=VECTOR('',#3754,10.);
#927=VECTOR('',#3755,10.);
#928=VECTOR('',#3756,10.);
#929=VECTOR('',#3757,10.);
#930=VECTOR('',#3760,10.);
#931=VECTOR('',#3761,10.);
#932=VECTOR('',#3764,10.);
#933=VECTOR('',#3765,10.);
#934=VECTOR('',#3766,10.);
#935=VECTOR('',#3767,10.);
#936=VECTOR('',#3770,10.);
#937=VECTOR('',#3771,10.);
#938=VECTOR('',#3772,10.);
#939=VECTOR('',#3773,10.);
#940=VECTOR('',#3776,10.);
#941=VECTOR('',#3777,10.);
#942=VECTOR('',#3780,10.);
#943=VECTOR('',#3781,10.);
#944=VECTOR('',#3782,10.);
#945=VECTOR('',#3783,10.);
#946=VECTOR('',#3784,10.);
#947=VECTOR('',#3785,10.);
#948=VECTOR('',#3786,10.);
#949=VECTOR('',#3789,10.);
#950=VECTOR('',#3790,10.);
#951=VECTOR('',#3791,10.);
#952=VECTOR('',#3794,10.);
#953=VECTOR('',#3795,10.);
#954=VECTOR('',#3796,10.);
#955=VECTOR('',#3797,10.);
#956=VECTOR('',#3800,10.);
#957=VECTOR('',#3801,10.);
#958=VECTOR('',#3802,10.);
#959=VECTOR('',#3805,10.);
#960=VECTOR('',#3806,10.);
#961=VECTOR('',#3807,10.);
#962=VECTOR('',#3810,10.);
#963=VECTOR('',#3811,10.);
#964=VECTOR('',#3812,10.);
#965=VECTOR('',#3815,10.);
#966=VECTOR('',#3816,10.);
#967=VECTOR('',#3817,10.);
#968=VECTOR('',#3818,10.);
#969=VECTOR('',#3821,10.);
#970=VECTOR('',#3822,10.);
#971=VECTOR('',#3823,10.);
#972=VECTOR('',#3826,10.);
#973=VECTOR('',#3827,10.);
#974=VECTOR('',#3828,10.);
#975=VECTOR('',#3831,10.);
#976=VECTOR('',#3832,10.);
#977=VECTOR('',#3833,10.);
#978=VECTOR('',#3836,10.);
#979=VECTOR('',#3837,10.);
#980=VECTOR('',#3838,10.);
#981=VECTOR('',#3839,10.);
#982=VECTOR('',#3842,10.);
#983=VECTOR('',#3843,10.);
#984=VECTOR('',#3844,10.);
#985=VECTOR('',#3847,10.);
#986=VECTOR('',#3848,10.);
#987=VECTOR('',#3849,10.);
#988=VECTOR('',#3852,10.);
#989=VECTOR('',#3853,10.);
#990=VECTOR('',#3854,10.);
#991=VECTOR('',#3857,10.);
#992=VECTOR('',#3858,10.);
#993=VECTOR('',#3859,10.);
#994=VECTOR('',#3860,10.);
#995=VECTOR('',#3863,10.);
#996=VECTOR('',#3864,10.);
#997=VECTOR('',#3865,10.);
#998=VECTOR('',#3868,10.);
#999=VECTOR('',#3869,10.);
#1000=VECTOR('',#3870,10.);
#1001=VECTOR('',#3873,10.);
#1002=VECTOR('',#3874,10.);
#1003=VECTOR('',#3875,10.);
#1004=VECTOR('',#3878,10.);
#1005=VECTOR('',#3879,10.);
#1006=VECTOR('',#3880,10.);
#1007=VECTOR('',#3883,10.);
#1008=VECTOR('',#3884,10.);
#1009=VECTOR('',#3885,10.);
#1010=VECTOR('',#3888,10.);
#1011=VECTOR('',#3889,10.);
#1012=VECTOR('',#3890,10.);
#1013=VECTOR('',#3893,10.);
#1014=VECTOR('',#3894,10.);
#1015=VECTOR('',#3895,10.);
#1016=VECTOR('',#3898,10.);
#1017=VECTOR('',#3899,10.);
#1018=VECTOR('',#3900,10.);
#1019=VECTOR('',#3903,10.);
#1020=VECTOR('',#3904,10.);
#1021=VECTOR('',#3905,10.);
#1022=VECTOR('',#3906,10.);
#1023=VECTOR('',#3909,10.);
#1024=VECTOR('',#3910,10.);
#1025=VECTOR('',#3911,10.);
#1026=VECTOR('',#3914,10.);
#1027=VECTOR('',#3915,10.);
#1028=VECTOR('',#3916,10.);
#1029=VECTOR('',#3917,10.);
#1030=VECTOR('',#3918,10.);
#1031=VECTOR('',#3921,10.);
#1032=VECTOR('',#3922,10.);
#1033=VECTOR('',#3923,10.);
#1034=VECTOR('',#3924,10.);
#1035=VECTOR('',#3925,10.);
#1036=VECTOR('',#3928,10.);
#1037=VECTOR('',#3929,10.);
#1038=VECTOR('',#3930,10.);
#1039=VECTOR('',#3931,10.);
#1040=VECTOR('',#3932,10.);
#1041=VECTOR('',#3933,10.);
#1042=VECTOR('',#3934,10.);
#1043=VECTOR('',#3937,10.);
#1044=VECTOR('',#3938,10.);
#1045=VECTOR('',#3939,10.);
#1046=VECTOR('',#3942,10.);
#1047=VECTOR('',#3943,10.);
#1048=VECTOR('',#3944,10.);
#1049=VECTOR('',#3945,10.);
#1050=VECTOR('',#3946,10.);
#1051=VECTOR('',#3947,10.);
#1052=VECTOR('',#3950,10.);
#1053=VECTOR('',#3951,10.);
#1054=VECTOR('',#3952,10.);
#1055=VECTOR('',#3955,10.);
#1056=VECTOR('',#3956,10.);
#1057=VECTOR('',#3959,10.);
#1058=VECTOR('',#3960,10.);
#1059=VECTOR('',#3961,10.);
#1060=VECTOR('',#3962,10.);
#1061=VECTOR('',#3963,10.);
#1062=VECTOR('',#3966,10.);
#1063=VECTOR('',#3967,10.);
#1064=VECTOR('',#3968,10.);
#1065=VECTOR('',#3969,10.);
#1066=VECTOR('',#3970,10.);
#1067=VECTOR('',#3971,10.);
#1068=VECTOR('',#3974,10.);
#1069=VECTOR('',#3975,10.);
#1070=VECTOR('',#3976,10.);
#1071=VECTOR('',#3979,10.);
#1072=VECTOR('',#3982,10.);
#1073=VECTOR('',#3983,10.);
#1074=VECTOR('',#3984,10.);
#1075=VECTOR('',#3985,10.);
#1076=VECTOR('',#3986,10.);
#1077=VECTOR('',#3987,10.);
#1078=VECTOR('',#3988,10.);
#1079=VECTOR('',#3989,10.);
#1080=VECTOR('',#3990,10.);
#1081=VECTOR('',#3991,10.);
#1082=VECTOR('',#3992,10.);
#1083=VECTOR('',#3995,10.);
#1084=VECTOR('',#3996,10.);
#1085=VECTOR('',#3997,10.);
#1086=VECTOR('',#3998,10.);
#1087=VECTOR('',#3999,10.);
#1088=VECTOR('',#4002,10.);
#1089=VECTOR('',#4003,10.);
#1090=VECTOR('',#4004,10.);
#1091=VECTOR('',#4005,10.);
#1092=VECTOR('',#4006,10.);
#1093=VECTOR('',#4011,10.);
#1094=VECTOR('',#4012,10.);
#1095=VECTOR('',#4015,10.);
#1096=VECTOR('',#4018,10.);
#1097=VECTOR('',#4021,10.);
#1098=VECTOR('',#4024,10.);
#1099=VECTOR('',#4027,10.);
#1100=VECTOR('',#4030,10.);
#1101=VECTOR('',#4037,10.);
#1102=VECTOR('',#4038,10.);
#1103=VECTOR('',#4039,10.);
#1104=VECTOR('',#4042,10.);
#1105=VECTOR('',#4043,10.);
#1106=VECTOR('',#4044,10.);
#1107=VECTOR('',#4047,10.);
#1108=VECTOR('',#4048,10.);
#1109=VECTOR('',#4049,10.);
#1110=VECTOR('',#4050,10.);
#1111=VECTOR('',#4053,10.);
#1112=VECTOR('',#4054,10.);
#1113=VECTOR('',#4055,10.);
#1114=VECTOR('',#4056,10.);
#1115=VECTOR('',#4059,10.);
#1116=VECTOR('',#4062,10.);
#1117=VECTOR('',#4063,10.);
#1118=VECTOR('',#4066,10.);
#1119=VECTOR('',#4069,10.);
#1120=VECTOR('',#4070,10.);
#1121=VECTOR('',#4071,10.);
#1122=VECTOR('',#4074,10.);
#1123=VECTOR('',#4079,10.);
#1124=VECTOR('',#4080,10.);
#1125=VECTOR('',#4083,10.);
#1126=VECTOR('',#4086,10.);
#1127=VECTOR('',#4087,10.);
#1128=VECTOR('',#4088,10.);
#1129=VECTOR('',#4091,10.);
#1130=VECTOR('',#4096,10.);
#1131=VECTOR('',#4101,10.);
#1132=VECTOR('',#4104,10.);
#1133=VECTOR('',#4105,10.);
#1134=VECTOR('',#4106,10.);
#1135=VECTOR('',#4107,10.);
#1136=VECTOR('',#4108,10.);
#1137=VECTOR('',#4127,10.);
#1138=VECTOR('',#4128,10.);
#1139=VECTOR('',#4129,10.);
#1140=VECTOR('',#4130,10.);
#1141=VECTOR('',#4131,10.);
#1142=VECTOR('',#4134,10.);
#1143=VECTOR('',#4135,10.);
#1144=VECTOR('',#4136,10.);
#1145=VECTOR('',#4137,10.);
#1146=VECTOR('',#4140,10.);
#1147=VECTOR('',#4141,10.);
#1148=VECTOR('',#4142,10.);
#1149=VECTOR('',#4143,10.);
#1150=VECTOR('',#4146,10.);
#1151=VECTOR('',#4147,10.);
#1152=VECTOR('',#4148,10.);
#1153=VECTOR('',#4149,10.);
#1154=VECTOR('',#4150,10.);
#1155=VECTOR('',#4153,10.);
#1156=VECTOR('',#4154,10.);
#1157=VECTOR('',#4155,10.);
#1158=VECTOR('',#4156,10.);
#1159=VECTOR('',#4159,10.);
#1160=VECTOR('',#4160,10.);
#1161=VECTOR('',#4161,10.);
#1162=VECTOR('',#4164,10.);
#1163=VECTOR('',#4167,10.);
#1164=VECTOR('',#4170,10.);
#1165=VECTOR('',#4171,10.);
#1166=VECTOR('',#4174,10.);
#1167=VECTOR('',#4175,10.);
#1168=VECTOR('',#4176,10.);
#1169=VECTOR('',#4179,10.);
#1170=VECTOR('',#4180,10.);
#1171=VECTOR('',#4187,10.);
#1172=VECTOR('',#4188,10.);
#1173=VECTOR('',#4189,10.);
#1174=VECTOR('',#4192,10.);
#1175=VECTOR('',#4195,10.);
#1176=VECTOR('',#4198,10.);
#1177=VECTOR('',#4199,10.);
#1178=VECTOR('',#4202,10.);
#1179=VECTOR('',#4203,10.);
#1180=VECTOR('',#4204,10.);
#1181=VECTOR('',#4207,10.);
#1182=VECTOR('',#4210,10.);
#1183=VECTOR('',#4215,10.);
#1184=VECTOR('',#4216,10.);
#1185=VECTOR('',#4217,10.);
#1186=VECTOR('',#4218,10.);
#1187=VECTOR('',#4221,10.);
#1188=VECTOR('',#4222,10.);
#1189=VECTOR('',#4223,10.);
#1190=VECTOR('',#4226,10.);
#1191=VECTOR('',#4229,10.);
#1192=VECTOR('',#4232,10.);
#1193=VECTOR('',#4233,10.);
#1194=VECTOR('',#4236,10.);
#1195=VECTOR('',#4237,10.);
#1196=VECTOR('',#4238,10.);
#1197=VECTOR('',#4241,10.);
#1198=VECTOR('',#4244,10.);
#1199=VECTOR('',#4249,10.);
#1200=VECTOR('',#4250,10.);
#1201=VECTOR('',#4251,10.);
#1202=VECTOR('',#4254,10.);
#1203=VECTOR('',#4257,10.);
#1204=VECTOR('',#4260,10.);
#1205=VECTOR('',#4261,10.);
#1206=VECTOR('',#4264,10.);
#1207=VECTOR('',#4265,10.);
#1208=VECTOR('',#4266,10.);
#1209=VECTOR('',#4269,10.);
#1210=VECTOR('',#4270,10.);
#1211=VECTOR('',#4277,10.);
#1212=VECTOR('',#4278,10.);
#1213=VECTOR('',#4279,10.);
#1214=VECTOR('',#4280,10.);
#1215=VECTOR('',#4283,10.);
#1216=VECTOR('',#4284,10.);
#1217=VECTOR('',#4285,10.);
#1218=VECTOR('',#4288,10.);
#1219=VECTOR('',#4289,10.);
#1220=VECTOR('',#4292,10.);
#1221=VECTOR('',#4293,10.);
#1222=VECTOR('',#4296,10.);
#1223=VECTOR('',#4297,10.);
#1224=VECTOR('',#4298,10.);
#1225=VECTOR('',#4299,10.);
#1226=VECTOR('',#4300,10.);
#1227=VECTOR('',#4303,10.);
#1228=VECTOR('',#4304,10.);
#1229=VECTOR('',#4307,10.);
#1230=VECTOR('',#4308,10.);
#1231=VECTOR('',#4309,10.);
#1232=VECTOR('',#4310,10.);
#1233=VECTOR('',#4311,10.);
#1234=VECTOR('',#4314,10.);
#1235=VECTOR('',#4315,10.);
#1236=VECTOR('',#4316,10.);
#1237=VECTOR('',#4319,10.);
#1238=VECTOR('',#4320,10.);
#1239=VECTOR('',#4321,10.);
#1240=VECTOR('',#4322,10.);
#1241=VECTOR('',#4325,10.);
#1242=VECTOR('',#4326,10.);
#1243=VECTOR('',#4327,10.);
#1244=VECTOR('',#4330,10.);
#1245=VECTOR('',#4333,10.);
#1246=VECTOR('',#4336,10.);
#1247=VECTOR('',#4337,10.);
#1248=VECTOR('',#4338,10.);
#1249=VECTOR('',#4341,10.);
#1250=VECTOR('',#4342,10.);
#1251=VECTOR('',#4343,10.);
#1252=VECTOR('',#4344,10.);
#1253=VECTOR('',#4345,10.);
#1254=VECTOR('',#4346,10.);
#1255=VECTOR('',#4347,10.);
#1256=VECTOR('',#4348,10.);
#1257=VECTOR('',#4349,10.);
#1258=VECTOR('',#4350,10.);
#1259=VECTOR('',#4351,10.);
#1260=VECTOR('',#4354,10.);
#1261=VECTOR('',#4355,10.);
#1262=VECTOR('',#4356,10.);
#1263=VECTOR('',#4357,10.);
#1264=VECTOR('',#4358,10.);
#1265=VECTOR('',#4359,10.);
#1266=VECTOR('',#4360,10.);
#1267=VECTOR('',#4361,10.);
#1268=VECTOR('',#4362,10.);
#1269=VECTOR('',#4363,10.);
#1270=VECTOR('',#4364,10.);
#1271=VECTOR('',#4367,10.);
#1272=VECTOR('',#4368,10.);
#1273=VECTOR('',#4369,10.);
#1274=VECTOR('',#4372,10.);
#1275=VECTOR('',#4373,10.);
#1276=VECTOR('',#4376,10.);
#1277=VECTOR('',#4379,10.);
#1278=VECTOR('',#4382,10.);
#1279=VECTOR('',#4385,10.);
#1280=VECTOR('',#4386,10.);
#1281=VECTOR('',#4389,10.);
#1282=VECTOR('',#4392,10.);
#1283=VECTOR('',#4395,10.);
#1284=VECTOR('',#4398,10.);
#1285=VECTOR('',#4401,10.);
#1286=VECTOR('',#4404,10.);
#1287=VECTOR('',#4407,10.);
#1288=VECTOR('',#4408,10.);
#1289=VECTOR('',#4409,10.);
#1290=VECTOR('',#4416,10.);
#1291=VECTOR('',#4419,10.);
#1292=VECTOR('',#4424,10.);
#1293=VECTOR('',#4425,10.);
#1294=VECTOR('',#4436,10.);
#1295=VECTOR('',#4439,10.);
#1296=VECTOR('',#4442,10.);
#1297=VECTOR('',#4443,10.);
#1298=VECTOR('',#4444,10.);
#1299=VECTOR('',#4445,10.);
#1300=VECTOR('',#4448,10.);
#1301=VECTOR('',#4451,10.);
#1302=VECTOR('',#4452,10.);
#1303=VECTOR('',#4455,10.);
#1304=VECTOR('',#4458,10.);
#1305=VECTOR('',#4459,10.);
#1306=VECTOR('',#4462,10.);
#1307=VECTOR('',#4463,10.);
#1308=VECTOR('',#4464,10.);
#1309=VECTOR('',#4465,10.);
#1310=VECTOR('',#4466,10.);
#1311=VECTOR('',#4469,10.);
#1312=VECTOR('',#4470,10.);
#1313=VECTOR('',#4475,10.);
#1314=VECTOR('',#4478,10.);
#1315=VECTOR('',#4479,10.);
#1316=VECTOR('',#4482,10.);
#1317=VECTOR('',#4483,10.);
#1318=VECTOR('',#4486,10.);
#1319=VECTOR('',#4489,10.);
#1320=VECTOR('',#4490,10.);
#1321=VECTOR('',#4491,10.);
#1322=VECTOR('',#4494,10.);
#1323=VECTOR('',#4495,10.);
#1324=VECTOR('',#4498,10.);
#1325=VECTOR('',#4499,10.);
#1326=VECTOR('',#4502,10.);
#1327=VECTOR('',#4507,10.);
#1328=VECTOR('',#4508,10.);
#1329=VECTOR('',#4511,10.);
#1330=VECTOR('',#4516,10.);
#1331=VECTOR('',#4517,10.);
#1332=VECTOR('',#4520,10.);
#1333=VECTOR('',#4521,10.);
#1334=VECTOR('',#4524,10.);
#1335=VECTOR('',#4529,10.);
#1336=VECTOR('',#4530,10.);
#1337=VECTOR('',#4531,10.);
#1338=VECTOR('',#4534,10.);
#1339=VECTOR('',#4535,10.);
#1340=VECTOR('',#4540,10.);
#1341=VECTOR('',#4541,10.);
#1342=VECTOR('',#4544,10.);
#1343=VECTOR('',#4545,10.);
#1344=VECTOR('',#4550,10.);
#1345=VECTOR('',#4553,10.);
#1346=VECTOR('',#4554,10.);
#1347=VECTOR('',#4557,10.);
#1348=VECTOR('',#4562,10.);
#1349=VECTOR('',#4565,10.);
#1350=VECTOR('',#4568,10.);
#1351=VECTOR('',#4573,10.);
#1352=VECTOR('',#4574,10.);
#1353=VECTOR('',#4577,10.);
#1354=VECTOR('',#4582,10.);
#1355=VECTOR('',#4587,10.);
#1356=VECTOR('',#4592,1.55);
#1357=VECTOR('',#4595,1.55);
#1358=VECTOR('',#4598,1.55000000000001);
#1359=VECTOR('',#4601,1.55000000000001);
#1360=VERTEX_POINT('',#4604);
#1361=VERTEX_POINT('',#4605);
#1362=VERTEX_POINT('',#4607);
#1363=VERTEX_POINT('',#4609);
#1364=VERTEX_POINT('',#4613);
#1365=VERTEX_POINT('',#4615);
#1366=VERTEX_POINT('',#4617);
#1367=VERTEX_POINT('',#4621);
#1368=VERTEX_POINT('',#4625);
#1369=VERTEX_POINT('',#4626);
#1370=VERTEX_POINT('',#4628);
#1371=VERTEX_POINT('',#4630);
#1372=VERTEX_POINT('',#4634);
#1373=VERTEX_POINT('',#4636);
#1374=VERTEX_POINT('',#4638);
#1375=VERTEX_POINT('',#4642);
#1376=VERTEX_POINT('',#4646);
#1377=VERTEX_POINT('',#4647);
#1378=VERTEX_POINT('',#4649);
#1379=VERTEX_POINT('',#4651);
#1380=VERTEX_POINT('',#4655);
#1381=VERTEX_POINT('',#4657);
#1382=VERTEX_POINT('',#4659);
#1383=VERTEX_POINT('',#4663);
#1384=VERTEX_POINT('',#4667);
#1385=VERTEX_POINT('',#4668);
#1386=VERTEX_POINT('',#4670);
#1387=VERTEX_POINT('',#4672);
#1388=VERTEX_POINT('',#4676);
#1389=VERTEX_POINT('',#4678);
#1390=VERTEX_POINT('',#4680);
#1391=VERTEX_POINT('',#4684);
#1392=VERTEX_POINT('',#4688);
#1393=VERTEX_POINT('',#4689);
#1394=VERTEX_POINT('',#4691);
#1395=VERTEX_POINT('',#4693);
#1396=VERTEX_POINT('',#4695);
#1397=VERTEX_POINT('',#4697);
#1398=VERTEX_POINT('',#4699);
#1399=VERTEX_POINT('',#4703);
#1400=VERTEX_POINT('',#4705);
#1401=VERTEX_POINT('',#4709);
#1402=VERTEX_POINT('',#4710);
#1403=VERTEX_POINT('',#4712);
#1404=VERTEX_POINT('',#4714);
#1405=VERTEX_POINT('',#4718);
#1406=VERTEX_POINT('',#4720);
#1407=VERTEX_POINT('',#4724);
#1408=VERTEX_POINT('',#4726);
#1409=VERTEX_POINT('',#4730);
#1410=VERTEX_POINT('',#4732);
#1411=VERTEX_POINT('',#4736);
#1412=VERTEX_POINT('',#4737);
#1413=VERTEX_POINT('',#4739);
#1414=VERTEX_POINT('',#4741);
#1415=VERTEX_POINT('',#4745);
#1416=VERTEX_POINT('',#4747);
#1417=VERTEX_POINT('',#4751);
#1418=VERTEX_POINT('',#4753);
#1419=VERTEX_POINT('',#4757);
#1420=VERTEX_POINT('',#4759);
#1421=VERTEX_POINT('',#4763);
#1422=VERTEX_POINT('',#4764);
#1423=VERTEX_POINT('',#4766);
#1424=VERTEX_POINT('',#4768);
#1425=VERTEX_POINT('',#4772);
#1426=VERTEX_POINT('',#4774);
#1427=VERTEX_POINT('',#4778);
#1428=VERTEX_POINT('',#4780);
#1429=VERTEX_POINT('',#4784);
#1430=VERTEX_POINT('',#4786);
#1431=VERTEX_POINT('',#4790);
#1432=VERTEX_POINT('',#4791);
#1433=VERTEX_POINT('',#4793);
#1434=VERTEX_POINT('',#4795);
#1435=VERTEX_POINT('',#4799);
#1436=VERTEX_POINT('',#4801);
#1437=VERTEX_POINT('',#4805);
#1438=VERTEX_POINT('',#4807);
#1439=VERTEX_POINT('',#4811);
#1440=VERTEX_POINT('',#4813);
#1441=VERTEX_POINT('',#4817);
#1442=VERTEX_POINT('',#4819);
#1443=VERTEX_POINT('',#4823);
#1444=VERTEX_POINT('',#4825);
#1445=VERTEX_POINT('',#4829);
#1446=VERTEX_POINT('',#4831);
#1447=VERTEX_POINT('',#4835);
#1448=VERTEX_POINT('',#4837);
#1449=VERTEX_POINT('',#4841);
#1450=VERTEX_POINT('',#4843);
#1451=VERTEX_POINT('',#4847);
#1452=VERTEX_POINT('',#4848);
#1453=VERTEX_POINT('',#4850);
#1454=VERTEX_POINT('',#4852);
#1455=VERTEX_POINT('',#4856);
#1456=VERTEX_POINT('',#4858);
#1457=VERTEX_POINT('',#4862);
#1458=VERTEX_POINT('',#4864);
#1459=VERTEX_POINT('',#4866);
#1460=VERTEX_POINT('',#4868);
#1461=VERTEX_POINT('',#4872);
#1462=VERTEX_POINT('',#4874);
#1463=VERTEX_POINT('',#4876);
#1464=VERTEX_POINT('',#4878);
#1465=VERTEX_POINT('',#4882);
#1466=VERTEX_POINT('',#4883);
#1467=VERTEX_POINT('',#4885);
#1468=VERTEX_POINT('',#4887);
#1469=VERTEX_POINT('',#4890);
#1470=VERTEX_POINT('',#4892);
#1471=VERTEX_POINT('',#4896);
#1472=VERTEX_POINT('',#4897);
#1473=VERTEX_POINT('',#4902);
#1474=VERTEX_POINT('',#4904);
#1475=VERTEX_POINT('',#4907);
#1476=VERTEX_POINT('',#4909);
#1477=VERTEX_POINT('',#4913);
#1478=VERTEX_POINT('',#4915);
#1479=VERTEX_POINT('',#4919);
#1480=VERTEX_POINT('',#4923);
#1481=VERTEX_POINT('',#4925);
#1482=VERTEX_POINT('',#4927);
#1483=VERTEX_POINT('',#4929);
#1484=VERTEX_POINT('',#4934);
#1485=VERTEX_POINT('',#4936);
#1486=VERTEX_POINT('',#4938);
#1487=VERTEX_POINT('',#4940);
#1488=VERTEX_POINT('',#4944);
#1489=VERTEX_POINT('',#4946);
#1490=VERTEX_POINT('',#4948);
#1491=VERTEX_POINT('',#4950);
#1492=VERTEX_POINT('',#4952);
#1493=VERTEX_POINT('',#4954);
#1494=VERTEX_POINT('',#4956);
#1495=VERTEX_POINT('',#4958);
#1496=VERTEX_POINT('',#4960);
#1497=VERTEX_POINT('',#4962);
#1498=VERTEX_POINT('',#4965);
#1499=VERTEX_POINT('',#4968);
#1500=VERTEX_POINT('',#4970);
#1501=VERTEX_POINT('',#4972);
#1502=VERTEX_POINT('',#4974);
#1503=VERTEX_POINT('',#4976);
#1504=VERTEX_POINT('',#4978);
#1505=VERTEX_POINT('',#4980);
#1506=VERTEX_POINT('',#4982);
#1507=VERTEX_POINT('',#4984);
#1508=VERTEX_POINT('',#4986);
#1509=VERTEX_POINT('',#4988);
#1510=VERTEX_POINT('',#4990);
#1511=VERTEX_POINT('',#4992);
#1512=VERTEX_POINT('',#4997);
#1513=VERTEX_POINT('',#4999);
#1514=VERTEX_POINT('',#5001);
#1515=VERTEX_POINT('',#5002);
#1516=VERTEX_POINT('',#5004);
#1517=VERTEX_POINT('',#5006);
#1518=VERTEX_POINT('',#5008);
#1519=VERTEX_POINT('',#5010);
#1520=VERTEX_POINT('',#5012);
#1521=VERTEX_POINT('',#5014);
#1522=VERTEX_POINT('',#5016);
#1523=VERTEX_POINT('',#5018);
#1524=VERTEX_POINT('',#5020);
#1525=VERTEX_POINT('',#5022);
#1526=VERTEX_POINT('',#5024);
#1527=VERTEX_POINT('',#5026);
#1528=VERTEX_POINT('',#5029);
#1529=VERTEX_POINT('',#5031);
#1530=VERTEX_POINT('',#5034);
#1531=VERTEX_POINT('',#5036);
#1532=VERTEX_POINT('',#5040);
#1533=VERTEX_POINT('',#5042);
#1534=VERTEX_POINT('',#5046);
#1535=VERTEX_POINT('',#5047);
#1536=VERTEX_POINT('',#5049);
#1537=VERTEX_POINT('',#5051);
#1538=VERTEX_POINT('',#5055);
#1539=VERTEX_POINT('',#5058);
#1540=VERTEX_POINT('',#5064);
#1541=VERTEX_POINT('',#5070);
#1542=VERTEX_POINT('',#5078);
#1543=VERTEX_POINT('',#5084);
#1544=VERTEX_POINT('',#5091);
#1545=VERTEX_POINT('',#5093);
#1546=VERTEX_POINT('',#5096);
#1547=VERTEX_POINT('',#5098);
#1548=VERTEX_POINT('',#5100);
#1549=VERTEX_POINT('',#5103);
#1550=VERTEX_POINT('',#5104);
#1551=VERTEX_POINT('',#5106);
#1552=VERTEX_POINT('',#5108);
#1553=VERTEX_POINT('',#5112);
#1554=VERTEX_POINT('',#5115);
#1555=VERTEX_POINT('',#5118);
#1556=VERTEX_POINT('',#5121);
#1557=VERTEX_POINT('',#5124);
#1558=VERTEX_POINT('',#5125);
#1559=VERTEX_POINT('',#5127);
#1560=VERTEX_POINT('',#5129);
#1561=VERTEX_POINT('',#5131);
#1562=VERTEX_POINT('',#5135);
#1563=VERTEX_POINT('',#5137);
#1564=VERTEX_POINT('',#5139);
#1565=VERTEX_POINT('',#5143);
#1566=VERTEX_POINT('',#5145);
#1567=VERTEX_POINT('',#5147);
#1568=VERTEX_POINT('',#5151);
#1569=VERTEX_POINT('',#5152);
#1570=VERTEX_POINT('',#5154);
#1571=VERTEX_POINT('',#5156);
#1572=VERTEX_POINT('',#5158);
#1573=VERTEX_POINT('',#5162);
#1574=VERTEX_POINT('',#5164);
#1575=VERTEX_POINT('',#5166);
#1576=VERTEX_POINT('',#5170);
#1577=VERTEX_POINT('',#5172);
#1578=VERTEX_POINT('',#5180);
#1579=VERTEX_POINT('',#5184);
#1580=VERTEX_POINT('',#5194);
#1581=VERTEX_POINT('',#5195);
#1582=VERTEX_POINT('',#5204);
#1583=VERTEX_POINT('',#5208);
#1584=VERTEX_POINT('',#5218);
#1585=VERTEX_POINT('',#5221);
#1586=VERTEX_POINT('',#5225);
#1587=VERTEX_POINT('',#5226);
#1588=VERTEX_POINT('',#5235);
#1589=VERTEX_POINT('',#5239);
#1590=VERTEX_POINT('',#5249);
#1591=VERTEX_POINT('',#5251);
#1592=VERTEX_POINT('',#5259);
#1593=VERTEX_POINT('',#5263);
#1594=VERTEX_POINT('',#5273);
#1595=VERTEX_POINT('',#5274);
#1596=VERTEX_POINT('',#5276);
#1597=VERTEX_POINT('',#5278);
#1598=VERTEX_POINT('',#5282);
#1599=VERTEX_POINT('',#5284);
#1600=VERTEX_POINT('',#5288);
#1601=VERTEX_POINT('',#5292);
#1602=VERTEX_POINT('',#5296);
#1603=VERTEX_POINT('',#5298);
#1604=VERTEX_POINT('',#5300);
#1605=VERTEX_POINT('',#5302);
#1606=VERTEX_POINT('',#5306);
#1607=VERTEX_POINT('',#5310);
#1608=VERTEX_POINT('',#5312);
#1609=VERTEX_POINT('',#5314);
#1610=VERTEX_POINT('',#5316);
#1611=VERTEX_POINT('',#5320);
#1612=VERTEX_POINT('',#5322);
#1613=VERTEX_POINT('',#5326);
#1614=VERTEX_POINT('',#5327);
#1615=VERTEX_POINT('',#5329);
#1616=VERTEX_POINT('',#5331);
#1617=VERTEX_POINT('',#5335);
#1618=VERTEX_POINT('',#5337);
#1619=VERTEX_POINT('',#5339);
#1620=VERTEX_POINT('',#5341);
#1621=VERTEX_POINT('',#5343);
#1622=VERTEX_POINT('',#5345);
#1623=VERTEX_POINT('',#5349);
#1624=VERTEX_POINT('',#5351);
#1625=VERTEX_POINT('',#5355);
#1626=VERTEX_POINT('',#5357);
#1627=VERTEX_POINT('',#5359);
#1628=VERTEX_POINT('',#5362);
#1629=VERTEX_POINT('',#5364);
#1630=VERTEX_POINT('',#5366);
#1631=VERTEX_POINT('',#5369);
#1632=VERTEX_POINT('',#5371);
#1633=VERTEX_POINT('',#5376);
#1634=VERTEX_POINT('',#5378);
#1635=VERTEX_POINT('',#5380);
#1636=VERTEX_POINT('',#5382);
#1637=VERTEX_POINT('',#5384);
#1638=VERTEX_POINT('',#5387);
#1639=VERTEX_POINT('',#5388);
#1640=VERTEX_POINT('',#5390);
#1641=VERTEX_POINT('',#5392);
#1642=VERTEX_POINT('',#5396);
#1643=VERTEX_POINT('',#5398);
#1644=VERTEX_POINT('',#5402);
#1645=VERTEX_POINT('',#5406);
#1646=VERTEX_POINT('',#5408);
#1647=VERTEX_POINT('',#5410);
#1648=VERTEX_POINT('',#5412);
#1649=VERTEX_POINT('',#5414);
#1650=VERTEX_POINT('',#5416);
#1651=VERTEX_POINT('',#5433);
#1652=VERTEX_POINT('',#5435);
#1653=VERTEX_POINT('',#5443);
#1654=VERTEX_POINT('',#5447);
#1655=VERTEX_POINT('',#5460);
#1656=VERTEX_POINT('',#5462);
#1657=VERTEX_POINT('',#5468);
#1658=VERTEX_POINT('',#5474);
#1659=VERTEX_POINT('',#5479);
#1660=VERTEX_POINT('',#5482);
#1661=VERTEX_POINT('',#5486);
#1662=VERTEX_POINT('',#5490);
#1663=VERTEX_POINT('',#5494);
#1664=VERTEX_POINT('',#5498);
#1665=VERTEX_POINT('',#5504);
#1666=VERTEX_POINT('',#5505);
#1667=VERTEX_POINT('',#5510);
#1668=VERTEX_POINT('',#5520);
#1669=VERTEX_POINT('',#5527);
#1670=VERTEX_POINT('',#5531);
#1671=VERTEX_POINT('',#5538);
#1672=VERTEX_POINT('',#5539);
#1673=VERTEX_POINT('',#5544);
#1674=VERTEX_POINT('',#5549);
#1675=VERTEX_POINT('',#5559);
#1676=EDGE_CURVE('',#1360,#1361,#444,.T.);
#1677=EDGE_CURVE('',#1361,#1362,#445,.T.);
#1678=EDGE_CURVE('',#1362,#1363,#446,.T.);
#1679=EDGE_CURVE('',#1363,#1360,#447,.T.);
#1680=EDGE_CURVE('',#1364,#1360,#448,.T.);
#1681=EDGE_CURVE('',#1365,#1364,#449,.T.);
#1682=EDGE_CURVE('',#1366,#1365,#450,.T.);
#1683=EDGE_CURVE('',#1361,#1366,#451,.T.);
#1684=EDGE_CURVE('',#1363,#1367,#452,.T.);
#1685=EDGE_CURVE('',#1364,#1367,#453,.T.);
#1686=EDGE_CURVE('',#1368,#1369,#454,.T.);
#1687=EDGE_CURVE('',#1369,#1370,#455,.T.);
#1688=EDGE_CURVE('',#1370,#1371,#456,.T.);
#1689=EDGE_CURVE('',#1371,#1368,#457,.T.);
#1690=EDGE_CURVE('',#1370,#1372,#458,.T.);
#1691=EDGE_CURVE('',#1373,#1372,#459,.T.);
#1692=EDGE_CURVE('',#1374,#1373,#460,.T.);
#1693=EDGE_CURVE('',#1371,#1374,#461,.T.);
#1694=EDGE_CURVE('',#1375,#1369,#462,.T.);
#1695=EDGE_CURVE('',#1372,#1375,#463,.T.);
#1696=EDGE_CURVE('',#1376,#1377,#464,.T.);
#1697=EDGE_CURVE('',#1377,#1378,#465,.T.);
#1698=EDGE_CURVE('',#1378,#1379,#466,.T.);
#1699=EDGE_CURVE('',#1379,#1376,#467,.T.);
#1700=EDGE_CURVE('',#1378,#1380,#468,.T.);
#1701=EDGE_CURVE('',#1381,#1380,#469,.T.);
#1702=EDGE_CURVE('',#1382,#1381,#470,.T.);
#1703=EDGE_CURVE('',#1379,#1382,#471,.T.);
#1704=EDGE_CURVE('',#1383,#1377,#472,.T.);
#1705=EDGE_CURVE('',#1380,#1383,#473,.T.);
#1706=EDGE_CURVE('',#1384,#1385,#474,.T.);
#1707=EDGE_CURVE('',#1385,#1386,#475,.T.);
#1708=EDGE_CURVE('',#1386,#1387,#476,.T.);
#1709=EDGE_CURVE('',#1387,#1384,#477,.T.);
#1710=EDGE_CURVE('',#1388,#1384,#478,.T.);
#1711=EDGE_CURVE('',#1389,#1388,#479,.T.);
#1712=EDGE_CURVE('',#1390,#1389,#480,.T.);
#1713=EDGE_CURVE('',#1385,#1390,#481,.T.);
#1714=EDGE_CURVE('',#1387,#1391,#482,.T.);
#1715=EDGE_CURVE('',#1388,#1391,#483,.T.);
#1716=EDGE_CURVE('',#1392,#1393,#484,.T.);
#1717=EDGE_CURVE('',#1393,#1394,#485,.T.);
#1718=EDGE_CURVE('',#1394,#1395,#486,.T.);
#1719=EDGE_CURVE('',#1395,#1396,#487,.T.);
#1720=EDGE_CURVE('',#1396,#1397,#488,.T.);
#1721=EDGE_CURVE('',#1398,#1397,#489,.T.);
#1722=EDGE_CURVE('',#1392,#1398,#490,.T.);
#1723=EDGE_CURVE('',#1399,#1392,#491,.T.);
#1724=EDGE_CURVE('',#1400,#1399,#492,.T.);
#1725=EDGE_CURVE('',#1393,#1400,#493,.T.);
#1726=EDGE_CURVE('',#1401,#1402,#494,.F.);
#1727=EDGE_CURVE('',#1401,#1403,#495,.T.);
#1728=EDGE_CURVE('',#1404,#1403,#496,.F.);
#1729=EDGE_CURVE('',#1402,#1404,#497,.T.);
#1730=EDGE_CURVE('',#1404,#1405,#498,.T.);
#1731=EDGE_CURVE('',#1405,#1406,#499,.T.);
#1732=EDGE_CURVE('',#1402,#1406,#500,.F.);
#1733=EDGE_CURVE('',#1407,#1405,#501,.T.);
#1734=EDGE_CURVE('',#1408,#1407,#502,.T.);
#1735=EDGE_CURVE('',#1406,#1408,#503,.T.);
#1736=EDGE_CURVE('',#1409,#1401,#504,.T.);
#1737=EDGE_CURVE('',#1410,#1409,#505,.T.);
#1738=EDGE_CURVE('',#1403,#1410,#506,.T.);
#1739=EDGE_CURVE('',#1411,#1412,#507,.F.);
#1740=EDGE_CURVE('',#1411,#1413,#508,.T.);
#1741=EDGE_CURVE('',#1414,#1413,#509,.F.);
#1742=EDGE_CURVE('',#1412,#1414,#510,.T.);
#1743=EDGE_CURVE('',#1414,#1415,#511,.T.);
#1744=EDGE_CURVE('',#1416,#1415,#512,.F.);
#1745=EDGE_CURVE('',#1412,#1416,#513,.F.);
#1746=EDGE_CURVE('',#1415,#1417,#514,.T.);
#1747=EDGE_CURVE('',#1417,#1418,#515,.T.);
#1748=EDGE_CURVE('',#1418,#1416,#516,.T.);
#1749=EDGE_CURVE('',#1419,#1411,#517,.T.);
#1750=EDGE_CURVE('',#1420,#1419,#518,.T.);
#1751=EDGE_CURVE('',#1413,#1420,#519,.T.);
#1752=EDGE_CURVE('',#1421,#1422,#520,.F.);
#1753=EDGE_CURVE('',#1422,#1423,#521,.T.);
#1754=EDGE_CURVE('',#1423,#1424,#522,.F.);
#1755=EDGE_CURVE('',#1424,#1421,#523,.T.);
#1756=EDGE_CURVE('',#1422,#1425,#524,.F.);
#1757=EDGE_CURVE('',#1426,#1425,#525,.T.);
#1758=EDGE_CURVE('',#1423,#1426,#526,.T.);
#1759=EDGE_CURVE('',#1425,#1427,#527,.T.);
#1760=EDGE_CURVE('',#1427,#1428,#528,.T.);
#1761=EDGE_CURVE('',#1428,#1426,#529,.T.);
#1762=EDGE_CURVE('',#1429,#1424,#530,.T.);
#1763=EDGE_CURVE('',#1430,#1429,#531,.T.);
#1764=EDGE_CURVE('',#1421,#1430,#532,.T.);
#1765=EDGE_CURVE('',#1431,#1432,#533,.F.);
#1766=EDGE_CURVE('',#1432,#1433,#534,.T.);
#1767=EDGE_CURVE('',#1433,#1434,#535,.F.);
#1768=EDGE_CURVE('',#1434,#1431,#536,.T.);
#1769=EDGE_CURVE('',#1432,#1435,#537,.F.);
#1770=EDGE_CURVE('',#1435,#1436,#538,.F.);
#1771=EDGE_CURVE('',#1433,#1436,#539,.T.);
#1772=EDGE_CURVE('',#1437,#1435,#540,.T.);
#1773=EDGE_CURVE('',#1438,#1437,#541,.T.);
#1774=EDGE_CURVE('',#1436,#1438,#542,.T.);
#1775=EDGE_CURVE('',#1409,#1439,#543,.F.);
#1776=EDGE_CURVE('',#1439,#1440,#544,.T.);
#1777=EDGE_CURVE('',#1440,#1410,#545,.F.);
#1778=EDGE_CURVE('',#1439,#1441,#546,.T.);
#1779=EDGE_CURVE('',#1442,#1441,#547,.T.);
#1780=EDGE_CURVE('',#1442,#1440,#548,.T.);
#1781=EDGE_CURVE('',#1419,#1443,#549,.F.);
#1782=EDGE_CURVE('',#1443,#1444,#550,.T.);
#1783=EDGE_CURVE('',#1444,#1420,#551,.F.);
#1784=EDGE_CURVE('',#1443,#1445,#552,.T.);
#1785=EDGE_CURVE('',#1446,#1445,#553,.T.);
#1786=EDGE_CURVE('',#1446,#1444,#554,.T.);
#1787=EDGE_CURVE('',#1429,#1447,#555,.F.);
#1788=EDGE_CURVE('',#1447,#1448,#556,.T.);
#1789=EDGE_CURVE('',#1448,#1430,#557,.F.);
#1790=EDGE_CURVE('',#1449,#1447,#558,.T.);
#1791=EDGE_CURVE('',#1450,#1449,#559,.T.);
#1792=EDGE_CURVE('',#1448,#1450,#560,.T.);
#1793=EDGE_CURVE('',#1451,#1452,#561,.F.);
#1794=EDGE_CURVE('',#1452,#1453,#562,.T.);
#1795=EDGE_CURVE('',#1453,#1454,#563,.F.);
#1796=EDGE_CURVE('',#1454,#1451,#564,.T.);
#1797=EDGE_CURVE('',#1455,#1452,#565,.T.);
#1798=EDGE_CURVE('',#1456,#1455,#566,.T.);
#1799=EDGE_CURVE('',#1453,#1456,#567,.T.);
#1800=EDGE_CURVE('',#1457,#1408,#568,.T.);
#1801=EDGE_CURVE('',#1458,#1457,#569,.T.);
#1802=EDGE_CURVE('',#1459,#1458,#570,.T.);
#1803=EDGE_CURVE('',#1460,#1459,#571,.T.);
#1804=EDGE_CURVE('',#1441,#1460,#572,.T.);
#1805=EDGE_CURVE('',#1461,#1418,#573,.T.);
#1806=EDGE_CURVE('',#1462,#1461,#574,.T.);
#1807=EDGE_CURVE('',#1463,#1462,#575,.T.);
#1808=EDGE_CURVE('',#1464,#1463,#576,.T.);
#1809=EDGE_CURVE('',#1445,#1464,#577,.T.);
#1810=EDGE_CURVE('',#1465,#1466,#578,.T.);
#1811=EDGE_CURVE('',#1467,#1466,#579,.T.);
#1812=EDGE_CURVE('',#1467,#1468,#580,.T.);
#1813=EDGE_CURVE('',#1468,#1372,#581,.T.);
#1814=EDGE_CURVE('',#1375,#1469,#582,.T.);
#1815=EDGE_CURVE('',#1470,#1469,#583,.T.);
#1816=EDGE_CURVE('',#1465,#1470,#584,.T.);
#1817=EDGE_CURVE('',#1471,#1472,#585,.T.);
#1818=EDGE_CURVE('',#1464,#1472,#586,.T.);
#1819=EDGE_CURVE('',#1471,#1463,#587,.T.);
#1820=EDGE_CURVE('',#1473,#1459,#588,.T.);
#1821=EDGE_CURVE('',#1474,#1473,#589,.T.);
#1822=EDGE_CURVE('',#1474,#1364,#590,.T.);
#1823=EDGE_CURVE('',#1367,#1475,#591,.T.);
#1824=EDGE_CURVE('',#1475,#1476,#592,.T.);
#1825=EDGE_CURVE('',#1460,#1476,#593,.T.);
#1826=EDGE_CURVE('',#1477,#1465,#594,.T.);
#1827=EDGE_CURVE('',#1478,#1470,#595,.T.);
#1828=EDGE_CURVE('',#1478,#1477,#596,.T.);
#1829=EDGE_CURVE('',#1479,#1471,#597,.T.);
#1830=EDGE_CURVE('',#1462,#1479,#598,.T.);
#1831=EDGE_CURVE('',#1480,#1428,#599,.T.);
#1832=EDGE_CURVE('',#1481,#1480,#600,.T.);
#1833=EDGE_CURVE('',#1482,#1481,#601,.T.);
#1834=EDGE_CURVE('',#1483,#1482,#602,.T.);
#1835=EDGE_CURVE('',#1449,#1483,#603,.T.);
#1836=EDGE_CURVE('',#1451,#1434,#604,.T.);
#1837=EDGE_CURVE('',#1484,#1438,#605,.T.);
#1838=EDGE_CURVE('',#1485,#1484,#606,.T.);
#1839=EDGE_CURVE('',#1486,#1485,#607,.T.);
#1840=EDGE_CURVE('',#1487,#1486,#608,.T.);
#1841=EDGE_CURVE('',#1455,#1487,#609,.T.);
#1842=EDGE_CURVE('',#1476,#1488,#610,.T.);
#1843=EDGE_CURVE('',#1488,#1489,#611,.T.);
#1844=EDGE_CURVE('',#1489,#1490,#612,.T.);
#1845=EDGE_CURVE('',#1490,#1491,#40,.T.);
#1846=EDGE_CURVE('',#1491,#1492,#613,.T.);
#1847=EDGE_CURVE('',#1492,#1493,#41,.T.);
#1848=EDGE_CURVE('',#1493,#1494,#614,.T.);
#1849=EDGE_CURVE('',#1494,#1495,#615,.T.);
#1850=EDGE_CURVE('',#1495,#1496,#616,.T.);
#1851=EDGE_CURVE('',#1496,#1497,#617,.T.);
#1852=EDGE_CURVE('',#1497,#1450,#618,.T.);
#1853=EDGE_CURVE('',#1483,#1498,#619,.T.);
#1854=EDGE_CURVE('',#1498,#1456,#620,.T.);
#1855=EDGE_CURVE('',#1487,#1499,#621,.T.);
#1856=EDGE_CURVE('',#1499,#1500,#622,.T.);
#1857=EDGE_CURVE('',#1500,#1501,#623,.T.);
#1858=EDGE_CURVE('',#1501,#1502,#624,.T.);
#1859=EDGE_CURVE('',#1502,#1503,#42,.T.);
#1860=EDGE_CURVE('',#1503,#1504,#625,.T.);
#1861=EDGE_CURVE('',#1504,#1505,#626,.F.);
#1862=EDGE_CURVE('',#1505,#1506,#627,.F.);
#1863=EDGE_CURVE('',#1506,#1507,#628,.F.);
#1864=EDGE_CURVE('',#1507,#1508,#629,.T.);
#1865=EDGE_CURVE('',#1508,#1509,#43,.T.);
#1866=EDGE_CURVE('',#1509,#1510,#630,.T.);
#1867=EDGE_CURVE('',#1510,#1511,#631,.T.);
#1868=EDGE_CURVE('',#1511,#1467,#632,.T.);
#1869=EDGE_CURVE('',#1466,#1446,#633,.T.);
#1870=EDGE_CURVE('',#1472,#1442,#634,.T.);
#1871=EDGE_CURVE('',#1512,#1512,#44,.T.);
#1872=EDGE_CURVE('',#1513,#1513,#45,.T.);
#1873=EDGE_CURVE('',#1514,#1515,#635,.F.);
#1874=EDGE_CURVE('',#1515,#1516,#636,.F.);
#1875=EDGE_CURVE('',#1516,#1517,#46,.T.);
#1876=EDGE_CURVE('',#1517,#1518,#637,.F.);
#1877=EDGE_CURVE('',#1518,#1519,#47,.T.);
#1878=EDGE_CURVE('',#1519,#1520,#638,.F.);
#1879=EDGE_CURVE('',#1520,#1521,#48,.T.);
#1880=EDGE_CURVE('',#1521,#1522,#639,.F.);
#1881=EDGE_CURVE('',#1522,#1523,#49,.T.);
#1882=EDGE_CURVE('',#1523,#1524,#640,.F.);
#1883=EDGE_CURVE('',#1524,#1525,#50,.T.);
#1884=EDGE_CURVE('',#1525,#1526,#641,.F.);
#1885=EDGE_CURVE('',#1526,#1527,#51,.T.);
#1886=EDGE_CURVE('',#1527,#1514,#642,.F.);
#1887=EDGE_CURVE('',#1528,#1528,#52,.T.);
#1888=EDGE_CURVE('',#1529,#1529,#53,.T.);
#1889=EDGE_CURVE('',#1485,#1530,#643,.T.);
#1890=EDGE_CURVE('',#1530,#1531,#644,.T.);
#1891=EDGE_CURVE('',#1531,#1486,#645,.T.);
#1892=EDGE_CURVE('',#1481,#1532,#646,.T.);
#1893=EDGE_CURVE('',#1532,#1533,#647,.T.);
#1894=EDGE_CURVE('',#1533,#1482,#648,.T.);
#1895=EDGE_CURVE('',#1534,#1535,#649,.T.);
#1896=EDGE_CURVE('',#1535,#1536,#650,.T.);
#1897=EDGE_CURVE('',#1537,#1536,#651,.T.);
#1898=EDGE_CURVE('',#1537,#1534,#652,.T.);
#1899=EDGE_CURVE('',#1538,#1531,#653,.T.);
#1900=EDGE_CURVE('',#1538,#1388,#654,.T.);
#1901=EDGE_CURVE('',#1391,#1539,#655,.T.);
#1902=EDGE_CURVE('',#1539,#1499,#656,.T.);
#1903=EDGE_CURVE('',#1533,#1498,#657,.T.);
#1904=EDGE_CURVE('',#1457,#1540,#658,.T.);
#1905=EDGE_CURVE('',#1540,#1407,#659,.T.);
#1906=EDGE_CURVE('',#1540,#1479,#660,.T.);
#1907=EDGE_CURVE('',#1541,#1532,#661,.T.);
#1908=EDGE_CURVE('',#1541,#1437,#662,.T.);
#1909=EDGE_CURVE('',#1431,#1454,#663,.T.);
#1910=EDGE_CURVE('',#1484,#1541,#664,.T.);
#1911=EDGE_CURVE('',#1542,#1477,#665,.T.);
#1912=EDGE_CURVE('',#1542,#1417,#666,.T.);
#1913=EDGE_CURVE('',#1461,#1542,#667,.T.);
#1914=EDGE_CURVE('',#1543,#1534,#668,.T.);
#1915=EDGE_CURVE('',#1543,#1427,#669,.T.);
#1916=EDGE_CURVE('',#1535,#1497,#670,.T.);
#1917=EDGE_CURVE('',#1480,#1543,#671,.T.);
#1918=EDGE_CURVE('',#1544,#1478,#54,.T.);
#1919=EDGE_CURVE('',#1545,#1544,#672,.T.);
#1920=EDGE_CURVE('',#1530,#1545,#55,.T.);
#1921=EDGE_CURVE('',#1546,#1537,#56,.T.);
#1922=EDGE_CURVE('',#1547,#1546,#673,.T.);
#1923=EDGE_CURVE('',#1548,#1547,#57,.T.);
#1924=EDGE_CURVE('',#1458,#1548,#674,.T.);
#1925=EDGE_CURVE('',#1549,#1550,#675,.T.);
#1926=EDGE_CURVE('',#1551,#1549,#676,.T.);
#1927=EDGE_CURVE('',#1552,#1551,#677,.T.);
#1928=EDGE_CURVE('',#1550,#1552,#678,.T.);
#1929=EDGE_CURVE('',#1553,#1553,#58,.T.);
#1930=EDGE_CURVE('',#1554,#1554,#59,.T.);
#1931=EDGE_CURVE('',#1555,#1555,#60,.T.);
#1932=EDGE_CURVE('',#1556,#1556,#61,.T.);
#1933=EDGE_CURVE('',#1557,#1558,#679,.F.);
#1934=EDGE_CURVE('',#1558,#1559,#680,.T.);
#1935=EDGE_CURVE('',#1560,#1559,#681,.F.);
#1936=EDGE_CURVE('',#1560,#1561,#682,.T.);
#1937=EDGE_CURVE('',#1561,#1557,#683,.T.);
#1938=EDGE_CURVE('',#1557,#1562,#684,.T.);
#1939=EDGE_CURVE('',#1562,#1563,#685,.T.);
#1940=EDGE_CURVE('',#1563,#1564,#686,.T.);
#1941=EDGE_CURVE('',#1558,#1564,#687,.T.);
#1942=EDGE_CURVE('',#1564,#1565,#688,.T.);
#1943=EDGE_CURVE('',#1565,#1566,#689,.T.);
#1944=EDGE_CURVE('',#1566,#1567,#690,.T.);
#1945=EDGE_CURVE('',#1558,#1567,#691,.T.);
#1946=EDGE_CURVE('',#1568,#1569,#692,.T.);
#1947=EDGE_CURVE('',#1570,#1568,#693,.T.);
#1948=EDGE_CURVE('',#1570,#1571,#694,.T.);
#1949=EDGE_CURVE('',#1571,#1572,#695,.T.);
#1950=EDGE_CURVE('',#1572,#1569,#696,.T.);
#1951=EDGE_CURVE('',#1569,#1573,#697,.T.);
#1952=EDGE_CURVE('',#1573,#1574,#698,.T.);
#1953=EDGE_CURVE('',#1574,#1575,#699,.T.);
#1954=EDGE_CURVE('',#1568,#1575,#700,.F.);
#1955=EDGE_CURVE('',#1576,#1373,#701,.T.);
#1956=EDGE_CURVE('',#1577,#1576,#702,.T.);
#1957=EDGE_CURVE('',#1374,#1577,#703,.T.);
#1958=EDGE_CURVE('',#1368,#1577,#704,.T.);
#1959=EDGE_CURVE('',#1375,#1576,#705,.T.);
#1960=EDGE_CURVE('',#1578,#1468,#706,.T.);
#1961=EDGE_CURVE('',#1373,#1578,#707,.T.);
#1962=EDGE_CURVE('',#1510,#1579,#708,.T.);
#1963=EDGE_CURVE('',#1579,#1576,#709,.T.);
#1964=EDGE_CURVE('',#1511,#1578,#710,.T.);
#1965=EDGE_CURVE('',#1469,#1509,#711,.T.);
#1966=EDGE_CURVE('',#1469,#1579,#712,.T.);
#1967=EDGE_CURVE('',#1580,#1581,#713,.T.);
#1968=EDGE_CURVE('',#1580,#1390,#714,.T.);
#1969=EDGE_CURVE('',#1389,#1581,#715,.T.);
#1970=EDGE_CURVE('',#1386,#1580,#716,.T.);
#1971=EDGE_CURVE('',#1391,#1581,#717,.T.);
#1972=EDGE_CURVE('',#1538,#1582,#718,.T.);
#1973=EDGE_CURVE('',#1582,#1389,#719,.T.);
#1974=EDGE_CURVE('',#1500,#1583,#720,.T.);
#1975=EDGE_CURVE('',#1581,#1583,#721,.T.);
#1976=EDGE_CURVE('',#1501,#1582,#722,.T.);
#1977=EDGE_CURVE('',#1502,#1538,#723,.T.);
#1978=EDGE_CURVE('',#1583,#1539,#724,.T.);
#1979=EDGE_CURVE('',#1496,#1584,#725,.T.);
#1980=EDGE_CURVE('',#1584,#1380,#726,.T.);
#1981=EDGE_CURVE('',#1383,#1585,#727,.T.);
#1982=EDGE_CURVE('',#1536,#1585,#728,.T.);
#1983=EDGE_CURVE('',#1586,#1587,#729,.T.);
#1984=EDGE_CURVE('',#1586,#1366,#730,.T.);
#1985=EDGE_CURVE('',#1365,#1587,#731,.T.);
#1986=EDGE_CURVE('',#1362,#1586,#732,.T.);
#1987=EDGE_CURVE('',#1367,#1587,#733,.T.);
#1988=EDGE_CURVE('',#1474,#1588,#734,.T.);
#1989=EDGE_CURVE('',#1588,#1365,#735,.T.);
#1990=EDGE_CURVE('',#1488,#1589,#736,.T.);
#1991=EDGE_CURVE('',#1587,#1589,#737,.T.);
#1992=EDGE_CURVE('',#1489,#1588,#738,.T.);
#1993=EDGE_CURVE('',#1490,#1474,#739,.T.);
#1994=EDGE_CURVE('',#1589,#1475,#740,.T.);
#1995=EDGE_CURVE('',#1590,#1381,#741,.T.);
#1996=EDGE_CURVE('',#1591,#1590,#742,.T.);
#1997=EDGE_CURVE('',#1382,#1591,#743,.T.);
#1998=EDGE_CURVE('',#1376,#1591,#744,.T.);
#1999=EDGE_CURVE('',#1383,#1590,#745,.T.);
#2000=EDGE_CURVE('',#1592,#1584,#746,.T.);
#2001=EDGE_CURVE('',#1381,#1592,#747,.T.);
#2002=EDGE_CURVE('',#1494,#1593,#748,.T.);
#2003=EDGE_CURVE('',#1593,#1590,#749,.T.);
#2004=EDGE_CURVE('',#1495,#1592,#750,.T.);
#2005=EDGE_CURVE('',#1585,#1493,#751,.T.);
#2006=EDGE_CURVE('',#1585,#1593,#752,.T.);
#2007=EDGE_CURVE('',#1594,#1595,#753,.T.);
#2008=EDGE_CURVE('',#1594,#1596,#754,.T.);
#2009=EDGE_CURVE('',#1596,#1597,#755,.T.);
#2010=EDGE_CURVE('',#1595,#1597,#756,.T.);
#2011=EDGE_CURVE('',#1597,#1598,#757,.T.);
#2012=EDGE_CURVE('',#1599,#1596,#758,.T.);
#2013=EDGE_CURVE('',#1598,#1599,#759,.T.);
#2014=EDGE_CURVE('',#1600,#1594,#760,.T.);
#2015=EDGE_CURVE('',#1600,#1599,#761,.T.);
#2016=EDGE_CURVE('',#1601,#1600,#762,.T.);
#2017=EDGE_CURVE('',#1598,#1601,#763,.T.);
#2018=EDGE_CURVE('',#1602,#1514,#764,.T.);
#2019=EDGE_CURVE('',#1602,#1603,#765,.T.);
#2020=EDGE_CURVE('',#1603,#1604,#766,.T.);
#2021=EDGE_CURVE('',#1604,#1605,#767,.F.);
#2022=EDGE_CURVE('',#1515,#1605,#768,.T.);
#2023=EDGE_CURVE('',#1606,#1527,#769,.T.);
#2024=EDGE_CURVE('',#1606,#1602,#770,.T.);
#2025=EDGE_CURVE('',#1607,#1601,#771,.T.);
#2026=EDGE_CURVE('',#1607,#1608,#772,.T.);
#2027=EDGE_CURVE('',#1609,#1608,#773,.T.);
#2028=EDGE_CURVE('',#1610,#1609,#774,.T.);
#2029=EDGE_CURVE('',#1595,#1610,#775,.T.);
#2030=EDGE_CURVE('',#1570,#1611,#776,.T.);
#2031=EDGE_CURVE('',#1612,#1611,#777,.T.);
#2032=EDGE_CURVE('',#1612,#1571,#778,.T.);
#2033=EDGE_CURVE('',#1613,#1614,#779,.T.);
#2034=EDGE_CURVE('',#1615,#1614,#780,.T.);
#2035=EDGE_CURVE('',#1616,#1615,#781,.T.);
#2036=EDGE_CURVE('',#1613,#1616,#782,.T.);
#2037=EDGE_CURVE('',#1615,#1617,#783,.T.);
#2038=EDGE_CURVE('',#1618,#1614,#784,.T.);
#2039=EDGE_CURVE('',#1619,#1618,#785,.F.);
#2040=EDGE_CURVE('',#1620,#1619,#62,.T.);
#2041=EDGE_CURVE('',#1621,#1620,#786,.F.);
#2042=EDGE_CURVE('',#1622,#1621,#63,.T.);
#2043=EDGE_CURVE('',#1617,#1622,#787,.F.);
#2044=EDGE_CURVE('',#1614,#1623,#788,.T.);
#2045=EDGE_CURVE('',#1623,#1624,#789,.T.);
#2046=EDGE_CURVE('',#1618,#1624,#790,.T.);
#2047=EDGE_CURVE('',#1616,#1625,#791,.T.);
#2048=EDGE_CURVE('',#1625,#1626,#792,.T.);
#2049=EDGE_CURVE('',#1627,#1626,#793,.T.);
#2050=EDGE_CURVE('',#1627,#1560,#794,.T.);
#2051=EDGE_CURVE('',#1559,#1628,#795,.T.);
#2052=EDGE_CURVE('',#1628,#1629,#796,.T.);
#2053=EDGE_CURVE('',#1629,#1630,#797,.T.);
#2054=EDGE_CURVE('',#1399,#1630,#798,.T.);
#2055=EDGE_CURVE('',#1398,#1631,#799,.T.);
#2056=EDGE_CURVE('',#1631,#1632,#800,.T.);
#2057=EDGE_CURVE('',#1632,#1603,#801,.T.);
#2058=EDGE_CURVE('',#1609,#1606,#64,.F.);
#2059=EDGE_CURVE('',#1608,#1612,#802,.T.);
#2060=EDGE_CURVE('',#1611,#1633,#803,.T.);
#2061=EDGE_CURVE('',#1633,#1634,#804,.F.);
#2062=EDGE_CURVE('',#1634,#1635,#805,.T.);
#2063=EDGE_CURVE('',#1636,#1635,#806,.T.);
#2064=EDGE_CURVE('',#1636,#1637,#807,.T.);
#2065=EDGE_CURVE('',#1637,#1613,#808,.T.);
#2066=EDGE_CURVE('',#1638,#1639,#809,.T.);
#2067=EDGE_CURVE('',#1640,#1638,#810,.T.);
#2068=EDGE_CURVE('',#1641,#1640,#811,.T.);
#2069=EDGE_CURVE('',#1639,#1641,#812,.T.);
#2070=EDGE_CURVE('',#1642,#1617,#813,.T.);
#2071=EDGE_CURVE('',#1642,#1643,#814,.T.);
#2072=EDGE_CURVE('',#1615,#1643,#815,.T.);
#2073=EDGE_CURVE('',#1632,#1644,#816,.T.);
#2074=EDGE_CURVE('',#1604,#1644,#817,.T.);
#2075=EDGE_CURVE('',#1645,#1400,#818,.F.);
#2076=EDGE_CURVE('',#1646,#1645,#65,.T.);
#2077=EDGE_CURVE('',#1647,#1646,#819,.F.);
#2078=EDGE_CURVE('',#1648,#1647,#66,.T.);
#2079=EDGE_CURVE('',#1649,#1648,#820,.F.);
#2080=EDGE_CURVE('',#1650,#1649,#67,.T.);
#2081=EDGE_CURVE('',#1605,#1650,#821,.F.);
#2082=EDGE_CURVE('',#1393,#1644,#822,.T.);
#2083=EDGE_CURVE('',#1516,#1650,#823,.T.);
#2084=EDGE_CURVE('',#1649,#1517,#824,.T.);
#2085=EDGE_CURVE('',#1518,#1648,#825,.T.);
#2086=EDGE_CURVE('',#1647,#1519,#826,.T.);
#2087=EDGE_CURVE('',#1520,#1646,#827,.T.);
#2088=EDGE_CURVE('',#1645,#1521,#828,.T.);
#2089=EDGE_CURVE('',#1544,#1651,#829,.T.);
#2090=EDGE_CURVE('',#1651,#1652,#830,.T.);
#2091=EDGE_CURVE('',#1652,#1545,#831,.T.);
#2092=EDGE_CURVE('',#1470,#1651,#68,.T.);
#2093=EDGE_CURVE('',#1548,#1473,#832,.T.);
#2094=EDGE_CURVE('',#1547,#1653,#833,.T.);
#2095=EDGE_CURVE('',#1653,#1473,#69,.T.);
#2096=EDGE_CURVE('',#1546,#1654,#834,.T.);
#2097=EDGE_CURVE('',#1654,#1653,#835,.T.);
#2098=EDGE_CURVE('',#1536,#1654,#70,.T.);
#2099=EDGE_CURVE('',#1652,#1531,#71,.T.);
#2100=EDGE_CURVE('',#1492,#1654,#836,.T.);
#2101=EDGE_CURVE('',#1652,#1503,#837,.T.);
#2102=EDGE_CURVE('',#1508,#1651,#838,.T.);
#2103=EDGE_CURVE('',#1507,#1655,#839,.T.);
#2104=EDGE_CURVE('',#1655,#1656,#840,.T.);
#2105=EDGE_CURVE('',#1656,#1504,#841,.T.);
#2106=EDGE_CURVE('',#1633,#1568,#842,.T.);
#2107=EDGE_CURVE('',#1575,#1657,#843,.T.);
#2108=EDGE_CURVE('',#1657,#1634,#844,.T.);
#2109=EDGE_CURVE('',#1628,#1567,#845,.T.);
#2110=EDGE_CURVE('',#1658,#1627,#846,.T.);
#2111=EDGE_CURVE('',#1658,#1561,#847,.T.);
#2112=EDGE_CURVE('',#1522,#1622,#848,.T.);
#2113=EDGE_CURVE('',#1630,#1659,#849,.T.);
#2114=EDGE_CURVE('',#1659,#1658,#850,.T.);
#2115=EDGE_CURVE('',#1626,#1660,#851,.T.);
#2116=EDGE_CURVE('',#1660,#1642,#852,.T.);
#2117=EDGE_CURVE('',#1635,#1661,#853,.T.);
#2118=EDGE_CURVE('',#1661,#1657,#854,.T.);
#2119=EDGE_CURVE('',#1662,#1610,#72,.T.);
#2120=EDGE_CURVE('',#1526,#1662,#855,.T.);
#2121=EDGE_CURVE('',#1663,#1563,#856,.T.);
#2122=EDGE_CURVE('',#1565,#1663,#857,.T.);
#2123=EDGE_CURVE('',#1572,#1664,#858,.T.);
#2124=EDGE_CURVE('',#1664,#1573,#859,.T.);
#2125=EDGE_CURVE('',#1629,#1566,#860,.F.);
#2126=EDGE_CURVE('',#1665,#1666,#861,.T.);
#2127=EDGE_CURVE('',#1666,#1637,#862,.T.);
#2128=EDGE_CURVE('',#1665,#1636,#863,.T.);
#2129=EDGE_CURVE('',#1667,#1660,#864,.T.);
#2130=EDGE_CURVE('',#1625,#1667,#865,.T.);
#2131=EDGE_CURVE('',#1624,#1665,#866,.T.);
#2132=EDGE_CURVE('',#1666,#1623,#867,.T.);
#2133=EDGE_CURVE('',#1643,#1667,#868,.T.);
#2134=EDGE_CURVE('',#1668,#1562,#869,.T.);
#2135=EDGE_CURVE('',#1668,#1663,#870,.T.);
#2136=EDGE_CURVE('',#1668,#1659,#871,.T.);
#2137=EDGE_CURVE('',#1506,#1669,#872,.T.);
#2138=EDGE_CURVE('',#1669,#1655,#873,.T.);
#2139=EDGE_CURVE('',#1505,#1670,#874,.T.);
#2140=EDGE_CURVE('',#1670,#1669,#875,.T.);
#2141=EDGE_CURVE('',#1656,#1670,#876,.T.);
#2142=EDGE_CURVE('',#1671,#1672,#877,.T.);
#2143=EDGE_CURVE('',#1672,#1396,#878,.T.);
#2144=EDGE_CURVE('',#1671,#1395,#879,.T.);
#2145=EDGE_CURVE('',#1673,#1672,#880,.T.);
#2146=EDGE_CURVE('',#1397,#1673,#881,.T.);
#2147=EDGE_CURVE('',#1574,#1674,#882,.T.);
#2148=EDGE_CURVE('',#1674,#1664,#883,.T.);
#2149=EDGE_CURVE('',#1661,#1662,#884,.T.);
#2150=EDGE_CURVE('',#1674,#1607,#885,.T.);
#2151=EDGE_CURVE('',#1631,#1673,#886,.T.);
#2152=EDGE_CURVE('',#1675,#1671,#887,.T.);
#2153=EDGE_CURVE('',#1644,#1675,#888,.T.);
#2154=EDGE_CURVE('',#1394,#1675,#889,.T.);
#2155=EDGE_CURVE('',#1619,#1525,#890,.T.);
#2156=EDGE_CURVE('',#1524,#1620,#891,.T.);
#2157=EDGE_CURVE('',#1621,#1523,#892,.T.);
#2158=EDGE_CURVE('',#1551,#1638,#893,.T.);
#2159=EDGE_CURVE('',#1549,#1640,#894,.T.);
#2160=EDGE_CURVE('',#1552,#1639,#895,.T.);
#2161=EDGE_CURVE('',#1653,#1491,#896,.T.);
#2162=EDGE_CURVE('',#1550,#1641,#897,.T.);
#2163=EDGE_CURVE('',#1556,#1528,#898,.T.);
#2164=EDGE_CURVE('',#1555,#1513,#899,.T.);
#2165=EDGE_CURVE('',#1554,#1529,#900,.T.);
#2166=EDGE_CURVE('',#1553,#1512,#901,.T.);
#2167=ORIENTED_EDGE('',*,*,#1676,.T.);
#2168=ORIENTED_EDGE('',*,*,#1677,.T.);
#2169=ORIENTED_EDGE('',*,*,#1678,.T.);
#2170=ORIENTED_EDGE('',*,*,#1679,.T.);
#2171=ORIENTED_EDGE('',*,*,#1676,.F.);
#2172=ORIENTED_EDGE('',*,*,#1680,.F.);
#2173=ORIENTED_EDGE('',*,*,#1681,.F.);
#2174=ORIENTED_EDGE('',*,*,#1682,.F.);
#2175=ORIENTED_EDGE('',*,*,#1683,.F.);
#2176=ORIENTED_EDGE('',*,*,#1679,.F.);
#2177=ORIENTED_EDGE('',*,*,#1684,.T.);
#2178=ORIENTED_EDGE('',*,*,#1685,.F.);
#2179=ORIENTED_EDGE('',*,*,#1680,.T.);
#2180=ORIENTED_EDGE('',*,*,#1686,.T.);
#2181=ORIENTED_EDGE('',*,*,#1687,.T.);
#2182=ORIENTED_EDGE('',*,*,#1688,.T.);
#2183=ORIENTED_EDGE('',*,*,#1689,.T.);
#2184=ORIENTED_EDGE('',*,*,#1688,.F.);
#2185=ORIENTED_EDGE('',*,*,#1690,.T.);
#2186=ORIENTED_EDGE('',*,*,#1691,.F.);
#2187=ORIENTED_EDGE('',*,*,#1692,.F.);
#2188=ORIENTED_EDGE('',*,*,#1693,.F.);
#2189=ORIENTED_EDGE('',*,*,#1687,.F.);
#2190=ORIENTED_EDGE('',*,*,#1694,.F.);
#2191=ORIENTED_EDGE('',*,*,#1695,.F.);
#2192=ORIENTED_EDGE('',*,*,#1690,.F.);
#2193=ORIENTED_EDGE('',*,*,#1696,.T.);
#2194=ORIENTED_EDGE('',*,*,#1697,.T.);
#2195=ORIENTED_EDGE('',*,*,#1698,.T.);
#2196=ORIENTED_EDGE('',*,*,#1699,.T.);
#2197=ORIENTED_EDGE('',*,*,#1698,.F.);
#2198=ORIENTED_EDGE('',*,*,#1700,.T.);
#2199=ORIENTED_EDGE('',*,*,#1701,.F.);
#2200=ORIENTED_EDGE('',*,*,#1702,.F.);
#2201=ORIENTED_EDGE('',*,*,#1703,.F.);
#2202=ORIENTED_EDGE('',*,*,#1697,.F.);
#2203=ORIENTED_EDGE('',*,*,#1704,.F.);
#2204=ORIENTED_EDGE('',*,*,#1705,.F.);
#2205=ORIENTED_EDGE('',*,*,#1700,.F.);
#2206=ORIENTED_EDGE('',*,*,#1706,.T.);
#2207=ORIENTED_EDGE('',*,*,#1707,.T.);
#2208=ORIENTED_EDGE('',*,*,#1708,.T.);
#2209=ORIENTED_EDGE('',*,*,#1709,.T.);
#2210=ORIENTED_EDGE('',*,*,#1706,.F.);
#2211=ORIENTED_EDGE('',*,*,#1710,.F.);
#2212=ORIENTED_EDGE('',*,*,#1711,.F.);
#2213=ORIENTED_EDGE('',*,*,#1712,.F.);
#2214=ORIENTED_EDGE('',*,*,#1713,.F.);
#2215=ORIENTED_EDGE('',*,*,#1709,.F.);
#2216=ORIENTED_EDGE('',*,*,#1714,.T.);
#2217=ORIENTED_EDGE('',*,*,#1715,.F.);
#2218=ORIENTED_EDGE('',*,*,#1710,.T.);
#2219=ORIENTED_EDGE('',*,*,#1716,.T.);
#2220=ORIENTED_EDGE('',*,*,#1717,.T.);
#2221=ORIENTED_EDGE('',*,*,#1718,.T.);
#2222=ORIENTED_EDGE('',*,*,#1719,.T.);
#2223=ORIENTED_EDGE('',*,*,#1720,.T.);
#2224=ORIENTED_EDGE('',*,*,#1721,.F.);
#2225=ORIENTED_EDGE('',*,*,#1722,.F.);
#2226=ORIENTED_EDGE('',*,*,#1716,.F.);
#2227=ORIENTED_EDGE('',*,*,#1723,.F.);
#2228=ORIENTED_EDGE('',*,*,#1724,.F.);
#2229=ORIENTED_EDGE('',*,*,#1725,.F.);
#2230=ORIENTED_EDGE('',*,*,#1726,.F.);
#2231=ORIENTED_EDGE('',*,*,#1727,.T.);
#2232=ORIENTED_EDGE('',*,*,#1728,.F.);
#2233=ORIENTED_EDGE('',*,*,#1729,.F.);
#2234=ORIENTED_EDGE('',*,*,#1729,.T.);
#2235=ORIENTED_EDGE('',*,*,#1730,.T.);
#2236=ORIENTED_EDGE('',*,*,#1731,.T.);
#2237=ORIENTED_EDGE('',*,*,#1732,.F.);
#2238=ORIENTED_EDGE('',*,*,#1731,.F.);
#2239=ORIENTED_EDGE('',*,*,#1733,.F.);
#2240=ORIENTED_EDGE('',*,*,#1734,.F.);
#2241=ORIENTED_EDGE('',*,*,#1735,.F.);
#2242=ORIENTED_EDGE('',*,*,#1727,.F.);
#2243=ORIENTED_EDGE('',*,*,#1736,.F.);
#2244=ORIENTED_EDGE('',*,*,#1737,.F.);
#2245=ORIENTED_EDGE('',*,*,#1738,.F.);
#2246=ORIENTED_EDGE('',*,*,#1739,.F.);
#2247=ORIENTED_EDGE('',*,*,#1740,.T.);
#2248=ORIENTED_EDGE('',*,*,#1741,.F.);
#2249=ORIENTED_EDGE('',*,*,#1742,.F.);
#2250=ORIENTED_EDGE('',*,*,#1742,.T.);
#2251=ORIENTED_EDGE('',*,*,#1743,.T.);
#2252=ORIENTED_EDGE('',*,*,#1744,.F.);
#2253=ORIENTED_EDGE('',*,*,#1745,.F.);
#2254=ORIENTED_EDGE('',*,*,#1744,.T.);
#2255=ORIENTED_EDGE('',*,*,#1746,.T.);
#2256=ORIENTED_EDGE('',*,*,#1747,.T.);
#2257=ORIENTED_EDGE('',*,*,#1748,.T.);
#2258=ORIENTED_EDGE('',*,*,#1740,.F.);
#2259=ORIENTED_EDGE('',*,*,#1749,.F.);
#2260=ORIENTED_EDGE('',*,*,#1750,.F.);
#2261=ORIENTED_EDGE('',*,*,#1751,.F.);
#2262=ORIENTED_EDGE('',*,*,#1752,.T.);
#2263=ORIENTED_EDGE('',*,*,#1753,.T.);
#2264=ORIENTED_EDGE('',*,*,#1754,.T.);
#2265=ORIENTED_EDGE('',*,*,#1755,.T.);
#2266=ORIENTED_EDGE('',*,*,#1753,.F.);
#2267=ORIENTED_EDGE('',*,*,#1756,.T.);
#2268=ORIENTED_EDGE('',*,*,#1757,.F.);
#2269=ORIENTED_EDGE('',*,*,#1758,.F.);
#2270=ORIENTED_EDGE('',*,*,#1757,.T.);
#2271=ORIENTED_EDGE('',*,*,#1759,.T.);
#2272=ORIENTED_EDGE('',*,*,#1760,.T.);
#2273=ORIENTED_EDGE('',*,*,#1761,.T.);
#2274=ORIENTED_EDGE('',*,*,#1755,.F.);
#2275=ORIENTED_EDGE('',*,*,#1762,.F.);
#2276=ORIENTED_EDGE('',*,*,#1763,.F.);
#2277=ORIENTED_EDGE('',*,*,#1764,.F.);
#2278=ORIENTED_EDGE('',*,*,#1765,.T.);
#2279=ORIENTED_EDGE('',*,*,#1766,.T.);
#2280=ORIENTED_EDGE('',*,*,#1767,.T.);
#2281=ORIENTED_EDGE('',*,*,#1768,.T.);
#2282=ORIENTED_EDGE('',*,*,#1766,.F.);
#2283=ORIENTED_EDGE('',*,*,#1769,.T.);
#2284=ORIENTED_EDGE('',*,*,#1770,.T.);
#2285=ORIENTED_EDGE('',*,*,#1771,.F.);
#2286=ORIENTED_EDGE('',*,*,#1770,.F.);
#2287=ORIENTED_EDGE('',*,*,#1772,.F.);
#2288=ORIENTED_EDGE('',*,*,#1773,.F.);
#2289=ORIENTED_EDGE('',*,*,#1774,.F.);
#2290=ORIENTED_EDGE('',*,*,#1775,.T.);
#2291=ORIENTED_EDGE('',*,*,#1776,.T.);
#2292=ORIENTED_EDGE('',*,*,#1777,.T.);
#2293=ORIENTED_EDGE('',*,*,#1737,.T.);
#2294=ORIENTED_EDGE('',*,*,#1776,.F.);
#2295=ORIENTED_EDGE('',*,*,#1778,.T.);
#2296=ORIENTED_EDGE('',*,*,#1779,.F.);
#2297=ORIENTED_EDGE('',*,*,#1780,.T.);
#2298=ORIENTED_EDGE('',*,*,#1781,.T.);
#2299=ORIENTED_EDGE('',*,*,#1782,.T.);
#2300=ORIENTED_EDGE('',*,*,#1783,.T.);
#2301=ORIENTED_EDGE('',*,*,#1750,.T.);
#2302=ORIENTED_EDGE('',*,*,#1782,.F.);
#2303=ORIENTED_EDGE('',*,*,#1784,.T.);
#2304=ORIENTED_EDGE('',*,*,#1785,.F.);
#2305=ORIENTED_EDGE('',*,*,#1786,.T.);
#2306=ORIENTED_EDGE('',*,*,#1787,.T.);
#2307=ORIENTED_EDGE('',*,*,#1788,.T.);
#2308=ORIENTED_EDGE('',*,*,#1789,.T.);
#2309=ORIENTED_EDGE('',*,*,#1763,.T.);
#2310=ORIENTED_EDGE('',*,*,#1788,.F.);
#2311=ORIENTED_EDGE('',*,*,#1790,.F.);
#2312=ORIENTED_EDGE('',*,*,#1791,.F.);
#2313=ORIENTED_EDGE('',*,*,#1792,.F.);
#2314=ORIENTED_EDGE('',*,*,#1793,.T.);
#2315=ORIENTED_EDGE('',*,*,#1794,.T.);
#2316=ORIENTED_EDGE('',*,*,#1795,.T.);
#2317=ORIENTED_EDGE('',*,*,#1796,.T.);
#2318=ORIENTED_EDGE('',*,*,#1794,.F.);
#2319=ORIENTED_EDGE('',*,*,#1797,.F.);
#2320=ORIENTED_EDGE('',*,*,#1798,.F.);
#2321=ORIENTED_EDGE('',*,*,#1799,.F.);
#2322=ORIENTED_EDGE('',*,*,#1736,.T.);
#2323=ORIENTED_EDGE('',*,*,#1726,.T.);
#2324=ORIENTED_EDGE('',*,*,#1732,.T.);
#2325=ORIENTED_EDGE('',*,*,#1735,.T.);
#2326=ORIENTED_EDGE('',*,*,#1800,.F.);
#2327=ORIENTED_EDGE('',*,*,#1801,.F.);
#2328=ORIENTED_EDGE('',*,*,#1802,.F.);
#2329=ORIENTED_EDGE('',*,*,#1803,.F.);
#2330=ORIENTED_EDGE('',*,*,#1804,.F.);
#2331=ORIENTED_EDGE('',*,*,#1778,.F.);
#2332=ORIENTED_EDGE('',*,*,#1775,.F.);
#2333=ORIENTED_EDGE('',*,*,#1749,.T.);
#2334=ORIENTED_EDGE('',*,*,#1739,.T.);
#2335=ORIENTED_EDGE('',*,*,#1745,.T.);
#2336=ORIENTED_EDGE('',*,*,#1748,.F.);
#2337=ORIENTED_EDGE('',*,*,#1805,.F.);
#2338=ORIENTED_EDGE('',*,*,#1806,.F.);
#2339=ORIENTED_EDGE('',*,*,#1807,.F.);
#2340=ORIENTED_EDGE('',*,*,#1808,.F.);
#2341=ORIENTED_EDGE('',*,*,#1809,.F.);
#2342=ORIENTED_EDGE('',*,*,#1784,.F.);
#2343=ORIENTED_EDGE('',*,*,#1781,.F.);
#2344=ORIENTED_EDGE('',*,*,#1810,.T.);
#2345=ORIENTED_EDGE('',*,*,#1811,.F.);
#2346=ORIENTED_EDGE('',*,*,#1812,.T.);
#2347=ORIENTED_EDGE('',*,*,#1813,.T.);
#2348=ORIENTED_EDGE('',*,*,#1695,.T.);
#2349=ORIENTED_EDGE('',*,*,#1814,.T.);
#2350=ORIENTED_EDGE('',*,*,#1815,.F.);
#2351=ORIENTED_EDGE('',*,*,#1816,.F.);
#2352=ORIENTED_EDGE('',*,*,#1817,.T.);
#2353=ORIENTED_EDGE('',*,*,#1818,.F.);
#2354=ORIENTED_EDGE('',*,*,#1808,.T.);
#2355=ORIENTED_EDGE('',*,*,#1819,.F.);
#2356=ORIENTED_EDGE('',*,*,#1803,.T.);
#2357=ORIENTED_EDGE('',*,*,#1820,.F.);
#2358=ORIENTED_EDGE('',*,*,#1821,.F.);
#2359=ORIENTED_EDGE('',*,*,#1822,.T.);
#2360=ORIENTED_EDGE('',*,*,#1685,.T.);
#2361=ORIENTED_EDGE('',*,*,#1823,.T.);
#2362=ORIENTED_EDGE('',*,*,#1824,.T.);
#2363=ORIENTED_EDGE('',*,*,#1825,.F.);
#2364=ORIENTED_EDGE('',*,*,#1826,.T.);
#2365=ORIENTED_EDGE('',*,*,#1816,.T.);
#2366=ORIENTED_EDGE('',*,*,#1827,.F.);
#2367=ORIENTED_EDGE('',*,*,#1828,.T.);
#2368=ORIENTED_EDGE('',*,*,#1829,.T.);
#2369=ORIENTED_EDGE('',*,*,#1819,.T.);
#2370=ORIENTED_EDGE('',*,*,#1807,.T.);
#2371=ORIENTED_EDGE('',*,*,#1830,.T.);
#2372=ORIENTED_EDGE('',*,*,#1762,.T.);
#2373=ORIENTED_EDGE('',*,*,#1754,.F.);
#2374=ORIENTED_EDGE('',*,*,#1758,.T.);
#2375=ORIENTED_EDGE('',*,*,#1761,.F.);
#2376=ORIENTED_EDGE('',*,*,#1831,.F.);
#2377=ORIENTED_EDGE('',*,*,#1832,.F.);
#2378=ORIENTED_EDGE('',*,*,#1833,.F.);
#2379=ORIENTED_EDGE('',*,*,#1834,.F.);
#2380=ORIENTED_EDGE('',*,*,#1835,.F.);
#2381=ORIENTED_EDGE('',*,*,#1790,.T.);
#2382=ORIENTED_EDGE('',*,*,#1787,.F.);
#2383=ORIENTED_EDGE('',*,*,#1836,.T.);
#2384=ORIENTED_EDGE('',*,*,#1767,.F.);
#2385=ORIENTED_EDGE('',*,*,#1771,.T.);
#2386=ORIENTED_EDGE('',*,*,#1774,.T.);
#2387=ORIENTED_EDGE('',*,*,#1837,.F.);
#2388=ORIENTED_EDGE('',*,*,#1838,.F.);
#2389=ORIENTED_EDGE('',*,*,#1839,.F.);
#2390=ORIENTED_EDGE('',*,*,#1840,.F.);
#2391=ORIENTED_EDGE('',*,*,#1841,.F.);
#2392=ORIENTED_EDGE('',*,*,#1797,.T.);
#2393=ORIENTED_EDGE('',*,*,#1793,.F.);
#2394=ORIENTED_EDGE('',*,*,#1804,.T.);
#2395=ORIENTED_EDGE('',*,*,#1825,.T.);
#2396=ORIENTED_EDGE('',*,*,#1842,.T.);
#2397=ORIENTED_EDGE('',*,*,#1843,.T.);
#2398=ORIENTED_EDGE('',*,*,#1844,.T.);
#2399=ORIENTED_EDGE('',*,*,#1845,.T.);
#2400=ORIENTED_EDGE('',*,*,#1846,.T.);
#2401=ORIENTED_EDGE('',*,*,#1847,.T.);
#2402=ORIENTED_EDGE('',*,*,#1848,.T.);
#2403=ORIENTED_EDGE('',*,*,#1849,.T.);
#2404=ORIENTED_EDGE('',*,*,#1850,.T.);
#2405=ORIENTED_EDGE('',*,*,#1851,.T.);
#2406=ORIENTED_EDGE('',*,*,#1852,.T.);
#2407=ORIENTED_EDGE('',*,*,#1791,.T.);
#2408=ORIENTED_EDGE('',*,*,#1835,.T.);
#2409=ORIENTED_EDGE('',*,*,#1853,.T.);
#2410=ORIENTED_EDGE('',*,*,#1854,.T.);
#2411=ORIENTED_EDGE('',*,*,#1798,.T.);
#2412=ORIENTED_EDGE('',*,*,#1841,.T.);
#2413=ORIENTED_EDGE('',*,*,#1855,.T.);
#2414=ORIENTED_EDGE('',*,*,#1856,.T.);
#2415=ORIENTED_EDGE('',*,*,#1857,.T.);
#2416=ORIENTED_EDGE('',*,*,#1858,.T.);
#2417=ORIENTED_EDGE('',*,*,#1859,.T.);
#2418=ORIENTED_EDGE('',*,*,#1860,.T.);
#2419=ORIENTED_EDGE('',*,*,#1861,.T.);
#2420=ORIENTED_EDGE('',*,*,#1862,.T.);
#2421=ORIENTED_EDGE('',*,*,#1863,.T.);
#2422=ORIENTED_EDGE('',*,*,#1864,.T.);
#2423=ORIENTED_EDGE('',*,*,#1865,.T.);
#2424=ORIENTED_EDGE('',*,*,#1866,.T.);
#2425=ORIENTED_EDGE('',*,*,#1867,.T.);
#2426=ORIENTED_EDGE('',*,*,#1868,.T.);
#2427=ORIENTED_EDGE('',*,*,#1811,.T.);
#2428=ORIENTED_EDGE('',*,*,#1869,.T.);
#2429=ORIENTED_EDGE('',*,*,#1785,.T.);
#2430=ORIENTED_EDGE('',*,*,#1809,.T.);
#2431=ORIENTED_EDGE('',*,*,#1818,.T.);
#2432=ORIENTED_EDGE('',*,*,#1870,.T.);
#2433=ORIENTED_EDGE('',*,*,#1779,.T.);
#2434=ORIENTED_EDGE('',*,*,#1871,.F.);
#2435=ORIENTED_EDGE('',*,*,#1872,.F.);
#2436=ORIENTED_EDGE('',*,*,#1873,.T.);
#2437=ORIENTED_EDGE('',*,*,#1874,.T.);
#2438=ORIENTED_EDGE('',*,*,#1875,.T.);
#2439=ORIENTED_EDGE('',*,*,#1876,.T.);
#2440=ORIENTED_EDGE('',*,*,#1877,.T.);
#2441=ORIENTED_EDGE('',*,*,#1878,.T.);
#2442=ORIENTED_EDGE('',*,*,#1879,.T.);
#2443=ORIENTED_EDGE('',*,*,#1880,.T.);
#2444=ORIENTED_EDGE('',*,*,#1881,.T.);
#2445=ORIENTED_EDGE('',*,*,#1882,.T.);
#2446=ORIENTED_EDGE('',*,*,#1883,.T.);
#2447=ORIENTED_EDGE('',*,*,#1884,.T.);
#2448=ORIENTED_EDGE('',*,*,#1885,.T.);
#2449=ORIENTED_EDGE('',*,*,#1886,.T.);
#2450=ORIENTED_EDGE('',*,*,#1887,.F.);
#2451=ORIENTED_EDGE('',*,*,#1888,.F.);
#2452=ORIENTED_EDGE('',*,*,#1839,.T.);
#2453=ORIENTED_EDGE('',*,*,#1889,.T.);
#2454=ORIENTED_EDGE('',*,*,#1890,.T.);
#2455=ORIENTED_EDGE('',*,*,#1891,.T.);
#2456=ORIENTED_EDGE('',*,*,#1833,.T.);
#2457=ORIENTED_EDGE('',*,*,#1892,.T.);
#2458=ORIENTED_EDGE('',*,*,#1893,.T.);
#2459=ORIENTED_EDGE('',*,*,#1894,.T.);
#2460=ORIENTED_EDGE('',*,*,#1895,.T.);
#2461=ORIENTED_EDGE('',*,*,#1896,.T.);
#2462=ORIENTED_EDGE('',*,*,#1897,.F.);
#2463=ORIENTED_EDGE('',*,*,#1898,.T.);
#2464=ORIENTED_EDGE('',*,*,#1840,.T.);
#2465=ORIENTED_EDGE('',*,*,#1891,.F.);
#2466=ORIENTED_EDGE('',*,*,#1899,.F.);
#2467=ORIENTED_EDGE('',*,*,#1900,.T.);
#2468=ORIENTED_EDGE('',*,*,#1715,.T.);
#2469=ORIENTED_EDGE('',*,*,#1901,.T.);
#2470=ORIENTED_EDGE('',*,*,#1902,.T.);
#2471=ORIENTED_EDGE('',*,*,#1855,.F.);
#2472=ORIENTED_EDGE('',*,*,#1834,.T.);
#2473=ORIENTED_EDGE('',*,*,#1894,.F.);
#2474=ORIENTED_EDGE('',*,*,#1903,.T.);
#2475=ORIENTED_EDGE('',*,*,#1853,.F.);
#2476=ORIENTED_EDGE('',*,*,#1904,.F.);
#2477=ORIENTED_EDGE('',*,*,#1800,.T.);
#2478=ORIENTED_EDGE('',*,*,#1734,.T.);
#2479=ORIENTED_EDGE('',*,*,#1905,.F.);
#2480=ORIENTED_EDGE('',*,*,#1829,.F.);
#2481=ORIENTED_EDGE('',*,*,#1906,.F.);
#2482=ORIENTED_EDGE('',*,*,#1905,.T.);
#2483=ORIENTED_EDGE('',*,*,#1733,.T.);
#2484=ORIENTED_EDGE('',*,*,#1730,.F.);
#2485=ORIENTED_EDGE('',*,*,#1728,.T.);
#2486=ORIENTED_EDGE('',*,*,#1738,.T.);
#2487=ORIENTED_EDGE('',*,*,#1777,.F.);
#2488=ORIENTED_EDGE('',*,*,#1780,.F.);
#2489=ORIENTED_EDGE('',*,*,#1870,.F.);
#2490=ORIENTED_EDGE('',*,*,#1817,.F.);
#2491=ORIENTED_EDGE('',*,*,#1893,.F.);
#2492=ORIENTED_EDGE('',*,*,#1907,.F.);
#2493=ORIENTED_EDGE('',*,*,#1908,.T.);
#2494=ORIENTED_EDGE('',*,*,#1772,.T.);
#2495=ORIENTED_EDGE('',*,*,#1769,.F.);
#2496=ORIENTED_EDGE('',*,*,#1765,.F.);
#2497=ORIENTED_EDGE('',*,*,#1909,.T.);
#2498=ORIENTED_EDGE('',*,*,#1795,.F.);
#2499=ORIENTED_EDGE('',*,*,#1799,.T.);
#2500=ORIENTED_EDGE('',*,*,#1854,.F.);
#2501=ORIENTED_EDGE('',*,*,#1903,.F.);
#2502=ORIENTED_EDGE('',*,*,#1910,.F.);
#2503=ORIENTED_EDGE('',*,*,#1837,.T.);
#2504=ORIENTED_EDGE('',*,*,#1773,.T.);
#2505=ORIENTED_EDGE('',*,*,#1908,.F.);
#2506=ORIENTED_EDGE('',*,*,#1768,.F.);
#2507=ORIENTED_EDGE('',*,*,#1836,.F.);
#2508=ORIENTED_EDGE('',*,*,#1796,.F.);
#2509=ORIENTED_EDGE('',*,*,#1909,.F.);
#2510=ORIENTED_EDGE('',*,*,#1826,.F.);
#2511=ORIENTED_EDGE('',*,*,#1911,.F.);
#2512=ORIENTED_EDGE('',*,*,#1912,.T.);
#2513=ORIENTED_EDGE('',*,*,#1746,.F.);
#2514=ORIENTED_EDGE('',*,*,#1743,.F.);
#2515=ORIENTED_EDGE('',*,*,#1741,.T.);
#2516=ORIENTED_EDGE('',*,*,#1751,.T.);
#2517=ORIENTED_EDGE('',*,*,#1783,.F.);
#2518=ORIENTED_EDGE('',*,*,#1786,.F.);
#2519=ORIENTED_EDGE('',*,*,#1869,.F.);
#2520=ORIENTED_EDGE('',*,*,#1810,.F.);
#2521=ORIENTED_EDGE('',*,*,#1913,.F.);
#2522=ORIENTED_EDGE('',*,*,#1805,.T.);
#2523=ORIENTED_EDGE('',*,*,#1747,.F.);
#2524=ORIENTED_EDGE('',*,*,#1912,.F.);
#2525=ORIENTED_EDGE('',*,*,#1895,.F.);
#2526=ORIENTED_EDGE('',*,*,#1914,.F.);
#2527=ORIENTED_EDGE('',*,*,#1915,.T.);
#2528=ORIENTED_EDGE('',*,*,#1759,.F.);
#2529=ORIENTED_EDGE('',*,*,#1756,.F.);
#2530=ORIENTED_EDGE('',*,*,#1752,.F.);
#2531=ORIENTED_EDGE('',*,*,#1764,.T.);
#2532=ORIENTED_EDGE('',*,*,#1789,.F.);
#2533=ORIENTED_EDGE('',*,*,#1792,.T.);
#2534=ORIENTED_EDGE('',*,*,#1852,.F.);
#2535=ORIENTED_EDGE('',*,*,#1916,.F.);
#2536=ORIENTED_EDGE('',*,*,#1917,.F.);
#2537=ORIENTED_EDGE('',*,*,#1831,.T.);
#2538=ORIENTED_EDGE('',*,*,#1760,.F.);
#2539=ORIENTED_EDGE('',*,*,#1915,.F.);
#2540=ORIENTED_EDGE('',*,*,#1801,.T.);
#2541=ORIENTED_EDGE('',*,*,#1904,.T.);
#2542=ORIENTED_EDGE('',*,*,#1906,.T.);
#2543=ORIENTED_EDGE('',*,*,#1830,.F.);
#2544=ORIENTED_EDGE('',*,*,#1806,.T.);
#2545=ORIENTED_EDGE('',*,*,#1913,.T.);
#2546=ORIENTED_EDGE('',*,*,#1911,.T.);
#2547=ORIENTED_EDGE('',*,*,#1828,.F.);
#2548=ORIENTED_EDGE('',*,*,#1918,.F.);
#2549=ORIENTED_EDGE('',*,*,#1919,.F.);
#2550=ORIENTED_EDGE('',*,*,#1920,.F.);
#2551=ORIENTED_EDGE('',*,*,#1889,.F.);
#2552=ORIENTED_EDGE('',*,*,#1838,.T.);
#2553=ORIENTED_EDGE('',*,*,#1910,.T.);
#2554=ORIENTED_EDGE('',*,*,#1907,.T.);
#2555=ORIENTED_EDGE('',*,*,#1892,.F.);
#2556=ORIENTED_EDGE('',*,*,#1832,.T.);
#2557=ORIENTED_EDGE('',*,*,#1917,.T.);
#2558=ORIENTED_EDGE('',*,*,#1914,.T.);
#2559=ORIENTED_EDGE('',*,*,#1898,.F.);
#2560=ORIENTED_EDGE('',*,*,#1921,.F.);
#2561=ORIENTED_EDGE('',*,*,#1922,.F.);
#2562=ORIENTED_EDGE('',*,*,#1923,.F.);
#2563=ORIENTED_EDGE('',*,*,#1924,.F.);
#2564=ORIENTED_EDGE('',*,*,#1925,.F.);
#2565=ORIENTED_EDGE('',*,*,#1926,.F.);
#2566=ORIENTED_EDGE('',*,*,#1927,.F.);
#2567=ORIENTED_EDGE('',*,*,#1928,.F.);
#2568=ORIENTED_EDGE('',*,*,#1929,.T.);
#2569=ORIENTED_EDGE('',*,*,#1930,.T.);
#2570=ORIENTED_EDGE('',*,*,#1931,.T.);
#2571=ORIENTED_EDGE('',*,*,#1932,.T.);
#2572=ORIENTED_EDGE('',*,*,#1933,.T.);
#2573=ORIENTED_EDGE('',*,*,#1934,.T.);
#2574=ORIENTED_EDGE('',*,*,#1935,.F.);
#2575=ORIENTED_EDGE('',*,*,#1936,.T.);
#2576=ORIENTED_EDGE('',*,*,#1937,.T.);
#2577=ORIENTED_EDGE('',*,*,#1933,.F.);
#2578=ORIENTED_EDGE('',*,*,#1938,.T.);
#2579=ORIENTED_EDGE('',*,*,#1939,.T.);
#2580=ORIENTED_EDGE('',*,*,#1940,.T.);
#2581=ORIENTED_EDGE('',*,*,#1941,.F.);
#2582=ORIENTED_EDGE('',*,*,#1941,.T.);
#2583=ORIENTED_EDGE('',*,*,#1942,.T.);
#2584=ORIENTED_EDGE('',*,*,#1943,.T.);
#2585=ORIENTED_EDGE('',*,*,#1944,.T.);
#2586=ORIENTED_EDGE('',*,*,#1945,.F.);
#2587=ORIENTED_EDGE('',*,*,#1946,.F.);
#2588=ORIENTED_EDGE('',*,*,#1947,.F.);
#2589=ORIENTED_EDGE('',*,*,#1948,.T.);
#2590=ORIENTED_EDGE('',*,*,#1949,.T.);
#2591=ORIENTED_EDGE('',*,*,#1950,.T.);
#2592=ORIENTED_EDGE('',*,*,#1951,.T.);
#2593=ORIENTED_EDGE('',*,*,#1952,.T.);
#2594=ORIENTED_EDGE('',*,*,#1953,.T.);
#2595=ORIENTED_EDGE('',*,*,#1954,.F.);
#2596=ORIENTED_EDGE('',*,*,#1946,.T.);
#2597=ORIENTED_EDGE('',*,*,#1692,.T.);
#2598=ORIENTED_EDGE('',*,*,#1955,.F.);
#2599=ORIENTED_EDGE('',*,*,#1956,.F.);
#2600=ORIENTED_EDGE('',*,*,#1957,.F.);
#2601=ORIENTED_EDGE('',*,*,#1689,.F.);
#2602=ORIENTED_EDGE('',*,*,#1693,.T.);
#2603=ORIENTED_EDGE('',*,*,#1957,.T.);
#2604=ORIENTED_EDGE('',*,*,#1958,.F.);
#2605=ORIENTED_EDGE('',*,*,#1686,.F.);
#2606=ORIENTED_EDGE('',*,*,#1958,.T.);
#2607=ORIENTED_EDGE('',*,*,#1956,.T.);
#2608=ORIENTED_EDGE('',*,*,#1959,.F.);
#2609=ORIENTED_EDGE('',*,*,#1694,.T.);
#2610=ORIENTED_EDGE('',*,*,#1691,.T.);
#2611=ORIENTED_EDGE('',*,*,#1813,.F.);
#2612=ORIENTED_EDGE('',*,*,#1960,.F.);
#2613=ORIENTED_EDGE('',*,*,#1961,.F.);
#2614=ORIENTED_EDGE('',*,*,#1867,.F.);
#2615=ORIENTED_EDGE('',*,*,#1962,.T.);
#2616=ORIENTED_EDGE('',*,*,#1963,.T.);
#2617=ORIENTED_EDGE('',*,*,#1955,.T.);
#2618=ORIENTED_EDGE('',*,*,#1961,.T.);
#2619=ORIENTED_EDGE('',*,*,#1964,.F.);
#2620=ORIENTED_EDGE('',*,*,#1866,.F.);
#2621=ORIENTED_EDGE('',*,*,#1965,.F.);
#2622=ORIENTED_EDGE('',*,*,#1966,.T.);
#2623=ORIENTED_EDGE('',*,*,#1962,.F.);
#2624=ORIENTED_EDGE('',*,*,#1868,.F.);
#2625=ORIENTED_EDGE('',*,*,#1964,.T.);
#2626=ORIENTED_EDGE('',*,*,#1960,.T.);
#2627=ORIENTED_EDGE('',*,*,#1812,.F.);
#2628=ORIENTED_EDGE('',*,*,#1959,.T.);
#2629=ORIENTED_EDGE('',*,*,#1963,.F.);
#2630=ORIENTED_EDGE('',*,*,#1966,.F.);
#2631=ORIENTED_EDGE('',*,*,#1814,.F.);
#2632=ORIENTED_EDGE('',*,*,#1967,.F.);
#2633=ORIENTED_EDGE('',*,*,#1968,.T.);
#2634=ORIENTED_EDGE('',*,*,#1712,.T.);
#2635=ORIENTED_EDGE('',*,*,#1969,.T.);
#2636=ORIENTED_EDGE('',*,*,#1707,.F.);
#2637=ORIENTED_EDGE('',*,*,#1713,.T.);
#2638=ORIENTED_EDGE('',*,*,#1968,.F.);
#2639=ORIENTED_EDGE('',*,*,#1970,.F.);
#2640=ORIENTED_EDGE('',*,*,#1708,.F.);
#2641=ORIENTED_EDGE('',*,*,#1970,.T.);
#2642=ORIENTED_EDGE('',*,*,#1967,.T.);
#2643=ORIENTED_EDGE('',*,*,#1971,.F.);
#2644=ORIENTED_EDGE('',*,*,#1714,.F.);
#2645=ORIENTED_EDGE('',*,*,#1711,.T.);
#2646=ORIENTED_EDGE('',*,*,#1900,.F.);
#2647=ORIENTED_EDGE('',*,*,#1972,.T.);
#2648=ORIENTED_EDGE('',*,*,#1973,.T.);
#2649=ORIENTED_EDGE('',*,*,#1857,.F.);
#2650=ORIENTED_EDGE('',*,*,#1974,.T.);
#2651=ORIENTED_EDGE('',*,*,#1975,.F.);
#2652=ORIENTED_EDGE('',*,*,#1969,.F.);
#2653=ORIENTED_EDGE('',*,*,#1973,.F.);
#2654=ORIENTED_EDGE('',*,*,#1976,.F.);
#2655=ORIENTED_EDGE('',*,*,#1858,.F.);
#2656=ORIENTED_EDGE('',*,*,#1976,.T.);
#2657=ORIENTED_EDGE('',*,*,#1972,.F.);
#2658=ORIENTED_EDGE('',*,*,#1977,.F.);
#2659=ORIENTED_EDGE('',*,*,#1856,.F.);
#2660=ORIENTED_EDGE('',*,*,#1902,.F.);
#2661=ORIENTED_EDGE('',*,*,#1978,.F.);
#2662=ORIENTED_EDGE('',*,*,#1974,.F.);
#2663=ORIENTED_EDGE('',*,*,#1971,.T.);
#2664=ORIENTED_EDGE('',*,*,#1975,.T.);
#2665=ORIENTED_EDGE('',*,*,#1978,.T.);
#2666=ORIENTED_EDGE('',*,*,#1901,.F.);
#2667=ORIENTED_EDGE('',*,*,#1916,.T.);
#2668=ORIENTED_EDGE('',*,*,#1851,.F.);
#2669=ORIENTED_EDGE('',*,*,#1979,.T.);
#2670=ORIENTED_EDGE('',*,*,#1980,.T.);
#2671=ORIENTED_EDGE('',*,*,#1705,.T.);
#2672=ORIENTED_EDGE('',*,*,#1981,.T.);
#2673=ORIENTED_EDGE('',*,*,#1982,.F.);
#2674=ORIENTED_EDGE('',*,*,#1896,.F.);
#2675=ORIENTED_EDGE('',*,*,#1983,.F.);
#2676=ORIENTED_EDGE('',*,*,#1984,.T.);
#2677=ORIENTED_EDGE('',*,*,#1682,.T.);
#2678=ORIENTED_EDGE('',*,*,#1985,.T.);
#2679=ORIENTED_EDGE('',*,*,#1677,.F.);
#2680=ORIENTED_EDGE('',*,*,#1683,.T.);
#2681=ORIENTED_EDGE('',*,*,#1984,.F.);
#2682=ORIENTED_EDGE('',*,*,#1986,.F.);
#2683=ORIENTED_EDGE('',*,*,#1678,.F.);
#2684=ORIENTED_EDGE('',*,*,#1986,.T.);
#2685=ORIENTED_EDGE('',*,*,#1983,.T.);
#2686=ORIENTED_EDGE('',*,*,#1987,.F.);
#2687=ORIENTED_EDGE('',*,*,#1684,.F.);
#2688=ORIENTED_EDGE('',*,*,#1681,.T.);
#2689=ORIENTED_EDGE('',*,*,#1822,.F.);
#2690=ORIENTED_EDGE('',*,*,#1988,.T.);
#2691=ORIENTED_EDGE('',*,*,#1989,.T.);
#2692=ORIENTED_EDGE('',*,*,#1843,.F.);
#2693=ORIENTED_EDGE('',*,*,#1990,.T.);
#2694=ORIENTED_EDGE('',*,*,#1991,.F.);
#2695=ORIENTED_EDGE('',*,*,#1985,.F.);
#2696=ORIENTED_EDGE('',*,*,#1989,.F.);
#2697=ORIENTED_EDGE('',*,*,#1992,.F.);
#2698=ORIENTED_EDGE('',*,*,#1844,.F.);
#2699=ORIENTED_EDGE('',*,*,#1992,.T.);
#2700=ORIENTED_EDGE('',*,*,#1988,.F.);
#2701=ORIENTED_EDGE('',*,*,#1993,.F.);
#2702=ORIENTED_EDGE('',*,*,#1842,.F.);
#2703=ORIENTED_EDGE('',*,*,#1824,.F.);
#2704=ORIENTED_EDGE('',*,*,#1994,.F.);
#2705=ORIENTED_EDGE('',*,*,#1990,.F.);
#2706=ORIENTED_EDGE('',*,*,#1987,.T.);
#2707=ORIENTED_EDGE('',*,*,#1991,.T.);
#2708=ORIENTED_EDGE('',*,*,#1994,.T.);
#2709=ORIENTED_EDGE('',*,*,#1823,.F.);
#2710=ORIENTED_EDGE('',*,*,#1702,.T.);
#2711=ORIENTED_EDGE('',*,*,#1995,.F.);
#2712=ORIENTED_EDGE('',*,*,#1996,.F.);
#2713=ORIENTED_EDGE('',*,*,#1997,.F.);
#2714=ORIENTED_EDGE('',*,*,#1699,.F.);
#2715=ORIENTED_EDGE('',*,*,#1703,.T.);
#2716=ORIENTED_EDGE('',*,*,#1997,.T.);
#2717=ORIENTED_EDGE('',*,*,#1998,.F.);
#2718=ORIENTED_EDGE('',*,*,#1696,.F.);
#2719=ORIENTED_EDGE('',*,*,#1998,.T.);
#2720=ORIENTED_EDGE('',*,*,#1996,.T.);
#2721=ORIENTED_EDGE('',*,*,#1999,.F.);
#2722=ORIENTED_EDGE('',*,*,#1704,.T.);
#2723=ORIENTED_EDGE('',*,*,#1701,.T.);
#2724=ORIENTED_EDGE('',*,*,#1980,.F.);
#2725=ORIENTED_EDGE('',*,*,#2000,.F.);
#2726=ORIENTED_EDGE('',*,*,#2001,.F.);
#2727=ORIENTED_EDGE('',*,*,#1849,.F.);
#2728=ORIENTED_EDGE('',*,*,#2002,.T.);
#2729=ORIENTED_EDGE('',*,*,#2003,.T.);
#2730=ORIENTED_EDGE('',*,*,#1995,.T.);
#2731=ORIENTED_EDGE('',*,*,#2001,.T.);
#2732=ORIENTED_EDGE('',*,*,#2004,.F.);
#2733=ORIENTED_EDGE('',*,*,#1848,.F.);
#2734=ORIENTED_EDGE('',*,*,#2005,.F.);
#2735=ORIENTED_EDGE('',*,*,#2006,.T.);
#2736=ORIENTED_EDGE('',*,*,#2002,.F.);
#2737=ORIENTED_EDGE('',*,*,#1850,.F.);
#2738=ORIENTED_EDGE('',*,*,#2004,.T.);
#2739=ORIENTED_EDGE('',*,*,#2000,.T.);
#2740=ORIENTED_EDGE('',*,*,#1979,.F.);
#2741=ORIENTED_EDGE('',*,*,#1999,.T.);
#2742=ORIENTED_EDGE('',*,*,#2003,.F.);
#2743=ORIENTED_EDGE('',*,*,#2006,.F.);
#2744=ORIENTED_EDGE('',*,*,#1981,.F.);
#2745=ORIENTED_EDGE('',*,*,#2007,.F.);
#2746=ORIENTED_EDGE('',*,*,#2008,.T.);
#2747=ORIENTED_EDGE('',*,*,#2009,.T.);
#2748=ORIENTED_EDGE('',*,*,#2010,.F.);
#2749=ORIENTED_EDGE('',*,*,#2011,.F.);
#2750=ORIENTED_EDGE('',*,*,#2009,.F.);
#2751=ORIENTED_EDGE('',*,*,#2012,.F.);
#2752=ORIENTED_EDGE('',*,*,#2013,.F.);
#2753=ORIENTED_EDGE('',*,*,#2014,.F.);
#2754=ORIENTED_EDGE('',*,*,#2015,.T.);
#2755=ORIENTED_EDGE('',*,*,#2012,.T.);
#2756=ORIENTED_EDGE('',*,*,#2008,.F.);
#2757=ORIENTED_EDGE('',*,*,#2016,.F.);
#2758=ORIENTED_EDGE('',*,*,#2017,.F.);
#2759=ORIENTED_EDGE('',*,*,#2013,.T.);
#2760=ORIENTED_EDGE('',*,*,#2015,.F.);
#2761=ORIENTED_EDGE('',*,*,#1873,.F.);
#2762=ORIENTED_EDGE('',*,*,#2018,.F.);
#2763=ORIENTED_EDGE('',*,*,#2019,.T.);
#2764=ORIENTED_EDGE('',*,*,#2020,.T.);
#2765=ORIENTED_EDGE('',*,*,#2021,.T.);
#2766=ORIENTED_EDGE('',*,*,#2022,.F.);
#2767=ORIENTED_EDGE('',*,*,#1886,.F.);
#2768=ORIENTED_EDGE('',*,*,#2023,.F.);
#2769=ORIENTED_EDGE('',*,*,#2024,.T.);
#2770=ORIENTED_EDGE('',*,*,#2018,.T.);
#2771=ORIENTED_EDGE('',*,*,#2010,.T.);
#2772=ORIENTED_EDGE('',*,*,#2011,.T.);
#2773=ORIENTED_EDGE('',*,*,#2017,.T.);
#2774=ORIENTED_EDGE('',*,*,#2025,.F.);
#2775=ORIENTED_EDGE('',*,*,#2026,.T.);
#2776=ORIENTED_EDGE('',*,*,#2027,.F.);
#2777=ORIENTED_EDGE('',*,*,#2028,.F.);
#2778=ORIENTED_EDGE('',*,*,#2029,.F.);
#2779=ORIENTED_EDGE('',*,*,#1948,.F.);
#2780=ORIENTED_EDGE('',*,*,#2030,.T.);
#2781=ORIENTED_EDGE('',*,*,#2031,.F.);
#2782=ORIENTED_EDGE('',*,*,#2032,.T.);
#2783=ORIENTED_EDGE('',*,*,#2033,.T.);
#2784=ORIENTED_EDGE('',*,*,#2034,.F.);
#2785=ORIENTED_EDGE('',*,*,#2035,.F.);
#2786=ORIENTED_EDGE('',*,*,#2036,.F.);
#2787=ORIENTED_EDGE('',*,*,#2037,.F.);
#2788=ORIENTED_EDGE('',*,*,#2034,.T.);
#2789=ORIENTED_EDGE('',*,*,#2038,.F.);
#2790=ORIENTED_EDGE('',*,*,#2039,.F.);
#2791=ORIENTED_EDGE('',*,*,#2040,.F.);
#2792=ORIENTED_EDGE('',*,*,#2041,.F.);
#2793=ORIENTED_EDGE('',*,*,#2042,.F.);
#2794=ORIENTED_EDGE('',*,*,#2043,.F.);
#2795=ORIENTED_EDGE('',*,*,#2038,.T.);
#2796=ORIENTED_EDGE('',*,*,#2044,.T.);
#2797=ORIENTED_EDGE('',*,*,#2045,.T.);
#2798=ORIENTED_EDGE('',*,*,#2046,.F.);
#2799=ORIENTED_EDGE('',*,*,#2036,.T.);
#2800=ORIENTED_EDGE('',*,*,#2047,.T.);
#2801=ORIENTED_EDGE('',*,*,#2048,.T.);
#2802=ORIENTED_EDGE('',*,*,#2049,.F.);
#2803=ORIENTED_EDGE('',*,*,#2050,.T.);
#2804=ORIENTED_EDGE('',*,*,#1935,.T.);
#2805=ORIENTED_EDGE('',*,*,#2051,.T.);
#2806=ORIENTED_EDGE('',*,*,#2052,.T.);
#2807=ORIENTED_EDGE('',*,*,#2053,.T.);
#2808=ORIENTED_EDGE('',*,*,#2054,.F.);
#2809=ORIENTED_EDGE('',*,*,#1723,.T.);
#2810=ORIENTED_EDGE('',*,*,#1722,.T.);
#2811=ORIENTED_EDGE('',*,*,#2055,.T.);
#2812=ORIENTED_EDGE('',*,*,#2056,.T.);
#2813=ORIENTED_EDGE('',*,*,#2057,.T.);
#2814=ORIENTED_EDGE('',*,*,#2019,.F.);
#2815=ORIENTED_EDGE('',*,*,#2024,.F.);
#2816=ORIENTED_EDGE('',*,*,#2058,.F.);
#2817=ORIENTED_EDGE('',*,*,#2027,.T.);
#2818=ORIENTED_EDGE('',*,*,#2059,.T.);
#2819=ORIENTED_EDGE('',*,*,#2031,.T.);
#2820=ORIENTED_EDGE('',*,*,#2060,.T.);
#2821=ORIENTED_EDGE('',*,*,#2061,.T.);
#2822=ORIENTED_EDGE('',*,*,#2062,.T.);
#2823=ORIENTED_EDGE('',*,*,#2063,.F.);
#2824=ORIENTED_EDGE('',*,*,#2064,.T.);
#2825=ORIENTED_EDGE('',*,*,#2065,.T.);
#2826=ORIENTED_EDGE('',*,*,#2066,.F.);
#2827=ORIENTED_EDGE('',*,*,#2067,.F.);
#2828=ORIENTED_EDGE('',*,*,#2068,.F.);
#2829=ORIENTED_EDGE('',*,*,#2069,.F.);
#2830=ORIENTED_EDGE('',*,*,#2037,.T.);
#2831=ORIENTED_EDGE('',*,*,#2070,.F.);
#2832=ORIENTED_EDGE('',*,*,#2071,.T.);
#2833=ORIENTED_EDGE('',*,*,#2072,.F.);
#2834=ORIENTED_EDGE('',*,*,#2073,.T.);
#2835=ORIENTED_EDGE('',*,*,#2074,.F.);
#2836=ORIENTED_EDGE('',*,*,#2020,.F.);
#2837=ORIENTED_EDGE('',*,*,#2057,.F.);
#2838=ORIENTED_EDGE('',*,*,#1725,.T.);
#2839=ORIENTED_EDGE('',*,*,#2075,.F.);
#2840=ORIENTED_EDGE('',*,*,#2076,.F.);
#2841=ORIENTED_EDGE('',*,*,#2077,.F.);
#2842=ORIENTED_EDGE('',*,*,#2078,.F.);
#2843=ORIENTED_EDGE('',*,*,#2079,.F.);
#2844=ORIENTED_EDGE('',*,*,#2080,.F.);
#2845=ORIENTED_EDGE('',*,*,#2081,.F.);
#2846=ORIENTED_EDGE('',*,*,#2021,.F.);
#2847=ORIENTED_EDGE('',*,*,#2074,.T.);
#2848=ORIENTED_EDGE('',*,*,#2082,.F.);
#2849=ORIENTED_EDGE('',*,*,#2081,.T.);
#2850=ORIENTED_EDGE('',*,*,#2083,.F.);
#2851=ORIENTED_EDGE('',*,*,#1874,.F.);
#2852=ORIENTED_EDGE('',*,*,#2022,.T.);
#2853=ORIENTED_EDGE('',*,*,#2080,.T.);
#2854=ORIENTED_EDGE('',*,*,#2084,.T.);
#2855=ORIENTED_EDGE('',*,*,#1875,.F.);
#2856=ORIENTED_EDGE('',*,*,#2083,.T.);
#2857=ORIENTED_EDGE('',*,*,#2079,.T.);
#2858=ORIENTED_EDGE('',*,*,#2085,.F.);
#2859=ORIENTED_EDGE('',*,*,#1876,.F.);
#2860=ORIENTED_EDGE('',*,*,#2084,.F.);
#2861=ORIENTED_EDGE('',*,*,#2078,.T.);
#2862=ORIENTED_EDGE('',*,*,#2086,.T.);
#2863=ORIENTED_EDGE('',*,*,#1877,.F.);
#2864=ORIENTED_EDGE('',*,*,#2085,.T.);
#2865=ORIENTED_EDGE('',*,*,#2077,.T.);
#2866=ORIENTED_EDGE('',*,*,#2087,.F.);
#2867=ORIENTED_EDGE('',*,*,#1878,.F.);
#2868=ORIENTED_EDGE('',*,*,#2086,.F.);
#2869=ORIENTED_EDGE('',*,*,#2076,.T.);
#2870=ORIENTED_EDGE('',*,*,#2088,.T.);
#2871=ORIENTED_EDGE('',*,*,#1879,.F.);
#2872=ORIENTED_EDGE('',*,*,#2087,.T.);
#2873=ORIENTED_EDGE('',*,*,#2089,.T.);
#2874=ORIENTED_EDGE('',*,*,#2090,.T.);
#2875=ORIENTED_EDGE('',*,*,#2091,.T.);
#2876=ORIENTED_EDGE('',*,*,#1919,.T.);
#2877=ORIENTED_EDGE('',*,*,#1827,.T.);
#2878=ORIENTED_EDGE('',*,*,#2092,.T.);
#2879=ORIENTED_EDGE('',*,*,#2089,.F.);
#2880=ORIENTED_EDGE('',*,*,#1918,.T.);
#2881=ORIENTED_EDGE('',*,*,#1802,.T.);
#2882=ORIENTED_EDGE('',*,*,#1924,.T.);
#2883=ORIENTED_EDGE('',*,*,#2093,.T.);
#2884=ORIENTED_EDGE('',*,*,#1820,.T.);
#2885=ORIENTED_EDGE('',*,*,#2094,.T.);
#2886=ORIENTED_EDGE('',*,*,#2095,.T.);
#2887=ORIENTED_EDGE('',*,*,#2093,.F.);
#2888=ORIENTED_EDGE('',*,*,#1923,.T.);
#2889=ORIENTED_EDGE('',*,*,#2096,.T.);
#2890=ORIENTED_EDGE('',*,*,#2097,.T.);
#2891=ORIENTED_EDGE('',*,*,#2094,.F.);
#2892=ORIENTED_EDGE('',*,*,#1922,.T.);
#2893=ORIENTED_EDGE('',*,*,#1897,.T.);
#2894=ORIENTED_EDGE('',*,*,#2098,.T.);
#2895=ORIENTED_EDGE('',*,*,#2096,.F.);
#2896=ORIENTED_EDGE('',*,*,#1921,.T.);
#2897=ORIENTED_EDGE('',*,*,#2091,.F.);
#2898=ORIENTED_EDGE('',*,*,#2099,.T.);
#2899=ORIENTED_EDGE('',*,*,#1890,.F.);
#2900=ORIENTED_EDGE('',*,*,#1920,.T.);
#2901=ORIENTED_EDGE('',*,*,#2098,.F.);
#2902=ORIENTED_EDGE('',*,*,#1982,.T.);
#2903=ORIENTED_EDGE('',*,*,#2005,.T.);
#2904=ORIENTED_EDGE('',*,*,#1847,.F.);
#2905=ORIENTED_EDGE('',*,*,#2100,.T.);
#2906=ORIENTED_EDGE('',*,*,#2099,.F.);
#2907=ORIENTED_EDGE('',*,*,#2101,.T.);
#2908=ORIENTED_EDGE('',*,*,#1859,.F.);
#2909=ORIENTED_EDGE('',*,*,#1977,.T.);
#2910=ORIENTED_EDGE('',*,*,#1899,.T.);
#2911=ORIENTED_EDGE('',*,*,#2090,.F.);
#2912=ORIENTED_EDGE('',*,*,#2102,.F.);
#2913=ORIENTED_EDGE('',*,*,#1864,.F.);
#2914=ORIENTED_EDGE('',*,*,#2103,.T.);
#2915=ORIENTED_EDGE('',*,*,#2104,.T.);
#2916=ORIENTED_EDGE('',*,*,#2105,.T.);
#2917=ORIENTED_EDGE('',*,*,#1860,.F.);
#2918=ORIENTED_EDGE('',*,*,#2101,.F.);
#2919=ORIENTED_EDGE('',*,*,#2106,.F.);
#2920=ORIENTED_EDGE('',*,*,#2060,.F.);
#2921=ORIENTED_EDGE('',*,*,#2030,.F.);
#2922=ORIENTED_EDGE('',*,*,#1947,.T.);
#2923=ORIENTED_EDGE('',*,*,#1954,.T.);
#2924=ORIENTED_EDGE('',*,*,#2107,.T.);
#2925=ORIENTED_EDGE('',*,*,#2108,.T.);
#2926=ORIENTED_EDGE('',*,*,#2061,.F.);
#2927=ORIENTED_EDGE('',*,*,#2106,.T.);
#2928=ORIENTED_EDGE('',*,*,#1945,.T.);
#2929=ORIENTED_EDGE('',*,*,#2109,.F.);
#2930=ORIENTED_EDGE('',*,*,#2051,.F.);
#2931=ORIENTED_EDGE('',*,*,#1934,.F.);
#2932=ORIENTED_EDGE('',*,*,#2050,.F.);
#2933=ORIENTED_EDGE('',*,*,#2110,.F.);
#2934=ORIENTED_EDGE('',*,*,#2111,.T.);
#2935=ORIENTED_EDGE('',*,*,#1936,.F.);
#2936=ORIENTED_EDGE('',*,*,#2043,.T.);
#2937=ORIENTED_EDGE('',*,*,#2112,.F.);
#2938=ORIENTED_EDGE('',*,*,#1880,.F.);
#2939=ORIENTED_EDGE('',*,*,#2088,.F.);
#2940=ORIENTED_EDGE('',*,*,#2075,.T.);
#2941=ORIENTED_EDGE('',*,*,#1724,.T.);
#2942=ORIENTED_EDGE('',*,*,#2054,.T.);
#2943=ORIENTED_EDGE('',*,*,#2113,.T.);
#2944=ORIENTED_EDGE('',*,*,#2114,.T.);
#2945=ORIENTED_EDGE('',*,*,#2110,.T.);
#2946=ORIENTED_EDGE('',*,*,#2049,.T.);
#2947=ORIENTED_EDGE('',*,*,#2115,.T.);
#2948=ORIENTED_EDGE('',*,*,#2116,.T.);
#2949=ORIENTED_EDGE('',*,*,#2070,.T.);
#2950=ORIENTED_EDGE('',*,*,#2117,.F.);
#2951=ORIENTED_EDGE('',*,*,#2062,.F.);
#2952=ORIENTED_EDGE('',*,*,#2108,.F.);
#2953=ORIENTED_EDGE('',*,*,#2118,.F.);
#2954=ORIENTED_EDGE('',*,*,#2119,.T.);
#2955=ORIENTED_EDGE('',*,*,#2028,.T.);
#2956=ORIENTED_EDGE('',*,*,#2058,.T.);
#2957=ORIENTED_EDGE('',*,*,#2023,.T.);
#2958=ORIENTED_EDGE('',*,*,#1885,.F.);
#2959=ORIENTED_EDGE('',*,*,#2120,.T.);
#2960=ORIENTED_EDGE('',*,*,#1940,.F.);
#2961=ORIENTED_EDGE('',*,*,#2121,.F.);
#2962=ORIENTED_EDGE('',*,*,#2122,.F.);
#2963=ORIENTED_EDGE('',*,*,#1942,.F.);
#2964=ORIENTED_EDGE('',*,*,#1950,.F.);
#2965=ORIENTED_EDGE('',*,*,#2123,.T.);
#2966=ORIENTED_EDGE('',*,*,#2124,.T.);
#2967=ORIENTED_EDGE('',*,*,#1951,.F.);
#2968=ORIENTED_EDGE('',*,*,#1944,.F.);
#2969=ORIENTED_EDGE('',*,*,#2125,.F.);
#2970=ORIENTED_EDGE('',*,*,#2052,.F.);
#2971=ORIENTED_EDGE('',*,*,#2109,.T.);
#2972=ORIENTED_EDGE('',*,*,#2126,.T.);
#2973=ORIENTED_EDGE('',*,*,#2127,.T.);
#2974=ORIENTED_EDGE('',*,*,#2064,.F.);
#2975=ORIENTED_EDGE('',*,*,#2128,.F.);
#2976=ORIENTED_EDGE('',*,*,#2129,.T.);
#2977=ORIENTED_EDGE('',*,*,#2115,.F.);
#2978=ORIENTED_EDGE('',*,*,#2048,.F.);
#2979=ORIENTED_EDGE('',*,*,#2130,.T.);
#2980=ORIENTED_EDGE('',*,*,#2131,.F.);
#2981=ORIENTED_EDGE('',*,*,#2045,.F.);
#2982=ORIENTED_EDGE('',*,*,#2132,.F.);
#2983=ORIENTED_EDGE('',*,*,#2126,.F.);
#2984=ORIENTED_EDGE('',*,*,#2133,.F.);
#2985=ORIENTED_EDGE('',*,*,#2071,.F.);
#2986=ORIENTED_EDGE('',*,*,#2116,.F.);
#2987=ORIENTED_EDGE('',*,*,#2129,.F.);
#2988=ORIENTED_EDGE('',*,*,#2132,.T.);
#2989=ORIENTED_EDGE('',*,*,#2044,.F.);
#2990=ORIENTED_EDGE('',*,*,#2033,.F.);
#2991=ORIENTED_EDGE('',*,*,#2065,.F.);
#2992=ORIENTED_EDGE('',*,*,#2127,.F.);
#2993=ORIENTED_EDGE('',*,*,#2134,.F.);
#2994=ORIENTED_EDGE('',*,*,#2135,.T.);
#2995=ORIENTED_EDGE('',*,*,#2121,.T.);
#2996=ORIENTED_EDGE('',*,*,#1939,.F.);
#2997=ORIENTED_EDGE('',*,*,#2136,.F.);
#2998=ORIENTED_EDGE('',*,*,#2134,.T.);
#2999=ORIENTED_EDGE('',*,*,#1938,.F.);
#3000=ORIENTED_EDGE('',*,*,#1937,.F.);
#3001=ORIENTED_EDGE('',*,*,#2111,.F.);
#3002=ORIENTED_EDGE('',*,*,#2114,.F.);
#3003=ORIENTED_EDGE('',*,*,#2136,.T.);
#3004=ORIENTED_EDGE('',*,*,#2113,.F.);
#3005=ORIENTED_EDGE('',*,*,#2053,.F.);
#3006=ORIENTED_EDGE('',*,*,#2125,.T.);
#3007=ORIENTED_EDGE('',*,*,#1943,.F.);
#3008=ORIENTED_EDGE('',*,*,#2122,.T.);
#3009=ORIENTED_EDGE('',*,*,#2135,.F.);
#3010=ORIENTED_EDGE('',*,*,#1863,.F.);
#3011=ORIENTED_EDGE('',*,*,#2137,.T.);
#3012=ORIENTED_EDGE('',*,*,#2138,.T.);
#3013=ORIENTED_EDGE('',*,*,#2103,.F.);
#3014=ORIENTED_EDGE('',*,*,#1862,.F.);
#3015=ORIENTED_EDGE('',*,*,#2139,.T.);
#3016=ORIENTED_EDGE('',*,*,#2140,.T.);
#3017=ORIENTED_EDGE('',*,*,#2137,.F.);
#3018=ORIENTED_EDGE('',*,*,#1861,.F.);
#3019=ORIENTED_EDGE('',*,*,#2105,.F.);
#3020=ORIENTED_EDGE('',*,*,#2141,.T.);
#3021=ORIENTED_EDGE('',*,*,#2139,.F.);
#3022=ORIENTED_EDGE('',*,*,#2104,.F.);
#3023=ORIENTED_EDGE('',*,*,#2138,.F.);
#3024=ORIENTED_EDGE('',*,*,#2140,.F.);
#3025=ORIENTED_EDGE('',*,*,#2141,.F.);
#3026=ORIENTED_EDGE('',*,*,#2142,.T.);
#3027=ORIENTED_EDGE('',*,*,#2143,.T.);
#3028=ORIENTED_EDGE('',*,*,#1719,.F.);
#3029=ORIENTED_EDGE('',*,*,#2144,.F.);
#3030=ORIENTED_EDGE('',*,*,#2145,.F.);
#3031=ORIENTED_EDGE('',*,*,#2146,.F.);
#3032=ORIENTED_EDGE('',*,*,#1720,.F.);
#3033=ORIENTED_EDGE('',*,*,#2143,.F.);
#3034=ORIENTED_EDGE('',*,*,#2133,.T.);
#3035=ORIENTED_EDGE('',*,*,#2130,.F.);
#3036=ORIENTED_EDGE('',*,*,#2047,.F.);
#3037=ORIENTED_EDGE('',*,*,#2035,.T.);
#3038=ORIENTED_EDGE('',*,*,#2072,.T.);
#3039=ORIENTED_EDGE('',*,*,#2147,.F.);
#3040=ORIENTED_EDGE('',*,*,#1952,.F.);
#3041=ORIENTED_EDGE('',*,*,#2124,.F.);
#3042=ORIENTED_EDGE('',*,*,#2148,.F.);
#3043=ORIENTED_EDGE('',*,*,#2007,.T.);
#3044=ORIENTED_EDGE('',*,*,#2029,.T.);
#3045=ORIENTED_EDGE('',*,*,#2119,.F.);
#3046=ORIENTED_EDGE('',*,*,#2149,.F.);
#3047=ORIENTED_EDGE('',*,*,#2118,.T.);
#3048=ORIENTED_EDGE('',*,*,#2107,.F.);
#3049=ORIENTED_EDGE('',*,*,#1953,.F.);
#3050=ORIENTED_EDGE('',*,*,#2147,.T.);
#3051=ORIENTED_EDGE('',*,*,#2150,.T.);
#3052=ORIENTED_EDGE('',*,*,#2025,.T.);
#3053=ORIENTED_EDGE('',*,*,#2016,.T.);
#3054=ORIENTED_EDGE('',*,*,#2014,.T.);
#3055=ORIENTED_EDGE('',*,*,#2032,.F.);
#3056=ORIENTED_EDGE('',*,*,#2059,.F.);
#3057=ORIENTED_EDGE('',*,*,#2026,.F.);
#3058=ORIENTED_EDGE('',*,*,#2150,.F.);
#3059=ORIENTED_EDGE('',*,*,#2148,.T.);
#3060=ORIENTED_EDGE('',*,*,#2123,.F.);
#3061=ORIENTED_EDGE('',*,*,#1949,.F.);
#3062=ORIENTED_EDGE('',*,*,#2146,.T.);
#3063=ORIENTED_EDGE('',*,*,#2151,.F.);
#3064=ORIENTED_EDGE('',*,*,#2055,.F.);
#3065=ORIENTED_EDGE('',*,*,#1721,.T.);
#3066=ORIENTED_EDGE('',*,*,#2056,.F.);
#3067=ORIENTED_EDGE('',*,*,#2151,.T.);
#3068=ORIENTED_EDGE('',*,*,#2145,.T.);
#3069=ORIENTED_EDGE('',*,*,#2142,.F.);
#3070=ORIENTED_EDGE('',*,*,#2152,.F.);
#3071=ORIENTED_EDGE('',*,*,#2153,.F.);
#3072=ORIENTED_EDGE('',*,*,#2073,.F.);
#3073=ORIENTED_EDGE('',*,*,#2082,.T.);
#3074=ORIENTED_EDGE('',*,*,#2153,.T.);
#3075=ORIENTED_EDGE('',*,*,#2154,.F.);
#3076=ORIENTED_EDGE('',*,*,#1717,.F.);
#3077=ORIENTED_EDGE('',*,*,#2154,.T.);
#3078=ORIENTED_EDGE('',*,*,#2152,.T.);
#3079=ORIENTED_EDGE('',*,*,#2144,.T.);
#3080=ORIENTED_EDGE('',*,*,#1718,.F.);
#3081=ORIENTED_EDGE('',*,*,#2039,.T.);
#3082=ORIENTED_EDGE('',*,*,#2046,.T.);
#3083=ORIENTED_EDGE('',*,*,#2131,.T.);
#3084=ORIENTED_EDGE('',*,*,#2128,.T.);
#3085=ORIENTED_EDGE('',*,*,#2063,.T.);
#3086=ORIENTED_EDGE('',*,*,#2117,.T.);
#3087=ORIENTED_EDGE('',*,*,#2149,.T.);
#3088=ORIENTED_EDGE('',*,*,#2120,.F.);
#3089=ORIENTED_EDGE('',*,*,#1884,.F.);
#3090=ORIENTED_EDGE('',*,*,#2155,.F.);
#3091=ORIENTED_EDGE('',*,*,#2040,.T.);
#3092=ORIENTED_EDGE('',*,*,#2155,.T.);
#3093=ORIENTED_EDGE('',*,*,#1883,.F.);
#3094=ORIENTED_EDGE('',*,*,#2156,.T.);
#3095=ORIENTED_EDGE('',*,*,#2041,.T.);
#3096=ORIENTED_EDGE('',*,*,#2156,.F.);
#3097=ORIENTED_EDGE('',*,*,#1882,.F.);
#3098=ORIENTED_EDGE('',*,*,#2157,.F.);
#3099=ORIENTED_EDGE('',*,*,#2042,.T.);
#3100=ORIENTED_EDGE('',*,*,#2157,.T.);
#3101=ORIENTED_EDGE('',*,*,#1881,.F.);
#3102=ORIENTED_EDGE('',*,*,#2112,.T.);
#3103=ORIENTED_EDGE('',*,*,#2067,.T.);
#3104=ORIENTED_EDGE('',*,*,#2158,.F.);
#3105=ORIENTED_EDGE('',*,*,#1926,.T.);
#3106=ORIENTED_EDGE('',*,*,#2159,.T.);
#3107=ORIENTED_EDGE('',*,*,#2066,.T.);
#3108=ORIENTED_EDGE('',*,*,#2160,.F.);
#3109=ORIENTED_EDGE('',*,*,#1927,.T.);
#3110=ORIENTED_EDGE('',*,*,#2158,.T.);
#3111=ORIENTED_EDGE('',*,*,#2092,.F.);
#3112=ORIENTED_EDGE('',*,*,#1815,.T.);
#3113=ORIENTED_EDGE('',*,*,#1965,.T.);
#3114=ORIENTED_EDGE('',*,*,#1865,.F.);
#3115=ORIENTED_EDGE('',*,*,#2102,.T.);
#3116=ORIENTED_EDGE('',*,*,#2095,.F.);
#3117=ORIENTED_EDGE('',*,*,#2161,.T.);
#3118=ORIENTED_EDGE('',*,*,#1845,.F.);
#3119=ORIENTED_EDGE('',*,*,#1993,.T.);
#3120=ORIENTED_EDGE('',*,*,#1821,.T.);
#3121=ORIENTED_EDGE('',*,*,#2097,.F.);
#3122=ORIENTED_EDGE('',*,*,#2100,.F.);
#3123=ORIENTED_EDGE('',*,*,#1846,.F.);
#3124=ORIENTED_EDGE('',*,*,#2161,.F.);
#3125=ORIENTED_EDGE('',*,*,#2069,.T.);
#3126=ORIENTED_EDGE('',*,*,#2162,.F.);
#3127=ORIENTED_EDGE('',*,*,#1928,.T.);
#3128=ORIENTED_EDGE('',*,*,#2160,.T.);
#3129=ORIENTED_EDGE('',*,*,#2068,.T.);
#3130=ORIENTED_EDGE('',*,*,#2159,.F.);
#3131=ORIENTED_EDGE('',*,*,#1925,.T.);
#3132=ORIENTED_EDGE('',*,*,#2162,.T.);
#3133=ORIENTED_EDGE('',*,*,#1932,.F.);
#3134=ORIENTED_EDGE('',*,*,#2163,.T.);
#3135=ORIENTED_EDGE('',*,*,#1887,.T.);
#3136=ORIENTED_EDGE('',*,*,#2163,.F.);
#3137=ORIENTED_EDGE('',*,*,#1931,.F.);
#3138=ORIENTED_EDGE('',*,*,#2164,.T.);
#3139=ORIENTED_EDGE('',*,*,#1872,.T.);
#3140=ORIENTED_EDGE('',*,*,#2164,.F.);
#3141=ORIENTED_EDGE('',*,*,#1930,.F.);
#3142=ORIENTED_EDGE('',*,*,#2165,.T.);
#3143=ORIENTED_EDGE('',*,*,#1888,.T.);
#3144=ORIENTED_EDGE('',*,*,#2165,.F.);
#3145=ORIENTED_EDGE('',*,*,#1929,.F.);
#3146=ORIENTED_EDGE('',*,*,#2166,.T.);
#3147=ORIENTED_EDGE('',*,*,#1871,.T.);
#3148=ORIENTED_EDGE('',*,*,#2166,.F.);
#3149=PLANE('',#3497);
#3150=PLANE('',#3498);
#3151=PLANE('',#3499);
#3152=PLANE('',#3500);
#3153=PLANE('',#3501);
#3154=PLANE('',#3502);
#3155=PLANE('',#3503);
#3156=PLANE('',#3504);
#3157=PLANE('',#3505);
#3158=PLANE('',#3506);
#3159=PLANE('',#3507);
#3160=PLANE('',#3508);
#3161=PLANE('',#3509);
#3162=PLANE('',#3510);
#3163=PLANE('',#3511);
#3164=PLANE('',#3512);
#3165=PLANE('',#3513);
#3166=PLANE('',#3514);
#3167=PLANE('',#3515);
#3168=PLANE('',#3516);
#3169=PLANE('',#3517);
#3170=PLANE('',#3518);
#3171=PLANE('',#3519);
#3172=PLANE('',#3520);
#3173=PLANE('',#3521);
#3174=PLANE('',#3522);
#3175=PLANE('',#3523);
#3176=PLANE('',#3524);
#3177=PLANE('',#3525);
#3178=PLANE('',#3526);
#3179=PLANE('',#3527);
#3180=PLANE('',#3528);
#3181=PLANE('',#3529);
#3182=PLANE('',#3530);
#3183=PLANE('',#3531);
#3184=PLANE('',#3532);
#3185=PLANE('',#3533);
#3186=PLANE('',#3534);
#3187=PLANE('',#3535);
#3188=PLANE('',#3536);
#3189=PLANE('',#3537);
#3190=PLANE('',#3538);
#3191=PLANE('',#3539);
#3192=PLANE('',#3540);
#3193=PLANE('',#3541);
#3194=PLANE('',#3542);
#3195=PLANE('',#3543);
#3196=PLANE('',#3558);
#3197=PLANE('',#3559);
#3198=PLANE('',#3560);
#3199=PLANE('',#3561);
#3200=PLANE('',#3562);
#3201=PLANE('',#3563);
#3202=PLANE('',#3564);
#3203=PLANE('',#3565);
#3204=PLANE('',#3566);
#3205=PLANE('',#3567);
#3206=PLANE('',#3568);
#3207=PLANE('',#3569);
#3208=PLANE('',#3570);
#3209=PLANE('',#3571);
#3210=PLANE('',#3572);
#3211=PLANE('',#3577);
#3212=PLANE('',#3579);
#3213=PLANE('',#3581);
#3214=PLANE('',#3583);
#3215=PLANE('',#3585);
#3216=PLANE('',#3586);
#3217=PLANE('',#3587);
#3218=PLANE('',#3588);
#3219=PLANE('',#3589);
#3220=PLANE('',#3590);
#3221=PLANE('',#3591);
#3222=PLANE('',#3592);
#3223=PLANE('',#3593);
#3224=PLANE('',#3594);
#3225=PLANE('',#3595);
#3226=PLANE('',#3596);
#3227=PLANE('',#3597);
#3228=PLANE('',#3598);
#3229=PLANE('',#3599);
#3230=PLANE('',#3600);
#3231=PLANE('',#3601);
#3232=PLANE('',#3602);
#3233=PLANE('',#3603);
#3234=PLANE('',#3604);
#3235=PLANE('',#3605);
#3236=PLANE('',#3606);
#3237=PLANE('',#3607);
#3238=PLANE('',#3608);
#3239=PLANE('',#3609);
#3240=PLANE('',#3610);
#3241=PLANE('',#3611);
#3242=PLANE('',#3612);
#3243=PLANE('',#3613);
#3244=PLANE('',#3614);
#3245=PLANE('',#3615);
#3246=PLANE('',#3616);
#3247=PLANE('',#3617);
#3248=PLANE('',#3618);
#3249=PLANE('',#3619);
#3250=PLANE('',#3620);
#3251=PLANE('',#3621);
#3252=PLANE('',#3622);
#3253=PLANE('',#3623);
#3254=PLANE('',#3624);
#3255=PLANE('',#3625);
#3256=PLANE('',#3626);
#3257=PLANE('',#3627);
#3258=PLANE('',#3628);
#3259=PLANE('',#3629);
#3260=PLANE('',#3630);
#3261=PLANE('',#3631);
#3262=PLANE('',#3632);
#3263=PLANE('',#3635);
#3264=PLANE('',#3636);
#3265=PLANE('',#3638);
#3266=PLANE('',#3639);
#3267=PLANE('',#3640);
#3268=PLANE('',#3644);
#3269=PLANE('',#3646);
#3270=PLANE('',#3648);
#3271=PLANE('',#3650);
#3272=PLANE('',#3653);
#3273=PLANE('',#3656);
#3274=PLANE('',#3663);
#3275=PLANE('',#3664);
#3276=PLANE('',#3665);
#3277=PLANE('',#3666);
#3278=PLANE('',#3667);
#3279=PLANE('',#3668);
#3280=PLANE('',#3669);
#3281=PLANE('',#3672);
#3282=PLANE('',#3673);
#3283=PLANE('',#3674);
#3284=PLANE('',#3675);
#3285=PLANE('',#3676);
#3286=PLANE('',#3677);
#3287=PLANE('',#3678);
#3288=PLANE('',#3679);
#3289=PLANE('',#3680);
#3290=PLANE('',#3681);
#3291=PLANE('',#3682);
#3292=PLANE('',#3683);
#3293=PLANE('',#3684);
#3294=PLANE('',#3685);
#3295=PLANE('',#3686);
#3296=PLANE('',#3687);
#3297=PLANE('',#3688);
#3298=PLANE('',#3689);
#3299=PLANE('',#3690);
#3300=PLANE('',#3691);
#3301=PLANE('',#3692);
#3302=PLANE('',#3693);
#3303=PLANE('',#3694);
#3304=PLANE('',#3695);
#3305=PLANE('',#3696);
#3306=PLANE('',#3697);
#3307=PLANE('',#3699);
#3308=PLANE('',#3701);
#3309=PLANE('',#3702);
#3310=PLANE('',#3705);
#3311=PLANE('',#3706);
#3312=PLANE('',#3707);
#3313=ADVANCED_FACE('',(#73),#3149,.T.);
#3314=ADVANCED_FACE('',(#74),#3150,.F.);
#3315=ADVANCED_FACE('',(#75),#3151,.F.);
#3316=ADVANCED_FACE('',(#76),#3152,.T.);
#3317=ADVANCED_FACE('',(#77),#3153,.F.);
#3318=ADVANCED_FACE('',(#78),#3154,.T.);
#3319=ADVANCED_FACE('',(#79),#3155,.T.);
#3320=ADVANCED_FACE('',(#80),#3156,.F.);
#3321=ADVANCED_FACE('',(#81),#3157,.T.);
#3322=ADVANCED_FACE('',(#82),#3158,.T.);
#3323=ADVANCED_FACE('',(#83),#3159,.F.);
#3324=ADVANCED_FACE('',(#84),#3160,.F.);
#3325=ADVANCED_FACE('',(#85),#3161,.T.);
#3326=ADVANCED_FACE('',(#86),#3162,.T.);
#3327=ADVANCED_FACE('',(#87),#3163,.F.);
#3328=ADVANCED_FACE('',(#88),#3164,.F.);
#3329=ADVANCED_FACE('',(#89),#3165,.F.);
#3330=ADVANCED_FACE('',(#90),#3166,.F.);
#3331=ADVANCED_FACE('',(#91),#3167,.F.);
#3332=ADVANCED_FACE('',(#92),#3168,.T.);
#3333=ADVANCED_FACE('',(#93),#3169,.T.);
#3334=ADVANCED_FACE('',(#94),#3170,.F.);
#3335=ADVANCED_FACE('',(#95),#3171,.T.);
#3336=ADVANCED_FACE('',(#96),#3172,.T.);
#3337=ADVANCED_FACE('',(#97),#3173,.T.);
#3338=ADVANCED_FACE('',(#98),#3174,.F.);
#3339=ADVANCED_FACE('',(#99),#3175,.T.);
#3340=ADVANCED_FACE('',(#100),#3176,.F.);
#3341=ADVANCED_FACE('',(#101),#3177,.F.);
#3342=ADVANCED_FACE('',(#102),#3178,.T.);
#3343=ADVANCED_FACE('',(#103),#3179,.T.);
#3344=ADVANCED_FACE('',(#104),#3180,.T.);
#3345=ADVANCED_FACE('',(#105),#3181,.T.);
#3346=ADVANCED_FACE('',(#106),#3182,.T.);
#3347=ADVANCED_FACE('',(#107),#3183,.F.);
#3348=ADVANCED_FACE('',(#108),#3184,.T.);
#3349=ADVANCED_FACE('',(#109),#3185,.F.);
#3350=ADVANCED_FACE('',(#110),#3186,.F.);
#3351=ADVANCED_FACE('',(#111),#3187,.F.);
#3352=ADVANCED_FACE('',(#112),#3188,.T.);
#3353=ADVANCED_FACE('',(#113),#3189,.T.);
#3354=ADVANCED_FACE('',(#114),#3190,.T.);
#3355=ADVANCED_FACE('',(#115),#3191,.T.);
#3356=ADVANCED_FACE('',(#116),#3192,.T.);
#3357=ADVANCED_FACE('',(#117),#3193,.F.);
#3358=ADVANCED_FACE('',(#118),#3194,.F.);
#3359=ADVANCED_FACE('',(#119,#33,#34,#35,#36,#37),#3195,.T.);
#3360=ADVANCED_FACE('',(#120),#3196,.T.);
#3361=ADVANCED_FACE('',(#121),#3197,.T.);
#3362=ADVANCED_FACE('',(#122),#3198,.T.);
#3363=ADVANCED_FACE('',(#123),#3199,.T.);
#3364=ADVANCED_FACE('',(#124),#3200,.T.);
#3365=ADVANCED_FACE('',(#125),#3201,.F.);
#3366=ADVANCED_FACE('',(#126),#3202,.F.);
#3367=ADVANCED_FACE('',(#127),#3203,.F.);
#3368=ADVANCED_FACE('',(#128),#3204,.F.);
#3369=ADVANCED_FACE('',(#129),#3205,.F.);
#3370=ADVANCED_FACE('',(#130),#3206,.F.);
#3371=ADVANCED_FACE('',(#131),#3207,.F.);
#3372=ADVANCED_FACE('',(#132),#3208,.F.);
#3373=ADVANCED_FACE('',(#133),#3209,.F.);
#3374=ADVANCED_FACE('',(#134,#38),#3210,.F.);
#3375=ADVANCED_FACE('',(#135),#3211,.T.);
#3376=ADVANCED_FACE('',(#136),#3212,.T.);
#3377=ADVANCED_FACE('',(#137),#3213,.T.);
#3378=ADVANCED_FACE('',(#138),#3214,.T.);
#3379=ADVANCED_FACE('',(#139),#3215,.T.);
#3380=ADVANCED_FACE('',(#140),#3216,.T.);
#3381=ADVANCED_FACE('',(#141),#3217,.T.);
#3382=ADVANCED_FACE('',(#142),#3218,.T.);
#3383=ADVANCED_FACE('',(#143),#3219,.T.);
#3384=ADVANCED_FACE('',(#144),#3220,.T.);
#3385=ADVANCED_FACE('',(#145),#3221,.T.);
#3386=ADVANCED_FACE('',(#146),#3222,.T.);
#3387=ADVANCED_FACE('',(#147),#3223,.F.);
#3388=ADVANCED_FACE('',(#148),#3224,.F.);
#3389=ADVANCED_FACE('',(#149),#3225,.F.);
#3390=ADVANCED_FACE('',(#150),#3226,.F.);
#3391=ADVANCED_FACE('',(#151),#3227,.F.);
#3392=ADVANCED_FACE('',(#152),#3228,.F.);
#3393=ADVANCED_FACE('',(#153),#3229,.F.);
#3394=ADVANCED_FACE('',(#154),#3230,.T.);
#3395=ADVANCED_FACE('',(#155),#3231,.T.);
#3396=ADVANCED_FACE('',(#156),#3232,.T.);
#3397=ADVANCED_FACE('',(#157),#3233,.T.);
#3398=ADVANCED_FACE('',(#158),#3234,.T.);
#3399=ADVANCED_FACE('',(#159),#3235,.T.);
#3400=ADVANCED_FACE('',(#160),#3236,.T.);
#3401=ADVANCED_FACE('',(#161),#3237,.F.);
#3402=ADVANCED_FACE('',(#162),#3238,.F.);
#3403=ADVANCED_FACE('',(#163),#3239,.T.);
#3404=ADVANCED_FACE('',(#164),#3240,.T.);
#3405=ADVANCED_FACE('',(#165),#3241,.T.);
#3406=ADVANCED_FACE('',(#166),#3242,.T.);
#3407=ADVANCED_FACE('',(#167),#3243,.T.);
#3408=ADVANCED_FACE('',(#168),#3244,.T.);
#3409=ADVANCED_FACE('',(#169),#3245,.T.);
#3410=ADVANCED_FACE('',(#170),#3246,.T.);
#3411=ADVANCED_FACE('',(#171),#3247,.T.);
#3412=ADVANCED_FACE('',(#172),#3248,.F.);
#3413=ADVANCED_FACE('',(#173),#3249,.F.);
#3414=ADVANCED_FACE('',(#174),#3250,.F.);
#3415=ADVANCED_FACE('',(#175),#3251,.F.);
#3416=ADVANCED_FACE('',(#176),#3252,.F.);
#3417=ADVANCED_FACE('',(#177),#3253,.F.);
#3418=ADVANCED_FACE('',(#178),#3254,.T.);
#3419=ADVANCED_FACE('',(#179),#3255,.F.);
#3420=ADVANCED_FACE('',(#180),#3256,.F.);
#3421=ADVANCED_FACE('',(#181),#3257,.F.);
#3422=ADVANCED_FACE('',(#182),#3258,.F.);
#3423=ADVANCED_FACE('',(#183),#3259,.T.);
#3424=ADVANCED_FACE('',(#184),#3260,.T.);
#3425=ADVANCED_FACE('',(#185),#3261,.T.);
#3426=ADVANCED_FACE('',(#186),#3262,.T.);
#3427=ADVANCED_FACE('',(#187),#3263,.T.);
#3428=ADVANCED_FACE('',(#188,#39),#3264,.F.);
#3429=ADVANCED_FACE('',(#189),#3265,.T.);
#3430=ADVANCED_FACE('',(#190),#3266,.T.);
#3431=ADVANCED_FACE('',(#191),#3267,.T.);
#3432=ADVANCED_FACE('',(#192),#3268,.F.);
#3433=ADVANCED_FACE('',(#193),#19,.T.);
#3434=ADVANCED_FACE('',(#194),#3269,.F.);
#3435=ADVANCED_FACE('',(#195),#20,.F.);
#3436=ADVANCED_FACE('',(#196),#3270,.F.);
#3437=ADVANCED_FACE('',(#197),#21,.F.);
#3438=ADVANCED_FACE('',(#198),#3271,.T.);
#3439=ADVANCED_FACE('',(#199),#15,.T.);
#3440=ADVANCED_FACE('',(#200),#3272,.T.);
#3441=ADVANCED_FACE('',(#201),#16,.T.);
#3442=ADVANCED_FACE('',(#202),#3273,.T.);
#3443=ADVANCED_FACE('',(#203),#17,.T.);
#3444=ADVANCED_FACE('',(#204),#18,.T.);
#3445=ADVANCED_FACE('',(#205),#22,.T.);
#3446=ADVANCED_FACE('',(#206),#23,.T.);
#3447=ADVANCED_FACE('',(#207),#3274,.T.);
#3448=ADVANCED_FACE('',(#208),#3275,.T.);
#3449=ADVANCED_FACE('',(#209),#3276,.T.);
#3450=ADVANCED_FACE('',(#210),#3277,.T.);
#3451=ADVANCED_FACE('',(#211),#3278,.T.);
#3452=ADVANCED_FACE('',(#212),#3279,.F.);
#3453=ADVANCED_FACE('',(#213),#3280,.T.);
#3454=ADVANCED_FACE('',(#214),#24,.T.);
#3455=ADVANCED_FACE('',(#215),#3281,.T.);
#3456=ADVANCED_FACE('',(#216),#3282,.T.);
#3457=ADVANCED_FACE('',(#217),#3283,.T.);
#3458=ADVANCED_FACE('',(#218),#3284,.T.);
#3459=ADVANCED_FACE('',(#219),#3285,.T.);
#3460=ADVANCED_FACE('',(#220),#3286,.F.);
#3461=ADVANCED_FACE('',(#221),#3287,.F.);
#3462=ADVANCED_FACE('',(#222),#3288,.T.);
#3463=ADVANCED_FACE('',(#223),#3289,.F.);
#3464=ADVANCED_FACE('',(#224),#3290,.F.);
#3465=ADVANCED_FACE('',(#225),#3291,.T.);
#3466=ADVANCED_FACE('',(#226),#3292,.F.);
#3467=ADVANCED_FACE('',(#227),#3293,.F.);
#3468=ADVANCED_FACE('',(#228),#3294,.F.);
#3469=ADVANCED_FACE('',(#229),#3295,.F.);
#3470=ADVANCED_FACE('',(#230),#3296,.T.);
#3471=ADVANCED_FACE('',(#231),#3297,.T.);
#3472=ADVANCED_FACE('',(#232),#3298,.T.);
#3473=ADVANCED_FACE('',(#233),#3299,.T.);
#3474=ADVANCED_FACE('',(#234),#3300,.T.);
#3475=ADVANCED_FACE('',(#235),#3301,.T.);
#3476=ADVANCED_FACE('',(#236),#3302,.T.);
#3477=ADVANCED_FACE('',(#237),#3303,.T.);
#3478=ADVANCED_FACE('',(#238),#3304,.T.);
#3479=ADVANCED_FACE('',(#239),#3305,.T.);
#3480=ADVANCED_FACE('',(#240),#3306,.F.);
#3481=ADVANCED_FACE('',(#241),#25,.F.);
#3482=ADVANCED_FACE('',(#242),#3307,.F.);
#3483=ADVANCED_FACE('',(#243),#26,.F.);
#3484=ADVANCED_FACE('',(#244),#3308,.T.);
#3485=ADVANCED_FACE('',(#245),#3309,.T.);
#3486=ADVANCED_FACE('',(#246),#27,.T.);
#3487=ADVANCED_FACE('',(#247),#28,.T.);
#3488=ADVANCED_FACE('',(#248),#3310,.T.);
#3489=ADVANCED_FACE('',(#249),#3311,.T.);
#3490=ADVANCED_FACE('',(#250),#3312,.T.);
#3491=ADVANCED_FACE('',(#251),#29,.T.);
#3492=ADVANCED_FACE('',(#252),#30,.T.);
#3493=ADVANCED_FACE('',(#253),#31,.T.);
#3494=ADVANCED_FACE('',(#254),#32,.T.);
#3495=CLOSED_SHELL('',(#3313,#3314,#3315,#3316,#3317,#3318,#3319,#3320,
#3321,#3322,#3323,#3324,#3325,#3326,#3327,#3328,#3329,#3330,#3331,#3332,
#3333,#3334,#3335,#3336,#3337,#3338,#3339,#3340,#3341,#3342,#3343,#3344,
#3345,#3346,#3347,#3348,#3349,#3350,#3351,#3352,#3353,#3354,#3355,#3356,
#3357,#3358,#3359,#3360,#3361,#3362,#3363,#3364,#3365,#3366,#3367,#3368,
#3369,#3370,#3371,#3372,#3373,#3374,#3375,#3376,#3377,#3378,#3379,#3380,
#3381,#3382,#3383,#3384,#3385,#3386,#3387,#3388,#3389,#3390,#3391,#3392,
#3393,#3394,#3395,#3396,#3397,#3398,#3399,#3400,#3401,#3402,#3403,#3404,
#3405,#3406,#3407,#3408,#3409,#3410,#3411,#3412,#3413,#3414,#3415,#3416,
#3417,#3418,#3419,#3420,#3421,#3422,#3423,#3424,#3425,#3426,#3427,#3428,
#3429,#3430,#3431,#3432,#3433,#3434,#3435,#3436,#3437,#3438,#3439,#3440,
#3441,#3442,#3443,#3444,#3445,#3446,#3447,#3448,#3449,#3450,#3451,#3452,
#3453,#3454,#3455,#3456,#3457,#3458,#3459,#3460,#3461,#3462,#3463,#3464,
#3465,#3466,#3467,#3468,#3469,#3470,#3471,#3472,#3473,#3474,#3475,#3476,
#3477,#3478,#3479,#3480,#3481,#3482,#3483,#3484,#3485,#3486,#3487,#3488,
#3489,#3490,#3491,#3492,#3493,#3494));
#3496=AXIS2_PLACEMENT_3D('',#4602,#3712,#3713);
#3497=AXIS2_PLACEMENT_3D('',#4603,#3714,#3715);
#3498=AXIS2_PLACEMENT_3D('',#4612,#3720,#3721);
#3499=AXIS2_PLACEMENT_3D('',#4620,#3726,#3727);
#3500=AXIS2_PLACEMENT_3D('',#4624,#3730,#3731);
#3501=AXIS2_PLACEMENT_3D('',#4633,#3736,#3737);
#3502=AXIS2_PLACEMENT_3D('',#4641,#3742,#3743);
#3503=AXIS2_PLACEMENT_3D('',#4645,#3746,#3747);
#3504=AXIS2_PLACEMENT_3D('',#4654,#3752,#3753);
#3505=AXIS2_PLACEMENT_3D('',#4662,#3758,#3759);
#3506=AXIS2_PLACEMENT_3D('',#4666,#3762,#3763);
#3507=AXIS2_PLACEMENT_3D('',#4675,#3768,#3769);
#3508=AXIS2_PLACEMENT_3D('',#4683,#3774,#3775);
#3509=AXIS2_PLACEMENT_3D('',#4687,#3778,#3779);
#3510=AXIS2_PLACEMENT_3D('',#4702,#3787,#3788);
#3511=AXIS2_PLACEMENT_3D('',#4708,#3792,#3793);
#3512=AXIS2_PLACEMENT_3D('',#4717,#3798,#3799);
#3513=AXIS2_PLACEMENT_3D('',#4723,#3803,#3804);
#3514=AXIS2_PLACEMENT_3D('',#4729,#3808,#3809);
#3515=AXIS2_PLACEMENT_3D('',#4735,#3813,#3814);
#3516=AXIS2_PLACEMENT_3D('',#4744,#3819,#3820);
#3517=AXIS2_PLACEMENT_3D('',#4750,#3824,#3825);
#3518=AXIS2_PLACEMENT_3D('',#4756,#3829,#3830);
#3519=AXIS2_PLACEMENT_3D('',#4762,#3834,#3835);
#3520=AXIS2_PLACEMENT_3D('',#4771,#3840,#3841);
#3521=AXIS2_PLACEMENT_3D('',#4777,#3845,#3846);
#3522=AXIS2_PLACEMENT_3D('',#4783,#3850,#3851);
#3523=AXIS2_PLACEMENT_3D('',#4789,#3855,#3856);
#3524=AXIS2_PLACEMENT_3D('',#4798,#3861,#3862);
#3525=AXIS2_PLACEMENT_3D('',#4804,#3866,#3867);
#3526=AXIS2_PLACEMENT_3D('',#4810,#3871,#3872);
#3527=AXIS2_PLACEMENT_3D('',#4816,#3876,#3877);
#3528=AXIS2_PLACEMENT_3D('',#4822,#3881,#3882);
#3529=AXIS2_PLACEMENT_3D('',#4828,#3886,#3887);
#3530=AXIS2_PLACEMENT_3D('',#4834,#3891,#3892);
#3531=AXIS2_PLACEMENT_3D('',#4840,#3896,#3897);
#3532=AXIS2_PLACEMENT_3D('',#4846,#3901,#3902);
#3533=AXIS2_PLACEMENT_3D('',#4855,#3907,#3908);
#3534=AXIS2_PLACEMENT_3D('',#4861,#3912,#3913);
#3535=AXIS2_PLACEMENT_3D('',#4871,#3919,#3920);
#3536=AXIS2_PLACEMENT_3D('',#4881,#3926,#3927);
#3537=AXIS2_PLACEMENT_3D('',#4895,#3935,#3936);
#3538=AXIS2_PLACEMENT_3D('',#4901,#3940,#3941);
#3539=AXIS2_PLACEMENT_3D('',#4912,#3948,#3949);
#3540=AXIS2_PLACEMENT_3D('',#4918,#3953,#3954);
#3541=AXIS2_PLACEMENT_3D('',#4922,#3957,#3958);
#3542=AXIS2_PLACEMENT_3D('',#4932,#3964,#3965);
#3543=AXIS2_PLACEMENT_3D('',#4943,#3972,#3973);
#3544=AXIS2_PLACEMENT_3D('',#4951,#3977,#3978);
#3545=AXIS2_PLACEMENT_3D('',#4955,#3980,#3981);
#3546=AXIS2_PLACEMENT_3D('',#4977,#3993,#3994);
#3547=AXIS2_PLACEMENT_3D('',#4989,#4000,#4001);
#3548=AXIS2_PLACEMENT_3D('',#4998,#4007,#4008);
#3549=AXIS2_PLACEMENT_3D('',#5000,#4009,#4010);
#3550=AXIS2_PLACEMENT_3D('',#5007,#4013,#4014);
#3551=AXIS2_PLACEMENT_3D('',#5011,#4016,#4017);
#3552=AXIS2_PLACEMENT_3D('',#5015,#4019,#4020);
#3553=AXIS2_PLACEMENT_3D('',#5019,#4022,#4023);
#3554=AXIS2_PLACEMENT_3D('',#5023,#4025,#4026);
#3555=AXIS2_PLACEMENT_3D('',#5027,#4028,#4029);
#3556=AXIS2_PLACEMENT_3D('',#5030,#4031,#4032);
#3557=AXIS2_PLACEMENT_3D('',#5032,#4033,#4034);
#3558=AXIS2_PLACEMENT_3D('',#5033,#4035,#4036);
#3559=AXIS2_PLACEMENT_3D('',#5039,#4040,#4041);
#3560=AXIS2_PLACEMENT_3D('',#5045,#4045,#4046);
#3561=AXIS2_PLACEMENT_3D('',#5054,#4051,#4052);
#3562=AXIS2_PLACEMENT_3D('',#5061,#4057,#4058);
#3563=AXIS2_PLACEMENT_3D('',#5063,#4060,#4061);
#3564=AXIS2_PLACEMENT_3D('',#5067,#4064,#4065);
#3565=AXIS2_PLACEMENT_3D('',#5069,#4067,#4068);
#3566=AXIS2_PLACEMENT_3D('',#5074,#4072,#4073);
#3567=AXIS2_PLACEMENT_3D('',#5076,#4075,#4076);
#3568=AXIS2_PLACEMENT_3D('',#5077,#4077,#4078);
#3569=AXIS2_PLACEMENT_3D('',#5081,#4081,#4082);
#3570=AXIS2_PLACEMENT_3D('',#5083,#4084,#4085);
#3571=AXIS2_PLACEMENT_3D('',#5088,#4089,#4090);
#3572=AXIS2_PLACEMENT_3D('',#5090,#4092,#4093);
#3573=AXIS2_PLACEMENT_3D('',#5092,#4094,#4095);
#3574=AXIS2_PLACEMENT_3D('',#5095,#4097,#4098);
#3575=AXIS2_PLACEMENT_3D('',#5097,#4099,#4100);
#3576=AXIS2_PLACEMENT_3D('',#5101,#4102,#4103);
#3577=AXIS2_PLACEMENT_3D('',#5111,#4109,#4110);
#3578=AXIS2_PLACEMENT_3D('',#5113,#4111,#4112);
#3579=AXIS2_PLACEMENT_3D('',#5114,#4113,#4114);
#3580=AXIS2_PLACEMENT_3D('',#5116,#4115,#4116);
#3581=AXIS2_PLACEMENT_3D('',#5117,#4117,#4118);
#3582=AXIS2_PLACEMENT_3D('',#5119,#4119,#4120);
#3583=AXIS2_PLACEMENT_3D('',#5120,#4121,#4122);
#3584=AXIS2_PLACEMENT_3D('',#5122,#4123,#4124);
#3585=AXIS2_PLACEMENT_3D('',#5123,#4125,#4126);
#3586=AXIS2_PLACEMENT_3D('',#5134,#4132,#4133);
#3587=AXIS2_PLACEMENT_3D('',#5142,#4138,#4139);
#3588=AXIS2_PLACEMENT_3D('',#5150,#4144,#4145);
#3589=AXIS2_PLACEMENT_3D('',#5161,#4151,#4152);
#3590=AXIS2_PLACEMENT_3D('',#5169,#4157,#4158);
#3591=AXIS2_PLACEMENT_3D('',#5175,#4162,#4163);
#3592=AXIS2_PLACEMENT_3D('',#5177,#4165,#4166);
#3593=AXIS2_PLACEMENT_3D('',#5179,#4168,#4169);
#3594=AXIS2_PLACEMENT_3D('',#5183,#4172,#4173);
#3595=AXIS2_PLACEMENT_3D('',#5188,#4177,#4178);
#3596=AXIS2_PLACEMENT_3D('',#5191,#4181,#4182);
#3597=AXIS2_PLACEMENT_3D('',#5192,#4183,#4184);
#3598=AXIS2_PLACEMENT_3D('',#5193,#4185,#4186);
#3599=AXIS2_PLACEMENT_3D('',#5199,#4190,#4191);
#3600=AXIS2_PLACEMENT_3D('',#5201,#4193,#4194);
#3601=AXIS2_PLACEMENT_3D('',#5203,#4196,#4197);
#3602=AXIS2_PLACEMENT_3D('',#5207,#4200,#4201);
#3603=AXIS2_PLACEMENT_3D('',#5212,#4205,#4206);
#3604=AXIS2_PLACEMENT_3D('',#5214,#4208,#4209);
#3605=AXIS2_PLACEMENT_3D('',#5216,#4211,#4212);
#3606=AXIS2_PLACEMENT_3D('',#5217,#4213,#4214);
#3607=AXIS2_PLACEMENT_3D('',#5224,#4219,#4220);
#3608=AXIS2_PLACEMENT_3D('',#5230,#4224,#4225);
#3609=AXIS2_PLACEMENT_3D('',#5232,#4227,#4228);
#3610=AXIS2_PLACEMENT_3D('',#5234,#4230,#4231);
#3611=AXIS2_PLACEMENT_3D('',#5238,#4234,#4235);
#3612=AXIS2_PLACEMENT_3D('',#5243,#4239,#4240);
#3613=AXIS2_PLACEMENT_3D('',#5245,#4242,#4243);
#3614=AXIS2_PLACEMENT_3D('',#5247,#4245,#4246);
#3615=AXIS2_PLACEMENT_3D('',#5248,#4247,#4248);
#3616=AXIS2_PLACEMENT_3D('',#5254,#4252,#4253);
#3617=AXIS2_PLACEMENT_3D('',#5256,#4255,#4256);
#3618=AXIS2_PLACEMENT_3D('',#5258,#4258,#4259);
#3619=AXIS2_PLACEMENT_3D('',#5262,#4262,#4263);
#3620=AXIS2_PLACEMENT_3D('',#5267,#4267,#4268);
#3621=AXIS2_PLACEMENT_3D('',#5270,#4271,#4272);
#3622=AXIS2_PLACEMENT_3D('',#5271,#4273,#4274);
#3623=AXIS2_PLACEMENT_3D('',#5272,#4275,#4276);
#3624=AXIS2_PLACEMENT_3D('',#5281,#4281,#4282);
#3625=AXIS2_PLACEMENT_3D('',#5287,#4286,#4287);
#3626=AXIS2_PLACEMENT_3D('',#5291,#4290,#4291);
#3627=AXIS2_PLACEMENT_3D('',#5295,#4294,#4295);
#3628=AXIS2_PLACEMENT_3D('',#5305,#4301,#4302);
#3629=AXIS2_PLACEMENT_3D('',#5309,#4305,#4306);
#3630=AXIS2_PLACEMENT_3D('',#5319,#4312,#4313);
#3631=AXIS2_PLACEMENT_3D('',#5325,#4317,#4318);
#3632=AXIS2_PLACEMENT_3D('',#5334,#4323,#4324);
#3633=AXIS2_PLACEMENT_3D('',#5342,#4328,#4329);
#3634=AXIS2_PLACEMENT_3D('',#5346,#4331,#4332);
#3635=AXIS2_PLACEMENT_3D('',#5348,#4334,#4335);
#3636=AXIS2_PLACEMENT_3D('',#5354,#4339,#4340);
#3637=AXIS2_PLACEMENT_3D('',#5374,#4352,#4353);
#3638=AXIS2_PLACEMENT_3D('',#5395,#4365,#4366);
#3639=AXIS2_PLACEMENT_3D('',#5401,#4370,#4371);
#3640=AXIS2_PLACEMENT_3D('',#5405,#4374,#4375);
#3641=AXIS2_PLACEMENT_3D('',#5409,#4377,#4378);
#3642=AXIS2_PLACEMENT_3D('',#5413,#4380,#4381);
#3643=AXIS2_PLACEMENT_3D('',#5417,#4383,#4384);
#3644=AXIS2_PLACEMENT_3D('',#5420,#4387,#4388);
#3645=AXIS2_PLACEMENT_3D('',#5422,#4390,#4391);
#3646=AXIS2_PLACEMENT_3D('',#5424,#4393,#4394);
#3647=AXIS2_PLACEMENT_3D('',#5426,#4396,#4397);
#3648=AXIS2_PLACEMENT_3D('',#5428,#4399,#4400);
#3649=AXIS2_PLACEMENT_3D('',#5430,#4402,#4403);
#3650=AXIS2_PLACEMENT_3D('',#5432,#4405,#4406);
#3651=AXIS2_PLACEMENT_3D('',#5438,#4410,#4411);
#3652=AXIS2_PLACEMENT_3D('',#5439,#4412,#4413);
#3653=AXIS2_PLACEMENT_3D('',#5440,#4414,#4415);
#3654=AXIS2_PLACEMENT_3D('',#5442,#4417,#4418);
#3655=AXIS2_PLACEMENT_3D('',#5445,#4420,#4421);
#3656=AXIS2_PLACEMENT_3D('',#5446,#4422,#4423);
#3657=AXIS2_PLACEMENT_3D('',#5450,#4426,#4427);
#3658=AXIS2_PLACEMENT_3D('',#5451,#4428,#4429);
#3659=AXIS2_PLACEMENT_3D('',#5452,#4430,#4431);
#3660=AXIS2_PLACEMENT_3D('',#5453,#4432,#4433);
#3661=AXIS2_PLACEMENT_3D('',#5454,#4434,#4435);
#3662=AXIS2_PLACEMENT_3D('',#5456,#4437,#4438);
#3663=AXIS2_PLACEMENT_3D('',#5458,#4440,#4441);
#3664=AXIS2_PLACEMENT_3D('',#5465,#4446,#4447);
#3665=AXIS2_PLACEMENT_3D('',#5467,#4449,#4450);
#3666=AXIS2_PLACEMENT_3D('',#5471,#4453,#4454);
#3667=AXIS2_PLACEMENT_3D('',#5473,#4456,#4457);
#3668=AXIS2_PLACEMENT_3D('',#5477,#4460,#4461);
#3669=AXIS2_PLACEMENT_3D('',#5485,#4467,#4468);
#3670=AXIS2_PLACEMENT_3D('',#5489,#4471,#4472);
#3671=AXIS2_PLACEMENT_3D('',#5491,#4473,#4474);
#3672=AXIS2_PLACEMENT_3D('',#5493,#4476,#4477);
#3673=AXIS2_PLACEMENT_3D('',#5497,#4480,#4481);
#3674=AXIS2_PLACEMENT_3D('',#5501,#4484,#4485);
#3675=AXIS2_PLACEMENT_3D('',#5503,#4487,#4488);
#3676=AXIS2_PLACEMENT_3D('',#5509,#4492,#4493);
#3677=AXIS2_PLACEMENT_3D('',#5513,#4496,#4497);
#3678=AXIS2_PLACEMENT_3D('',#5516,#4500,#4501);
#3679=AXIS2_PLACEMENT_3D('',#5518,#4503,#4504);
#3680=AXIS2_PLACEMENT_3D('',#5519,#4505,#4506);
#3681=AXIS2_PLACEMENT_3D('',#5523,#4509,#4510);
#3682=AXIS2_PLACEMENT_3D('',#5525,#4512,#4513);
#3683=AXIS2_PLACEMENT_3D('',#5526,#4514,#4515);
#3684=AXIS2_PLACEMENT_3D('',#5530,#4518,#4519);
#3685=AXIS2_PLACEMENT_3D('',#5534,#4522,#4523);
#3686=AXIS2_PLACEMENT_3D('',#5536,#4525,#4526);
#3687=AXIS2_PLACEMENT_3D('',#5537,#4527,#4528);
#3688=AXIS2_PLACEMENT_3D('',#5543,#4532,#4533);
#3689=AXIS2_PLACEMENT_3D('',#5547,#4536,#4537);
#3690=AXIS2_PLACEMENT_3D('',#5548,#4538,#4539);
#3691=AXIS2_PLACEMENT_3D('',#5552,#4542,#4543);
#3692=AXIS2_PLACEMENT_3D('',#5555,#4546,#4547);
#3693=AXIS2_PLACEMENT_3D('',#5556,#4548,#4549);
#3694=AXIS2_PLACEMENT_3D('',#5558,#4551,#4552);
#3695=AXIS2_PLACEMENT_3D('',#5562,#4555,#4556);
#3696=AXIS2_PLACEMENT_3D('',#5564,#4558,#4559);
#3697=AXIS2_PLACEMENT_3D('',#5565,#4560,#4561);
#3698=AXIS2_PLACEMENT_3D('',#5567,#4563,#4564);
#3699=AXIS2_PLACEMENT_3D('',#5569,#4566,#4567);
#3700=AXIS2_PLACEMENT_3D('',#5571,#4569,#4570);
#3701=AXIS2_PLACEMENT_3D('',#5572,#4571,#4572);
#3702=AXIS2_PLACEMENT_3D('',#5575,#4575,#4576);
#3703=AXIS2_PLACEMENT_3D('',#5577,#4578,#4579);
#3704=AXIS2_PLACEMENT_3D('',#5578,#4580,#4581);
#3705=AXIS2_PLACEMENT_3D('',#5580,#4583,#4584);
#3706=AXIS2_PLACEMENT_3D('',#5581,#4585,#4586);
#3707=AXIS2_PLACEMENT_3D('',#5583,#4588,#4589);
#3708=AXIS2_PLACEMENT_3D('',#5584,#4590,#4591);
#3709=AXIS2_PLACEMENT_3D('',#5586,#4593,#4594);
#3710=AXIS2_PLACEMENT_3D('',#5588,#4596,#4597);
#3711=AXIS2_PLACEMENT_3D('',#5590,#4599,#4600);
#3712=DIRECTION('axis',(0.,0.,1.));
#3713=DIRECTION('refdir',(1.,0.,0.));
#3714=DIRECTION('center_axis',(0.,0.783335692920481,0.621598899771219));
#3715=DIRECTION('ref_axis',(1.,0.,0.));
#3716=DIRECTION('',(0.,-0.621598899771219,0.783335692920481));
#3717=DIRECTION('',(1.,0.,0.));
#3718=DIRECTION('',(0.,0.621598899771219,-0.783335692920481));
#3719=DIRECTION('',(-1.,0.,0.));
#3720=DIRECTION('center_axis',(1.,0.,0.));
#3721=DIRECTION('ref_axis',(0.,0.,1.));
#3722=DIRECTION('',(0.,0.227229615606418,0.973841209741793));
#3723=DIRECTION('',(0.,1.,0.));
#3724=DIRECTION('',(0.,-0.49301257198088,-0.870022185848612));
#3725=DIRECTION('',(0.,-1.,0.));
#3726=DIRECTION('center_axis',(0.,-0.973841209741793,0.227229615606418));
#3727=DIRECTION('ref_axis',(0.,0.227229615606418,0.973841209741793));
#3728=DIRECTION('',(0.,-0.227229615606418,-0.973841209741793));
#3729=DIRECTION('',(1.,0.,0.));
#3730=DIRECTION('center_axis',(-1.23786639384852E-33,0.783335692920481,
0.621598899771219));
#3731=DIRECTION('ref_axis',(1.,0.,1.99142307733189E-33));
#3732=DIRECTION('',(-9.82281792383631E-34,0.621598899771219,-0.783335692920481));
#3733=DIRECTION('',(-1.,-1.58025021077927E-33,0.));
#3734=DIRECTION('',(9.82281792383631E-34,-0.621598899771219,0.783335692920481));
#3735=DIRECTION('',(1.,1.58025021077927E-33,0.));
#3736=DIRECTION('center_axis',(1.,1.58025021077927E-33,0.));
#3737=DIRECTION('ref_axis',(-1.58025021077927E-33,1.,0.));
#3738=DIRECTION('',(3.59079647957335E-34,-0.227229615606418,-0.973841209741793));
#3739=DIRECTION('',(-1.58025021077927E-33,1.,0.));
#3740=DIRECTION('',(7.79083220789616E-34,-0.49301257198088,-0.870022185848612));
#3741=DIRECTION('',(1.58025021077927E-33,-1.,0.));
#3742=DIRECTION('center_axis',(-1.53891277696001E-33,0.973841209741793,
-0.227229615606418));
#3743=DIRECTION('ref_axis',(-3.59079647957335E-34,0.227229615606418,0.973841209741793));
#3744=DIRECTION('',(-3.59079647957335E-34,0.227229615606418,0.973841209741793));
#3745=DIRECTION('',(1.,0.,0.));
#3746=DIRECTION('center_axis',(0.,-0.783335692920481,0.62159889977122));
#3747=DIRECTION('ref_axis',(1.,0.,0.));
#3748=DIRECTION('',(0.,-0.62159889977122,-0.783335692920481));
#3749=DIRECTION('',(1.,0.,0.));
#3750=DIRECTION('',(0.,0.62159889977122,0.783335692920481));
#3751=DIRECTION('',(-1.,0.,0.));
#3752=DIRECTION('center_axis',(-1.,0.,0.));
#3753=DIRECTION('ref_axis',(0.,-1.,0.));
#3754=DIRECTION('',(0.,0.227229615606418,-0.973841209741793));
#3755=DIRECTION('',(0.,-1.,0.));
#3756=DIRECTION('',(0.,0.49301257198088,-0.870022185848612));
#3757=DIRECTION('',(0.,1.,0.));
#3758=DIRECTION('center_axis',(0.,-0.973841209741793,-0.227229615606418));
#3759=DIRECTION('ref_axis',(0.,-0.227229615606418,0.973841209741793));
#3760=DIRECTION('',(0.,-0.227229615606418,0.973841209741793));
#3761=DIRECTION('',(-1.,9.44083306072174E-36,0.));
#3762=DIRECTION('center_axis',(1.23786639384852E-33,-0.783335692920481,
0.62159889977122));
#3763=DIRECTION('ref_axis',(1.,0.,-1.99142307733188E-33));
#3764=DIRECTION('',(-9.82281792383632E-34,0.62159889977122,0.783335692920481));
#3765=DIRECTION('',(-1.,-1.58025021077927E-33,0.));
#3766=DIRECTION('',(9.82281792383632E-34,-0.62159889977122,-0.783335692920481));
#3767=DIRECTION('',(1.,1.58025021077927E-33,0.));
#3768=DIRECTION('center_axis',(-1.,-1.58025021077927E-33,0.));
#3769=DIRECTION('ref_axis',(0.,0.,1.));
#3770=DIRECTION('',(3.59079647957335E-34,-0.227229615606418,0.973841209741793));
#3771=DIRECTION('',(1.58025021077927E-33,-1.,0.));
#3772=DIRECTION('',(-7.79083220789616E-34,0.49301257198088,-0.870022185848612));
#3773=DIRECTION('',(-1.58025021077927E-33,1.,0.));
#3774=DIRECTION('center_axis',(-1.53891277696001E-33,0.973841209741793,
0.227229615606418));
#3775=DIRECTION('ref_axis',(3.59079647957335E-34,-0.227229615606418,0.973841209741793));
#3776=DIRECTION('',(-3.59079647957335E-34,0.227229615606418,-0.973841209741793));
#3777=DIRECTION('',(-1.,9.44083306072174E-36,0.));
#3778=DIRECTION('center_axis',(0.,-1.,0.));
#3779=DIRECTION('ref_axis',(1.,0.,0.));
#3780=DIRECTION('',(0.,0.,1.));
#3781=DIRECTION('',(0.,0.,1.));
#3782=DIRECTION('',(-1.,0.,4.0708177569589E-15));
#3783=DIRECTION('',(0.,0.,-1.));
#3784=DIRECTION('',(0.707106781186549,0.,-0.707106781186546));
#3785=DIRECTION('',(0.,0.,1.));
#3786=DIRECTION('',(-1.,0.,0.));
#3787=DIRECTION('center_axis',(-0.999821085280642,-0.0189155340458481,0.));
#3788=DIRECTION('ref_axis',(0.0189155340458481,-0.999821085280642,0.));
#3789=DIRECTION('',(-0.0189155340458481,0.999821085280642,0.));
#3790=DIRECTION('',(0.,0.,-1.));
#3791=DIRECTION('',(0.0189155340458481,-0.999821085280642,0.));
#3792=DIRECTION('center_axis',(1.21054189270505E-33,0.766044443118978,0.642787609686539));
#3793=DIRECTION('ref_axis',(-1.,0.,1.88326886589395E-33));
#3794=DIRECTION('',(-4.56728066699369E-15,0.642787609686539,-0.766044443118978));
#3795=DIRECTION('',(1.,-1.58025021077927E-33,0.));
#3796=DIRECTION('',(2.28364033349685E-15,-0.642787609686539,0.766044443118978));
#3797=DIRECTION('',(1.,-1.58025021077927E-33,0.));
#3798=DIRECTION('center_axis',(1.5562426592746E-33,0.984807753012208,-0.17364817766693));
#3799=DIRECTION('ref_axis',(-1.,1.58025021077927E-33,0.));
#3800=DIRECTION('',(-6.16922256096083E-16,0.17364817766693,0.984807753012208));
#3801=DIRECTION('',(-1.,1.58025021077927E-33,0.));
#3802=DIRECTION('',(1.23384451219217E-15,-0.17364817766693,-0.984807753012208));
#3803=DIRECTION('center_axis',(0.,0.,1.));
#3804=DIRECTION('ref_axis',(-1.,1.58025021077927E-33,0.));
#3805=DIRECTION('',(1.58025021077927E-33,1.,0.));
#3806=DIRECTION('',(1.,-1.58025021077927E-33,0.));
#3807=DIRECTION('',(-1.58025021077927E-33,-1.,0.));
#3808=DIRECTION('center_axis',(0.,0.,1.));
#3809=DIRECTION('ref_axis',(1.,0.,0.));
#3810=DIRECTION('',(1.77635683940025E-15,-1.,0.));
#3811=DIRECTION('',(-1.,0.,0.));
#3812=DIRECTION('',(-1.77635683940025E-15,1.,0.));
#3813=DIRECTION('center_axis',(0.,0.766044443118978,0.642787609686539));
#3814=DIRECTION('ref_axis',(-1.,0.,0.));
#3815=DIRECTION('',(-2.28364033349685E-15,0.642787609686539,-0.766044443118978));
#3816=DIRECTION('',(1.,0.,0.));
#3817=DIRECTION('',(2.28364033349685E-15,-0.642787609686539,0.766044443118978));
#3818=DIRECTION('',(1.,0.,0.));
#3819=DIRECTION('center_axis',(0.,-0.984807753012208,0.17364817766693));
#3820=DIRECTION('ref_axis',(1.,0.,0.));
#3821=DIRECTION('',(-6.16922256096083E-16,0.17364817766693,0.984807753012208));
#3822=DIRECTION('',(-1.,0.,0.));
#3823=DIRECTION('',(6.16922256096083E-16,-0.17364817766693,-0.984807753012208));
#3824=DIRECTION('center_axis',(0.,0.,-1.));
#3825=DIRECTION('ref_axis',(1.,0.,0.));
#3826=DIRECTION('',(0.,-1.,0.));
#3827=DIRECTION('',(-1.,0.,0.));
#3828=DIRECTION('',(0.,1.,0.));
#3829=DIRECTION('center_axis',(0.,0.,1.));
#3830=DIRECTION('ref_axis',(1.,0.,0.));
#3831=DIRECTION('',(0.,-1.,0.));
#3832=DIRECTION('',(-1.,0.,0.));
#3833=DIRECTION('',(0.,1.,0.));
#3834=DIRECTION('center_axis',(-1.21054189270505E-33,0.766044443118978,
-0.642787609686539));
#3835=DIRECTION('ref_axis',(-1.,0.,1.88326886589395E-33));
#3836=DIRECTION('',(-4.56728066699369E-15,-0.642787609686539,-0.766044443118978));
#3837=DIRECTION('',(1.,1.58025021077927E-33,0.));
#3838=DIRECTION('',(2.28364033349685E-15,0.642787609686539,0.766044443118978));
#3839=DIRECTION('',(-1.,-1.58025021077927E-33,0.));
#3840=DIRECTION('center_axis',(-1.5562426592746E-33,0.984807753012208,0.17364817766693));
#3841=DIRECTION('ref_axis',(-1.,-1.58025021077927E-33,0.));
#3842=DIRECTION('',(1.23384451219217E-15,0.17364817766693,-0.984807753012208));
#3843=DIRECTION('',(-1.,-1.58025021077927E-33,0.));
#3844=DIRECTION('',(-6.16922256096083E-16,-0.17364817766693,0.984807753012208));
#3845=DIRECTION('center_axis',(0.,0.,-1.));
#3846=DIRECTION('ref_axis',(-1.,-1.58025021077927E-33,0.));
#3847=DIRECTION('',(-1.58025021077927E-33,1.,0.));
#3848=DIRECTION('',(1.,1.58025021077927E-33,0.));
#3849=DIRECTION('',(1.58025021077927E-33,-1.,0.));
#3850=DIRECTION('center_axis',(0.,0.,1.));
#3851=DIRECTION('ref_axis',(1.,0.,0.));
#3852=DIRECTION('',(3.5527136788005E-15,1.,0.));
#3853=DIRECTION('',(1.,0.,0.));
#3854=DIRECTION('',(-7.105427357601E-15,-1.,0.));
#3855=DIRECTION('center_axis',(0.,0.766044443118978,-0.642787609686539));
#3856=DIRECTION('ref_axis',(-1.,0.,0.));
#3857=DIRECTION('',(-2.28364033349685E-15,-0.642787609686539,-0.766044443118978));
#3858=DIRECTION('',(1.,0.,0.));
#3859=DIRECTION('',(2.28364033349685E-15,0.642787609686539,0.766044443118978));
#3860=DIRECTION('',(-1.,0.,0.));
#3861=DIRECTION('center_axis',(0.,-0.984807753012208,-0.17364817766693));
#3862=DIRECTION('ref_axis',(1.,0.,0.));
#3863=DIRECTION('',(6.16922256096083E-16,0.17364817766693,-0.984807753012208));
#3864=DIRECTION('',(-1.,0.,0.));
#3865=DIRECTION('',(-6.16922256096083E-16,-0.17364817766693,0.984807753012208));
#3866=DIRECTION('center_axis',(0.,0.,1.));
#3867=DIRECTION('ref_axis',(1.,0.,0.));
#3868=DIRECTION('',(0.,-1.,0.));
#3869=DIRECTION('',(-1.,0.,0.));
#3870=DIRECTION('',(0.,1.,0.));
#3871=DIRECTION('center_axis',(0.,0.707106781186548,-0.707106781186547));
#3872=DIRECTION('ref_axis',(-1.,0.,0.));
#3873=DIRECTION('',(1.25607396694702E-15,-0.707106781186547,-0.707106781186548));
#3874=DIRECTION('',(1.,0.,0.));
#3875=DIRECTION('',(-1.25607396694702E-15,0.707106781186547,0.707106781186548));
#3876=DIRECTION('center_axis',(0.,1.,0.));
#3877=DIRECTION('ref_axis',(0.,0.,1.));
#3878=DIRECTION('',(0.,0.,1.));
#3879=DIRECTION('',(-1.,0.,0.));
#3880=DIRECTION('',(0.,-2.61204025893803E-34,-1.));
#3881=DIRECTION('center_axis',(0.,0.707106781186548,-0.707106781186547));
#3882=DIRECTION('ref_axis',(-1.,0.,0.));
#3883=DIRECTION('',(0.,-0.707106781186547,-0.707106781186548));
#3884=DIRECTION('',(1.,0.,0.));
#3885=DIRECTION('',(0.,0.707106781186547,0.707106781186548));
#3886=DIRECTION('center_axis',(0.,1.,0.));
#3887=DIRECTION('ref_axis',(0.,0.,1.));
#3888=DIRECTION('',(0.,-4.27642353614751E-50,1.));
#3889=DIRECTION('',(-1.,0.,0.));
#3890=DIRECTION('',(0.,-5.34683669049849E-34,-1.));
#3891=DIRECTION('center_axis',(0.,-0.707106781186547,-0.707106781186548));
#3892=DIRECTION('ref_axis',(-1.,0.,0.));
#3893=DIRECTION('',(2.51214793389404E-15,0.707106781186548,-0.707106781186547));
#3894=DIRECTION('',(-1.,0.,0.));
#3895=DIRECTION('',(-5.02429586778808E-15,-0.707106781186548,0.707106781186547));
#3896=DIRECTION('center_axis',(0.,1.,0.));
#3897=DIRECTION('ref_axis',(0.,0.,1.));
#3898=DIRECTION('',(0.,2.61204025893803E-34,-1.));
#3899=DIRECTION('',(1.,0.,0.));
#3900=DIRECTION('',(0.,0.,1.));
#3901=DIRECTION('center_axis',(0.,-0.707106781186547,-0.707106781186548));
#3902=DIRECTION('ref_axis',(-1.,0.,0.));
#3903=DIRECTION('',(2.51214793389404E-15,0.707106781186548,-0.707106781186547));
#3904=DIRECTION('',(-1.,0.,0.));
#3905=DIRECTION('',(-2.51214793389404E-15,-0.707106781186548,0.707106781186547));
#3906=DIRECTION('',(1.,0.,0.));
#3907=DIRECTION('center_axis',(0.,1.,0.));
#3908=DIRECTION('ref_axis',(0.,0.,1.));
#3909=DIRECTION('',(0.,5.34683669049849E-34,-1.));
#3910=DIRECTION('',(1.,0.,0.));
#3911=DIRECTION('',(0.,4.27642353614751E-50,1.));
#3912=DIRECTION('center_axis',(-1.,-1.77635683940025E-15,0.));
#3913=DIRECTION('ref_axis',(1.77635683940025E-15,-1.,0.));
#3914=DIRECTION('',(0.,0.,1.));
#3915=DIRECTION('',(1.77635683940025E-15,-1.,0.));
#3916=DIRECTION('',(1.25607396694702E-15,-0.707106781186546,-0.707106781186549));
#3917=DIRECTION('',(0.,0.,-1.));
#3918=DIRECTION('',(0.,1.,0.));
#3919=DIRECTION('center_axis',(-1.,0.,0.));
#3920=DIRECTION('ref_axis',(0.,-1.,0.));
#3921=DIRECTION('',(0.,0.,1.));
#3922=DIRECTION('',(0.,-1.,0.));
#3923=DIRECTION('',(0.,-0.707106781186546,-0.707106781186549));
#3924=DIRECTION('',(0.,0.,-1.));
#3925=DIRECTION('',(0.,1.,0.));
#3926=DIRECTION('center_axis',(0.,1.,0.));
#3927=DIRECTION('ref_axis',(-1.,0.,0.));
#3928=DIRECTION('',(0.,0.,1.));
#3929=DIRECTION('',(-1.,0.,0.));
#3930=DIRECTION('',(0.,0.,-1.));
#3931=DIRECTION('',(1.,0.,0.));
#3932=DIRECTION('',(1.,0.,0.));
#3933=DIRECTION('',(0.,0.,1.));
#3934=DIRECTION('',(1.,0.,0.));
#3935=DIRECTION('center_axis',(0.,1.,0.));
#3936=DIRECTION('ref_axis',(-1.,0.,0.));
#3937=DIRECTION('',(0.,0.,1.));
#3938=DIRECTION('',(-1.,0.,0.));
#3939=DIRECTION('',(1.,0.,0.));
#3940=DIRECTION('center_axis',(0.,1.,0.));
#3941=DIRECTION('ref_axis',(-1.,0.,0.));
#3942=DIRECTION('',(1.,0.,0.));
#3943=DIRECTION('',(0.,0.,-1.));
#3944=DIRECTION('',(1.,0.,0.));
#3945=DIRECTION('',(1.,0.,0.));
#3946=DIRECTION('',(0.,0.,1.));
#3947=DIRECTION('',(-1.,0.,0.));
#3948=DIRECTION('center_axis',(0.,0.707106781186549,-0.707106781186546));
#3949=DIRECTION('ref_axis',(-1.,0.,0.));
#3950=DIRECTION('',(0.,0.707106781186546,0.707106781186549));
#3951=DIRECTION('',(0.,0.707106781186546,0.707106781186549));
#3952=DIRECTION('',(-1.,0.,0.));
#3953=DIRECTION('center_axis',(0.,0.707106781186549,-0.707106781186546));
#3954=DIRECTION('ref_axis',(-1.,0.,0.));
#3955=DIRECTION('',(-1.25607396694702E-15,0.707106781186546,0.707106781186549));
#3956=DIRECTION('',(-1.,0.,0.));
#3957=DIRECTION('center_axis',(1.,-3.5527136788005E-15,0.));
#3958=DIRECTION('ref_axis',(3.5527136788005E-15,1.,0.));
#3959=DIRECTION('',(0.,0.,1.));
#3960=DIRECTION('',(3.5527136788005E-15,1.,0.));
#3961=DIRECTION('',(2.51214793389404E-15,0.707106781186547,-0.707106781186548));
#3962=DIRECTION('',(0.,0.,-1.));
#3963=DIRECTION('',(0.,-1.,0.));
#3964=DIRECTION('center_axis',(1.,-3.5527136788005E-15,0.));
#3965=DIRECTION('ref_axis',(3.5527136788005E-15,1.,0.));
#3966=DIRECTION('',(3.5527136788005E-15,1.,0.));
#3967=DIRECTION('',(0.,0.,1.));
#3968=DIRECTION('',(3.5527136788005E-15,1.,0.));
#3969=DIRECTION('',(2.51214793389404E-15,0.707106781186547,-0.707106781186548));
#3970=DIRECTION('',(0.,0.,-1.));
#3971=DIRECTION('',(0.,-1.,0.));
#3972=DIRECTION('center_axis',(0.,0.,1.));
#3973=DIRECTION('ref_axis',(1.,0.,0.));
#3974=DIRECTION('',(0.,-1.,0.));
#3975=DIRECTION('',(-1.,0.,0.));
#3976=DIRECTION('',(1.11022302462516E-16,1.,0.));
#3977=DIRECTION('center_axis',(0.,0.,1.));
#3978=DIRECTION('ref_axis',(-0.707106781186547,0.707106781186547,0.));
#3979=DIRECTION('',(7.90125105389635E-34,-1.,0.));
#3980=DIRECTION('center_axis',(0.,0.,1.));
#3981=DIRECTION('ref_axis',(-0.707106781186547,-0.707106781186547,0.));
#3982=DIRECTION('',(-1.11022302462516E-16,1.,0.));
#3983=DIRECTION('',(1.,0.,0.));
#3984=DIRECTION('',(0.,-1.,0.));
#3985=DIRECTION('',(1.,-9.44083306072174E-36,0.));
#3986=DIRECTION('',(0.,1.,0.));
#3987=DIRECTION('',(1.,-9.44083306072174E-36,0.));
#3988=DIRECTION('',(0.,1.,0.));
#3989=DIRECTION('',(1.,-9.44083306072174E-36,0.));
#3990=DIRECTION('',(-1.58025021077927E-33,1.,0.));
#3991=DIRECTION('',(1.,1.58025021077927E-33,0.));
#3992=DIRECTION('',(-1.11022302462516E-16,-1.,0.));
#3993=DIRECTION('center_axis',(0.,0.,1.));
#3994=DIRECTION('ref_axis',(0.707106781186547,-0.707106781186547,0.));
#3995=DIRECTION('',(0.,1.,0.));
#3996=DIRECTION('',(1.,0.,0.));
#3997=DIRECTION('',(0.,-1.,0.));
#3998=DIRECTION('',(-1.,0.,0.));
#3999=DIRECTION('',(0.,1.,0.));
#4000=DIRECTION('center_axis',(0.,0.,1.));
#4001=DIRECTION('ref_axis',(0.707106781186547,0.707106781186547,0.));
#4002=DIRECTION('',(1.11022302462516E-16,-1.,0.));
#4003=DIRECTION('',(-1.,-1.58025021077927E-33,0.));
#4004=DIRECTION('',(-1.58025021077927E-33,1.,0.));
#4005=DIRECTION('',(0.,-1.,0.));
#4006=DIRECTION('',(0.,-1.,0.));
#4007=DIRECTION('center_axis',(0.,0.,1.));
#4008=DIRECTION('ref_axis',(-1.,0.,0.));
#4009=DIRECTION('center_axis',(0.,0.,1.));
#4010=DIRECTION('ref_axis',(-1.,0.,0.));
#4011=DIRECTION('',(-1.,-9.92479131917873E-17,0.));
#4012=DIRECTION('',(0.,1.,0.));
#4013=DIRECTION('center_axis',(0.,0.,1.));
#4014=DIRECTION('ref_axis',(-0.707106781186554,-0.707106781186541,0.));
#4015=DIRECTION('',(-1.,0.,0.));
#4016=DIRECTION('center_axis',(0.,0.,-1.));
#4017=DIRECTION('ref_axis',(0.707106781186551,0.707106781186544,0.));
#4018=DIRECTION('',(0.,1.,0.));
#4019=DIRECTION('center_axis',(0.,0.,-1.));
#4020=DIRECTION('ref_axis',(0.707106781186553,-0.707106781186542,0.));
#4021=DIRECTION('',(1.,-6.03382078600629E-18,0.));
#4022=DIRECTION('center_axis',(0.,0.,-1.));
#4023=DIRECTION('ref_axis',(-0.707106781186546,-0.707106781186549,0.));
#4024=DIRECTION('',(0.,-1.,0.));
#4025=DIRECTION('center_axis',(0.,0.,-1.));
#4026=DIRECTION('ref_axis',(-0.707106781186545,0.70710678118655,0.));
#4027=DIRECTION('',(-1.,0.,0.));
#4028=DIRECTION('center_axis',(0.,0.,1.));
#4029=DIRECTION('ref_axis',(0.707106781186541,-0.707106781186554,0.));
#4030=DIRECTION('',(0.,-1.,0.));
#4031=DIRECTION('center_axis',(0.,0.,1.));
#4032=DIRECTION('ref_axis',(-1.,0.,0.));
#4033=DIRECTION('center_axis',(0.,0.,1.));
#4034=DIRECTION('ref_axis',(-1.,0.,0.));
#4035=DIRECTION('center_axis',(-6.6756770772865E-36,-0.707106781186548,
-0.707106781186547));
#4036=DIRECTION('ref_axis',(-1.,0.,9.44083306072176E-36));
#4037=DIRECTION('',(1.,-9.44083306072174E-36,0.));
#4038=DIRECTION('',(0.,-0.707106781186547,0.707106781186548));
#4039=DIRECTION('',(-1.,9.44083306072174E-36,0.));
#4040=DIRECTION('center_axis',(-6.6756770772865E-36,-0.707106781186548,
-0.707106781186547));
#4041=DIRECTION('ref_axis',(-1.,0.,9.44083306072176E-36));
#4042=DIRECTION('',(1.,-9.44083306072174E-36,0.));
#4043=DIRECTION('',(-2.51214793389404E-15,-0.707106781186547,0.707106781186548));
#4044=DIRECTION('',(-1.,9.44083306072174E-36,0.));
#4045=DIRECTION('center_axis',(-6.6756770772865E-36,-0.707106781186548,
-0.707106781186547));
#4046=DIRECTION('ref_axis',(-1.,0.,9.44083306072176E-36));
#4047=DIRECTION('',(-5.02429586778808E-15,-0.707106781186547,0.707106781186548));
#4048=DIRECTION('',(-1.,9.44083306072174E-36,0.));
#4049=DIRECTION('',(1.96261557335472E-16,-0.707106781186547,0.707106781186547));
#4050=DIRECTION('',(1.,-9.44083306072174E-36,0.));
#4051=DIRECTION('center_axis',(-9.44083306072174E-36,-1.,0.));
#4052=DIRECTION('ref_axis',(1.,-9.44083306072174E-36,0.));
#4053=DIRECTION('',(0.,0.,-1.));
#4054=DIRECTION('',(-1.,9.44083306072174E-36,0.));
#4055=DIRECTION('',(-1.,9.44083306072174E-36,0.));
#4056=DIRECTION('',(0.,0.,1.));
#4057=DIRECTION('center_axis',(-9.44083306072174E-36,-1.,0.));
#4058=DIRECTION('ref_axis',(1.,-9.44083306072174E-36,0.));
#4059=DIRECTION('',(0.,0.,1.));
#4060=DIRECTION('center_axis',(1.26882631385732E-15,-1.,0.));
#4061=DIRECTION('ref_axis',(1.,1.26882631385732E-15,0.));
#4062=DIRECTION('',(1.,1.26882631385732E-15,0.));
#4063=DIRECTION('',(0.,0.,1.));
#4064=DIRECTION('center_axis',(1.,1.77635683940025E-15,0.));
#4065=DIRECTION('ref_axis',(-1.77635683940025E-15,1.,0.));
#4066=DIRECTION('',(-1.77635683940025E-15,1.,0.));
#4067=DIRECTION('center_axis',(-1.,3.5527136788005E-15,0.));
#4068=DIRECTION('ref_axis',(-3.5527136788005E-15,-1.,0.));
#4069=DIRECTION('',(-3.5527136788005E-15,-1.,0.));
#4070=DIRECTION('',(0.,0.,1.));
#4071=DIRECTION('',(-3.5527136788005E-15,-1.,0.));
#4072=DIRECTION('center_axis',(5.07530525542929E-15,1.,0.));
#4073=DIRECTION('ref_axis',(-1.,5.07530525542929E-15,0.));
#4074=DIRECTION('',(-1.,5.07530525542929E-15,0.));
#4075=DIRECTION('center_axis',(0.,0.,1.));
#4076=DIRECTION('ref_axis',(1.,0.,0.));
#4077=DIRECTION('center_axis',(1.,0.,0.));
#4078=DIRECTION('ref_axis',(0.,1.,0.));
#4079=DIRECTION('',(0.,1.,0.));
#4080=DIRECTION('',(0.,0.,1.));
#4081=DIRECTION('center_axis',(0.,-1.,0.));
#4082=DIRECTION('ref_axis',(1.,0.,0.));
#4083=DIRECTION('',(1.,0.,0.));
#4084=DIRECTION('center_axis',(-1.,7.105427357601E-15,0.));
#4085=DIRECTION('ref_axis',(-7.105427357601E-15,-1.,0.));
#4086=DIRECTION('',(-7.105427357601E-15,-1.,0.));
#4087=DIRECTION('',(0.,0.,1.));
#4088=DIRECTION('',(0.,0.,1.));
#4089=DIRECTION('center_axis',(5.07530525542929E-15,1.,0.));
#4090=DIRECTION('ref_axis',(-1.,5.07530525542929E-15,0.));
#4091=DIRECTION('',(-1.,5.07530525542929E-15,0.));
#4092=DIRECTION('center_axis',(0.,0.,1.));
#4093=DIRECTION('ref_axis',(1.,0.,0.));
#4094=DIRECTION('center_axis',(0.,0.,1.));
#4095=DIRECTION('ref_axis',(0.707106781186548,0.707106781186548,0.));
#4096=DIRECTION('',(0.,1.,0.));
#4097=DIRECTION('center_axis',(0.,0.,1.));
#4098=DIRECTION('ref_axis',(0.707106781186547,-0.707106781186547,0.));
#4099=DIRECTION('center_axis',(0.,0.,1.));
#4100=DIRECTION('ref_axis',(-0.707106781186548,-0.707106781186548,0.));
#4101=DIRECTION('',(7.90125105389635E-34,-1.,0.));
#4102=DIRECTION('center_axis',(0.,0.,1.));
#4103=DIRECTION('ref_axis',(-0.707106781186548,0.707106781186548,0.));
#4104=DIRECTION('',(-1.,0.,0.));
#4105=DIRECTION('',(0.,-1.,0.));
#4106=DIRECTION('',(1.,0.,0.));
#4107=DIRECTION('',(0.,1.,0.));
#4108=DIRECTION('',(-1.,0.,0.));
#4109=DIRECTION('center_axis',(0.,0.,1.));
#4110=DIRECTION('ref_axis',(-1.,0.,0.));
#4111=DIRECTION('center_axis',(0.,0.,1.));
#4112=DIRECTION('ref_axis',(-1.,0.,0.));
#4113=DIRECTION('center_axis',(0.,0.,1.));
#4114=DIRECTION('ref_axis',(-1.,0.,0.));
#4115=DIRECTION('center_axis',(0.,0.,1.));
#4116=DIRECTION('ref_axis',(-1.,0.,0.));
#4117=DIRECTION('center_axis',(0.,0.,1.));
#4118=DIRECTION('ref_axis',(-1.,0.,0.));
#4119=DIRECTION('center_axis',(0.,0.,1.));
#4120=DIRECTION('ref_axis',(-1.,0.,0.));
#4121=DIRECTION('center_axis',(0.,0.,1.));
#4122=DIRECTION('ref_axis',(-1.,0.,0.));
#4123=DIRECTION('center_axis',(0.,0.,1.));
#4124=DIRECTION('ref_axis',(-1.,0.,0.));
#4125=DIRECTION('center_axis',(0.,1.,0.));
#4126=DIRECTION('ref_axis',(0.,0.,1.));
#4127=DIRECTION('',(0.,0.,1.));
#4128=DIRECTION('',(0.,0.,-1.));
#4129=DIRECTION('',(-1.,0.,0.));
#4130=DIRECTION('',(0.,0.,1.));
#4131=DIRECTION('',(1.,0.,0.));
#4132=DIRECTION('center_axis',(-1.,0.,0.));
#4133=DIRECTION('ref_axis',(0.,0.,1.));
#4134=DIRECTION('',(0.,1.,0.));
#4135=DIRECTION('',(0.,0.,-1.));
#4136=DIRECTION('',(0.,-1.,0.));
#4137=DIRECTION('',(0.,0.707106781186553,0.707106781186542));
#4138=DIRECTION('center_axis',(0.,0.707106781186542,-0.707106781186553));
#4139=DIRECTION('ref_axis',(-1.,0.,0.));
#4140=DIRECTION('',(1.,0.,0.));
#4141=DIRECTION('',(0.,-0.707106781186553,-0.707106781186542));
#4142=DIRECTION('',(-1.,0.,0.));
#4143=DIRECTION('',(0.,-0.707106781186553,-0.707106781186542));
#4144=DIRECTION('center_axis',(0.,-0.707106781186545,-0.70710678118655));
#4145=DIRECTION('ref_axis',(-1.,0.,0.));
#4146=DIRECTION('',(0.,-0.70710678118655,0.707106781186545));
#4147=DIRECTION('',(0.,-0.70710678118655,0.707106781186545));
#4148=DIRECTION('',(1.,0.,0.));
#4149=DIRECTION('',(0.,-0.70710678118655,0.707106781186545));
#4150=DIRECTION('',(-1.,0.,0.));
#4151=DIRECTION('center_axis',(-1.,0.,0.));
#4152=DIRECTION('ref_axis',(0.,0.,1.));
#4153=DIRECTION('',(0.,-1.,0.));
#4154=DIRECTION('',(0.,0.,1.));
#4155=DIRECTION('',(0.,1.,0.));
#4156=DIRECTION('',(0.,0.,-1.));
#4157=DIRECTION('center_axis',(1.37485274256991E-33,-0.870022185848612,
0.49301257198088));
#4158=DIRECTION('ref_axis',(7.79083220789616E-34,-0.49301257198088,-0.870022185848612));
#4159=DIRECTION('',(-1.,-1.58025021077927E-33,0.));
#4160=DIRECTION('',(7.79083220789616E-34,-0.49301257198088,-0.870022185848612));
#4161=DIRECTION('',(1.,1.58025021077927E-33,0.));
#4162=DIRECTION('center_axis',(0.,0.,1.));
#4163=DIRECTION('ref_axis',(1.58025021077927E-33,-1.,0.));
#4164=DIRECTION('',(1.58025021077927E-33,-1.,0.));
#4165=DIRECTION('center_axis',(1.,1.58025021077927E-33,0.));
#4166=DIRECTION('ref_axis',(0.,0.,1.));
#4167=DIRECTION('',(1.58025021077927E-33,-1.,0.));
#4168=DIRECTION('center_axis',(0.,0.,-1.));
#4169=DIRECTION('ref_axis',(1.,1.58025021077927E-33,0.));
#4170=DIRECTION('',(-1.58025021077927E-33,1.,0.));
#4171=DIRECTION('',(-1.,-1.58025021077927E-33,0.));
#4172=DIRECTION('center_axis',(1.58025021077927E-33,-1.,0.));
#4173=DIRECTION('ref_axis',(-1.,-1.58025021077927E-33,0.));
#4174=DIRECTION('',(0.,0.,-1.));
#4175=DIRECTION('',(-1.,-1.58025021077927E-33,0.));
#4176=DIRECTION('',(0.,0.,-1.));
#4177=DIRECTION('center_axis',(1.,1.11022302462516E-16,0.));
#4178=DIRECTION('ref_axis',(1.11022302462516E-16,-1.,0.));
#4179=DIRECTION('',(0.,0.,1.));
#4180=DIRECTION('',(1.11022302462516E-16,-1.,0.));
#4181=DIRECTION('center_axis',(-1.,-1.58025021077927E-33,0.));
#4182=DIRECTION('ref_axis',(-1.58025021077927E-33,1.,0.));
#4183=DIRECTION('center_axis',(0.,0.,-1.));
#4184=DIRECTION('ref_axis',(1.,1.58025021077927E-33,0.));
#4185=DIRECTION('center_axis',(1.37485274256991E-33,-0.870022185848612,
-0.49301257198088));
#4186=DIRECTION('ref_axis',(-7.79083220789616E-34,0.49301257198088,-0.870022185848612));
#4187=DIRECTION('',(-7.79083220789616E-34,0.49301257198088,-0.870022185848612));
#4188=DIRECTION('',(1.,1.58025021077927E-33,0.));
#4189=DIRECTION('',(-1.,-1.58025021077927E-33,0.));
#4190=DIRECTION('center_axis',(0.,0.,-1.));
#4191=DIRECTION('ref_axis',(-1.58025021077927E-33,1.,0.));
#4192=DIRECTION('',(-1.58025021077927E-33,1.,0.));
#4193=DIRECTION('center_axis',(-1.,-1.58025021077927E-33,0.));
#4194=DIRECTION('ref_axis',(1.58025021077927E-33,-1.,0.));
#4195=DIRECTION('',(-1.58025021077927E-33,1.,0.));
#4196=DIRECTION('center_axis',(0.,0.,1.));
#4197=DIRECTION('ref_axis',(1.,1.58025021077927E-33,0.));
#4198=DIRECTION('',(1.11022302462516E-16,1.,0.));
#4199=DIRECTION('',(-1.,-1.58025021077927E-33,0.));
#4200=DIRECTION('center_axis',(1.58025021077927E-33,-1.,0.));
#4201=DIRECTION('ref_axis',(-1.,-1.58025021077927E-33,0.));
#4202=DIRECTION('',(0.,0.,-1.));
#4203=DIRECTION('',(-1.,-1.58025021077927E-33,0.));
#4204=DIRECTION('',(0.,0.,-1.));
#4205=DIRECTION('center_axis',(-1.,1.11022302462516E-16,0.));
#4206=DIRECTION('ref_axis',(1.11022302462516E-16,1.,0.));
#4207=DIRECTION('',(0.,0.,-1.));
#4208=DIRECTION('center_axis',(1.,1.58025021077927E-33,0.));
#4209=DIRECTION('ref_axis',(1.58025021077927E-33,-1.,0.));
#4210=DIRECTION('',(1.58025021077927E-33,-1.,0.));
#4211=DIRECTION('center_axis',(0.,0.,1.));
#4212=DIRECTION('ref_axis',(1.,1.58025021077927E-33,0.));
#4213=DIRECTION('center_axis',(-9.44083306072174E-36,-1.,0.));
#4214=DIRECTION('ref_axis',(1.,-9.44083306072174E-36,0.));
#4215=DIRECTION('',(0.,0.,-1.));
#4216=DIRECTION('',(-1.,9.44083306072174E-36,0.));
#4217=DIRECTION('',(-1.,9.44083306072174E-36,0.));
#4218=DIRECTION('',(0.,0.,1.));
#4219=DIRECTION('center_axis',(0.,0.870022185848612,-0.49301257198088));
#4220=DIRECTION('ref_axis',(0.,-0.49301257198088,-0.870022185848612));
#4221=DIRECTION('',(0.,-0.49301257198088,-0.870022185848612));
#4222=DIRECTION('',(-1.,0.,0.));
#4223=DIRECTION('',(1.,0.,0.));
#4224=DIRECTION('center_axis',(0.,0.,-1.));
#4225=DIRECTION('ref_axis',(0.,-1.,0.));
#4226=DIRECTION('',(0.,-1.,0.));
#4227=DIRECTION('center_axis',(1.,0.,0.));
#4228=DIRECTION('ref_axis',(0.,1.,0.));
#4229=DIRECTION('',(0.,-1.,0.));
#4230=DIRECTION('center_axis',(0.,0.,1.));
#4231=DIRECTION('ref_axis',(-1.,0.,0.));
#4232=DIRECTION('',(-1.11022302462516E-16,-1.,0.));
#4233=DIRECTION('',(1.,0.,0.));
#4234=DIRECTION('center_axis',(0.,1.,0.));
#4235=DIRECTION('ref_axis',(1.,0.,0.));
#4236=DIRECTION('',(0.,0.,-1.));
#4237=DIRECTION('',(1.,0.,0.));
#4238=DIRECTION('',(0.,0.,-1.));
#4239=DIRECTION('center_axis',(1.,-1.11022302462516E-16,0.));
#4240=DIRECTION('ref_axis',(-1.11022302462516E-16,-1.,0.));
#4241=DIRECTION('',(0.,0.,-1.));
#4242=DIRECTION('center_axis',(-1.,0.,0.));
#4243=DIRECTION('ref_axis',(0.,1.,0.));
#4244=DIRECTION('',(0.,1.,0.));
#4245=DIRECTION('center_axis',(0.,0.,1.));
#4246=DIRECTION('ref_axis',(-1.,0.,0.));
#4247=DIRECTION('center_axis',(0.,0.870022185848612,0.49301257198088));
#4248=DIRECTION('ref_axis',(0.,0.49301257198088,-0.870022185848612));
#4249=DIRECTION('',(1.,0.,0.));
#4250=DIRECTION('',(0.,0.49301257198088,-0.870022185848612));
#4251=DIRECTION('',(-1.,0.,0.));
#4252=DIRECTION('center_axis',(0.,0.,1.));
#4253=DIRECTION('ref_axis',(0.,1.,0.));
#4254=DIRECTION('',(0.,1.,0.));
#4255=DIRECTION('center_axis',(-1.,0.,0.));
#4256=DIRECTION('ref_axis',(0.,0.,1.));
#4257=DIRECTION('',(0.,1.,0.));
#4258=DIRECTION('center_axis',(0.,0.,-1.));
#4259=DIRECTION('ref_axis',(-1.,0.,0.));
#4260=DIRECTION('',(0.,-1.,0.));
#4261=DIRECTION('',(1.,0.,0.));
#4262=DIRECTION('center_axis',(0.,1.,0.));
#4263=DIRECTION('ref_axis',(1.,0.,0.));
#4264=DIRECTION('',(0.,0.,-1.));
#4265=DIRECTION('',(1.,0.,0.));
#4266=DIRECTION('',(0.,0.,-1.));
#4267=DIRECTION('center_axis',(-1.,-1.11022302462516E-16,0.));
#4268=DIRECTION('ref_axis',(-1.11022302462516E-16,1.,0.));
#4269=DIRECTION('',(0.,0.,1.));
#4270=DIRECTION('',(-1.11022302462516E-16,1.,0.));
#4271=DIRECTION('center_axis',(1.,0.,0.));
#4272=DIRECTION('ref_axis',(0.,-1.,0.));
#4273=DIRECTION('center_axis',(0.,0.,-1.));
#4274=DIRECTION('ref_axis',(-1.,0.,0.));
#4275=DIRECTION('center_axis',(-1.,0.,0.));
#4276=DIRECTION('ref_axis',(0.,1.,0.));
#4277=DIRECTION('',(0.,1.,0.));
#4278=DIRECTION('',(0.,0.,-1.));
#4279=DIRECTION('',(0.,1.,0.));
#4280=DIRECTION('',(0.,0.,-1.));
#4281=DIRECTION('center_axis',(0.,0.,1.));
#4282=DIRECTION('ref_axis',(1.,0.,0.));
#4283=DIRECTION('',(1.,0.,0.));
#4284=DIRECTION('',(-1.,0.,0.));
#4285=DIRECTION('',(0.,-1.,0.));
#4286=DIRECTION('center_axis',(0.,-1.,0.));
#4287=DIRECTION('ref_axis',(-1.,0.,0.));
#4288=DIRECTION('',(-1.,0.,0.));
#4289=DIRECTION('',(0.,0.,-1.));
#4290=DIRECTION('center_axis',(1.,0.,0.));
#4291=DIRECTION('ref_axis',(0.,-1.,0.));
#4292=DIRECTION('',(0.,-1.,0.));
#4293=DIRECTION('',(0.,0.,1.));
#4294=DIRECTION('center_axis',(-9.92479131917873E-17,1.,0.));
#4295=DIRECTION('ref_axis',(1.,9.92479131917873E-17,0.));
#4296=DIRECTION('',(0.,0.,1.));
#4297=DIRECTION('',(1.,9.92479131917873E-17,0.));
#4298=DIRECTION('',(0.,0.,1.));
#4299=DIRECTION('',(-1.,-9.92479131917873E-17,0.));
#4300=DIRECTION('',(0.,0.,-1.));
#4301=DIRECTION('center_axis',(-1.,0.,0.));
#4302=DIRECTION('ref_axis',(0.,1.,0.));
#4303=DIRECTION('',(0.,0.,1.));
#4304=DIRECTION('',(0.,1.,0.));
#4305=DIRECTION('center_axis',(0.,1.,0.));
#4306=DIRECTION('ref_axis',(0.,0.,1.));
#4307=DIRECTION('',(-1.,0.,0.));
#4308=DIRECTION('',(0.,0.,-1.));
#4309=DIRECTION('',(1.,0.,0.));
#4310=DIRECTION('',(0.,0.,-1.));
#4311=DIRECTION('',(-1.,0.,0.));
#4312=DIRECTION('center_axis',(0.,-1.,0.));
#4313=DIRECTION('ref_axis',(1.,0.,0.));
#4314=DIRECTION('',(0.,0.,-1.));
#4315=DIRECTION('',(-1.,0.,0.));
#4316=DIRECTION('',(0.,0.,1.));
#4317=DIRECTION('center_axis',(1.,0.,0.));
#4318=DIRECTION('ref_axis',(0.,1.,0.));
#4319=DIRECTION('',(0.,0.,1.));
#4320=DIRECTION('',(0.,1.,0.));
#4321=DIRECTION('',(0.,0.,1.));
#4322=DIRECTION('',(0.,-1.,0.));
#4323=DIRECTION('center_axis',(0.,0.,1.));
#4324=DIRECTION('ref_axis',(-1.,0.,0.));
#4325=DIRECTION('',(0.,-1.,0.));
#4326=DIRECTION('',(0.,-1.,0.));
#4327=DIRECTION('',(-1.,0.,0.));
#4328=DIRECTION('center_axis',(0.,0.,-1.));
#4329=DIRECTION('ref_axis',(-0.707106781186545,0.70710678118655,0.));
#4330=DIRECTION('',(0.,-1.,0.));
#4331=DIRECTION('center_axis',(0.,0.,-1.));
#4332=DIRECTION('ref_axis',(-0.707106781186546,-0.707106781186549,0.));
#4333=DIRECTION('',(1.,-6.03382078600629E-18,0.));
#4334=DIRECTION('center_axis',(-1.,0.,0.));
#4335=DIRECTION('ref_axis',(0.,-1.,0.));
#4336=DIRECTION('',(0.,0.,1.));
#4337=DIRECTION('',(0.,1.,0.));
#4338=DIRECTION('',(0.,0.,1.));
#4339=DIRECTION('center_axis',(0.,0.,-1.));
#4340=DIRECTION('ref_axis',(-1.,0.,0.));
#4341=DIRECTION('',(1.,0.,0.));
#4342=DIRECTION('',(0.,-1.,0.));
#4343=DIRECTION('',(-1.,6.03382078600629E-18,0.));
#4344=DIRECTION('',(0.,1.,0.));
#4345=DIRECTION('',(0.,-1.,0.));
#4346=DIRECTION('',(1.,0.,0.));
#4347=DIRECTION('',(0.,-1.,0.));
#4348=DIRECTION('',(-1.,6.03382078600629E-18,0.));
#4349=DIRECTION('',(0.,1.,0.));
#4350=DIRECTION('',(1.,0.,0.));
#4351=DIRECTION('',(0.,1.,0.));
#4352=DIRECTION('center_axis',(0.,0.,-1.));
#4353=DIRECTION('ref_axis',(0.707106781186541,-0.707106781186554,0.));
#4354=DIRECTION('',(0.,-1.,0.));
#4355=DIRECTION('',(0.,-1.,0.));
#4356=DIRECTION('',(1.,0.,0.));
#4357=DIRECTION('',(0.,1.,0.));
#4358=DIRECTION('',(1.,0.,0.));
#4359=DIRECTION('',(0.,-1.,0.));
#4360=DIRECTION('',(-1.,0.,0.));
#4361=DIRECTION('',(0.,-1.,0.));
#4362=DIRECTION('',(-1.,0.,0.));
#4363=DIRECTION('',(0.,1.,0.));
#4364=DIRECTION('',(1.,0.,0.));
#4365=DIRECTION('center_axis',(-1.,0.,0.));
#4366=DIRECTION('ref_axis',(0.,-1.,0.));
#4367=DIRECTION('',(0.,0.,-1.));
#4368=DIRECTION('',(0.,1.,0.));
#4369=DIRECTION('',(0.,0.,1.));
#4370=DIRECTION('center_axis',(-1.,0.,0.));
#4371=DIRECTION('ref_axis',(0.,-1.,0.));
#4372=DIRECTION('',(0.,0.,1.));
#4373=DIRECTION('',(0.,-1.,0.));
#4374=DIRECTION('center_axis',(0.,0.,1.));
#4375=DIRECTION('ref_axis',(-1.,0.,0.));
#4376=DIRECTION('',(1.,-6.03382078600629E-18,0.));
#4377=DIRECTION('center_axis',(0.,0.,-1.));
#4378=DIRECTION('ref_axis',(0.707106781186553,-0.707106781186542,0.));
#4379=DIRECTION('',(0.,1.,0.));
#4380=DIRECTION('center_axis',(0.,0.,-1.));
#4381=DIRECTION('ref_axis',(0.707106781186551,0.707106781186544,0.));
#4382=DIRECTION('',(-1.,0.,0.));
#4383=DIRECTION('center_axis',(0.,0.,1.));
#4384=DIRECTION('ref_axis',(-0.707106781186554,-0.707106781186541,0.));
#4385=DIRECTION('',(0.,1.,0.));
#4386=DIRECTION('',(0.,1.,0.));
#4387=DIRECTION('center_axis',(1.,0.,0.));
#4388=DIRECTION('ref_axis',(0.,-1.,0.));
#4389=DIRECTION('',(0.,0.,-1.));
#4390=DIRECTION('center_axis',(0.,0.,-1.));
#4391=DIRECTION('ref_axis',(-0.707106781186554,-0.707106781186541,0.));
#4392=DIRECTION('',(0.,0.,1.));
#4393=DIRECTION('center_axis',(0.,1.,0.));
#4394=DIRECTION('ref_axis',(1.,0.,0.));
#4395=DIRECTION('',(0.,0.,-1.));
#4396=DIRECTION('center_axis',(0.,0.,-1.));
#4397=DIRECTION('ref_axis',(0.707106781186551,0.707106781186544,0.));
#4398=DIRECTION('',(0.,0.,1.));
#4399=DIRECTION('center_axis',(1.,0.,0.));
#4400=DIRECTION('ref_axis',(0.,-1.,0.));
#4401=DIRECTION('',(0.,0.,-1.));
#4402=DIRECTION('center_axis',(0.,0.,-1.));
#4403=DIRECTION('ref_axis',(0.707106781186553,-0.707106781186542,0.));
#4404=DIRECTION('',(0.,0.,1.));
#4405=DIRECTION('center_axis',(0.707106781186543,0.,-0.707106781186553));
#4406=DIRECTION('ref_axis',(-0.707106781186553,0.,-0.707106781186543));
#4407=DIRECTION('',(0.707106781186552,0.,0.707106781186542));
#4408=DIRECTION('',(0.,-1.,0.));
#4409=DIRECTION('',(-0.707106781186552,0.,-0.707106781186542));
#4410=DIRECTION('center_axis',(0.,0.,1.));
#4411=DIRECTION('ref_axis',(0.707106781186548,0.707106781186548,0.));
#4412=DIRECTION('center_axis',(0.,0.,-1.));
#4413=DIRECTION('ref_axis',(0.707106781186547,0.707106781186547,0.));
#4414=DIRECTION('center_axis',(0.,0.707106781186549,-0.707106781186546));
#4415=DIRECTION('ref_axis',(-1.,0.,0.));
#4416=DIRECTION('',(0.,0.707106781186546,0.707106781186549));
#4417=DIRECTION('center_axis',(0.,0.,1.));
#4418=DIRECTION('ref_axis',(-0.707106781186548,0.707106781186548,0.));
#4419=DIRECTION('',(-0.707106781186547,0.,0.707106781186548));
#4420=DIRECTION('center_axis',(0.,0.,-1.));
#4421=DIRECTION('ref_axis',(-0.707106781186547,0.707106781186547,0.));
#4422=DIRECTION('center_axis',(-0.707106781186549,-5.58702820006748E-34,
-0.707106781186546));
#4423=DIRECTION('ref_axis',(-0.707106781186546,0.,0.707106781186549));
#4424=DIRECTION('',(-0.707106781186546,0.,0.707106781186549));
#4425=DIRECTION('',(-7.90125105389635E-34,1.,0.));
#4426=DIRECTION('center_axis',(0.,0.,1.));
#4427=DIRECTION('ref_axis',(-0.707106781186548,-0.707106781186548,0.));
#4428=DIRECTION('center_axis',(0.,0.,-1.));
#4429=DIRECTION('ref_axis',(-0.707106781186547,-0.707106781186547,0.));
#4430=DIRECTION('center_axis',(0.,0.,1.));
#4431=DIRECTION('ref_axis',(0.707106781186548,-0.707106781186548,0.));
#4432=DIRECTION('center_axis',(0.,0.,-1.));
#4433=DIRECTION('ref_axis',(0.707106781186547,-0.707106781186547,0.));
#4434=DIRECTION('center_axis',(0.,0.,1.));
#4435=DIRECTION('ref_axis',(-0.707106781186547,-0.707106781186547,0.));
#4436=DIRECTION('',(0.,0.,-1.));
#4437=DIRECTION('center_axis',(0.,0.,1.));
#4438=DIRECTION('ref_axis',(0.707106781186547,-0.707106781186547,0.));
#4439=DIRECTION('',(0.,0.,1.));
#4440=DIRECTION('center_axis',(1.,0.,0.));
#4441=DIRECTION('ref_axis',(0.,1.,0.));
#4442=DIRECTION('',(0.,0.,-1.));
#4443=DIRECTION('',(0.,0.,-1.));
#4444=DIRECTION('',(0.,-1.,0.));
#4445=DIRECTION('',(0.,0.,1.));
#4446=DIRECTION('center_axis',(1.,0.,0.));
#4447=DIRECTION('ref_axis',(0.,0.,1.));
#4448=DIRECTION('',(0.,0.,1.));
#4449=DIRECTION('center_axis',(0.,-1.,0.));
#4450=DIRECTION('ref_axis',(0.,0.,-1.));
#4451=DIRECTION('',(-1.,0.,0.));
#4452=DIRECTION('',(0.,0.,-1.));
#4453=DIRECTION('center_axis',(1.,0.,0.));
#4454=DIRECTION('ref_axis',(0.,0.,-1.));
#4455=DIRECTION('',(0.,0.,1.));
#4456=DIRECTION('center_axis',(-1.,0.,0.));
#4457=DIRECTION('ref_axis',(0.,0.,1.));
#4458=DIRECTION('',(0.,0.,-1.));
#4459=DIRECTION('',(0.,1.,0.));
#4460=DIRECTION('center_axis',(-6.03382078600628E-18,-1.,0.));
#4461=DIRECTION('ref_axis',(-1.,6.03382078600629E-18,0.));
#4462=DIRECTION('',(0.,0.,-1.));
#4463=DIRECTION('',(0.,0.,1.));
#4464=DIRECTION('',(-1.,6.03382078600629E-18,0.));
#4465=DIRECTION('',(0.,0.,1.));
#4466=DIRECTION('',(-1.,0.,0.));
#4467=DIRECTION('center_axis',(-1.,0.,0.));
#4468=DIRECTION('ref_axis',(0.,0.,1.));
#4469=DIRECTION('',(0.,0.,1.));
#4470=DIRECTION('',(0.,-1.,0.));
#4471=DIRECTION('center_axis',(0.,0.,1.));
#4472=DIRECTION('ref_axis',(0.707106781186541,-0.707106781186554,0.));
#4473=DIRECTION('center_axis',(0.,0.,1.));
#4474=DIRECTION('ref_axis',(0.707106781186541,-0.707106781186554,0.));
#4475=DIRECTION('',(0.,0.,-1.));
#4476=DIRECTION('center_axis',(0.,0.,-1.));
#4477=DIRECTION('ref_axis',(-1.,0.,0.));
#4478=DIRECTION('',(-1.,0.,0.));
#4479=DIRECTION('',(0.,1.,0.));
#4480=DIRECTION('center_axis',(0.,0.,-1.));
#4481=DIRECTION('ref_axis',(-1.,0.,0.));
#4482=DIRECTION('',(0.,-1.,0.));
#4483=DIRECTION('',(-1.,0.,0.));
#4484=DIRECTION('center_axis',(0.,1.,0.));
#4485=DIRECTION('ref_axis',(-1.,0.,0.));
#4486=DIRECTION('',(0.,0.,-1.));
#4487=DIRECTION('center_axis',(1.,0.,0.));
#4488=DIRECTION('ref_axis',(0.,0.,-1.));
#4489=DIRECTION('',(0.,-1.,0.));
#4490=DIRECTION('',(0.,0.,-1.));
#4491=DIRECTION('',(0.,0.,-1.));
#4492=DIRECTION('center_axis',(1.,0.,0.));
#4493=DIRECTION('ref_axis',(0.,0.,-1.));
#4494=DIRECTION('',(0.,-1.,0.));
#4495=DIRECTION('',(0.,0.,1.));
#4496=DIRECTION('center_axis',(0.,0.,-1.));
#4497=DIRECTION('ref_axis',(-1.,0.,0.));
#4498=DIRECTION('',(1.,0.,0.));
#4499=DIRECTION('',(-1.,0.,0.));
#4500=DIRECTION('center_axis',(0.,0.,-1.));
#4501=DIRECTION('ref_axis',(-1.,0.,0.));
#4502=DIRECTION('',(1.,0.,0.));
#4503=DIRECTION('center_axis',(0.,-1.,0.));
#4504=DIRECTION('ref_axis',(1.,0.,0.));
#4505=DIRECTION('center_axis',(0.,-1.,0.));
#4506=DIRECTION('ref_axis',(-1.,0.,0.));
#4507=DIRECTION('',(-1.,0.,0.));
#4508=DIRECTION('',(0.,0.,-1.));
#4509=DIRECTION('center_axis',(0.,0.,-1.));
#4510=DIRECTION('ref_axis',(-1.,0.,0.));
#4511=DIRECTION('',(0.,-1.,0.));
#4512=DIRECTION('center_axis',(1.,0.,0.));
#4513=DIRECTION('ref_axis',(0.,1.,0.));
#4514=DIRECTION('center_axis',(0.,1.,0.));
#4515=DIRECTION('ref_axis',(1.,0.,0.));
#4516=DIRECTION('',(0.,0.,-1.));
#4517=DIRECTION('',(1.,0.,0.));
#4518=DIRECTION('center_axis',(-1.,0.,0.));
#4519=DIRECTION('ref_axis',(0.,1.,0.));
#4520=DIRECTION('',(0.,0.,-1.));
#4521=DIRECTION('',(0.,1.,0.));
#4522=DIRECTION('center_axis',(0.,-1.,0.));
#4523=DIRECTION('ref_axis',(-1.,0.,0.));
#4524=DIRECTION('',(-1.,0.,0.));
#4525=DIRECTION('center_axis',(0.,0.,-1.));
#4526=DIRECTION('ref_axis',(-1.,0.,0.));
#4527=DIRECTION('center_axis',(-1.,0.,0.));
#4528=DIRECTION('ref_axis',(0.,0.,-1.));
#4529=DIRECTION('',(0.,0.,-1.));
#4530=DIRECTION('',(0.,-1.,0.));
#4531=DIRECTION('',(0.,-1.,0.));
#4532=DIRECTION('center_axis',(-0.707106781186546,0.,-0.707106781186549));
#4533=DIRECTION('ref_axis',(0.707106781186549,0.,-0.707106781186546));
#4534=DIRECTION('',(-0.707106781186549,0.,0.707106781186546));
#4535=DIRECTION('',(0.,1.,0.));
#4536=DIRECTION('center_axis',(0.,1.,0.));
#4537=DIRECTION('ref_axis',(-1.,0.,0.));
#4538=DIRECTION('center_axis',(0.,-1.,0.));
#4539=DIRECTION('ref_axis',(-1.,0.,0.));
#4540=DIRECTION('',(1.,0.,0.));
#4541=DIRECTION('',(0.,0.,-1.));
#4542=DIRECTION('center_axis',(0.,0.,1.));
#4543=DIRECTION('ref_axis',(-1.,0.,0.));
#4544=DIRECTION('',(1.,0.,0.));
#4545=DIRECTION('',(0.,1.,0.));
#4546=DIRECTION('center_axis',(1.,0.,0.));
#4547=DIRECTION('ref_axis',(0.,1.,0.));
#4548=DIRECTION('center_axis',(-1.,0.,0.));
#4549=DIRECTION('ref_axis',(0.,-1.,0.));
#4550=DIRECTION('',(0.,0.,1.));
#4551=DIRECTION('center_axis',(0.,1.,0.));
#4552=DIRECTION('ref_axis',(-1.,0.,0.));
#4553=DIRECTION('',(-1.,0.,0.));
#4554=DIRECTION('',(0.,0.,1.));
#4555=DIRECTION('center_axis',(1.,0.,0.));
#4556=DIRECTION('ref_axis',(0.,1.,0.));
#4557=DIRECTION('',(0.,1.,0.));
#4558=DIRECTION('center_axis',(0.,0.,1.));
#4559=DIRECTION('ref_axis',(1.,0.,0.));
#4560=DIRECTION('center_axis',(0.,1.,0.));
#4561=DIRECTION('ref_axis',(1.,0.,0.));
#4562=DIRECTION('',(0.,0.,1.));
#4563=DIRECTION('center_axis',(0.,0.,-1.));
#4564=DIRECTION('ref_axis',(-0.707106781186545,0.70710678118655,0.));
#4565=DIRECTION('',(0.,0.,-1.));
#4566=DIRECTION('center_axis',(-1.,0.,0.));
#4567=DIRECTION('ref_axis',(0.,1.,0.));
#4568=DIRECTION('',(0.,0.,1.));
#4569=DIRECTION('center_axis',(0.,0.,-1.));
#4570=DIRECTION('ref_axis',(-0.707106781186546,-0.707106781186549,0.));
#4571=DIRECTION('center_axis',(0.,-1.,0.));
#4572=DIRECTION('ref_axis',(1.,0.,0.));
#4573=DIRECTION('',(0.,0.,1.));
#4574=DIRECTION('',(0.,0.,1.));
#4575=DIRECTION('center_axis',(1.,0.,0.));
#4576=DIRECTION('ref_axis',(0.,1.,0.));
#4577=DIRECTION('',(0.,0.,1.));
#4578=DIRECTION('center_axis',(0.,0.,1.));
#4579=DIRECTION('ref_axis',(0.707106781186547,0.707106781186547,0.));
#4580=DIRECTION('center_axis',(0.,0.,1.));
#4581=DIRECTION('ref_axis',(-0.707106781186547,0.707106781186547,0.));
#4582=DIRECTION('',(0.,0.,1.));
#4583=DIRECTION('center_axis',(-1.,-7.90125105389635E-34,0.));
#4584=DIRECTION('ref_axis',(7.90125105389635E-34,-1.,0.));
#4585=DIRECTION('center_axis',(0.,1.,0.));
#4586=DIRECTION('ref_axis',(-1.,0.,0.));
#4587=DIRECTION('',(0.,0.,1.));
#4588=DIRECTION('center_axis',(-1.,0.,0.));
#4589=DIRECTION('ref_axis',(0.,-1.,0.));
#4590=DIRECTION('center_axis',(0.,0.,1.));
#4591=DIRECTION('ref_axis',(-1.,0.,0.));
#4592=DIRECTION('',(0.,0.,-1.));
#4593=DIRECTION('center_axis',(0.,0.,1.));
#4594=DIRECTION('ref_axis',(-1.,0.,0.));
#4595=DIRECTION('',(0.,0.,-1.));
#4596=DIRECTION('center_axis',(0.,0.,1.));
#4597=DIRECTION('ref_axis',(-1.,0.,0.));
#4598=DIRECTION('',(0.,0.,-1.));
#4599=DIRECTION('center_axis',(0.,0.,1.));
#4600=DIRECTION('ref_axis',(-1.,0.,0.));
#4601=DIRECTION('',(0.,0.,-1.));
#4602=CARTESIAN_POINT('',(0.,0.,0.));
#4603=CARTESIAN_POINT('Origin',(8.8,78.3318311153181,5.00784763707746));
#4604=CARTESIAN_POINT('',(2.8,78.5636622306362,4.71569527415493));
#4605=CARTESIAN_POINT('',(2.8,78.1,5.3));
#4606=CARTESIAN_POINT('',(2.8,78.6294041603368,4.63284763707746));
#4607=CARTESIAN_POINT('',(8.8,78.1,5.3));
#4608=CARTESIAN_POINT('',(8.8,78.1,5.3));
#4609=CARTESIAN_POINT('',(8.8,78.5636622306362,4.71569527415493));
#4610=CARTESIAN_POINT('',(8.8,78.6294041603368,4.63284763707746));
#4611=CARTESIAN_POINT('',(8.8,78.5636622306362,4.71569527415493));
#4612=CARTESIAN_POINT('Origin',(2.8,78.35,3.8));
#4613=CARTESIAN_POINT('',(2.8,78.,2.3));
#4614=CARTESIAN_POINT('',(2.8,78.7,5.3));
#4615=CARTESIAN_POINT('',(2.8,75.5,2.3));
#4616=CARTESIAN_POINT('',(2.8,77.55,2.3));
#4617=CARTESIAN_POINT('',(2.8,77.2,5.3));
#4618=CARTESIAN_POINT('',(2.8,77.2,5.3));
#4619=CARTESIAN_POINT('',(2.8,78.7,5.3));
#4620=CARTESIAN_POINT('Origin',(8.8,78.,2.3));
#4621=CARTESIAN_POINT('',(8.8,78.,2.3));
#4622=CARTESIAN_POINT('',(8.8,78.7,5.3));
#4623=CARTESIAN_POINT('',(104.9,78.,2.3));
#4624=CARTESIAN_POINT('Origin',(195.2,78.3318311153181,5.00784763707746));
#4625=CARTESIAN_POINT('',(201.2,78.1,5.3));
#4626=CARTESIAN_POINT('',(201.2,78.5636622306362,4.71569527415493));
#4627=CARTESIAN_POINT('',(201.2,78.6294041603368,4.63284763707746));
#4628=CARTESIAN_POINT('',(195.2,78.5636622306362,4.71569527415493));
#4629=CARTESIAN_POINT('',(195.2,78.5636622306362,4.71569527415493));
#4630=CARTESIAN_POINT('',(195.2,78.1,5.3));
#4631=CARTESIAN_POINT('',(195.2,78.6294041603368,4.63284763707746));
#4632=CARTESIAN_POINT('',(195.2,78.1,5.3));
#4633=CARTESIAN_POINT('Origin',(195.2,78.35,3.8));
#4634=CARTESIAN_POINT('',(195.2,78.,2.3));
#4635=CARTESIAN_POINT('',(195.2,78.7,5.3));
#4636=CARTESIAN_POINT('',(195.2,75.5,2.3));
#4637=CARTESIAN_POINT('',(195.2,77.55,2.3));
#4638=CARTESIAN_POINT('',(195.2,77.2,5.3));
#4639=CARTESIAN_POINT('',(195.2,77.2,5.3));
#4640=CARTESIAN_POINT('',(195.2,78.7,5.3));
#4641=CARTESIAN_POINT('Origin',(195.2,78.,2.3));
#4642=CARTESIAN_POINT('',(201.2,78.,2.3));
#4643=CARTESIAN_POINT('',(201.2,78.7,5.3));
#4644=CARTESIAN_POINT('',(201.1,78.,2.3));
#4645=CARTESIAN_POINT('Origin',(8.8,-0.331831115318074,5.00784763707746));
#4646=CARTESIAN_POINT('',(2.8,-0.1,5.3));
#4647=CARTESIAN_POINT('',(2.8,-0.563662230636149,4.71569527415492));
#4648=CARTESIAN_POINT('',(2.8,-0.629404160336809,4.63284763707746));
#4649=CARTESIAN_POINT('',(8.8,-0.563662230636149,4.71569527415492));
#4650=CARTESIAN_POINT('',(8.8,-0.563662230636149,4.71569527415492));
#4651=CARTESIAN_POINT('',(8.8,-0.1,5.3));
#4652=CARTESIAN_POINT('',(8.8,-0.629404160336809,4.63284763707746));
#4653=CARTESIAN_POINT('',(8.8,-0.1,5.3));
#4654=CARTESIAN_POINT('Origin',(8.8,-0.35,3.8));
#4655=CARTESIAN_POINT('',(8.8,0.,2.3));
#4656=CARTESIAN_POINT('',(8.8,-0.7,5.3));
#4657=CARTESIAN_POINT('',(8.8,2.5,2.3));
#4658=CARTESIAN_POINT('',(8.8,0.45,2.3));
#4659=CARTESIAN_POINT('',(8.8,0.8,5.3));
#4660=CARTESIAN_POINT('',(8.8,0.8,5.3));
#4661=CARTESIAN_POINT('',(8.8,-0.7,5.3));
#4662=CARTESIAN_POINT('Origin',(8.8,0.,2.3));
#4663=CARTESIAN_POINT('',(2.8,0.,2.3));
#4664=CARTESIAN_POINT('',(2.8,-0.7,5.3));
#4665=CARTESIAN_POINT('',(2.9,0.,2.3));
#4666=CARTESIAN_POINT('Origin',(195.2,-0.331831115318074,5.00784763707746));
#4667=CARTESIAN_POINT('',(201.2,-0.563662230636149,4.71569527415492));
#4668=CARTESIAN_POINT('',(201.2,-0.1,5.3));
#4669=CARTESIAN_POINT('',(201.2,-0.629404160336809,4.63284763707746));
#4670=CARTESIAN_POINT('',(195.2,-0.1,5.3));
#4671=CARTESIAN_POINT('',(195.2,-0.1,5.3));
#4672=CARTESIAN_POINT('',(195.2,-0.563662230636149,4.71569527415492));
#4673=CARTESIAN_POINT('',(195.2,-0.629404160336809,4.63284763707746));
#4674=CARTESIAN_POINT('',(195.2,-0.563662230636149,4.71569527415492));
#4675=CARTESIAN_POINT('Origin',(201.2,-0.35,3.8));
#4676=CARTESIAN_POINT('',(201.2,-4.42470059018196E-33,2.3));
#4677=CARTESIAN_POINT('',(201.2,-0.7,5.3));
#4678=CARTESIAN_POINT('',(201.2,2.5,2.3));
#4679=CARTESIAN_POINT('',(201.2,0.45,2.3));
#4680=CARTESIAN_POINT('',(201.2,0.8,5.3));
#4681=CARTESIAN_POINT('',(201.2,0.8,5.3));
#4682=CARTESIAN_POINT('',(201.2,-0.7,5.3));
#4683=CARTESIAN_POINT('Origin',(195.2,-1.39062018548576E-32,2.3));
#4684=CARTESIAN_POINT('',(195.2,-1.39062018548576E-32,2.3));
#4685=CARTESIAN_POINT('',(195.2,-0.7,5.3));
#4686=CARTESIAN_POINT('',(99.1,0.,2.3));
#4687=CARTESIAN_POINT('Origin',(142.55,28.5,1.2));
#4688=CARTESIAN_POINT('',(144.65,28.5,1.2));
#4689=CARTESIAN_POINT('',(144.65,28.5,2.8));
#4690=CARTESIAN_POINT('',(144.65,28.5,1.2));
#4691=CARTESIAN_POINT('',(144.65,28.5,4.2));
#4692=CARTESIAN_POINT('',(144.65,28.5,1.2));
#4693=CARTESIAN_POINT('',(141.435109838254,28.5,4.20000000000001));
#4694=CARTESIAN_POINT('',(142.55,28.5,4.2));
#4695=CARTESIAN_POINT('',(141.435109838254,28.5,3.81489016174569));
#4696=CARTESIAN_POINT('',(141.435109838254,28.5,4.20000000000001));
#4697=CARTESIAN_POINT('',(142.55,28.5,2.7));
#4698=CARTESIAN_POINT('',(142.55,28.5,2.7));
#4699=CARTESIAN_POINT('',(142.55,28.5,1.2));
#4700=CARTESIAN_POINT('',(142.55,28.5,1.2));
#4701=CARTESIAN_POINT('',(122.275,28.5,1.2));
#4702=CARTESIAN_POINT('Origin',(144.65,28.5,1.2));
#4703=CARTESIAN_POINT('',(145.,10.,1.2));
#4704=CARTESIAN_POINT('',(144.543081183506,34.1514231575258,1.2));
#4705=CARTESIAN_POINT('',(145.,10.,2.8));
#4706=CARTESIAN_POINT('',(145.,10.,2.7));
#4707=CARTESIAN_POINT('',(144.536213389656,34.5144351181827,2.8));
#4708=CARTESIAN_POINT('Origin',(68.,74.734729635533,1.79696155060244));
#4709=CARTESIAN_POINT('',(62.7499999999998,74.8999999999997,1.6));
#4710=CARTESIAN_POINT('',(62.7499999999998,74.5694592710664,1.99392310120488));
#4711=CARTESIAN_POINT('',(62.7499999999998,74.6218092527605,1.93153482244874));
#4712=CARTESIAN_POINT('',(69.7499999999998,74.8999999999997,1.6));
#4713=CARTESIAN_POINT('',(67.125,74.8999999999997,1.6));
#4714=CARTESIAN_POINT('',(69.7499999999998,74.5694592710664,1.99392310120488));
#4715=CARTESIAN_POINT('',(69.7499999999998,75.6547490306768,0.700525131183462));
#4716=CARTESIAN_POINT('',(68.,74.5694592710664,1.99392310120488));
#4717=CARTESIAN_POINT('Origin',(69.7500000000002,74.4999999999997,1.6));
#4718=CARTESIAN_POINT('',(69.7499999999998,75.1171444324793,5.1));
#4719=CARTESIAN_POINT('',(69.7499999999998,74.4843649281468,1.51132910125275));
#4720=CARTESIAN_POINT('',(62.7500000000002,75.1171444324793,5.1));
#4721=CARTESIAN_POINT('',(68.0000000000002,75.1171444324793,5.1));
#4722=CARTESIAN_POINT('',(62.7499999999998,74.4089807041292,1.08380392209565));
#4723=CARTESIAN_POINT('Origin',(66.2500000000002,73.7499999999997,5.1));
#4724=CARTESIAN_POINT('',(69.7500000000002,72.9999999999997,5.1));
#4725=CARTESIAN_POINT('',(69.7500000000002,72.9999999999997,5.1));
#4726=CARTESIAN_POINT('',(62.7500000000002,72.9999999999997,5.1));
#4727=CARTESIAN_POINT('',(62.7500000000002,72.9999999999997,5.1));
#4728=CARTESIAN_POINT('',(62.7500000000002,74.4999999999997,5.1));
#4729=CARTESIAN_POINT('Origin',(66.25,75.5,1.6));
#4730=CARTESIAN_POINT('',(62.75,76.8,1.6));
#4731=CARTESIAN_POINT('',(62.75,72.9999999999999,1.6));
#4732=CARTESIAN_POINT('',(69.75,76.8,1.6));
#4733=CARTESIAN_POINT('',(66.2499999999999,76.8,1.6));
#4734=CARTESIAN_POINT('',(69.75,78.,1.6));
#4735=CARTESIAN_POINT('Origin',(136.,74.734729635533,1.79696155060244));
#4736=CARTESIAN_POINT('',(134.25,74.8999999999997,1.6));
#4737=CARTESIAN_POINT('',(134.25,74.5694592710664,1.99392310120488));
#4738=CARTESIAN_POINT('',(134.25,74.6218092527606,1.93153482244864));
#4739=CARTESIAN_POINT('',(141.25,74.8999999999997,1.6));
#4740=CARTESIAN_POINT('',(136.875,74.8999999999997,1.6));
#4741=CARTESIAN_POINT('',(141.25,74.5694592710664,1.99392310120488));
#4742=CARTESIAN_POINT('',(141.25,75.6547490306769,0.700525131183369));
#4743=CARTESIAN_POINT('',(136.,74.5694592710664,1.99392310120488));
#4744=CARTESIAN_POINT('Origin',(134.25,74.4999999999997,1.6));
#4745=CARTESIAN_POINT('',(141.25,75.1171444324793,5.1));
#4746=CARTESIAN_POINT('',(141.25,74.4843649281468,1.51132910125278));
#4747=CARTESIAN_POINT('',(134.25,75.1171444324793,5.1));
#4748=CARTESIAN_POINT('',(136.,75.1171444324793,5.1));
#4749=CARTESIAN_POINT('',(134.25,74.4089807041292,1.08380392209569));
#4750=CARTESIAN_POINT('Origin',(137.75,73.7499999999997,5.1));
#4751=CARTESIAN_POINT('',(141.25,72.9999999999997,5.1));
#4752=CARTESIAN_POINT('',(141.25,74.4999999999997,5.1));
#4753=CARTESIAN_POINT('',(134.25,72.9999999999997,5.1));
#4754=CARTESIAN_POINT('',(141.25,72.9999999999997,5.1));
#4755=CARTESIAN_POINT('',(134.25,72.9999999999997,5.1));
#4756=CARTESIAN_POINT('Origin',(137.75,75.5,1.6));
#4757=CARTESIAN_POINT('',(134.25,76.8,1.6));
#4758=CARTESIAN_POINT('',(134.25,78.,1.6));
#4759=CARTESIAN_POINT('',(141.25,76.8,1.6));
#4760=CARTESIAN_POINT('',(137.75,76.8,1.6));
#4761=CARTESIAN_POINT('',(141.25,73.,1.6));
#4762=CARTESIAN_POINT('Origin',(68.,3.26527036446697,1.79696155060244));
#4763=CARTESIAN_POINT('',(62.7499999999998,3.10000000000035,1.6));
#4764=CARTESIAN_POINT('',(62.7499999999998,3.43054072893358,1.99392310120488));
#4765=CARTESIAN_POINT('',(62.7499999999998,3.37819074723952,1.93153482244874));
#4766=CARTESIAN_POINT('',(69.7499999999998,3.43054072893358,1.99392310120488));
#4767=CARTESIAN_POINT('',(68.,3.43054072893358,1.99392310120488));
#4768=CARTESIAN_POINT('',(69.7499999999998,3.10000000000035,1.6));
#4769=CARTESIAN_POINT('',(69.7499999999998,2.34525096932317,0.700525131183462));
#4770=CARTESIAN_POINT('',(68.,3.10000000000035,1.6));
#4771=CARTESIAN_POINT('Origin',(69.7500000000002,3.50000000000036,1.6));
#4772=CARTESIAN_POINT('',(62.7500000000002,2.88285556752073,5.1));
#4773=CARTESIAN_POINT('',(62.7499999999998,3.59101929587078,1.08380392209565));
#4774=CARTESIAN_POINT('',(69.7499999999998,2.88285556752073,5.1));
#4775=CARTESIAN_POINT('',(68.0000000000002,2.88285556752073,5.1));
#4776=CARTESIAN_POINT('',(69.7499999999998,3.51563507185316,1.51132910125275));
#4777=CARTESIAN_POINT('Origin',(66.2500000000002,4.25000000000036,5.1));
#4778=CARTESIAN_POINT('',(62.7500000000002,5.00000000000036,5.1));
#4779=CARTESIAN_POINT('',(62.7500000000002,3.50000000000036,5.1));
#4780=CARTESIAN_POINT('',(69.7500000000002,5.00000000000036,5.1));
#4781=CARTESIAN_POINT('',(62.7500000000002,5.00000000000036,5.1));
#4782=CARTESIAN_POINT('',(69.7500000000002,5.00000000000036,5.1));
#4783=CARTESIAN_POINT('Origin',(66.2499999999998,2.50000000000074,1.6));
#4784=CARTESIAN_POINT('',(69.7499999999998,1.2,1.6));
#4785=CARTESIAN_POINT('',(69.7499999999998,7.19424519957101E-13,1.6));
#4786=CARTESIAN_POINT('',(62.7499999999998,1.2,1.6));
#4787=CARTESIAN_POINT('',(66.2499999999998,1.2,1.6));
#4788=CARTESIAN_POINT('',(62.7499999999998,5.00000000000075,1.6));
#4789=CARTESIAN_POINT('Origin',(136.,3.26527036446697,1.79696155060244));
#4790=CARTESIAN_POINT('',(134.25,3.10000000000035,1.6));
#4791=CARTESIAN_POINT('',(134.25,3.43054072893358,1.99392310120488));
#4792=CARTESIAN_POINT('',(134.25,3.37819074723944,1.93153482244864));
#4793=CARTESIAN_POINT('',(141.25,3.43054072893358,1.99392310120488));
#4794=CARTESIAN_POINT('',(136.,3.43054072893358,1.99392310120488));
#4795=CARTESIAN_POINT('',(141.25,3.10000000000035,1.6));
#4796=CARTESIAN_POINT('',(141.25,2.34525096932309,0.700525131183369));
#4797=CARTESIAN_POINT('',(136.,3.10000000000035,1.6));
#4798=CARTESIAN_POINT('Origin',(134.25,3.50000000000036,1.6));
#4799=CARTESIAN_POINT('',(134.25,2.88285556752073,5.1));
#4800=CARTESIAN_POINT('',(134.25,3.59101929587077,1.08380392209569));
#4801=CARTESIAN_POINT('',(141.25,2.88285556752073,5.1));
#4802=CARTESIAN_POINT('',(136.,2.88285556752073,5.1));
#4803=CARTESIAN_POINT('',(141.25,3.51563507185316,1.51132910125278));
#4804=CARTESIAN_POINT('Origin',(137.75,4.25000000000036,5.1));
#4805=CARTESIAN_POINT('',(134.25,5.00000000000036,5.1));
#4806=CARTESIAN_POINT('',(134.25,5.00000000000036,5.1));
#4807=CARTESIAN_POINT('',(141.25,5.00000000000036,5.1));
#4808=CARTESIAN_POINT('',(141.25,5.00000000000036,5.1));
#4809=CARTESIAN_POINT('',(141.25,3.50000000000036,5.1));
#4810=CARTESIAN_POINT('Origin',(66.2499999999999,77.05,1.85));
#4811=CARTESIAN_POINT('',(62.7499999999998,77.3,2.1));
#4812=CARTESIAN_POINT('',(62.75,77.025,1.82499999999998));
#4813=CARTESIAN_POINT('',(69.7499999999998,77.3,2.1));
#4814=CARTESIAN_POINT('',(66.2499999999999,77.3,2.1));
#4815=CARTESIAN_POINT('',(69.75,75.775,0.574999999999989));
#4816=CARTESIAN_POINT('Origin',(66.2499999999998,77.3,3.3));
#4817=CARTESIAN_POINT('',(62.7499999999998,77.3,5.8));
#4818=CARTESIAN_POINT('',(62.7499999999998,77.3,0.8));
#4819=CARTESIAN_POINT('',(69.7499999999998,77.3,5.8));
#4820=CARTESIAN_POINT('',(84.1249999999999,77.3,5.8));
#4821=CARTESIAN_POINT('',(69.7499999999998,77.3,5.8));
#4822=CARTESIAN_POINT('Origin',(137.75,77.05,1.85));
#4823=CARTESIAN_POINT('',(134.25,77.3,2.1));
#4824=CARTESIAN_POINT('',(134.25,77.025,1.825));
#4825=CARTESIAN_POINT('',(141.25,77.3,2.1));
#4826=CARTESIAN_POINT('',(137.75,77.3,2.1));
#4827=CARTESIAN_POINT('',(141.25,75.775,0.575000000000001));
#4828=CARTESIAN_POINT('Origin',(137.75,77.3,3.3));
#4829=CARTESIAN_POINT('',(134.25,77.3,5.8));
#4830=CARTESIAN_POINT('',(134.25,77.3,0.8));
#4831=CARTESIAN_POINT('',(141.25,77.3,5.8));
#4832=CARTESIAN_POINT('',(119.875,77.3,5.8));
#4833=CARTESIAN_POINT('',(141.25,77.3,5.8));
#4834=CARTESIAN_POINT('Origin',(66.2499999999998,0.95,1.85));
#4835=CARTESIAN_POINT('',(69.7499999999998,0.7,2.1));
#4836=CARTESIAN_POINT('',(69.7499999999998,0.975000000000177,1.82499999999982));
#4837=CARTESIAN_POINT('',(62.7499999999998,0.7,2.1));
#4838=CARTESIAN_POINT('',(66.2499999999998,0.7,2.1));
#4839=CARTESIAN_POINT('',(62.7499999999998,2.2250000000002,0.574999999999805));
#4840=CARTESIAN_POINT('Origin',(66.2499999999998,0.7,3.3));
#4841=CARTESIAN_POINT('',(69.7499999999998,0.7,5.8));
#4842=CARTESIAN_POINT('',(69.7499999999998,0.7,5.8));
#4843=CARTESIAN_POINT('',(62.7499999999998,0.7,5.8));
#4844=CARTESIAN_POINT('',(84.1249999999999,0.699999999999998,5.8));
#4845=CARTESIAN_POINT('',(62.7499999999998,0.7,0.8));
#4846=CARTESIAN_POINT('Origin',(137.75,0.95,1.85));
#4847=CARTESIAN_POINT('',(141.25,1.2,1.6));
#4848=CARTESIAN_POINT('',(141.25,0.7,2.1));
#4849=CARTESIAN_POINT('',(141.25,0.975000000000085,1.82499999999991));
#4850=CARTESIAN_POINT('',(134.25,0.7,2.1));
#4851=CARTESIAN_POINT('',(137.75,0.7,2.1));
#4852=CARTESIAN_POINT('',(134.25,1.2,1.6));
#4853=CARTESIAN_POINT('',(134.25,2.2250000000001,0.5749999999999));
#4854=CARTESIAN_POINT('',(137.75,1.2,1.6));
#4855=CARTESIAN_POINT('Origin',(137.75,0.7,3.3));
#4856=CARTESIAN_POINT('',(141.25,0.7,5.8));
#4857=CARTESIAN_POINT('',(141.25,0.7,5.8));
#4858=CARTESIAN_POINT('',(134.25,0.7,5.8));
#4859=CARTESIAN_POINT('',(119.875,0.699999999999998,5.8));
#4860=CARTESIAN_POINT('',(134.25,0.7,0.8));
#4861=CARTESIAN_POINT('Origin',(62.75,77.9999999999999,0.8));
#4862=CARTESIAN_POINT('',(62.75,72.9999999999999,0.8));
#4863=CARTESIAN_POINT('',(62.75,72.9999999999999,0.8));
#4864=CARTESIAN_POINT('',(62.75,77.,0.8));
#4865=CARTESIAN_POINT('',(62.75,58.4999999999999,0.8));
#4866=CARTESIAN_POINT('',(62.7499999999998,78.,1.8));
#4867=CARTESIAN_POINT('',(62.75,77.5,1.29999999999994));
#4868=CARTESIAN_POINT('',(62.7499999999998,78.,5.8));
#4869=CARTESIAN_POINT('',(62.7499999999998,78.,0.4));
#4870=CARTESIAN_POINT('',(62.7499999999998,58.5,5.8));
#4871=CARTESIAN_POINT('Origin',(134.25,78.,0.8));
#4872=CARTESIAN_POINT('',(134.25,73.,0.8));
#4873=CARTESIAN_POINT('',(134.25,73.,0.8));
#4874=CARTESIAN_POINT('',(134.25,77.,0.8));
#4875=CARTESIAN_POINT('',(134.25,58.5,0.8));
#4876=CARTESIAN_POINT('',(134.25,78.,1.8));
#4877=CARTESIAN_POINT('',(134.25,77.5,1.3));
#4878=CARTESIAN_POINT('',(134.25,78.,5.8));
#4879=CARTESIAN_POINT('',(134.25,78.,0.4));
#4880=CARTESIAN_POINT('',(134.25,58.5,5.8));
#4881=CARTESIAN_POINT('Origin',(204.,78.,0.));
#4882=CARTESIAN_POINT('',(141.25,78.,1.8));
#4883=CARTESIAN_POINT('',(141.25,78.,5.8));
#4884=CARTESIAN_POINT('',(141.25,78.,2.9));
#4885=CARTESIAN_POINT('',(194.9,78.,5.8));
#4886=CARTESIAN_POINT('',(153.,78.,5.8));
#4887=CARTESIAN_POINT('',(194.9,78.,2.3));
#4888=CARTESIAN_POINT('',(194.9,78.,2.9));
#4889=CARTESIAN_POINT('',(201.1,78.,2.3));
#4890=CARTESIAN_POINT('',(201.5,78.,2.3));
#4891=CARTESIAN_POINT('',(201.1,78.,2.3));
#4892=CARTESIAN_POINT('',(201.5,78.,1.8));
#4893=CARTESIAN_POINT('',(201.5,78.,0.));
#4894=CARTESIAN_POINT('',(153.,78.,1.8));
#4895=CARTESIAN_POINT('Origin',(204.,78.,0.));
#4896=CARTESIAN_POINT('',(69.7499999999998,78.,1.8));
#4897=CARTESIAN_POINT('',(69.7499999999998,78.,5.8));
#4898=CARTESIAN_POINT('',(69.7499999999998,78.,2.9));
#4899=CARTESIAN_POINT('',(153.,78.,5.8));
#4900=CARTESIAN_POINT('',(153.,78.,1.8));
#4901=CARTESIAN_POINT('Origin',(204.,78.,0.));
#4902=CARTESIAN_POINT('',(2.5,78.,1.8));
#4903=CARTESIAN_POINT('',(153.,78.,1.8));
#4904=CARTESIAN_POINT('',(2.5,78.,2.3));
#4905=CARTESIAN_POINT('',(2.5,78.,0.));
#4906=CARTESIAN_POINT('',(104.9,78.,2.3));
#4907=CARTESIAN_POINT('',(9.1,78.,2.3));
#4908=CARTESIAN_POINT('',(104.9,78.,2.3));
#4909=CARTESIAN_POINT('',(9.1,78.,5.8));
#4910=CARTESIAN_POINT('',(9.1,78.,2.9));
#4911=CARTESIAN_POINT('',(153.,78.,5.8));
#4912=CARTESIAN_POINT('Origin',(153.,77.5,1.3));
#4913=CARTESIAN_POINT('',(141.25,77.,0.8));
#4914=CARTESIAN_POINT('',(141.25,76.25,0.049999999999997));
#4915=CARTESIAN_POINT('',(201.5,77.,0.8));
#4916=CARTESIAN_POINT('',(201.5,77.,0.8));
#4917=CARTESIAN_POINT('',(153.,77.,0.8));
#4918=CARTESIAN_POINT('Origin',(153.,77.5,1.3));
#4919=CARTESIAN_POINT('',(69.75,77.,0.8));
#4920=CARTESIAN_POINT('',(69.75,76.25,0.0499999999999527));
#4921=CARTESIAN_POINT('',(153.,77.,0.8));
#4922=CARTESIAN_POINT('Origin',(69.7499999999998,7.19424519957101E-13,0.8));
#4923=CARTESIAN_POINT('',(69.7499999999998,5.00000000000072,0.8));
#4924=CARTESIAN_POINT('',(69.7499999999998,5.00000000000072,0.8));
#4925=CARTESIAN_POINT('',(69.7499999999998,0.999999999999998,0.8));
#4926=CARTESIAN_POINT('',(69.7499999999999,19.5000000000004,0.8));
#4927=CARTESIAN_POINT('',(69.7499999999998,-1.77015619888531E-34,1.8));
#4928=CARTESIAN_POINT('',(69.7499999999998,0.500000000000163,1.29999999999984));
#4929=CARTESIAN_POINT('',(69.7499999999998,-1.61048699567729E-33,5.8));
#4930=CARTESIAN_POINT('',(69.7499999999998,-6.5849810598534E-34,2.9));
#4931=CARTESIAN_POINT('',(69.7499999999998,19.5,5.8));
#4932=CARTESIAN_POINT('Origin',(141.25,3.5527136788005E-13,0.8));
#4933=CARTESIAN_POINT('',(141.25,5.00000000000036,1.6));
#4934=CARTESIAN_POINT('',(141.25,5.00000000000036,0.8));
#4935=CARTESIAN_POINT('',(141.25,5.00000000000036,0.8));
#4936=CARTESIAN_POINT('',(141.25,0.999999999999999,0.8));
#4937=CARTESIAN_POINT('',(141.25,19.5000000000001,0.8));
#4938=CARTESIAN_POINT('',(141.25,-8.52035183730136E-34,1.8));
#4939=CARTESIAN_POINT('',(141.25,0.500000000000008,1.29999999999999));
#4940=CARTESIAN_POINT('',(141.25,-2.30286564761592E-33,5.8));
#4941=CARTESIAN_POINT('',(141.25,-1.33351766982694E-33,2.9));
#4942=CARTESIAN_POINT('',(141.25,19.5,5.8));
#4943=CARTESIAN_POINT('Origin',(102.,39.,5.8));
#4944=CARTESIAN_POINT('',(9.1,75.5,5.8));
#4945=CARTESIAN_POINT('',(9.1,57.25,5.8));
#4946=CARTESIAN_POINT('',(2.5,75.5,5.8));
#4947=CARTESIAN_POINT('',(52.25,75.5,5.8));
#4948=CARTESIAN_POINT('',(2.5,78.,5.8));
#4949=CARTESIAN_POINT('',(2.5,58.5,5.8));
#4950=CARTESIAN_POINT('',(0.,75.5,5.8));
#4951=CARTESIAN_POINT('Origin',(2.5,75.5,5.8));
#4952=CARTESIAN_POINT('',(0.,2.5,5.8));
#4953=CARTESIAN_POINT('',(0.,58.5,5.8));
#4954=CARTESIAN_POINT('',(2.5,0.,5.8));
#4955=CARTESIAN_POINT('Origin',(2.5,2.5,5.8));
#4956=CARTESIAN_POINT('',(2.5,2.5,5.8));
#4957=CARTESIAN_POINT('',(2.5,19.5,5.8));
#4958=CARTESIAN_POINT('',(9.1,2.5,5.8));
#4959=CARTESIAN_POINT('',(52.25,2.5,5.8));
#4960=CARTESIAN_POINT('',(9.1,0.,5.8));
#4961=CARTESIAN_POINT('',(9.1,20.75,5.8));
#4962=CARTESIAN_POINT('',(62.7499999999998,-1.61048699567729E-33,5.8));
#4963=CARTESIAN_POINT('',(51.,0.,5.8));
#4964=CARTESIAN_POINT('',(62.7499999999998,19.5,5.8));
#4965=CARTESIAN_POINT('',(134.25,-2.30286564761592E-33,5.8));
#4966=CARTESIAN_POINT('',(51.,0.,5.8));
#4967=CARTESIAN_POINT('',(134.25,19.5,5.8));
#4968=CARTESIAN_POINT('',(194.9,-1.43802769180914E-32,5.8));
#4969=CARTESIAN_POINT('',(51.,0.,5.8));
#4970=CARTESIAN_POINT('',(194.9,2.5,5.8));
#4971=CARTESIAN_POINT('',(194.9,20.75,5.8));
#4972=CARTESIAN_POINT('',(201.5,2.5,5.8));
#4973=CARTESIAN_POINT('',(151.75,2.5,5.8));
#4974=CARTESIAN_POINT('',(201.5,0.,5.8));
#4975=CARTESIAN_POINT('',(201.5,19.5,5.8));
#4976=CARTESIAN_POINT('',(204.,2.5,5.8));
#4977=CARTESIAN_POINT('Origin',(201.5,2.5,5.8));
#4978=CARTESIAN_POINT('',(204.,43.15,5.8));
#4979=CARTESIAN_POINT('',(204.,19.5,5.8));
#4980=CARTESIAN_POINT('',(195.5,43.15,5.8));
#4981=CARTESIAN_POINT('',(153.,43.15,5.8));
#4982=CARTESIAN_POINT('',(195.5,53.65,5.8));
#4983=CARTESIAN_POINT('',(195.5,41.075,5.8));
#4984=CARTESIAN_POINT('',(204.,53.65,5.8));
#4985=CARTESIAN_POINT('',(148.75,53.65,5.8));
#4986=CARTESIAN_POINT('',(204.,75.5,5.8));
#4987=CARTESIAN_POINT('',(204.,19.5,5.8));
#4988=CARTESIAN_POINT('',(201.5,78.,5.8));
#4989=CARTESIAN_POINT('Origin',(201.5,75.5,5.8));
#4990=CARTESIAN_POINT('',(201.5,75.5,5.8));
#4991=CARTESIAN_POINT('',(201.5,58.5,5.8));
#4992=CARTESIAN_POINT('',(194.9,75.5,5.8));
#4993=CARTESIAN_POINT('',(151.75,75.5,5.8));
#4994=CARTESIAN_POINT('',(194.9,57.25,5.8));
#4995=CARTESIAN_POINT('',(141.25,58.5,5.8));
#4996=CARTESIAN_POINT('',(69.7499999999998,58.5,5.8));
#4997=CARTESIAN_POINT('',(201.05,61.5,5.8));
#4998=CARTESIAN_POINT('Origin',(199.5,61.5,5.8));
#4999=CARTESIAN_POINT('',(6.05,61.5,5.8));
#5000=CARTESIAN_POINT('Origin',(4.5,61.5,5.8));
#5001=CARTESIAN_POINT('',(99.,72.,5.8));
#5002=CARTESIAN_POINT('',(187.826227813372,72.,5.8));
#5003=CARTESIAN_POINT('',(100.5,72.,5.8));
#5004=CARTESIAN_POINT('',(187.826227813372,69.,5.8));
#5005=CARTESIAN_POINT('',(187.826227813372,55.5,5.8));
#5006=CARTESIAN_POINT('',(188.826227813372,68.,5.8));
#5007=CARTESIAN_POINT('Origin',(188.826227813372,69.,5.8));
#5008=CARTESIAN_POINT('',(192.,68.,5.8));
#5009=CARTESIAN_POINT('',(56.,68.,5.8));
#5010=CARTESIAN_POINT('',(194.,66.,5.8));
#5011=CARTESIAN_POINT('Origin',(192.,66.,5.8));
#5012=CARTESIAN_POINT('',(194.,12.,5.8));
#5013=CARTESIAN_POINT('',(194.,53.5,5.8));
#5014=CARTESIAN_POINT('',(192.,10.,5.8));
#5015=CARTESIAN_POINT('Origin',(192.,12.,5.8));
#5016=CARTESIAN_POINT('',(12.,10.,5.8));
#5017=CARTESIAN_POINT('',(148.,10.,5.8));
#5018=CARTESIAN_POINT('',(10.,12.,5.8));
#5019=CARTESIAN_POINT('Origin',(12.,12.,5.8));
#5020=CARTESIAN_POINT('',(10.,66.,5.8));
#5021=CARTESIAN_POINT('',(10.,24.5,5.8));
#5022=CARTESIAN_POINT('',(12.,68.,5.8));
#5023=CARTESIAN_POINT('Origin',(12.,66.,5.8));
#5024=CARTESIAN_POINT('',(98.,68.,5.8));
#5025=CARTESIAN_POINT('',(56.,68.,5.8));
#5026=CARTESIAN_POINT('',(99.,69.,5.8));
#5027=CARTESIAN_POINT('Origin',(98.,69.,5.8));
#5028=CARTESIAN_POINT('',(99.,53.5,5.8));
#5029=CARTESIAN_POINT('',(6.05,16.5,5.8));
#5030=CARTESIAN_POINT('Origin',(4.5,16.5,5.8));
#5031=CARTESIAN_POINT('',(201.05,16.5,5.8));
#5032=CARTESIAN_POINT('Origin',(199.5,16.5,5.8));
#5033=CARTESIAN_POINT('Origin',(51.,0.499999999999999,1.3));
#5034=CARTESIAN_POINT('',(201.5,0.999999999999999,0.8));
#5035=CARTESIAN_POINT('',(51.,0.999999999999999,0.8));
#5036=CARTESIAN_POINT('',(201.5,0.,1.8));
#5037=CARTESIAN_POINT('',(201.5,0.999999999999999,0.8));
#5038=CARTESIAN_POINT('',(51.,0.,1.8));
#5039=CARTESIAN_POINT('Origin',(51.,0.499999999999999,1.3));
#5040=CARTESIAN_POINT('',(134.25,0.999999999999998,0.8));
#5041=CARTESIAN_POINT('',(51.,0.999999999999999,0.8));
#5042=CARTESIAN_POINT('',(134.25,-7.85949352305084E-34,1.8));
#5043=CARTESIAN_POINT('',(134.25,1.75000000000002,0.0499999999999759));
#5044=CARTESIAN_POINT('',(51.,0.,1.8));
#5045=CARTESIAN_POINT('Origin',(51.,0.499999999999999,1.3));
#5046=CARTESIAN_POINT('',(62.7499999999998,0.999999999999999,0.8));
#5047=CARTESIAN_POINT('',(62.7499999999998,-1.10929788463479E-34,1.8));
#5048=CARTESIAN_POINT('',(62.7499999999998,1.75000000000017,0.0499999999998318));
#5049=CARTESIAN_POINT('',(2.5,0.,1.8));
#5050=CARTESIAN_POINT('',(51.,0.,1.8));
#5051=CARTESIAN_POINT('',(2.5,1.,0.8));
#5052=CARTESIAN_POINT('',(2.5,1.,0.8));
#5053=CARTESIAN_POINT('',(51.,0.999999999999999,0.8));
#5054=CARTESIAN_POINT('Origin',(0.,0.,0.));
#5055=CARTESIAN_POINT('',(201.5,2.77555756156289E-16,2.3));
#5056=CARTESIAN_POINT('',(201.5,0.,0.));
#5057=CARTESIAN_POINT('',(99.1,0.,2.3));
#5058=CARTESIAN_POINT('',(194.9,-1.43802769180914E-32,2.3));
#5059=CARTESIAN_POINT('',(99.1,0.,2.3));
#5060=CARTESIAN_POINT('',(194.9,0.,2.9));
#5061=CARTESIAN_POINT('Origin',(0.,0.,0.));
#5062=CARTESIAN_POINT('',(134.25,-1.26743183840189E-33,0.4));
#5063=CARTESIAN_POINT('Origin',(62.75,72.9999999999999,0.8));
#5064=CARTESIAN_POINT('',(69.75,73.,0.8));
#5065=CARTESIAN_POINT('',(82.375,73.,0.8));
#5066=CARTESIAN_POINT('',(69.75,73.,0.8));
#5067=CARTESIAN_POINT('Origin',(69.75,73.,0.8));
#5068=CARTESIAN_POINT('',(69.75,56.,0.8));
#5069=CARTESIAN_POINT('Origin',(134.25,5.00000000000039,0.8));
#5070=CARTESIAN_POINT('',(134.25,5.00000000000039,0.8));
#5071=CARTESIAN_POINT('',(134.25,22.0000000000001,0.8));
#5072=CARTESIAN_POINT('',(134.25,5.00000000000039,0.8));
#5073=CARTESIAN_POINT('',(134.25,3.90798504668055E-13,1.6));
#5074=CARTESIAN_POINT('Origin',(141.25,5.00000000000036,0.8));
#5075=CARTESIAN_POINT('',(121.625,5.00000000000045,0.8));
#5076=CARTESIAN_POINT('Origin',(137.75,2.50000000000037,1.6));
#5077=CARTESIAN_POINT('Origin',(141.25,73.,0.8));
#5078=CARTESIAN_POINT('',(141.25,73.,0.8));
#5079=CARTESIAN_POINT('',(141.25,56.,0.8));
#5080=CARTESIAN_POINT('',(141.25,73.,0.8));
#5081=CARTESIAN_POINT('Origin',(134.25,73.,0.8));
#5082=CARTESIAN_POINT('',(118.125,73.,0.8));
#5083=CARTESIAN_POINT('Origin',(62.7499999999998,5.00000000000075,0.8));
#5084=CARTESIAN_POINT('',(62.7499999999998,5.00000000000075,0.8));
#5085=CARTESIAN_POINT('',(62.75,22.0000000000005,0.8));
#5086=CARTESIAN_POINT('',(62.7499999999998,5.00000000000075,0.8));
#5087=CARTESIAN_POINT('',(62.7499999999998,-5.92412274560288E-34,0.4));
#5088=CARTESIAN_POINT('Origin',(69.7499999999998,5.00000000000072,0.8));
#5089=CARTESIAN_POINT('',(85.8749999999998,5.00000000000064,0.8));
#5090=CARTESIAN_POINT('Origin',(102.,39.,0.8));
#5091=CARTESIAN_POINT('',(203.,75.5,0.8));
#5092=CARTESIAN_POINT('Origin',(201.5,75.5,0.8));
#5093=CARTESIAN_POINT('',(203.,2.5,0.8));
#5094=CARTESIAN_POINT('',(203.,19.5,0.8));
#5095=CARTESIAN_POINT('Origin',(201.5,2.5,0.8));
#5096=CARTESIAN_POINT('',(0.999999999999996,2.5,0.8));
#5097=CARTESIAN_POINT('Origin',(2.5,2.5,0.8));
#5098=CARTESIAN_POINT('',(0.999999999999999,75.5,0.8));
#5099=CARTESIAN_POINT('',(0.999999999999996,58.5,0.8));
#5100=CARTESIAN_POINT('',(2.5,77.,0.8));
#5101=CARTESIAN_POINT('Origin',(2.5,75.5,0.8));
#5102=CARTESIAN_POINT('',(153.,77.,0.8));
#5103=CARTESIAN_POINT('',(141.25,66.,0.8));
#5104=CARTESIAN_POINT('',(141.25,12.,0.8));
#5105=CARTESIAN_POINT('',(141.25,52.5,0.8));
#5106=CARTESIAN_POINT('',(62.75,66.,0.8));
#5107=CARTESIAN_POINT('',(82.375,66.,0.8));
#5108=CARTESIAN_POINT('',(62.75,12.,0.8));
#5109=CARTESIAN_POINT('',(62.75,25.5,0.8));
#5110=CARTESIAN_POINT('',(121.625,12.,0.8));
#5111=CARTESIAN_POINT('Origin',(98.8032948913796,36.4012767533298,7.4));
#5112=CARTESIAN_POINT('',(201.05,61.5,7.4));
#5113=CARTESIAN_POINT('Origin',(199.5,61.5,7.4));
#5114=CARTESIAN_POINT('Origin',(98.8032948913796,36.4012767533298,7.4));
#5115=CARTESIAN_POINT('',(201.05,16.5,7.4));
#5116=CARTESIAN_POINT('Origin',(199.5,16.5,7.4));
#5117=CARTESIAN_POINT('Origin',(98.8032948913796,36.4012767533298,7.4));
#5118=CARTESIAN_POINT('',(6.05,61.5,7.4));
#5119=CARTESIAN_POINT('Origin',(4.5,61.5,7.4));
#5120=CARTESIAN_POINT('Origin',(98.8032948913796,36.4012767533298,7.4));
#5121=CARTESIAN_POINT('',(6.05,16.5,7.4));
#5122=CARTESIAN_POINT('Origin',(4.5,16.5,7.4));
#5123=CARTESIAN_POINT('Origin',(83.2944619610917,10.85,2.4));
#5124=CARTESIAN_POINT('',(98.2944619610917,10.85,3.6));
#5125=CARTESIAN_POINT('',(98.2944619610917,10.85,2.75));
#5126=CARTESIAN_POINT('',(98.2944619610917,10.85,1.8));
#5127=CARTESIAN_POINT('',(98.2944619610917,10.85,1.2));
#5128=CARTESIAN_POINT('',(98.2944619610917,10.85,3.));
#5129=CARTESIAN_POINT('',(68.2944619610917,10.85,1.2));
#5130=CARTESIAN_POINT('',(92.6472309805459,10.85,1.2));
#5131=CARTESIAN_POINT('',(68.2944619610917,10.85,3.59999991953373));
#5132=CARTESIAN_POINT('',(68.2944619610917,10.85,2.39999997317791));
#5133=CARTESIAN_POINT('',(104.294461961092,10.85,3.6));
#5134=CARTESIAN_POINT('Origin',(98.2944619610917,68.,1.2));
#5135=CARTESIAN_POINT('',(98.2944619610917,11.5,3.6));
#5136=CARTESIAN_POINT('',(98.2944619610917,10.,3.6));
#5137=CARTESIAN_POINT('',(98.2944619610917,11.5,2.8));
#5138=CARTESIAN_POINT('',(98.2944619610917,11.5,3.6));
#5139=CARTESIAN_POINT('',(98.2944619610917,10.9,2.8));
#5140=CARTESIAN_POINT('',(98.2944619610917,10.,2.8));
#5141=CARTESIAN_POINT('',(98.2944619610917,24.7000000000002,16.6));
#5142=CARTESIAN_POINT('Origin',(132.794461961092,10.75,2.65));
#5143=CARTESIAN_POINT('',(140.294461961092,10.9,2.8));
#5144=CARTESIAN_POINT('',(132.794461961092,10.9,2.8));
#5145=CARTESIAN_POINT('',(140.294461961092,10.6,2.5));
#5146=CARTESIAN_POINT('',(140.294461961092,24.5250000000002,16.425));
#5147=CARTESIAN_POINT('',(98.2944619610917,10.6,2.5));
#5148=CARTESIAN_POINT('',(132.794461961092,10.6,2.5));
#5149=CARTESIAN_POINT('',(98.2944619610917,11.025,2.925));
#5150=CARTESIAN_POINT('Origin',(117.794461961092,67.25,2.65));
#5151=CARTESIAN_POINT('',(98.2944619610917,67.15,2.75));
#5152=CARTESIAN_POINT('',(98.2944619610917,67.1,2.8));
#5153=CARTESIAN_POINT('',(98.2944619610917,67.8,2.1));
#5154=CARTESIAN_POINT('',(98.2944619610917,67.4,2.5));
#5155=CARTESIAN_POINT('',(98.2944619610917,67.725,2.175));
#5156=CARTESIAN_POINT('',(140.294461961092,67.4,2.5));
#5157=CARTESIAN_POINT('',(117.794461961092,67.4,2.5));
#5158=CARTESIAN_POINT('',(140.294461961092,67.1,2.8));
#5159=CARTESIAN_POINT('',(140.294461961092,67.625,2.275));
#5160=CARTESIAN_POINT('',(117.794461961092,67.1,2.8));
#5161=CARTESIAN_POINT('Origin',(98.2944619610917,68.,1.2));
#5162=CARTESIAN_POINT('',(98.2944619610917,66.5,2.8));
#5163=CARTESIAN_POINT('',(98.2944619610917,68.,2.8));
#5164=CARTESIAN_POINT('',(98.2944619610917,66.5,3.6));
#5165=CARTESIAN_POINT('',(98.2944619610917,66.5,3.6));
#5166=CARTESIAN_POINT('',(98.2944619610917,67.15,3.6));
#5167=CARTESIAN_POINT('',(98.2944619610917,68.,3.6));
#5168=CARTESIAN_POINT('',(98.2944619610917,67.15,1.8));
#5169=CARTESIAN_POINT('Origin',(195.2,77.2,5.3));
#5170=CARTESIAN_POINT('',(201.2,75.5,2.3));
#5171=CARTESIAN_POINT('',(194.9,75.5,2.3));
#5172=CARTESIAN_POINT('',(201.2,77.2,5.3));
#5173=CARTESIAN_POINT('',(201.2,77.2,5.3));
#5174=CARTESIAN_POINT('',(195.2,77.2,5.3));
#5175=CARTESIAN_POINT('Origin',(195.2,78.7,5.3));
#5176=CARTESIAN_POINT('',(201.2,78.7,5.3));
#5177=CARTESIAN_POINT('Origin',(201.2,78.35,3.8));
#5178=CARTESIAN_POINT('',(201.2,77.55,2.3));
#5179=CARTESIAN_POINT('Origin',(198.2,76.75,2.3));
#5180=CARTESIAN_POINT('',(194.9,75.5,2.3));
#5181=CARTESIAN_POINT('',(194.9,78.,2.3));
#5182=CARTESIAN_POINT('',(194.9,75.5,2.3));
#5183=CARTESIAN_POINT('Origin',(201.5,75.5,5.8));
#5184=CARTESIAN_POINT('',(201.5,75.5,2.3));
#5185=CARTESIAN_POINT('',(201.5,75.5,5.8));
#5186=CARTESIAN_POINT('',(194.9,75.5,2.3));
#5187=CARTESIAN_POINT('',(194.9,75.5,5.8));
#5188=CARTESIAN_POINT('Origin',(201.5,78.,5.8));
#5189=CARTESIAN_POINT('',(201.5,78.,0.));
#5190=CARTESIAN_POINT('',(201.5,78.,2.3));
#5191=CARTESIAN_POINT('Origin',(194.9,75.5,5.8));
#5192=CARTESIAN_POINT('Origin',(198.2,76.75,2.3));
#5193=CARTESIAN_POINT('Origin',(195.2,0.8,5.3));
#5194=CARTESIAN_POINT('',(195.2,0.8,5.3));
#5195=CARTESIAN_POINT('',(195.2,2.5,2.3));
#5196=CARTESIAN_POINT('',(195.2,0.8,5.3));
#5197=CARTESIAN_POINT('',(195.2,0.8,5.3));
#5198=CARTESIAN_POINT('',(194.9,2.5,2.3));
#5199=CARTESIAN_POINT('Origin',(195.2,-0.7,5.3));
#5200=CARTESIAN_POINT('',(195.2,-0.7,5.3));
#5201=CARTESIAN_POINT('Origin',(195.2,-0.35,3.8));
#5202=CARTESIAN_POINT('',(195.2,0.45,2.3));
#5203=CARTESIAN_POINT('Origin',(198.2,1.25,2.3));
#5204=CARTESIAN_POINT('',(201.5,2.5,2.3));
#5205=CARTESIAN_POINT('',(201.5,2.77555756156289E-16,2.3));
#5206=CARTESIAN_POINT('',(194.9,2.5,2.3));
#5207=CARTESIAN_POINT('Origin',(201.5,2.5,5.8));
#5208=CARTESIAN_POINT('',(194.9,2.5,2.3));
#5209=CARTESIAN_POINT('',(194.9,2.5,5.8));
#5210=CARTESIAN_POINT('',(194.9,2.5,2.3));
#5211=CARTESIAN_POINT('',(201.5,2.5,5.8));
#5212=CARTESIAN_POINT('Origin',(201.5,2.77555756156289E-16,5.8));
#5213=CARTESIAN_POINT('',(201.5,0.,0.));
#5214=CARTESIAN_POINT('Origin',(194.9,2.5,5.8));
#5215=CARTESIAN_POINT('',(194.9,-1.43802769180914E-32,2.3));
#5216=CARTESIAN_POINT('Origin',(198.2,1.25,2.3));
#5217=CARTESIAN_POINT('Origin',(0.,0.,0.));
#5218=CARTESIAN_POINT('',(9.1,0.,2.3));
#5219=CARTESIAN_POINT('',(9.1,0.,2.9));
#5220=CARTESIAN_POINT('',(2.9,0.,2.3));
#5221=CARTESIAN_POINT('',(2.5,2.77555756156289E-16,2.3));
#5222=CARTESIAN_POINT('',(2.9,0.,2.3));
#5223=CARTESIAN_POINT('',(2.5,0.,0.));
#5224=CARTESIAN_POINT('Origin',(8.8,77.2,5.3));
#5225=CARTESIAN_POINT('',(8.8,77.2,5.3));
#5226=CARTESIAN_POINT('',(8.8,75.5,2.3));
#5227=CARTESIAN_POINT('',(8.8,77.2,5.3));
#5228=CARTESIAN_POINT('',(8.8,77.2,5.3));
#5229=CARTESIAN_POINT('',(9.1,75.5,2.3));
#5230=CARTESIAN_POINT('Origin',(8.8,78.7,5.3));
#5231=CARTESIAN_POINT('',(8.8,78.7,5.3));
#5232=CARTESIAN_POINT('Origin',(8.8,78.35,3.8));
#5233=CARTESIAN_POINT('',(8.8,77.55,2.3));
#5234=CARTESIAN_POINT('Origin',(5.8,76.75,2.3));
#5235=CARTESIAN_POINT('',(2.5,75.5,2.3));
#5236=CARTESIAN_POINT('',(2.5,78.,2.3));
#5237=CARTESIAN_POINT('',(9.1,75.5,2.3));
#5238=CARTESIAN_POINT('Origin',(2.5,75.5,5.8));
#5239=CARTESIAN_POINT('',(9.1,75.5,2.3));
#5240=CARTESIAN_POINT('',(9.1,75.5,5.8));
#5241=CARTESIAN_POINT('',(9.1,75.5,2.3));
#5242=CARTESIAN_POINT('',(2.5,75.5,5.8));
#5243=CARTESIAN_POINT('Origin',(2.5,78.,5.8));
#5244=CARTESIAN_POINT('',(2.5,78.,0.));
#5245=CARTESIAN_POINT('Origin',(9.1,75.5,5.8));
#5246=CARTESIAN_POINT('',(9.1,78.,2.3));
#5247=CARTESIAN_POINT('Origin',(5.8,76.75,2.3));
#5248=CARTESIAN_POINT('Origin',(8.8,0.8,5.3));
#5249=CARTESIAN_POINT('',(2.8,2.5,2.3));
#5250=CARTESIAN_POINT('',(9.1,2.5,2.3));
#5251=CARTESIAN_POINT('',(2.8,0.8,5.3));
#5252=CARTESIAN_POINT('',(2.8,0.8,5.3));
#5253=CARTESIAN_POINT('',(8.8,0.8,5.3));
#5254=CARTESIAN_POINT('Origin',(8.8,-0.7,5.3));
#5255=CARTESIAN_POINT('',(2.8,-0.7,5.3));
#5256=CARTESIAN_POINT('Origin',(2.8,-0.35,3.8));
#5257=CARTESIAN_POINT('',(2.8,0.45,2.3));
#5258=CARTESIAN_POINT('Origin',(5.8,1.25,2.3));
#5259=CARTESIAN_POINT('',(9.1,2.5,2.3));
#5260=CARTESIAN_POINT('',(9.1,0.,2.3));
#5261=CARTESIAN_POINT('',(9.1,2.5,2.3));
#5262=CARTESIAN_POINT('Origin',(2.5,2.5,5.8));
#5263=CARTESIAN_POINT('',(2.5,2.5,2.3));
#5264=CARTESIAN_POINT('',(2.5,2.5,5.8));
#5265=CARTESIAN_POINT('',(9.1,2.5,2.3));
#5266=CARTESIAN_POINT('',(9.1,2.5,5.8));
#5267=CARTESIAN_POINT('Origin',(2.5,2.77555756156289E-16,5.8));
#5268=CARTESIAN_POINT('',(2.5,0.,0.));
#5269=CARTESIAN_POINT('',(2.5,2.77555756156289E-16,2.3));
#5270=CARTESIAN_POINT('Origin',(9.1,2.5,5.8));
#5271=CARTESIAN_POINT('Origin',(5.8,1.25,2.3));
#5272=CARTESIAN_POINT('Origin',(99.,68.,5.8));
#5273=CARTESIAN_POINT('',(99.,68.,3.6));
#5274=CARTESIAN_POINT('',(99.,68.8,3.6));
#5275=CARTESIAN_POINT('',(99.,67.625,3.6));
#5276=CARTESIAN_POINT('',(99.,68.,1.8));
#5277=CARTESIAN_POINT('',(99.,68.,5.8));
#5278=CARTESIAN_POINT('',(99.,68.8,1.8));
#5279=CARTESIAN_POINT('',(99.,69.9,1.8));
#5280=CARTESIAN_POINT('',(99.,68.8,3.5));
#5281=CARTESIAN_POINT('Origin',(121.5,71.8,1.8));
#5282=CARTESIAN_POINT('',(106.,68.8,1.8));
#5283=CARTESIAN_POINT('',(130.897230980546,68.8,1.8));
#5284=CARTESIAN_POINT('',(106.,68.,1.8));
#5285=CARTESIAN_POINT('',(113.75,68.,1.8));
#5286=CARTESIAN_POINT('',(106.,71.4,1.8));
#5287=CARTESIAN_POINT('Origin',(106.,68.,5.8));
#5288=CARTESIAN_POINT('',(106.,68.,3.6));
#5289=CARTESIAN_POINT('',(115.647230980546,68.,3.6));
#5290=CARTESIAN_POINT('',(106.,68.,5.8));
#5291=CARTESIAN_POINT('Origin',(106.,71.,5.8));
#5292=CARTESIAN_POINT('',(106.,68.8,3.6));
#5293=CARTESIAN_POINT('',(106.,69.125,3.6));
#5294=CARTESIAN_POINT('',(106.,68.8,3.5));
#5295=CARTESIAN_POINT('Origin',(99.,72.,4.2));
#5296=CARTESIAN_POINT('',(99.,72.,1.2));
#5297=CARTESIAN_POINT('',(99.,72.,4.2));
#5298=CARTESIAN_POINT('',(144.65,72.,1.2));
#5299=CARTESIAN_POINT('',(121.206556953343,72.,1.2));
#5300=CARTESIAN_POINT('',(144.65,72.,2.8));
#5301=CARTESIAN_POINT('',(144.65,72.,2.7));
#5302=CARTESIAN_POINT('',(187.826227813372,72.,2.8));
#5303=CARTESIAN_POINT('',(134.1625,72.,2.8));
#5304=CARTESIAN_POINT('',(187.826227813372,72.,4.2));
#5305=CARTESIAN_POINT('Origin',(99.,68.,4.2));
#5306=CARTESIAN_POINT('',(99.,69.,1.2));
#5307=CARTESIAN_POINT('',(99.,69.,4.2));
#5308=CARTESIAN_POINT('',(99.,69.,1.2));
#5309=CARTESIAN_POINT('Origin',(140.294461961092,68.8,1.2));
#5310=CARTESIAN_POINT('',(140.294461961092,68.8,3.6));
#5311=CARTESIAN_POINT('',(110.294461961092,68.8,3.6));
#5312=CARTESIAN_POINT('',(140.294461961092,68.8,1.2));
#5313=CARTESIAN_POINT('',(140.294461961092,68.8,1.2));
#5314=CARTESIAN_POINT('',(98.9797958971133,68.8,1.2));
#5315=CARTESIAN_POINT('',(106.147230980546,68.8,1.2));
#5316=CARTESIAN_POINT('',(98.9797958971133,68.8,3.6));
#5317=CARTESIAN_POINT('',(98.9797958971133,68.8,4.2));
#5318=CARTESIAN_POINT('',(110.294461961092,68.8,3.6));
#5319=CARTESIAN_POINT('Origin',(110.294461961092,67.4,1.2));
#5320=CARTESIAN_POINT('',(98.2944619610917,67.4,1.2));
#5321=CARTESIAN_POINT('',(98.2944619610917,67.4,1.2));
#5322=CARTESIAN_POINT('',(140.294461961092,67.4,1.2));
#5323=CARTESIAN_POINT('',(106.147230980546,67.4,1.2));
#5324=CARTESIAN_POINT('',(140.294461961092,67.4,1.2));
#5325=CARTESIAN_POINT('Origin',(55.35,10.,1.2));
#5326=CARTESIAN_POINT('',(55.35,63.,1.2));
#5327=CARTESIAN_POINT('',(55.35,63.,2.8));
#5328=CARTESIAN_POINT('',(55.35,63.,1.2));
#5329=CARTESIAN_POINT('',(55.35,15.,2.8));
#5330=CARTESIAN_POINT('',(55.35,24.5,2.8));
#5331=CARTESIAN_POINT('',(55.35,15.,1.2));
#5332=CARTESIAN_POINT('',(55.35,15.,1.2));
#5333=CARTESIAN_POINT('',(55.35,24.5,1.2));
#5334=CARTESIAN_POINT('Origin',(32.675,39.,2.8));
#5335=CARTESIAN_POINT('',(55.35,10.,2.8));
#5336=CARTESIAN_POINT('',(55.35,27.,2.8));
#5337=CARTESIAN_POINT('',(55.35,68.,2.8));
#5338=CARTESIAN_POINT('',(55.35,53.5,2.8));
#5339=CARTESIAN_POINT('',(12.,68.,2.8));
#5340=CARTESIAN_POINT('',(21.3375,68.,2.8));
#5341=CARTESIAN_POINT('',(10.,66.,2.8));
#5342=CARTESIAN_POINT('Origin',(12.,66.,2.8));
#5343=CARTESIAN_POINT('',(10.,12.,2.8));
#5344=CARTESIAN_POINT('',(10.,24.5,2.8));
#5345=CARTESIAN_POINT('',(12.,10.,2.8));
#5346=CARTESIAN_POINT('Origin',(12.,12.,2.8));
#5347=CARTESIAN_POINT('',(113.3375,10.,2.8));
#5348=CARTESIAN_POINT('Origin',(55.35,68.,1.2));
#5349=CARTESIAN_POINT('',(55.35,63.,2.9));
#5350=CARTESIAN_POINT('',(55.35,63.,1.2));
#5351=CARTESIAN_POINT('',(55.35,68.,2.9));
#5352=CARTESIAN_POINT('',(55.35,66.75,2.9));
#5353=CARTESIAN_POINT('',(55.35,68.,2.7));
#5354=CARTESIAN_POINT('Origin',(102.,39.,1.2));
#5355=CARTESIAN_POINT('',(57.55,15.,1.2));
#5356=CARTESIAN_POINT('',(79.725,15.,1.2));
#5357=CARTESIAN_POINT('',(57.55,10.,1.2));
#5358=CARTESIAN_POINT('',(57.55,24.5,1.2));
#5359=CARTESIAN_POINT('',(68.2944619610917,9.99999977648258,1.19999997317791));
#5360=CARTESIAN_POINT('',(194.,10.,1.2));
#5361=CARTESIAN_POINT('',(68.2944619610917,24.8,1.2));
#5362=CARTESIAN_POINT('',(98.2944619610917,10.6,1.2));
#5363=CARTESIAN_POINT('',(98.2944619610917,24.8,1.2));
#5364=CARTESIAN_POINT('',(140.294461961092,10.6,1.2));
#5365=CARTESIAN_POINT('',(106.147230980546,10.5999997630715,1.2));
#5366=CARTESIAN_POINT('',(140.294461961092,10.,1.2));
#5367=CARTESIAN_POINT('',(140.294461961092,24.5,1.2));
#5368=CARTESIAN_POINT('',(194.,10.,1.2));
#5369=CARTESIAN_POINT('',(142.55,49.5,1.2));
#5370=CARTESIAN_POINT('',(142.55,44.25,1.2));
#5371=CARTESIAN_POINT('',(144.65,49.5,1.2));
#5372=CARTESIAN_POINT('',(123.325,49.5,1.2));
#5373=CARTESIAN_POINT('',(144.65,55.5,1.2));
#5374=CARTESIAN_POINT('Origin',(98.,69.,1.2));
#5375=CARTESIAN_POINT('',(140.294461961092,53.5,1.2));
#5376=CARTESIAN_POINT('',(98.2944619610917,67.15,1.2));
#5377=CARTESIAN_POINT('',(98.2944619610917,53.2,1.2));
#5378=CARTESIAN_POINT('',(68.2944619610917,67.15,1.2));
#5379=CARTESIAN_POINT('',(92.6472309805459,67.15,1.2));
#5380=CARTESIAN_POINT('',(68.2944619610917,68.,1.2));
#5381=CARTESIAN_POINT('',(68.2944619610917,53.2,1.2));
#5382=CARTESIAN_POINT('',(57.55,68.,1.2));
#5383=CARTESIAN_POINT('',(10.,68.,1.2));
#5384=CARTESIAN_POINT('',(57.55,63.,1.2));
#5385=CARTESIAN_POINT('',(57.55,51.,1.2));
#5386=CARTESIAN_POINT('',(78.675,63.,1.2));
#5387=CARTESIAN_POINT('',(62.75,66.,1.2));
#5388=CARTESIAN_POINT('',(62.75,12.,1.2));
#5389=CARTESIAN_POINT('',(62.75,25.5,1.2));
#5390=CARTESIAN_POINT('',(141.25,66.,1.2));
#5391=CARTESIAN_POINT('',(82.375,66.,1.2));
#5392=CARTESIAN_POINT('',(141.25,12.,1.2));
#5393=CARTESIAN_POINT('',(141.25,52.5,1.2));
#5394=CARTESIAN_POINT('',(121.625,12.,1.2));
#5395=CARTESIAN_POINT('Origin',(55.35,15.,1.2));
#5396=CARTESIAN_POINT('',(55.35,10.,2.9));
#5397=CARTESIAN_POINT('',(55.35,10.,2.7));
#5398=CARTESIAN_POINT('',(55.35,15.,2.9));
#5399=CARTESIAN_POINT('',(55.35,13.75,2.9));
#5400=CARTESIAN_POINT('',(55.35,15.,1.2));
#5401=CARTESIAN_POINT('Origin',(144.65,72.,1.2));
#5402=CARTESIAN_POINT('',(144.65,49.5,2.8));
#5403=CARTESIAN_POINT('',(144.65,49.5,1.2));
#5404=CARTESIAN_POINT('',(144.65,56.5,2.8));
#5405=CARTESIAN_POINT('Origin',(169.325,41.,2.8));
#5406=CARTESIAN_POINT('',(192.,10.,2.8));
#5407=CARTESIAN_POINT('',(181.6625,10.,2.8));
#5408=CARTESIAN_POINT('',(194.,12.,2.8));
#5409=CARTESIAN_POINT('Origin',(192.,12.,2.8));
#5410=CARTESIAN_POINT('',(194.,66.,2.8));
#5411=CARTESIAN_POINT('',(194.,54.5,2.8));
#5412=CARTESIAN_POINT('',(192.,68.,2.8));
#5413=CARTESIAN_POINT('Origin',(192.,66.,2.8));
#5414=CARTESIAN_POINT('',(188.826227813372,68.,2.8));
#5415=CARTESIAN_POINT('',(89.6625,68.,2.8));
#5416=CARTESIAN_POINT('',(187.826227813372,69.,2.8));
#5417=CARTESIAN_POINT('Origin',(188.826227813372,69.,2.8));
#5418=CARTESIAN_POINT('',(187.826227813372,56.5,2.8));
#5419=CARTESIAN_POINT('',(144.65,34.75,2.8));
#5420=CARTESIAN_POINT('Origin',(187.826227813372,72.,4.2));
#5421=CARTESIAN_POINT('',(187.826227813372,69.,4.2));
#5422=CARTESIAN_POINT('Origin',(188.826227813372,69.,4.2));
#5423=CARTESIAN_POINT('',(188.826227813372,68.,4.2));
#5424=CARTESIAN_POINT('Origin',(10.,68.,4.2));
#5425=CARTESIAN_POINT('',(192.,68.,4.2));
#5426=CARTESIAN_POINT('Origin',(192.,66.,4.2));
#5427=CARTESIAN_POINT('',(194.,66.,4.2));
#5428=CARTESIAN_POINT('Origin',(194.,68.,4.2));
#5429=CARTESIAN_POINT('',(194.,12.,4.2));
#5430=CARTESIAN_POINT('Origin',(192.,12.,4.2));
#5431=CARTESIAN_POINT('',(192.,10.,4.2));
#5432=CARTESIAN_POINT('Origin',(203.5,19.5,1.3));
#5433=CARTESIAN_POINT('',(204.,75.5,1.8));
#5434=CARTESIAN_POINT('',(203.,75.5,0.8));
#5435=CARTESIAN_POINT('',(204.,2.5,1.8));
#5436=CARTESIAN_POINT('',(204.,19.5,1.8));
#5437=CARTESIAN_POINT('',(204.,2.5,1.8));
#5438=CARTESIAN_POINT('Origin',(201.5,75.5,1.3));
#5439=CARTESIAN_POINT('Origin',(201.5,75.5,1.8));
#5440=CARTESIAN_POINT('Origin',(153.,77.5,1.3));
#5441=CARTESIAN_POINT('',(2.5,77.,0.8));
#5442=CARTESIAN_POINT('Origin',(2.5,75.5,1.3));
#5443=CARTESIAN_POINT('',(0.,75.5,1.8));
#5444=CARTESIAN_POINT('',(0.999999999999999,75.5,0.8));
#5445=CARTESIAN_POINT('Origin',(2.5,75.5,1.8));
#5446=CARTESIAN_POINT('Origin',(0.499999999999998,58.5,1.3));
#5447=CARTESIAN_POINT('',(0.,2.5,1.8));
#5448=CARTESIAN_POINT('',(0.999999999999996,2.5,0.8));
#5449=CARTESIAN_POINT('',(0.,58.5,1.8));
#5450=CARTESIAN_POINT('Origin',(2.5,2.5,1.3));
#5451=CARTESIAN_POINT('Origin',(2.5,2.5,1.8));
#5452=CARTESIAN_POINT('Origin',(201.5,2.5,1.3));
#5453=CARTESIAN_POINT('Origin',(201.5,2.5,1.8));
#5454=CARTESIAN_POINT('Origin',(2.5,2.5,0.));
#5455=CARTESIAN_POINT('',(0.,2.5,0.));
#5456=CARTESIAN_POINT('Origin',(201.5,2.5,0.));
#5457=CARTESIAN_POINT('',(204.,2.5,0.));
#5458=CARTESIAN_POINT('Origin',(204.,-1.92592994438724E-33,0.));
#5459=CARTESIAN_POINT('',(204.,75.5,0.));
#5460=CARTESIAN_POINT('',(204.,53.65,3.8));
#5461=CARTESIAN_POINT('',(204.,53.65,2.5));
#5462=CARTESIAN_POINT('',(204.,43.15,3.8));
#5463=CARTESIAN_POINT('',(204.,24.2,3.8));
#5464=CARTESIAN_POINT('',(204.,43.15,2.5));
#5465=CARTESIAN_POINT('Origin',(98.2944619610917,67.4,1.2));
#5466=CARTESIAN_POINT('',(98.2944619610917,67.15,1.8));
#5467=CARTESIAN_POINT('Origin',(83.2944619610917,67.15,2.4));
#5468=CARTESIAN_POINT('',(68.2944619610917,67.15,3.6));
#5469=CARTESIAN_POINT('',(104.294461961092,67.15,3.6));
#5470=CARTESIAN_POINT('',(68.2944619610917,67.15,2.4));
#5471=CARTESIAN_POINT('Origin',(98.2944619610917,10.6,3.6));
#5472=CARTESIAN_POINT('',(98.2944619610917,10.6,2.4));
#5473=CARTESIAN_POINT('Origin',(68.2944619610917,10.2999997697771,2.39999994635582));
#5474=CARTESIAN_POINT('',(68.2944619610917,9.99999977648258,3.59999991953373));
#5475=CARTESIAN_POINT('',(68.2944619610917,10.,3.29999997317791));
#5476=CARTESIAN_POINT('',(68.2944619610917,9.99999977648258,3.59999991953373));
#5477=CARTESIAN_POINT('Origin',(194.,10.,4.2));
#5478=CARTESIAN_POINT('',(12.,10.,4.2));
#5479=CARTESIAN_POINT('',(140.294461961092,10.,3.6));
#5480=CARTESIAN_POINT('',(140.294461961092,10.,2.7));
#5481=CARTESIAN_POINT('',(152.147230980546,10.,3.59999991953373));
#5482=CARTESIAN_POINT('',(57.55,10.,2.9));
#5483=CARTESIAN_POINT('',(57.55,10.,2.7));
#5484=CARTESIAN_POINT('',(57.45,10.,2.9));
#5485=CARTESIAN_POINT('Origin',(68.2944619610917,68.1,2.4));
#5486=CARTESIAN_POINT('',(68.2944619610917,68.,3.6));
#5487=CARTESIAN_POINT('',(68.2944619610917,68.,3.3));
#5488=CARTESIAN_POINT('',(68.2944619610917,67.4,3.6));
#5489=CARTESIAN_POINT('Origin',(98.,69.,4.2));
#5490=CARTESIAN_POINT('',(98.,68.,3.6));
#5491=CARTESIAN_POINT('Origin',(98.,69.,3.6));
#5492=CARTESIAN_POINT('',(98.,68.,4.2));
#5493=CARTESIAN_POINT('Origin',(125.294461961092,67.25,2.8));
#5494=CARTESIAN_POINT('',(140.294461961092,11.5,2.8));
#5495=CARTESIAN_POINT('',(110.294461961092,11.5,2.8));
#5496=CARTESIAN_POINT('',(140.294461961092,11.5,2.8));
#5497=CARTESIAN_POINT('Origin',(125.294461961092,67.25,2.8));
#5498=CARTESIAN_POINT('',(140.294461961092,66.5,2.8));
#5499=CARTESIAN_POINT('',(140.294461961092,66.5,2.8));
#5500=CARTESIAN_POINT('',(110.294461961092,66.5,2.8));
#5501=CARTESIAN_POINT('Origin',(140.294461961092,10.6,1.2));
#5502=CARTESIAN_POINT('',(140.294461961092,10.6,1.2));
#5503=CARTESIAN_POINT('Origin',(57.55,63.,1.2));
#5504=CARTESIAN_POINT('',(57.55,68.,2.9));
#5505=CARTESIAN_POINT('',(57.55,63.,2.9));
#5506=CARTESIAN_POINT('',(57.55,64.25,2.9));
#5507=CARTESIAN_POINT('',(57.55,63.,1.2));
#5508=CARTESIAN_POINT('',(57.55,68.,2.7));
#5509=CARTESIAN_POINT('Origin',(57.55,10.,1.2));
#5510=CARTESIAN_POINT('',(57.55,15.,2.9));
#5511=CARTESIAN_POINT('',(57.55,11.25,2.9));
#5512=CARTESIAN_POINT('',(57.55,15.,1.2));
#5513=CARTESIAN_POINT('Origin',(56.4,65.5,2.9));
#5514=CARTESIAN_POINT('',(33.725,68.,2.9));
#5515=CARTESIAN_POINT('',(55.875,63.,2.9));
#5516=CARTESIAN_POINT('Origin',(56.4,12.5,2.9));
#5517=CARTESIAN_POINT('',(56.925,15.,2.9));
#5518=CARTESIAN_POINT('Origin',(55.35,63.,1.2));
#5519=CARTESIAN_POINT('Origin',(140.294461961092,11.5,3.6));
#5520=CARTESIAN_POINT('',(140.294461961092,11.5,3.6));
#5521=CARTESIAN_POINT('',(110.294461961092,11.5,3.6));
#5522=CARTESIAN_POINT('',(140.294461961092,11.5,3.6));
#5523=CARTESIAN_POINT('Origin',(125.294461961092,10.75,3.6));
#5524=CARTESIAN_POINT('',(140.294461961092,11.5,3.6));
#5525=CARTESIAN_POINT('Origin',(140.294461961092,67.3,1.2));
#5526=CARTESIAN_POINT('Origin',(195.5,53.65,5.));
#5527=CARTESIAN_POINT('',(195.5,53.65,3.8));
#5528=CARTESIAN_POINT('',(195.5,53.65,5.));
#5529=CARTESIAN_POINT('',(204.,53.65,3.8));
#5530=CARTESIAN_POINT('Origin',(195.5,43.15,5.));
#5531=CARTESIAN_POINT('',(195.5,43.15,3.8));
#5532=CARTESIAN_POINT('',(195.5,43.15,5.));
#5533=CARTESIAN_POINT('',(195.5,53.65,3.8));
#5534=CARTESIAN_POINT('Origin',(204.,43.15,5.));
#5535=CARTESIAN_POINT('',(195.5,43.15,3.8));
#5536=CARTESIAN_POINT('Origin',(199.75,48.4,3.8));
#5537=CARTESIAN_POINT('Origin',(141.435109838254,49.5,4.20000000000001));
#5538=CARTESIAN_POINT('',(141.435109838254,49.5,4.20000000000001));
#5539=CARTESIAN_POINT('',(141.435109838254,49.5,3.81489016174569));
#5540=CARTESIAN_POINT('',(141.435109838254,49.5,4.20000000000001));
#5541=CARTESIAN_POINT('',(141.435109838254,49.5,3.81489016174569));
#5542=CARTESIAN_POINT('',(141.435109838254,49.5,4.20000000000001));
#5543=CARTESIAN_POINT('Origin',(141.435109838254,49.5,3.81489016174569));
#5544=CARTESIAN_POINT('',(142.55,49.5,2.7));
#5545=CARTESIAN_POINT('',(142.55,49.5,2.7));
#5546=CARTESIAN_POINT('',(142.55,49.5,2.7));
#5547=CARTESIAN_POINT('Origin',(57.45,15.,1.2));
#5548=CARTESIAN_POINT('Origin',(140.294461961092,66.5,3.6));
#5549=CARTESIAN_POINT('',(140.294461961092,66.5,3.6));
#5550=CARTESIAN_POINT('',(110.294461961092,66.5,3.6));
#5551=CARTESIAN_POINT('',(140.294461961092,66.5,3.6));
#5552=CARTESIAN_POINT('Origin',(125.294461961092,67.25,3.6));
#5553=CARTESIAN_POINT('',(60.1472309805459,68.,3.6));
#5554=CARTESIAN_POINT('',(140.294461961092,66.5,3.6));
#5555=CARTESIAN_POINT('Origin',(140.294461961092,67.3,1.2));
#5556=CARTESIAN_POINT('Origin',(142.55,49.5,1.2));
#5557=CARTESIAN_POINT('',(142.55,49.5,1.2));
#5558=CARTESIAN_POINT('Origin',(144.65,49.5,1.2));
#5559=CARTESIAN_POINT('',(144.65,49.5,4.2));
#5560=CARTESIAN_POINT('',(121.275,49.5,4.2));
#5561=CARTESIAN_POINT('',(144.65,49.5,1.2));
#5562=CARTESIAN_POINT('Origin',(144.65,28.5,1.2));
#5563=CARTESIAN_POINT('',(144.65,48.875,4.2));
#5564=CARTESIAN_POINT('Origin',(100.,48.25,4.2));
#5565=CARTESIAN_POINT('Origin',(10.,68.,4.2));
#5566=CARTESIAN_POINT('',(12.,68.,4.2));
#5567=CARTESIAN_POINT('Origin',(12.,66.,4.2));
#5568=CARTESIAN_POINT('',(10.,66.,4.2));
#5569=CARTESIAN_POINT('Origin',(10.,10.,4.2));
#5570=CARTESIAN_POINT('',(10.,12.,4.2));
#5571=CARTESIAN_POINT('Origin',(12.,12.,4.2));
#5572=CARTESIAN_POINT('Origin',(62.75,66.,0.));
#5573=CARTESIAN_POINT('',(62.75,66.,0.));
#5574=CARTESIAN_POINT('',(141.25,66.,0.));
#5575=CARTESIAN_POINT('Origin',(62.75,12.,0.));
#5576=CARTESIAN_POINT('',(62.75,12.,0.));
#5577=CARTESIAN_POINT('Origin',(201.5,75.5,0.));
#5578=CARTESIAN_POINT('Origin',(2.5,75.5,0.));
#5579=CARTESIAN_POINT('',(0.,75.5,0.));
#5580=CARTESIAN_POINT('Origin',(-6.16297582203915E-32,78.,0.));
#5581=CARTESIAN_POINT('Origin',(141.25,12.,0.));
#5582=CARTESIAN_POINT('',(141.25,12.,0.));
#5583=CARTESIAN_POINT('Origin',(141.25,66.,0.));
#5584=CARTESIAN_POINT('Origin',(4.5,16.5,5.8));
#5585=CARTESIAN_POINT('',(6.05,16.5,5.8));
#5586=CARTESIAN_POINT('Origin',(4.5,61.5,5.8));
#5587=CARTESIAN_POINT('',(6.05,61.5,5.8));
#5588=CARTESIAN_POINT('Origin',(199.5,16.5,5.8));
#5589=CARTESIAN_POINT('',(201.05,16.5,5.8));
#5590=CARTESIAN_POINT('Origin',(199.5,61.5,5.8));
#5591=CARTESIAN_POINT('',(201.05,61.5,5.8));
#5592=UNCERTAINTY_MEASURE_WITH_UNIT(LENGTH_MEASURE(0.01),#5596,
'DISTANCE_ACCURACY_VALUE',
'Maximum model space distance between geometric entities at asserted c
onnectivities');
#5593=UNCERTAINTY_MEASURE_WITH_UNIT(LENGTH_MEASURE(0.01),#5596,
'DISTANCE_ACCURACY_VALUE',
'Maximum model space distance between geometric entities at asserted c
onnectivities');
#5594=(
GEOMETRIC_REPRESENTATION_CONTEXT(3)
GLOBAL_UNCERTAINTY_ASSIGNED_CONTEXT((#5592))
GLOBAL_UNIT_ASSIGNED_CONTEXT((#5596,#5597,#5598))
REPRESENTATION_CONTEXT('','3D')
);
#5595=(
GEOMETRIC_REPRESENTATION_CONTEXT(3)
GLOBAL_UNCERTAINTY_ASSIGNED_CONTEXT((#5593))
GLOBAL_UNIT_ASSIGNED_CONTEXT((#5596,#5597,#5598))
REPRESENTATION_CONTEXT('','3D')
);
#5596=(
LENGTH_UNIT()
NAMED_UNIT(*)
SI_UNIT(.MILLI.,.METRE.)
);
#5597=(
NAMED_UNIT(*)
PLANE_ANGLE_UNIT()
SI_UNIT($,.RADIAN.)
);
#5598=(
NAMED_UNIT(*)
SI_UNIT($,.STERADIAN.)
SOLID_ANGLE_UNIT()
);
#5599=SHAPE_DEFINITION_REPRESENTATION(#5600,#5601);
#5600=PRODUCT_DEFINITION_SHAPE('',$,#5603);
#5601=SHAPE_REPRESENTATION('',(#3496),#5594);
#5602=PRODUCT_DEFINITION_CONTEXT('part definition',#5607,'design');
#5603=PRODUCT_DEFINITION('2026-08-29-10-12-07-042','faceplate',#5604,#5602);
#5604=PRODUCT_DEFINITION_FORMATION('',$,#5609);
#5605=PRODUCT_RELATED_PRODUCT_CATEGORY('faceplate','faceplate',(#5609));
#5606=APPLICATION_PROTOCOL_DEFINITION('international standard',
'automotive_design',2009,#5607);
#5607=APPLICATION_CONTEXT(
'Core Data for Automotive Mechanical Design Process');
#5608=PRODUCT_CONTEXT('part definition',#5607,'mechanical');
#5609=PRODUCT('2026-08-29-10-12-07-042','faceplate',$,(#5608));
#5610=PRESENTATION_STYLE_ASSIGNMENT((#5613));
#5611=PRESENTATION_STYLE_ASSIGNMENT((#5614));
#5612=PRESENTATION_STYLE_ASSIGNMENT((#5615));
#5613=SURFACE_STYLE_USAGE(.BOTH.,#5616);
#5614=SURFACE_STYLE_USAGE(.BOTH.,#5617);
#5615=SURFACE_STYLE_USAGE(.BOTH.,#5618);
#5616=SURFACE_SIDE_STYLE('',(#5619));
#5617=SURFACE_SIDE_STYLE('',(#5620));
#5618=SURFACE_SIDE_STYLE('',(#5621));
#5619=SURFACE_STYLE_FILL_AREA(#5622);
#5620=SURFACE_STYLE_FILL_AREA(#5623);
#5621=SURFACE_STYLE_FILL_AREA(#5624);
#5622=FILL_AREA_STYLE('Stahl - satiniert',(#5625));
#5623=FILL_AREA_STYLE('Opaque(219,188,126)',(#5626));
#5624=FILL_AREA_STYLE('Kunststoff - matt (Schwarz)',(#5627));
#5625=FILL_AREA_STYLE_COLOUR('Stahl - satiniert',#5628);
#5626=FILL_AREA_STYLE_COLOUR('Opaque(219,188,126)',#5629);
#5627=FILL_AREA_STYLE_COLOUR('Kunststoff - matt (Schwarz)',#5630);
#5628=COLOUR_RGB('Stahl - satiniert',0.627450980392157,0.627450980392157,
0.627450980392157);
#5629=COLOUR_RGB('Opaque(219,188,126)',1.,0.549019607843137,0.);
#5630=COLOUR_RGB('Kunststoff - matt (Schwarz)',0.2,0.2,0.2);
ENDSEC;
END-ISO-10303-21;
