ISO-10303-21;
HEADER;
/* Generated by software containing ST-Developer
 * from STEP Tools, Inc. (www.steptools.com) 
 */

FILE_DESCRIPTION(
/* description */ (''),
/* implementation_level */ '2;1');

FILE_NAME(
/* name */ 'left.step',
/* time_stamp */ '2026-03-30T11:10:52+02:00',
/* author */ (''),
/* organization */ (''),
/* preprocessor_version */ 'ST-DEVELOPER v20.1',
/* originating_system */ 'Autodesk Translation Framework v14.24.0.0',
/* authorisation */ '');

FILE_SCHEMA (('AUTOMOTIVE_DESIGN { 1 0 10303 214 3 1 1 }'));
ENDSEC;

DATA;
#10=MECHANICAL_DESIGN_GEOMETRIC_PRESENTATION_REPRESENTATION('',(#13),#8520);
#11=SHAPE_REPRESENTATION_RELATIONSHIP('SRR','None',#8527,#12);
#12=ADVANCED_BREP_SHAPE_REPRESENTATION('',(#14),#8519);
#13=STYLED_ITEM('',(#8537),#14);
#14=MANIFOLD_SOLID_BREP('K\X\F6rper1',#4494);
#15=ELLIPSE('',#4647,20.4180810420123,9.8273464992091);
#16=ELLIPSE('',#4648,25.5315714732874,12.0081023552635);
#17=ELLIPSE('',#4650,25.5315714635285,12.0081023485109);
#18=ELLIPSE('',#4660,25.5315714708075,12.0081023536423);
#19=ELLIPSE('',#4662,25.5315714846562,12.008102363237);
#20=ELLIPSE('',#4663,20.417745762216,9.82716669583654);
#21=B_SPLINE_SURFACE_WITH_KNOTS('',3,3,((#6745,#6746,#6747,#6748),(#6749,
#6750,#6751,#6752),(#6753,#6754,#6755,#6756),(#6757,#6758,#6759,#6760)),
 .UNSPECIFIED.,.F.,.F.,.F.,(4,4),(4,4),(0.,1.),(-0.635387914034855,-0.392886268623425),
 .UNSPECIFIED.);
#22=B_SPLINE_SURFACE_WITH_KNOTS('',3,3,((#6774,#6775,#6776,#6777),(#6778,
#6779,#6780,#6781),(#6782,#6783,#6784,#6785),(#6786,#6787,#6788,#6789)),
 .UNSPECIFIED.,.F.,.F.,.F.,(4,4),(4,4),(0.,1.),(0.392886268623424,0.635387914034851),
 .UNSPECIFIED.);
#23=B_SPLINE_SURFACE_WITH_KNOTS('',3,3,((#6800,#6801,#6802,#6803),(#6804,
#6805,#6806,#6807),(#6808,#6809,#6810,#6811),(#6812,#6813,#6814,#6815)),
 .UNSPECIFIED.,.F.,.F.,.F.,(4,4),(4,4),(0.,1.),(0.924940744457564,1.06508003112996),
 .UNSPECIFIED.);
#24=B_SPLINE_SURFACE_WITH_KNOTS('',3,3,((#6826,#6827,#6828,#6829),(#6830,
#6831,#6832,#6833),(#6834,#6835,#6836,#6837),(#6838,#6839,#6840,#6841)),
 .UNSPECIFIED.,.F.,.F.,.F.,(4,4),(4,4),(0.,1.),(-1.06508003112996,-0.924940744457566),
 .UNSPECIFIED.);
#25=B_SPLINE_SURFACE_WITH_KNOTS('',3,3,((#6933,#6934,#6935,#6936),(#6937,
#6938,#6939,#6940),(#6941,#6942,#6943,#6944),(#6945,#6946,#6947,#6948)),
 .UNSPECIFIED.,.F.,.F.,.F.,(4,4),(4,4),(0.,1.),(0.924940744457564,1.06508003112996),
 .UNSPECIFIED.);
#26=B_SPLINE_SURFACE_WITH_KNOTS('',3,3,((#6959,#6960,#6961,#6962),(#6963,
#6964,#6965,#6966),(#6967,#6968,#6969,#6970),(#6971,#6972,#6973,#6974)),
 .UNSPECIFIED.,.F.,.F.,.F.,(4,4),(4,4),(0.,1.),(-1.06508003112996,-0.924940744457565),
 .UNSPECIFIED.);
#27=B_SPLINE_SURFACE_WITH_KNOTS('',3,3,((#6990,#6991,#6992,#6993),(#6994,
#6995,#6996,#6997),(#6998,#6999,#7000,#7001),(#7002,#7003,#7004,#7005)),
 .UNSPECIFIED.,.F.,.F.,.F.,(4,4),(4,4),(0.,1.),(0.392886268623425,0.635387914034851),
 .UNSPECIFIED.);
#28=B_SPLINE_SURFACE_WITH_KNOTS('',3,3,((#7036,#7037,#7038,#7039),(#7040,
#7041,#7042,#7043),(#7044,#7045,#7046,#7047),(#7048,#7049,#7050,#7051)),
 .UNSPECIFIED.,.F.,.F.,.F.,(4,4),(4,4),(0.,1.),(-0.635387914034855,-0.392886268623425),
 .UNSPECIFIED.);
#29=B_SPLINE_SURFACE_WITH_KNOTS('',3,3,((#7349,#7350,#7351,#7352,#7353,
#7354,#7355,#7356,#7357,#7358,#7359,#7360,#7361,#7362,#7363,#7364,#7365,
#7366,#7367,#7368,#7369,#7370,#7371,#7372,#7373,#7374,#7375,#7376,#7377,
#7378,#7379,#7380,#7381,#7382),(#7383,#7384,#7385,#7386,#7387,#7388,#7389,
#7390,#7391,#7392,#7393,#7394,#7395,#7396,#7397,#7398,#7399,#7400,#7401,
#7402,#7403,#7404,#7405,#7406,#7407,#7408,#7409,#7410,#7411,#7412,#7413,
#7414,#7415,#7416),(#7417,#7418,#7419,#7420,#7421,#7422,#7423,#7424,#7425,
#7426,#7427,#7428,#7429,#7430,#7431,#7432,#7433,#7434,#7435,#7436,#7437,
#7438,#7439,#7440,#7441,#7442,#7443,#7444,#7445,#7446,#7447,#7448,#7449,
#7450),(#7451,#7452,#7453,#7454,#7455,#7456,#7457,#7458,#7459,#7460,#7461,
#7462,#7463,#7464,#7465,#7466,#7467,#7468,#7469,#7470,#7471,#7472,#7473,
#7474,#7475,#7476,#7477,#7478,#7479,#7480,#7481,#7482,#7483,#7484)),
 .UNSPECIFIED.,.F.,.T.,.F.,(4,4),(4,2,1,1,1,1,1,1,1,1,1,1,1,1,1,1,1,1,2,
1,1,1,1,1,1,1,1,2,4),(0.,1.00332618878896),(0.,0.0599094397973812,0.139500531077114,
0.219091622356846,0.298682713636579,0.378273804916311,0.477762669015977,
0.537455987475776,0.617047078755509,0.696638170035241,0.776229261314974,
0.855820352594707,0.935411443874439,1.01500253515417,1.05479808079404,1.0945936264339,
1.17418471771364,1.25377580899337,1.3333669002731,1.54303675561619,1.59545421945196,
1.67408041520562,1.75270661095928,1.85754153863082,1.96237646630237,2.06721139397391,
2.0934201258918,2.17204632164546,2.23195576144284),.UNSPECIFIED.);
#30=B_SPLINE_SURFACE_WITH_KNOTS('',3,3,((#7691,#7692,#7693,#7694,#7695,
#7696,#7697,#7698,#7699,#7700,#7701,#7702,#7703,#7704,#7705,#7706,#7707,
#7708,#7709,#7710,#7711,#7712,#7713,#7714,#7715,#7716,#7717,#7718,#7719,
#7720,#7721,#7722,#7723,#7724,#7725,#7726,#7727),(#7728,#7729,#7730,#7731,
#7732,#7733,#7734,#7735,#7736,#7737,#7738,#7739,#7740,#7741,#7742,#7743,
#7744,#7745,#7746,#7747,#7748,#7749,#7750,#7751,#7752,#7753,#7754,#7755,
#7756,#7757,#7758,#7759,#7760,#7761,#7762,#7763,#7764),(#7765,#7766,#7767,
#7768,#7769,#7770,#7771,#7772,#7773,#7774,#7775,#7776,#7777,#7778,#7779,
#7780,#7781,#7782,#7783,#7784,#7785,#7786,#7787,#7788,#7789,#7790,#7791,
#7792,#7793,#7794,#7795,#7796,#7797,#7798,#7799,#7800,#7801),(#7802,#7803,
#7804,#7805,#7806,#7807,#7808,#7809,#7810,#7811,#7812,#7813,#7814,#7815,
#7816,#7817,#7818,#7819,#7820,#7821,#7822,#7823,#7824,#7825,#7826,#7827,
#7828,#7829,#7830,#7831,#7832,#7833,#7834,#7835,#7836,#7837,#7838)),
 .UNSPECIFIED.,.F.,.T.,.F.,(4,4),(4,1,1,1,1,1,1,1,1,1,1,1,2,1,2,1,1,1,1,
2,1,1,1,1,1,1,1,1,1,1,1,4),(-0.00102685697533764,1.),(0.,0.124519875140832,
0.186779812711248,0.249039750281664,0.31129968785208,0.498079500563328,
0.529209469348536,0.560339438133744,0.62259937570416,0.747119250844992,
0.871639125985824,0.902769094771032,0.996159001126656,1.011136361076,1.05606844092404,
1.12346656069609,1.14593260062011,1.16839864054413,1.19086468046814,1.23579676031618,
1.3291866666718,1.36031663545701,1.48483651059784,1.60935638573868,1.67161632330909,
1.7027462920943,1.73387626087951,1.92065607359076,1.98291601116117,2.04517594873159,
2.107435886302,2.23195576144284),.UNSPECIFIED.);
#31=B_SPLINE_CURVE_WITH_KNOTS('',3,(#6704,#6705,#6706,#6707,#6708,#6709),
 .UNSPECIFIED.,.F.,.F.,(4,2,4),(0.,0.0155801580839512,0.0312795586136551),
 .UNSPECIFIED.);
#32=B_SPLINE_CURVE_WITH_KNOTS('',3,(#6713,#6714,#6715,#6716,#6717,#6718),
 .UNSPECIFIED.,.F.,.F.,(4,2,4),(-0.052245541971797,-0.0261227379780221,
0.),.UNSPECIFIED.);
#33=B_SPLINE_CURVE_WITH_KNOTS('',3,(#6725,#6726,#6727,#6728,#6729,#6730),
 .UNSPECIFIED.,.F.,.F.,(4,2,4),(0.,0.0156997424660473,0.031280239880821),
 .UNSPECIFIED.);
#34=B_SPLINE_CURVE_WITH_KNOTS('',3,(#6739,#6740,#6741,#6742,#6743,#6744),
 .UNSPECIFIED.,.F.,.F.,(4,2,4),(0.,0.0261228076679338,0.0522455493174971),
 .UNSPECIFIED.);
#35=B_SPLINE_CURVE_WITH_KNOTS('',3,(#6762,#6763,#6764,#6765,#6766,#6767),
 .UNSPECIFIED.,.F.,.F.,(4,2,4),(0.,0.209942069230547,0.438798094357553),
 .UNSPECIFIED.);
#36=B_SPLINE_CURVE_WITH_KNOTS('',3,(#6770,#6771,#6772,#6773),
 .UNSPECIFIED.,.F.,.F.,(4,4),(0.392886268795998,0.635387914034855),
 .UNSPECIFIED.);
#37=B_SPLINE_CURVE_WITH_KNOTS('',3,(#6790,#6791,#6792,#6793),
 .UNSPECIFIED.,.F.,.F.,(4,4),(-0.635387914034851,-0.392886268795999),
 .UNSPECIFIED.);
#38=B_SPLINE_CURVE_WITH_KNOTS('',3,(#6794,#6795,#6796,#6797,#6798,#6799),
 .UNSPECIFIED.,.F.,.F.,(4,2,4),(-0.439145865081306,-0.229037509283982,-9.99999999461266E-7),
 .UNSPECIFIED.);
#39=B_SPLINE_CURVE_WITH_KNOTS('',3,(#6819,#6820,#6821,#6822,#6823,#6824),
 .UNSPECIFIED.,.F.,.F.,(4,2,4),(-0.339581464401549,-0.172261253307631,-9.99999992246813E-7),
 .UNSPECIFIED.);
#40=B_SPLINE_CURVE_WITH_KNOTS('',3,(#6843,#6844,#6845,#6846,#6847,#6848),
 .UNSPECIFIED.,.F.,.F.,(4,2,4),(-0.339550018195763,-0.167288278877986,0.),
 .UNSPECIFIED.);
#41=B_SPLINE_CURVE_WITH_KNOTS('',3,(#6874,#6875,#6876,#6877,#6878,#6879,
#6880,#6881,#6882,#6883,#6884,#6885,#6886,#6887,#6888,#6889,#6890,#6891,
#6892,#6893,#6894,#6895,#6896,#6897,#6898,#6899,#6900,#6901,#6902,#6903,
#6904,#6905,#6906,#6907),.UNSPECIFIED.,.T.,.F.,(4,2,1,1,1,1,1,1,1,1,2,1,
1,1,1,1,1,1,1,1,1,1,1,1,1,1,1,2,4),(-2.23195576144284,-2.17204632164546,
-2.0934201258918,-2.06721139397391,-1.96237646630237,-1.85754153863082,
-1.75270661095928,-1.67408041520562,-1.59545421945196,-1.54303675561619,
-1.3333669002731,-1.25377580899337,-1.17418471771364,-1.0945936264339,-1.05479808079404,
-1.01500253515417,-0.935411443874439,-0.855820352594707,-0.776229261314974,
-0.696638170035241,-0.617047078755509,-0.537455987475776,-0.477762669015977,
-0.378273804916311,-0.298682713636579,-0.219091622356846,-0.139500531077114,
-0.0599094397973812,0.),.UNSPECIFIED.);
#42=B_SPLINE_CURVE_WITH_KNOTS('',3,(#6915,#6916,#6917,#6918,#6919,#6920),
 .UNSPECIFIED.,.F.,.F.,(4,2,4),(0.,0.0261228076669676,0.0522455493288639),
 .UNSPECIFIED.);
#43=B_SPLINE_CURVE_WITH_KNOTS('',3,(#6924,#6925,#6926,#6927,#6928,#6929),
 .UNSPECIFIED.,.F.,.F.,(4,2,4),(0.,0.0156997425546338,0.0312802400789314),
 .UNSPECIFIED.);
#44=B_SPLINE_CURVE_WITH_KNOTS('',3,(#6952,#6953,#6954,#6955,#6956,#6957),
 .UNSPECIFIED.,.F.,.F.,(4,2,4),(-0.339581463663148,-0.172257783721489,-9.99999992257194E-7),
 .UNSPECIFIED.);
#45=B_SPLINE_CURVE_WITH_KNOTS('',3,(#6978,#6979,#6980,#6981,#6982,#6983),
 .UNSPECIFIED.,.F.,.F.,(4,2,4),(-0.33954998533175,-0.167315914303027,0.),
 .UNSPECIFIED.);
#46=B_SPLINE_CURVE_WITH_KNOTS('',3,(#6984,#6985,#6986,#6987,#6988,#6989),
 .UNSPECIFIED.,.F.,.F.,(4,2,4),(-0.0522455419023542,-0.026122737951269,
0.),.UNSPECIFIED.);
#47=B_SPLINE_CURVE_WITH_KNOTS('',3,(#7007,#7008,#7009,#7010,#7011,#7012),
 .UNSPECIFIED.,.F.,.F.,(4,2,4),(-0.439145731074626,-0.229037777421481,-9.99999998989148E-7),
 .UNSPECIFIED.);
#48=B_SPLINE_CURVE_WITH_KNOTS('',3,(#7014,#7015,#7016,#7017),
 .UNSPECIFIED.,.F.,.F.,(4,4),(-0.635387914034851,-0.392886268795999),
 .UNSPECIFIED.);
#49=B_SPLINE_CURVE_WITH_KNOTS('',3,(#7030,#7031,#7032,#7033,#7034,#7035),
 .UNSPECIFIED.,.F.,.F.,(4,2,4),(0.,0.0155801580876291,0.0312795585695797),
 .UNSPECIFIED.);
#50=B_SPLINE_CURVE_WITH_KNOTS('',3,(#7052,#7053,#7054,#7055),
 .UNSPECIFIED.,.F.,.F.,(4,4),(0.392886268795998,0.635387914034855),
 .UNSPECIFIED.);
#51=B_SPLINE_CURVE_WITH_KNOTS('',3,(#7056,#7057,#7058,#7059,#7060,#7061),
 .UNSPECIFIED.,.F.,.F.,(4,2,4),(-0.438798094657974,-0.209941372652298,0.),
 .UNSPECIFIED.);
#52=B_SPLINE_CURVE_WITH_KNOTS('',3,(#7087,#7088,#7089,#7090,#7091,#7092,
#7093,#7094,#7095,#7096,#7097,#7098,#7099,#7100,#7101,#7102,#7103,#7104,
#7105,#7106,#7107,#7108,#7109,#7110,#7111,#7112,#7113,#7114,#7115,#7116,
#7117,#7118,#7119,#7120,#7121,#7122,#7123,#7124,#7125,#7126,#7127,#7128,
#7129,#7130,#7131,#7132,#7133,#7134,#7135,#7136,#7137,#7138,#7139,#7140,
#7141,#7142,#7143,#7144,#7145,#7146,#7147,#7148,#7149,#7150,#7151,#7152,
#7153,#7154,#7155,#7156,#7157,#7158,#7159,#7160,#7161,#7162,#7163,#7164,
#7165,#7166,#7167,#7168,#7169,#7170,#7171,#7172,#7173,#7174,#7175,#7176,
#7177,#7178,#7179,#7180,#7181,#7182,#7183,#7184,#7185,#7186,#7187,#7188,
#7189,#7190,#7191,#7192,#7193,#7194,#7195,#7196,#7197,#7198,#7199,#7200,
#7201,#7202,#7203,#7204,#7205,#7206,#7207,#7208,#7209,#7210,#7211,#7212,
#7213,#7214,#7215,#7216,#7217,#7218,#7219,#7220,#7221,#7222,#7223,#7224,
#7225,#7226,#7227,#7228,#7229,#7230,#7231,#7232,#7233,#7234,#7235,#7236,
#7237,#7238,#7239,#7240,#7241,#7242,#7243,#7244,#7245,#7246,#7247,#7248,
#7249,#7250,#7251,#7252,#7253,#7254,#7255,#7256,#7257,#7258,#7259,#7260,
#7261,#7262,#7263,#7264,#7265,#7266,#7267,#7268,#7269,#7270,#7271,#7272,
#7273,#7274,#7275,#7276,#7277,#7278,#7279,#7280,#7281,#7282,#7283,#7284,
#7285,#7286,#7287,#7288,#7289,#7290,#7291,#7292,#7293,#7294,#7295,#7296,
#7297,#7298,#7299,#7300,#7301,#7302,#7303,#7304,#7305,#7306,#7307,#7308,
#7309,#7310,#7311,#7312,#7313,#7314,#7315,#7316,#7317,#7318,#7319,#7320,
#7321,#7322,#7323,#7324,#7325,#7326,#7327,#7328,#7329,#7330,#7331,#7332,
#7333,#7334,#7335,#7336,#7337,#7338,#7339,#7340,#7341,#7342,#7343,#7344,
#7345,#7346,#7347,#7348),.UNSPECIFIED.,.T.,.F.,(4,3,3,3,3,3,3,3,3,3,3,3,
3,3,3,3,3,3,3,3,3,3,3,3,3,3,3,3,3,3,3,3,3,3,3,3,3,3,3,3,3,3,3,3,3,3,3,3,
3,3,3,3,3,3,3,3,3,3,3,3,3,3,3,3,3,3,3,3,3,3,3,3,3,3,3,3,3,3,3,3,3,3,3,3,
3,3,3,4),(-2.23195576144284,-2.2027602885943,-2.17281564013329,-2.14238659482379,
-2.11123387538239,-2.107435886302,-2.0763059175168,-2.04934465546721,-2.04517594873159,
-2.0134009063978,-1.98291601116117,-1.95127215061237,-1.92065607359076,
-1.89061092270353,-1.86106697131121,-1.83181858424181,-1.80269058895025,
-1.77349242899111,-1.74396774149156,-1.73387626087951,-1.7137272720487,
-1.7027462920943,-1.67618519776716,-1.67161632330909,-1.63259135709361,
-1.60935638573868,-1.57415056082831,-1.5387967314307,-1.50300741785926,
-1.48483651059784,-1.44120100238144,-1.39576034379994,-1.36031663545701,
-1.33690232305109,-1.3291866666718,-1.30456172197967,-1.27955380140856,
-1.25318064631965,-1.23579676031618,-1.20597301635322,-1.19086468046814,
-1.16839864054413,-1.14593260062011,-1.12346656069609,-1.10170782496306,
-1.07743305841566,-1.05606844092404,-1.02063264846224,-1.011136361076,-0.996159001126656,
-0.969877478515843,-0.944589658595868,-0.920005961383916,-0.902769094771032,
-0.879366874856424,-0.871639125985824,-0.825875455421486,-0.782049593918721,
-0.747119250844992,-0.711376186249248,-0.675939815195398,-0.64074812691637,
-0.62259937570416,-0.583583541481164,-0.560339438133744,-0.533773821503507,
-0.529209469348536,-0.509061045310045,-0.498079500563328,-0.468601782769482,
-0.439387142926555,-0.410270897196216,-0.381004695910847,-0.35150289693212,
-0.321386201308593,-0.31129968785208,-0.279649771804044,-0.249039750281664,
-0.217261009176035,-0.186779812711248,-0.1598174467268,-0.129461709609887,
-0.124519875140832,-0.093389906355624,-0.0630805582243735,-0.0332543774040897,
-0.00403911111316698,0.),.UNSPECIFIED.);
#53=B_SPLINE_CURVE_WITH_KNOTS('',3,(#7488,#7489,#7490,#7491,#7492,#7493,
#7494,#7495,#7496,#7497,#7498,#7499,#7500,#7501,#7502,#7503,#7504,#7505,
#7506,#7507,#7508,#7509,#7510,#7511,#7512,#7513,#7514,#7515,#7516,#7517,
#7518,#7519,#7520,#7521,#7522,#7523,#7524,#7525,#7526,#7527,#7528,#7529),
 .UNSPECIFIED.,.F.,.F.,(4,2,2,2,2,2,2,2,2,2,2,2,2,2,2,2,2,2,2,2,4),(-2.95897096746855,
-2.78966829307246,-2.6261363089764,-2.51884713254445,-2.37676144184393,
-2.12682450264668,-2.04182343195628,-1.91759414972834,-1.6710502139442,
-1.52954627883364,-1.42697316565471,-1.21694910511648,-1.0655705562524,
-0.99731756852796,-0.871982007941663,-0.754687784893287,-0.66234470653651,
-0.617832017452934,-0.517828329833034,-0.430759894106336,-0.353276153474838),
 .UNSPECIFIED.);
#54=B_SPLINE_CURVE_WITH_KNOTS('',3,(#7530,#7531,#7532,#7533,#7534,#7535,
#7536,#7537,#7538,#7539,#7540,#7541,#7542,#7543,#7544,#7545,#7546,#7547,
#7548,#7549,#7550,#7551,#7552,#7553,#7554,#7555,#7556,#7557,#7558,#7559,
#7560,#7561,#7562,#7563,#7564,#7565,#7566,#7567,#7568,#7569,#7570,#7571,
#7572,#7573,#7574,#7575,#7576,#7577,#7578,#7579,#7580,#7581,#7582,#7583,
#7584,#7585,#7586,#7587,#7588,#7589,#7590,#7591,#7592,#7593,#7594,#7595,
#7596,#7597,#7598,#7599,#7600,#7601,#7602,#7603,#7604,#7605,#7606,#7607,
#7608,#7609,#7610,#7611,#7612,#7613,#7614,#7615,#7616,#7617,#7618,#7619,
#7620,#7621,#7622,#7623,#7624,#7625,#7626,#7627,#7628,#7629,#7630,#7631,
#7632,#7633,#7634,#7635,#7636,#7637,#7638,#7639,#7640,#7641,#7642,#7643,
#7644,#7645,#7646,#7647,#7648,#7649,#7650,#7651,#7652,#7653,#7654,#7655,
#7656,#7657,#7658,#7659,#7660,#7661,#7662,#7663,#7664,#7665,#7666,#7667,
#7668,#7669,#7670,#7671,#7672,#7673,#7674,#7675,#7676,#7677,#7678,#7679,
#7680,#7681,#7682,#7683,#7684,#7685,#7686),.UNSPECIFIED.,.F.,.F.,(4,3,3,
3,3,3,3,3,3,3,3,3,3,3,3,3,3,3,3,3,3,3,3,3,3,3,3,3,3,3,3,3,3,3,3,3,3,3,3,
3,3,3,3,3,3,3,3,3,3,3,3,3,4),(1.11597788072142,1.13932587225175,1.1624668601539,
1.17418471771364,1.19269198076797,1.21117129499852,1.22966240001781,1.24822641610384,
1.25377580899337,1.27480374329438,1.29596074957887,1.31740693436669,1.3333669002731,
1.35979383680783,1.3862488113736,1.41274864747704,1.43931189051938,1.46603027241383,
1.49284622803125,1.51988583179281,1.54303675561619,1.57091610086486,1.59545421945196,
1.61662143688579,1.63799111901452,1.65949355772329,1.67408041520562,1.70240696260708,
1.73068988268064,1.75270661095928,1.79255873856264,1.83250495171416,1.85754153863082,
1.89345205158729,1.92905668406175,1.96237646630237,1.98274614994223,2.00386246095015,
2.02349540316526,2.04277185656589,2.06148861243576,2.06721139397391,2.08441839872976,
2.0934201258918,2.11307667483022,2.13144082461289,2.14942126558482,2.16684989973157,
2.17204632164546,2.19096690354281,2.20964658757482,2.22803946287231,2.23195576144284),
 .UNSPECIFIED.);
#55=B_SPLINE_CURVE_WITH_KNOTS('',3,(#7841,#7842,#7843,#7844,#7845,#7846,
#7847,#7848,#7849,#7850,#7851,#7852,#7853,#7854,#7855,#7856,#7857,#7858,
#7859,#7860,#7861,#7862,#7863,#7864,#7865,#7866,#7867,#7868,#7869,#7870,
#7871,#7872,#7873,#7874,#7875,#7876,#7877),.UNSPECIFIED.,.T.,.F.,(4,1,1,
1,1,1,1,1,1,1,1,1,2,1,2,1,1,1,1,2,1,1,1,1,1,1,1,1,1,1,1,4),(0.,0.124519875140832,
0.186779812711248,0.249039750281664,0.31129968785208,0.498079500563328,
0.529209469348536,0.560339438133744,0.62259937570416,0.747119250844992,
0.871639125985824,0.902769094771032,0.996159001126656,1.011136361076,1.05606844092404,
1.12346656069609,1.14593260062011,1.16839864054413,1.19086468046814,1.23579676031618,
1.3291866666718,1.36031663545701,1.48483651059784,1.60935638573868,1.67161632330909,
1.7027462920943,1.73387626087951,1.92065607359076,1.98291601116117,2.04517594873159,
2.107435886302,2.23195576144284),.UNSPECIFIED.);
#56=(
BOUNDED_CURVE()
B_SPLINE_CURVE(2,(#6371,#6372,#6373),.UNSPECIFIED.,.F.,.F.)
B_SPLINE_CURVE_WITH_KNOTS((3,3),(0.235702292040426,0.471404584080853),
 .UNSPECIFIED.)
CURVE()
GEOMETRIC_REPRESENTATION_ITEM()
RATIONAL_B_SPLINE_CURVE((1.,1.02469507659602,1.))
REPRESENTATION_ITEM('')
);
#57=(
BOUNDED_CURVE()
B_SPLINE_CURVE(2,(#6407,#6408,#6409),.UNSPECIFIED.,.F.,.F.)
B_SPLINE_CURVE_WITH_KNOTS((3,3),(0.,0.235702292040426),.UNSPECIFIED.)
CURVE()
GEOMETRIC_REPRESENTATION_ITEM()
RATIONAL_B_SPLINE_CURVE((1.,1.02469507659588,1.))
REPRESENTATION_ITEM('')
);
#58=(
BOUNDED_CURVE()
B_SPLINE_CURVE(2,(#6700,#6701,#6702),.UNSPECIFIED.,.F.,.F.)
B_SPLINE_CURVE_WITH_KNOTS((3,3),(-2.86178339153691,-2.82758600237832),
 .UNSPECIFIED.)
CURVE()
GEOMETRIC_REPRESENTATION_ITEM()
RATIONAL_B_SPLINE_CURVE((1.30675867150484,1.30587434976463,1.30496735920174))
REPRESENTATION_ITEM('')
);
#59=(
BOUNDED_CURVE()
B_SPLINE_CURVE(2,(#6732,#6733,#6734),.UNSPECIFIED.,.F.,.F.)
B_SPLINE_CURVE_WITH_KNOTS((3,3),(-5.66178127694077,-5.62723857988197),
 .UNSPECIFIED.)
CURVE()
GEOMETRIC_REPRESENTATION_ITEM()
RATIONAL_B_SPLINE_CURVE((1.31379131215554,1.31470443562435,1.31559473698803))
REPRESENTATION_ITEM('')
);
#60=(
BOUNDED_CURVE()
B_SPLINE_CURVE(2,(#6930,#6931,#6932),.UNSPECIFIED.,.F.,.F.)
B_SPLINE_CURVE_WITH_KNOTS((3,3),(-5.55726126115315,-5.52308801389324),
 .UNSPECIFIED.)
CURVE()
GEOMETRIC_REPRESENTATION_ITEM()
RATIONAL_B_SPLINE_CURVE((1.30435080152981,1.30525736356705,1.30614126749194))
REPRESENTATION_ITEM('')
);
#61=(
BOUNDED_CURVE()
B_SPLINE_CURVE(2,(#7027,#7028,#7029),.UNSPECIFIED.,.F.,.F.)
B_SPLINE_CURVE_WITH_KNOTS((3,3),(-2.9370970952192,-2.90253028437451),
 .UNSPECIFIED.)
CURVE()
GEOMETRIC_REPRESENTATION_ITEM()
RATIONAL_B_SPLINE_CURVE((1.31621214100096,1.31532142182197,1.3144078698275))
REPRESENTATION_ITEM('')
);
#62=(
BOUNDED_CURVE()
B_SPLINE_CURVE(2,(#7889,#7890,#7891),.UNSPECIFIED.,.F.,.F.)
B_SPLINE_CURVE_WITH_KNOTS((3,3),(0.922687466632573,0.971505475756854),
 .UNSPECIFIED.)
CURVE()
GEOMETRIC_REPRESENTATION_ITEM()
RATIONAL_B_SPLINE_CURVE((1.03709052027474,1.01958010526518,1.00011296285925))
REPRESENTATION_ITEM('')
);
#63=(
BOUNDED_CURVE()
B_SPLINE_CURVE(2,(#7919,#7920,#7921),.UNSPECIFIED.,.F.,.F.)
B_SPLINE_CURVE_WITH_KNOTS((3,3),(0.000141618569562082,0.0489596276979919),
 .UNSPECIFIED.)
CURVE()
GEOMETRIC_REPRESENTATION_ITEM()
RATIONAL_B_SPLINE_CURVE((1.00011296285326,1.01958010526114,1.03709052027232))
REPRESENTATION_ITEM('')
);
#64=(
BOUNDED_CURVE()
B_SPLINE_CURVE(2,(#7943,#7944,#7945),.UNSPECIFIED.,.F.,.F.)
B_SPLINE_CURVE_WITH_KNOTS((3,3),(2.88400717784999,2.99154714424599),
 .UNSPECIFIED.)
CURVE()
GEOMETRIC_REPRESENTATION_ITEM()
RATIONAL_B_SPLINE_CURVE((1.03411698724045,1.03016439421411,1.02586959251363))
REPRESENTATION_ITEM('')
);
#65=(
BOUNDED_CURVE()
B_SPLINE_CURVE(2,(#7949,#7950,#7951),.UNSPECIFIED.,.F.,.F.)
B_SPLINE_CURVE_WITH_KNOTS((3,3),(0.292241922274548,0.399781888664722),
 .UNSPECIFIED.)
CURVE()
GEOMETRIC_REPRESENTATION_ITEM()
RATIONAL_B_SPLINE_CURVE((1.02586959251409,1.03016439421431,1.03411698724043))
REPRESENTATION_ITEM('')
);
#66=(
BOUNDED_CURVE()
B_SPLINE_CURVE(2,(#7961,#7962,#7963),.UNSPECIFIED.,.F.,.F.)
B_SPLINE_CURVE_WITH_KNOTS((3,3),(1.41796007882494,1.42758051022195),
 .UNSPECIFIED.)
CURVE()
GEOMETRIC_REPRESENTATION_ITEM()
RATIONAL_B_SPLINE_CURVE((1.06218317751511,1.03130253580828,1.))
REPRESENTATION_ITEM('')
);
#67=(
BOUNDED_CURVE()
B_SPLINE_CURVE(2,(#7969,#7970,#7971),.UNSPECIFIED.,.F.,.F.)
B_SPLINE_CURVE_WITH_KNOTS((3,3),(0.147918501105349,0.204460438735966),
 .UNSPECIFIED.)
CURVE()
GEOMETRIC_REPRESENTATION_ITEM()
RATIONAL_B_SPLINE_CURVE((1.00143025801017,1.0014928218412,1.00139423288952))
REPRESENTATION_ITEM('')
);
#68=(
BOUNDED_CURVE()
B_SPLINE_CURVE(2,(#7981,#7982,#7983),.UNSPECIFIED.,.F.,.F.)
B_SPLINE_CURVE_WITH_KNOTS((3,3),(0.,0.00962043139702314),.UNSPECIFIED.)
CURVE()
GEOMETRIC_REPRESENTATION_ITEM()
RATIONAL_B_SPLINE_CURVE((1.,1.03130253580832,1.06218317751521))
REPRESENTATION_ITEM('')
);
#69=(
BOUNDED_CURVE()
B_SPLINE_CURVE(2,(#7991,#7992,#7993),.UNSPECIFIED.,.F.,.F.)
B_SPLINE_CURVE_WITH_KNOTS((3,3),(0.135278755833074,0.191820693468729),
 .UNSPECIFIED.)
CURVE()
GEOMETRIC_REPRESENTATION_ITEM()
RATIONAL_B_SPLINE_CURVE((1.00139423296632,1.0014928219234,1.00143025808888))
REPRESENTATION_ITEM('')
);
#70=(
BOUNDED_CURVE()
B_SPLINE_CURVE(2,(#8037,#8038,#8039),.UNSPECIFIED.,.F.,.F.)
B_SPLINE_CURVE_WITH_KNOTS((3,3),(0.,0.00962043139702425),.UNSPECIFIED.)
CURVE()
GEOMETRIC_REPRESENTATION_ITEM()
RATIONAL_B_SPLINE_CURVE((1.,1.03130253580832,1.06218317751521))
REPRESENTATION_ITEM('')
);
#71=(
BOUNDED_CURVE()
B_SPLINE_CURVE(2,(#8042,#8043,#8044),.UNSPECIFIED.,.F.,.F.)
B_SPLINE_CURVE_WITH_KNOTS((3,3),(1.41796007882504,1.42758051022196),
 .UNSPECIFIED.)
CURVE()
GEOMETRIC_REPRESENTATION_ITEM()
RATIONAL_B_SPLINE_CURVE((1.06218317751453,1.03130253580798,1.))
REPRESENTATION_ITEM('')
);
#72=(
BOUNDED_CURVE()
B_SPLINE_CURVE(2,(#8052,#8053,#8054),.UNSPECIFIED.,.F.,.F.)
B_SPLINE_CURVE_WITH_KNOTS((3,3),(0.135278755797347,0.191820693424897),
 .UNSPECIFIED.)
CURVE()
GEOMETRIC_REPRESENTATION_ITEM()
RATIONAL_B_SPLINE_CURVE((1.00139423285973,1.00149282180938,1.00143025797977))
REPRESENTATION_ITEM('')
);
#73=(
BOUNDED_CURVE()
B_SPLINE_CURVE(2,(#8059,#8060,#8061),.UNSPECIFIED.,.F.,.F.)
B_SPLINE_CURVE_WITH_KNOTS((3,3),(0.147918501141217,0.204460438770268),
 .UNSPECIFIED.)
CURVE()
GEOMETRIC_REPRESENTATION_ITEM()
RATIONAL_B_SPLINE_CURVE((1.00143025801408,1.00149282184517,1.00139423289314))
REPRESENTATION_ITEM('')
);
#74=CONICAL_SURFACE('',#4542,1.75,0.785398163397446);
#75=CONICAL_SURFACE('',#4545,5.25,0.785398163397449);
#76=CONICAL_SURFACE('',#4551,5.25,0.785398163397447);
#77=CONICAL_SURFACE('',#4554,5.25,0.785398163397447);
#78=CONICAL_SURFACE('',#4557,4.75,0.785398163397446);
#79=CONICAL_SURFACE('',#4560,1.75,0.785398163397449);
#80=CONICAL_SURFACE('',#4564,5.5,0.785398163397448);
#81=CONICAL_SURFACE('',#4568,1.5,0.785398163397446);
#82=CONICAL_SURFACE('',#4572,1.5,0.78539816339745);
#83=CONICAL_SURFACE('',#4576,4.5,0.785398163397447);
#84=CONICAL_SURFACE('',#4580,5.5,0.785398163397447);
#85=CONICAL_SURFACE('',#4584,5.5,0.785398163397447);
#86=CONICAL_SURFACE('',#4589,0.999999999999998,0.785398163397448);
#87=CONICAL_SURFACE('',#4592,0.999999999999992,0.785398163397445);
#88=CONICAL_SURFACE('',#4641,14.85,0.785398163397295);
#89=CONICAL_SURFACE('',#4644,14.85,0.785398163397552);
#90=CONICAL_SURFACE('',#4657,14.85,0.785398163397556);
#91=CONICAL_SURFACE('',#4664,14.85,0.785398163397312);
#92=CONICAL_SURFACE('',#4677,6.3,0.78539816339745);
#93=CONICAL_SURFACE('',#4684,6.3,0.78539816339745);
#94=CONICAL_SURFACE('',#4691,14.8,0.785398163397441);
#95=CONICAL_SURFACE('',#4693,14.8,0.785398163397435);
#96=CONICAL_SURFACE('',#4702,14.8,0.785398163397438);
#97=CONICAL_SURFACE('',#4705,6.3,0.785398163397437);
#98=CONICAL_SURFACE('',#4725,6.3,0.785398163397437);
#99=CONICAL_SURFACE('',#4729,14.8,0.785398163397438);
#100=CONICAL_SURFACE('',#4811,9.25,0.785398163397448);
#101=CONICAL_SURFACE('',#4819,2.75,0.785398163397448);
#102=CONICAL_SURFACE('',#4824,2.75,0.785398163397448);
#103=CONICAL_SURFACE('',#4829,2.75,0.785398163397448);
#104=CONICAL_SURFACE('',#4834,2.75,0.785398163397448);
#105=CONICAL_SURFACE('',#4839,2.09999999999999,0.785398163397448);
#106=CONICAL_SURFACE('',#4846,2.09999999999999,0.785398163397448);
#107=CONICAL_SURFACE('',#4850,2.2,0.785398163397604);
#108=CONICAL_SURFACE('',#4854,2.2,0.785398163397604);
#109=CONICAL_SURFACE('',#4858,11.2,0.785398163397448);
#110=CONICAL_SURFACE('',#4870,7.75,0.785398163397449);
#111=CONICAL_SURFACE('',#4873,7.75,0.785398163397445);
#112=CONICAL_SURFACE('',#4879,8.,0.785398163397447);
#113=CONICAL_SURFACE('',#4882,8.,0.785398163397448);
#114=CONICAL_SURFACE('',#4888,2.24999999999999,1.03037682652431);
#115=CONICAL_SURFACE('',#4890,2.25,1.03037682652432);
#116=CONICAL_SURFACE('',#4898,3.3,0.785398163397448);
#117=CONICAL_SURFACE('',#4899,3.3,0.785398163397448);
#118=CONICAL_SURFACE('',#4900,4.125,0.785398163397448);
#119=CONICAL_SURFACE('',#4901,4.125,0.785398163397448);
#120=CONICAL_SURFACE('',#4902,2.,0.785398163397446);
#121=CONICAL_SURFACE('',#4907,4.125,0.785398163397448);
#122=CONICAL_SURFACE('',#4908,4.125,0.785398163397448);
#123=CONICAL_SURFACE('',#4909,2.,0.785398163397446);
#124=FACE_BOUND('',#579,.T.);
#125=FACE_BOUND('',#580,.T.);
#126=FACE_BOUND('',#581,.T.);
#127=FACE_BOUND('',#582,.T.);
#128=FACE_BOUND('',#583,.T.);
#129=FACE_BOUND('',#584,.T.);
#130=FACE_BOUND('',#585,.T.);
#131=FACE_BOUND('',#586,.T.);
#132=FACE_BOUND('',#587,.T.);
#133=FACE_BOUND('',#588,.T.);
#134=FACE_BOUND('',#589,.T.);
#135=FACE_BOUND('',#590,.T.);
#136=FACE_BOUND('',#591,.T.);
#137=FACE_BOUND('',#592,.T.);
#138=FACE_BOUND('',#593,.T.);
#139=FACE_BOUND('',#642,.T.);
#140=FACE_BOUND('',#643,.T.);
#141=FACE_BOUND('',#644,.T.);
#142=FACE_BOUND('',#645,.T.);
#143=FACE_BOUND('',#646,.T.);
#144=FACE_BOUND('',#647,.T.);
#145=FACE_BOUND('',#648,.T.);
#146=FACE_BOUND('',#649,.T.);
#147=FACE_BOUND('',#673,.T.);
#148=FACE_BOUND('',#674,.T.);
#149=FACE_BOUND('',#685,.T.);
#150=FACE_BOUND('',#686,.T.);
#151=FACE_BOUND('',#694,.T.);
#152=FACE_BOUND('',#698,.T.);
#153=FACE_BOUND('',#715,.T.);
#154=FACE_BOUND('',#718,.T.);
#155=FACE_BOUND('',#724,.T.);
#156=FACE_BOUND('',#739,.T.);
#157=FACE_BOUND('',#744,.T.);
#158=FACE_BOUND('',#750,.T.);
#159=FACE_BOUND('',#767,.T.);
#160=FACE_BOUND('',#807,.T.);
#161=FACE_BOUND('',#819,.T.);
#162=FACE_BOUND('',#820,.T.);
#163=PLANE('',#4515);
#164=PLANE('',#4541);
#165=PLANE('',#4544);
#166=PLANE('',#4547);
#167=PLANE('',#4548);
#168=PLANE('',#4553);
#169=PLANE('',#4556);
#170=PLANE('',#4559);
#171=PLANE('',#4562);
#172=PLANE('',#4563);
#173=PLANE('',#4567);
#174=PLANE('',#4571);
#175=PLANE('',#4575);
#176=PLANE('',#4579);
#177=PLANE('',#4583);
#178=PLANE('',#4587);
#179=PLANE('',#4588);
#180=PLANE('',#4591);
#181=PLANE('',#4594);
#182=PLANE('',#4595);
#183=PLANE('',#4599);
#184=PLANE('',#4602);
#185=PLANE('',#4604);
#186=PLANE('',#4606);
#187=PLANE('',#4608);
#188=PLANE('',#4611);
#189=PLANE('',#4612);
#190=PLANE('',#4625);
#191=PLANE('',#4628);
#192=PLANE('',#4629);
#193=PLANE('',#4630);
#194=PLANE('',#4632);
#195=PLANE('',#4633);
#196=PLANE('',#4634);
#197=PLANE('',#4635);
#198=PLANE('',#4636);
#199=PLANE('',#4637);
#200=PLANE('',#4638);
#201=PLANE('',#4639);
#202=PLANE('',#4640);
#203=PLANE('',#4651);
#204=PLANE('',#4652);
#205=PLANE('',#4653);
#206=PLANE('',#4667);
#207=PLANE('',#4668);
#208=PLANE('',#4669);
#209=PLANE('',#4679);
#210=PLANE('',#4681);
#211=PLANE('',#4683);
#212=PLANE('',#4687);
#213=PLANE('',#4689);
#214=PLANE('',#4692);
#215=PLANE('',#4694);
#216=PLANE('',#4695);
#217=PLANE('',#4696);
#218=PLANE('',#4697);
#219=PLANE('',#4698);
#220=PLANE('',#4699);
#221=PLANE('',#4700);
#222=PLANE('',#4701);
#223=PLANE('',#4704);
#224=PLANE('',#4708);
#225=PLANE('',#4710);
#226=PLANE('',#4711);
#227=PLANE('',#4714);
#228=PLANE('',#4715);
#229=PLANE('',#4716);
#230=PLANE('',#4717);
#231=PLANE('',#4722);
#232=PLANE('',#4723);
#233=PLANE('',#4724);
#234=PLANE('',#4727);
#235=PLANE('',#4728);
#236=PLANE('',#4731);
#237=PLANE('',#4732);
#238=PLANE('',#4733);
#239=PLANE('',#4734);
#240=PLANE('',#4735);
#241=PLANE('',#4737);
#242=PLANE('',#4738);
#243=PLANE('',#4739);
#244=PLANE('',#4740);
#245=PLANE('',#4743);
#246=PLANE('',#4744);
#247=PLANE('',#4745);
#248=PLANE('',#4746);
#249=PLANE('',#4749);
#250=PLANE('',#4752);
#251=PLANE('',#4753);
#252=PLANE('',#4754);
#253=PLANE('',#4758);
#254=PLANE('',#4760);
#255=PLANE('',#4761);
#256=PLANE('',#4764);
#257=PLANE('',#4768);
#258=PLANE('',#4769);
#259=PLANE('',#4776);
#260=PLANE('',#4778);
#261=PLANE('',#4780);
#262=PLANE('',#4782);
#263=PLANE('',#4784);
#264=PLANE('',#4785);
#265=PLANE('',#4786);
#266=PLANE('',#4787);
#267=PLANE('',#4788);
#268=PLANE('',#4789);
#269=PLANE('',#4790);
#270=PLANE('',#4791);
#271=PLANE('',#4792);
#272=PLANE('',#4793);
#273=PLANE('',#4794);
#274=PLANE('',#4795);
#275=PLANE('',#4796);
#276=PLANE('',#4797);
#277=PLANE('',#4798);
#278=PLANE('',#4799);
#279=PLANE('',#4800);
#280=PLANE('',#4801);
#281=PLANE('',#4802);
#282=PLANE('',#4803);
#283=PLANE('',#4804);
#284=PLANE('',#4805);
#285=PLANE('',#4806);
#286=PLANE('',#4807);
#287=PLANE('',#4808);
#288=PLANE('',#4809);
#289=PLANE('',#4810);
#290=PLANE('',#4816);
#291=PLANE('',#4818);
#292=PLANE('',#4842);
#293=PLANE('',#4862);
#294=PLANE('',#4863);
#295=PLANE('',#4864);
#296=PLANE('',#4865);
#297=PLANE('',#4866);
#298=PLANE('',#4867);
#299=PLANE('',#4868);
#300=PLANE('',#4869);
#301=PLANE('',#4872);
#302=PLANE('',#4877);
#303=PLANE('',#4878);
#304=PLANE('',#4881);
#305=PLANE('',#4883);
#306=PLANE('',#4884);
#307=PLANE('',#4886);
#308=PLANE('',#4887);
#309=PLANE('',#4894);
#310=PLANE('',#4897);
#311=PLANE('',#4906);
#312=PLANE('',#4913);
#313=PLANE('',#4916);
#314=PLANE('',#4917);
#315=PLANE('',#4918);
#316=FACE_OUTER_BOUND('',#576,.T.);
#317=FACE_OUTER_BOUND('',#577,.T.);
#318=FACE_OUTER_BOUND('',#578,.T.);
#319=FACE_OUTER_BOUND('',#594,.T.);
#320=FACE_OUTER_BOUND('',#595,.T.);
#321=FACE_OUTER_BOUND('',#596,.T.);
#322=FACE_OUTER_BOUND('',#597,.T.);
#323=FACE_OUTER_BOUND('',#598,.T.);
#324=FACE_OUTER_BOUND('',#599,.T.);
#325=FACE_OUTER_BOUND('',#600,.T.);
#326=FACE_OUTER_BOUND('',#601,.T.);
#327=FACE_OUTER_BOUND('',#602,.T.);
#328=FACE_OUTER_BOUND('',#603,.T.);
#329=FACE_OUTER_BOUND('',#604,.T.);
#330=FACE_OUTER_BOUND('',#605,.T.);
#331=FACE_OUTER_BOUND('',#606,.T.);
#332=FACE_OUTER_BOUND('',#607,.T.);
#333=FACE_OUTER_BOUND('',#608,.T.);
#334=FACE_OUTER_BOUND('',#609,.T.);
#335=FACE_OUTER_BOUND('',#610,.T.);
#336=FACE_OUTER_BOUND('',#611,.T.);
#337=FACE_OUTER_BOUND('',#612,.T.);
#338=FACE_OUTER_BOUND('',#613,.T.);
#339=FACE_OUTER_BOUND('',#614,.T.);
#340=FACE_OUTER_BOUND('',#615,.T.);
#341=FACE_OUTER_BOUND('',#616,.T.);
#342=FACE_OUTER_BOUND('',#617,.T.);
#343=FACE_OUTER_BOUND('',#618,.T.);
#344=FACE_OUTER_BOUND('',#619,.T.);
#345=FACE_OUTER_BOUND('',#620,.T.);
#346=FACE_OUTER_BOUND('',#621,.T.);
#347=FACE_OUTER_BOUND('',#622,.T.);
#348=FACE_OUTER_BOUND('',#623,.T.);
#349=FACE_OUTER_BOUND('',#624,.T.);
#350=FACE_OUTER_BOUND('',#625,.T.);
#351=FACE_OUTER_BOUND('',#626,.T.);
#352=FACE_OUTER_BOUND('',#627,.T.);
#353=FACE_OUTER_BOUND('',#628,.T.);
#354=FACE_OUTER_BOUND('',#629,.T.);
#355=FACE_OUTER_BOUND('',#630,.T.);
#356=FACE_OUTER_BOUND('',#631,.T.);
#357=FACE_OUTER_BOUND('',#632,.T.);
#358=FACE_OUTER_BOUND('',#633,.T.);
#359=FACE_OUTER_BOUND('',#634,.T.);
#360=FACE_OUTER_BOUND('',#635,.T.);
#361=FACE_OUTER_BOUND('',#636,.T.);
#362=FACE_OUTER_BOUND('',#637,.T.);
#363=FACE_OUTER_BOUND('',#638,.T.);
#364=FACE_OUTER_BOUND('',#639,.T.);
#365=FACE_OUTER_BOUND('',#640,.T.);
#366=FACE_OUTER_BOUND('',#641,.T.);
#367=FACE_OUTER_BOUND('',#650,.T.);
#368=FACE_OUTER_BOUND('',#651,.T.);
#369=FACE_OUTER_BOUND('',#652,.T.);
#370=FACE_OUTER_BOUND('',#653,.T.);
#371=FACE_OUTER_BOUND('',#654,.T.);
#372=FACE_OUTER_BOUND('',#655,.T.);
#373=FACE_OUTER_BOUND('',#656,.T.);
#374=FACE_OUTER_BOUND('',#657,.T.);
#375=FACE_OUTER_BOUND('',#658,.T.);
#376=FACE_OUTER_BOUND('',#659,.T.);
#377=FACE_OUTER_BOUND('',#660,.T.);
#378=FACE_OUTER_BOUND('',#661,.T.);
#379=FACE_OUTER_BOUND('',#662,.T.);
#380=FACE_OUTER_BOUND('',#663,.T.);
#381=FACE_OUTER_BOUND('',#664,.T.);
#382=FACE_OUTER_BOUND('',#665,.T.);
#383=FACE_OUTER_BOUND('',#666,.T.);
#384=FACE_OUTER_BOUND('',#667,.T.);
#385=FACE_OUTER_BOUND('',#668,.T.);
#386=FACE_OUTER_BOUND('',#669,.T.);
#387=FACE_OUTER_BOUND('',#670,.T.);
#388=FACE_OUTER_BOUND('',#671,.T.);
#389=FACE_OUTER_BOUND('',#672,.T.);
#390=FACE_OUTER_BOUND('',#675,.T.);
#391=FACE_OUTER_BOUND('',#676,.T.);
#392=FACE_OUTER_BOUND('',#677,.T.);
#393=FACE_OUTER_BOUND('',#678,.T.);
#394=FACE_OUTER_BOUND('',#679,.T.);
#395=FACE_OUTER_BOUND('',#680,.T.);
#396=FACE_OUTER_BOUND('',#681,.T.);
#397=FACE_OUTER_BOUND('',#682,.T.);
#398=FACE_OUTER_BOUND('',#683,.T.);
#399=FACE_OUTER_BOUND('',#684,.T.);
#400=FACE_OUTER_BOUND('',#687,.T.);
#401=FACE_OUTER_BOUND('',#688,.T.);
#402=FACE_OUTER_BOUND('',#689,.T.);
#403=FACE_OUTER_BOUND('',#690,.T.);
#404=FACE_OUTER_BOUND('',#691,.T.);
#405=FACE_OUTER_BOUND('',#692,.T.);
#406=FACE_OUTER_BOUND('',#693,.T.);
#407=FACE_OUTER_BOUND('',#695,.T.);
#408=FACE_OUTER_BOUND('',#696,.T.);
#409=FACE_OUTER_BOUND('',#697,.T.);
#410=FACE_OUTER_BOUND('',#699,.T.);
#411=FACE_OUTER_BOUND('',#700,.T.);
#412=FACE_OUTER_BOUND('',#701,.T.);
#413=FACE_OUTER_BOUND('',#702,.T.);
#414=FACE_OUTER_BOUND('',#703,.T.);
#415=FACE_OUTER_BOUND('',#704,.T.);
#416=FACE_OUTER_BOUND('',#705,.T.);
#417=FACE_OUTER_BOUND('',#706,.T.);
#418=FACE_OUTER_BOUND('',#707,.T.);
#419=FACE_OUTER_BOUND('',#708,.T.);
#420=FACE_OUTER_BOUND('',#709,.T.);
#421=FACE_OUTER_BOUND('',#710,.T.);
#422=FACE_OUTER_BOUND('',#711,.T.);
#423=FACE_OUTER_BOUND('',#712,.T.);
#424=FACE_OUTER_BOUND('',#713,.T.);
#425=FACE_OUTER_BOUND('',#714,.T.);
#426=FACE_OUTER_BOUND('',#716,.T.);
#427=FACE_OUTER_BOUND('',#717,.T.);
#428=FACE_OUTER_BOUND('',#719,.T.);
#429=FACE_OUTER_BOUND('',#720,.T.);
#430=FACE_OUTER_BOUND('',#721,.T.);
#431=FACE_OUTER_BOUND('',#722,.T.);
#432=FACE_OUTER_BOUND('',#723,.T.);
#433=FACE_OUTER_BOUND('',#725,.T.);
#434=FACE_OUTER_BOUND('',#726,.T.);
#435=FACE_OUTER_BOUND('',#727,.T.);
#436=FACE_OUTER_BOUND('',#728,.T.);
#437=FACE_OUTER_BOUND('',#729,.T.);
#438=FACE_OUTER_BOUND('',#730,.T.);
#439=FACE_OUTER_BOUND('',#731,.T.);
#440=FACE_OUTER_BOUND('',#732,.T.);
#441=FACE_OUTER_BOUND('',#733,.T.);
#442=FACE_OUTER_BOUND('',#734,.T.);
#443=FACE_OUTER_BOUND('',#735,.T.);
#444=FACE_OUTER_BOUND('',#736,.T.);
#445=FACE_OUTER_BOUND('',#737,.T.);
#446=FACE_OUTER_BOUND('',#738,.T.);
#447=FACE_OUTER_BOUND('',#740,.T.);
#448=FACE_OUTER_BOUND('',#741,.T.);
#449=FACE_OUTER_BOUND('',#742,.T.);
#450=FACE_OUTER_BOUND('',#743,.T.);
#451=FACE_OUTER_BOUND('',#745,.T.);
#452=FACE_OUTER_BOUND('',#746,.T.);
#453=FACE_OUTER_BOUND('',#747,.T.);
#454=FACE_OUTER_BOUND('',#748,.T.);
#455=FACE_OUTER_BOUND('',#749,.T.);
#456=FACE_OUTER_BOUND('',#751,.T.);
#457=FACE_OUTER_BOUND('',#752,.T.);
#458=FACE_OUTER_BOUND('',#753,.T.);
#459=FACE_OUTER_BOUND('',#754,.T.);
#460=FACE_OUTER_BOUND('',#755,.T.);
#461=FACE_OUTER_BOUND('',#756,.T.);
#462=FACE_OUTER_BOUND('',#757,.T.);
#463=FACE_OUTER_BOUND('',#758,.T.);
#464=FACE_OUTER_BOUND('',#759,.T.);
#465=FACE_OUTER_BOUND('',#760,.T.);
#466=FACE_OUTER_BOUND('',#761,.T.);
#467=FACE_OUTER_BOUND('',#762,.T.);
#468=FACE_OUTER_BOUND('',#763,.T.);
#469=FACE_OUTER_BOUND('',#764,.T.);
#470=FACE_OUTER_BOUND('',#765,.T.);
#471=FACE_OUTER_BOUND('',#766,.T.);
#472=FACE_OUTER_BOUND('',#768,.T.);
#473=FACE_OUTER_BOUND('',#769,.T.);
#474=FACE_OUTER_BOUND('',#770,.T.);
#475=FACE_OUTER_BOUND('',#771,.T.);
#476=FACE_OUTER_BOUND('',#772,.T.);
#477=FACE_OUTER_BOUND('',#773,.T.);
#478=FACE_OUTER_BOUND('',#774,.T.);
#479=FACE_OUTER_BOUND('',#775,.T.);
#480=FACE_OUTER_BOUND('',#776,.T.);
#481=FACE_OUTER_BOUND('',#777,.T.);
#482=FACE_OUTER_BOUND('',#778,.T.);
#483=FACE_OUTER_BOUND('',#779,.T.);
#484=FACE_OUTER_BOUND('',#780,.T.);
#485=FACE_OUTER_BOUND('',#781,.T.);
#486=FACE_OUTER_BOUND('',#782,.T.);
#487=FACE_OUTER_BOUND('',#783,.T.);
#488=FACE_OUTER_BOUND('',#784,.T.);
#489=FACE_OUTER_BOUND('',#785,.T.);
#490=FACE_OUTER_BOUND('',#786,.T.);
#491=FACE_OUTER_BOUND('',#787,.T.);
#492=FACE_OUTER_BOUND('',#788,.T.);
#493=FACE_OUTER_BOUND('',#789,.T.);
#494=FACE_OUTER_BOUND('',#790,.T.);
#495=FACE_OUTER_BOUND('',#791,.T.);
#496=FACE_OUTER_BOUND('',#792,.T.);
#497=FACE_OUTER_BOUND('',#793,.T.);
#498=FACE_OUTER_BOUND('',#794,.T.);
#499=FACE_OUTER_BOUND('',#795,.T.);
#500=FACE_OUTER_BOUND('',#796,.T.);
#501=FACE_OUTER_BOUND('',#797,.T.);
#502=FACE_OUTER_BOUND('',#798,.T.);
#503=FACE_OUTER_BOUND('',#799,.T.);
#504=FACE_OUTER_BOUND('',#800,.T.);
#505=FACE_OUTER_BOUND('',#801,.T.);
#506=FACE_OUTER_BOUND('',#802,.T.);
#507=FACE_OUTER_BOUND('',#803,.T.);
#508=FACE_OUTER_BOUND('',#804,.T.);
#509=FACE_OUTER_BOUND('',#805,.T.);
#510=FACE_OUTER_BOUND('',#806,.T.);
#511=FACE_OUTER_BOUND('',#808,.T.);
#512=FACE_OUTER_BOUND('',#809,.T.);
#513=FACE_OUTER_BOUND('',#810,.T.);
#514=FACE_OUTER_BOUND('',#811,.T.);
#515=FACE_OUTER_BOUND('',#812,.T.);
#516=FACE_OUTER_BOUND('',#813,.T.);
#517=FACE_OUTER_BOUND('',#814,.T.);
#518=FACE_OUTER_BOUND('',#815,.T.);
#519=FACE_OUTER_BOUND('',#816,.T.);
#520=FACE_OUTER_BOUND('',#817,.T.);
#521=FACE_OUTER_BOUND('',#818,.T.);
#522=FACE_OUTER_BOUND('',#821,.T.);
#523=FACE_OUTER_BOUND('',#822,.T.);
#524=FACE_OUTER_BOUND('',#823,.T.);
#525=FACE_OUTER_BOUND('',#824,.T.);
#526=FACE_OUTER_BOUND('',#825,.T.);
#527=FACE_OUTER_BOUND('',#826,.T.);
#528=FACE_OUTER_BOUND('',#827,.T.);
#529=FACE_OUTER_BOUND('',#828,.T.);
#530=FACE_OUTER_BOUND('',#829,.T.);
#531=FACE_OUTER_BOUND('',#830,.T.);
#532=FACE_OUTER_BOUND('',#831,.T.);
#533=FACE_OUTER_BOUND('',#832,.T.);
#534=FACE_OUTER_BOUND('',#833,.T.);
#535=FACE_OUTER_BOUND('',#834,.T.);
#536=FACE_OUTER_BOUND('',#835,.T.);
#537=FACE_OUTER_BOUND('',#836,.T.);
#538=FACE_OUTER_BOUND('',#837,.T.);
#539=FACE_OUTER_BOUND('',#838,.T.);
#540=FACE_OUTER_BOUND('',#839,.T.);
#541=FACE_OUTER_BOUND('',#840,.T.);
#542=FACE_OUTER_BOUND('',#841,.T.);
#543=FACE_OUTER_BOUND('',#842,.T.);
#544=FACE_OUTER_BOUND('',#843,.T.);
#545=FACE_OUTER_BOUND('',#844,.T.);
#546=FACE_OUTER_BOUND('',#845,.T.);
#547=FACE_OUTER_BOUND('',#846,.T.);
#548=FACE_OUTER_BOUND('',#847,.T.);
#549=FACE_OUTER_BOUND('',#848,.T.);
#550=FACE_OUTER_BOUND('',#849,.T.);
#551=FACE_OUTER_BOUND('',#850,.T.);
#552=FACE_OUTER_BOUND('',#851,.T.);
#553=FACE_OUTER_BOUND('',#852,.T.);
#554=FACE_OUTER_BOUND('',#853,.T.);
#555=FACE_OUTER_BOUND('',#854,.T.);
#556=FACE_OUTER_BOUND('',#855,.T.);
#557=FACE_OUTER_BOUND('',#856,.T.);
#558=FACE_OUTER_BOUND('',#857,.T.);
#559=FACE_OUTER_BOUND('',#858,.T.);
#560=FACE_OUTER_BOUND('',#859,.T.);
#561=FACE_OUTER_BOUND('',#860,.T.);
#562=FACE_OUTER_BOUND('',#861,.T.);
#563=FACE_OUTER_BOUND('',#862,.T.);
#564=FACE_OUTER_BOUND('',#863,.T.);
#565=FACE_OUTER_BOUND('',#864,.T.);
#566=FACE_OUTER_BOUND('',#865,.T.);
#567=FACE_OUTER_BOUND('',#866,.T.);
#568=FACE_OUTER_BOUND('',#867,.T.);
#569=FACE_OUTER_BOUND('',#868,.T.);
#570=FACE_OUTER_BOUND('',#869,.T.);
#571=FACE_OUTER_BOUND('',#870,.T.);
#572=FACE_OUTER_BOUND('',#871,.T.);
#573=FACE_OUTER_BOUND('',#872,.T.);
#574=FACE_OUTER_BOUND('',#873,.T.);
#575=FACE_OUTER_BOUND('',#874,.T.);
#576=EDGE_LOOP('',(#2917,#2918,#2919,#2920));
#577=EDGE_LOOP('',(#2921,#2922,#2923,#2924,#2925,#2926,#2927,#2928));
#578=EDGE_LOOP('',(#2929,#2930,#2931,#2932,#2933,#2934,#2935,#2936,#2937,
#2938,#2939,#2940,#2941,#2942,#2943,#2944,#2945,#2946,#2947,#2948,#2949,
#2950,#2951,#2952,#2953,#2954,#2955,#2956,#2957,#2958,#2959,#2960,#2961,
#2962,#2963,#2964,#2965,#2966,#2967,#2968,#2969,#2970));
#579=EDGE_LOOP('',(#2971,#2972,#2973,#2974));
#580=EDGE_LOOP('',(#2975,#2976,#2977,#2978,#2979,#2980));
#581=EDGE_LOOP('',(#2981));
#582=EDGE_LOOP('',(#2982));
#583=EDGE_LOOP('',(#2983,#2984,#2985,#2986,#2987,#2988,#2989,#2990));
#584=EDGE_LOOP('',(#2991));
#585=EDGE_LOOP('',(#2992,#2993,#2994,#2995));
#586=EDGE_LOOP('',(#2996,#2997,#2998,#2999));
#587=EDGE_LOOP('',(#3000,#3001,#3002,#3003));
#588=EDGE_LOOP('',(#3004));
#589=EDGE_LOOP('',(#3005));
#590=EDGE_LOOP('',(#3006));
#591=EDGE_LOOP('',(#3007));
#592=EDGE_LOOP('',(#3008));
#593=EDGE_LOOP('',(#3009));
#594=EDGE_LOOP('',(#3010,#3011,#3012,#3013));
#595=EDGE_LOOP('',(#3014,#3015,#3016,#3017));
#596=EDGE_LOOP('',(#3018,#3019,#3020,#3021));
#597=EDGE_LOOP('',(#3022,#3023,#3024,#3025));
#598=EDGE_LOOP('',(#3026,#3027,#3028,#3029,#3030));
#599=EDGE_LOOP('',(#3031,#3032,#3033,#3034,#3035,#3036,#3037,#3038,#3039,
#3040,#3041,#3042,#3043,#3044));
#600=EDGE_LOOP('',(#3045,#3046,#3047,#3048));
#601=EDGE_LOOP('',(#3049,#3050,#3051,#3052));
#602=EDGE_LOOP('',(#3053,#3054,#3055,#3056));
#603=EDGE_LOOP('',(#3057,#3058,#3059,#3060));
#604=EDGE_LOOP('',(#3061,#3062,#3063,#3064));
#605=EDGE_LOOP('',(#3065,#3066,#3067,#3068));
#606=EDGE_LOOP('',(#3069,#3070,#3071,#3072));
#607=EDGE_LOOP('',(#3073,#3074,#3075,#3076));
#608=EDGE_LOOP('',(#3077,#3078,#3079,#3080,#3081));
#609=EDGE_LOOP('',(#3082,#3083,#3084,#3085));
#610=EDGE_LOOP('',(#3086,#3087,#3088,#3089));
#611=EDGE_LOOP('',(#3090,#3091,#3092,#3093));
#612=EDGE_LOOP('',(#3094,#3095,#3096,#3097));
#613=EDGE_LOOP('',(#3098,#3099,#3100,#3101));
#614=EDGE_LOOP('',(#3102,#3103,#3104,#3105));
#615=EDGE_LOOP('',(#3106,#3107,#3108,#3109));
#616=EDGE_LOOP('',(#3110,#3111,#3112,#3113));
#617=EDGE_LOOP('',(#3114,#3115,#3116,#3117));
#618=EDGE_LOOP('',(#3118,#3119,#3120,#3121));
#619=EDGE_LOOP('',(#3122,#3123,#3124,#3125));
#620=EDGE_LOOP('',(#3126,#3127,#3128,#3129));
#621=EDGE_LOOP('',(#3130,#3131,#3132,#3133));
#622=EDGE_LOOP('',(#3134,#3135,#3136));
#623=EDGE_LOOP('',(#3137,#3138,#3139,#3140,#3141));
#624=EDGE_LOOP('',(#3142,#3143,#3144));
#625=EDGE_LOOP('',(#3145,#3146,#3147,#3148));
#626=EDGE_LOOP('',(#3149,#3150,#3151,#3152,#3153,#3154));
#627=EDGE_LOOP('',(#3155,#3156,#3157,#3158));
#628=EDGE_LOOP('',(#3159,#3160,#3161,#3162));
#629=EDGE_LOOP('',(#3163,#3164,#3165,#3166));
#630=EDGE_LOOP('',(#3167,#3168,#3169,#3170));
#631=EDGE_LOOP('',(#3171,#3172,#3173,#3174));
#632=EDGE_LOOP('',(#3175,#3176,#3177,#3178));
#633=EDGE_LOOP('',(#3179,#3180,#3181,#3182));
#634=EDGE_LOOP('',(#3183,#3184,#3185,#3186));
#635=EDGE_LOOP('',(#3187,#3188,#3189,#3190));
#636=EDGE_LOOP('',(#3191,#3192,#3193,#3194));
#637=EDGE_LOOP('',(#3195,#3196,#3197,#3198));
#638=EDGE_LOOP('',(#3199,#3200,#3201,#3202,#3203,#3204,#3205,#3206,#3207,
#3208,#3209,#3210,#3211,#3212,#3213,#3214,#3215,#3216));
#639=EDGE_LOOP('',(#3217,#3218,#3219,#3220));
#640=EDGE_LOOP('',(#3221,#3222,#3223,#3224,#3225,#3226));
#641=EDGE_LOOP('',(#3227,#3228,#3229,#3230,#3231,#3232,#3233,#3234,#3235,
#3236,#3237,#3238,#3239,#3240,#3241,#3242));
#642=EDGE_LOOP('',(#3243,#3244,#3245,#3246,#3247,#3248,#3249,#3250));
#643=EDGE_LOOP('',(#3251));
#644=EDGE_LOOP('',(#3252));
#645=EDGE_LOOP('',(#3253,#3254,#3255,#3256));
#646=EDGE_LOOP('',(#3257));
#647=EDGE_LOOP('',(#3258));
#648=EDGE_LOOP('',(#3259));
#649=EDGE_LOOP('',(#3260));
#650=EDGE_LOOP('',(#3261,#3262,#3263,#3264,#3265,#3266,#3267,#3268,#3269,
#3270));
#651=EDGE_LOOP('',(#3271,#3272,#3273,#3274,#3275));
#652=EDGE_LOOP('',(#3276,#3277,#3278,#3279));
#653=EDGE_LOOP('',(#3280,#3281,#3282,#3283,#3284));
#654=EDGE_LOOP('',(#3285,#3286,#3287,#3288));
#655=EDGE_LOOP('',(#3289,#3290,#3291,#3292));
#656=EDGE_LOOP('',(#3293,#3294,#3295));
#657=EDGE_LOOP('',(#3296,#3297,#3298));
#658=EDGE_LOOP('',(#3299,#3300,#3301,#3302));
#659=EDGE_LOOP('',(#3303,#3304,#3305,#3306));
#660=EDGE_LOOP('',(#3307,#3308,#3309));
#661=EDGE_LOOP('',(#3310,#3311,#3312));
#662=EDGE_LOOP('',(#3313,#3314,#3315,#3316,#3317,#3318,#3319,#3320,#3321,
#3322));
#663=EDGE_LOOP('',(#3323,#3324,#3325,#3326,#3327,#3328));
#664=EDGE_LOOP('',(#3329,#3330,#3331,#3332,#3333,#3334));
#665=EDGE_LOOP('',(#3335,#3336,#3337,#3338));
#666=EDGE_LOOP('',(#3339,#3340,#3341,#3342));
#667=EDGE_LOOP('',(#3343,#3344,#3345,#3346));
#668=EDGE_LOOP('',(#3347,#3348,#3349,#3350));
#669=EDGE_LOOP('',(#3351,#3352,#3353,#3354,#3355));
#670=EDGE_LOOP('',(#3356,#3357,#3358,#3359,#3360));
#671=EDGE_LOOP('',(#3361,#3362,#3363,#3364));
#672=EDGE_LOOP('',(#3365,#3366,#3367,#3368,#3369,#3370));
#673=EDGE_LOOP('',(#3371));
#674=EDGE_LOOP('',(#3372,#3373,#3374,#3375,#3376,#3377));
#675=EDGE_LOOP('',(#3378,#3379,#3380,#3381,#3382,#3383));
#676=EDGE_LOOP('',(#3384,#3385,#3386,#3387));
#677=EDGE_LOOP('',(#3388,#3389,#3390,#3391));
#678=EDGE_LOOP('',(#3392,#3393,#3394,#3395));
#679=EDGE_LOOP('',(#3396,#3397,#3398,#3399,#3400,#3401));
#680=EDGE_LOOP('',(#3402,#3403,#3404,#3405));
#681=EDGE_LOOP('',(#3406,#3407,#3408,#3409));
#682=EDGE_LOOP('',(#3410,#3411,#3412,#3413,#3414));
#683=EDGE_LOOP('',(#3415,#3416,#3417,#3418,#3419));
#684=EDGE_LOOP('',(#3420,#3421,#3422,#3423,#3424,#3425));
#685=EDGE_LOOP('',(#3426));
#686=EDGE_LOOP('',(#3427,#3428,#3429,#3430,#3431,#3432));
#687=EDGE_LOOP('',(#3433,#3434,#3435,#3436,#3437));
#688=EDGE_LOOP('',(#3438,#3439,#3440,#3441,#3442));
#689=EDGE_LOOP('',(#3443,#3444,#3445,#3446));
#690=EDGE_LOOP('',(#3447,#3448,#3449,#3450));
#691=EDGE_LOOP('',(#3451,#3452,#3453,#3454,#3455));
#692=EDGE_LOOP('',(#3456,#3457,#3458,#3459));
#693=EDGE_LOOP('',(#3460,#3461,#3462,#3463,#3464,#3465));
#694=EDGE_LOOP('',(#3466));
#695=EDGE_LOOP('',(#3467,#3468,#3469,#3470));
#696=EDGE_LOOP('',(#3471,#3472,#3473,#3474,#3475,#3476));
#697=EDGE_LOOP('',(#3477,#3478,#3479,#3480,#3481,#3482));
#698=EDGE_LOOP('',(#3483));
#699=EDGE_LOOP('',(#3484,#3485,#3486,#3487));
#700=EDGE_LOOP('',(#3488,#3489,#3490,#3491,#3492));
#701=EDGE_LOOP('',(#3493,#3494,#3495,#3496));
#702=EDGE_LOOP('',(#3497,#3498,#3499,#3500,#3501));
#703=EDGE_LOOP('',(#3502,#3503,#3504,#3505));
#704=EDGE_LOOP('',(#3506,#3507,#3508));
#705=EDGE_LOOP('',(#3509,#3510,#3511,#3512));
#706=EDGE_LOOP('',(#3513,#3514,#3515));
#707=EDGE_LOOP('',(#3516,#3517,#3518,#3519));
#708=EDGE_LOOP('',(#3520,#3521,#3522));
#709=EDGE_LOOP('',(#3523,#3524,#3525,#3526));
#710=EDGE_LOOP('',(#3527,#3528,#3529));
#711=EDGE_LOOP('',(#3530,#3531,#3532,#3533));
#712=EDGE_LOOP('',(#3534,#3535,#3536,#3537));
#713=EDGE_LOOP('',(#3538,#3539,#3540,#3541));
#714=EDGE_LOOP('',(#3542,#3543,#3544,#3545));
#715=EDGE_LOOP('',(#3546));
#716=EDGE_LOOP('',(#3547,#3548,#3549,#3550));
#717=EDGE_LOOP('',(#3551));
#718=EDGE_LOOP('',(#3552));
#719=EDGE_LOOP('',(#3553,#3554,#3555,#3556));
#720=EDGE_LOOP('',(#3557,#3558,#3559,#3560));
#721=EDGE_LOOP('',(#3561,#3562,#3563,#3564,#3565));
#722=EDGE_LOOP('',(#3566,#3567,#3568,#3569,#3570));
#723=EDGE_LOOP('',(#3571,#3572,#3573,#3574,#3575,#3576));
#724=EDGE_LOOP('',(#3577));
#725=EDGE_LOOP('',(#3578,#3579,#3580,#3581));
#726=EDGE_LOOP('',(#3582,#3583,#3584,#3585,#3586,#3587,#3588,#3589,#3590,
#3591));
#727=EDGE_LOOP('',(#3592,#3593,#3594,#3595));
#728=EDGE_LOOP('',(#3596,#3597,#3598));
#729=EDGE_LOOP('',(#3599,#3600,#3601));
#730=EDGE_LOOP('',(#3602,#3603,#3604,#3605,#3606));
#731=EDGE_LOOP('',(#3607,#3608,#3609));
#732=EDGE_LOOP('',(#3610,#3611,#3612));
#733=EDGE_LOOP('',(#3613,#3614,#3615,#3616));
#734=EDGE_LOOP('',(#3617,#3618,#3619,#3620));
#735=EDGE_LOOP('',(#3621,#3622,#3623,#3624));
#736=EDGE_LOOP('',(#3625,#3626,#3627,#3628));
#737=EDGE_LOOP('',(#3629,#3630,#3631,#3632));
#738=EDGE_LOOP('',(#3633,#3634,#3635,#3636));
#739=EDGE_LOOP('',(#3637));
#740=EDGE_LOOP('',(#3638,#3639,#3640,#3641));
#741=EDGE_LOOP('',(#3642,#3643,#3644,#3645,#3646,#3647));
#742=EDGE_LOOP('',(#3648,#3649,#3650,#3651));
#743=EDGE_LOOP('',(#3652));
#744=EDGE_LOOP('',(#3653));
#745=EDGE_LOOP('',(#3654,#3655,#3656,#3657));
#746=EDGE_LOOP('',(#3658,#3659,#3660,#3661,#3662));
#747=EDGE_LOOP('',(#3663,#3664,#3665,#3666,#3667));
#748=EDGE_LOOP('',(#3668,#3669,#3670,#3671));
#749=EDGE_LOOP('',(#3672,#3673,#3674,#3675,#3676,#3677));
#750=EDGE_LOOP('',(#3678));
#751=EDGE_LOOP('',(#3679,#3680,#3681,#3682));
#752=EDGE_LOOP('',(#3683,#3684,#3685,#3686,#3687,#3688));
#753=EDGE_LOOP('',(#3689,#3690,#3691,#3692));
#754=EDGE_LOOP('',(#3693,#3694,#3695,#3696));
#755=EDGE_LOOP('',(#3697,#3698,#3699,#3700,#3701,#3702,#3703,#3704,#3705,
#3706,#3707,#3708));
#756=EDGE_LOOP('',(#3709,#3710,#3711,#3712));
#757=EDGE_LOOP('',(#3713,#3714,#3715,#3716));
#758=EDGE_LOOP('',(#3717,#3718,#3719,#3720));
#759=EDGE_LOOP('',(#3721,#3722,#3723,#3724,#3725));
#760=EDGE_LOOP('',(#3726,#3727,#3728,#3729));
#761=EDGE_LOOP('',(#3730,#3731,#3732,#3733,#3734,#3735));
#762=EDGE_LOOP('',(#3736,#3737,#3738,#3739));
#763=EDGE_LOOP('',(#3740,#3741,#3742,#3743));
#764=EDGE_LOOP('',(#3744,#3745,#3746,#3747));
#765=EDGE_LOOP('',(#3748,#3749,#3750,#3751,#3752,#3753));
#766=EDGE_LOOP('',(#3754,#3755,#3756,#3757,#3758,#3759,#3760,#3761));
#767=EDGE_LOOP('',(#3762,#3763,#3764,#3765,#3766,#3767,#3768,#3769));
#768=EDGE_LOOP('',(#3770,#3771,#3772,#3773));
#769=EDGE_LOOP('',(#3774,#3775,#3776,#3777));
#770=EDGE_LOOP('',(#3778,#3779,#3780,#3781));
#771=EDGE_LOOP('',(#3782,#3783,#3784,#3785));
#772=EDGE_LOOP('',(#3786,#3787,#3788,#3789));
#773=EDGE_LOOP('',(#3790,#3791,#3792,#3793));
#774=EDGE_LOOP('',(#3794,#3795,#3796,#3797));
#775=EDGE_LOOP('',(#3798,#3799,#3800,#3801));
#776=EDGE_LOOP('',(#3802,#3803,#3804,#3805));
#777=EDGE_LOOP('',(#3806,#3807,#3808,#3809));
#778=EDGE_LOOP('',(#3810,#3811,#3812,#3813));
#779=EDGE_LOOP('',(#3814,#3815,#3816,#3817));
#780=EDGE_LOOP('',(#3818,#3819,#3820,#3821));
#781=EDGE_LOOP('',(#3822,#3823,#3824,#3825));
#782=EDGE_LOOP('',(#3826,#3827,#3828,#3829));
#783=EDGE_LOOP('',(#3830,#3831,#3832,#3833));
#784=EDGE_LOOP('',(#3834,#3835,#3836,#3837));
#785=EDGE_LOOP('',(#3838,#3839,#3840,#3841));
#786=EDGE_LOOP('',(#3842,#3843,#3844,#3845));
#787=EDGE_LOOP('',(#3846,#3847,#3848,#3849));
#788=EDGE_LOOP('',(#3850,#3851,#3852,#3853));
#789=EDGE_LOOP('',(#3854,#3855,#3856,#3857));
#790=EDGE_LOOP('',(#3858,#3859,#3860,#3861));
#791=EDGE_LOOP('',(#3862,#3863,#3864,#3865));
#792=EDGE_LOOP('',(#3866,#3867,#3868,#3869));
#793=EDGE_LOOP('',(#3870,#3871,#3872,#3873));
#794=EDGE_LOOP('',(#3874,#3875,#3876,#3877));
#795=EDGE_LOOP('',(#3878,#3879,#3880,#3881));
#796=EDGE_LOOP('',(#3882,#3883,#3884,#3885));
#797=EDGE_LOOP('',(#3886,#3887,#3888,#3889));
#798=EDGE_LOOP('',(#3890,#3891,#3892,#3893));
#799=EDGE_LOOP('',(#3894,#3895,#3896,#3897));
#800=EDGE_LOOP('',(#3898,#3899,#3900,#3901));
#801=EDGE_LOOP('',(#3902,#3903,#3904,#3905));
#802=EDGE_LOOP('',(#3906,#3907,#3908,#3909));
#803=EDGE_LOOP('',(#3910,#3911,#3912,#3913));
#804=EDGE_LOOP('',(#3914,#3915,#3916,#3917));
#805=EDGE_LOOP('',(#3918,#3919,#3920,#3921));
#806=EDGE_LOOP('',(#3922));
#807=EDGE_LOOP('',(#3923));
#808=EDGE_LOOP('',(#3924));
#809=EDGE_LOOP('',(#3925,#3926,#3927,#3928,#3929));
#810=EDGE_LOOP('',(#3930,#3931,#3932,#3933,#3934));
#811=EDGE_LOOP('',(#3935,#3936,#3937,#3938,#3939));
#812=EDGE_LOOP('',(#3940,#3941,#3942,#3943,#3944));
#813=EDGE_LOOP('',(#3945,#3946,#3947,#3948,#3949));
#814=EDGE_LOOP('',(#3950,#3951,#3952,#3953,#3954));
#815=EDGE_LOOP('',(#3955,#3956,#3957,#3958,#3959));
#816=EDGE_LOOP('',(#3960,#3961,#3962,#3963,#3964));
#817=EDGE_LOOP('',(#3965,#3966,#3967,#3968));
#818=EDGE_LOOP('',(#3969,#3970,#3971,#3972));
#819=EDGE_LOOP('',(#3973));
#820=EDGE_LOOP('',(#3974));
#821=EDGE_LOOP('',(#3975,#3976,#3977,#3978));
#822=EDGE_LOOP('',(#3979,#3980,#3981,#3982));
#823=EDGE_LOOP('',(#3983,#3984,#3985,#3986));
#824=EDGE_LOOP('',(#3987,#3988,#3989,#3990));
#825=EDGE_LOOP('',(#3991,#3992,#3993,#3994));
#826=EDGE_LOOP('',(#3995,#3996,#3997,#3998));
#827=EDGE_LOOP('',(#3999,#4000,#4001,#4002));
#828=EDGE_LOOP('',(#4003,#4004,#4005,#4006,#4007));
#829=EDGE_LOOP('',(#4008,#4009,#4010,#4011,#4012));
#830=EDGE_LOOP('',(#4013,#4014,#4015,#4016));
#831=EDGE_LOOP('',(#4017,#4018,#4019,#4020));
#832=EDGE_LOOP('',(#4021,#4022,#4023,#4024));
#833=EDGE_LOOP('',(#4025,#4026,#4027,#4028));
#834=EDGE_LOOP('',(#4029,#4030,#4031,#4032));
#835=EDGE_LOOP('',(#4033,#4034,#4035,#4036));
#836=EDGE_LOOP('',(#4037,#4038,#4039,#4040));
#837=EDGE_LOOP('',(#4041,#4042,#4043,#4044));
#838=EDGE_LOOP('',(#4045,#4046,#4047,#4048));
#839=EDGE_LOOP('',(#4049,#4050,#4051,#4052));
#840=EDGE_LOOP('',(#4053,#4054,#4055,#4056));
#841=EDGE_LOOP('',(#4057,#4058,#4059,#4060));
#842=EDGE_LOOP('',(#4061,#4062,#4063,#4064));
#843=EDGE_LOOP('',(#4065,#4066,#4067,#4068,#4069,#4070,#4071,#4072,#4073,
#4074));
#844=EDGE_LOOP('',(#4075,#4076,#4077,#4078));
#845=EDGE_LOOP('',(#4079,#4080,#4081,#4082));
#846=EDGE_LOOP('',(#4083,#4084,#4085,#4086));
#847=EDGE_LOOP('',(#4087,#4088,#4089,#4090));
#848=EDGE_LOOP('',(#4091,#4092,#4093,#4094));
#849=EDGE_LOOP('',(#4095,#4096,#4097,#4098));
#850=EDGE_LOOP('',(#4099,#4100,#4101,#4102));
#851=EDGE_LOOP('',(#4103,#4104,#4105,#4106));
#852=EDGE_LOOP('',(#4107,#4108,#4109,#4110));
#853=EDGE_LOOP('',(#4111,#4112,#4113,#4114));
#854=EDGE_LOOP('',(#4115,#4116,#4117,#4118));
#855=EDGE_LOOP('',(#4119));
#856=EDGE_LOOP('',(#4120,#4121,#4122,#4123));
#857=EDGE_LOOP('',(#4124));
#858=EDGE_LOOP('',(#4125,#4126,#4127,#4128));
#859=EDGE_LOOP('',(#4129,#4130,#4131,#4132));
#860=EDGE_LOOP('',(#4133,#4134,#4135,#4136));
#861=EDGE_LOOP('',(#4137,#4138,#4139,#4140));
#862=EDGE_LOOP('',(#4141,#4142,#4143,#4144));
#863=EDGE_LOOP('',(#4145,#4146,#4147,#4148));
#864=EDGE_LOOP('',(#4149));
#865=EDGE_LOOP('',(#4150,#4151,#4152,#4153));
#866=EDGE_LOOP('',(#4154,#4155,#4156,#4157));
#867=EDGE_LOOP('',(#4158,#4159,#4160,#4161));
#868=EDGE_LOOP('',(#4162,#4163,#4164,#4165));
#869=EDGE_LOOP('',(#4166));
#870=EDGE_LOOP('',(#4167,#4168,#4169,#4170));
#871=EDGE_LOOP('',(#4171,#4172,#4173,#4174));
#872=EDGE_LOOP('',(#4175,#4176,#4177,#4178,#4179,#4180,#4181,#4182,#4183,
#4184));
#873=EDGE_LOOP('',(#4185));
#874=EDGE_LOOP('',(#4186));
#875=CIRCLE('',#4509,6.1);
#876=CIRCLE('',#4510,6.1);
#877=CIRCLE('',#4512,6.1);
#878=CIRCLE('',#4513,6.1);
#879=CIRCLE('',#4514,6.1);
#880=CIRCLE('',#4516,2.);
#881=CIRCLE('',#4517,2.00000000000009);
#882=CIRCLE('',#4518,1.5);
#883=CIRCLE('',#4519,4.5);
#884=CIRCLE('',#4520,5.5);
#885=CIRCLE('',#4521,5.5);
#886=CIRCLE('',#4522,12.5);
#887=CIRCLE('',#4523,12.5);
#888=CIRCLE('',#4524,5.5);
#889=CIRCLE('',#4525,1.5);
#890=CIRCLE('',#4526,8.);
#891=CIRCLE('',#4527,8.);
#892=CIRCLE('',#4528,15.);
#893=CIRCLE('',#4529,2.3);
#894=CIRCLE('',#4530,11.3);
#895=CIRCLE('',#4531,15.);
#896=CIRCLE('',#4532,6.1);
#897=CIRCLE('',#4533,6.1);
#898=CIRCLE('',#4534,2.3);
#899=CIRCLE('',#4535,2.85);
#900=CIRCLE('',#4536,2.85);
#901=CIRCLE('',#4537,2.5);
#902=CIRCLE('',#4538,2.5);
#903=CIRCLE('',#4539,2.85);
#904=CIRCLE('',#4540,2.85);
#905=CIRCLE('',#4543,2.);
#906=CIRCLE('',#4546,5.);
#907=CIRCLE('',#4549,2.);
#908=CIRCLE('',#4550,2.);
#909=CIRCLE('',#4552,5.);
#910=CIRCLE('',#4555,5.);
#911=CIRCLE('',#4558,5.);
#912=CIRCLE('',#4561,2.);
#913=CIRCLE('',#4565,5.);
#914=CIRCLE('',#4566,6.);
#915=CIRCLE('',#4569,1.);
#916=CIRCLE('',#4570,2.);
#917=CIRCLE('',#4573,0.999999999999998);
#918=CIRCLE('',#4574,2.);
#919=CIRCLE('',#4577,4.);
#920=CIRCLE('',#4578,5.);
#921=CIRCLE('',#4581,6.);
#922=CIRCLE('',#4582,5.);
#923=CIRCLE('',#4585,5.);
#924=CIRCLE('',#4586,6.);
#925=CIRCLE('',#4590,0.999999999999998);
#926=CIRCLE('',#4593,0.999999999999992);
#927=CIRCLE('',#4597,1.);
#928=CIRCLE('',#4610,1.);
#929=CIRCLE('',#4613,1.28);
#930=CIRCLE('',#4614,1.28);
#931=CIRCLE('',#4615,1.28000000000001);
#932=CIRCLE('',#4616,1.27999999999997);
#933=CIRCLE('',#4617,4.5);
#934=CIRCLE('',#4618,4.5);
#935=CIRCLE('',#4619,8.5);
#936=CIRCLE('',#4620,8.5);
#937=CIRCLE('',#4621,5.6);
#938=CIRCLE('',#4622,5.6);
#939=CIRCLE('',#4623,5.6);
#940=CIRCLE('',#4624,5.6);
#941=CIRCLE('',#4626,12.5);
#942=CIRCLE('',#4627,12.5);
#943=CIRCLE('',#4631,2.);
#944=CIRCLE('',#4642,14.7);
#945=CIRCLE('',#4643,15.);
#946=CIRCLE('',#4645,15.);
#947=CIRCLE('',#4646,14.7);
#948=CIRCLE('',#4649,59.7392591809081);
#949=CIRCLE('',#4655,15.);
#950=CIRCLE('',#4656,15.);
#951=CIRCLE('',#4658,14.7);
#952=CIRCLE('',#4659,15.);
#953=CIRCLE('',#4661,59.7392591810778);
#954=CIRCLE('',#4665,15.);
#955=CIRCLE('',#4666,14.7);
#956=CIRCLE('',#4671,15.);
#957=CIRCLE('',#4672,15.);
#958=CIRCLE('',#4674,2.95);
#959=CIRCLE('',#4676,2.95);
#960=CIRCLE('',#4678,6.5);
#961=CIRCLE('',#4680,14.6);
#962=CIRCLE('',#4682,1.65);
#963=CIRCLE('',#4685,6.5);
#964=CIRCLE('',#4686,6.1);
#965=CIRCLE('',#4688,1.65);
#966=CIRCLE('',#4690,14.6);
#967=CIRCLE('',#4703,14.6);
#968=CIRCLE('',#4706,6.49999999999999);
#969=CIRCLE('',#4707,6.1);
#970=CIRCLE('',#4709,1.65);
#971=CIRCLE('',#4712,1.65);
#972=CIRCLE('',#4718,1.65);
#973=CIRCLE('',#4721,6.1);
#974=CIRCLE('',#4726,6.49999999999999);
#975=CIRCLE('',#4730,14.6);
#976=CIRCLE('',#4736,1.65);
#977=CIRCLE('',#4741,1.65);
#978=CIRCLE('',#4747,1.65);
#979=CIRCLE('',#4756,2.00000000000015);
#980=CIRCLE('',#4757,2.00000000000015);
#981=CIRCLE('',#4759,2.);
#982=CIRCLE('',#4763,2.00000000000009);
#983=CIRCLE('',#4766,2.);
#984=CIRCLE('',#4767,2.);
#985=CIRCLE('',#4770,2.);
#986=CIRCLE('',#4771,1.28);
#987=CIRCLE('',#4772,1.28);
#988=CIRCLE('',#4773,1.27999999999997);
#989=CIRCLE('',#4774,1.28000000000001);
#990=CIRCLE('',#4812,9.);
#991=CIRCLE('',#4813,9.5);
#992=CIRCLE('',#4815,9.);
#993=CIRCLE('',#4817,11.1);
#994=CIRCLE('',#4820,2.65);
#995=CIRCLE('',#4821,2.65);
#996=CIRCLE('',#4823,2.65);
#997=CIRCLE('',#4825,2.65);
#998=CIRCLE('',#4826,2.65);
#999=CIRCLE('',#4828,2.65);
#1000=CIRCLE('',#4830,2.65);
#1001=CIRCLE('',#4831,2.65);
#1002=CIRCLE('',#4833,2.65);
#1003=CIRCLE('',#4835,2.65);
#1004=CIRCLE('',#4836,2.65);
#1005=CIRCLE('',#4838,2.65);
#1006=CIRCLE('',#4840,1.99999999999999);
#1007=CIRCLE('',#4841,2.19999999999999);
#1008=CIRCLE('',#4843,2.19999999999999);
#1009=CIRCLE('',#4845,1.99999999999999);
#1010=CIRCLE('',#4847,1.99999999999999);
#1011=CIRCLE('',#4849,1.99999999999999);
#1012=CIRCLE('',#4851,2.1);
#1013=CIRCLE('',#4853,2.1);
#1014=CIRCLE('',#4855,2.1);
#1015=CIRCLE('',#4857,2.1);
#1016=CIRCLE('',#4859,11.1);
#1017=CIRCLE('',#4860,11.1);
#1018=CIRCLE('',#4871,7.5);
#1019=CIRCLE('',#4874,7.5);
#1020=CIRCLE('',#4876,7.5);
#1021=CIRCLE('',#4880,7.5);
#1022=CIRCLE('',#4889,2.5);
#1023=CIRCLE('',#4891,2.5);
#1024=CIRCLE('',#4893,2.5);
#1025=CIRCLE('',#4896,2.5);
#1026=CIRCLE('',#4903,2.5);
#1027=CIRCLE('',#4904,1.5);
#1028=CIRCLE('',#4910,2.5);
#1029=CIRCLE('',#4911,1.5);
#1030=LINE('',#6178,#1461);
#1031=LINE('',#6182,#1462);
#1032=LINE('',#6186,#1463);
#1033=LINE('',#6188,#1464);
#1034=LINE('',#6193,#1465);
#1035=LINE('',#6198,#1466);
#1036=LINE('',#6200,#1467);
#1037=LINE('',#6204,#1468);
#1038=LINE('',#6208,#1469);
#1039=LINE('',#6210,#1470);
#1040=LINE('',#6212,#1471);
#1041=LINE('',#6214,#1472);
#1042=LINE('',#6216,#1473);
#1043=LINE('',#6218,#1474);
#1044=LINE('',#6220,#1475);
#1045=LINE('',#6222,#1476);
#1046=LINE('',#6226,#1477);
#1047=LINE('',#6230,#1478);
#1048=LINE('',#6234,#1479);
#1049=LINE('',#6238,#1480);
#1050=LINE('',#6240,#1481);
#1051=LINE('',#6242,#1482);
#1052=LINE('',#6246,#1483);
#1053=LINE('',#6248,#1484);
#1054=LINE('',#6250,#1485);
#1055=LINE('',#6252,#1486);
#1056=LINE('',#6254,#1487);
#1057=LINE('',#6258,#1488);
#1058=LINE('',#6260,#1489);
#1059=LINE('',#6262,#1490);
#1060=LINE('',#6266,#1491);
#1061=LINE('',#6270,#1492);
#1062=LINE('',#6272,#1493);
#1063=LINE('',#6274,#1494);
#1064=LINE('',#6276,#1495);
#1065=LINE('',#6278,#1496);
#1066=LINE('',#6279,#1497);
#1067=LINE('',#6282,#1498);
#1068=LINE('',#6286,#1499);
#1069=LINE('',#6292,#1500);
#1070=LINE('',#6294,#1501);
#1071=LINE('',#6295,#1502);
#1072=LINE('',#6296,#1503);
#1073=LINE('',#6303,#1504);
#1074=LINE('',#6305,#1505);
#1075=LINE('',#6309,#1506);
#1076=LINE('',#6311,#1507);
#1077=LINE('',#6316,#1508);
#1078=LINE('',#6321,#1509);
#1079=LINE('',#6323,#1510);
#1080=LINE('',#6325,#1511);
#1081=LINE('',#6326,#1512);
#1082=LINE('',#6329,#1513);
#1083=LINE('',#6331,#1514);
#1084=LINE('',#6333,#1515);
#1085=LINE('',#6334,#1516);
#1086=LINE('',#6337,#1517);
#1087=LINE('',#6339,#1518);
#1088=LINE('',#6341,#1519);
#1089=LINE('',#6342,#1520);
#1090=LINE('',#6357,#1521);
#1091=LINE('',#6359,#1522);
#1092=LINE('',#6360,#1523);
#1093=LINE('',#6363,#1524);
#1094=LINE('',#6367,#1525);
#1095=LINE('',#6368,#1526);
#1096=LINE('',#6377,#1527);
#1097=LINE('',#6379,#1528);
#1098=LINE('',#6380,#1529);
#1099=LINE('',#6383,#1530);
#1100=LINE('',#6385,#1531);
#1101=LINE('',#6387,#1532);
#1102=LINE('',#6389,#1533);
#1103=LINE('',#6391,#1534);
#1104=LINE('',#6393,#1535);
#1105=LINE('',#6395,#1536);
#1106=LINE('',#6399,#1537);
#1107=LINE('',#6403,#1538);
#1108=LINE('',#6404,#1539);
#1109=LINE('',#6411,#1540);
#1110=LINE('',#6415,#1541);
#1111=LINE('',#6416,#1542);
#1112=LINE('',#6419,#1543);
#1113=LINE('',#6423,#1544);
#1114=LINE('',#6424,#1545);
#1115=LINE('',#6427,#1546);
#1116=LINE('',#6431,#1547);
#1117=LINE('',#6432,#1548);
#1118=LINE('',#6434,#1549);
#1119=LINE('',#6437,#1550);
#1120=LINE('',#6441,#1551);
#1121=LINE('',#6443,#1552);
#1122=LINE('',#6445,#1553);
#1123=LINE('',#6447,#1554);
#1124=LINE('',#6448,#1555);
#1125=LINE('',#6452,#1556);
#1126=LINE('',#6456,#1557);
#1127=LINE('',#6460,#1558);
#1128=LINE('',#6462,#1559);
#1129=LINE('',#6463,#1560);
#1130=LINE('',#6467,#1561);
#1131=LINE('',#6471,#1562);
#1132=LINE('',#6472,#1563);
#1133=LINE('',#6477,#1564);
#1134=LINE('',#6481,#1565);
#1135=LINE('',#6483,#1566);
#1136=LINE('',#6484,#1567);
#1137=LINE('',#6489,#1568);
#1138=LINE('',#6493,#1569);
#1139=LINE('',#6495,#1570);
#1140=LINE('',#6496,#1571);
#1141=LINE('',#6501,#1572);
#1142=LINE('',#6505,#1573);
#1143=LINE('',#6507,#1574);
#1144=LINE('',#6508,#1575);
#1145=LINE('',#6512,#1576);
#1146=LINE('',#6517,#1577);
#1147=LINE('',#6518,#1578);
#1148=LINE('',#6519,#1579);
#1149=LINE('',#6523,#1580);
#1150=LINE('',#6524,#1581);
#1151=LINE('',#6525,#1582);
#1152=LINE('',#6531,#1583);
#1153=LINE('',#6533,#1584);
#1154=LINE('',#6534,#1585);
#1155=LINE('',#6536,#1586);
#1156=LINE('',#6537,#1587);
#1157=LINE('',#6541,#1588);
#1158=LINE('',#6543,#1589);
#1159=LINE('',#6544,#1590);
#1160=LINE('',#6547,#1591);
#1161=LINE('',#6549,#1592);
#1162=LINE('',#6550,#1593);
#1163=LINE('',#6553,#1594);
#1164=LINE('',#6556,#1595);
#1165=LINE('',#6557,#1596);
#1166=LINE('',#6559,#1597);
#1167=LINE('',#6562,#1598);
#1168=LINE('',#6564,#1599);
#1169=LINE('',#6566,#1600);
#1170=LINE('',#6568,#1601);
#1171=LINE('',#6570,#1602);
#1172=LINE('',#6572,#1603);
#1173=LINE('',#6574,#1604);
#1174=LINE('',#6577,#1605);
#1175=LINE('',#6579,#1606);
#1176=LINE('',#6581,#1607);
#1177=LINE('',#6583,#1608);
#1178=LINE('',#6585,#1609);
#1179=LINE('',#6587,#1610);
#1180=LINE('',#6588,#1611);
#1181=LINE('',#6590,#1612);
#1182=LINE('',#6591,#1613);
#1183=LINE('',#6594,#1614);
#1184=LINE('',#6597,#1615);
#1185=LINE('',#6599,#1616);
#1186=LINE('',#6600,#1617);
#1187=LINE('',#6602,#1618);
#1188=LINE('',#6605,#1619);
#1189=LINE('',#6609,#1620);
#1190=LINE('',#6613,#1621);
#1191=LINE('',#6617,#1622);
#1192=LINE('',#6627,#1623);
#1193=LINE('',#6630,#1624);
#1194=LINE('',#6641,#1625);
#1195=LINE('',#6645,#1626);
#1196=LINE('',#6648,#1627);
#1197=LINE('',#6651,#1628);
#1198=LINE('',#6652,#1629);
#1199=LINE('',#6654,#1630);
#1200=LINE('',#6657,#1631);
#1201=LINE('',#6661,#1632);
#1202=LINE('',#6662,#1633);
#1203=LINE('',#6665,#1634);
#1204=LINE('',#6667,#1635);
#1205=LINE('',#6668,#1636);
#1206=LINE('',#6671,#1637);
#1207=LINE('',#6672,#1638);
#1208=LINE('',#6674,#1639);
#1209=LINE('',#6676,#1640);
#1210=LINE('',#6679,#1641);
#1211=LINE('',#6681,#1642);
#1212=LINE('',#6682,#1643);
#1213=LINE('',#6685,#1644);
#1214=LINE('',#6686,#1645);
#1215=LINE('',#6688,#1646);
#1216=LINE('',#6690,#1647);
#1217=LINE('',#6693,#1648);
#1218=LINE('',#6694,#1649);
#1219=LINE('',#6719,#1650);
#1220=LINE('',#6738,#1651);
#1221=LINE('',#6851,#1652);
#1222=LINE('',#6853,#1653);
#1223=LINE('',#6854,#1654);
#1224=LINE('',#6857,#1655);
#1225=LINE('',#6858,#1656);
#1226=LINE('',#6861,#1657);
#1227=LINE('',#6862,#1658);
#1228=LINE('',#6865,#1659);
#1229=LINE('',#6867,#1660);
#1230=LINE('',#6871,#1661);
#1231=LINE('',#6913,#1662);
#1232=LINE('',#7023,#1663);
#1233=LINE('',#7064,#1664);
#1234=LINE('',#7066,#1665);
#1235=LINE('',#7067,#1666);
#1236=LINE('',#7070,#1667);
#1237=LINE('',#7071,#1668);
#1238=LINE('',#7074,#1669);
#1239=LINE('',#7075,#1670);
#1240=LINE('',#7078,#1671);
#1241=LINE('',#7082,#1672);
#1242=LINE('',#7085,#1673);
#1243=LINE('',#7486,#1674);
#1244=LINE('',#7690,#1675);
#1245=LINE('',#7840,#1676);
#1246=LINE('',#7881,#1677);
#1247=LINE('',#7885,#1678);
#1248=LINE('',#7888,#1679);
#1249=LINE('',#7894,#1680);
#1250=LINE('',#7897,#1681);
#1251=LINE('',#7900,#1682);
#1252=LINE('',#7902,#1683);
#1253=LINE('',#7904,#1684);
#1254=LINE('',#7905,#1685);
#1255=LINE('',#7909,#1686);
#1256=LINE('',#7913,#1687);
#1257=LINE('',#7917,#1688);
#1258=LINE('',#7924,#1689);
#1259=LINE('',#7927,#1690);
#1260=LINE('',#7929,#1691);
#1261=LINE('',#7931,#1692);
#1262=LINE('',#7933,#1693);
#1263=LINE('',#7934,#1694);
#1264=LINE('',#7939,#1695);
#1265=LINE('',#7942,#1696);
#1266=LINE('',#7947,#1697);
#1267=LINE('',#7952,#1698);
#1268=LINE('',#7954,#1699);
#1269=LINE('',#7958,#1700);
#1270=LINE('',#7960,#1701);
#1271=LINE('',#7965,#1702);
#1272=LINE('',#7966,#1703);
#1273=LINE('',#7973,#1704);
#1274=LINE('',#7974,#1705);
#1275=LINE('',#7976,#1706);
#1276=LINE('',#7977,#1707);
#1277=LINE('',#7984,#1708);
#1278=LINE('',#7985,#1709);
#1279=LINE('',#7987,#1710);
#1280=LINE('',#7990,#1711);
#1281=LINE('',#7997,#1712);
#1282=LINE('',#8002,#1713);
#1283=LINE('',#8010,#1714);
#1284=LINE('',#8013,#1715);
#1285=LINE('',#8014,#1716);
#1286=LINE('',#8017,#1717);
#1287=LINE('',#8018,#1718);
#1288=LINE('',#8020,#1719);
#1289=LINE('',#8025,#1720);
#1290=LINE('',#8027,#1721);
#1291=LINE('',#8029,#1722);
#1292=LINE('',#8034,#1723);
#1293=LINE('',#8036,#1724);
#1294=LINE('',#8045,#1725);
#1295=LINE('',#8050,#1726);
#1296=LINE('',#8055,#1727);
#1297=LINE('',#8058,#1728);
#1298=LINE('',#8065,#1729);
#1299=LINE('',#8067,#1730);
#1300=LINE('',#8068,#1731);
#1301=LINE('',#8070,#1732);
#1302=LINE('',#8072,#1733);
#1303=LINE('',#8078,#1734);
#1304=LINE('',#8084,#1735);
#1305=LINE('',#8087,#1736);
#1306=LINE('',#8088,#1737);
#1307=LINE('',#8091,#1738);
#1308=LINE('',#8092,#1739);
#1309=LINE('',#8094,#1740);
#1310=LINE('',#8099,#1741);
#1311=LINE('',#8102,#1742);
#1312=LINE('',#8103,#1743);
#1313=LINE('',#8105,#1744);
#1314=LINE('',#8106,#1745);
#1315=LINE('',#8109,#1746);
#1316=LINE('',#8111,#1747);
#1317=LINE('',#8113,#1748);
#1318=LINE('',#8115,#1749);
#1319=LINE('',#8117,#1750);
#1320=LINE('',#8119,#1751);
#1321=LINE('',#8120,#1752);
#1322=LINE('',#8128,#1753);
#1323=LINE('',#8131,#1754);
#1324=LINE('',#8134,#1755);
#1325=LINE('',#8136,#1756);
#1326=LINE('',#8140,#1757);
#1327=LINE('',#8142,#1758);
#1328=LINE('',#8143,#1759);
#1329=LINE('',#8146,#1760);
#1330=LINE('',#8147,#1761);
#1331=LINE('',#8148,#1762);
#1332=LINE('',#8152,#1763);
#1333=LINE('',#8155,#1764);
#1334=LINE('',#8156,#1765);
#1335=LINE('',#8161,#1766);
#1336=LINE('',#8165,#1767);
#1337=LINE('',#8166,#1768);
#1338=LINE('',#8167,#1769);
#1339=LINE('',#8172,#1770);
#1340=LINE('',#8176,#1771);
#1341=LINE('',#8180,#1772);
#1342=LINE('',#8184,#1773);
#1343=LINE('',#8187,#1774);
#1344=LINE('',#8188,#1775);
#1345=LINE('',#8190,#1776);
#1346=LINE('',#8192,#1777);
#1347=LINE('',#8194,#1778);
#1348=LINE('',#8196,#1779);
#1349=LINE('',#8198,#1780);
#1350=LINE('',#8200,#1781);
#1351=LINE('',#8205,#1782);
#1352=LINE('',#8207,#1783);
#1353=LINE('',#8208,#1784);
#1354=LINE('',#8211,#1785);
#1355=LINE('',#8213,#1786);
#1356=LINE('',#8214,#1787);
#1357=LINE('',#8216,#1788);
#1358=LINE('',#8218,#1789);
#1359=LINE('',#8221,#1790);
#1360=LINE('',#8223,#1791);
#1361=LINE('',#8224,#1792);
#1362=LINE('',#8227,#1793);
#1363=LINE('',#8228,#1794);
#1364=LINE('',#8231,#1795);
#1365=LINE('',#8233,#1796);
#1366=LINE('',#8234,#1797);
#1367=LINE('',#8237,#1798);
#1368=LINE('',#8238,#1799);
#1369=LINE('',#8241,#1800);
#1370=LINE('',#8242,#1801);
#1371=LINE('',#8244,#1802);
#1372=LINE('',#8247,#1803);
#1373=LINE('',#8249,#1804);
#1374=LINE('',#8250,#1805);
#1375=LINE('',#8253,#1806);
#1376=LINE('',#8254,#1807);
#1377=LINE('',#8257,#1808);
#1378=LINE('',#8259,#1809);
#1379=LINE('',#8260,#1810);
#1380=LINE('',#8263,#1811);
#1381=LINE('',#8264,#1812);
#1382=LINE('',#8267,#1813);
#1383=LINE('',#8268,#1814);
#1384=LINE('',#8270,#1815);
#1385=LINE('',#8273,#1816);
#1386=LINE('',#8275,#1817);
#1387=LINE('',#8276,#1818);
#1388=LINE('',#8279,#1819);
#1389=LINE('',#8280,#1820);
#1390=LINE('',#8283,#1821);
#1391=LINE('',#8284,#1822);
#1392=LINE('',#8286,#1823);
#1393=LINE('',#8290,#1824);
#1394=LINE('',#8291,#1825);
#1395=LINE('',#8293,#1826);
#1396=LINE('',#8297,#1827);
#1397=LINE('',#8298,#1828);
#1398=LINE('',#8300,#1829);
#1399=LINE('',#8306,#1830);
#1400=LINE('',#8310,#1831);
#1401=LINE('',#8320,#1832);
#1402=LINE('',#8325,#1833);
#1403=LINE('',#8330,#1834);
#1404=LINE('',#8335,#1835);
#1405=LINE('',#8340,#1836);
#1406=LINE('',#8344,#1837);
#1407=LINE('',#8350,#1838);
#1408=LINE('',#8354,#1839);
#1409=LINE('',#8360,#1840);
#1410=LINE('',#8364,#1841);
#1411=LINE('',#8365,#1842);
#1412=LINE('',#8370,#1843);
#1413=LINE('',#8375,#1844);
#1414=LINE('',#8378,#1845);
#1415=LINE('',#8383,#1846);
#1416=LINE('',#8387,#1847);
#1417=LINE('',#8391,#1848);
#1418=LINE('',#8395,#1849);
#1419=LINE('',#8400,#1850);
#1420=LINE('',#8403,#1851);
#1421=LINE('',#8405,#1852);
#1422=LINE('',#8406,#1853);
#1423=LINE('',#8408,#1854);
#1424=LINE('',#8410,#1855);
#1425=LINE('',#8412,#1856);
#1426=LINE('',#8415,#1857);
#1427=LINE('',#8419,#1858);
#1428=LINE('',#8421,#1859);
#1429=LINE('',#8422,#1860);
#1430=LINE('',#8426,#1861);
#1431=LINE('',#8429,#1862);
#1432=LINE('',#8430,#1863);
#1433=LINE('',#8435,#1864);
#1434=LINE('',#8438,#1865);
#1435=LINE('',#8441,#1866);
#1436=LINE('',#8442,#1867);
#1437=LINE('',#8444,#1868);
#1438=LINE('',#8446,#1869);
#1439=LINE('',#8449,#1870);
#1440=LINE('',#8451,#1871);
#1441=LINE('',#8453,#1872);
#1442=LINE('',#8455,#1873);
#1443=LINE('',#8457,#1874);
#1444=LINE('',#8460,#1875);
#1445=LINE('',#8464,#1876);
#1446=LINE('',#8468,#1877);
#1447=LINE('',#8472,#1878);
#1448=LINE('',#8477,#1879);
#1449=LINE('',#8481,#1880);
#1450=LINE('',#8483,#1881);
#1451=LINE('',#8485,#1882);
#1452=LINE('',#8487,#1883);
#1453=LINE('',#8492,#1884);
#1454=LINE('',#8495,#1885);
#1455=LINE('',#8498,#1886);
#1456=LINE('',#8500,#1887);
#1457=LINE('',#8505,#1888);
#1458=LINE('',#8508,#1889);
#1459=LINE('',#8511,#1890);
#1460=LINE('',#8513,#1891);
#1461=VECTOR('',#4923,6.1);
#1462=VECTOR('',#4926,10.);
#1463=VECTOR('',#4931,10.);
#1464=VECTOR('',#4932,6.1);
#1465=VECTOR('',#4937,10.);
#1466=VECTOR('',#4942,10.);
#1467=VECTOR('',#4943,10.);
#1468=VECTOR('',#4946,10.);
#1469=VECTOR('',#4949,10.);
#1470=VECTOR('',#4950,10.);
#1471=VECTOR('',#4951,10.);
#1472=VECTOR('',#4952,10.);
#1473=VECTOR('',#4953,10.);
#1474=VECTOR('',#4954,10.);
#1475=VECTOR('',#4955,10.);
#1476=VECTOR('',#4956,10.);
#1477=VECTOR('',#4959,10.);
#1478=VECTOR('',#4962,10.);
#1479=VECTOR('',#4965,10.);
#1480=VECTOR('',#4968,10.);
#1481=VECTOR('',#4969,10.);
#1482=VECTOR('',#4970,10.);
#1483=VECTOR('',#4973,10.);
#1484=VECTOR('',#4974,10.);
#1485=VECTOR('',#4975,10.);
#1486=VECTOR('',#4976,10.);
#1487=VECTOR('',#4977,10.);
#1488=VECTOR('',#4980,10.);
#1489=VECTOR('',#4981,10.);
#1490=VECTOR('',#4982,10.);
#1491=VECTOR('',#4985,10.);
#1492=VECTOR('',#4988,10.);
#1493=VECTOR('',#4989,10.);
#1494=VECTOR('',#4990,10.);
#1495=VECTOR('',#4991,10.);
#1496=VECTOR('',#4992,10.);
#1497=VECTOR('',#4993,10.);
#1498=VECTOR('',#4994,10.);
#1499=VECTOR('',#4997,10.);
#1500=VECTOR('',#5002,10.);
#1501=VECTOR('',#5003,10.);
#1502=VECTOR('',#5004,10.);
#1503=VECTOR('',#5005,10.);
#1504=VECTOR('',#5010,10.);
#1505=VECTOR('',#5011,10.);
#1506=VECTOR('',#5014,10.);
#1507=VECTOR('',#5015,10.);
#1508=VECTOR('',#5020,10.);
#1509=VECTOR('',#5023,10.);
#1510=VECTOR('',#5024,10.);
#1511=VECTOR('',#5025,10.);
#1512=VECTOR('',#5026,10.);
#1513=VECTOR('',#5027,10.);
#1514=VECTOR('',#5028,10.);
#1515=VECTOR('',#5029,10.);
#1516=VECTOR('',#5030,10.);
#1517=VECTOR('',#5031,10.);
#1518=VECTOR('',#5032,10.);
#1519=VECTOR('',#5033,10.);
#1520=VECTOR('',#5034,10.);
#1521=VECTOR('',#5049,10.);
#1522=VECTOR('',#5050,10.);
#1523=VECTOR('',#5051,10.);
#1524=VECTOR('',#5054,10.);
#1525=VECTOR('',#5059,10.);
#1526=VECTOR('',#5060,10.);
#1527=VECTOR('',#5067,10.);
#1528=VECTOR('',#5068,10.);
#1529=VECTOR('',#5069,10.);
#1530=VECTOR('',#5072,10.);
#1531=VECTOR('',#5073,10.);
#1532=VECTOR('',#5074,10.);
#1533=VECTOR('',#5075,10.);
#1534=VECTOR('',#5076,10.);
#1535=VECTOR('',#5077,10.);
#1536=VECTOR('',#5078,10.);
#1537=VECTOR('',#5081,10.);
#1538=VECTOR('',#5084,10.);
#1539=VECTOR('',#5085,10.);
#1540=VECTOR('',#5088,10.);
#1541=VECTOR('',#5093,10.);
#1542=VECTOR('',#5094,10.);
#1543=VECTOR('',#5097,10.);
#1544=VECTOR('',#5102,10.);
#1545=VECTOR('',#5103,10.);
#1546=VECTOR('',#5106,10.);
#1547=VECTOR('',#5111,10.);
#1548=VECTOR('',#5112,10.);
#1549=VECTOR('',#5115,10.);
#1550=VECTOR('',#5120,10.);
#1551=VECTOR('',#5123,10.);
#1552=VECTOR('',#5124,10.);
#1553=VECTOR('',#5125,10.);
#1554=VECTOR('',#5126,10.);
#1555=VECTOR('',#5127,10.);
#1556=VECTOR('',#5130,10.);
#1557=VECTOR('',#5133,10.);
#1558=VECTOR('',#5138,10.);
#1559=VECTOR('',#5139,10.);
#1560=VECTOR('',#5140,10.);
#1561=VECTOR('',#5145,10.);
#1562=VECTOR('',#5150,10.);
#1563=VECTOR('',#5151,10.);
#1564=VECTOR('',#5156,10.);
#1565=VECTOR('',#5161,10.);
#1566=VECTOR('',#5162,10.);
#1567=VECTOR('',#5163,10.);
#1568=VECTOR('',#5168,9.99999999999999);
#1569=VECTOR('',#5173,10.);
#1570=VECTOR('',#5174,10.);
#1571=VECTOR('',#5175,10.);
#1572=VECTOR('',#5180,10.);
#1573=VECTOR('',#5185,10.);
#1574=VECTOR('',#5186,10.);
#1575=VECTOR('',#5187,10.);
#1576=VECTOR('',#5190,10.);
#1577=VECTOR('',#5197,10.);
#1578=VECTOR('',#5198,10.);
#1579=VECTOR('',#5199,10.);
#1580=VECTOR('',#5202,10.);
#1581=VECTOR('',#5203,10.);
#1582=VECTOR('',#5204,10.);
#1583=VECTOR('',#5211,10.);
#1584=VECTOR('',#5212,10.);
#1585=VECTOR('',#5213,10.);
#1586=VECTOR('',#5214,10.);
#1587=VECTOR('',#5215,10.);
#1588=VECTOR('',#5222,10.);
#1589=VECTOR('',#5223,10.);
#1590=VECTOR('',#5224,10.);
#1591=VECTOR('',#5227,10.);
#1592=VECTOR('',#5228,10.);
#1593=VECTOR('',#5229,10.);
#1594=VECTOR('',#5232,10.);
#1595=VECTOR('',#5237,10.);
#1596=VECTOR('',#5238,10.);
#1597=VECTOR('',#5241,10.);
#1598=VECTOR('',#5246,10.);
#1599=VECTOR('',#5249,10.);
#1600=VECTOR('',#5252,10.);
#1601=VECTOR('',#5255,10.);
#1602=VECTOR('',#5258,10.);
#1603=VECTOR('',#5261,10.);
#1604=VECTOR('',#5264,10.);
#1605=VECTOR('',#5267,10.);
#1606=VECTOR('',#5268,10.);
#1607=VECTOR('',#5269,10.);
#1608=VECTOR('',#5270,10.);
#1609=VECTOR('',#5271,10.);
#1610=VECTOR('',#5272,10.);
#1611=VECTOR('',#5273,10.);
#1612=VECTOR('',#5274,10.);
#1613=VECTOR('',#5275,10.);
#1614=VECTOR('',#5278,10.);
#1615=VECTOR('',#5283,10.);
#1616=VECTOR('',#5284,10.);
#1617=VECTOR('',#5285,10.);
#1618=VECTOR('',#5288,10.);
#1619=VECTOR('',#5289,10.);
#1620=VECTOR('',#5292,10.);
#1621=VECTOR('',#5295,10.);
#1622=VECTOR('',#5298,10.);
#1623=VECTOR('',#5307,10.);
#1624=VECTOR('',#5310,10.);
#1625=VECTOR('',#5321,10.);
#1626=VECTOR('',#5324,10.);
#1627=VECTOR('',#5327,10.);
#1628=VECTOR('',#5330,10.);
#1629=VECTOR('',#5331,10.);
#1630=VECTOR('',#5334,10.);
#1631=VECTOR('',#5337,10.);
#1632=VECTOR('',#5340,10.);
#1633=VECTOR('',#5341,10.);
#1634=VECTOR('',#5344,10.);
#1635=VECTOR('',#5345,10.);
#1636=VECTOR('',#5346,10.);
#1637=VECTOR('',#5349,10.);
#1638=VECTOR('',#5350,10.);
#1639=VECTOR('',#5353,10.);
#1640=VECTOR('',#5356,10.);
#1641=VECTOR('',#5359,10.);
#1642=VECTOR('',#5360,10.);
#1643=VECTOR('',#5361,10.);
#1644=VECTOR('',#5364,10.);
#1645=VECTOR('',#5365,10.);
#1646=VECTOR('',#5368,10.);
#1647=VECTOR('',#5371,10.);
#1648=VECTOR('',#5374,10.);
#1649=VECTOR('',#5375,10.);
#1650=VECTOR('',#5382,10.);
#1651=VECTOR('',#5389,10.);
#1652=VECTOR('',#5400,10.);
#1653=VECTOR('',#5401,10.);
#1654=VECTOR('',#5402,10.);
#1655=VECTOR('',#5405,10.);
#1656=VECTOR('',#5406,10.);
#1657=VECTOR('',#5409,10.);
#1658=VECTOR('',#5410,10.);
#1659=VECTOR('',#5413,10.);
#1660=VECTOR('',#5414,10.);
#1661=VECTOR('',#5417,10.);
#1662=VECTOR('',#5424,10.);
#1663=VECTOR('',#5439,10.);
#1664=VECTOR('',#5444,10.);
#1665=VECTOR('',#5445,10.);
#1666=VECTOR('',#5446,10.);
#1667=VECTOR('',#5449,10.);
#1668=VECTOR('',#5450,10.);
#1669=VECTOR('',#5453,10.);
#1670=VECTOR('',#5454,10.);
#1671=VECTOR('',#5457,10.);
#1672=VECTOR('',#5460,10.);
#1673=VECTOR('',#5463,10.);
#1674=VECTOR('',#5464,10.);
#1675=VECTOR('',#5469,2.95);
#1676=VECTOR('',#5470,10.);
#1677=VECTOR('',#5475,2.95);
#1678=VECTOR('',#5478,10.);
#1679=VECTOR('',#5481,10.);
#1680=VECTOR('',#5484,10.);
#1681=VECTOR('',#5487,10.);
#1682=VECTOR('',#5490,10.);
#1683=VECTOR('',#5491,10.);
#1684=VECTOR('',#5492,10.);
#1685=VECTOR('',#5493,10.);
#1686=VECTOR('',#5498,10.);
#1687=VECTOR('',#5501,10.);
#1688=VECTOR('',#5504,10.);
#1689=VECTOR('',#5507,10.);
#1690=VECTOR('',#5510,10.);
#1691=VECTOR('',#5511,10.);
#1692=VECTOR('',#5512,10.);
#1693=VECTOR('',#5513,10.);
#1694=VECTOR('',#5514,10.);
#1695=VECTOR('',#5519,10.);
#1696=VECTOR('',#5524,10.);
#1697=VECTOR('',#5527,10.);
#1698=VECTOR('',#5530,10.);
#1699=VECTOR('',#5533,10.);
#1700=VECTOR('',#5536,10.);
#1701=VECTOR('',#5537,10.);
#1702=VECTOR('',#5540,10.);
#1703=VECTOR('',#5541,10.);
#1704=VECTOR('',#5544,10.);
#1705=VECTOR('',#5545,10.);
#1706=VECTOR('',#5548,10.);
#1707=VECTOR('',#5549,10.);
#1708=VECTOR('',#5552,10.);
#1709=VECTOR('',#5553,10.);
#1710=VECTOR('',#5556,10.);
#1711=VECTOR('',#5559,9.99999999999999);
#1712=VECTOR('',#5566,10.);
#1713=VECTOR('',#5575,10.);
#1714=VECTOR('',#5586,1.65);
#1715=VECTOR('',#5589,10.);
#1716=VECTOR('',#5590,10.);
#1717=VECTOR('',#5593,10.);
#1718=VECTOR('',#5594,10.);
#1719=VECTOR('',#5597,10.);
#1720=VECTOR('',#5604,1.65);
#1721=VECTOR('',#5607,10.);
#1722=VECTOR('',#5608,6.1);
#1723=VECTOR('',#5615,10.);
#1724=VECTOR('',#5616,10.);
#1725=VECTOR('',#5619,10.);
#1726=VECTOR('',#5626,10.);
#1727=VECTOR('',#5627,10.);
#1728=VECTOR('',#5630,9.99999999999999);
#1729=VECTOR('',#5637,10.);
#1730=VECTOR('',#5640,10.);
#1731=VECTOR('',#5641,10.);
#1732=VECTOR('',#5644,10.);
#1733=VECTOR('',#5647,10.);
#1734=VECTOR('',#5656,10.);
#1735=VECTOR('',#5665,1.65);
#1736=VECTOR('',#5668,10.);
#1737=VECTOR('',#5669,10.);
#1738=VECTOR('',#5672,10.);
#1739=VECTOR('',#5673,10.);
#1740=VECTOR('',#5676,10.);
#1741=VECTOR('',#5683,1.65);
#1742=VECTOR('',#5688,12.5);
#1743=VECTOR('',#5689,10.);
#1744=VECTOR('',#5692,12.5);
#1745=VECTOR('',#5693,10.);
#1746=VECTOR('',#5696,10.);
#1747=VECTOR('',#5697,10.);
#1748=VECTOR('',#5698,10.);
#1749=VECTOR('',#5699,10.);
#1750=VECTOR('',#5700,10.);
#1751=VECTOR('',#5701,10.);
#1752=VECTOR('',#5702,10.);
#1753=VECTOR('',#5711,10.);
#1754=VECTOR('',#5714,10.);
#1755=VECTOR('',#5717,10.);
#1756=VECTOR('',#5718,10.);
#1757=VECTOR('',#5723,10.);
#1758=VECTOR('',#5724,10.);
#1759=VECTOR('',#5725,10.);
#1760=VECTOR('',#5728,10.);
#1761=VECTOR('',#5729,10.);
#1762=VECTOR('',#5730,10.);
#1763=VECTOR('',#5735,10.);
#1764=VECTOR('',#5738,10.);
#1765=VECTOR('',#5739,10.);
#1766=VECTOR('',#5744,10.);
#1767=VECTOR('',#5749,10.);
#1768=VECTOR('',#5750,10.);
#1769=VECTOR('',#5751,10.);
#1770=VECTOR('',#5756,10.);
#1771=VECTOR('',#5759,10.);
#1772=VECTOR('',#5762,10.);
#1773=VECTOR('',#5765,10.);
#1774=VECTOR('',#5770,10.);
#1775=VECTOR('',#5771,10.);
#1776=VECTOR('',#5774,10.);
#1777=VECTOR('',#5777,10.);
#1778=VECTOR('',#5780,10.);
#1779=VECTOR('',#5783,10.);
#1780=VECTOR('',#5786,10.);
#1781=VECTOR('',#5789,10.);
#1782=VECTOR('',#5796,10.);
#1783=VECTOR('',#5797,10.);
#1784=VECTOR('',#5798,10.);
#1785=VECTOR('',#5801,10.);
#1786=VECTOR('',#5802,10.);
#1787=VECTOR('',#5803,10.);
#1788=VECTOR('',#5806,10.);
#1789=VECTOR('',#5809,10.);
#1790=VECTOR('',#5812,10.);
#1791=VECTOR('',#5813,10.);
#1792=VECTOR('',#5814,10.);
#1793=VECTOR('',#5817,10.);
#1794=VECTOR('',#5818,10.);
#1795=VECTOR('',#5821,10.);
#1796=VECTOR('',#5822,10.);
#1797=VECTOR('',#5823,10.);
#1798=VECTOR('',#5826,10.);
#1799=VECTOR('',#5827,10.);
#1800=VECTOR('',#5830,10.);
#1801=VECTOR('',#5831,10.);
#1802=VECTOR('',#5834,10.);
#1803=VECTOR('',#5837,10.);
#1804=VECTOR('',#5838,10.);
#1805=VECTOR('',#5839,10.);
#1806=VECTOR('',#5842,10.);
#1807=VECTOR('',#5843,10.);
#1808=VECTOR('',#5846,10.);
#1809=VECTOR('',#5847,10.);
#1810=VECTOR('',#5848,10.);
#1811=VECTOR('',#5851,10.);
#1812=VECTOR('',#5852,10.);
#1813=VECTOR('',#5855,10.);
#1814=VECTOR('',#5856,10.);
#1815=VECTOR('',#5859,10.);
#1816=VECTOR('',#5862,10.);
#1817=VECTOR('',#5863,10.);
#1818=VECTOR('',#5864,10.);
#1819=VECTOR('',#5867,10.);
#1820=VECTOR('',#5868,10.);
#1821=VECTOR('',#5871,10.);
#1822=VECTOR('',#5872,10.);
#1823=VECTOR('',#5875,10.);
#1824=VECTOR('',#5880,10.);
#1825=VECTOR('',#5881,10.);
#1826=VECTOR('',#5884,10.);
#1827=VECTOR('',#5889,10.);
#1828=VECTOR('',#5890,10.);
#1829=VECTOR('',#5893,10.);
#1830=VECTOR('',#5900,9.25);
#1831=VECTOR('',#5905,9.);
#1832=VECTOR('',#5918,2.75);
#1833=VECTOR('',#5925,2.65);
#1834=VECTOR('',#5930,2.75);
#1835=VECTOR('',#5937,2.65);
#1836=VECTOR('',#5942,2.75);
#1837=VECTOR('',#5947,2.65);
#1838=VECTOR('',#5954,2.75);
#1839=VECTOR('',#5959,2.65);
#1840=VECTOR('',#5966,2.09999999999999);
#1841=VECTOR('',#5971,10.);
#1842=VECTOR('',#5972,10.);
#1843=VECTOR('',#5977,1.99999999999999);
#1844=VECTOR('',#5984,2.09999999999999);
#1845=VECTOR('',#5987,1.99999999999999);
#1846=VECTOR('',#5994,2.2);
#1847=VECTOR('',#5999,2.1);
#1848=VECTOR('',#6004,2.2);
#1849=VECTOR('',#6009,2.1);
#1850=VECTOR('',#6014,11.2);
#1851=VECTOR('',#6019,11.1);
#1852=VECTOR('',#6022,10.);
#1853=VECTOR('',#6023,10.);
#1854=VECTOR('',#6026,10.);
#1855=VECTOR('',#6029,10.);
#1856=VECTOR('',#6032,10.);
#1857=VECTOR('',#6037,10.);
#1858=VECTOR('',#6042,10.);
#1859=VECTOR('',#6043,10.);
#1860=VECTOR('',#6044,10.);
#1861=VECTOR('',#6049,10.);
#1862=VECTOR('',#6052,10.);
#1863=VECTOR('',#6053,10.);
#1864=VECTOR('',#6060,10.);
#1865=VECTOR('',#6063,10.);
#1866=VECTOR('',#6066,10.);
#1867=VECTOR('',#6067,10.);
#1868=VECTOR('',#6070,10.);
#1869=VECTOR('',#6073,9.99999999999999);
#1870=VECTOR('',#6076,9.99999999999999);
#1871=VECTOR('',#6079,9.99999999999999);
#1872=VECTOR('',#6082,9.99999999999999);
#1873=VECTOR('',#6085,10.);
#1874=VECTOR('',#6088,10.);
#1875=VECTOR('',#6093,10.);
#1876=VECTOR('',#6098,2.24999999999999);
#1877=VECTOR('',#6103,2.25);
#1878=VECTOR('',#6108,2.5);
#1879=VECTOR('',#6115,2.5);
#1880=VECTOR('',#6122,3.3);
#1881=VECTOR('',#6125,3.3);
#1882=VECTOR('',#6128,4.125);
#1883=VECTOR('',#6131,4.125);
#1884=VECTOR('',#6136,2.);
#1885=VECTOR('',#6141,2.5);
#1886=VECTOR('',#6146,4.125);
#1887=VECTOR('',#6149,4.125);
#1888=VECTOR('',#6154,2.);
#1889=VECTOR('',#6159,2.5);
#1890=VECTOR('',#6164,10.);
#1891=VECTOR('',#6167,10.);
#1892=VERTEX_POINT('',#6176);
#1893=VERTEX_POINT('',#6177);
#1894=VERTEX_POINT('',#6179);
#1895=VERTEX_POINT('',#6181);
#1896=VERTEX_POINT('',#6185);
#1897=VERTEX_POINT('',#6187);
#1898=VERTEX_POINT('',#6190);
#1899=VERTEX_POINT('',#6192);
#1900=VERTEX_POINT('',#6196);
#1901=VERTEX_POINT('',#6197);
#1902=VERTEX_POINT('',#6199);
#1903=VERTEX_POINT('',#6201);
#1904=VERTEX_POINT('',#6203);
#1905=VERTEX_POINT('',#6205);
#1906=VERTEX_POINT('',#6207);
#1907=VERTEX_POINT('',#6209);
#1908=VERTEX_POINT('',#6211);
#1909=VERTEX_POINT('',#6213);
#1910=VERTEX_POINT('',#6215);
#1911=VERTEX_POINT('',#6217);
#1912=VERTEX_POINT('',#6219);
#1913=VERTEX_POINT('',#6221);
#1914=VERTEX_POINT('',#6223);
#1915=VERTEX_POINT('',#6225);
#1916=VERTEX_POINT('',#6227);
#1917=VERTEX_POINT('',#6229);
#1918=VERTEX_POINT('',#6231);
#1919=VERTEX_POINT('',#6233);
#1920=VERTEX_POINT('',#6235);
#1921=VERTEX_POINT('',#6237);
#1922=VERTEX_POINT('',#6239);
#1923=VERTEX_POINT('',#6241);
#1924=VERTEX_POINT('',#6243);
#1925=VERTEX_POINT('',#6245);
#1926=VERTEX_POINT('',#6247);
#1927=VERTEX_POINT('',#6249);
#1928=VERTEX_POINT('',#6251);
#1929=VERTEX_POINT('',#6253);
#1930=VERTEX_POINT('',#6255);
#1931=VERTEX_POINT('',#6257);
#1932=VERTEX_POINT('',#6259);
#1933=VERTEX_POINT('',#6261);
#1934=VERTEX_POINT('',#6263);
#1935=VERTEX_POINT('',#6265);
#1936=VERTEX_POINT('',#6267);
#1937=VERTEX_POINT('',#6269);
#1938=VERTEX_POINT('',#6271);
#1939=VERTEX_POINT('',#6273);
#1940=VERTEX_POINT('',#6275);
#1941=VERTEX_POINT('',#6277);
#1942=VERTEX_POINT('',#6280);
#1943=VERTEX_POINT('',#6281);
#1944=VERTEX_POINT('',#6283);
#1945=VERTEX_POINT('',#6285);
#1946=VERTEX_POINT('',#6288);
#1947=VERTEX_POINT('',#6289);
#1948=VERTEX_POINT('',#6291);
#1949=VERTEX_POINT('',#6293);
#1950=VERTEX_POINT('',#6297);
#1951=VERTEX_POINT('',#6299);
#1952=VERTEX_POINT('',#6301);
#1953=VERTEX_POINT('',#6302);
#1954=VERTEX_POINT('',#6304);
#1955=VERTEX_POINT('',#6306);
#1956=VERTEX_POINT('',#6308);
#1957=VERTEX_POINT('',#6310);
#1958=VERTEX_POINT('',#6312);
#1959=VERTEX_POINT('',#6314);
#1960=VERTEX_POINT('',#6317);
#1961=VERTEX_POINT('',#6319);
#1962=VERTEX_POINT('',#6320);
#1963=VERTEX_POINT('',#6322);
#1964=VERTEX_POINT('',#6324);
#1965=VERTEX_POINT('',#6327);
#1966=VERTEX_POINT('',#6328);
#1967=VERTEX_POINT('',#6330);
#1968=VERTEX_POINT('',#6332);
#1969=VERTEX_POINT('',#6335);
#1970=VERTEX_POINT('',#6336);
#1971=VERTEX_POINT('',#6338);
#1972=VERTEX_POINT('',#6340);
#1973=VERTEX_POINT('',#6343);
#1974=VERTEX_POINT('',#6345);
#1975=VERTEX_POINT('',#6347);
#1976=VERTEX_POINT('',#6349);
#1977=VERTEX_POINT('',#6351);
#1978=VERTEX_POINT('',#6353);
#1979=VERTEX_POINT('',#6356);
#1980=VERTEX_POINT('',#6358);
#1981=VERTEX_POINT('',#6362);
#1982=VERTEX_POINT('',#6366);
#1983=VERTEX_POINT('',#6370);
#1984=VERTEX_POINT('',#6376);
#1985=VERTEX_POINT('',#6378);
#1986=VERTEX_POINT('',#6382);
#1987=VERTEX_POINT('',#6384);
#1988=VERTEX_POINT('',#6386);
#1989=VERTEX_POINT('',#6388);
#1990=VERTEX_POINT('',#6390);
#1991=VERTEX_POINT('',#6392);
#1992=VERTEX_POINT('',#6394);
#1993=VERTEX_POINT('',#6396);
#1994=VERTEX_POINT('',#6398);
#1995=VERTEX_POINT('',#6400);
#1996=VERTEX_POINT('',#6402);
#1997=VERTEX_POINT('',#6406);
#1998=VERTEX_POINT('',#6410);
#1999=VERTEX_POINT('',#6414);
#2000=VERTEX_POINT('',#6418);
#2001=VERTEX_POINT('',#6422);
#2002=VERTEX_POINT('',#6426);
#2003=VERTEX_POINT('',#6430);
#2004=VERTEX_POINT('',#6439);
#2005=VERTEX_POINT('',#6440);
#2006=VERTEX_POINT('',#6442);
#2007=VERTEX_POINT('',#6444);
#2008=VERTEX_POINT('',#6446);
#2009=VERTEX_POINT('',#6450);
#2010=VERTEX_POINT('',#6451);
#2011=VERTEX_POINT('',#6453);
#2012=VERTEX_POINT('',#6455);
#2013=VERTEX_POINT('',#6459);
#2014=VERTEX_POINT('',#6461);
#2015=VERTEX_POINT('',#6465);
#2016=VERTEX_POINT('',#6470);
#2017=VERTEX_POINT('',#6474);
#2018=VERTEX_POINT('',#6476);
#2019=VERTEX_POINT('',#6480);
#2020=VERTEX_POINT('',#6482);
#2021=VERTEX_POINT('',#6486);
#2022=VERTEX_POINT('',#6488);
#2023=VERTEX_POINT('',#6492);
#2024=VERTEX_POINT('',#6494);
#2025=VERTEX_POINT('',#6498);
#2026=VERTEX_POINT('',#6500);
#2027=VERTEX_POINT('',#6504);
#2028=VERTEX_POINT('',#6506);
#2029=VERTEX_POINT('',#6510);
#2030=VERTEX_POINT('',#6511);
#2031=VERTEX_POINT('',#6516);
#2032=VERTEX_POINT('',#6521);
#2033=VERTEX_POINT('',#6522);
#2034=VERTEX_POINT('',#6529);
#2035=VERTEX_POINT('',#6530);
#2036=VERTEX_POINT('',#6532);
#2037=VERTEX_POINT('',#6535);
#2038=VERTEX_POINT('',#6542);
#2039=VERTEX_POINT('',#6546);
#2040=VERTEX_POINT('',#6548);
#2041=VERTEX_POINT('',#6552);
#2042=VERTEX_POINT('',#6576);
#2043=VERTEX_POINT('',#6578);
#2044=VERTEX_POINT('',#6580);
#2045=VERTEX_POINT('',#6582);
#2046=VERTEX_POINT('',#6584);
#2047=VERTEX_POINT('',#6586);
#2048=VERTEX_POINT('',#6589);
#2049=VERTEX_POINT('',#6593);
#2050=VERTEX_POINT('',#6598);
#2051=VERTEX_POINT('',#6603);
#2052=VERTEX_POINT('',#6604);
#2053=VERTEX_POINT('',#6606);
#2054=VERTEX_POINT('',#6608);
#2055=VERTEX_POINT('',#6610);
#2056=VERTEX_POINT('',#6612);
#2057=VERTEX_POINT('',#6614);
#2058=VERTEX_POINT('',#6616);
#2059=VERTEX_POINT('',#6619);
#2060=VERTEX_POINT('',#6621);
#2061=VERTEX_POINT('',#6623);
#2062=VERTEX_POINT('',#6624);
#2063=VERTEX_POINT('',#6626);
#2064=VERTEX_POINT('',#6628);
#2065=VERTEX_POINT('',#6631);
#2066=VERTEX_POINT('',#6633);
#2067=VERTEX_POINT('',#6635);
#2068=VERTEX_POINT('',#6637);
#2069=VERTEX_POINT('',#6640);
#2070=VERTEX_POINT('',#6642);
#2071=VERTEX_POINT('',#6644);
#2072=VERTEX_POINT('',#6646);
#2073=VERTEX_POINT('',#6650);
#2074=VERTEX_POINT('',#6656);
#2075=VERTEX_POINT('',#6658);
#2076=VERTEX_POINT('',#6660);
#2077=VERTEX_POINT('',#6664);
#2078=VERTEX_POINT('',#6666);
#2079=VERTEX_POINT('',#6670);
#2080=VERTEX_POINT('',#6678);
#2081=VERTEX_POINT('',#6680);
#2082=VERTEX_POINT('',#6684);
#2083=VERTEX_POINT('',#6692);
#2084=VERTEX_POINT('',#6696);
#2085=VERTEX_POINT('',#6697);
#2086=VERTEX_POINT('',#6699);
#2087=VERTEX_POINT('',#6703);
#2088=VERTEX_POINT('',#6710);
#2089=VERTEX_POINT('',#6712);
#2090=VERTEX_POINT('',#6721);
#2091=VERTEX_POINT('',#6722);
#2092=VERTEX_POINT('',#6724);
#2093=VERTEX_POINT('',#6731);
#2094=VERTEX_POINT('',#6735);
#2095=VERTEX_POINT('',#6737);
#2096=VERTEX_POINT('',#6761);
#2097=VERTEX_POINT('',#6768);
#2098=VERTEX_POINT('',#6816);
#2099=VERTEX_POINT('',#6818);
#2100=VERTEX_POINT('',#6850);
#2101=VERTEX_POINT('',#6852);
#2102=VERTEX_POINT('',#6856);
#2103=VERTEX_POINT('',#6860);
#2104=VERTEX_POINT('',#6864);
#2105=VERTEX_POINT('',#6866);
#2106=VERTEX_POINT('',#6868);
#2107=VERTEX_POINT('',#6870);
#2108=VERTEX_POINT('',#6873);
#2109=VERTEX_POINT('',#6909);
#2110=VERTEX_POINT('',#6910);
#2111=VERTEX_POINT('',#6912);
#2112=VERTEX_POINT('',#6914);
#2113=VERTEX_POINT('',#6921);
#2114=VERTEX_POINT('',#6923);
#2115=VERTEX_POINT('',#6949);
#2116=VERTEX_POINT('',#6951);
#2117=VERTEX_POINT('',#6975);
#2118=VERTEX_POINT('',#6977);
#2119=VERTEX_POINT('',#7006);
#2120=VERTEX_POINT('',#7013);
#2121=VERTEX_POINT('',#7020);
#2122=VERTEX_POINT('',#7022);
#2123=VERTEX_POINT('',#7024);
#2124=VERTEX_POINT('',#7026);
#2125=VERTEX_POINT('',#7063);
#2126=VERTEX_POINT('',#7065);
#2127=VERTEX_POINT('',#7069);
#2128=VERTEX_POINT('',#7073);
#2129=VERTEX_POINT('',#7077);
#2130=VERTEX_POINT('',#7079);
#2131=VERTEX_POINT('',#7081);
#2132=VERTEX_POINT('',#7083);
#2133=VERTEX_POINT('',#7086);
#2134=VERTEX_POINT('',#7485);
#2135=VERTEX_POINT('',#7487);
#2136=VERTEX_POINT('',#7688);
#2137=VERTEX_POINT('',#7839);
#2138=VERTEX_POINT('',#7879);
#2139=VERTEX_POINT('',#7883);
#2140=VERTEX_POINT('',#7884);
#2141=VERTEX_POINT('',#7886);
#2142=VERTEX_POINT('',#7893);
#2143=VERTEX_POINT('',#7895);
#2144=VERTEX_POINT('',#7899);
#2145=VERTEX_POINT('',#7901);
#2146=VERTEX_POINT('',#7903);
#2147=VERTEX_POINT('',#7906);
#2148=VERTEX_POINT('',#7911);
#2149=VERTEX_POINT('',#7912);
#2150=VERTEX_POINT('',#7914);
#2151=VERTEX_POINT('',#7916);
#2152=VERTEX_POINT('',#7918);
#2153=VERTEX_POINT('',#7922);
#2154=VERTEX_POINT('',#7926);
#2155=VERTEX_POINT('',#7928);
#2156=VERTEX_POINT('',#7930);
#2157=VERTEX_POINT('',#7932);
#2158=VERTEX_POINT('',#7935);
#2159=VERTEX_POINT('',#7938);
#2160=VERTEX_POINT('',#7956);
#2161=VERTEX_POINT('',#7957);
#2162=VERTEX_POINT('',#7959);
#2163=VERTEX_POINT('',#7968);
#2164=VERTEX_POINT('',#7972);
#2165=VERTEX_POINT('',#7979);
#2166=VERTEX_POINT('',#7980);
#2167=VERTEX_POINT('',#7989);
#2168=VERTEX_POINT('',#8003);
#2169=VERTEX_POINT('',#8007);
#2170=VERTEX_POINT('',#8012);
#2171=VERTEX_POINT('',#8016);
#2172=VERTEX_POINT('',#8022);
#2173=VERTEX_POINT('',#8028);
#2174=VERTEX_POINT('',#8033);
#2175=VERTEX_POINT('',#8035);
#2176=VERTEX_POINT('',#8041);
#2177=VERTEX_POINT('',#8049);
#2178=VERTEX_POINT('',#8051);
#2179=VERTEX_POINT('',#8057);
#2180=VERTEX_POINT('',#8074);
#2181=VERTEX_POINT('',#8081);
#2182=VERTEX_POINT('',#8086);
#2183=VERTEX_POINT('',#8090);
#2184=VERTEX_POINT('',#8096);
#2185=VERTEX_POINT('',#8108);
#2186=VERTEX_POINT('',#8110);
#2187=VERTEX_POINT('',#8112);
#2188=VERTEX_POINT('',#8114);
#2189=VERTEX_POINT('',#8116);
#2190=VERTEX_POINT('',#8118);
#2191=VERTEX_POINT('',#8124);
#2192=VERTEX_POINT('',#8125);
#2193=VERTEX_POINT('',#8127);
#2194=VERTEX_POINT('',#8129);
#2195=VERTEX_POINT('',#8133);
#2196=VERTEX_POINT('',#8135);
#2197=VERTEX_POINT('',#8139);
#2198=VERTEX_POINT('',#8141);
#2199=VERTEX_POINT('',#8145);
#2200=VERTEX_POINT('',#8150);
#2201=VERTEX_POINT('',#8154);
#2202=VERTEX_POINT('',#8158);
#2203=VERTEX_POINT('',#8160);
#2204=VERTEX_POINT('',#8164);
#2205=VERTEX_POINT('',#8170);
#2206=VERTEX_POINT('',#8171);
#2207=VERTEX_POINT('',#8173);
#2208=VERTEX_POINT('',#8175);
#2209=VERTEX_POINT('',#8177);
#2210=VERTEX_POINT('',#8179);
#2211=VERTEX_POINT('',#8181);
#2212=VERTEX_POINT('',#8183);
#2213=VERTEX_POINT('',#8204);
#2214=VERTEX_POINT('',#8206);
#2215=VERTEX_POINT('',#8210);
#2216=VERTEX_POINT('',#8212);
#2217=VERTEX_POINT('',#8220);
#2218=VERTEX_POINT('',#8222);
#2219=VERTEX_POINT('',#8226);
#2220=VERTEX_POINT('',#8230);
#2221=VERTEX_POINT('',#8232);
#2222=VERTEX_POINT('',#8236);
#2223=VERTEX_POINT('',#8240);
#2224=VERTEX_POINT('',#8246);
#2225=VERTEX_POINT('',#8248);
#2226=VERTEX_POINT('',#8252);
#2227=VERTEX_POINT('',#8256);
#2228=VERTEX_POINT('',#8258);
#2229=VERTEX_POINT('',#8262);
#2230=VERTEX_POINT('',#8266);
#2231=VERTEX_POINT('',#8272);
#2232=VERTEX_POINT('',#8274);
#2233=VERTEX_POINT('',#8278);
#2234=VERTEX_POINT('',#8282);
#2235=VERTEX_POINT('',#8289);
#2236=VERTEX_POINT('',#8296);
#2237=VERTEX_POINT('',#8303);
#2238=VERTEX_POINT('',#8305);
#2239=VERTEX_POINT('',#8309);
#2240=VERTEX_POINT('',#8313);
#2241=VERTEX_POINT('',#8317);
#2242=VERTEX_POINT('',#8318);
#2243=VERTEX_POINT('',#8323);
#2244=VERTEX_POINT('',#8327);
#2245=VERTEX_POINT('',#8328);
#2246=VERTEX_POINT('',#8333);
#2247=VERTEX_POINT('',#8337);
#2248=VERTEX_POINT('',#8338);
#2249=VERTEX_POINT('',#8343);
#2250=VERTEX_POINT('',#8347);
#2251=VERTEX_POINT('',#8348);
#2252=VERTEX_POINT('',#8353);
#2253=VERTEX_POINT('',#8357);
#2254=VERTEX_POINT('',#8359);
#2255=VERTEX_POINT('',#8363);
#2256=VERTEX_POINT('',#8366);
#2257=VERTEX_POINT('',#8369);
#2258=VERTEX_POINT('',#8373);
#2259=VERTEX_POINT('',#8377);
#2260=VERTEX_POINT('',#8381);
#2261=VERTEX_POINT('',#8385);
#2262=VERTEX_POINT('',#8389);
#2263=VERTEX_POINT('',#8393);
#2264=VERTEX_POINT('',#8397);
#2265=VERTEX_POINT('',#8398);
#2266=VERTEX_POINT('',#8418);
#2267=VERTEX_POINT('',#8420);
#2268=VERTEX_POINT('',#8424);
#2269=VERTEX_POINT('',#8428);
#2270=VERTEX_POINT('',#8434);
#2271=VERTEX_POINT('',#8436);
#2272=VERTEX_POINT('',#8440);
#2273=VERTEX_POINT('',#8447);
#2274=VERTEX_POINT('',#8463);
#2275=VERTEX_POINT('',#8467);
#2276=VERTEX_POINT('',#8471);
#2277=VERTEX_POINT('',#8476);
#2278=VERTEX_POINT('',#8489);
#2279=VERTEX_POINT('',#8491);
#2280=VERTEX_POINT('',#8502);
#2281=VERTEX_POINT('',#8504);
#2282=EDGE_CURVE('',#1892,#1893,#1030,.T.);
#2283=EDGE_CURVE('',#1894,#1892,#875,.T.);
#2284=EDGE_CURVE('',#1895,#1894,#1031,.T.);
#2285=EDGE_CURVE('',#1893,#1895,#876,.T.);
#2286=EDGE_CURVE('',#1896,#1893,#1032,.T.);
#2287=EDGE_CURVE('',#1896,#1897,#1033,.T.);
#2288=EDGE_CURVE('',#1897,#1897,#877,.T.);
#2289=EDGE_CURVE('',#1898,#1896,#878,.T.);
#2290=EDGE_CURVE('',#1899,#1898,#1034,.T.);
#2291=EDGE_CURVE('',#1892,#1899,#879,.T.);
#2292=EDGE_CURVE('',#1900,#1901,#1035,.T.);
#2293=EDGE_CURVE('',#1901,#1902,#1036,.T.);
#2294=EDGE_CURVE('',#1903,#1902,#880,.T.);
#2295=EDGE_CURVE('',#1903,#1904,#1037,.T.);
#2296=EDGE_CURVE('',#1904,#1905,#881,.T.);
#2297=EDGE_CURVE('',#1905,#1906,#1038,.T.);
#2298=EDGE_CURVE('',#1906,#1907,#1039,.T.);
#2299=EDGE_CURVE('',#1907,#1908,#1040,.T.);
#2300=EDGE_CURVE('',#1908,#1909,#1041,.T.);
#2301=EDGE_CURVE('',#1909,#1910,#1042,.T.);
#2302=EDGE_CURVE('',#1910,#1911,#1043,.T.);
#2303=EDGE_CURVE('',#1911,#1912,#1044,.T.);
#2304=EDGE_CURVE('',#1913,#1912,#1045,.T.);
#2305=EDGE_CURVE('',#1914,#1913,#882,.T.);
#2306=EDGE_CURVE('',#1915,#1914,#1046,.T.);
#2307=EDGE_CURVE('',#1916,#1915,#883,.T.);
#2308=EDGE_CURVE('',#1917,#1916,#1047,.T.);
#2309=EDGE_CURVE('',#1918,#1917,#884,.T.);
#2310=EDGE_CURVE('',#1919,#1918,#1048,.T.);
#2311=EDGE_CURVE('',#1920,#1919,#885,.T.);
#2312=EDGE_CURVE('',#1920,#1921,#1049,.T.);
#2313=EDGE_CURVE('',#1922,#1921,#1050,.T.);
#2314=EDGE_CURVE('',#1922,#1923,#1051,.T.);
#2315=EDGE_CURVE('',#1923,#1924,#886,.T.);
#2316=EDGE_CURVE('',#1924,#1925,#1052,.T.);
#2317=EDGE_CURVE('',#1926,#1925,#1053,.T.);
#2318=EDGE_CURVE('',#1927,#1926,#1054,.T.);
#2319=EDGE_CURVE('',#1928,#1927,#1055,.T.);
#2320=EDGE_CURVE('',#1928,#1929,#1056,.T.);
#2321=EDGE_CURVE('',#1930,#1929,#887,.F.);
#2322=EDGE_CURVE('',#1930,#1931,#1057,.T.);
#2323=EDGE_CURVE('',#1932,#1931,#1058,.T.);
#2324=EDGE_CURVE('',#1932,#1933,#1059,.T.);
#2325=EDGE_CURVE('',#1934,#1933,#888,.T.);
#2326=EDGE_CURVE('',#1935,#1934,#1060,.T.);
#2327=EDGE_CURVE('',#1936,#1935,#889,.T.);
#2328=EDGE_CURVE('',#1937,#1936,#1061,.T.);
#2329=EDGE_CURVE('',#1937,#1938,#1062,.T.);
#2330=EDGE_CURVE('',#1938,#1939,#1063,.T.);
#2331=EDGE_CURVE('',#1939,#1940,#1064,.T.);
#2332=EDGE_CURVE('',#1940,#1941,#1065,.T.);
#2333=EDGE_CURVE('',#1941,#1900,#1066,.T.);
#2334=EDGE_CURVE('',#1942,#1943,#1067,.T.);
#2335=EDGE_CURVE('',#1944,#1942,#890,.T.);
#2336=EDGE_CURVE('',#1945,#1944,#1068,.T.);
#2337=EDGE_CURVE('',#1943,#1945,#891,.T.);
#2338=EDGE_CURVE('',#1946,#1947,#892,.T.);
#2339=EDGE_CURVE('',#1948,#1947,#1069,.F.);
#2340=EDGE_CURVE('',#1948,#1949,#1070,.T.);
#2341=EDGE_CURVE('',#1898,#1949,#1071,.F.);
#2342=EDGE_CURVE('',#1896,#1946,#1072,.T.);
#2343=EDGE_CURVE('',#1950,#1950,#893,.T.);
#2344=EDGE_CURVE('',#1951,#1951,#894,.T.);
#2345=EDGE_CURVE('',#1952,#1953,#1073,.T.);
#2346=EDGE_CURVE('',#1954,#1953,#1074,.F.);
#2347=EDGE_CURVE('',#1954,#1955,#895,.T.);
#2348=EDGE_CURVE('',#1955,#1956,#1075,.T.);
#2349=EDGE_CURVE('',#1956,#1957,#1076,.T.);
#2350=EDGE_CURVE('',#1957,#1958,#896,.T.);
#2351=EDGE_CURVE('',#1958,#1959,#897,.T.);
#2352=EDGE_CURVE('',#1952,#1959,#1077,.F.);
#2353=EDGE_CURVE('',#1960,#1960,#898,.T.);
#2354=EDGE_CURVE('',#1961,#1962,#1078,.T.);
#2355=EDGE_CURVE('',#1963,#1961,#1079,.T.);
#2356=EDGE_CURVE('',#1964,#1963,#1080,.T.);
#2357=EDGE_CURVE('',#1962,#1964,#1081,.T.);
#2358=EDGE_CURVE('',#1965,#1966,#1082,.T.);
#2359=EDGE_CURVE('',#1967,#1965,#1083,.T.);
#2360=EDGE_CURVE('',#1968,#1967,#1084,.T.);
#2361=EDGE_CURVE('',#1966,#1968,#1085,.T.);
#2362=EDGE_CURVE('',#1969,#1970,#1086,.T.);
#2363=EDGE_CURVE('',#1971,#1969,#1087,.T.);
#2364=EDGE_CURVE('',#1972,#1971,#1088,.T.);
#2365=EDGE_CURVE('',#1970,#1972,#1089,.T.);
#2366=EDGE_CURVE('',#1973,#1973,#899,.T.);
#2367=EDGE_CURVE('',#1974,#1974,#900,.T.);
#2368=EDGE_CURVE('',#1975,#1975,#901,.T.);
#2369=EDGE_CURVE('',#1976,#1976,#902,.T.);
#2370=EDGE_CURVE('',#1977,#1977,#903,.T.);
#2371=EDGE_CURVE('',#1978,#1978,#904,.T.);
#2372=EDGE_CURVE('',#1979,#1937,#1090,.T.);
#2373=EDGE_CURVE('',#1936,#1980,#1091,.T.);
#2374=EDGE_CURVE('',#1980,#1979,#1092,.T.);
#2375=EDGE_CURVE('',#1935,#1981,#1093,.T.);
#2376=EDGE_CURVE('',#1981,#1980,#905,.T.);
#2377=EDGE_CURVE('',#1934,#1982,#1094,.T.);
#2378=EDGE_CURVE('',#1982,#1981,#1095,.T.);
#2379=EDGE_CURVE('',#1933,#1983,#56,.F.);
#2380=EDGE_CURVE('',#1983,#1982,#906,.T.);
#2381=EDGE_CURVE('',#1984,#1979,#1096,.T.);
#2382=EDGE_CURVE('',#1984,#1985,#1097,.T.);
#2383=EDGE_CURVE('',#1938,#1985,#1098,.T.);
#2384=EDGE_CURVE('',#1986,#1980,#1099,.T.);
#2385=EDGE_CURVE('',#1987,#1986,#1100,.T.);
#2386=EDGE_CURVE('',#1988,#1987,#1101,.T.);
#2387=EDGE_CURVE('',#1989,#1988,#1102,.T.);
#2388=EDGE_CURVE('',#1989,#1990,#1103,.T.);
#2389=EDGE_CURVE('',#1990,#1991,#1104,.T.);
#2390=EDGE_CURVE('',#1991,#1992,#1105,.T.);
#2391=EDGE_CURVE('',#1993,#1992,#907,.T.);
#2392=EDGE_CURVE('',#1993,#1994,#1106,.T.);
#2393=EDGE_CURVE('',#1995,#1994,#908,.T.);
#2394=EDGE_CURVE('',#1995,#1996,#1107,.T.);
#2395=EDGE_CURVE('',#1996,#1984,#1108,.T.);
#2396=EDGE_CURVE('',#1997,#1920,#57,.F.);
#2397=EDGE_CURVE('',#1919,#1998,#1109,.T.);
#2398=EDGE_CURVE('',#1998,#1997,#909,.T.);
#2399=EDGE_CURVE('',#1918,#1999,#1110,.T.);
#2400=EDGE_CURVE('',#1999,#1998,#1111,.T.);
#2401=EDGE_CURVE('',#1917,#2000,#1112,.T.);
#2402=EDGE_CURVE('',#2000,#1999,#910,.T.);
#2403=EDGE_CURVE('',#1916,#2001,#1113,.T.);
#2404=EDGE_CURVE('',#2001,#2000,#1114,.T.);
#2405=EDGE_CURVE('',#1915,#2002,#1115,.T.);
#2406=EDGE_CURVE('',#2002,#2001,#911,.T.);
#2407=EDGE_CURVE('',#1914,#2003,#1116,.T.);
#2408=EDGE_CURVE('',#2003,#2002,#1117,.T.);
#2409=EDGE_CURVE('',#1913,#1988,#1118,.T.);
#2410=EDGE_CURVE('',#1988,#2003,#912,.T.);
#2411=EDGE_CURVE('',#1912,#1989,#1119,.T.);
#2412=EDGE_CURVE('',#2004,#2005,#1120,.T.);
#2413=EDGE_CURVE('',#2005,#2006,#1121,.T.);
#2414=EDGE_CURVE('',#2006,#2007,#1122,.T.);
#2415=EDGE_CURVE('',#2007,#2008,#1123,.T.);
#2416=EDGE_CURVE('',#2008,#2004,#1124,.T.);
#2417=EDGE_CURVE('',#2009,#2010,#1125,.T.);
#2418=EDGE_CURVE('',#2010,#2011,#913,.T.);
#2419=EDGE_CURVE('',#2011,#2012,#1126,.T.);
#2420=EDGE_CURVE('',#2012,#2009,#914,.T.);
#2421=EDGE_CURVE('',#2009,#2013,#1127,.T.);
#2422=EDGE_CURVE('',#2013,#2014,#1128,.T.);
#2423=EDGE_CURVE('',#2014,#2010,#1129,.T.);
#2424=EDGE_CURVE('',#2013,#2015,#915,.T.);
#2425=EDGE_CURVE('',#2015,#1986,#1130,.T.);
#2426=EDGE_CURVE('',#1986,#2014,#916,.T.);
#2427=EDGE_CURVE('',#2015,#2016,#1131,.T.);
#2428=EDGE_CURVE('',#2016,#1987,#1132,.T.);
#2429=EDGE_CURVE('',#2016,#2017,#917,.T.);
#2430=EDGE_CURVE('',#2017,#2018,#1133,.T.);
#2431=EDGE_CURVE('',#2018,#1987,#918,.T.);
#2432=EDGE_CURVE('',#2017,#2019,#1134,.T.);
#2433=EDGE_CURVE('',#2019,#2020,#1135,.T.);
#2434=EDGE_CURVE('',#2020,#2018,#1136,.T.);
#2435=EDGE_CURVE('',#2019,#2021,#919,.T.);
#2436=EDGE_CURVE('',#2021,#2022,#1137,.T.);
#2437=EDGE_CURVE('',#2022,#2020,#920,.T.);
#2438=EDGE_CURVE('',#2021,#2023,#1138,.T.);
#2439=EDGE_CURVE('',#2023,#2024,#1139,.T.);
#2440=EDGE_CURVE('',#2024,#2022,#1140,.T.);
#2441=EDGE_CURVE('',#2023,#2025,#921,.T.);
#2442=EDGE_CURVE('',#2025,#2026,#1141,.T.);
#2443=EDGE_CURVE('',#2026,#2024,#922,.T.);
#2444=EDGE_CURVE('',#2025,#2027,#1142,.T.);
#2445=EDGE_CURVE('',#2027,#2028,#1143,.T.);
#2446=EDGE_CURVE('',#2028,#2026,#1144,.T.);
#2447=EDGE_CURVE('',#2029,#2030,#1145,.T.);
#2448=EDGE_CURVE('',#2030,#2028,#923,.T.);
#2449=EDGE_CURVE('',#2027,#2029,#924,.T.);
#2450=EDGE_CURVE('',#2011,#2031,#1146,.T.);
#2451=EDGE_CURVE('',#2031,#2006,#1147,.T.);
#2452=EDGE_CURVE('',#2006,#2012,#1148,.T.);
#2453=EDGE_CURVE('',#2032,#2033,#1149,.T.);
#2454=EDGE_CURVE('',#2033,#2030,#1150,.T.);
#2455=EDGE_CURVE('',#2029,#2032,#1151,.T.);
#2456=EDGE_CURVE('',#2031,#2007,#925,.T.);
#2457=EDGE_CURVE('',#2034,#2035,#1152,.T.);
#2458=EDGE_CURVE('',#2035,#2036,#1153,.T.);
#2459=EDGE_CURVE('',#2036,#2032,#1154,.T.);
#2460=EDGE_CURVE('',#2032,#2037,#1155,.T.);
#2461=EDGE_CURVE('',#2037,#2034,#1156,.T.);
#2462=EDGE_CURVE('',#2036,#2033,#926,.T.);
#2463=EDGE_CURVE('',#2008,#1927,#1157,.T.);
#2464=EDGE_CURVE('',#2038,#1927,#1158,.T.);
#2465=EDGE_CURVE('',#2038,#2004,#1159,.T.);
#2466=EDGE_CURVE('',#2039,#2007,#1160,.T.);
#2467=EDGE_CURVE('',#2040,#2039,#1161,.T.);
#2468=EDGE_CURVE('',#1928,#2040,#1162,.T.);
#2469=EDGE_CURVE('',#2031,#2041,#1163,.T.);
#2470=EDGE_CURVE('',#2041,#2039,#927,.T.);
#2471=EDGE_CURVE('',#1983,#2011,#1164,.T.);
#2472=EDGE_CURVE('',#2010,#1982,#1165,.T.);
#2473=EDGE_CURVE('',#1981,#2014,#1166,.T.);
#2474=EDGE_CURVE('',#2018,#2003,#1167,.T.);
#2475=EDGE_CURVE('',#2002,#2020,#1168,.T.);
#2476=EDGE_CURVE('',#2022,#2001,#1169,.T.);
#2477=EDGE_CURVE('',#2000,#2024,#1170,.T.);
#2478=EDGE_CURVE('',#2026,#1999,#1171,.T.);
#2479=EDGE_CURVE('',#1998,#2028,#1172,.T.);
#2480=EDGE_CURVE('',#2030,#1997,#1173,.T.);
#2481=EDGE_CURVE('',#2042,#1932,#1174,.F.);
#2482=EDGE_CURVE('',#2042,#2043,#1175,.F.);
#2483=EDGE_CURVE('',#2044,#2043,#1176,.F.);
#2484=EDGE_CURVE('',#2044,#2045,#1177,.F.);
#2485=EDGE_CURVE('',#2046,#2045,#1178,.F.);
#2486=EDGE_CURVE('',#2046,#2047,#1179,.F.);
#2487=EDGE_CURVE('',#1921,#2047,#1180,.F.);
#2488=EDGE_CURVE('',#2048,#2033,#1181,.T.);
#2489=EDGE_CURVE('',#2041,#2048,#1182,.F.);
#2490=EDGE_CURVE('',#2036,#2049,#1183,.T.);
#2491=EDGE_CURVE('',#2049,#2048,#928,.T.);
#2492=EDGE_CURVE('',#1926,#2035,#1184,.T.);
#2493=EDGE_CURVE('',#1925,#2050,#1185,.T.);
#2494=EDGE_CURVE('',#2049,#2050,#1186,.T.);
#2495=EDGE_CURVE('',#2037,#2005,#1187,.T.);
#2496=EDGE_CURVE('',#2051,#2052,#1188,.T.);
#2497=EDGE_CURVE('',#2052,#2053,#929,.T.);
#2498=EDGE_CURVE('',#2053,#2054,#1189,.T.);
#2499=EDGE_CURVE('',#2054,#2055,#930,.T.);
#2500=EDGE_CURVE('',#2055,#2056,#1190,.T.);
#2501=EDGE_CURVE('',#2056,#2057,#931,.T.);
#2502=EDGE_CURVE('',#2057,#2058,#1191,.T.);
#2503=EDGE_CURVE('',#2058,#2051,#932,.T.);
#2504=EDGE_CURVE('',#2059,#2059,#933,.T.);
#2505=EDGE_CURVE('',#2060,#2060,#934,.T.);
#2506=EDGE_CURVE('',#2061,#2062,#935,.T.);
#2507=EDGE_CURVE('',#2063,#2061,#1192,.T.);
#2508=EDGE_CURVE('',#2064,#2063,#936,.T.);
#2509=EDGE_CURVE('',#2062,#2064,#1193,.T.);
#2510=EDGE_CURVE('',#2065,#2065,#937,.T.);
#2511=EDGE_CURVE('',#2066,#2066,#938,.T.);
#2512=EDGE_CURVE('',#2067,#2067,#939,.T.);
#2513=EDGE_CURVE('',#2068,#2068,#940,.T.);
#2514=EDGE_CURVE('',#2050,#2069,#1194,.T.);
#2515=EDGE_CURVE('',#2070,#2069,#941,.T.);
#2516=EDGE_CURVE('',#2070,#2071,#1195,.T.);
#2517=EDGE_CURVE('',#2072,#2071,#942,.T.);
#2518=EDGE_CURVE('',#2072,#2040,#1196,.T.);
#2519=EDGE_CURVE('',#2073,#1911,#1197,.T.);
#2520=EDGE_CURVE('',#2073,#1990,#1198,.T.);
#2521=EDGE_CURVE('',#2004,#2034,#1199,.T.);
#2522=EDGE_CURVE('',#2074,#1900,#1200,.T.);
#2523=EDGE_CURVE('',#2074,#2075,#943,.T.);
#2524=EDGE_CURVE('',#2076,#2075,#1201,.T.);
#2525=EDGE_CURVE('',#2076,#1901,#1202,.F.);
#2526=EDGE_CURVE('',#1940,#2077,#1203,.T.);
#2527=EDGE_CURVE('',#2077,#2078,#1204,.T.);
#2528=EDGE_CURVE('',#1941,#2078,#1205,.T.);
#2529=EDGE_CURVE('',#2079,#1939,#1206,.T.);
#2530=EDGE_CURVE('',#2079,#2077,#1207,.T.);
#2531=EDGE_CURVE('',#2078,#2079,#1208,.T.);
#2532=EDGE_CURVE('',#1991,#2073,#1209,.T.);
#2533=EDGE_CURVE('',#1909,#2080,#1210,.T.);
#2534=EDGE_CURVE('',#2080,#2081,#1211,.T.);
#2535=EDGE_CURVE('',#1910,#2081,#1212,.T.);
#2536=EDGE_CURVE('',#2082,#1908,#1213,.T.);
#2537=EDGE_CURVE('',#2082,#2080,#1214,.T.);
#2538=EDGE_CURVE('',#2081,#2082,#1215,.T.);
#2539=EDGE_CURVE('',#1985,#1996,#1216,.T.);
#2540=EDGE_CURVE('',#1907,#2083,#1217,.T.);
#2541=EDGE_CURVE('',#1992,#2083,#1218,.T.);
#2542=EDGE_CURVE('',#2084,#2085,#944,.T.);
#2543=EDGE_CURVE('',#2085,#2086,#58,.T.);
#2544=EDGE_CURVE('',#2086,#2087,#31,.T.);
#2545=EDGE_CURVE('',#2087,#2088,#945,.T.);
#2546=EDGE_CURVE('',#2089,#2088,#32,.T.);
#2547=EDGE_CURVE('',#2089,#2084,#1219,.T.);
#2548=EDGE_CURVE('',#2090,#2091,#946,.T.);
#2549=EDGE_CURVE('',#2091,#2092,#33,.T.);
#2550=EDGE_CURVE('',#2092,#2093,#59,.T.);
#2551=EDGE_CURVE('',#2093,#2094,#947,.T.);
#2552=EDGE_CURVE('',#2094,#2095,#1220,.T.);
#2553=EDGE_CURVE('',#2095,#2090,#34,.T.);
#2554=EDGE_CURVE('',#2086,#2096,#35,.F.);
#2555=EDGE_CURVE('',#2096,#2097,#15,.T.);
#2556=EDGE_CURVE('',#2097,#2087,#36,.T.);
#2557=EDGE_CURVE('',#2091,#2097,#37,.T.);
#2558=EDGE_CURVE('',#2096,#2092,#38,.T.);
#2559=EDGE_CURVE('',#2098,#2090,#16,.T.);
#2560=EDGE_CURVE('',#2099,#2095,#39,.F.);
#2561=EDGE_CURVE('',#2099,#2098,#948,.T.);
#2562=EDGE_CURVE('',#2088,#2098,#17,.T.);
#2563=EDGE_CURVE('',#2099,#2089,#40,.T.);
#2564=EDGE_CURVE('',#2100,#2099,#1221,.T.);
#2565=EDGE_CURVE('',#2100,#2101,#1222,.T.);
#2566=EDGE_CURVE('',#2101,#2084,#1223,.T.);
#2567=EDGE_CURVE('',#2102,#2094,#1224,.T.);
#2568=EDGE_CURVE('',#2102,#2100,#1225,.T.);
#2569=EDGE_CURVE('',#2103,#2093,#1226,.T.);
#2570=EDGE_CURVE('',#2103,#2102,#1227,.T.);
#2571=EDGE_CURVE('',#1955,#2104,#1228,.T.);
#2572=EDGE_CURVE('',#2105,#1954,#1229,.T.);
#2573=EDGE_CURVE('',#2106,#2105,#949,.T.);
#2574=EDGE_CURVE('',#2107,#2106,#1230,.T.);
#2575=EDGE_CURVE('',#2104,#2107,#950,.T.);
#2576=EDGE_CURVE('',#2108,#2108,#41,.T.);
#2577=EDGE_CURVE('',#2109,#2110,#951,.T.);
#2578=EDGE_CURVE('',#2110,#2111,#1231,.T.);
#2579=EDGE_CURVE('',#2111,#2112,#42,.T.);
#2580=EDGE_CURVE('',#2112,#2113,#952,.T.);
#2581=EDGE_CURVE('',#2113,#2114,#43,.T.);
#2582=EDGE_CURVE('',#2114,#2109,#60,.T.);
#2583=EDGE_CURVE('',#2115,#2112,#18,.T.);
#2584=EDGE_CURVE('',#2116,#2111,#44,.F.);
#2585=EDGE_CURVE('',#2116,#2115,#953,.T.);
#2586=EDGE_CURVE('',#2117,#2115,#19,.T.);
#2587=EDGE_CURVE('',#2116,#2118,#45,.T.);
#2588=EDGE_CURVE('',#2118,#2117,#46,.T.);
#2589=EDGE_CURVE('',#2119,#2114,#47,.T.);
#2590=EDGE_CURVE('',#2113,#2120,#48,.T.);
#2591=EDGE_CURVE('',#2119,#2120,#20,.T.);
#2592=EDGE_CURVE('',#2121,#2117,#954,.T.);
#2593=EDGE_CURVE('',#2118,#2122,#1232,.T.);
#2594=EDGE_CURVE('',#2122,#2123,#955,.T.);
#2595=EDGE_CURVE('',#2123,#2124,#61,.T.);
#2596=EDGE_CURVE('',#2124,#2121,#49,.T.);
#2597=EDGE_CURVE('',#2120,#2121,#50,.T.);
#2598=EDGE_CURVE('',#2119,#2124,#51,.F.);
#2599=EDGE_CURVE('',#2125,#2122,#1233,.T.);
#2600=EDGE_CURVE('',#2125,#2126,#1234,.T.);
#2601=EDGE_CURVE('',#2126,#2123,#1235,.T.);
#2602=EDGE_CURVE('',#2127,#2116,#1236,.T.);
#2603=EDGE_CURVE('',#2127,#2125,#1237,.T.);
#2604=EDGE_CURVE('',#2128,#2110,#1238,.T.);
#2605=EDGE_CURVE('',#2128,#2127,#1239,.T.);
#2606=EDGE_CURVE('',#1946,#2129,#1240,.T.);
#2607=EDGE_CURVE('',#2130,#2129,#956,.T.);
#2608=EDGE_CURVE('',#2131,#2130,#1241,.T.);
#2609=EDGE_CURVE('',#2132,#2131,#957,.T.);
#2610=EDGE_CURVE('',#1947,#2132,#1242,.T.);
#2611=EDGE_CURVE('',#2133,#2133,#52,.T.);
#2612=EDGE_CURVE('',#2108,#2134,#1243,.T.);
#2613=EDGE_CURVE('',#2134,#2135,#53,.T.);
#2614=EDGE_CURVE('',#2135,#2134,#54,.T.);
#2615=EDGE_CURVE('',#2136,#2136,#958,.F.);
#2616=EDGE_CURVE('',#2136,#2135,#1244,.T.);
#2617=EDGE_CURVE('',#2133,#2137,#1245,.T.);
#2618=EDGE_CURVE('',#2137,#2137,#55,.T.);
#2619=EDGE_CURVE('',#2138,#2138,#959,.F.);
#2620=EDGE_CURVE('',#2138,#2137,#1246,.T.);
#2621=EDGE_CURVE('',#2139,#2140,#1247,.T.);
#2622=EDGE_CURVE('',#2140,#2141,#960,.T.);
#2623=EDGE_CURVE('',#2141,#1893,#1248,.F.);
#2624=EDGE_CURVE('',#1895,#2139,#62,.T.);
#2625=EDGE_CURVE('',#2140,#2142,#1249,.T.);
#2626=EDGE_CURVE('',#2143,#2142,#961,.T.);
#2627=EDGE_CURVE('',#2141,#2143,#1250,.T.);
#2628=EDGE_CURVE('',#2144,#2139,#1251,.T.);
#2629=EDGE_CURVE('',#2145,#2144,#1252,.T.);
#2630=EDGE_CURVE('',#2146,#2145,#1253,.T.);
#2631=EDGE_CURVE('',#2142,#2146,#1254,.T.);
#2632=EDGE_CURVE('',#2147,#2147,#962,.T.);
#2633=EDGE_CURVE('',#1894,#2144,#1255,.T.);
#2634=EDGE_CURVE('',#2148,#2149,#1256,.T.);
#2635=EDGE_CURVE('',#2148,#2150,#963,.T.);
#2636=EDGE_CURVE('',#2150,#2151,#1257,.T.);
#2637=EDGE_CURVE('',#2151,#2152,#63,.T.);
#2638=EDGE_CURVE('',#2152,#2153,#964,.T.);
#2639=EDGE_CURVE('',#2149,#2153,#1258,.T.);
#2640=EDGE_CURVE('',#2154,#2150,#1259,.T.);
#2641=EDGE_CURVE('',#2155,#2154,#1260,.T.);
#2642=EDGE_CURVE('',#2156,#2155,#1261,.T.);
#2643=EDGE_CURVE('',#2157,#2156,#1262,.T.);
#2644=EDGE_CURVE('',#2151,#2157,#1263,.T.);
#2645=EDGE_CURVE('',#2158,#2158,#965,.T.);
#2646=EDGE_CURVE('',#2159,#2148,#1264,.T.);
#2647=EDGE_CURVE('',#2154,#2159,#966,.T.);
#2648=EDGE_CURVE('',#2159,#2104,#1265,.F.);
#2649=EDGE_CURVE('',#2107,#2155,#64,.T.);
#2650=EDGE_CURVE('',#2106,#2156,#1266,.T.);
#2651=EDGE_CURVE('',#2146,#2130,#65,.T.);
#2652=EDGE_CURVE('',#2129,#2143,#1267,.F.);
#2653=EDGE_CURVE('',#2145,#2131,#1268,.T.);
#2654=EDGE_CURVE('',#2160,#2161,#1269,.T.);
#2655=EDGE_CURVE('',#2162,#2160,#1270,.T.);
#2656=EDGE_CURVE('',#2161,#2162,#66,.F.);
#2657=EDGE_CURVE('',#1959,#2162,#1271,.T.);
#2658=EDGE_CURVE('',#2160,#1952,#1272,.T.);
#2659=EDGE_CURVE('',#2105,#2163,#67,.F.);
#2660=EDGE_CURVE('',#2164,#2105,#1273,.T.);
#2661=EDGE_CURVE('',#2163,#2164,#1274,.T.);
#2662=EDGE_CURVE('',#2161,#2163,#1275,.T.);
#2663=EDGE_CURVE('',#2164,#2160,#1276,.T.);
#2664=EDGE_CURVE('',#2165,#2166,#68,.F.);
#2665=EDGE_CURVE('',#2157,#2165,#1277,.T.);
#2666=EDGE_CURVE('',#2166,#2157,#1278,.T.);
#2667=EDGE_CURVE('',#2165,#2152,#1279,.T.);
#2668=EDGE_CURVE('',#2156,#2167,#1280,.T.);
#2669=EDGE_CURVE('',#2167,#2106,#69,.F.);
#2670=EDGE_CURVE('',#2163,#2167,#967,.T.);
#2671=EDGE_CURVE('',#2167,#2166,#1281,.T.);
#2672=EDGE_CURVE('',#2166,#2161,#968,.T.);
#2673=EDGE_CURVE('',#2162,#2165,#969,.T.);
#2674=EDGE_CURVE('',#1953,#2164,#1282,.T.);
#2675=EDGE_CURVE('',#2168,#2168,#970,.T.);
#2676=EDGE_CURVE('',#2169,#2169,#971,.T.);
#2677=EDGE_CURVE('',#2168,#2169,#1283,.T.);
#2678=EDGE_CURVE('',#2101,#2170,#1284,.T.);
#2679=EDGE_CURVE('',#2170,#2085,#1285,.T.);
#2680=EDGE_CURVE('',#2170,#2171,#1286,.T.);
#2681=EDGE_CURVE('',#2171,#2096,#1287,.T.);
#2682=EDGE_CURVE('',#2171,#2103,#1288,.T.);
#2683=EDGE_CURVE('',#2172,#2172,#972,.T.);
#2684=EDGE_CURVE('',#2158,#2172,#1289,.T.);
#2685=EDGE_CURVE('',#2153,#1957,#1290,.T.);
#2686=EDGE_CURVE('',#1958,#2173,#1291,.T.);
#2687=EDGE_CURVE('',#2173,#2173,#973,.T.);
#2688=EDGE_CURVE('',#2174,#1899,#1292,.T.);
#2689=EDGE_CURVE('',#2175,#2174,#1293,.T.);
#2690=EDGE_CURVE('',#1899,#2175,#70,.F.);
#2691=EDGE_CURVE('',#2176,#1894,#71,.F.);
#2692=EDGE_CURVE('',#2144,#2176,#1294,.T.);
#2693=EDGE_CURVE('',#2175,#2176,#974,.T.);
#2694=EDGE_CURVE('',#2132,#2177,#1295,.T.);
#2695=EDGE_CURVE('',#2178,#2132,#72,.F.);
#2696=EDGE_CURVE('',#2177,#2178,#1296,.T.);
#2697=EDGE_CURVE('',#2179,#2145,#1297,.T.);
#2698=EDGE_CURVE('',#2131,#2179,#73,.F.);
#2699=EDGE_CURVE('',#2179,#2178,#975,.T.);
#2700=EDGE_CURVE('',#2176,#2179,#1298,.T.);
#2701=EDGE_CURVE('',#2174,#2177,#1299,.T.);
#2702=EDGE_CURVE('',#2178,#2175,#1300,.T.);
#2703=EDGE_CURVE('',#2177,#1948,#1301,.T.);
#2704=EDGE_CURVE('',#1949,#2174,#1302,.T.);
#2705=EDGE_CURVE('',#2180,#2180,#976,.T.);
#2706=EDGE_CURVE('',#1956,#2149,#1303,.T.);
#2707=EDGE_CURVE('',#2181,#2181,#977,.T.);
#2708=EDGE_CURVE('',#2180,#2181,#1304,.T.);
#2709=EDGE_CURVE('',#2126,#2182,#1305,.T.);
#2710=EDGE_CURVE('',#2182,#2119,#1306,.T.);
#2711=EDGE_CURVE('',#2182,#2183,#1307,.T.);
#2712=EDGE_CURVE('',#2183,#2109,#1308,.T.);
#2713=EDGE_CURVE('',#2183,#2128,#1309,.T.);
#2714=EDGE_CURVE('',#2184,#2184,#978,.T.);
#2715=EDGE_CURVE('',#2147,#2184,#1310,.T.);
#2716=EDGE_CURVE('',#1929,#2072,#1311,.T.);
#2717=EDGE_CURVE('',#2071,#1930,#1312,.T.);
#2718=EDGE_CURVE('',#2069,#1924,#1313,.T.);
#2719=EDGE_CURVE('',#1923,#2070,#1314,.T.);
#2720=EDGE_CURVE('',#2185,#1922,#1315,.T.);
#2721=EDGE_CURVE('',#2186,#2185,#1316,.T.);
#2722=EDGE_CURVE('',#2187,#2186,#1317,.T.);
#2723=EDGE_CURVE('',#2188,#2187,#1318,.T.);
#2724=EDGE_CURVE('',#2189,#2188,#1319,.T.);
#2725=EDGE_CURVE('',#2190,#2189,#1320,.T.);
#2726=EDGE_CURVE('',#1931,#2190,#1321,.T.);
#2727=EDGE_CURVE('',#2191,#2192,#979,.T.);
#2728=EDGE_CURVE('',#2193,#2191,#1322,.T.);
#2729=EDGE_CURVE('',#2194,#2193,#980,.T.);
#2730=EDGE_CURVE('',#2192,#2194,#1323,.T.);
#2731=EDGE_CURVE('',#2195,#1906,#1324,.T.);
#2732=EDGE_CURVE('',#2195,#2196,#1325,.T.);
#2733=EDGE_CURVE('',#2196,#2083,#981,.T.);
#2734=EDGE_CURVE('',#2191,#2197,#1326,.F.);
#2735=EDGE_CURVE('',#2198,#2197,#1327,.T.);
#2736=EDGE_CURVE('',#2193,#2198,#1328,.T.);
#2737=EDGE_CURVE('',#2192,#2199,#1329,.T.);
#2738=EDGE_CURVE('',#2195,#2194,#1330,.T.);
#2739=EDGE_CURVE('',#2199,#1905,#1331,.T.);
#2740=EDGE_CURVE('',#2199,#2200,#982,.T.);
#2741=EDGE_CURVE('',#1904,#2200,#1332,.T.);
#2742=EDGE_CURVE('',#2201,#1903,#1333,.T.);
#2743=EDGE_CURVE('',#2201,#2200,#1334,.T.);
#2744=EDGE_CURVE('',#2202,#2197,#983,.T.);
#2745=EDGE_CURVE('',#2202,#2203,#1335,.T.);
#2746=EDGE_CURVE('',#2203,#2198,#984,.T.);
#2747=EDGE_CURVE('',#2202,#2204,#1336,.T.);
#2748=EDGE_CURVE('',#1902,#2204,#1337,.T.);
#2749=EDGE_CURVE('',#2203,#2076,#1338,.F.);
#2750=EDGE_CURVE('',#2204,#2201,#985,.T.);
#2751=EDGE_CURVE('',#2205,#2206,#1339,.T.);
#2752=EDGE_CURVE('',#2206,#2207,#986,.T.);
#2753=EDGE_CURVE('',#2207,#2208,#1340,.T.);
#2754=EDGE_CURVE('',#2208,#2209,#987,.T.);
#2755=EDGE_CURVE('',#2209,#2210,#1341,.T.);
#2756=EDGE_CURVE('',#2210,#2211,#988,.T.);
#2757=EDGE_CURVE('',#2211,#2212,#1342,.T.);
#2758=EDGE_CURVE('',#2212,#2205,#989,.T.);
#2759=EDGE_CURVE('',#2052,#2209,#1343,.T.);
#2760=EDGE_CURVE('',#2053,#2208,#1344,.T.);
#2761=EDGE_CURVE('',#2054,#2207,#1345,.T.);
#2762=EDGE_CURVE('',#2055,#2206,#1346,.T.);
#2763=EDGE_CURVE('',#2056,#2205,#1347,.T.);
#2764=EDGE_CURVE('',#2057,#2212,#1348,.T.);
#2765=EDGE_CURVE('',#2058,#2211,#1349,.T.);
#2766=EDGE_CURVE('',#2051,#2210,#1350,.T.);
#2767=EDGE_CURVE('',#1963,#2213,#1351,.T.);
#2768=EDGE_CURVE('',#2213,#2214,#1352,.T.);
#2769=EDGE_CURVE('',#1964,#2214,#1353,.T.);
#2770=EDGE_CURVE('',#1962,#2215,#1354,.T.);
#2771=EDGE_CURVE('',#2215,#2216,#1355,.T.);
#2772=EDGE_CURVE('',#2216,#1961,#1356,.T.);
#2773=EDGE_CURVE('',#2214,#2215,#1357,.T.);
#2774=EDGE_CURVE('',#2216,#2213,#1358,.T.);
#2775=EDGE_CURVE('',#2216,#2217,#1359,.T.);
#2776=EDGE_CURVE('',#2217,#2218,#1360,.T.);
#2777=EDGE_CURVE('',#2213,#2218,#1361,.T.);
#2778=EDGE_CURVE('',#2215,#2219,#1362,.T.);
#2779=EDGE_CURVE('',#2219,#2217,#1363,.T.);
#2780=EDGE_CURVE('',#1966,#2220,#1364,.T.);
#2781=EDGE_CURVE('',#2220,#2221,#1365,.T.);
#2782=EDGE_CURVE('',#2221,#1965,#1366,.T.);
#2783=EDGE_CURVE('',#1968,#2222,#1367,.T.);
#2784=EDGE_CURVE('',#2222,#2220,#1368,.T.);
#2785=EDGE_CURVE('',#2223,#2222,#1369,.T.);
#2786=EDGE_CURVE('',#1967,#2223,#1370,.T.);
#2787=EDGE_CURVE('',#2221,#2223,#1371,.T.);
#2788=EDGE_CURVE('',#2221,#2224,#1372,.T.);
#2789=EDGE_CURVE('',#2224,#2225,#1373,.T.);
#2790=EDGE_CURVE('',#2223,#2225,#1374,.T.);
#2791=EDGE_CURVE('',#2220,#2226,#1375,.T.);
#2792=EDGE_CURVE('',#2226,#2224,#1376,.T.);
#2793=EDGE_CURVE('',#1970,#2227,#1377,.T.);
#2794=EDGE_CURVE('',#2227,#2228,#1378,.T.);
#2795=EDGE_CURVE('',#2228,#1969,#1379,.T.);
#2796=EDGE_CURVE('',#1972,#2229,#1380,.T.);
#2797=EDGE_CURVE('',#2229,#2227,#1381,.T.);
#2798=EDGE_CURVE('',#2230,#2229,#1382,.T.);
#2799=EDGE_CURVE('',#1971,#2230,#1383,.T.);
#2800=EDGE_CURVE('',#2228,#2230,#1384,.T.);
#2801=EDGE_CURVE('',#2228,#2231,#1385,.T.);
#2802=EDGE_CURVE('',#2231,#2232,#1386,.T.);
#2803=EDGE_CURVE('',#2230,#2232,#1387,.T.);
#2804=EDGE_CURVE('',#2227,#2233,#1388,.T.);
#2805=EDGE_CURVE('',#2233,#2231,#1389,.T.);
#2806=EDGE_CURVE('',#2229,#2234,#1390,.T.);
#2807=EDGE_CURVE('',#2234,#2233,#1391,.T.);
#2808=EDGE_CURVE('',#2232,#2234,#1392,.T.);
#2809=EDGE_CURVE('',#2222,#2235,#1393,.T.);
#2810=EDGE_CURVE('',#2235,#2226,#1394,.T.);
#2811=EDGE_CURVE('',#2225,#2235,#1395,.T.);
#2812=EDGE_CURVE('',#2214,#2236,#1396,.T.);
#2813=EDGE_CURVE('',#2236,#2219,#1397,.T.);
#2814=EDGE_CURVE('',#2218,#2236,#1398,.T.);
#2815=EDGE_CURVE('',#2237,#2237,#990,.T.);
#2816=EDGE_CURVE('',#2237,#2238,#1399,.T.);
#2817=EDGE_CURVE('',#2238,#2238,#991,.T.);
#2818=EDGE_CURVE('',#2237,#2239,#1400,.T.);
#2819=EDGE_CURVE('',#2239,#2239,#992,.T.);
#2820=EDGE_CURVE('',#2240,#2240,#993,.T.);
#2821=EDGE_CURVE('',#2241,#2242,#994,.T.);
#2822=EDGE_CURVE('',#2242,#1978,#1401,.T.);
#2823=EDGE_CURVE('',#2242,#2241,#995,.T.);
#2824=EDGE_CURVE('',#2243,#2243,#996,.T.);
#2825=EDGE_CURVE('',#2243,#2241,#1402,.T.);
#2826=EDGE_CURVE('',#2244,#2245,#997,.T.);
#2827=EDGE_CURVE('',#2245,#1973,#1403,.T.);
#2828=EDGE_CURVE('',#2245,#2244,#998,.T.);
#2829=EDGE_CURVE('',#2246,#2246,#999,.T.);
#2830=EDGE_CURVE('',#2246,#2244,#1404,.T.);
#2831=EDGE_CURVE('',#2247,#2248,#1000,.T.);
#2832=EDGE_CURVE('',#2248,#1977,#1405,.T.);
#2833=EDGE_CURVE('',#2248,#2247,#1001,.T.);
#2834=EDGE_CURVE('',#2247,#2249,#1406,.T.);
#2835=EDGE_CURVE('',#2249,#2249,#1002,.T.);
#2836=EDGE_CURVE('',#2250,#2251,#1003,.T.);
#2837=EDGE_CURVE('',#2251,#1974,#1407,.T.);
#2838=EDGE_CURVE('',#2251,#2250,#1004,.T.);
#2839=EDGE_CURVE('',#2250,#2252,#1408,.T.);
#2840=EDGE_CURVE('',#2252,#2252,#1005,.T.);
#2841=EDGE_CURVE('',#2253,#2253,#1006,.T.);
#2842=EDGE_CURVE('',#2253,#2254,#1409,.T.);
#2843=EDGE_CURVE('',#2254,#2254,#1007,.T.);
#2844=EDGE_CURVE('',#2255,#2038,#1410,.T.);
#2845=EDGE_CURVE('',#2034,#2255,#1411,.T.);
#2846=EDGE_CURVE('',#2256,#2256,#1008,.T.);
#2847=EDGE_CURVE('',#2253,#2257,#1412,.T.);
#2848=EDGE_CURVE('',#2257,#2257,#1009,.T.);
#2849=EDGE_CURVE('',#2258,#2258,#1010,.T.);
#2850=EDGE_CURVE('',#2258,#2256,#1413,.T.);
#2851=EDGE_CURVE('',#2258,#2259,#1414,.T.);
#2852=EDGE_CURVE('',#2259,#2259,#1011,.T.);
#2853=EDGE_CURVE('',#2260,#2260,#1012,.T.);
#2854=EDGE_CURVE('',#2260,#1950,#1415,.T.);
#2855=EDGE_CURVE('',#2261,#2261,#1013,.T.);
#2856=EDGE_CURVE('',#2261,#2260,#1416,.T.);
#2857=EDGE_CURVE('',#2262,#2262,#1014,.T.);
#2858=EDGE_CURVE('',#2262,#1960,#1417,.T.);
#2859=EDGE_CURVE('',#2263,#2263,#1015,.T.);
#2860=EDGE_CURVE('',#2263,#2262,#1418,.T.);
#2861=EDGE_CURVE('',#2264,#2265,#1016,.T.);
#2862=EDGE_CURVE('',#2265,#1951,#1419,.T.);
#2863=EDGE_CURVE('',#2265,#2264,#1017,.T.);
#2864=EDGE_CURVE('',#2264,#2240,#1420,.T.);
#2865=EDGE_CURVE('',#2186,#2046,#1421,.T.);
#2866=EDGE_CURVE('',#2045,#2187,#1422,.T.);
#2867=EDGE_CURVE('',#2188,#2044,#1423,.T.);
#2868=EDGE_CURVE('',#2043,#2189,#1424,.T.);
#2869=EDGE_CURVE('',#2190,#2042,#1425,.T.);
#2870=EDGE_CURVE('',#2047,#2185,#1426,.T.);
#2871=EDGE_CURVE('',#2266,#1942,#1427,.T.);
#2872=EDGE_CURVE('',#1943,#2267,#1428,.T.);
#2873=EDGE_CURVE('',#2267,#2266,#1429,.T.);
#2874=EDGE_CURVE('',#2266,#2268,#1018,.T.);
#2875=EDGE_CURVE('',#2268,#1944,#1430,.T.);
#2876=EDGE_CURVE('',#2269,#1945,#1431,.T.);
#2877=EDGE_CURVE('',#2268,#2269,#1432,.T.);
#2878=EDGE_CURVE('',#2269,#2267,#1019,.T.);
#2879=EDGE_CURVE('',#2266,#2270,#1433,.T.);
#2880=EDGE_CURVE('',#2271,#2270,#1020,.T.);
#2881=EDGE_CURVE('',#2271,#2268,#1434,.T.);
#2882=EDGE_CURVE('',#2272,#2267,#1435,.T.);
#2883=EDGE_CURVE('',#2270,#2272,#1436,.T.);
#2884=EDGE_CURVE('',#2074,#1995,#1437,.T.);
#2885=EDGE_CURVE('',#2062,#2272,#1438,.T.);
#2886=EDGE_CURVE('',#2272,#2273,#1021,.T.);
#2887=EDGE_CURVE('',#2273,#2061,#1439,.T.);
#2888=EDGE_CURVE('',#2064,#2270,#1440,.T.);
#2889=EDGE_CURVE('',#2063,#2271,#1441,.T.);
#2890=EDGE_CURVE('',#2273,#2271,#1442,.T.);
#2891=EDGE_CURVE('',#2269,#2273,#1443,.T.);
#2892=EDGE_CURVE('',#1926,#2255,#1444,.T.);
#2893=EDGE_CURVE('',#2257,#2274,#1445,.T.);
#2894=EDGE_CURVE('',#2274,#2274,#1022,.T.);
#2895=EDGE_CURVE('',#2259,#2275,#1446,.T.);
#2896=EDGE_CURVE('',#2275,#2275,#1023,.T.);
#2897=EDGE_CURVE('',#2275,#2276,#1447,.T.);
#2898=EDGE_CURVE('',#2276,#2276,#1024,.T.);
#2899=EDGE_CURVE('',#2274,#2277,#1448,.T.);
#2900=EDGE_CURVE('',#2277,#2277,#1025,.T.);
#2901=EDGE_CURVE('',#2263,#2060,#1449,.T.);
#2902=EDGE_CURVE('',#2261,#2059,#1450,.T.);
#2903=EDGE_CURVE('',#2252,#2068,#1451,.T.);
#2904=EDGE_CURVE('',#2249,#2067,#1452,.T.);
#2905=EDGE_CURVE('',#2278,#2278,#1026,.T.);
#2906=EDGE_CURVE('',#2278,#2279,#1453,.T.);
#2907=EDGE_CURVE('',#2279,#2279,#1027,.T.);
#2908=EDGE_CURVE('',#1975,#2278,#1454,.T.);
#2909=EDGE_CURVE('',#2243,#2066,#1455,.T.);
#2910=EDGE_CURVE('',#2246,#2065,#1456,.T.);
#2911=EDGE_CURVE('',#2280,#2280,#1028,.T.);
#2912=EDGE_CURVE('',#2280,#2281,#1457,.T.);
#2913=EDGE_CURVE('',#2281,#2281,#1029,.T.);
#2914=EDGE_CURVE('',#2280,#1976,#1458,.T.);
#2915=EDGE_CURVE('',#2196,#1993,#1459,.T.);
#2916=EDGE_CURVE('',#1994,#2075,#1460,.T.);
#2917=ORIENTED_EDGE('',*,*,#2282,.F.);
#2918=ORIENTED_EDGE('',*,*,#2283,.F.);
#2919=ORIENTED_EDGE('',*,*,#2284,.F.);
#2920=ORIENTED_EDGE('',*,*,#2285,.F.);
#2921=ORIENTED_EDGE('',*,*,#2282,.T.);
#2922=ORIENTED_EDGE('',*,*,#2286,.F.);
#2923=ORIENTED_EDGE('',*,*,#2287,.T.);
#2924=ORIENTED_EDGE('',*,*,#2288,.T.);
#2925=ORIENTED_EDGE('',*,*,#2287,.F.);
#2926=ORIENTED_EDGE('',*,*,#2289,.F.);
#2927=ORIENTED_EDGE('',*,*,#2290,.F.);
#2928=ORIENTED_EDGE('',*,*,#2291,.F.);
#2929=ORIENTED_EDGE('',*,*,#2292,.T.);
#2930=ORIENTED_EDGE('',*,*,#2293,.T.);
#2931=ORIENTED_EDGE('',*,*,#2294,.F.);
#2932=ORIENTED_EDGE('',*,*,#2295,.T.);
#2933=ORIENTED_EDGE('',*,*,#2296,.T.);
#2934=ORIENTED_EDGE('',*,*,#2297,.T.);
#2935=ORIENTED_EDGE('',*,*,#2298,.T.);
#2936=ORIENTED_EDGE('',*,*,#2299,.T.);
#2937=ORIENTED_EDGE('',*,*,#2300,.T.);
#2938=ORIENTED_EDGE('',*,*,#2301,.T.);
#2939=ORIENTED_EDGE('',*,*,#2302,.T.);
#2940=ORIENTED_EDGE('',*,*,#2303,.T.);
#2941=ORIENTED_EDGE('',*,*,#2304,.F.);
#2942=ORIENTED_EDGE('',*,*,#2305,.F.);
#2943=ORIENTED_EDGE('',*,*,#2306,.F.);
#2944=ORIENTED_EDGE('',*,*,#2307,.F.);
#2945=ORIENTED_EDGE('',*,*,#2308,.F.);
#2946=ORIENTED_EDGE('',*,*,#2309,.F.);
#2947=ORIENTED_EDGE('',*,*,#2310,.F.);
#2948=ORIENTED_EDGE('',*,*,#2311,.F.);
#2949=ORIENTED_EDGE('',*,*,#2312,.T.);
#2950=ORIENTED_EDGE('',*,*,#2313,.F.);
#2951=ORIENTED_EDGE('',*,*,#2314,.T.);
#2952=ORIENTED_EDGE('',*,*,#2315,.T.);
#2953=ORIENTED_EDGE('',*,*,#2316,.T.);
#2954=ORIENTED_EDGE('',*,*,#2317,.F.);
#2955=ORIENTED_EDGE('',*,*,#2318,.F.);
#2956=ORIENTED_EDGE('',*,*,#2319,.F.);
#2957=ORIENTED_EDGE('',*,*,#2320,.T.);
#2958=ORIENTED_EDGE('',*,*,#2321,.F.);
#2959=ORIENTED_EDGE('',*,*,#2322,.T.);
#2960=ORIENTED_EDGE('',*,*,#2323,.F.);
#2961=ORIENTED_EDGE('',*,*,#2324,.T.);
#2962=ORIENTED_EDGE('',*,*,#2325,.F.);
#2963=ORIENTED_EDGE('',*,*,#2326,.F.);
#2964=ORIENTED_EDGE('',*,*,#2327,.F.);
#2965=ORIENTED_EDGE('',*,*,#2328,.F.);
#2966=ORIENTED_EDGE('',*,*,#2329,.T.);
#2967=ORIENTED_EDGE('',*,*,#2330,.T.);
#2968=ORIENTED_EDGE('',*,*,#2331,.T.);
#2969=ORIENTED_EDGE('',*,*,#2332,.T.);
#2970=ORIENTED_EDGE('',*,*,#2333,.T.);
#2971=ORIENTED_EDGE('',*,*,#2334,.F.);
#2972=ORIENTED_EDGE('',*,*,#2335,.F.);
#2973=ORIENTED_EDGE('',*,*,#2336,.F.);
#2974=ORIENTED_EDGE('',*,*,#2337,.F.);
#2975=ORIENTED_EDGE('',*,*,#2338,.T.);
#2976=ORIENTED_EDGE('',*,*,#2339,.F.);
#2977=ORIENTED_EDGE('',*,*,#2340,.T.);
#2978=ORIENTED_EDGE('',*,*,#2341,.F.);
#2979=ORIENTED_EDGE('',*,*,#2289,.T.);
#2980=ORIENTED_EDGE('',*,*,#2342,.T.);
#2981=ORIENTED_EDGE('',*,*,#2343,.F.);
#2982=ORIENTED_EDGE('',*,*,#2344,.F.);
#2983=ORIENTED_EDGE('',*,*,#2345,.T.);
#2984=ORIENTED_EDGE('',*,*,#2346,.F.);
#2985=ORIENTED_EDGE('',*,*,#2347,.T.);
#2986=ORIENTED_EDGE('',*,*,#2348,.T.);
#2987=ORIENTED_EDGE('',*,*,#2349,.T.);
#2988=ORIENTED_EDGE('',*,*,#2350,.T.);
#2989=ORIENTED_EDGE('',*,*,#2351,.T.);
#2990=ORIENTED_EDGE('',*,*,#2352,.F.);
#2991=ORIENTED_EDGE('',*,*,#2353,.F.);
#2992=ORIENTED_EDGE('',*,*,#2354,.F.);
#2993=ORIENTED_EDGE('',*,*,#2355,.F.);
#2994=ORIENTED_EDGE('',*,*,#2356,.F.);
#2995=ORIENTED_EDGE('',*,*,#2357,.F.);
#2996=ORIENTED_EDGE('',*,*,#2358,.F.);
#2997=ORIENTED_EDGE('',*,*,#2359,.F.);
#2998=ORIENTED_EDGE('',*,*,#2360,.F.);
#2999=ORIENTED_EDGE('',*,*,#2361,.F.);
#3000=ORIENTED_EDGE('',*,*,#2362,.F.);
#3001=ORIENTED_EDGE('',*,*,#2363,.F.);
#3002=ORIENTED_EDGE('',*,*,#2364,.F.);
#3003=ORIENTED_EDGE('',*,*,#2365,.F.);
#3004=ORIENTED_EDGE('',*,*,#2366,.F.);
#3005=ORIENTED_EDGE('',*,*,#2367,.F.);
#3006=ORIENTED_EDGE('',*,*,#2368,.T.);
#3007=ORIENTED_EDGE('',*,*,#2369,.T.);
#3008=ORIENTED_EDGE('',*,*,#2370,.F.);
#3009=ORIENTED_EDGE('',*,*,#2371,.F.);
#3010=ORIENTED_EDGE('',*,*,#2372,.T.);
#3011=ORIENTED_EDGE('',*,*,#2328,.T.);
#3012=ORIENTED_EDGE('',*,*,#2373,.T.);
#3013=ORIENTED_EDGE('',*,*,#2374,.T.);
#3014=ORIENTED_EDGE('',*,*,#2375,.T.);
#3015=ORIENTED_EDGE('',*,*,#2376,.T.);
#3016=ORIENTED_EDGE('',*,*,#2373,.F.);
#3017=ORIENTED_EDGE('',*,*,#2327,.T.);
#3018=ORIENTED_EDGE('',*,*,#2377,.T.);
#3019=ORIENTED_EDGE('',*,*,#2378,.T.);
#3020=ORIENTED_EDGE('',*,*,#2375,.F.);
#3021=ORIENTED_EDGE('',*,*,#2326,.T.);
#3022=ORIENTED_EDGE('',*,*,#2379,.T.);
#3023=ORIENTED_EDGE('',*,*,#2380,.T.);
#3024=ORIENTED_EDGE('',*,*,#2377,.F.);
#3025=ORIENTED_EDGE('',*,*,#2325,.T.);
#3026=ORIENTED_EDGE('',*,*,#2372,.F.);
#3027=ORIENTED_EDGE('',*,*,#2381,.F.);
#3028=ORIENTED_EDGE('',*,*,#2382,.T.);
#3029=ORIENTED_EDGE('',*,*,#2383,.F.);
#3030=ORIENTED_EDGE('',*,*,#2329,.F.);
#3031=ORIENTED_EDGE('',*,*,#2374,.F.);
#3032=ORIENTED_EDGE('',*,*,#2384,.F.);
#3033=ORIENTED_EDGE('',*,*,#2385,.F.);
#3034=ORIENTED_EDGE('',*,*,#2386,.F.);
#3035=ORIENTED_EDGE('',*,*,#2387,.F.);
#3036=ORIENTED_EDGE('',*,*,#2388,.T.);
#3037=ORIENTED_EDGE('',*,*,#2389,.T.);
#3038=ORIENTED_EDGE('',*,*,#2390,.T.);
#3039=ORIENTED_EDGE('',*,*,#2391,.F.);
#3040=ORIENTED_EDGE('',*,*,#2392,.T.);
#3041=ORIENTED_EDGE('',*,*,#2393,.F.);
#3042=ORIENTED_EDGE('',*,*,#2394,.T.);
#3043=ORIENTED_EDGE('',*,*,#2395,.T.);
#3044=ORIENTED_EDGE('',*,*,#2381,.T.);
#3045=ORIENTED_EDGE('',*,*,#2396,.T.);
#3046=ORIENTED_EDGE('',*,*,#2311,.T.);
#3047=ORIENTED_EDGE('',*,*,#2397,.T.);
#3048=ORIENTED_EDGE('',*,*,#2398,.T.);
#3049=ORIENTED_EDGE('',*,*,#2399,.T.);
#3050=ORIENTED_EDGE('',*,*,#2400,.T.);
#3051=ORIENTED_EDGE('',*,*,#2397,.F.);
#3052=ORIENTED_EDGE('',*,*,#2310,.T.);
#3053=ORIENTED_EDGE('',*,*,#2401,.T.);
#3054=ORIENTED_EDGE('',*,*,#2402,.T.);
#3055=ORIENTED_EDGE('',*,*,#2399,.F.);
#3056=ORIENTED_EDGE('',*,*,#2309,.T.);
#3057=ORIENTED_EDGE('',*,*,#2403,.T.);
#3058=ORIENTED_EDGE('',*,*,#2404,.T.);
#3059=ORIENTED_EDGE('',*,*,#2401,.F.);
#3060=ORIENTED_EDGE('',*,*,#2308,.T.);
#3061=ORIENTED_EDGE('',*,*,#2405,.T.);
#3062=ORIENTED_EDGE('',*,*,#2406,.T.);
#3063=ORIENTED_EDGE('',*,*,#2403,.F.);
#3064=ORIENTED_EDGE('',*,*,#2307,.T.);
#3065=ORIENTED_EDGE('',*,*,#2407,.T.);
#3066=ORIENTED_EDGE('',*,*,#2408,.T.);
#3067=ORIENTED_EDGE('',*,*,#2405,.F.);
#3068=ORIENTED_EDGE('',*,*,#2306,.T.);
#3069=ORIENTED_EDGE('',*,*,#2409,.T.);
#3070=ORIENTED_EDGE('',*,*,#2410,.T.);
#3071=ORIENTED_EDGE('',*,*,#2407,.F.);
#3072=ORIENTED_EDGE('',*,*,#2305,.T.);
#3073=ORIENTED_EDGE('',*,*,#2411,.T.);
#3074=ORIENTED_EDGE('',*,*,#2387,.T.);
#3075=ORIENTED_EDGE('',*,*,#2409,.F.);
#3076=ORIENTED_EDGE('',*,*,#2304,.T.);
#3077=ORIENTED_EDGE('',*,*,#2412,.T.);
#3078=ORIENTED_EDGE('',*,*,#2413,.T.);
#3079=ORIENTED_EDGE('',*,*,#2414,.T.);
#3080=ORIENTED_EDGE('',*,*,#2415,.T.);
#3081=ORIENTED_EDGE('',*,*,#2416,.T.);
#3082=ORIENTED_EDGE('',*,*,#2417,.T.);
#3083=ORIENTED_EDGE('',*,*,#2418,.T.);
#3084=ORIENTED_EDGE('',*,*,#2419,.T.);
#3085=ORIENTED_EDGE('',*,*,#2420,.T.);
#3086=ORIENTED_EDGE('',*,*,#2417,.F.);
#3087=ORIENTED_EDGE('',*,*,#2421,.T.);
#3088=ORIENTED_EDGE('',*,*,#2422,.T.);
#3089=ORIENTED_EDGE('',*,*,#2423,.T.);
#3090=ORIENTED_EDGE('',*,*,#2422,.F.);
#3091=ORIENTED_EDGE('',*,*,#2424,.T.);
#3092=ORIENTED_EDGE('',*,*,#2425,.T.);
#3093=ORIENTED_EDGE('',*,*,#2426,.T.);
#3094=ORIENTED_EDGE('',*,*,#2425,.F.);
#3095=ORIENTED_EDGE('',*,*,#2427,.T.);
#3096=ORIENTED_EDGE('',*,*,#2428,.T.);
#3097=ORIENTED_EDGE('',*,*,#2385,.T.);
#3098=ORIENTED_EDGE('',*,*,#2428,.F.);
#3099=ORIENTED_EDGE('',*,*,#2429,.T.);
#3100=ORIENTED_EDGE('',*,*,#2430,.T.);
#3101=ORIENTED_EDGE('',*,*,#2431,.T.);
#3102=ORIENTED_EDGE('',*,*,#2430,.F.);
#3103=ORIENTED_EDGE('',*,*,#2432,.T.);
#3104=ORIENTED_EDGE('',*,*,#2433,.T.);
#3105=ORIENTED_EDGE('',*,*,#2434,.T.);
#3106=ORIENTED_EDGE('',*,*,#2433,.F.);
#3107=ORIENTED_EDGE('',*,*,#2435,.T.);
#3108=ORIENTED_EDGE('',*,*,#2436,.T.);
#3109=ORIENTED_EDGE('',*,*,#2437,.T.);
#3110=ORIENTED_EDGE('',*,*,#2436,.F.);
#3111=ORIENTED_EDGE('',*,*,#2438,.T.);
#3112=ORIENTED_EDGE('',*,*,#2439,.T.);
#3113=ORIENTED_EDGE('',*,*,#2440,.T.);
#3114=ORIENTED_EDGE('',*,*,#2439,.F.);
#3115=ORIENTED_EDGE('',*,*,#2441,.T.);
#3116=ORIENTED_EDGE('',*,*,#2442,.T.);
#3117=ORIENTED_EDGE('',*,*,#2443,.T.);
#3118=ORIENTED_EDGE('',*,*,#2442,.F.);
#3119=ORIENTED_EDGE('',*,*,#2444,.T.);
#3120=ORIENTED_EDGE('',*,*,#2445,.T.);
#3121=ORIENTED_EDGE('',*,*,#2446,.T.);
#3122=ORIENTED_EDGE('',*,*,#2447,.T.);
#3123=ORIENTED_EDGE('',*,*,#2448,.T.);
#3124=ORIENTED_EDGE('',*,*,#2445,.F.);
#3125=ORIENTED_EDGE('',*,*,#2449,.T.);
#3126=ORIENTED_EDGE('',*,*,#2419,.F.);
#3127=ORIENTED_EDGE('',*,*,#2450,.T.);
#3128=ORIENTED_EDGE('',*,*,#2451,.T.);
#3129=ORIENTED_EDGE('',*,*,#2452,.T.);
#3130=ORIENTED_EDGE('',*,*,#2453,.T.);
#3131=ORIENTED_EDGE('',*,*,#2454,.T.);
#3132=ORIENTED_EDGE('',*,*,#2447,.F.);
#3133=ORIENTED_EDGE('',*,*,#2455,.T.);
#3134=ORIENTED_EDGE('',*,*,#2451,.F.);
#3135=ORIENTED_EDGE('',*,*,#2456,.T.);
#3136=ORIENTED_EDGE('',*,*,#2414,.F.);
#3137=ORIENTED_EDGE('',*,*,#2457,.T.);
#3138=ORIENTED_EDGE('',*,*,#2458,.T.);
#3139=ORIENTED_EDGE('',*,*,#2459,.T.);
#3140=ORIENTED_EDGE('',*,*,#2460,.T.);
#3141=ORIENTED_EDGE('',*,*,#2461,.T.);
#3142=ORIENTED_EDGE('',*,*,#2459,.F.);
#3143=ORIENTED_EDGE('',*,*,#2462,.T.);
#3144=ORIENTED_EDGE('',*,*,#2453,.F.);
#3145=ORIENTED_EDGE('',*,*,#2416,.F.);
#3146=ORIENTED_EDGE('',*,*,#2463,.T.);
#3147=ORIENTED_EDGE('',*,*,#2464,.F.);
#3148=ORIENTED_EDGE('',*,*,#2465,.T.);
#3149=ORIENTED_EDGE('',*,*,#2415,.F.);
#3150=ORIENTED_EDGE('',*,*,#2466,.F.);
#3151=ORIENTED_EDGE('',*,*,#2467,.F.);
#3152=ORIENTED_EDGE('',*,*,#2468,.F.);
#3153=ORIENTED_EDGE('',*,*,#2319,.T.);
#3154=ORIENTED_EDGE('',*,*,#2463,.F.);
#3155=ORIENTED_EDGE('',*,*,#2456,.F.);
#3156=ORIENTED_EDGE('',*,*,#2469,.T.);
#3157=ORIENTED_EDGE('',*,*,#2470,.T.);
#3158=ORIENTED_EDGE('',*,*,#2466,.T.);
#3159=ORIENTED_EDGE('',*,*,#2380,.F.);
#3160=ORIENTED_EDGE('',*,*,#2471,.T.);
#3161=ORIENTED_EDGE('',*,*,#2418,.F.);
#3162=ORIENTED_EDGE('',*,*,#2472,.T.);
#3163=ORIENTED_EDGE('',*,*,#2378,.F.);
#3164=ORIENTED_EDGE('',*,*,#2472,.F.);
#3165=ORIENTED_EDGE('',*,*,#2423,.F.);
#3166=ORIENTED_EDGE('',*,*,#2473,.F.);
#3167=ORIENTED_EDGE('',*,*,#2376,.F.);
#3168=ORIENTED_EDGE('',*,*,#2473,.T.);
#3169=ORIENTED_EDGE('',*,*,#2426,.F.);
#3170=ORIENTED_EDGE('',*,*,#2384,.T.);
#3171=ORIENTED_EDGE('',*,*,#2410,.F.);
#3172=ORIENTED_EDGE('',*,*,#2386,.T.);
#3173=ORIENTED_EDGE('',*,*,#2431,.F.);
#3174=ORIENTED_EDGE('',*,*,#2474,.T.);
#3175=ORIENTED_EDGE('',*,*,#2408,.F.);
#3176=ORIENTED_EDGE('',*,*,#2474,.F.);
#3177=ORIENTED_EDGE('',*,*,#2434,.F.);
#3178=ORIENTED_EDGE('',*,*,#2475,.F.);
#3179=ORIENTED_EDGE('',*,*,#2406,.F.);
#3180=ORIENTED_EDGE('',*,*,#2475,.T.);
#3181=ORIENTED_EDGE('',*,*,#2437,.F.);
#3182=ORIENTED_EDGE('',*,*,#2476,.T.);
#3183=ORIENTED_EDGE('',*,*,#2404,.F.);
#3184=ORIENTED_EDGE('',*,*,#2476,.F.);
#3185=ORIENTED_EDGE('',*,*,#2440,.F.);
#3186=ORIENTED_EDGE('',*,*,#2477,.F.);
#3187=ORIENTED_EDGE('',*,*,#2402,.F.);
#3188=ORIENTED_EDGE('',*,*,#2477,.T.);
#3189=ORIENTED_EDGE('',*,*,#2443,.F.);
#3190=ORIENTED_EDGE('',*,*,#2478,.T.);
#3191=ORIENTED_EDGE('',*,*,#2400,.F.);
#3192=ORIENTED_EDGE('',*,*,#2478,.F.);
#3193=ORIENTED_EDGE('',*,*,#2446,.F.);
#3194=ORIENTED_EDGE('',*,*,#2479,.F.);
#3195=ORIENTED_EDGE('',*,*,#2398,.F.);
#3196=ORIENTED_EDGE('',*,*,#2479,.T.);
#3197=ORIENTED_EDGE('',*,*,#2448,.F.);
#3198=ORIENTED_EDGE('',*,*,#2480,.T.);
#3199=ORIENTED_EDGE('',*,*,#2450,.F.);
#3200=ORIENTED_EDGE('',*,*,#2471,.F.);
#3201=ORIENTED_EDGE('',*,*,#2379,.F.);
#3202=ORIENTED_EDGE('',*,*,#2324,.F.);
#3203=ORIENTED_EDGE('',*,*,#2481,.F.);
#3204=ORIENTED_EDGE('',*,*,#2482,.T.);
#3205=ORIENTED_EDGE('',*,*,#2483,.F.);
#3206=ORIENTED_EDGE('',*,*,#2484,.T.);
#3207=ORIENTED_EDGE('',*,*,#2485,.F.);
#3208=ORIENTED_EDGE('',*,*,#2486,.T.);
#3209=ORIENTED_EDGE('',*,*,#2487,.F.);
#3210=ORIENTED_EDGE('',*,*,#2312,.F.);
#3211=ORIENTED_EDGE('',*,*,#2396,.F.);
#3212=ORIENTED_EDGE('',*,*,#2480,.F.);
#3213=ORIENTED_EDGE('',*,*,#2454,.F.);
#3214=ORIENTED_EDGE('',*,*,#2488,.F.);
#3215=ORIENTED_EDGE('',*,*,#2489,.F.);
#3216=ORIENTED_EDGE('',*,*,#2469,.F.);
#3217=ORIENTED_EDGE('',*,*,#2462,.F.);
#3218=ORIENTED_EDGE('',*,*,#2490,.T.);
#3219=ORIENTED_EDGE('',*,*,#2491,.T.);
#3220=ORIENTED_EDGE('',*,*,#2488,.T.);
#3221=ORIENTED_EDGE('',*,*,#2458,.F.);
#3222=ORIENTED_EDGE('',*,*,#2492,.F.);
#3223=ORIENTED_EDGE('',*,*,#2317,.T.);
#3224=ORIENTED_EDGE('',*,*,#2493,.T.);
#3225=ORIENTED_EDGE('',*,*,#2494,.F.);
#3226=ORIENTED_EDGE('',*,*,#2490,.F.);
#3227=ORIENTED_EDGE('',*,*,#2413,.F.);
#3228=ORIENTED_EDGE('',*,*,#2495,.F.);
#3229=ORIENTED_EDGE('',*,*,#2460,.F.);
#3230=ORIENTED_EDGE('',*,*,#2455,.F.);
#3231=ORIENTED_EDGE('',*,*,#2449,.F.);
#3232=ORIENTED_EDGE('',*,*,#2444,.F.);
#3233=ORIENTED_EDGE('',*,*,#2441,.F.);
#3234=ORIENTED_EDGE('',*,*,#2438,.F.);
#3235=ORIENTED_EDGE('',*,*,#2435,.F.);
#3236=ORIENTED_EDGE('',*,*,#2432,.F.);
#3237=ORIENTED_EDGE('',*,*,#2429,.F.);
#3238=ORIENTED_EDGE('',*,*,#2427,.F.);
#3239=ORIENTED_EDGE('',*,*,#2424,.F.);
#3240=ORIENTED_EDGE('',*,*,#2421,.F.);
#3241=ORIENTED_EDGE('',*,*,#2420,.F.);
#3242=ORIENTED_EDGE('',*,*,#2452,.F.);
#3243=ORIENTED_EDGE('',*,*,#2496,.T.);
#3244=ORIENTED_EDGE('',*,*,#2497,.T.);
#3245=ORIENTED_EDGE('',*,*,#2498,.T.);
#3246=ORIENTED_EDGE('',*,*,#2499,.T.);
#3247=ORIENTED_EDGE('',*,*,#2500,.T.);
#3248=ORIENTED_EDGE('',*,*,#2501,.T.);
#3249=ORIENTED_EDGE('',*,*,#2502,.T.);
#3250=ORIENTED_EDGE('',*,*,#2503,.T.);
#3251=ORIENTED_EDGE('',*,*,#2504,.T.);
#3252=ORIENTED_EDGE('',*,*,#2505,.T.);
#3253=ORIENTED_EDGE('',*,*,#2506,.F.);
#3254=ORIENTED_EDGE('',*,*,#2507,.F.);
#3255=ORIENTED_EDGE('',*,*,#2508,.F.);
#3256=ORIENTED_EDGE('',*,*,#2509,.F.);
#3257=ORIENTED_EDGE('',*,*,#2510,.T.);
#3258=ORIENTED_EDGE('',*,*,#2511,.T.);
#3259=ORIENTED_EDGE('',*,*,#2512,.T.);
#3260=ORIENTED_EDGE('',*,*,#2513,.T.);
#3261=ORIENTED_EDGE('',*,*,#2470,.F.);
#3262=ORIENTED_EDGE('',*,*,#2489,.T.);
#3263=ORIENTED_EDGE('',*,*,#2491,.F.);
#3264=ORIENTED_EDGE('',*,*,#2494,.T.);
#3265=ORIENTED_EDGE('',*,*,#2514,.T.);
#3266=ORIENTED_EDGE('',*,*,#2515,.F.);
#3267=ORIENTED_EDGE('',*,*,#2516,.T.);
#3268=ORIENTED_EDGE('',*,*,#2517,.F.);
#3269=ORIENTED_EDGE('',*,*,#2518,.T.);
#3270=ORIENTED_EDGE('',*,*,#2467,.T.);
#3271=ORIENTED_EDGE('',*,*,#2411,.F.);
#3272=ORIENTED_EDGE('',*,*,#2303,.F.);
#3273=ORIENTED_EDGE('',*,*,#2519,.F.);
#3274=ORIENTED_EDGE('',*,*,#2520,.T.);
#3275=ORIENTED_EDGE('',*,*,#2388,.F.);
#3276=ORIENTED_EDGE('',*,*,#2412,.F.);
#3277=ORIENTED_EDGE('',*,*,#2521,.T.);
#3278=ORIENTED_EDGE('',*,*,#2461,.F.);
#3279=ORIENTED_EDGE('',*,*,#2495,.T.);
#3280=ORIENTED_EDGE('',*,*,#2292,.F.);
#3281=ORIENTED_EDGE('',*,*,#2522,.F.);
#3282=ORIENTED_EDGE('',*,*,#2523,.T.);
#3283=ORIENTED_EDGE('',*,*,#2524,.F.);
#3284=ORIENTED_EDGE('',*,*,#2525,.T.);
#3285=ORIENTED_EDGE('',*,*,#2332,.F.);
#3286=ORIENTED_EDGE('',*,*,#2526,.T.);
#3287=ORIENTED_EDGE('',*,*,#2527,.T.);
#3288=ORIENTED_EDGE('',*,*,#2528,.F.);
#3289=ORIENTED_EDGE('',*,*,#2331,.F.);
#3290=ORIENTED_EDGE('',*,*,#2529,.F.);
#3291=ORIENTED_EDGE('',*,*,#2530,.T.);
#3292=ORIENTED_EDGE('',*,*,#2526,.F.);
#3293=ORIENTED_EDGE('',*,*,#2531,.F.);
#3294=ORIENTED_EDGE('',*,*,#2527,.F.);
#3295=ORIENTED_EDGE('',*,*,#2530,.F.);
#3296=ORIENTED_EDGE('',*,*,#2532,.F.);
#3297=ORIENTED_EDGE('',*,*,#2389,.F.);
#3298=ORIENTED_EDGE('',*,*,#2520,.F.);
#3299=ORIENTED_EDGE('',*,*,#2301,.F.);
#3300=ORIENTED_EDGE('',*,*,#2533,.T.);
#3301=ORIENTED_EDGE('',*,*,#2534,.T.);
#3302=ORIENTED_EDGE('',*,*,#2535,.F.);
#3303=ORIENTED_EDGE('',*,*,#2300,.F.);
#3304=ORIENTED_EDGE('',*,*,#2536,.F.);
#3305=ORIENTED_EDGE('',*,*,#2537,.T.);
#3306=ORIENTED_EDGE('',*,*,#2533,.F.);
#3307=ORIENTED_EDGE('',*,*,#2537,.F.);
#3308=ORIENTED_EDGE('',*,*,#2538,.F.);
#3309=ORIENTED_EDGE('',*,*,#2534,.F.);
#3310=ORIENTED_EDGE('',*,*,#2539,.F.);
#3311=ORIENTED_EDGE('',*,*,#2382,.F.);
#3312=ORIENTED_EDGE('',*,*,#2395,.F.);
#3313=ORIENTED_EDGE('',*,*,#2532,.T.);
#3314=ORIENTED_EDGE('',*,*,#2519,.T.);
#3315=ORIENTED_EDGE('',*,*,#2302,.F.);
#3316=ORIENTED_EDGE('',*,*,#2535,.T.);
#3317=ORIENTED_EDGE('',*,*,#2538,.T.);
#3318=ORIENTED_EDGE('',*,*,#2536,.T.);
#3319=ORIENTED_EDGE('',*,*,#2299,.F.);
#3320=ORIENTED_EDGE('',*,*,#2540,.T.);
#3321=ORIENTED_EDGE('',*,*,#2541,.F.);
#3322=ORIENTED_EDGE('',*,*,#2390,.F.);
#3323=ORIENTED_EDGE('',*,*,#2542,.T.);
#3324=ORIENTED_EDGE('',*,*,#2543,.T.);
#3325=ORIENTED_EDGE('',*,*,#2544,.T.);
#3326=ORIENTED_EDGE('',*,*,#2545,.T.);
#3327=ORIENTED_EDGE('',*,*,#2546,.F.);
#3328=ORIENTED_EDGE('',*,*,#2547,.T.);
#3329=ORIENTED_EDGE('',*,*,#2548,.T.);
#3330=ORIENTED_EDGE('',*,*,#2549,.T.);
#3331=ORIENTED_EDGE('',*,*,#2550,.T.);
#3332=ORIENTED_EDGE('',*,*,#2551,.T.);
#3333=ORIENTED_EDGE('',*,*,#2552,.T.);
#3334=ORIENTED_EDGE('',*,*,#2553,.T.);
#3335=ORIENTED_EDGE('',*,*,#2554,.T.);
#3336=ORIENTED_EDGE('',*,*,#2555,.T.);
#3337=ORIENTED_EDGE('',*,*,#2556,.T.);
#3338=ORIENTED_EDGE('',*,*,#2544,.F.);
#3339=ORIENTED_EDGE('',*,*,#2557,.T.);
#3340=ORIENTED_EDGE('',*,*,#2555,.F.);
#3341=ORIENTED_EDGE('',*,*,#2558,.T.);
#3342=ORIENTED_EDGE('',*,*,#2549,.F.);
#3343=ORIENTED_EDGE('',*,*,#2559,.T.);
#3344=ORIENTED_EDGE('',*,*,#2553,.F.);
#3345=ORIENTED_EDGE('',*,*,#2560,.F.);
#3346=ORIENTED_EDGE('',*,*,#2561,.T.);
#3347=ORIENTED_EDGE('',*,*,#2562,.T.);
#3348=ORIENTED_EDGE('',*,*,#2561,.F.);
#3349=ORIENTED_EDGE('',*,*,#2563,.T.);
#3350=ORIENTED_EDGE('',*,*,#2546,.T.);
#3351=ORIENTED_EDGE('',*,*,#2563,.F.);
#3352=ORIENTED_EDGE('',*,*,#2564,.F.);
#3353=ORIENTED_EDGE('',*,*,#2565,.T.);
#3354=ORIENTED_EDGE('',*,*,#2566,.T.);
#3355=ORIENTED_EDGE('',*,*,#2547,.F.);
#3356=ORIENTED_EDGE('',*,*,#2560,.T.);
#3357=ORIENTED_EDGE('',*,*,#2552,.F.);
#3358=ORIENTED_EDGE('',*,*,#2567,.F.);
#3359=ORIENTED_EDGE('',*,*,#2568,.T.);
#3360=ORIENTED_EDGE('',*,*,#2564,.T.);
#3361=ORIENTED_EDGE('',*,*,#2551,.F.);
#3362=ORIENTED_EDGE('',*,*,#2569,.F.);
#3363=ORIENTED_EDGE('',*,*,#2570,.T.);
#3364=ORIENTED_EDGE('',*,*,#2567,.T.);
#3365=ORIENTED_EDGE('',*,*,#2571,.F.);
#3366=ORIENTED_EDGE('',*,*,#2347,.F.);
#3367=ORIENTED_EDGE('',*,*,#2572,.F.);
#3368=ORIENTED_EDGE('',*,*,#2573,.F.);
#3369=ORIENTED_EDGE('',*,*,#2574,.F.);
#3370=ORIENTED_EDGE('',*,*,#2575,.F.);
#3371=ORIENTED_EDGE('',*,*,#2576,.F.);
#3372=ORIENTED_EDGE('',*,*,#2548,.F.);
#3373=ORIENTED_EDGE('',*,*,#2559,.F.);
#3374=ORIENTED_EDGE('',*,*,#2562,.F.);
#3375=ORIENTED_EDGE('',*,*,#2545,.F.);
#3376=ORIENTED_EDGE('',*,*,#2556,.F.);
#3377=ORIENTED_EDGE('',*,*,#2557,.F.);
#3378=ORIENTED_EDGE('',*,*,#2577,.T.);
#3379=ORIENTED_EDGE('',*,*,#2578,.T.);
#3380=ORIENTED_EDGE('',*,*,#2579,.T.);
#3381=ORIENTED_EDGE('',*,*,#2580,.T.);
#3382=ORIENTED_EDGE('',*,*,#2581,.T.);
#3383=ORIENTED_EDGE('',*,*,#2582,.T.);
#3384=ORIENTED_EDGE('',*,*,#2583,.T.);
#3385=ORIENTED_EDGE('',*,*,#2579,.F.);
#3386=ORIENTED_EDGE('',*,*,#2584,.F.);
#3387=ORIENTED_EDGE('',*,*,#2585,.T.);
#3388=ORIENTED_EDGE('',*,*,#2586,.T.);
#3389=ORIENTED_EDGE('',*,*,#2585,.F.);
#3390=ORIENTED_EDGE('',*,*,#2587,.T.);
#3391=ORIENTED_EDGE('',*,*,#2588,.T.);
#3392=ORIENTED_EDGE('',*,*,#2589,.T.);
#3393=ORIENTED_EDGE('',*,*,#2581,.F.);
#3394=ORIENTED_EDGE('',*,*,#2590,.T.);
#3395=ORIENTED_EDGE('',*,*,#2591,.F.);
#3396=ORIENTED_EDGE('',*,*,#2592,.T.);
#3397=ORIENTED_EDGE('',*,*,#2588,.F.);
#3398=ORIENTED_EDGE('',*,*,#2593,.T.);
#3399=ORIENTED_EDGE('',*,*,#2594,.T.);
#3400=ORIENTED_EDGE('',*,*,#2595,.T.);
#3401=ORIENTED_EDGE('',*,*,#2596,.T.);
#3402=ORIENTED_EDGE('',*,*,#2597,.T.);
#3403=ORIENTED_EDGE('',*,*,#2596,.F.);
#3404=ORIENTED_EDGE('',*,*,#2598,.F.);
#3405=ORIENTED_EDGE('',*,*,#2591,.T.);
#3406=ORIENTED_EDGE('',*,*,#2594,.F.);
#3407=ORIENTED_EDGE('',*,*,#2599,.F.);
#3408=ORIENTED_EDGE('',*,*,#2600,.T.);
#3409=ORIENTED_EDGE('',*,*,#2601,.T.);
#3410=ORIENTED_EDGE('',*,*,#2587,.F.);
#3411=ORIENTED_EDGE('',*,*,#2602,.F.);
#3412=ORIENTED_EDGE('',*,*,#2603,.T.);
#3413=ORIENTED_EDGE('',*,*,#2599,.T.);
#3414=ORIENTED_EDGE('',*,*,#2593,.F.);
#3415=ORIENTED_EDGE('',*,*,#2584,.T.);
#3416=ORIENTED_EDGE('',*,*,#2578,.F.);
#3417=ORIENTED_EDGE('',*,*,#2604,.F.);
#3418=ORIENTED_EDGE('',*,*,#2605,.T.);
#3419=ORIENTED_EDGE('',*,*,#2602,.T.);
#3420=ORIENTED_EDGE('',*,*,#2606,.T.);
#3421=ORIENTED_EDGE('',*,*,#2607,.F.);
#3422=ORIENTED_EDGE('',*,*,#2608,.F.);
#3423=ORIENTED_EDGE('',*,*,#2609,.F.);
#3424=ORIENTED_EDGE('',*,*,#2610,.F.);
#3425=ORIENTED_EDGE('',*,*,#2338,.F.);
#3426=ORIENTED_EDGE('',*,*,#2611,.F.);
#3427=ORIENTED_EDGE('',*,*,#2580,.F.);
#3428=ORIENTED_EDGE('',*,*,#2583,.F.);
#3429=ORIENTED_EDGE('',*,*,#2586,.F.);
#3430=ORIENTED_EDGE('',*,*,#2592,.F.);
#3431=ORIENTED_EDGE('',*,*,#2597,.F.);
#3432=ORIENTED_EDGE('',*,*,#2590,.F.);
#3433=ORIENTED_EDGE('',*,*,#2612,.T.);
#3434=ORIENTED_EDGE('',*,*,#2613,.T.);
#3435=ORIENTED_EDGE('',*,*,#2614,.T.);
#3436=ORIENTED_EDGE('',*,*,#2612,.F.);
#3437=ORIENTED_EDGE('',*,*,#2576,.T.);
#3438=ORIENTED_EDGE('',*,*,#2615,.F.);
#3439=ORIENTED_EDGE('',*,*,#2616,.T.);
#3440=ORIENTED_EDGE('',*,*,#2613,.F.);
#3441=ORIENTED_EDGE('',*,*,#2614,.F.);
#3442=ORIENTED_EDGE('',*,*,#2616,.F.);
#3443=ORIENTED_EDGE('',*,*,#2617,.T.);
#3444=ORIENTED_EDGE('',*,*,#2618,.T.);
#3445=ORIENTED_EDGE('',*,*,#2617,.F.);
#3446=ORIENTED_EDGE('',*,*,#2611,.T.);
#3447=ORIENTED_EDGE('',*,*,#2619,.F.);
#3448=ORIENTED_EDGE('',*,*,#2620,.T.);
#3449=ORIENTED_EDGE('',*,*,#2618,.F.);
#3450=ORIENTED_EDGE('',*,*,#2620,.F.);
#3451=ORIENTED_EDGE('',*,*,#2621,.T.);
#3452=ORIENTED_EDGE('',*,*,#2622,.T.);
#3453=ORIENTED_EDGE('',*,*,#2623,.T.);
#3454=ORIENTED_EDGE('',*,*,#2285,.T.);
#3455=ORIENTED_EDGE('',*,*,#2624,.T.);
#3456=ORIENTED_EDGE('',*,*,#2622,.F.);
#3457=ORIENTED_EDGE('',*,*,#2625,.T.);
#3458=ORIENTED_EDGE('',*,*,#2626,.F.);
#3459=ORIENTED_EDGE('',*,*,#2627,.F.);
#3460=ORIENTED_EDGE('',*,*,#2621,.F.);
#3461=ORIENTED_EDGE('',*,*,#2628,.F.);
#3462=ORIENTED_EDGE('',*,*,#2629,.F.);
#3463=ORIENTED_EDGE('',*,*,#2630,.F.);
#3464=ORIENTED_EDGE('',*,*,#2631,.F.);
#3465=ORIENTED_EDGE('',*,*,#2625,.F.);
#3466=ORIENTED_EDGE('',*,*,#2632,.T.);
#3467=ORIENTED_EDGE('',*,*,#2624,.F.);
#3468=ORIENTED_EDGE('',*,*,#2284,.T.);
#3469=ORIENTED_EDGE('',*,*,#2633,.T.);
#3470=ORIENTED_EDGE('',*,*,#2628,.T.);
#3471=ORIENTED_EDGE('',*,*,#2634,.F.);
#3472=ORIENTED_EDGE('',*,*,#2635,.T.);
#3473=ORIENTED_EDGE('',*,*,#2636,.T.);
#3474=ORIENTED_EDGE('',*,*,#2637,.T.);
#3475=ORIENTED_EDGE('',*,*,#2638,.T.);
#3476=ORIENTED_EDGE('',*,*,#2639,.F.);
#3477=ORIENTED_EDGE('',*,*,#2636,.F.);
#3478=ORIENTED_EDGE('',*,*,#2640,.F.);
#3479=ORIENTED_EDGE('',*,*,#2641,.F.);
#3480=ORIENTED_EDGE('',*,*,#2642,.F.);
#3481=ORIENTED_EDGE('',*,*,#2643,.F.);
#3482=ORIENTED_EDGE('',*,*,#2644,.F.);
#3483=ORIENTED_EDGE('',*,*,#2645,.T.);
#3484=ORIENTED_EDGE('',*,*,#2635,.F.);
#3485=ORIENTED_EDGE('',*,*,#2646,.F.);
#3486=ORIENTED_EDGE('',*,*,#2647,.F.);
#3487=ORIENTED_EDGE('',*,*,#2640,.T.);
#3488=ORIENTED_EDGE('',*,*,#2641,.T.);
#3489=ORIENTED_EDGE('',*,*,#2647,.T.);
#3490=ORIENTED_EDGE('',*,*,#2648,.T.);
#3491=ORIENTED_EDGE('',*,*,#2575,.T.);
#3492=ORIENTED_EDGE('',*,*,#2649,.T.);
#3493=ORIENTED_EDGE('',*,*,#2649,.F.);
#3494=ORIENTED_EDGE('',*,*,#2574,.T.);
#3495=ORIENTED_EDGE('',*,*,#2650,.T.);
#3496=ORIENTED_EDGE('',*,*,#2642,.T.);
#3497=ORIENTED_EDGE('',*,*,#2651,.T.);
#3498=ORIENTED_EDGE('',*,*,#2607,.T.);
#3499=ORIENTED_EDGE('',*,*,#2652,.T.);
#3500=ORIENTED_EDGE('',*,*,#2626,.T.);
#3501=ORIENTED_EDGE('',*,*,#2631,.T.);
#3502=ORIENTED_EDGE('',*,*,#2651,.F.);
#3503=ORIENTED_EDGE('',*,*,#2630,.T.);
#3504=ORIENTED_EDGE('',*,*,#2653,.T.);
#3505=ORIENTED_EDGE('',*,*,#2608,.T.);
#3506=ORIENTED_EDGE('',*,*,#2654,.F.);
#3507=ORIENTED_EDGE('',*,*,#2655,.F.);
#3508=ORIENTED_EDGE('',*,*,#2656,.F.);
#3509=ORIENTED_EDGE('',*,*,#2352,.T.);
#3510=ORIENTED_EDGE('',*,*,#2657,.T.);
#3511=ORIENTED_EDGE('',*,*,#2655,.T.);
#3512=ORIENTED_EDGE('',*,*,#2658,.T.);
#3513=ORIENTED_EDGE('',*,*,#2659,.F.);
#3514=ORIENTED_EDGE('',*,*,#2660,.F.);
#3515=ORIENTED_EDGE('',*,*,#2661,.F.);
#3516=ORIENTED_EDGE('',*,*,#2654,.T.);
#3517=ORIENTED_EDGE('',*,*,#2662,.T.);
#3518=ORIENTED_EDGE('',*,*,#2661,.T.);
#3519=ORIENTED_EDGE('',*,*,#2663,.T.);
#3520=ORIENTED_EDGE('',*,*,#2664,.F.);
#3521=ORIENTED_EDGE('',*,*,#2665,.F.);
#3522=ORIENTED_EDGE('',*,*,#2666,.F.);
#3523=ORIENTED_EDGE('',*,*,#2637,.F.);
#3524=ORIENTED_EDGE('',*,*,#2644,.T.);
#3525=ORIENTED_EDGE('',*,*,#2665,.T.);
#3526=ORIENTED_EDGE('',*,*,#2667,.T.);
#3527=ORIENTED_EDGE('',*,*,#2668,.F.);
#3528=ORIENTED_EDGE('',*,*,#2650,.F.);
#3529=ORIENTED_EDGE('',*,*,#2669,.F.);
#3530=ORIENTED_EDGE('',*,*,#2659,.T.);
#3531=ORIENTED_EDGE('',*,*,#2670,.T.);
#3532=ORIENTED_EDGE('',*,*,#2669,.T.);
#3533=ORIENTED_EDGE('',*,*,#2573,.T.);
#3534=ORIENTED_EDGE('',*,*,#2668,.T.);
#3535=ORIENTED_EDGE('',*,*,#2671,.T.);
#3536=ORIENTED_EDGE('',*,*,#2666,.T.);
#3537=ORIENTED_EDGE('',*,*,#2643,.T.);
#3538=ORIENTED_EDGE('',*,*,#2664,.T.);
#3539=ORIENTED_EDGE('',*,*,#2672,.T.);
#3540=ORIENTED_EDGE('',*,*,#2656,.T.);
#3541=ORIENTED_EDGE('',*,*,#2673,.T.);
#3542=ORIENTED_EDGE('',*,*,#2658,.F.);
#3543=ORIENTED_EDGE('',*,*,#2663,.F.);
#3544=ORIENTED_EDGE('',*,*,#2674,.F.);
#3545=ORIENTED_EDGE('',*,*,#2345,.F.);
#3546=ORIENTED_EDGE('',*,*,#2675,.T.);
#3547=ORIENTED_EDGE('',*,*,#2662,.F.);
#3548=ORIENTED_EDGE('',*,*,#2672,.F.);
#3549=ORIENTED_EDGE('',*,*,#2671,.F.);
#3550=ORIENTED_EDGE('',*,*,#2670,.F.);
#3551=ORIENTED_EDGE('',*,*,#2615,.T.);
#3552=ORIENTED_EDGE('',*,*,#2676,.F.);
#3553=ORIENTED_EDGE('',*,*,#2675,.F.);
#3554=ORIENTED_EDGE('',*,*,#2677,.T.);
#3555=ORIENTED_EDGE('',*,*,#2676,.T.);
#3556=ORIENTED_EDGE('',*,*,#2677,.F.);
#3557=ORIENTED_EDGE('',*,*,#2542,.F.);
#3558=ORIENTED_EDGE('',*,*,#2566,.F.);
#3559=ORIENTED_EDGE('',*,*,#2678,.T.);
#3560=ORIENTED_EDGE('',*,*,#2679,.T.);
#3561=ORIENTED_EDGE('',*,*,#2554,.F.);
#3562=ORIENTED_EDGE('',*,*,#2543,.F.);
#3563=ORIENTED_EDGE('',*,*,#2679,.F.);
#3564=ORIENTED_EDGE('',*,*,#2680,.T.);
#3565=ORIENTED_EDGE('',*,*,#2681,.T.);
#3566=ORIENTED_EDGE('',*,*,#2558,.F.);
#3567=ORIENTED_EDGE('',*,*,#2681,.F.);
#3568=ORIENTED_EDGE('',*,*,#2682,.T.);
#3569=ORIENTED_EDGE('',*,*,#2569,.T.);
#3570=ORIENTED_EDGE('',*,*,#2550,.F.);
#3571=ORIENTED_EDGE('',*,*,#2682,.F.);
#3572=ORIENTED_EDGE('',*,*,#2680,.F.);
#3573=ORIENTED_EDGE('',*,*,#2678,.F.);
#3574=ORIENTED_EDGE('',*,*,#2565,.F.);
#3575=ORIENTED_EDGE('',*,*,#2568,.F.);
#3576=ORIENTED_EDGE('',*,*,#2570,.F.);
#3577=ORIENTED_EDGE('',*,*,#2683,.F.);
#3578=ORIENTED_EDGE('',*,*,#2645,.F.);
#3579=ORIENTED_EDGE('',*,*,#2684,.T.);
#3580=ORIENTED_EDGE('',*,*,#2683,.T.);
#3581=ORIENTED_EDGE('',*,*,#2684,.F.);
#3582=ORIENTED_EDGE('',*,*,#2350,.F.);
#3583=ORIENTED_EDGE('',*,*,#2685,.F.);
#3584=ORIENTED_EDGE('',*,*,#2638,.F.);
#3585=ORIENTED_EDGE('',*,*,#2667,.F.);
#3586=ORIENTED_EDGE('',*,*,#2673,.F.);
#3587=ORIENTED_EDGE('',*,*,#2657,.F.);
#3588=ORIENTED_EDGE('',*,*,#2351,.F.);
#3589=ORIENTED_EDGE('',*,*,#2686,.T.);
#3590=ORIENTED_EDGE('',*,*,#2687,.T.);
#3591=ORIENTED_EDGE('',*,*,#2686,.F.);
#3592=ORIENTED_EDGE('',*,*,#2572,.T.);
#3593=ORIENTED_EDGE('',*,*,#2346,.T.);
#3594=ORIENTED_EDGE('',*,*,#2674,.T.);
#3595=ORIENTED_EDGE('',*,*,#2660,.T.);
#3596=ORIENTED_EDGE('',*,*,#2688,.F.);
#3597=ORIENTED_EDGE('',*,*,#2689,.F.);
#3598=ORIENTED_EDGE('',*,*,#2690,.F.);
#3599=ORIENTED_EDGE('',*,*,#2633,.F.);
#3600=ORIENTED_EDGE('',*,*,#2691,.F.);
#3601=ORIENTED_EDGE('',*,*,#2692,.F.);
#3602=ORIENTED_EDGE('',*,*,#2690,.T.);
#3603=ORIENTED_EDGE('',*,*,#2693,.T.);
#3604=ORIENTED_EDGE('',*,*,#2691,.T.);
#3605=ORIENTED_EDGE('',*,*,#2283,.T.);
#3606=ORIENTED_EDGE('',*,*,#2291,.T.);
#3607=ORIENTED_EDGE('',*,*,#2694,.F.);
#3608=ORIENTED_EDGE('',*,*,#2695,.F.);
#3609=ORIENTED_EDGE('',*,*,#2696,.F.);
#3610=ORIENTED_EDGE('',*,*,#2697,.F.);
#3611=ORIENTED_EDGE('',*,*,#2698,.F.);
#3612=ORIENTED_EDGE('',*,*,#2653,.F.);
#3613=ORIENTED_EDGE('',*,*,#2695,.T.);
#3614=ORIENTED_EDGE('',*,*,#2609,.T.);
#3615=ORIENTED_EDGE('',*,*,#2698,.T.);
#3616=ORIENTED_EDGE('',*,*,#2699,.T.);
#3617=ORIENTED_EDGE('',*,*,#2692,.T.);
#3618=ORIENTED_EDGE('',*,*,#2700,.T.);
#3619=ORIENTED_EDGE('',*,*,#2697,.T.);
#3620=ORIENTED_EDGE('',*,*,#2629,.T.);
#3621=ORIENTED_EDGE('',*,*,#2689,.T.);
#3622=ORIENTED_EDGE('',*,*,#2701,.T.);
#3623=ORIENTED_EDGE('',*,*,#2696,.T.);
#3624=ORIENTED_EDGE('',*,*,#2702,.T.);
#3625=ORIENTED_EDGE('',*,*,#2339,.T.);
#3626=ORIENTED_EDGE('',*,*,#2610,.T.);
#3627=ORIENTED_EDGE('',*,*,#2694,.T.);
#3628=ORIENTED_EDGE('',*,*,#2703,.T.);
#3629=ORIENTED_EDGE('',*,*,#2341,.T.);
#3630=ORIENTED_EDGE('',*,*,#2704,.T.);
#3631=ORIENTED_EDGE('',*,*,#2688,.T.);
#3632=ORIENTED_EDGE('',*,*,#2290,.T.);
#3633=ORIENTED_EDGE('',*,*,#2703,.F.);
#3634=ORIENTED_EDGE('',*,*,#2701,.F.);
#3635=ORIENTED_EDGE('',*,*,#2704,.F.);
#3636=ORIENTED_EDGE('',*,*,#2340,.F.);
#3637=ORIENTED_EDGE('',*,*,#2705,.T.);
#3638=ORIENTED_EDGE('',*,*,#2699,.F.);
#3639=ORIENTED_EDGE('',*,*,#2700,.F.);
#3640=ORIENTED_EDGE('',*,*,#2693,.F.);
#3641=ORIENTED_EDGE('',*,*,#2702,.F.);
#3642=ORIENTED_EDGE('',*,*,#2646,.T.);
#3643=ORIENTED_EDGE('',*,*,#2634,.T.);
#3644=ORIENTED_EDGE('',*,*,#2706,.F.);
#3645=ORIENTED_EDGE('',*,*,#2348,.F.);
#3646=ORIENTED_EDGE('',*,*,#2571,.T.);
#3647=ORIENTED_EDGE('',*,*,#2648,.F.);
#3648=ORIENTED_EDGE('',*,*,#2685,.T.);
#3649=ORIENTED_EDGE('',*,*,#2349,.F.);
#3650=ORIENTED_EDGE('',*,*,#2706,.T.);
#3651=ORIENTED_EDGE('',*,*,#2639,.T.);
#3652=ORIENTED_EDGE('',*,*,#2619,.T.);
#3653=ORIENTED_EDGE('',*,*,#2707,.F.);
#3654=ORIENTED_EDGE('',*,*,#2705,.F.);
#3655=ORIENTED_EDGE('',*,*,#2708,.T.);
#3656=ORIENTED_EDGE('',*,*,#2707,.T.);
#3657=ORIENTED_EDGE('',*,*,#2708,.F.);
#3658=ORIENTED_EDGE('',*,*,#2598,.T.);
#3659=ORIENTED_EDGE('',*,*,#2595,.F.);
#3660=ORIENTED_EDGE('',*,*,#2601,.F.);
#3661=ORIENTED_EDGE('',*,*,#2709,.T.);
#3662=ORIENTED_EDGE('',*,*,#2710,.T.);
#3663=ORIENTED_EDGE('',*,*,#2589,.F.);
#3664=ORIENTED_EDGE('',*,*,#2710,.F.);
#3665=ORIENTED_EDGE('',*,*,#2711,.T.);
#3666=ORIENTED_EDGE('',*,*,#2712,.T.);
#3667=ORIENTED_EDGE('',*,*,#2582,.F.);
#3668=ORIENTED_EDGE('',*,*,#2577,.F.);
#3669=ORIENTED_EDGE('',*,*,#2712,.F.);
#3670=ORIENTED_EDGE('',*,*,#2713,.T.);
#3671=ORIENTED_EDGE('',*,*,#2604,.T.);
#3672=ORIENTED_EDGE('',*,*,#2711,.F.);
#3673=ORIENTED_EDGE('',*,*,#2709,.F.);
#3674=ORIENTED_EDGE('',*,*,#2600,.F.);
#3675=ORIENTED_EDGE('',*,*,#2603,.F.);
#3676=ORIENTED_EDGE('',*,*,#2605,.F.);
#3677=ORIENTED_EDGE('',*,*,#2713,.F.);
#3678=ORIENTED_EDGE('',*,*,#2714,.F.);
#3679=ORIENTED_EDGE('',*,*,#2632,.F.);
#3680=ORIENTED_EDGE('',*,*,#2715,.T.);
#3681=ORIENTED_EDGE('',*,*,#2714,.T.);
#3682=ORIENTED_EDGE('',*,*,#2715,.F.);
#3683=ORIENTED_EDGE('',*,*,#2627,.T.);
#3684=ORIENTED_EDGE('',*,*,#2652,.F.);
#3685=ORIENTED_EDGE('',*,*,#2606,.F.);
#3686=ORIENTED_EDGE('',*,*,#2342,.F.);
#3687=ORIENTED_EDGE('',*,*,#2286,.T.);
#3688=ORIENTED_EDGE('',*,*,#2623,.F.);
#3689=ORIENTED_EDGE('',*,*,#2321,.T.);
#3690=ORIENTED_EDGE('',*,*,#2716,.T.);
#3691=ORIENTED_EDGE('',*,*,#2517,.T.);
#3692=ORIENTED_EDGE('',*,*,#2717,.T.);
#3693=ORIENTED_EDGE('',*,*,#2515,.T.);
#3694=ORIENTED_EDGE('',*,*,#2718,.T.);
#3695=ORIENTED_EDGE('',*,*,#2315,.F.);
#3696=ORIENTED_EDGE('',*,*,#2719,.T.);
#3697=ORIENTED_EDGE('',*,*,#2719,.F.);
#3698=ORIENTED_EDGE('',*,*,#2314,.F.);
#3699=ORIENTED_EDGE('',*,*,#2720,.F.);
#3700=ORIENTED_EDGE('',*,*,#2721,.F.);
#3701=ORIENTED_EDGE('',*,*,#2722,.F.);
#3702=ORIENTED_EDGE('',*,*,#2723,.F.);
#3703=ORIENTED_EDGE('',*,*,#2724,.F.);
#3704=ORIENTED_EDGE('',*,*,#2725,.F.);
#3705=ORIENTED_EDGE('',*,*,#2726,.F.);
#3706=ORIENTED_EDGE('',*,*,#2322,.F.);
#3707=ORIENTED_EDGE('',*,*,#2717,.F.);
#3708=ORIENTED_EDGE('',*,*,#2516,.F.);
#3709=ORIENTED_EDGE('',*,*,#2716,.F.);
#3710=ORIENTED_EDGE('',*,*,#2320,.F.);
#3711=ORIENTED_EDGE('',*,*,#2468,.T.);
#3712=ORIENTED_EDGE('',*,*,#2518,.F.);
#3713=ORIENTED_EDGE('',*,*,#2718,.F.);
#3714=ORIENTED_EDGE('',*,*,#2514,.F.);
#3715=ORIENTED_EDGE('',*,*,#2493,.F.);
#3716=ORIENTED_EDGE('',*,*,#2316,.F.);
#3717=ORIENTED_EDGE('',*,*,#2727,.F.);
#3718=ORIENTED_EDGE('',*,*,#2728,.F.);
#3719=ORIENTED_EDGE('',*,*,#2729,.F.);
#3720=ORIENTED_EDGE('',*,*,#2730,.F.);
#3721=ORIENTED_EDGE('',*,*,#2298,.F.);
#3722=ORIENTED_EDGE('',*,*,#2731,.F.);
#3723=ORIENTED_EDGE('',*,*,#2732,.T.);
#3724=ORIENTED_EDGE('',*,*,#2733,.T.);
#3725=ORIENTED_EDGE('',*,*,#2540,.F.);
#3726=ORIENTED_EDGE('',*,*,#2728,.T.);
#3727=ORIENTED_EDGE('',*,*,#2734,.T.);
#3728=ORIENTED_EDGE('',*,*,#2735,.F.);
#3729=ORIENTED_EDGE('',*,*,#2736,.F.);
#3730=ORIENTED_EDGE('',*,*,#2737,.F.);
#3731=ORIENTED_EDGE('',*,*,#2730,.T.);
#3732=ORIENTED_EDGE('',*,*,#2738,.F.);
#3733=ORIENTED_EDGE('',*,*,#2731,.T.);
#3734=ORIENTED_EDGE('',*,*,#2297,.F.);
#3735=ORIENTED_EDGE('',*,*,#2739,.F.);
#3736=ORIENTED_EDGE('',*,*,#2740,.F.);
#3737=ORIENTED_EDGE('',*,*,#2739,.T.);
#3738=ORIENTED_EDGE('',*,*,#2296,.F.);
#3739=ORIENTED_EDGE('',*,*,#2741,.T.);
#3740=ORIENTED_EDGE('',*,*,#2741,.F.);
#3741=ORIENTED_EDGE('',*,*,#2295,.F.);
#3742=ORIENTED_EDGE('',*,*,#2742,.F.);
#3743=ORIENTED_EDGE('',*,*,#2743,.T.);
#3744=ORIENTED_EDGE('',*,*,#2744,.F.);
#3745=ORIENTED_EDGE('',*,*,#2745,.T.);
#3746=ORIENTED_EDGE('',*,*,#2746,.T.);
#3747=ORIENTED_EDGE('',*,*,#2735,.T.);
#3748=ORIENTED_EDGE('',*,*,#2745,.F.);
#3749=ORIENTED_EDGE('',*,*,#2747,.T.);
#3750=ORIENTED_EDGE('',*,*,#2748,.F.);
#3751=ORIENTED_EDGE('',*,*,#2293,.F.);
#3752=ORIENTED_EDGE('',*,*,#2525,.F.);
#3753=ORIENTED_EDGE('',*,*,#2749,.F.);
#3754=ORIENTED_EDGE('',*,*,#2737,.T.);
#3755=ORIENTED_EDGE('',*,*,#2740,.T.);
#3756=ORIENTED_EDGE('',*,*,#2743,.F.);
#3757=ORIENTED_EDGE('',*,*,#2750,.F.);
#3758=ORIENTED_EDGE('',*,*,#2747,.F.);
#3759=ORIENTED_EDGE('',*,*,#2744,.T.);
#3760=ORIENTED_EDGE('',*,*,#2734,.F.);
#3761=ORIENTED_EDGE('',*,*,#2727,.T.);
#3762=ORIENTED_EDGE('',*,*,#2751,.T.);
#3763=ORIENTED_EDGE('',*,*,#2752,.T.);
#3764=ORIENTED_EDGE('',*,*,#2753,.T.);
#3765=ORIENTED_EDGE('',*,*,#2754,.T.);
#3766=ORIENTED_EDGE('',*,*,#2755,.T.);
#3767=ORIENTED_EDGE('',*,*,#2756,.T.);
#3768=ORIENTED_EDGE('',*,*,#2757,.T.);
#3769=ORIENTED_EDGE('',*,*,#2758,.T.);
#3770=ORIENTED_EDGE('',*,*,#2497,.F.);
#3771=ORIENTED_EDGE('',*,*,#2759,.T.);
#3772=ORIENTED_EDGE('',*,*,#2754,.F.);
#3773=ORIENTED_EDGE('',*,*,#2760,.F.);
#3774=ORIENTED_EDGE('',*,*,#2498,.F.);
#3775=ORIENTED_EDGE('',*,*,#2760,.T.);
#3776=ORIENTED_EDGE('',*,*,#2753,.F.);
#3777=ORIENTED_EDGE('',*,*,#2761,.F.);
#3778=ORIENTED_EDGE('',*,*,#2499,.F.);
#3779=ORIENTED_EDGE('',*,*,#2761,.T.);
#3780=ORIENTED_EDGE('',*,*,#2752,.F.);
#3781=ORIENTED_EDGE('',*,*,#2762,.F.);
#3782=ORIENTED_EDGE('',*,*,#2500,.F.);
#3783=ORIENTED_EDGE('',*,*,#2762,.T.);
#3784=ORIENTED_EDGE('',*,*,#2751,.F.);
#3785=ORIENTED_EDGE('',*,*,#2763,.F.);
#3786=ORIENTED_EDGE('',*,*,#2501,.F.);
#3787=ORIENTED_EDGE('',*,*,#2763,.T.);
#3788=ORIENTED_EDGE('',*,*,#2758,.F.);
#3789=ORIENTED_EDGE('',*,*,#2764,.F.);
#3790=ORIENTED_EDGE('',*,*,#2502,.F.);
#3791=ORIENTED_EDGE('',*,*,#2764,.T.);
#3792=ORIENTED_EDGE('',*,*,#2757,.F.);
#3793=ORIENTED_EDGE('',*,*,#2765,.F.);
#3794=ORIENTED_EDGE('',*,*,#2503,.F.);
#3795=ORIENTED_EDGE('',*,*,#2765,.T.);
#3796=ORIENTED_EDGE('',*,*,#2756,.F.);
#3797=ORIENTED_EDGE('',*,*,#2766,.F.);
#3798=ORIENTED_EDGE('',*,*,#2496,.F.);
#3799=ORIENTED_EDGE('',*,*,#2766,.T.);
#3800=ORIENTED_EDGE('',*,*,#2755,.F.);
#3801=ORIENTED_EDGE('',*,*,#2759,.F.);
#3802=ORIENTED_EDGE('',*,*,#2750,.T.);
#3803=ORIENTED_EDGE('',*,*,#2742,.T.);
#3804=ORIENTED_EDGE('',*,*,#2294,.T.);
#3805=ORIENTED_EDGE('',*,*,#2748,.T.);
#3806=ORIENTED_EDGE('',*,*,#2356,.T.);
#3807=ORIENTED_EDGE('',*,*,#2767,.T.);
#3808=ORIENTED_EDGE('',*,*,#2768,.T.);
#3809=ORIENTED_EDGE('',*,*,#2769,.F.);
#3810=ORIENTED_EDGE('',*,*,#2354,.T.);
#3811=ORIENTED_EDGE('',*,*,#2770,.T.);
#3812=ORIENTED_EDGE('',*,*,#2771,.T.);
#3813=ORIENTED_EDGE('',*,*,#2772,.T.);
#3814=ORIENTED_EDGE('',*,*,#2773,.T.);
#3815=ORIENTED_EDGE('',*,*,#2770,.F.);
#3816=ORIENTED_EDGE('',*,*,#2357,.T.);
#3817=ORIENTED_EDGE('',*,*,#2769,.T.);
#3818=ORIENTED_EDGE('',*,*,#2355,.T.);
#3819=ORIENTED_EDGE('',*,*,#2772,.F.);
#3820=ORIENTED_EDGE('',*,*,#2774,.T.);
#3821=ORIENTED_EDGE('',*,*,#2767,.F.);
#3822=ORIENTED_EDGE('',*,*,#2774,.F.);
#3823=ORIENTED_EDGE('',*,*,#2775,.T.);
#3824=ORIENTED_EDGE('',*,*,#2776,.T.);
#3825=ORIENTED_EDGE('',*,*,#2777,.F.);
#3826=ORIENTED_EDGE('',*,*,#2771,.F.);
#3827=ORIENTED_EDGE('',*,*,#2778,.T.);
#3828=ORIENTED_EDGE('',*,*,#2779,.T.);
#3829=ORIENTED_EDGE('',*,*,#2775,.F.);
#3830=ORIENTED_EDGE('',*,*,#2358,.T.);
#3831=ORIENTED_EDGE('',*,*,#2780,.T.);
#3832=ORIENTED_EDGE('',*,*,#2781,.T.);
#3833=ORIENTED_EDGE('',*,*,#2782,.T.);
#3834=ORIENTED_EDGE('',*,*,#2361,.T.);
#3835=ORIENTED_EDGE('',*,*,#2783,.T.);
#3836=ORIENTED_EDGE('',*,*,#2784,.T.);
#3837=ORIENTED_EDGE('',*,*,#2780,.F.);
#3838=ORIENTED_EDGE('',*,*,#2785,.T.);
#3839=ORIENTED_EDGE('',*,*,#2783,.F.);
#3840=ORIENTED_EDGE('',*,*,#2360,.T.);
#3841=ORIENTED_EDGE('',*,*,#2786,.T.);
#3842=ORIENTED_EDGE('',*,*,#2359,.T.);
#3843=ORIENTED_EDGE('',*,*,#2782,.F.);
#3844=ORIENTED_EDGE('',*,*,#2787,.T.);
#3845=ORIENTED_EDGE('',*,*,#2786,.F.);
#3846=ORIENTED_EDGE('',*,*,#2787,.F.);
#3847=ORIENTED_EDGE('',*,*,#2788,.T.);
#3848=ORIENTED_EDGE('',*,*,#2789,.T.);
#3849=ORIENTED_EDGE('',*,*,#2790,.F.);
#3850=ORIENTED_EDGE('',*,*,#2781,.F.);
#3851=ORIENTED_EDGE('',*,*,#2791,.T.);
#3852=ORIENTED_EDGE('',*,*,#2792,.T.);
#3853=ORIENTED_EDGE('',*,*,#2788,.F.);
#3854=ORIENTED_EDGE('',*,*,#2362,.T.);
#3855=ORIENTED_EDGE('',*,*,#2793,.T.);
#3856=ORIENTED_EDGE('',*,*,#2794,.T.);
#3857=ORIENTED_EDGE('',*,*,#2795,.T.);
#3858=ORIENTED_EDGE('',*,*,#2365,.T.);
#3859=ORIENTED_EDGE('',*,*,#2796,.T.);
#3860=ORIENTED_EDGE('',*,*,#2797,.T.);
#3861=ORIENTED_EDGE('',*,*,#2793,.F.);
#3862=ORIENTED_EDGE('',*,*,#2798,.T.);
#3863=ORIENTED_EDGE('',*,*,#2796,.F.);
#3864=ORIENTED_EDGE('',*,*,#2364,.T.);
#3865=ORIENTED_EDGE('',*,*,#2799,.T.);
#3866=ORIENTED_EDGE('',*,*,#2363,.T.);
#3867=ORIENTED_EDGE('',*,*,#2795,.F.);
#3868=ORIENTED_EDGE('',*,*,#2800,.T.);
#3869=ORIENTED_EDGE('',*,*,#2799,.F.);
#3870=ORIENTED_EDGE('',*,*,#2800,.F.);
#3871=ORIENTED_EDGE('',*,*,#2801,.T.);
#3872=ORIENTED_EDGE('',*,*,#2802,.T.);
#3873=ORIENTED_EDGE('',*,*,#2803,.F.);
#3874=ORIENTED_EDGE('',*,*,#2794,.F.);
#3875=ORIENTED_EDGE('',*,*,#2804,.T.);
#3876=ORIENTED_EDGE('',*,*,#2805,.T.);
#3877=ORIENTED_EDGE('',*,*,#2801,.F.);
#3878=ORIENTED_EDGE('',*,*,#2797,.F.);
#3879=ORIENTED_EDGE('',*,*,#2806,.T.);
#3880=ORIENTED_EDGE('',*,*,#2807,.T.);
#3881=ORIENTED_EDGE('',*,*,#2804,.F.);
#3882=ORIENTED_EDGE('',*,*,#2798,.F.);
#3883=ORIENTED_EDGE('',*,*,#2803,.T.);
#3884=ORIENTED_EDGE('',*,*,#2808,.T.);
#3885=ORIENTED_EDGE('',*,*,#2806,.F.);
#3886=ORIENTED_EDGE('',*,*,#2802,.F.);
#3887=ORIENTED_EDGE('',*,*,#2805,.F.);
#3888=ORIENTED_EDGE('',*,*,#2807,.F.);
#3889=ORIENTED_EDGE('',*,*,#2808,.F.);
#3890=ORIENTED_EDGE('',*,*,#2784,.F.);
#3891=ORIENTED_EDGE('',*,*,#2809,.T.);
#3892=ORIENTED_EDGE('',*,*,#2810,.T.);
#3893=ORIENTED_EDGE('',*,*,#2791,.F.);
#3894=ORIENTED_EDGE('',*,*,#2785,.F.);
#3895=ORIENTED_EDGE('',*,*,#2790,.T.);
#3896=ORIENTED_EDGE('',*,*,#2811,.T.);
#3897=ORIENTED_EDGE('',*,*,#2809,.F.);
#3898=ORIENTED_EDGE('',*,*,#2789,.F.);
#3899=ORIENTED_EDGE('',*,*,#2792,.F.);
#3900=ORIENTED_EDGE('',*,*,#2810,.F.);
#3901=ORIENTED_EDGE('',*,*,#2811,.F.);
#3902=ORIENTED_EDGE('',*,*,#2773,.F.);
#3903=ORIENTED_EDGE('',*,*,#2812,.T.);
#3904=ORIENTED_EDGE('',*,*,#2813,.T.);
#3905=ORIENTED_EDGE('',*,*,#2778,.F.);
#3906=ORIENTED_EDGE('',*,*,#2768,.F.);
#3907=ORIENTED_EDGE('',*,*,#2777,.T.);
#3908=ORIENTED_EDGE('',*,*,#2814,.T.);
#3909=ORIENTED_EDGE('',*,*,#2812,.F.);
#3910=ORIENTED_EDGE('',*,*,#2776,.F.);
#3911=ORIENTED_EDGE('',*,*,#2779,.F.);
#3912=ORIENTED_EDGE('',*,*,#2813,.F.);
#3913=ORIENTED_EDGE('',*,*,#2814,.F.);
#3914=ORIENTED_EDGE('',*,*,#2815,.T.);
#3915=ORIENTED_EDGE('',*,*,#2816,.T.);
#3916=ORIENTED_EDGE('',*,*,#2817,.T.);
#3917=ORIENTED_EDGE('',*,*,#2816,.F.);
#3918=ORIENTED_EDGE('',*,*,#2815,.F.);
#3919=ORIENTED_EDGE('',*,*,#2818,.T.);
#3920=ORIENTED_EDGE('',*,*,#2819,.T.);
#3921=ORIENTED_EDGE('',*,*,#2818,.F.);
#3922=ORIENTED_EDGE('',*,*,#2820,.F.);
#3923=ORIENTED_EDGE('',*,*,#2817,.F.);
#3924=ORIENTED_EDGE('',*,*,#2819,.F.);
#3925=ORIENTED_EDGE('',*,*,#2821,.T.);
#3926=ORIENTED_EDGE('',*,*,#2822,.T.);
#3927=ORIENTED_EDGE('',*,*,#2371,.T.);
#3928=ORIENTED_EDGE('',*,*,#2822,.F.);
#3929=ORIENTED_EDGE('',*,*,#2823,.T.);
#3930=ORIENTED_EDGE('',*,*,#2824,.F.);
#3931=ORIENTED_EDGE('',*,*,#2825,.T.);
#3932=ORIENTED_EDGE('',*,*,#2823,.F.);
#3933=ORIENTED_EDGE('',*,*,#2821,.F.);
#3934=ORIENTED_EDGE('',*,*,#2825,.F.);
#3935=ORIENTED_EDGE('',*,*,#2826,.T.);
#3936=ORIENTED_EDGE('',*,*,#2827,.T.);
#3937=ORIENTED_EDGE('',*,*,#2366,.T.);
#3938=ORIENTED_EDGE('',*,*,#2827,.F.);
#3939=ORIENTED_EDGE('',*,*,#2828,.T.);
#3940=ORIENTED_EDGE('',*,*,#2829,.F.);
#3941=ORIENTED_EDGE('',*,*,#2830,.T.);
#3942=ORIENTED_EDGE('',*,*,#2828,.F.);
#3943=ORIENTED_EDGE('',*,*,#2826,.F.);
#3944=ORIENTED_EDGE('',*,*,#2830,.F.);
#3945=ORIENTED_EDGE('',*,*,#2831,.T.);
#3946=ORIENTED_EDGE('',*,*,#2832,.T.);
#3947=ORIENTED_EDGE('',*,*,#2370,.T.);
#3948=ORIENTED_EDGE('',*,*,#2832,.F.);
#3949=ORIENTED_EDGE('',*,*,#2833,.T.);
#3950=ORIENTED_EDGE('',*,*,#2831,.F.);
#3951=ORIENTED_EDGE('',*,*,#2834,.T.);
#3952=ORIENTED_EDGE('',*,*,#2835,.T.);
#3953=ORIENTED_EDGE('',*,*,#2834,.F.);
#3954=ORIENTED_EDGE('',*,*,#2833,.F.);
#3955=ORIENTED_EDGE('',*,*,#2836,.T.);
#3956=ORIENTED_EDGE('',*,*,#2837,.T.);
#3957=ORIENTED_EDGE('',*,*,#2367,.T.);
#3958=ORIENTED_EDGE('',*,*,#2837,.F.);
#3959=ORIENTED_EDGE('',*,*,#2838,.T.);
#3960=ORIENTED_EDGE('',*,*,#2836,.F.);
#3961=ORIENTED_EDGE('',*,*,#2839,.T.);
#3962=ORIENTED_EDGE('',*,*,#2840,.T.);
#3963=ORIENTED_EDGE('',*,*,#2839,.F.);
#3964=ORIENTED_EDGE('',*,*,#2838,.F.);
#3965=ORIENTED_EDGE('',*,*,#2841,.T.);
#3966=ORIENTED_EDGE('',*,*,#2842,.T.);
#3967=ORIENTED_EDGE('',*,*,#2843,.T.);
#3968=ORIENTED_EDGE('',*,*,#2842,.F.);
#3969=ORIENTED_EDGE('',*,*,#2521,.F.);
#3970=ORIENTED_EDGE('',*,*,#2465,.F.);
#3971=ORIENTED_EDGE('',*,*,#2844,.F.);
#3972=ORIENTED_EDGE('',*,*,#2845,.F.);
#3973=ORIENTED_EDGE('',*,*,#2846,.F.);
#3974=ORIENTED_EDGE('',*,*,#2843,.F.);
#3975=ORIENTED_EDGE('',*,*,#2841,.F.);
#3976=ORIENTED_EDGE('',*,*,#2847,.T.);
#3977=ORIENTED_EDGE('',*,*,#2848,.F.);
#3978=ORIENTED_EDGE('',*,*,#2847,.F.);
#3979=ORIENTED_EDGE('',*,*,#2849,.T.);
#3980=ORIENTED_EDGE('',*,*,#2850,.T.);
#3981=ORIENTED_EDGE('',*,*,#2846,.T.);
#3982=ORIENTED_EDGE('',*,*,#2850,.F.);
#3983=ORIENTED_EDGE('',*,*,#2849,.F.);
#3984=ORIENTED_EDGE('',*,*,#2851,.T.);
#3985=ORIENTED_EDGE('',*,*,#2852,.F.);
#3986=ORIENTED_EDGE('',*,*,#2851,.F.);
#3987=ORIENTED_EDGE('',*,*,#2853,.T.);
#3988=ORIENTED_EDGE('',*,*,#2854,.T.);
#3989=ORIENTED_EDGE('',*,*,#2343,.T.);
#3990=ORIENTED_EDGE('',*,*,#2854,.F.);
#3991=ORIENTED_EDGE('',*,*,#2855,.F.);
#3992=ORIENTED_EDGE('',*,*,#2856,.T.);
#3993=ORIENTED_EDGE('',*,*,#2853,.F.);
#3994=ORIENTED_EDGE('',*,*,#2856,.F.);
#3995=ORIENTED_EDGE('',*,*,#2857,.T.);
#3996=ORIENTED_EDGE('',*,*,#2858,.T.);
#3997=ORIENTED_EDGE('',*,*,#2353,.T.);
#3998=ORIENTED_EDGE('',*,*,#2858,.F.);
#3999=ORIENTED_EDGE('',*,*,#2859,.F.);
#4000=ORIENTED_EDGE('',*,*,#2860,.T.);
#4001=ORIENTED_EDGE('',*,*,#2857,.F.);
#4002=ORIENTED_EDGE('',*,*,#2860,.F.);
#4003=ORIENTED_EDGE('',*,*,#2861,.T.);
#4004=ORIENTED_EDGE('',*,*,#2862,.T.);
#4005=ORIENTED_EDGE('',*,*,#2344,.T.);
#4006=ORIENTED_EDGE('',*,*,#2862,.F.);
#4007=ORIENTED_EDGE('',*,*,#2863,.T.);
#4008=ORIENTED_EDGE('',*,*,#2861,.F.);
#4009=ORIENTED_EDGE('',*,*,#2864,.T.);
#4010=ORIENTED_EDGE('',*,*,#2820,.T.);
#4011=ORIENTED_EDGE('',*,*,#2864,.F.);
#4012=ORIENTED_EDGE('',*,*,#2863,.F.);
#4013=ORIENTED_EDGE('',*,*,#2722,.T.);
#4014=ORIENTED_EDGE('',*,*,#2865,.T.);
#4015=ORIENTED_EDGE('',*,*,#2485,.T.);
#4016=ORIENTED_EDGE('',*,*,#2866,.T.);
#4017=ORIENTED_EDGE('',*,*,#2723,.T.);
#4018=ORIENTED_EDGE('',*,*,#2866,.F.);
#4019=ORIENTED_EDGE('',*,*,#2484,.F.);
#4020=ORIENTED_EDGE('',*,*,#2867,.F.);
#4021=ORIENTED_EDGE('',*,*,#2724,.T.);
#4022=ORIENTED_EDGE('',*,*,#2867,.T.);
#4023=ORIENTED_EDGE('',*,*,#2483,.T.);
#4024=ORIENTED_EDGE('',*,*,#2868,.T.);
#4025=ORIENTED_EDGE('',*,*,#2725,.T.);
#4026=ORIENTED_EDGE('',*,*,#2868,.F.);
#4027=ORIENTED_EDGE('',*,*,#2482,.F.);
#4028=ORIENTED_EDGE('',*,*,#2869,.F.);
#4029=ORIENTED_EDGE('',*,*,#2726,.T.);
#4030=ORIENTED_EDGE('',*,*,#2869,.T.);
#4031=ORIENTED_EDGE('',*,*,#2481,.T.);
#4032=ORIENTED_EDGE('',*,*,#2323,.T.);
#4033=ORIENTED_EDGE('',*,*,#2720,.T.);
#4034=ORIENTED_EDGE('',*,*,#2313,.T.);
#4035=ORIENTED_EDGE('',*,*,#2487,.T.);
#4036=ORIENTED_EDGE('',*,*,#2870,.T.);
#4037=ORIENTED_EDGE('',*,*,#2721,.T.);
#4038=ORIENTED_EDGE('',*,*,#2870,.F.);
#4039=ORIENTED_EDGE('',*,*,#2486,.F.);
#4040=ORIENTED_EDGE('',*,*,#2865,.F.);
#4041=ORIENTED_EDGE('',*,*,#2871,.T.);
#4042=ORIENTED_EDGE('',*,*,#2334,.T.);
#4043=ORIENTED_EDGE('',*,*,#2872,.T.);
#4044=ORIENTED_EDGE('',*,*,#2873,.T.);
#4045=ORIENTED_EDGE('',*,*,#2871,.F.);
#4046=ORIENTED_EDGE('',*,*,#2874,.T.);
#4047=ORIENTED_EDGE('',*,*,#2875,.T.);
#4048=ORIENTED_EDGE('',*,*,#2335,.T.);
#4049=ORIENTED_EDGE('',*,*,#2876,.T.);
#4050=ORIENTED_EDGE('',*,*,#2336,.T.);
#4051=ORIENTED_EDGE('',*,*,#2875,.F.);
#4052=ORIENTED_EDGE('',*,*,#2877,.T.);
#4053=ORIENTED_EDGE('',*,*,#2876,.F.);
#4054=ORIENTED_EDGE('',*,*,#2878,.T.);
#4055=ORIENTED_EDGE('',*,*,#2872,.F.);
#4056=ORIENTED_EDGE('',*,*,#2337,.T.);
#4057=ORIENTED_EDGE('',*,*,#2874,.F.);
#4058=ORIENTED_EDGE('',*,*,#2879,.T.);
#4059=ORIENTED_EDGE('',*,*,#2880,.F.);
#4060=ORIENTED_EDGE('',*,*,#2881,.T.);
#4061=ORIENTED_EDGE('',*,*,#2873,.F.);
#4062=ORIENTED_EDGE('',*,*,#2882,.F.);
#4063=ORIENTED_EDGE('',*,*,#2883,.F.);
#4064=ORIENTED_EDGE('',*,*,#2879,.F.);
#4065=ORIENTED_EDGE('',*,*,#2529,.T.);
#4066=ORIENTED_EDGE('',*,*,#2330,.F.);
#4067=ORIENTED_EDGE('',*,*,#2383,.T.);
#4068=ORIENTED_EDGE('',*,*,#2539,.T.);
#4069=ORIENTED_EDGE('',*,*,#2394,.F.);
#4070=ORIENTED_EDGE('',*,*,#2884,.F.);
#4071=ORIENTED_EDGE('',*,*,#2522,.T.);
#4072=ORIENTED_EDGE('',*,*,#2333,.F.);
#4073=ORIENTED_EDGE('',*,*,#2528,.T.);
#4074=ORIENTED_EDGE('',*,*,#2531,.T.);
#4075=ORIENTED_EDGE('',*,*,#2885,.T.);
#4076=ORIENTED_EDGE('',*,*,#2886,.T.);
#4077=ORIENTED_EDGE('',*,*,#2887,.T.);
#4078=ORIENTED_EDGE('',*,*,#2506,.T.);
#4079=ORIENTED_EDGE('',*,*,#2885,.F.);
#4080=ORIENTED_EDGE('',*,*,#2509,.T.);
#4081=ORIENTED_EDGE('',*,*,#2888,.T.);
#4082=ORIENTED_EDGE('',*,*,#2883,.T.);
#4083=ORIENTED_EDGE('',*,*,#2889,.T.);
#4084=ORIENTED_EDGE('',*,*,#2880,.T.);
#4085=ORIENTED_EDGE('',*,*,#2888,.F.);
#4086=ORIENTED_EDGE('',*,*,#2508,.T.);
#4087=ORIENTED_EDGE('',*,*,#2889,.F.);
#4088=ORIENTED_EDGE('',*,*,#2507,.T.);
#4089=ORIENTED_EDGE('',*,*,#2887,.F.);
#4090=ORIENTED_EDGE('',*,*,#2890,.T.);
#4091=ORIENTED_EDGE('',*,*,#2877,.F.);
#4092=ORIENTED_EDGE('',*,*,#2881,.F.);
#4093=ORIENTED_EDGE('',*,*,#2890,.F.);
#4094=ORIENTED_EDGE('',*,*,#2891,.F.);
#4095=ORIENTED_EDGE('',*,*,#2878,.F.);
#4096=ORIENTED_EDGE('',*,*,#2891,.T.);
#4097=ORIENTED_EDGE('',*,*,#2886,.F.);
#4098=ORIENTED_EDGE('',*,*,#2882,.T.);
#4099=ORIENTED_EDGE('',*,*,#2318,.T.);
#4100=ORIENTED_EDGE('',*,*,#2892,.T.);
#4101=ORIENTED_EDGE('',*,*,#2844,.T.);
#4102=ORIENTED_EDGE('',*,*,#2464,.T.);
#4103=ORIENTED_EDGE('',*,*,#2457,.F.);
#4104=ORIENTED_EDGE('',*,*,#2845,.T.);
#4105=ORIENTED_EDGE('',*,*,#2892,.F.);
#4106=ORIENTED_EDGE('',*,*,#2492,.T.);
#4107=ORIENTED_EDGE('',*,*,#2848,.T.);
#4108=ORIENTED_EDGE('',*,*,#2893,.T.);
#4109=ORIENTED_EDGE('',*,*,#2894,.F.);
#4110=ORIENTED_EDGE('',*,*,#2893,.F.);
#4111=ORIENTED_EDGE('',*,*,#2852,.T.);
#4112=ORIENTED_EDGE('',*,*,#2895,.T.);
#4113=ORIENTED_EDGE('',*,*,#2896,.F.);
#4114=ORIENTED_EDGE('',*,*,#2895,.F.);
#4115=ORIENTED_EDGE('',*,*,#2896,.T.);
#4116=ORIENTED_EDGE('',*,*,#2897,.T.);
#4117=ORIENTED_EDGE('',*,*,#2898,.T.);
#4118=ORIENTED_EDGE('',*,*,#2897,.F.);
#4119=ORIENTED_EDGE('',*,*,#2898,.F.);
#4120=ORIENTED_EDGE('',*,*,#2894,.T.);
#4121=ORIENTED_EDGE('',*,*,#2899,.T.);
#4122=ORIENTED_EDGE('',*,*,#2900,.T.);
#4123=ORIENTED_EDGE('',*,*,#2899,.F.);
#4124=ORIENTED_EDGE('',*,*,#2900,.F.);
#4125=ORIENTED_EDGE('',*,*,#2859,.T.);
#4126=ORIENTED_EDGE('',*,*,#2901,.T.);
#4127=ORIENTED_EDGE('',*,*,#2505,.F.);
#4128=ORIENTED_EDGE('',*,*,#2901,.F.);
#4129=ORIENTED_EDGE('',*,*,#2855,.T.);
#4130=ORIENTED_EDGE('',*,*,#2902,.T.);
#4131=ORIENTED_EDGE('',*,*,#2504,.F.);
#4132=ORIENTED_EDGE('',*,*,#2902,.F.);
#4133=ORIENTED_EDGE('',*,*,#2840,.F.);
#4134=ORIENTED_EDGE('',*,*,#2903,.T.);
#4135=ORIENTED_EDGE('',*,*,#2513,.F.);
#4136=ORIENTED_EDGE('',*,*,#2903,.F.);
#4137=ORIENTED_EDGE('',*,*,#2835,.F.);
#4138=ORIENTED_EDGE('',*,*,#2904,.T.);
#4139=ORIENTED_EDGE('',*,*,#2512,.F.);
#4140=ORIENTED_EDGE('',*,*,#2904,.F.);
#4141=ORIENTED_EDGE('',*,*,#2905,.T.);
#4142=ORIENTED_EDGE('',*,*,#2906,.T.);
#4143=ORIENTED_EDGE('',*,*,#2907,.T.);
#4144=ORIENTED_EDGE('',*,*,#2906,.F.);
#4145=ORIENTED_EDGE('',*,*,#2368,.F.);
#4146=ORIENTED_EDGE('',*,*,#2908,.T.);
#4147=ORIENTED_EDGE('',*,*,#2905,.F.);
#4148=ORIENTED_EDGE('',*,*,#2908,.F.);
#4149=ORIENTED_EDGE('',*,*,#2907,.F.);
#4150=ORIENTED_EDGE('',*,*,#2824,.T.);
#4151=ORIENTED_EDGE('',*,*,#2909,.T.);
#4152=ORIENTED_EDGE('',*,*,#2511,.F.);
#4153=ORIENTED_EDGE('',*,*,#2909,.F.);
#4154=ORIENTED_EDGE('',*,*,#2829,.T.);
#4155=ORIENTED_EDGE('',*,*,#2910,.T.);
#4156=ORIENTED_EDGE('',*,*,#2510,.F.);
#4157=ORIENTED_EDGE('',*,*,#2910,.F.);
#4158=ORIENTED_EDGE('',*,*,#2911,.T.);
#4159=ORIENTED_EDGE('',*,*,#2912,.T.);
#4160=ORIENTED_EDGE('',*,*,#2913,.T.);
#4161=ORIENTED_EDGE('',*,*,#2912,.F.);
#4162=ORIENTED_EDGE('',*,*,#2911,.F.);
#4163=ORIENTED_EDGE('',*,*,#2914,.T.);
#4164=ORIENTED_EDGE('',*,*,#2369,.F.);
#4165=ORIENTED_EDGE('',*,*,#2914,.F.);
#4166=ORIENTED_EDGE('',*,*,#2913,.F.);
#4167=ORIENTED_EDGE('',*,*,#2733,.F.);
#4168=ORIENTED_EDGE('',*,*,#2915,.T.);
#4169=ORIENTED_EDGE('',*,*,#2391,.T.);
#4170=ORIENTED_EDGE('',*,*,#2541,.T.);
#4171=ORIENTED_EDGE('',*,*,#2523,.F.);
#4172=ORIENTED_EDGE('',*,*,#2884,.T.);
#4173=ORIENTED_EDGE('',*,*,#2393,.T.);
#4174=ORIENTED_EDGE('',*,*,#2916,.T.);
#4175=ORIENTED_EDGE('',*,*,#2749,.T.);
#4176=ORIENTED_EDGE('',*,*,#2524,.T.);
#4177=ORIENTED_EDGE('',*,*,#2916,.F.);
#4178=ORIENTED_EDGE('',*,*,#2392,.F.);
#4179=ORIENTED_EDGE('',*,*,#2915,.F.);
#4180=ORIENTED_EDGE('',*,*,#2732,.F.);
#4181=ORIENTED_EDGE('',*,*,#2738,.T.);
#4182=ORIENTED_EDGE('',*,*,#2729,.T.);
#4183=ORIENTED_EDGE('',*,*,#2736,.T.);
#4184=ORIENTED_EDGE('',*,*,#2746,.F.);
#4185=ORIENTED_EDGE('',*,*,#2288,.F.);
#4186=ORIENTED_EDGE('',*,*,#2687,.F.);
#4187=CYLINDRICAL_SURFACE('',#4508,6.1);
#4188=CYLINDRICAL_SURFACE('',#4511,6.1);
#4189=CYLINDRICAL_SURFACE('',#4596,1.);
#4190=CYLINDRICAL_SURFACE('',#4598,5.);
#4191=CYLINDRICAL_SURFACE('',#4600,2.);
#4192=CYLINDRICAL_SURFACE('',#4601,2.);
#4193=CYLINDRICAL_SURFACE('',#4603,5.);
#4194=CYLINDRICAL_SURFACE('',#4605,5.);
#4195=CYLINDRICAL_SURFACE('',#4607,5.);
#4196=CYLINDRICAL_SURFACE('',#4609,1.);
#4197=CYLINDRICAL_SURFACE('',#4654,15.);
#4198=CYLINDRICAL_SURFACE('',#4670,15.);
#4199=CYLINDRICAL_SURFACE('',#4673,2.95);
#4200=CYLINDRICAL_SURFACE('',#4675,2.95);
#4201=CYLINDRICAL_SURFACE('',#4713,1.65);
#4202=CYLINDRICAL_SURFACE('',#4719,1.65);
#4203=CYLINDRICAL_SURFACE('',#4720,6.1);
#4204=CYLINDRICAL_SURFACE('',#4742,1.65);
#4205=CYLINDRICAL_SURFACE('',#4748,1.65);
#4206=CYLINDRICAL_SURFACE('',#4750,12.5);
#4207=CYLINDRICAL_SURFACE('',#4751,12.5);
#4208=CYLINDRICAL_SURFACE('',#4755,2.00000000000015);
#4209=CYLINDRICAL_SURFACE('',#4762,2.00000000000009);
#4210=CYLINDRICAL_SURFACE('',#4765,2.);
#4211=CYLINDRICAL_SURFACE('',#4775,1.28);
#4212=CYLINDRICAL_SURFACE('',#4777,1.28);
#4213=CYLINDRICAL_SURFACE('',#4779,1.28000000000001);
#4214=CYLINDRICAL_SURFACE('',#4781,1.27999999999997);
#4215=CYLINDRICAL_SURFACE('',#4783,2.);
#4216=CYLINDRICAL_SURFACE('',#4814,9.);
#4217=CYLINDRICAL_SURFACE('',#4822,2.65);
#4218=CYLINDRICAL_SURFACE('',#4827,2.65);
#4219=CYLINDRICAL_SURFACE('',#4832,2.65);
#4220=CYLINDRICAL_SURFACE('',#4837,2.65);
#4221=CYLINDRICAL_SURFACE('',#4844,1.99999999999999);
#4222=CYLINDRICAL_SURFACE('',#4848,1.99999999999999);
#4223=CYLINDRICAL_SURFACE('',#4852,2.1);
#4224=CYLINDRICAL_SURFACE('',#4856,2.1);
#4225=CYLINDRICAL_SURFACE('',#4861,11.1);
#4226=CYLINDRICAL_SURFACE('',#4875,7.5);
#4227=CYLINDRICAL_SURFACE('',#4885,7.5);
#4228=CYLINDRICAL_SURFACE('',#4892,2.5);
#4229=CYLINDRICAL_SURFACE('',#4895,2.5);
#4230=CYLINDRICAL_SURFACE('',#4905,2.5);
#4231=CYLINDRICAL_SURFACE('',#4912,2.5);
#4232=CYLINDRICAL_SURFACE('',#4914,2.);
#4233=CYLINDRICAL_SURFACE('',#4915,2.);
#4234=ADVANCED_FACE('',(#316),#4187,.F.);
#4235=ADVANCED_FACE('',(#317),#4188,.F.);
#4236=ADVANCED_FACE('',(#318,#124,#125,#126,#127,#128,#129,#130,#131,#132,
#133,#134,#135,#136,#137,#138),#163,.T.);
#4237=ADVANCED_FACE('',(#319),#164,.T.);
#4238=ADVANCED_FACE('',(#320),#74,.T.);
#4239=ADVANCED_FACE('',(#321),#165,.T.);
#4240=ADVANCED_FACE('',(#322),#75,.F.);
#4241=ADVANCED_FACE('',(#323),#166,.F.);
#4242=ADVANCED_FACE('',(#324),#167,.T.);
#4243=ADVANCED_FACE('',(#325),#76,.F.);
#4244=ADVANCED_FACE('',(#326),#168,.T.);
#4245=ADVANCED_FACE('',(#327),#77,.F.);
#4246=ADVANCED_FACE('',(#328),#169,.T.);
#4247=ADVANCED_FACE('',(#329),#78,.T.);
#4248=ADVANCED_FACE('',(#330),#170,.T.);
#4249=ADVANCED_FACE('',(#331),#79,.T.);
#4250=ADVANCED_FACE('',(#332),#171,.T.);
#4251=ADVANCED_FACE('',(#333),#172,.T.);
#4252=ADVANCED_FACE('',(#334),#80,.F.);
#4253=ADVANCED_FACE('',(#335),#173,.T.);
#4254=ADVANCED_FACE('',(#336),#81,.T.);
#4255=ADVANCED_FACE('',(#337),#174,.T.);
#4256=ADVANCED_FACE('',(#338),#82,.T.);
#4257=ADVANCED_FACE('',(#339),#175,.T.);
#4258=ADVANCED_FACE('',(#340),#83,.T.);
#4259=ADVANCED_FACE('',(#341),#176,.T.);
#4260=ADVANCED_FACE('',(#342),#84,.F.);
#4261=ADVANCED_FACE('',(#343),#177,.T.);
#4262=ADVANCED_FACE('',(#344),#85,.F.);
#4263=ADVANCED_FACE('',(#345),#178,.T.);
#4264=ADVANCED_FACE('',(#346),#179,.T.);
#4265=ADVANCED_FACE('',(#347),#86,.T.);
#4266=ADVANCED_FACE('',(#348),#180,.T.);
#4267=ADVANCED_FACE('',(#349),#87,.T.);
#4268=ADVANCED_FACE('',(#350),#181,.T.);
#4269=ADVANCED_FACE('',(#351),#182,.T.);
#4270=ADVANCED_FACE('',(#352),#4189,.T.);
#4271=ADVANCED_FACE('',(#353),#4190,.F.);
#4272=ADVANCED_FACE('',(#354),#183,.T.);
#4273=ADVANCED_FACE('',(#355),#4191,.T.);
#4274=ADVANCED_FACE('',(#356),#4192,.T.);
#4275=ADVANCED_FACE('',(#357),#184,.T.);
#4276=ADVANCED_FACE('',(#358),#4193,.T.);
#4277=ADVANCED_FACE('',(#359),#185,.T.);
#4278=ADVANCED_FACE('',(#360),#4194,.F.);
#4279=ADVANCED_FACE('',(#361),#186,.T.);
#4280=ADVANCED_FACE('',(#362),#4195,.F.);
#4281=ADVANCED_FACE('',(#363),#187,.T.);
#4282=ADVANCED_FACE('',(#364),#4196,.T.);
#4283=ADVANCED_FACE('',(#365),#188,.T.);
#4284=ADVANCED_FACE('',(#366,#139,#140,#141,#142,#143,#144,#145,#146),#189,
 .F.);
#4285=ADVANCED_FACE('',(#367),#190,.T.);
#4286=ADVANCED_FACE('',(#368),#191,.F.);
#4287=ADVANCED_FACE('',(#369),#192,.T.);
#4288=ADVANCED_FACE('',(#370),#193,.F.);
#4289=ADVANCED_FACE('',(#371),#194,.F.);
#4290=ADVANCED_FACE('',(#372),#195,.F.);
#4291=ADVANCED_FACE('',(#373),#196,.F.);
#4292=ADVANCED_FACE('',(#374),#197,.F.);
#4293=ADVANCED_FACE('',(#375),#198,.F.);
#4294=ADVANCED_FACE('',(#376),#199,.F.);
#4295=ADVANCED_FACE('',(#377),#200,.F.);
#4296=ADVANCED_FACE('',(#378),#201,.F.);
#4297=ADVANCED_FACE('',(#379),#202,.F.);
#4298=ADVANCED_FACE('',(#380),#88,.T.);
#4299=ADVANCED_FACE('',(#381),#89,.T.);
#4300=ADVANCED_FACE('',(#382),#21,.T.);
#4301=ADVANCED_FACE('',(#383),#22,.T.);
#4302=ADVANCED_FACE('',(#384),#23,.T.);
#4303=ADVANCED_FACE('',(#385),#24,.T.);
#4304=ADVANCED_FACE('',(#386),#203,.F.);
#4305=ADVANCED_FACE('',(#387),#204,.F.);
#4306=ADVANCED_FACE('',(#388),#205,.F.);
#4307=ADVANCED_FACE('',(#389,#147,#148),#4197,.T.);
#4308=ADVANCED_FACE('',(#390),#90,.T.);
#4309=ADVANCED_FACE('',(#391),#25,.T.);
#4310=ADVANCED_FACE('',(#392),#26,.T.);
#4311=ADVANCED_FACE('',(#393),#27,.T.);
#4312=ADVANCED_FACE('',(#394),#91,.T.);
#4313=ADVANCED_FACE('',(#395),#28,.T.);
#4314=ADVANCED_FACE('',(#396),#206,.F.);
#4315=ADVANCED_FACE('',(#397),#207,.F.);
#4316=ADVANCED_FACE('',(#398),#208,.F.);
#4317=ADVANCED_FACE('',(#399,#149,#150),#4198,.T.);
#4318=ADVANCED_FACE('',(#400),#29,.T.);
#4319=ADVANCED_FACE('',(#401),#4199,.F.);
#4320=ADVANCED_FACE('',(#402),#30,.T.);
#4321=ADVANCED_FACE('',(#403),#4200,.F.);
#4322=ADVANCED_FACE('',(#404),#92,.F.);
#4323=ADVANCED_FACE('',(#405),#209,.T.);
#4324=ADVANCED_FACE('',(#406,#151),#210,.T.);
#4325=ADVANCED_FACE('',(#407),#211,.T.);
#4326=ADVANCED_FACE('',(#408),#93,.F.);
#4327=ADVANCED_FACE('',(#409,#152),#212,.T.);
#4328=ADVANCED_FACE('',(#410),#213,.F.);
#4329=ADVANCED_FACE('',(#411),#94,.T.);
#4330=ADVANCED_FACE('',(#412),#214,.T.);
#4331=ADVANCED_FACE('',(#413),#95,.T.);
#4332=ADVANCED_FACE('',(#414),#215,.T.);
#4333=ADVANCED_FACE('',(#415),#216,.T.);
#4334=ADVANCED_FACE('',(#416),#217,.T.);
#4335=ADVANCED_FACE('',(#417),#218,.T.);
#4336=ADVANCED_FACE('',(#418),#219,.T.);
#4337=ADVANCED_FACE('',(#419),#220,.T.);
#4338=ADVANCED_FACE('',(#420),#221,.T.);
#4339=ADVANCED_FACE('',(#421),#222,.T.);
#4340=ADVANCED_FACE('',(#422),#96,.T.);
#4341=ADVANCED_FACE('',(#423),#223,.T.);
#4342=ADVANCED_FACE('',(#424),#97,.F.);
#4343=ADVANCED_FACE('',(#425,#153),#224,.T.);
#4344=ADVANCED_FACE('',(#426),#225,.T.);
#4345=ADVANCED_FACE('',(#427,#154),#226,.T.);
#4346=ADVANCED_FACE('',(#428),#4201,.F.);
#4347=ADVANCED_FACE('',(#429),#227,.F.);
#4348=ADVANCED_FACE('',(#430),#228,.F.);
#4349=ADVANCED_FACE('',(#431),#229,.F.);
#4350=ADVANCED_FACE('',(#432,#155),#230,.F.);
#4351=ADVANCED_FACE('',(#433),#4202,.F.);
#4352=ADVANCED_FACE('',(#434),#4203,.F.);
#4353=ADVANCED_FACE('',(#435),#231,.T.);
#4354=ADVANCED_FACE('',(#436),#232,.T.);
#4355=ADVANCED_FACE('',(#437),#233,.T.);
#4356=ADVANCED_FACE('',(#438),#98,.F.);
#4357=ADVANCED_FACE('',(#439),#234,.T.);
#4358=ADVANCED_FACE('',(#440),#235,.T.);
#4359=ADVANCED_FACE('',(#441),#99,.T.);
#4360=ADVANCED_FACE('',(#442),#236,.T.);
#4361=ADVANCED_FACE('',(#443),#237,.T.);
#4362=ADVANCED_FACE('',(#444),#238,.T.);
#4363=ADVANCED_FACE('',(#445),#239,.T.);
#4364=ADVANCED_FACE('',(#446,#156),#240,.T.);
#4365=ADVANCED_FACE('',(#447),#241,.F.);
#4366=ADVANCED_FACE('',(#448),#242,.T.);
#4367=ADVANCED_FACE('',(#449),#243,.T.);
#4368=ADVANCED_FACE('',(#450,#157),#244,.T.);
#4369=ADVANCED_FACE('',(#451),#4204,.F.);
#4370=ADVANCED_FACE('',(#452),#245,.F.);
#4371=ADVANCED_FACE('',(#453),#246,.F.);
#4372=ADVANCED_FACE('',(#454),#247,.F.);
#4373=ADVANCED_FACE('',(#455,#158),#248,.F.);
#4374=ADVANCED_FACE('',(#456),#4205,.F.);
#4375=ADVANCED_FACE('',(#457),#249,.T.);
#4376=ADVANCED_FACE('',(#458),#4206,.T.);
#4377=ADVANCED_FACE('',(#459),#4207,.T.);
#4378=ADVANCED_FACE('',(#460),#250,.F.);
#4379=ADVANCED_FACE('',(#461),#251,.T.);
#4380=ADVANCED_FACE('',(#462),#252,.T.);
#4381=ADVANCED_FACE('',(#463),#4208,.F.);
#4382=ADVANCED_FACE('',(#464),#253,.F.);
#4383=ADVANCED_FACE('',(#465),#254,.T.);
#4384=ADVANCED_FACE('',(#466),#255,.T.);
#4385=ADVANCED_FACE('',(#467),#4209,.F.);
#4386=ADVANCED_FACE('',(#468),#256,.F.);
#4387=ADVANCED_FACE('',(#469),#4210,.F.);
#4388=ADVANCED_FACE('',(#470),#257,.F.);
#4389=ADVANCED_FACE('',(#471,#159),#258,.T.);
#4390=ADVANCED_FACE('',(#472),#4211,.F.);
#4391=ADVANCED_FACE('',(#473),#259,.T.);
#4392=ADVANCED_FACE('',(#474),#4212,.F.);
#4393=ADVANCED_FACE('',(#475),#260,.T.);
#4394=ADVANCED_FACE('',(#476),#4213,.F.);
#4395=ADVANCED_FACE('',(#477),#261,.T.);
#4396=ADVANCED_FACE('',(#478),#4214,.F.);
#4397=ADVANCED_FACE('',(#479),#262,.T.);
#4398=ADVANCED_FACE('',(#480),#4215,.F.);
#4399=ADVANCED_FACE('',(#481),#263,.T.);
#4400=ADVANCED_FACE('',(#482),#264,.T.);
#4401=ADVANCED_FACE('',(#483),#265,.T.);
#4402=ADVANCED_FACE('',(#484),#266,.T.);
#4403=ADVANCED_FACE('',(#485),#267,.F.);
#4404=ADVANCED_FACE('',(#486),#268,.F.);
#4405=ADVANCED_FACE('',(#487),#269,.T.);
#4406=ADVANCED_FACE('',(#488),#270,.T.);
#4407=ADVANCED_FACE('',(#489),#271,.T.);
#4408=ADVANCED_FACE('',(#490),#272,.T.);
#4409=ADVANCED_FACE('',(#491),#273,.F.);
#4410=ADVANCED_FACE('',(#492),#274,.F.);
#4411=ADVANCED_FACE('',(#493),#275,.T.);
#4412=ADVANCED_FACE('',(#494),#276,.T.);
#4413=ADVANCED_FACE('',(#495),#277,.T.);
#4414=ADVANCED_FACE('',(#496),#278,.T.);
#4415=ADVANCED_FACE('',(#497),#279,.F.);
#4416=ADVANCED_FACE('',(#498),#280,.F.);
#4417=ADVANCED_FACE('',(#499),#281,.F.);
#4418=ADVANCED_FACE('',(#500),#282,.F.);
#4419=ADVANCED_FACE('',(#501),#283,.F.);
#4420=ADVANCED_FACE('',(#502),#284,.F.);
#4421=ADVANCED_FACE('',(#503),#285,.F.);
#4422=ADVANCED_FACE('',(#504),#286,.F.);
#4423=ADVANCED_FACE('',(#505),#287,.F.);
#4424=ADVANCED_FACE('',(#506),#288,.F.);
#4425=ADVANCED_FACE('',(#507),#289,.F.);
#4426=ADVANCED_FACE('',(#508),#100,.F.);
#4427=ADVANCED_FACE('',(#509),#4216,.F.);
#4428=ADVANCED_FACE('',(#510,#160),#290,.F.);
#4429=ADVANCED_FACE('',(#511),#291,.T.);
#4430=ADVANCED_FACE('',(#512),#101,.F.);
#4431=ADVANCED_FACE('',(#513),#4217,.F.);
#4432=ADVANCED_FACE('',(#514),#102,.F.);
#4433=ADVANCED_FACE('',(#515),#4218,.F.);
#4434=ADVANCED_FACE('',(#516),#103,.F.);
#4435=ADVANCED_FACE('',(#517),#4219,.F.);
#4436=ADVANCED_FACE('',(#518),#104,.F.);
#4437=ADVANCED_FACE('',(#519),#4220,.F.);
#4438=ADVANCED_FACE('',(#520),#105,.F.);
#4439=ADVANCED_FACE('',(#521,#161,#162),#292,.T.);
#4440=ADVANCED_FACE('',(#522),#4221,.F.);
#4441=ADVANCED_FACE('',(#523),#106,.F.);
#4442=ADVANCED_FACE('',(#524),#4222,.F.);
#4443=ADVANCED_FACE('',(#525),#107,.F.);
#4444=ADVANCED_FACE('',(#526),#4223,.F.);
#4445=ADVANCED_FACE('',(#527),#108,.F.);
#4446=ADVANCED_FACE('',(#528),#4224,.F.);
#4447=ADVANCED_FACE('',(#529),#109,.F.);
#4448=ADVANCED_FACE('',(#530),#4225,.F.);
#4449=ADVANCED_FACE('',(#531),#293,.T.);
#4450=ADVANCED_FACE('',(#532),#294,.F.);
#4451=ADVANCED_FACE('',(#533),#295,.T.);
#4452=ADVANCED_FACE('',(#534),#296,.F.);
#4453=ADVANCED_FACE('',(#535),#297,.T.);
#4454=ADVANCED_FACE('',(#536),#298,.T.);
#4455=ADVANCED_FACE('',(#537),#299,.F.);
#4456=ADVANCED_FACE('',(#538),#300,.T.);
#4457=ADVANCED_FACE('',(#539),#110,.F.);
#4458=ADVANCED_FACE('',(#540),#301,.T.);
#4459=ADVANCED_FACE('',(#541),#111,.F.);
#4460=ADVANCED_FACE('',(#542),#4226,.F.);
#4461=ADVANCED_FACE('',(#543),#302,.F.);
#4462=ADVANCED_FACE('',(#544),#303,.F.);
#4463=ADVANCED_FACE('',(#545),#112,.F.);
#4464=ADVANCED_FACE('',(#546),#304,.T.);
#4465=ADVANCED_FACE('',(#547),#113,.F.);
#4466=ADVANCED_FACE('',(#548),#305,.T.);
#4467=ADVANCED_FACE('',(#549),#306,.F.);
#4468=ADVANCED_FACE('',(#550),#4227,.F.);
#4469=ADVANCED_FACE('',(#551),#307,.T.);
#4470=ADVANCED_FACE('',(#552),#308,.T.);
#4471=ADVANCED_FACE('',(#553),#114,.F.);
#4472=ADVANCED_FACE('',(#554),#115,.F.);
#4473=ADVANCED_FACE('',(#555),#4228,.F.);
#4474=ADVANCED_FACE('',(#556),#309,.T.);
#4475=ADVANCED_FACE('',(#557),#4229,.F.);
#4476=ADVANCED_FACE('',(#558),#310,.T.);
#4477=ADVANCED_FACE('',(#559),#116,.F.);
#4478=ADVANCED_FACE('',(#560),#117,.F.);
#4479=ADVANCED_FACE('',(#561),#118,.F.);
#4480=ADVANCED_FACE('',(#562),#119,.F.);
#4481=ADVANCED_FACE('',(#563),#120,.T.);
#4482=ADVANCED_FACE('',(#564),#4230,.T.);
#4483=ADVANCED_FACE('',(#565),#311,.F.);
#4484=ADVANCED_FACE('',(#566),#121,.F.);
#4485=ADVANCED_FACE('',(#567),#122,.F.);
#4486=ADVANCED_FACE('',(#568),#123,.T.);
#4487=ADVANCED_FACE('',(#569),#4231,.T.);
#4488=ADVANCED_FACE('',(#570),#312,.T.);
#4489=ADVANCED_FACE('',(#571),#4232,.F.);
#4490=ADVANCED_FACE('',(#572),#4233,.F.);
#4491=ADVANCED_FACE('',(#573),#313,.F.);
#4492=ADVANCED_FACE('',(#574),#314,.F.);
#4493=ADVANCED_FACE('',(#575),#315,.F.);
#4494=CLOSED_SHELL('',(#4234,#4235,#4236,#4237,#4238,#4239,#4240,#4241,
#4242,#4243,#4244,#4245,#4246,#4247,#4248,#4249,#4250,#4251,#4252,#4253,
#4254,#4255,#4256,#4257,#4258,#4259,#4260,#4261,#4262,#4263,#4264,#4265,
#4266,#4267,#4268,#4269,#4270,#4271,#4272,#4273,#4274,#4275,#4276,#4277,
#4278,#4279,#4280,#4281,#4282,#4283,#4284,#4285,#4286,#4287,#4288,#4289,
#4290,#4291,#4292,#4293,#4294,#4295,#4296,#4297,#4298,#4299,#4300,#4301,
#4302,#4303,#4304,#4305,#4306,#4307,#4308,#4309,#4310,#4311,#4312,#4313,
#4314,#4315,#4316,#4317,#4318,#4319,#4320,#4321,#4322,#4323,#4324,#4325,
#4326,#4327,#4328,#4329,#4330,#4331,#4332,#4333,#4334,#4335,#4336,#4337,
#4338,#4339,#4340,#4341,#4342,#4343,#4344,#4345,#4346,#4347,#4348,#4349,
#4350,#4351,#4352,#4353,#4354,#4355,#4356,#4357,#4358,#4359,#4360,#4361,
#4362,#4363,#4364,#4365,#4366,#4367,#4368,#4369,#4370,#4371,#4372,#4373,
#4374,#4375,#4376,#4377,#4378,#4379,#4380,#4381,#4382,#4383,#4384,#4385,
#4386,#4387,#4388,#4389,#4390,#4391,#4392,#4393,#4394,#4395,#4396,#4397,
#4398,#4399,#4400,#4401,#4402,#4403,#4404,#4405,#4406,#4407,#4408,#4409,
#4410,#4411,#4412,#4413,#4414,#4415,#4416,#4417,#4418,#4419,#4420,#4421,
#4422,#4423,#4424,#4425,#4426,#4427,#4428,#4429,#4430,#4431,#4432,#4433,
#4434,#4435,#4436,#4437,#4438,#4439,#4440,#4441,#4442,#4443,#4444,#4445,
#4446,#4447,#4448,#4449,#4450,#4451,#4452,#4453,#4454,#4455,#4456,#4457,
#4458,#4459,#4460,#4461,#4462,#4463,#4464,#4465,#4466,#4467,#4468,#4469,
#4470,#4471,#4472,#4473,#4474,#4475,#4476,#4477,#4478,#4479,#4480,#4481,
#4482,#4483,#4484,#4485,#4486,#4487,#4488,#4489,#4490,#4491,#4492,#4493));
#4495=DERIVED_UNIT_ELEMENT(#4497,1.);
#4496=DERIVED_UNIT_ELEMENT(#8522,-3.);
#4497=(
MASS_UNIT()
NAMED_UNIT(*)
SI_UNIT(.KILO.,.GRAM.)
);
#4498=DERIVED_UNIT((#4495,#4496));
#4499=MEASURE_REPRESENTATION_ITEM('density measure',
POSITIVE_RATIO_MEASURE(7850.),#4498);
#4500=PROPERTY_DEFINITION_REPRESENTATION(#4505,#4502);
#4501=PROPERTY_DEFINITION_REPRESENTATION(#4506,#4503);
#4502=REPRESENTATION('material name',(#4504),#8519);
#4503=REPRESENTATION('density',(#4499),#8519);
#4504=DESCRIPTIVE_REPRESENTATION_ITEM('Stahl','Stahl');
#4505=PROPERTY_DEFINITION('material property','material name',#8529);
#4506=PROPERTY_DEFINITION('material property','density of part',#8529);
#4507=AXIS2_PLACEMENT_3D('',#6174,#4919,#4920);
#4508=AXIS2_PLACEMENT_3D('',#6175,#4921,#4922);
#4509=AXIS2_PLACEMENT_3D('',#6180,#4924,#4925);
#4510=AXIS2_PLACEMENT_3D('',#6183,#4927,#4928);
#4511=AXIS2_PLACEMENT_3D('',#6184,#4929,#4930);
#4512=AXIS2_PLACEMENT_3D('',#6189,#4933,#4934);
#4513=AXIS2_PLACEMENT_3D('',#6191,#4935,#4936);
#4514=AXIS2_PLACEMENT_3D('',#6194,#4938,#4939);
#4515=AXIS2_PLACEMENT_3D('',#6195,#4940,#4941);
#4516=AXIS2_PLACEMENT_3D('',#6202,#4944,#4945);
#4517=AXIS2_PLACEMENT_3D('',#6206,#4947,#4948);
#4518=AXIS2_PLACEMENT_3D('',#6224,#4957,#4958);
#4519=AXIS2_PLACEMENT_3D('',#6228,#4960,#4961);
#4520=AXIS2_PLACEMENT_3D('',#6232,#4963,#4964);
#4521=AXIS2_PLACEMENT_3D('',#6236,#4966,#4967);
#4522=AXIS2_PLACEMENT_3D('',#6244,#4971,#4972);
#4523=AXIS2_PLACEMENT_3D('',#6256,#4978,#4979);
#4524=AXIS2_PLACEMENT_3D('',#6264,#4983,#4984);
#4525=AXIS2_PLACEMENT_3D('',#6268,#4986,#4987);
#4526=AXIS2_PLACEMENT_3D('',#6284,#4995,#4996);
#4527=AXIS2_PLACEMENT_3D('',#6287,#4998,#4999);
#4528=AXIS2_PLACEMENT_3D('',#6290,#5000,#5001);
#4529=AXIS2_PLACEMENT_3D('',#6298,#5006,#5007);
#4530=AXIS2_PLACEMENT_3D('',#6300,#5008,#5009);
#4531=AXIS2_PLACEMENT_3D('',#6307,#5012,#5013);
#4532=AXIS2_PLACEMENT_3D('',#6313,#5016,#5017);
#4533=AXIS2_PLACEMENT_3D('',#6315,#5018,#5019);
#4534=AXIS2_PLACEMENT_3D('',#6318,#5021,#5022);
#4535=AXIS2_PLACEMENT_3D('',#6344,#5035,#5036);
#4536=AXIS2_PLACEMENT_3D('',#6346,#5037,#5038);
#4537=AXIS2_PLACEMENT_3D('',#6348,#5039,#5040);
#4538=AXIS2_PLACEMENT_3D('',#6350,#5041,#5042);
#4539=AXIS2_PLACEMENT_3D('',#6352,#5043,#5044);
#4540=AXIS2_PLACEMENT_3D('',#6354,#5045,#5046);
#4541=AXIS2_PLACEMENT_3D('',#6355,#5047,#5048);
#4542=AXIS2_PLACEMENT_3D('',#6361,#5052,#5053);
#4543=AXIS2_PLACEMENT_3D('',#6364,#5055,#5056);
#4544=AXIS2_PLACEMENT_3D('',#6365,#5057,#5058);
#4545=AXIS2_PLACEMENT_3D('',#6369,#5061,#5062);
#4546=AXIS2_PLACEMENT_3D('',#6374,#5063,#5064);
#4547=AXIS2_PLACEMENT_3D('',#6375,#5065,#5066);
#4548=AXIS2_PLACEMENT_3D('',#6381,#5070,#5071);
#4549=AXIS2_PLACEMENT_3D('',#6397,#5079,#5080);
#4550=AXIS2_PLACEMENT_3D('',#6401,#5082,#5083);
#4551=AXIS2_PLACEMENT_3D('',#6405,#5086,#5087);
#4552=AXIS2_PLACEMENT_3D('',#6412,#5089,#5090);
#4553=AXIS2_PLACEMENT_3D('',#6413,#5091,#5092);
#4554=AXIS2_PLACEMENT_3D('',#6417,#5095,#5096);
#4555=AXIS2_PLACEMENT_3D('',#6420,#5098,#5099);
#4556=AXIS2_PLACEMENT_3D('',#6421,#5100,#5101);
#4557=AXIS2_PLACEMENT_3D('',#6425,#5104,#5105);
#4558=AXIS2_PLACEMENT_3D('',#6428,#5107,#5108);
#4559=AXIS2_PLACEMENT_3D('',#6429,#5109,#5110);
#4560=AXIS2_PLACEMENT_3D('',#6433,#5113,#5114);
#4561=AXIS2_PLACEMENT_3D('',#6435,#5116,#5117);
#4562=AXIS2_PLACEMENT_3D('',#6436,#5118,#5119);
#4563=AXIS2_PLACEMENT_3D('',#6438,#5121,#5122);
#4564=AXIS2_PLACEMENT_3D('',#6449,#5128,#5129);
#4565=AXIS2_PLACEMENT_3D('',#6454,#5131,#5132);
#4566=AXIS2_PLACEMENT_3D('',#6457,#5134,#5135);
#4567=AXIS2_PLACEMENT_3D('',#6458,#5136,#5137);
#4568=AXIS2_PLACEMENT_3D('',#6464,#5141,#5142);
#4569=AXIS2_PLACEMENT_3D('',#6466,#5143,#5144);
#4570=AXIS2_PLACEMENT_3D('',#6468,#5146,#5147);
#4571=AXIS2_PLACEMENT_3D('',#6469,#5148,#5149);
#4572=AXIS2_PLACEMENT_3D('',#6473,#5152,#5153);
#4573=AXIS2_PLACEMENT_3D('',#6475,#5154,#5155);
#4574=AXIS2_PLACEMENT_3D('',#6478,#5157,#5158);
#4575=AXIS2_PLACEMENT_3D('',#6479,#5159,#5160);
#4576=AXIS2_PLACEMENT_3D('',#6485,#5164,#5165);
#4577=AXIS2_PLACEMENT_3D('',#6487,#5166,#5167);
#4578=AXIS2_PLACEMENT_3D('',#6490,#5169,#5170);
#4579=AXIS2_PLACEMENT_3D('',#6491,#5171,#5172);
#4580=AXIS2_PLACEMENT_3D('',#6497,#5176,#5177);
#4581=AXIS2_PLACEMENT_3D('',#6499,#5178,#5179);
#4582=AXIS2_PLACEMENT_3D('',#6502,#5181,#5182);
#4583=AXIS2_PLACEMENT_3D('',#6503,#5183,#5184);
#4584=AXIS2_PLACEMENT_3D('',#6509,#5188,#5189);
#4585=AXIS2_PLACEMENT_3D('',#6513,#5191,#5192);
#4586=AXIS2_PLACEMENT_3D('',#6514,#5193,#5194);
#4587=AXIS2_PLACEMENT_3D('',#6515,#5195,#5196);
#4588=AXIS2_PLACEMENT_3D('',#6520,#5200,#5201);
#4589=AXIS2_PLACEMENT_3D('',#6526,#5205,#5206);
#4590=AXIS2_PLACEMENT_3D('',#6527,#5207,#5208);
#4591=AXIS2_PLACEMENT_3D('',#6528,#5209,#5210);
#4592=AXIS2_PLACEMENT_3D('',#6538,#5216,#5217);
#4593=AXIS2_PLACEMENT_3D('',#6539,#5218,#5219);
#4594=AXIS2_PLACEMENT_3D('',#6540,#5220,#5221);
#4595=AXIS2_PLACEMENT_3D('',#6545,#5225,#5226);
#4596=AXIS2_PLACEMENT_3D('',#6551,#5230,#5231);
#4597=AXIS2_PLACEMENT_3D('',#6554,#5233,#5234);
#4598=AXIS2_PLACEMENT_3D('',#6555,#5235,#5236);
#4599=AXIS2_PLACEMENT_3D('',#6558,#5239,#5240);
#4600=AXIS2_PLACEMENT_3D('',#6560,#5242,#5243);
#4601=AXIS2_PLACEMENT_3D('',#6561,#5244,#5245);
#4602=AXIS2_PLACEMENT_3D('',#6563,#5247,#5248);
#4603=AXIS2_PLACEMENT_3D('',#6565,#5250,#5251);
#4604=AXIS2_PLACEMENT_3D('',#6567,#5253,#5254);
#4605=AXIS2_PLACEMENT_3D('',#6569,#5256,#5257);
#4606=AXIS2_PLACEMENT_3D('',#6571,#5259,#5260);
#4607=AXIS2_PLACEMENT_3D('',#6573,#5262,#5263);
#4608=AXIS2_PLACEMENT_3D('',#6575,#5265,#5266);
#4609=AXIS2_PLACEMENT_3D('',#6592,#5276,#5277);
#4610=AXIS2_PLACEMENT_3D('',#6595,#5279,#5280);
#4611=AXIS2_PLACEMENT_3D('',#6596,#5281,#5282);
#4612=AXIS2_PLACEMENT_3D('',#6601,#5286,#5287);
#4613=AXIS2_PLACEMENT_3D('',#6607,#5290,#5291);
#4614=AXIS2_PLACEMENT_3D('',#6611,#5293,#5294);
#4615=AXIS2_PLACEMENT_3D('',#6615,#5296,#5297);
#4616=AXIS2_PLACEMENT_3D('',#6618,#5299,#5300);
#4617=AXIS2_PLACEMENT_3D('',#6620,#5301,#5302);
#4618=AXIS2_PLACEMENT_3D('',#6622,#5303,#5304);
#4619=AXIS2_PLACEMENT_3D('',#6625,#5305,#5306);
#4620=AXIS2_PLACEMENT_3D('',#6629,#5308,#5309);
#4621=AXIS2_PLACEMENT_3D('',#6632,#5311,#5312);
#4622=AXIS2_PLACEMENT_3D('',#6634,#5313,#5314);
#4623=AXIS2_PLACEMENT_3D('',#6636,#5315,#5316);
#4624=AXIS2_PLACEMENT_3D('',#6638,#5317,#5318);
#4625=AXIS2_PLACEMENT_3D('',#6639,#5319,#5320);
#4626=AXIS2_PLACEMENT_3D('',#6643,#5322,#5323);
#4627=AXIS2_PLACEMENT_3D('',#6647,#5325,#5326);
#4628=AXIS2_PLACEMENT_3D('',#6649,#5328,#5329);
#4629=AXIS2_PLACEMENT_3D('',#6653,#5332,#5333);
#4630=AXIS2_PLACEMENT_3D('',#6655,#5335,#5336);
#4631=AXIS2_PLACEMENT_3D('',#6659,#5338,#5339);
#4632=AXIS2_PLACEMENT_3D('',#6663,#5342,#5343);
#4633=AXIS2_PLACEMENT_3D('',#6669,#5347,#5348);
#4634=AXIS2_PLACEMENT_3D('',#6673,#5351,#5352);
#4635=AXIS2_PLACEMENT_3D('',#6675,#5354,#5355);
#4636=AXIS2_PLACEMENT_3D('',#6677,#5357,#5358);
#4637=AXIS2_PLACEMENT_3D('',#6683,#5362,#5363);
#4638=AXIS2_PLACEMENT_3D('',#6687,#5366,#5367);
#4639=AXIS2_PLACEMENT_3D('',#6689,#5369,#5370);
#4640=AXIS2_PLACEMENT_3D('',#6691,#5372,#5373);
#4641=AXIS2_PLACEMENT_3D('',#6695,#5376,#5377);
#4642=AXIS2_PLACEMENT_3D('',#6698,#5378,#5379);
#4643=AXIS2_PLACEMENT_3D('',#6711,#5380,#5381);
#4644=AXIS2_PLACEMENT_3D('',#6720,#5383,#5384);
#4645=AXIS2_PLACEMENT_3D('',#6723,#5385,#5386);
#4646=AXIS2_PLACEMENT_3D('',#6736,#5387,#5388);
#4647=AXIS2_PLACEMENT_3D('',#6769,#5390,#5391);
#4648=AXIS2_PLACEMENT_3D('',#6817,#5392,#5393);
#4649=AXIS2_PLACEMENT_3D('',#6825,#5394,#5395);
#4650=AXIS2_PLACEMENT_3D('',#6842,#5396,#5397);
#4651=AXIS2_PLACEMENT_3D('',#6849,#5398,#5399);
#4652=AXIS2_PLACEMENT_3D('',#6855,#5403,#5404);
#4653=AXIS2_PLACEMENT_3D('',#6859,#5407,#5408);
#4654=AXIS2_PLACEMENT_3D('',#6863,#5411,#5412);
#4655=AXIS2_PLACEMENT_3D('',#6869,#5415,#5416);
#4656=AXIS2_PLACEMENT_3D('',#6872,#5418,#5419);
#4657=AXIS2_PLACEMENT_3D('',#6908,#5420,#5421);
#4658=AXIS2_PLACEMENT_3D('',#6911,#5422,#5423);
#4659=AXIS2_PLACEMENT_3D('',#6922,#5425,#5426);
#4660=AXIS2_PLACEMENT_3D('',#6950,#5427,#5428);
#4661=AXIS2_PLACEMENT_3D('',#6958,#5429,#5430);
#4662=AXIS2_PLACEMENT_3D('',#6976,#5431,#5432);
#4663=AXIS2_PLACEMENT_3D('',#7018,#5433,#5434);
#4664=AXIS2_PLACEMENT_3D('',#7019,#5435,#5436);
#4665=AXIS2_PLACEMENT_3D('',#7021,#5437,#5438);
#4666=AXIS2_PLACEMENT_3D('',#7025,#5440,#5441);
#4667=AXIS2_PLACEMENT_3D('',#7062,#5442,#5443);
#4668=AXIS2_PLACEMENT_3D('',#7068,#5447,#5448);
#4669=AXIS2_PLACEMENT_3D('',#7072,#5451,#5452);
#4670=AXIS2_PLACEMENT_3D('',#7076,#5455,#5456);
#4671=AXIS2_PLACEMENT_3D('',#7080,#5458,#5459);
#4672=AXIS2_PLACEMENT_3D('',#7084,#5461,#5462);
#4673=AXIS2_PLACEMENT_3D('',#7687,#5465,#5466);
#4674=AXIS2_PLACEMENT_3D('',#7689,#5467,#5468);
#4675=AXIS2_PLACEMENT_3D('',#7878,#5471,#5472);
#4676=AXIS2_PLACEMENT_3D('',#7880,#5473,#5474);
#4677=AXIS2_PLACEMENT_3D('',#7882,#5476,#5477);
#4678=AXIS2_PLACEMENT_3D('',#7887,#5479,#5480);
#4679=AXIS2_PLACEMENT_3D('',#7892,#5482,#5483);
#4680=AXIS2_PLACEMENT_3D('',#7896,#5485,#5486);
#4681=AXIS2_PLACEMENT_3D('',#7898,#5488,#5489);
#4682=AXIS2_PLACEMENT_3D('',#7907,#5494,#5495);
#4683=AXIS2_PLACEMENT_3D('',#7908,#5496,#5497);
#4684=AXIS2_PLACEMENT_3D('',#7910,#5499,#5500);
#4685=AXIS2_PLACEMENT_3D('',#7915,#5502,#5503);
#4686=AXIS2_PLACEMENT_3D('',#7923,#5505,#5506);
#4687=AXIS2_PLACEMENT_3D('',#7925,#5508,#5509);
#4688=AXIS2_PLACEMENT_3D('',#7936,#5515,#5516);
#4689=AXIS2_PLACEMENT_3D('',#7937,#5517,#5518);
#4690=AXIS2_PLACEMENT_3D('',#7940,#5520,#5521);
#4691=AXIS2_PLACEMENT_3D('',#7941,#5522,#5523);
#4692=AXIS2_PLACEMENT_3D('',#7946,#5525,#5526);
#4693=AXIS2_PLACEMENT_3D('',#7948,#5528,#5529);
#4694=AXIS2_PLACEMENT_3D('',#7953,#5531,#5532);
#4695=AXIS2_PLACEMENT_3D('',#7955,#5534,#5535);
#4696=AXIS2_PLACEMENT_3D('',#7964,#5538,#5539);
#4697=AXIS2_PLACEMENT_3D('',#7967,#5542,#5543);
#4698=AXIS2_PLACEMENT_3D('',#7975,#5546,#5547);
#4699=AXIS2_PLACEMENT_3D('',#7978,#5550,#5551);
#4700=AXIS2_PLACEMENT_3D('',#7986,#5554,#5555);
#4701=AXIS2_PLACEMENT_3D('',#7988,#5557,#5558);
#4702=AXIS2_PLACEMENT_3D('',#7994,#5560,#5561);
#4703=AXIS2_PLACEMENT_3D('',#7995,#5562,#5563);
#4704=AXIS2_PLACEMENT_3D('',#7996,#5564,#5565);
#4705=AXIS2_PLACEMENT_3D('',#7998,#5567,#5568);
#4706=AXIS2_PLACEMENT_3D('',#7999,#5569,#5570);
#4707=AXIS2_PLACEMENT_3D('',#8000,#5571,#5572);
#4708=AXIS2_PLACEMENT_3D('',#8001,#5573,#5574);
#4709=AXIS2_PLACEMENT_3D('',#8004,#5576,#5577);
#4710=AXIS2_PLACEMENT_3D('',#8005,#5578,#5579);
#4711=AXIS2_PLACEMENT_3D('',#8006,#5580,#5581);
#4712=AXIS2_PLACEMENT_3D('',#8008,#5582,#5583);
#4713=AXIS2_PLACEMENT_3D('',#8009,#5584,#5585);
#4714=AXIS2_PLACEMENT_3D('',#8011,#5587,#5588);
#4715=AXIS2_PLACEMENT_3D('',#8015,#5591,#5592);
#4716=AXIS2_PLACEMENT_3D('',#8019,#5595,#5596);
#4717=AXIS2_PLACEMENT_3D('',#8021,#5598,#5599);
#4718=AXIS2_PLACEMENT_3D('',#8023,#5600,#5601);
#4719=AXIS2_PLACEMENT_3D('',#8024,#5602,#5603);
#4720=AXIS2_PLACEMENT_3D('',#8026,#5605,#5606);
#4721=AXIS2_PLACEMENT_3D('',#8030,#5609,#5610);
#4722=AXIS2_PLACEMENT_3D('',#8031,#5611,#5612);
#4723=AXIS2_PLACEMENT_3D('',#8032,#5613,#5614);
#4724=AXIS2_PLACEMENT_3D('',#8040,#5617,#5618);
#4725=AXIS2_PLACEMENT_3D('',#8046,#5620,#5621);
#4726=AXIS2_PLACEMENT_3D('',#8047,#5622,#5623);
#4727=AXIS2_PLACEMENT_3D('',#8048,#5624,#5625);
#4728=AXIS2_PLACEMENT_3D('',#8056,#5628,#5629);
#4729=AXIS2_PLACEMENT_3D('',#8062,#5631,#5632);
#4730=AXIS2_PLACEMENT_3D('',#8063,#5633,#5634);
#4731=AXIS2_PLACEMENT_3D('',#8064,#5635,#5636);
#4732=AXIS2_PLACEMENT_3D('',#8066,#5638,#5639);
#4733=AXIS2_PLACEMENT_3D('',#8069,#5642,#5643);
#4734=AXIS2_PLACEMENT_3D('',#8071,#5645,#5646);
#4735=AXIS2_PLACEMENT_3D('',#8073,#5648,#5649);
#4736=AXIS2_PLACEMENT_3D('',#8075,#5650,#5651);
#4737=AXIS2_PLACEMENT_3D('',#8076,#5652,#5653);
#4738=AXIS2_PLACEMENT_3D('',#8077,#5654,#5655);
#4739=AXIS2_PLACEMENT_3D('',#8079,#5657,#5658);
#4740=AXIS2_PLACEMENT_3D('',#8080,#5659,#5660);
#4741=AXIS2_PLACEMENT_3D('',#8082,#5661,#5662);
#4742=AXIS2_PLACEMENT_3D('',#8083,#5663,#5664);
#4743=AXIS2_PLACEMENT_3D('',#8085,#5666,#5667);
#4744=AXIS2_PLACEMENT_3D('',#8089,#5670,#5671);
#4745=AXIS2_PLACEMENT_3D('',#8093,#5674,#5675);
#4746=AXIS2_PLACEMENT_3D('',#8095,#5677,#5678);
#4747=AXIS2_PLACEMENT_3D('',#8097,#5679,#5680);
#4748=AXIS2_PLACEMENT_3D('',#8098,#5681,#5682);
#4749=AXIS2_PLACEMENT_3D('',#8100,#5684,#5685);
#4750=AXIS2_PLACEMENT_3D('',#8101,#5686,#5687);
#4751=AXIS2_PLACEMENT_3D('',#8104,#5690,#5691);
#4752=AXIS2_PLACEMENT_3D('',#8107,#5694,#5695);
#4753=AXIS2_PLACEMENT_3D('',#8121,#5703,#5704);
#4754=AXIS2_PLACEMENT_3D('',#8122,#5705,#5706);
#4755=AXIS2_PLACEMENT_3D('',#8123,#5707,#5708);
#4756=AXIS2_PLACEMENT_3D('',#8126,#5709,#5710);
#4757=AXIS2_PLACEMENT_3D('',#8130,#5712,#5713);
#4758=AXIS2_PLACEMENT_3D('',#8132,#5715,#5716);
#4759=AXIS2_PLACEMENT_3D('',#8137,#5719,#5720);
#4760=AXIS2_PLACEMENT_3D('',#8138,#5721,#5722);
#4761=AXIS2_PLACEMENT_3D('',#8144,#5726,#5727);
#4762=AXIS2_PLACEMENT_3D('',#8149,#5731,#5732);
#4763=AXIS2_PLACEMENT_3D('',#8151,#5733,#5734);
#4764=AXIS2_PLACEMENT_3D('',#8153,#5736,#5737);
#4765=AXIS2_PLACEMENT_3D('',#8157,#5740,#5741);
#4766=AXIS2_PLACEMENT_3D('',#8159,#5742,#5743);
#4767=AXIS2_PLACEMENT_3D('',#8162,#5745,#5746);
#4768=AXIS2_PLACEMENT_3D('',#8163,#5747,#5748);
#4769=AXIS2_PLACEMENT_3D('',#8168,#5752,#5753);
#4770=AXIS2_PLACEMENT_3D('',#8169,#5754,#5755);
#4771=AXIS2_PLACEMENT_3D('',#8174,#5757,#5758);
#4772=AXIS2_PLACEMENT_3D('',#8178,#5760,#5761);
#4773=AXIS2_PLACEMENT_3D('',#8182,#5763,#5764);
#4774=AXIS2_PLACEMENT_3D('',#8185,#5766,#5767);
#4775=AXIS2_PLACEMENT_3D('',#8186,#5768,#5769);
#4776=AXIS2_PLACEMENT_3D('',#8189,#5772,#5773);
#4777=AXIS2_PLACEMENT_3D('',#8191,#5775,#5776);
#4778=AXIS2_PLACEMENT_3D('',#8193,#5778,#5779);
#4779=AXIS2_PLACEMENT_3D('',#8195,#5781,#5782);
#4780=AXIS2_PLACEMENT_3D('',#8197,#5784,#5785);
#4781=AXIS2_PLACEMENT_3D('',#8199,#5787,#5788);
#4782=AXIS2_PLACEMENT_3D('',#8201,#5790,#5791);
#4783=AXIS2_PLACEMENT_3D('',#8202,#5792,#5793);
#4784=AXIS2_PLACEMENT_3D('',#8203,#5794,#5795);
#4785=AXIS2_PLACEMENT_3D('',#8209,#5799,#5800);
#4786=AXIS2_PLACEMENT_3D('',#8215,#5804,#5805);
#4787=AXIS2_PLACEMENT_3D('',#8217,#5807,#5808);
#4788=AXIS2_PLACEMENT_3D('',#8219,#5810,#5811);
#4789=AXIS2_PLACEMENT_3D('',#8225,#5815,#5816);
#4790=AXIS2_PLACEMENT_3D('',#8229,#5819,#5820);
#4791=AXIS2_PLACEMENT_3D('',#8235,#5824,#5825);
#4792=AXIS2_PLACEMENT_3D('',#8239,#5828,#5829);
#4793=AXIS2_PLACEMENT_3D('',#8243,#5832,#5833);
#4794=AXIS2_PLACEMENT_3D('',#8245,#5835,#5836);
#4795=AXIS2_PLACEMENT_3D('',#8251,#5840,#5841);
#4796=AXIS2_PLACEMENT_3D('',#8255,#5844,#5845);
#4797=AXIS2_PLACEMENT_3D('',#8261,#5849,#5850);
#4798=AXIS2_PLACEMENT_3D('',#8265,#5853,#5854);
#4799=AXIS2_PLACEMENT_3D('',#8269,#5857,#5858);
#4800=AXIS2_PLACEMENT_3D('',#8271,#5860,#5861);
#4801=AXIS2_PLACEMENT_3D('',#8277,#5865,#5866);
#4802=AXIS2_PLACEMENT_3D('',#8281,#5869,#5870);
#4803=AXIS2_PLACEMENT_3D('',#8285,#5873,#5874);
#4804=AXIS2_PLACEMENT_3D('',#8287,#5876,#5877);
#4805=AXIS2_PLACEMENT_3D('',#8288,#5878,#5879);
#4806=AXIS2_PLACEMENT_3D('',#8292,#5882,#5883);
#4807=AXIS2_PLACEMENT_3D('',#8294,#5885,#5886);
#4808=AXIS2_PLACEMENT_3D('',#8295,#5887,#5888);
#4809=AXIS2_PLACEMENT_3D('',#8299,#5891,#5892);
#4810=AXIS2_PLACEMENT_3D('',#8301,#5894,#5895);
#4811=AXIS2_PLACEMENT_3D('',#8302,#5896,#5897);
#4812=AXIS2_PLACEMENT_3D('',#8304,#5898,#5899);
#4813=AXIS2_PLACEMENT_3D('',#8307,#5901,#5902);
#4814=AXIS2_PLACEMENT_3D('',#8308,#5903,#5904);
#4815=AXIS2_PLACEMENT_3D('',#8311,#5906,#5907);
#4816=AXIS2_PLACEMENT_3D('',#8312,#5908,#5909);
#4817=AXIS2_PLACEMENT_3D('',#8314,#5910,#5911);
#4818=AXIS2_PLACEMENT_3D('',#8315,#5912,#5913);
#4819=AXIS2_PLACEMENT_3D('',#8316,#5914,#5915);
#4820=AXIS2_PLACEMENT_3D('',#8319,#5916,#5917);
#4821=AXIS2_PLACEMENT_3D('',#8321,#5919,#5920);
#4822=AXIS2_PLACEMENT_3D('',#8322,#5921,#5922);
#4823=AXIS2_PLACEMENT_3D('',#8324,#5923,#5924);
#4824=AXIS2_PLACEMENT_3D('',#8326,#5926,#5927);
#4825=AXIS2_PLACEMENT_3D('',#8329,#5928,#5929);
#4826=AXIS2_PLACEMENT_3D('',#8331,#5931,#5932);
#4827=AXIS2_PLACEMENT_3D('',#8332,#5933,#5934);
#4828=AXIS2_PLACEMENT_3D('',#8334,#5935,#5936);
#4829=AXIS2_PLACEMENT_3D('',#8336,#5938,#5939);
#4830=AXIS2_PLACEMENT_3D('',#8339,#5940,#5941);
#4831=AXIS2_PLACEMENT_3D('',#8341,#5943,#5944);
#4832=AXIS2_PLACEMENT_3D('',#8342,#5945,#5946);
#4833=AXIS2_PLACEMENT_3D('',#8345,#5948,#5949);
#4834=AXIS2_PLACEMENT_3D('',#8346,#5950,#5951);
#4835=AXIS2_PLACEMENT_3D('',#8349,#5952,#5953);
#4836=AXIS2_PLACEMENT_3D('',#8351,#5955,#5956);
#4837=AXIS2_PLACEMENT_3D('',#8352,#5957,#5958);
#4838=AXIS2_PLACEMENT_3D('',#8355,#5960,#5961);
#4839=AXIS2_PLACEMENT_3D('',#8356,#5962,#5963);
#4840=AXIS2_PLACEMENT_3D('',#8358,#5964,#5965);
#4841=AXIS2_PLACEMENT_3D('',#8361,#5967,#5968);
#4842=AXIS2_PLACEMENT_3D('',#8362,#5969,#5970);
#4843=AXIS2_PLACEMENT_3D('',#8367,#5973,#5974);
#4844=AXIS2_PLACEMENT_3D('',#8368,#5975,#5976);
#4845=AXIS2_PLACEMENT_3D('',#8371,#5978,#5979);
#4846=AXIS2_PLACEMENT_3D('',#8372,#5980,#5981);
#4847=AXIS2_PLACEMENT_3D('',#8374,#5982,#5983);
#4848=AXIS2_PLACEMENT_3D('',#8376,#5985,#5986);
#4849=AXIS2_PLACEMENT_3D('',#8379,#5988,#5989);
#4850=AXIS2_PLACEMENT_3D('',#8380,#5990,#5991);
#4851=AXIS2_PLACEMENT_3D('',#8382,#5992,#5993);
#4852=AXIS2_PLACEMENT_3D('',#8384,#5995,#5996);
#4853=AXIS2_PLACEMENT_3D('',#8386,#5997,#5998);
#4854=AXIS2_PLACEMENT_3D('',#8388,#6000,#6001);
#4855=AXIS2_PLACEMENT_3D('',#8390,#6002,#6003);
#4856=AXIS2_PLACEMENT_3D('',#8392,#6005,#6006);
#4857=AXIS2_PLACEMENT_3D('',#8394,#6007,#6008);
#4858=AXIS2_PLACEMENT_3D('',#8396,#6010,#6011);
#4859=AXIS2_PLACEMENT_3D('',#8399,#6012,#6013);
#4860=AXIS2_PLACEMENT_3D('',#8401,#6015,#6016);
#4861=AXIS2_PLACEMENT_3D('',#8402,#6017,#6018);
#4862=AXIS2_PLACEMENT_3D('',#8404,#6020,#6021);
#4863=AXIS2_PLACEMENT_3D('',#8407,#6024,#6025);
#4864=AXIS2_PLACEMENT_3D('',#8409,#6027,#6028);
#4865=AXIS2_PLACEMENT_3D('',#8411,#6030,#6031);
#4866=AXIS2_PLACEMENT_3D('',#8413,#6033,#6034);
#4867=AXIS2_PLACEMENT_3D('',#8414,#6035,#6036);
#4868=AXIS2_PLACEMENT_3D('',#8416,#6038,#6039);
#4869=AXIS2_PLACEMENT_3D('',#8417,#6040,#6041);
#4870=AXIS2_PLACEMENT_3D('',#8423,#6045,#6046);
#4871=AXIS2_PLACEMENT_3D('',#8425,#6047,#6048);
#4872=AXIS2_PLACEMENT_3D('',#8427,#6050,#6051);
#4873=AXIS2_PLACEMENT_3D('',#8431,#6054,#6055);
#4874=AXIS2_PLACEMENT_3D('',#8432,#6056,#6057);
#4875=AXIS2_PLACEMENT_3D('',#8433,#6058,#6059);
#4876=AXIS2_PLACEMENT_3D('',#8437,#6061,#6062);
#4877=AXIS2_PLACEMENT_3D('',#8439,#6064,#6065);
#4878=AXIS2_PLACEMENT_3D('',#8443,#6068,#6069);
#4879=AXIS2_PLACEMENT_3D('',#8445,#6071,#6072);
#4880=AXIS2_PLACEMENT_3D('',#8448,#6074,#6075);
#4881=AXIS2_PLACEMENT_3D('',#8450,#6077,#6078);
#4882=AXIS2_PLACEMENT_3D('',#8452,#6080,#6081);
#4883=AXIS2_PLACEMENT_3D('',#8454,#6083,#6084);
#4884=AXIS2_PLACEMENT_3D('',#8456,#6086,#6087);
#4885=AXIS2_PLACEMENT_3D('',#8458,#6089,#6090);
#4886=AXIS2_PLACEMENT_3D('',#8459,#6091,#6092);
#4887=AXIS2_PLACEMENT_3D('',#8461,#6094,#6095);
#4888=AXIS2_PLACEMENT_3D('',#8462,#6096,#6097);
#4889=AXIS2_PLACEMENT_3D('',#8465,#6099,#6100);
#4890=AXIS2_PLACEMENT_3D('',#8466,#6101,#6102);
#4891=AXIS2_PLACEMENT_3D('',#8469,#6104,#6105);
#4892=AXIS2_PLACEMENT_3D('',#8470,#6106,#6107);
#4893=AXIS2_PLACEMENT_3D('',#8473,#6109,#6110);
#4894=AXIS2_PLACEMENT_3D('',#8474,#6111,#6112);
#4895=AXIS2_PLACEMENT_3D('',#8475,#6113,#6114);
#4896=AXIS2_PLACEMENT_3D('',#8478,#6116,#6117);
#4897=AXIS2_PLACEMENT_3D('',#8479,#6118,#6119);
#4898=AXIS2_PLACEMENT_3D('',#8480,#6120,#6121);
#4899=AXIS2_PLACEMENT_3D('',#8482,#6123,#6124);
#4900=AXIS2_PLACEMENT_3D('',#8484,#6126,#6127);
#4901=AXIS2_PLACEMENT_3D('',#8486,#6129,#6130);
#4902=AXIS2_PLACEMENT_3D('',#8488,#6132,#6133);
#4903=AXIS2_PLACEMENT_3D('',#8490,#6134,#6135);
#4904=AXIS2_PLACEMENT_3D('',#8493,#6137,#6138);
#4905=AXIS2_PLACEMENT_3D('',#8494,#6139,#6140);
#4906=AXIS2_PLACEMENT_3D('',#8496,#6142,#6143);
#4907=AXIS2_PLACEMENT_3D('',#8497,#6144,#6145);
#4908=AXIS2_PLACEMENT_3D('',#8499,#6147,#6148);
#4909=AXIS2_PLACEMENT_3D('',#8501,#6150,#6151);
#4910=AXIS2_PLACEMENT_3D('',#8503,#6152,#6153);
#4911=AXIS2_PLACEMENT_3D('',#8506,#6155,#6156);
#4912=AXIS2_PLACEMENT_3D('',#8507,#6157,#6158);
#4913=AXIS2_PLACEMENT_3D('',#8509,#6160,#6161);
#4914=AXIS2_PLACEMENT_3D('',#8510,#6162,#6163);
#4915=AXIS2_PLACEMENT_3D('',#8512,#6165,#6166);
#4916=AXIS2_PLACEMENT_3D('',#8514,#6168,#6169);
#4917=AXIS2_PLACEMENT_3D('',#8515,#6170,#6171);
#4918=AXIS2_PLACEMENT_3D('',#8516,#6172,#6173);
#4919=DIRECTION('axis',(0.,0.,1.));
#4920=DIRECTION('refdir',(1.,0.,0.));
#4921=DIRECTION('center_axis',(0.,-2.22044604925031E-16,-1.));
#4922=DIRECTION('ref_axis',(1.22464679914735E-16,1.,-2.22044604925031E-16));
#4923=DIRECTION('',(0.,-2.22044604925031E-16,-1.));
#4924=DIRECTION('center_axis',(0.,-2.22044604925031E-16,-1.));
#4925=DIRECTION('ref_axis',(-1.22464679914735E-16,-1.,2.22044604925031E-16));
#4926=DIRECTION('',(0.,2.22044604925031E-16,1.));
#4927=DIRECTION('center_axis',(0.,2.22044604925031E-16,1.));
#4928=DIRECTION('ref_axis',(-1.22464679914735E-16,-1.,2.22044604925031E-16));
#4929=DIRECTION('center_axis',(0.,-2.22044604925031E-16,-1.));
#4930=DIRECTION('ref_axis',(1.22464679914735E-16,1.,-2.22044604925031E-16));
#4931=DIRECTION('',(0.,2.22044604925031E-16,1.));
#4932=DIRECTION('',(0.,-2.22044604925031E-16,-1.));
#4933=DIRECTION('center_axis',(0.,-2.22044604925031E-16,-1.));
#4934=DIRECTION('ref_axis',(1.22464679914735E-16,1.,-2.22044604925031E-16));
#4935=DIRECTION('center_axis',(0.,-2.22044604925031E-16,-1.));
#4936=DIRECTION('ref_axis',(1.22464679914735E-16,1.,-2.22044604925031E-16));
#4937=DIRECTION('',(0.,-2.22044604925031E-16,-1.));
#4938=DIRECTION('center_axis',(0.,-2.22044604925031E-16,-1.));
#4939=DIRECTION('ref_axis',(-1.22464679914735E-16,-1.,2.22044604925031E-16));
#4940=DIRECTION('center_axis',(0.,2.22044604925031E-16,1.));
#4941=DIRECTION('ref_axis',(1.22464679914735E-16,1.,-2.22044604925031E-16));
#4942=DIRECTION('',(-0.984807753012208,-0.173648177666932,3.85576410060055E-17));
#4943=DIRECTION('',(0.173648177666931,-0.984807753012208,2.18671248444704E-16));
#4944=DIRECTION('center_axis',(0.,2.22044604925031E-16,1.));
#4945=DIRECTION('ref_axis',(0.819152044288988,-0.573576436351051,1.27359553203876E-16));
#4946=DIRECTION('',(-0.984807753012208,-0.173648177666931,3.85576410060053E-17));
#4947=DIRECTION('center_axis',(8.46062113879395E-18,-2.2055276914471E-16,
-1.));
#4948=DIRECTION('ref_axis',(-0.984807753012205,-0.17364817766695,2.99665011485951E-17));
#4949=DIRECTION('',(-0.173648177666934,0.984807753012207,-2.18671248444703E-16));
#4950=DIRECTION('',(-0.984807753012208,-0.173648177666932,3.85576410060055E-17));
#4951=DIRECTION('',(-0.173648177666932,0.984807753012208,-2.18671248444703E-16));
#4952=DIRECTION('',(-0.984807753012208,-0.17364817766693,3.85576410060051E-17));
#4953=DIRECTION('',(-0.00938411004951441,0.999955968269893,-2.22034827916915E-16));
#4954=DIRECTION('',(-0.173648177666932,0.984807753012208,-2.18671248444703E-16));
#4955=DIRECTION('',(-0.819152044288999,0.573576436351036,-1.27359553203873E-16));
#4956=DIRECTION('',(0.984807753012208,0.173648177666931,-3.85576410060053E-17));
#4957=DIRECTION('center_axis',(0.,-2.22044604925031E-16,-1.));
#4958=DIRECTION('ref_axis',(-0.766044443118981,0.642787609686536,-1.42727520843552E-16));
#4959=DIRECTION('',(1.22464679914735E-16,1.,-2.22044604925031E-16));
#4960=DIRECTION('center_axis',(0.,-2.22044604925031E-16,-1.));
#4961=DIRECTION('ref_axis',(-0.707106781186548,-0.707106781186547,1.57009245868378E-16));
#4962=DIRECTION('',(-1.,1.22464679914735E-16,-2.71926214689378E-32));
#4963=DIRECTION('center_axis',(0.,2.22044604925031E-16,1.));
#4964=DIRECTION('ref_axis',(0.707106781186548,0.707106781186547,-1.57009245868378E-16));
#4965=DIRECTION('',(1.22464679914735E-16,1.,-2.22044604925031E-16));
#4966=DIRECTION('center_axis',(0.,2.22044604925031E-16,1.));
#4967=DIRECTION('ref_axis',(0.707106781186547,-0.707106781186548,1.57009245868378E-16));
#4968=DIRECTION('',(1.,-1.22464679914735E-16,2.71926214689378E-32));
#4969=DIRECTION('',(1.22464679914735E-16,1.,-2.22044604925031E-16));
#4970=DIRECTION('',(-1.,1.22464679914735E-16,-2.71926214689378E-32));
#4971=DIRECTION('center_axis',(0.,-2.22044604925031E-16,-1.));
#4972=DIRECTION('ref_axis',(0.992773891679269,-0.12,2.66453525910038E-17));
#4973=DIRECTION('',(-1.,1.22464679914735E-16,-2.71926214689378E-32));
#4974=DIRECTION('',(1.22464679914735E-16,1.,-2.22044604925031E-16));
#4975=DIRECTION('',(-1.,1.22464679914735E-16,-2.71926214689378E-32));
#4976=DIRECTION('',(-9.63855877081879E-17,-1.,2.22044604925031E-16));
#4977=DIRECTION('',(-1.,1.22464679914735E-16,-2.71926214689378E-32));
#4978=DIRECTION('center_axis',(0.,-2.22044604925031E-16,-1.));
#4979=DIRECTION('ref_axis',(-0.992773891679269,-0.12,2.66453525910037E-17));
#4980=DIRECTION('',(-1.,1.22464679914735E-16,-2.71926214689378E-32));
#4981=DIRECTION('',(-1.22464679914735E-16,-1.,2.22044604925031E-16));
#4982=DIRECTION('',(1.,-1.22464679914735E-16,2.71926214689378E-32));
#4983=DIRECTION('center_axis',(0.,2.22044604925031E-16,1.));
#4984=DIRECTION('ref_axis',(-0.707106781186548,-0.707106781186547,1.57009245868377E-16));
#4985=DIRECTION('',(-9.63855877081879E-17,-1.,2.22044604925031E-16));
#4986=DIRECTION('center_axis',(0.,-2.22044604925031E-16,-1.));
#4987=DIRECTION('ref_axis',(0.642787609686546,0.766044443118973,-1.70096035727368E-16));
#4988=DIRECTION('',(0.984807753012208,0.173648177666931,-3.85576410060053E-17));
#4989=DIRECTION('',(-0.573576436351127,-0.819152044288935,1.81888292047668E-16));
#4990=DIRECTION('',(0.173648177666932,-0.984807753012208,2.18671248444703E-16));
#4991=DIRECTION('',(0.333186904620857,-0.942860799158164,2.09357153648374E-16));
#4992=DIRECTION('',(-0.984807753012208,-0.173648177666929,3.85576410060049E-17));
#4993=DIRECTION('',(0.173648177666932,-0.984807753012208,2.18671248444703E-16));
#4994=DIRECTION('',(-1.,1.22464679914735E-16,-2.71926214689378E-32));
#4995=DIRECTION('center_axis',(0.,2.22044604925031E-16,1.));
#4996=DIRECTION('ref_axis',(0.707106781186548,0.707106781186547,-1.57009245868378E-16));
#4997=DIRECTION('',(1.,-1.22464679914735E-16,2.71926214689378E-32));
#4998=DIRECTION('center_axis',(0.,2.22044604925031E-16,1.));
#4999=DIRECTION('ref_axis',(-0.707106781186547,0.707106781186548,-1.57009245868378E-16));
#5000=DIRECTION('center_axis',(0.,-2.22044604925031E-16,-1.));
#5001=DIRECTION('ref_axis',(-0.0333333333333334,0.999444290037663,-2.21921212525991E-16));
#5002=DIRECTION('',(0.723414229230352,-0.690414261836367,1.53302762004063E-16));
#5003=DIRECTION('',(3.75829426820857E-16,-1.,2.22044604925031E-16));
#5004=DIRECTION('',(-0.665357158614044,-0.746525184760063,1.65761889716634E-16));
#5005=DIRECTION('',(8.75488600647203E-16,-1.,2.22044604925031E-16));
#5006=DIRECTION('center_axis',(0.,2.22044604925031E-16,1.));
#5007=DIRECTION('ref_axis',(-1.22464679914735E-16,-1.,2.22044604925031E-16));
#5008=DIRECTION('center_axis',(0.,2.22044604925031E-16,1.));
#5009=DIRECTION('ref_axis',(-1.22464679914735E-16,-1.,2.22044604925031E-16));
#5010=DIRECTION('',(-1.11905289338592E-15,-1.,2.22044604925031E-16));
#5011=DIRECTION('',(-0.723414229230337,-0.690414261836383,1.53302762004067E-16));
#5012=DIRECTION('center_axis',(0.,-2.22044604925031E-16,-1.));
#5013=DIRECTION('ref_axis',(0.0333333333333331,-0.999444290037663,2.21921212525991E-16));
#5014=DIRECTION('',(0.00164422870234915,-0.999998648255074,2.22044304777363E-16));
#5015=DIRECTION('',(-1.22464679914735E-16,-1.,2.22044604925031E-16));
#5016=DIRECTION('center_axis',(0.,-2.22044604925031E-16,-1.));
#5017=DIRECTION('ref_axis',(1.22464679914735E-16,1.,-2.22044604925031E-16));
#5018=DIRECTION('center_axis',(0.,-2.22044604925031E-16,-1.));
#5019=DIRECTION('ref_axis',(1.22464679914735E-16,1.,-2.22044604925031E-16));
#5020=DIRECTION('',(0.665357158614024,-0.746525184760081,1.65761889716638E-16));
#5021=DIRECTION('center_axis',(0.,2.22044604925031E-16,1.));
#5022=DIRECTION('ref_axis',(-1.22464679914735E-16,-1.,2.22044604925031E-16));
#5023=DIRECTION('',(1.22464679914735E-16,1.,-2.22044604925031E-16));
#5024=DIRECTION('',(1.,-1.22464679914735E-16,2.71926214689378E-32));
#5025=DIRECTION('',(-1.22464679914735E-16,-1.,2.22044604925031E-16));
#5026=DIRECTION('',(-1.,1.22464679914735E-16,-2.71926214689378E-32));
#5027=DIRECTION('',(1.22464679914735E-16,1.,-2.22044604925031E-16));
#5028=DIRECTION('',(1.,-1.22464679914735E-16,2.71926214689378E-32));
#5029=DIRECTION('',(-1.22464679914735E-16,-1.,2.22044604925031E-16));
#5030=DIRECTION('',(-1.,1.22464679914735E-16,-2.71926214689378E-32));
#5031=DIRECTION('',(1.22464679914735E-16,1.,-2.22044604925031E-16));
#5032=DIRECTION('',(1.,-1.22464679914735E-16,2.71926214689378E-32));
#5033=DIRECTION('',(-1.22464679914735E-16,-1.,2.22044604925031E-16));
#5034=DIRECTION('',(-1.,1.22464679914735E-16,-2.71926214689378E-32));
#5035=DIRECTION('center_axis',(0.,2.22044604925031E-16,1.));
#5036=DIRECTION('ref_axis',(1.22464679914735E-16,1.,-2.22044604925031E-16));
#5037=DIRECTION('center_axis',(0.,2.22044604925031E-16,1.));
#5038=DIRECTION('ref_axis',(1.22464679914735E-16,1.,-2.22044604925031E-16));
#5039=DIRECTION('center_axis',(0.,-2.22044604925031E-16,-1.));
#5040=DIRECTION('ref_axis',(-1.,1.22464679914735E-16,-2.71926214689378E-32));
#5041=DIRECTION('center_axis',(0.,-2.22044604925031E-16,-1.));
#5042=DIRECTION('ref_axis',(1.,-1.22464679914735E-16,2.71926214689378E-32));
#5043=DIRECTION('center_axis',(0.,2.22044604925031E-16,1.));
#5044=DIRECTION('ref_axis',(1.22464679914735E-16,1.,-2.22044604925031E-16));
#5045=DIRECTION('center_axis',(0.,2.22044604925031E-16,1.));
#5046=DIRECTION('ref_axis',(1.22464679914735E-16,1.,-2.22044604925031E-16));
#5047=DIRECTION('center_axis',(-0.12278780396897,0.69636424032,0.707106781186567));
#5048=DIRECTION('ref_axis',(-0.984807753012208,-0.173648177666931,1.08020653903764E-17));
#5049=DIRECTION('',(-0.468323199181429,-0.668834843421907,0.577350269189567));
#5050=DIRECTION('',(-0.122787803968983,0.696364240320037,-0.707106781186528));
#5051=DIRECTION('',(-0.984807753012208,-0.173648177666931,3.85576410060053E-17));
#5052=DIRECTION('center_axis',(0.,-2.22044604925031E-16,-1.));
#5053=DIRECTION('ref_axis',(0.642787609686546,0.766044443118973,-1.70096035727368E-16));
#5054=DIRECTION('',(0.707106781186546,-2.43604851491927E-16,-0.707106781186549));
#5055=DIRECTION('center_axis',(0.,2.22044604925031E-16,1.));
#5056=DIRECTION('ref_axis',(0.642787609686546,0.766044443118973,-1.70096035727368E-16));
#5057=DIRECTION('center_axis',(0.707106781186545,8.88543431912678E-17,0.70710678118655));
#5058=DIRECTION('ref_axis',(9.6385587708188E-17,1.,-2.22044604925031E-16));
#5059=DIRECTION('',(0.707106781186549,-2.43604851491927E-16,-0.707106781186546));
#5060=DIRECTION('',(9.63855877081879E-17,1.,-2.22044604925031E-16));
#5061=DIRECTION('center_axis',(0.,2.22044604925031E-16,1.));
#5062=DIRECTION('ref_axis',(-0.707106781186548,-0.707106781186547,1.57009245868377E-16));
#5063=DIRECTION('center_axis',(0.,-2.22044604925031E-16,-1.));
#5064=DIRECTION('ref_axis',(-0.707106781186548,-0.707106781186547,1.57009245868377E-16));
#5065=DIRECTION('center_axis',(0.819152044288935,-0.573576436351127,1.27359553203893E-16));
#5066=DIRECTION('ref_axis',(-0.573576436351127,-0.819152044288935,1.81888292047668E-16));
#5067=DIRECTION('',(0.,2.22044604925031E-16,1.));
#5068=DIRECTION('',(-0.573576436351127,-0.819152044288935,1.81888292047668E-16));
#5069=DIRECTION('',(0.,-2.22044604925031E-16,-1.));
#5070=DIRECTION('center_axis',(-0.173648177666931,0.984807753012208,-2.18671248444704E-16));
#5071=DIRECTION('ref_axis',(-0.984807753012208,-0.173648177666931,3.85576410060053E-17));
#5072=DIRECTION('',(0.,2.22044604925031E-16,1.));
#5073=DIRECTION('',(0.984807753012208,0.173648177666931,-3.85576410060053E-17));
#5074=DIRECTION('',(0.,-2.22044604925031E-16,-1.));
#5075=DIRECTION('',(-0.984807753012208,-0.173648177666931,3.85576410060053E-17));
#5076=DIRECTION('',(0.,-2.22044604925031E-16,-1.));
#5077=DIRECTION('',(0.984807753012208,0.173648177666931,-3.85576410060053E-17));
#5078=DIRECTION('',(-6.31212022601778E-30,-2.22044604925032E-16,-1.));
#5079=DIRECTION('center_axis',(-0.173648177666931,0.984807753012208,-2.18671248444704E-16));
#5080=DIRECTION('ref_axis',(-0.696364240320018,-0.122787803968973,-0.707106781186549));
#5081=DIRECTION('',(0.984807753012208,0.173648177666931,-3.65093824719287E-16));
#5082=DIRECTION('center_axis',(-0.173648177666931,0.984807753012208,-2.18671248444704E-16));
#5083=DIRECTION('ref_axis',(0.696364240320017,0.122787803968973,-0.707106781186549));
#5084=DIRECTION('',(0.,2.22044604925031E-16,1.));
#5085=DIRECTION('',(0.984807753012208,0.173648177666931,-3.85576410060053E-17));
#5086=DIRECTION('center_axis',(0.,2.22044604925031E-16,1.));
#5087=DIRECTION('ref_axis',(0.707106781186547,-0.707106781186548,1.57009245868378E-16));
#5088=DIRECTION('',(-0.707106781186546,-7.04136402448287E-17,-0.707106781186549));
#5089=DIRECTION('center_axis',(0.,-2.22044604925031E-16,-1.));
#5090=DIRECTION('ref_axis',(0.707106781186547,-0.707106781186548,1.57009245868378E-16));
#5091=DIRECTION('center_axis',(-0.707106781186543,2.43604851491927E-16,
0.707106781186552));
#5092=DIRECTION('ref_axis',(-1.22464679914735E-16,-1.,2.22044604925031E-16));
#5093=DIRECTION('',(-0.707106781186552,-7.04136402448266E-17,-0.707106781186543));
#5094=DIRECTION('',(-1.22464679914735E-16,-1.,2.22044604925031E-16));
#5095=DIRECTION('center_axis',(0.,2.22044604925031E-16,1.));
#5096=DIRECTION('ref_axis',(0.707106781186548,0.707106781186547,-1.57009245868378E-16));
#5097=DIRECTION('',(-8.65956056235499E-17,-0.707106781186552,-0.707106781186543));
#5098=DIRECTION('center_axis',(0.,-2.22044604925031E-16,-1.));
#5099=DIRECTION('ref_axis',(0.707106781186548,0.707106781186547,-1.57009245868377E-16));
#5100=DIRECTION('center_axis',(-8.65956056235487E-17,-0.707106781186543,
0.707106781186552));
#5101=DIRECTION('ref_axis',(1.,-1.22464679914735E-16,2.71926214689378E-32));
#5102=DIRECTION('',(-8.65956056235499E-17,-0.707106781186552,-0.707106781186543));
#5103=DIRECTION('',(1.,-1.22464679914735E-16,2.71926214689378E-32));
#5104=DIRECTION('center_axis',(0.,-2.22044604925031E-16,-1.));
#5105=DIRECTION('ref_axis',(-0.707106781186548,-0.707106781186547,1.57009245868378E-16));
#5106=DIRECTION('',(-0.707106781186552,-7.04136402448266E-17,-0.707106781186543));
#5107=DIRECTION('center_axis',(0.,2.22044604925031E-16,1.));
#5108=DIRECTION('ref_axis',(-0.707106781186548,-0.707106781186547,1.57009245868377E-16));
#5109=DIRECTION('center_axis',(-0.707106781186543,2.43604851491927E-16,
0.707106781186552));
#5110=DIRECTION('ref_axis',(-1.22464679914735E-16,-1.,2.22044604925031E-16));
#5111=DIRECTION('',(-0.707106781186552,-7.04136402448266E-17,-0.707106781186543));
#5112=DIRECTION('',(-1.22464679914735E-16,-1.,2.22044604925031E-16));
#5113=DIRECTION('center_axis',(0.,-2.22044604925031E-16,-1.));
#5114=DIRECTION('ref_axis',(-0.76604444311898,0.642787609686536,-1.42727520843552E-16));
#5115=DIRECTION('',(-0.122787803968981,0.696364240320012,-0.707106781186553));
#5116=DIRECTION('center_axis',(0.,2.22044604925031E-16,1.));
#5117=DIRECTION('ref_axis',(-0.766044443118981,0.642787609686536,-1.42727520843552E-16));
#5118=DIRECTION('center_axis',(-0.12278780396897,0.69636424032,0.707106781186567));
#5119=DIRECTION('ref_axis',(-0.984807753012208,-0.173648177666931,1.08020653903764E-17));
#5120=DIRECTION('',(-0.66883484342194,0.468323199181341,-0.5773502691896));
#5121=DIRECTION('center_axis',(0.707106781186549,-2.43604851491927E-16,
-0.707106781186546));
#5122=DIRECTION('ref_axis',(1.22464679914735E-16,1.,-2.22044604925031E-16));
#5123=DIRECTION('',(-0.577350269189622,0.577350269189631,-0.577350269189624));
#5124=DIRECTION('',(1.22464679914735E-16,1.,-2.22044604925031E-16));
#5125=DIRECTION('',(0.707106781186546,7.04136402448287E-17,0.707106781186549));
#5126=DIRECTION('',(-1.22464679914735E-16,-1.,2.22044604925031E-16));
#5127=DIRECTION('',(-0.577350269189625,-0.577350269189626,-0.577350269189627));
#5128=DIRECTION('center_axis',(0.,-2.22044604925031E-16,-1.));
#5129=DIRECTION('ref_axis',(-0.707106781186548,-0.707106781186547,1.57009245868377E-16));
#5130=DIRECTION('',(0.707106781186547,7.04136402448283E-17,0.707106781186548));
#5131=DIRECTION('center_axis',(0.,2.22044604925031E-16,1.));
#5132=DIRECTION('ref_axis',(-0.707106781186548,-0.707106781186547,1.57009245868377E-16));
#5133=DIRECTION('',(3.05927509047395E-16,-0.707106781186546,-0.707106781186549));
#5134=DIRECTION('center_axis',(0.,-2.22044604925031E-16,-1.));
#5135=DIRECTION('ref_axis',(-0.707106781186548,-0.707106781186547,1.57009245868377E-16));
#5136=DIRECTION('center_axis',(0.707106781186547,-2.25164148545488E-16,
-0.707106781186548));
#5137=DIRECTION('ref_axis',(9.6385587708188E-17,1.,-2.22044604925031E-16));
#5138=DIRECTION('',(9.63855877081879E-17,1.,-2.22044604925031E-16));
#5139=DIRECTION('',(0.707106781186548,7.0413640244828E-17,0.707106781186547));
#5140=DIRECTION('',(-9.63855877081879E-17,-1.,2.22044604925031E-16));
#5141=DIRECTION('center_axis',(0.,2.22044604925031E-16,1.));
#5142=DIRECTION('ref_axis',(0.642787609686546,0.766044443118973,-1.70096035727368E-16));
#5143=DIRECTION('center_axis',(0.,2.22044604925031E-16,1.));
#5144=DIRECTION('ref_axis',(0.642787609686546,0.766044443118973,-1.70096035727368E-16));
#5145=DIRECTION('',(-0.122787803968973,0.696364240320013,0.707106781186553));
#5146=DIRECTION('center_axis',(0.,-2.22044604925031E-16,-1.));
#5147=DIRECTION('ref_axis',(0.642787609686546,0.766044443118973,-1.70096035727368E-16));
#5148=DIRECTION('center_axis',(-0.122787803968974,0.696364240320025,-0.707106781186541));
#5149=DIRECTION('ref_axis',(-0.984807753012208,-0.173648177666931,-2.11242539534655E-16));
#5150=DIRECTION('',(-0.984807753012208,-0.173648177666931,3.85576410060053E-17));
#5151=DIRECTION('',(-0.122787803968969,0.696364240320013,0.707106781186554));
#5152=DIRECTION('center_axis',(0.,2.22044604925031E-16,1.));
#5153=DIRECTION('ref_axis',(-0.766044443118981,0.642787609686536,-1.42727520843552E-16));
#5154=DIRECTION('center_axis',(0.,2.22044604925031E-16,1.));
#5155=DIRECTION('ref_axis',(-0.766044443118981,0.642787609686536,-1.42727520843552E-16));
#5156=DIRECTION('',(-0.707106781186546,2.43604851491927E-16,0.707106781186549));
#5157=DIRECTION('center_axis',(0.,-2.22044604925031E-16,-1.));
#5158=DIRECTION('ref_axis',(-0.766044443118981,0.642787609686536,-1.42727520843552E-16));
#5159=DIRECTION('center_axis',(-0.707106781186549,-7.04136402448276E-17,
-0.707106781186546));
#5160=DIRECTION('ref_axis',(-1.22464679914735E-16,-1.,2.22044604925031E-16));
#5161=DIRECTION('',(-1.22464679914735E-16,-1.,2.22044604925031E-16));
#5162=DIRECTION('',(-0.707106781186546,2.43604851491927E-16,0.707106781186549));
#5163=DIRECTION('',(1.22464679914735E-16,1.,-2.22044604925031E-16));
#5164=DIRECTION('center_axis',(0.,2.22044604925031E-16,1.));
#5165=DIRECTION('ref_axis',(-0.707106781186548,-0.707106781186547,1.57009245868378E-16));
#5166=DIRECTION('center_axis',(0.,2.22044604925031E-16,1.));
#5167=DIRECTION('ref_axis',(-0.707106781186548,-0.707106781186547,1.57009245868378E-16));
#5168=DIRECTION('',(-6.3669654403586E-15,-0.707106781186552,0.707106781186543));
#5169=DIRECTION('center_axis',(0.,-2.22044604925031E-16,-1.));
#5170=DIRECTION('ref_axis',(-0.707106781186548,-0.707106781186547,1.57009245868377E-16));
#5171=DIRECTION('center_axis',(-8.65956056235495E-17,-0.707106781186549,
-0.707106781186546));
#5172=DIRECTION('ref_axis',(1.,-1.22464679914735E-16,2.71926214689378E-32));
#5173=DIRECTION('',(1.,-1.22464679914735E-16,2.71926214689378E-32));
#5174=DIRECTION('',(-8.65956056235491E-17,-0.707106781186546,0.707106781186549));
#5175=DIRECTION('',(-1.,1.22464679914735E-16,-2.71926214689378E-32));
#5176=DIRECTION('center_axis',(0.,-2.22044604925031E-16,-1.));
#5177=DIRECTION('ref_axis',(0.707106781186548,0.707106781186547,-1.57009245868378E-16));
#5178=DIRECTION('center_axis',(0.,-2.22044604925031E-16,-1.));
#5179=DIRECTION('ref_axis',(0.707106781186548,0.707106781186547,-1.57009245868377E-16));
#5180=DIRECTION('',(-0.707106781186546,2.43604851491927E-16,0.707106781186549));
#5181=DIRECTION('center_axis',(0.,2.22044604925031E-16,1.));
#5182=DIRECTION('ref_axis',(0.707106781186548,0.707106781186547,-1.57009245868377E-16));
#5183=DIRECTION('center_axis',(-0.707106781186549,-7.04136402448276E-17,
-0.707106781186546));
#5184=DIRECTION('ref_axis',(-1.22464679914735E-16,-1.,2.22044604925031E-16));
#5185=DIRECTION('',(-1.22464679914735E-16,-1.,2.22044604925031E-16));
#5186=DIRECTION('',(-0.707106781186546,2.43604851491927E-16,0.707106781186549));
#5187=DIRECTION('',(1.22464679914735E-16,1.,-2.22044604925031E-16));
#5188=DIRECTION('center_axis',(0.,-2.22044604925031E-16,-1.));
#5189=DIRECTION('ref_axis',(0.707106781186547,-0.707106781186548,1.57009245868378E-16));
#5190=DIRECTION('',(8.65956056235492E-17,0.707106781186546,0.707106781186549));
#5191=DIRECTION('center_axis',(0.,2.22044604925031E-16,1.));
#5192=DIRECTION('ref_axis',(0.707106781186547,-0.707106781186548,1.57009245868378E-16));
#5193=DIRECTION('center_axis',(0.,-2.22044604925031E-16,-1.));
#5194=DIRECTION('ref_axis',(0.707106781186547,-0.707106781186548,1.57009245868377E-16));
#5195=DIRECTION('center_axis',(8.65956056235491E-17,0.707106781186546,-0.707106781186549));
#5196=DIRECTION('ref_axis',(-1.,1.22464679914735E-16,-2.71926214689378E-32));
#5197=DIRECTION('',(1.,-1.22464679914735E-16,2.71926214689378E-32));
#5198=DIRECTION('',(-8.65956056235495E-17,-0.707106781186549,-0.707106781186546));
#5199=DIRECTION('',(-1.,1.22464679914735E-16,-2.71926214689378E-32));
#5200=DIRECTION('center_axis',(8.65956056235491E-17,0.707106781186546,-0.707106781186549));
#5201=DIRECTION('ref_axis',(-1.,1.22464679914735E-16,-2.71926214689378E-32));
#5202=DIRECTION('',(8.65956056235495E-17,0.707106781186549,0.707106781186546));
#5203=DIRECTION('',(1.,-1.22464679914735E-16,2.71926214689378E-32));
#5204=DIRECTION('',(-1.,1.22464679914735E-16,-2.71926214689378E-32));
#5205=DIRECTION('center_axis',(0.,2.22044604925031E-16,1.));
#5206=DIRECTION('ref_axis',(0.707106781186548,0.707106781186547,-1.57009245868378E-16));
#5207=DIRECTION('center_axis',(0.,-2.22044604925031E-16,-1.));
#5208=DIRECTION('ref_axis',(0.707106781186548,0.707106781186547,-1.57009245868378E-16));
#5209=DIRECTION('center_axis',(-0.707106781186549,-7.04136402448276E-17,
-0.707106781186546));
#5210=DIRECTION('ref_axis',(-1.22464679914735E-16,-1.,2.22044604925031E-16));
#5211=DIRECTION('',(-0.577350269189627,0.577350269189622,0.577350269189629));
#5212=DIRECTION('',(1.22464679914735E-16,1.,-2.22044604925031E-16));
#5213=DIRECTION('',(0.707106781186546,-2.43604851491927E-16,-0.707106781186549));
#5214=DIRECTION('',(-1.22464679914735E-16,-1.,2.22044604925031E-16));
#5215=DIRECTION('',(-0.577350269189622,-0.577350269189631,0.577350269189624));
#5216=DIRECTION('center_axis',(0.,2.22044604925031E-16,1.));
#5217=DIRECTION('ref_axis',(-0.707106781186552,0.707106781186543,-1.57009245868377E-16));
#5218=DIRECTION('center_axis',(0.,-2.22044604925031E-16,-1.));
#5219=DIRECTION('ref_axis',(-0.707106781186552,0.707106781186543,-1.57009245868377E-16));
#5220=DIRECTION('center_axis',(0.707106781186548,-0.707106781186547,1.57009245868377E-16));
#5221=DIRECTION('ref_axis',(0.707106781186547,0.707106781186548,-1.57009245868378E-16));
#5222=DIRECTION('',(0.,2.22044604925031E-16,1.));
#5223=DIRECTION('',(0.577350269189632,0.57735026918962,0.577350269189625));
#5224=DIRECTION('',(0.,-2.22044604925031E-16,-1.));
#5225=DIRECTION('center_axis',(1.,-1.22464679914735E-16,2.71926214689378E-32));
#5226=DIRECTION('ref_axis',(1.22464679914735E-16,1.,-2.22044604925031E-16));
#5227=DIRECTION('',(0.,-2.22044604925031E-16,-1.));
#5228=DIRECTION('',(1.22464679914735E-16,1.,-2.22044604925031E-16));
#5229=DIRECTION('',(0.,2.22044604925031E-16,1.));
#5230=DIRECTION('center_axis',(0.,-2.22044604925031E-16,-1.));
#5231=DIRECTION('ref_axis',(0.707106781186548,0.707106781186547,-1.57009245868378E-16));
#5232=DIRECTION('',(0.,2.22044604925031E-16,1.));
#5233=DIRECTION('center_axis',(0.,-2.22044604925031E-16,-1.));
#5234=DIRECTION('ref_axis',(0.707106781186548,0.707106781186547,-1.57009245868378E-16));
#5235=DIRECTION('center_axis',(0.,-2.22044604925031E-16,-1.));
#5236=DIRECTION('ref_axis',(-0.707106781186548,-0.707106781186547,1.57009245868377E-16));
#5237=DIRECTION('',(0.,-2.22044604925031E-16,-1.));
#5238=DIRECTION('',(0.,2.22044604925031E-16,1.));
#5239=DIRECTION('center_axis',(1.,-9.63855877081879E-17,2.14018997431315E-32));
#5240=DIRECTION('ref_axis',(9.63855877081879E-17,1.,-2.22044604925031E-16));
#5241=DIRECTION('',(0.,-2.22044604925031E-16,-1.));
#5242=DIRECTION('center_axis',(0.,2.22044604925031E-16,1.));
#5243=DIRECTION('ref_axis',(0.642787609686546,0.766044443118973,-1.70096035727368E-16));
#5244=DIRECTION('center_axis',(0.,2.22044604925031E-16,1.));
#5245=DIRECTION('ref_axis',(-0.766044443118981,0.642787609686536,-1.42727520843552E-16));
#5246=DIRECTION('',(0.,2.22044604925031E-16,1.));
#5247=DIRECTION('center_axis',(-1.,1.22464679914735E-16,-2.71926214689378E-32));
#5248=DIRECTION('ref_axis',(-1.22464679914735E-16,-1.,2.22044604925031E-16));
#5249=DIRECTION('',(0.,-2.22044604925031E-16,-1.));
#5250=DIRECTION('center_axis',(0.,2.22044604925031E-16,1.));
#5251=DIRECTION('ref_axis',(-0.707106781186548,-0.707106781186547,1.57009245868377E-16));
#5252=DIRECTION('',(0.,2.22044604925031E-16,1.));
#5253=DIRECTION('center_axis',(-1.22464679914735E-16,-1.,2.22044604925031E-16));
#5254=DIRECTION('ref_axis',(1.,-1.22464679914735E-16,2.71926214689378E-32));
#5255=DIRECTION('',(0.,-2.22044604925031E-16,-1.));
#5256=DIRECTION('center_axis',(0.,-2.22044604925031E-16,-1.));
#5257=DIRECTION('ref_axis',(0.707106781186548,0.707106781186547,-1.57009245868377E-16));
#5258=DIRECTION('',(0.,2.22044604925031E-16,1.));
#5259=DIRECTION('center_axis',(-1.,1.22464679914735E-16,-2.71926214689378E-32));
#5260=DIRECTION('ref_axis',(-1.22464679914735E-16,-1.,2.22044604925031E-16));
#5261=DIRECTION('',(0.,-2.22044604925031E-16,-1.));
#5262=DIRECTION('center_axis',(0.,2.22044604925031E-16,1.));
#5263=DIRECTION('ref_axis',(0.707106781186547,-0.707106781186548,1.57009245868378E-16));
#5264=DIRECTION('',(0.,2.22044604925031E-16,1.));
#5265=DIRECTION('center_axis',(1.22464679914735E-16,1.,-2.22044604925031E-16));
#5266=DIRECTION('ref_axis',(0.,-2.22044604925031E-16,-1.));
#5267=DIRECTION('',(0.707106781186548,7.0413640244828E-17,0.707106781186547));
#5268=DIRECTION('',(-4.44089209850063E-16,-2.22044604925031E-16,-1.));
#5269=DIRECTION('',(-0.707106781186548,2.43604851491927E-16,0.707106781186547));
#5270=DIRECTION('',(1.,-1.22464679914735E-16,-2.46716227694479E-16));
#5271=DIRECTION('',(-0.707106781186547,-7.04136402448282E-17,-0.707106781186547));
#5272=DIRECTION('',(0.,2.22044604925031E-16,1.));
#5273=DIRECTION('',(0.707106781186547,-2.43604851491927E-16,-0.707106781186548));
#5274=DIRECTION('',(0.,-2.22044604925031E-16,-1.));
#5275=DIRECTION('',(1.,-1.22464679914735E-16,2.71926214689378E-32));
#5276=DIRECTION('center_axis',(0.,-2.22044604925031E-16,-1.));
#5277=DIRECTION('ref_axis',(-0.707106781186554,0.707106781186541,-1.57009245868376E-16));
#5278=DIRECTION('',(0.,2.22044604925031E-16,1.));
#5279=DIRECTION('center_axis',(0.,-2.22044604925031E-16,-1.));
#5280=DIRECTION('ref_axis',(-0.707106781186554,0.707106781186541,-1.57009245868376E-16));
#5281=DIRECTION('center_axis',(-1.,1.22464679914735E-16,-2.71926214689378E-32));
#5282=DIRECTION('ref_axis',(-1.22464679914735E-16,-1.,2.22044604925031E-16));
#5283=DIRECTION('',(0.,-2.22044604925031E-16,-1.));
#5284=DIRECTION('',(0.,2.22044604925031E-16,1.));
#5285=DIRECTION('',(-1.22464679914735E-16,-1.,2.22044604925031E-16));
#5286=DIRECTION('center_axis',(0.,2.22044604925031E-16,1.));
#5287=DIRECTION('ref_axis',(-1.,1.22464679914735E-16,-2.71926214689378E-32));
#5288=DIRECTION('',(1.,-1.22464679914735E-16,2.71926214689378E-32));
#5289=DIRECTION('',(-0.984807753012207,-0.173648177666936,3.85576410060064E-17));
#5290=DIRECTION('center_axis',(0.,2.22044604925031E-16,1.));
#5291=DIRECTION('ref_axis',(-0.984807753012212,-0.173648177666908,3.85576410060002E-17));
#5292=DIRECTION('',(0.173648177666924,-0.984807753012209,2.18671248444704E-16));
#5293=DIRECTION('center_axis',(0.,2.22044604925031E-16,1.));
#5294=DIRECTION('ref_axis',(0.173648177666928,-0.984807753012208,2.18671248444704E-16));
#5295=DIRECTION('',(0.984807753012209,0.173648177666926,-3.85576410060042E-17));
#5296=DIRECTION('center_axis',(0.,2.22044604925031E-16,1.));
#5297=DIRECTION('ref_axis',(0.984807753012207,0.173648177666934,-3.8557641006006E-17));
#5298=DIRECTION('',(-0.173648177666934,0.984807753012207,-2.18671248444703E-16));
#5299=DIRECTION('center_axis',(0.,2.22044604925031E-16,1.));
#5300=DIRECTION('ref_axis',(-0.173648177666949,0.984807753012205,-2.18671248444703E-16));
#5301=DIRECTION('center_axis',(0.,2.22044604925031E-16,1.));
#5302=DIRECTION('ref_axis',(-1.22464679914735E-16,-1.,2.22044604925031E-16));
#5303=DIRECTION('center_axis',(0.,2.22044604925031E-16,1.));
#5304=DIRECTION('ref_axis',(-1.22464679914735E-16,-1.,2.22044604925031E-16));
#5305=DIRECTION('center_axis',(0.,-2.22044604925031E-16,-1.));
#5306=DIRECTION('ref_axis',(-0.707106781186547,0.707106781186548,-1.57009245868378E-16));
#5307=DIRECTION('',(-1.,1.22464679914735E-16,-2.71926214689378E-32));
#5308=DIRECTION('center_axis',(0.,-2.22044604925031E-16,-1.));
#5309=DIRECTION('ref_axis',(0.707106781186548,0.707106781186547,-1.57009245868378E-16));
#5310=DIRECTION('',(1.,-1.22464679914735E-16,2.71926214689378E-32));
#5311=DIRECTION('center_axis',(0.,2.22044604925031E-16,1.));
#5312=DIRECTION('ref_axis',(-1.22464679914735E-16,-1.,2.22044604925031E-16));
#5313=DIRECTION('center_axis',(0.,2.22044604925031E-16,1.));
#5314=DIRECTION('ref_axis',(-1.22464679914735E-16,-1.,2.22044604925031E-16));
#5315=DIRECTION('center_axis',(0.,2.22044604925031E-16,1.));
#5316=DIRECTION('ref_axis',(-1.22464679914735E-16,-1.,2.22044604925031E-16));
#5317=DIRECTION('center_axis',(0.,2.22044604925031E-16,1.));
#5318=DIRECTION('ref_axis',(-1.22464679914735E-16,-1.,2.22044604925031E-16));
#5319=DIRECTION('center_axis',(0.,2.22044604925031E-16,1.));
#5320=DIRECTION('ref_axis',(1.22464679914735E-16,1.,-2.22044604925031E-16));
#5321=DIRECTION('',(1.,-1.22464679914735E-16,2.71926214689378E-32));
#5322=DIRECTION('center_axis',(0.,-2.22044604925031E-16,-1.));
#5323=DIRECTION('ref_axis',(0.992773891679269,-0.12,2.66453525910038E-17));
#5324=DIRECTION('',(1.,-1.22464679914735E-16,2.71926214689378E-32));
#5325=DIRECTION('center_axis',(0.,-2.22044604925031E-16,-1.));
#5326=DIRECTION('ref_axis',(-0.992773891679269,-0.12,2.66453525910037E-17));
#5327=DIRECTION('',(1.,-1.22464679914735E-16,2.71926214689378E-32));
#5328=DIRECTION('center_axis',(-0.573576436351036,-0.819152044288999,1.81888292047683E-16));
#5329=DIRECTION('ref_axis',(-0.819152044288999,0.573576436351036,-1.27359553203873E-16));
#5330=DIRECTION('',(7.42511732734031E-30,2.22044604925026E-16,1.));
#5331=DIRECTION('',(-0.819152044288999,0.573576436351036,-1.27359553203873E-16));
#5332=DIRECTION('center_axis',(-8.65956056235489E-17,-0.707106781186544,
-0.707106781186551));
#5333=DIRECTION('ref_axis',(1.,-1.22464679914735E-16,2.71926214689378E-32));
#5334=DIRECTION('',(-1.,1.22464679914735E-16,-2.71926214689378E-32));
#5335=DIRECTION('center_axis',(0.173648177666932,-0.984807753012208,4.18375347924884E-15));
#5336=DIRECTION('ref_axis',(0.984807753012208,0.173648177666932,-3.85576410060056E-17));
#5337=DIRECTION('',(7.00114053383648E-30,2.22044604925031E-16,1.));
#5338=DIRECTION('center_axis',(-0.173648177666932,0.984807753012208,-4.18375347924884E-15));
#5339=DIRECTION('ref_axis',(0.696364240320018,0.122787803968971,-0.707106781186549));
#5340=DIRECTION('',(0.984807753012208,0.17364817766693,-3.65093824719279E-16));
#5341=DIRECTION('',(3.60414594960805E-15,-3.61278644707182E-15,-1.));
#5342=DIRECTION('center_axis',(0.173648177666929,-0.984807753012208,2.18671248444704E-16));
#5343=DIRECTION('ref_axis',(-0.984807753012208,-0.173648177666929,3.85576410060049E-17));
#5344=DIRECTION('',(0.,-2.22044604925031E-16,-1.));
#5345=DIRECTION('',(-0.984807753012208,-0.173648177666929,3.85576410060049E-17));
#5346=DIRECTION('',(0.,-2.22044604925031E-16,-1.));
#5347=DIRECTION('center_axis',(0.942860799158164,0.333186904620857,-7.39823546027323E-17));
#5348=DIRECTION('ref_axis',(0.333186904620857,-0.942860799158164,2.09357153648374E-16));
#5349=DIRECTION('',(0.,2.22044604925031E-16,1.));
#5350=DIRECTION('',(0.333186904620857,-0.942860799158164,2.09357153648374E-16));
#5351=DIRECTION('center_axis',(0.,-2.22044604925031E-16,-1.));
#5352=DIRECTION('ref_axis',(-1.22464679914735E-16,-1.,2.22044604925031E-16));
#5353=DIRECTION('',(-0.173648177666932,0.984807753012208,-2.18671248444703E-16));
#5354=DIRECTION('center_axis',(0.,-2.22044604925031E-16,-1.));
#5355=DIRECTION('ref_axis',(-1.22464679914735E-16,-1.,2.22044604925031E-16));
#5356=DIRECTION('',(0.173648177666932,-0.984807753012208,2.18671248444703E-16));
#5357=DIRECTION('center_axis',(-0.999955968269893,-0.00938411004951441,
2.08369100851744E-18));
#5358=DIRECTION('ref_axis',(-0.00938411004951441,0.999955968269893,-2.22034827916915E-16));
#5359=DIRECTION('',(0.,-2.22044604925031E-16,-1.));
#5360=DIRECTION('',(-0.00938411004951441,0.999955968269893,-2.22034827916915E-16));
#5361=DIRECTION('',(3.65862381917558E-31,-2.2204460492507E-16,-1.));
#5362=DIRECTION('center_axis',(0.17364817766693,-0.984807753012208,2.18671248444704E-16));
#5363=DIRECTION('ref_axis',(-0.984807753012208,-0.17364817766693,3.85576410060051E-17));
#5364=DIRECTION('',(6.31212022601778E-30,2.22044604925032E-16,1.));
#5365=DIRECTION('',(-0.984807753012208,-0.17364817766693,3.85576410060051E-17));
#5366=DIRECTION('center_axis',(0.,-2.22044604925031E-16,-1.));
#5367=DIRECTION('ref_axis',(-1.22464679914735E-16,-1.,2.22044604925031E-16));
#5368=DIRECTION('',(0.173648177666932,-0.984807753012208,2.18671248444703E-16));
#5369=DIRECTION('center_axis',(0.,-2.22044604925031E-16,-1.));
#5370=DIRECTION('ref_axis',(-1.22464679914735E-16,-1.,2.22044604925031E-16));
#5371=DIRECTION('',(-0.173648177666932,0.984807753012208,-2.18671248444703E-16));
#5372=DIRECTION('center_axis',(-0.984807753012208,-0.173648177666932,3.85576410060119E-17));
#5373=DIRECTION('ref_axis',(6.73826977931625E-16,-4.0435072944366E-15,-1.));
#5374=DIRECTION('',(6.73826977931618E-16,-4.04350729443661E-15,-1.));
#5375=DIRECTION('',(0.173648177666932,-0.984807753012208,4.18375347924884E-15));
#5376=DIRECTION('center_axis',(0.,-2.22044604925031E-16,-1.));
#5377=DIRECTION('ref_axis',(0.0333333333333331,-0.999444290037663,2.21921212525991E-16));
#5378=DIRECTION('center_axis',(6.05576195250084E-16,1.87573287112977E-15,
-1.));
#5379=DIRECTION('ref_axis',(0.0333333333333331,-0.999444290037663,-1.8545046345116E-15));
#5380=DIRECTION('center_axis',(-6.05576195250084E-16,-1.87573287112977E-15,
1.));
#5381=DIRECTION('ref_axis',(0.0333333333333331,-0.999444290037663,-1.8545046345116E-15));
#5382=DIRECTION('',(-0.577802539476252,0.408088294790077,0.706829660547802));
#5383=DIRECTION('center_axis',(0.,2.22044604925031E-16,1.));
#5384=DIRECTION('ref_axis',(0.0333333333333331,-0.999444290037663,2.21921212525991E-16));
#5385=DIRECTION('center_axis',(6.05576195250084E-16,1.87573287112976E-15,
-1.));
#5386=DIRECTION('ref_axis',(0.0333333333333331,-0.999444290037663,-1.85450463451159E-15));
#5387=DIRECTION('center_axis',(-6.05576195250084E-16,-1.87573287112976E-15,
1.));
#5388=DIRECTION('ref_axis',(0.0333333333333331,-0.999444290037663,-1.85450463451159E-15));
#5389=DIRECTION('',(0.577802539476247,-0.4080882947897,0.706829660548024));
#5390=DIRECTION('center_axis',(0.,-2.22044604925031E-16,-1.));
#5391=DIRECTION('ref_axis',(0.234200496329165,-0.972188318958407,2.1586917119585E-16));
#5392=DIRECTION('center_axis',(0.0128846502879542,-0.865708284112529,-0.500383005912368));
#5393=DIRECTION('ref_axis',(-0.0638551499809728,-0.500115479835324,0.863601196531126));
#5394=DIRECTION('center_axis',(-0.00015882118375616,0.000241166920477221,
0.999999958307173));
#5395=DIRECTION('ref_axis',(0.549676940755901,-0.835377266518305,0.000288765717256713));
#5396=DIRECTION('center_axis',(0.0128846502886943,-0.865708284112644,0.500383005912151));
#5397=DIRECTION('ref_axis',(0.0638551501362479,0.500115479831912,0.86360119652162));
#5398=DIRECTION('center_axis',(-1.15598747516167E-16,0.86602540378444,-0.499999999999998));
#5399=DIRECTION('ref_axis',(-7.03582364854275E-16,0.499999999999998,0.86602540378444));
#5400=DIRECTION('',(1.,4.8311151533535E-16,6.05576195250085E-16));
#5401=DIRECTION('',(7.03582364854276E-16,-0.499999999999998,-0.86602540378444));
#5402=DIRECTION('',(1.,4.8311151533535E-16,6.05576195250085E-16));
#5403=DIRECTION('center_axis',(-7.21174942766251E-16,0.866025403784438,
0.500000000000002));
#5404=DIRECTION('ref_axis',(-2.79750827046409E-16,-0.500000000000002,0.866025403784438));
#5405=DIRECTION('',(1.,4.8311151533535E-16,6.05576195250085E-16));
#5406=DIRECTION('',(2.79750827046409E-16,0.500000000000002,-0.866025403784438));
#5407=DIRECTION('center_axis',(-6.05576195250084E-16,-1.87573287112976E-15,
1.));
#5408=DIRECTION('ref_axis',(4.23831537807867E-16,-1.,-1.87573287112976E-15));
#5409=DIRECTION('',(1.,4.8311151533535E-16,6.05576195250085E-16));
#5410=DIRECTION('',(-4.23831537807867E-16,1.,1.87573287112976E-15));
#5411=DIRECTION('center_axis',(0.,2.22044604925031E-16,1.));
#5412=DIRECTION('ref_axis',(5.20294597072083E-16,1.,-2.22044604925031E-16));
#5413=DIRECTION('',(0.,2.22044604925031E-16,1.));
#5414=DIRECTION('',(0.,-2.22044604925031E-16,-1.));
#5415=DIRECTION('center_axis',(0.,2.22044604925031E-16,1.));
#5416=DIRECTION('ref_axis',(-0.0333333333333331,0.999444290037663,-2.21921212525991E-16));
#5417=DIRECTION('',(0.,2.22044604925031E-16,1.));
#5418=DIRECTION('center_axis',(0.,-2.22044604925031E-16,-1.));
#5419=DIRECTION('ref_axis',(0.0333333333333331,-0.999444290037663,2.21921212525991E-16));
#5420=DIRECTION('center_axis',(0.,-2.22044604925031E-16,-1.));
#5421=DIRECTION('ref_axis',(-0.0333333333333334,0.999444290037663,-2.21921212525991E-16));
#5422=DIRECTION('center_axis',(-6.05576195250084E-16,1.87573287112976E-15,
-1.));
#5423=DIRECTION('ref_axis',(-0.0333333333333334,0.999444290037663,1.89487638086159E-15));
#5424=DIRECTION('',(0.577802539476276,0.408088294789977,-0.70682966054784));
#5425=DIRECTION('center_axis',(6.05576195250084E-16,-1.87573287112976E-15,
1.));
#5426=DIRECTION('ref_axis',(-0.0333333333333334,0.999444290037663,1.89487638086159E-15));
#5427=DIRECTION('center_axis',(0.012884650291277,0.865708284113067,0.500383005911354));
#5428=DIRECTION('ref_axis',(-0.0638551500218227,0.500115479833664,-0.863601196529066));
#5429=DIRECTION('center_axis',(-0.000158821193923754,-0.00024116693660075,
-0.999999958307168));
#5430=DIRECTION('ref_axis',(0.549676940755208,0.835377266518754,-0.000288765736314797));
#5431=DIRECTION('center_axis',(0.0128846502906544,0.865708284112983,-0.500383005911515));
#5432=DIRECTION('ref_axis',(0.0638551497998141,-0.50011547983842,-0.863601196542727));
#5433=DIRECTION('center_axis',(0.,2.22044604925031E-16,1.));
#5434=DIRECTION('ref_axis',(0.234193541652281,0.972189994316112,-2.15869543199989E-16));
#5435=DIRECTION('center_axis',(0.,2.22044604925031E-16,1.));
#5436=DIRECTION('ref_axis',(-0.0333333333333334,0.999444290037663,-2.21921212525991E-16));
#5437=DIRECTION('center_axis',(-6.05576195250084E-16,1.87573287112977E-15,
-1.));
#5438=DIRECTION('ref_axis',(-0.0333333333333334,0.999444290037663,1.8948763808616E-15));
#5439=DIRECTION('',(-0.577802539474405,-0.408088294790315,-0.706829660549175));
#5440=DIRECTION('center_axis',(6.05576195250084E-16,-1.87573287112977E-15,
1.));
#5441=DIRECTION('ref_axis',(-0.0333333333333334,0.999444290037663,1.8948763808616E-15));
#5442=DIRECTION('center_axis',(6.05576195250084E-16,-1.87573287112977E-15,
1.));
#5443=DIRECTION('ref_axis',(-6.68760897637338E-16,-1.,-1.87573287112977E-15));
#5444=DIRECTION('',(1.,-7.28040875164821E-16,-6.05576195250085E-16));
#5445=DIRECTION('',(6.68760897637338E-16,1.,1.87573287112977E-15));
#5446=DIRECTION('',(1.,-7.28040875164821E-16,-6.05576195250085E-16));
#5447=DIRECTION('center_axis',(-3.27713795261149E-16,-0.86602540378444,
0.499999999999998));
#5448=DIRECTION('ref_axis',(-8.2604704476901E-16,-0.499999999999998,-0.86602540378444));
#5449=DIRECTION('',(1.,-7.28040875164821E-16,-6.05576195250085E-16));
#5450=DIRECTION('',(8.2604704476901E-16,0.499999999999998,0.86602540378444));
#5451=DIRECTION('center_axis',(-9.33289990511232E-16,-0.866025403784438,
-0.500000000000002));
#5452=DIRECTION('ref_axis',(-1.57286147131673E-16,0.500000000000002,-0.866025403784438));
#5453=DIRECTION('',(1.,-7.28040875164821E-16,-6.05576195250085E-16));
#5454=DIRECTION('',(1.57286147131673E-16,-0.500000000000002,0.866025403784438));
#5455=DIRECTION('center_axis',(0.,2.22044604925031E-16,1.));
#5456=DIRECTION('ref_axis',(2.24480015280627E-16,-1.,2.22044604925031E-16));
#5457=DIRECTION('',(0.,2.22044604925031E-16,1.));
#5458=DIRECTION('center_axis',(0.,-2.22044604925031E-16,-1.));
#5459=DIRECTION('ref_axis',(0.0333333333333334,-0.999444290037663,2.21921212525991E-16));
#5460=DIRECTION('',(0.,-2.22044604925031E-16,-1.));
#5461=DIRECTION('center_axis',(0.,2.22044604925031E-16,1.));
#5462=DIRECTION('ref_axis',(0.0333333333333334,-0.999444290037663,2.21921212525991E-16));
#5463=DIRECTION('',(0.,2.22044604925031E-16,1.));
#5464=DIRECTION('',(0.222430994168124,0.97494843598694,-3.34919113864281E-14));
#5465=DIRECTION('center_axis',(-1.,1.22464679914735E-16,-2.71926214689378E-32));
#5466=DIRECTION('ref_axis',(-1.22464679914735E-16,-1.,2.22044604925031E-16));
#5467=DIRECTION('center_axis',(1.,-1.22464679914735E-16,2.71926214689378E-32));
#5468=DIRECTION('ref_axis',(-1.22464679914735E-16,-1.,2.22044604925031E-16));
#5469=DIRECTION('',(-1.,1.22464679914735E-16,-2.71926214689378E-32));
#5470=DIRECTION('',(0.864484601720558,0.502659301503562,-1.11612786014251E-16));
#5471=DIRECTION('center_axis',(-1.,1.22464679914735E-16,-2.71926214689378E-32));
#5472=DIRECTION('ref_axis',(1.22464679914735E-16,1.,-2.22044604925031E-16));
#5473=DIRECTION('center_axis',(1.,-1.22464679914735E-16,2.71926214689378E-32));
#5474=DIRECTION('ref_axis',(1.22464679914735E-16,1.,-2.22044604925031E-16));
#5475=DIRECTION('',(-1.,1.22464679914735E-16,-2.71926214689378E-32));
#5476=DIRECTION('center_axis',(0.,-2.22044604925031E-16,-1.));
#5477=DIRECTION('ref_axis',(-1.22464679914735E-16,-1.,2.22044604925031E-16));
#5478=DIRECTION('',(8.6724015607824E-17,0.708155328280812,-0.706056676922961));
#5479=DIRECTION('center_axis',(0.,-2.22044604925031E-16,-1.));
#5480=DIRECTION('ref_axis',(-1.22464679914735E-16,-1.,2.22044604925031E-16));
#5481=DIRECTION('',(-8.65956056235495E-17,-0.707106781186549,-0.707106781186546));
#5482=DIRECTION('center_axis',(0.,-2.22044604925031E-16,-1.));
#5483=DIRECTION('ref_axis',(-1.,1.22464679914735E-16,-2.71926214689378E-32));
#5484=DIRECTION('',(1.22464679914735E-16,1.,-2.22044604925031E-16));
#5485=DIRECTION('center_axis',(0.,2.22044604925031E-16,1.));
#5486=DIRECTION('ref_axis',(0.0333333333333334,-0.999444290037663,2.21921212525991E-16));
#5487=DIRECTION('',(8.75488600647203E-16,-1.,2.22044604925031E-16));
#5488=DIRECTION('center_axis',(-1.,1.22464679914735E-16,-2.71926214689378E-32));
#5489=DIRECTION('ref_axis',(1.22464679914735E-16,1.,-2.22044604925031E-16));
#5490=DIRECTION('',(0.,-2.22044604925031E-16,-1.));
#5491=DIRECTION('',(-1.22464679914735E-16,-1.,2.22044604925031E-16));
#5492=DIRECTION('',(0.,2.22044604925031E-16,1.));
#5493=DIRECTION('',(8.66210069457325E-17,0.707314198722778,0.706899302790118));
#5494=DIRECTION('center_axis',(1.,-1.22464679914735E-16,2.71926214689378E-32));
#5495=DIRECTION('ref_axis',(1.22464679914735E-16,1.,-2.22044604925031E-16));
#5496=DIRECTION('center_axis',(-0.74652518476008,-0.665357158614025,1.47738967418493E-16));
#5497=DIRECTION('ref_axis',(0.665357158614025,-0.74652518476008,1.65761889716638E-16));
#5498=DIRECTION('',(-0.665357158614025,0.74652518476008,-1.65761889716638E-16));
#5499=DIRECTION('center_axis',(0.,-2.22044604925031E-16,-1.));
#5500=DIRECTION('ref_axis',(1.22464679914735E-16,1.,-2.22044604925031E-16));
#5501=DIRECTION('',(0.00116264607136294,-0.707106315624488,0.7071062909196));
#5502=DIRECTION('center_axis',(0.,-2.22044604925031E-16,-1.));
#5503=DIRECTION('ref_axis',(1.22464679914735E-16,1.,-2.22044604925031E-16));
#5504=DIRECTION('',(8.67240155938833E-17,0.708155328166978,0.706056677037134));
#5505=DIRECTION('center_axis',(0.,2.22044604925031E-16,1.));
#5506=DIRECTION('ref_axis',(1.22464679914735E-16,1.,-2.22044604925031E-16));
#5507=DIRECTION('',(-8.65956056235495E-17,-0.707106781186549,0.707106781186546));
#5508=DIRECTION('center_axis',(-1.,1.22464679914735E-16,-2.71926214689378E-32));
#5509=DIRECTION('ref_axis',(-1.22464679914735E-16,-1.,2.22044604925031E-16));
#5510=DIRECTION('',(1.22464679914735E-16,1.,-2.22044604925031E-16));
#5511=DIRECTION('',(8.6621006826279E-17,0.707314197747366,-0.706899303766102));
#5512=DIRECTION('',(0.,-2.22044604925031E-16,-1.));
#5513=DIRECTION('',(-1.22464679914735E-16,-1.,2.22044604925031E-16));
#5514=DIRECTION('',(0.,2.22044604925031E-16,1.));
#5515=DIRECTION('center_axis',(1.,-1.22464679914735E-16,2.71926214689378E-32));
#5516=DIRECTION('ref_axis',(-1.22464679914735E-16,-1.,2.22044604925031E-16));
#5517=DIRECTION('center_axis',(0.,2.22044604925031E-16,1.));
#5518=DIRECTION('ref_axis',(-1.,1.22464679914735E-16,-2.71926214689378E-32));
#5519=DIRECTION('',(0.00164422870234915,-0.999998648255074,2.22044304777363E-16));
#5520=DIRECTION('center_axis',(0.,2.22044604925031E-16,1.));
#5521=DIRECTION('ref_axis',(0.0333333333333331,-0.999444290037663,2.21921212525991E-16));
#5522=DIRECTION('center_axis',(0.,2.22044604925031E-16,1.));
#5523=DIRECTION('ref_axis',(0.0333333333333331,-0.999444290037663,2.21921212525991E-16));
#5524=DIRECTION('',(0.0011626454076685,-0.707105911972115,-0.707106694572848));
#5525=DIRECTION('center_axis',(-0.690414261836371,-0.723414229230349,1.60630226726599E-16));
#5526=DIRECTION('ref_axis',(0.723414229230349,-0.690414261836371,1.53302762004064E-16));
#5527=DIRECTION('',(-0.723414229230349,0.690414261836371,-1.53302762004064E-16));
#5528=DIRECTION('center_axis',(0.,2.22044604925031E-16,1.));
#5529=DIRECTION('ref_axis',(0.0333333333333334,-0.999444290037663,2.21921212525991E-16));
#5530=DIRECTION('',(3.37753707534223E-16,-0.707106781186538,0.707106781186557));
#5531=DIRECTION('center_axis',(-0.690414261836371,0.723414229230349,-1.60630226726599E-16));
#5532=DIRECTION('ref_axis',(-0.723414229230349,-0.690414261836371,1.53302762004064E-16));
#5533=DIRECTION('',(0.723414229230349,0.690414261836371,-1.53302762004064E-16));
#5534=DIRECTION('center_axis',(0.618318867699662,0.551090429805533,0.560340178840819));
#5535=DIRECTION('ref_axis',(-0.665357158614024,0.746525184760081,-2.76784192179154E-16));
#5536=DIRECTION('',(-0.705158202362313,0.0741877299982298,0.705158202362321));
#5537=DIRECTION('',(0.665357158614024,-0.746525184760081,1.65761889716638E-16));
#5538=DIRECTION('center_axis',(0.746525184760081,0.665357158614024,-1.47738967418492E-16));
#5539=DIRECTION('ref_axis',(-0.665357158614024,0.746525184760081,-1.65761889716638E-16));
#5540=DIRECTION('',(0.,2.22044604925031E-16,1.));
#5541=DIRECTION('',(0.,-2.22044604925031E-16,-1.));
#5542=DIRECTION('center_axis',(0.558819180973373,-0.585529253129455,0.587261965996361));
#5543=DIRECTION('ref_axis',(0.723414229230337,0.690414261836383,1.24252994152222E-16));
#5544=DIRECTION('',(-0.723414229230337,-0.690414261836383,1.53302762004067E-16));
#5545=DIRECTION('',(0.706690019325931,-0.0343283144098412,-0.706690019325938));
#5546=DIRECTION('center_axis',(0.707106781186551,-6.34280643551238E-16,
0.707106781186544));
#5547=DIRECTION('ref_axis',(1.11905289338592E-15,1.,-2.22044604925031E-16));
#5548=DIRECTION('',(-1.11905289338592E-15,-1.,2.22044604925031E-16));
#5549=DIRECTION('',(1.11905289338592E-15,1.,-2.22044604925031E-16));
#5550=DIRECTION('center_axis',(-0.618318867699656,0.55109042980554,0.560340178840819));
#5551=DIRECTION('ref_axis',(-0.665357158614033,-0.746525184760073,2.21273040947894E-16));
#5552=DIRECTION('',(0.665357158614032,0.746525184760073,-1.65761889716636E-16));
#5553=DIRECTION('',(-0.705158202362317,-0.0741877299982292,-0.705158202362317));
#5554=DIRECTION('center_axis',(-0.746525184760073,0.665357158614032,-1.47738967418494E-16));
#5555=DIRECTION('ref_axis',(-0.665357158614033,-0.746525184760073,1.65761889716636E-16));
#5556=DIRECTION('',(0.,-2.22044604925031E-16,-1.));
#5557=DIRECTION('center_axis',(-0.55881918097336,-0.585529253129467,0.587261965996361));
#5558=DIRECTION('ref_axis',(0.723414229230352,-0.690414261836367,2.3656948885095E-16));
#5559=DIRECTION('',(0.706690019325934,0.0343283144098409,0.706690019325934));
#5560=DIRECTION('center_axis',(0.,-2.22044604925031E-16,-1.));
#5561=DIRECTION('ref_axis',(-0.0333333333333331,0.999444290037663,-2.21921212525991E-16));
#5562=DIRECTION('center_axis',(0.,-2.22044604925031E-16,-1.));
#5563=DIRECTION('ref_axis',(-0.0333333333333331,0.999444290037663,-2.21921212525991E-16));
#5564=DIRECTION('center_axis',(-0.707106781186548,2.43604851491927E-16,
0.707106781186548));
#5565=DIRECTION('ref_axis',(-1.22464679914735E-16,-1.,2.22044604925031E-16));
#5566=DIRECTION('',(1.22464679914735E-16,1.,-2.22044604925031E-16));
#5567=DIRECTION('center_axis',(0.,2.22044604925031E-16,1.));
#5568=DIRECTION('ref_axis',(1.22464679914735E-16,1.,-2.22044604925031E-16));
#5569=DIRECTION('center_axis',(0.,2.22044604925031E-16,1.));
#5570=DIRECTION('ref_axis',(1.22464679914735E-16,1.,-2.22044604925031E-16));
#5571=DIRECTION('center_axis',(0.,-2.22044604925031E-16,-1.));
#5572=DIRECTION('ref_axis',(1.22464679914735E-16,1.,-2.22044604925031E-16));
#5573=DIRECTION('center_axis',(1.,-1.11905289338592E-15,2.4847965760209E-31));
#5574=DIRECTION('ref_axis',(1.11905289338592E-15,1.,-2.22044604925031E-16));
#5575=DIRECTION('',(0.,2.22044604925031E-16,1.));
#5576=DIRECTION('center_axis',(-1.,1.22464679914735E-16,-2.71926214689378E-32));
#5577=DIRECTION('ref_axis',(1.22464679914735E-16,1.,-2.22044604925031E-16));
#5578=DIRECTION('center_axis',(0.,2.22044604925031E-16,1.));
#5579=DIRECTION('ref_axis',(-1.,1.22464679914735E-16,-2.71926214689378E-32));
#5580=DIRECTION('center_axis',(-1.,1.22464679914735E-16,-2.71926214689378E-32));
#5581=DIRECTION('ref_axis',(-1.22464679914735E-16,-1.,2.22044604925031E-16));
#5582=DIRECTION('center_axis',(-1.,1.22464679914735E-16,-2.71926214689378E-32));
#5583=DIRECTION('ref_axis',(1.22464679914735E-16,1.,-2.22044604925031E-16));
#5584=DIRECTION('center_axis',(-1.,1.22464679914735E-16,-2.71926214689378E-32));
#5585=DIRECTION('ref_axis',(1.22464679914735E-16,1.,-2.22044604925031E-16));
#5586=DIRECTION('',(-1.,1.22464679914735E-16,-2.71926214689378E-32));
#5587=DIRECTION('center_axis',(6.05576195250084E-16,1.87573287112977E-15,
-1.));
#5588=DIRECTION('ref_axis',(-4.23831537807868E-16,1.,1.87573287112977E-15));
#5589=DIRECTION('',(4.23831537807868E-16,-1.,-1.87573287112977E-15));
#5590=DIRECTION('',(1.,4.8311151533535E-16,6.05576195250085E-16));
#5591=DIRECTION('center_axis',(7.21174942766252E-16,-0.866025403784437,
-0.500000000000003));
#5592=DIRECTION('ref_axis',(2.79750827046408E-16,0.500000000000003,-0.866025403784437));
#5593=DIRECTION('',(-2.79750827046409E-16,-0.500000000000002,0.866025403784437));
#5594=DIRECTION('',(1.,4.8311151533535E-16,6.05576195250085E-16));
#5595=DIRECTION('center_axis',(1.15598747516167E-16,-0.866025403784439,
0.499999999999999));
#5596=DIRECTION('ref_axis',(7.03582364854276E-16,-0.499999999999999,-0.866025403784439));
#5597=DIRECTION('',(-7.03582364854276E-16,0.499999999999999,0.866025403784439));
#5598=DIRECTION('center_axis',(-1.,-4.23831537807866E-16,-5.67727683046955E-16));
#5599=DIRECTION('ref_axis',(4.23831537807866E-16,-1.,2.22044604925031E-16));
#5600=DIRECTION('center_axis',(1.,4.23831537807866E-16,5.67727683046955E-16));
#5601=DIRECTION('ref_axis',(4.23831537807866E-16,-1.,2.22044604925032E-16));
#5602=DIRECTION('center_axis',(1.,-1.22464679914735E-16,2.71926214689378E-32));
#5603=DIRECTION('ref_axis',(-1.22464679914735E-16,-1.,2.22044604925031E-16));
#5604=DIRECTION('',(1.,-1.22464679914735E-16,2.71926214689378E-32));
#5605=DIRECTION('center_axis',(0.,-2.22044604925031E-16,-1.));
#5606=DIRECTION('ref_axis',(1.22464679914735E-16,1.,-2.22044604925031E-16));
#5607=DIRECTION('',(0.,-2.22044604925031E-16,-1.));
#5608=DIRECTION('',(0.,-2.22044604925031E-16,-1.));
#5609=DIRECTION('center_axis',(0.,-2.22044604925031E-16,-1.));
#5610=DIRECTION('ref_axis',(1.22464679914735E-16,1.,-2.22044604925031E-16));
#5611=DIRECTION('center_axis',(0.690414261836383,-0.723414229230337,1.60630226726596E-16));
#5612=DIRECTION('ref_axis',(0.723414229230337,0.690414261836383,-1.53302762004067E-16));
#5613=DIRECTION('center_axis',(0.618318867699644,-0.551090429805547,0.560340178840825));
#5614=DIRECTION('ref_axis',(0.665357158614044,0.746525184760063,-2.49028616563521E-16));
#5615=DIRECTION('',(-0.665357158614044,-0.746525184760063,1.65761889716634E-16));
#5616=DIRECTION('',(0.705158202362311,0.0741877299981985,-0.705158202362327));
#5617=DIRECTION('center_axis',(-0.618318867699659,-0.551090429805532,0.560340178840823));
#5618=DIRECTION('ref_axis',(0.665357158614025,-0.74652518476008,-7.71563977135574E-19));
#5619=DIRECTION('',(0.705158202362317,-0.074187729998229,0.705158202362317));
#5620=DIRECTION('center_axis',(0.,2.22044604925031E-16,1.));
#5621=DIRECTION('ref_axis',(-1.22464679914735E-16,-1.,2.22044604925031E-16));
#5622=DIRECTION('center_axis',(0.,2.22044604925031E-16,1.));
#5623=DIRECTION('ref_axis',(-1.22464679914735E-16,-1.,2.22044604925031E-16));
#5624=DIRECTION('center_axis',(0.558819180973364,0.585529253129472,0.587261965996353));
#5625=DIRECTION('ref_axis',(-0.723414229230353,0.690414261836366,-4.03102942544723E-16));
#5626=DIRECTION('',(0.723414229230352,-0.690414261836367,1.53302762004063E-16));
#5627=DIRECTION('',(-0.706690019325927,-0.034328314409841,0.706690019325942));
#5628=DIRECTION('center_axis',(-0.558819180973361,0.585529253129461,0.587261965996367));
#5629=DIRECTION('ref_axis',(-0.723414229230349,-0.690414261836371,-1.24252994152225E-16));
#5630=DIRECTION('',(-0.706690019325934,0.0343283144098408,-0.706690019325934));
#5631=DIRECTION('center_axis',(0.,-2.22044604925031E-16,-1.));
#5632=DIRECTION('ref_axis',(0.0333333333333334,-0.999444290037663,2.21921212525991E-16));
#5633=DIRECTION('center_axis',(0.,-2.22044604925031E-16,-1.));
#5634=DIRECTION('ref_axis',(0.0333333333333334,-0.999444290037663,2.21921212525991E-16));
#5635=DIRECTION('center_axis',(-0.707106781186548,2.43604851491927E-16,
0.707106781186548));
#5636=DIRECTION('ref_axis',(-1.22464679914735E-16,-1.,2.22044604925031E-16));
#5637=DIRECTION('',(1.22464679914735E-16,1.,-2.22044604925031E-16));
#5638=DIRECTION('center_axis',(0.707106781186555,4.2276078214286E-16,0.70710678118654));
#5639=DIRECTION('ref_axis',(-3.75829426820857E-16,1.,-2.22044604925031E-16));
#5640=DIRECTION('',(-3.75829426820857E-16,1.,-2.22044604925031E-16));
#5641=DIRECTION('',(3.75829426820857E-16,-1.,2.22044604925031E-16));
#5642=DIRECTION('center_axis',(0.690414261836367,0.723414229230352,-1.606302267266E-16));
#5643=DIRECTION('ref_axis',(-0.723414229230352,0.690414261836367,-1.53302762004063E-16));
#5644=DIRECTION('',(0.,-2.22044604925031E-16,-1.));
#5645=DIRECTION('center_axis',(0.746525184760063,-0.665357158614044,1.47738967418497E-16));
#5646=DIRECTION('ref_axis',(0.665357158614044,0.746525184760063,-1.65761889716634E-16));
#5647=DIRECTION('',(0.,2.22044604925031E-16,1.));
#5648=DIRECTION('center_axis',(1.,3.75829426820857E-16,-8.34508965976381E-32));
#5649=DIRECTION('ref_axis',(-3.75829426820857E-16,1.,-2.22044604925031E-16));
#5650=DIRECTION('center_axis',(-1.,1.22464679914735E-16,-2.71926214689378E-32));
#5651=DIRECTION('ref_axis',(-1.22464679914735E-16,-1.,2.22044604925031E-16));
#5652=DIRECTION('center_axis',(0.,-2.22044604925031E-16,-1.));
#5653=DIRECTION('ref_axis',(-1.,1.22464679914735E-16,-2.71926214689378E-32));
#5654=DIRECTION('center_axis',(0.999998648255074,0.00164422870234915,-3.65092112619513E-19));
#5655=DIRECTION('ref_axis',(-0.00164422870234915,0.999998648255074,-2.22044304777363E-16));
#5656=DIRECTION('',(0.,2.22044604925031E-16,1.));
#5657=DIRECTION('center_axis',(1.,-1.22464679914735E-16,2.71926214689378E-32));
#5658=DIRECTION('ref_axis',(1.22464679914735E-16,1.,-2.22044604925031E-16));
#5659=DIRECTION('center_axis',(-1.,1.22464679914735E-16,-2.71926214689378E-32));
#5660=DIRECTION('ref_axis',(1.22464679914735E-16,1.,-2.22044604925031E-16));
#5661=DIRECTION('center_axis',(-1.,1.22464679914735E-16,-2.71926214689378E-32));
#5662=DIRECTION('ref_axis',(-1.22464679914735E-16,-1.,2.22044604925031E-16));
#5663=DIRECTION('center_axis',(-1.,1.22464679914735E-16,-2.71926214689378E-32));
#5664=DIRECTION('ref_axis',(-1.22464679914735E-16,-1.,2.22044604925031E-16));
#5665=DIRECTION('',(-1.,1.22464679914735E-16,-2.71926214689378E-32));
#5666=DIRECTION('center_axis',(9.33289990511234E-16,0.866025403784437,0.500000000000003));
#5667=DIRECTION('ref_axis',(1.57286147131672E-16,-0.500000000000003,0.866025403784437));
#5668=DIRECTION('',(-1.57286147131673E-16,0.500000000000002,-0.866025403784437));
#5669=DIRECTION('',(1.,-7.28040875164821E-16,-6.05576195250085E-16));
#5670=DIRECTION('center_axis',(3.27713795261149E-16,0.866025403784439,-0.499999999999999));
#5671=DIRECTION('ref_axis',(8.26047044769011E-16,0.499999999999999,0.866025403784439));
#5672=DIRECTION('',(-8.26047044769011E-16,-0.499999999999999,-0.866025403784439));
#5673=DIRECTION('',(1.,-7.28040875164821E-16,-6.05576195250085E-16));
#5674=DIRECTION('center_axis',(-6.05576195250084E-16,1.87573287112976E-15,
-1.));
#5675=DIRECTION('ref_axis',(6.68760897637337E-16,1.,1.87573287112976E-15));
#5676=DIRECTION('',(-6.68760897637337E-16,-1.,-1.87573287112976E-15));
#5677=DIRECTION('center_axis',(-1.,6.68760897637337E-16,5.67727683046955E-16));
#5678=DIRECTION('ref_axis',(6.68760897637336E-16,1.,-2.22044604925031E-16));
#5679=DIRECTION('center_axis',(1.,-6.68760897637337E-16,-5.67727683046955E-16));
#5680=DIRECTION('ref_axis',(6.68760897637336E-16,1.,-2.22044604925032E-16));
#5681=DIRECTION('center_axis',(1.,-1.22464679914735E-16,2.71926214689378E-32));
#5682=DIRECTION('ref_axis',(1.22464679914735E-16,1.,-2.22044604925031E-16));
#5683=DIRECTION('',(1.,-1.22464679914735E-16,2.71926214689378E-32));
#5684=DIRECTION('center_axis',(1.,8.75488600647203E-16,-1.94397520447077E-31));
#5685=DIRECTION('ref_axis',(-8.75488600647203E-16,1.,-2.22044604925031E-16));
#5686=DIRECTION('center_axis',(-2.69144975666704E-16,2.22044604925031E-16,
1.));
#5687=DIRECTION('ref_axis',(-0.992773891679269,-0.12,-2.40554752327552E-16));
#5688=DIRECTION('',(-2.69144975666704E-16,2.22044604925031E-16,1.));
#5689=DIRECTION('',(2.69144975666704E-16,-2.22044604925031E-16,-1.));
#5690=DIRECTION('center_axis',(0.,-2.22044604925031E-16,-1.));
#5691=DIRECTION('ref_axis',(0.992773891679269,-0.12,2.66453525910038E-17));
#5692=DIRECTION('',(0.,-2.22044604925031E-16,-1.));
#5693=DIRECTION('',(0.,2.22044604925031E-16,1.));
#5694=DIRECTION('center_axis',(1.22464679914735E-16,1.,-2.22044604925031E-16));
#5695=DIRECTION('ref_axis',(-1.,1.22464679914735E-16,-2.71926214689378E-32));
#5696=DIRECTION('',(0.707106781186547,-2.43604851491927E-16,-0.707106781186548));
#5697=DIRECTION('',(0.,-2.22044604925031E-16,-1.));
#5698=DIRECTION('',(-0.707106781186547,-7.04136402448282E-17,-0.707106781186547));
#5699=DIRECTION('',(-1.,1.22464679914735E-16,2.46716227694479E-16));
#5700=DIRECTION('',(-0.707106781186548,2.43604851491927E-16,0.707106781186547));
#5701=DIRECTION('',(4.44089209850063E-16,2.22044604925031E-16,1.));
#5702=DIRECTION('',(0.707106781186548,7.0413640244828E-17,0.707106781186547));
#5703=DIRECTION('center_axis',(-1.22464679914735E-16,-1.,2.22044604925031E-16));
#5704=DIRECTION('ref_axis',(1.,-1.22464679914735E-16,2.71926214689378E-32));
#5705=DIRECTION('center_axis',(-1.22464679914735E-16,-1.,2.22044604925031E-16));
#5706=DIRECTION('ref_axis',(1.,-1.22464679914735E-16,2.71926214689378E-32));
#5707=DIRECTION('center_axis',(0.,2.22044604925031E-16,1.));
#5708=DIRECTION('ref_axis',(-0.173648177666937,0.984807753012207,-2.18671248444703E-16));
#5709=DIRECTION('center_axis',(-1.99436074168995E-15,1.15326264210304E-14,
1.));
#5710=DIRECTION('ref_axis',(-0.173648177666937,0.984807753012207,-1.17037370204291E-14));
#5711=DIRECTION('',(0.,-2.22044604925031E-16,-1.));
#5712=DIRECTION('center_axis',(-5.40038598878618E-18,-2.22996838681094E-16,
-1.));
#5713=DIRECTION('ref_axis',(-0.173648177666937,0.984807753012207,-2.18671248444703E-16));
#5714=DIRECTION('',(0.,2.22044604925031E-16,1.));
#5715=DIRECTION('center_axis',(0.173648177666932,-0.984807753012208,4.18375347924884E-15));
#5716=DIRECTION('ref_axis',(0.984807753012208,0.173648177666932,-3.85576410060056E-17));
#5717=DIRECTION('',(0.,2.22044604925031E-16,1.));
#5718=DIRECTION('',(-0.984807753012208,-0.173648177666932,3.85576410060056E-17));
#5719=DIRECTION('center_axis',(-0.173648177666932,0.984807753012208,-4.18375347924884E-15));
#5720=DIRECTION('ref_axis',(-0.696364240320017,-0.122787803968977,-0.707106781186549));
#5721=DIRECTION('center_axis',(0.173648177666926,-0.984807753012209,2.18671248444704E-16));
#5722=DIRECTION('ref_axis',(0.984807753012209,0.173648177666926,-3.85576410060042E-17));
#5723=DIRECTION('',(-0.984807753012209,-0.173648177666926,3.85576410059383E-17));
#5724=DIRECTION('',(2.91561664592938E-15,2.92057275155026E-16,-1.));
#5725=DIRECTION('',(0.984807753012209,0.173648177666926,-3.65093824719269E-16));
#5726=DIRECTION('center_axis',(0.984807753012208,0.173648177666934,-3.8557641006006E-17));
#5727=DIRECTION('ref_axis',(-0.173648177666934,0.984807753012207,-2.18671248444703E-16));
#5728=DIRECTION('',(0.173648177666934,-0.984807753012207,1.17037370204291E-14));
#5729=DIRECTION('',(-0.173648177666934,0.984807753012207,-2.18671248444703E-16));
#5730=DIRECTION('',(0.,2.22044604925031E-16,1.));
#5731=DIRECTION('center_axis',(0.,2.22044604925031E-16,1.));
#5732=DIRECTION('ref_axis',(-0.984807753012205,-0.17364817766695,3.85576410060095E-17));
#5733=DIRECTION('center_axis',(-1.99436074168995E-15,1.15326264210304E-14,
1.));
#5734=DIRECTION('ref_axis',(-0.984807753012205,-0.17364817766695,3.85576410062197E-17));
#5735=DIRECTION('',(0.,-2.22044604925031E-16,-1.));
#5736=DIRECTION('center_axis',(0.173648177666931,-0.984807753012208,-2.78818277658177E-15));
#5737=DIRECTION('ref_axis',(0.984807753012208,0.173648177666931,-3.85576410060053E-17));
#5738=DIRECTION('',(-2.39348192397306E-15,-3.25323043117707E-15,1.));
#5739=DIRECTION('',(-0.984807753012208,-0.173648177666931,3.85576410060053E-17));
#5740=DIRECTION('center_axis',(2.91561664592939E-15,2.92057275155026E-16,
-1.));
#5741=DIRECTION('ref_axis',(0.573576436351052,0.819152044288987,1.9115683195307E-15));
#5742=DIRECTION('center_axis',(-1.99436074168995E-15,1.15326264210304E-14,
1.));
#5743=DIRECTION('ref_axis',(0.573576436351052,0.819152044288987,-8.3030561817913E-15));
#5744=DIRECTION('',(-2.91561664592938E-15,-2.92057275155026E-16,1.));
#5745=DIRECTION('center_axis',(-3.66953938318808E-16,4.18359074039602E-15,
1.));
#5746=DIRECTION('ref_axis',(0.573576436351052,0.819152044288987,-3.21652077521799E-15));
#5747=DIRECTION('center_axis',(0.984807753012208,0.173648177666931,2.92203709132774E-15));
#5748=DIRECTION('ref_axis',(-1.88741288576924E-15,-6.12329056701379E-15,
1.));
#5749=DIRECTION('',(0.173648177666931,-0.984807753012208,2.18671248444704E-16));
#5750=DIRECTION('',(2.39348192397306E-15,3.25323043117707E-15,-1.));
#5751=DIRECTION('',(-0.173648177666931,0.984807753012208,-4.18375347924884E-15));
#5752=DIRECTION('center_axis',(-1.99436074168995E-15,1.15326264210304E-14,
1.));
#5753=DIRECTION('ref_axis',(0.984807753012208,0.173648177666932,-3.85576410060063E-17));
#5754=DIRECTION('center_axis',(0.,-2.22044604925031E-16,-1.));
#5755=DIRECTION('ref_axis',(0.819152044288988,-0.573576436351051,1.27359553203876E-16));
#5756=DIRECTION('',(-0.984807753012209,-0.173648177666926,3.85576410060042E-17));
#5757=DIRECTION('center_axis',(0.,-2.22044604925031E-16,-1.));
#5758=DIRECTION('ref_axis',(0.173648177666928,-0.984807753012208,2.18671248444704E-16));
#5759=DIRECTION('',(-0.173648177666924,0.984807753012209,-2.18671248444704E-16));
#5760=DIRECTION('center_axis',(0.,-2.22044604925031E-16,-1.));
#5761=DIRECTION('ref_axis',(-0.984807753012212,-0.173648177666908,3.85576410060002E-17));
#5762=DIRECTION('',(0.984807753012207,0.173648177666936,-3.85576410060064E-17));
#5763=DIRECTION('center_axis',(0.,-2.22044604925031E-16,-1.));
#5764=DIRECTION('ref_axis',(-0.173648177666949,0.984807753012205,-2.18671248444703E-16));
#5765=DIRECTION('',(0.173648177666934,-0.984807753012207,2.18671248444703E-16));
#5766=DIRECTION('center_axis',(0.,-2.22044604925031E-16,-1.));
#5767=DIRECTION('ref_axis',(0.984807753012207,0.173648177666934,-3.8557641006006E-17));
#5768=DIRECTION('center_axis',(0.,2.22044604925031E-16,1.));
#5769=DIRECTION('ref_axis',(-0.984807753012212,-0.173648177666908,3.85576410060002E-17));
#5770=DIRECTION('',(0.,2.22044604925031E-16,1.));
#5771=DIRECTION('',(0.,2.22044604925031E-16,1.));
#5772=DIRECTION('center_axis',(0.984807753012209,0.173648177666924,-3.85576410060038E-17));
#5773=DIRECTION('ref_axis',(-0.173648177666924,0.984807753012209,-2.18671248444704E-16));
#5774=DIRECTION('',(0.,2.22044604925031E-16,1.));
#5775=DIRECTION('center_axis',(0.,2.22044604925031E-16,1.));
#5776=DIRECTION('ref_axis',(0.173648177666928,-0.984807753012208,2.18671248444704E-16));
#5777=DIRECTION('',(0.,2.22044604925031E-16,1.));
#5778=DIRECTION('center_axis',(-0.173648177666926,0.984807753012209,-2.18671248444704E-16));
#5779=DIRECTION('ref_axis',(-0.984807753012209,-0.173648177666926,3.85576410060042E-17));
#5780=DIRECTION('',(0.,2.22044604925031E-16,1.));
#5781=DIRECTION('center_axis',(0.,2.22044604925031E-16,1.));
#5782=DIRECTION('ref_axis',(0.984807753012207,0.173648177666934,-3.8557641006006E-17));
#5783=DIRECTION('',(0.,2.22044604925031E-16,1.));
#5784=DIRECTION('center_axis',(-0.984807753012207,-0.173648177666934,3.8557641006006E-17));
#5785=DIRECTION('ref_axis',(0.173648177666934,-0.984807753012207,2.18671248444703E-16));
#5786=DIRECTION('',(0.,2.22044604925031E-16,1.));
#5787=DIRECTION('center_axis',(0.,2.22044604925031E-16,1.));
#5788=DIRECTION('ref_axis',(-0.173648177666949,0.984807753012205,-2.18671248444703E-16));
#5789=DIRECTION('',(0.,2.22044604925031E-16,1.));
#5790=DIRECTION('center_axis',(0.173648177666936,-0.984807753012207,2.18671248444703E-16));
#5791=DIRECTION('ref_axis',(0.984807753012207,0.173648177666936,-3.85576410060064E-17));
#5792=DIRECTION('center_axis',(-2.39348192397306E-15,-3.25323043117707E-15,
1.));
#5793=DIRECTION('ref_axis',(0.819152044288988,-0.573576436351051,9.46492936479385E-17));
#5794=DIRECTION('center_axis',(0.70710678118655,7.04136402448273E-17,0.707106781186545));
#5795=DIRECTION('ref_axis',(1.22464679914735E-16,1.,-2.22044604925031E-16));
#5796=DIRECTION('',(0.577350269189623,0.577350269189627,-0.577350269189627));
#5797=DIRECTION('',(1.22464679914735E-16,1.,-2.22044604925031E-16));
#5798=DIRECTION('',(0.577350269189629,-0.577350269189616,-0.577350269189633));
#5799=DIRECTION('center_axis',(-0.707106781186548,2.43604851491927E-16,
0.707106781186548));
#5800=DIRECTION('ref_axis',(-1.22464679914735E-16,-1.,2.22044604925031E-16));
#5801=DIRECTION('',(-0.577350269189632,-0.577350269189614,-0.577350269189632));
#5802=DIRECTION('',(-1.22464679914735E-16,-1.,2.22044604925031E-16));
#5803=DIRECTION('',(0.577350269189626,-0.577350269189626,0.577350269189626));
#5804=DIRECTION('center_axis',(-8.65956056235506E-17,-0.707106781186558,
0.707106781186537));
#5805=DIRECTION('ref_axis',(1.,-1.22464679914735E-16,2.71926214689378E-32));
#5806=DIRECTION('',(1.,-1.22464679914735E-16,2.71926214689378E-32));
#5807=DIRECTION('center_axis',(8.65956056235494E-17,0.707106781186548,0.707106781186547));
#5808=DIRECTION('ref_axis',(-1.,1.22464679914735E-16,-2.71926214689378E-32));
#5809=DIRECTION('',(-1.,1.22464679914735E-16,-2.71926214689378E-32));
#5810=DIRECTION('center_axis',(-1.22464679914735E-16,-1.,2.22044604925031E-16));
#5811=DIRECTION('ref_axis',(-1.,1.22464679914735E-16,-2.71926214689378E-32));
#5812=DIRECTION('',(0.,-2.22044604925031E-16,-1.));
#5813=DIRECTION('',(-1.,1.22464679914735E-16,-2.71926214689378E-32));
#5814=DIRECTION('',(0.,-2.22044604925031E-16,-1.));
#5815=DIRECTION('center_axis',(1.,-1.22464679914735E-16,2.71926214689378E-32));
#5816=DIRECTION('ref_axis',(-1.22464679914735E-16,-1.,2.22044604925031E-16));
#5817=DIRECTION('',(0.,-2.22044604925031E-16,-1.));
#5818=DIRECTION('',(-1.22464679914735E-16,-1.,2.22044604925031E-16));
#5819=DIRECTION('center_axis',(-0.70710678118655,2.43604851491927E-16,0.707106781186545));
#5820=DIRECTION('ref_axis',(-1.22464679914735E-16,-1.,2.22044604925031E-16));
#5821=DIRECTION('',(-0.577350269189629,-0.577350269189616,-0.577350269189633));
#5822=DIRECTION('',(-1.22464679914735E-16,-1.,2.22044604925031E-16));
#5823=DIRECTION('',(0.577350269189629,-0.577350269189616,0.577350269189633));
#5824=DIRECTION('center_axis',(-8.65956056235506E-17,-0.707106781186558,
0.707106781186537));
#5825=DIRECTION('ref_axis',(1.,-1.22464679914735E-16,2.71926214689378E-32));
#5826=DIRECTION('',(0.577350269189629,-0.577350269189616,-0.577350269189633));
#5827=DIRECTION('',(1.,-1.22464679914735E-16,2.71926214689378E-32));
#5828=DIRECTION('center_axis',(0.70710678118655,7.04136402448273E-17,0.707106781186545));
#5829=DIRECTION('ref_axis',(1.22464679914735E-16,1.,-2.22044604925031E-16));
#5830=DIRECTION('',(1.22464679914735E-16,1.,-2.22044604925031E-16));
#5831=DIRECTION('',(0.577350269189629,0.577350269189616,-0.577350269189633));
#5832=DIRECTION('center_axis',(8.65956056235506E-17,0.707106781186558,0.707106781186537));
#5833=DIRECTION('ref_axis',(-1.,1.22464679914735E-16,-2.71926214689378E-32));
#5834=DIRECTION('',(-1.,1.22464679914735E-16,-2.71926214689378E-32));
#5835=DIRECTION('center_axis',(-1.22464679914735E-16,-1.,2.22044604925031E-16));
#5836=DIRECTION('ref_axis',(-1.,1.22464679914735E-16,-2.71926214689378E-32));
#5837=DIRECTION('',(0.,-2.22044604925031E-16,-1.));
#5838=DIRECTION('',(-1.,1.22464679914735E-16,-2.71926214689378E-32));
#5839=DIRECTION('',(0.,-2.22044604925031E-16,-1.));
#5840=DIRECTION('center_axis',(1.,-1.22464679914735E-16,2.71926214689378E-32));
#5841=DIRECTION('ref_axis',(-1.22464679914735E-16,-1.,2.22044604925031E-16));
#5842=DIRECTION('',(0.,-2.22044604925031E-16,-1.));
#5843=DIRECTION('',(-1.22464679914735E-16,-1.,2.22044604925031E-16));
#5844=DIRECTION('center_axis',(-0.70710678118655,2.43604851491927E-16,0.707106781186545));
#5845=DIRECTION('ref_axis',(-1.22464679914735E-16,-1.,2.22044604925031E-16));
#5846=DIRECTION('',(-0.577350269189617,-0.577350269189639,-0.577350269189622));
#5847=DIRECTION('',(-1.22464679914735E-16,-1.,2.22044604925031E-16));
#5848=DIRECTION('',(0.577350269189617,-0.577350269189639,0.577350269189622));
#5849=DIRECTION('center_axis',(-8.6595605623548E-17,-0.707106781186537,
0.707106781186558));
#5850=DIRECTION('ref_axis',(1.,-1.22464679914735E-16,2.71926214689378E-32));
#5851=DIRECTION('',(0.577350269189619,-0.577350269189638,-0.577350269189621));
#5852=DIRECTION('',(1.,-1.22464679914735E-16,2.71926214689378E-32));
#5853=DIRECTION('center_axis',(0.707106781186549,7.04136402448276E-17,0.707106781186546));
#5854=DIRECTION('ref_axis',(1.22464679914735E-16,1.,-2.22044604925031E-16));
#5855=DIRECTION('',(1.22464679914735E-16,1.,-2.22044604925031E-16));
#5856=DIRECTION('',(0.577350269189619,0.577350269189638,-0.577350269189621));
#5857=DIRECTION('center_axis',(8.65956056235481E-17,0.707106781186537,0.707106781186558));
#5858=DIRECTION('ref_axis',(-1.,1.22464679914735E-16,-2.71926214689378E-32));
#5859=DIRECTION('',(-1.,1.22464679914735E-16,-2.71926214689378E-32));
#5860=DIRECTION('center_axis',(-1.22464679914735E-16,-1.,2.22044604925031E-16));
#5861=DIRECTION('ref_axis',(-1.,1.22464679914735E-16,-2.71926214689378E-32));
#5862=DIRECTION('',(0.,-2.22044604925031E-16,-1.));
#5863=DIRECTION('',(-1.,1.22464679914735E-16,-2.71926214689378E-32));
#5864=DIRECTION('',(0.,-2.22044604925031E-16,-1.));
#5865=DIRECTION('center_axis',(1.,-1.22464679914735E-16,2.71926214689378E-32));
#5866=DIRECTION('ref_axis',(-1.22464679914735E-16,-1.,2.22044604925031E-16));
#5867=DIRECTION('',(0.,-2.22044604925031E-16,-1.));
#5868=DIRECTION('',(-1.22464679914735E-16,-1.,2.22044604925031E-16));
#5869=DIRECTION('center_axis',(1.22464679914735E-16,1.,-2.22044604925031E-16));
#5870=DIRECTION('ref_axis',(1.,-1.22464679914735E-16,2.71926214689378E-32));
#5871=DIRECTION('',(0.,-2.22044604925031E-16,-1.));
#5872=DIRECTION('',(1.,-1.22464679914735E-16,2.71926214689378E-32));
#5873=DIRECTION('center_axis',(-1.,1.22464679914735E-16,-2.71926214689378E-32));
#5874=DIRECTION('ref_axis',(1.22464679914735E-16,1.,-2.22044604925031E-16));
#5875=DIRECTION('',(1.22464679914735E-16,1.,-2.22044604925031E-16));
#5876=DIRECTION('center_axis',(0.,-2.22044604925031E-16,-1.));
#5877=DIRECTION('ref_axis',(-1.22464679914735E-16,-1.,2.22044604925031E-16));
#5878=DIRECTION('center_axis',(1.22464679914735E-16,1.,-2.22044604925031E-16));
#5879=DIRECTION('ref_axis',(1.,-1.22464679914735E-16,2.71926214689378E-32));
#5880=DIRECTION('',(0.,-2.22044604925031E-16,-1.));
#5881=DIRECTION('',(1.,-1.22464679914735E-16,2.71926214689378E-32));
#5882=DIRECTION('center_axis',(-1.,1.22464679914735E-16,-2.71926214689378E-32));
#5883=DIRECTION('ref_axis',(1.22464679914735E-16,1.,-2.22044604925031E-16));
#5884=DIRECTION('',(1.22464679914735E-16,1.,-2.22044604925031E-16));
#5885=DIRECTION('center_axis',(0.,-2.22044604925031E-16,-1.));
#5886=DIRECTION('ref_axis',(-1.22464679914735E-16,-1.,2.22044604925031E-16));
#5887=DIRECTION('center_axis',(1.22464679914735E-16,1.,-2.22044604925031E-16));
#5888=DIRECTION('ref_axis',(1.,-1.22464679914735E-16,2.71926214689378E-32));
#5889=DIRECTION('',(0.,-2.22044604925031E-16,-1.));
#5890=DIRECTION('',(1.,-1.22464679914735E-16,2.71926214689378E-32));
#5891=DIRECTION('center_axis',(-1.,1.22464679914735E-16,-2.71926214689378E-32));
#5892=DIRECTION('ref_axis',(1.22464679914735E-16,1.,-2.22044604925031E-16));
#5893=DIRECTION('',(1.22464679914735E-16,1.,-2.22044604925031E-16));
#5894=DIRECTION('center_axis',(0.,-2.22044604925031E-16,-1.));
#5895=DIRECTION('ref_axis',(-1.22464679914735E-16,-1.,2.22044604925031E-16));
#5896=DIRECTION('center_axis',(0.,2.22044604925031E-16,1.));
#5897=DIRECTION('ref_axis',(1.,-1.22464679914735E-16,2.71926214689378E-32));
#5898=DIRECTION('center_axis',(0.,-2.22044604925031E-16,-1.));
#5899=DIRECTION('ref_axis',(1.,-1.22464679914735E-16,2.71926214689378E-32));
#5900=DIRECTION('',(-0.707106781186547,1.57009245868378E-16,0.707106781186548));
#5901=DIRECTION('center_axis',(0.,2.22044604925031E-16,1.));
#5902=DIRECTION('ref_axis',(1.,-1.22464679914735E-16,2.71926214689378E-32));
#5903=DIRECTION('center_axis',(0.,-2.22044604925031E-16,-1.));
#5904=DIRECTION('ref_axis',(1.,-1.22464679914735E-16,2.71926214689378E-32));
#5905=DIRECTION('',(0.,-2.22044604925031E-16,-1.));
#5906=DIRECTION('center_axis',(0.,-2.22044604925031E-16,-1.));
#5907=DIRECTION('ref_axis',(1.,-1.22464679914735E-16,2.71926214689378E-32));
#5908=DIRECTION('center_axis',(0.,-2.22044604925031E-16,-1.));
#5909=DIRECTION('ref_axis',(1.22464679914735E-16,1.,-2.22044604925031E-16));
#5910=DIRECTION('center_axis',(0.,-2.22044604925031E-16,-1.));
#5911=DIRECTION('ref_axis',(1.22464679914735E-16,1.,-2.22044604925031E-16));
#5912=DIRECTION('center_axis',(0.,2.22044604925031E-16,1.));
#5913=DIRECTION('ref_axis',(1.,-1.22464679914735E-16,2.71926214689378E-32));
#5914=DIRECTION('center_axis',(0.,2.22044604925031E-16,1.));
#5915=DIRECTION('ref_axis',(1.22464679914735E-16,1.,-2.22044604925031E-16));
#5916=DIRECTION('center_axis',(0.,-2.22044604925031E-16,-1.));
#5917=DIRECTION('ref_axis',(1.22464679914735E-16,1.,-2.22044604925031E-16));
#5918=DIRECTION('',(0.,-0.707106781186547,0.707106781186548));
#5919=DIRECTION('center_axis',(0.,-2.22044604925031E-16,-1.));
#5920=DIRECTION('ref_axis',(1.22464679914735E-16,1.,-2.22044604925031E-16));
#5921=DIRECTION('center_axis',(0.,2.22044604925031E-16,1.));
#5922=DIRECTION('ref_axis',(-1.22464679914735E-16,-1.,2.22044604925031E-16));
#5923=DIRECTION('center_axis',(0.,2.22044604925031E-16,1.));
#5924=DIRECTION('ref_axis',(-1.22464679914735E-16,-1.,2.22044604925031E-16));
#5925=DIRECTION('',(0.,2.22044604925031E-16,1.));
#5926=DIRECTION('center_axis',(0.,2.22044604925031E-16,1.));
#5927=DIRECTION('ref_axis',(1.22464679914735E-16,1.,-2.22044604925031E-16));
#5928=DIRECTION('center_axis',(0.,-2.22044604925031E-16,-1.));
#5929=DIRECTION('ref_axis',(1.22464679914735E-16,1.,-2.22044604925031E-16));
#5930=DIRECTION('',(0.,-0.707106781186547,0.707106781186548));
#5931=DIRECTION('center_axis',(0.,-2.22044604925031E-16,-1.));
#5932=DIRECTION('ref_axis',(1.22464679914735E-16,1.,-2.22044604925031E-16));
#5933=DIRECTION('center_axis',(0.,2.22044604925031E-16,1.));
#5934=DIRECTION('ref_axis',(-1.22464679914735E-16,-1.,2.22044604925031E-16));
#5935=DIRECTION('center_axis',(0.,2.22044604925031E-16,1.));
#5936=DIRECTION('ref_axis',(-1.22464679914735E-16,-1.,2.22044604925031E-16));
#5937=DIRECTION('',(0.,2.22044604925031E-16,1.));
#5938=DIRECTION('center_axis',(0.,2.22044604925031E-16,1.));
#5939=DIRECTION('ref_axis',(1.22464679914735E-16,1.,-2.22044604925031E-16));
#5940=DIRECTION('center_axis',(0.,-2.22044604925031E-16,-1.));
#5941=DIRECTION('ref_axis',(1.22464679914735E-16,1.,-2.22044604925031E-16));
#5942=DIRECTION('',(0.,-0.707106781186547,0.707106781186548));
#5943=DIRECTION('center_axis',(0.,-2.22044604925031E-16,-1.));
#5944=DIRECTION('ref_axis',(1.22464679914735E-16,1.,-2.22044604925031E-16));
#5945=DIRECTION('center_axis',(0.,-2.22044604925031E-16,-1.));
#5946=DIRECTION('ref_axis',(-1.22464679914735E-16,-1.,2.22044604925031E-16));
#5947=DIRECTION('',(0.,-2.22044604925031E-16,-1.));
#5948=DIRECTION('center_axis',(0.,-2.22044604925031E-16,-1.));
#5949=DIRECTION('ref_axis',(-1.22464679914735E-16,-1.,2.22044604925031E-16));
#5950=DIRECTION('center_axis',(0.,2.22044604925031E-16,1.));
#5951=DIRECTION('ref_axis',(1.22464679914735E-16,1.,-2.22044604925031E-16));
#5952=DIRECTION('center_axis',(0.,-2.22044604925031E-16,-1.));
#5953=DIRECTION('ref_axis',(1.22464679914735E-16,1.,-2.22044604925031E-16));
#5954=DIRECTION('',(0.,-0.707106781186547,0.707106781186548));
#5955=DIRECTION('center_axis',(0.,-2.22044604925031E-16,-1.));
#5956=DIRECTION('ref_axis',(1.22464679914735E-16,1.,-2.22044604925031E-16));
#5957=DIRECTION('center_axis',(0.,-2.22044604925031E-16,-1.));
#5958=DIRECTION('ref_axis',(-1.22464679914735E-16,-1.,2.22044604925031E-16));
#5959=DIRECTION('',(0.,-2.22044604925031E-16,-1.));
#5960=DIRECTION('center_axis',(0.,-2.22044604925031E-16,-1.));
#5961=DIRECTION('ref_axis',(-1.22464679914735E-16,-1.,2.22044604925031E-16));
#5962=DIRECTION('center_axis',(-1.22464679914735E-16,-1.,2.22044604925031E-16));
#5963=DIRECTION('ref_axis',(-1.,1.22464679914735E-16,-2.71926214689378E-32));
#5964=DIRECTION('center_axis',(1.22464679914735E-16,1.,-2.22044604925031E-16));
#5965=DIRECTION('ref_axis',(-1.,1.22464679914735E-16,-2.71926214689378E-32));
#5966=DIRECTION('',(0.707106781186547,-0.707106781186548,2.43604851491927E-16));
#5967=DIRECTION('center_axis',(-1.22464679914735E-16,-1.,2.22044604925031E-16));
#5968=DIRECTION('ref_axis',(-1.,1.22464679914735E-16,-2.71926214689378E-32));
#5969=DIRECTION('center_axis',(-1.22464679914735E-16,-1.,2.22044604925031E-16));
#5970=DIRECTION('ref_axis',(1.,-1.22464679914735E-16,2.71926214689378E-32));
#5971=DIRECTION('',(1.,-1.22464679914735E-16,2.71926214689378E-32));
#5972=DIRECTION('',(0.,2.22044604925031E-16,1.));
#5973=DIRECTION('center_axis',(-1.22464679914735E-16,-1.,2.22044604925031E-16));
#5974=DIRECTION('ref_axis',(-1.,1.22464679914735E-16,-2.71926214689378E-32));
#5975=DIRECTION('center_axis',(1.22464679914735E-16,1.,-2.22044604925031E-16));
#5976=DIRECTION('ref_axis',(-1.,1.22464679914735E-16,-2.71926214689378E-32));
#5977=DIRECTION('',(1.22464679914735E-16,1.,-2.22044604925031E-16));
#5978=DIRECTION('center_axis',(-1.22464679914735E-16,-1.,2.22044604925031E-16));
#5979=DIRECTION('ref_axis',(-1.,1.22464679914735E-16,-2.71926214689378E-32));
#5980=DIRECTION('center_axis',(-1.22464679914735E-16,-1.,2.22044604925031E-16));
#5981=DIRECTION('ref_axis',(-1.,1.22464679914735E-16,-2.71926214689378E-32));
#5982=DIRECTION('center_axis',(1.22464679914735E-16,1.,-2.22044604925031E-16));
#5983=DIRECTION('ref_axis',(-1.,1.22464679914735E-16,-2.71926214689378E-32));
#5984=DIRECTION('',(0.707106781186547,-0.707106781186548,2.43604851491927E-16));
#5985=DIRECTION('center_axis',(1.22464679914735E-16,1.,-2.22044604925031E-16));
#5986=DIRECTION('ref_axis',(-1.,1.22464679914735E-16,-2.71926214689378E-32));
#5987=DIRECTION('',(1.22464679914735E-16,1.,-2.22044604925031E-16));
#5988=DIRECTION('center_axis',(-1.22464679914735E-16,-1.,2.22044604925031E-16));
#5989=DIRECTION('ref_axis',(-1.,1.22464679914735E-16,-2.71926214689378E-32));
#5990=DIRECTION('center_axis',(0.,2.22044604925031E-16,1.));
#5991=DIRECTION('ref_axis',(-1.22464679914735E-16,-1.,2.22044604925031E-16));
#5992=DIRECTION('center_axis',(0.,-2.22044604925031E-16,-1.));
#5993=DIRECTION('ref_axis',(-1.22464679914735E-16,-1.,2.22044604925031E-16));
#5994=DIRECTION('',(0.,0.707106781186658,0.707106781186437));
#5995=DIRECTION('center_axis',(0.,2.22044604925031E-16,1.));
#5996=DIRECTION('ref_axis',(-1.22464679914735E-16,-1.,2.22044604925031E-16));
#5997=DIRECTION('center_axis',(0.,2.22044604925031E-16,1.));
#5998=DIRECTION('ref_axis',(-1.22464679914735E-16,-1.,2.22044604925031E-16));
#5999=DIRECTION('',(0.,2.22044604925031E-16,1.));
#6000=DIRECTION('center_axis',(0.,2.22044604925031E-16,1.));
#6001=DIRECTION('ref_axis',(-1.22464679914735E-16,-1.,2.22044604925031E-16));
#6002=DIRECTION('center_axis',(0.,-2.22044604925031E-16,-1.));
#6003=DIRECTION('ref_axis',(-1.22464679914735E-16,-1.,2.22044604925031E-16));
#6004=DIRECTION('',(0.,0.707106781186658,0.707106781186437));
#6005=DIRECTION('center_axis',(0.,2.22044604925031E-16,1.));
#6006=DIRECTION('ref_axis',(-1.22464679914735E-16,-1.,2.22044604925031E-16));
#6007=DIRECTION('center_axis',(0.,2.22044604925031E-16,1.));
#6008=DIRECTION('ref_axis',(-1.22464679914735E-16,-1.,2.22044604925031E-16));
#6009=DIRECTION('',(0.,2.22044604925031E-16,1.));
#6010=DIRECTION('center_axis',(0.,2.22044604925031E-16,1.));
#6011=DIRECTION('ref_axis',(-1.22464679914735E-16,-1.,2.22044604925031E-16));
#6012=DIRECTION('center_axis',(0.,-2.22044604925031E-16,-1.));
#6013=DIRECTION('ref_axis',(-1.22464679914735E-16,-1.,2.22044604925031E-16));
#6014=DIRECTION('',(0.,0.707106781186547,0.707106781186548));
#6015=DIRECTION('center_axis',(0.,-2.22044604925031E-16,-1.));
#6016=DIRECTION('ref_axis',(-1.22464679914735E-16,-1.,2.22044604925031E-16));
#6017=DIRECTION('center_axis',(0.,-2.22044604925031E-16,-1.));
#6018=DIRECTION('ref_axis',(1.22464679914735E-16,1.,-2.22044604925031E-16));
#6019=DIRECTION('',(0.,-2.22044604925031E-16,-1.));
#6020=DIRECTION('center_axis',(0.707106781186548,-2.43604851491927E-16,
-0.707106781186548));
#6021=DIRECTION('ref_axis',(1.22464679914735E-16,1.,-2.22044604925031E-16));
#6022=DIRECTION('',(1.22464679914735E-16,1.,-2.22044604925031E-16));
#6023=DIRECTION('',(-1.22464679914735E-16,-1.,2.22044604925031E-16));
#6024=DIRECTION('center_axis',(2.46716227694479E-16,2.22044604925031E-16,
1.));
#6025=DIRECTION('ref_axis',(-1.,1.22464679914735E-16,2.46716227694479E-16));
#6026=DIRECTION('',(1.22464679914735E-16,1.,-2.22044604925031E-16));
#6027=DIRECTION('center_axis',(-0.707106781186547,-7.04136402448283E-17,
-0.707106781186548));
#6028=DIRECTION('ref_axis',(-1.22464679914735E-16,-1.,2.22044604925031E-16));
#6029=DIRECTION('',(-1.22464679914735E-16,-1.,2.22044604925031E-16));
#6030=DIRECTION('center_axis',(1.,-1.22464679914735E-16,-4.44089209850063E-16));
#6031=DIRECTION('ref_axis',(4.44089209850063E-16,2.22044604925031E-16,1.));
#6032=DIRECTION('',(1.22464679914735E-16,1.,-2.22044604925031E-16));
#6033=DIRECTION('center_axis',(-0.707106781186547,2.43604851491927E-16,
0.707106781186548));
#6034=DIRECTION('ref_axis',(-1.22464679914735E-16,-1.,2.22044604925031E-16));
#6035=DIRECTION('center_axis',(0.707106781186548,7.0413640244828E-17,0.707106781186547));
#6036=DIRECTION('ref_axis',(1.22464679914735E-16,1.,-2.22044604925031E-16));
#6037=DIRECTION('',(-1.22464679914735E-16,-1.,2.22044604925031E-16));
#6038=DIRECTION('center_axis',(-1.,1.22464679914735E-16,-2.71926214689378E-32));
#6039=DIRECTION('ref_axis',(0.,-2.22044604925031E-16,-1.));
#6040=DIRECTION('center_axis',(-8.65956056235487E-17,-0.707106781186543,
0.707106781186552));
#6041=DIRECTION('ref_axis',(1.,-1.22464679914735E-16,2.71926214689378E-32));
#6042=DIRECTION('',(8.65956056235499E-17,0.707106781186552,0.707106781186543));
#6043=DIRECTION('',(-8.65956056235499E-17,-0.707106781186552,-0.707106781186543));
#6044=DIRECTION('',(1.,-1.22464679914735E-16,2.71926214689378E-32));
#6045=DIRECTION('center_axis',(0.,2.22044604925031E-16,1.));
#6046=DIRECTION('ref_axis',(0.707106781186548,0.707106781186547,-1.57009245868378E-16));
#6047=DIRECTION('center_axis',(0.,-2.22044604925031E-16,-1.));
#6048=DIRECTION('ref_axis',(0.707106781186548,0.707106781186547,-1.57009245868377E-16));
#6049=DIRECTION('',(3.05358931174398E-15,-0.707106781186552,0.707106781186543));
#6050=DIRECTION('center_axis',(8.65956056235488E-17,0.707106781186543,0.707106781186552));
#6051=DIRECTION('ref_axis',(-1.,1.22464679914735E-16,-2.71926214689378E-32));
#6052=DIRECTION('',(-8.65956056235499E-17,-0.707106781186552,0.707106781186543));
#6053=DIRECTION('',(-1.,1.22464679914735E-16,-2.71926214689378E-32));
#6054=DIRECTION('center_axis',(0.,2.22044604925031E-16,1.));
#6055=DIRECTION('ref_axis',(-0.707106781186547,0.707106781186548,-1.57009245868378E-16));
#6056=DIRECTION('center_axis',(0.,-2.22044604925031E-16,-1.));
#6057=DIRECTION('ref_axis',(-0.707106781186547,0.707106781186548,-1.57009245868377E-16));
#6058=DIRECTION('center_axis',(0.,2.22044604925031E-16,1.));
#6059=DIRECTION('ref_axis',(0.707106781186548,0.707106781186547,-1.57009245868377E-16));
#6060=DIRECTION('',(0.,-2.22044604925031E-16,-1.));
#6061=DIRECTION('center_axis',(0.,2.22044604925031E-16,1.));
#6062=DIRECTION('ref_axis',(0.707106781186548,0.707106781186547,-1.57009245868377E-16));
#6063=DIRECTION('',(0.,2.22044604925031E-16,1.));
#6064=DIRECTION('center_axis',(1.22464679914735E-16,1.,-2.22044604925031E-16));
#6065=DIRECTION('ref_axis',(-1.,1.22464679914735E-16,-2.71926214689378E-32));
#6066=DIRECTION('',(0.,2.22044604925031E-16,1.));
#6067=DIRECTION('',(-1.,1.22464679914735E-16,-2.71926214689378E-32));
#6068=DIRECTION('center_axis',(0.984807753012208,0.173648177666932,-3.85576410060055E-17));
#6069=DIRECTION('ref_axis',(0.,2.22044604925031E-16,1.));
#6070=DIRECTION('',(-0.173648177666932,0.984807753012208,-4.18375347924884E-15));
#6071=DIRECTION('center_axis',(0.,-2.22044604925031E-16,-1.));
#6072=DIRECTION('ref_axis',(-0.707106781186547,0.707106781186548,-1.57009245868378E-16));
#6073=DIRECTION('',(-8.65956056235499E-17,-0.707106781186552,0.707106781186543));
#6074=DIRECTION('center_axis',(0.,2.22044604925031E-16,1.));
#6075=DIRECTION('ref_axis',(-0.707106781186547,0.707106781186548,-1.57009245868377E-16));
#6076=DIRECTION('',(-8.659560562355E-17,-0.707106781186553,-0.707106781186542));
#6077=DIRECTION('center_axis',(-8.65956056235487E-17,-0.707106781186543,
-0.707106781186552));
#6078=DIRECTION('ref_axis',(1.,-1.22464679914735E-16,2.71926214689378E-32));
#6079=DIRECTION('',(-8.65956056235499E-17,-0.707106781186552,0.707106781186543));
#6080=DIRECTION('center_axis',(0.,-2.22044604925031E-16,-1.));
#6081=DIRECTION('ref_axis',(0.707106781186548,0.707106781186547,-1.57009245868378E-16));
#6082=DIRECTION('',(-1.48349685306021E-15,0.707106781186553,0.707106781186542));
#6083=DIRECTION('center_axis',(8.65956056235495E-17,0.707106781186549,-0.707106781186546));
#6084=DIRECTION('ref_axis',(-1.,1.22464679914735E-16,-2.71926214689378E-32));
#6085=DIRECTION('',(1.,-1.22464679914735E-16,2.71926214689378E-32));
#6086=DIRECTION('center_axis',(-1.22464679914735E-16,-1.,2.22044604925031E-16));
#6087=DIRECTION('ref_axis',(1.,-1.22464679914735E-16,2.71926214689378E-32));
#6088=DIRECTION('',(0.,-2.22044604925031E-16,-1.));
#6089=DIRECTION('center_axis',(0.,2.22044604925031E-16,1.));
#6090=DIRECTION('ref_axis',(-0.707106781186547,0.707106781186548,-1.57009245868377E-16));
#6091=DIRECTION('center_axis',(-8.65956056235496E-17,-0.70710678118655,
0.707106781186545));
#6092=DIRECTION('ref_axis',(1.,-1.22464679914735E-16,2.71926214689378E-32));
#6093=DIRECTION('',(0.577350269189632,-0.57735026918962,-0.577350269189625));
#6094=DIRECTION('center_axis',(-0.707106781186545,-0.70710678118655,1.57009245868378E-16));
#6095=DIRECTION('ref_axis',(0.70710678118655,-0.707106781186545,1.57009245868377E-16));
#6096=DIRECTION('center_axis',(1.22464679914735E-16,1.,-2.22044604925031E-16));
#6097=DIRECTION('ref_axis',(-1.,1.22464679914735E-16,-2.71926214689378E-32));
#6098=DIRECTION('',(0.857492925712543,0.514495755427528,-2.19253603426048E-16));
#6099=DIRECTION('center_axis',(-1.22464679914735E-16,-1.,2.22044604925031E-16));
#6100=DIRECTION('ref_axis',(-1.,1.22464679914735E-16,-2.71926214689378E-32));
#6101=DIRECTION('center_axis',(1.22464679914735E-16,1.,-2.22044604925031E-16));
#6102=DIRECTION('ref_axis',(-1.,1.22464679914735E-16,-2.71926214689378E-32));
#6103=DIRECTION('',(0.857492925712548,0.51449575542752,-2.19253603426046E-16));
#6104=DIRECTION('center_axis',(-1.22464679914735E-16,-1.,2.22044604925031E-16));
#6105=DIRECTION('ref_axis',(-1.,1.22464679914735E-16,-2.71926214689378E-32));
#6106=DIRECTION('center_axis',(1.22464679914735E-16,1.,-2.22044604925031E-16));
#6107=DIRECTION('ref_axis',(-1.,1.22464679914735E-16,-2.71926214689378E-32));
#6108=DIRECTION('',(1.22464679914735E-16,1.,-2.22044604925031E-16));
#6109=DIRECTION('center_axis',(1.22464679914735E-16,1.,-2.22044604925031E-16));
#6110=DIRECTION('ref_axis',(-1.,1.22464679914735E-16,-2.71926214689378E-32));
#6111=DIRECTION('center_axis',(-1.22464679914735E-16,-1.,2.22044604925031E-16));
#6112=DIRECTION('ref_axis',(-1.,1.22464679914735E-16,-2.71926214689378E-32));
#6113=DIRECTION('center_axis',(1.22464679914735E-16,1.,-2.22044604925031E-16));
#6114=DIRECTION('ref_axis',(-1.,1.22464679914735E-16,-2.71926214689378E-32));
#6115=DIRECTION('',(1.22464679914735E-16,1.,-2.22044604925031E-16));
#6116=DIRECTION('center_axis',(1.22464679914735E-16,1.,-2.22044604925031E-16));
#6117=DIRECTION('ref_axis',(-1.,1.22464679914735E-16,-2.71926214689378E-32));
#6118=DIRECTION('center_axis',(-1.22464679914735E-16,-1.,2.22044604925031E-16));
#6119=DIRECTION('ref_axis',(-1.,1.22464679914735E-16,-2.71926214689378E-32));
#6120=DIRECTION('center_axis',(0.,-2.22044604925031E-16,-1.));
#6121=DIRECTION('ref_axis',(-1.22464679914735E-16,-1.,2.22044604925031E-16));
#6122=DIRECTION('',(1.73191211247099E-16,0.707106781186547,-0.707106781186548));
#6123=DIRECTION('center_axis',(0.,-2.22044604925031E-16,-1.));
#6124=DIRECTION('ref_axis',(-1.22464679914735E-16,-1.,2.22044604925031E-16));
#6125=DIRECTION('',(1.73191211247099E-16,0.707106781186547,-0.707106781186548));
#6126=DIRECTION('center_axis',(0.,-2.22044604925031E-16,-1.));
#6127=DIRECTION('ref_axis',(-1.22464679914735E-16,-1.,2.22044604925031E-16));
#6128=DIRECTION('',(1.73191211247099E-16,0.707106781186547,-0.707106781186548));
#6129=DIRECTION('center_axis',(0.,-2.22044604925031E-16,-1.));
#6130=DIRECTION('ref_axis',(-1.22464679914735E-16,-1.,2.22044604925031E-16));
#6131=DIRECTION('',(1.73191211247099E-16,0.707106781186547,-0.707106781186548));
#6132=DIRECTION('center_axis',(0.,-2.22044604925031E-16,-1.));
#6133=DIRECTION('ref_axis',(-1.,1.22464679914735E-16,-2.71926214689378E-32));
#6134=DIRECTION('center_axis',(0.,2.22044604925031E-16,1.));
#6135=DIRECTION('ref_axis',(-1.,1.22464679914735E-16,-2.71926214689378E-32));
#6136=DIRECTION('',(-0.707106781186546,3.30200457115476E-16,0.707106781186549));
#6137=DIRECTION('center_axis',(0.,-2.22044604925031E-16,-1.));
#6138=DIRECTION('ref_axis',(-1.,1.22464679914735E-16,-2.71926214689378E-32));
#6139=DIRECTION('center_axis',(0.,-2.22044604925031E-16,-1.));
#6140=DIRECTION('ref_axis',(-1.,1.22464679914735E-16,-2.71926214689378E-32));
#6141=DIRECTION('',(0.,2.22044604925031E-16,1.));
#6142=DIRECTION('center_axis',(0.,-2.22044604925031E-16,-1.));
#6143=DIRECTION('ref_axis',(-1.,1.22464679914735E-16,-2.71926214689378E-32));
#6144=DIRECTION('center_axis',(0.,-2.22044604925031E-16,-1.));
#6145=DIRECTION('ref_axis',(-1.22464679914735E-16,-1.,2.22044604925031E-16));
#6146=DIRECTION('',(1.73191211247099E-16,0.707106781186547,-0.707106781186548));
#6147=DIRECTION('center_axis',(0.,-2.22044604925031E-16,-1.));
#6148=DIRECTION('ref_axis',(-1.22464679914735E-16,-1.,2.22044604925031E-16));
#6149=DIRECTION('',(1.73191211247099E-16,0.707106781186547,-0.707106781186548));
#6150=DIRECTION('center_axis',(0.,-2.22044604925031E-16,-1.));
#6151=DIRECTION('ref_axis',(1.,-1.22464679914735E-16,2.71926214689378E-32));
#6152=DIRECTION('center_axis',(0.,2.22044604925031E-16,1.));
#6153=DIRECTION('ref_axis',(1.,-1.22464679914735E-16,2.71926214689378E-32));
#6154=DIRECTION('',(0.707106781186546,-1.61819653787204E-17,0.707106781186549));
#6155=DIRECTION('center_axis',(0.,-2.22044604925031E-16,-1.));
#6156=DIRECTION('ref_axis',(1.,-1.22464679914735E-16,2.71926214689378E-32));
#6157=DIRECTION('center_axis',(0.,2.22044604925031E-16,1.));
#6158=DIRECTION('ref_axis',(1.,-1.22464679914735E-16,2.71926214689378E-32));
#6159=DIRECTION('',(0.,-2.22044604925031E-16,-1.));
#6160=DIRECTION('center_axis',(0.,2.22044604925031E-16,1.));
#6161=DIRECTION('ref_axis',(1.,-1.22464679914735E-16,2.71926214689378E-32));
#6162=DIRECTION('center_axis',(0.173648177666932,-0.984807753012208,4.18375347924884E-15));
#6163=DIRECTION('ref_axis',(-0.696364240320017,-0.122787803968977,-0.707106781186549));
#6164=DIRECTION('',(-0.173648177666932,0.984807753012208,-4.18375347924884E-15));
#6165=DIRECTION('center_axis',(0.173648177666932,-0.984807753012208,4.18375347924884E-15));
#6166=DIRECTION('ref_axis',(0.696364240320018,0.122787803968971,-0.707106781186549));
#6167=DIRECTION('',(0.173648177666932,-0.984807753012208,4.18375347924884E-15));
#6168=DIRECTION('center_axis',(3.66953938318808E-16,-4.18359074039602E-15,
-1.));
#6169=DIRECTION('ref_axis',(0.984807753012208,0.173648177666931,-3.65093824719289E-16));
#6170=DIRECTION('center_axis',(0.,-2.22044604925031E-16,-1.));
#6171=DIRECTION('ref_axis',(1.22464679914735E-16,1.,-2.22044604925031E-16));
#6172=DIRECTION('center_axis',(0.,-2.22044604925031E-16,-1.));
#6173=DIRECTION('ref_axis',(1.22464679914735E-16,1.,-2.22044604925031E-16));
#6174=CARTESIAN_POINT('',(0.,0.,0.));
#6175=CARTESIAN_POINT('Origin',(132.5,135.5,7.25000000000008));
#6176=CARTESIAN_POINT('',(132.5,129.4,31.8000000000001));
#6177=CARTESIAN_POINT('',(132.5,129.4,12.6000000000001));
#6178=CARTESIAN_POINT('',(132.5,129.4,7.25000000000009));
#6179=CARTESIAN_POINT('',(133.397364700613,141.533633780243,31.8000000000001));
#6180=CARTESIAN_POINT('Origin',(132.5,135.5,31.8000000000001));
#6181=CARTESIAN_POINT('',(133.397364700613,141.533633780243,12.6000000000001));
#6182=CARTESIAN_POINT('',(133.397364700613,141.533633780243,7.25000000000008));
#6183=CARTESIAN_POINT('Origin',(132.5,135.5,12.6000000000001));
#6184=CARTESIAN_POINT('Origin',(132.5,135.5,7.25000000000008));
#6185=CARTESIAN_POINT('',(132.5,129.4,12.0000000000001));
#6186=CARTESIAN_POINT('',(132.5,129.4,12.0000000000001));
#6187=CARTESIAN_POINT('',(132.5,129.4,2.50000000000009));
#6188=CARTESIAN_POINT('',(132.5,129.4,7.25000000000009));
#6189=CARTESIAN_POINT('Origin',(132.5,135.5,2.50000000000008));
#6190=CARTESIAN_POINT('',(131.602635299387,141.533633780243,12.0000000000001));
#6191=CARTESIAN_POINT('Origin',(132.5,135.5,12.0000000000001));
#6192=CARTESIAN_POINT('',(131.602635299387,141.533633780243,31.8000000000001));
#6193=CARTESIAN_POINT('',(131.602635299387,141.533633780243,7.25000000000008));
#6194=CARTESIAN_POINT('Origin',(132.5,135.5,31.8000000000001));
#6195=CARTESIAN_POINT('Origin',(127.5,99.7898094212538,12.0000000000001));
#6196=CARTESIAN_POINT('',(153.548391029874,191.196454537305,12.0000000000001));
#6197=CARTESIAN_POINT('',(130.060726120533,187.054945499949,12.0000000000001));
#6198=CARTESIAN_POINT('',(113.848203026609,184.196240253131,12.0000000000001));
#6199=CARTESIAN_POINT('',(130.408022475867,185.085329993924,12.0000000000001));
#6200=CARTESIAN_POINT('',(136.997512140004,147.714477061143,12.0000000000001));
#6201=CARTESIAN_POINT('',(128.785703325176,182.768418132566,12.0000000000001));
#6202=CARTESIAN_POINT('Origin',(128.438406969842,184.73803363859,12.0000000000004));
#6203=CARTESIAN_POINT('',(121.0451143865,181.403543456104,12.0000000000011));
#6204=CARTESIAN_POINT('',(114.542795737277,180.257009241082,12.0000000000001));
#6205=CARTESIAN_POINT('',(118.728202525142,183.025862606795,12.0000000000011));
#6206=CARTESIAN_POINT('Origin',(120.697818031166,183.373158962128,12.0000000000011));
#6207=CARTESIAN_POINT('',(118.380906169808,184.995478112819,12.0000000000011));
#6208=CARTESIAN_POINT('',(118.068339450007,186.768132068241,12.0000000000011));
#6209=CARTESIAN_POINT('',(76.5364247443192,177.617167043751,12.0000000000001));
#6210=CARTESIAN_POINT('',(113.848203026609,184.196240253131,12.0000000000001));
#6211=CARTESIAN_POINT('',(76.1717635712185,179.685263325077,12.0000000000001));
#6212=CARTESIAN_POINT('',(83.4732107637905,138.276698604945,12.0000000000001));
#6213=CARTESIAN_POINT('',(75.7778404700137,179.615804054011,12.0000000000001));
#6214=CARTESIAN_POINT('',(94.2305502821203,182.869514661069,12.0000000000001));
#6215=CARTESIAN_POINT('',(75.7550079448179,182.048801932306,12.0000000000001));
#6216=CARTESIAN_POINT('',(76.1546493032716,139.463649004148,12.0000000000001));
#6217=CARTESIAN_POINT('',(75.6855486737512,182.442725033511,12.0000000000001));
#6218=CARTESIAN_POINT('',(83.4732107637905,138.276698604945,12.0000000000001));
#6219=CARTESIAN_POINT('',(75.4538574876154,182.60495694858,12.0000000000001));
#6220=CARTESIAN_POINT('',(112.486641744369,156.674322251108,12.0000000000001));
#6221=CARTESIAN_POINT('',(74.2395277334995,182.390837849452,12.0000000000001));
#6222=CARTESIAN_POINT('',(134.677608274427,193.047702111049,12.0000000000001));
#6223=CARTESIAN_POINT('',(72.9999999999999,180.913626219934,12.0000000000001));
#6224=CARTESIAN_POINT('Origin',(74.5,180.913626219934,12.0000000000001));
#6225=CARTESIAN_POINT('',(72.9999999999999,163.891854213354,12.0000000000001));
#6226=CARTESIAN_POINT('',(72.9999999999999,141.190817451771,12.0000000000001));
#6227=CARTESIAN_POINT('',(77.4999999999999,159.391854213354,12.0000000000001));
#6228=CARTESIAN_POINT('Origin',(77.4999999999999,163.891854213354,12.0000000000001));
#6229=CARTESIAN_POINT('',(92.4999999999999,159.391854213354,12.0000000000001));
#6230=CARTESIAN_POINT('',(99.9999999999999,159.391854213354,12.0000000000001));
#6231=CARTESIAN_POINT('',(97.9999999999999,153.891854213354,12.0000000000001));
#6232=CARTESIAN_POINT('Origin',(92.4999999999999,153.891854213354,12.0000000000001));
#6233=CARTESIAN_POINT('',(97.9999999999999,67.9999999999999,12.0000000000001));
#6234=CARTESIAN_POINT('',(97.9999999999999,143.394904710627,12.0000000000001));
#6235=CARTESIAN_POINT('',(94.7912878474778,62.9999999999999,12.0000000000001));
#6236=CARTESIAN_POINT('Origin',(92.4999999999999,67.9999999999999,12.0000000000001));
#6237=CARTESIAN_POINT('',(142.,62.9999999999999,12.0000000000001));
#6238=CARTESIAN_POINT('',(112.5,62.9999999999999,12.0000000000001));
#6239=CARTESIAN_POINT('',(142.,55.1999999999999,12.0000000000001));
#6240=CARTESIAN_POINT('',(142.,80.8949047106269,12.0000000000001));
#6241=CARTESIAN_POINT('',(121.57575270668,55.1999999999999,12.0000000000001));
#6242=CARTESIAN_POINT('',(121.57575270668,55.1999999999999,12.0000000000001));
#6243=CARTESIAN_POINT('',(109.166079060689,44.1999993642332,12.0000000000001));
#6244=CARTESIAN_POINT('Origin',(109.166079060689,56.6999999999999,12.0000000000001));
#6245=CARTESIAN_POINT('',(-7.105427357601E-14,44.1999990467859,12.0000000000001));
#6246=CARTESIAN_POINT('',(64.2499999999999,44.1999980926999,12.0000000000001));
#6247=CARTESIAN_POINT('',(-7.105427357601E-14,0.499999999999883,12.0000000000001));
#6248=CARTESIAN_POINT('',(-7.105427357601E-14,-1.17128529097954E-13,12.0000000000001));
#6249=CARTESIAN_POINT('',(210.,0.499999999999857,12.0000000000001));
#6250=CARTESIAN_POINT('',(112.5,0.499999999999869,12.0000000000001));
#6251=CARTESIAN_POINT('',(210.,44.1999999999999,12.0000000000001));
#6252=CARTESIAN_POINT('',(210.,61.9999999999999,12.0000000000001));
#6253=CARTESIAN_POINT('',(194.352618359707,44.1999999999999,12.0000000000001));
#6254=CARTESIAN_POINT('',(168.25,44.1999999999999,12.0000000000001));
#6255=CARTESIAN_POINT('',(181.942944713716,55.1999999999999,12.0000000000001));
#6256=CARTESIAN_POINT('Origin',(194.352618359707,56.6999999999999,12.0000000000001));
#6257=CARTESIAN_POINT('',(157.,55.1999999999999,12.0000000000001));
#6258=CARTESIAN_POINT('',(121.57575270668,55.1999999999999,12.0000000000001));
#6259=CARTESIAN_POINT('',(157.,62.9999999999999,12.0000000000001));
#6260=CARTESIAN_POINT('',(157.,80.8949047106269,12.0000000000001));
#6261=CARTESIAN_POINT('',(160.208712152522,62.9999999999999,12.0000000000001));
#6262=CARTESIAN_POINT('',(112.5,62.9999999999999,12.0000000000001));
#6263=CARTESIAN_POINT('',(157.,67.9999999999999,12.0000000000001));
#6264=CARTESIAN_POINT('Origin',(162.5,67.9999999999999,12.0000000000001));
#6265=CARTESIAN_POINT('',(157.,195.196111657319,12.0000000000001));
#6266=CARTESIAN_POINT('',(157.,50.8949047106269,12.0000000000001));
#6267=CARTESIAN_POINT('',(155.2395277335,196.673323286838,12.0000000000001));
#6268=CARTESIAN_POINT('Origin',(155.5,195.196111657319,12.0000000000001));
#6269=CARTESIAN_POINT('',(152.859746874375,196.253703713201,12.0000000000001));
#6270=CARTESIAN_POINT('',(134.677608274427,193.047702111049,12.0000000000001));
#6271=CARTESIAN_POINT('',(152.697514959306,196.022012527065,12.0000000000001));
#6272=CARTESIAN_POINT('',(126.22938370518,158.221603634305,12.0000000000001));
#6273=CARTESIAN_POINT('',(152.766974230372,195.628089425861,12.0000000000001));
#6274=CARTESIAN_POINT('',(160.485177049345,151.855986098499,12.0000000000001));
#6275=CARTESIAN_POINT('',(153.577652957978,193.334010089698,12.0000000000001));
#6276=CARTESIAN_POINT('',(166.41823017776,156.997417230887,12.0000000000001));
#6277=CARTESIAN_POINT('',(153.183729856773,193.264550818631,12.0000000000001));
#6278=CARTESIAN_POINT('',(132.9334949755,189.693888043379,12.0000000000001));
#6279=CARTESIAN_POINT('',(160.485177049345,151.855986098499,12.0000000000001));
#6280=CARTESIAN_POINT('',(137.5,168.5,12.0000000000001));
#6281=CARTESIAN_POINT('',(117.5,168.5,12.0000000000001));
#6282=CARTESIAN_POINT('',(136.25,168.5,12.0000000000001));
#6283=CARTESIAN_POINT('',(137.5,152.5,12.0000000000001));
#6284=CARTESIAN_POINT('Origin',(137.5,160.5,12.0000000000001));
#6285=CARTESIAN_POINT('',(117.5,152.5,12.0000000000001));
#6286=CARTESIAN_POINT('',(118.75,152.5,12.0000000000001));
#6287=CARTESIAN_POINT('Origin',(117.5,160.5,12.0000000000001));
#6288=CARTESIAN_POINT('',(132.5,120.5,12.0000000000001));
#6289=CARTESIAN_POINT('',(131.600435599139,150.473001832923,12.0000000000001));
#6290=CARTESIAN_POINT('Origin',(132.5,135.5,12.0000000000001));
#6291=CARTESIAN_POINT('',(132.,150.091664350565,12.0000000000001));
#6292=CARTESIAN_POINT('',(143.284389648301,139.322034400661,12.0000000000001));
#6293=CARTESIAN_POINT('',(132.,141.979473661428,12.0000000000001));
#6294=CARTESIAN_POINT('',(132.,120.684641541341,12.0000000000001));
#6295=CARTESIAN_POINT('',(120.426656428339,128.994278663117,12.0000000000001));
#6296=CARTESIAN_POINT('',(132.5,110.144904710627,12.0000000000001));
#6297=CARTESIAN_POINT('',(151.5,94.7999999999999,12.0000000000001));
#6298=CARTESIAN_POINT('Origin',(151.5,92.4999999999999,12.0000000000001));
#6299=CARTESIAN_POINT('',(132.5,119.3,12.0000000000001));
#6300=CARTESIAN_POINT('Origin',(132.5,108.,12.0000000000001));
#6301=CARTESIAN_POINT('',(132.,74.0205263385717,12.0000000000001));
#6302=CARTESIAN_POINT('',(132.,65.908335649435,12.0000000000001));
#6303=CARTESIAN_POINT('',(132.,82.6490725353443,12.0000000000001));
#6304=CARTESIAN_POINT('',(131.600435599139,65.5269981670773,12.0000000000001));
#6305=CARTESIAN_POINT('',(139.183764798864,72.7643988431199,12.0000000000001));
#6306=CARTESIAN_POINT('',(132.485695202168,95.4999931790903,12.0000000000001));
#6307=CARTESIAN_POINT('Origin',(132.5,80.4999999999999,12.0000000000001));
#6308=CARTESIAN_POINT('',(132.5,86.7999999999999,12.0000000000001));
#6309=CARTESIAN_POINT('',(132.489314146971,93.2989977179292,12.0000000000001));
#6310=CARTESIAN_POINT('',(132.5,86.5999999999999,12.0000000000001));
#6311=CARTESIAN_POINT('',(132.5,93.1949047106269,12.0000000000001));
#6312=CARTESIAN_POINT('',(132.5,74.3999999999999,12.0000000000001));
#6313=CARTESIAN_POINT('Origin',(132.5,80.4999999999999,12.0000000000001));
#6314=CARTESIAN_POINT('',(131.602635299387,74.4663662197565,12.0000000000001));
#6315=CARTESIAN_POINT('Origin',(132.5,80.4999999999999,12.0000000000001));
#6316=CARTESIAN_POINT('',(124.504706329959,82.4301833467171,12.0000000000001));
#6317=CARTESIAN_POINT('',(151.5,125.8,12.0000000000001));
#6318=CARTESIAN_POINT('Origin',(151.5,123.5,12.0000000000001));
#6319=CARTESIAN_POINT('',(152.8,73.6999999999999,12.0000000000001));
#6320=CARTESIAN_POINT('',(152.8,76.2999999999999,12.0000000000001));
#6321=CARTESIAN_POINT('',(152.8,87.8949047106269,12.0000000000001));
#6322=CARTESIAN_POINT('',(150.2,73.6999999999999,12.0000000000001));
#6323=CARTESIAN_POINT('',(140.,73.6999999999999,12.0000000000001));
#6324=CARTESIAN_POINT('',(150.2,76.2999999999999,12.0000000000001));
#6325=CARTESIAN_POINT('',(150.2,86.8949047106269,12.0000000000001));
#6326=CARTESIAN_POINT('',(139.,76.2999999999999,12.0000000000001));
#6327=CARTESIAN_POINT('',(152.8,139.7,12.0000000000001));
#6328=CARTESIAN_POINT('',(152.8,142.3,12.0000000000001));
#6329=CARTESIAN_POINT('',(152.8,120.894904710627,12.0000000000001));
#6330=CARTESIAN_POINT('',(150.2,139.7,12.0000000000001));
#6331=CARTESIAN_POINT('',(140.,139.7,12.0000000000001));
#6332=CARTESIAN_POINT('',(150.2,142.3,12.0000000000001));
#6333=CARTESIAN_POINT('',(150.2,119.894904710627,12.0000000000001));
#6334=CARTESIAN_POINT('',(139.,142.3,12.0000000000001));
#6335=CARTESIAN_POINT('',(152.8,170.700006325544,12.0000000000001));
#6336=CARTESIAN_POINT('',(152.8,173.300006325544,12.0000000000001));
#6337=CARTESIAN_POINT('',(152.8,136.394907873399,12.0000000000001));
#6338=CARTESIAN_POINT('',(150.2,170.700006325544,12.0000000000001));
#6339=CARTESIAN_POINT('',(140.,170.700006325544,12.0000000000001));
#6340=CARTESIAN_POINT('',(150.2,173.300006325544,12.0000000000001));
#6341=CARTESIAN_POINT('',(150.2,135.394907873399,12.0000000000001));
#6342=CARTESIAN_POINT('',(139.,173.300006325544,12.0000000000001));
#6343=CARTESIAN_POINT('',(203.,10.1499999999999,12.0000000000001));
#6344=CARTESIAN_POINT('Origin',(203.,12.9999999999999,12.0000000000001));
#6345=CARTESIAN_POINT('',(6.99999999999992,30.1499999999999,12.0000000000001));
#6346=CARTESIAN_POINT('Origin',(6.99999999999992,32.9999999999999,12.0000000000001));
#6347=CARTESIAN_POINT('',(9.49999999999992,22.9999999999999,12.0000000000001));
#6348=CARTESIAN_POINT('Origin',(6.99999999999992,22.9999999999999,12.0000000000001));
#6349=CARTESIAN_POINT('',(200.5,22.9999999999999,12.0000000000001));
#6350=CARTESIAN_POINT('Origin',(203.,22.9999999999999,12.0000000000001));
#6351=CARTESIAN_POINT('',(6.99999999999992,10.1499999999999,12.0000000000001));
#6352=CARTESIAN_POINT('Origin',(6.99999999999992,12.9999999999999,12.0000000000001));
#6353=CARTESIAN_POINT('',(203.,30.1499999999999,12.0000000000001));
#6354=CARTESIAN_POINT('Origin',(203.,32.9999999999999,12.0000000000001));
#6355=CARTESIAN_POINT('Origin',(134.634196230011,193.293904049302,11.7500000000001));
#6356=CARTESIAN_POINT('',(153.265326662048,196.83293167854,11.5000000000001));
#6357=CARTESIAN_POINT('',(150.566513935245,192.978627662187,14.8271045658972));
#6358=CARTESIAN_POINT('',(155.152703644666,197.165727163344,11.5000000000001));
#6359=CARTESIAN_POINT('',(155.2395277335,196.673323286838,12.0000000000001));
#6360=CARTESIAN_POINT('',(134.590784185594,193.540105987555,11.5000000000001));
#6361=CARTESIAN_POINT('Origin',(155.5,195.196111657319,11.7500000000001));
#6362=CARTESIAN_POINT('',(157.5,195.196111657319,11.5000000000001));
#6363=CARTESIAN_POINT('',(157.,195.196111657319,12.0000000000001));
#6364=CARTESIAN_POINT('Origin',(155.5,195.196111657319,11.5000000000001));
#6365=CARTESIAN_POINT('Origin',(157.25,50.8949047106269,11.7500000000001));
#6366=CARTESIAN_POINT('',(157.5,67.9999999999999,11.5000000000001));
#6367=CARTESIAN_POINT('',(157.,67.9999999999999,12.0000000000001));
#6368=CARTESIAN_POINT('',(157.5,50.8949047106269,11.5000000000001));
#6369=CARTESIAN_POINT('Origin',(162.5,67.9999999999999,11.7500000000001));
#6370=CARTESIAN_POINT('',(162.5,62.9999999999999,11.5000000000001));
#6371=CARTESIAN_POINT('Ctrl Pts',(162.5,62.9999999999999,11.5000000000001));
#6372=CARTESIAN_POINT('Ctrl Pts',(161.40891054882,62.9999999999999,11.5000000000001));
#6373=CARTESIAN_POINT('Ctrl Pts',(160.208712152522,62.9999999999999,12.0000000000001));
#6374=CARTESIAN_POINT('Origin',(162.5,67.9999999999999,11.5000000000001));
#6375=CARTESIAN_POINT('Origin',(153.265326662048,196.83293167854,12.0000000000001));
#6376=CARTESIAN_POINT('',(153.265326662048,196.83293167854,5.00000000000007));
#6377=CARTESIAN_POINT('',(153.265326662048,196.83293167854,6.00000000000007));
#6378=CARTESIAN_POINT('',(152.697514959306,196.022012527065,5.00000000000007));
#6379=CARTESIAN_POINT('',(153.265326662048,196.83293167854,5.00000000000007));
#6380=CARTESIAN_POINT('',(152.697514959306,196.022012527065,7.45000000000007));
#6381=CARTESIAN_POINT('Origin',(157.5,197.579618842508,6.99440505513849E-14));
#6382=CARTESIAN_POINT('',(155.152703644666,197.165727163344,1.00000000000007));
#6383=CARTESIAN_POINT('',(155.152703644666,197.165727163344,7.02216063075411E-14));
#6384=CARTESIAN_POINT('',(74.152703644666,182.883241725958,1.00000000000007));
#6385=CARTESIAN_POINT('',(134.590784185594,193.540105987555,1.00000000000007));
#6386=CARTESIAN_POINT('',(74.152703644666,182.883241725958,11.5000000000001));
#6387=CARTESIAN_POINT('',(74.152703644666,182.883241725958,7.32747196252603E-14));
#6388=CARTESIAN_POINT('',(74.8746295222758,183.010536736252,11.5000000000001));
#6389=CARTESIAN_POINT('',(134.590784185594,193.540105987555,11.5000000000001));
#6390=CARTESIAN_POINT('',(74.8746295222758,183.010536736252,5.00000000000007));
#6391=CARTESIAN_POINT('',(74.8746295222758,183.010536736252,6.00000000000007));
#6392=CARTESIAN_POINT('',(75.5639949493843,183.132090460619,5.00000000000007));
#6393=CARTESIAN_POINT('',(116.364852845694,190.326382543791,5.00000000000007));
#6394=CARTESIAN_POINT('',(75.5639949493843,183.132090460619,4.90000000000009));
#6395=CARTESIAN_POINT('',(75.5639949493843,183.132090460619,6.00000000000007));
#6396=CARTESIAN_POINT('',(77.5336104554088,183.479386815953,2.90000000000009));
#6397=CARTESIAN_POINT('Origin',(77.5336104554088,183.479386815953,4.90000000000009));
#6398=CARTESIAN_POINT('',(150.606345728915,196.364081598839,2.90000000000006));
#6399=CARTESIAN_POINT('',(116.531997474692,190.355854651564,2.90000000000007));
#6400=CARTESIAN_POINT('',(152.575961234939,196.711377954173,4.90000000000006));
#6401=CARTESIAN_POINT('Origin',(150.606345728915,196.364081598839,4.90000000000006));
#6402=CARTESIAN_POINT('',(152.575961234939,196.711377954173,5.00000000000007));
#6403=CARTESIAN_POINT('',(152.575961234939,196.711377954173,1.45000000000007));
#6404=CARTESIAN_POINT('',(155.180849866474,197.170690101654,5.00000000000007));
#6405=CARTESIAN_POINT('Origin',(92.4999999999999,67.9999999999999,11.7500000000001));
#6406=CARTESIAN_POINT('',(92.4999999999999,62.9999999999999,11.5000000000001));
#6407=CARTESIAN_POINT('Ctrl Pts',(94.7912878474778,62.9999999999999,12.0000000000001));
#6408=CARTESIAN_POINT('Ctrl Pts',(93.5910894511798,62.9999999999999,11.5000000000001));
#6409=CARTESIAN_POINT('Ctrl Pts',(92.4999999999999,62.9999999999999,11.5000000000001));
#6410=CARTESIAN_POINT('',(97.4999999999999,67.9999999999999,11.5000000000001));
#6411=CARTESIAN_POINT('',(97.9999999999999,67.9999999999999,12.0000000000001));
#6412=CARTESIAN_POINT('Origin',(92.4999999999999,67.9999999999999,11.5000000000001));
#6413=CARTESIAN_POINT('Origin',(97.7499999999999,143.394904710627,11.7500000000001));
#6414=CARTESIAN_POINT('',(97.4999999999999,153.891854213354,11.5000000000001));
#6415=CARTESIAN_POINT('',(97.9999999999999,153.891854213354,12.0000000000001));
#6416=CARTESIAN_POINT('',(97.4999999999999,143.394904710627,11.5000000000001));
#6417=CARTESIAN_POINT('Origin',(92.4999999999999,153.891854213354,11.7500000000001));
#6418=CARTESIAN_POINT('',(92.4999999999999,158.891854213354,11.5000000000001));
#6419=CARTESIAN_POINT('',(92.4999999999999,159.391854213354,12.0000000000001));
#6420=CARTESIAN_POINT('Origin',(92.4999999999999,153.891854213354,11.5000000000001));
#6421=CARTESIAN_POINT('Origin',(99.9999999999999,159.141854213354,11.7500000000001));
#6422=CARTESIAN_POINT('',(77.4999999999999,158.891854213354,11.5000000000001));
#6423=CARTESIAN_POINT('',(77.4999999999999,159.391854213354,12.0000000000001));
#6424=CARTESIAN_POINT('',(99.9999999999999,158.891854213354,11.5000000000001));
#6425=CARTESIAN_POINT('Origin',(77.4999999999999,163.891854213354,11.7500000000001));
#6426=CARTESIAN_POINT('',(72.4999999999999,163.891854213354,11.5000000000001));
#6427=CARTESIAN_POINT('',(72.9999999999999,163.891854213354,12.0000000000001));
#6428=CARTESIAN_POINT('Origin',(77.4999999999999,163.891854213354,11.5000000000001));
#6429=CARTESIAN_POINT('Origin',(72.7499999999999,141.190817451771,11.7500000000001));
#6430=CARTESIAN_POINT('',(72.4999999999999,180.913626219934,11.5000000000001));
#6431=CARTESIAN_POINT('',(72.9999999999999,180.913626219934,12.0000000000001));
#6432=CARTESIAN_POINT('',(72.4999999999999,141.190817451771,11.5000000000001));
#6433=CARTESIAN_POINT('Origin',(74.5,180.913626219934,11.7500000000001));
#6434=CARTESIAN_POINT('',(74.2395277334995,182.390837849452,12.0000000000001));
#6435=CARTESIAN_POINT('Origin',(74.5,180.913626219934,11.5000000000001));
#6436=CARTESIAN_POINT('Origin',(134.634196230011,193.293904049302,11.7500000000001));
#6437=CARTESIAN_POINT('',(87.0456325469851,174.488308670778,22.0062287674363));
#6438=CARTESIAN_POINT('Origin',(209.5,65.3949047106269,0.500000000000099));
#6439=CARTESIAN_POINT('',(209.5,-1.45161660469739E-13,0.500000000000114));
#6440=CARTESIAN_POINT('',(209.,0.499999999999865,1.13797860024079E-13));
#6441=CARTESIAN_POINT('',(182.350849214896,27.1491507851045,-26.6491507851043));
#6442=CARTESIAN_POINT('',(209.,61.9999999999999,1.0019762797242E-13));
#6443=CARTESIAN_POINT('',(209.,65.3949047106269,9.93649607039515E-14));
#6444=CARTESIAN_POINT('',(210.,61.9999999999999,1.0000000000001));
#6445=CARTESIAN_POINT('',(209.,61.9999999999999,1.0019762797242E-13));
#6446=CARTESIAN_POINT('',(210.,0.499999999999865,1.00000000000011));
#6447=CARTESIAN_POINT('',(210.,65.3949047106269,1.0000000000001));
#6448=CARTESIAN_POINT('',(220.899150785104,11.3991507851044,11.8991507851046));
#6449=CARTESIAN_POINT('Origin',(162.5,67.9999999999999,0.500000000000099));
#6450=CARTESIAN_POINT('',(156.5,67.9999999999999,9.88098491916389E-14));
#6451=CARTESIAN_POINT('',(157.5,67.9999999999999,1.0000000000001));
#6452=CARTESIAN_POINT('',(156.5,67.9999999999999,9.88098491916389E-14));
#6453=CARTESIAN_POINT('',(162.5,62.9999999999999,1.0000000000001));
#6454=CARTESIAN_POINT('Origin',(162.5,67.9999999999999,1.0000000000001));
#6455=CARTESIAN_POINT('',(162.5,61.9999999999999,1.0019762797242E-13));
#6456=CARTESIAN_POINT('',(162.5,62.9999999999999,1.0000000000001));
#6457=CARTESIAN_POINT('Origin',(162.5,67.9999999999999,9.88098491916389E-14));
#6458=CARTESIAN_POINT('Origin',(157.,50.8949047106269,0.500000000000103));
#6459=CARTESIAN_POINT('',(156.5,195.196111657319,7.07767178198537E-14));
#6460=CARTESIAN_POINT('',(156.5,50.8949047106269,1.02695629777827E-13));
#6461=CARTESIAN_POINT('',(157.5,195.196111657319,1.00000000000007));
#6462=CARTESIAN_POINT('',(156.5,195.196111657319,7.07767178198537E-14));
#6463=CARTESIAN_POINT('',(157.5,50.8949047106269,1.0000000000001));
#6464=CARTESIAN_POINT('Origin',(155.5,195.196111657319,0.500000000000071));
#6465=CARTESIAN_POINT('',(155.326351822333,196.180919410332,7.02216063075411E-14));
#6466=CARTESIAN_POINT('Origin',(155.5,195.196111657319,7.07767178198537E-14));
#6467=CARTESIAN_POINT('',(155.326351822333,196.180919410332,7.02216063075411E-14));
#6468=CARTESIAN_POINT('Origin',(155.5,195.196111657319,1.00000000000007));
#6469=CARTESIAN_POINT('Origin',(134.677608274427,193.047702111049,0.500000000000071));
#6470=CARTESIAN_POINT('',(74.326351822333,181.898433972946,7.35522753814166E-14));
#6471=CARTESIAN_POINT('',(134.764432363261,192.555298234543,7.105427357601E-14));
#6472=CARTESIAN_POINT('',(74.326351822333,181.898433972946,7.35522753814166E-14));
#6473=CARTESIAN_POINT('Origin',(74.5,180.913626219934,0.500000000000074));
#6474=CARTESIAN_POINT('',(73.4999999999999,180.913626219934,7.38298311375729E-14));
#6475=CARTESIAN_POINT('Origin',(74.5,180.913626219934,7.38298311375729E-14));
#6476=CARTESIAN_POINT('',(72.4999999999999,180.913626219934,1.00000000000007));
#6477=CARTESIAN_POINT('',(73.4999999999999,180.913626219934,7.38298311375729E-14));
#6478=CARTESIAN_POINT('Origin',(74.5,180.913626219934,1.00000000000007));
#6479=CARTESIAN_POINT('Origin',(72.9999999999999,141.190817451771,0.500000000000083));
#6480=CARTESIAN_POINT('',(73.4999999999999,163.891854213354,7.7715611723761E-14));
#6481=CARTESIAN_POINT('',(73.4999999999999,141.190817451771,8.24340595784179E-14));
#6482=CARTESIAN_POINT('',(72.4999999999999,163.891854213354,1.00000000000008));
#6483=CARTESIAN_POINT('',(73.4999999999999,163.891854213354,7.7715611723761E-14));
#6484=CARTESIAN_POINT('',(72.4999999999999,141.190817451771,1.00000000000008));
#6485=CARTESIAN_POINT('Origin',(77.4999999999999,163.891854213354,0.500000000000078));
#6486=CARTESIAN_POINT('',(77.4999999999999,159.891854213354,7.82707232360735E-14));
#6487=CARTESIAN_POINT('Origin',(77.4999999999999,163.891854213354,7.7715611723761E-14));
#6488=CARTESIAN_POINT('',(77.4999999999999,158.891854213354,1.00000000000008));
#6489=CARTESIAN_POINT('',(77.4999999999999,159.891854213354,7.82707232360735E-14));
#6490=CARTESIAN_POINT('Origin',(77.4999999999999,163.891854213354,1.00000000000008));
#6491=CARTESIAN_POINT('Origin',(99.9999999999999,159.391854213354,0.500000000000078));
#6492=CARTESIAN_POINT('',(92.4999999999999,159.891854213354,7.82707232360735E-14));
#6493=CARTESIAN_POINT('',(99.9999999999999,159.891854213354,7.82707232360735E-14));
#6494=CARTESIAN_POINT('',(92.4999999999999,158.891854213354,1.00000000000008));
#6495=CARTESIAN_POINT('',(92.4999999999999,159.891854213354,7.82707232360735E-14));
#6496=CARTESIAN_POINT('',(99.9999999999999,158.891854213354,1.00000000000008));
#6497=CARTESIAN_POINT('Origin',(92.4999999999999,153.891854213354,0.50000000000008));
#6498=CARTESIAN_POINT('',(98.4999999999999,153.891854213354,7.99360577730113E-14));
#6499=CARTESIAN_POINT('Origin',(92.4999999999999,153.891854213354,7.99360577730113E-14));
#6500=CARTESIAN_POINT('',(97.4999999999999,153.891854213354,1.00000000000008));
#6501=CARTESIAN_POINT('',(98.4999999999999,153.891854213354,7.99360577730113E-14));
#6502=CARTESIAN_POINT('Origin',(92.4999999999999,153.891854213354,1.00000000000008));
#6503=CARTESIAN_POINT('Origin',(97.9999999999999,143.394904710627,0.500000000000082));
#6504=CARTESIAN_POINT('',(98.4999999999999,67.9999999999999,9.88098491916389E-14));
#6505=CARTESIAN_POINT('',(98.4999999999999,143.394904710627,8.21565038222616E-14));
#6506=CARTESIAN_POINT('',(97.4999999999999,67.9999999999999,1.0000000000001));
#6507=CARTESIAN_POINT('',(98.4999999999999,67.9999999999999,9.88098491916389E-14));
#6508=CARTESIAN_POINT('',(97.4999999999999,143.394904710627,1.00000000000008));
#6509=CARTESIAN_POINT('Origin',(92.4999999999999,67.9999999999999,0.500000000000099));
#6510=CARTESIAN_POINT('',(92.4999999999999,61.9999999999999,1.0019762797242E-13));
#6511=CARTESIAN_POINT('',(92.4999999999999,62.9999999999999,1.0000000000001));
#6512=CARTESIAN_POINT('',(92.4999999999999,61.9999999999999,1.0019762797242E-13));
#6513=CARTESIAN_POINT('Origin',(92.4999999999999,67.9999999999999,1.0000000000001));
#6514=CARTESIAN_POINT('Origin',(92.4999999999999,67.9999999999999,9.88098491916389E-14));
#6515=CARTESIAN_POINT('Origin',(112.5,62.4999999999999,0.5000000000001));
#6516=CARTESIAN_POINT('',(209.,62.9999999999999,1.0000000000001));
#6517=CARTESIAN_POINT('',(112.5,62.9999999999999,1.0000000000001));
#6518=CARTESIAN_POINT('',(209.,62.9999999999999,1.0000000000001));
#6519=CARTESIAN_POINT('',(112.5,61.9999999999999,1.0019762797242E-13));
#6520=CARTESIAN_POINT('Origin',(112.5,62.4999999999999,0.5000000000001));
#6521=CARTESIAN_POINT('',(0.999999999999943,61.9999999999999,1.0019762797242E-13));
#6522=CARTESIAN_POINT('',(0.999999999999943,62.9999999999999,1.0000000000001));
#6523=CARTESIAN_POINT('',(0.999999999999943,61.9999999999999,1.0019762797242E-13));
#6524=CARTESIAN_POINT('',(112.5,62.9999999999999,1.0000000000001));
#6525=CARTESIAN_POINT('',(112.5,61.9999999999999,1.0019762797242E-13));
#6526=CARTESIAN_POINT('Origin',(209.,61.9999999999999,1.0000000000001));
#6527=CARTESIAN_POINT('Origin',(209.,61.9999999999999,1.0000000000001));
#6528=CARTESIAN_POINT('Origin',(0.499999999999901,65.3949047106269,0.500000000000099));
#6529=CARTESIAN_POINT('',(0.499999999999901,-1.19348975147204E-13,0.500000000000114));
#6530=CARTESIAN_POINT('',(-7.105427357601E-14,0.49999999999988,1.00000000000011));
#6531=CARTESIAN_POINT('',(-10.8991507851041,11.3991507851042,11.8991507851046));
#6532=CARTESIAN_POINT('',(-7.105427357601E-14,61.9999999999999,1.0000000000001));
#6533=CARTESIAN_POINT('',(-7.105427357601E-14,65.3949047106269,1.0000000000001));
#6534=CARTESIAN_POINT('',(-7.105427357601E-14,61.9999999999999,1.0000000000001));
#6535=CARTESIAN_POINT('',(0.999999999999943,0.49999999999989,1.13797860024079E-13));
#6536=CARTESIAN_POINT('',(0.999999999999943,65.3949047106269,9.93649607039515E-14));
#6537=CARTESIAN_POINT('',(30.1491507851039,29.6491507851046,-29.1491507851043));
#6538=CARTESIAN_POINT('Origin',(0.999999999999943,61.9999999999999,1.0000000000001));
#6539=CARTESIAN_POINT('Origin',(0.999999999999943,61.9999999999999,1.0000000000001));
#6540=CARTESIAN_POINT('Origin',(209.75,0.249999999999855,3.00000000000011));
#6541=CARTESIAN_POINT('',(210.,0.499999999999865,3.00000000000011));
#6542=CARTESIAN_POINT('',(209.5,-1.42663658664333E-13,11.5000000000001));
#6543=CARTESIAN_POINT('',(209.5,-1.42663658664333E-13,11.5000000000001));
#6544=CARTESIAN_POINT('',(209.5,-1.44606548957427E-13,3.00000000000011));
#6545=CARTESIAN_POINT('Origin',(210.,30.9999999999999,6.00000000000011));
#6546=CARTESIAN_POINT('',(210.,61.9999999999999,45.0000000000001));
#6547=CARTESIAN_POINT('',(210.,61.9999999999999,9.0000000000001));
#6548=CARTESIAN_POINT('',(210.,44.1999999999999,45.0000000000001));
#6549=CARTESIAN_POINT('',(210.,44.1999999999999,45.0000000000001));
#6550=CARTESIAN_POINT('',(210.,44.1999999999999,12.0000000000001));
#6551=CARTESIAN_POINT('Origin',(209.,61.9999999999999,9.0000000000001));
#6552=CARTESIAN_POINT('',(209.,62.9999999999999,45.0000000000001));
#6553=CARTESIAN_POINT('',(209.,62.9999999999999,9.0000000000001));
#6554=CARTESIAN_POINT('Origin',(209.,61.9999999999999,45.0000000000001));
#6555=CARTESIAN_POINT('Origin',(162.5,67.9999999999999,6.0000000000001));
#6556=CARTESIAN_POINT('',(162.5,62.9999999999999,6.0000000000001));
#6557=CARTESIAN_POINT('',(157.5,67.9999999999999,6.0000000000001));
#6558=CARTESIAN_POINT('Origin',(157.5,1.99999999999986,1.13520304267922E-13));
#6559=CARTESIAN_POINT('',(157.5,195.196111657319,7.07767178198537E-14));
#6560=CARTESIAN_POINT('Origin',(155.5,195.196111657319,7.07767178198537E-14));
#6561=CARTESIAN_POINT('Origin',(74.5,180.913626219934,7.38298311375729E-14));
#6562=CARTESIAN_POINT('',(72.4999999999999,180.913626219934,7.38298311375729E-14));
#6563=CARTESIAN_POINT('Origin',(72.4999999999999,182.591825482288,7.32747196252603E-14));
#6564=CARTESIAN_POINT('',(72.4999999999999,163.891854213354,7.7715611723761E-14));
#6565=CARTESIAN_POINT('Origin',(77.4999999999999,163.891854213354,7.7715611723761E-14));
#6566=CARTESIAN_POINT('',(77.4999999999999,158.891854213354,7.88258347483861E-14));
#6567=CARTESIAN_POINT('Origin',(72.4999999999999,158.891854213354,7.88258347483861E-14));
#6568=CARTESIAN_POINT('',(92.4999999999999,158.891854213354,7.88258347483861E-14));
#6569=CARTESIAN_POINT('Origin',(92.4999999999999,153.891854213354,7.99360577730113E-14));
#6570=CARTESIAN_POINT('',(97.4999999999999,153.891854213354,7.99360577730113E-14));
#6571=CARTESIAN_POINT('Origin',(97.5,187.,7.24420523567915E-14));
#6572=CARTESIAN_POINT('',(97.4999999999999,67.9999999999999,6.0000000000001));
#6573=CARTESIAN_POINT('Origin',(92.4999999999999,67.9999999999999,6.0000000000001));
#6574=CARTESIAN_POINT('',(92.4999999999999,62.9999999999999,6.0000000000001));
#6575=CARTESIAN_POINT('Origin',(97.4999999999999,62.9999999999999,12.0000000000001));
#6576=CARTESIAN_POINT('',(158.5,62.9999999999999,13.5000000000001));
#6577=CARTESIAN_POINT('',(142.5,62.9999999999999,-2.4999999999999));
#6578=CARTESIAN_POINT('',(158.5,62.9999999999999,15.5000000000001));
#6579=CARTESIAN_POINT('',(158.5,62.9999999999999,12.0000000000001));
#6580=CARTESIAN_POINT('',(157.,62.9999999999999,17.0000000000001));
#6581=CARTESIAN_POINT('',(143.75,62.9999999999999,30.2500000000001));
#6582=CARTESIAN_POINT('',(142.,62.9999999999999,17.0000000000001));
#6583=CARTESIAN_POINT('',(128.,62.9999999999999,17.0000000000001));
#6584=CARTESIAN_POINT('',(140.5,62.9999999999999,15.5000000000001));
#6585=CARTESIAN_POINT('',(129.25,62.9999999999999,4.2500000000001));
#6586=CARTESIAN_POINT('',(140.5,62.9999999999999,13.5000000000001));
#6587=CARTESIAN_POINT('',(140.5,62.9999999999999,14.5000000000001));
#6588=CARTESIAN_POINT('',(130.5,62.9999999999999,23.5000000000001));
#6589=CARTESIAN_POINT('',(0.999999999999943,62.9999999999999,45.0000000000001));
#6590=CARTESIAN_POINT('',(0.999999999999943,62.9999999999999,9.0000000000001));
#6591=CARTESIAN_POINT('',(101.25,62.9999999999999,45.0000000000001));
#6592=CARTESIAN_POINT('Origin',(0.999999999999943,61.9999999999999,9.0000000000001));
#6593=CARTESIAN_POINT('',(-7.105427357601E-14,61.9999999999999,45.0000000000001));
#6594=CARTESIAN_POINT('',(-7.105427357601E-14,61.9999999999999,9.0000000000001));
#6595=CARTESIAN_POINT('Origin',(0.999999999999943,61.9999999999999,45.0000000000001));
#6596=CARTESIAN_POINT('Origin',(-7.105427357601E-14,30.9999999999999,6.00000000000011));
#6597=CARTESIAN_POINT('',(-7.105427357601E-14,0.499999999999881,3.00000000000011));
#6598=CARTESIAN_POINT('',(-7.105427357601E-14,44.1999999999999,45.0000000000001));
#6599=CARTESIAN_POINT('',(-7.105427357601E-14,44.1999999999999,12.0000000000001));
#6600=CARTESIAN_POINT('',(-7.105427357601E-14,60.9999999999999,45.0000000000001));
#6601=CARTESIAN_POINT('Origin',(127.5,99.7898094212538,9.15933995315754E-14));
#6602=CARTESIAN_POINT('',(112.5,0.499999999999877,1.13797860024079E-13));
#6603=CARTESIAN_POINT('',(127.397082512813,186.382187942539,7.27196081129478E-14));
#6604=CARTESIAN_POINT('',(121.114009048595,185.274312569024,7.2997163869104E-14));
#6605=CARTESIAN_POINT('',(121.114009048595,185.274312569024,7.2997163869104E-14));
#6606=CARTESIAN_POINT('',(120.075724792153,183.791488977755,7.2997163869104E-14));
#6607=CARTESIAN_POINT('Origin',(121.336278716008,184.013758645168,7.32747196252603E-14));
#6608=CARTESIAN_POINT('',(120.179913698753,183.200604325947,7.32747196252603E-14));
#6609=CARTESIAN_POINT('',(120.179913698753,183.200604325947,7.32747196252603E-14));
#6610=CARTESIAN_POINT('',(121.662737290022,182.162320069505,7.35522753814166E-14));
#6611=CARTESIAN_POINT('Origin',(121.440467622609,183.422873993361,7.32747196252603E-14));
#6612=CARTESIAN_POINT('',(127.94581075424,183.27019544302,7.32747196252603E-14));
#6613=CARTESIAN_POINT('',(127.94581075424,183.27019544302,7.32747196252603E-14));
#6614=CARTESIAN_POINT('',(128.984095010682,184.75301903429,7.27196081129478E-14));
#6615=CARTESIAN_POINT('Origin',(127.723541086826,184.530749366876,7.2997163869104E-14));
#6616=CARTESIAN_POINT('',(128.879906104082,185.343903686097,7.27196081129478E-14));
#6617=CARTESIAN_POINT('',(128.879906104082,185.343903686097,7.27196081129478E-14));
#6618=CARTESIAN_POINT('Origin',(127.619352180226,185.121634018683,7.27196081129478E-14));
#6619=CARTESIAN_POINT('',(151.5,96.9999999999999,9.24260668000443E-14));
#6620=CARTESIAN_POINT('Origin',(151.5,92.4999999999999,9.32587340685131E-14));
#6621=CARTESIAN_POINT('',(151.5,128.,8.5487172896137E-14));
#6622=CARTESIAN_POINT('Origin',(151.5,123.5,8.63198401646059E-14));
#6623=CARTESIAN_POINT('',(117.5,152.,8.02136135291676E-14));
#6624=CARTESIAN_POINT('',(117.5,169.,7.66053886991358E-14));
#6625=CARTESIAN_POINT('Origin',(117.5,160.5,7.82707232360735E-14));
#6626=CARTESIAN_POINT('',(137.5,152.,8.02136135291676E-14));
#6627=CARTESIAN_POINT('',(118.75,152.,8.02136135291676E-14));
#6628=CARTESIAN_POINT('',(137.5,169.,7.66053886991358E-14));
#6629=CARTESIAN_POINT('Origin',(137.5,160.5,7.82707232360735E-14));
#6630=CARTESIAN_POINT('',(136.25,169.,7.66053886991358E-14));
#6631=CARTESIAN_POINT('',(203.,18.5999999999999,1.07969189144796E-13));
#6632=CARTESIAN_POINT('Origin',(203.,12.9999999999999,1.11022302462516E-13));
#6633=CARTESIAN_POINT('',(203.,38.5999999999999,1.03528297046296E-13));
#6634=CARTESIAN_POINT('Origin',(203.,32.9999999999999,1.06581410364015E-13));
#6635=CARTESIAN_POINT('',(6.99999999999992,18.5999999999999,1.04916075827077E-13));
#6636=CARTESIAN_POINT('Origin',(6.99999999999992,12.9999999999999,1.11022302462516E-13));
#6637=CARTESIAN_POINT('',(6.99999999999992,38.5999999999999,1.00475183728577E-13));
#6638=CARTESIAN_POINT('Origin',(6.99999999999992,32.9999999999999,1.06581410364015E-13));
#6639=CARTESIAN_POINT('Origin',(105.,53.0999999999999,45.0000000000001));
#6640=CARTESIAN_POINT('',(109.166079060689,44.1999999999999,45.0000000000001));
#6641=CARTESIAN_POINT('',(-16.5520107507151,44.1999999999999,45.0000000000001));
#6642=CARTESIAN_POINT('',(121.57575270668,55.1999999999999,45.0000000000001));
#6643=CARTESIAN_POINT('Origin',(109.166079060689,56.6999999999999,45.0000000000001));
#6644=CARTESIAN_POINT('',(181.942944713716,55.1999999999999,45.0000000000001));
#6645=CARTESIAN_POINT('',(128.379674355099,55.1999999999999,45.0000000000001));
#6646=CARTESIAN_POINT('',(194.352618359707,44.1999999999999,45.0000000000001));
#6647=CARTESIAN_POINT('Origin',(194.352618359707,56.6999999999999,45.0000000000001));
#6648=CARTESIAN_POINT('',(-16.5520107507151,44.1999999999999,45.0000000000001));
#6649=CARTESIAN_POINT('Origin',(75.6855486737512,182.442725033511,12.0000000000001));
#6650=CARTESIAN_POINT('',(75.6855486737512,182.442725033511,5.00000000000007));
#6651=CARTESIAN_POINT('',(75.6855486737512,182.442725033511,12.0000000000001));
#6652=CARTESIAN_POINT('',(74.8746295222758,183.010536736252,5.00000000000007));
#6653=CARTESIAN_POINT('Origin',(112.5,0.249999999999867,0.250000000000114));
#6654=CARTESIAN_POINT('',(112.5,-1.33226762955019E-13,0.500000000000114));
#6655=CARTESIAN_POINT('Origin',(115.042407887097,184.406810790528,7.45000000000009));
#6656=CARTESIAN_POINT('',(153.548391029874,191.196454537305,4.90000000000008));
#6657=CARTESIAN_POINT('',(153.548391029874,191.196454537305,12.0000000000001));
#6658=CARTESIAN_POINT('',(151.578775523849,190.849158181971,2.90000000000009));
#6659=CARTESIAN_POINT('Origin',(151.578775523849,190.849158181971,4.90000000000008));
#6660=CARTESIAN_POINT('',(130.060726120533,187.054945499949,2.90000000000009));
#6661=CARTESIAN_POINT('',(153.548391029874,191.196454537305,2.90000000000009));
#6662=CARTESIAN_POINT('',(130.060726120533,187.054945499949,3.72500000000011));
#6663=CARTESIAN_POINT('Origin',(153.577652957978,193.334010089698,12.0000000000001));
#6664=CARTESIAN_POINT('',(153.577652957978,193.334010089698,5.00000000000006));
#6665=CARTESIAN_POINT('',(153.577652957978,193.334010089698,12.0000000000001));
#6666=CARTESIAN_POINT('',(153.183729856773,193.264550818631,5.00000000000006));
#6667=CARTESIAN_POINT('',(152.10044132846,193.073537823198,5.00000000000006));
#6668=CARTESIAN_POINT('',(153.183729856773,193.264550818631,7.45000000000006));
#6669=CARTESIAN_POINT('Origin',(152.766974230372,195.628089425861,12.0000000000001));
#6670=CARTESIAN_POINT('',(152.766974230372,195.628089425861,5.00000000000006));
#6671=CARTESIAN_POINT('',(152.766974230372,195.628089425861,7.45000000000006));
#6672=CARTESIAN_POINT('',(153.577652957978,193.334010089698,5.00000000000006));
#6673=CARTESIAN_POINT('Origin',(153.172313594175,194.446320122246,5.00000000000006));
#6674=CARTESIAN_POINT('',(152.778626197987,195.562007833768,5.00000000000006));
#6675=CARTESIAN_POINT('Origin',(75.2800890980135,182.787407747065,5.00000000000007));
#6676=CARTESIAN_POINT('',(75.5891866526974,182.989221211615,5.00000000000007));
#6677=CARTESIAN_POINT('Origin',(75.7778404700137,179.615804054011,12.0000000000001));
#6678=CARTESIAN_POINT('',(75.7778404700137,179.615804054011,5.00000000000006));
#6679=CARTESIAN_POINT('',(75.7778404700137,179.615804054011,12.0000000000001));
#6680=CARTESIAN_POINT('',(75.7550079448179,182.048801932306,5.00000000000006));
#6681=CARTESIAN_POINT('',(75.749299813519,182.657051401881,5.00000000000007));
#6682=CARTESIAN_POINT('',(75.7550079448179,182.048801932306,12.0000000000001));
#6683=CARTESIAN_POINT('Origin',(76.1717635712185,179.685263325077,12.0000000000001));
#6684=CARTESIAN_POINT('',(76.1717635712185,179.685263325077,5.00000000000006));
#6685=CARTESIAN_POINT('',(76.1717635712185,179.685263325077,12.0000000000001));
#6686=CARTESIAN_POINT('',(75.7778404700137,179.615804054011,5.00000000000006));
#6687=CARTESIAN_POINT('Origin',(75.9633857580182,180.832302993158,5.00000000000006));
#6688=CARTESIAN_POINT('',(75.7666599124319,181.982720340214,5.00000000000006));
#6689=CARTESIAN_POINT('Origin',(152.920643948493,196.427472102802,5.00000000000007));
#6690=CARTESIAN_POINT('',(152.605433342712,196.544233325175,5.00000000000007));
#6691=CARTESIAN_POINT('Origin',(75.5639949493843,183.132090460619,12.0000000000001));
#6692=CARTESIAN_POINT('',(76.5364247443192,177.617167043751,4.90000000000012));
#6693=CARTESIAN_POINT('',(76.5364247443192,177.617167043751,12.0000000000001));
#6694=CARTESIAN_POINT('',(75.5639949493843,183.132090460619,4.90000000000009));
#6695=CARTESIAN_POINT('Origin',(132.5,80.4999999999999,19.3195929340036));
#6696=CARTESIAN_POINT('',(144.161652998832,71.5503715532522,19.4695929340036));
#6697=CARTESIAN_POINT('',(140.811019372507,68.3749450727093,19.4695929340036));
#6698=CARTESIAN_POINT('Origin',(132.5,80.4999999999999,19.4695929340036));
#6699=CARTESIAN_POINT('',(141.035766040422,68.4252454283471,19.3824701624));
#6700=CARTESIAN_POINT('Ctrl Pts',(140.811019372507,68.3749450727092,19.4695929340036));
#6701=CARTESIAN_POINT('Ctrl Pts',(140.923242521981,68.3997597314057,19.4266126843688));
#6702=CARTESIAN_POINT('Ctrl Pts',(141.035766040424,68.4252454283476,19.3824701623992));
#6703=CARTESIAN_POINT('',(141.228364311122,68.3009977271771,19.1695929340035));
#6704=CARTESIAN_POINT('Ctrl Pts',(141.035766040422,68.4252454283471,19.3824701624));
#6705=CARTESIAN_POINT('Ctrl Pts',(141.067755635424,68.4046024798514,19.3471479267322));
#6706=CARTESIAN_POINT('Ctrl Pts',(141.099740872087,68.383964605698,19.3118118791382));
#6707=CARTESIAN_POINT('Ctrl Pts',(141.16393814163,68.3425493030877,19.2408545531012));
#6708=CARTESIAN_POINT('Ctrl Pts',(141.19615514495,68.3217687199021,19.2052275156014));
#6709=CARTESIAN_POINT('Ctrl Pts',(141.228364311122,68.300997727177,19.1695929340035));
#6710=CARTESIAN_POINT('',(144.628592034794,71.6740578303897,19.1695929364986));
#6711=CARTESIAN_POINT('Origin',(132.5,80.4999999999999,19.1695929340035));
#6712=CARTESIAN_POINT('',(144.19804817892,71.5246664966579,19.4250704699678));
#6713=CARTESIAN_POINT('Ctrl Pts',(144.198048178918,71.5246664966535,19.4250704699633));
#6714=CARTESIAN_POINT('Ctrl Pts',(144.270130684114,71.5499924298413,19.383297945726));
#6715=CARTESIAN_POINT('Ctrl Pts',(144.342049808534,71.5751048610022,19.3411088014567));
#6716=CARTESIAN_POINT('Ctrl Pts',(144.485560195237,71.6249008578772,19.2559386951719));
#6717=CARTESIAN_POINT('Ctrl Pts',(144.557156262296,71.6495860931223,19.212954883313));
#6718=CARTESIAN_POINT('Ctrl Pts',(144.628592033936,71.6740578312548,19.169592937614));
#6719=CARTESIAN_POINT('',(144.198048178916,71.5246664966553,19.4250704699664));
#6720=CARTESIAN_POINT('Origin',(132.5,80.4999999999999,25.1195929340036));
#6721=CARTESIAN_POINT('',(144.628592034794,71.6740578303897,25.2695929315085));
#6722=CARTESIAN_POINT('',(141.228364311122,68.3009977271771,25.2695929340036));
#6723=CARTESIAN_POINT('Origin',(132.5,80.4999999999999,25.2695929340036));
#6724=CARTESIAN_POINT('',(141.035766040423,68.4252454283471,25.0567157056073));
#6725=CARTESIAN_POINT('Ctrl Pts',(141.228364311122,68.300997727177,25.2695929340036));
#6726=CARTESIAN_POINT('Ctrl Pts',(141.196155144962,68.321768719894,25.2339583524197));
#6727=CARTESIAN_POINT('Ctrl Pts',(141.163938141624,68.3425493030916,25.1983313148993));
#6728=CARTESIAN_POINT('Ctrl Pts',(141.099740872062,68.3839646057136,25.1273739888422));
#6729=CARTESIAN_POINT('Ctrl Pts',(141.067755635413,68.4046024798591,25.0920379412619));
#6730=CARTESIAN_POINT('Ctrl Pts',(141.035766040422,68.4252454283471,25.0567157056073));
#6731=CARTESIAN_POINT('',(140.811019372507,68.3749450727092,24.9695929340036));
#6732=CARTESIAN_POINT('Ctrl Pts',(141.035766040424,68.4252454283476,25.056715705608));
#6733=CARTESIAN_POINT('Ctrl Pts',(140.923242521982,68.3997597314057,25.0125731836383));
#6734=CARTESIAN_POINT('Ctrl Pts',(140.811019372507,68.3749450727092,24.9695929340036));
#6735=CARTESIAN_POINT('',(144.161652998832,71.5503715532522,24.9695929340036));
#6736=CARTESIAN_POINT('Origin',(132.5,80.4999999999999,24.9695929340036));
#6737=CARTESIAN_POINT('',(144.19804817892,71.5246664966579,25.0141153980394));
#6738=CARTESIAN_POINT('',(144.161652998831,71.5503715532524,24.9695929340032));
#6739=CARTESIAN_POINT('Ctrl Pts',(144.198048178919,71.5246664966535,25.0141153980441));
#6740=CARTESIAN_POINT('Ctrl Pts',(144.27013068411,71.5499924298395,25.0558879222785));
#6741=CARTESIAN_POINT('Ctrl Pts',(144.342049808524,71.5751048609986,25.0980770665445));
#6742=CARTESIAN_POINT('Ctrl Pts',(144.48556019524,71.6249008578783,25.1832471728371));
#6743=CARTESIAN_POINT('Ctrl Pts',(144.557156262302,71.6495860931245,25.2262309846979));
#6744=CARTESIAN_POINT('Ctrl Pts',(144.628592033936,71.6740578312549,25.2695929303932));
#6745=CARTESIAN_POINT('Ctrl Pts',(141.228364311122,68.3009977271771,19.1695929340035));
#6746=CARTESIAN_POINT('Ctrl Pts',(140.251593007952,67.6021196064881,20.4042140548862));
#6747=CARTESIAN_POINT('Ctrl Pts',(139.193673839376,67.0236896545134,21.4304415448132));
#6748=CARTESIAN_POINT('Ctrl Pts',(138.089330957942,66.5802521774784,22.2195929340036));
#6749=CARTESIAN_POINT('Ctrl Pts',(141.203591083862,68.371184682093,19.1907190819095));
#6750=CARTESIAN_POINT('Ctrl Pts',(140.231529328729,67.6686485204176,20.4236332131197));
#6751=CARTESIAN_POINT('Ctrl Pts',(139.177645403738,67.0864051302821,21.4483466301969));
#6752=CARTESIAN_POINT('Ctrl Pts',(138.07668723565,66.6396242142253,22.2362573093166));
#6753=CARTESIAN_POINT('Ctrl Pts',(141.178817856602,68.4413716370089,19.2118452298155));
#6754=CARTESIAN_POINT('Ctrl Pts',(140.211465649506,67.7351774343472,20.4430523713531));
#6755=CARTESIAN_POINT('Ctrl Pts',(139.161616968099,67.1491206060509,21.4662517155807));
#6756=CARTESIAN_POINT('Ctrl Pts',(138.064043513357,66.6989962509723,22.2529216846296));
#6757=CARTESIAN_POINT('Ctrl Pts',(141.154044629342,68.5115585919248,19.2329713777215));
#6758=CARTESIAN_POINT('Ctrl Pts',(140.191401970282,67.8017063482768,20.4624715295865));
#6759=CARTESIAN_POINT('Ctrl Pts',(139.145588532461,67.2118360818196,21.4841568009645));
#6760=CARTESIAN_POINT('Ctrl Pts',(138.051399791065,66.7583682877192,22.2695860599427));
#6761=CARTESIAN_POINT('',(138.120543368212,66.7872322772323,22.2195921635969));
#6762=CARTESIAN_POINT('Ctrl Pts',(138.120543368212,66.7872322772323,22.2195921635968));
#6763=CARTESIAN_POINT('Ctrl Pts',(138.65613949138,67.0124357888306,21.8295282394656));
#6764=CARTESIAN_POINT('Ctrl Pts',(139.157374685669,67.2608603074976,21.3992443512885));
#6765=CARTESIAN_POINT('Ctrl Pts',(140.130167620073,67.8073862623588,20.4526336298138));
#6766=CARTESIAN_POINT('Ctrl Pts',(140.601169037814,68.1114020737568,19.9260627981683));
#6767=CARTESIAN_POINT('Ctrl Pts',(141.035766040422,68.4252454283471,19.3824701624));
#6768=CARTESIAN_POINT('',(138.089330959514,66.5802521781095,22.2195929340036));
#6769=CARTESIAN_POINT('Origin',(127.720489373427,77.7328548265098,22.2195929340036));
#6770=CARTESIAN_POINT('Ctrl Pts',(138.0893309603,66.5802521784251,22.2195929323188));
#6771=CARTESIAN_POINT('Ctrl Pts',(139.193673840882,67.0236896553367,21.4304415433526));
#6772=CARTESIAN_POINT('Ctrl Pts',(140.251593008647,67.6021196069854,20.4042140540076));
#6773=CARTESIAN_POINT('Ctrl Pts',(141.228364311122,68.3009977271771,19.1695929340035));
#6774=CARTESIAN_POINT('Ctrl Pts',(138.089330957942,66.5802521774784,22.2195929340036));
#6775=CARTESIAN_POINT('Ctrl Pts',(139.193673839376,67.0236896545134,23.0087443231939));
#6776=CARTESIAN_POINT('Ctrl Pts',(140.251593007952,67.602119606488,24.0349718131208));
#6777=CARTESIAN_POINT('Ctrl Pts',(141.228364311122,68.3009977271771,25.2695929340036));
#6778=CARTESIAN_POINT('Ctrl Pts',(138.07668723565,66.6396242142253,22.2029285586905));
#6779=CARTESIAN_POINT('Ctrl Pts',(139.177645403738,67.0864051302821,22.9908392378102));
#6780=CARTESIAN_POINT('Ctrl Pts',(140.231529328729,67.6686485204176,24.0155526548874));
#6781=CARTESIAN_POINT('Ctrl Pts',(141.203591083862,68.371184682093,25.2484667860976));
#6782=CARTESIAN_POINT('Ctrl Pts',(138.064043513357,66.6989962509723,22.1862641833775));
#6783=CARTESIAN_POINT('Ctrl Pts',(139.161616968099,67.1491206060509,22.9729341524264));
#6784=CARTESIAN_POINT('Ctrl Pts',(140.211465649506,67.7351774343472,23.996133496654));
#6785=CARTESIAN_POINT('Ctrl Pts',(141.178817856602,68.4413716370088,25.2273406381916));
#6786=CARTESIAN_POINT('Ctrl Pts',(138.051399791065,66.7583682877192,22.1695998080645));
#6787=CARTESIAN_POINT('Ctrl Pts',(139.145588532461,67.2118360818196,22.9550290670426));
#6788=CARTESIAN_POINT('Ctrl Pts',(140.191401970282,67.8017063482768,23.9767143384206));
#6789=CARTESIAN_POINT('Ctrl Pts',(141.154044629341,68.5115585919247,25.2062144902856));
#6790=CARTESIAN_POINT('Ctrl Pts',(141.228364311122,68.3009977271771,25.2695929340036));
#6791=CARTESIAN_POINT('Ctrl Pts',(140.251593008647,67.6021196069854,24.0349718139995));
#6792=CARTESIAN_POINT('Ctrl Pts',(139.193673840882,67.0236896553367,23.0087443246546));
#6793=CARTESIAN_POINT('Ctrl Pts',(138.0893309603,66.5802521784251,22.2195929356883));
#6794=CARTESIAN_POINT('Ctrl Pts',(138.120542330867,66.787231841057,22.2195929489327));
#6795=CARTESIAN_POINT('Ctrl Pts',(138.656139633934,67.0124358001071,22.6096576480732));
#6796=CARTESIAN_POINT('Ctrl Pts',(139.157375857291,67.2608608689327,23.0399424891528));
#6797=CARTESIAN_POINT('Ctrl Pts',(140.130168865052,67.8073870673181,23.9865536324238));
#6798=CARTESIAN_POINT('Ctrl Pts',(140.601169602412,68.11140248148,24.5131237760363));
#6799=CARTESIAN_POINT('Ctrl Pts',(141.035766040422,68.425245428347,25.0567157056072));
#6800=CARTESIAN_POINT('Ctrl Pts',(144.623528164686,71.6671032588355,25.2814948563899));
#6801=CARTESIAN_POINT('Ctrl Pts',(145.037870309961,72.2358055560837,24.3082344724667));
#6802=CARTESIAN_POINT('Ctrl Pts',(145.411795516846,72.8332360291996,23.2842980538551));
#6803=CARTESIAN_POINT('Ctrl Pts',(145.741880614418,73.4535400523734,22.2195929340036));
#6804=CARTESIAN_POINT('Ctrl Pts',(144.481701502763,71.6196243381081,25.1923683702747));
#6805=CARTESIAN_POINT('Ctrl Pts',(144.897377544138,72.1837806300576,24.2230616020698));
#6806=CARTESIAN_POINT('Ctrl Pts',(145.273237219214,72.7770311223557,23.2027506176708));
#6807=CARTESIAN_POINT('Ctrl Pts',(145.60568469643,73.3935307962483,22.1414038359225));
#6808=CARTESIAN_POINT('Ctrl Pts',(144.339874840841,71.5721454173806,25.1032418841596));
#6809=CARTESIAN_POINT('Ctrl Pts',(144.756884778316,72.1317557040314,24.1378887316729));
#6810=CARTESIAN_POINT('Ctrl Pts',(145.134678921582,72.7208262155118,23.1212031814866));
#6811=CARTESIAN_POINT('Ctrl Pts',(145.469488778441,73.3335215401232,22.0632147378414));
#6812=CARTESIAN_POINT('Ctrl Pts',(144.198048178918,71.5246664966532,25.0141153980444));
#6813=CARTESIAN_POINT('Ctrl Pts',(144.616392012494,72.0797307780053,24.052715861276));
#6814=CARTESIAN_POINT('Ctrl Pts',(144.996120623951,72.6646213086679,23.0396557453023));
#6815=CARTESIAN_POINT('Ctrl Pts',(145.333292860453,73.273512283998,21.9850256397604));
#6816=CARTESIAN_POINT('',(145.741880614418,73.4535400523734,22.2195929340036));
#6817=CARTESIAN_POINT('Origin',(135.358143969979,78.6903452913083,12.8920649447877));
#6818=CARTESIAN_POINT('',(145.257374119111,73.138084804733,22.2195929151107));
#6819=CARTESIAN_POINT('Ctrl Pts',(144.198048178921,71.5246664966564,25.0141153980388));
#6820=CARTESIAN_POINT('Ctrl Pts',(144.394706941636,71.7855960145256,24.5621722158948));
#6821=CARTESIAN_POINT('Ctrl Pts',(144.579845070255,72.0491519308799,24.1056799782192));
#6822=CARTESIAN_POINT('Ctrl Pts',(144.932888674195,72.5868617971371,23.1743391701306));
#6823=CARTESIAN_POINT('Ctrl Pts',(145.100641996599,72.8618867824111,22.6979819221999));
#6824=CARTESIAN_POINT('Ctrl Pts',(145.257374158949,73.1380849218698,22.2195927117014));
#6825=CARTESIAN_POINT('Origin',(112.904587384832,123.358359090749,22.2023422839778));
#6826=CARTESIAN_POINT('Ctrl Pts',(145.741880614418,73.4535400523734,22.2195929340036));
#6827=CARTESIAN_POINT('Ctrl Pts',(145.411795516846,72.8332360291996,21.154887814152));
#6828=CARTESIAN_POINT('Ctrl Pts',(145.037870309961,72.2358055560837,20.1309513955404));
#6829=CARTESIAN_POINT('Ctrl Pts',(144.623528164686,71.6671032588355,19.1576910116173));
#6830=CARTESIAN_POINT('Ctrl Pts',(145.60568469643,73.3935307962483,22.2977820320846));
#6831=CARTESIAN_POINT('Ctrl Pts',(145.273237219214,72.7770311223557,21.2364352503363));
#6832=CARTESIAN_POINT('Ctrl Pts',(144.897377544138,72.1837806300576,20.2161242659373));
#6833=CARTESIAN_POINT('Ctrl Pts',(144.481701502763,71.6196243381081,19.2468174977325));
#6834=CARTESIAN_POINT('Ctrl Pts',(145.469488778441,73.3335215401232,22.3759711301657));
#6835=CARTESIAN_POINT('Ctrl Pts',(145.134678921582,72.7208262155118,21.3179826865206));
#6836=CARTESIAN_POINT('Ctrl Pts',(144.756884778316,72.1317557040314,20.3012971363343));
#6837=CARTESIAN_POINT('Ctrl Pts',(144.339874840841,71.5721454173807,19.3359439838476));
#6838=CARTESIAN_POINT('Ctrl Pts',(145.333292860453,73.273512283998,22.4541602282468));
#6839=CARTESIAN_POINT('Ctrl Pts',(144.996120623951,72.6646213086679,21.3995301227048));
#6840=CARTESIAN_POINT('Ctrl Pts',(144.616392012494,72.0797307780053,20.3864700067312));
#6841=CARTESIAN_POINT('Ctrl Pts',(144.198048178918,71.5246664966532,19.4250704699628));
#6842=CARTESIAN_POINT('Origin',(135.358143976194,78.6903452874453,31.5471209163969));
#6843=CARTESIAN_POINT('Ctrl Pts',(145.257374084886,73.1380847913526,22.2195929302433));
#6844=CARTESIAN_POINT('Ctrl Pts',(145.100626078271,72.8618587371419,21.7411553699761));
#6845=CARTESIAN_POINT('Ctrl Pts',(144.932857559729,72.586810669439,21.2647581421061));
#6846=CARTESIAN_POINT('Ctrl Pts',(144.579808607049,72.0491000262322,20.3334159883013));
#6847=CARTESIAN_POINT('Ctrl Pts',(144.394687589572,71.7855703379439,19.876969178968));
#6848=CARTESIAN_POINT('Ctrl Pts',(144.198048178921,71.5246664966564,19.4250704699683));
#6849=CARTESIAN_POINT('Origin',(136.374320531736,71.5503715532522,19.4695929340036));
#6850=CARTESIAN_POINT('',(136.374320531736,73.1380847935236,22.2195929340036));
#6851=CARTESIAN_POINT('',(136.374320531736,73.1380847935236,22.2195929340036));
#6852=CARTESIAN_POINT('',(136.374320531736,71.5503715532522,19.4695929340036));
#6853=CARTESIAN_POINT('',(136.374320531736,73.1380847935236,22.2195929340036));
#6854=CARTESIAN_POINT('',(136.374320531736,71.5503715532522,19.4695929340036));
#6855=CARTESIAN_POINT('Origin',(136.374320531736,73.1380847935236,22.2195929340036));
#6856=CARTESIAN_POINT('',(136.374320531736,71.5503715532522,24.9695929340036));
#6857=CARTESIAN_POINT('',(136.374320531736,71.5503715532522,24.9695929340036));
#6858=CARTESIAN_POINT('',(136.374320531736,71.5503715532522,24.9695929340036));
#6859=CARTESIAN_POINT('Origin',(136.374320531736,71.5503715532522,24.9695929340036));
#6860=CARTESIAN_POINT('',(136.374320531736,68.3749450727092,24.9695929340036));
#6861=CARTESIAN_POINT('',(136.374320531736,68.3749450727092,24.9695929340036));
#6862=CARTESIAN_POINT('',(136.374320531736,68.3749450727092,24.9695929340036));
#6863=CARTESIAN_POINT('Origin',(132.5,80.4999999999999,12.0000000000001));
#6864=CARTESIAN_POINT('',(132.485695202168,95.4999931790903,12.6000000000001));
#6865=CARTESIAN_POINT('',(132.485695202168,95.4999931790903,12.0000000000001));
#6866=CARTESIAN_POINT('',(131.600435599139,65.5269981670773,31.8000000000001));
#6867=CARTESIAN_POINT('',(131.600435599139,65.5269981670773,12.0000000000001));
#6868=CARTESIAN_POINT('',(133.399564400861,65.5269981670773,31.8000000000001));
#6869=CARTESIAN_POINT('Origin',(132.5,80.4999999999999,31.8000000000001));
#6870=CARTESIAN_POINT('',(133.399564400861,65.5269981670773,12.6000000000001));
#6871=CARTESIAN_POINT('',(133.399564400861,65.5269981670773,12.0000000000001));
#6872=CARTESIAN_POINT('Origin',(132.5,80.4999999999999,12.6000000000001));
#6873=CARTESIAN_POINT('',(126.129720135729,66.9198845936101,22.2000001490117));
#6874=CARTESIAN_POINT('Ctrl Pts',(126.129720135729,66.9198845936101,22.2000001490117));
#6875=CARTESIAN_POINT('Ctrl Pts',(126.129720135729,66.9198845936101,22.4455690296745));
#6876=CARTESIAN_POINT('Ctrl Pts',(126.078112854216,66.9439096187282,22.6769242346248));
#6877=CARTESIAN_POINT('Ctrl Pts',(125.885864084174,67.0364326910953,23.1641438503503));
#6878=CARTESIAN_POINT('Ctrl Pts',(125.676895976922,67.1389747105035,23.4859279739603));
#6879=CARTESIAN_POINT('Ctrl Pts',(125.16583250895,67.4111823857285,24.0408335308449));
#6880=CARTESIAN_POINT('Ctrl Pts',(124.565835590795,67.7572446550944,24.5114839933754));
#6881=CARTESIAN_POINT('Ctrl Pts',(123.696804227688,68.3385785122348,24.9978530106879));
#6882=CARTESIAN_POINT('Ctrl Pts',(122.87443687337,68.9803765729627,25.3041234369614));
#6883=CARTESIAN_POINT('Ctrl Pts',(122.158782505679,69.6237380192657,25.4453810497801));
#6884=CARTESIAN_POINT('Ctrl Pts',(121.641550731489,70.1438323952644,25.460042441728));
#6885=CARTESIAN_POINT('Ctrl Pts',(120.795682697949,71.0732926742335,25.3395713639694));
#6886=CARTESIAN_POINT('Ctrl Pts',(120.219061453472,71.8655621211081,24.9355941988517));
#6887=CARTESIAN_POINT('Ctrl Pts',(119.795177785156,72.5232112891543,24.219258298739));
#6888=CARTESIAN_POINT('Ctrl Pts',(119.583178440808,72.8683382016111,23.750754222425));
#6889=CARTESIAN_POINT('Ctrl Pts',(119.403390282195,73.1868408927435,22.8618871288817));
#6890=CARTESIAN_POINT('Ctrl Pts',(119.3776340246,73.2336091325595,22.1078675710092));
#6891=CARTESIAN_POINT('Ctrl Pts',(119.42616156534,73.1464808563408,21.5052592494299));
#6892=CARTESIAN_POINT('Ctrl Pts',(119.524113453669,72.973482799358,20.9102495944582));
#6893=CARTESIAN_POINT('Ctrl Pts',(119.74286645767,72.6027863261195,20.2420104118743));
#6894=CARTESIAN_POINT('Ctrl Pts',(120.101214921083,72.0477131799858,19.663937135569));
#6895=CARTESIAN_POINT('Ctrl Pts',(120.570957538448,71.3927573721612,19.2427508800364));
#6896=CARTESIAN_POINT('Ctrl Pts',(121.129907148475,70.7028271016303,19.005377211984));
#6897=CARTESIAN_POINT('Ctrl Pts',(121.721415458383,70.0567145418241,18.9309146398295));
#6898=CARTESIAN_POINT('Ctrl Pts',(122.26682817652,69.5244318166944,18.9729787090208));
#6899=CARTESIAN_POINT('Ctrl Pts',(122.926598404543,68.9412264065225,19.1177815277516));
#6900=CARTESIAN_POINT('Ctrl Pts',(123.598181576463,68.4153304471372,19.3658269752615));
#6901=CARTESIAN_POINT('Ctrl Pts',(124.331331655777,67.9121293694208,19.7539852228549));
#6902=CARTESIAN_POINT('Ctrl Pts',(124.943683056588,67.5364167783324,20.1752720893232));
#6903=CARTESIAN_POINT('Ctrl Pts',(125.55738105508,67.198082904758,20.7400797398057));
#6904=CARTESIAN_POINT('Ctrl Pts',(125.885620758486,67.0366358497127,21.2331310267976));
#6905=CARTESIAN_POINT('Ctrl Pts',(126.078207493121,66.9438921109233,21.723110653366));
#6906=CARTESIAN_POINT('Ctrl Pts',(126.129720135729,66.9198845936101,21.954431268349));
#6907=CARTESIAN_POINT('Ctrl Pts',(126.129720135729,66.9198845936101,22.2000001490117));
#6908=CARTESIAN_POINT('Origin',(132.5,135.5,19.2804070659966));
#6909=CARTESIAN_POINT('',(140.811019372507,147.625054927291,19.4304070659966));
#6910=CARTESIAN_POINT('',(144.161652998832,144.449628446748,19.4304070659966));
#6911=CARTESIAN_POINT('Origin',(132.5,135.5,19.4304070659966));
#6912=CARTESIAN_POINT('',(144.19804817892,144.475333503342,19.3858846019608));
#6913=CARTESIAN_POINT('',(144.161652998832,144.449628446748,19.4304070659969));
#6914=CARTESIAN_POINT('',(144.628592034794,144.32594216961,19.1304070684917));
#6915=CARTESIAN_POINT('Ctrl Pts',(144.198048178919,144.475333503347,19.3858846019559));
#6916=CARTESIAN_POINT('Ctrl Pts',(144.270130684107,144.450007570161,19.3441120777232));
#6917=CARTESIAN_POINT('Ctrl Pts',(144.342049808519,144.424895139003,19.3019229334588));
#6918=CARTESIAN_POINT('Ctrl Pts',(144.485560195281,144.375099142107,19.2167528271384));
#6919=CARTESIAN_POINT('Ctrl Pts',(144.557156262388,144.350413906846,19.1737690152503));
#6920=CARTESIAN_POINT('Ctrl Pts',(144.628592033936,144.325942168744,19.1304070696074));
#6921=CARTESIAN_POINT('',(141.228364311122,147.699002272823,19.1304070659966));
#6922=CARTESIAN_POINT('Origin',(132.5,135.5,19.1304070659966));
#6923=CARTESIAN_POINT('',(141.035766040422,147.574754571653,19.3432842943931));
#6924=CARTESIAN_POINT('Ctrl Pts',(141.228364311122,147.699002272823,19.1304070659966));
#6925=CARTESIAN_POINT('Ctrl Pts',(141.196155144781,147.678231279989,19.1660416477815));
#6926=CARTESIAN_POINT('Ctrl Pts',(141.163938141535,147.65745069685,19.2016686852003));
#6927=CARTESIAN_POINT('Ctrl Pts',(141.099740872094,147.616035394306,19.2726260111235));
#6928=CARTESIAN_POINT('Ctrl Pts',(141.067755635427,147.59539752015,19.3079620587225));
#6929=CARTESIAN_POINT('Ctrl Pts',(141.035766040422,147.574754571653,19.3432842943931));
#6930=CARTESIAN_POINT('Ctrl Pts',(141.035766040424,147.574754571652,19.3432842943922));
#6931=CARTESIAN_POINT('Ctrl Pts',(140.923242521981,147.600240268594,19.3874268163619));
#6932=CARTESIAN_POINT('Ctrl Pts',(140.811019372507,147.625054927291,19.4304070659966));
#6933=CARTESIAN_POINT('Ctrl Pts',(144.623528164686,144.332896741164,19.1185051436103));
#6934=CARTESIAN_POINT('Ctrl Pts',(145.037870309961,143.764194443916,20.0917655275334));
#6935=CARTESIAN_POINT('Ctrl Pts',(145.411795516846,143.1667639708,21.1157019461451));
#6936=CARTESIAN_POINT('Ctrl Pts',(145.741880614418,142.546459947627,22.1804070659966));
#6937=CARTESIAN_POINT('Ctrl Pts',(144.481701502763,144.380375661892,19.2076316297255));
#6938=CARTESIAN_POINT('Ctrl Pts',(144.897377544138,143.816219369942,20.1769383979304));
#6939=CARTESIAN_POINT('Ctrl Pts',(145.273237219214,143.222968877644,21.1972493823294));
#6940=CARTESIAN_POINT('Ctrl Pts',(145.60568469643,142.606469203752,22.2585961640777));
#6941=CARTESIAN_POINT('Ctrl Pts',(144.339874840841,144.427854582619,19.2967581158406));
#6942=CARTESIAN_POINT('Ctrl Pts',(144.756884778316,143.868244295969,20.2621112683273));
#6943=CARTESIAN_POINT('Ctrl Pts',(145.134678921582,143.279173784488,21.2787968185136));
#6944=CARTESIAN_POINT('Ctrl Pts',(145.469488778441,142.666478459877,22.3367852621587));
#6945=CARTESIAN_POINT('Ctrl Pts',(144.198048178918,144.475333503347,19.3858846019558));
#6946=CARTESIAN_POINT('Ctrl Pts',(144.616392012494,143.920269221995,20.3472841387242));
#6947=CARTESIAN_POINT('Ctrl Pts',(144.996120623951,143.335378691332,21.3603442546979));
#6948=CARTESIAN_POINT('Ctrl Pts',(145.333292860453,142.726487716002,22.4149743602398));
#6949=CARTESIAN_POINT('',(145.741880614418,142.546459947627,22.1804070659966));
#6950=CARTESIAN_POINT('Origin',(135.358143971453,137.309654709767,31.5079350534088));
#6951=CARTESIAN_POINT('',(145.257374119111,142.861915195267,22.1804070848891));
#6952=CARTESIAN_POINT('Ctrl Pts',(144.198048178921,144.475333503343,19.385884601961));
#6953=CARTESIAN_POINT('Ctrl Pts',(144.394711597802,144.214397807611,19.8378384844772));
#6954=CARTESIAN_POINT('Ctrl Pts',(144.57985384338,143.950835580695,20.294341652368));
#6955=CARTESIAN_POINT('Ctrl Pts',(144.932897436292,143.413123958109,21.2256855025068));
#6956=CARTESIAN_POINT('Ctrl Pts',(145.100644694269,143.138108463674,21.702026311822));
#6957=CARTESIAN_POINT('Ctrl Pts',(145.25737415895,142.86191507813,22.1804072882987));
#6958=CARTESIAN_POINT('Origin',(112.90458738478,92.6416409090828,22.1976577171609));
#6959=CARTESIAN_POINT('Ctrl Pts',(145.741880614418,142.546459947627,22.1804070659966));
#6960=CARTESIAN_POINT('Ctrl Pts',(145.411795516846,143.1667639708,23.2451121858481));
#6961=CARTESIAN_POINT('Ctrl Pts',(145.037870309961,143.764194443916,24.2690486044598));
#6962=CARTESIAN_POINT('Ctrl Pts',(144.623528164686,144.332896741164,25.2423089883829));
#6963=CARTESIAN_POINT('Ctrl Pts',(145.60568469643,142.606469203752,22.1022179679156));
#6964=CARTESIAN_POINT('Ctrl Pts',(145.273237219214,143.222968877644,23.1635647496639));
#6965=CARTESIAN_POINT('Ctrl Pts',(144.897377544138,143.816219369942,24.1838757340629));
#6966=CARTESIAN_POINT('Ctrl Pts',(144.481701502763,144.380375661892,25.1531825022678));
#6967=CARTESIAN_POINT('Ctrl Pts',(145.469488778441,142.666478459877,22.0240288698345));
#6968=CARTESIAN_POINT('Ctrl Pts',(145.134678921582,143.279173784488,23.0820173134796));
#6969=CARTESIAN_POINT('Ctrl Pts',(144.756884778316,143.868244295969,24.0987028636659));
#6970=CARTESIAN_POINT('Ctrl Pts',(144.339874840841,144.427854582619,25.0640560161526));
#6971=CARTESIAN_POINT('Ctrl Pts',(145.333292860453,142.726487716002,21.9458397717534));
#6972=CARTESIAN_POINT('Ctrl Pts',(144.996120623951,143.335378691332,23.0004698772954));
#6973=CARTESIAN_POINT('Ctrl Pts',(144.616392012494,143.920269221995,24.013529993269));
#6974=CARTESIAN_POINT('Ctrl Pts',(144.198048178918,144.475333503347,24.9749295300375));
#6975=CARTESIAN_POINT('',(144.628592034794,144.32594216961,25.2304070635015));
#6976=CARTESIAN_POINT('Origin',(135.35814396262,137.30965470427,12.8528790688641));
#6977=CARTESIAN_POINT('',(144.19804817892,144.475333503342,24.9749295300325));
#6978=CARTESIAN_POINT('Ctrl Pts',(145.257374007283,142.861915345401,22.1804073066218));
#6979=CARTESIAN_POINT('Ctrl Pts',(145.100651621895,143.138096242316,22.6587666521578));
#6980=CARTESIAN_POINT('Ctrl Pts',(144.932909464666,143.413104109368,23.1350942504552));
#6981=CARTESIAN_POINT('Ctrl Pts',(144.579868753373,143.950814356469,24.0664357181845));
#6982=CARTESIAN_POINT('Ctrl Pts',(144.394719511005,144.214387308265,24.5229574621144));
#6983=CARTESIAN_POINT('Ctrl Pts',(144.198048178921,144.475333503344,24.9749295300318));
#6984=CARTESIAN_POINT('Ctrl Pts',(144.198048178918,144.475333503347,24.974929530037));
#6985=CARTESIAN_POINT('Ctrl Pts',(144.270130684118,144.450007570157,25.0167020542764));
#6986=CARTESIAN_POINT('Ctrl Pts',(144.342049808542,144.424895138995,25.0588911985484));
#6987=CARTESIAN_POINT('Ctrl Pts',(144.485560195272,144.37509914211,25.1440613048494));
#6988=CARTESIAN_POINT('Ctrl Pts',(144.557156262369,144.350413906852,25.1870451167315));
#6989=CARTESIAN_POINT('Ctrl Pts',(144.628592033936,144.325942168744,25.2304070623859));
#6990=CARTESIAN_POINT('Ctrl Pts',(138.089330957942,149.419747822522,22.1804070659966));
#6991=CARTESIAN_POINT('Ctrl Pts',(139.193673839376,148.976310345487,21.3912556768063));
#6992=CARTESIAN_POINT('Ctrl Pts',(140.251593007952,148.397880393512,20.3650281868794));
#6993=CARTESIAN_POINT('Ctrl Pts',(141.228364311122,147.699002272823,19.1304070659966));
#6994=CARTESIAN_POINT('Ctrl Pts',(138.07668723565,149.360375785775,22.1970714413097));
#6995=CARTESIAN_POINT('Ctrl Pts',(139.177645403738,148.913594869718,21.40916076219));
#6996=CARTESIAN_POINT('Ctrl Pts',(140.231529328729,148.331351479582,20.3844473451128));
#6997=CARTESIAN_POINT('Ctrl Pts',(141.203591083862,147.628815317907,19.1515332139026));
#6998=CARTESIAN_POINT('Ctrl Pts',(138.064043513357,149.301003749028,22.2137358166227));
#6999=CARTESIAN_POINT('Ctrl Pts',(139.161616968099,148.850879393949,21.4270658475738));
#7000=CARTESIAN_POINT('Ctrl Pts',(140.211465649506,148.264822565653,20.4038665033462));
#7001=CARTESIAN_POINT('Ctrl Pts',(141.178817856602,147.558628362991,19.1726593618086));
#7002=CARTESIAN_POINT('Ctrl Pts',(138.051399791065,149.241631712281,22.2304001919357));
#7003=CARTESIAN_POINT('Ctrl Pts',(139.145588532461,148.78816391818,21.4449709329576));
#7004=CARTESIAN_POINT('Ctrl Pts',(140.191401970282,148.198293651723,20.4232856615796));
#7005=CARTESIAN_POINT('Ctrl Pts',(141.154044629341,147.488441408075,19.1937855097146));
#7006=CARTESIAN_POINT('',(138.120543368213,149.212767722767,22.1804062955889));
#7007=CARTESIAN_POINT('Ctrl Pts',(138.120543368213,149.212767722767,22.1804062955889));
#7008=CARTESIAN_POINT('Ctrl Pts',(138.656139594887,148.987564167648,21.7903422960765));
#7009=CARTESIAN_POINT('Ctrl Pts',(139.15737487253,148.739139599178,21.3600583216395));
#7010=CARTESIAN_POINT('Ctrl Pts',(140.130167758789,148.192613647002,20.4134476048156));
#7011=CARTESIAN_POINT('Ctrl Pts',(140.601169093622,147.888597885942,19.8868768603577));
#7012=CARTESIAN_POINT('Ctrl Pts',(141.035766040422,147.574754571653,19.3432842943932));
#7013=CARTESIAN_POINT('',(138.089330959514,149.419747821891,22.1804070659966));
#7014=CARTESIAN_POINT('Ctrl Pts',(141.228364311122,147.699002272823,19.1304070659966));
#7015=CARTESIAN_POINT('Ctrl Pts',(140.251593008647,148.397880393015,20.3650281860007));
#7016=CARTESIAN_POINT('Ctrl Pts',(139.193673840882,148.976310344663,21.3912556753456));
#7017=CARTESIAN_POINT('Ctrl Pts',(138.0893309603,149.419747821575,22.1804070643119));
#7018=CARTESIAN_POINT('Origin',(127.720729565999,138.267401948876,22.1804070659966));
#7019=CARTESIAN_POINT('Origin',(132.5,135.5,25.0804070659966));
#7020=CARTESIAN_POINT('',(141.228364311122,147.699002272823,25.2304070659967));
#7021=CARTESIAN_POINT('Origin',(132.5,135.5,25.2304070659967));
#7022=CARTESIAN_POINT('',(144.161652998832,144.449628446748,24.9304070659966));
#7023=CARTESIAN_POINT('',(144.198048178916,144.475333503345,24.9749295300339));
#7024=CARTESIAN_POINT('',(140.811019372507,147.625054927291,24.9304070659966));
#7025=CARTESIAN_POINT('Origin',(132.5,135.5,24.9304070659966));
#7026=CARTESIAN_POINT('',(141.035766040422,147.574754571653,25.0175298376002));
#7027=CARTESIAN_POINT('Ctrl Pts',(140.811019372507,147.625054927291,24.9304070659966));
#7028=CARTESIAN_POINT('Ctrl Pts',(140.923242521981,147.600240268594,24.9733873156314));
#7029=CARTESIAN_POINT('Ctrl Pts',(141.035766040424,147.574754571652,25.017529837601));
#7030=CARTESIAN_POINT('Ctrl Pts',(141.035766040422,147.574754571653,25.0175298376002));
#7031=CARTESIAN_POINT('Ctrl Pts',(141.067755635432,147.595397520153,25.0528520732763));
#7032=CARTESIAN_POINT('Ctrl Pts',(141.099740872102,147.616035394312,25.0881881208786));
#7033=CARTESIAN_POINT('Ctrl Pts',(141.16393814156,147.657450696866,25.1591454468207));
#7034=CARTESIAN_POINT('Ctrl Pts',(141.196155144774,147.678231279984,25.1947724842043));
#7035=CARTESIAN_POINT('Ctrl Pts',(141.228364311122,147.699002272823,25.2304070659967));
#7036=CARTESIAN_POINT('Ctrl Pts',(141.228364311122,147.699002272823,25.2304070659967));
#7037=CARTESIAN_POINT('Ctrl Pts',(140.251593007952,148.397880393512,23.995785945114));
#7038=CARTESIAN_POINT('Ctrl Pts',(139.193673839376,148.976310345487,22.969558455187));
#7039=CARTESIAN_POINT('Ctrl Pts',(138.089330957942,149.419747822522,22.1804070659966));
#7040=CARTESIAN_POINT('Ctrl Pts',(141.203591083862,147.628815317907,25.2092809180907));
#7041=CARTESIAN_POINT('Ctrl Pts',(140.231529328729,148.331351479582,23.9763667868805));
#7042=CARTESIAN_POINT('Ctrl Pts',(139.177645403738,148.913594869718,22.9516533698033));
#7043=CARTESIAN_POINT('Ctrl Pts',(138.07668723565,149.360375785775,22.1637426906836));
#7044=CARTESIAN_POINT('Ctrl Pts',(141.178817856602,147.558628362991,25.1881547701847));
#7045=CARTESIAN_POINT('Ctrl Pts',(140.211465649506,148.264822565653,23.9569476286471));
#7046=CARTESIAN_POINT('Ctrl Pts',(139.161616968099,148.850879393949,22.9337482844195));
#7047=CARTESIAN_POINT('Ctrl Pts',(138.064043513357,149.301003749028,22.1470783153706));
#7048=CARTESIAN_POINT('Ctrl Pts',(141.154044629342,147.488441408075,25.1670286222787));
#7049=CARTESIAN_POINT('Ctrl Pts',(140.191401970282,148.198293651723,23.9375284704137));
#7050=CARTESIAN_POINT('Ctrl Pts',(139.145588532461,148.78816391818,22.9158431990357));
#7051=CARTESIAN_POINT('Ctrl Pts',(138.051399791065,149.241631712281,22.1304139400575));
#7052=CARTESIAN_POINT('Ctrl Pts',(138.0893309603,149.419747821575,22.1804070676814));
#7053=CARTESIAN_POINT('Ctrl Pts',(139.193673840882,148.976310344663,22.9695584566476));
#7054=CARTESIAN_POINT('Ctrl Pts',(140.251593008647,148.397880393015,23.9957859459926));
#7055=CARTESIAN_POINT('Ctrl Pts',(141.228364311122,147.699002272823,25.2304070659967));
#7056=CARTESIAN_POINT('Ctrl Pts',(141.035766040422,147.574754571653,25.0175298376001));
#7057=CARTESIAN_POINT('Ctrl Pts',(140.601167714472,147.888598881892,24.4739355465994));
#7058=CARTESIAN_POINT('Ctrl Pts',(140.130164742724,148.192615595561,23.9473631521737));
#7059=CARTESIAN_POINT('Ctrl Pts',(139.157371351628,148.73914134416,23.0007527879568));
#7060=CARTESIAN_POINT('Ctrl Pts',(138.656137714297,148.987564958384,22.5704704663202));
#7061=CARTESIAN_POINT('Ctrl Pts',(138.120543368212,149.212767722767,22.1804078364033));
#7062=CARTESIAN_POINT('Origin',(136.374320531736,147.625054927291,24.9304070659966));
#7063=CARTESIAN_POINT('',(136.374320531736,144.449628446748,24.9304070659966));
#7064=CARTESIAN_POINT('',(136.374320531736,144.449628446748,24.9304070659966));
#7065=CARTESIAN_POINT('',(136.374320531736,147.625054927291,24.9304070659966));
#7066=CARTESIAN_POINT('',(136.374320531736,144.449628446748,24.9304070659966));
#7067=CARTESIAN_POINT('',(136.374320531736,147.625054927291,24.9304070659966));
#7068=CARTESIAN_POINT('Origin',(136.374320531736,144.449628446748,24.9304070659966));
#7069=CARTESIAN_POINT('',(136.374320531736,142.861915206476,22.1804070659966));
#7070=CARTESIAN_POINT('',(136.374320531736,142.861915206476,22.1804070659966));
#7071=CARTESIAN_POINT('',(136.374320531736,142.861915206476,22.1804070659966));
#7072=CARTESIAN_POINT('Origin',(136.374320531736,142.861915206476,22.1804070659966));
#7073=CARTESIAN_POINT('',(136.374320531736,144.449628446748,19.4304070659966));
#7074=CARTESIAN_POINT('',(136.374320531736,144.449628446748,19.4304070659966));
#7075=CARTESIAN_POINT('',(136.374320531736,144.449628446748,19.4304070659966));
#7076=CARTESIAN_POINT('Origin',(132.5,135.5,12.0000000000001));
#7077=CARTESIAN_POINT('',(132.5,120.5,12.6000000000001));
#7078=CARTESIAN_POINT('',(132.5,120.5,12.0000000000001));
#7079=CARTESIAN_POINT('',(133.399564400861,150.473001832923,12.6000000000001));
#7080=CARTESIAN_POINT('Origin',(132.5,135.5,12.6000000000001));
#7081=CARTESIAN_POINT('',(133.399564400861,150.473001832923,31.8000000000001));
#7082=CARTESIAN_POINT('',(133.399564400861,150.473001832923,12.0000000000001));
#7083=CARTESIAN_POINT('',(131.600435599139,150.473001832923,31.8000000000001));
#7084=CARTESIAN_POINT('Origin',(132.5,135.5,31.8000000000001));
#7085=CARTESIAN_POINT('',(131.600435599139,150.473001832923,12.0000000000001));
#7086=CARTESIAN_POINT('',(119.390214958309,142.789275420825,22.1999998509885));
#7087=CARTESIAN_POINT('Ctrl Pts',(119.390214958309,142.789275420825,22.1999998509885));
#7088=CARTESIAN_POINT('Ctrl Pts',(119.390214958309,142.789275420825,22.3087708926985));
#7089=CARTESIAN_POINT('Ctrl Pts',(119.393478855223,142.795154579919,22.4190577002219));
#7090=CARTESIAN_POINT('Ctrl Pts',(119.399957036654,142.80676907795,22.5297007954622));
#7091=CARTESIAN_POINT('Ctrl Pts',(119.406601452609,142.818681611869,22.6431830674841));
#7092=CARTESIAN_POINT('Ctrl Pts',(119.416627306617,142.836627622861,22.7570401469962));
#7093=CARTESIAN_POINT('Ctrl Pts',(119.43002885497,142.860424870079,22.8700209868842));
#7094=CARTESIAN_POINT('Ctrl Pts',(119.443647192235,142.884607071275,22.9848294509254));
#7095=CARTESIAN_POINT('Ctrl Pts',(119.460751515963,142.91483135463,23.0987330972322));
#7096=CARTESIAN_POINT('Ctrl Pts',(119.481382340479,142.950878755905,23.2104191789419));
#7097=CARTESIAN_POINT('Ctrl Pts',(119.502503814433,142.987783449006,23.324761417866));
#7098=CARTESIAN_POINT('Ctrl Pts',(119.527321715948,143.030791613179,23.4367793601543));
#7099=CARTESIAN_POINT('Ctrl Pts',(119.555924998397,143.079638669019,23.54506435321));
#7100=CARTESIAN_POINT('Ctrl Pts',(119.559412172434,143.085593866126,23.558265936525));
#7101=CARTESIAN_POINT('Ctrl Pts',(119.562955661739,143.091635812167,23.5714120358635));
#7102=CARTESIAN_POINT('Ctrl Pts',(119.566555669941,143.097763997471,23.5845000986586));
#7103=CARTESIAN_POINT('Ctrl Pts',(119.596062901426,143.147993267012,23.6917755482831));
#7104=CARTESIAN_POINT('Ctrl Pts',(119.629370999637,143.204014415558,23.7951520136117));
#7105=CARTESIAN_POINT('Ctrl Pts',(119.66571038141,143.264084619976,23.8936245132602));
#7106=CARTESIAN_POINT('Ctrl Pts',(119.697183448455,143.316110644603,23.9789102675126));
#7107=CARTESIAN_POINT('Ctrl Pts',(119.730930591558,143.371173543224,24.0605175240819));
#7108=CARTESIAN_POINT('Ctrl Pts',(119.766412023581,143.428161025534,24.1377933890631));
#7109=CARTESIAN_POINT('Ctrl Pts',(119.771898105219,143.436972337887,24.1497416583339));
#7110=CARTESIAN_POINT('Ctrl Pts',(119.777425558481,143.445829709182,24.1615863777004));
#7111=CARTESIAN_POINT('Ctrl Pts',(119.78299228576,143.454729083756,24.173325133781));
#7112=CARTESIAN_POINT('Ctrl Pts',(119.825423429556,143.522562592264,24.2628011979575));
#7113=CARTESIAN_POINT('Ctrl Pts',(119.870134801936,143.592841722292,24.346120888003));
#7114=CARTESIAN_POINT('Ctrl Pts',(119.917537776624,143.665882952707,24.4244272547069));
#7115=CARTESIAN_POINT('Ctrl Pts',(119.963016070629,143.735958524401,24.4995541848381));
#7116=CARTESIAN_POINT('Ctrl Pts',(120.010971813154,143.808576622434,24.5700666340551));
#7117=CARTESIAN_POINT('Ctrl Pts',(120.061802544637,143.883987360522,24.6369739975574));
#7118=CARTESIAN_POINT('Ctrl Pts',(120.114565743137,143.962265040712,24.7064250244977));
#7119=CARTESIAN_POINT('Ctrl Pts',(120.170429982214,144.043542290649,24.7719916410655));
#7120=CARTESIAN_POINT('Ctrl Pts',(120.229115377428,144.127015160502,24.8331187280917));
#7121=CARTESIAN_POINT('Ctrl Pts',(120.285894687816,144.207776855451,24.8922604248392));
#7122=CARTESIAN_POINT('Ctrl Pts',(120.345315118506,144.290593496177,24.9472462979401));
#7123=CARTESIAN_POINT('Ctrl Pts',(120.407081228306,144.374757212522,24.997573580742));
#7124=CARTESIAN_POINT('Ctrl Pts',(120.467695528674,144.457351450674,25.0469623644342));
#7125=CARTESIAN_POINT('Ctrl Pts',(120.53057288203,144.54124832454,25.0918646838586));
#7126=CARTESIAN_POINT('Ctrl Pts',(120.59540778141,144.625825119356,25.1324963310007));
#7127=CARTESIAN_POINT('Ctrl Pts',(120.659161134588,144.708991042681,25.172450179549));
#7128=CARTESIAN_POINT('Ctrl Pts',(120.724807285636,144.792814156769,25.2082746502103));
#7129=CARTESIAN_POINT('Ctrl Pts',(120.792013466164,144.876729244438,25.2401749148863));
#7130=CARTESIAN_POINT('Ctrl Pts',(120.858547300972,144.959804826731,25.2717560421522));
#7131=CARTESIAN_POINT('Ctrl Pts',(120.926610063849,145.042970353555,25.299491087956));
#7132=CARTESIAN_POINT('Ctrl Pts',(120.995837223841,145.12570718543,25.3235791278401));
#7133=CARTESIAN_POINT('Ctrl Pts',(121.064779432022,145.208103457182,25.3475680168911));
#7134=CARTESIAN_POINT('Ctrl Pts',(121.134876378452,145.290074392091,25.3679398617347));
#7135=CARTESIAN_POINT('Ctrl Pts',(121.205727470557,145.371140158597,25.3848912897231));
#7136=CARTESIAN_POINT('Ctrl Pts',(121.276749231576,145.452401199529,25.4018835509818));
#7137=CARTESIAN_POINT('Ctrl Pts',(121.348528645122,145.532752571865,25.4154388970674));
#7138=CARTESIAN_POINT('Ctrl Pts',(121.420623012282,145.611745920662,25.4257553796883));
#7139=CARTESIAN_POINT('Ctrl Pts',(121.493523621904,145.6916226643,25.4361872331306));
#7140=CARTESIAN_POINT('Ctrl Pts',(121.566746111255,145.77011072686,25.4433073766241));
#7141=CARTESIAN_POINT('Ctrl Pts',(121.639794823792,145.846784212047,25.4473205809899));
#7142=CARTESIAN_POINT('Ctrl Pts',(121.664762731287,145.872991059765,25.4486922864161));
#7143=CARTESIAN_POINT('Ctrl Pts',(121.689710025492,145.89898624575,25.4497010208609));
#7144=CARTESIAN_POINT('Ctrl Pts',(121.714615974519,145.924753782364,25.4503549610008));
#7145=CARTESIAN_POINT('Ctrl Pts',(121.764344028118,145.97620211065,25.4516606398285));
#7146=CARTESIAN_POINT('Ctrl Pts',(121.813908430608,146.026750717317,25.4515519149947));
#7147=CARTESIAN_POINT('Ctrl Pts',(121.863936879869,146.077058253814,25.4501948841233));
#7148=CARTESIAN_POINT('Ctrl Pts',(121.891201841058,146.104475314515,25.4494553170452));
#7149=CARTESIAN_POINT('Ctrl Pts',(121.918605284839,146.131820148644,25.4483449866524));
#7150=CARTESIAN_POINT('Ctrl Pts',(121.946253437646,146.159194786549,25.4468907789913));
#7151=CARTESIAN_POINT('Ctrl Pts',(122.013129545034,146.22540930862,25.4433733017702));
#7152=CARTESIAN_POINT('Ctrl Pts',(122.081439960089,146.291791525254,25.4378438930096));
#7153=CARTESIAN_POINT('Ctrl Pts',(122.150709578515,146.357816897137,25.4301966689417));
#7154=CARTESIAN_POINT('Ctrl Pts',(122.162624907999,146.369174171483,25.4288812409594));
#7155=CARTESIAN_POINT('Ctrl Pts',(122.174568529583,146.380520974211,25.4275031494834));
#7156=CARTESIAN_POINT('Ctrl Pts',(122.186537913813,146.391854745487,25.4260618556001));
#7157=CARTESIAN_POINT('Ctrl Pts',(122.28877421282,146.488661966872,25.4137510675454));
#7158=CARTESIAN_POINT('Ctrl Pts',(122.39289441191,146.584516998503,25.3968292251308));
#7159=CARTESIAN_POINT('Ctrl Pts',(122.498555857937,146.679048039667,25.3754320461728));
#7160=CARTESIAN_POINT('Ctrl Pts',(122.561465346652,146.735330626088,25.3626924364209));
#7161=CARTESIAN_POINT('Ctrl Pts',(122.624920471382,146.791144560922,25.3483663820685));
#7162=CARTESIAN_POINT('Ctrl Pts',(122.688842841528,146.846417725951,25.3324825272485));
#7163=CARTESIAN_POINT('Ctrl Pts',(122.785698556858,146.930168092608,25.3084151762218));
#7164=CARTESIAN_POINT('Ctrl Pts',(122.883632389052,147.012677472421,25.2807713386415));
#7165=CARTESIAN_POINT('Ctrl Pts',(122.982215533862,147.093609397256,25.2497615269332));
#7166=CARTESIAN_POINT('Ctrl Pts',(123.081213119971,147.174881558062,25.2186213506817));
#7167=CARTESIAN_POINT('Ctrl Pts',(123.180865295089,147.25456286076,25.1840868398565));
#7168=CARTESIAN_POINT('Ctrl Pts',(123.280705864822,147.332354611364,25.1463711730287));
#7169=CARTESIAN_POINT('Ctrl Pts',(123.381776258558,147.411104591298,25.1081909292006));
#7170=CARTESIAN_POINT('Ctrl Pts',(123.483039510088,147.487918080049,25.0667506765066));
#7171=CARTESIAN_POINT('Ctrl Pts',(123.583982284766,147.562529921274,25.0222715686762));
#7172=CARTESIAN_POINT('Ctrl Pts',(123.635232828974,147.600411755604,24.9996886895203));
#7173=CARTESIAN_POINT('Ctrl Pts',(123.686400309635,147.637726772189,24.9763224592173));
#7174=CARTESIAN_POINT('Ctrl Pts',(123.737414950648,147.674444679445,24.9522018221304));
#7175=CARTESIAN_POINT('Ctrl Pts',(123.859921205018,147.762618842724,24.8942786682312));
#7176=CARTESIAN_POINT('Ctrl Pts',(123.981556921875,147.847354144623,24.832005081795));
#7177=CARTESIAN_POINT('Ctrl Pts',(124.101704766977,147.928541232943,24.7654361371954));
#7178=CARTESIAN_POINT('Ctrl Pts',(124.226822989079,148.013086936945,24.6961133125664));
#7179=CARTESIAN_POINT('Ctrl Pts',(124.350327320544,148.093784771314,24.6221323908091));
#7180=CARTESIAN_POINT('Ctrl Pts',(124.471505318605,148.170567199254,24.5435555680449));
#7181=CARTESIAN_POINT('Ctrl Pts',(124.566024142823,148.230457484006,24.4822656555412));
#7182=CARTESIAN_POINT('Ctrl Pts',(124.659127247648,148.287966862791,24.4181795977091));
#7183=CARTESIAN_POINT('Ctrl Pts',(124.750472804814,148.343084841699,24.3513269098289));
#7184=CARTESIAN_POINT('Ctrl Pts',(124.810816191902,148.379496087521,24.3071636494821));
#7185=CARTESIAN_POINT('Ctrl Pts',(124.870386784276,148.414866031659,24.2617930324302));
#7186=CARTESIAN_POINT('Ctrl Pts',(124.929964364803,148.449693451269,24.2142790861013));
#7187=CARTESIAN_POINT('Ctrl Pts',(124.949596807186,148.46117003865,24.1986219411576));
#7188=CARTESIAN_POINT('Ctrl Pts',(124.969230229251,148.472587354807,24.1827320557825));
#7189=CARTESIAN_POINT('Ctrl Pts',(124.988893169699,148.48396219125,24.1665759382502));
#7190=CARTESIAN_POINT('Ctrl Pts',(125.051648533239,148.520265611791,24.1150127942847));
#7191=CARTESIAN_POINT('Ctrl Pts',(125.114708907301,148.556133093333,24.0607378026969));
#7192=CARTESIAN_POINT('Ctrl Pts',(125.177253924159,148.59111874168,24.0037850622311));
#7193=CARTESIAN_POINT('Ctrl Pts',(125.240771663316,148.626648499245,23.9459465725336));
#7194=CARTESIAN_POINT('Ctrl Pts',(125.3037577312,148.661268797836,23.885346395674));
#7195=CARTESIAN_POINT('Ctrl Pts',(125.365327072461,148.694561084668,23.8220202462151));
#7196=CARTESIAN_POINT('Ctrl Pts',(125.430257612413,148.729670866842,23.7552369902416));
#7197=CARTESIAN_POINT('Ctrl Pts',(125.49361235072,148.763303678583,23.6854220044105));
#7198=CARTESIAN_POINT('Ctrl Pts',(125.554327013901,148.795022631427,23.6126171776125));
#7199=CARTESIAN_POINT('Ctrl Pts',(125.594347132082,148.815930204243,23.5646278185353));
#7200=CARTESIAN_POINT('Ctrl Pts',(125.633219639362,148.836007402595,23.5153394340619));
#7201=CARTESIAN_POINT('Ctrl Pts',(125.670634836075,148.8551402635,23.4647640206543));
#7202=CARTESIAN_POINT('Ctrl Pts',(125.734824238079,148.887964543687,23.3779969893941));
#7203=CARTESIAN_POINT('Ctrl Pts',(125.795124061276,148.9182097145,23.2872217897183));
#7204=CARTESIAN_POINT('Ctrl Pts',(125.849744682331,148.945226075073,23.1918475782798));
#7205=CARTESIAN_POINT('Ctrl Pts',(125.877414806182,148.958912225625,23.1435321949739));
#7206=CARTESIAN_POINT('Ctrl Pts',(125.903627064634,148.971770787872,23.0940365631641));
#7207=CARTESIAN_POINT('Ctrl Pts',(125.928147235457,148.983721713279,23.0432838696681));
#7208=CARTESIAN_POINT('Ctrl Pts',(125.964608639336,149.001492695429,22.9678148010027));
#7209=CARTESIAN_POINT('Ctrl Pts',(125.997328377806,149.017256363874,22.8895661702482));
#7210=CARTESIAN_POINT('Ctrl Pts',(126.025245531734,149.03061545443,22.8089558659546));
#7211=CARTESIAN_POINT('Ctrl Pts',(126.053162685663,149.043974544987,22.7283455616609));
#7212=CARTESIAN_POINT('Ctrl Pts',(126.07627637144,149.05493074977,22.645373583828));
#7213=CARTESIAN_POINT('Ctrl Pts',(126.09373696182,149.063177868245,22.5589302878021));
#7214=CARTESIAN_POINT('Ctrl Pts',(126.111197552199,149.071424986719,22.4724869917762));
#7215=CARTESIAN_POINT('Ctrl Pts',(126.123004584294,149.076964124554,22.3825723775574));
#7216=CARTESIAN_POINT('Ctrl Pts',(126.12756444733,149.079103988374,22.2921662805107));
#7217=CARTESIAN_POINT('Ctrl Pts',(126.13198075101,149.081176482303,22.2046064621829));
#7218=CARTESIAN_POINT('Ctrl Pts',(126.129598690958,149.080061609391,22.1165856208356));
#7219=CARTESIAN_POINT('Ctrl Pts',(126.121197909257,149.076114462066,22.0296086299222));
#7220=CARTESIAN_POINT('Ctrl Pts',(126.111825718836,149.071710893725,21.9325742169249));
#7221=CARTESIAN_POINT('Ctrl Pts',(126.094962807996,149.063781194312,21.8368390191035));
#7222=CARTESIAN_POINT('Ctrl Pts',(126.071720839239,149.052757174513,21.7444926414364));
#7223=CARTESIAN_POINT('Ctrl Pts',(126.051265203907,149.043054755099,21.6632170900632));
#7224=CARTESIAN_POINT('Ctrl Pts',(126.025869145263,149.030953637035,21.5845665346588));
#7225=CARTESIAN_POINT('Ctrl Pts',(125.996301419497,149.016726851348,21.5099655471231));
#7226=CARTESIAN_POINT('Ctrl Pts',(125.94725978352,148.993130013016,21.3862308201709));
#7227=CARTESIAN_POINT('Ctrl Pts',(125.887603111153,148.964094959978,21.268365569074));
#7228=CARTESIAN_POINT('Ctrl Pts',(125.820326445599,148.9306351751,21.1567718857238));
#7229=CARTESIAN_POINT('Ctrl Pts',(125.802297257987,148.921668429586,21.1268663689013));
#7230=CARTESIAN_POINT('Ctrl Pts',(125.78372077929,148.912384156478,21.0974112532566));
#7231=CARTESIAN_POINT('Ctrl Pts',(125.764654401042,148.902802679388,21.0684142773543));
#7232=CARTESIAN_POINT('Ctrl Pts',(125.734583279736,148.887690959892,21.0226808103825));
#7233=CARTESIAN_POINT('Ctrl Pts',(125.703293412682,148.871839490688,20.9780869653553));
#7234=CARTESIAN_POINT('Ctrl Pts',(125.671045794487,148.855350405699,20.9345171733096));
#7235=CARTESIAN_POINT('Ctrl Pts',(125.614459285942,148.826416183551,20.8580630800202));
#7236=CARTESIAN_POINT('Ctrl Pts',(125.554545042988,148.795322502345,20.7845586045688));
#7237=CARTESIAN_POINT('Ctrl Pts',(125.492369960312,148.762470404372,20.7140411533627));
#7238=CARTESIAN_POINT('Ctrl Pts',(125.432545713539,148.730860442125,20.6461899624815));
#7239=CARTESIAN_POINT('Ctrl Pts',(125.370628661582,148.697622179652,20.5811041876776));
#7240=CARTESIAN_POINT('Ctrl Pts',(125.307549944607,148.66315548038,20.5188171507625));
#7241=CARTESIAN_POINT('Ctrl Pts',(125.246227613004,148.629648483674,20.4582644554098));
#7242=CARTESIAN_POINT('Ctrl Pts',(125.183807588368,148.594980424691,20.4003568097977));
#7243=CARTESIAN_POINT('Ctrl Pts',(125.121123337467,148.559562749155,20.3451248290505));
#7244=CARTESIAN_POINT('Ctrl Pts',(125.077172256302,148.534729635419,20.3063989093202));
#7245=CARTESIAN_POINT('Ctrl Pts',(125.033090816244,148.509528933299,20.2689883778489));
#7246=CARTESIAN_POINT('Ctrl Pts',(124.989158986821,148.484115960463,20.2329037874775));
#7247=CARTESIAN_POINT('Ctrl Pts',(124.929513440071,148.449613171043,20.1839123124974));
#7248=CARTESIAN_POINT('Ctrl Pts',(124.870138747939,148.414723507494,20.1373649528932));
#7249=CARTESIAN_POINT('Ctrl Pts',(124.810245796983,148.378962702686,20.0923328179638));
#7250=CARTESIAN_POINT('Ctrl Pts',(124.790468285029,148.36715397172,20.0774625607356));
#7251=CARTESIAN_POINT('Ctrl Pts',(124.770634477382,148.355249891374,20.0627575259059));
#7252=CARTESIAN_POINT('Ctrl Pts',(124.750716617616,148.343231955373,20.0481842668383));
#7253=CARTESIAN_POINT('Ctrl Pts',(124.632763202214,148.272061828955,19.961881536485));
#7254=CARTESIAN_POINT('Ctrl Pts',(124.511876698683,148.196901026148,19.880200181416));
#7255=CARTESIAN_POINT('Ctrl Pts',(124.38879446427,148.117778915369,19.8031983127069));
#7256=CARTESIAN_POINT('Ctrl Pts',(124.270924003,148.042007137756,19.729456997994));
#7257=CARTESIAN_POINT('Ctrl Pts',(124.151040187747,147.962602335849,19.6600072652149));
#7258=CARTESIAN_POINT('Ctrl Pts',(124.02978172444,147.879636600658,19.5949001516764));
#7259=CARTESIAN_POINT('Ctrl Pts',(123.933135598644,147.813510767778,19.5430081013103));
#7260=CARTESIAN_POINT('Ctrl Pts',(123.835616140355,147.745123684135,19.4938747004816));
#7261=CARTESIAN_POINT('Ctrl Pts',(123.737540098531,147.67453475395,19.4475257899285));
#7262=CARTESIAN_POINT('Ctrl Pts',(123.63718212922,147.602303436725,19.4000984829495));
#7263=CARTESIAN_POINT('Ctrl Pts',(123.536235930973,147.527759830087,19.3555867466577));
#7264=CARTESIAN_POINT('Ctrl Pts',(123.435225960804,147.451145201123,19.3142118092961));
#7265=CARTESIAN_POINT('Ctrl Pts',(123.335082707182,147.37518796436,19.2731918897885));
#7266=CARTESIAN_POINT('Ctrl Pts',(123.234877009938,147.297195126663,19.2352551695208));
#7267=CARTESIAN_POINT('Ctrl Pts',(123.135093173854,147.217445119889,19.2006172307101));
#7268=CARTESIAN_POINT('Ctrl Pts',(123.035998330045,147.138245774833,19.1662184616205));
#7269=CARTESIAN_POINT('Ctrl Pts',(122.937319742683,147.057313537929,19.1350730760911));
#7270=CARTESIAN_POINT('Ctrl Pts',(122.839501958047,146.974963075384,19.1073922214151));
#7271=CARTESIAN_POINT('Ctrl Pts',(122.789056221446,146.932494011522,19.0931168919433));
#7272=CARTESIAN_POINT('Ctrl Pts',(122.738838916858,146.889648435939,19.0797629826602));
#7273=CARTESIAN_POINT('Ctrl Pts',(122.688907640228,146.846473756548,19.0673594540259));
#7274=CARTESIAN_POINT('Ctrl Pts',(122.581566347774,146.753657666115,19.0406945881451));
#7275=CARTESIAN_POINT('Ctrl Pts',(122.475544757515,146.65931483143,19.0184219604651));
#7276=CARTESIAN_POINT('Ctrl Pts',(122.37120714206,146.563794793874,19.0006760641298));
#7277=CARTESIAN_POINT('Ctrl Pts',(122.309046884182,146.506887702972,18.9901037553063));
#7278=CARTESIAN_POINT('Ctrl Pts',(122.247483651885,146.449563533263,18.9811381232781));
#7279=CARTESIAN_POINT('Ctrl Pts',(122.18658832772,146.391902482031,18.973807607145));
#7280=CARTESIAN_POINT('Ctrl Pts',(122.116991242724,146.326001837957,18.9654295820441));
#7281=CARTESIAN_POINT('Ctrl Pts',(122.048268512865,146.25965793122,18.9591873675895));
#7282=CARTESIAN_POINT('Ctrl Pts',(121.980901572744,146.193388998708,18.9549760368026));
#7283=CARTESIAN_POINT('Ctrl Pts',(121.969326970784,146.182003050129,18.9542524700577));
#7284=CARTESIAN_POINT('Ctrl Pts',(121.957792302611,146.170619401577,18.9535888552932));
#7285=CARTESIAN_POINT('Ctrl Pts',(121.946299898822,146.159240787898,18.9529846603212));
#7286=CARTESIAN_POINT('Ctrl Pts',(121.895568969897,146.109012162766,18.9503175618846));
#7287=CARTESIAN_POINT('Ctrl Pts',(121.845659714029,146.058885991214,18.9488083206667));
#7288=CARTESIAN_POINT('Ctrl Pts',(121.795924219527,146.008223526643,18.9486231763723));
#7289=CARTESIAN_POINT('Ctrl Pts',(121.768816761528,145.980610839884,18.9485222667255));
#7290=CARTESIAN_POINT('Ctrl Pts',(121.741761554081,145.952838198219,18.9488146937905));
#7291=CARTESIAN_POINT('Ctrl Pts',(121.714658351018,145.924797624642,18.9495273730282));
#7292=CARTESIAN_POINT('Ctrl Pts',(121.641905328594,145.849528422198,18.9514404151301));
#7293=CARTESIAN_POINT('Ctrl Pts',(121.568801810925,145.772313715503,18.9563815613918));
#7294=CARTESIAN_POINT('Ctrl Pts',(121.495853362139,145.693564478261,18.9645543166849));
#7295=CARTESIAN_POINT('Ctrl Pts',(121.423555951828,145.615518049428,18.9726541330981));
#7296=CARTESIAN_POINT('Ctrl Pts',(121.351411046829,145.53596442656,18.9839281340582));
#7297=CARTESIAN_POINT('Ctrl Pts',(121.279875253718,145.455340309496,18.9985744242973));
#7298=CARTESIAN_POINT('Ctrl Pts',(121.208580391213,145.374987732265,19.0131713862291));
#7299=CARTESIAN_POINT('Ctrl Pts',(121.137890694669,145.293571973292,19.0311179601353));
#7300=CARTESIAN_POINT('Ctrl Pts',(121.068220108881,145.211560560538,19.0526102558479));
#7301=CARTESIAN_POINT('Ctrl Pts',(120.99819070309,145.129126769603,19.074213241969));
#7302=CARTESIAN_POINT('Ctrl Pts',(120.92919106229,145.046091310806,19.099398566559));
#7303=CARTESIAN_POINT('Ctrl Pts',(120.861600839602,144.962962801536,19.1283653851183));
#7304=CARTESIAN_POINT('Ctrl Pts',(120.793466504599,144.879165094208,19.1575653912912));
#7305=CARTESIAN_POINT('Ctrl Pts',(120.726764435013,144.795273023711,19.1906080197799));
#7306=CARTESIAN_POINT('Ctrl Pts',(120.661840739666,144.711839410615,19.2276972746102));
#7307=CARTESIAN_POINT('Ctrl Pts',(120.595563860316,144.626666817168,19.2655595690225));
#7308=CARTESIAN_POINT('Ctrl Pts',(120.531140311992,144.541972197328,19.3076389328018));
#7309=CARTESIAN_POINT('Ctrl Pts',(120.468892832151,144.458373753966,19.3541523936634));
#7310=CARTESIAN_POINT('Ctrl Pts',(120.448045258072,144.430375435874,19.3697304190469));
#7311=CARTESIAN_POINT('Ctrl Pts',(120.427441395252,144.402500304266,19.385805806547));
#7312=CARTESIAN_POINT('Ctrl Pts',(120.407092260539,144.37477224524,19.4023867091451));
#7313=CARTESIAN_POINT('Ctrl Pts',(120.343239829461,144.287765893231,19.4544150118381));
#7314=CARTESIAN_POINT('Ctrl Pts',(120.281894786435,144.202199434393,19.5114206522743));
#7315=CARTESIAN_POINT('Ctrl Pts',(120.223382400248,144.118854930294,19.5728492451264));
#7316=CARTESIAN_POINT('Ctrl Pts',(120.16679250605,144.038248806082,19.6322595306526));
#7317=CARTESIAN_POINT('Ctrl Pts',(120.112851464646,143.959721616802,19.6958069008766));
#7318=CARTESIAN_POINT('Ctrl Pts',(120.061811722354,143.884000976254,19.7629898396224));
#7319=CARTESIAN_POINT('Ctrl Pts',(120.008823234411,143.805389250008,19.8327378865345));
#7320=CARTESIAN_POINT('Ctrl Pts',(119.958958475719,143.72981215315,19.9064044207363));
#7321=CARTESIAN_POINT('Ctrl Pts',(119.911768152642,143.656985899041,19.9851321225215));
#7322=CARTESIAN_POINT('Ctrl Pts',(119.866504638138,143.587133183607,20.060645326061));
#7323=CARTESIAN_POINT('Ctrl Pts',(119.82370212339,143.519810677632,20.1408148339599));
#7324=CARTESIAN_POINT('Ctrl Pts',(119.782998307246,143.454738710134,20.2266489948226));
#7325=CARTESIAN_POINT('Ctrl Pts',(119.746993448018,143.397178823826,20.3025742316098));
#7326=CARTESIAN_POINT('Ctrl Pts',(119.712635536204,143.341374073627,20.382931728996));
#7327=CARTESIAN_POINT('Ctrl Pts',(119.680471445455,143.288432938609,20.4670688744151));
#7328=CARTESIAN_POINT('Ctrl Pts',(119.644259316151,143.228828852744,20.561795170675));
#7329=CARTESIAN_POINT('Ctrl Pts',(119.610827576929,143.172854993297,20.661312364959));
#7330=CARTESIAN_POINT('Ctrl Pts',(119.580896787155,143.122123862537,20.7646891268591));
#7331=CARTESIAN_POINT('Ctrl Pts',(119.576024133,143.113864967367,20.781518592844));
#7332=CARTESIAN_POINT('Ctrl Pts',(119.571244162843,143.1057450673,20.798450348899));
#7333=CARTESIAN_POINT('Ctrl Pts',(119.566559881196,143.097771166159,20.8154803766902));
#7334=CARTESIAN_POINT('Ctrl Pts',(119.53705230818,143.047541378988,20.9227571859136));
#7335=CARTESIAN_POINT('Ctrl Pts',(119.511338238193,143.003107525806,21.0339335012977));
#7336=CARTESIAN_POINT('Ctrl Pts',(119.489323764644,142.964737363012,21.1476034082785));
#7337=CARTESIAN_POINT('Ctrl Pts',(119.467889617141,142.927378680451,21.2582768498904));
#7338=CARTESIAN_POINT('Ctrl Pts',(119.449962420542,142.895768112277,21.3713141482121));
#7339=CARTESIAN_POINT('Ctrl Pts',(119.435496634393,142.870125630548,21.4854176679108));
#7340=CARTESIAN_POINT('Ctrl Pts',(119.421261450202,142.844891920689,21.5977022408428));
#7341=CARTESIAN_POINT('Ctrl Pts',(119.410378009227,142.825437521904,21.7110193124104));
#7342=CARTESIAN_POINT('Ctrl Pts',(119.402845976919,142.811946149671,21.8241323208493));
#7343=CARTESIAN_POINT('Ctrl Pts',(119.395468219406,142.79873111437,21.9349284929245));
#7344=CARTESIAN_POINT('Ctrl Pts',(119.391305876101,142.791237331362,22.045528875703));
#7345=CARTESIAN_POINT('Ctrl Pts',(119.390402411135,142.789612545123,22.1547713453147));
#7346=CARTESIAN_POINT('Ctrl Pts',(119.390277503993,142.789387912833,22.1698744927118));
#7347=CARTESIAN_POINT('Ctrl Pts',(119.390214958309,142.789275420825,22.1849516849375));
#7348=CARTESIAN_POINT('Ctrl Pts',(119.390214958309,142.789275420825,22.1999998509885));
#7349=CARTESIAN_POINT('Ctrl Pts',(126.129720135729,66.9198845936101,22.2000001490117));
#7350=CARTESIAN_POINT('Ctrl Pts',(126.129720135729,66.9198845936101,21.954431268349));
#7351=CARTESIAN_POINT('Ctrl Pts',(126.078207493121,66.9438921109233,21.723110653366));
#7352=CARTESIAN_POINT('Ctrl Pts',(125.885620758486,67.0366358497127,21.2331310267976));
#7353=CARTESIAN_POINT('Ctrl Pts',(125.55738105508,67.198082904758,20.7400797398057));
#7354=CARTESIAN_POINT('Ctrl Pts',(124.943683056588,67.5364167783324,20.1752720893232));
#7355=CARTESIAN_POINT('Ctrl Pts',(124.331331655777,67.9121293694208,19.7539852228549));
#7356=CARTESIAN_POINT('Ctrl Pts',(123.598181576463,68.4153304471372,19.3658269752615));
#7357=CARTESIAN_POINT('Ctrl Pts',(122.926598404543,68.9412264065225,19.1177815277516));
#7358=CARTESIAN_POINT('Ctrl Pts',(122.26682817652,69.5244318166944,18.9729787090208));
#7359=CARTESIAN_POINT('Ctrl Pts',(121.721415458383,70.0567145418241,18.9309146398295));
#7360=CARTESIAN_POINT('Ctrl Pts',(121.129907148475,70.7028271016303,19.005377211984));
#7361=CARTESIAN_POINT('Ctrl Pts',(120.570957538448,71.3927573721612,19.2427508800364));
#7362=CARTESIAN_POINT('Ctrl Pts',(120.101214921083,72.0477131799858,19.663937135569));
#7363=CARTESIAN_POINT('Ctrl Pts',(119.74286645767,72.6027863261195,20.2420104118743));
#7364=CARTESIAN_POINT('Ctrl Pts',(119.524113453669,72.973482799358,20.9102495944582));
#7365=CARTESIAN_POINT('Ctrl Pts',(119.42616156534,73.1464808563408,21.5052592494299));
#7366=CARTESIAN_POINT('Ctrl Pts',(119.3776340246,73.2336091325595,22.1078675710092));
#7367=CARTESIAN_POINT('Ctrl Pts',(119.403390282195,73.1868408927435,22.8618871288817));
#7368=CARTESIAN_POINT('Ctrl Pts',(119.583178440808,72.8683382016111,23.750754222425));
#7369=CARTESIAN_POINT('Ctrl Pts',(119.795177785156,72.5232112891543,24.219258298739));
#7370=CARTESIAN_POINT('Ctrl Pts',(120.219061453472,71.8655621211081,24.9355941988517));
#7371=CARTESIAN_POINT('Ctrl Pts',(120.795682697949,71.0732926742335,25.3395713639694));
#7372=CARTESIAN_POINT('Ctrl Pts',(121.641550731489,70.1438323952644,25.460042441728));
#7373=CARTESIAN_POINT('Ctrl Pts',(122.158782505679,69.6237380192657,25.4453810497801));
#7374=CARTESIAN_POINT('Ctrl Pts',(122.87443687337,68.9803765729627,25.3041234369614));
#7375=CARTESIAN_POINT('Ctrl Pts',(123.696804227688,68.3385785122348,24.9978530106879));
#7376=CARTESIAN_POINT('Ctrl Pts',(124.565835590795,67.7572446550944,24.5114839933754));
#7377=CARTESIAN_POINT('Ctrl Pts',(125.16583250895,67.4111823857285,24.0408335308449));
#7378=CARTESIAN_POINT('Ctrl Pts',(125.676895976922,67.1389747105035,23.4859279739603));
#7379=CARTESIAN_POINT('Ctrl Pts',(125.885864084174,67.0364326910953,23.1641438503503));
#7380=CARTESIAN_POINT('Ctrl Pts',(126.078112854216,66.9439096187282,22.6769242346248));
#7381=CARTESIAN_POINT('Ctrl Pts',(126.129720135729,66.9198845936101,22.4455690296745));
#7382=CARTESIAN_POINT('Ctrl Pts',(126.129720135729,66.9198845936101,22.2000001490117));
#7383=CARTESIAN_POINT('Ctrl Pts',(126.139648158164,66.9634006062145,22.2000001490117));
#7384=CARTESIAN_POINT('Ctrl Pts',(126.139649039484,66.9633939715398,21.9559884146053));
#7385=CARTESIAN_POINT('Ctrl Pts',(126.088625947008,66.9893214671483,21.7262606629639));
#7386=CARTESIAN_POINT('Ctrl Pts',(125.897896786436,67.088444948607,21.2407611645586));
#7387=CARTESIAN_POINT('Ctrl Pts',(125.572802171161,67.2595543983703,20.7542480615399));
#7388=CARTESIAN_POINT('Ctrl Pts',(124.965456879453,67.6102711772322,20.202230989542));
#7389=CARTESIAN_POINT('Ctrl Pts',(124.360145904963,67.9943646937409,19.7945951234644));
#7390=CARTESIAN_POINT('Ctrl Pts',(123.636565540682,68.5029335744925,19.4237475924402));
#7391=CARTESIAN_POINT('Ctrl Pts',(122.975467947977,69.0282357555757,19.1926579405794));
#7392=CARTESIAN_POINT('Ctrl Pts',(122.327905733399,69.6047875530265,19.0644729673998));
#7393=CARTESIAN_POINT('Ctrl Pts',(121.794243004456,70.1265020404451,19.0356862673536));
#7394=CARTESIAN_POINT('Ctrl Pts',(121.217643932444,70.7536369457584,19.1220235320727));
#7395=CARTESIAN_POINT('Ctrl Pts',(120.675506275921,71.4156813931099,19.3650123240902));
#7396=CARTESIAN_POINT('Ctrl Pts',(120.222263419473,72.0368158034276,19.7802681521178));
#7397=CARTESIAN_POINT('Ctrl Pts',(119.877995894183,72.5578957440735,20.3390962864054));
#7398=CARTESIAN_POINT('Ctrl Pts',(119.668383207342,72.9032713572497,20.9771313572145));
#7399=CARTESIAN_POINT('Ctrl Pts',(119.574596211188,73.0639152366806,21.541790979502));
#7400=CARTESIAN_POINT('Ctrl Pts',(119.528138876219,73.1447738658654,22.1129306150354));
#7401=CARTESIAN_POINT('Ctrl Pts',(119.552800805934,73.1013555498373,22.8265584752099));
#7402=CARTESIAN_POINT('Ctrl Pts',(119.724886326346,72.8057779880715,23.6709888762119));
#7403=CARTESIAN_POINT('Ctrl Pts',(119.928244283472,72.4830120938004,24.1207737192279));
#7404=CARTESIAN_POINT('Ctrl Pts',(120.335480502573,71.8660174754119,24.8121850552236));
#7405=CARTESIAN_POINT('Ctrl Pts',(120.891988442423,71.1129032553788,25.2165934777258));
#7406=CARTESIAN_POINT('Ctrl Pts',(121.716345223141,70.211064209876,25.3537116536692));
#7407=CARTESIAN_POINT('Ctrl Pts',(122.222000125841,69.7026689464987,25.3510827239572));
#7408=CARTESIAN_POINT('Ctrl Pts',(122.924121434882,69.0674097172653,25.2279130381149));
#7409=CARTESIAN_POINT('Ctrl Pts',(123.733745074579,68.4261922853998,24.9422793080445));
#7410=CARTESIAN_POINT('Ctrl Pts',(124.591744641349,67.8372203551964,24.4763305238354));
#7411=CARTESIAN_POINT('Ctrl Pts',(125.185332450552,67.4809753654362,24.0184335581738));
#7412=CARTESIAN_POINT('Ctrl Pts',(125.691159464752,67.1969622551015,23.4741632053608));
#7413=CARTESIAN_POINT('Ctrl Pts',(125.898204035848,67.0883388789928,23.1563913124993));
#7414=CARTESIAN_POINT('Ctrl Pts',(126.088491799966,66.9892657781502,22.6738530115834));
#7415=CARTESIAN_POINT('Ctrl Pts',(126.139675719609,66.9634435488361,22.4439587201364));
#7416=CARTESIAN_POINT('Ctrl Pts',(126.139648158164,66.9634006062145,22.2000001490117));
#7417=CARTESIAN_POINT('Ctrl Pts',(126.1495761806,67.0069166188189,22.2000001490117));
#7418=CARTESIAN_POINT('Ctrl Pts',(126.149575290486,67.0069233196982,21.9576280749797));
#7419=CARTESIAN_POINT('Ctrl Pts',(126.099055119418,67.034789401829,21.729371140839));
#7420=CARTESIAN_POINT('Ctrl Pts',(125.910177341105,67.1401902592092,21.2485011396896));
#7421=CARTESIAN_POINT('Ctrl Pts',(125.588267414627,67.3210060800123,20.7684508242841));
#7422=CARTESIAN_POINT('Ctrl Pts',(124.987293415459,67.6840037862895,20.2292566353828));
#7423=CARTESIAN_POINT('Ctrl Pts',(124.389008697686,68.076462443529,19.8352185061404));
#7424=CARTESIAN_POINT('Ctrl Pts',(123.675148366754,68.5902772636483,19.4818110964159));
#7425=CARTESIAN_POINT('Ctrl Pts',(123.02442533207,69.1150971732579,19.2675663600678));
#7426=CARTESIAN_POINT('Ctrl Pts',(122.389103701459,69.6849880539885,19.1560340521419));
#7427=CARTESIAN_POINT('Ctrl Pts',(121.866928552806,70.1964393857651,19.1402782121824));
#7428=CARTESIAN_POINT('Ctrl Pts',(121.30530765346,70.8045223984264,19.2385210902512));
#7429=CARTESIAN_POINT('Ctrl Pts',(120.779952077598,71.4387140181929,19.4871215348377));
#7430=CARTESIAN_POINT('Ctrl Pts',(120.34326597998,72.0259665239856,19.8964536133923));
#7431=CARTESIAN_POINT('Ctrl Pts',(120.013029989673,72.5131842717688,20.4363414780866));
#7432=CARTESIAN_POINT('Ctrl Pts',(119.812618315594,72.8330745359424,21.043784581919));
#7433=CARTESIAN_POINT('Ctrl Pts',(119.723023374237,72.9813644628113,21.5784875919585));
#7434=CARTESIAN_POINT('Ctrl Pts',(119.678650791608,73.0558226882228,22.1177604164497));
#7435=CARTESIAN_POINT('Ctrl Pts',(119.70220834846,73.0159496968498,22.7913267359883));
#7436=CARTESIAN_POINT('Ctrl Pts',(119.866598596135,72.7430323696082,23.5914313700897));
#7437=CARTESIAN_POINT('Ctrl Pts',(120.061295767227,72.4431326696643,24.0220484881923));
#7438=CARTESIAN_POINT('Ctrl Pts',(120.451923315142,71.8659658485035,24.6893563515782));
#7439=CARTESIAN_POINT('Ctrl Pts',(120.988360318288,71.1522527721222,25.0936871458992));
#7440=CARTESIAN_POINT('Ctrl Pts',(121.791129578544,70.2784616208065,25.2472493588028));
#7441=CARTESIAN_POINT('Ctrl Pts',(122.28524480593,69.7814921599525,25.256802201308));
#7442=CARTESIAN_POINT('Ctrl Pts',(122.973735586579,69.15451885655,25.1517247870101));
#7443=CARTESIAN_POINT('Ctrl Pts',(123.770626886427,68.5137058192336,24.8868053079055));
#7444=CARTESIAN_POINT('Ctrl Pts',(124.617638183829,67.9171991837697,24.4411269676121));
#7445=CARTESIAN_POINT('Ctrl Pts',(125.204678684408,67.5505097455096,23.9962565732836));
#7446=CARTESIAN_POINT('Ctrl Pts',(125.70546907747,67.2549597748739,23.4622335558327));
#7447=CARTESIAN_POINT('Ctrl Pts',(125.91034176355,67.1398913919801,23.1489515350304));
#7448=CARTESIAN_POINT('Ctrl Pts',(126.099001321952,67.034905320346,22.6705858615306));
#7449=CARTESIAN_POINT('Ctrl Pts',(126.149548344132,67.0068732476915,22.4424259168189));
#7450=CARTESIAN_POINT('Ctrl Pts',(126.1495761806,67.0069166188189,22.2000001490117));
#7451=CARTESIAN_POINT('Ctrl Pts',(126.159504203035,67.0504326314232,22.2000001490117));
#7452=CARTESIAN_POINT('Ctrl Pts',(126.159504211888,67.0504325647783,21.9591846723209));
#7453=CARTESIAN_POINT('Ctrl Pts',(126.109473502002,67.0802185014156,21.7325214134167));
#7454=CARTESIAN_POINT('Ctrl Pts',(125.922453338941,67.1919997824474,21.2561305467709));
#7455=CARTESIAN_POINT('Ctrl Pts',(125.603688237156,67.3824777054214,20.7826189169037));
#7456=CARTESIAN_POINT('Ctrl Pts',(125.009066821132,67.7578589953814,20.2562150915846));
#7457=CARTESIAN_POINT('Ctrl Pts',(124.417822623943,68.1586986830469,19.8758283170621));
#7458=CARTESIAN_POINT('Ctrl Pts',(123.713531008069,68.6778821168845,19.5397307630575));
#7459=CARTESIAN_POINT('Ctrl Pts',(123.073294291154,69.2021075064063,19.3424425599752));
#7460=CARTESIAN_POINT('Ctrl Pts',(122.450180457317,69.7653448230049,19.2475278659667));
#7461=CARTESIAN_POINT('Ctrl Pts',(121.939757043501,70.2662258875493,19.2450510350237));
#7462=CARTESIAN_POINT('Ctrl Pts',(121.393044923471,70.855331739578,19.3551683999603));
#7463=CARTESIAN_POINT('Ctrl Pts',(120.884501499838,71.4616373166659,19.609383991605));
#7464=CARTESIAN_POINT('Ctrl Pts',(120.464314783966,72.0150688274673,20.0127855982298));
#7465=CARTESIAN_POINT('Ctrl Pts',(120.148160060431,72.468292498217,20.53342629278));
#7466=CARTESIAN_POINT('Ctrl Pts',(119.956888299741,72.7628629965711,21.1106678649967));
#7467=CARTESIAN_POINT('Ctrl Pts',(119.871458069864,72.8987987443912,21.6150182251708));
#7468=CARTESIAN_POINT('Ctrl Pts',(119.829155596236,72.9669881926122,22.1228250120939));
#7469=CARTESIAN_POINT('Ctrl Pts',(119.851618892032,72.9304638251468,22.7559974376048));
#7470=CARTESIAN_POINT('Ctrl Pts',(120.008306452507,72.6804733894522,23.511664641246));
#7471=CARTESIAN_POINT('Ctrl Pts',(120.194362365426,72.4029313470716,23.9235655095861));
#7472=CARTESIAN_POINT('Ctrl Pts',(120.56834220616,71.8664245754378,24.5659433466443));
#7473=CARTESIAN_POINT('Ctrl Pts',(121.084665622831,71.1918650899664,24.9707087836486));
#7474=CARTESIAN_POINT('Ctrl Pts',(121.865924137627,70.345692333809,25.1409194455769));
#7475=CARTESIAN_POINT('Ctrl Pts',(122.348462246079,69.8604238037381,25.1625037570516));
#7476=CARTESIAN_POINT('Ctrl Pts',(123.023420616483,69.2415514953052,25.0755142408284));
#7477=CARTESIAN_POINT('Ctrl Pts',(123.807568126042,68.6013202592285,24.8312309420034));
#7478=CARTESIAN_POINT('Ctrl Pts',(124.643547337548,67.99717486306,24.4059738312676));
#7479=CARTESIAN_POINT('Ctrl Pts',(125.224179648532,67.6203044455198,23.9738551172136));
#7480=CARTESIAN_POINT('Ctrl Pts',(125.719732258459,67.3129472531133,23.4504698840833));
#7481=CARTESIAN_POINT('Ctrl Pts',(125.922683060495,67.1917999326567,23.1411969165794));
#7482=CARTESIAN_POINT('Ctrl Pts',(126.109379399059,67.0802595945988,22.6675159418697));
#7483=CARTESIAN_POINT('Ctrl Pts',(126.159504479888,67.0504330627796,22.4408150916801));
#7484=CARTESIAN_POINT('Ctrl Pts',(126.159504203035,67.0504326314232,22.2000001490117));
#7485=CARTESIAN_POINT('',(126.159405464029,67.0499998435377,22.2000001490117));
#7486=CARTESIAN_POINT('',(126.129720135729,66.9198845936101,22.2000001490117));
#7487=CARTESIAN_POINT('',(119.83869158112,72.9499998395392,22.200153742551));
#7488=CARTESIAN_POINT('Ctrl Pts',(126.159405464029,67.0499998435376,22.2000001490117));
#7489=CARTESIAN_POINT('Ctrl Pts',(126.159405464029,67.0499998435376,22.058049239945));
#7490=CARTESIAN_POINT('Ctrl Pts',(126.142003802236,67.0602646619558,21.9180175542559));
#7491=CARTESIAN_POINT('Ctrl Pts',(126.07731488044,67.0987774411624,21.6493744067927));
#7492=CARTESIAN_POINT('Ctrl Pts',(126.031565084429,67.1259990056936,21.523176963909));
#7493=CARTESIAN_POINT('Ctrl Pts',(125.938639036852,67.1816201896495,21.3248458040957));
#7494=CARTESIAN_POINT('Ctrl Pts',(125.897449373638,67.2063358117797,21.2492338334633));
#7495=CARTESIAN_POINT('Ctrl Pts',(125.793531217001,67.2688810954265,21.0801607647539));
#7496=CARTESIAN_POINT('Ctrl Pts',(125.728177562631,67.30834385466,20.9889136299809));
#7497=CARTESIAN_POINT('Ctrl Pts',(125.536809274849,67.4250025237895,20.7506941825248));
#7498=CARTESIAN_POINT('Ctrl Pts',(125.34350527361,67.5422013119779,20.5401450368927));
#7499=CARTESIAN_POINT('Ctrl Pts',(124.940436563783,67.8051557379816,20.2261811959892));
#7500=CARTESIAN_POINT('Ctrl Pts',(124.836012712974,67.8748468317059,20.1514810672112));
#7501=CARTESIAN_POINT('Ctrl Pts',(124.572725870727,68.0534515555536,19.9784580845008));
#7502=CARTESIAN_POINT('Ctrl Pts',(124.41152320396,68.1653058676936,19.885577453742));
#7503=CARTESIAN_POINT('Ctrl Pts',(123.934268859631,68.5096122189862,19.6386285198677));
#7504=CARTESIAN_POINT('Ctrl Pts',(123.610370782019,68.760498082866,19.5083551040039));
#7505=CARTESIAN_POINT('Ctrl Pts',(123.107691870032,69.1775695206756,19.362382770949));
#7506=CARTESIAN_POINT('Ctrl Pts',(122.924261302599,69.3355942192585,19.3210677282407));
#7507=CARTESIAN_POINT('Ctrl Pts',(122.613557984662,69.615852082023,19.2726778720678));
#7508=CARTESIAN_POINT('Ctrl Pts',(122.484776490581,69.7360249543078,19.259271863758));
#7509=CARTESIAN_POINT('Ctrl Pts',(122.096369675491,70.10965801391,19.2413455098098));
#7510=CARTESIAN_POINT('Ctrl Pts',(121.839156232991,70.3719468507178,19.2609669221095));
#7511=CARTESIAN_POINT('Ctrl Pts',(121.421105374801,70.828259549516,19.361901299022));
#7512=CARTESIAN_POINT('Ctrl Pts',(121.25270429897,71.0212502097672,19.424494662818));
#7513=CARTESIAN_POINT('Ctrl Pts',(121.022092080573,71.2983369920681,19.549388597149));
#7514=CARTESIAN_POINT('Ctrl Pts',(120.952518803242,71.3837711797227,19.5928682831465));
#7515=CARTESIAN_POINT('Ctrl Pts',(120.761158198008,71.6230466781211,19.7301583920739));
#7516=CARTESIAN_POINT('Ctrl Pts',(120.644966997701,71.773914361146,19.8353355667754));
#7517=CARTESIAN_POINT('Ctrl Pts',(120.438925636489,72.0526514340918,20.0738363397507));
#7518=CARTESIAN_POINT('Ctrl Pts',(120.349221233681,72.1794366307837,20.2033086247661));
#7519=CARTESIAN_POINT('Ctrl Pts',(120.204639935847,72.3870878707069,20.460597498032));
#7520=CARTESIAN_POINT('Ctrl Pts',(120.146550702481,72.4719588696847,20.5829704348364));
#7521=CARTESIAN_POINT('Ctrl Pts',(120.071258781213,72.5848801758944,20.7765512024685));
#7522=CARTESIAN_POINT('Ctrl Pts',(120.048516348267,72.6194978490894,20.8412505763193));
#7523=CARTESIAN_POINT('Ctrl Pts',(119.980254221619,72.7246852445615,21.057109274281));
#7524=CARTESIAN_POINT('Ctrl Pts',(119.942112178212,72.7853708252572,21.2138168841833));
#7525=CARTESIAN_POINT('Ctrl Pts',(119.886174422504,72.8734030643583,21.516228676067));
#7526=CARTESIAN_POINT('Ctrl Pts',(119.866978897809,72.9039424083918,21.6600704273439));
#7527=CARTESIAN_POINT('Ctrl Pts',(119.843813863884,72.9412302829211,21.9372979398772));
#7528=CARTESIAN_POINT('Ctrl Pts',(119.838568283915,72.9500066751955,22.0688328426738));
#7529=CARTESIAN_POINT('Ctrl Pts',(119.838722659424,72.9499998395411,22.2001537055752));
#7530=CARTESIAN_POINT('Ctrl Pts',(119.83869158112,72.9499998395392,22.2001537425509));
#7531=CARTESIAN_POINT('Ctrl Pts',(119.838633106562,72.9499959661642,22.2745478632186));
#7532=CARTESIAN_POINT('Ctrl Pts',(119.84033979714,72.9471822802986,22.3488886715174));
#7533=CARTESIAN_POINT('Ctrl Pts',(119.843850319417,72.9415449087829,22.4231875795081));
#7534=CARTESIAN_POINT('Ctrl Pts',(119.847329717353,72.9359575182839,22.4968277523136));
#7535=CARTESIAN_POINT('Ctrl Pts',(119.852581103186,72.9275961601684,22.5704275095979));
#7536=CARTESIAN_POINT('Ctrl Pts',(119.859642124116,72.9163973481681,22.6439884314982));
#7537=CARTESIAN_POINT('Ctrl Pts',(119.86321759971,72.9107266272631,22.6812373341135));
#7538=CARTESIAN_POINT('Ctrl Pts',(119.867257081361,72.9043275724947,22.7184760581115));
#7539=CARTESIAN_POINT('Ctrl Pts',(119.871765457073,72.8971871720121,22.7557029326356));
#7540=CARTESIAN_POINT('Ctrl Pts',(119.878886015999,72.8859095754572,22.8144993086792));
#7541=CARTESIAN_POINT('Ctrl Pts',(119.88717624317,72.8727774779805,22.8732665086184));
#7542=CARTESIAN_POINT('Ctrl Pts',(119.896620744117,72.8578150995445,22.9317049819428));
#7543=CARTESIAN_POINT('Ctrl Pts',(119.90605098241,72.8428753166093,22.9900552041527));
#7544=CARTESIAN_POINT('Ctrl Pts',(119.916632010851,72.8261108576533,23.0480772088215));
#7545=CARTESIAN_POINT('Ctrl Pts',(119.92834850461,72.8075969027227,23.1054827569371));
#7546=CARTESIAN_POINT('Ctrl Pts',(119.940072474118,72.7890711349007,23.1629249328563));
#7547=CARTESIAN_POINT('Ctrl Pts',(119.952933358383,72.7687938024136,23.2197494026391));
#7548=CARTESIAN_POINT('Ctrl Pts',(119.966915803224,72.7468895819371,23.2756844730938));
#7549=CARTESIAN_POINT('Ctrl Pts',(119.98095338133,72.7248989923616,23.3318400974661));
#7550=CARTESIAN_POINT('Ctrl Pts',(119.996121382153,72.7012688955933,23.3870988612082));
#7551=CARTESIAN_POINT('Ctrl Pts',(120.012404269172,72.6761721964762,23.4412098562599));
#7552=CARTESIAN_POINT('Ctrl Pts',(120.017271757813,72.6686699705039,23.4573854063022));
#7553=CARTESIAN_POINT('Ctrl Pts',(120.022238873583,72.661036989645,23.4734585768056));
#7554=CARTESIAN_POINT('Ctrl Pts',(120.027305201456,72.653278624228,23.4894231641383));
#7555=CARTESIAN_POINT('Ctrl Pts',(120.046502690585,72.6238803816599,23.5499166812235));
#7556=CARTESIAN_POINT('Ctrl Pts',(120.067124694404,72.5926506693659,23.6089068695309));
#7557=CARTESIAN_POINT('Ctrl Pts',(120.088976992424,72.559846278529,23.6661809800357));
#7558=CARTESIAN_POINT('Ctrl Pts',(120.110963422472,72.5268405304055,23.7238066459019));
#7559=CARTESIAN_POINT('Ctrl Pts',(120.134195296461,72.4922411605392,23.7796948159819));
#7560=CARTESIAN_POINT('Ctrl Pts',(120.158474795458,72.4563430523575,23.8336702627387));
#7561=CARTESIAN_POINT('Ctrl Pts',(120.18308615186,72.4199542811274,23.8883834574878));
#7562=CARTESIAN_POINT('Ctrl Pts',(120.208773967315,72.3822315025509,23.9411310394473));
#7563=CARTESIAN_POINT('Ctrl Pts',(120.23533220002,72.3435090296858,23.9917771146074));
#7564=CARTESIAN_POINT('Ctrl Pts',(120.255096484097,72.3146922796273,24.0294672511443));
#7565=CARTESIAN_POINT('Ctrl Pts',(120.275342817322,72.2853224948005,24.0659945248931));
#7566=CARTESIAN_POINT('Ctrl Pts',(120.295986281437,72.2555445551551,24.101320230927));
#7567=CARTESIAN_POINT('Ctrl Pts',(120.330168279019,72.2062374497541,24.1598134756417));
#7568=CARTESIAN_POINT('Ctrl Pts',(120.366606454013,72.1546855977591,24.2163456329907));
#7569=CARTESIAN_POINT('Ctrl Pts',(120.405124861379,72.1011372994738,24.2706815323399));
#7570=CARTESIAN_POINT('Ctrl Pts',(120.443684135392,72.0475321883662,24.3250750801279));
#7571=CARTESIAN_POINT('Ctrl Pts',(120.484328058222,71.9919268137529,24.3772673735737));
#7572=CARTESIAN_POINT('Ctrl Pts',(120.526880124222,71.9346031982572,24.4270632060237));
#7573=CARTESIAN_POINT('Ctrl Pts',(120.569504348715,71.8771823751256,24.4769434807252));
#7574=CARTESIAN_POINT('Ctrl Pts',(120.614043193406,71.818037947007,24.5244189003318));
#7575=CARTESIAN_POINT('Ctrl Pts',(120.660319253185,71.7574797046162,24.569338566778));
#7576=CARTESIAN_POINT('Ctrl Pts',(120.706706039056,71.6967765627338,24.6143657138341));
#7577=CARTESIAN_POINT('Ctrl Pts',(120.754838363331,71.634653334151,24.6568246842011));
#7578=CARTESIAN_POINT('Ctrl Pts',(120.804537544405,71.5714411688086,24.6966122857343));
#7579=CARTESIAN_POINT('Ctrl Pts',(120.854526986494,71.5078598217832,24.7366322611091));
#7580=CARTESIAN_POINT('Ctrl Pts',(120.906101640835,71.4431773008614,24.7739494565897));
#7581=CARTESIAN_POINT('Ctrl Pts',(120.959079676808,71.3777422209033,24.8085104406554));
#7582=CARTESIAN_POINT('Ctrl Pts',(121.012251184984,71.3120681764603,24.8431976390965));
#7583=CARTESIAN_POINT('Ctrl Pts',(121.066836343618,71.245636596104,24.8751084566845));
#7584=CARTESIAN_POINT('Ctrl Pts',(121.122651322705,71.178803668997,24.9042415474601));
#7585=CARTESIAN_POINT('Ctrl Pts',(121.178931805116,71.1114133476159,24.9336176115528));
#7586=CARTESIAN_POINT('Ctrl Pts',(121.236462707211,71.0436154827526,24.9601694780403));
#7587=CARTESIAN_POINT('Ctrl Pts',(121.295055561029,70.9757710488458,24.9839488832544));
#7588=CARTESIAN_POINT('Ctrl Pts',(121.34522192838,70.9176836103218,25.0043084714913));
#7589=CARTESIAN_POINT('Ctrl Pts',(121.396166763757,70.8595621286386,25.0226366519379));
#7590=CARTESIAN_POINT('Ctrl Pts',(121.447771778928,70.8016264994948,25.0389955178806));
#7591=CARTESIAN_POINT('Ctrl Pts',(121.509916773464,70.7318579054023,25.0586955728319));
#7592=CARTESIAN_POINT('Ctrl Pts',(121.573019162033,70.6623997590306,25.0755276994635));
#7593=CARTESIAN_POINT('Ctrl Pts',(121.636596021342,70.5936056539931,25.0896596690579));
#7594=CARTESIAN_POINT('Ctrl Pts',(121.692553451447,70.5330562439389,25.1020979793081));
#7595=CARTESIAN_POINT('Ctrl Pts',(121.748878440347,70.4730210619357,25.1124454618109));
#7596=CARTESIAN_POINT('Ctrl Pts',(121.805241716478,70.4137232892745,25.1208447033226));
#7597=CARTESIAN_POINT('Ctrl Pts',(121.853862140123,70.3625714928234,25.128090106866));
#7598=CARTESIAN_POINT('Ctrl Pts',(121.902511054197,70.3119871090991,25.133888942254));
#7599=CARTESIAN_POINT('Ctrl Pts',(121.951390857936,70.2617924335105,25.1383610253908));
#7600=CARTESIAN_POINT('Ctrl Pts',(122.000738197598,70.2111176452329,25.1428758840578));
#7601=CARTESIAN_POINT('Ctrl Pts',(122.050320864974,70.1608395807085,25.1460384783041));
#7602=CARTESIAN_POINT('Ctrl Pts',(122.100347122882,70.1107624555508,25.1479200332318));
#7603=CARTESIAN_POINT('Ctrl Pts',(122.1506841629,70.0603742322761,25.1498132770931));
#7604=CARTESIAN_POINT('Ctrl Pts',(122.201470322075,70.0101889888292,25.150409518135));
#7605=CARTESIAN_POINT('Ctrl Pts',(122.252917768812,69.9600013315131,25.1497289702825));
#7606=CARTESIAN_POINT('Ctrl Pts',(122.287818766952,69.9259549512603,25.1492672991824));
#7607=CARTESIAN_POINT('Ctrl Pts',(122.323024090629,69.8919073420304,25.1482169675858));
#7608=CARTESIAN_POINT('Ctrl Pts',(122.358599977166,69.8577944735392,25.1465706356527));
#7609=CARTESIAN_POINT('Ctrl Pts',(122.42768559328,69.7915499251512,25.1433735865556));
#7610=CARTESIAN_POINT('Ctrl Pts',(122.498168625348,69.7250699510909,25.1379217092828));
#7611=CARTESIAN_POINT('Ctrl Pts',(122.569773387152,69.6586643682347,25.1301861658543));
#7612=CARTESIAN_POINT('Ctrl Pts',(122.641267866387,69.5923610603962,25.1224625363764));
#7613=CARTESIAN_POINT('Ctrl Pts',(122.713880622738,69.5261324325536,25.1124622642221));
#7614=CARTESIAN_POINT('Ctrl Pts',(122.787337241827,69.4602860706588,25.1002085972728));
#7615=CARTESIAN_POINT('Ctrl Pts',(122.844519259049,69.4090282283213,25.0906697782633));
#7616=CARTESIAN_POINT('Ctrl Pts',(122.902212638779,69.3580020901948,25.0797665077045));
#7617=CARTESIAN_POINT('Ctrl Pts',(122.960287933872,69.3073493758233,25.067531374574));
#7618=CARTESIAN_POINT('Ctrl Pts',(123.065409096351,69.2156637079509,25.0453847558491));
#7619=CARTESIAN_POINT('Ctrl Pts',(123.171781567889,69.1251684641458,25.0188674186321));
#7620=CARTESIAN_POINT('Ctrl Pts',(123.278751295968,69.0362924833938,24.988147943517));
#7621=CARTESIAN_POINT('Ctrl Pts',(123.38597356528,68.947206678327,24.9573559438258));
#7622=CARTESIAN_POINT('Ctrl Pts',(123.493795914548,68.859748170915,24.9223421550708));
#7623=CARTESIAN_POINT('Ctrl Pts',(123.601559647916,68.7743237541117,24.8833223666757));
#7624=CARTESIAN_POINT('Ctrl Pts',(123.66910137125,68.7207833639879,24.8588664233823));
#7625=CARTESIAN_POINT('Ctrl Pts',(123.736620068799,68.6680414934646,24.8328377302406));
#7626=CARTESIAN_POINT('Ctrl Pts',(123.80395356573,68.6161923177733,24.8052979691539));
#7627=CARTESIAN_POINT('Ctrl Pts',(123.900531442819,68.5418239343494,24.7657970998617));
#7628=CARTESIAN_POINT('Ctrl Pts',(123.996728310762,68.4692904523575,24.7231931463112));
#7629=CARTESIAN_POINT('Ctrl Pts',(124.092260512827,68.3986530092212,24.6775368926797));
#7630=CARTESIAN_POINT('Ctrl Pts',(124.186978985608,68.3286172454646,24.6322695323197));
#7631=CARTESIAN_POINT('Ctrl Pts',(124.281044067339,68.2604446126215,24.5840010729174));
#7632=CARTESIAN_POINT('Ctrl Pts',(124.37417928816,68.1942244528255,24.5327400055534));
#7633=CARTESIAN_POINT('Ctrl Pts',(124.461337757748,68.1322538284713,24.4847685062488));
#7634=CARTESIAN_POINT('Ctrl Pts',(124.54768188074,68.0719929141118,24.4341753876229));
#7635=CARTESIAN_POINT('Ctrl Pts',(124.63298507027,68.0135472655272,24.3809417244134));
#7636=CARTESIAN_POINT('Ctrl Pts',(124.685134240143,67.9778171589137,24.3483979079281));
#7637=CARTESIAN_POINT('Ctrl Pts',(124.736894376311,67.942787495482,24.3148914090605));
#7638=CARTESIAN_POINT('Ctrl Pts',(124.788280713034,67.9083302072555,24.2802448780412));
#7639=CARTESIAN_POINT('Ctrl Pts',(124.841550556935,67.8726099266883,24.244328418204));
#7640=CARTESIAN_POINT('Ctrl Pts',(124.89441869681,67.8375040084118,24.2071867641934));
#7641=CARTESIAN_POINT('Ctrl Pts',(124.946902104254,67.8029169951454,24.1685851630004));
#7642=CARTESIAN_POINT('Ctrl Pts',(124.995698681707,67.7707596342979,24.1326952291313));
#7643=CARTESIAN_POINT('Ctrl Pts',(125.044162681193,67.7390509293088,24.0955426978981));
#7644=CARTESIAN_POINT('Ctrl Pts',(125.092307743036,67.707757443521,24.0569128501277));
#7645=CARTESIAN_POINT('Ctrl Pts',(125.139578601928,67.677032175045,24.0189844310318));
#7646=CARTESIAN_POINT('Ctrl Pts',(125.186542000362,67.6467068761119,23.9796315668845));
#7647=CARTESIAN_POINT('Ctrl Pts',(125.233210849042,67.6167953090456,23.9386306867558));
#7648=CARTESIAN_POINT('Ctrl Pts',(125.278524653885,67.5877522331835,23.8988202793188));
#7649=CARTESIAN_POINT('Ctrl Pts',(125.323560765333,67.5590989905957,23.8574558398152));
#7650=CARTESIAN_POINT('Ctrl Pts',(125.368331001827,67.5308951073316,23.8143179001515));
#7651=CARTESIAN_POINT('Ctrl Pts',(125.3820198208,67.5222715689594,23.8011281675708));
#7652=CARTESIAN_POINT('Ctrl Pts',(125.39568378381,67.5136903927755,23.7877725468984));
#7653=CARTESIAN_POINT('Ctrl Pts',(125.409323228679,67.5051542455371,23.7742445525708));
#7654=CARTESIAN_POINT('Ctrl Pts',(125.450333704295,67.4794881380423,23.7335691814808));
#7655=CARTESIAN_POINT('Ctrl Pts',(125.491122521738,67.4542309437615,23.6913301165628));
#7656=CARTESIAN_POINT('Ctrl Pts',(125.531042250079,67.4296717933439,23.6477272346142));
#7657=CARTESIAN_POINT('Ctrl Pts',(125.551925983653,67.4168238413308,23.6249166843557));
#7658=CARTESIAN_POINT('Ctrl Pts',(125.572571865976,67.4041663729221,23.6017335143706));
#7659=CARTESIAN_POINT('Ctrl Pts',(125.592887202299,67.3917367090456,23.578210372907));
#7660=CARTESIAN_POINT('Ctrl Pts',(125.637248622662,67.3645947737393,23.5268442547121));
#7661=CARTESIAN_POINT('Ctrl Pts',(125.680033903137,67.3385401928591,23.4738722426264));
#7662=CARTESIAN_POINT('Ctrl Pts',(125.720914321472,67.3136844212109,23.4191020527792));
#7663=CARTESIAN_POINT('Ctrl Pts',(125.759106891685,67.2904628926028,23.3679329501494));
#7664=CARTESIAN_POINT('Ctrl Pts',(125.795636850862,67.2682879337932,23.3151939000648));
#7665=CARTESIAN_POINT('Ctrl Pts',(125.830236146562,67.2472999000022,23.2607277393289));
#7666=CARTESIAN_POINT('Ctrl Pts',(125.864112509006,67.2267503996355,23.2073996190691));
#7667=CARTESIAN_POINT('Ctrl Pts',(125.896138045389,67.2073386036513,23.1524153668466));
#7668=CARTESIAN_POINT('Ctrl Pts',(125.926061157065,67.1892453331368,23.0956334904308));
#7669=CARTESIAN_POINT('Ctrl Pts',(125.955065949926,67.1717073321053,23.0405942090382));
#7670=CARTESIAN_POINT('Ctrl Pts',(125.982095381757,67.1554081517911,22.9838655150353));
#7671=CARTESIAN_POINT('Ctrl Pts',(126.006920314437,67.1405600773144,22.9253305725714));
#7672=CARTESIAN_POINT('Ctrl Pts',(126.014321974435,67.1361330603182,22.9078781287834));
#7673=CARTESIAN_POINT('Ctrl Pts',(126.021527663329,67.1318353714896,22.8902652242818));
#7674=CARTESIAN_POINT('Ctrl Pts',(126.028531307878,67.1276734953537,22.8724890705029));
#7675=CARTESIAN_POINT('Ctrl Pts',(126.054032129878,67.1125197762022,22.8077646930435));
#7676=CARTESIAN_POINT('Ctrl Pts',(126.076479289218,67.0991759629962,22.7409063058273));
#7677=CARTESIAN_POINT('Ctrl Pts',(126.095258094346,67.0880209388388,22.6721006241109));
#7678=CARTESIAN_POINT('Ctrl Pts',(126.113797806718,67.0770079410483,22.6041709800311));
#7679=CARTESIAN_POINT('Ctrl Pts',(126.128761981586,67.0681288593597,22.5343433443471));
#7680=CARTESIAN_POINT('Ctrl Pts',(126.139559108591,67.0617329584879,22.4628455640748));
#7681=CARTESIAN_POINT('Ctrl Pts',(126.150190456008,67.0554352605745,22.3924455640351));
#7682=CARTESIAN_POINT('Ctrl Pts',(126.156781735286,67.051545541044,22.3204264603892));
#7683=CARTESIAN_POINT('Ctrl Pts',(126.1587682661,67.0503750910694,22.2470513936981));
#7684=CARTESIAN_POINT('Ctrl Pts',(126.159191247699,67.0501258732887,22.2314280251846));
#7685=CARTESIAN_POINT('Ctrl Pts',(126.159405464029,67.0499998435376,22.2157433432344));
#7686=CARTESIAN_POINT('Ctrl Pts',(126.159405464029,67.0499998435376,22.2000001490117));
#7687=CARTESIAN_POINT('Origin',(127.5,69.9999998435377,22.2000001490117));
#7688=CARTESIAN_POINT('',(127.5,72.9499998435377,22.2000001490117));
#7689=CARTESIAN_POINT('Origin',(127.5,69.9999998435377,22.2000001490117));
#7690=CARTESIAN_POINT('',(127.5,72.9499998435377,22.2000001490117));
#7691=CARTESIAN_POINT('Ctrl Pts',(119.38975451546,142.789007693811,22.1999998509885));
#7692=CARTESIAN_POINT('Ctrl Pts',(119.38975438139,142.789006925913,21.7360112530182));
#7693=CARTESIAN_POINT('Ctrl Pts',(119.477173021476,142.950454362168,20.9986427999001));
#7694=CARTESIAN_POINT('Ctrl Pts',(119.773775681597,143.445256720755,20.2027142849645));
#7695=CARTESIAN_POINT('Ctrl Pts',(120.050275594349,143.871747567753,19.7476006589591));
#7696=CARTESIAN_POINT('Ctrl Pts',(120.627669885903,144.701266476318,19.1395246861185));
#7697=CARTESIAN_POINT('Ctrl Pts',(121.331157893705,145.541792352432,18.9390184126005));
#7698=CARTESIAN_POINT('Ctrl Pts',(121.943803654197,146.159558505712,18.9499159453915));
#7699=CARTESIAN_POINT('Ctrl Pts',(122.265105879554,146.471062178861,18.9774784810726));
#7700=CARTESIAN_POINT('Ctrl Pts',(122.852904968346,147.003135055619,19.0873052748355));
#7701=CARTESIAN_POINT('Ctrl Pts',(123.743956913378,147.703742834908,19.4119743979509));
#7702=CARTESIAN_POINT('Ctrl Pts',(124.51538319941,148.205622049651,19.8634010264362));
#7703=CARTESIAN_POINT('Ctrl Pts',(125.146242313445,148.578357767629,20.3501979832664));
#7704=CARTESIAN_POINT('Ctrl Pts',(125.469797235944,148.752959855853,20.6627927166999));
#7705=CARTESIAN_POINT('Ctrl Pts',(125.70318105397,148.872150379969,20.9780522501311));
#7706=CARTESIAN_POINT('Ctrl Pts',(125.828337161085,148.935562704707,21.1564355276246));
#7707=CARTESIAN_POINT('Ctrl Pts',(125.934006004264,148.987114938577,21.3530516030922));
#7708=CARTESIAN_POINT('Ctrl Pts',(126.089491285296,149.061861822291,21.7452974689448));
#7709=CARTESIAN_POINT('Ctrl Pts',(126.1583300752,149.093853606183,22.1128266659048));
#7710=CARTESIAN_POINT('Ctrl Pts',(126.099258035326,149.066237279789,22.562408879618));
#7711=CARTESIAN_POINT('Ctrl Pts',(126.029923901935,149.033354450776,22.8113308151294));
#7712=CARTESIAN_POINT('Ctrl Pts',(125.899026991431,148.970337288807,23.1243344314297));
#7713=CARTESIAN_POINT('Ctrl Pts',(125.767208387765,148.904946665657,23.3340725887711));
#7714=CARTESIAN_POINT('Ctrl Pts',(125.469416377597,148.752864223483,23.7365150012237));
#7715=CARTESIAN_POINT('Ctrl Pts',(125.145928531526,148.578269924692,24.0492786468766));
#7716=CARTESIAN_POINT('Ctrl Pts',(124.515111155987,148.20554994199,24.536124135069));
#7717=CARTESIAN_POINT('Ctrl Pts',(123.74382005212,147.703704939286,24.9877949798459));
#7718=CARTESIAN_POINT('Ctrl Pts',(122.852807888422,147.003109028227,25.3125266220721));
#7719=CARTESIAN_POINT('Ctrl Pts',(122.265029602364,146.471041448129,25.4223908293519));
#7720=CARTESIAN_POINT('Ctrl Pts',(121.9437309521,146.159538806681,25.4499591659608));
#7721=CARTESIAN_POINT('Ctrl Pts',(121.331094926923,145.541775258902,25.4608735492966));
#7722=CARTESIAN_POINT('Ctrl Pts',(120.627651305641,144.701261442995,25.2604431691237));
#7723=CARTESIAN_POINT('Ctrl Pts',(120.050252644182,143.871741341336,24.6523597540094));
#7724=CARTESIAN_POINT('Ctrl Pts',(119.773762129037,143.445253045545,24.1972622077437));
#7725=CARTESIAN_POINT('Ctrl Pts',(119.477160940537,142.950451084726,23.4013362196946));
#7726=CARTESIAN_POINT('Ctrl Pts',(119.389754381384,142.789006925914,22.6639884489773));
#7727=CARTESIAN_POINT('Ctrl Pts',(119.38975451546,142.789007693811,22.1999998509885));
#7728=CARTESIAN_POINT('Ctrl Pts',(119.539374721732,142.876005181362,22.1999998509885));
#7729=CARTESIAN_POINT('Ctrl Pts',(119.539418287433,142.876254708171,21.7606088530837));
#7730=CARTESIAN_POINT('Ctrl Pts',(119.623001935522,143.025396161425,21.0620551755813));
#7731=CARTESIAN_POINT('Ctrl Pts',(119.907342725166,143.487067983177,20.3006165928861));
#7732=CARTESIAN_POINT('Ctrl Pts',(120.173082674073,143.887647322435,19.8609023114637));
#7733=CARTESIAN_POINT('Ctrl Pts',(120.729495796059,144.672060579284,19.2649463473416));
#7734=CARTESIAN_POINT('Ctrl Pts',(121.412723553322,145.481697183881,19.0520583378728));
#7735=CARTESIAN_POINT('Ctrl Pts',(122.011743817499,146.085909825524,19.0489487662731));
#7736=CARTESIAN_POINT('Ctrl Pts',(122.326216997709,146.391305267906,19.0688033870733));
#7737=CARTESIAN_POINT('Ctrl Pts',(122.902793350978,146.916341820527,19.1638874048421));
#7738=CARTESIAN_POINT('Ctrl Pts',(123.779942613698,147.61593214274,19.4660920374063));
#7739=CARTESIAN_POINT('Ctrl Pts',(124.541943533248,148.125714825318,19.8997071433014));
#7740=CARTESIAN_POINT('Ctrl Pts',(125.165845359909,148.508463962274,20.3728671803508));
#7741=CARTESIAN_POINT('Ctrl Pts',(125.48610133856,148.690030115134,20.6787650372047));
#7742=CARTESIAN_POINT('Ctrl Pts',(125.717211207197,148.815381968321,20.9893329338701));
#7743=CARTESIAN_POINT('Ctrl Pts',(125.841137173862,148.882200771477,21.1651499311059));
#7744=CARTESIAN_POINT('Ctrl Pts',(125.945794707451,148.9370015854,21.359574500372));
#7745=CARTESIAN_POINT('Ctrl Pts',(126.099781558059,149.016909449314,21.7481842444295));
#7746=CARTESIAN_POINT('Ctrl Pts',(126.167960373281,149.051510953006,22.1134340048964));
#7747=CARTESIAN_POINT('Ctrl Pts',(126.109454629707,149.021703140094,22.5600453249829));
#7748=CARTESIAN_POINT('Ctrl Pts',(126.040784962228,148.9864178536,22.807016908557));
#7749=CARTESIAN_POINT('Ctrl Pts',(125.911141368976,148.919106579264,23.1170657067796));
#7750=CARTESIAN_POINT('Ctrl Pts',(125.780606740645,148.849881456329,23.3240989645263));
#7751=CARTESIAN_POINT('Ctrl Pts',(125.485723296392,148.689934476559,23.7205340350915));
#7752=CARTESIAN_POINT('Ctrl Pts',(125.165530507322,148.508376354769,24.0266126413901));
#7753=CARTESIAN_POINT('Ctrl Pts',(124.541672098564,148.125642792554,24.4998161346255));
#7754=CARTESIAN_POINT('Ctrl Pts',(123.779805302851,147.615894350223,24.9336786779059));
#7755=CARTESIAN_POINT('Ctrl Pts',(122.902696462588,146.916315821876,25.2359438975923));
#7756=CARTESIAN_POINT('Ctrl Pts',(122.326140640054,146.391284579895,25.3310661545604));
#7757=CARTESIAN_POINT('Ctrl Pts',(122.011671137675,146.085890158561,25.3509262661884));
#7758=CARTESIAN_POINT('Ctrl Pts',(121.41266054379,145.48168012355,25.3478337433068));
#7759=CARTESIAN_POINT('Ctrl Pts',(120.729477233727,144.672055553084,25.1350214507268));
#7760=CARTESIAN_POINT('Ctrl Pts',(120.173059715356,143.887641107503,24.5390581237163));
#7761=CARTESIAN_POINT('Ctrl Pts',(119.907329175649,143.487064314041,24.0993598884654));
#7762=CARTESIAN_POINT('Ctrl Pts',(119.622989850409,143.02539289,23.3379238547199));
#7763=CARTESIAN_POINT('Ctrl Pts',(119.539418289411,142.876254707997,22.6393908429091));
#7764=CARTESIAN_POINT('Ctrl Pts',(119.539374721732,142.876005181362,22.1999998509885));
#7765=CARTESIAN_POINT('Ctrl Pts',(119.688994928004,142.963002668912,22.1999998509885));
#7766=CARTESIAN_POINT('Ctrl Pts',(119.688951496098,142.962753908428,21.7849239572461));
#7767=CARTESIAN_POINT('Ctrl Pts',(119.768880381489,143.10050092631,21.1254730973887));
#7768=CARTESIAN_POINT('Ctrl Pts',(120.04090348839,143.528887185634,20.3985330286671));
#7769=CARTESIAN_POINT('Ctrl Pts',(120.29592245369,143.903670956456,19.9740935889337));
#7770=CARTESIAN_POINT('Ctrl Pts',(120.831386399917,144.643199383168,19.3903205113923));
#7771=CARTESIAN_POINT('Ctrl Pts',(121.494414498266,145.42206857446,19.1650772386576));
#7772=CARTESIAN_POINT('Ctrl Pts',(122.07955643942,146.011731136005,19.1479984822896));
#7773=CARTESIAN_POINT('Ctrl Pts',(122.387288818761,146.311359435242,19.1601347614444));
#7774=CARTESIAN_POINT('Ctrl Pts',(122.952614805827,146.82924899501,19.2405014689539));
#7775=CARTESIAN_POINT('Ctrl Pts',(123.815889745434,147.527992051971,19.5202033022205));
#7776=CARTESIAN_POINT('Ctrl Pts',(124.568507163224,148.0456791303,19.9361335802121));
#7777=CARTESIAN_POINT('Ctrl Pts',(125.185405659415,148.438584695813,20.3955006669849));
#7778=CARTESIAN_POINT('Ctrl Pts',(125.502422239277,148.627084775132,20.6948760528421));
#7779=CARTESIAN_POINT('Ctrl Pts',(125.731199226449,148.758606516138,21.0005899904492));
#7780=CARTESIAN_POINT('Ctrl Pts',(125.853910896736,148.828806149357,21.1738769536294));
#7781=CARTESIAN_POINT('Ctrl Pts',(125.95754200232,148.886911228571,21.3660838646501));
#7782=CARTESIAN_POINT('Ctrl Pts',(126.110048284719,148.971882825166,21.7510842717947));
#7783=CARTESIAN_POINT('Ctrl Pts',(126.177574232739,149.009026371845,22.1140300721217));
#7784=CARTESIAN_POINT('Ctrl Pts',(126.119630871863,148.977075492849,22.5576836099402));
#7785=CARTESIAN_POINT('Ctrl Pts',(126.051624259303,148.939359289085,22.8027116719438));
#7786=CARTESIAN_POINT('Ctrl Pts',(125.923243059934,148.867780829327,23.1097760851776));
#7787=CARTESIAN_POINT('Ctrl Pts',(125.793968595743,148.794702693791,23.3141705100804));
#7788=CARTESIAN_POINT('Ctrl Pts',(125.502046405644,148.626901098105,23.704443109967));
#7789=CARTESIAN_POINT('Ctrl Pts',(125.185100106331,148.438425142996,24.0039762912246));
#7790=CARTESIAN_POINT('Ctrl Pts',(124.568240404863,148.045544502191,24.4633959731341));
#7791=CARTESIAN_POINT('Ctrl Pts',(123.815756422356,147.527922829033,24.8795662209929));
#7792=CARTESIAN_POINT('Ctrl Pts',(122.952519661167,146.829200689803,25.1593319547375));
#7793=CARTESIAN_POINT('Ctrl Pts',(122.387214313574,146.311321213493,25.2397350913802));
#7794=CARTESIAN_POINT('Ctrl Pts',(122.07948532338,146.011694767313,25.2518774351394));
#7795=CARTESIAN_POINT('Ctrl Pts',(121.494352969232,145.422037041847,25.234815239483));
#7796=CARTESIAN_POINT('Ctrl Pts',(120.831368212785,144.64319009057,25.0096475863936));
#7797=CARTESIAN_POINT('Ctrl Pts',(120.295900020277,143.903659467436,24.4258670327906));
#7798=CARTESIAN_POINT('Ctrl Pts',(120.040890232835,143.528880403262,24.001443611364));
#7799=CARTESIAN_POINT('Ctrl Pts',(119.768868572236,143.100494878653,23.2745060330546));
#7800=CARTESIAN_POINT('Ctrl Pts',(119.688951494126,142.9627539086,22.6150757506966));
#7801=CARTESIAN_POINT('Ctrl Pts',(119.688994928004,142.963002668912,22.1999998509885));
#7802=CARTESIAN_POINT('Ctrl Pts',(119.838615134276,143.050000156462,22.1999998509885));
#7803=CARTESIAN_POINT('Ctrl Pts',(119.838615134276,143.050000156462,21.809520978335));
#7804=CARTESIAN_POINT('Ctrl Pts',(119.914709397052,143.175443059567,21.1888854844368));
#7805=CARTESIAN_POINT('Ctrl Pts',(120.174470519087,143.570698464329,20.4964353655439));
#7806=CARTESIAN_POINT('Ctrl Pts',(120.418729600433,143.919570965031,20.0873950152242));
#7807=CARTESIAN_POINT('Ctrl Pts',(120.933212442663,144.6139941926,19.5157420752698));
#7808=CARTESIAN_POINT('Ctrl Pts',(121.575980414656,145.361974362123,19.2781171208402));
#7809=CARTESIAN_POINT('Ctrl Pts',(122.147496341325,145.93808136956,19.247031337798));
#7810=CARTESIAN_POINT('Ctrl Pts',(122.448399856376,146.231602137091,19.251459680702));
#7811=CARTESIAN_POINT('Ctrl Pts',(123.00250305129,146.742455145907,19.3170836644096));
#7812=CARTESIAN_POINT('Ctrl Pts',(123.851875366708,147.4401810946,19.5743209286111));
#7813=CARTESIAN_POINT('Ctrl Pts',(124.595067503818,147.965771642667,19.9724399436739));
#7814=CARTESIAN_POINT('Ctrl Pts',(125.205008618268,148.368690920256,20.4181697908804));
#7815=CARTESIAN_POINT('Ctrl Pts',(125.518726376321,148.564155002442,20.7108486576034));
#7816=CARTESIAN_POINT('Ctrl Pts',(125.745229293323,148.701838090061,21.0118706257644));
#7817=CARTESIAN_POINT('Ctrl Pts',(125.866710855632,148.775444149131,21.1825913829734));
#7818=CARTESIAN_POINT('Ctrl Pts',(125.969330620641,148.836797922525,21.372606734194));
#7819=CARTESIAN_POINT('Ctrl Pts',(126.120338509223,148.92693030001,21.7539710744391));
#7820=CARTESIAN_POINT('Ctrl Pts',(126.187204497129,148.966683427787,22.1146373880118));
#7821=CARTESIAN_POINT('Ctrl Pts',(126.129827424532,148.93254116151,22.5553200590754));
#7822=CARTESIAN_POINT('Ctrl Pts',(126.062485274993,148.892422441936,22.7983977831406));
#7823=CARTESIAN_POINT('Ctrl Pts',(125.935357411477,148.816549924999,23.1025073176991));
#7824=CARTESIAN_POINT('Ctrl Pts',(125.807366873821,148.739637251735,23.3041969784113));
#7825=CARTESIAN_POINT('Ctrl Pts',(125.518353357621,148.563971138788,23.6884619184734));
#7826=CARTESIAN_POINT('Ctrl Pts',(125.204702015771,148.368531454936,23.9813103465169));
#7827=CARTESIAN_POINT('Ctrl Pts',(124.594801362532,147.965636961011,24.4270877428161));
#7828=CARTESIAN_POINT('Ctrl Pts',(123.851741603135,147.440111910138,24.8254499269334));
#7829=CARTESIAN_POINT('Ctrl Pts',(123.002408101346,146.742406823664,25.0827491703746));
#7830=CARTESIAN_POINT('Ctrl Pts',(122.448325274686,146.23156392204,25.1484104034957));
#7831=CARTESIAN_POINT('Ctrl Pts',(122.147425250718,145.938044998641,25.1528445027158));
#7832=CARTESIAN_POINT('Ctrl Pts',(121.575918845993,145.361942832981,25.1217754771521));
#7833=CARTESIAN_POINT('Ctrl Pts',(120.933194274194,144.613984898367,24.8842259660738));
#7834=CARTESIAN_POINT('Ctrl Pts',(120.418707159564,143.919559476662,24.3125656290485));
#7835=CARTESIAN_POINT('Ctrl Pts',(120.174457267172,143.570691681638,23.9035412634792));
#7836=CARTESIAN_POINT('Ctrl Pts',(119.914697584198,143.175437012224,23.2110936568964));
#7837=CARTESIAN_POINT('Ctrl Pts',(119.838615134276,143.050000156462,22.590478723642));
#7838=CARTESIAN_POINT('Ctrl Pts',(119.838615134276,143.050000156462,22.1999998509885));
#7839=CARTESIAN_POINT('',(119.838615134276,143.050000156462,22.1999998509885));
#7840=CARTESIAN_POINT('',(119.390214958309,142.789275420825,22.1999998509885));
#7841=CARTESIAN_POINT('Ctrl Pts',(119.838615134276,143.050000156462,22.1999998509885));
#7842=CARTESIAN_POINT('Ctrl Pts',(119.838615134276,143.050000156462,21.809520978335));
#7843=CARTESIAN_POINT('Ctrl Pts',(119.914709397052,143.175443059567,21.1888854844368));
#7844=CARTESIAN_POINT('Ctrl Pts',(120.174470519087,143.570698464329,20.4964353655439));
#7845=CARTESIAN_POINT('Ctrl Pts',(120.418729600433,143.919570965031,20.0873950152242));
#7846=CARTESIAN_POINT('Ctrl Pts',(120.933212442663,144.6139941926,19.5157420752698));
#7847=CARTESIAN_POINT('Ctrl Pts',(121.575980414656,145.361974362123,19.2781171208402));
#7848=CARTESIAN_POINT('Ctrl Pts',(122.147496341325,145.93808136956,19.247031337798));
#7849=CARTESIAN_POINT('Ctrl Pts',(122.448399856376,146.231602137091,19.251459680702));
#7850=CARTESIAN_POINT('Ctrl Pts',(123.00250305129,146.742455145907,19.3170836644096));
#7851=CARTESIAN_POINT('Ctrl Pts',(123.851875366708,147.4401810946,19.5743209286111));
#7852=CARTESIAN_POINT('Ctrl Pts',(124.595067503818,147.965771642667,19.9724399436739));
#7853=CARTESIAN_POINT('Ctrl Pts',(125.205008618268,148.368690920256,20.4181697908804));
#7854=CARTESIAN_POINT('Ctrl Pts',(125.518726376321,148.564155002442,20.7108486576034));
#7855=CARTESIAN_POINT('Ctrl Pts',(125.745229293323,148.701838090061,21.0118706257644));
#7856=CARTESIAN_POINT('Ctrl Pts',(125.866710855632,148.775444149131,21.1825913829734));
#7857=CARTESIAN_POINT('Ctrl Pts',(125.969330620641,148.836797922525,21.372606734194));
#7858=CARTESIAN_POINT('Ctrl Pts',(126.120338509223,148.92693030001,21.7539710744391));
#7859=CARTESIAN_POINT('Ctrl Pts',(126.187204497129,148.966683427787,22.1146373880118));
#7860=CARTESIAN_POINT('Ctrl Pts',(126.129827424532,148.93254116151,22.5553200590754));
#7861=CARTESIAN_POINT('Ctrl Pts',(126.062485274993,148.892422441936,22.7983977831406));
#7862=CARTESIAN_POINT('Ctrl Pts',(125.935357411477,148.816549924999,23.1025073176991));
#7863=CARTESIAN_POINT('Ctrl Pts',(125.807366873821,148.739637251735,23.3041969784113));
#7864=CARTESIAN_POINT('Ctrl Pts',(125.518353357621,148.563971138788,23.6884619184734));
#7865=CARTESIAN_POINT('Ctrl Pts',(125.204702015771,148.368531454936,23.9813103465169));
#7866=CARTESIAN_POINT('Ctrl Pts',(124.594801362532,147.965636961011,24.4270877428161));
#7867=CARTESIAN_POINT('Ctrl Pts',(123.851741603135,147.440111910138,24.8254499269334));
#7868=CARTESIAN_POINT('Ctrl Pts',(123.002408101346,146.742406823664,25.0827491703746));
#7869=CARTESIAN_POINT('Ctrl Pts',(122.448325274686,146.23156392204,25.1484104034957));
#7870=CARTESIAN_POINT('Ctrl Pts',(122.147425250718,145.938044998641,25.1528445027158));
#7871=CARTESIAN_POINT('Ctrl Pts',(121.575918845993,145.361942832981,25.1217754771521));
#7872=CARTESIAN_POINT('Ctrl Pts',(120.933194274194,144.613984898367,24.8842259660738));
#7873=CARTESIAN_POINT('Ctrl Pts',(120.418707159564,143.919559476662,24.3125656290485));
#7874=CARTESIAN_POINT('Ctrl Pts',(120.174457267172,143.570691681638,23.9035412634792));
#7875=CARTESIAN_POINT('Ctrl Pts',(119.914697584198,143.175437012224,23.2110936568964));
#7876=CARTESIAN_POINT('Ctrl Pts',(119.838615134276,143.050000156462,22.590478723642));
#7877=CARTESIAN_POINT('Ctrl Pts',(119.838615134276,143.050000156462,22.1999998509885));
#7878=CARTESIAN_POINT('Origin',(127.5,146.000000156462,22.1999998509885));
#7879=CARTESIAN_POINT('',(127.5,143.050000156462,22.1999998509885));
#7880=CARTESIAN_POINT('Origin',(127.5,146.000000156462,22.1999998509885));
#7881=CARTESIAN_POINT('',(127.5,143.050000156462,22.1999998509885));
#7882=CARTESIAN_POINT('Origin',(132.5,135.5,12.4000000000001));
#7883=CARTESIAN_POINT('',(133.,141.979473661428,12.2012632820569));
#7884=CARTESIAN_POINT('',(133.,141.980740698408,12.2000000000001));
#7885=CARTESIAN_POINT('',(133.,141.979473661428,12.2012632820569));
#7886=CARTESIAN_POINT('',(132.5,129.,12.2000000000001));
#7887=CARTESIAN_POINT('Origin',(132.5,135.5,12.2000000000001));
#7888=CARTESIAN_POINT('',(132.5,129.2,12.4000000000001));
#7889=CARTESIAN_POINT('Ctrl Pts',(133.397364700613,141.533633780243,12.6000000000001));
#7890=CARTESIAN_POINT('Ctrl Pts',(133.204970436919,141.749498540081,12.4147867071955));
#7891=CARTESIAN_POINT('Ctrl Pts',(133.,141.979473661428,12.2012632820569));
#7892=CARTESIAN_POINT('Origin',(132.5,135.495832175282,12.2000000000001));
#7893=CARTESIAN_POINT('',(133.,150.091435844357,12.2000000000001));
#7894=CARTESIAN_POINT('',(133.,150.491664350565,12.2000000000001));
#7895=CARTESIAN_POINT('',(132.5,120.9,12.2000000000001));
#7896=CARTESIAN_POINT('Origin',(132.5,135.5,12.2000000000001));
#7897=CARTESIAN_POINT('',(132.5,127.997916087641,12.2000000000001));
#7898=CARTESIAN_POINT('Origin',(133.,141.579473661428,32.2000000000001));
#7899=CARTESIAN_POINT('',(133.,141.979473661428,31.8000000000001));
#7900=CARTESIAN_POINT('',(133.,141.979473661428,7.25000000000008));
#7901=CARTESIAN_POINT('',(133.,150.091664350565,31.8000000000001));
#7902=CARTESIAN_POINT('',(133.,138.537652918355,31.8000000000001));
#7903=CARTESIAN_POINT('',(133.,150.091664350565,12.2002283721711));
#7904=CARTESIAN_POINT('',(133.,150.091664350565,12.0000000000001));
#7905=CARTESIAN_POINT('',(133.,150.091435844357,12.2000000000001));
#7906=CARTESIAN_POINT('',(133.,144.387341687019,22.1804070659966));
#7907=CARTESIAN_POINT('Origin',(133.,146.037341687019,22.1804070659966));
#7908=CARTESIAN_POINT('Origin',(133.198682350306,141.756553720836,7.25000000000008));
#7909=CARTESIAN_POINT('',(133.397364700613,141.533633780243,31.8000000000001));
#7910=CARTESIAN_POINT('Origin',(132.5,80.4999999999999,12.4000000000001));
#7911=CARTESIAN_POINT('',(132.499671153962,86.9999999355292,12.1999999697643));
#7912=CARTESIAN_POINT('',(132.500000000042,86.799999985552,12.3999999133229));
#7913=CARTESIAN_POINT('',(132.500000000362,86.7999997798911,12.4000000000001));
#7914=CARTESIAN_POINT('',(133.,74.0192593015921,12.2000000000001));
#7915=CARTESIAN_POINT('Origin',(132.5,80.4999999999999,12.2000000000001));
#7916=CARTESIAN_POINT('',(133.,74.0205263385717,12.2012632820569));
#7917=CARTESIAN_POINT('',(133.,74.0192593015921,12.2000000000001));
#7918=CARTESIAN_POINT('',(133.397364700613,74.4663662197565,12.6000000000001));
#7919=CARTESIAN_POINT('Ctrl Pts',(133.,74.0205263385717,12.2012632820569));
#7920=CARTESIAN_POINT('Ctrl Pts',(133.204970436965,74.2505014599704,12.414786707244));
#7921=CARTESIAN_POINT('Ctrl Pts',(133.397364700613,74.4663662197565,12.6000000000001));
#7922=CARTESIAN_POINT('',(132.5,86.5999999999999,12.6000000000001));
#7923=CARTESIAN_POINT('Origin',(132.5,80.4999999999999,12.6000000000001));
#7924=CARTESIAN_POINT('',(132.5,86.7999999999999,12.4000000000001));
#7925=CARTESIAN_POINT('Origin',(133.,74.4205263385716,12.2000000000001));
#7926=CARTESIAN_POINT('',(133.,65.9085641556424,12.2000000000001));
#7927=CARTESIAN_POINT('',(133.,65.508335649435,12.2000000000001));
#7928=CARTESIAN_POINT('',(133.,65.908335649435,12.2002283721711));
#7929=CARTESIAN_POINT('',(133.,65.908335649435,12.2002283721711));
#7930=CARTESIAN_POINT('',(133.,65.908335649435,31.8000000000001));
#7931=CARTESIAN_POINT('',(133.,65.908335649435,12.0000000000001));
#7932=CARTESIAN_POINT('',(133.,74.0205263385717,31.8000000000001));
#7933=CARTESIAN_POINT('',(133.,77.4623470816445,31.8000000000001));
#7934=CARTESIAN_POINT('',(133.,74.0205263385717,7.2500000000001));
#7935=CARTESIAN_POINT('',(133.,71.6126583129807,22.2195929340036));
#7936=CARTESIAN_POINT('Origin',(133.,69.9626583129807,22.2195929340036));
#7937=CARTESIAN_POINT('Origin',(132.5,80.5041678247174,12.2000000000001));
#7938=CARTESIAN_POINT('',(132.48635289381,95.0999936217962,12.2000000000001));
#7939=CARTESIAN_POINT('',(132.505175886987,83.6520924227121,12.2000000000001));
#7940=CARTESIAN_POINT('Origin',(132.5,80.4999999999999,12.2000000000001));
#7941=CARTESIAN_POINT('Origin',(132.5,80.4999999999999,12.4000000000001));
#7942=CARTESIAN_POINT('',(132.486024047989,95.2999934004446,12.4000000000014));
#7943=CARTESIAN_POINT('Ctrl Pts',(133.399564400861,65.5269981670773,12.6000000000001));
#7944=CARTESIAN_POINT('Ctrl Pts',(133.197084003147,65.7202420219466,12.3949610166125));
#7945=CARTESIAN_POINT('Ctrl Pts',(132.99999999998,65.9083356494537,12.2002283721517));
#7946=CARTESIAN_POINT('Origin',(133.19978220043,65.7176669082561,12.0000000000001));
#7947=CARTESIAN_POINT('',(133.399564400861,65.5269981670773,31.8000000000001));
#7948=CARTESIAN_POINT('Origin',(132.5,135.5,12.4000000000001));
#7949=CARTESIAN_POINT('Ctrl Pts',(133.000000000002,150.091664350567,12.2002283721731));
#7950=CARTESIAN_POINT('Ctrl Pts',(133.197084003158,150.279757978064,12.3949610166238));
#7951=CARTESIAN_POINT('Ctrl Pts',(133.399564400861,150.473001832923,12.6000000000003));
#7952=CARTESIAN_POINT('',(132.5,120.7,12.4000000000001));
#7953=CARTESIAN_POINT('Origin',(133.19978220043,150.282333091744,12.0000000000001));
#7954=CARTESIAN_POINT('',(133.,150.091664350565,31.8000000000001));
#7955=CARTESIAN_POINT('Origin',(132.,74.0205263385717,31.8000000000001));
#7956=CARTESIAN_POINT('',(132.,74.0205263385717,31.8000000000001));
#7957=CARTESIAN_POINT('',(131.6,74.0626092242275,32.2000000000001));
#7958=CARTESIAN_POINT('',(132.,74.0205263385717,31.8000000000001));
#7959=CARTESIAN_POINT('',(131.602635299387,74.4663662197565,31.8000000000001));
#7960=CARTESIAN_POINT('',(131.602635299387,74.4663662197565,31.8000000000001));
#7961=CARTESIAN_POINT('Ctrl Pts',(131.602635299387,74.466366219756,31.8000000000007));
#7962=CARTESIAN_POINT('Ctrl Pts',(131.601490406005,74.2718041036224,31.9926137611755));
#7963=CARTESIAN_POINT('Ctrl Pts',(131.6,74.0626092242275,32.2000000000001));
#7964=CARTESIAN_POINT('Origin',(131.801317649694,74.2434462791641,7.2500000000001));
#7965=CARTESIAN_POINT('',(131.602635299387,74.4663662197565,7.2500000000001));
#7966=CARTESIAN_POINT('',(132.,74.0205263385717,7.2500000000001));
#7967=CARTESIAN_POINT('Origin',(131.600435599139,65.5269981670773,31.8000000000001));
#7968=CARTESIAN_POINT('',(131.6,65.9277661286952,32.2000000000001));
#7969=CARTESIAN_POINT('Ctrl Pts',(131.6,65.9277661286952,32.2000000000001));
#7970=CARTESIAN_POINT('Ctrl Pts',(131.600204772121,65.7299245079145,32.0025472553025));
#7971=CARTESIAN_POINT('Ctrl Pts',(131.600435599139,65.5269981670773,31.8000000000001));
#7972=CARTESIAN_POINT('',(132.,65.908335649435,31.8000000000001));
#7973=CARTESIAN_POINT('',(132.,65.908335649435,31.8000000000001));
#7974=CARTESIAN_POINT('',(131.6,65.9277661286952,32.2000000000001));
#7975=CARTESIAN_POINT('Origin',(131.8,73.0062517370762,32.0000000000001));
#7976=CARTESIAN_POINT('',(131.6,73.0062517370762,32.2000000000001));
#7977=CARTESIAN_POINT('',(132.,73.0062517370762,31.8000000000001));
#7978=CARTESIAN_POINT('Origin',(133.397364700613,74.4663662197565,31.8000000000001));
#7979=CARTESIAN_POINT('',(133.397364700613,74.4663662197565,31.8000000000001));
#7980=CARTESIAN_POINT('',(133.4,74.0626092242275,32.2000000000001));
#7981=CARTESIAN_POINT('Ctrl Pts',(133.4,74.0626092242275,32.2000000000001));
#7982=CARTESIAN_POINT('Ctrl Pts',(133.398509593995,74.2718041036227,31.9926137611752));
#7983=CARTESIAN_POINT('Ctrl Pts',(133.397364700613,74.4663662197565,31.8000000000001));
#7984=CARTESIAN_POINT('',(133.,74.0205263385717,31.8000000000001));
#7985=CARTESIAN_POINT('',(133.4,74.0626092242275,32.2000000000001));
#7986=CARTESIAN_POINT('Origin',(133.198682350306,74.2434462791641,7.2500000000001));
#7987=CARTESIAN_POINT('',(133.397364700613,74.4663662197565,7.2500000000001));
#7988=CARTESIAN_POINT('Origin',(133.,65.908335649435,31.8000000000001));
#7989=CARTESIAN_POINT('',(133.4,65.9277661286952,32.2000000000001));
#7990=CARTESIAN_POINT('',(133.,65.908335649435,31.8000000000001));
#7991=CARTESIAN_POINT('Ctrl Pts',(133.399564400861,65.5269981670773,31.8000000000001));
#7992=CARTESIAN_POINT('Ctrl Pts',(133.399795227879,65.7299245079098,32.0025472552978));
#7993=CARTESIAN_POINT('Ctrl Pts',(133.4,65.9277661286952,32.2000000000001));
#7994=CARTESIAN_POINT('Origin',(132.5,80.4999999999999,32.0000000000001));
#7995=CARTESIAN_POINT('Origin',(132.5,80.4999999999999,32.2000000000001));
#7996=CARTESIAN_POINT('Origin',(133.2,77.4623470816445,32.0000000000001));
#7997=CARTESIAN_POINT('',(133.4,77.4623470816445,32.2000000000001));
#7998=CARTESIAN_POINT('Origin',(132.5,80.4999999999999,32.0000000000001));
#7999=CARTESIAN_POINT('Origin',(132.5,80.4999999999999,32.2000000000001));
#8000=CARTESIAN_POINT('Origin',(132.5,80.4999999999999,31.8000000000001));
#8001=CARTESIAN_POINT('Origin',(132.,65.508335649435,12.0000000000001));
#8002=CARTESIAN_POINT('',(132.,65.908335649435,12.0000000000001));
#8003=CARTESIAN_POINT('',(132.,68.3126583129807,22.2195929340036));
#8004=CARTESIAN_POINT('Origin',(132.,69.9626583129807,22.2195929340036));
#8005=CARTESIAN_POINT('Origin',(132.5,80.5041678247174,32.2000000000001));
#8006=CARTESIAN_POINT('Origin',(127.5,69.9999998435377,22.2000001490117));
#8007=CARTESIAN_POINT('',(127.5,68.3126583129807,22.2195929340036));
#8008=CARTESIAN_POINT('Origin',(127.5,69.9626583129807,22.2195929340036));
#8009=CARTESIAN_POINT('Origin',(121.874320531736,69.9626583129807,22.2195929340036));
#8010=CARTESIAN_POINT('',(121.874320531736,68.3126583129807,22.2195929340036));
#8011=CARTESIAN_POINT('Origin',(136.374320531736,68.3749450727092,19.4695929340036));
#8012=CARTESIAN_POINT('',(136.374320531736,68.3749450727092,19.4695929340036));
#8013=CARTESIAN_POINT('',(136.374320531736,71.5503715532522,19.4695929340036));
#8014=CARTESIAN_POINT('',(136.374320531736,68.3749450727092,19.4695929340036));
#8015=CARTESIAN_POINT('Origin',(136.374320531736,66.7872318324378,22.2195929340036));
#8016=CARTESIAN_POINT('',(136.374320531736,66.7872318324378,22.2195929340036));
#8017=CARTESIAN_POINT('',(136.374320531736,68.3749450727092,19.4695929340036));
#8018=CARTESIAN_POINT('',(136.374320531736,66.7872318324378,22.2195929340036));
#8019=CARTESIAN_POINT('Origin',(136.374320531736,68.3749450727092,24.9695929340036));
#8020=CARTESIAN_POINT('',(136.374320531736,66.7872318324378,22.2195929340036));
#8021=CARTESIAN_POINT('Origin',(136.374320531736,69.9626583129807,22.2195929340036));
#8022=CARTESIAN_POINT('',(136.374320531736,71.6126583129807,22.2195929340036));
#8023=CARTESIAN_POINT('Origin',(136.374320531736,69.9626583129807,22.2195929340036));
#8024=CARTESIAN_POINT('Origin',(139.874320531736,69.9626583129807,22.2195929340036));
#8025=CARTESIAN_POINT('',(139.874320531736,71.6126583129807,22.2195929340036));
#8026=CARTESIAN_POINT('Origin',(132.5,80.4999999999999,7.2500000000001));
#8027=CARTESIAN_POINT('',(132.5,86.5999999999999,7.2500000000001));
#8028=CARTESIAN_POINT('',(132.5,74.3999999999999,2.5000000000001));
#8029=CARTESIAN_POINT('',(132.5,74.3999999999999,7.2500000000001));
#8030=CARTESIAN_POINT('Origin',(132.5,80.4999999999999,2.5000000000001));
#8031=CARTESIAN_POINT('Origin',(131.80021779957,65.7176669082561,12.0000000000001));
#8032=CARTESIAN_POINT('Origin',(132.,141.979473661428,31.8000000000001));
#8033=CARTESIAN_POINT('',(132.,141.979473661428,31.8000000000001));
#8034=CARTESIAN_POINT('',(132.,141.979473661428,31.8000000000001));
#8035=CARTESIAN_POINT('',(131.6,141.937390775772,32.2000000000001));
#8036=CARTESIAN_POINT('',(131.6,141.937390775772,32.2000000000001));
#8037=CARTESIAN_POINT('Ctrl Pts',(131.6,141.937390775772,32.2000000000001));
#8038=CARTESIAN_POINT('Ctrl Pts',(131.601490406005,141.728195896377,31.9926137611752));
#8039=CARTESIAN_POINT('Ctrl Pts',(131.602635299387,141.533633780243,31.8000000000001));
#8040=CARTESIAN_POINT('Origin',(133.397364700613,141.533633780243,31.8000000000001));
#8041=CARTESIAN_POINT('',(133.4,141.937390775772,32.2000000000001));
#8042=CARTESIAN_POINT('Ctrl Pts',(133.397364700613,141.533633780248,31.8000000000042));
#8043=CARTESIAN_POINT('Ctrl Pts',(133.398509593995,141.728195896379,31.9926137611774));
#8044=CARTESIAN_POINT('Ctrl Pts',(133.4,141.937390775772,32.2000000000001));
#8045=CARTESIAN_POINT('',(133.,141.979473661428,31.8000000000001));
#8046=CARTESIAN_POINT('Origin',(132.5,135.5,32.0000000000001));
#8047=CARTESIAN_POINT('Origin',(132.5,135.5,32.2000000000001));
#8048=CARTESIAN_POINT('Origin',(131.600435599139,150.473001832923,31.8000000000001));
#8049=CARTESIAN_POINT('',(132.,150.091664350565,31.8000000000001));
#8050=CARTESIAN_POINT('',(131.600435599139,150.473001832923,31.8000000000001));
#8051=CARTESIAN_POINT('',(131.6,150.072233871305,32.2000000000001));
#8052=CARTESIAN_POINT('Ctrl Pts',(131.60043559914,150.473001832923,31.7999999999999));
#8053=CARTESIAN_POINT('Ctrl Pts',(131.600204772121,150.270075492075,32.002547255313));
#8054=CARTESIAN_POINT('Ctrl Pts',(131.6,150.072233871305,32.2));
#8055=CARTESIAN_POINT('',(132.,150.091664350565,31.8000000000001));
#8056=CARTESIAN_POINT('Origin',(133.4,150.072233871305,32.2000000000001));
#8057=CARTESIAN_POINT('',(133.4,150.072233871305,32.2000000000001));
#8058=CARTESIAN_POINT('',(133.4,150.072233871305,32.2000000000001));
#8059=CARTESIAN_POINT('Ctrl Pts',(133.4,150.072233871305,32.2));
#8060=CARTESIAN_POINT('Ctrl Pts',(133.399795227879,150.270075492071,32.0025472553164));
#8061=CARTESIAN_POINT('Ctrl Pts',(133.39956440086,150.473001832923,31.7999999999999));
#8062=CARTESIAN_POINT('Origin',(132.5,135.5,32.0000000000001));
#8063=CARTESIAN_POINT('Origin',(132.5,135.5,32.2000000000001));
#8064=CARTESIAN_POINT('Origin',(133.2,138.537652918355,32.0000000000001));
#8065=CARTESIAN_POINT('',(133.4,138.537652918355,32.2000000000001));
#8066=CARTESIAN_POINT('Origin',(131.8,138.537652918355,32.0000000000001));
#8067=CARTESIAN_POINT('',(132.,138.537652918355,31.8000000000001));
#8068=CARTESIAN_POINT('',(131.6,138.537652918355,32.2000000000001));
#8069=CARTESIAN_POINT('Origin',(131.80021779957,150.282333091744,12.0000000000001));
#8070=CARTESIAN_POINT('',(132.,150.091664350565,12.0000000000001));
#8071=CARTESIAN_POINT('Origin',(131.801317649694,141.756553720836,7.25000000000008));
#8072=CARTESIAN_POINT('',(132.,141.979473661428,7.25000000000008));
#8073=CARTESIAN_POINT('Origin',(132.,141.579473661428,12.0000000000001));
#8074=CARTESIAN_POINT('',(132.,147.687341687019,22.1804070659966));
#8075=CARTESIAN_POINT('Origin',(132.,146.037341687019,22.1804070659966));
#8076=CARTESIAN_POINT('Origin',(132.5,135.495832175282,32.2000000000001));
#8077=CARTESIAN_POINT('Origin',(132.5,86.7999999999999,12.0000000000001));
#8078=CARTESIAN_POINT('',(132.5,86.7999999999999,12.0000000000001));
#8079=CARTESIAN_POINT('Origin',(132.5,86.5999999999999,12.0000000000001));
#8080=CARTESIAN_POINT('Origin',(127.5,146.000000156462,22.1999998509885));
#8081=CARTESIAN_POINT('',(127.5,147.687341687019,22.1804070659966));
#8082=CARTESIAN_POINT('Origin',(127.5,146.037341687019,22.1804070659966));
#8083=CARTESIAN_POINT('Origin',(121.874320531736,146.037341687019,22.1804070659966));
#8084=CARTESIAN_POINT('',(121.874320531736,147.687341687019,22.1804070659966));
#8085=CARTESIAN_POINT('Origin',(136.374320531736,149.212768167562,22.1804070659966));
#8086=CARTESIAN_POINT('',(136.374320531736,149.212768167562,22.1804070659966));
#8087=CARTESIAN_POINT('',(136.374320531736,147.625054927291,24.9304070659966));
#8088=CARTESIAN_POINT('',(136.374320531736,149.212768167562,22.1804070659966));
#8089=CARTESIAN_POINT('Origin',(136.374320531736,147.625054927291,19.4304070659966));
#8090=CARTESIAN_POINT('',(136.374320531736,147.625054927291,19.4304070659966));
#8091=CARTESIAN_POINT('',(136.374320531736,149.212768167562,22.1804070659966));
#8092=CARTESIAN_POINT('',(136.374320531736,147.625054927291,19.4304070659966));
#8093=CARTESIAN_POINT('Origin',(136.374320531736,144.449628446748,19.4304070659966));
#8094=CARTESIAN_POINT('',(136.374320531736,147.625054927291,19.4304070659966));
#8095=CARTESIAN_POINT('Origin',(136.374320531736,146.037341687019,22.1804070659966));
#8096=CARTESIAN_POINT('',(136.374320531736,144.387341687019,22.1804070659966));
#8097=CARTESIAN_POINT('Origin',(136.374320531736,146.037341687019,22.1804070659966));
#8098=CARTESIAN_POINT('Origin',(139.874320531736,146.037341687019,22.1804070659966));
#8099=CARTESIAN_POINT('',(139.874320531736,144.387341687019,22.1804070659966));
#8100=CARTESIAN_POINT('Origin',(132.5,120.5,12.0000000000001));
#8101=CARTESIAN_POINT('Origin',(194.352618359707,56.6999999999999,12.0000000000001));
#8102=CARTESIAN_POINT('',(194.352618359707,44.1999999999999,12.0000000000001));
#8103=CARTESIAN_POINT('',(181.942944713716,55.1999999999999,12.0000000000001));
#8104=CARTESIAN_POINT('Origin',(109.166079060689,56.6999999999999,45.0000000000001));
#8105=CARTESIAN_POINT('',(109.166079060689,44.1999999999999,45.0000000000001));
#8106=CARTESIAN_POINT('',(121.57575270668,55.1999999999999,45.0000000000001));
#8107=CARTESIAN_POINT('Origin',(151.759348710198,55.1999999999999,28.5000000000001));
#8108=CARTESIAN_POINT('',(140.5,55.1999999999999,13.5000000000001));
#8109=CARTESIAN_POINT('',(139.939837177549,55.1999999999999,14.0601628224506));
#8110=CARTESIAN_POINT('',(140.5,55.1999999999999,15.5000000000001));
#8111=CARTESIAN_POINT('',(140.5,55.1999999999999,22.7500000000001));
#8112=CARTESIAN_POINT('',(142.,55.1999999999999,17.0000000000001));
#8113=CARTESIAN_POINT('',(146.939837177549,55.1999999999999,21.9398371775496));
#8114=CARTESIAN_POINT('',(157.,55.1999999999999,17.0000000000001));
#8115=CARTESIAN_POINT('',(155.129674355099,55.1999999999999,17.0000000000001));
#8116=CARTESIAN_POINT('',(158.5,55.1999999999999,15.5000000000001));
#8117=CARTESIAN_POINT('',(153.189837177549,55.1999999999999,20.8101628224506));
#8118=CARTESIAN_POINT('',(158.5,55.1999999999999,13.5000000000001));
#8119=CARTESIAN_POINT('',(158.5,55.1999999999999,20.2500000000001));
#8120=CARTESIAN_POINT('',(160.189837177549,55.1999999999999,15.1898371775496));
#8121=CARTESIAN_POINT('Origin',(209.,44.1999999999999,12.0000000000001));
#8122=CARTESIAN_POINT('Origin',(209.,44.1999999999999,12.0000000000001));
#8123=CARTESIAN_POINT('Origin',(120.037954956032,187.115428423575,1.0000000000011));
#8124=CARTESIAN_POINT('',(119.690658600698,189.085043929599,1.0000000000011));
#8125=CARTESIAN_POINT('',(118.068339450007,186.768132068241,1.0000000000011));
#8126=CARTESIAN_POINT('Origin',(120.037954956032,187.115428423575,1.0000000000011));
#8127=CARTESIAN_POINT('',(119.690658600698,189.085043929599,2.9000000000011));
#8128=CARTESIAN_POINT('',(119.690658600698,189.085043929599,1.0000000000011));
#8129=CARTESIAN_POINT('',(118.068339450007,186.768132068241,2.9000000000011));
#8130=CARTESIAN_POINT('Origin',(120.037954956032,187.115428423575,2.9000000000011));
#8131=CARTESIAN_POINT('',(118.068339450007,186.768132068241,1.0000000000011));
#8132=CARTESIAN_POINT('Origin',(115.042407887097,184.406810790528,7.45000000000009));
#8133=CARTESIAN_POINT('',(118.380906169808,184.995478112819,2.9000000000011));
#8134=CARTESIAN_POINT('',(118.380906169808,184.995478112819,1.0000000000011));
#8135=CARTESIAN_POINT('',(78.5060402503435,177.964463399085,2.90000000000011));
#8136=CARTESIAN_POINT('',(112.53170428359,183.964106004668,2.9000000000011));
#8137=CARTESIAN_POINT('Origin',(78.5060402503435,177.964463399085,4.90000000000012));
#8138=CARTESIAN_POINT('Origin',(99.3642265785261,185.500945542554,1.00000000000107));
#8139=CARTESIAN_POINT('',(127.431247539374,190.449918606061,1.00000000000106));
#8140=CARTESIAN_POINT('',(105.346933678075,186.55585822188,1.00000000000106));
#8141=CARTESIAN_POINT('',(127.431247539374,190.449918606061,2.90000000000008));
#8142=CARTESIAN_POINT('',(127.431247539374,190.449918606061,0.500000000000606));
#8143=CARTESIAN_POINT('',(87.6203941238555,183.430191023876,2.90000000000009));
#8144=CARTESIAN_POINT('Origin',(118.728202525142,183.025862606795,1.0000000000011));
#8145=CARTESIAN_POINT('',(118.728202525142,183.025862606795,1.0000000000011));
#8146=CARTESIAN_POINT('',(118.380906169808,184.995478112819,1.0000000000011));
#8147=CARTESIAN_POINT('',(118.068339450007,186.768132068241,2.9000000000011));
#8148=CARTESIAN_POINT('',(118.728202525142,183.025862606795,1.0000000000011));
#8149=CARTESIAN_POINT('Origin',(120.697818031166,183.373158962128,1.0000000000011));
#8150=CARTESIAN_POINT('',(121.0451143865,181.403543456104,1.0000000000011));
#8151=CARTESIAN_POINT('Origin',(120.697818031166,183.373158962128,1.0000000000011));
#8152=CARTESIAN_POINT('',(121.0451143865,181.403543456104,1.0000000000011));
#8153=CARTESIAN_POINT('Origin',(115.737000597764,180.467579778479,6.00000000000004));
#8154=CARTESIAN_POINT('',(128.785703325176,182.768418132566,1.00000000000007));
#8155=CARTESIAN_POINT('',(128.785703325176,182.768418132566,3.00000000000005));
#8156=CARTESIAN_POINT('',(111.155904860987,179.659808998877,1.00000000000007));
#8157=CARTESIAN_POINT('Origin',(127.778543894708,188.480303100037,0.500000000000606));
#8158=CARTESIAN_POINT('',(129.748159400732,188.827599455371,1.00000000000007));
#8159=CARTESIAN_POINT('Origin',(127.778543894708,188.480303100037,1.00000000000115));
#8160=CARTESIAN_POINT('',(129.748159400732,188.827599455371,2.90000000000008));
#8161=CARTESIAN_POINT('',(129.748159400732,188.827599455371,0.500000000000612));
#8162=CARTESIAN_POINT('Origin',(127.778543894708,188.480303100037,2.90000000000024));
#8163=CARTESIAN_POINT('Origin',(129.088296325598,192.569868916817,5.96744875736022E-14));
#8164=CARTESIAN_POINT('',(130.408022475867,185.085329993924,1.00000000000007));
#8165=CARTESIAN_POINT('',(129.619350289743,189.558112224723,1.00000000000007));
#8166=CARTESIAN_POINT('',(130.408022475867,185.085329993924,3.00000000000006));
#8167=CARTESIAN_POINT('',(129.088296325598,192.569868916817,2.90000000000007));
#8168=CARTESIAN_POINT('Origin',(111.989503852759,183.868501439761,1.0000000000011));
#8169=CARTESIAN_POINT('Origin',(128.438406969842,184.73803363859,1.00000000000008));
#8170=CARTESIAN_POINT('',(127.94581075424,183.27019544302,1.00000000000007));
#8171=CARTESIAN_POINT('',(121.662737290022,182.162320069505,1.00000000000007));
#8172=CARTESIAN_POINT('',(127.94581075424,183.27019544302,1.00000000000007));
#8173=CARTESIAN_POINT('',(120.179913698753,183.200604325947,1.00000000000007));
#8174=CARTESIAN_POINT('Origin',(121.440467622609,183.422873993361,1.00000000000007));
#8175=CARTESIAN_POINT('',(120.075724792153,183.791488977755,1.00000000000007));
#8176=CARTESIAN_POINT('',(120.179913698753,183.200604325947,1.00000000000007));
#8177=CARTESIAN_POINT('',(121.114009048595,185.274312569024,1.00000000000007));
#8178=CARTESIAN_POINT('Origin',(121.336278716008,184.013758645168,1.00000000000007));
#8179=CARTESIAN_POINT('',(127.397082512813,186.382187942539,1.00000000000007));
#8180=CARTESIAN_POINT('',(121.114009048595,185.274312569024,1.00000000000007));
#8181=CARTESIAN_POINT('',(128.879906104082,185.343903686097,1.00000000000007));
#8182=CARTESIAN_POINT('Origin',(127.619352180226,185.121634018683,1.00000000000007));
#8183=CARTESIAN_POINT('',(128.984095010682,184.75301903429,1.00000000000007));
#8184=CARTESIAN_POINT('',(128.879906104082,185.343903686097,1.00000000000007));
#8185=CARTESIAN_POINT('Origin',(127.723541086826,184.530749366876,1.00000000000007));
#8186=CARTESIAN_POINT('Origin',(121.336278716008,184.013758645168,7.32747196252603E-14));
#8187=CARTESIAN_POINT('',(121.114009048595,185.274312569024,7.2997163869104E-14));
#8188=CARTESIAN_POINT('',(120.075724792153,183.791488977755,7.2997163869104E-14));
#8189=CARTESIAN_POINT('Origin',(120.179913698753,183.200604325947,7.32747196252603E-14));
#8190=CARTESIAN_POINT('',(120.179913698753,183.200604325947,7.32747196252603E-14));
#8191=CARTESIAN_POINT('Origin',(121.440467622609,183.422873993361,7.32747196252603E-14));
#8192=CARTESIAN_POINT('',(121.662737290022,182.162320069505,7.35522753814166E-14));
#8193=CARTESIAN_POINT('Origin',(127.94581075424,183.27019544302,7.32747196252603E-14));
#8194=CARTESIAN_POINT('',(127.94581075424,183.27019544302,7.32747196252603E-14));
#8195=CARTESIAN_POINT('Origin',(127.723541086826,184.530749366876,7.2997163869104E-14));
#8196=CARTESIAN_POINT('',(128.984095010682,184.75301903429,7.27196081129478E-14));
#8197=CARTESIAN_POINT('Origin',(128.879906104082,185.343903686097,7.27196081129478E-14));
#8198=CARTESIAN_POINT('',(128.879906104082,185.343903686097,7.27196081129478E-14));
#8199=CARTESIAN_POINT('Origin',(127.619352180226,185.121634018683,7.27196081129478E-14));
#8200=CARTESIAN_POINT('',(127.397082512813,186.382187942539,7.27196081129478E-14));
#8201=CARTESIAN_POINT('Origin',(121.114009048595,185.274312569024,7.2997163869104E-14));
#8202=CARTESIAN_POINT('Origin',(128.438406969842,184.73803363859,3.00000000000005));
#8203=CARTESIAN_POINT('Origin',(150.35,86.8949047106269,11.8500000000001));
#8204=CARTESIAN_POINT('',(150.5,73.9999999999999,11.7000000000001));
#8205=CARTESIAN_POINT('',(150.2,73.6999999999999,12.0000000000001));
#8206=CARTESIAN_POINT('',(150.5,75.9999999999999,11.7000000000001));
#8207=CARTESIAN_POINT('',(150.5,86.8949047106269,11.7000000000001));
#8208=CARTESIAN_POINT('',(150.2,76.2999999999999,12.0000000000001));
#8209=CARTESIAN_POINT('Origin',(152.65,87.8949047106269,11.8500000000001));
#8210=CARTESIAN_POINT('',(152.5,75.9999999999999,11.7000000000001));
#8211=CARTESIAN_POINT('',(152.8,76.2999999999999,12.0000000000001));
#8212=CARTESIAN_POINT('',(152.5,73.9999999999999,11.7000000000001));
#8213=CARTESIAN_POINT('',(152.5,87.8949047106269,11.7000000000001));
#8214=CARTESIAN_POINT('',(152.5,73.9999999999999,11.7000000000001));
#8215=CARTESIAN_POINT('Origin',(139.,76.1499999999999,11.8500000000001));
#8216=CARTESIAN_POINT('',(139.,75.9999999999999,11.7000000000001));
#8217=CARTESIAN_POINT('Origin',(140.,73.8499999999999,11.8500000000001));
#8218=CARTESIAN_POINT('',(140.,73.9999999999999,11.7000000000001));
#8219=CARTESIAN_POINT('Origin',(152.5,73.9999999999999,12.0000000000001));
#8220=CARTESIAN_POINT('',(152.5,73.9999999999999,8.0000000000001));
#8221=CARTESIAN_POINT('',(152.5,73.9999999999999,12.0000000000001));
#8222=CARTESIAN_POINT('',(150.5,73.9999999999999,8.0000000000001));
#8223=CARTESIAN_POINT('',(152.5,73.9999999999999,8.0000000000001));
#8224=CARTESIAN_POINT('',(150.5,73.9999999999999,12.0000000000001));
#8225=CARTESIAN_POINT('Origin',(152.5,75.9999999999999,12.0000000000001));
#8226=CARTESIAN_POINT('',(152.5,75.9999999999999,8.0000000000001));
#8227=CARTESIAN_POINT('',(152.5,75.9999999999999,12.0000000000001));
#8228=CARTESIAN_POINT('',(152.5,75.9999999999999,8.0000000000001));
#8229=CARTESIAN_POINT('Origin',(152.65,120.894904710627,11.8500000000001));
#8230=CARTESIAN_POINT('',(152.5,142.,11.7000000000001));
#8231=CARTESIAN_POINT('',(152.8,142.3,12.0000000000001));
#8232=CARTESIAN_POINT('',(152.5,140.,11.7000000000001));
#8233=CARTESIAN_POINT('',(152.5,120.894904710627,11.7000000000001));
#8234=CARTESIAN_POINT('',(152.5,140.,11.7000000000001));
#8235=CARTESIAN_POINT('Origin',(139.,142.15,11.8500000000001));
#8236=CARTESIAN_POINT('',(150.5,142.,11.7000000000001));
#8237=CARTESIAN_POINT('',(150.2,142.3,12.0000000000001));
#8238=CARTESIAN_POINT('',(139.,142.,11.7000000000001));
#8239=CARTESIAN_POINT('Origin',(150.35,119.894904710627,11.8500000000001));
#8240=CARTESIAN_POINT('',(150.5,140.,11.7000000000001));
#8241=CARTESIAN_POINT('',(150.5,119.894904710627,11.7000000000001));
#8242=CARTESIAN_POINT('',(150.2,139.7,12.0000000000001));
#8243=CARTESIAN_POINT('Origin',(140.,139.85,11.8500000000001));
#8244=CARTESIAN_POINT('',(140.,140.,11.7000000000001));
#8245=CARTESIAN_POINT('Origin',(152.5,140.,12.0000000000001));
#8246=CARTESIAN_POINT('',(152.5,140.,8.00000000000008));
#8247=CARTESIAN_POINT('',(152.5,140.,12.0000000000001));
#8248=CARTESIAN_POINT('',(150.5,140.,8.00000000000008));
#8249=CARTESIAN_POINT('',(152.5,140.,8.00000000000008));
#8250=CARTESIAN_POINT('',(150.5,140.,12.0000000000001));
#8251=CARTESIAN_POINT('Origin',(152.5,142.,12.0000000000001));
#8252=CARTESIAN_POINT('',(152.5,142.,8.00000000000008));
#8253=CARTESIAN_POINT('',(152.5,142.,12.0000000000001));
#8254=CARTESIAN_POINT('',(152.5,142.,8.00000000000008));
#8255=CARTESIAN_POINT('Origin',(152.65,136.394907873399,11.8500000000001));
#8256=CARTESIAN_POINT('',(152.5,173.000006325544,11.7000000000001));
#8257=CARTESIAN_POINT('',(152.8,173.300006325544,12.0000000000001));
#8258=CARTESIAN_POINT('',(152.5,171.000006325544,11.7000000000001));
#8259=CARTESIAN_POINT('',(152.5,136.394907873399,11.7000000000001));
#8260=CARTESIAN_POINT('',(152.5,171.000006325544,11.7000000000001));
#8261=CARTESIAN_POINT('Origin',(139.,173.150006325544,11.8500000000001));
#8262=CARTESIAN_POINT('',(150.5,173.000006325544,11.7000000000001));
#8263=CARTESIAN_POINT('',(150.2,173.300006325544,12.0000000000001));
#8264=CARTESIAN_POINT('',(139.,173.000006325544,11.7000000000001));
#8265=CARTESIAN_POINT('Origin',(150.35,135.394907873399,11.8500000000001));
#8266=CARTESIAN_POINT('',(150.5,171.000006325544,11.7000000000001));
#8267=CARTESIAN_POINT('',(150.5,135.394907873399,11.7000000000001));
#8268=CARTESIAN_POINT('',(150.2,170.700006325544,12.0000000000001));
#8269=CARTESIAN_POINT('Origin',(140.,170.850006325544,11.8500000000001));
#8270=CARTESIAN_POINT('',(140.,171.000006325544,11.7000000000001));
#8271=CARTESIAN_POINT('Origin',(152.5,171.000006325544,12.0000000000001));
#8272=CARTESIAN_POINT('',(152.5,171.000006325544,8.00000000000007));
#8273=CARTESIAN_POINT('',(152.5,171.000006325544,12.0000000000001));
#8274=CARTESIAN_POINT('',(150.5,171.000006325544,8.00000000000007));
#8275=CARTESIAN_POINT('',(152.5,171.000006325544,8.00000000000007));
#8276=CARTESIAN_POINT('',(150.5,171.000006325544,12.0000000000001));
#8277=CARTESIAN_POINT('Origin',(152.5,173.000006325544,12.0000000000001));
#8278=CARTESIAN_POINT('',(152.5,173.000006325544,8.00000000000008));
#8279=CARTESIAN_POINT('',(152.5,173.000006325544,12.0000000000001));
#8280=CARTESIAN_POINT('',(152.5,173.000006325544,8.00000000000008));
#8281=CARTESIAN_POINT('Origin',(150.5,173.000006325544,12.0000000000001));
#8282=CARTESIAN_POINT('',(150.5,173.000006325544,8.00000000000008));
#8283=CARTESIAN_POINT('',(150.5,173.000006325544,12.0000000000001));
#8284=CARTESIAN_POINT('',(150.5,173.000006325544,8.00000000000008));
#8285=CARTESIAN_POINT('Origin',(150.5,171.000006325544,12.0000000000001));
#8286=CARTESIAN_POINT('',(150.5,171.000006325544,8.00000000000007));
#8287=CARTESIAN_POINT('Origin',(151.5,172.000006325544,8.00000000000007));
#8288=CARTESIAN_POINT('Origin',(150.5,142.,12.0000000000001));
#8289=CARTESIAN_POINT('',(150.5,142.,8.00000000000008));
#8290=CARTESIAN_POINT('',(150.5,142.,12.0000000000001));
#8291=CARTESIAN_POINT('',(150.5,142.,8.00000000000008));
#8292=CARTESIAN_POINT('Origin',(150.5,140.,12.0000000000001));
#8293=CARTESIAN_POINT('',(150.5,140.,8.00000000000008));
#8294=CARTESIAN_POINT('Origin',(151.5,141.,8.00000000000008));
#8295=CARTESIAN_POINT('Origin',(150.5,75.9999999999999,12.0000000000001));
#8296=CARTESIAN_POINT('',(150.5,75.9999999999999,8.0000000000001));
#8297=CARTESIAN_POINT('',(150.5,75.9999999999999,12.0000000000001));
#8298=CARTESIAN_POINT('',(150.5,75.9999999999999,8.0000000000001));
#8299=CARTESIAN_POINT('Origin',(150.5,73.9999999999999,12.0000000000001));
#8300=CARTESIAN_POINT('',(150.5,73.9999999999999,8.0000000000001));
#8301=CARTESIAN_POINT('Origin',(151.5,74.9999999999999,8.0000000000001));
#8302=CARTESIAN_POINT('Origin',(132.5,108.,4.75000000000009));
#8303=CARTESIAN_POINT('',(123.5,108.,4.50000000000009));
#8304=CARTESIAN_POINT('Origin',(132.5,108.,4.50000000000009));
#8305=CARTESIAN_POINT('',(123.,108.,5.00000000000009));
#8306=CARTESIAN_POINT('',(123.25,108.,4.75000000000009));
#8307=CARTESIAN_POINT('Origin',(132.5,108.,5.00000000000009));
#8308=CARTESIAN_POINT('Origin',(132.5,108.,5.00000000000009));
#8309=CARTESIAN_POINT('',(123.5,108.,3.00000000000009));
#8310=CARTESIAN_POINT('',(123.5,108.,5.00000000000009));
#8311=CARTESIAN_POINT('Origin',(132.5,108.,3.00000000000009));
#8312=CARTESIAN_POINT('Origin',(132.5,108.,5.00000000000009));
#8313=CARTESIAN_POINT('',(132.5,96.8999999999999,5.00000000000009));
#8314=CARTESIAN_POINT('Origin',(132.5,108.,5.00000000000009));
#8315=CARTESIAN_POINT('Origin',(132.5,108.,3.00000000000009));
#8316=CARTESIAN_POINT('Origin',(203.,32.9999999999999,11.9000000000001));
#8317=CARTESIAN_POINT('',(203.,35.6499999999999,11.8000000000001));
#8318=CARTESIAN_POINT('',(203.,30.3499999999999,11.8000000000001));
#8319=CARTESIAN_POINT('Origin',(203.,32.9999999999999,11.8000000000001));
#8320=CARTESIAN_POINT('',(203.,30.2499999999999,11.9000000000001));
#8321=CARTESIAN_POINT('Origin',(203.,32.9999999999999,11.8000000000001));
#8322=CARTESIAN_POINT('Origin',(203.,32.9999999999999,6.00000000000011));
#8323=CARTESIAN_POINT('',(203.,35.6499999999999,2.95000000000011));
#8324=CARTESIAN_POINT('Origin',(203.,32.9999999999999,2.95000000000011));
#8325=CARTESIAN_POINT('',(203.,35.6499999999999,6.00000000000011));
#8326=CARTESIAN_POINT('Origin',(203.,12.9999999999999,11.9000000000001));
#8327=CARTESIAN_POINT('',(203.,15.6499999999999,11.8000000000001));
#8328=CARTESIAN_POINT('',(203.,10.3499999999999,11.8000000000001));
#8329=CARTESIAN_POINT('Origin',(203.,12.9999999999999,11.8000000000001));
#8330=CARTESIAN_POINT('',(203.,10.2499999999999,11.9000000000001));
#8331=CARTESIAN_POINT('Origin',(203.,12.9999999999999,11.8000000000001));
#8332=CARTESIAN_POINT('Origin',(203.,12.9999999999999,6.00000000000011));
#8333=CARTESIAN_POINT('',(203.,15.6499999999999,2.95000000000011));
#8334=CARTESIAN_POINT('Origin',(203.,12.9999999999999,2.95000000000011));
#8335=CARTESIAN_POINT('',(203.,15.6499999999999,6.00000000000011));
#8336=CARTESIAN_POINT('Origin',(6.99999999999992,12.9999999999999,11.9000000000001));
#8337=CARTESIAN_POINT('',(6.99999999999992,15.6499999999999,11.8000000000001));
#8338=CARTESIAN_POINT('',(6.99999999999992,10.3499999999999,11.8000000000001));
#8339=CARTESIAN_POINT('Origin',(6.99999999999992,12.9999999999999,11.8000000000001));
#8340=CARTESIAN_POINT('',(6.99999999999992,10.2499999999999,11.9000000000001));
#8341=CARTESIAN_POINT('Origin',(6.99999999999992,12.9999999999999,11.8000000000001));
#8342=CARTESIAN_POINT('Origin',(6.99999999999992,12.9999999999999,6.00000000000011));
#8343=CARTESIAN_POINT('',(6.99999999999992,15.6499999999999,2.95000000000011));
#8344=CARTESIAN_POINT('',(6.99999999999992,15.6499999999999,6.00000000000011));
#8345=CARTESIAN_POINT('Origin',(6.99999999999992,12.9999999999999,2.95000000000011));
#8346=CARTESIAN_POINT('Origin',(6.99999999999992,32.9999999999999,11.9000000000001));
#8347=CARTESIAN_POINT('',(6.99999999999992,35.6499999999999,11.8000000000001));
#8348=CARTESIAN_POINT('',(6.99999999999992,30.3499999999999,11.8000000000001));
#8349=CARTESIAN_POINT('Origin',(6.99999999999992,32.9999999999999,11.8000000000001));
#8350=CARTESIAN_POINT('',(6.99999999999992,30.2499999999999,11.9000000000001));
#8351=CARTESIAN_POINT('Origin',(6.99999999999992,32.9999999999999,11.8000000000001));
#8352=CARTESIAN_POINT('Origin',(6.99999999999992,32.9999999999999,6.00000000000011));
#8353=CARTESIAN_POINT('',(6.99999999999992,35.6499999999999,2.95000000000011));
#8354=CARTESIAN_POINT('',(6.99999999999992,35.6499999999999,6.00000000000011));
#8355=CARTESIAN_POINT('Origin',(6.99999999999992,32.9999999999999,2.95000000000011));
#8356=CARTESIAN_POINT('Origin',(204.,0.0999999999998566,6.00000000000011));
#8357=CARTESIAN_POINT('',(206.,0.199999999999856,6.00000000000011));
#8358=CARTESIAN_POINT('Origin',(204.,0.199999999999856,6.00000000000011));
#8359=CARTESIAN_POINT('',(206.2,-1.43773881688958E-13,6.00000000000011));
#8360=CARTESIAN_POINT('',(206.1,0.0999999999998563,6.00000000000011));
#8361=CARTESIAN_POINT('Origin',(204.,-1.43496325932801E-13,6.00000000000011));
#8362=CARTESIAN_POINT('Origin',(97.4999999999999,-1.31838984174237E-13,
1.13797860024079E-13));
#8363=CARTESIAN_POINT('',(0.499999999999901,-1.17128529097954E-13,11.5000000000001));
#8364=CARTESIAN_POINT('',(112.5,-1.30728761149612E-13,11.5000000000001));
#8365=CARTESIAN_POINT('',(0.499999999999901,-1.18793863634892E-13,3.00000000000011));
#8366=CARTESIAN_POINT('',(8.19999999999993,-1.19348975147204E-13,6.00000000000011));
#8367=CARTESIAN_POINT('Origin',(5.99999999999994,-1.19071419391048E-13,
6.00000000000011));
#8368=CARTESIAN_POINT('Origin',(204.,-1.43496325932801E-13,6.00000000000011));
#8369=CARTESIAN_POINT('',(206.,0.699999999999856,6.00000000000011));
#8370=CARTESIAN_POINT('',(206.,-1.43741255292631E-13,6.00000000000011));
#8371=CARTESIAN_POINT('Origin',(204.,0.699999999999857,6.00000000000011));
#8372=CARTESIAN_POINT('Origin',(5.99999999999994,0.099999999999881,6.00000000000011));
#8373=CARTESIAN_POINT('',(7.9999999999999,0.199999999999881,6.00000000000011));
#8374=CARTESIAN_POINT('Origin',(5.99999999999994,0.199999999999881,6.00000000000011));
#8375=CARTESIAN_POINT('',(8.09999999999993,0.0999999999998808,6.00000000000011));
#8376=CARTESIAN_POINT('Origin',(5.99999999999994,-1.19071419391048E-13,
6.00000000000011));
#8377=CARTESIAN_POINT('',(7.9999999999999,0.699999999999881,6.00000000000011));
#8378=CARTESIAN_POINT('',(7.99999999999993,-1.19316348750878E-13,6.00000000000011));
#8379=CARTESIAN_POINT('Origin',(5.99999999999994,0.699999999999881,6.00000000000011));
#8380=CARTESIAN_POINT('Origin',(151.5,92.4999999999999,11.9000000000001));
#8381=CARTESIAN_POINT('',(151.5,94.5999999999999,11.8000000000002));
#8382=CARTESIAN_POINT('Origin',(151.5,92.4999999999999,11.8000000000002));
#8383=CARTESIAN_POINT('',(151.5,94.6999999999999,11.9000000000001));
#8384=CARTESIAN_POINT('Origin',(151.5,92.5,700.));
#8385=CARTESIAN_POINT('',(151.5,94.5999999999999,2.40000000000018));
#8386=CARTESIAN_POINT('Origin',(151.5,92.4999999999999,2.40000000000018));
#8387=CARTESIAN_POINT('',(151.5,94.6,700.));
#8388=CARTESIAN_POINT('Origin',(151.5,123.5,11.9000000000001));
#8389=CARTESIAN_POINT('',(151.5,125.6,11.8000000000002));
#8390=CARTESIAN_POINT('Origin',(151.5,123.5,11.8000000000002));
#8391=CARTESIAN_POINT('',(151.5,125.7,11.9000000000001));
#8392=CARTESIAN_POINT('Origin',(151.5,123.5,700.));
#8393=CARTESIAN_POINT('',(151.5,125.6,2.40000000000018));
#8394=CARTESIAN_POINT('Origin',(151.5,123.5,2.40000000000018));
#8395=CARTESIAN_POINT('',(151.5,125.6,700.));
#8396=CARTESIAN_POINT('Origin',(132.5,108.,11.9000000000001));
#8397=CARTESIAN_POINT('',(132.5,96.8999999999999,11.8000000000001));
#8398=CARTESIAN_POINT('',(132.5,119.1,11.8000000000001));
#8399=CARTESIAN_POINT('Origin',(132.5,108.,11.8000000000001));
#8400=CARTESIAN_POINT('',(132.5,119.2,11.9000000000001));
#8401=CARTESIAN_POINT('Origin',(132.5,108.,11.8000000000001));
#8402=CARTESIAN_POINT('Origin',(132.5,108.,8.50000000000009));
#8403=CARTESIAN_POINT('',(132.5,96.8999999999999,8.50000000000009));
#8404=CARTESIAN_POINT('Origin',(141.25,61.9999999999999,16.2500000000001));
#8405=CARTESIAN_POINT('',(140.5,61.9999999999999,15.5000000000001));
#8406=CARTESIAN_POINT('',(142.,61.9999999999999,17.0000000000001));
#8407=CARTESIAN_POINT('Origin',(158.5,61.9999999999999,17.0000000000001));
#8408=CARTESIAN_POINT('',(157.,61.9999999999999,17.0000000000001));
#8409=CARTESIAN_POINT('Origin',(157.75,61.9999999999999,16.2500000000001));
#8410=CARTESIAN_POINT('',(158.5,61.9999999999999,15.5000000000001));
#8411=CARTESIAN_POINT('Origin',(158.5,61.9999999999999,12.0000000000001));
#8412=CARTESIAN_POINT('',(158.5,80.8949047106269,13.5000000000001));
#8413=CARTESIAN_POINT('Origin',(157.75,80.8949047106269,12.7500000000001));
#8414=CARTESIAN_POINT('Origin',(141.25,80.8949047106269,12.7500000000001));
#8415=CARTESIAN_POINT('',(140.5,80.8949047106269,13.5000000000001));
#8416=CARTESIAN_POINT('Origin',(140.5,61.9999999999999,17.0000000000001));
#8417=CARTESIAN_POINT('Origin',(136.25,168.25,11.7500000000001));
#8418=CARTESIAN_POINT('',(137.5,168.,11.5000000000001));
#8419=CARTESIAN_POINT('',(137.5,168.,11.5000000000001));
#8420=CARTESIAN_POINT('',(117.5,168.,11.5000000000001));
#8421=CARTESIAN_POINT('',(117.5,168.5,12.0000000000001));
#8422=CARTESIAN_POINT('',(136.25,168.,11.5000000000001));
#8423=CARTESIAN_POINT('Origin',(137.5,160.5,11.7500000000001));
#8424=CARTESIAN_POINT('',(137.5,153.,11.5000000000001));
#8425=CARTESIAN_POINT('Origin',(137.5,160.5,11.5000000000001));
#8426=CARTESIAN_POINT('',(137.5,153.,11.5000000000001));
#8427=CARTESIAN_POINT('Origin',(118.75,152.75,11.7500000000001));
#8428=CARTESIAN_POINT('',(117.5,153.,11.5000000000001));
#8429=CARTESIAN_POINT('',(117.5,153.,11.5000000000001));
#8430=CARTESIAN_POINT('',(118.75,153.,11.5000000000001));
#8431=CARTESIAN_POINT('Origin',(117.5,160.5,11.7500000000001));
#8432=CARTESIAN_POINT('Origin',(117.5,160.5,11.5000000000001));
#8433=CARTESIAN_POINT('Origin',(137.5,160.5,7.82707232360735E-14));
#8434=CARTESIAN_POINT('',(137.5,168.,1.00000000000008));
#8435=CARTESIAN_POINT('',(137.5,168.,7.66053886991358E-14));
#8436=CARTESIAN_POINT('',(137.5,153.,1.00000000000008));
#8437=CARTESIAN_POINT('Origin',(137.5,160.5,1.00000000000008));
#8438=CARTESIAN_POINT('',(137.5,153.,7.99360577730113E-14));
#8439=CARTESIAN_POINT('Origin',(145.,168.,7.66053886991358E-14));
#8440=CARTESIAN_POINT('',(117.5,168.,1.00000000000008));
#8441=CARTESIAN_POINT('',(117.5,168.,7.66053886991358E-14));
#8442=CARTESIAN_POINT('',(136.25,168.,1.00000000000008));
#8443=CARTESIAN_POINT('Origin',(152.575961234939,196.711377954173,2.90000000000006));
#8444=CARTESIAN_POINT('',(152.575961234939,196.711377954173,4.90000000000006));
#8445=CARTESIAN_POINT('Origin',(117.5,160.5,0.500000000000078));
#8446=CARTESIAN_POINT('',(117.5,169.,7.66053886991358E-14));
#8447=CARTESIAN_POINT('',(117.5,153.,1.00000000000008));
#8448=CARTESIAN_POINT('Origin',(117.5,160.5,1.00000000000008));
#8449=CARTESIAN_POINT('',(117.5,153.,1.00000000000008));
#8450=CARTESIAN_POINT('Origin',(136.25,168.5,0.500000000000076));
#8451=CARTESIAN_POINT('',(137.5,169.,7.66053886991358E-14));
#8452=CARTESIAN_POINT('Origin',(137.5,160.5,0.500000000000078));
#8453=CARTESIAN_POINT('',(137.5,152.,8.02136135291676E-14));
#8454=CARTESIAN_POINT('Origin',(118.75,152.5,0.50000000000008));
#8455=CARTESIAN_POINT('',(118.75,153.,1.00000000000008));
#8456=CARTESIAN_POINT('Origin',(110.,153.,7.99360577730113E-14));
#8457=CARTESIAN_POINT('',(117.5,153.,7.99360577730113E-14));
#8458=CARTESIAN_POINT('Origin',(117.5,160.5,7.82707232360735E-14));
#8459=CARTESIAN_POINT('Origin',(112.5,0.249999999999869,11.7500000000001));
#8460=CARTESIAN_POINT('',(-7.105427357601E-14,0.499999999999883,12.0000000000001));
#8461=CARTESIAN_POINT('Origin',(0.249999999999915,0.249999999999881,3.00000000000011));
#8462=CARTESIAN_POINT('Origin',(204.,0.849999999999857,6.00000000000011));
#8463=CARTESIAN_POINT('',(206.5,0.999999999999856,6.00000000000011));
#8464=CARTESIAN_POINT('',(206.25,0.849999999999857,6.00000000000011));
#8465=CARTESIAN_POINT('Origin',(204.,0.999999999999857,6.00000000000011));
#8466=CARTESIAN_POINT('Origin',(5.99999999999994,0.849999999999881,6.00000000000011));
#8467=CARTESIAN_POINT('',(8.49999999999994,0.999999999999881,6.00000000000011));
#8468=CARTESIAN_POINT('',(8.24999999999994,0.849999999999881,6.00000000000011));
#8469=CARTESIAN_POINT('Origin',(5.99999999999994,0.999999999999881,6.00000000000011));
#8470=CARTESIAN_POINT('Origin',(5.99999999999994,-1.19071419391048E-13,
6.00000000000011));
#8471=CARTESIAN_POINT('',(8.49999999999994,5.99999999999988,6.00000000000011));
#8472=CARTESIAN_POINT('',(8.49999999999994,-1.19377581090835E-13,6.00000000000011));
#8473=CARTESIAN_POINT('Origin',(5.99999999999994,5.99999999999988,6.00000000000011));
#8474=CARTESIAN_POINT('Origin',(5.99999999999994,5.99999999999988,6.00000000000011));
#8475=CARTESIAN_POINT('Origin',(204.,-1.43496325932801E-13,6.00000000000011));
#8476=CARTESIAN_POINT('',(206.5,5.99999999999986,6.00000000000011));
#8477=CARTESIAN_POINT('',(206.5,-1.43802487632588E-13,6.00000000000011));
#8478=CARTESIAN_POINT('Origin',(204.,5.99999999999986,6.00000000000011));
#8479=CARTESIAN_POINT('Origin',(204.,5.99999999999986,6.00000000000011));
#8480=CARTESIAN_POINT('Origin',(151.5,123.5,1.20000000000009));
#8481=CARTESIAN_POINT('',(151.5,126.8,1.20000000000009));
#8482=CARTESIAN_POINT('Origin',(151.5,92.4999999999999,1.20000000000009));
#8483=CARTESIAN_POINT('',(151.5,95.7999999999999,1.20000000000009));
#8484=CARTESIAN_POINT('Origin',(6.99999999999992,32.9999999999999,1.47500000000011));
#8485=CARTESIAN_POINT('',(6.99999999999992,37.1249999999999,1.47500000000011));
#8486=CARTESIAN_POINT('Origin',(6.99999999999992,12.9999999999999,1.47500000000011));
#8487=CARTESIAN_POINT('',(6.99999999999992,17.1249999999999,1.47500000000011));
#8488=CARTESIAN_POINT('Origin',(6.99999999999992,22.9999999999999,15.5000000000001));
#8489=CARTESIAN_POINT('',(9.49999999999992,22.9999999999999,15.0000000000001));
#8490=CARTESIAN_POINT('Origin',(6.99999999999992,22.9999999999999,15.0000000000001));
#8491=CARTESIAN_POINT('',(8.49999999999994,22.9999999999999,16.0000000000001));
#8492=CARTESIAN_POINT('',(8.99999999999992,22.9999999999999,15.5000000000001));
#8493=CARTESIAN_POINT('Origin',(6.99999999999992,22.9999999999999,16.0000000000001));
#8494=CARTESIAN_POINT('Origin',(6.99999999999992,22.9999999999999,12.0000000000001));
#8495=CARTESIAN_POINT('',(9.49999999999992,22.9999999999999,12.0000000000001));
#8496=CARTESIAN_POINT('Origin',(6.99999999999992,22.9999999999999,16.0000000000001));
#8497=CARTESIAN_POINT('Origin',(203.,32.9999999999999,1.47500000000011));
#8498=CARTESIAN_POINT('',(203.,37.1249999999999,1.47500000000011));
#8499=CARTESIAN_POINT('Origin',(203.,12.9999999999999,1.47500000000011));
#8500=CARTESIAN_POINT('',(203.,17.1249999999999,1.47500000000011));
#8501=CARTESIAN_POINT('Origin',(203.,22.9999999999999,15.5000000000001));
#8502=CARTESIAN_POINT('',(200.5,22.9999999999999,15.0000000000001));
#8503=CARTESIAN_POINT('Origin',(203.,22.9999999999999,15.0000000000001));
#8504=CARTESIAN_POINT('',(201.5,22.9999999999999,16.0000000000001));
#8505=CARTESIAN_POINT('',(201.,22.9999999999999,15.5000000000001));
#8506=CARTESIAN_POINT('Origin',(203.,22.9999999999999,16.0000000000001));
#8507=CARTESIAN_POINT('Origin',(203.,22.9999999999999,12.0000000000001));
#8508=CARTESIAN_POINT('',(200.5,22.9999999999999,12.0000000000001));
#8509=CARTESIAN_POINT('Origin',(203.,22.9999999999999,16.0000000000001));
#8510=CARTESIAN_POINT('Origin',(77.5336104554088,183.479386815953,4.90000000000009));
#8511=CARTESIAN_POINT('',(77.5336104554088,183.479386815953,2.90000000000009));
#8512=CARTESIAN_POINT('Origin',(150.606345728915,196.36408159884,4.90000000000006));
#8513=CARTESIAN_POINT('',(150.606345728915,196.36408159884,2.90000000000006));
#8514=CARTESIAN_POINT('Origin',(75.5639949493843,183.132090460619,2.90000000000009));
#8515=CARTESIAN_POINT('Origin',(132.5,135.5,2.50000000000008));
#8516=CARTESIAN_POINT('Origin',(132.5,80.4999999999999,2.5000000000001));
#8517=UNCERTAINTY_MEASURE_WITH_UNIT(LENGTH_MEASURE(0.01),#8521,
'DISTANCE_ACCURACY_VALUE',
'Maximum model space distance between geometric entities at asserted c
onnectivities');
#8518=UNCERTAINTY_MEASURE_WITH_UNIT(LENGTH_MEASURE(0.01),#8521,
'DISTANCE_ACCURACY_VALUE',
'Maximum model space distance between geometric entities at asserted c
onnectivities');
#8519=(
GEOMETRIC_REPRESENTATION_CONTEXT(3)
GLOBAL_UNCERTAINTY_ASSIGNED_CONTEXT((#8517))
GLOBAL_UNIT_ASSIGNED_CONTEXT((#8521,#8523,#8524))
REPRESENTATION_CONTEXT('','3D')
);
#8520=(
GEOMETRIC_REPRESENTATION_CONTEXT(3)
GLOBAL_UNCERTAINTY_ASSIGNED_CONTEXT((#8518))
GLOBAL_UNIT_ASSIGNED_CONTEXT((#8521,#8523,#8524))
REPRESENTATION_CONTEXT('','3D')
);
#8521=(
LENGTH_UNIT()
NAMED_UNIT(*)
SI_UNIT(.MILLI.,.METRE.)
);
#8522=(
LENGTH_UNIT()
NAMED_UNIT(*)
SI_UNIT($,.METRE.)
);
#8523=(
NAMED_UNIT(*)
PLANE_ANGLE_UNIT()
SI_UNIT($,.RADIAN.)
);
#8524=(
NAMED_UNIT(*)
SI_UNIT($,.STERADIAN.)
SOLID_ANGLE_UNIT()
);
#8525=SHAPE_DEFINITION_REPRESENTATION(#8526,#8527);
#8526=PRODUCT_DEFINITION_SHAPE('',$,#8529);
#8527=SHAPE_REPRESENTATION('',(#4507),#8519);
#8528=PRODUCT_DEFINITION_CONTEXT('part definition',#8533,'design');
#8529=PRODUCT_DEFINITION('2026-03-28-17-12-04-810','left',#8530,#8528);
#8530=PRODUCT_DEFINITION_FORMATION('',$,#8535);
#8531=PRODUCT_RELATED_PRODUCT_CATEGORY('left','left',(#8535));
#8532=APPLICATION_PROTOCOL_DEFINITION('international standard',
'automotive_design',2009,#8533);
#8533=APPLICATION_CONTEXT(
'Core Data for Automotive Mechanical Design Process');
#8534=PRODUCT_CONTEXT('part definition',#8533,'mechanical');
#8535=PRODUCT('2026-03-28-17-12-04-810','left',$,(#8534));
#8536=PRESENTATION_STYLE_ASSIGNMENT((#8538));
#8537=PRESENTATION_STYLE_ASSIGNMENT((#8539));
#8538=SURFACE_STYLE_USAGE(.BOTH.,#8540);
#8539=SURFACE_STYLE_USAGE(.BOTH.,#8541);
#8540=SURFACE_SIDE_STYLE('',(#8542));
#8541=SURFACE_SIDE_STYLE('',(#8543));
#8542=SURFACE_STYLE_FILL_AREA(#8544);
#8543=SURFACE_STYLE_FILL_AREA(#8545);
#8544=FILL_AREA_STYLE('Stahl - satiniert',(#8546));
#8545=FILL_AREA_STYLE('Opaque(51,51,51)',(#8547));
#8546=FILL_AREA_STYLE_COLOUR('Stahl - satiniert',#8548);
#8547=FILL_AREA_STYLE_COLOUR('Opaque(51,51,51)',#8549);
#8548=COLOUR_RGB('Stahl - satiniert',0.627450980392157,0.627450980392157,
0.627450980392157);
#8549=COLOUR_RGB('Opaque(51,51,51)',0.2,0.2,0.2);
ENDSEC;
END-ISO-10303-21;
