ISO-10303-21;
HEADER;
/* Generated by software containing ST-Developer
 * from STEP Tools, Inc. (www.steptools.com) 
 */

FILE_DESCRIPTION(
/* description */ (''),
/* implementation_level */ '2;1');

FILE_NAME(
/* name */ 'M4-cnurled-Nut.step',
/* time_stamp */ '2026-03-30T11:11:52+02:00',
/* author */ (''),
/* organization */ (''),
/* preprocessor_version */ 'ST-DEVELOPER v20.1',
/* originating_system */ 'Autodesk Translation Framework v14.24.0.0',
/* authorisation */ '');

FILE_SCHEMA (('AUTOMOTIVE_DESIGN { 1 0 10303 214 3 1 1 }'));
ENDSEC;

DATA;
#10=MECHANICAL_DESIGN_GEOMETRIC_PRESENTATION_REPRESENTATION('',(#13),#3121);
#11=SHAPE_REPRESENTATION_RELATIONSHIP('SRR','None',#3128,#12);
#12=ADVANCED_BREP_SHAPE_REPRESENTATION('',(#14),#3120);
#13=STYLED_ITEM('',(#3138),#14);
#14=MANIFOLD_SOLID_BREP('K\X\F6rper1',#1554);
#15=FACE_BOUND('',#318,.T.);
#16=FACE_BOUND('',#321,.T.);
#17=FACE_BOUND('',#326,.T.);
#18=FACE_BOUND('',#331,.T.);
#19=CIRCLE('',#1571,8.);
#20=CIRCLE('',#1572,6.95);
#21=CIRCLE('',#1576,8.);
#22=CIRCLE('',#1577,4.5);
#23=CIRCLE('',#1578,8.);
#24=CIRCLE('',#1579,8.);
#25=CIRCLE('',#1580,8.);
#26=CIRCLE('',#1581,8.);
#27=CIRCLE('',#1582,8.);
#28=CIRCLE('',#1583,8.);
#29=CIRCLE('',#1584,8.);
#30=CIRCLE('',#1585,8.);
#31=CIRCLE('',#1586,8.);
#32=CIRCLE('',#1587,8.);
#33=CIRCLE('',#1588,8.);
#34=CIRCLE('',#1589,8.);
#35=CIRCLE('',#1594,6.95);
#36=CIRCLE('',#1595,8.);
#37=CIRCLE('',#1601,6.95);
#38=CIRCLE('',#1602,8.);
#39=CIRCLE('',#1608,6.95);
#40=CIRCLE('',#1609,8.);
#41=CIRCLE('',#1613,8.);
#42=CIRCLE('',#1615,6.95);
#43=CIRCLE('',#1620,6.95);
#44=CIRCLE('',#1621,8.);
#45=CIRCLE('',#1627,8.);
#46=CIRCLE('',#1629,6.95);
#47=CIRCLE('',#1634,6.95);
#48=CIRCLE('',#1635,8.);
#49=CIRCLE('',#1643,6.95);
#50=CIRCLE('',#1644,8.);
#51=CIRCLE('',#1650,6.95);
#52=CIRCLE('',#1651,8.);
#53=CIRCLE('',#1657,8.);
#54=CIRCLE('',#1659,6.95);
#55=CIRCLE('',#1664,8.);
#56=CIRCLE('',#1666,6.95);
#57=CIRCLE('',#1677,5.);
#58=CIRCLE('',#1679,4.5);
#59=CIRCLE('',#1680,4.);
#60=CIRCLE('',#1681,4.5);
#61=CIRCLE('',#1683,2.65);
#62=CIRCLE('',#1686,2.15);
#63=CIRCLE('',#1687,2.65);
#64=CIRCLE('',#1688,2.15);
#65=CIRCLE('',#1690,2.15);
#66=CIRCLE('',#1691,2.15);
#67=CIRCLE('',#1695,5.);
#68=CIRCLE('',#1696,5.2);
#69=CIRCLE('',#1699,6.95);
#70=CIRCLE('',#1701,8.);
#71=CONICAL_SURFACE('',#1570,7.475,0.785398163397449);
#72=CONICAL_SURFACE('',#1575,6.25,0.718830003313948);
#73=CONICAL_SURFACE('',#1593,7.475,0.785398163397449);
#74=CONICAL_SURFACE('',#1600,7.475,0.785398163397449);
#75=CONICAL_SURFACE('',#1607,7.475,0.785398163397449);
#76=CONICAL_SURFACE('',#1614,7.475,0.785398163397449);
#77=CONICAL_SURFACE('',#1619,7.475,0.785398163397449);
#78=CONICAL_SURFACE('',#1628,7.475,0.785398163397449);
#79=CONICAL_SURFACE('',#1633,7.475,0.785398163397449);
#80=CONICAL_SURFACE('',#1642,7.475,0.785398163397449);
#81=CONICAL_SURFACE('',#1649,7.475,0.785398163397449);
#82=CONICAL_SURFACE('',#1658,7.475,0.785398163397449);
#83=CONICAL_SURFACE('',#1665,7.475,0.785398163397449);
#84=CONICAL_SURFACE('',#1678,4.25,0.785398163397449);
#85=CONICAL_SURFACE('',#1685,2.4,0.785398163397448);
#86=CONICAL_SURFACE('',#1693,2.4,0.785398163397447);
#87=CONICAL_SURFACE('',#1694,5.1,0.785398163397448);
#88=CONICAL_SURFACE('',#1700,7.475,0.785398163397449);
#89=B_SPLINE_CURVE_WITH_KNOTS('',3,(#2099,#2100,#2101,#2102,#2103,#2104,
#2105,#2106,#2107,#2108),.UNSPECIFIED.,.F.,.F.,(4,2,2,2,4),(0.59366781303779,
0.629200798693543,0.664733784349295,0.717591350920815,0.752399022605994),
 .UNSPECIFIED.);
#90=B_SPLINE_CURVE_WITH_KNOTS('',3,(#2110,#2111,#2112,#2113,#2114,#2115,
#2116,#2117,#2118,#2119),.UNSPECIFIED.,.F.,.F.,(4,2,2,2,4),(0.434936603469584,
0.469744275154765,0.522601841726284,0.558134827382037,0.59366781303779),
 .UNSPECIFIED.);
#91=B_SPLINE_CURVE_WITH_KNOTS('',3,(#2122,#2123,#2124,#2125,#2126,#2127,
#2128,#2129,#2130,#2131,#2132,#2133,#2134,#2135,#2136,#2137,#2138,#2139),
 .UNSPECIFIED.,.F.,.F.,(4,2,2,2,2,2,2,2,4),(0.826055664347325,0.863803450496011,
0.920923262769414,0.956439865791838,0.991956468814261,1.02747307183668,
1.06298967485911,1.12010948713251,1.1578572732812),.UNSPECIFIED.);
#92=B_SPLINE_CURVE_WITH_KNOTS('',3,(#2148,#2149,#2150,#2151,#2152,#2153,
#2154,#2155,#2156,#2157),.UNSPECIFIED.,.F.,.F.,(4,2,2,2,4),(0.434936603469583,
0.469744275154765,0.522601841726284,0.558134827382037,0.59366781303779),
 .UNSPECIFIED.);
#93=B_SPLINE_CURVE_WITH_KNOTS('',3,(#2174,#2175,#2176,#2177,#2178,#2179,
#2180,#2181,#2182,#2183,#2184,#2185,#2186,#2187,#2188,#2189,#2190,#2191),
 .UNSPECIFIED.,.F.,.F.,(4,2,2,2,2,2,2,2,4),(0.019372026124718,0.0571198122734036,
0.114239624546807,0.14975622756923,0.185272830591654,0.220789433614077,
0.2563060366365,0.313425848909904,0.35117363505859),.UNSPECIFIED.);
#94=B_SPLINE_CURVE_WITH_KNOTS('',3,(#2195,#2196,#2197,#2198,#2199,#2200,
#2201,#2202,#2203,#2204),.UNSPECIFIED.,.F.,.F.,(4,2,2,2,4),(0.59366781303779,
0.629200798693543,0.664733784349296,0.717591350920815,0.752399022605996),
 .UNSPECIFIED.);
#95=B_SPLINE_CURVE_WITH_KNOTS('',3,(#2205,#2206,#2207,#2208,#2209,#2210,
#2211,#2212,#2213,#2214),.UNSPECIFIED.,.F.,.F.,(4,2,2,2,4),(0.434936603469585,
0.469744275154765,0.522601841726284,0.558134827382037,0.59366781303779),
 .UNSPECIFIED.);
#96=B_SPLINE_CURVE_WITH_KNOTS('',3,(#2227,#2228,#2229,#2230,#2231,#2232),
 .UNSPECIFIED.,.F.,.F.,(4,2,4),(-0.0589726804788413,-0.0571198122734037,
-0.0193720261247179),.UNSPECIFIED.);
#97=B_SPLINE_CURVE_WITH_KNOTS('',3,(#2237,#2238,#2239,#2240,#2241,#2242,
#2243,#2244,#2245,#2246,#2247,#2248,#2249,#2250,#2251,#2252),
 .UNSPECIFIED.,.F.,.F.,(4,2,2,2,2,2,2,4),(-0.351173635058589,-0.313425848909904,
-0.2563060366365,-0.220789433614077,-0.185272830591654,-0.149756227569231,
-0.114239624546807,-0.0589726804788413),.UNSPECIFIED.);
#98=B_SPLINE_CURVE_WITH_KNOTS('',3,(#2264,#2265,#2266,#2267,#2268,#2269,
#2270,#2271,#2272,#2273,#2274,#2275,#2276,#2277,#2278,#2279,#2280,#2281),
 .UNSPECIFIED.,.F.,.F.,(4,2,2,2,2,2,2,2,4),(0.0193720261247178,0.0571198122734036,
0.114239624546807,0.14975622756923,0.185272830591654,0.220789433614077,
0.2563060366365,0.313425848909904,0.351173635058589),.UNSPECIFIED.);
#99=B_SPLINE_CURVE_WITH_KNOTS('',3,(#2293,#2294,#2295,#2296,#2297,#2298,
#2299,#2300,#2301,#2302,#2303,#2304,#2305,#2306,#2307,#2308,#2309,#2310),
 .UNSPECIFIED.,.F.,.F.,(4,2,2,2,2,2,2,2,4),(0.0193720261247179,0.0571198122734036,
0.114239624546807,0.14975622756923,0.185272830591654,0.220789433614077,
0.2563060366365,0.313425848909904,0.35117363505859),.UNSPECIFIED.);
#100=B_SPLINE_CURVE_WITH_KNOTS('',3,(#2322,#2323,#2324,#2325,#2326,#2327,
#2328,#2329,#2330,#2331,#2332,#2333,#2334,#2335,#2336,#2337,#2338,#2339),
 .UNSPECIFIED.,.F.,.F.,(4,2,2,2,2,2,2,2,4),(0.0193720261247181,0.0571198122734037,
0.114239624546807,0.149756227569231,0.185272830591654,0.220789433614077,
0.2563060366365,0.313425848909904,0.35117363505859),.UNSPECIFIED.);
#101=B_SPLINE_CURVE_WITH_KNOTS('',3,(#2351,#2352,#2353,#2354,#2355,#2356,
#2357,#2358,#2359,#2360,#2361,#2362,#2363,#2364,#2365,#2366,#2367,#2368),
 .UNSPECIFIED.,.F.,.F.,(4,2,2,2,2,2,2,2,4),(0.0193720261247181,0.0571198122734035,
0.114239624546807,0.14975622756923,0.185272830591654,0.220789433614077,
0.2563060366365,0.313425848909904,0.351173635058589),.UNSPECIFIED.);
#102=B_SPLINE_CURVE_WITH_KNOTS('',3,(#2380,#2381,#2382,#2383,#2384,#2385,
#2386,#2387,#2388,#2389,#2390,#2391,#2392,#2393,#2394,#2395,#2396,#2397),
 .UNSPECIFIED.,.F.,.F.,(4,2,2,2,2,2,2,2,4),(0.019372026124718,0.0571198122734036,
0.114239624546807,0.149756227569231,0.185272830591654,0.220789433614077,
0.2563060366365,0.313425848909904,0.35117363505859),.UNSPECIFIED.);
#103=B_SPLINE_CURVE_WITH_KNOTS('',3,(#2409,#2410,#2411,#2412,#2413,#2414,
#2415,#2416,#2417,#2418,#2419,#2420,#2421,#2422,#2423,#2424,#2425,#2426),
 .UNSPECIFIED.,.F.,.F.,(4,2,2,2,2,2,2,2,4),(0.0193720261247175,0.0571198122734036,
0.114239624546807,0.149756227569231,0.185272830591654,0.220789433614077,
0.2563060366365,0.313425848909904,0.35117363505859),.UNSPECIFIED.);
#104=B_SPLINE_CURVE_WITH_KNOTS('',3,(#2443,#2444,#2445,#2446,#2447,#2448,
#2449,#2450,#2451,#2452,#2453,#2454,#2455,#2456,#2457,#2458,#2459,#2460),
 .UNSPECIFIED.,.F.,.F.,(4,2,2,2,2,2,2,2,4),(0.0193720261247174,0.0571198122734037,
0.114239624546807,0.149756227569231,0.185272830591654,0.220789433614077,
0.2563060366365,0.313425848909904,0.35117363505859),.UNSPECIFIED.);
#105=B_SPLINE_CURVE_WITH_KNOTS('',3,(#2472,#2473,#2474,#2475,#2476,#2477,
#2478,#2479,#2480,#2481,#2482,#2483,#2484,#2485,#2486,#2487,#2488,#2489),
 .UNSPECIFIED.,.F.,.F.,(4,2,2,2,2,2,2,2,4),(0.0193720261247181,0.0571198122734035,
0.114239624546807,0.14975622756923,0.185272830591654,0.220789433614077,
0.2563060366365,0.313425848909904,0.351173635058589),.UNSPECIFIED.);
#106=B_SPLINE_CURVE_WITH_KNOTS('',3,(#2501,#2502,#2503,#2504,#2505,#2506,
#2507,#2508,#2509,#2510,#2511,#2512,#2513,#2514,#2515,#2516,#2517,#2518),
 .UNSPECIFIED.,.F.,.F.,(4,2,2,2,2,2,2,2,4),(0.0193720261247183,0.0571198122734036,
0.114239624546807,0.14975622756923,0.185272830591654,0.220789433614077,
0.2563060366365,0.313425848909904,0.351173635058589),.UNSPECIFIED.);
#107=B_SPLINE_CURVE_WITH_KNOTS('',3,(#2530,#2531,#2532,#2533,#2534,#2535,
#2536,#2537,#2538,#2539,#2540,#2541,#2542,#2543,#2544,#2545,#2546,#2547),
 .UNSPECIFIED.,.F.,.F.,(4,2,2,2,2,2,2,2,4),(0.0193720261247176,0.0571198122734036,
0.114239624546807,0.14975622756923,0.185272830591654,0.220789433614077,
0.2563060366365,0.313425848909904,0.35117363505859),.UNSPECIFIED.);
#108=B_SPLINE_CURVE_WITH_KNOTS('',3,(#2563,#2564,#2565,#2566,#2567,#2568,
#2569,#2570,#2571,#2572),.UNSPECIFIED.,.F.,.F.,(4,2,2,2,4),(0.59366781303779,
0.629200798693543,0.664733784349296,0.717591350920815,0.752399022605996),
 .UNSPECIFIED.);
#109=B_SPLINE_CURVE_WITH_KNOTS('',3,(#2574,#2575,#2576,#2577,#2578,#2579,
#2580,#2581,#2582,#2583),.UNSPECIFIED.,.F.,.F.,(4,2,2,2,4),(0.434936603469584,
0.469744275154765,0.522601841726284,0.558134827382037,0.59366781303779),
 .UNSPECIFIED.);
#110=B_SPLINE_CURVE_WITH_KNOTS('',3,(#2595,#2596,#2597,#2598,#2599,#2600,
#2601,#2602,#2603,#2604),.UNSPECIFIED.,.F.,.F.,(4,2,2,2,4),(0.59366781303779,
0.629200798693543,0.664733784349295,0.717591350920815,0.752399022605996),
 .UNSPECIFIED.);
#111=B_SPLINE_CURVE_WITH_KNOTS('',3,(#2616,#2617,#2618,#2619,#2620,#2621,
#2622,#2623,#2624,#2625),.UNSPECIFIED.,.F.,.F.,(4,2,2,2,4),(0.434936603469583,
0.469744275154765,0.522601841726284,0.558134827382037,0.59366781303779),
 .UNSPECIFIED.);
#112=B_SPLINE_CURVE_WITH_KNOTS('',3,(#2637,#2638,#2639,#2640,#2641,#2642,
#2643,#2644,#2645,#2646),.UNSPECIFIED.,.F.,.F.,(4,2,2,2,4),(-0.176781104454545,
-0.141248118798792,-0.105715133143039,-0.0528575665715195,-0.0180498948863378),
 .UNSPECIFIED.);
#113=B_SPLINE_CURVE_WITH_KNOTS('',3,(#2658,#2659,#2660,#2661,#2662,#2663,
#2664,#2665,#2666,#2667),.UNSPECIFIED.,.F.,.F.,(4,2,2,2,4),(0.434936603469583,
0.469744275154765,0.522601841726284,0.558134827382037,0.59366781303779),
 .UNSPECIFIED.);
#114=B_SPLINE_CURVE_WITH_KNOTS('',3,(#2693,#2694,#2695,#2696,#2697,#2698,
#2699,#2700,#2701,#2702),.UNSPECIFIED.,.F.,.F.,(4,2,2,2,4),(0.59366781303779,
0.629200798693542,0.664733784349295,0.717591350920814,0.752399022605996),
 .UNSPECIFIED.);
#115=B_SPLINE_CURVE_WITH_KNOTS('',3,(#2710,#2711,#2712,#2713,#2714,#2715,
#2716,#2717,#2718,#2719),.UNSPECIFIED.,.F.,.F.,(4,2,2,2,4),(0.434936603469583,
0.469744275154765,0.522601841726284,0.558134827382037,0.59366781303779),
 .UNSPECIFIED.);
#116=B_SPLINE_CURVE_WITH_KNOTS('',3,(#2731,#2732,#2733,#2734,#2735,#2736,
#2737,#2738,#2739,#2740),.UNSPECIFIED.,.F.,.F.,(4,2,2,2,4),(-0.176781104454544,
-0.141248118798791,-0.105715133143038,-0.0528575665715192,-0.0180498948863383),
 .UNSPECIFIED.);
#117=B_SPLINE_CURVE_WITH_KNOTS('',3,(#2758,#2759,#2760,#2761,#2762,#2763,
#2764,#2765,#2766,#2767),.UNSPECIFIED.,.F.,.F.,(4,2,2,2,4),(0.434936603469584,
0.469744275154765,0.522601841726284,0.558134827382037,0.59366781303779),
 .UNSPECIFIED.);
#118=B_SPLINE_CURVE_WITH_KNOTS('',3,(#2777,#2778,#2779,#2780,#2781,#2782,
#2783,#2784,#2785,#2786),.UNSPECIFIED.,.F.,.F.,(4,2,2,2,4),(0.59366781303779,
0.629200798693543,0.664733784349295,0.717591350920815,0.752399022605996),
 .UNSPECIFIED.);
#119=B_SPLINE_CURVE_WITH_KNOTS('',3,(#2794,#2795,#2796,#2797,#2798,#2799,
#2800,#2801,#2802,#2803),.UNSPECIFIED.,.F.,.F.,(4,2,2,2,4),(-0.33551231402275,
-0.300704642337569,-0.24784707576605,-0.212314090110297,-0.176781104454544),
 .UNSPECIFIED.);
#120=B_SPLINE_CURVE_WITH_KNOTS('',3,(#2814,#2815,#2816,#2817,#2818,#2819,
#2820,#2821,#2822,#2823),.UNSPECIFIED.,.F.,.F.,(4,2,2,2,4),(0.59366781303779,
0.629200798693543,0.664733784349295,0.717591350920815,0.752399022605997),
 .UNSPECIFIED.);
#121=B_SPLINE_CURVE_WITH_KNOTS('',3,(#2848,#2849,#2850,#2851,#2852,#2853,
#2854,#2855,#2856,#2857),.UNSPECIFIED.,.F.,.F.,(4,2,2,2,4),(0.59366781303779,
0.629200798693543,0.664733784349295,0.717591350920815,0.752399022605996),
 .UNSPECIFIED.);
#122=B_SPLINE_CURVE_WITH_KNOTS('',3,(#2869,#2870,#2871,#2872,#2873,#2874,
#2875,#2876,#2877,#2878),.UNSPECIFIED.,.F.,.F.,(4,2,2,2,4),(-0.33551231402275,
-0.300704642337569,-0.24784707576605,-0.212314090110297,-0.176781104454544),
 .UNSPECIFIED.);
#123=B_SPLINE_CURVE_WITH_KNOTS('',3,(#2890,#2891,#2892,#2893,#2894,#2895,
#2896,#2897,#2898,#2899),.UNSPECIFIED.,.F.,.F.,(4,2,2,2,4),(0.59366781303779,
0.629200798693543,0.664733784349295,0.717591350920815,0.752399022605996),
 .UNSPECIFIED.);
#124=B_SPLINE_CURVE_WITH_KNOTS('',3,(#2917,#2918,#2919,#2920,#2921,#2922,
#2923,#2924,#2925,#2926),.UNSPECIFIED.,.F.,.F.,(4,2,2,2,4),(0.434936603469583,
0.469744275154765,0.522601841726284,0.558134827382037,0.59366781303779),
 .UNSPECIFIED.);
#125=B_SPLINE_CURVE_WITH_KNOTS('',3,(#2936,#2937,#2938,#2939,#2940,#2941,
#2942,#2943,#2944,#2945),.UNSPECIFIED.,.F.,.F.,(4,2,2,2,4),(0.59366781303779,
0.629200798693542,0.664733784349295,0.717591350920814,0.752399022605996),
 .UNSPECIFIED.);
#126=B_SPLINE_CURVE_WITH_KNOTS('',3,(#2959,#2960,#2961,#2962,#2963,#2964,
#2965,#2966,#2967,#2968),.UNSPECIFIED.,.F.,.F.,(4,2,2,2,4),(0.434936603469583,
0.469744275154765,0.522601841726284,0.558134827382037,0.59366781303779),
 .UNSPECIFIED.);
#127=B_SPLINE_CURVE_WITH_KNOTS('',3,(#2978,#2979,#2980,#2981,#2982,#2983,
#2984,#2985,#2986,#2987),.UNSPECIFIED.,.F.,.F.,(4,2,2,2,4),(0.0180498948862667,
0.0528575665715195,0.105715133143039,0.141248118798792,0.176781104454545),
 .UNSPECIFIED.);
#128=B_SPLINE_CURVE_WITH_KNOTS('',3,(#3096,#3097,#3098,#3099,#3100,#3101,
#3102,#3103,#3104,#3105),.UNSPECIFIED.,.F.,.F.,(4,2,2,2,4),(0.176781104454545,
0.212314090110297,0.24784707576605,0.300704642337569,0.335512314022822),
 .UNSPECIFIED.);
#129=CYLINDRICAL_SURFACE('',#1569,1.05);
#130=CYLINDRICAL_SURFACE('',#1574,1.05);
#131=CYLINDRICAL_SURFACE('',#1591,1.05);
#132=CYLINDRICAL_SURFACE('',#1596,8.);
#133=CYLINDRICAL_SURFACE('',#1598,1.05);
#134=CYLINDRICAL_SURFACE('',#1603,8.);
#135=CYLINDRICAL_SURFACE('',#1605,1.05);
#136=CYLINDRICAL_SURFACE('',#1610,8.);
#137=CYLINDRICAL_SURFACE('',#1612,8.);
#138=CYLINDRICAL_SURFACE('',#1617,1.05);
#139=CYLINDRICAL_SURFACE('',#1622,8.);
#140=CYLINDRICAL_SURFACE('',#1624,1.05);
#141=CYLINDRICAL_SURFACE('',#1626,8.);
#142=CYLINDRICAL_SURFACE('',#1631,1.05);
#143=CYLINDRICAL_SURFACE('',#1636,8.);
#144=CYLINDRICAL_SURFACE('',#1638,1.05);
#145=CYLINDRICAL_SURFACE('',#1640,8.);
#146=CYLINDRICAL_SURFACE('',#1645,8.);
#147=CYLINDRICAL_SURFACE('',#1647,1.05);
#148=CYLINDRICAL_SURFACE('',#1652,8.);
#149=CYLINDRICAL_SURFACE('',#1654,1.05);
#150=CYLINDRICAL_SURFACE('',#1656,8.);
#151=CYLINDRICAL_SURFACE('',#1661,1.05);
#152=CYLINDRICAL_SURFACE('',#1663,8.);
#153=CYLINDRICAL_SURFACE('',#1684,4.5);
#154=CYLINDRICAL_SURFACE('',#1689,2.15);
#155=CYLINDRICAL_SURFACE('',#1697,5.);
#156=CYLINDRICAL_SURFACE('',#1702,8.);
#157=CYLINDRICAL_SURFACE('',#1705,1.05);
#158=FACE_OUTER_BOUND('',#247,.T.);
#159=FACE_OUTER_BOUND('',#248,.T.);
#160=FACE_OUTER_BOUND('',#249,.T.);
#161=FACE_OUTER_BOUND('',#250,.T.);
#162=FACE_OUTER_BOUND('',#251,.T.);
#163=FACE_OUTER_BOUND('',#252,.T.);
#164=FACE_OUTER_BOUND('',#253,.T.);
#165=FACE_OUTER_BOUND('',#254,.T.);
#166=FACE_OUTER_BOUND('',#255,.T.);
#167=FACE_OUTER_BOUND('',#256,.T.);
#168=FACE_OUTER_BOUND('',#257,.T.);
#169=FACE_OUTER_BOUND('',#258,.T.);
#170=FACE_OUTER_BOUND('',#259,.T.);
#171=FACE_OUTER_BOUND('',#260,.T.);
#172=FACE_OUTER_BOUND('',#261,.T.);
#173=FACE_OUTER_BOUND('',#262,.T.);
#174=FACE_OUTER_BOUND('',#263,.T.);
#175=FACE_OUTER_BOUND('',#264,.T.);
#176=FACE_OUTER_BOUND('',#265,.T.);
#177=FACE_OUTER_BOUND('',#266,.T.);
#178=FACE_OUTER_BOUND('',#267,.T.);
#179=FACE_OUTER_BOUND('',#268,.T.);
#180=FACE_OUTER_BOUND('',#269,.T.);
#181=FACE_OUTER_BOUND('',#270,.T.);
#182=FACE_OUTER_BOUND('',#271,.T.);
#183=FACE_OUTER_BOUND('',#272,.T.);
#184=FACE_OUTER_BOUND('',#273,.T.);
#185=FACE_OUTER_BOUND('',#274,.T.);
#186=FACE_OUTER_BOUND('',#275,.T.);
#187=FACE_OUTER_BOUND('',#276,.T.);
#188=FACE_OUTER_BOUND('',#277,.T.);
#189=FACE_OUTER_BOUND('',#278,.T.);
#190=FACE_OUTER_BOUND('',#279,.T.);
#191=FACE_OUTER_BOUND('',#280,.T.);
#192=FACE_OUTER_BOUND('',#281,.T.);
#193=FACE_OUTER_BOUND('',#282,.T.);
#194=FACE_OUTER_BOUND('',#283,.T.);
#195=FACE_OUTER_BOUND('',#284,.T.);
#196=FACE_OUTER_BOUND('',#285,.T.);
#197=FACE_OUTER_BOUND('',#286,.T.);
#198=FACE_OUTER_BOUND('',#287,.T.);
#199=FACE_OUTER_BOUND('',#288,.T.);
#200=FACE_OUTER_BOUND('',#289,.T.);
#201=FACE_OUTER_BOUND('',#290,.T.);
#202=FACE_OUTER_BOUND('',#291,.T.);
#203=FACE_OUTER_BOUND('',#292,.T.);
#204=FACE_OUTER_BOUND('',#293,.T.);
#205=FACE_OUTER_BOUND('',#294,.T.);
#206=FACE_OUTER_BOUND('',#295,.T.);
#207=FACE_OUTER_BOUND('',#296,.T.);
#208=FACE_OUTER_BOUND('',#297,.T.);
#209=FACE_OUTER_BOUND('',#298,.T.);
#210=FACE_OUTER_BOUND('',#299,.T.);
#211=FACE_OUTER_BOUND('',#300,.T.);
#212=FACE_OUTER_BOUND('',#301,.T.);
#213=FACE_OUTER_BOUND('',#302,.T.);
#214=FACE_OUTER_BOUND('',#303,.T.);
#215=FACE_OUTER_BOUND('',#304,.T.);
#216=FACE_OUTER_BOUND('',#305,.T.);
#217=FACE_OUTER_BOUND('',#306,.T.);
#218=FACE_OUTER_BOUND('',#307,.T.);
#219=FACE_OUTER_BOUND('',#308,.T.);
#220=FACE_OUTER_BOUND('',#309,.T.);
#221=FACE_OUTER_BOUND('',#310,.T.);
#222=FACE_OUTER_BOUND('',#311,.T.);
#223=FACE_OUTER_BOUND('',#312,.T.);
#224=FACE_OUTER_BOUND('',#313,.T.);
#225=FACE_OUTER_BOUND('',#314,.T.);
#226=FACE_OUTER_BOUND('',#315,.T.);
#227=FACE_OUTER_BOUND('',#316,.T.);
#228=FACE_OUTER_BOUND('',#317,.T.);
#229=FACE_OUTER_BOUND('',#319,.T.);
#230=FACE_OUTER_BOUND('',#320,.T.);
#231=FACE_OUTER_BOUND('',#322,.T.);
#232=FACE_OUTER_BOUND('',#323,.T.);
#233=FACE_OUTER_BOUND('',#324,.T.);
#234=FACE_OUTER_BOUND('',#325,.T.);
#235=FACE_OUTER_BOUND('',#327,.T.);
#236=FACE_OUTER_BOUND('',#328,.T.);
#237=FACE_OUTER_BOUND('',#329,.T.);
#238=FACE_OUTER_BOUND('',#330,.T.);
#239=FACE_OUTER_BOUND('',#332,.T.);
#240=FACE_OUTER_BOUND('',#333,.T.);
#241=FACE_OUTER_BOUND('',#334,.T.);
#242=FACE_OUTER_BOUND('',#335,.T.);
#243=FACE_OUTER_BOUND('',#336,.T.);
#244=FACE_OUTER_BOUND('',#337,.T.);
#245=FACE_OUTER_BOUND('',#338,.T.);
#246=FACE_OUTER_BOUND('',#339,.T.);
#247=EDGE_LOOP('',(#955,#956,#957,#958));
#248=EDGE_LOOP('',(#959,#960,#961,#962,#963));
#249=EDGE_LOOP('',(#964,#965,#966,#967,#968,#969));
#250=EDGE_LOOP('',(#970,#971,#972,#973));
#251=EDGE_LOOP('',(#974,#975,#976,#977,#978));
#252=EDGE_LOOP('',(#979,#980,#981,#982,#983,#984,#985,#986,#987,#988,#989,
#990,#991,#992,#993,#994,#995,#996,#997,#998,#999,#1000,#1001,#1002,#1003,
#1004,#1005,#1006,#1007,#1008,#1009,#1010,#1011,#1012,#1013,#1014,#1015,
#1016,#1017,#1018,#1019,#1020,#1021,#1022,#1023,#1024,#1025,#1026,#1027,
#1028,#1029,#1030,#1031,#1032,#1033,#1034));
#253=EDGE_LOOP('',(#1035,#1036,#1037,#1038));
#254=EDGE_LOOP('',(#1039,#1040,#1041,#1042,#1043));
#255=EDGE_LOOP('',(#1044,#1045,#1046,#1047));
#256=EDGE_LOOP('',(#1048,#1049,#1050,#1051,#1052,#1053));
#257=EDGE_LOOP('',(#1054,#1055,#1056,#1057));
#258=EDGE_LOOP('',(#1058,#1059,#1060,#1061));
#259=EDGE_LOOP('',(#1062,#1063,#1064,#1065,#1066));
#260=EDGE_LOOP('',(#1067,#1068,#1069,#1070));
#261=EDGE_LOOP('',(#1071,#1072,#1073,#1074,#1075,#1076));
#262=EDGE_LOOP('',(#1077,#1078,#1079,#1080));
#263=EDGE_LOOP('',(#1081,#1082,#1083,#1084));
#264=EDGE_LOOP('',(#1085,#1086,#1087,#1088,#1089));
#265=EDGE_LOOP('',(#1090,#1091,#1092,#1093));
#266=EDGE_LOOP('',(#1094,#1095,#1096,#1097,#1098,#1099));
#267=EDGE_LOOP('',(#1100,#1101,#1102,#1103));
#268=EDGE_LOOP('',(#1104,#1105,#1106,#1107));
#269=EDGE_LOOP('',(#1108,#1109,#1110,#1111));
#270=EDGE_LOOP('',(#1112,#1113,#1114,#1115,#1116,#1117));
#271=EDGE_LOOP('',(#1118,#1119,#1120,#1121));
#272=EDGE_LOOP('',(#1122,#1123,#1124,#1125,#1126));
#273=EDGE_LOOP('',(#1127,#1128,#1129,#1130));
#274=EDGE_LOOP('',(#1131,#1132,#1133,#1134,#1135,#1136));
#275=EDGE_LOOP('',(#1137,#1138,#1139,#1140));
#276=EDGE_LOOP('',(#1141,#1142,#1143,#1144));
#277=EDGE_LOOP('',(#1145,#1146,#1147,#1148,#1149));
#278=EDGE_LOOP('',(#1150,#1151,#1152,#1153));
#279=EDGE_LOOP('',(#1154,#1155,#1156,#1157));
#280=EDGE_LOOP('',(#1158,#1159,#1160,#1161,#1162,#1163));
#281=EDGE_LOOP('',(#1164,#1165,#1166,#1167));
#282=EDGE_LOOP('',(#1168,#1169,#1170,#1171,#1172));
#283=EDGE_LOOP('',(#1173,#1174,#1175,#1176));
#284=EDGE_LOOP('',(#1177,#1178,#1179,#1180,#1181,#1182));
#285=EDGE_LOOP('',(#1183,#1184,#1185,#1186));
#286=EDGE_LOOP('',(#1187,#1188,#1189,#1190));
#287=EDGE_LOOP('',(#1191,#1192,#1193,#1194,#1195));
#288=EDGE_LOOP('',(#1196,#1197,#1198,#1199));
#289=EDGE_LOOP('',(#1200,#1201,#1202,#1203));
#290=EDGE_LOOP('',(#1204,#1205,#1206,#1207));
#291=EDGE_LOOP('',(#1208,#1209,#1210,#1211,#1212,#1213));
#292=EDGE_LOOP('',(#1214,#1215,#1216,#1217));
#293=EDGE_LOOP('',(#1218,#1219,#1220,#1221));
#294=EDGE_LOOP('',(#1222,#1223,#1224,#1225,#1226,#1227));
#295=EDGE_LOOP('',(#1228,#1229,#1230,#1231));
#296=EDGE_LOOP('',(#1232,#1233,#1234,#1235,#1236,#1237));
#297=EDGE_LOOP('',(#1238,#1239,#1240,#1241));
#298=EDGE_LOOP('',(#1242,#1243,#1244,#1245));
#299=EDGE_LOOP('',(#1246,#1247,#1248,#1249,#1250));
#300=EDGE_LOOP('',(#1251,#1252,#1253,#1254));
#301=EDGE_LOOP('',(#1255,#1256,#1257,#1258));
#302=EDGE_LOOP('',(#1259,#1260,#1261,#1262,#1263,#1264));
#303=EDGE_LOOP('',(#1265,#1266,#1267,#1268));
#304=EDGE_LOOP('',(#1269,#1270,#1271,#1272,#1273));
#305=EDGE_LOOP('',(#1274,#1275,#1276,#1277));
#306=EDGE_LOOP('',(#1278,#1279,#1280,#1281));
#307=EDGE_LOOP('',(#1282,#1283,#1284,#1285,#1286,#1287));
#308=EDGE_LOOP('',(#1288,#1289,#1290,#1291));
#309=EDGE_LOOP('',(#1292,#1293,#1294,#1295));
#310=EDGE_LOOP('',(#1296,#1297,#1298,#1299));
#311=EDGE_LOOP('',(#1300,#1301,#1302,#1303));
#312=EDGE_LOOP('',(#1304,#1305,#1306,#1307));
#313=EDGE_LOOP('',(#1308,#1309,#1310,#1311));
#314=EDGE_LOOP('',(#1312,#1313,#1314,#1315));
#315=EDGE_LOOP('',(#1316,#1317,#1318,#1319));
#316=EDGE_LOOP('',(#1320,#1321,#1322,#1323));
#317=EDGE_LOOP('',(#1324));
#318=EDGE_LOOP('',(#1325,#1326,#1327,#1328,#1329,#1330));
#319=EDGE_LOOP('',(#1331,#1332,#1333,#1334,#1335));
#320=EDGE_LOOP('',(#1336));
#321=EDGE_LOOP('',(#1337));
#322=EDGE_LOOP('',(#1338,#1339,#1340,#1341,#1342));
#323=EDGE_LOOP('',(#1343,#1344,#1345,#1346,#1347));
#324=EDGE_LOOP('',(#1348,#1349,#1350,#1351,#1352,#1353));
#325=EDGE_LOOP('',(#1354,#1355,#1356,#1357,#1358,#1359));
#326=EDGE_LOOP('',(#1360));
#327=EDGE_LOOP('',(#1361,#1362,#1363,#1364,#1365));
#328=EDGE_LOOP('',(#1366,#1367,#1368,#1369));
#329=EDGE_LOOP('',(#1370,#1371,#1372,#1373));
#330=EDGE_LOOP('',(#1374,#1375,#1376,#1377,#1378,#1379,#1380,#1381,#1382,
#1383,#1384,#1385,#1386));
#331=EDGE_LOOP('',(#1387));
#332=EDGE_LOOP('',(#1388,#1389,#1390,#1391,#1392,#1393));
#333=EDGE_LOOP('',(#1394,#1395,#1396,#1397));
#334=EDGE_LOOP('',(#1398,#1399,#1400,#1401));
#335=EDGE_LOOP('',(#1402,#1403,#1404,#1405));
#336=EDGE_LOOP('',(#1406,#1407,#1408,#1409,#1410));
#337=EDGE_LOOP('',(#1411,#1412,#1413,#1414));
#338=EDGE_LOOP('',(#1415,#1416,#1417,#1418));
#339=EDGE_LOOP('',(#1419,#1420,#1421,#1422));
#340=LINE('',#2091,#430);
#341=LINE('',#2096,#431);
#342=LINE('',#2121,#432);
#343=LINE('',#2166,#433);
#344=LINE('',#2171,#434);
#345=LINE('',#2193,#435);
#346=LINE('',#2234,#436);
#347=LINE('',#2555,#437);
#348=LINE('',#2560,#438);
#349=LINE('',#2584,#439);
#350=LINE('',#2590,#440);
#351=LINE('',#2611,#441);
#352=LINE('',#2613,#442);
#353=LINE('',#2626,#443);
#354=LINE('',#2632,#444);
#355=LINE('',#2653,#445);
#356=LINE('',#2655,#446);
#357=LINE('',#2668,#447);
#358=LINE('',#2674,#448);
#359=LINE('',#2683,#449);
#360=LINE('',#2688,#450);
#361=LINE('',#2707,#451);
#362=LINE('',#2720,#452);
#363=LINE('',#2726,#453);
#364=LINE('',#2747,#454);
#365=LINE('',#2754,#455);
#366=LINE('',#2755,#456);
#367=LINE('',#2757,#457);
#368=LINE('',#2772,#458);
#369=LINE('',#2791,#459);
#370=LINE('',#2804,#460);
#371=LINE('',#2810,#461);
#372=LINE('',#2830,#462);
#373=LINE('',#2832,#463);
#374=LINE('',#2834,#464);
#375=LINE('',#2836,#465);
#376=LINE('',#2843,#466);
#377=LINE('',#2864,#467);
#378=LINE('',#2866,#468);
#379=LINE('',#2879,#469);
#380=LINE('',#2885,#470);
#381=LINE('',#2906,#471);
#382=LINE('',#2913,#472);
#383=LINE('',#2914,#473);
#384=LINE('',#2916,#474);
#385=LINE('',#2931,#475);
#386=LINE('',#2955,#476);
#387=LINE('',#2956,#477);
#388=LINE('',#2958,#478);
#389=LINE('',#2973,#479);
#390=LINE('',#2994,#480);
#391=LINE('',#2996,#481);
#392=LINE('',#2998,#482);
#393=LINE('',#2999,#483);
#394=LINE('',#3002,#484);
#395=LINE('',#3004,#485);
#396=LINE('',#3005,#486);
#397=LINE('',#3008,#487);
#398=LINE('',#3010,#488);
#399=LINE('',#3011,#489);
#400=LINE('',#3014,#490);
#401=LINE('',#3016,#491);
#402=LINE('',#3017,#492);
#403=LINE('',#3020,#493);
#404=LINE('',#3022,#494);
#405=LINE('',#3023,#495);
#406=LINE('',#3025,#496);
#407=LINE('',#3026,#497);
#408=LINE('',#3029,#498);
#409=LINE('',#3031,#499);
#410=LINE('',#3032,#500);
#411=LINE('',#3035,#501);
#412=LINE('',#3036,#502);
#413=LINE('',#3039,#503);
#414=LINE('',#3040,#504);
#415=LINE('',#3049,#505);
#416=LINE('',#3056,#506);
#417=LINE('',#3062,#507);
#418=LINE('',#3067,#508);
#419=LINE('',#3073,#509);
#420=LINE('',#3075,#510);
#421=LINE('',#3076,#511);
#422=LINE('',#3078,#512);
#423=LINE('',#3083,#513);
#424=LINE('',#3086,#514);
#425=LINE('',#3107,#515);
#426=LINE('',#3109,#516);
#427=LINE('',#3111,#517);
#428=LINE('',#3114,#518);
#429=LINE('',#3116,#519);
#430=VECTOR('',#1713,10.);
#431=VECTOR('',#1714,10.);
#432=VECTOR('',#1717,10.);
#433=VECTOR('',#1726,10.);
#434=VECTOR('',#1727,10.);
#435=VECTOR('',#1730,10.);
#436=VECTOR('',#1735,6.25);
#437=VECTOR('',#1764,10.);
#438=VECTOR('',#1765,10.);
#439=VECTOR('',#1768,10.);
#440=VECTOR('',#1771,10.);
#441=VECTOR('',#1780,10.);
#442=VECTOR('',#1783,10.);
#443=VECTOR('',#1786,10.);
#444=VECTOR('',#1789,10.);
#445=VECTOR('',#1798,10.);
#446=VECTOR('',#1801,10.);
#447=VECTOR('',#1804,10.);
#448=VECTOR('',#1807,10.);
#449=VECTOR('',#1816,10.);
#450=VECTOR('',#1823,10.);
#451=VECTOR('',#1830,10.);
#452=VECTOR('',#1833,10.);
#453=VECTOR('',#1836,10.);
#454=VECTOR('',#1845,10.);
#455=VECTOR('',#1848,10.);
#456=VECTOR('',#1849,10.);
#457=VECTOR('',#1852,10.);
#458=VECTOR('',#1859,10.);
#459=VECTOR('',#1866,10.);
#460=VECTOR('',#1869,10.);
#461=VECTOR('',#1872,10.);
#462=VECTOR('',#1881,10.);
#463=VECTOR('',#1884,10.);
#464=VECTOR('',#1887,10.);
#465=VECTOR('',#1890,10.);
#466=VECTOR('',#1895,10.);
#467=VECTOR('',#1904,10.);
#468=VECTOR('',#1907,10.);
#469=VECTOR('',#1910,10.);
#470=VECTOR('',#1913,10.);
#471=VECTOR('',#1922,10.);
#472=VECTOR('',#1925,10.);
#473=VECTOR('',#1926,10.);
#474=VECTOR('',#1929,10.);
#475=VECTOR('',#1936,10.);
#476=VECTOR('',#1943,10.);
#477=VECTOR('',#1944,10.);
#478=VECTOR('',#1947,10.);
#479=VECTOR('',#1954,10.);
#480=VECTOR('',#1961,9.99999999999999);
#481=VECTOR('',#1962,10.);
#482=VECTOR('',#1963,10.);
#483=VECTOR('',#1964,10.);
#484=VECTOR('',#1967,10.);
#485=VECTOR('',#1968,10.);
#486=VECTOR('',#1969,10.);
#487=VECTOR('',#1972,10.);
#488=VECTOR('',#1973,10.);
#489=VECTOR('',#1974,10.);
#490=VECTOR('',#1977,10.);
#491=VECTOR('',#1978,10.);
#492=VECTOR('',#1979,10.);
#493=VECTOR('',#1982,10.);
#494=VECTOR('',#1983,10.);
#495=VECTOR('',#1984,10.);
#496=VECTOR('',#1987,10.);
#497=VECTOR('',#1988,10.);
#498=VECTOR('',#1991,10.);
#499=VECTOR('',#1992,10.);
#500=VECTOR('',#1993,10.);
#501=VECTOR('',#1996,10.);
#502=VECTOR('',#1997,10.);
#503=VECTOR('',#2000,10.);
#504=VECTOR('',#2001,10.);
#505=VECTOR('',#2010,4.25);
#506=VECTOR('',#2021,4.5);
#507=VECTOR('',#2026,2.4);
#508=VECTOR('',#2033,2.15);
#509=VECTOR('',#2040,10.);
#510=VECTOR('',#2041,10.);
#511=VECTOR('',#2042,10.);
#512=VECTOR('',#2045,2.4);
#513=VECTOR('',#2050,5.1);
#514=VECTOR('',#2055,5.);
#515=VECTOR('',#2066,10.);
#516=VECTOR('',#2069,10.);
#517=VECTOR('',#2072,10.);
#518=VECTOR('',#2077,10.);
#519=VECTOR('',#2080,10.);
#520=(
BOUNDED_CURVE()
B_SPLINE_CURVE(2,(#2087,#2088,#2089),.UNSPECIFIED.,.F.,.F.)
B_SPLINE_CURVE_WITH_KNOTS((3,3),(1.23545305576684,1.25816093343141),
 .UNSPECIFIED.)
CURVE()
GEOMETRIC_REPRESENTATION_ITEM()
RATIONAL_B_SPLINE_CURVE((1.01496822254907,1.00766439957713,1.00008702836854))
REPRESENTATION_ITEM('')
);
#521=(
BOUNDED_CURVE()
B_SPLINE_CURVE(2,(#2093,#2094,#2095),.UNSPECIFIED.,.F.,.F.)
B_SPLINE_CURVE_WITH_KNOTS((3,3),(0.00021172014124269,0.0322842346289083),
 .UNSPECIFIED.)
CURVE()
GEOMETRIC_REPRESENTATION_ITEM()
RATIONAL_B_SPLINE_CURVE((1.00001290891694,1.00098959037935,1.00164061179492))
REPRESENTATION_ITEM('')
);
#522=(
BOUNDED_CURVE()
B_SPLINE_CURVE(2,(#2144,#2145,#2146),.UNSPECIFIED.,.F.,.F.)
B_SPLINE_CURVE_WITH_KNOTS((3,3),(0.599541903222405,0.643030189265168),
 .UNSPECIFIED.)
CURVE()
GEOMETRIC_REPRESENTATION_ITEM()
RATIONAL_B_SPLINE_CURVE((1.10673591286913,1.10812597830626,1.10915611718533))
REPRESENTATION_ITEM('')
);
#523=(
BOUNDED_CURVE()
B_SPLINE_CURVE(2,(#2162,#2163,#2164),.UNSPECIFIED.,.F.,.F.)
B_SPLINE_CURVE_WITH_KNOTS((3,3),(0.160515462169559,0.192587976657224),
 .UNSPECIFIED.)
CURVE()
GEOMETRIC_REPRESENTATION_ITEM()
RATIONAL_B_SPLINE_CURVE((1.00164061179491,1.00098959037934,1.00001290891694))
REPRESENTATION_ITEM('')
);
#524=(
BOUNDED_CURVE()
B_SPLINE_CURVE(2,(#2168,#2169,#2170),.UNSPECIFIED.,.F.,.F.)
B_SPLINE_CURVE_WITH_KNOTS((3,3),(0.00013038985415037,0.0228382675243668),
 .UNSPECIFIED.)
CURVE()
GEOMETRIC_REPRESENTATION_ITEM()
RATIONAL_B_SPLINE_CURVE((1.00008702836477,1.00766439957531,1.01496822254907))
REPRESENTATION_ITEM('')
);
#525=(
BOUNDED_CURVE()
B_SPLINE_CURVE(2,(#2217,#2218,#2219),.UNSPECIFIED.,.F.,.F.)
B_SPLINE_CURVE_WITH_KNOTS((3,3),(-2.67557292396488,-2.63814506991611),
 .UNSPECIFIED.)
CURVE()
GEOMETRIC_REPRESENTATION_ITEM()
RATIONAL_B_SPLINE_CURVE((1.45883925493185,1.46989245956064,1.48054663601025))
REPRESENTATION_ITEM('')
);
#526=(
BOUNDED_CURVE()
B_SPLINE_CURVE(2,(#2223,#2224,#2225),.UNSPECIFIED.,.F.,.F.)
B_SPLINE_CURVE_WITH_KNOTS((3,3),(-0.639474389594258,-0.602046535545492),
 .UNSPECIFIED.)
CURVE()
GEOMETRIC_REPRESENTATION_ITEM()
RATIONAL_B_SPLINE_CURVE((1.48054663601025,1.46989245956064,1.45883925493185))
REPRESENTATION_ITEM('')
);
#527=(
BOUNDED_CURVE()
B_SPLINE_CURVE(2,(#2254,#2255,#2256),.UNSPECIFIED.,.F.,.F.)
B_SPLINE_CURVE_WITH_KNOTS((3,3),(-2.67557292396488,-2.63814506991612),
 .UNSPECIFIED.)
CURVE()
GEOMETRIC_REPRESENTATION_ITEM()
RATIONAL_B_SPLINE_CURVE((1.45883925493185,1.46989245956064,1.48054663601025))
REPRESENTATION_ITEM('')
);
#528=(
BOUNDED_CURVE()
B_SPLINE_CURVE(2,(#2260,#2261,#2262),.UNSPECIFIED.,.F.,.F.)
B_SPLINE_CURVE_WITH_KNOTS((3,3),(-0.639474389594262,-0.602046535545495),
 .UNSPECIFIED.)
CURVE()
GEOMETRIC_REPRESENTATION_ITEM()
RATIONAL_B_SPLINE_CURVE((1.48054663601025,1.46989245956064,1.45883925493185))
REPRESENTATION_ITEM('')
);
#529=(
BOUNDED_CURVE()
B_SPLINE_CURVE(2,(#2283,#2284,#2285),.UNSPECIFIED.,.F.,.F.)
B_SPLINE_CURVE_WITH_KNOTS((3,3),(-2.67557292396488,-2.63814506991611),
 .UNSPECIFIED.)
CURVE()
GEOMETRIC_REPRESENTATION_ITEM()
RATIONAL_B_SPLINE_CURVE((1.45883925493186,1.46989245956064,1.48054663601025))
REPRESENTATION_ITEM('')
);
#530=(
BOUNDED_CURVE()
B_SPLINE_CURVE(2,(#2289,#2290,#2291),.UNSPECIFIED.,.F.,.F.)
B_SPLINE_CURVE_WITH_KNOTS((3,3),(-0.63947438959426,-0.602046535545494),
 .UNSPECIFIED.)
CURVE()
GEOMETRIC_REPRESENTATION_ITEM()
RATIONAL_B_SPLINE_CURVE((1.48054663601025,1.46989245956064,1.45883925493185))
REPRESENTATION_ITEM('')
);
#531=(
BOUNDED_CURVE()
B_SPLINE_CURVE(2,(#2312,#2313,#2314),.UNSPECIFIED.,.F.,.F.)
B_SPLINE_CURVE_WITH_KNOTS((3,3),(-2.67557292396489,-2.63814506991612),
 .UNSPECIFIED.)
CURVE()
GEOMETRIC_REPRESENTATION_ITEM()
RATIONAL_B_SPLINE_CURVE((1.45883925493186,1.46989245956064,1.48054663601026))
REPRESENTATION_ITEM('')
);
#532=(
BOUNDED_CURVE()
B_SPLINE_CURVE(2,(#2318,#2319,#2320),.UNSPECIFIED.,.F.,.F.)
B_SPLINE_CURVE_WITH_KNOTS((3,3),(-0.639474389594204,-0.602046535545439),
 .UNSPECIFIED.)
CURVE()
GEOMETRIC_REPRESENTATION_ITEM()
RATIONAL_B_SPLINE_CURVE((1.48054663601021,1.46989245956059,1.45883925493181))
REPRESENTATION_ITEM('')
);
#533=(
BOUNDED_CURVE()
B_SPLINE_CURVE(2,(#2341,#2342,#2343),.UNSPECIFIED.,.F.,.F.)
B_SPLINE_CURVE_WITH_KNOTS((3,3),(-2.67557292396474,-2.63814506991598),
 .UNSPECIFIED.)
CURVE()
GEOMETRIC_REPRESENTATION_ITEM()
RATIONAL_B_SPLINE_CURVE((1.45883925493181,1.46989245956059,1.4805466360102))
REPRESENTATION_ITEM('')
);
#534=(
BOUNDED_CURVE()
B_SPLINE_CURVE(2,(#2347,#2348,#2349),.UNSPECIFIED.,.F.,.F.)
B_SPLINE_CURVE_WITH_KNOTS((3,3),(2.63814506991612,2.67557292396489),
 .UNSPECIFIED.)
CURVE()
GEOMETRIC_REPRESENTATION_ITEM()
RATIONAL_B_SPLINE_CURVE((1.48054663601025,1.46989245956064,1.45883925493185))
REPRESENTATION_ITEM('')
);
#535=(
BOUNDED_CURVE()
B_SPLINE_CURVE(2,(#2370,#2371,#2372),.UNSPECIFIED.,.F.,.F.)
B_SPLINE_CURVE_WITH_KNOTS((3,3),(-2.67557292396488,-2.63814506991611),
 .UNSPECIFIED.)
CURVE()
GEOMETRIC_REPRESENTATION_ITEM()
RATIONAL_B_SPLINE_CURVE((1.45883925493185,1.46989245956064,1.48054663601025))
REPRESENTATION_ITEM('')
);
#536=(
BOUNDED_CURVE()
B_SPLINE_CURVE(2,(#2376,#2377,#2378),.UNSPECIFIED.,.F.,.F.)
B_SPLINE_CURVE_WITH_KNOTS((3,3),(-0.639474389594262,-0.602046535545495),
 .UNSPECIFIED.)
CURVE()
GEOMETRIC_REPRESENTATION_ITEM()
RATIONAL_B_SPLINE_CURVE((1.48054663601025,1.46989245956064,1.45883925493185))
REPRESENTATION_ITEM('')
);
#537=(
BOUNDED_CURVE()
B_SPLINE_CURVE(2,(#2399,#2400,#2401),.UNSPECIFIED.,.F.,.F.)
B_SPLINE_CURVE_WITH_KNOTS((3,3),(-2.67557292396489,-2.63814506991612),
 .UNSPECIFIED.)
CURVE()
GEOMETRIC_REPRESENTATION_ITEM()
RATIONAL_B_SPLINE_CURVE((1.45883925493185,1.46989245956064,1.48054663601025))
REPRESENTATION_ITEM('')
);
#538=(
BOUNDED_CURVE()
B_SPLINE_CURVE(2,(#2405,#2406,#2407),.UNSPECIFIED.,.F.,.F.)
B_SPLINE_CURVE_WITH_KNOTS((3,3),(-0.639474389594256,-0.60204653554549),
 .UNSPECIFIED.)
CURVE()
GEOMETRIC_REPRESENTATION_ITEM()
RATIONAL_B_SPLINE_CURVE((1.48054663601025,1.46989245956064,1.45883925493185))
REPRESENTATION_ITEM('')
);
#539=(
BOUNDED_CURVE()
B_SPLINE_CURVE(2,(#2428,#2429,#2430),.UNSPECIFIED.,.F.,.F.)
B_SPLINE_CURVE_WITH_KNOTS((3,3),(-2.67557292396487,-2.63814506991611),
 .UNSPECIFIED.)
CURVE()
GEOMETRIC_REPRESENTATION_ITEM()
RATIONAL_B_SPLINE_CURVE((1.45883925493185,1.46989245956064,1.48054663601025))
REPRESENTATION_ITEM('')
);
#540=(
BOUNDED_CURVE()
B_SPLINE_CURVE(2,(#2433,#2434,#2435),.UNSPECIFIED.,.F.,.F.)
B_SPLINE_CURVE_WITH_KNOTS((3,3),(-0.639474389594262,-0.602046535545495),
 .UNSPECIFIED.)
CURVE()
GEOMETRIC_REPRESENTATION_ITEM()
RATIONAL_B_SPLINE_CURVE((1.48054663601025,1.46989245956064,1.45883925493185))
REPRESENTATION_ITEM('')
);
#541=(
BOUNDED_CURVE()
B_SPLINE_CURVE(2,(#2439,#2440,#2441),.UNSPECIFIED.,.F.,.F.)
B_SPLINE_CURVE_WITH_KNOTS((3,3),(-0.639474389594264,-0.602046535545497),
 .UNSPECIFIED.)
CURVE()
GEOMETRIC_REPRESENTATION_ITEM()
RATIONAL_B_SPLINE_CURVE((1.48054663601025,1.46989245956064,1.45883925493185))
REPRESENTATION_ITEM('')
);
#542=(
BOUNDED_CURVE()
B_SPLINE_CURVE(2,(#2462,#2463,#2464),.UNSPECIFIED.,.F.,.F.)
B_SPLINE_CURVE_WITH_KNOTS((3,3),(-2.67557292396489,-2.63814506991613),
 .UNSPECIFIED.)
CURVE()
GEOMETRIC_REPRESENTATION_ITEM()
RATIONAL_B_SPLINE_CURVE((1.45883925493186,1.46989245956064,1.48054663601025))
REPRESENTATION_ITEM('')
);
#543=(
BOUNDED_CURVE()
B_SPLINE_CURVE(2,(#2468,#2469,#2470),.UNSPECIFIED.,.F.,.F.)
B_SPLINE_CURVE_WITH_KNOTS((3,3),(-0.639474389594262,-0.602046535545495),
 .UNSPECIFIED.)
CURVE()
GEOMETRIC_REPRESENTATION_ITEM()
RATIONAL_B_SPLINE_CURVE((1.48054663601025,1.46989245956064,1.45883925493185))
REPRESENTATION_ITEM('')
);
#544=(
BOUNDED_CURVE()
B_SPLINE_CURVE(2,(#2491,#2492,#2493),.UNSPECIFIED.,.F.,.F.)
B_SPLINE_CURVE_WITH_KNOTS((3,3),(-2.67557292396488,-2.63814506991611),
 .UNSPECIFIED.)
CURVE()
GEOMETRIC_REPRESENTATION_ITEM()
RATIONAL_B_SPLINE_CURVE((1.45883925493185,1.46989245956064,1.48054663601025))
REPRESENTATION_ITEM('')
);
#545=(
BOUNDED_CURVE()
B_SPLINE_CURVE(2,(#2497,#2498,#2499),.UNSPECIFIED.,.F.,.F.)
B_SPLINE_CURVE_WITH_KNOTS((3,3),(-0.639474389594261,-0.602046535545495),
 .UNSPECIFIED.)
CURVE()
GEOMETRIC_REPRESENTATION_ITEM()
RATIONAL_B_SPLINE_CURVE((1.48054663601025,1.46989245956064,1.45883925493185))
REPRESENTATION_ITEM('')
);
#546=(
BOUNDED_CURVE()
B_SPLINE_CURVE(2,(#2520,#2521,#2522),.UNSPECIFIED.,.F.,.F.)
B_SPLINE_CURVE_WITH_KNOTS((3,3),(-2.67557292396488,-2.63814506991611),
 .UNSPECIFIED.)
CURVE()
GEOMETRIC_REPRESENTATION_ITEM()
RATIONAL_B_SPLINE_CURVE((1.45883925493185,1.46989245956064,1.48054663601025))
REPRESENTATION_ITEM('')
);
#547=(
BOUNDED_CURVE()
B_SPLINE_CURVE(2,(#2526,#2527,#2528),.UNSPECIFIED.,.F.,.F.)
B_SPLINE_CURVE_WITH_KNOTS((3,3),(-0.639474389594262,-0.602046535545495),
 .UNSPECIFIED.)
CURVE()
GEOMETRIC_REPRESENTATION_ITEM()
RATIONAL_B_SPLINE_CURVE((1.48054663601025,1.46989245956064,1.45883925493185))
REPRESENTATION_ITEM('')
);
#548=(
BOUNDED_CURVE()
B_SPLINE_CURVE(2,(#2549,#2550,#2551),.UNSPECIFIED.,.F.,.F.)
B_SPLINE_CURVE_WITH_KNOTS((3,3),(-2.67557292396489,-2.63814506991612),
 .UNSPECIFIED.)
CURVE()
GEOMETRIC_REPRESENTATION_ITEM()
RATIONAL_B_SPLINE_CURVE((1.45883925493186,1.46989245956064,1.48054663601026))
REPRESENTATION_ITEM('')
);
#549=(
BOUNDED_CURVE()
B_SPLINE_CURVE(2,(#2557,#2558,#2559),.UNSPECIFIED.,.F.,.F.)
B_SPLINE_CURVE_WITH_KNOTS((3,3),(0.892158856188769,0.935654185718635),
 .UNSPECIFIED.)
CURVE()
GEOMETRIC_REPRESENTATION_ITEM()
RATIONAL_B_SPLINE_CURVE((1.1090370369713,1.10800410871012,1.1066112998162))
REPRESENTATION_ITEM('')
);
#550=(
BOUNDED_CURVE()
B_SPLINE_CURVE(2,(#2587,#2588,#2589),.UNSPECIFIED.,.F.,.F.)
B_SPLINE_CURVE_WITH_KNOTS((3,3),(0.599541903222403,0.643030189265166),
 .UNSPECIFIED.)
CURVE()
GEOMETRIC_REPRESENTATION_ITEM()
RATIONAL_B_SPLINE_CURVE((1.10673591286913,1.10812597830626,1.10915611718533))
REPRESENTATION_ITEM('')
);
#551=(
BOUNDED_CURVE()
B_SPLINE_CURVE(2,(#2606,#2607,#2608),.UNSPECIFIED.,.F.,.F.)
B_SPLINE_CURVE_WITH_KNOTS((3,3),(-0.643030189265166,-0.599541903222404),
 .UNSPECIFIED.)
CURVE()
GEOMETRIC_REPRESENTATION_ITEM()
RATIONAL_B_SPLINE_CURVE((1.10915611718534,1.10812597830626,1.10673591286914))
REPRESENTATION_ITEM('')
);
#552=(
BOUNDED_CURVE()
B_SPLINE_CURVE(2,(#2629,#2630,#2631),.UNSPECIFIED.,.F.,.F.)
B_SPLINE_CURVE_WITH_KNOTS((3,3),(0.5995419032224,0.643030189265163),
 .UNSPECIFIED.)
CURVE()
GEOMETRIC_REPRESENTATION_ITEM()
RATIONAL_B_SPLINE_CURVE((1.10673591286914,1.10812597830626,1.10915611718533))
REPRESENTATION_ITEM('')
);
#553=(
BOUNDED_CURVE()
B_SPLINE_CURVE(2,(#2648,#2649,#2650),.UNSPECIFIED.,.F.,.F.)
B_SPLINE_CURVE_WITH_KNOTS((3,3),(-0.643030189265161,-0.599541903222399),
 .UNSPECIFIED.)
CURVE()
GEOMETRIC_REPRESENTATION_ITEM()
RATIONAL_B_SPLINE_CURVE((1.10915611718533,1.10812597830626,1.10673591286913))
REPRESENTATION_ITEM('')
);
#554=(
BOUNDED_CURVE()
B_SPLINE_CURVE(2,(#2671,#2672,#2673),.UNSPECIFIED.,.F.,.F.)
B_SPLINE_CURVE_WITH_KNOTS((3,3),(0.599541903222412,0.643030189265175),
 .UNSPECIFIED.)
CURVE()
GEOMETRIC_REPRESENTATION_ITEM()
RATIONAL_B_SPLINE_CURVE((1.10673591286914,1.10812597830626,1.10915611718534))
REPRESENTATION_ITEM('')
);
#555=(
BOUNDED_CURVE()
B_SPLINE_CURVE(2,(#2678,#2679,#2680),.UNSPECIFIED.,.F.,.F.)
B_SPLINE_CURVE_WITH_KNOTS((3,3),(-0.64303018926517,-0.599541903222408),
 .UNSPECIFIED.)
CURVE()
GEOMETRIC_REPRESENTATION_ITEM()
RATIONAL_B_SPLINE_CURVE((1.10915611718534,1.10812597830626,1.10673591286914))
REPRESENTATION_ITEM('')
);
#556=(
BOUNDED_CURVE()
B_SPLINE_CURVE(2,(#2703,#2704,#2705),.UNSPECIFIED.,.F.,.F.)
B_SPLINE_CURVE_WITH_KNOTS((3,3),(-0.643030189265173,-0.59954190322241),
 .UNSPECIFIED.)
CURVE()
GEOMETRIC_REPRESENTATION_ITEM()
RATIONAL_B_SPLINE_CURVE((1.10915611718533,1.10812597830626,1.10673591286914))
REPRESENTATION_ITEM('')
);
#557=(
BOUNDED_CURVE()
B_SPLINE_CURVE(2,(#2723,#2724,#2725),.UNSPECIFIED.,.F.,.F.)
B_SPLINE_CURVE_WITH_KNOTS((3,3),(0.599541903222402,0.643030189265165),
 .UNSPECIFIED.)
CURVE()
GEOMETRIC_REPRESENTATION_ITEM()
RATIONAL_B_SPLINE_CURVE((1.10673591286913,1.10812597830626,1.10915611718533))
REPRESENTATION_ITEM('')
);
#558=(
BOUNDED_CURVE()
B_SPLINE_CURVE(2,(#2742,#2743,#2744),.UNSPECIFIED.,.F.,.F.)
B_SPLINE_CURVE_WITH_KNOTS((3,3),(-0.643030189265169,-0.599541903222406),
 .UNSPECIFIED.)
CURVE()
GEOMETRIC_REPRESENTATION_ITEM()
RATIONAL_B_SPLINE_CURVE((1.10915611718534,1.10812597830626,1.10673591286914))
REPRESENTATION_ITEM('')
);
#559=(
BOUNDED_CURVE()
B_SPLINE_CURVE(2,(#2751,#2752,#2753),.UNSPECIFIED.,.F.,.F.)
B_SPLINE_CURVE_WITH_KNOTS((3,3),(0.598983210380234,0.6424785399101),
 .UNSPECIFIED.)
CURVE()
GEOMETRIC_REPRESENTATION_ITEM()
RATIONAL_B_SPLINE_CURVE((1.1066112998162,1.10800410871012,1.1090370369713))
REPRESENTATION_ITEM('')
);
#560=(
BOUNDED_CURVE()
B_SPLINE_CURVE(2,(#2787,#2788,#2789),.UNSPECIFIED.,.F.,.F.)
B_SPLINE_CURVE_WITH_KNOTS((3,3),(-0.643030189265167,-0.599541903222405),
 .UNSPECIFIED.)
CURVE()
GEOMETRIC_REPRESENTATION_ITEM()
RATIONAL_B_SPLINE_CURVE((1.10915611718533,1.10812597830626,1.10673591286914))
REPRESENTATION_ITEM('')
);
#561=(
BOUNDED_CURVE()
B_SPLINE_CURVE(2,(#2807,#2808,#2809),.UNSPECIFIED.,.F.,.F.)
B_SPLINE_CURVE_WITH_KNOTS((3,3),(0.599541903222405,0.643030189265168),
 .UNSPECIFIED.)
CURVE()
GEOMETRIC_REPRESENTATION_ITEM()
RATIONAL_B_SPLINE_CURVE((1.10673591286914,1.10812597830626,1.10915611718534))
REPRESENTATION_ITEM('')
);
#562=(
BOUNDED_CURVE()
B_SPLINE_CURVE(2,(#2825,#2826,#2827),.UNSPECIFIED.,.F.,.F.)
B_SPLINE_CURVE_WITH_KNOTS((3,3),(-0.643030189265172,-0.599541903222409),
 .UNSPECIFIED.)
CURVE()
GEOMETRIC_REPRESENTATION_ITEM()
RATIONAL_B_SPLINE_CURVE((1.10915611718534,1.10812597830627,1.10673591286914))
REPRESENTATION_ITEM('')
);
#563=(
BOUNDED_CURVE()
B_SPLINE_CURVE(2,(#2840,#2841,#2842),.UNSPECIFIED.,.F.,.F.)
B_SPLINE_CURVE_WITH_KNOTS((3,3),(0.598983210380237,0.642478539910103),
 .UNSPECIFIED.)
CURVE()
GEOMETRIC_REPRESENTATION_ITEM()
RATIONAL_B_SPLINE_CURVE((1.1066112998162,1.10800410871012,1.1090370369713))
REPRESENTATION_ITEM('')
);
#564=(
BOUNDED_CURVE()
B_SPLINE_CURVE(2,(#2859,#2860,#2861),.UNSPECIFIED.,.F.,.F.)
B_SPLINE_CURVE_WITH_KNOTS((3,3),(-0.643030189265165,-0.599541903222402),
 .UNSPECIFIED.)
CURVE()
GEOMETRIC_REPRESENTATION_ITEM()
RATIONAL_B_SPLINE_CURVE((1.10915611718533,1.10812597830626,1.10673591286914))
REPRESENTATION_ITEM('')
);
#565=(
BOUNDED_CURVE()
B_SPLINE_CURVE(2,(#2882,#2883,#2884),.UNSPECIFIED.,.F.,.F.)
B_SPLINE_CURVE_WITH_KNOTS((3,3),(0.5995419032224,0.643030189265164),
 .UNSPECIFIED.)
CURVE()
GEOMETRIC_REPRESENTATION_ITEM()
RATIONAL_B_SPLINE_CURVE((1.10673591286913,1.10812597830626,1.10915611718533))
REPRESENTATION_ITEM('')
);
#566=(
BOUNDED_CURVE()
B_SPLINE_CURVE(2,(#2901,#2902,#2903),.UNSPECIFIED.,.F.,.F.)
B_SPLINE_CURVE_WITH_KNOTS((3,3),(-0.64303018926517,-0.599541903222408),
 .UNSPECIFIED.)
CURVE()
GEOMETRIC_REPRESENTATION_ITEM()
RATIONAL_B_SPLINE_CURVE((1.10915611718533,1.10812597830626,1.10673591286914))
REPRESENTATION_ITEM('')
);
#567=(
BOUNDED_CURVE()
B_SPLINE_CURVE(2,(#2910,#2911,#2912),.UNSPECIFIED.,.F.,.F.)
B_SPLINE_CURVE_WITH_KNOTS((3,3),(0.59898321038024,0.642478539910104),
 .UNSPECIFIED.)
CURVE()
GEOMETRIC_REPRESENTATION_ITEM()
RATIONAL_B_SPLINE_CURVE((1.1066112998162,1.10800410871011,1.1090370369713))
REPRESENTATION_ITEM('')
);
#568=(
BOUNDED_CURVE()
B_SPLINE_CURVE(2,(#2946,#2947,#2948),.UNSPECIFIED.,.F.,.F.)
B_SPLINE_CURVE_WITH_KNOTS((3,3),(-0.643030189265167,-0.599541903222406),
 .UNSPECIFIED.)
CURVE()
GEOMETRIC_REPRESENTATION_ITEM()
RATIONAL_B_SPLINE_CURVE((1.10915611718533,1.10812597830626,1.10673591286913))
REPRESENTATION_ITEM('')
);
#569=(
BOUNDED_CURVE()
B_SPLINE_CURVE(2,(#2952,#2953,#2954),.UNSPECIFIED.,.F.,.F.)
B_SPLINE_CURVE_WITH_KNOTS((3,3),(0.59898321038024,0.642478539910105),
 .UNSPECIFIED.)
CURVE()
GEOMETRIC_REPRESENTATION_ITEM()
RATIONAL_B_SPLINE_CURVE((1.1066112998162,1.10800410871012,1.1090370369713))
REPRESENTATION_ITEM('')
);
#570=(
BOUNDED_CURVE()
B_SPLINE_CURVE(2,(#2988,#2989,#2990),.UNSPECIFIED.,.F.,.F.)
B_SPLINE_CURVE_WITH_KNOTS((3,3),(0.599541903222485,0.643030189265167),
 .UNSPECIFIED.)
CURVE()
GEOMETRIC_REPRESENTATION_ITEM()
RATIONAL_B_SPLINE_CURVE((1.10673591286914,1.10812597830626,1.10915611718533))
REPRESENTATION_ITEM('')
);
#571=(
BOUNDED_CURVE()
B_SPLINE_CURVE(2,(#3093,#3094,#3095),.UNSPECIFIED.,.F.,.F.)
B_SPLINE_CURVE_WITH_KNOTS((3,3),(0.891964163346924,0.935452449389607),
 .UNSPECIFIED.)
CURVE()
GEOMETRIC_REPRESENTATION_ITEM()
RATIONAL_B_SPLINE_CURVE((1.10915611718533,1.10812597830626,1.10673591286914))
REPRESENTATION_ITEM('')
);
#572=VERTEX_POINT('',#2085);
#573=VERTEX_POINT('',#2086);
#574=VERTEX_POINT('',#2090);
#575=VERTEX_POINT('',#2092);
#576=VERTEX_POINT('',#2098);
#577=VERTEX_POINT('',#2109);
#578=VERTEX_POINT('',#2120);
#579=VERTEX_POINT('',#2141);
#580=VERTEX_POINT('',#2143);
#581=VERTEX_POINT('',#2147);
#582=VERTEX_POINT('',#2160);
#583=VERTEX_POINT('',#2161);
#584=VERTEX_POINT('',#2165);
#585=VERTEX_POINT('',#2167);
#586=VERTEX_POINT('',#2173);
#587=VERTEX_POINT('',#2192);
#588=VERTEX_POINT('',#2194);
#589=VERTEX_POINT('',#2216);
#590=VERTEX_POINT('',#2220);
#591=VERTEX_POINT('',#2222);
#592=VERTEX_POINT('',#2226);
#593=VERTEX_POINT('',#2233);
#594=VERTEX_POINT('',#2236);
#595=VERTEX_POINT('',#2253);
#596=VERTEX_POINT('',#2257);
#597=VERTEX_POINT('',#2259);
#598=VERTEX_POINT('',#2263);
#599=VERTEX_POINT('',#2282);
#600=VERTEX_POINT('',#2286);
#601=VERTEX_POINT('',#2288);
#602=VERTEX_POINT('',#2292);
#603=VERTEX_POINT('',#2311);
#604=VERTEX_POINT('',#2315);
#605=VERTEX_POINT('',#2317);
#606=VERTEX_POINT('',#2321);
#607=VERTEX_POINT('',#2340);
#608=VERTEX_POINT('',#2344);
#609=VERTEX_POINT('',#2346);
#610=VERTEX_POINT('',#2350);
#611=VERTEX_POINT('',#2369);
#612=VERTEX_POINT('',#2373);
#613=VERTEX_POINT('',#2375);
#614=VERTEX_POINT('',#2379);
#615=VERTEX_POINT('',#2398);
#616=VERTEX_POINT('',#2402);
#617=VERTEX_POINT('',#2404);
#618=VERTEX_POINT('',#2408);
#619=VERTEX_POINT('',#2427);
#620=VERTEX_POINT('',#2431);
#621=VERTEX_POINT('',#2436);
#622=VERTEX_POINT('',#2438);
#623=VERTEX_POINT('',#2442);
#624=VERTEX_POINT('',#2461);
#625=VERTEX_POINT('',#2465);
#626=VERTEX_POINT('',#2467);
#627=VERTEX_POINT('',#2471);
#628=VERTEX_POINT('',#2490);
#629=VERTEX_POINT('',#2494);
#630=VERTEX_POINT('',#2496);
#631=VERTEX_POINT('',#2500);
#632=VERTEX_POINT('',#2519);
#633=VERTEX_POINT('',#2523);
#634=VERTEX_POINT('',#2525);
#635=VERTEX_POINT('',#2529);
#636=VERTEX_POINT('',#2548);
#637=VERTEX_POINT('',#2554);
#638=VERTEX_POINT('',#2556);
#639=VERTEX_POINT('',#2562);
#640=VERTEX_POINT('',#2573);
#641=VERTEX_POINT('',#2586);
#642=VERTEX_POINT('',#2592);
#643=VERTEX_POINT('',#2594);
#644=VERTEX_POINT('',#2605);
#645=VERTEX_POINT('',#2615);
#646=VERTEX_POINT('',#2628);
#647=VERTEX_POINT('',#2634);
#648=VERTEX_POINT('',#2636);
#649=VERTEX_POINT('',#2647);
#650=VERTEX_POINT('',#2657);
#651=VERTEX_POINT('',#2670);
#652=VERTEX_POINT('',#2677);
#653=VERTEX_POINT('',#2686);
#654=VERTEX_POINT('',#2690);
#655=VERTEX_POINT('',#2692);
#656=VERTEX_POINT('',#2709);
#657=VERTEX_POINT('',#2722);
#658=VERTEX_POINT('',#2728);
#659=VERTEX_POINT('',#2730);
#660=VERTEX_POINT('',#2741);
#661=VERTEX_POINT('',#2749);
#662=VERTEX_POINT('',#2750);
#663=VERTEX_POINT('',#2770);
#664=VERTEX_POINT('',#2774);
#665=VERTEX_POINT('',#2776);
#666=VERTEX_POINT('',#2793);
#667=VERTEX_POINT('',#2806);
#668=VERTEX_POINT('',#2813);
#669=VERTEX_POINT('',#2824);
#670=VERTEX_POINT('',#2839);
#671=VERTEX_POINT('',#2845);
#672=VERTEX_POINT('',#2847);
#673=VERTEX_POINT('',#2858);
#674=VERTEX_POINT('',#2868);
#675=VERTEX_POINT('',#2881);
#676=VERTEX_POINT('',#2887);
#677=VERTEX_POINT('',#2889);
#678=VERTEX_POINT('',#2900);
#679=VERTEX_POINT('',#2908);
#680=VERTEX_POINT('',#2909);
#681=VERTEX_POINT('',#2929);
#682=VERTEX_POINT('',#2933);
#683=VERTEX_POINT('',#2935);
#684=VERTEX_POINT('',#2950);
#685=VERTEX_POINT('',#2951);
#686=VERTEX_POINT('',#2971);
#687=VERTEX_POINT('',#2975);
#688=VERTEX_POINT('',#2977);
#689=VERTEX_POINT('',#2992);
#690=VERTEX_POINT('',#2993);
#691=VERTEX_POINT('',#2995);
#692=VERTEX_POINT('',#2997);
#693=VERTEX_POINT('',#3001);
#694=VERTEX_POINT('',#3003);
#695=VERTEX_POINT('',#3007);
#696=VERTEX_POINT('',#3009);
#697=VERTEX_POINT('',#3013);
#698=VERTEX_POINT('',#3015);
#699=VERTEX_POINT('',#3019);
#700=VERTEX_POINT('',#3021);
#701=VERTEX_POINT('',#3028);
#702=VERTEX_POINT('',#3030);
#703=VERTEX_POINT('',#3034);
#704=VERTEX_POINT('',#3038);
#705=VERTEX_POINT('',#3042);
#706=VERTEX_POINT('',#3045);
#707=VERTEX_POINT('',#3046);
#708=VERTEX_POINT('',#3048);
#709=VERTEX_POINT('',#3053);
#710=VERTEX_POINT('',#3058);
#711=VERTEX_POINT('',#3059);
#712=VERTEX_POINT('',#3061);
#713=VERTEX_POINT('',#3066);
#714=VERTEX_POINT('',#3068);
#715=VERTEX_POINT('',#3072);
#716=VERTEX_POINT('',#3074);
#717=VERTEX_POINT('',#3080);
#718=VERTEX_POINT('',#3082);
#719=VERTEX_POINT('',#3090);
#720=VERTEX_POINT('',#3092);
#721=EDGE_CURVE('',#572,#573,#520,.T.);
#722=EDGE_CURVE('',#573,#574,#340,.T.);
#723=EDGE_CURVE('',#574,#575,#521,.T.);
#724=EDGE_CURVE('',#575,#572,#341,.T.);
#725=EDGE_CURVE('',#576,#575,#89,.T.);
#726=EDGE_CURVE('',#577,#576,#90,.T.);
#727=EDGE_CURVE('',#578,#577,#342,.T.);
#728=EDGE_CURVE('',#572,#578,#91,.T.);
#729=EDGE_CURVE('',#574,#579,#19,.T.);
#730=EDGE_CURVE('',#580,#579,#522,.T.);
#731=EDGE_CURVE('',#580,#581,#92,.T.);
#732=EDGE_CURVE('',#581,#576,#20,.T.);
#733=EDGE_CURVE('',#582,#583,#523,.T.);
#734=EDGE_CURVE('',#583,#584,#343,.T.);
#735=EDGE_CURVE('',#584,#585,#524,.T.);
#736=EDGE_CURVE('',#585,#582,#344,.T.);
#737=EDGE_CURVE('',#586,#585,#93,.T.);
#738=EDGE_CURVE('',#587,#586,#345,.T.);
#739=EDGE_CURVE('',#588,#587,#94,.T.);
#740=EDGE_CURVE('',#582,#588,#95,.T.);
#741=EDGE_CURVE('',#589,#578,#525,.T.);
#742=EDGE_CURVE('',#589,#590,#21,.T.);
#743=EDGE_CURVE('',#591,#590,#526,.T.);
#744=EDGE_CURVE('',#591,#592,#96,.F.);
#745=EDGE_CURVE('',#592,#593,#346,.T.);
#746=EDGE_CURVE('',#593,#593,#22,.T.);
#747=EDGE_CURVE('',#592,#594,#97,.F.);
#748=EDGE_CURVE('',#595,#594,#527,.T.);
#749=EDGE_CURVE('',#595,#596,#23,.T.);
#750=EDGE_CURVE('',#597,#596,#528,.T.);
#751=EDGE_CURVE('',#597,#598,#98,.T.);
#752=EDGE_CURVE('',#599,#598,#529,.T.);
#753=EDGE_CURVE('',#599,#600,#24,.T.);
#754=EDGE_CURVE('',#601,#600,#530,.T.);
#755=EDGE_CURVE('',#601,#602,#99,.T.);
#756=EDGE_CURVE('',#603,#602,#531,.T.);
#757=EDGE_CURVE('',#603,#604,#25,.T.);
#758=EDGE_CURVE('',#605,#604,#532,.T.);
#759=EDGE_CURVE('',#605,#606,#100,.T.);
#760=EDGE_CURVE('',#607,#606,#533,.T.);
#761=EDGE_CURVE('',#607,#608,#26,.T.);
#762=EDGE_CURVE('',#609,#608,#534,.T.);
#763=EDGE_CURVE('',#609,#610,#101,.T.);
#764=EDGE_CURVE('',#611,#610,#535,.T.);
#765=EDGE_CURVE('',#611,#612,#27,.T.);
#766=EDGE_CURVE('',#613,#612,#536,.T.);
#767=EDGE_CURVE('',#613,#614,#102,.T.);
#768=EDGE_CURVE('',#615,#614,#537,.T.);
#769=EDGE_CURVE('',#615,#616,#28,.T.);
#770=EDGE_CURVE('',#617,#616,#538,.T.);
#771=EDGE_CURVE('',#617,#618,#103,.T.);
#772=EDGE_CURVE('',#619,#618,#539,.T.);
#773=EDGE_CURVE('',#619,#620,#29,.T.);
#774=EDGE_CURVE('',#586,#620,#540,.T.);
#775=EDGE_CURVE('',#584,#621,#30,.T.);
#776=EDGE_CURVE('',#622,#621,#541,.T.);
#777=EDGE_CURVE('',#622,#623,#104,.T.);
#778=EDGE_CURVE('',#624,#623,#542,.T.);
#779=EDGE_CURVE('',#624,#625,#31,.T.);
#780=EDGE_CURVE('',#626,#625,#543,.T.);
#781=EDGE_CURVE('',#626,#627,#105,.T.);
#782=EDGE_CURVE('',#628,#627,#544,.T.);
#783=EDGE_CURVE('',#628,#629,#32,.T.);
#784=EDGE_CURVE('',#630,#629,#545,.T.);
#785=EDGE_CURVE('',#630,#631,#106,.T.);
#786=EDGE_CURVE('',#632,#631,#546,.T.);
#787=EDGE_CURVE('',#632,#633,#33,.T.);
#788=EDGE_CURVE('',#634,#633,#547,.T.);
#789=EDGE_CURVE('',#634,#635,#107,.T.);
#790=EDGE_CURVE('',#636,#635,#548,.T.);
#791=EDGE_CURVE('',#636,#573,#34,.T.);
#792=EDGE_CURVE('',#608,#637,#347,.T.);
#793=EDGE_CURVE('',#637,#638,#549,.T.);
#794=EDGE_CURVE('',#638,#609,#348,.T.);
#795=EDGE_CURVE('',#639,#638,#108,.T.);
#796=EDGE_CURVE('',#640,#639,#109,.T.);
#797=EDGE_CURVE('',#610,#640,#349,.T.);
#798=EDGE_CURVE('',#640,#641,#550,.T.);
#799=EDGE_CURVE('',#641,#611,#350,.T.);
#800=EDGE_CURVE('',#639,#642,#35,.T.);
#801=EDGE_CURVE('',#642,#643,#110,.T.);
#802=EDGE_CURVE('',#644,#643,#551,.T.);
#803=EDGE_CURVE('',#644,#641,#36,.T.);
#804=EDGE_CURVE('',#612,#644,#351,.T.);
#805=EDGE_CURVE('',#643,#613,#352,.T.);
#806=EDGE_CURVE('',#645,#642,#111,.T.);
#807=EDGE_CURVE('',#614,#645,#353,.T.);
#808=EDGE_CURVE('',#645,#646,#552,.T.);
#809=EDGE_CURVE('',#646,#615,#354,.T.);
#810=EDGE_CURVE('',#642,#647,#37,.T.);
#811=EDGE_CURVE('',#647,#648,#112,.T.);
#812=EDGE_CURVE('',#649,#648,#553,.T.);
#813=EDGE_CURVE('',#649,#646,#38,.T.);
#814=EDGE_CURVE('',#616,#649,#355,.T.);
#815=EDGE_CURVE('',#648,#617,#356,.T.);
#816=EDGE_CURVE('',#650,#647,#113,.T.);
#817=EDGE_CURVE('',#618,#650,#357,.T.);
#818=EDGE_CURVE('',#650,#651,#554,.T.);
#819=EDGE_CURVE('',#651,#619,#358,.T.);
#820=EDGE_CURVE('',#647,#588,#39,.T.);
#821=EDGE_CURVE('',#652,#587,#555,.T.);
#822=EDGE_CURVE('',#652,#651,#40,.T.);
#823=EDGE_CURVE('',#620,#652,#359,.T.);
#824=EDGE_CURVE('',#653,#583,#41,.T.);
#825=EDGE_CURVE('',#621,#653,#360,.T.);
#826=EDGE_CURVE('',#588,#654,#42,.T.);
#827=EDGE_CURVE('',#654,#655,#114,.T.);
#828=EDGE_CURVE('',#653,#655,#556,.T.);
#829=EDGE_CURVE('',#655,#622,#361,.T.);
#830=EDGE_CURVE('',#656,#654,#115,.T.);
#831=EDGE_CURVE('',#623,#656,#362,.T.);
#832=EDGE_CURVE('',#656,#657,#557,.T.);
#833=EDGE_CURVE('',#657,#624,#363,.T.);
#834=EDGE_CURVE('',#654,#658,#43,.T.);
#835=EDGE_CURVE('',#658,#659,#116,.T.);
#836=EDGE_CURVE('',#660,#659,#558,.T.);
#837=EDGE_CURVE('',#660,#657,#44,.T.);
#838=EDGE_CURVE('',#625,#660,#364,.T.);
#839=EDGE_CURVE('',#661,#662,#559,.T.);
#840=EDGE_CURVE('',#662,#628,#365,.T.);
#841=EDGE_CURVE('',#627,#661,#366,.T.);
#842=EDGE_CURVE('',#659,#626,#367,.T.);
#843=EDGE_CURVE('',#661,#658,#117,.T.);
#844=EDGE_CURVE('',#663,#662,#45,.T.);
#845=EDGE_CURVE('',#629,#663,#368,.T.);
#846=EDGE_CURVE('',#658,#664,#46,.T.);
#847=EDGE_CURVE('',#664,#665,#118,.T.);
#848=EDGE_CURVE('',#663,#665,#560,.T.);
#849=EDGE_CURVE('',#665,#630,#369,.T.);
#850=EDGE_CURVE('',#666,#664,#119,.T.);
#851=EDGE_CURVE('',#631,#666,#370,.T.);
#852=EDGE_CURVE('',#666,#667,#561,.T.);
#853=EDGE_CURVE('',#667,#632,#371,.T.);
#854=EDGE_CURVE('',#664,#581,#47,.T.);
#855=EDGE_CURVE('',#581,#668,#120,.T.);
#856=EDGE_CURVE('',#669,#668,#562,.T.);
#857=EDGE_CURVE('',#669,#667,#48,.T.);
#858=EDGE_CURVE('',#633,#669,#372,.T.);
#859=EDGE_CURVE('',#668,#634,#373,.T.);
#860=EDGE_CURVE('',#635,#580,#374,.T.);
#861=EDGE_CURVE('',#579,#636,#375,.T.);
#862=EDGE_CURVE('',#577,#670,#563,.T.);
#863=EDGE_CURVE('',#670,#589,#376,.T.);
#864=EDGE_CURVE('',#576,#671,#49,.T.);
#865=EDGE_CURVE('',#671,#672,#121,.T.);
#866=EDGE_CURVE('',#673,#672,#564,.T.);
#867=EDGE_CURVE('',#673,#670,#50,.T.);
#868=EDGE_CURVE('',#590,#673,#377,.T.);
#869=EDGE_CURVE('',#672,#591,#378,.T.);
#870=EDGE_CURVE('',#674,#671,#122,.T.);
#871=EDGE_CURVE('',#594,#674,#379,.T.);
#872=EDGE_CURVE('',#674,#675,#565,.T.);
#873=EDGE_CURVE('',#675,#595,#380,.T.);
#874=EDGE_CURVE('',#671,#676,#51,.T.);
#875=EDGE_CURVE('',#676,#677,#123,.T.);
#876=EDGE_CURVE('',#678,#677,#566,.T.);
#877=EDGE_CURVE('',#678,#675,#52,.T.);
#878=EDGE_CURVE('',#596,#678,#381,.T.);
#879=EDGE_CURVE('',#679,#680,#567,.T.);
#880=EDGE_CURVE('',#680,#599,#382,.T.);
#881=EDGE_CURVE('',#598,#679,#383,.T.);
#882=EDGE_CURVE('',#677,#597,#384,.T.);
#883=EDGE_CURVE('',#679,#676,#124,.T.);
#884=EDGE_CURVE('',#681,#680,#53,.T.);
#885=EDGE_CURVE('',#600,#681,#385,.T.);
#886=EDGE_CURVE('',#676,#682,#54,.T.);
#887=EDGE_CURVE('',#682,#683,#125,.T.);
#888=EDGE_CURVE('',#681,#683,#568,.T.);
#889=EDGE_CURVE('',#684,#685,#569,.T.);
#890=EDGE_CURVE('',#685,#603,#386,.T.);
#891=EDGE_CURVE('',#602,#684,#387,.T.);
#892=EDGE_CURVE('',#683,#601,#388,.T.);
#893=EDGE_CURVE('',#684,#682,#126,.T.);
#894=EDGE_CURVE('',#686,#685,#55,.T.);
#895=EDGE_CURVE('',#604,#686,#389,.T.);
#896=EDGE_CURVE('',#682,#687,#56,.T.);
#897=EDGE_CURVE('',#688,#687,#127,.T.);
#898=EDGE_CURVE('',#688,#686,#570,.T.);
#899=EDGE_CURVE('',#689,#690,#390,.T.);
#900=EDGE_CURVE('',#690,#691,#391,.T.);
#901=EDGE_CURVE('',#691,#692,#392,.T.);
#902=EDGE_CURVE('',#692,#689,#393,.T.);
#903=EDGE_CURVE('',#690,#693,#394,.T.);
#904=EDGE_CURVE('',#693,#694,#395,.T.);
#905=EDGE_CURVE('',#694,#691,#396,.T.);
#906=EDGE_CURVE('',#693,#695,#397,.T.);
#907=EDGE_CURVE('',#695,#696,#398,.T.);
#908=EDGE_CURVE('',#696,#694,#399,.T.);
#909=EDGE_CURVE('',#697,#696,#400,.T.);
#910=EDGE_CURVE('',#695,#698,#401,.T.);
#911=EDGE_CURVE('',#698,#697,#402,.T.);
#912=EDGE_CURVE('',#699,#697,#403,.T.);
#913=EDGE_CURVE('',#698,#700,#404,.T.);
#914=EDGE_CURVE('',#700,#699,#405,.T.);
#915=EDGE_CURVE('',#700,#689,#406,.T.);
#916=EDGE_CURVE('',#692,#699,#407,.T.);
#917=EDGE_CURVE('',#699,#701,#408,.T.);
#918=EDGE_CURVE('',#701,#702,#409,.T.);
#919=EDGE_CURVE('',#697,#702,#410,.T.);
#920=EDGE_CURVE('',#692,#703,#411,.T.);
#921=EDGE_CURVE('',#703,#701,#412,.T.);
#922=EDGE_CURVE('',#691,#704,#413,.T.);
#923=EDGE_CURVE('',#704,#703,#414,.T.);
#924=EDGE_CURVE('',#705,#705,#57,.T.);
#925=EDGE_CURVE('',#706,#707,#58,.T.);
#926=EDGE_CURVE('',#707,#708,#415,.T.);
#927=EDGE_CURVE('',#708,#708,#59,.T.);
#928=EDGE_CURVE('',#707,#706,#60,.T.);
#929=EDGE_CURVE('',#709,#709,#61,.T.);
#930=EDGE_CURVE('',#706,#593,#416,.T.);
#931=EDGE_CURVE('',#710,#711,#62,.T.);
#932=EDGE_CURVE('',#711,#712,#417,.T.);
#933=EDGE_CURVE('',#712,#712,#63,.T.);
#934=EDGE_CURVE('',#711,#710,#64,.T.);
#935=EDGE_CURVE('',#710,#713,#418,.T.);
#936=EDGE_CURVE('',#714,#713,#65,.T.);
#937=EDGE_CURVE('',#713,#714,#66,.T.);
#938=EDGE_CURVE('',#715,#704,#419,.T.);
#939=EDGE_CURVE('',#716,#715,#420,.T.);
#940=EDGE_CURVE('',#702,#716,#421,.T.);
#941=EDGE_CURVE('',#714,#709,#422,.T.);
#942=EDGE_CURVE('',#717,#717,#67,.T.);
#943=EDGE_CURVE('',#717,#718,#423,.T.);
#944=EDGE_CURVE('',#718,#718,#68,.T.);
#945=EDGE_CURVE('',#717,#705,#424,.T.);
#946=EDGE_CURVE('',#687,#639,#69,.T.);
#947=EDGE_CURVE('',#637,#719,#70,.T.);
#948=EDGE_CURVE('',#719,#720,#571,.T.);
#949=EDGE_CURVE('',#687,#720,#128,.T.);
#950=EDGE_CURVE('',#719,#607,#425,.T.);
#951=EDGE_CURVE('',#688,#605,#426,.T.);
#952=EDGE_CURVE('',#606,#720,#427,.T.);
#953=EDGE_CURVE('',#694,#715,#428,.T.);
#954=EDGE_CURVE('',#696,#716,#429,.T.);
#955=ORIENTED_EDGE('',*,*,#721,.T.);
#956=ORIENTED_EDGE('',*,*,#722,.T.);
#957=ORIENTED_EDGE('',*,*,#723,.T.);
#958=ORIENTED_EDGE('',*,*,#724,.T.);
#959=ORIENTED_EDGE('',*,*,#724,.F.);
#960=ORIENTED_EDGE('',*,*,#725,.F.);
#961=ORIENTED_EDGE('',*,*,#726,.F.);
#962=ORIENTED_EDGE('',*,*,#727,.F.);
#963=ORIENTED_EDGE('',*,*,#728,.F.);
#964=ORIENTED_EDGE('',*,*,#723,.F.);
#965=ORIENTED_EDGE('',*,*,#729,.T.);
#966=ORIENTED_EDGE('',*,*,#730,.F.);
#967=ORIENTED_EDGE('',*,*,#731,.T.);
#968=ORIENTED_EDGE('',*,*,#732,.T.);
#969=ORIENTED_EDGE('',*,*,#725,.T.);
#970=ORIENTED_EDGE('',*,*,#733,.T.);
#971=ORIENTED_EDGE('',*,*,#734,.T.);
#972=ORIENTED_EDGE('',*,*,#735,.T.);
#973=ORIENTED_EDGE('',*,*,#736,.T.);
#974=ORIENTED_EDGE('',*,*,#736,.F.);
#975=ORIENTED_EDGE('',*,*,#737,.F.);
#976=ORIENTED_EDGE('',*,*,#738,.F.);
#977=ORIENTED_EDGE('',*,*,#739,.F.);
#978=ORIENTED_EDGE('',*,*,#740,.F.);
#979=ORIENTED_EDGE('',*,*,#721,.F.);
#980=ORIENTED_EDGE('',*,*,#728,.T.);
#981=ORIENTED_EDGE('',*,*,#741,.F.);
#982=ORIENTED_EDGE('',*,*,#742,.T.);
#983=ORIENTED_EDGE('',*,*,#743,.F.);
#984=ORIENTED_EDGE('',*,*,#744,.T.);
#985=ORIENTED_EDGE('',*,*,#745,.T.);
#986=ORIENTED_EDGE('',*,*,#746,.F.);
#987=ORIENTED_EDGE('',*,*,#745,.F.);
#988=ORIENTED_EDGE('',*,*,#747,.T.);
#989=ORIENTED_EDGE('',*,*,#748,.F.);
#990=ORIENTED_EDGE('',*,*,#749,.T.);
#991=ORIENTED_EDGE('',*,*,#750,.F.);
#992=ORIENTED_EDGE('',*,*,#751,.T.);
#993=ORIENTED_EDGE('',*,*,#752,.F.);
#994=ORIENTED_EDGE('',*,*,#753,.T.);
#995=ORIENTED_EDGE('',*,*,#754,.F.);
#996=ORIENTED_EDGE('',*,*,#755,.T.);
#997=ORIENTED_EDGE('',*,*,#756,.F.);
#998=ORIENTED_EDGE('',*,*,#757,.T.);
#999=ORIENTED_EDGE('',*,*,#758,.F.);
#1000=ORIENTED_EDGE('',*,*,#759,.T.);
#1001=ORIENTED_EDGE('',*,*,#760,.F.);
#1002=ORIENTED_EDGE('',*,*,#761,.T.);
#1003=ORIENTED_EDGE('',*,*,#762,.F.);
#1004=ORIENTED_EDGE('',*,*,#763,.T.);
#1005=ORIENTED_EDGE('',*,*,#764,.F.);
#1006=ORIENTED_EDGE('',*,*,#765,.T.);
#1007=ORIENTED_EDGE('',*,*,#766,.F.);
#1008=ORIENTED_EDGE('',*,*,#767,.T.);
#1009=ORIENTED_EDGE('',*,*,#768,.F.);
#1010=ORIENTED_EDGE('',*,*,#769,.T.);
#1011=ORIENTED_EDGE('',*,*,#770,.F.);
#1012=ORIENTED_EDGE('',*,*,#771,.T.);
#1013=ORIENTED_EDGE('',*,*,#772,.F.);
#1014=ORIENTED_EDGE('',*,*,#773,.T.);
#1015=ORIENTED_EDGE('',*,*,#774,.F.);
#1016=ORIENTED_EDGE('',*,*,#737,.T.);
#1017=ORIENTED_EDGE('',*,*,#735,.F.);
#1018=ORIENTED_EDGE('',*,*,#775,.T.);
#1019=ORIENTED_EDGE('',*,*,#776,.F.);
#1020=ORIENTED_EDGE('',*,*,#777,.T.);
#1021=ORIENTED_EDGE('',*,*,#778,.F.);
#1022=ORIENTED_EDGE('',*,*,#779,.T.);
#1023=ORIENTED_EDGE('',*,*,#780,.F.);
#1024=ORIENTED_EDGE('',*,*,#781,.T.);
#1025=ORIENTED_EDGE('',*,*,#782,.F.);
#1026=ORIENTED_EDGE('',*,*,#783,.T.);
#1027=ORIENTED_EDGE('',*,*,#784,.F.);
#1028=ORIENTED_EDGE('',*,*,#785,.T.);
#1029=ORIENTED_EDGE('',*,*,#786,.F.);
#1030=ORIENTED_EDGE('',*,*,#787,.T.);
#1031=ORIENTED_EDGE('',*,*,#788,.F.);
#1032=ORIENTED_EDGE('',*,*,#789,.T.);
#1033=ORIENTED_EDGE('',*,*,#790,.F.);
#1034=ORIENTED_EDGE('',*,*,#791,.T.);
#1035=ORIENTED_EDGE('',*,*,#762,.T.);
#1036=ORIENTED_EDGE('',*,*,#792,.T.);
#1037=ORIENTED_EDGE('',*,*,#793,.T.);
#1038=ORIENTED_EDGE('',*,*,#794,.T.);
#1039=ORIENTED_EDGE('',*,*,#794,.F.);
#1040=ORIENTED_EDGE('',*,*,#795,.F.);
#1041=ORIENTED_EDGE('',*,*,#796,.F.);
#1042=ORIENTED_EDGE('',*,*,#797,.F.);
#1043=ORIENTED_EDGE('',*,*,#763,.F.);
#1044=ORIENTED_EDGE('',*,*,#798,.T.);
#1045=ORIENTED_EDGE('',*,*,#799,.T.);
#1046=ORIENTED_EDGE('',*,*,#764,.T.);
#1047=ORIENTED_EDGE('',*,*,#797,.T.);
#1048=ORIENTED_EDGE('',*,*,#798,.F.);
#1049=ORIENTED_EDGE('',*,*,#796,.T.);
#1050=ORIENTED_EDGE('',*,*,#800,.T.);
#1051=ORIENTED_EDGE('',*,*,#801,.T.);
#1052=ORIENTED_EDGE('',*,*,#802,.F.);
#1053=ORIENTED_EDGE('',*,*,#803,.T.);
#1054=ORIENTED_EDGE('',*,*,#799,.F.);
#1055=ORIENTED_EDGE('',*,*,#803,.F.);
#1056=ORIENTED_EDGE('',*,*,#804,.F.);
#1057=ORIENTED_EDGE('',*,*,#765,.F.);
#1058=ORIENTED_EDGE('',*,*,#766,.T.);
#1059=ORIENTED_EDGE('',*,*,#804,.T.);
#1060=ORIENTED_EDGE('',*,*,#802,.T.);
#1061=ORIENTED_EDGE('',*,*,#805,.T.);
#1062=ORIENTED_EDGE('',*,*,#805,.F.);
#1063=ORIENTED_EDGE('',*,*,#801,.F.);
#1064=ORIENTED_EDGE('',*,*,#806,.F.);
#1065=ORIENTED_EDGE('',*,*,#807,.F.);
#1066=ORIENTED_EDGE('',*,*,#767,.F.);
#1067=ORIENTED_EDGE('',*,*,#808,.T.);
#1068=ORIENTED_EDGE('',*,*,#809,.T.);
#1069=ORIENTED_EDGE('',*,*,#768,.T.);
#1070=ORIENTED_EDGE('',*,*,#807,.T.);
#1071=ORIENTED_EDGE('',*,*,#808,.F.);
#1072=ORIENTED_EDGE('',*,*,#806,.T.);
#1073=ORIENTED_EDGE('',*,*,#810,.T.);
#1074=ORIENTED_EDGE('',*,*,#811,.T.);
#1075=ORIENTED_EDGE('',*,*,#812,.F.);
#1076=ORIENTED_EDGE('',*,*,#813,.T.);
#1077=ORIENTED_EDGE('',*,*,#809,.F.);
#1078=ORIENTED_EDGE('',*,*,#813,.F.);
#1079=ORIENTED_EDGE('',*,*,#814,.F.);
#1080=ORIENTED_EDGE('',*,*,#769,.F.);
#1081=ORIENTED_EDGE('',*,*,#770,.T.);
#1082=ORIENTED_EDGE('',*,*,#814,.T.);
#1083=ORIENTED_EDGE('',*,*,#812,.T.);
#1084=ORIENTED_EDGE('',*,*,#815,.T.);
#1085=ORIENTED_EDGE('',*,*,#815,.F.);
#1086=ORIENTED_EDGE('',*,*,#811,.F.);
#1087=ORIENTED_EDGE('',*,*,#816,.F.);
#1088=ORIENTED_EDGE('',*,*,#817,.F.);
#1089=ORIENTED_EDGE('',*,*,#771,.F.);
#1090=ORIENTED_EDGE('',*,*,#818,.T.);
#1091=ORIENTED_EDGE('',*,*,#819,.T.);
#1092=ORIENTED_EDGE('',*,*,#772,.T.);
#1093=ORIENTED_EDGE('',*,*,#817,.T.);
#1094=ORIENTED_EDGE('',*,*,#818,.F.);
#1095=ORIENTED_EDGE('',*,*,#816,.T.);
#1096=ORIENTED_EDGE('',*,*,#820,.T.);
#1097=ORIENTED_EDGE('',*,*,#739,.T.);
#1098=ORIENTED_EDGE('',*,*,#821,.F.);
#1099=ORIENTED_EDGE('',*,*,#822,.T.);
#1100=ORIENTED_EDGE('',*,*,#819,.F.);
#1101=ORIENTED_EDGE('',*,*,#822,.F.);
#1102=ORIENTED_EDGE('',*,*,#823,.F.);
#1103=ORIENTED_EDGE('',*,*,#773,.F.);
#1104=ORIENTED_EDGE('',*,*,#774,.T.);
#1105=ORIENTED_EDGE('',*,*,#823,.T.);
#1106=ORIENTED_EDGE('',*,*,#821,.T.);
#1107=ORIENTED_EDGE('',*,*,#738,.T.);
#1108=ORIENTED_EDGE('',*,*,#734,.F.);
#1109=ORIENTED_EDGE('',*,*,#824,.F.);
#1110=ORIENTED_EDGE('',*,*,#825,.F.);
#1111=ORIENTED_EDGE('',*,*,#775,.F.);
#1112=ORIENTED_EDGE('',*,*,#733,.F.);
#1113=ORIENTED_EDGE('',*,*,#740,.T.);
#1114=ORIENTED_EDGE('',*,*,#826,.T.);
#1115=ORIENTED_EDGE('',*,*,#827,.T.);
#1116=ORIENTED_EDGE('',*,*,#828,.F.);
#1117=ORIENTED_EDGE('',*,*,#824,.T.);
#1118=ORIENTED_EDGE('',*,*,#776,.T.);
#1119=ORIENTED_EDGE('',*,*,#825,.T.);
#1120=ORIENTED_EDGE('',*,*,#828,.T.);
#1121=ORIENTED_EDGE('',*,*,#829,.T.);
#1122=ORIENTED_EDGE('',*,*,#829,.F.);
#1123=ORIENTED_EDGE('',*,*,#827,.F.);
#1124=ORIENTED_EDGE('',*,*,#830,.F.);
#1125=ORIENTED_EDGE('',*,*,#831,.F.);
#1126=ORIENTED_EDGE('',*,*,#777,.F.);
#1127=ORIENTED_EDGE('',*,*,#832,.T.);
#1128=ORIENTED_EDGE('',*,*,#833,.T.);
#1129=ORIENTED_EDGE('',*,*,#778,.T.);
#1130=ORIENTED_EDGE('',*,*,#831,.T.);
#1131=ORIENTED_EDGE('',*,*,#832,.F.);
#1132=ORIENTED_EDGE('',*,*,#830,.T.);
#1133=ORIENTED_EDGE('',*,*,#834,.T.);
#1134=ORIENTED_EDGE('',*,*,#835,.T.);
#1135=ORIENTED_EDGE('',*,*,#836,.F.);
#1136=ORIENTED_EDGE('',*,*,#837,.T.);
#1137=ORIENTED_EDGE('',*,*,#833,.F.);
#1138=ORIENTED_EDGE('',*,*,#837,.F.);
#1139=ORIENTED_EDGE('',*,*,#838,.F.);
#1140=ORIENTED_EDGE('',*,*,#779,.F.);
#1141=ORIENTED_EDGE('',*,*,#839,.T.);
#1142=ORIENTED_EDGE('',*,*,#840,.T.);
#1143=ORIENTED_EDGE('',*,*,#782,.T.);
#1144=ORIENTED_EDGE('',*,*,#841,.T.);
#1145=ORIENTED_EDGE('',*,*,#841,.F.);
#1146=ORIENTED_EDGE('',*,*,#781,.F.);
#1147=ORIENTED_EDGE('',*,*,#842,.F.);
#1148=ORIENTED_EDGE('',*,*,#835,.F.);
#1149=ORIENTED_EDGE('',*,*,#843,.F.);
#1150=ORIENTED_EDGE('',*,*,#780,.T.);
#1151=ORIENTED_EDGE('',*,*,#838,.T.);
#1152=ORIENTED_EDGE('',*,*,#836,.T.);
#1153=ORIENTED_EDGE('',*,*,#842,.T.);
#1154=ORIENTED_EDGE('',*,*,#840,.F.);
#1155=ORIENTED_EDGE('',*,*,#844,.F.);
#1156=ORIENTED_EDGE('',*,*,#845,.F.);
#1157=ORIENTED_EDGE('',*,*,#783,.F.);
#1158=ORIENTED_EDGE('',*,*,#839,.F.);
#1159=ORIENTED_EDGE('',*,*,#843,.T.);
#1160=ORIENTED_EDGE('',*,*,#846,.T.);
#1161=ORIENTED_EDGE('',*,*,#847,.T.);
#1162=ORIENTED_EDGE('',*,*,#848,.F.);
#1163=ORIENTED_EDGE('',*,*,#844,.T.);
#1164=ORIENTED_EDGE('',*,*,#784,.T.);
#1165=ORIENTED_EDGE('',*,*,#845,.T.);
#1166=ORIENTED_EDGE('',*,*,#848,.T.);
#1167=ORIENTED_EDGE('',*,*,#849,.T.);
#1168=ORIENTED_EDGE('',*,*,#849,.F.);
#1169=ORIENTED_EDGE('',*,*,#847,.F.);
#1170=ORIENTED_EDGE('',*,*,#850,.F.);
#1171=ORIENTED_EDGE('',*,*,#851,.F.);
#1172=ORIENTED_EDGE('',*,*,#785,.F.);
#1173=ORIENTED_EDGE('',*,*,#852,.T.);
#1174=ORIENTED_EDGE('',*,*,#853,.T.);
#1175=ORIENTED_EDGE('',*,*,#786,.T.);
#1176=ORIENTED_EDGE('',*,*,#851,.T.);
#1177=ORIENTED_EDGE('',*,*,#852,.F.);
#1178=ORIENTED_EDGE('',*,*,#850,.T.);
#1179=ORIENTED_EDGE('',*,*,#854,.T.);
#1180=ORIENTED_EDGE('',*,*,#855,.T.);
#1181=ORIENTED_EDGE('',*,*,#856,.F.);
#1182=ORIENTED_EDGE('',*,*,#857,.T.);
#1183=ORIENTED_EDGE('',*,*,#853,.F.);
#1184=ORIENTED_EDGE('',*,*,#857,.F.);
#1185=ORIENTED_EDGE('',*,*,#858,.F.);
#1186=ORIENTED_EDGE('',*,*,#787,.F.);
#1187=ORIENTED_EDGE('',*,*,#788,.T.);
#1188=ORIENTED_EDGE('',*,*,#858,.T.);
#1189=ORIENTED_EDGE('',*,*,#856,.T.);
#1190=ORIENTED_EDGE('',*,*,#859,.T.);
#1191=ORIENTED_EDGE('',*,*,#859,.F.);
#1192=ORIENTED_EDGE('',*,*,#855,.F.);
#1193=ORIENTED_EDGE('',*,*,#731,.F.);
#1194=ORIENTED_EDGE('',*,*,#860,.F.);
#1195=ORIENTED_EDGE('',*,*,#789,.F.);
#1196=ORIENTED_EDGE('',*,*,#730,.T.);
#1197=ORIENTED_EDGE('',*,*,#861,.T.);
#1198=ORIENTED_EDGE('',*,*,#790,.T.);
#1199=ORIENTED_EDGE('',*,*,#860,.T.);
#1200=ORIENTED_EDGE('',*,*,#722,.F.);
#1201=ORIENTED_EDGE('',*,*,#791,.F.);
#1202=ORIENTED_EDGE('',*,*,#861,.F.);
#1203=ORIENTED_EDGE('',*,*,#729,.F.);
#1204=ORIENTED_EDGE('',*,*,#862,.T.);
#1205=ORIENTED_EDGE('',*,*,#863,.T.);
#1206=ORIENTED_EDGE('',*,*,#741,.T.);
#1207=ORIENTED_EDGE('',*,*,#727,.T.);
#1208=ORIENTED_EDGE('',*,*,#862,.F.);
#1209=ORIENTED_EDGE('',*,*,#726,.T.);
#1210=ORIENTED_EDGE('',*,*,#864,.T.);
#1211=ORIENTED_EDGE('',*,*,#865,.T.);
#1212=ORIENTED_EDGE('',*,*,#866,.F.);
#1213=ORIENTED_EDGE('',*,*,#867,.T.);
#1214=ORIENTED_EDGE('',*,*,#863,.F.);
#1215=ORIENTED_EDGE('',*,*,#867,.F.);
#1216=ORIENTED_EDGE('',*,*,#868,.F.);
#1217=ORIENTED_EDGE('',*,*,#742,.F.);
#1218=ORIENTED_EDGE('',*,*,#743,.T.);
#1219=ORIENTED_EDGE('',*,*,#868,.T.);
#1220=ORIENTED_EDGE('',*,*,#866,.T.);
#1221=ORIENTED_EDGE('',*,*,#869,.T.);
#1222=ORIENTED_EDGE('',*,*,#869,.F.);
#1223=ORIENTED_EDGE('',*,*,#865,.F.);
#1224=ORIENTED_EDGE('',*,*,#870,.F.);
#1225=ORIENTED_EDGE('',*,*,#871,.F.);
#1226=ORIENTED_EDGE('',*,*,#747,.F.);
#1227=ORIENTED_EDGE('',*,*,#744,.F.);
#1228=ORIENTED_EDGE('',*,*,#872,.T.);
#1229=ORIENTED_EDGE('',*,*,#873,.T.);
#1230=ORIENTED_EDGE('',*,*,#748,.T.);
#1231=ORIENTED_EDGE('',*,*,#871,.T.);
#1232=ORIENTED_EDGE('',*,*,#872,.F.);
#1233=ORIENTED_EDGE('',*,*,#870,.T.);
#1234=ORIENTED_EDGE('',*,*,#874,.T.);
#1235=ORIENTED_EDGE('',*,*,#875,.T.);
#1236=ORIENTED_EDGE('',*,*,#876,.F.);
#1237=ORIENTED_EDGE('',*,*,#877,.T.);
#1238=ORIENTED_EDGE('',*,*,#873,.F.);
#1239=ORIENTED_EDGE('',*,*,#877,.F.);
#1240=ORIENTED_EDGE('',*,*,#878,.F.);
#1241=ORIENTED_EDGE('',*,*,#749,.F.);
#1242=ORIENTED_EDGE('',*,*,#879,.T.);
#1243=ORIENTED_EDGE('',*,*,#880,.T.);
#1244=ORIENTED_EDGE('',*,*,#752,.T.);
#1245=ORIENTED_EDGE('',*,*,#881,.T.);
#1246=ORIENTED_EDGE('',*,*,#881,.F.);
#1247=ORIENTED_EDGE('',*,*,#751,.F.);
#1248=ORIENTED_EDGE('',*,*,#882,.F.);
#1249=ORIENTED_EDGE('',*,*,#875,.F.);
#1250=ORIENTED_EDGE('',*,*,#883,.F.);
#1251=ORIENTED_EDGE('',*,*,#750,.T.);
#1252=ORIENTED_EDGE('',*,*,#878,.T.);
#1253=ORIENTED_EDGE('',*,*,#876,.T.);
#1254=ORIENTED_EDGE('',*,*,#882,.T.);
#1255=ORIENTED_EDGE('',*,*,#880,.F.);
#1256=ORIENTED_EDGE('',*,*,#884,.F.);
#1257=ORIENTED_EDGE('',*,*,#885,.F.);
#1258=ORIENTED_EDGE('',*,*,#753,.F.);
#1259=ORIENTED_EDGE('',*,*,#879,.F.);
#1260=ORIENTED_EDGE('',*,*,#883,.T.);
#1261=ORIENTED_EDGE('',*,*,#886,.T.);
#1262=ORIENTED_EDGE('',*,*,#887,.T.);
#1263=ORIENTED_EDGE('',*,*,#888,.F.);
#1264=ORIENTED_EDGE('',*,*,#884,.T.);
#1265=ORIENTED_EDGE('',*,*,#889,.T.);
#1266=ORIENTED_EDGE('',*,*,#890,.T.);
#1267=ORIENTED_EDGE('',*,*,#756,.T.);
#1268=ORIENTED_EDGE('',*,*,#891,.T.);
#1269=ORIENTED_EDGE('',*,*,#891,.F.);
#1270=ORIENTED_EDGE('',*,*,#755,.F.);
#1271=ORIENTED_EDGE('',*,*,#892,.F.);
#1272=ORIENTED_EDGE('',*,*,#887,.F.);
#1273=ORIENTED_EDGE('',*,*,#893,.F.);
#1274=ORIENTED_EDGE('',*,*,#754,.T.);
#1275=ORIENTED_EDGE('',*,*,#885,.T.);
#1276=ORIENTED_EDGE('',*,*,#888,.T.);
#1277=ORIENTED_EDGE('',*,*,#892,.T.);
#1278=ORIENTED_EDGE('',*,*,#890,.F.);
#1279=ORIENTED_EDGE('',*,*,#894,.F.);
#1280=ORIENTED_EDGE('',*,*,#895,.F.);
#1281=ORIENTED_EDGE('',*,*,#757,.F.);
#1282=ORIENTED_EDGE('',*,*,#889,.F.);
#1283=ORIENTED_EDGE('',*,*,#893,.T.);
#1284=ORIENTED_EDGE('',*,*,#896,.T.);
#1285=ORIENTED_EDGE('',*,*,#897,.F.);
#1286=ORIENTED_EDGE('',*,*,#898,.T.);
#1287=ORIENTED_EDGE('',*,*,#894,.T.);
#1288=ORIENTED_EDGE('',*,*,#899,.T.);
#1289=ORIENTED_EDGE('',*,*,#900,.T.);
#1290=ORIENTED_EDGE('',*,*,#901,.T.);
#1291=ORIENTED_EDGE('',*,*,#902,.T.);
#1292=ORIENTED_EDGE('',*,*,#903,.T.);
#1293=ORIENTED_EDGE('',*,*,#904,.T.);
#1294=ORIENTED_EDGE('',*,*,#905,.T.);
#1295=ORIENTED_EDGE('',*,*,#900,.F.);
#1296=ORIENTED_EDGE('',*,*,#906,.T.);
#1297=ORIENTED_EDGE('',*,*,#907,.T.);
#1298=ORIENTED_EDGE('',*,*,#908,.T.);
#1299=ORIENTED_EDGE('',*,*,#904,.F.);
#1300=ORIENTED_EDGE('',*,*,#909,.T.);
#1301=ORIENTED_EDGE('',*,*,#907,.F.);
#1302=ORIENTED_EDGE('',*,*,#910,.T.);
#1303=ORIENTED_EDGE('',*,*,#911,.T.);
#1304=ORIENTED_EDGE('',*,*,#912,.T.);
#1305=ORIENTED_EDGE('',*,*,#911,.F.);
#1306=ORIENTED_EDGE('',*,*,#913,.T.);
#1307=ORIENTED_EDGE('',*,*,#914,.T.);
#1308=ORIENTED_EDGE('',*,*,#915,.T.);
#1309=ORIENTED_EDGE('',*,*,#902,.F.);
#1310=ORIENTED_EDGE('',*,*,#916,.T.);
#1311=ORIENTED_EDGE('',*,*,#914,.F.);
#1312=ORIENTED_EDGE('',*,*,#912,.F.);
#1313=ORIENTED_EDGE('',*,*,#917,.T.);
#1314=ORIENTED_EDGE('',*,*,#918,.T.);
#1315=ORIENTED_EDGE('',*,*,#919,.F.);
#1316=ORIENTED_EDGE('',*,*,#916,.F.);
#1317=ORIENTED_EDGE('',*,*,#920,.T.);
#1318=ORIENTED_EDGE('',*,*,#921,.T.);
#1319=ORIENTED_EDGE('',*,*,#917,.F.);
#1320=ORIENTED_EDGE('',*,*,#901,.F.);
#1321=ORIENTED_EDGE('',*,*,#922,.T.);
#1322=ORIENTED_EDGE('',*,*,#923,.T.);
#1323=ORIENTED_EDGE('',*,*,#920,.F.);
#1324=ORIENTED_EDGE('',*,*,#924,.F.);
#1325=ORIENTED_EDGE('',*,*,#899,.F.);
#1326=ORIENTED_EDGE('',*,*,#915,.F.);
#1327=ORIENTED_EDGE('',*,*,#913,.F.);
#1328=ORIENTED_EDGE('',*,*,#910,.F.);
#1329=ORIENTED_EDGE('',*,*,#906,.F.);
#1330=ORIENTED_EDGE('',*,*,#903,.F.);
#1331=ORIENTED_EDGE('',*,*,#925,.T.);
#1332=ORIENTED_EDGE('',*,*,#926,.T.);
#1333=ORIENTED_EDGE('',*,*,#927,.T.);
#1334=ORIENTED_EDGE('',*,*,#926,.F.);
#1335=ORIENTED_EDGE('',*,*,#928,.T.);
#1336=ORIENTED_EDGE('',*,*,#927,.F.);
#1337=ORIENTED_EDGE('',*,*,#929,.F.);
#1338=ORIENTED_EDGE('',*,*,#925,.F.);
#1339=ORIENTED_EDGE('',*,*,#930,.T.);
#1340=ORIENTED_EDGE('',*,*,#746,.T.);
#1341=ORIENTED_EDGE('',*,*,#930,.F.);
#1342=ORIENTED_EDGE('',*,*,#928,.F.);
#1343=ORIENTED_EDGE('',*,*,#931,.T.);
#1344=ORIENTED_EDGE('',*,*,#932,.T.);
#1345=ORIENTED_EDGE('',*,*,#933,.T.);
#1346=ORIENTED_EDGE('',*,*,#932,.F.);
#1347=ORIENTED_EDGE('',*,*,#934,.T.);
#1348=ORIENTED_EDGE('',*,*,#931,.F.);
#1349=ORIENTED_EDGE('',*,*,#935,.T.);
#1350=ORIENTED_EDGE('',*,*,#936,.F.);
#1351=ORIENTED_EDGE('',*,*,#937,.F.);
#1352=ORIENTED_EDGE('',*,*,#935,.F.);
#1353=ORIENTED_EDGE('',*,*,#934,.F.);
#1354=ORIENTED_EDGE('',*,*,#921,.F.);
#1355=ORIENTED_EDGE('',*,*,#923,.F.);
#1356=ORIENTED_EDGE('',*,*,#938,.F.);
#1357=ORIENTED_EDGE('',*,*,#939,.F.);
#1358=ORIENTED_EDGE('',*,*,#940,.F.);
#1359=ORIENTED_EDGE('',*,*,#918,.F.);
#1360=ORIENTED_EDGE('',*,*,#933,.F.);
#1361=ORIENTED_EDGE('',*,*,#936,.T.);
#1362=ORIENTED_EDGE('',*,*,#937,.T.);
#1363=ORIENTED_EDGE('',*,*,#941,.T.);
#1364=ORIENTED_EDGE('',*,*,#929,.T.);
#1365=ORIENTED_EDGE('',*,*,#941,.F.);
#1366=ORIENTED_EDGE('',*,*,#942,.T.);
#1367=ORIENTED_EDGE('',*,*,#943,.T.);
#1368=ORIENTED_EDGE('',*,*,#944,.T.);
#1369=ORIENTED_EDGE('',*,*,#943,.F.);
#1370=ORIENTED_EDGE('',*,*,#942,.F.);
#1371=ORIENTED_EDGE('',*,*,#945,.T.);
#1372=ORIENTED_EDGE('',*,*,#924,.T.);
#1373=ORIENTED_EDGE('',*,*,#945,.F.);
#1374=ORIENTED_EDGE('',*,*,#946,.F.);
#1375=ORIENTED_EDGE('',*,*,#896,.F.);
#1376=ORIENTED_EDGE('',*,*,#886,.F.);
#1377=ORIENTED_EDGE('',*,*,#874,.F.);
#1378=ORIENTED_EDGE('',*,*,#864,.F.);
#1379=ORIENTED_EDGE('',*,*,#732,.F.);
#1380=ORIENTED_EDGE('',*,*,#854,.F.);
#1381=ORIENTED_EDGE('',*,*,#846,.F.);
#1382=ORIENTED_EDGE('',*,*,#834,.F.);
#1383=ORIENTED_EDGE('',*,*,#826,.F.);
#1384=ORIENTED_EDGE('',*,*,#820,.F.);
#1385=ORIENTED_EDGE('',*,*,#810,.F.);
#1386=ORIENTED_EDGE('',*,*,#800,.F.);
#1387=ORIENTED_EDGE('',*,*,#944,.F.);
#1388=ORIENTED_EDGE('',*,*,#793,.F.);
#1389=ORIENTED_EDGE('',*,*,#947,.T.);
#1390=ORIENTED_EDGE('',*,*,#948,.T.);
#1391=ORIENTED_EDGE('',*,*,#949,.F.);
#1392=ORIENTED_EDGE('',*,*,#946,.T.);
#1393=ORIENTED_EDGE('',*,*,#795,.T.);
#1394=ORIENTED_EDGE('',*,*,#792,.F.);
#1395=ORIENTED_EDGE('',*,*,#761,.F.);
#1396=ORIENTED_EDGE('',*,*,#950,.F.);
#1397=ORIENTED_EDGE('',*,*,#947,.F.);
#1398=ORIENTED_EDGE('',*,*,#898,.F.);
#1399=ORIENTED_EDGE('',*,*,#951,.T.);
#1400=ORIENTED_EDGE('',*,*,#758,.T.);
#1401=ORIENTED_EDGE('',*,*,#895,.T.);
#1402=ORIENTED_EDGE('',*,*,#948,.F.);
#1403=ORIENTED_EDGE('',*,*,#950,.T.);
#1404=ORIENTED_EDGE('',*,*,#760,.T.);
#1405=ORIENTED_EDGE('',*,*,#952,.T.);
#1406=ORIENTED_EDGE('',*,*,#949,.T.);
#1407=ORIENTED_EDGE('',*,*,#952,.F.);
#1408=ORIENTED_EDGE('',*,*,#759,.F.);
#1409=ORIENTED_EDGE('',*,*,#951,.F.);
#1410=ORIENTED_EDGE('',*,*,#897,.T.);
#1411=ORIENTED_EDGE('',*,*,#905,.F.);
#1412=ORIENTED_EDGE('',*,*,#953,.T.);
#1413=ORIENTED_EDGE('',*,*,#938,.T.);
#1414=ORIENTED_EDGE('',*,*,#922,.F.);
#1415=ORIENTED_EDGE('',*,*,#908,.F.);
#1416=ORIENTED_EDGE('',*,*,#954,.T.);
#1417=ORIENTED_EDGE('',*,*,#939,.T.);
#1418=ORIENTED_EDGE('',*,*,#953,.F.);
#1419=ORIENTED_EDGE('',*,*,#909,.F.);
#1420=ORIENTED_EDGE('',*,*,#919,.T.);
#1421=ORIENTED_EDGE('',*,*,#940,.T.);
#1422=ORIENTED_EDGE('',*,*,#954,.F.);
#1423=PLANE('',#1568);
#1424=PLANE('',#1573);
#1425=PLANE('',#1590);
#1426=PLANE('',#1592);
#1427=PLANE('',#1597);
#1428=PLANE('',#1599);
#1429=PLANE('',#1604);
#1430=PLANE('',#1606);
#1431=PLANE('',#1611);
#1432=PLANE('',#1616);
#1433=PLANE('',#1618);
#1434=PLANE('',#1623);
#1435=PLANE('',#1625);
#1436=PLANE('',#1630);
#1437=PLANE('',#1632);
#1438=PLANE('',#1637);
#1439=PLANE('',#1639);
#1440=PLANE('',#1641);
#1441=PLANE('',#1646);
#1442=PLANE('',#1648);
#1443=PLANE('',#1653);
#1444=PLANE('',#1655);
#1445=PLANE('',#1660);
#1446=PLANE('',#1662);
#1447=PLANE('',#1667);
#1448=PLANE('',#1668);
#1449=PLANE('',#1669);
#1450=PLANE('',#1670);
#1451=PLANE('',#1671);
#1452=PLANE('',#1672);
#1453=PLANE('',#1673);
#1454=PLANE('',#1674);
#1455=PLANE('',#1675);
#1456=PLANE('',#1676);
#1457=PLANE('',#1682);
#1458=PLANE('',#1692);
#1459=PLANE('',#1698);
#1460=PLANE('',#1703);
#1461=PLANE('',#1704);
#1462=PLANE('',#1706);
#1463=PLANE('',#1707);
#1464=PLANE('',#1708);
#1465=ADVANCED_FACE('',(#158),#1423,.T.);
#1466=ADVANCED_FACE('',(#159),#129,.F.);
#1467=ADVANCED_FACE('',(#160),#71,.T.);
#1468=ADVANCED_FACE('',(#161),#1424,.T.);
#1469=ADVANCED_FACE('',(#162),#130,.F.);
#1470=ADVANCED_FACE('',(#163),#72,.T.);
#1471=ADVANCED_FACE('',(#164),#1425,.T.);
#1472=ADVANCED_FACE('',(#165),#131,.F.);
#1473=ADVANCED_FACE('',(#166),#1426,.T.);
#1474=ADVANCED_FACE('',(#167),#73,.T.);
#1475=ADVANCED_FACE('',(#168),#132,.T.);
#1476=ADVANCED_FACE('',(#169),#1427,.T.);
#1477=ADVANCED_FACE('',(#170),#133,.F.);
#1478=ADVANCED_FACE('',(#171),#1428,.T.);
#1479=ADVANCED_FACE('',(#172),#74,.T.);
#1480=ADVANCED_FACE('',(#173),#134,.T.);
#1481=ADVANCED_FACE('',(#174),#1429,.T.);
#1482=ADVANCED_FACE('',(#175),#135,.F.);
#1483=ADVANCED_FACE('',(#176),#1430,.T.);
#1484=ADVANCED_FACE('',(#177),#75,.T.);
#1485=ADVANCED_FACE('',(#178),#136,.T.);
#1486=ADVANCED_FACE('',(#179),#1431,.T.);
#1487=ADVANCED_FACE('',(#180),#137,.T.);
#1488=ADVANCED_FACE('',(#181),#76,.T.);
#1489=ADVANCED_FACE('',(#182),#1432,.T.);
#1490=ADVANCED_FACE('',(#183),#138,.F.);
#1491=ADVANCED_FACE('',(#184),#1433,.T.);
#1492=ADVANCED_FACE('',(#185),#77,.T.);
#1493=ADVANCED_FACE('',(#186),#139,.T.);
#1494=ADVANCED_FACE('',(#187),#1434,.T.);
#1495=ADVANCED_FACE('',(#188),#140,.F.);
#1496=ADVANCED_FACE('',(#189),#1435,.T.);
#1497=ADVANCED_FACE('',(#190),#141,.T.);
#1498=ADVANCED_FACE('',(#191),#78,.T.);
#1499=ADVANCED_FACE('',(#192),#1436,.T.);
#1500=ADVANCED_FACE('',(#193),#142,.F.);
#1501=ADVANCED_FACE('',(#194),#1437,.T.);
#1502=ADVANCED_FACE('',(#195),#79,.T.);
#1503=ADVANCED_FACE('',(#196),#143,.T.);
#1504=ADVANCED_FACE('',(#197),#1438,.T.);
#1505=ADVANCED_FACE('',(#198),#144,.F.);
#1506=ADVANCED_FACE('',(#199),#1439,.T.);
#1507=ADVANCED_FACE('',(#200),#145,.T.);
#1508=ADVANCED_FACE('',(#201),#1440,.T.);
#1509=ADVANCED_FACE('',(#202),#80,.T.);
#1510=ADVANCED_FACE('',(#203),#146,.T.);
#1511=ADVANCED_FACE('',(#204),#1441,.T.);
#1512=ADVANCED_FACE('',(#205),#147,.F.);
#1513=ADVANCED_FACE('',(#206),#1442,.T.);
#1514=ADVANCED_FACE('',(#207),#81,.T.);
#1515=ADVANCED_FACE('',(#208),#148,.T.);
#1516=ADVANCED_FACE('',(#209),#1443,.T.);
#1517=ADVANCED_FACE('',(#210),#149,.F.);
#1518=ADVANCED_FACE('',(#211),#1444,.T.);
#1519=ADVANCED_FACE('',(#212),#150,.T.);
#1520=ADVANCED_FACE('',(#213),#82,.T.);
#1521=ADVANCED_FACE('',(#214),#1445,.T.);
#1522=ADVANCED_FACE('',(#215),#151,.F.);
#1523=ADVANCED_FACE('',(#216),#1446,.T.);
#1524=ADVANCED_FACE('',(#217),#152,.T.);
#1525=ADVANCED_FACE('',(#218),#83,.T.);
#1526=ADVANCED_FACE('',(#219),#1447,.T.);
#1527=ADVANCED_FACE('',(#220),#1448,.T.);
#1528=ADVANCED_FACE('',(#221),#1449,.T.);
#1529=ADVANCED_FACE('',(#222),#1450,.T.);
#1530=ADVANCED_FACE('',(#223),#1451,.T.);
#1531=ADVANCED_FACE('',(#224),#1452,.T.);
#1532=ADVANCED_FACE('',(#225),#1453,.F.);
#1533=ADVANCED_FACE('',(#226),#1454,.F.);
#1534=ADVANCED_FACE('',(#227),#1455,.F.);
#1535=ADVANCED_FACE('',(#228,#15),#1456,.T.);
#1536=ADVANCED_FACE('',(#229),#84,.T.);
#1537=ADVANCED_FACE('',(#230,#16),#1457,.T.);
#1538=ADVANCED_FACE('',(#231),#153,.T.);
#1539=ADVANCED_FACE('',(#232),#85,.F.);
#1540=ADVANCED_FACE('',(#233),#154,.F.);
#1541=ADVANCED_FACE('',(#234,#17),#1458,.T.);
#1542=ADVANCED_FACE('',(#235),#86,.F.);
#1543=ADVANCED_FACE('',(#236),#87,.F.);
#1544=ADVANCED_FACE('',(#237),#155,.F.);
#1545=ADVANCED_FACE('',(#238,#18),#1459,.T.);
#1546=ADVANCED_FACE('',(#239),#88,.T.);
#1547=ADVANCED_FACE('',(#240),#156,.T.);
#1548=ADVANCED_FACE('',(#241),#1460,.T.);
#1549=ADVANCED_FACE('',(#242),#1461,.T.);
#1550=ADVANCED_FACE('',(#243),#157,.F.);
#1551=ADVANCED_FACE('',(#244),#1462,.F.);
#1552=ADVANCED_FACE('',(#245),#1463,.F.);
#1553=ADVANCED_FACE('',(#246),#1464,.F.);
#1554=CLOSED_SHELL('',(#1465,#1466,#1467,#1468,#1469,#1470,#1471,#1472,
#1473,#1474,#1475,#1476,#1477,#1478,#1479,#1480,#1481,#1482,#1483,#1484,
#1485,#1486,#1487,#1488,#1489,#1490,#1491,#1492,#1493,#1494,#1495,#1496,
#1497,#1498,#1499,#1500,#1501,#1502,#1503,#1504,#1505,#1506,#1507,#1508,
#1509,#1510,#1511,#1512,#1513,#1514,#1515,#1516,#1517,#1518,#1519,#1520,
#1521,#1522,#1523,#1524,#1525,#1526,#1527,#1528,#1529,#1530,#1531,#1532,
#1533,#1534,#1535,#1536,#1537,#1538,#1539,#1540,#1541,#1542,#1543,#1544,
#1545,#1546,#1547,#1548,#1549,#1550,#1551,#1552,#1553));
#1555=DERIVED_UNIT_ELEMENT(#1557,1.);
#1556=DERIVED_UNIT_ELEMENT(#3123,-3.);
#1557=(
MASS_UNIT()
NAMED_UNIT(*)
SI_UNIT(.KILO.,.GRAM.)
);
#1558=DERIVED_UNIT((#1555,#1556));
#1559=MEASURE_REPRESENTATION_ITEM('density measure',
POSITIVE_RATIO_MEASURE(7850.),#1558);
#1560=PROPERTY_DEFINITION_REPRESENTATION(#1565,#1562);
#1561=PROPERTY_DEFINITION_REPRESENTATION(#1566,#1563);
#1562=REPRESENTATION('material name',(#1564),#3120);
#1563=REPRESENTATION('density',(#1559),#3120);
#1564=DESCRIPTIVE_REPRESENTATION_ITEM('Stahl','Stahl');
#1565=PROPERTY_DEFINITION('material property','material name',#3130);
#1566=PROPERTY_DEFINITION('material property','density of part',#3130);
#1567=AXIS2_PLACEMENT_3D('',#2083,#1709,#1710);
#1568=AXIS2_PLACEMENT_3D('',#2084,#1711,#1712);
#1569=AXIS2_PLACEMENT_3D('',#2097,#1715,#1716);
#1570=AXIS2_PLACEMENT_3D('',#2140,#1718,#1719);
#1571=AXIS2_PLACEMENT_3D('',#2142,#1720,#1721);
#1572=AXIS2_PLACEMENT_3D('',#2158,#1722,#1723);
#1573=AXIS2_PLACEMENT_3D('',#2159,#1724,#1725);
#1574=AXIS2_PLACEMENT_3D('',#2172,#1728,#1729);
#1575=AXIS2_PLACEMENT_3D('',#2215,#1731,#1732);
#1576=AXIS2_PLACEMENT_3D('',#2221,#1733,#1734);
#1577=AXIS2_PLACEMENT_3D('',#2235,#1736,#1737);
#1578=AXIS2_PLACEMENT_3D('',#2258,#1738,#1739);
#1579=AXIS2_PLACEMENT_3D('',#2287,#1740,#1741);
#1580=AXIS2_PLACEMENT_3D('',#2316,#1742,#1743);
#1581=AXIS2_PLACEMENT_3D('',#2345,#1744,#1745);
#1582=AXIS2_PLACEMENT_3D('',#2374,#1746,#1747);
#1583=AXIS2_PLACEMENT_3D('',#2403,#1748,#1749);
#1584=AXIS2_PLACEMENT_3D('',#2432,#1750,#1751);
#1585=AXIS2_PLACEMENT_3D('',#2437,#1752,#1753);
#1586=AXIS2_PLACEMENT_3D('',#2466,#1754,#1755);
#1587=AXIS2_PLACEMENT_3D('',#2495,#1756,#1757);
#1588=AXIS2_PLACEMENT_3D('',#2524,#1758,#1759);
#1589=AXIS2_PLACEMENT_3D('',#2552,#1760,#1761);
#1590=AXIS2_PLACEMENT_3D('',#2553,#1762,#1763);
#1591=AXIS2_PLACEMENT_3D('',#2561,#1766,#1767);
#1592=AXIS2_PLACEMENT_3D('',#2585,#1769,#1770);
#1593=AXIS2_PLACEMENT_3D('',#2591,#1772,#1773);
#1594=AXIS2_PLACEMENT_3D('',#2593,#1774,#1775);
#1595=AXIS2_PLACEMENT_3D('',#2609,#1776,#1777);
#1596=AXIS2_PLACEMENT_3D('',#2610,#1778,#1779);
#1597=AXIS2_PLACEMENT_3D('',#2612,#1781,#1782);
#1598=AXIS2_PLACEMENT_3D('',#2614,#1784,#1785);
#1599=AXIS2_PLACEMENT_3D('',#2627,#1787,#1788);
#1600=AXIS2_PLACEMENT_3D('',#2633,#1790,#1791);
#1601=AXIS2_PLACEMENT_3D('',#2635,#1792,#1793);
#1602=AXIS2_PLACEMENT_3D('',#2651,#1794,#1795);
#1603=AXIS2_PLACEMENT_3D('',#2652,#1796,#1797);
#1604=AXIS2_PLACEMENT_3D('',#2654,#1799,#1800);
#1605=AXIS2_PLACEMENT_3D('',#2656,#1802,#1803);
#1606=AXIS2_PLACEMENT_3D('',#2669,#1805,#1806);
#1607=AXIS2_PLACEMENT_3D('',#2675,#1808,#1809);
#1608=AXIS2_PLACEMENT_3D('',#2676,#1810,#1811);
#1609=AXIS2_PLACEMENT_3D('',#2681,#1812,#1813);
#1610=AXIS2_PLACEMENT_3D('',#2682,#1814,#1815);
#1611=AXIS2_PLACEMENT_3D('',#2684,#1817,#1818);
#1612=AXIS2_PLACEMENT_3D('',#2685,#1819,#1820);
#1613=AXIS2_PLACEMENT_3D('',#2687,#1821,#1822);
#1614=AXIS2_PLACEMENT_3D('',#2689,#1824,#1825);
#1615=AXIS2_PLACEMENT_3D('',#2691,#1826,#1827);
#1616=AXIS2_PLACEMENT_3D('',#2706,#1828,#1829);
#1617=AXIS2_PLACEMENT_3D('',#2708,#1831,#1832);
#1618=AXIS2_PLACEMENT_3D('',#2721,#1834,#1835);
#1619=AXIS2_PLACEMENT_3D('',#2727,#1837,#1838);
#1620=AXIS2_PLACEMENT_3D('',#2729,#1839,#1840);
#1621=AXIS2_PLACEMENT_3D('',#2745,#1841,#1842);
#1622=AXIS2_PLACEMENT_3D('',#2746,#1843,#1844);
#1623=AXIS2_PLACEMENT_3D('',#2748,#1846,#1847);
#1624=AXIS2_PLACEMENT_3D('',#2756,#1850,#1851);
#1625=AXIS2_PLACEMENT_3D('',#2768,#1853,#1854);
#1626=AXIS2_PLACEMENT_3D('',#2769,#1855,#1856);
#1627=AXIS2_PLACEMENT_3D('',#2771,#1857,#1858);
#1628=AXIS2_PLACEMENT_3D('',#2773,#1860,#1861);
#1629=AXIS2_PLACEMENT_3D('',#2775,#1862,#1863);
#1630=AXIS2_PLACEMENT_3D('',#2790,#1864,#1865);
#1631=AXIS2_PLACEMENT_3D('',#2792,#1867,#1868);
#1632=AXIS2_PLACEMENT_3D('',#2805,#1870,#1871);
#1633=AXIS2_PLACEMENT_3D('',#2811,#1873,#1874);
#1634=AXIS2_PLACEMENT_3D('',#2812,#1875,#1876);
#1635=AXIS2_PLACEMENT_3D('',#2828,#1877,#1878);
#1636=AXIS2_PLACEMENT_3D('',#2829,#1879,#1880);
#1637=AXIS2_PLACEMENT_3D('',#2831,#1882,#1883);
#1638=AXIS2_PLACEMENT_3D('',#2833,#1885,#1886);
#1639=AXIS2_PLACEMENT_3D('',#2835,#1888,#1889);
#1640=AXIS2_PLACEMENT_3D('',#2837,#1891,#1892);
#1641=AXIS2_PLACEMENT_3D('',#2838,#1893,#1894);
#1642=AXIS2_PLACEMENT_3D('',#2844,#1896,#1897);
#1643=AXIS2_PLACEMENT_3D('',#2846,#1898,#1899);
#1644=AXIS2_PLACEMENT_3D('',#2862,#1900,#1901);
#1645=AXIS2_PLACEMENT_3D('',#2863,#1902,#1903);
#1646=AXIS2_PLACEMENT_3D('',#2865,#1905,#1906);
#1647=AXIS2_PLACEMENT_3D('',#2867,#1908,#1909);
#1648=AXIS2_PLACEMENT_3D('',#2880,#1911,#1912);
#1649=AXIS2_PLACEMENT_3D('',#2886,#1914,#1915);
#1650=AXIS2_PLACEMENT_3D('',#2888,#1916,#1917);
#1651=AXIS2_PLACEMENT_3D('',#2904,#1918,#1919);
#1652=AXIS2_PLACEMENT_3D('',#2905,#1920,#1921);
#1653=AXIS2_PLACEMENT_3D('',#2907,#1923,#1924);
#1654=AXIS2_PLACEMENT_3D('',#2915,#1927,#1928);
#1655=AXIS2_PLACEMENT_3D('',#2927,#1930,#1931);
#1656=AXIS2_PLACEMENT_3D('',#2928,#1932,#1933);
#1657=AXIS2_PLACEMENT_3D('',#2930,#1934,#1935);
#1658=AXIS2_PLACEMENT_3D('',#2932,#1937,#1938);
#1659=AXIS2_PLACEMENT_3D('',#2934,#1939,#1940);
#1660=AXIS2_PLACEMENT_3D('',#2949,#1941,#1942);
#1661=AXIS2_PLACEMENT_3D('',#2957,#1945,#1946);
#1662=AXIS2_PLACEMENT_3D('',#2969,#1948,#1949);
#1663=AXIS2_PLACEMENT_3D('',#2970,#1950,#1951);
#1664=AXIS2_PLACEMENT_3D('',#2972,#1952,#1953);
#1665=AXIS2_PLACEMENT_3D('',#2974,#1955,#1956);
#1666=AXIS2_PLACEMENT_3D('',#2976,#1957,#1958);
#1667=AXIS2_PLACEMENT_3D('',#2991,#1959,#1960);
#1668=AXIS2_PLACEMENT_3D('',#3000,#1965,#1966);
#1669=AXIS2_PLACEMENT_3D('',#3006,#1970,#1971);
#1670=AXIS2_PLACEMENT_3D('',#3012,#1975,#1976);
#1671=AXIS2_PLACEMENT_3D('',#3018,#1980,#1981);
#1672=AXIS2_PLACEMENT_3D('',#3024,#1985,#1986);
#1673=AXIS2_PLACEMENT_3D('',#3027,#1989,#1990);
#1674=AXIS2_PLACEMENT_3D('',#3033,#1994,#1995);
#1675=AXIS2_PLACEMENT_3D('',#3037,#1998,#1999);
#1676=AXIS2_PLACEMENT_3D('',#3041,#2002,#2003);
#1677=AXIS2_PLACEMENT_3D('',#3043,#2004,#2005);
#1678=AXIS2_PLACEMENT_3D('',#3044,#2006,#2007);
#1679=AXIS2_PLACEMENT_3D('',#3047,#2008,#2009);
#1680=AXIS2_PLACEMENT_3D('',#3050,#2011,#2012);
#1681=AXIS2_PLACEMENT_3D('',#3051,#2013,#2014);
#1682=AXIS2_PLACEMENT_3D('',#3052,#2015,#2016);
#1683=AXIS2_PLACEMENT_3D('',#3054,#2017,#2018);
#1684=AXIS2_PLACEMENT_3D('',#3055,#2019,#2020);
#1685=AXIS2_PLACEMENT_3D('',#3057,#2022,#2023);
#1686=AXIS2_PLACEMENT_3D('',#3060,#2024,#2025);
#1687=AXIS2_PLACEMENT_3D('',#3063,#2027,#2028);
#1688=AXIS2_PLACEMENT_3D('',#3064,#2029,#2030);
#1689=AXIS2_PLACEMENT_3D('',#3065,#2031,#2032);
#1690=AXIS2_PLACEMENT_3D('',#3069,#2034,#2035);
#1691=AXIS2_PLACEMENT_3D('',#3070,#2036,#2037);
#1692=AXIS2_PLACEMENT_3D('',#3071,#2038,#2039);
#1693=AXIS2_PLACEMENT_3D('',#3077,#2043,#2044);
#1694=AXIS2_PLACEMENT_3D('',#3079,#2046,#2047);
#1695=AXIS2_PLACEMENT_3D('',#3081,#2048,#2049);
#1696=AXIS2_PLACEMENT_3D('',#3084,#2051,#2052);
#1697=AXIS2_PLACEMENT_3D('',#3085,#2053,#2054);
#1698=AXIS2_PLACEMENT_3D('',#3087,#2056,#2057);
#1699=AXIS2_PLACEMENT_3D('',#3088,#2058,#2059);
#1700=AXIS2_PLACEMENT_3D('',#3089,#2060,#2061);
#1701=AXIS2_PLACEMENT_3D('',#3091,#2062,#2063);
#1702=AXIS2_PLACEMENT_3D('',#3106,#2064,#2065);
#1703=AXIS2_PLACEMENT_3D('',#3108,#2067,#2068);
#1704=AXIS2_PLACEMENT_3D('',#3110,#2070,#2071);
#1705=AXIS2_PLACEMENT_3D('',#3112,#2073,#2074);
#1706=AXIS2_PLACEMENT_3D('',#3113,#2075,#2076);
#1707=AXIS2_PLACEMENT_3D('',#3115,#2078,#2079);
#1708=AXIS2_PLACEMENT_3D('',#3117,#2081,#2082);
#1709=DIRECTION('axis',(0.,0.,1.));
#1710=DIRECTION('refdir',(1.,0.,0.));
#1711=DIRECTION('center_axis',(-0.963648936311152,0.267171719211421,-5.93240388394414E-17));
#1712=DIRECTION('ref_axis',(-0.267171719211421,-0.963648936311152,2.13973047349636E-16));
#1713=DIRECTION('',(0.,2.22044604925031E-16,1.));
#1714=DIRECTION('',(0.,-2.22044604925031E-16,-1.));
#1715=DIRECTION('center_axis',(0.,-2.22044604925031E-16,-1.));
#1716=DIRECTION('ref_axis',(0.354604887042535,-0.935016242685415,2.0761531220557E-16));
#1717=DIRECTION('',(0.,2.22044604925031E-16,1.));
#1718=DIRECTION('center_axis',(0.,-2.22044604925031E-16,-1.));
#1719=DIRECTION('ref_axis',(1.,0.,0.));
#1720=DIRECTION('center_axis',(0.,2.22044604925031E-16,1.));
#1721=DIRECTION('ref_axis',(1.,0.,0.));
#1722=DIRECTION('center_axis',(0.,-2.22044604925031E-16,-1.));
#1723=DIRECTION('ref_axis',(1.,0.,0.));
#1724=DIRECTION('center_axis',(0.963648936311157,0.267171719211401,-5.93240388394369E-17));
#1725=DIRECTION('ref_axis',(-0.267171719211401,0.963648936311157,-2.13973047349638E-16));
#1726=DIRECTION('',(0.,-2.22044604925031E-16,-1.));
#1727=DIRECTION('',(0.,2.22044604925031E-16,1.));
#1728=DIRECTION('center_axis',(0.,-2.22044604925031E-16,-1.));
#1729=DIRECTION('ref_axis',(0.354604887042536,0.935016242685415,-2.0761531220557E-16));
#1730=DIRECTION('',(0.,-2.22044604925031E-16,-1.));
#1731=DIRECTION('center_axis',(0.,2.22044604925031E-16,1.));
#1732=DIRECTION('ref_axis',(1.,0.,0.));
#1733=DIRECTION('center_axis',(0.,-2.22044604925031E-16,-1.));
#1734=DIRECTION('ref_axis',(1.,0.,0.));
#1735=DIRECTION('',(0.658504610647275,-8.64620379467967E-17,-0.752576692275466));
#1736=DIRECTION('center_axis',(0.,-2.22044604925031E-16,-1.));
#1737=DIRECTION('ref_axis',(1.,0.,0.));
#1738=DIRECTION('center_axis',(0.,-2.22044604925031E-16,-1.));
#1739=DIRECTION('ref_axis',(1.,0.,0.));
#1740=DIRECTION('center_axis',(0.,-2.22044604925031E-16,-1.));
#1741=DIRECTION('ref_axis',(1.,0.,0.));
#1742=DIRECTION('center_axis',(0.,-2.22044604925031E-16,-1.));
#1743=DIRECTION('ref_axis',(1.,0.,0.));
#1744=DIRECTION('center_axis',(0.,-2.22044604925031E-16,-1.));
#1745=DIRECTION('ref_axis',(1.,0.,0.));
#1746=DIRECTION('center_axis',(0.,-2.22044604925031E-16,-1.));
#1747=DIRECTION('ref_axis',(1.,0.,0.));
#1748=DIRECTION('center_axis',(0.,-2.22044604925031E-16,-1.));
#1749=DIRECTION('ref_axis',(1.,0.,0.));
#1750=DIRECTION('center_axis',(0.,-2.22044604925031E-16,-1.));
#1751=DIRECTION('ref_axis',(1.,0.,0.));
#1752=DIRECTION('center_axis',(0.,-2.22044604925031E-16,-1.));
#1753=DIRECTION('ref_axis',(1.,0.,0.));
#1754=DIRECTION('center_axis',(0.,-2.22044604925031E-16,-1.));
#1755=DIRECTION('ref_axis',(1.,0.,0.));
#1756=DIRECTION('center_axis',(0.,-2.22044604925031E-16,-1.));
#1757=DIRECTION('ref_axis',(1.,0.,0.));
#1758=DIRECTION('center_axis',(0.,-2.22044604925031E-16,-1.));
#1759=DIRECTION('ref_axis',(1.,0.,0.));
#1760=DIRECTION('center_axis',(0.,-2.22044604925031E-16,-1.));
#1761=DIRECTION('ref_axis',(1.,0.,0.));
#1762=DIRECTION('center_axis',(0.898469206942788,0.439036540820462,-9.74856952541319E-17));
#1763=DIRECTION('ref_axis',(-0.439036540820462,0.898469206942788,-1.99500240092918E-16));
#1764=DIRECTION('',(0.,2.22044604925031E-16,1.));
#1765=DIRECTION('',(0.,-2.22044604925031E-16,-1.));
#1766=DIRECTION('center_axis',(0.,-2.22044604925031E-16,-1.));
#1767=DIRECTION('ref_axis',(-0.88545602565321,0.464723172043769,-1.03189273135966E-16));
#1768=DIRECTION('',(0.,2.22044604925031E-16,1.));
#1769=DIRECTION('center_axis',(-0.149068692854691,0.988826842683083,-2.19563665622831E-16));
#1770=DIRECTION('ref_axis',(-0.988826842683083,-0.149068692854691,3.30998990116107E-17));
#1771=DIRECTION('',(0.,-2.22044604925031E-16,-1.));
#1772=DIRECTION('center_axis',(0.,-2.22044604925031E-16,-1.));
#1773=DIRECTION('ref_axis',(1.,0.,0.));
#1774=DIRECTION('center_axis',(0.,-2.22044604925031E-16,-1.));
#1775=DIRECTION('ref_axis',(1.,0.,0.));
#1776=DIRECTION('center_axis',(0.,2.22044604925031E-16,1.));
#1777=DIRECTION('ref_axis',(1.,0.,0.));
#1778=DIRECTION('center_axis',(0.,-2.22044604925031E-16,-1.));
#1779=DIRECTION('ref_axis',(1.,0.,0.));
#1780=DIRECTION('',(0.,2.22044604925031E-16,1.));
#1781=DIRECTION('center_axis',(0.999585427044561,-0.0287919092826775,6.39308812170947E-18));
#1782=DIRECTION('ref_axis',(0.0287919092826775,0.999585427044561,-2.21952551236928E-16));
#1783=DIRECTION('',(0.,-2.22044604925031E-16,-1.));
#1784=DIRECTION('center_axis',(0.,-2.22044604925031E-16,-1.));
#1785=DIRECTION('ref_axis',(-0.568064746731155,0.822983865893657,-1.82739127362032E-16));
#1786=DIRECTION('',(0.,2.22044604925031E-16,1.));
#1787=DIRECTION('center_axis',(0.327536974609271,0.944838361977225,-2.09796260803247E-16));
#1788=DIRECTION('ref_axis',(-0.944838361977225,0.327536974609271,-7.27278181254556E-17));
#1789=DIRECTION('',(0.,-2.22044604925031E-16,-1.));
#1790=DIRECTION('center_axis',(0.,-2.22044604925031E-16,-1.));
#1791=DIRECTION('ref_axis',(1.,0.,0.));
#1792=DIRECTION('center_axis',(0.,-2.22044604925031E-16,-1.));
#1793=DIRECTION('ref_axis',(1.,0.,0.));
#1794=DIRECTION('center_axis',(0.,2.22044604925031E-16,1.));
#1795=DIRECTION('ref_axis',(1.,0.,0.));
#1796=DIRECTION('center_axis',(0.,-2.22044604925031E-16,-1.));
#1797=DIRECTION('ref_axis',(1.,0.,0.));
#1798=DIRECTION('',(0.,2.22044604925031E-16,1.));
#1799=DIRECTION('center_axis',(0.871708672120698,-0.490024479949287,1.08807292053933E-16));
#1800=DIRECTION('ref_axis',(0.490024479949287,0.871708672120698,-1.93558207710764E-16));
#1801=DIRECTION('',(0.,-2.22044604925031E-16,-1.));
#1802=DIRECTION('center_axis',(0.,-2.22044604925031E-16,-1.));
#1803=DIRECTION('ref_axis',(-0.120536680255322,0.992708874098054,-2.20425649754675E-16));
#1804=DIRECTION('',(0.,2.22044604925031E-16,1.));
#1805=DIRECTION('center_axis',(0.7291078684387,0.684398799078999,-1.51967060952662E-16));
#1806=DIRECTION('ref_axis',(-0.684398799078999,0.7291078684387,-1.61894468595203E-16));
#1807=DIRECTION('',(0.,-2.22044604925031E-16,-1.));
#1808=DIRECTION('center_axis',(0.,-2.22044604925031E-16,-1.));
#1809=DIRECTION('ref_axis',(1.,0.,0.));
#1810=DIRECTION('center_axis',(0.,-2.22044604925031E-16,-1.));
#1811=DIRECTION('ref_axis',(1.,0.,0.));
#1812=DIRECTION('center_axis',(0.,2.22044604925031E-16,1.));
#1813=DIRECTION('ref_axis',(1.,0.,0.));
#1814=DIRECTION('center_axis',(0.,-2.22044604925031E-16,-1.));
#1815=DIRECTION('ref_axis',(1.,0.,0.));
#1816=DIRECTION('',(0.,2.22044604925031E-16,1.));
#1817=DIRECTION('center_axis',(0.544133965642306,-0.838998347694665,1.86295056646616E-16));
#1818=DIRECTION('ref_axis',(0.838998347694665,0.544133965642306,-1.20822011427336E-16));
#1819=DIRECTION('center_axis',(0.,-2.22044604925031E-16,-1.));
#1820=DIRECTION('ref_axis',(1.,0.,0.));
#1821=DIRECTION('center_axis',(0.,2.22044604925031E-16,1.));
#1822=DIRECTION('ref_axis',(1.,0.,0.));
#1823=DIRECTION('',(0.,2.22044604925031E-16,1.));
#1824=DIRECTION('center_axis',(0.,-2.22044604925031E-16,-1.));
#1825=DIRECTION('ref_axis',(1.,0.,0.));
#1826=DIRECTION('center_axis',(0.,-2.22044604925031E-16,-1.));
#1827=DIRECTION('ref_axis',(1.,0.,0.));
#1828=DIRECTION('center_axis',(0.0919047251604143,-0.995767805009375,2.21104868860372E-16));
#1829=DIRECTION('ref_axis',(0.995767805009375,0.0919047251604143,-2.04069483889878E-17));
#1830=DIRECTION('',(0.,-2.22044604925031E-16,-1.));
#1831=DIRECTION('center_axis',(0.,-2.22044604925031E-16,-1.));
#1832=DIRECTION('ref_axis',(0.748510748171101,0.663122658240795,-1.47242808665914E-16));
#1833=DIRECTION('',(0.,2.22044604925031E-16,1.));
#1834=DIRECTION('center_axis',(0.977429646103334,-0.21126118175924,4.69094056397257E-17));
#1835=DIRECTION('ref_axis',(0.21126118175924,0.977429646103334,-2.17032979611028E-16));
#1836=DIRECTION('',(0.,-2.22044604925031E-16,-1.));
#1837=DIRECTION('center_axis',(0.,-2.22044604925031E-16,-1.));
#1838=DIRECTION('ref_axis',(1.,0.,0.));
#1839=DIRECTION('center_axis',(0.,-2.22044604925031E-16,-1.));
#1840=DIRECTION('ref_axis',(1.,0.,0.));
#1841=DIRECTION('center_axis',(0.,2.22044604925031E-16,1.));
#1842=DIRECTION('ref_axis',(1.,0.,0.));
#1843=DIRECTION('center_axis',(0.,-2.22044604925031E-16,-1.));
#1844=DIRECTION('ref_axis',(1.,0.,0.));
#1845=DIRECTION('',(0.,2.22044604925031E-16,1.));
#1846=DIRECTION('center_axis',(0.767293003277412,-0.641296691962098,1.42396470606454E-16));
#1847=DIRECTION('ref_axis',(0.641296691962098,0.767293003277412,-1.70373271774474E-16));
#1848=DIRECTION('',(0.,-2.22044604925031E-16,-1.));
#1849=DIRECTION('',(0.,2.22044604925031E-16,1.));
#1850=DIRECTION('center_axis',(0.,-2.22044604925031E-16,-1.));
#1851=DIRECTION('ref_axis',(0.970941817426052,0.239315664287557,-5.3138752129102E-17));
#1852=DIRECTION('',(0.,-2.22044604925031E-16,-1.));
#1853=DIRECTION('center_axis',(-0.381378780283731,-0.924418858499378,2.05262220220743E-16));
#1854=DIRECTION('ref_axis',(0.924418858499378,-0.381378780283731,8.46831005948913E-17));
#1855=DIRECTION('center_axis',(0.,-2.22044604925031E-16,-1.));
#1856=DIRECTION('ref_axis',(1.,0.,0.));
#1857=DIRECTION('center_axis',(0.,2.22044604925031E-16,1.));
#1858=DIRECTION('ref_axis',(1.,0.,0.));
#1859=DIRECTION('',(0.,2.22044604925031E-16,1.));
#1860=DIRECTION('center_axis',(0.,-2.22044604925031E-16,-1.));
#1861=DIRECTION('ref_axis',(1.,0.,0.));
#1862=DIRECTION('center_axis',(0.,-2.22044604925031E-16,-1.));
#1863=DIRECTION('ref_axis',(1.,0.,0.));
#1864=DIRECTION('center_axis',(-0.767293003277412,-0.641296691962098,1.42396470606454E-16));
#1865=DIRECTION('ref_axis',(0.641296691962098,-0.767293003277412,1.70373271774474E-16));
#1866=DIRECTION('',(0.,-2.22044604925031E-16,-1.));
#1867=DIRECTION('center_axis',(0.,-2.22044604925031E-16,-1.));
#1868=DIRECTION('ref_axis',(0.970941817426052,-0.239315664287558,5.31387521291022E-17));
#1869=DIRECTION('',(0.,2.22044604925031E-16,1.));
#1870=DIRECTION('center_axis',(0.381378780283729,-0.924418858499379,2.05262220220743E-16));
#1871=DIRECTION('ref_axis',(0.924418858499379,0.381378780283729,-8.46831005948909E-17));
#1872=DIRECTION('',(0.,-2.22044604925031E-16,-1.));
#1873=DIRECTION('center_axis',(0.,-2.22044604925031E-16,-1.));
#1874=DIRECTION('ref_axis',(1.,0.,0.));
#1875=DIRECTION('center_axis',(0.,-2.22044604925031E-16,-1.));
#1876=DIRECTION('ref_axis',(1.,0.,0.));
#1877=DIRECTION('center_axis',(0.,2.22044604925031E-16,1.));
#1878=DIRECTION('ref_axis',(1.,0.,0.));
#1879=DIRECTION('center_axis',(0.,-2.22044604925031E-16,-1.));
#1880=DIRECTION('ref_axis',(1.,0.,0.));
#1881=DIRECTION('',(0.,2.22044604925031E-16,1.));
#1882=DIRECTION('center_axis',(-0.977429646103334,-0.211261181759242,4.69094056397261E-17));
#1883=DIRECTION('ref_axis',(0.211261181759242,-0.977429646103334,2.17032979611028E-16));
#1884=DIRECTION('',(0.,-2.22044604925031E-16,-1.));
#1885=DIRECTION('center_axis',(0.,-2.22044604925031E-16,-1.));
#1886=DIRECTION('ref_axis',(0.748510748171101,-0.663122658240796,1.47242808665914E-16));
#1887=DIRECTION('',(0.,2.22044604925031E-16,1.));
#1888=DIRECTION('center_axis',(-0.0919047251604098,-0.995767805009375,2.21104868860372E-16));
#1889=DIRECTION('ref_axis',(0.995767805009375,-0.0919047251604098,2.04069483889868E-17));
#1890=DIRECTION('',(0.,-2.22044604925031E-16,-1.));
#1891=DIRECTION('center_axis',(0.,-2.22044604925031E-16,-1.));
#1892=DIRECTION('ref_axis',(1.,0.,0.));
#1893=DIRECTION('center_axis',(-0.544133965642308,-0.838998347694664,1.86295056646616E-16));
#1894=DIRECTION('ref_axis',(0.838998347694664,-0.544133965642308,1.20822011427337E-16));
#1895=DIRECTION('',(0.,-2.22044604925031E-16,-1.));
#1896=DIRECTION('center_axis',(0.,-2.22044604925031E-16,-1.));
#1897=DIRECTION('ref_axis',(-0.992708874098054,-0.120536680255324,2.67645195462682E-17));
#1898=DIRECTION('center_axis',(0.,-2.22044604925031E-16,-1.));
#1899=DIRECTION('ref_axis',(1.,0.,0.));
#1900=DIRECTION('center_axis',(0.,2.22044604925031E-16,1.));
#1901=DIRECTION('ref_axis',(1.,0.,0.));
#1902=DIRECTION('center_axis',(0.,-2.22044604925031E-16,-1.));
#1903=DIRECTION('ref_axis',(1.,0.,0.));
#1904=DIRECTION('',(0.,2.22044604925031E-16,1.));
#1905=DIRECTION('center_axis',(-0.729107868438695,0.684398799079004,-1.51967060952663E-16));
#1906=DIRECTION('ref_axis',(-0.684398799079004,-0.729107868438695,1.61894468595202E-16));
#1907=DIRECTION('',(0.,-2.22044604925031E-16,-1.));
#1908=DIRECTION('center_axis',(0.,-2.22044604925031E-16,-1.));
#1909=DIRECTION('ref_axis',(-0.120536680255323,-0.992708874098054,2.20425649754675E-16));
#1910=DIRECTION('',(0.,2.22044604925031E-16,1.));
#1911=DIRECTION('center_axis',(-0.871708672120701,-0.490024479949282,1.08807292053932E-16));
#1912=DIRECTION('ref_axis',(0.490024479949282,-0.871708672120701,1.93558207710765E-16));
#1913=DIRECTION('',(0.,-2.22044604925031E-16,-1.));
#1914=DIRECTION('center_axis',(0.,-2.22044604925031E-16,-1.));
#1915=DIRECTION('ref_axis',(1.,0.,0.));
#1916=DIRECTION('center_axis',(0.,-2.22044604925031E-16,-1.));
#1917=DIRECTION('ref_axis',(1.,0.,0.));
#1918=DIRECTION('center_axis',(0.,2.22044604925031E-16,1.));
#1919=DIRECTION('ref_axis',(1.,0.,0.));
#1920=DIRECTION('center_axis',(0.,-2.22044604925031E-16,-1.));
#1921=DIRECTION('ref_axis',(1.,0.,0.));
#1922=DIRECTION('',(0.,2.22044604925031E-16,1.));
#1923=DIRECTION('center_axis',(-0.999585427044561,-0.0287919092826737,6.39308812170863E-18));
#1924=DIRECTION('ref_axis',(0.0287919092826737,-0.999585427044561,2.21952551236928E-16));
#1925=DIRECTION('',(0.,-2.22044604925031E-16,-1.));
#1926=DIRECTION('',(0.,2.22044604925031E-16,1.));
#1927=DIRECTION('center_axis',(0.,-2.22044604925031E-16,-1.));
#1928=DIRECTION('ref_axis',(-0.568064746731156,-0.822983865893656,1.82739127362032E-16));
#1929=DIRECTION('',(0.,-2.22044604925031E-16,-1.));
#1930=DIRECTION('center_axis',(-0.327536974609274,0.944838361977224,-2.09796260803246E-16));
#1931=DIRECTION('ref_axis',(-0.944838361977224,-0.327536974609274,7.27278181254563E-17));
#1932=DIRECTION('center_axis',(0.,-2.22044604925031E-16,-1.));
#1933=DIRECTION('ref_axis',(1.,0.,0.));
#1934=DIRECTION('center_axis',(0.,2.22044604925031E-16,1.));
#1935=DIRECTION('ref_axis',(1.,0.,0.));
#1936=DIRECTION('',(0.,2.22044604925031E-16,1.));
#1937=DIRECTION('center_axis',(0.,-2.22044604925031E-16,-1.));
#1938=DIRECTION('ref_axis',(1.,0.,0.));
#1939=DIRECTION('center_axis',(0.,-2.22044604925031E-16,-1.));
#1940=DIRECTION('ref_axis',(1.,0.,0.));
#1941=DIRECTION('center_axis',(-0.898469206942785,0.439036540820468,-9.74856952541332E-17));
#1942=DIRECTION('ref_axis',(-0.439036540820468,-0.898469206942785,1.99500240092917E-16));
#1943=DIRECTION('',(0.,-2.22044604925031E-16,-1.));
#1944=DIRECTION('',(0.,2.22044604925031E-16,1.));
#1945=DIRECTION('center_axis',(0.,-2.22044604925031E-16,-1.));
#1946=DIRECTION('ref_axis',(-0.88545602565321,-0.464723172043768,1.03189273135966E-16));
#1947=DIRECTION('',(0.,-2.22044604925031E-16,-1.));
#1948=DIRECTION('center_axis',(0.149068692854692,0.988826842683083,-2.19563665622831E-16));
#1949=DIRECTION('ref_axis',(-0.988826842683083,0.149068692854692,-3.30998990116109E-17));
#1950=DIRECTION('center_axis',(0.,-2.22044604925031E-16,-1.));
#1951=DIRECTION('ref_axis',(1.,0.,0.));
#1952=DIRECTION('center_axis',(0.,2.22044604925031E-16,1.));
#1953=DIRECTION('ref_axis',(1.,0.,0.));
#1954=DIRECTION('',(0.,2.22044604925031E-16,1.));
#1955=DIRECTION('center_axis',(0.,-2.22044604925031E-16,-1.));
#1956=DIRECTION('ref_axis',(1.,0.,0.));
#1957=DIRECTION('center_axis',(0.,-2.22044604925031E-16,-1.));
#1958=DIRECTION('ref_axis',(1.,0.,0.));
#1959=DIRECTION('center_axis',(0.353553390593275,-0.612372435695797,0.707106781186545));
#1960=DIRECTION('ref_axis',(0.866025403784439,0.5,-1.11022302462516E-16));
#1961=DIRECTION('',(-0.866025403784438,-0.5,1.11022302462516E-16));
#1962=DIRECTION('',(0.654653670707975,-0.377964473009226,-0.65465367070798));
#1963=DIRECTION('',(0.866025403784439,0.5,-1.11022302462516E-16));
#1964=DIRECTION('',(2.42270526125123E-15,0.755928946018452,0.65465367070798));
#1965=DIRECTION('center_axis',(0.707106781186551,5.70283667867205E-17,0.707106781186544));
#1966=DIRECTION('ref_axis',(1.41394315175262E-16,1.,-2.22044604925031E-16));
#1967=DIRECTION('',(-1.41394315175262E-16,-1.,2.22044604925031E-16));
#1968=DIRECTION('',(0.654653670707975,0.377964473009227,-0.65465367070798));
#1969=DIRECTION('',(1.41394315175262E-16,1.,-2.22044604925031E-16));
#1970=DIRECTION('center_axis',(0.353553390593275,0.612372435695797,0.707106781186545));
#1971=DIRECTION('ref_axis',(-0.866025403784439,0.5,-1.11022302462516E-16));
#1972=DIRECTION('',(0.866025403784439,-0.5,1.11022302462516E-16));
#1973=DIRECTION('',(2.67878302670556E-15,0.755928946018452,-0.65465367070798));
#1974=DIRECTION('',(-0.866025403784439,0.5,-1.11022302462516E-16));
#1975=DIRECTION('center_axis',(-0.353553390593275,0.612372435695797,0.707106781186545));
#1976=DIRECTION('ref_axis',(-0.866025403784439,-0.499999999999999,-3.33066907387547E-16));
#1977=DIRECTION('',(-0.866025403784439,-0.499999999999999,1.11022302462515E-16));
#1978=DIRECTION('',(0.866025403784439,0.499999999999999,-1.11022302462515E-16));
#1979=DIRECTION('',(-0.654653670707975,0.377964473009226,-0.65465367070798));
#1980=DIRECTION('center_axis',(-0.70710678118655,1.57009245868377E-16,0.707106781186545));
#1981=DIRECTION('ref_axis',(0.,-1.,2.22044604925031E-16));
#1982=DIRECTION('',(0.,-1.,2.22044604925031E-16));
#1983=DIRECTION('',(0.,1.,-2.22044604925031E-16));
#1984=DIRECTION('',(-0.654653670707975,-0.377964473009228,-0.654653670707979));
#1985=DIRECTION('center_axis',(-0.353553390593275,-0.612372435695796,0.707106781186546));
#1986=DIRECTION('ref_axis',(0.866025403784439,-0.5,4.44089209850062E-16));
#1987=DIRECTION('',(-0.866025403784439,0.5,-1.11022302462516E-16));
#1988=DIRECTION('',(0.866025403784439,-0.5,1.11022302462516E-16));
#1989=DIRECTION('center_axis',(1.,0.,0.));
#1990=DIRECTION('ref_axis',(0.,-1.,2.22044604925031E-16));
#1991=DIRECTION('',(0.,-2.22044604925031E-16,-1.));
#1992=DIRECTION('',(0.,-1.,2.22044604925031E-16));
#1993=DIRECTION('',(0.,-2.22044604925031E-16,-1.));
#1994=DIRECTION('center_axis',(0.5,0.866025403784439,-1.92296268638356E-16));
#1995=DIRECTION('ref_axis',(0.866025403784439,-0.5,1.11022302462516E-16));
#1996=DIRECTION('',(0.,-2.22044604925031E-16,-1.));
#1997=DIRECTION('',(0.866025403784439,-0.5,1.11022302462516E-16));
#1998=DIRECTION('center_axis',(-0.5,0.866025403784439,-1.92296268638356E-16));
#1999=DIRECTION('ref_axis',(0.866025403784439,0.5,-1.11022302462516E-16));
#2000=DIRECTION('',(0.,-2.22044604925031E-16,-1.));
#2001=DIRECTION('',(0.866025403784439,0.5,-1.11022302462516E-16));
#2002=DIRECTION('center_axis',(0.,2.22044604925031E-16,1.));
#2003=DIRECTION('ref_axis',(-1.,0.,0.));
#2004=DIRECTION('center_axis',(0.,-2.22044604925031E-16,-1.));
#2005=DIRECTION('ref_axis',(-1.,0.,0.));
#2006=DIRECTION('center_axis',(0.,2.22044604925031E-16,1.));
#2007=DIRECTION('ref_axis',(-1.,0.,0.));
#2008=DIRECTION('center_axis',(0.,-2.22044604925031E-16,-1.));
#2009=DIRECTION('ref_axis',(-1.,0.,0.));
#2010=DIRECTION('',(-0.707106781186548,-2.43604851491927E-16,-0.707106781186547));
#2011=DIRECTION('center_axis',(0.,2.22044604925031E-16,1.));
#2012=DIRECTION('ref_axis',(-1.,0.,0.));
#2013=DIRECTION('center_axis',(0.,-2.22044604925031E-16,-1.));
#2014=DIRECTION('ref_axis',(-1.,0.,0.));
#2015=DIRECTION('center_axis',(0.,-2.22044604925031E-16,-1.));
#2016=DIRECTION('ref_axis',(0.,1.,-2.22044604925031E-16));
#2017=DIRECTION('center_axis',(0.,-2.22044604925031E-16,-1.));
#2018=DIRECTION('ref_axis',(-1.,0.,0.));
#2019=DIRECTION('center_axis',(0.,-2.22044604925031E-16,-1.));
#2020=DIRECTION('ref_axis',(1.,0.,0.));
#2021=DIRECTION('',(0.,2.22044604925031E-16,1.));
#2022=DIRECTION('center_axis',(0.,2.22044604925031E-16,1.));
#2023=DIRECTION('ref_axis',(-1.,0.,0.));
#2024=DIRECTION('center_axis',(0.,-2.22044604925031E-16,-1.));
#2025=DIRECTION('ref_axis',(-1.,0.,0.));
#2026=DIRECTION('',(0.707106781186547,2.43604851491927E-16,0.707106781186548));
#2027=DIRECTION('center_axis',(0.,2.22044604925031E-16,1.));
#2028=DIRECTION('ref_axis',(-1.,0.,0.));
#2029=DIRECTION('center_axis',(0.,-2.22044604925031E-16,-1.));
#2030=DIRECTION('ref_axis',(-1.,0.,0.));
#2031=DIRECTION('center_axis',(0.,-2.22044604925031E-16,-1.));
#2032=DIRECTION('ref_axis',(1.,0.,0.));
#2033=DIRECTION('',(0.,-2.22044604925031E-16,-1.));
#2034=DIRECTION('center_axis',(0.,2.22044604925031E-16,1.));
#2035=DIRECTION('ref_axis',(-1.,0.,0.));
#2036=DIRECTION('center_axis',(0.,2.22044604925031E-16,1.));
#2037=DIRECTION('ref_axis',(-1.,0.,0.));
#2038=DIRECTION('center_axis',(0.,2.22044604925031E-16,1.));
#2039=DIRECTION('ref_axis',(0.,-1.,2.22044604925031E-16));
#2040=DIRECTION('',(1.41394315175262E-16,1.,-2.22044604925031E-16));
#2041=DIRECTION('',(-0.866025403784439,0.5,-1.11022302462516E-16));
#2042=DIRECTION('',(-0.866025403784439,-0.499999999999999,1.11022302462515E-16));
#2043=DIRECTION('center_axis',(0.,-2.22044604925031E-16,-1.));
#2044=DIRECTION('ref_axis',(-1.,0.,0.));
#2045=DIRECTION('',(0.707106781186546,-2.43604851491927E-16,-0.707106781186548));
#2046=DIRECTION('center_axis',(0.,2.22044604925031E-16,1.));
#2047=DIRECTION('ref_axis',(-1.,0.,0.));
#2048=DIRECTION('center_axis',(0.,-2.22044604925031E-16,-1.));
#2049=DIRECTION('ref_axis',(-1.,0.,0.));
#2050=DIRECTION('',(0.707106781186547,2.43604851491927E-16,0.707106781186548));
#2051=DIRECTION('center_axis',(0.,2.22044604925031E-16,1.));
#2052=DIRECTION('ref_axis',(-1.,0.,0.));
#2053=DIRECTION('center_axis',(0.,-2.22044604925031E-16,-1.));
#2054=DIRECTION('ref_axis',(-1.,0.,0.));
#2055=DIRECTION('',(0.,-2.22044604925031E-16,-1.));
#2056=DIRECTION('center_axis',(0.,2.22044604925031E-16,1.));
#2057=DIRECTION('ref_axis',(0.,-1.,2.22044604925031E-16));
#2058=DIRECTION('center_axis',(0.,-2.22044604925031E-16,-1.));
#2059=DIRECTION('ref_axis',(1.,0.,0.));
#2060=DIRECTION('center_axis',(0.,-2.22044604925031E-16,-1.));
#2061=DIRECTION('ref_axis',(1.,0.,0.));
#2062=DIRECTION('center_axis',(0.,2.22044604925031E-16,1.));
#2063=DIRECTION('ref_axis',(1.,0.,0.));
#2064=DIRECTION('center_axis',(0.,-2.22044604925031E-16,-1.));
#2065=DIRECTION('ref_axis',(1.,0.,0.));
#2066=DIRECTION('',(0.,-2.22044604925031E-16,-1.));
#2067=DIRECTION('center_axis',(0.59152451925814,0.806287010385524,-1.79031680677238E-16));
#2068=DIRECTION('ref_axis',(-0.806287010385524,0.59152451925814,-1.31344828182143E-16));
#2069=DIRECTION('',(0.,-2.22044604925031E-16,-1.));
#2070=DIRECTION('center_axis',(-0.59152451925814,0.806287010385524,-1.79031680677238E-16));
#2071=DIRECTION('ref_axis',(-0.806287010385524,-0.59152451925814,1.31344828182143E-16));
#2072=DIRECTION('',(0.,2.22044604925031E-16,1.));
#2073=DIRECTION('center_axis',(0.,-2.22044604925031E-16,-1.));
#2074=DIRECTION('ref_axis',(-1.,0.,0.));
#2075=DIRECTION('center_axis',(-1.,1.41394315175262E-16,-3.13958448517364E-32));
#2076=DIRECTION('ref_axis',(1.41394315175262E-16,1.,-2.22044604925031E-16));
#2077=DIRECTION('',(0.,-2.22044604925031E-16,-1.));
#2078=DIRECTION('center_axis',(-0.5,-0.866025403784439,1.92296268638356E-16));
#2079=DIRECTION('ref_axis',(-0.866025403784439,0.5,-1.11022302462516E-16));
#2080=DIRECTION('',(0.,-2.22044604925031E-16,-1.));
#2081=DIRECTION('center_axis',(0.499999999999999,-0.866025403784439,1.92296268638357E-16));
#2082=DIRECTION('ref_axis',(-0.866025403784439,-0.499999999999999,1.11022302462515E-16));
#2083=CARTESIAN_POINT('',(0.,0.,0.));
#2084=CARTESIAN_POINT('Origin',(1.09093382442981,4.26806351446212,9.59757608348822));
#2085=CARTESIAN_POINT('',(1.12904134263928,4.40551170507002,5.86910811722926));
#2086=CARTESIAN_POINT('',(1.05282630622138,4.13061532385494,6.09757608348822));
#2087=CARTESIAN_POINT('Ctrl Pts',(1.12904134263928,4.40551170507002,5.86910811722926));
#2088=CARTESIAN_POINT('Ctrl Pts',(1.09141597696453,4.26980256744947,5.98039901592918));
#2089=CARTESIAN_POINT('Ctrl Pts',(1.05282630622138,4.13061532385494,6.09757608348822));
#2090=CARTESIAN_POINT('',(1.05282630622138,4.13061532385494,12.0475760834882));
#2091=CARTESIAN_POINT('',(1.05282630622138,4.13061532385494,9.59757608348822));
#2092=CARTESIAN_POINT('',(1.12904134263854,4.4055117050695,12.2474855554525));
#2093=CARTESIAN_POINT('Ctrl Pts',(1.05282630622138,4.13061532385494,12.0475760834882));
#2094=CARTESIAN_POINT('Ctrl Pts',(1.091415976974,4.26980256748571,12.1501060183922));
#2095=CARTESIAN_POINT('Ctrl Pts',(1.12904134263854,4.4055117050695,12.2474855554525));
#2096=CARTESIAN_POINT('',(1.12904134263825,4.40551170506929,9.59757608348822));
#2097=CARTESIAN_POINT('Origin',(0.51986994705406,5.26073694487575,13.0975760834882));
#2098=CARTESIAN_POINT('',(1.50163705760506,5.63307209740651,13.0975760238836));
#2099=CARTESIAN_POINT('Ctrl Pts',(1.50163700187375,5.63307207627041,13.0975759642789));
#2100=CARTESIAN_POINT('Ctrl Pts',(1.54363756975622,5.52232568047295,13.0975759642789));
#2101=CARTESIAN_POINT('Ctrl Pts',(1.56705175271034,5.40043090596688,13.0729232546037));
#2102=CARTESIAN_POINT('Ctrl Pts',(1.57218051014317,5.16721433399504,12.9841314272281));
#2103=CARTESIAN_POINT('Ctrl Pts',(1.55432621124079,5.05569073618877,12.9205487614785));
#2104=CARTESIAN_POINT('Ctrl Pts',(1.48472185078256,4.82153216734179,12.7558220682794));
#2105=CARTESIAN_POINT('Ctrl Pts',(1.41408946232559,4.69311400982242,12.6339538150136));
#2106=CARTESIAN_POINT('Ctrl Pts',(1.26605344317501,4.51636468360582,12.4206564004952));
#2107=CARTESIAN_POINT('Ctrl Pts',(1.19927204422419,4.45553657864258,12.3330290883673));
#2108=CARTESIAN_POINT('Ctrl Pts',(1.12904134263869,4.4055117050696,12.2474855554523));
#2109=CARTESIAN_POINT('',(0.4087220497125,6.30483758414216,12.2474855554524));
#2110=CARTESIAN_POINT('Ctrl Pts',(0.408722049712658,6.30483758414218,12.2474855554523));
#2111=CARTESIAN_POINT('Ctrl Pts',(0.494463111842882,6.3139649981224,12.3330290883673));
#2112=CARTESIAN_POINT('Ctrl Pts',(0.584786201394451,6.31271876655984,12.4206564004952));
#2113=CARTESIAN_POINT('Ctrl Pts',(0.812799235888152,6.27858603468924,12.6339538150136));
#2114=CARTESIAN_POINT('Ctrl Pts',(0.950825327797822,6.22930160071714,12.7558220682794));
#2115=CARTESIAN_POINT('Ctrl Pts',(1.15820079234404,6.10018762369103,12.9205487614785));
#2116=CARTESIAN_POINT('Ctrl Pts',(1.2455187516074,6.02855060220749,12.9841314272281));
#2117=CARTESIAN_POINT('Ctrl Pts',(1.39633101469594,5.85058449617262,13.0729232546037));
#2118=CARTESIAN_POINT('Ctrl Pts',(1.45963643399127,5.74381847206786,13.0975759642789));
#2119=CARTESIAN_POINT('Ctrl Pts',(1.50163700187375,5.63307207627041,13.0975759642789));
#2120=CARTESIAN_POINT('',(0.408722049713399,6.30483758414226,5.86910811722926));
#2121=CARTESIAN_POINT('',(0.40872204971214,6.30483758414212,9.59757608348822));
#2122=CARTESIAN_POINT('Ctrl Pts',(1.12904134263986,4.40551170507043,5.86910811722989));
#2123=CARTESIAN_POINT('Ctrl Pts',(1.20005355349375,4.45609324263046,5.77025618716586));
#2124=CARTESIAN_POINT('Ctrl Pts',(1.26766045650713,4.51778399152022,5.66881057989018));
#2125=CARTESIAN_POINT('Ctrl Pts',(1.41728297906679,4.69770801127049,5.42176750975378));
#2126=CARTESIAN_POINT('Ctrl Pts',(1.48884911674147,4.82877019861811,5.2801250133565));
#2127=CARTESIAN_POINT('Ctrl Pts',(1.5558645290311,5.06550954947257,5.09354131979126));
#2128=CARTESIAN_POINT('Ctrl Pts',(1.57246353117289,5.17364157229218,5.023924027106));
#2129=CARTESIAN_POINT('Ctrl Pts',(1.56657913200122,5.40194224069528,4.92561757475308));
#2130=CARTESIAN_POINT('Ctrl Pts',(1.54361820521675,5.52237674056715,4.8975762286681));
#2131=CARTESIAN_POINT('Ctrl Pts',(1.45965579853074,5.74376741197366,4.8975762286681));
#2132=CARTESIAN_POINT('Ctrl Pts',(1.39697945331795,5.84913984038335,4.92561757475308));
#2133=CARTESIAN_POINT('Ctrl Pts',(1.24999264323486,6.0239274229186,5.023924027106));
#2134=CARTESIAN_POINT('Ctrl Pts',(1.16586331730972,6.09385822979615,5.09354131979126));
#2135=CARTESIAN_POINT('Ctrl Pts',(0.958714333269002,6.22662074008515,5.28012501335649));
#2136=CARTESIAN_POINT('Ctrl Pts',(0.818236003945606,6.2772650685388,5.42176750975378));
#2137=CARTESIAN_POINT('Ctrl Pts',(0.58693024338306,6.31272204628357,5.66881057989017));
#2138=CARTESIAN_POINT('Ctrl Pts',(0.495417216434346,6.31406656564862,5.77025618716585));
#2139=CARTESIAN_POINT('Ctrl Pts',(0.408722049714104,6.30483758414234,5.86910811722988));
#2140=CARTESIAN_POINT('Origin',(8.,8.09757608348822,12.5725760834882));
#2141=CARTESIAN_POINT('',(1.82732551269996,3.00855951112031,12.0475760834882));
#2142=CARTESIAN_POINT('Origin',(8.,8.09757608348822,12.0475760834882));
#2143=CARTESIAN_POINT('',(2.11138431857067,2.98234220789823,12.2474855554524));
#2144=CARTESIAN_POINT('Ctrl Pts',(2.111384318571,2.98234220789798,12.2474855554522));
#2145=CARTESIAN_POINT('Ctrl Pts',(1.97115193210789,2.99528500326819,12.1501060183919));
#2146=CARTESIAN_POINT('Ctrl Pts',(1.82732551269999,3.00855951112031,12.0475760834882));
#2147=CARTESIAN_POINT('',(3.39129748570128,2.89542633908436,13.0975760238836));
#2148=CARTESIAN_POINT('Ctrl Pts',(2.1113843185708,2.98234220789833,12.2474855554523));
#2149=CARTESIAN_POINT('Ctrl Pts',(2.18306253790247,3.0302699899733,12.3330290883673));
#2150=CARTESIAN_POINT('Ctrl Pts',(2.26361881448638,3.07114173941207,12.4206564004952));
#2151=CARTESIAN_POINT('Ctrl Pts',(2.48137660123173,3.14688164696248,12.6339538150136));
#2152=CARTESIAN_POINT('Ctrl Pts',(2.6264962544984,3.16738637118805,12.7558220682794));
#2153=CARTESIAN_POINT('Ctrl Pts',(2.87012036611225,3.1494338059222,12.9205487614785));
#2154=CARTESIAN_POINT('Ctrl Pts',(2.98072796314933,3.12658105259501,12.9841314272281));
#2155=CARTESIAN_POINT('Ctrl Pts',(3.19697056355628,3.03908584493,13.0729232546037));
#2156=CARTESIAN_POINT('Ctrl Pts',(3.30264137391629,2.97396872081389,13.0975759642789));
#2157=CARTESIAN_POINT('Ctrl Pts',(3.3912974461761,2.89542629446964,13.0975759642789));
#2158=CARTESIAN_POINT('Origin',(8.,8.09757608348822,13.0975760834882));
#2159=CARTESIAN_POINT('Origin',(14.9090661755702,4.26806351446211,9.59757608348822));
#2160=CARTESIAN_POINT('',(14.8709586573615,4.40551170506949,12.2474855554525));
#2161=CARTESIAN_POINT('',(14.9471736937786,4.13061532385494,12.0475760834882));
#2162=CARTESIAN_POINT('Ctrl Pts',(14.8709586573615,4.40551170506949,12.2474855554525));
#2163=CARTESIAN_POINT('Ctrl Pts',(14.908584023026,4.26980256748572,12.1501060183922));
#2164=CARTESIAN_POINT('Ctrl Pts',(14.9471736937786,4.13061532385494,12.0475760834882));
#2165=CARTESIAN_POINT('',(14.9471736937786,4.13061532385494,6.09757608348822));
#2166=CARTESIAN_POINT('',(14.9471736937786,4.13061532385494,9.59757608348822));
#2167=CARTESIAN_POINT('',(14.8709586573607,4.40551170507002,5.86910811722927));
#2168=CARTESIAN_POINT('Ctrl Pts',(14.9471736937786,4.13061532385494,6.09757608348822));
#2169=CARTESIAN_POINT('Ctrl Pts',(14.9085840230256,4.26980256748521,5.98039901589832));
#2170=CARTESIAN_POINT('Ctrl Pts',(14.8709586573607,4.40551170507002,5.86910811722927));
#2171=CARTESIAN_POINT('',(14.8709586573618,4.40551170506929,9.59757608348822));
#2172=CARTESIAN_POINT('Origin',(15.4801300529459,5.26073694487575,13.0975760834882));
#2173=CARTESIAN_POINT('',(15.5912779502866,6.30483758414225,5.86910811722926));
#2174=CARTESIAN_POINT('Ctrl Pts',(15.5912779502859,6.30483758414234,5.86910811722988));
#2175=CARTESIAN_POINT('Ctrl Pts',(15.5045827835657,6.31406656564862,5.77025618716585));
#2176=CARTESIAN_POINT('Ctrl Pts',(15.4130697566169,6.31272204628357,5.66881057989017));
#2177=CARTESIAN_POINT('Ctrl Pts',(15.1817639960544,6.2772650685388,5.42176750975378));
#2178=CARTESIAN_POINT('Ctrl Pts',(15.041285666731,6.22662074008515,5.28012501335649));
#2179=CARTESIAN_POINT('Ctrl Pts',(14.8341366826903,6.09385822979615,5.09354131979125));
#2180=CARTESIAN_POINT('Ctrl Pts',(14.7500073567651,6.0239274229186,5.023924027106));
#2181=CARTESIAN_POINT('Ctrl Pts',(14.603020546682,5.84913984038336,4.92561757475308));
#2182=CARTESIAN_POINT('Ctrl Pts',(14.5403442014693,5.74376741197366,4.8975762286681));
#2183=CARTESIAN_POINT('Ctrl Pts',(14.4563817947833,5.52237674056715,4.8975762286681));
#2184=CARTESIAN_POINT('Ctrl Pts',(14.4334208679988,5.40194224069528,4.92561757475308));
#2185=CARTESIAN_POINT('Ctrl Pts',(14.4275364688271,5.17364157229218,5.023924027106));
#2186=CARTESIAN_POINT('Ctrl Pts',(14.4441354709689,5.06550954947257,5.09354131979126));
#2187=CARTESIAN_POINT('Ctrl Pts',(14.5111508832585,4.82877019861811,5.2801250133565));
#2188=CARTESIAN_POINT('Ctrl Pts',(14.5827170209332,4.69770801127049,5.42176750975378));
#2189=CARTESIAN_POINT('Ctrl Pts',(14.7323395434929,4.51778399152022,5.66881057989018));
#2190=CARTESIAN_POINT('Ctrl Pts',(14.7999464465063,4.45609324263046,5.77025618716586));
#2191=CARTESIAN_POINT('Ctrl Pts',(14.8709586573601,4.40551170507043,5.86910811722989));
#2192=CARTESIAN_POINT('',(15.5912779502875,6.30483758414216,12.2474855554524));
#2193=CARTESIAN_POINT('',(15.5912779502879,6.30483758414212,9.59757608348822));
#2194=CARTESIAN_POINT('',(14.4983629423949,5.6330720974065,13.0975760238836));
#2195=CARTESIAN_POINT('Ctrl Pts',(14.4983629981263,5.63307207627041,13.0975759642789));
#2196=CARTESIAN_POINT('Ctrl Pts',(14.5403635660087,5.74381847206786,13.0975759642789));
#2197=CARTESIAN_POINT('Ctrl Pts',(14.6036689853041,5.85058449617262,13.0729232546037));
#2198=CARTESIAN_POINT('Ctrl Pts',(14.7544812483926,6.02855060220749,12.9841314272281));
#2199=CARTESIAN_POINT('Ctrl Pts',(14.841799207656,6.10018762369103,12.9205487614785));
#2200=CARTESIAN_POINT('Ctrl Pts',(15.0491746722022,6.22930160071714,12.7558220682794));
#2201=CARTESIAN_POINT('Ctrl Pts',(15.1872007641118,6.27858603468924,12.6339538150136));
#2202=CARTESIAN_POINT('Ctrl Pts',(15.4152137986055,6.31271876655984,12.4206564004952));
#2203=CARTESIAN_POINT('Ctrl Pts',(15.5055368881571,6.3139649981224,12.3330290883673));
#2204=CARTESIAN_POINT('Ctrl Pts',(15.5912779502873,6.30483758414218,12.2474855554523));
#2205=CARTESIAN_POINT('Ctrl Pts',(14.8709586573613,4.4055117050696,12.2474855554523));
#2206=CARTESIAN_POINT('Ctrl Pts',(14.8007279557758,4.45553657864258,12.3330290883673));
#2207=CARTESIAN_POINT('Ctrl Pts',(14.733946556825,4.51636468360582,12.4206564004952));
#2208=CARTESIAN_POINT('Ctrl Pts',(14.5859105376744,4.69311400982242,12.6339538150136));
#2209=CARTESIAN_POINT('Ctrl Pts',(14.5152781492174,4.82153216734179,12.7558220682794));
#2210=CARTESIAN_POINT('Ctrl Pts',(14.4456737887592,5.05569073618877,12.9205487614785));
#2211=CARTESIAN_POINT('Ctrl Pts',(14.4278194898568,5.16721433399504,12.9841314272281));
#2212=CARTESIAN_POINT('Ctrl Pts',(14.4329482472897,5.40043090596688,13.0729232546037));
#2213=CARTESIAN_POINT('Ctrl Pts',(14.4563624302438,5.52232568047295,13.0975759642789));
#2214=CARTESIAN_POINT('Ctrl Pts',(14.4983629981263,5.63307207627041,13.0975759642789));
#2215=CARTESIAN_POINT('Origin',(8.,8.09757608348822,4.09757609838938));
#2216=CARTESIAN_POINT('',(0.169384256730221,6.46006056256773,6.09757608348822));
#2217=CARTESIAN_POINT('Ctrl Pts',(0.16938425673111,6.46006056256716,6.09757608348736));
#2218=CARTESIAN_POINT('Ctrl Pts',(0.290567255048278,6.38146709975054,5.98039901589841));
#2219=CARTESIAN_POINT('Ctrl Pts',(0.408722049714855,6.30483758414037,5.86910811722956));
#2220=CARTESIAN_POINT('',(0.00504460399431084,7.81351937105292,6.09757608348822));
#2221=CARTESIAN_POINT('Origin',(8.,8.09757608348822,6.09757608348822));
#2222=CARTESIAN_POINT('',(0.20028038549755,8.02150913474852,5.86910811722926));
#2223=CARTESIAN_POINT('Ctrl Pts',(0.200280385498501,8.0215091347507,5.86910811722958));
#2224=CARTESIAN_POINT('Ctrl Pts',(0.103897597859622,7.9188300404213,5.98039901589842));
#2225=CARTESIAN_POINT('Ctrl Pts',(0.00504460399503941,7.8135193710537,6.09757608348735));
#2226=CARTESIAN_POINT('',(0.473826337638634,8.09757608349006,5.55606027307867));
#2227=CARTESIAN_POINT('Ctrl Pts',(0.473826337638634,8.0975760834919,5.55606027307867));
#2228=CARTESIAN_POINT('Ctrl Pts',(0.469618121190502,8.09576283547448,5.56086966326928));
#2229=CARTESIAN_POINT('Ctrl Pts',(0.465403430095386,8.09397945947882,5.56568720168969));
#2230=CARTESIAN_POINT('Ctrl Pts',(0.375197048234286,8.05650179299715,5.66881057989017));
#2231=CARTESIAN_POINT('Ctrl Pts',(0.286664988075535,8.03329584208609,5.77025618716585));
#2232=CARTESIAN_POINT('Ctrl Pts',(0.200280385498254,8.02150913474862,5.86910811722989));
#2233=CARTESIAN_POINT('',(3.5,8.09757608348822,2.09757611329054));
#2234=CARTESIAN_POINT('',(1.75,8.09757608348822,4.09757609838938));
#2235=CARTESIAN_POINT('Origin',(8.,8.09757608348822,2.09757611329054));
#2236=CARTESIAN_POINT('',(0.44513007444934,10.038027745745,5.86910811722926));
#2237=CARTESIAN_POINT('Ctrl Pts',(0.445130074449998,10.0380277457447,5.86910811722988));
#2238=CARTESIAN_POINT('Ctrl Pts',(0.52618375377778,10.005910350151,5.77025618716585));
#2239=CARTESIAN_POINT('Ctrl Pts',(0.606589685611084,9.96219161321066,5.66881057989017));
#2240=CARTESIAN_POINT('Ctrl Pts',(0.794923085900853,9.82330287185447,5.42176750975378));
#2241=CARTESIAN_POINT('Ctrl Pts',(0.895774876108946,9.71317601125345,5.2801250133565));
#2242=CARTESIAN_POINT('Ctrl Pts',(1.01749837732574,9.49935371358816,5.09354131979126));
#2243=CARTESIAN_POINT('Ctrl Pts',(1.05949272950458,9.39833621205381,5.023924027106));
#2244=CARTESIAN_POINT('Ctrl Pts',(1.10841524639456,9.17526131725821,4.92561757475308));
#2245=CARTESIAN_POINT('Ctrl Pts',(1.11494338475264,9.05283151562574,4.8975762286681));
#2246=CARTESIAN_POINT('Ctrl Pts',(1.08640302860418,8.81778053563789,4.8975762286681));
#2247=CARTESIAN_POINT('Ctrl Pts',(1.0507652167761,8.70047060730146,4.92561757475308));
#2248=CARTESIAN_POINT('Ctrl Pts',(0.94987898268001,8.49558578815465,5.023924027106));
#2249=CARTESIAN_POINT('Ctrl Pts',(0.884929839569495,8.40755357791105,5.09354131979125));
#2250=CARTESIAN_POINT('Ctrl Pts',(0.718959781886989,8.23264475109627,5.27639305770648));
#2251=CARTESIAN_POINT('Ctrl Pts',(0.599348089473052,8.15166124533232,5.41260684347958));
#2252=CARTESIAN_POINT('Ctrl Pts',(0.473826337638635,8.0975760834919,5.55606027307867));
#2253=CARTESIAN_POINT('',(0.30534269839381,10.2866966856567,6.09757608348822));
#2254=CARTESIAN_POINT('Ctrl Pts',(0.305342698394333,10.2866966856558,6.09757608348735));
#2255=CARTESIAN_POINT('Ctrl Pts',(0.376120711118946,10.1607890830521,5.98039901589841));
#2256=CARTESIAN_POINT('Ctrl Pts',(0.445130074449745,10.0380277457426,5.86910811722957));
#2257=CARTESIAN_POINT('',(0.78881083333486,11.5614973878154,6.09757608348822));
#2258=CARTESIAN_POINT('Origin',(8.,8.09757608348822,6.09757608348822));
#2259=CARTESIAN_POINT('',(1.05834119522727,11.6549325856772,5.86910811722926));
#2260=CARTESIAN_POINT('Ctrl Pts',(1.05834119522913,11.6549325856787,5.86910811722958));
#2261=CARTESIAN_POINT('Ctrl Pts',(0.925281120725685,11.608806077698,5.98039901589842));
#2262=CARTESIAN_POINT('Ctrl Pts',(0.788810833335866,11.5614973878157,6.09757608348736));
#2263=CARTESIAN_POINT('',(2.2122677530765,13.3266838165022,5.86910811722926));
#2264=CARTESIAN_POINT('Ctrl Pts',(1.05834119522794,11.6549325856769,5.86910811722988));
#2265=CARTESIAN_POINT('Ctrl Pts',(1.14030851812547,11.6252242701861,5.77025618716585));
#2266=CARTESIAN_POINT('Ctrl Pts',(1.22948410737421,11.6046292194267,5.66881057989017));
#2267=CARTESIAN_POINT('Ctrl Pts',(1.46255395309854,11.5837007900961,5.42176750975378));
#2268=CARTESIAN_POINT('Ctrl Pts',(1.61107021858706,11.5992548217072,5.28012501335649));
#2269=CARTESIAN_POINT('Ctrl Pts',(1.84397197797181,11.678585498011,5.09354131979125));
#2270=CARTESIAN_POINT('Ctrl Pts',(1.94239219608646,11.7263507772149,5.023924027106));
#2271=CARTESIAN_POINT('Ctrl Pts',(2.12693724302983,11.8608831041687,4.92561757475307));
#2272=CARTESIAN_POINT('Ctrl Pts',(2.21300960026282,11.9481941701257,4.8975762286681));
#2273=CARTESIAN_POINT('Ctrl Pts',(2.34751446760071,12.143058111851,4.8975762286681));
#2274=CARTESIAN_POINT('Ctrl Pts',(2.39863005392259,12.2544980945913,4.92561757475307));
#2275=CARTESIAN_POINT('Ctrl Pts',(2.45897938926498,12.4747565315935,5.023924027106));
#2276=CARTESIAN_POINT('Ctrl Pts',(2.4687404108298,12.583718835576,5.09354131979125));
#2277=CARTESIAN_POINT('Ctrl Pts',(2.46032777963848,12.8296168090605,5.28012501335649));
#2278=CARTESIAN_POINT('Ctrl Pts',(2.42220645828654,12.9739974652178,5.42176750975378));
#2279=CARTESIAN_POINT('Ctrl Pts',(2.31999033061242,13.1845002333314,5.66881057989017));
#2280=CARTESIAN_POINT('Ctrl Pts',(2.26911152388102,13.2605777520819,5.77025618716585));
#2281=CARTESIAN_POINT('Ctrl Pts',(2.21226775307696,13.3266838165017,5.86910811722988));
#2282=CARTESIAN_POINT('',(2.20405439718244,13.6118316605521,6.09757608348822));
#2283=CARTESIAN_POINT('Ctrl Pts',(2.20405439718248,13.611831660551,6.09757608348734));
#2284=CARTESIAN_POINT('Ctrl Pts',(2.20821303456685,13.4674538325657,5.98039901589841));
#2285=CARTESIAN_POINT('Ctrl Pts',(2.21226775307577,13.3266838165,5.86910811722958));
#2286=CARTESIAN_POINT('',(3.22457359650809,14.5159327785335,6.09757608348822));
#2287=CARTESIAN_POINT('Origin',(8.,8.09757608348822,6.09757608348822));
#2288=CARTESIAN_POINT('',(3.5066523810731,14.4734085327476,5.86910811722926));
#2289=CARTESIAN_POINT('Ctrl Pts',(3.50665238107544,14.4734085327481,5.86910811722958));
#2290=CARTESIAN_POINT('Ctrl Pts',(3.36739747922845,14.4944016382099,5.98039901589842));
#2291=CARTESIAN_POINT('Ctrl Pts',(3.22457359650915,14.5159327785333,6.09757608348736));
#2292=CARTESIAN_POINT('',(5.30530513973905,15.4174143232056,5.86910811722926));
#2293=CARTESIAN_POINT('Ctrl Pts',(3.50665238107358,14.4734085327471,5.86910811722988));
#2294=CARTESIAN_POINT('Ctrl Pts',(3.56542469842886,14.4090110114828,5.77025618716585));
#2295=CARTESIAN_POINT('Ctrl Pts',(3.63481476395306,14.3493330369848,5.66881057989017));
#2296=CARTESIAN_POINT('Ctrl Pts',(3.83146193718331,14.2224888751137,5.42176750975378));
#2297=CARTESIAN_POINT('Ctrl Pts',(3.97019487827599,14.167242336129,5.28012501335649));
#2298=CARTESIAN_POINT('Ctrl Pts',(4.21328594804076,14.1292513170856,5.09354131979125));
#2299=CARTESIAN_POINT('Ctrl Pts',(4.32263035528169,14.1258072154182,5.023924027106));
#2300=CARTESIAN_POINT('Ctrl Pts',(4.54855716882651,14.1591673153641,4.92561757475308));
#2301=CARTESIAN_POINT('Ctrl Pts',(4.6653459317067,14.1964776059433,4.8975762286681));
#2302=CARTESIAN_POINT('Ctrl Pts',(4.87500186608628,14.3065135287219,4.8975762286681));
#2303=CARTESIAN_POINT('Ctrl Pts',(4.97205121227136,14.3814341355217,4.92561757475308));
#2304=CARTESIAN_POINT('Ctrl Pts',(5.1278470944075,14.5484175612152,5.023924027106));
#2305=CARTESIAN_POINT('Ctrl Pts',(5.18712735730855,14.6403627169415,5.09354131979125));
#2306=CARTESIAN_POINT('Ctrl Pts',(5.29395282856545,14.8620041039118,5.28012501335649));
#2307=CARTESIAN_POINT('Ctrl Pts',(5.32729511137966,15.0075626872751,5.42176750975378));
#2308=CARTESIAN_POINT('Ctrl Pts',(5.33461273933345,15.2414558348048,5.66881057989017));
#2309=CARTESIAN_POINT('Ctrl Pts',(5.32491677917002,15.3324636926532,5.77025618716585));
#2310=CARTESIAN_POINT('Ctrl Pts',(5.30530513973921,15.4174143232049,5.86910811722989));
#2311=CARTESIAN_POINT('',(5.43054738486012,15.6737171367257,6.09757608348822));
#2312=CARTESIAN_POINT('Ctrl Pts',(5.43054738485964,15.6737171367248,6.09757608348735));
#2313=CARTESIAN_POINT('Ctrl Pts',(5.36713395319604,15.5439443038078,5.98039901589842));
#2314=CARTESIAN_POINT('Ctrl Pts',(5.30530513973735,15.4174143232039,5.86910811722959));
#2315=CARTESIAN_POINT('',(6.75432899859445,16.,6.09757608348822));
#2316=CARTESIAN_POINT('Origin',(8.,8.09757608348822,6.09757608348822));
#2317=CARTESIAN_POINT('',(6.98433535570608,15.8312581028032,5.86910811722926));
#2318=CARTESIAN_POINT('Ctrl Pts',(6.98433535570836,15.8312581028025,5.86910811722958));
#2319=CARTESIAN_POINT('Ctrl Pts',(6.87078724632746,15.9145615542399,5.98039901589842));
#2320=CARTESIAN_POINT('Ctrl Pts',(6.75432899859531,15.9999999999994,6.09757608348735));
#2321=CARTESIAN_POINT('',(9.01566464429392,15.8312581028032,5.86910811722926));
#2322=CARTESIAN_POINT('Ctrl Pts',(6.98433535570626,15.8312581028025,5.86910811722988));
#2323=CARTESIAN_POINT('Ctrl Pts',(7.00644863789641,15.7469240718122,5.77025618716585));
#2324=CARTESIAN_POINT('Ctrl Pts',(7.04015675192541,15.6618346783354,5.66881057989017));
#2325=CARTESIAN_POINT('Ctrl Pts',(7.15533175512987,15.4581332527708,5.42176750975378));
#2326=CARTESIAN_POINT('Ctrl Pts',(7.25249932693557,15.3447424594788,5.28012501335649));
#2327=CARTESIAN_POINT('Ctrl Pts',(7.45009047256222,15.1981330297094,5.09354131979125));
#2328=CARTESIAN_POINT('Ctrl Pts',(7.54530958297347,15.1442685493569,5.023924027106));
#2329=CARTESIAN_POINT('Ctrl Pts',(7.76086105284989,15.06881402543,4.92561757475308));
#2330=CARTESIAN_POINT('Ctrl Pts',(7.88161132325859,15.0475762026975,4.8975762286681));
#2331=CARTESIAN_POINT('Ctrl Pts',(8.11838867674141,15.0475762026975,4.8975762286681));
#2332=CARTESIAN_POINT('Ctrl Pts',(8.23913894715011,15.06881402543,4.92561757475308));
#2333=CARTESIAN_POINT('Ctrl Pts',(8.45469041702653,15.1442685493569,5.023924027106));
#2334=CARTESIAN_POINT('Ctrl Pts',(8.54990952743779,15.1981330297094,5.09354131979125));
#2335=CARTESIAN_POINT('Ctrl Pts',(8.74750067306443,15.3447424594788,5.28012501335649));
#2336=CARTESIAN_POINT('Ctrl Pts',(8.84466824487013,15.4581332527708,5.42176750975378));
#2337=CARTESIAN_POINT('Ctrl Pts',(8.9598432480746,15.6618346783354,5.66881057989017));
#2338=CARTESIAN_POINT('Ctrl Pts',(8.9935513621036,15.7469240718122,5.77025618716585));
#2339=CARTESIAN_POINT('Ctrl Pts',(9.01566464429374,15.8312581028025,5.86910811722988));
#2340=CARTESIAN_POINT('',(9.24567100140555,16.,6.09757608348822));
#2341=CARTESIAN_POINT('Ctrl Pts',(9.2456710014047,15.9999999999994,6.09757608348736));
#2342=CARTESIAN_POINT('Ctrl Pts',(9.12921275367254,15.9145615542399,5.98039901589842));
#2343=CARTESIAN_POINT('Ctrl Pts',(9.01566464429164,15.8312581028025,5.86910811722958));
#2344=CARTESIAN_POINT('',(10.5694526151399,15.6737171367257,6.09757608348822));
#2345=CARTESIAN_POINT('Origin',(8.,8.09757608348822,6.09757608348822));
#2346=CARTESIAN_POINT('',(10.694694860261,15.4174143232055,5.86910811722926));
#2347=CARTESIAN_POINT('Ctrl Pts',(10.6946948602627,15.4174143232039,5.86910811722957));
#2348=CARTESIAN_POINT('Ctrl Pts',(10.632866046804,15.5439443038078,5.98039901589842));
#2349=CARTESIAN_POINT('Ctrl Pts',(10.5694526151404,15.6737171367248,6.09757608348735));
#2350=CARTESIAN_POINT('',(12.4933476189269,14.4734085327476,5.86910811722926));
#2351=CARTESIAN_POINT('Ctrl Pts',(10.6946948602608,15.4174143232049,5.86910811722988));
#2352=CARTESIAN_POINT('Ctrl Pts',(10.67508322083,15.3324636926532,5.77025618716585));
#2353=CARTESIAN_POINT('Ctrl Pts',(10.6653872606665,15.2414558348048,5.66881057989017));
#2354=CARTESIAN_POINT('Ctrl Pts',(10.6727048886203,15.0075626872751,5.42176750975378));
#2355=CARTESIAN_POINT('Ctrl Pts',(10.7060471714346,14.8620041039118,5.28012501335649));
#2356=CARTESIAN_POINT('Ctrl Pts',(10.8128726426914,14.6403627169415,5.09354131979125));
#2357=CARTESIAN_POINT('Ctrl Pts',(10.8721529055925,14.5484175612152,5.023924027106));
#2358=CARTESIAN_POINT('Ctrl Pts',(11.0279487877286,14.3814341355217,4.92561757475308));
#2359=CARTESIAN_POINT('Ctrl Pts',(11.1249981339137,14.3065135287219,4.8975762286681));
#2360=CARTESIAN_POINT('Ctrl Pts',(11.3346540682933,14.1964776059433,4.8975762286681));
#2361=CARTESIAN_POINT('Ctrl Pts',(11.4514428311735,14.1591673153641,4.92561757475308));
#2362=CARTESIAN_POINT('Ctrl Pts',(11.6773696447183,14.1258072154182,5.023924027106));
#2363=CARTESIAN_POINT('Ctrl Pts',(11.7867140519592,14.1292513170856,5.09354131979125));
#2364=CARTESIAN_POINT('Ctrl Pts',(12.029805121724,14.167242336129,5.28012501335649));
#2365=CARTESIAN_POINT('Ctrl Pts',(12.1685380628167,14.2224888751137,5.42176750975378));
#2366=CARTESIAN_POINT('Ctrl Pts',(12.3651852360469,14.3493330369848,5.66881057989017));
#2367=CARTESIAN_POINT('Ctrl Pts',(12.4345753015711,14.4090110114828,5.77025618716585));
#2368=CARTESIAN_POINT('Ctrl Pts',(12.4933476189264,14.4734085327471,5.86910811722988));
#2369=CARTESIAN_POINT('',(12.7754264034919,14.5159327785335,6.09757608348822));
#2370=CARTESIAN_POINT('Ctrl Pts',(12.7754264034909,14.5159327785333,6.09757608348735));
#2371=CARTESIAN_POINT('Ctrl Pts',(12.6326025207716,14.4944016382099,5.98039901589841));
#2372=CARTESIAN_POINT('Ctrl Pts',(12.4933476189246,14.473408532748,5.86910811722957));
#2373=CARTESIAN_POINT('',(13.7959456028176,13.6118316605521,6.09757608348822));
#2374=CARTESIAN_POINT('Origin',(8.,8.09757608348822,6.09757608348822));
#2375=CARTESIAN_POINT('',(13.7877322469235,13.3266838165022,5.86910811722926));
#2376=CARTESIAN_POINT('Ctrl Pts',(13.7877322469242,13.3266838164999,5.86910811722957));
#2377=CARTESIAN_POINT('Ctrl Pts',(13.7917869654332,13.4674538325657,5.98039901589841));
#2378=CARTESIAN_POINT('Ctrl Pts',(13.7959456028175,13.611831660551,6.09757608348735));
#2379=CARTESIAN_POINT('',(14.9416588047727,11.6549325856772,5.86910811722926));
#2380=CARTESIAN_POINT('Ctrl Pts',(13.787732246923,13.3266838165017,5.86910811722988));
#2381=CARTESIAN_POINT('Ctrl Pts',(13.730888476119,13.2605777520819,5.77025618716585));
#2382=CARTESIAN_POINT('Ctrl Pts',(13.6800096693876,13.1845002333314,5.66881057989017));
#2383=CARTESIAN_POINT('Ctrl Pts',(13.5777935417135,12.9739974652178,5.42176750975378));
#2384=CARTESIAN_POINT('Ctrl Pts',(13.5396722203615,12.8296168090605,5.28012501335649));
#2385=CARTESIAN_POINT('Ctrl Pts',(13.5312595891702,12.583718835576,5.09354131979125));
#2386=CARTESIAN_POINT('Ctrl Pts',(13.541020610735,12.4747565315935,5.023924027106));
#2387=CARTESIAN_POINT('Ctrl Pts',(13.6013699460774,12.2544980945913,4.92561757475307));
#2388=CARTESIAN_POINT('Ctrl Pts',(13.6524855323993,12.143058111851,4.8975762286681));
#2389=CARTESIAN_POINT('Ctrl Pts',(13.7869903997372,11.9481941701257,4.8975762286681));
#2390=CARTESIAN_POINT('Ctrl Pts',(13.8730627569702,11.8608831041687,4.92561757475307));
#2391=CARTESIAN_POINT('Ctrl Pts',(14.0576078039135,11.7263507772149,5.023924027106));
#2392=CARTESIAN_POINT('Ctrl Pts',(14.1560280220282,11.678585498011,5.09354131979125));
#2393=CARTESIAN_POINT('Ctrl Pts',(14.3889297814129,11.5992548217072,5.28012501335649));
#2394=CARTESIAN_POINT('Ctrl Pts',(14.5374460469015,11.5837007900961,5.42176750975378));
#2395=CARTESIAN_POINT('Ctrl Pts',(14.7705158926258,11.6046292194267,5.66881057989017));
#2396=CARTESIAN_POINT('Ctrl Pts',(14.8596914818745,11.6252242701861,5.77025618716585));
#2397=CARTESIAN_POINT('Ctrl Pts',(14.9416588047721,11.6549325856769,5.86910811722988));
#2398=CARTESIAN_POINT('',(15.2111891666651,11.5614973878154,6.09757608348822));
#2399=CARTESIAN_POINT('Ctrl Pts',(15.2111891666641,11.5614973878157,6.09757608348736));
#2400=CARTESIAN_POINT('Ctrl Pts',(15.0747188792743,11.608806077698,5.98039901589842));
#2401=CARTESIAN_POINT('Ctrl Pts',(14.9416588047709,11.6549325856787,5.86910811722958));
#2402=CARTESIAN_POINT('',(15.6946573016062,10.2866966856567,6.09757608348822));
#2403=CARTESIAN_POINT('Origin',(8.,8.09757608348822,6.09757608348822));
#2404=CARTESIAN_POINT('',(15.5548699255507,10.038027745745,5.86910811722926));
#2405=CARTESIAN_POINT('Ctrl Pts',(15.5548699255503,10.0380277457426,5.86910811722958));
#2406=CARTESIAN_POINT('Ctrl Pts',(15.6238792888811,10.1607890830521,5.98039901589842));
#2407=CARTESIAN_POINT('Ctrl Pts',(15.6946573016057,10.2866966856558,6.09757608348736));
#2408=CARTESIAN_POINT('',(15.7997196145025,8.02150913474851,5.86910811722926));
#2409=CARTESIAN_POINT('Ctrl Pts',(15.55486992555,10.0380277457447,5.86910811722989));
#2410=CARTESIAN_POINT('Ctrl Pts',(15.4738162462222,10.005910350151,5.77025618716585));
#2411=CARTESIAN_POINT('Ctrl Pts',(15.3934103143889,9.96219161321065,5.66881057989017));
#2412=CARTESIAN_POINT('Ctrl Pts',(15.2050769140991,9.82330287185446,5.42176750975378));
#2413=CARTESIAN_POINT('Ctrl Pts',(15.1042251238911,9.71317601125345,5.28012501335649));
#2414=CARTESIAN_POINT('Ctrl Pts',(14.9825016226743,9.49935371358815,5.09354131979125));
#2415=CARTESIAN_POINT('Ctrl Pts',(14.9405072704954,9.3983362120538,5.023924027106));
#2416=CARTESIAN_POINT('Ctrl Pts',(14.8915847536054,9.17526131725821,4.92561757475308));
#2417=CARTESIAN_POINT('Ctrl Pts',(14.8850566152474,9.05283151562573,4.8975762286681));
#2418=CARTESIAN_POINT('Ctrl Pts',(14.9135969713958,8.81778053563788,4.8975762286681));
#2419=CARTESIAN_POINT('Ctrl Pts',(14.9492347832239,8.70047060730146,4.92561757475308));
#2420=CARTESIAN_POINT('Ctrl Pts',(15.05012101732,8.49558578815464,5.023924027106));
#2421=CARTESIAN_POINT('Ctrl Pts',(15.1150701604305,8.40755357791104,5.09354131979125));
#2422=CARTESIAN_POINT('Ctrl Pts',(15.2844276231307,8.22907490816279,5.28012501335649));
#2423=CARTESIAN_POINT('Ctrl Pts',(15.4087039264066,8.14628354715166,5.42176750975378));
#2424=CARTESIAN_POINT('Ctrl Pts',(15.6248029517657,8.05650179299714,5.66881057989017));
#2425=CARTESIAN_POINT('Ctrl Pts',(15.7133350119245,8.03329584208608,5.77025618716585));
#2426=CARTESIAN_POINT('Ctrl Pts',(15.7997196145017,8.02150913474861,5.86910811722989));
#2427=CARTESIAN_POINT('',(15.9949553960057,7.81351937105292,6.09757608348822));
#2428=CARTESIAN_POINT('Ctrl Pts',(15.9949553960049,7.81351937105371,6.09757608348733));
#2429=CARTESIAN_POINT('Ctrl Pts',(15.8961024021404,7.9188300404213,5.98039901589841));
#2430=CARTESIAN_POINT('Ctrl Pts',(15.7997196145015,8.0215091347507,5.86910811722958));
#2431=CARTESIAN_POINT('',(15.8306157432698,6.46006056256772,6.09757608348822));
#2432=CARTESIAN_POINT('Origin',(8.,8.09757608348822,6.09757608348822));
#2433=CARTESIAN_POINT('Ctrl Pts',(15.5912779502852,6.30483758414037,5.86910811722958));
#2434=CARTESIAN_POINT('Ctrl Pts',(15.7094327449517,6.38146709975053,5.98039901589842));
#2435=CARTESIAN_POINT('Ctrl Pts',(15.8306157432689,6.46006056256715,6.09757608348735));
#2436=CARTESIAN_POINT('',(14.1726744873,3.00855951112031,6.09757608348822));
#2437=CARTESIAN_POINT('Origin',(8.,8.09757608348822,6.09757608348822));
#2438=CARTESIAN_POINT('',(13.8886156814286,2.98234220789873,5.86910811722926));
#2439=CARTESIAN_POINT('Ctrl Pts',(13.8886156814264,2.98234220789774,5.86910811722957));
#2440=CARTESIAN_POINT('Ctrl Pts',(14.0288480678903,2.99528500326802,5.98039901589841));
#2441=CARTESIAN_POINT('Ctrl Pts',(14.172674487299,3.00855951112022,6.09757608348735));
#2442=CARTESIAN_POINT('',(12.3681438758458,1.63532173028798,5.86910811722926));
#2443=CARTESIAN_POINT('Ctrl Pts',(13.888615681428,2.98234220789913,5.86910811722989));
#2444=CARTESIAN_POINT('Ctrl Pts',(13.8161398452209,3.03080331806361,5.77025618716585));
#2445=CARTESIAN_POINT('Ctrl Pts',(13.7344842547792,3.07214102945715,5.66881057989017));
#2446=CARTESIAN_POINT('Ctrl Pts',(13.5131954961521,3.14823858162222,5.42176750975378));
#2447=CARTESIAN_POINT('Ctrl Pts',(13.365272520014,3.16867879063435,5.28012501335649));
#2448=CARTESIAN_POINT('Ctrl Pts',(13.1201533889772,3.14739035886716,5.09354131979125));
#2449=CARTESIAN_POINT('Ctrl Pts',(13.013162104007,3.12456655174447,5.023924027106));
#2450=CARTESIAN_POINT('Ctrl Pts',(12.8017839075377,3.03810801020969,4.92561757475308));
#2451=CARTESIAN_POINT('Ctrl Pts',(12.6973177508266,2.97393250849601,4.8975762286681));
#2452=CARTESIAN_POINT('Ctrl Pts',(12.5200873568212,2.81692008044326,4.8975762286681));
#2453=CARTESIAN_POINT('Ctrl Pts',(12.4437877630414,2.72095110156353,4.92561757475307));
#2454=CARTESIAN_POINT('Ctrl Pts',(12.3324807755374,2.52153551571398,5.023924027106));
#2455=CARTESIAN_POINT('Ctrl Pts',(12.2969270053595,2.41807542361419,5.09354131979125));
#2456=CARTESIAN_POINT('Ctrl Pts',(12.2462479439063,2.17730952391582,5.28012501335649));
#2457=CARTESIAN_POINT('Ctrl Pts',(12.2487089763039,2.02800127788249,5.42176750975378));
#2458=CARTESIAN_POINT('Ctrl Pts',(12.2975782792926,1.79915341714174,5.66881057989017));
#2459=CARTESIAN_POINT('Ctrl Pts',(12.3287720984317,1.71311047738981,5.77025618716585));
#2460=CARTESIAN_POINT('Ctrl Pts',(12.3681438758455,1.63532173028862,5.86910811722989));
#2461=CARTESIAN_POINT('',(12.3078782208258,1.35649417962926,6.09757608348822));
#2462=CARTESIAN_POINT('Ctrl Pts',(12.307878220826,1.35649417963032,6.09757608348735));
#2463=CARTESIAN_POINT('Ctrl Pts',(12.3383923016987,1.49767187739854,5.98039901589841));
#2464=CARTESIAN_POINT('Ctrl Pts',(12.3681438758471,1.63532173029,5.86910811722958));
#2465=CARTESIAN_POINT('',(11.1006478950815,0.722890827104294,6.09757608348822));
#2466=CARTESIAN_POINT('Origin',(8.,8.09757608348822,6.09757608348822));
#2467=CARTESIAN_POINT('',(10.8369425254672,0.831685267301923,5.86910811722926));
#2468=CARTESIAN_POINT('Ctrl Pts',(10.8369425254648,0.831685267302039,5.86910811722958));
#2469=CARTESIAN_POINT('Ctrl Pts',(10.9671269539706,0.777976303990696,5.98039901589842));
#2470=CARTESIAN_POINT('Ctrl Pts',(11.1006478950805,0.7228908271047,6.09757608348735));
#2471=CARTESIAN_POINT('',(8.86463997421498,0.345556349216753,5.86910811722926));
#2472=CARTESIAN_POINT('Ctrl Pts',(10.8369425254669,0.831685267302549,5.86910811722989));
#2473=CARTESIAN_POINT('Ctrl Pts',(10.7952893604194,0.908276649806223,5.77025618716585));
#2474=CARTESIAN_POINT('Ctrl Pts',(10.7421975181984,0.982826620451521,5.66881057989017));
#2475=CARTESIAN_POINT('Ctrl Pts',(10.5816203492897,1.15304567040032,5.42176750975378));
#2476=CARTESIAN_POINT('Ctrl Pts',(10.460140097505,1.23988781132478,5.2801250133565));
#2477=CARTESIAN_POINT('Ctrl Pts',(10.2332046583869,1.33495038124385,5.09354131979126));
#2478=CARTESIAN_POINT('Ctrl Pts',(10.1278618283734,1.36446223303114,5.023924027106));
#2479=CARTESIAN_POINT('Ctrl Pts',(9.9005164429457,1.38613934242406,4.92561757475308));
#2480=CARTESIAN_POINT('Ctrl Pts',(9.77819241228515,1.37786260145037,4.8975762286681));
#2481=CARTESIAN_POINT('Ctrl Pts',(9.5482953783692,1.32119807181338,4.8975762286681));
#2482=CARTESIAN_POINT('Ctrl Pts',(9.43613643501915,1.27167995043556,4.92561757475308));
#2483=CARTESIAN_POINT('Ctrl Pts',(9.24490594862553,1.14683315463936,5.023924027106));
#2484=CARTESIAN_POINT('Ctrl Pts',(9.16534434640622,1.07174645353018,5.09354131979126));
#2485=CARTESIAN_POINT('Ctrl Pts',(9.00858077344026,0.882110571065164,5.28012501335649));
#2486=CARTESIAN_POINT('Ctrl Pts',(8.94137290769713,0.748760986152923,5.42176750975378));
#2487=CARTESIAN_POINT('Ctrl Pts',(8.87829362273906,0.523415571401724,5.66881057989018));
#2488=CARTESIAN_POINT('Ctrl Pts',(8.86592822996546,0.432731841354964,5.77025618716585));
#2489=CARTESIAN_POINT('Ctrl Pts',(8.864639974215,0.345556349217465,5.86910811722989));
#2490=CARTESIAN_POINT('',(8.68169976304226,0.126673660734065,6.09757608348822));
#2491=CARTESIAN_POINT('Ctrl Pts',(8.68169976304295,0.126673660734882,6.09757608348735));
#2492=CARTESIAN_POINT('Ctrl Pts',(8.77432718734763,0.237499703456451,5.98039901589842));
#2493=CARTESIAN_POINT('Ctrl Pts',(8.86463997421704,0.345556349217966,5.86910811722958));
#2494=CARTESIAN_POINT('',(7.31830023695773,0.126673660734065,6.09757608348822));
#2495=CARTESIAN_POINT('Origin',(8.,8.09757608348822,6.09757608348822));
#2496=CARTESIAN_POINT('',(7.13536002578501,0.345556349216753,5.86910811722926));
#2497=CARTESIAN_POINT('Ctrl Pts',(7.13536002578296,0.345556349217959,5.86910811722958));
#2498=CARTESIAN_POINT('Ctrl Pts',(7.22567281265236,0.237499703456446,5.98039901589842));
#2499=CARTESIAN_POINT('Ctrl Pts',(7.31830023695705,0.126673660734878,6.09757608348736));
#2500=CARTESIAN_POINT('',(5.16305747453276,0.831685267301923,5.86910811722926));
#2501=CARTESIAN_POINT('Ctrl Pts',(7.135360025785,0.345556349217465,5.86910811722989));
#2502=CARTESIAN_POINT('Ctrl Pts',(7.13407177003453,0.432731841354964,5.77025618716586));
#2503=CARTESIAN_POINT('Ctrl Pts',(7.12170637726093,0.523415571401725,5.66881057989018));
#2504=CARTESIAN_POINT('Ctrl Pts',(7.05862709230286,0.748760986152923,5.42176750975379));
#2505=CARTESIAN_POINT('Ctrl Pts',(6.99141922655973,0.882110571065164,5.2801250133565));
#2506=CARTESIAN_POINT('Ctrl Pts',(6.83465565359377,1.07174645353018,5.09354131979126));
#2507=CARTESIAN_POINT('Ctrl Pts',(6.75509405137446,1.14683315463936,5.023924027106));
#2508=CARTESIAN_POINT('Ctrl Pts',(6.56386356498084,1.27167995043556,4.92561757475308));
#2509=CARTESIAN_POINT('Ctrl Pts',(6.45170462163079,1.32119807181338,4.89757622866811));
#2510=CARTESIAN_POINT('Ctrl Pts',(6.22180758771485,1.37786260145037,4.89757622866811));
#2511=CARTESIAN_POINT('Ctrl Pts',(6.09948355705429,1.38613934242407,4.92561757475308));
#2512=CARTESIAN_POINT('Ctrl Pts',(5.87213817162656,1.36446223303114,5.02392402710601));
#2513=CARTESIAN_POINT('Ctrl Pts',(5.76679534161309,1.33495038124385,5.09354131979126));
#2514=CARTESIAN_POINT('Ctrl Pts',(5.53985990249499,1.23988781132479,5.2801250133565));
#2515=CARTESIAN_POINT('Ctrl Pts',(5.41837965071031,1.15304567040033,5.42176750975379));
#2516=CARTESIAN_POINT('Ctrl Pts',(5.25780248180159,0.982826620451525,5.66881057989018));
#2517=CARTESIAN_POINT('Ctrl Pts',(5.20471063958055,0.908276649806224,5.77025618716586));
#2518=CARTESIAN_POINT('Ctrl Pts',(5.1630574745331,0.83168526730255,5.86910811722989));
#2519=CARTESIAN_POINT('',(4.89935210491846,0.722890827104294,6.09757608348822));
#2520=CARTESIAN_POINT('Ctrl Pts',(4.89935210491946,0.72289082710471,6.09757608348734));
#2521=CARTESIAN_POINT('Ctrl Pts',(5.0328730460294,0.777976303990701,5.98039901589842));
#2522=CARTESIAN_POINT('Ctrl Pts',(5.16305747453513,0.83168526730204,5.86910811722958));
#2523=CARTESIAN_POINT('',(3.69212177917419,1.35649417962928,6.09757608348822));
#2524=CARTESIAN_POINT('Origin',(8.,8.09757608348822,6.09757608348822));
#2525=CARTESIAN_POINT('',(3.63185612415417,1.635321730288,5.86910811722926));
#2526=CARTESIAN_POINT('Ctrl Pts',(3.63185612415291,1.63532173029001,5.86910811722958));
#2527=CARTESIAN_POINT('Ctrl Pts',(3.66160769830126,1.49767187739854,5.98039901589842));
#2528=CARTESIAN_POINT('Ctrl Pts',(3.69212177917396,1.35649417963031,6.09757608348736));
#2529=CARTESIAN_POINT('',(2.11138431857142,2.98234220789874,5.86910811722926));
#2530=CARTESIAN_POINT('Ctrl Pts',(3.6318561241545,1.63532173028862,5.86910811722989));
#2531=CARTESIAN_POINT('Ctrl Pts',(3.67122790156828,1.71311047738982,5.77025618716585));
#2532=CARTESIAN_POINT('Ctrl Pts',(3.70242172070742,1.79915341714174,5.66881057989017));
#2533=CARTESIAN_POINT('Ctrl Pts',(3.7512910236961,2.02800127788248,5.42176750975378));
#2534=CARTESIAN_POINT('Ctrl Pts',(3.75375205609369,2.17730952391582,5.28012501335649));
#2535=CARTESIAN_POINT('Ctrl Pts',(3.70307299464052,2.41807542361419,5.09354131979125));
#2536=CARTESIAN_POINT('Ctrl Pts',(3.66751922446256,2.52153551571398,5.023924027106));
#2537=CARTESIAN_POINT('Ctrl Pts',(3.55621223695865,2.72095110156353,4.92561757475307));
#2538=CARTESIAN_POINT('Ctrl Pts',(3.4799126431788,2.81692008044327,4.8975762286681));
#2539=CARTESIAN_POINT('Ctrl Pts',(3.30268224917339,2.97393250849601,4.8975762286681));
#2540=CARTESIAN_POINT('Ctrl Pts',(3.1982160924623,3.03810801020969,4.92561757475308));
#2541=CARTESIAN_POINT('Ctrl Pts',(2.98683789599304,3.12456655174447,5.023924027106));
#2542=CARTESIAN_POINT('Ctrl Pts',(2.87984661102277,3.14739035886716,5.09354131979125));
#2543=CARTESIAN_POINT('Ctrl Pts',(2.63472747998598,3.16867879063435,5.28012501335649));
#2544=CARTESIAN_POINT('Ctrl Pts',(2.48680450384787,3.14823858162222,5.42176750975378));
#2545=CARTESIAN_POINT('Ctrl Pts',(2.26551574522083,3.07214102945715,5.66881057989017));
#2546=CARTESIAN_POINT('Ctrl Pts',(2.18386015477912,3.03080331806361,5.77025618716585));
#2547=CARTESIAN_POINT('Ctrl Pts',(2.11138431857201,2.98234220789914,5.86910811722989));
#2548=CARTESIAN_POINT('',(1.82732551269996,3.00855951112031,6.09757608348822));
#2549=CARTESIAN_POINT('Ctrl Pts',(1.82732551270101,3.00855951112022,6.09757608348737));
#2550=CARTESIAN_POINT('Ctrl Pts',(1.97115193210971,2.99528500326802,5.98039901589842));
#2551=CARTESIAN_POINT('Ctrl Pts',(2.11138431857359,2.98234220789774,5.86910811722957));
#2552=CARTESIAN_POINT('Origin',(8.,8.09757608348822,6.09757608348822));
#2553=CARTESIAN_POINT('Origin',(10.6320737377006,15.5455657299663,9.59757608348822));
#2554=CARTESIAN_POINT('',(10.5694526151399,15.6737171367257,12.0475760834882));
#2555=CARTESIAN_POINT('',(10.5694526151399,15.6737171367257,9.59757608348822));
#2556=CARTESIAN_POINT('',(10.6946948602612,15.4174143232064,12.2474855554524));
#2557=CARTESIAN_POINT('Ctrl Pts',(10.5694526151399,15.6737171367257,12.0475760834882));
#2558=CARTESIAN_POINT('Ctrl Pts',(10.6328660468032,15.5439443038095,12.1501060183919));
#2559=CARTESIAN_POINT('Ctrl Pts',(10.6946948602615,15.4174143232062,12.2474855554522));
#2560=CARTESIAN_POINT('',(10.6946948602612,15.4174143232068,9.59757608348822));
#2561=CARTESIAN_POINT('Origin',(11.7177854317495,15.1812243942685,13.0975760834882));
#2562=CARTESIAN_POINT('',(11.2298260734039,14.2514955145553,13.0975760238836));
#2563=CARTESIAN_POINT('Ctrl Pts',(11.2298261011035,14.2514955673326,13.0975759642789));
#2564=CARTESIAN_POINT('Ctrl Pts',(11.1249497802424,14.3065389066864,13.0975759642789));
#2565=CARTESIAN_POINT('Ctrl Pts',(11.0265928257455,14.382251980309,13.0729232546037));
#2566=CARTESIAN_POINT('Ctrl Pts',(10.8681027025305,14.5534160958192,12.9841314272281));
#2567=CARTESIAN_POINT('Ctrl Pts',(10.8075130125261,14.6487322976011,12.9205487614785));
#2568=CARTESIAN_POINT('Ctrl Pts',(10.704336771825,14.8701587316916,12.7558220682794));
#2569=CARTESIAN_POINT('Ctrl Pts',(10.6720488837734,15.0131190400467,12.6339538150136));
#2570=CARTESIAN_POINT('Ctrl Pts',(10.665648952181,15.2435838489863,12.4206564004952));
#2571=CARTESIAN_POINT('Ctrl Pts',(10.6752990524146,15.3333985981355,12.3330290883673));
#2572=CARTESIAN_POINT('Ctrl Pts',(10.6946948602611,15.4174143232063,12.2474855554523));
#2573=CARTESIAN_POINT('',(12.4933476189275,14.4734085327483,12.2474855554524));
#2574=CARTESIAN_POINT('Ctrl Pts',(12.4933476189274,14.4734085327481,12.2474855554523));
#2575=CARTESIAN_POINT('Ctrl Pts',(12.4352221073847,14.4097197242408,12.3330290883673));
#2576=CARTESIAN_POINT('Ctrl Pts',(12.3667878996608,14.3507572547161,12.4206564004952));
#2577=CARTESIAN_POINT('Ctrl Pts',(12.1734835047281,14.2251053618387,12.6339538150136));
#2578=CARTESIAN_POINT('Ctrl Pts',(12.0374878665402,14.1704670614106,12.7558220682794));
#2579=CARTESIAN_POINT('Ctrl Pts',(11.7966466987588,14.1295948916499,12.9205487614785));
#2580=CARTESIAN_POINT('Ctrl Pts',(11.6837841356272,14.1253134549384,12.9841314272281));
#2581=CARTESIAN_POINT('Ctrl Pts',(11.4528861784388,14.1585159693211,13.0729232546037));
#2582=CARTESIAN_POINT('Ctrl Pts',(11.3347024219646,14.1964522279789,13.0975759642789));
#2583=CARTESIAN_POINT('Ctrl Pts',(11.2298261011035,14.2514955673326,13.0975759642789));
#2584=CARTESIAN_POINT('',(12.4933476189277,14.4734085327485,9.59757608348822));
#2585=CARTESIAN_POINT('Origin',(12.6343870112098,14.494670655641,9.59757608348822));
#2586=CARTESIAN_POINT('',(12.7754264034919,14.5159327785335,12.0475760834882));
#2587=CARTESIAN_POINT('Ctrl Pts',(12.4933476189271,14.4734085327484,12.2474855554522));
#2588=CARTESIAN_POINT('Ctrl Pts',(12.6326025207734,14.4944016382102,12.1501060183919));
#2589=CARTESIAN_POINT('Ctrl Pts',(12.7754264034919,14.5159327785335,12.0475760834882));
#2590=CARTESIAN_POINT('',(12.7754264034919,14.5159327785335,9.59757608348822));
#2591=CARTESIAN_POINT('Origin',(8.,8.09757608348822,12.5725760834882));
#2592=CARTESIAN_POINT('',(13.7197379170146,12.0456261071291,13.0975760238836));
#2593=CARTESIAN_POINT('Origin',(8.,8.09757608348822,13.0975760834882));
#2594=CARTESIAN_POINT('',(13.7877322469241,13.3266838165029,12.2474855554524));
#2595=CARTESIAN_POINT('Ctrl Pts',(13.7197379660682,12.0456261409884,13.0975759642789));
#2596=CARTESIAN_POINT('Ctrl Pts',(13.6524545110778,12.1431030539941,13.0975759642789));
#2597=CARTESIAN_POINT('Ctrl Pts',(13.6005493727927,12.2558524071403,13.0729232546037));
#2598=CARTESIAN_POINT('Ctrl Pts',(13.5397572688854,12.4810647373925,12.9841314272281));
#2599=CARTESIAN_POINT('Ctrl Pts',(13.5304034104178,12.5936204755346,12.9205487614785));
#2600=CARTESIAN_POINT('Ctrl Pts',(13.5419473812096,12.8376322356972,12.7558220682794));
#2601=CARTESIAN_POINT('Ctrl Pts',(13.5797948441538,12.9792222319133,12.6339538150136));
#2602=CARTESIAN_POINT('Ctrl Pts',(13.6812303232165,13.1862628822004,12.4206564004952));
#2603=CARTESIAN_POINT('Ctrl Pts',(13.7315140577375,13.261305267836,12.3330290883673));
#2604=CARTESIAN_POINT('Ctrl Pts',(13.787732246924,13.3266838165028,12.2474855554523));
#2605=CARTESIAN_POINT('',(13.7959456028176,13.6118316605521,12.0475760834882));
#2606=CARTESIAN_POINT('Ctrl Pts',(13.7959456028176,13.611831660552,12.0475760834882));
#2607=CARTESIAN_POINT('Ctrl Pts',(13.7917869654332,13.4674538325676,12.1501060183919));
#2608=CARTESIAN_POINT('Ctrl Pts',(13.7877322469243,13.3266838165025,12.2474855554522));
#2609=CARTESIAN_POINT('Origin',(8.,8.09757608348822,12.0475760834882));
#2610=CARTESIAN_POINT('Origin',(8.,8.09757608348822,9.59757608348822));
#2611=CARTESIAN_POINT('',(13.7959456028176,13.6118316605521,9.59757608348822));
#2612=CARTESIAN_POINT('Origin',(13.7918389248709,13.4692577385276,9.59757608348822));
#2613=CARTESIAN_POINT('',(13.7877322469243,13.3266838165032,9.59757608348822));
#2614=CARTESIAN_POINT('Origin',(14.5838710252566,12.6420941250561,13.0975760834882));
#2615=CARTESIAN_POINT('',(14.9416588047736,11.6549325856775,12.2474855554524));
#2616=CARTESIAN_POINT('Ctrl Pts',(14.9416588047734,11.6549325856774,12.2474855554523));
#2617=CARTESIAN_POINT('Ctrl Pts',(14.8605935552206,11.6255512185187,12.3330290883673));
#2618=CARTESIAN_POINT('Ctrl Pts',(14.7725968477616,11.6051455066804,12.4206564004952));
#2619=CARTESIAN_POINT('Ctrl Pts',(14.5430409602519,11.5837193125805,12.6339538150136));
#2620=CARTESIAN_POINT('Ctrl Pts',(14.3972311186658,11.5985398245978,12.7558220682794));
#2621=CARTESIAN_POINT('Ctrl Pts',(14.1649826110489,11.6742737870518,12.9205487614785));
#2622=CARTESIAN_POINT('Ctrl Pts',(14.0630580916039,11.7229326114607,12.9841314272281));
#2623=CARTESIAN_POINT('Ctrl Pts',(13.8740380819042,11.8596356089707,13.0729232546037));
#2624=CARTESIAN_POINT('Ctrl Pts',(13.7870214210587,11.9481492279826,13.0975759642789));
#2625=CARTESIAN_POINT('Ctrl Pts',(13.7197379660682,12.0456261409884,13.0975759642789));
#2626=CARTESIAN_POINT('',(14.9416588047739,11.6549325856776,9.59757608348822));
#2627=CARTESIAN_POINT('Origin',(15.0764239857195,11.6082149867465,9.59757608348822));
#2628=CARTESIAN_POINT('',(15.2111891666651,11.5614973878154,12.0475760834882));
#2629=CARTESIAN_POINT('Ctrl Pts',(14.9416588047733,11.6549325856778,12.2474855554522));
#2630=CARTESIAN_POINT('Ctrl Pts',(15.074718879276,11.6088060776974,12.1501060183919));
#2631=CARTESIAN_POINT('Ctrl Pts',(15.2111891666651,11.5614973878154,12.0475760834882));
#2632=CARTESIAN_POINT('',(15.2111891666651,11.5614973878154,9.59757608348822));
#2633=CARTESIAN_POINT('Origin',(8.,8.09757608348822,12.5725760834882));
#2634=CARTESIAN_POINT('',(14.8993267341515,8.93530601844726,13.0975760238836));
#2635=CARTESIAN_POINT('Origin',(8.,8.09757608348822,13.0975760834882));
#2636=CARTESIAN_POINT('',(15.5548699255515,10.0380277457453,12.2474855554524));
#2637=CARTESIAN_POINT('Ctrl Pts',(14.8993267933216,8.93530602563181,13.0975759642789));
#2638=CARTESIAN_POINT('Ctrl Pts',(14.8850500328866,9.05288572624402,13.0975759642789));
#2639=CARTESIAN_POINT('Ctrl Pts',(14.8914875524697,9.1768418408851,13.0729232546037));
#2640=CARTESIAN_POINT('Ctrl Pts',(14.942320206251,9.40450895512132,12.9841314272281));
#2641=CARTESIAN_POINT('Ctrl Pts',(14.9863450355689,9.50851906645903,12.9205487614785));
#2642=CARTESIAN_POINT('Ctrl Pts',(15.1099646332652,9.71921599910082,12.7558220682794));
#2643=CARTESIAN_POINT('Ctrl Pts',(15.2092770495561,9.82699912138938,12.6339538150136));
#2644=CARTESIAN_POINT('Ctrl Pts',(15.3953102934506,9.96318509515345,12.4206564004952));
#2645=CARTESIAN_POINT('Ctrl Pts',(15.4747082646648,10.0062638110851,12.3330290883673));
#2646=CARTESIAN_POINT('Ctrl Pts',(15.5548699255514,10.0380277457452,12.2474855554523));
#2647=CARTESIAN_POINT('',(15.6946573016062,10.2866966856567,12.0475760834882));
#2648=CARTESIAN_POINT('Ctrl Pts',(15.6946573016062,10.2866966856567,12.0475760834882));
#2649=CARTESIAN_POINT('Ctrl Pts',(15.623879288882,10.1607890830537,12.1501060183919));
#2650=CARTESIAN_POINT('Ctrl Pts',(15.5548699255515,10.0380277457449,12.2474855554522));
#2651=CARTESIAN_POINT('Origin',(8.,8.09757608348822,12.0475760834882));
#2652=CARTESIAN_POINT('Origin',(8.,8.09757608348822,9.59757608348822));
#2653=CARTESIAN_POINT('',(15.6946573016062,10.2866966856567,9.59757608348822));
#2654=CARTESIAN_POINT('Origin',(15.624763613579,10.1623622157011,9.59757608348822));
#2655=CARTESIAN_POINT('',(15.5548699255518,10.0380277457454,9.59757608348822));
#2656=CARTESIAN_POINT('Origin',(15.9416711111246,9.0618695398999,13.0975760834882));
#2657=CARTESIAN_POINT('',(15.7997196145034,8.02150913474839,12.2474855554524));
#2658=CARTESIAN_POINT('Ctrl Pts',(15.7997196145032,8.02150913474842,12.2474855554523));
#2659=CARTESIAN_POINT('Ctrl Pts',(15.7142856986705,8.03316612607048,12.3330290883673));
#2660=CARTESIAN_POINT('Ctrl Pts',(15.62688547668,8.0559918745853,12.4206564004952));
#2661=CARTESIAN_POINT('Ctrl Pts',(15.4136665839735,8.14369986211755,12.6339538150136));
#2662=CARTESIAN_POINT('Ctrl Pts',(15.2914458164975,8.2245839858836,12.7558220682794));
#2663=CARTESIAN_POINT('Ctrl Pts',(15.1209953032423,8.39957434244726,12.9205487614785));
#2664=CARTESIAN_POINT('Ctrl Pts',(15.0533585065651,8.49002627770682,12.9841314272281));
#2665=CARTESIAN_POINT('Ctrl Pts',(14.9495186506382,8.6989127490643,13.0729232546037));
#2666=CARTESIAN_POINT('Ctrl Pts',(14.9136035537566,8.81772632501959,13.0975759642789));
#2667=CARTESIAN_POINT('Ctrl Pts',(14.8993267933216,8.93530602563181,13.0975759642789));
#2668=CARTESIAN_POINT('',(15.7997196145037,8.02150913474834,9.59757608348822));
#2669=CARTESIAN_POINT('Origin',(15.8973375052547,7.91751425290063,9.59757608348822));
#2670=CARTESIAN_POINT('',(15.9949553960057,7.81351937105292,12.0475760834882));
#2671=CARTESIAN_POINT('Ctrl Pts',(15.7997196145033,8.0215091347488,12.2474855554522));
#2672=CARTESIAN_POINT('Ctrl Pts',(15.8961024021416,7.91883004041996,12.1501060183919));
#2673=CARTESIAN_POINT('Ctrl Pts',(15.9949553960057,7.81351937105294,12.0475760834882));
#2674=CARTESIAN_POINT('',(15.9949553960057,7.81351937105292,9.59757608348822));
#2675=CARTESIAN_POINT('Origin',(8.,8.09757608348822,12.5725760834882));
#2676=CARTESIAN_POINT('Origin',(8.,8.09757608348822,13.0975760834882));
#2677=CARTESIAN_POINT('',(15.8306157432698,6.46006056256773,12.0475760834882));
#2678=CARTESIAN_POINT('Ctrl Pts',(15.8306157432698,6.46006056256771,12.0475760834882));
#2679=CARTESIAN_POINT('Ctrl Pts',(15.7094327449533,6.38146709975153,12.1501060183919));
#2680=CARTESIAN_POINT('Ctrl Pts',(15.5912779502873,6.30483758414178,12.2474855554522));
#2681=CARTESIAN_POINT('Origin',(8.,8.09757608348822,12.0475760834882));
#2682=CARTESIAN_POINT('Origin',(8.,8.09757608348822,9.59757608348822));
#2683=CARTESIAN_POINT('',(15.8306157432698,6.46006056256772,9.59757608348822));
#2684=CARTESIAN_POINT('Origin',(15.7109468467788,6.38244907335493,9.59757608348822));
#2685=CARTESIAN_POINT('Origin',(8.,8.09757608348822,9.59757608348822));
#2686=CARTESIAN_POINT('',(14.1726744873,3.00855951112031,12.0475760834882));
#2687=CARTESIAN_POINT('Origin',(8.,8.09757608348822,12.0475760834882));
#2688=CARTESIAN_POINT('',(14.1726744873,3.00855951112031,9.59757608348822));
#2689=CARTESIAN_POINT('Origin',(8.,8.09757608348822,12.5725760834882));
#2690=CARTESIAN_POINT('',(12.6087025142987,2.89542633908436,13.0975760238836));
#2691=CARTESIAN_POINT('Origin',(8.,8.09757608348822,13.0975760834882));
#2692=CARTESIAN_POINT('',(13.8886156814293,2.98234220789823,12.2474855554524));
#2693=CARTESIAN_POINT('Ctrl Pts',(12.6087025538239,2.89542629446964,13.0975759642789));
#2694=CARTESIAN_POINT('Ctrl Pts',(12.6973586260837,2.97396872081389,13.0975759642789));
#2695=CARTESIAN_POINT('Ctrl Pts',(12.8030294364437,3.03908584493,13.0729232546037));
#2696=CARTESIAN_POINT('Ctrl Pts',(13.0192720368507,3.12658105259501,12.9841314272281));
#2697=CARTESIAN_POINT('Ctrl Pts',(13.1298796338878,3.1494338059222,12.9205487614785));
#2698=CARTESIAN_POINT('Ctrl Pts',(13.3735037455016,3.16738637118805,12.7558220682794));
#2699=CARTESIAN_POINT('Ctrl Pts',(13.5186233987683,3.14688164696248,12.6339538150136));
#2700=CARTESIAN_POINT('Ctrl Pts',(13.7363811855136,3.07114173941208,12.4206564004952));
#2701=CARTESIAN_POINT('Ctrl Pts',(13.8169374620975,3.0302699899733,12.3330290883673));
#2702=CARTESIAN_POINT('Ctrl Pts',(13.8886156814292,2.98234220789833,12.2474855554523));
#2703=CARTESIAN_POINT('Ctrl Pts',(14.1726744873,3.00855951112031,12.0475760834882));
#2704=CARTESIAN_POINT('Ctrl Pts',(14.0288480678921,2.99528500326819,12.1501060183919));
#2705=CARTESIAN_POINT('Ctrl Pts',(13.888615681429,2.98234220789798,12.2474855554522));
#2706=CARTESIAN_POINT('Origin',(14.0306450843648,2.99545085950917,9.59757608348822));
#2707=CARTESIAN_POINT('',(13.8886156814296,2.98234220789803,9.59757608348822));
#2708=CARTESIAN_POINT('Origin',(13.3049813449767,2.10949000888999,13.0975760834882));
#2709=CARTESIAN_POINT('',(12.3681438758462,1.63532173028717,12.2474855554524));
#2710=CARTESIAN_POINT('Ctrl Pts',(12.3681438758462,1.63532173028732,12.2474855554523));
#2711=CARTESIAN_POINT('Ctrl Pts',(12.3292053958693,1.71225439044074,12.3330290883673));
#2712=CARTESIAN_POINT('Ctrl Pts',(12.2983416336547,1.79714986606346,12.4206564004952));
#2713=CARTESIAN_POINT('Ctrl Pts',(12.2494017560201,2.02244939038849,12.6339538150136));
#2714=CARTESIAN_POINT('Ctrl Pts',(12.246538775565,2.16898252938005,12.7558220682794));
#2715=CARTESIAN_POINT('Ctrl Pts',(12.2937260880613,2.40866640430416,12.9205487614785));
#2716=CARTESIAN_POINT('Ctrl Pts',(12.3297444916447,2.51571295240477,12.9841314272281));
#2717=CARTESIAN_POINT('Ctrl Pts',(12.4426669259176,2.7198325189166,13.0729232546037));
#2718=CARTESIAN_POINT('Ctrl Pts',(12.5200464815641,2.81688386812539,13.0975759642789));
#2719=CARTESIAN_POINT('Ctrl Pts',(12.6087025538239,2.89542629446964,13.0975759642789));
#2720=CARTESIAN_POINT('',(12.3681438758464,1.63532173028685,9.59757608348822));
#2721=CARTESIAN_POINT('Origin',(12.3380110483361,1.49590795495806,9.59757608348822));
#2722=CARTESIAN_POINT('',(12.3078782208258,1.35649417962927,12.0475760834882));
#2723=CARTESIAN_POINT('Ctrl Pts',(12.3681438758465,1.63532173028747,12.2474855554522));
#2724=CARTESIAN_POINT('Ctrl Pts',(12.3383923016983,1.49767187739674,12.1501060183919));
#2725=CARTESIAN_POINT('Ctrl Pts',(12.3078782208258,1.3564941796293,12.0475760834882));
#2726=CARTESIAN_POINT('',(12.3078782208258,1.35649417962927,9.59757608348822));
#2727=CARTESIAN_POINT('Origin',(8.,8.09757608348822,12.5725760834882));
#2728=CARTESIAN_POINT('',(9.66324388106285,1.34953039450452,13.0975760238836));
#2729=CARTESIAN_POINT('Origin',(8.,8.09757608348822,13.0975760834882));
#2730=CARTESIAN_POINT('',(10.8369425254677,0.831685267301134,12.2474855554524));
#2731=CARTESIAN_POINT('Ctrl Pts',(9.66324389532717,1.34953033663188,13.0975759642789));
#2732=CARTESIAN_POINT('Ctrl Pts',(9.77824543423108,1.3778756701863,13.0975759642789));
#2733=CARTESIAN_POINT('Ctrl Pts',(9.90207372647362,1.38642634592517,13.0729232546037));
#2734=CARTESIAN_POINT('Ctrl Pts',(10.1342080904516,1.36340655757583,12.9841314272281));
#2735=CARTESIAN_POINT('Ctrl Pts',(10.2427664577472,1.33223975236494,12.9205487614785));
#2736=CARTESIAN_POINT('Ctrl Pts',(10.4668278684468,1.23491818951999,12.7558220682794));
#2737=CARTESIAN_POINT('Ctrl Pts',(10.5857959193885,1.14932169230813,12.6339538150136));
#2738=CARTESIAN_POINT('Ctrl Pts',(10.7434127737079,0.981060245391673,12.4206564004952));
#2739=CARTESIAN_POINT('Ctrl Pts',(10.7957477651672,0.907433740190015,12.3330290883673));
#2740=CARTESIAN_POINT('Ctrl Pts',(10.8369425254676,0.831685267301273,12.2474855554523));
#2741=CARTESIAN_POINT('',(11.1006478950815,0.722890827104294,12.0475760834882));
#2742=CARTESIAN_POINT('Ctrl Pts',(11.1006478950815,0.722890827104309,12.0475760834882));
#2743=CARTESIAN_POINT('Ctrl Pts',(10.9671269539723,0.77797630399,12.1501060183919));
#2744=CARTESIAN_POINT('Ctrl Pts',(10.8369425254673,0.831685267301053,12.2474855554522));
#2745=CARTESIAN_POINT('Origin',(8.,8.09757608348822,12.0475760834882));
#2746=CARTESIAN_POINT('Origin',(8.,8.09757608348822,9.59757608348822));
#2747=CARTESIAN_POINT('',(11.1006478950815,0.722890827104294,9.59757608348822));
#2748=CARTESIAN_POINT('Origin',(8.77316986862861,0.236115004974773,9.59757608348822));
#2749=CARTESIAN_POINT('',(8.86463997421497,0.345556349215854,12.2474855554524));
#2750=CARTESIAN_POINT('',(8.68169976304226,0.126673660734065,12.0475760834882));
#2751=CARTESIAN_POINT('Ctrl Pts',(8.86463997421537,0.345556349215972,12.2474855554522));
#2752=CARTESIAN_POINT('Ctrl Pts',(8.77432718734645,0.237499703455042,12.1501060183919));
#2753=CARTESIAN_POINT('Ctrl Pts',(8.68169976304228,0.126673660734088,12.0475760834882));
#2754=CARTESIAN_POINT('',(8.68169976304226,0.126673660734065,9.59757608348822));
#2755=CARTESIAN_POINT('',(8.86463997421497,0.345556349215494,9.59757608348822));
#2756=CARTESIAN_POINT('Origin',(9.91452534282911,0.330041428334524,13.0975760834882));
#2757=CARTESIAN_POINT('',(10.8369425254678,0.831685267300815,9.59757608348822));
#2758=CARTESIAN_POINT('Ctrl Pts',(8.86463997421497,0.345556349216013,12.2474855554523));
#2759=CARTESIAN_POINT('Ctrl Pts',(8.86591405234999,0.43177245064777,12.3330290883673));
#2760=CARTESIAN_POINT('Ctrl Pts',(8.87803844284627,0.521286766566188,12.4206564004952));
#2761=CARTESIAN_POINT('Ctrl Pts',(8.93940624290424,0.743523083130382,12.6339538150136));
#2762=CARTESIAN_POINT('Ctrl Pts',(9.00496854477065,0.874602227366925,12.7558220682794));
#2763=CARTESIAN_POINT('Ctrl Pts',(9.15813748559737,1.06490272112688,12.9205487614785));
#2764=CARTESIAN_POINT('Ctrl Pts',(9.2397772094743,1.14294914540274,12.9841314272281));
#2765=CARTESIAN_POINT('Ctrl Pts',(9.43462415175828,1.27121037367413,13.0729232546037));
#2766=CARTESIAN_POINT('Ctrl Pts',(9.54824235642327,1.32118500307746,13.0975759642789));
#2767=CARTESIAN_POINT('Ctrl Pts',(9.66324389532717,1.34953033663188,13.0975759642789));
#2768=CARTESIAN_POINT('Origin',(10.9687952102747,0.777288047202556,9.59757608348822));
#2769=CARTESIAN_POINT('Origin',(8.,8.09757608348822,9.59757608348822));
#2770=CARTESIAN_POINT('',(7.31830023695773,0.126673660734065,12.0475760834882));
#2771=CARTESIAN_POINT('Origin',(8.,8.09757608348822,12.0475760834882));
#2772=CARTESIAN_POINT('',(7.31830023695773,0.126673660734065,9.59757608348822));
#2773=CARTESIAN_POINT('Origin',(8.,8.09757608348822,12.5725760834882));
#2774=CARTESIAN_POINT('',(6.33675611893714,1.34953039450452,13.0975760238836));
#2775=CARTESIAN_POINT('Origin',(8.,8.09757608348822,13.0975760834882));
#2776=CARTESIAN_POINT('',(7.13536002578502,0.345556349215854,12.2474855554524));
#2777=CARTESIAN_POINT('Ctrl Pts',(6.33675610467282,1.34953033663188,13.0975759642789));
#2778=CARTESIAN_POINT('Ctrl Pts',(6.45175764357672,1.32118500307746,13.0975759642789));
#2779=CARTESIAN_POINT('Ctrl Pts',(6.56537584824171,1.27121037367413,13.0729232546037));
#2780=CARTESIAN_POINT('Ctrl Pts',(6.76022279052569,1.14294914540274,12.9841314272281));
#2781=CARTESIAN_POINT('Ctrl Pts',(6.84186251440262,1.06490272112688,12.9205487614785));
#2782=CARTESIAN_POINT('Ctrl Pts',(6.99503145522934,0.874602227366925,12.7558220682794));
#2783=CARTESIAN_POINT('Ctrl Pts',(7.06059375709575,0.743523083130382,12.6339538150136));
#2784=CARTESIAN_POINT('Ctrl Pts',(7.12196155715372,0.521286766566186,12.4206564004952));
#2785=CARTESIAN_POINT('Ctrl Pts',(7.13408594765,0.43177245064777,12.3330290883673));
#2786=CARTESIAN_POINT('Ctrl Pts',(7.13536002578502,0.345556349216013,12.2474855554523));
#2787=CARTESIAN_POINT('Ctrl Pts',(7.31830023695771,0.126673660734087,12.0475760834882));
#2788=CARTESIAN_POINT('Ctrl Pts',(7.22567281265354,0.237499703455042,12.1501060183919));
#2789=CARTESIAN_POINT('Ctrl Pts',(7.13536002578462,0.345556349215972,12.2474855554522));
#2790=CARTESIAN_POINT('Origin',(7.22683013137138,0.236115004974773,9.59757608348822));
#2791=CARTESIAN_POINT('',(7.13536002578503,0.345556349215494,9.59757608348822));
#2792=CARTESIAN_POINT('Origin',(6.08547465717088,0.330041428334524,13.0975760834882));
#2793=CARTESIAN_POINT('',(5.16305747453233,0.831685267301134,12.2474855554524));
#2794=CARTESIAN_POINT('Ctrl Pts',(5.16305747453241,0.831685267301275,12.2474855554523));
#2795=CARTESIAN_POINT('Ctrl Pts',(5.20425223483282,0.907433740190017,12.3330290883673));
#2796=CARTESIAN_POINT('Ctrl Pts',(5.25658722629206,0.981060245391676,12.4206564004952));
#2797=CARTESIAN_POINT('Ctrl Pts',(5.41420408061151,1.14932169230813,12.6339538150136));
#2798=CARTESIAN_POINT('Ctrl Pts',(5.5331721315532,1.23491818951999,12.7558220682794));
#2799=CARTESIAN_POINT('Ctrl Pts',(5.75723354225276,1.33223975236495,12.9205487614785));
#2800=CARTESIAN_POINT('Ctrl Pts',(5.86579190954841,1.36340655757583,12.9841314272281));
#2801=CARTESIAN_POINT('Ctrl Pts',(6.09792627352638,1.38642634592517,13.0729232546037));
#2802=CARTESIAN_POINT('Ctrl Pts',(6.22175456576892,1.3778756701863,13.0975759642789));
#2803=CARTESIAN_POINT('Ctrl Pts',(6.33675610467282,1.34953033663188,13.0975759642789));
#2804=CARTESIAN_POINT('',(5.16305747453216,0.831685267300815,9.59757608348822));
#2805=CARTESIAN_POINT('Origin',(5.03120478972531,0.777288047202556,9.59757608348822));
#2806=CARTESIAN_POINT('',(4.89935210491846,0.722890827104294,12.0475760834882));
#2807=CARTESIAN_POINT('Ctrl Pts',(5.16305747453274,0.831685267301051,12.2474855554522));
#2808=CARTESIAN_POINT('Ctrl Pts',(5.03287304602769,0.777976303989998,12.1501060183919));
#2809=CARTESIAN_POINT('Ctrl Pts',(4.89935210491849,0.722890827104307,12.0475760834882));
#2810=CARTESIAN_POINT('',(4.89935210491846,0.722890827104294,9.59757608348822));
#2811=CARTESIAN_POINT('Origin',(8.,8.09757608348822,12.5725760834882));
#2812=CARTESIAN_POINT('Origin',(8.,8.09757608348822,13.0975760834882));
#2813=CARTESIAN_POINT('',(3.63185612415376,1.63532173028718,12.2474855554524));
#2814=CARTESIAN_POINT('Ctrl Pts',(3.3912974461761,2.89542629446964,13.0975759642789));
#2815=CARTESIAN_POINT('Ctrl Pts',(3.4799535184359,2.81688386812539,13.0975759642789));
#2816=CARTESIAN_POINT('Ctrl Pts',(3.55733307408239,2.7198325189166,13.0729232546037));
#2817=CARTESIAN_POINT('Ctrl Pts',(3.67025550835533,2.51571295240478,12.9841314272281));
#2818=CARTESIAN_POINT('Ctrl Pts',(3.70627391193867,2.40866640430416,12.9205487614785));
#2819=CARTESIAN_POINT('Ctrl Pts',(3.75346122443499,2.16898252938005,12.7558220682794));
#2820=CARTESIAN_POINT('Ctrl Pts',(3.7505982439799,2.02244939038849,12.6339538150136));
#2821=CARTESIAN_POINT('Ctrl Pts',(3.70165836634528,1.79714986606346,12.4206564004952));
#2822=CARTESIAN_POINT('Ctrl Pts',(3.67079460413065,1.71225439044074,12.3330290883673));
#2823=CARTESIAN_POINT('Ctrl Pts',(3.63185612415384,1.63532173028732,12.2474855554523));
#2824=CARTESIAN_POINT('',(3.69212177917419,1.35649417962928,12.0475760834882));
#2825=CARTESIAN_POINT('Ctrl Pts',(3.69212177917417,1.3564941796293,12.0475760834882));
#2826=CARTESIAN_POINT('Ctrl Pts',(3.66160769830165,1.49767187739675,12.1501060183919));
#2827=CARTESIAN_POINT('Ctrl Pts',(3.63185612415346,1.63532173028748,12.2474855554522));
#2828=CARTESIAN_POINT('Origin',(8.,8.09757608348822,12.0475760834882));
#2829=CARTESIAN_POINT('Origin',(8.,8.09757608348822,9.59757608348822));
#2830=CARTESIAN_POINT('',(3.69212177917419,1.35649417962928,9.59757608348822));
#2831=CARTESIAN_POINT('Origin',(3.66198895166389,1.49590795495806,9.59757608348822));
#2832=CARTESIAN_POINT('',(3.6318561241536,1.63532173028686,9.59757608348822));
#2833=CARTESIAN_POINT('Origin',(2.69501865502326,2.10949000888999,13.0975760834882));
#2834=CARTESIAN_POINT('',(2.11138431857037,2.98234220789803,9.59757608348822));
#2835=CARTESIAN_POINT('Origin',(1.96935491563516,2.99545085950917,9.59757608348822));
#2836=CARTESIAN_POINT('',(1.82732551269996,3.00855951112031,9.59757608348822));
#2837=CARTESIAN_POINT('Origin',(8.,8.09757608348822,9.59757608348822));
#2838=CARTESIAN_POINT('Origin',(0.289053153221179,6.38244907335493,9.59757608348822));
#2839=CARTESIAN_POINT('',(0.169384256730221,6.46006056256773,12.0475760834882));
#2840=CARTESIAN_POINT('Ctrl Pts',(0.408722049712665,6.30483758414179,12.2474855554522));
#2841=CARTESIAN_POINT('Ctrl Pts',(0.290567255046734,6.38146709975154,12.1501060183919));
#2842=CARTESIAN_POINT('Ctrl Pts',(0.169384256730247,6.46006056256772,12.0475760834882));
#2843=CARTESIAN_POINT('',(0.169384256730221,6.46006056256773,9.59757608348822));
#2844=CARTESIAN_POINT('Origin',(8.,8.09757608348822,12.5725760834882));
#2845=CARTESIAN_POINT('',(1.10067326584847,8.93530601844727,13.0975760238836));
#2846=CARTESIAN_POINT('Origin',(8.,8.09757608348822,13.0975760834882));
#2847=CARTESIAN_POINT('',(0.200280385496659,8.0215091347484,12.2474855554524));
#2848=CARTESIAN_POINT('Ctrl Pts',(1.10067320667841,8.93530602563181,13.0975759642789));
#2849=CARTESIAN_POINT('Ctrl Pts',(1.08639644624339,8.8177263250196,13.0975759642789));
#2850=CARTESIAN_POINT('Ctrl Pts',(1.05048134936184,8.69891274906431,13.0729232546037));
#2851=CARTESIAN_POINT('Ctrl Pts',(0.946641493434922,8.49002627770682,12.9841314272281));
#2852=CARTESIAN_POINT('Ctrl Pts',(0.879004696757737,8.39957434244727,12.9205487614785));
#2853=CARTESIAN_POINT('Ctrl Pts',(0.708554183502468,8.22458398588361,12.7558220682794));
#2854=CARTESIAN_POINT('Ctrl Pts',(0.586333416026547,8.14369986211755,12.6339538150136));
#2855=CARTESIAN_POINT('Ctrl Pts',(0.373114523319967,8.05599187458531,12.4206564004952));
#2856=CARTESIAN_POINT('Ctrl Pts',(0.285714301329479,8.03316612607049,12.3330290883673));
#2857=CARTESIAN_POINT('Ctrl Pts',(0.200280385496816,8.02150913474842,12.2474855554523));
#2858=CARTESIAN_POINT('',(0.00504460399431084,7.81351937105292,12.0475760834882));
#2859=CARTESIAN_POINT('Ctrl Pts',(0.00504460399432984,7.81351937105295,
12.0475760834882));
#2860=CARTESIAN_POINT('Ctrl Pts',(0.103897597858366,7.91883004041996,12.1501060183919));
#2861=CARTESIAN_POINT('Ctrl Pts',(0.200280385496726,8.02150913474881,12.2474855554522));
#2862=CARTESIAN_POINT('Origin',(8.,8.09757608348822,12.0475760834882));
#2863=CARTESIAN_POINT('Origin',(8.,8.09757608348822,9.59757608348822));
#2864=CARTESIAN_POINT('',(0.00504460399431084,7.81351937105292,9.59757608348822));
#2865=CARTESIAN_POINT('Origin',(0.1026624947453,7.91751425290064,9.59757608348822));
#2866=CARTESIAN_POINT('',(0.2002803854963,8.02150913474835,9.59757608348822));
#2867=CARTESIAN_POINT('Origin',(0.0583288888754496,9.0618695398999,13.0975760834882));
#2868=CARTESIAN_POINT('',(0.4451300744485,10.0380277457453,12.2474855554524));
#2869=CARTESIAN_POINT('Ctrl Pts',(0.445130074448647,10.0380277457452,12.2474855554523));
#2870=CARTESIAN_POINT('Ctrl Pts',(0.525291735335201,10.0062638110851,12.3330290883673));
#2871=CARTESIAN_POINT('Ctrl Pts',(0.604689706549403,9.96318509515346,12.4206564004952));
#2872=CARTESIAN_POINT('Ctrl Pts',(0.790722950443897,9.82699912138939,12.6339538150136));
#2873=CARTESIAN_POINT('Ctrl Pts',(0.890035366734783,9.71921599910082,12.7558220682794));
#2874=CARTESIAN_POINT('Ctrl Pts',(1.01365496443111,9.50851906645903,12.9205487614785));
#2875=CARTESIAN_POINT('Ctrl Pts',(1.05767979374899,9.40450895512133,12.9841314272281));
#2876=CARTESIAN_POINT('Ctrl Pts',(1.10851244753033,9.17684184088511,13.0729232546037));
#2877=CARTESIAN_POINT('Ctrl Pts',(1.11494996711342,9.05288572624403,13.0975759642789));
#2878=CARTESIAN_POINT('Ctrl Pts',(1.10067320667841,8.93530602563181,13.0975759642789));
#2879=CARTESIAN_POINT('',(0.44513007444816,10.0380277457454,9.59757608348822));
#2880=CARTESIAN_POINT('Origin',(0.375236386420991,10.1623622157011,9.59757608348822));
#2881=CARTESIAN_POINT('',(0.30534269839381,10.2866966856567,12.0475760834882));
#2882=CARTESIAN_POINT('Ctrl Pts',(0.445130074448474,10.0380277457449,12.2474855554522));
#2883=CARTESIAN_POINT('Ctrl Pts',(0.376120711118048,10.1607890830537,12.1501060183919));
#2884=CARTESIAN_POINT('Ctrl Pts',(0.305342698393829,10.2866966856567,12.0475760834882));
#2885=CARTESIAN_POINT('',(0.30534269839381,10.2866966856567,9.59757608348822));
#2886=CARTESIAN_POINT('Origin',(8.,8.09757608348822,12.5725760834882));
#2887=CARTESIAN_POINT('',(2.28026208298543,12.0456261071291,13.0975760238836));
#2888=CARTESIAN_POINT('Origin',(8.,8.09757608348822,13.0975760834882));
#2889=CARTESIAN_POINT('',(1.05834119522642,11.6549325856775,12.2474855554524));
#2890=CARTESIAN_POINT('Ctrl Pts',(2.28026203393177,12.0456261409884,13.0975759642789));
#2891=CARTESIAN_POINT('Ctrl Pts',(2.21297857894131,11.9481492279826,13.0975759642789));
#2892=CARTESIAN_POINT('Ctrl Pts',(2.12596191809582,11.8596356089707,13.0729232546037));
#2893=CARTESIAN_POINT('Ctrl Pts',(1.93694190839609,11.7229326114607,12.9841314272281));
#2894=CARTESIAN_POINT('Ctrl Pts',(1.83501738895107,11.6742737870518,12.9205487614785));
#2895=CARTESIAN_POINT('Ctrl Pts',(1.60276888133418,11.5985398245978,12.7558220682794));
#2896=CARTESIAN_POINT('Ctrl Pts',(1.45695903974813,11.5837193125805,12.6339538150136));
#2897=CARTESIAN_POINT('Ctrl Pts',(1.22740315223842,11.6051455066804,12.4206564004952));
#2898=CARTESIAN_POINT('Ctrl Pts',(1.13940644477943,11.6255512185187,12.3330290883673));
#2899=CARTESIAN_POINT('Ctrl Pts',(1.05834119522657,11.6549325856774,12.2474855554523));
#2900=CARTESIAN_POINT('',(0.78881083333486,11.5614973878154,12.0475760834882));
#2901=CARTESIAN_POINT('Ctrl Pts',(0.78881083333489,11.5614973878154,12.0475760834882));
#2902=CARTESIAN_POINT('Ctrl Pts',(0.925281120723951,11.6088060776974,12.1501060183919));
#2903=CARTESIAN_POINT('Ctrl Pts',(1.05834119522667,11.6549325856778,12.2474855554522));
#2904=CARTESIAN_POINT('Origin',(8.,8.09757608348822,12.0475760834882));
#2905=CARTESIAN_POINT('Origin',(8.,8.09757608348822,9.59757608348822));
#2906=CARTESIAN_POINT('',(0.78881083333486,11.5614973878154,9.59757608348822));
#2907=CARTESIAN_POINT('Origin',(2.20816107512906,13.4692577385276,9.59757608348822));
#2908=CARTESIAN_POINT('',(2.21226775307591,13.3266838165029,12.2474855554524));
#2909=CARTESIAN_POINT('',(2.20405439718244,13.6118316605521,12.0475760834882));
#2910=CARTESIAN_POINT('Ctrl Pts',(2.21226775307569,13.3266838165025,12.2474855554522));
#2911=CARTESIAN_POINT('Ctrl Pts',(2.20821303456679,13.4674538325676,12.1501060183919));
#2912=CARTESIAN_POINT('Ctrl Pts',(2.20405439718244,13.611831660552,12.0475760834882));
#2913=CARTESIAN_POINT('',(2.20405439718244,13.6118316605521,9.59757608348822));
#2914=CARTESIAN_POINT('',(2.21226775307567,13.3266838165032,9.59757608348822));
#2915=CARTESIAN_POINT('Origin',(1.41612897474343,12.6420941250561,13.0975760834882));
#2916=CARTESIAN_POINT('',(1.05834119522608,11.6549325856776,9.59757608348822));
#2917=CARTESIAN_POINT('Ctrl Pts',(2.21226775307601,13.3266838165028,12.2474855554523));
#2918=CARTESIAN_POINT('Ctrl Pts',(2.26848594226253,13.261305267836,12.3330290883673));
#2919=CARTESIAN_POINT('Ctrl Pts',(2.31876967678347,13.1862628822004,12.4206564004952));
#2920=CARTESIAN_POINT('Ctrl Pts',(2.42020515584615,12.9792222319133,12.6339538150136));
#2921=CARTESIAN_POINT('Ctrl Pts',(2.45805261879038,12.8376322356972,12.7558220682794));
#2922=CARTESIAN_POINT('Ctrl Pts',(2.46959658958223,12.5936204755346,12.9205487614785));
#2923=CARTESIAN_POINT('Ctrl Pts',(2.46024273111462,12.4810647373925,12.9841314272281));
#2924=CARTESIAN_POINT('Ctrl Pts',(2.39945062720734,12.2558524071403,13.0729232546037));
#2925=CARTESIAN_POINT('Ctrl Pts',(2.34754548892223,12.1431030539941,13.0975759642789));
#2926=CARTESIAN_POINT('Ctrl Pts',(2.28026203393177,12.0456261409884,13.0975759642789));
#2927=CARTESIAN_POINT('Origin',(0.923576014280469,11.6082149867465,9.59757608348822));
#2928=CARTESIAN_POINT('Origin',(8.,8.09757608348822,9.59757608348822));
#2929=CARTESIAN_POINT('',(3.2245735965081,14.5159327785335,12.0475760834882));
#2930=CARTESIAN_POINT('Origin',(8.,8.09757608348822,12.0475760834882));
#2931=CARTESIAN_POINT('',(3.22457359650809,14.5159327785335,9.59757608348822));
#2932=CARTESIAN_POINT('Origin',(8.,8.09757608348822,12.5725760834882));
#2933=CARTESIAN_POINT('',(4.77017392659615,14.2514955145553,13.0975760238836));
#2934=CARTESIAN_POINT('Origin',(8.,8.09757608348822,13.0975760834882));
#2935=CARTESIAN_POINT('',(3.50665238107249,14.4734085327483,12.2474855554524));
#2936=CARTESIAN_POINT('Ctrl Pts',(4.77017389889649,14.2514955673326,13.0975759642789));
#2937=CARTESIAN_POINT('Ctrl Pts',(4.66529757803537,14.1964522279789,13.0975759642789));
#2938=CARTESIAN_POINT('Ctrl Pts',(4.54711382156119,14.1585159693211,13.0729232546037));
#2939=CARTESIAN_POINT('Ctrl Pts',(4.31621586437281,14.1253134549384,12.9841314272281));
#2940=CARTESIAN_POINT('Ctrl Pts',(4.2033533012412,14.1295948916499,12.9205487614785));
#2941=CARTESIAN_POINT('Ctrl Pts',(3.96251213345978,14.1704670614106,12.7558220682794));
#2942=CARTESIAN_POINT('Ctrl Pts',(3.82651649527187,14.2251053618387,12.6339538150136));
#2943=CARTESIAN_POINT('Ctrl Pts',(3.63321210033917,14.3507572547161,12.4206564004952));
#2944=CARTESIAN_POINT('Ctrl Pts',(3.56477789261525,14.4097197242408,12.3330290883673));
#2945=CARTESIAN_POINT('Ctrl Pts',(3.5066523810726,14.4734085327481,12.2474855554523));
#2946=CARTESIAN_POINT('Ctrl Pts',(3.22457359650813,14.5159327785335,12.0475760834882));
#2947=CARTESIAN_POINT('Ctrl Pts',(3.36739747922663,14.4944016382102,12.1501060183919));
#2948=CARTESIAN_POINT('Ctrl Pts',(3.50665238107287,14.4734085327484,12.2474855554522));
#2949=CARTESIAN_POINT('Origin',(5.36792626229944,15.5455657299663,9.59757608348822));
#2950=CARTESIAN_POINT('',(5.30530513973885,15.4174143232064,12.2474855554524));
#2951=CARTESIAN_POINT('',(5.43054738486012,15.6737171367257,12.0475760834882));
#2952=CARTESIAN_POINT('Ctrl Pts',(5.30530513973849,15.4174143232062,12.2474855554522));
#2953=CARTESIAN_POINT('Ctrl Pts',(5.36713395319684,15.5439443038095,12.1501060183919));
#2954=CARTESIAN_POINT('Ctrl Pts',(5.4305473848601,15.6737171367257,12.0475760834882));
#2955=CARTESIAN_POINT('',(5.43054738486012,15.6737171367257,9.59757608348822));
#2956=CARTESIAN_POINT('',(5.30530513973877,15.4174143232068,9.59757608348822));
#2957=CARTESIAN_POINT('Origin',(4.28221456825053,15.1812243942685,13.0975760834882));
#2958=CARTESIAN_POINT('',(3.50665238107225,14.4734085327485,9.59757608348822));
#2959=CARTESIAN_POINT('Ctrl Pts',(5.30530513973888,15.4174143232063,12.2474855554523));
#2960=CARTESIAN_POINT('Ctrl Pts',(5.32470094758535,15.3333985981355,12.3330290883673));
#2961=CARTESIAN_POINT('Ctrl Pts',(5.33435104781897,15.2435838489863,12.4206564004952));
#2962=CARTESIAN_POINT('Ctrl Pts',(5.32795111622663,15.0131190400467,12.6339538150136));
#2963=CARTESIAN_POINT('Ctrl Pts',(5.29566322817503,14.8701587316916,12.7558220682794));
#2964=CARTESIAN_POINT('Ctrl Pts',(5.19248698747393,14.6487322976011,12.9205487614785));
#2965=CARTESIAN_POINT('Ctrl Pts',(5.13189729746955,14.5534160958192,12.9841314272281));
#2966=CARTESIAN_POINT('Ctrl Pts',(4.97340717425454,14.382251980309,13.0729232546037));
#2967=CARTESIAN_POINT('Ctrl Pts',(4.87505021975761,14.3065389066864,13.0975759642789));
#2968=CARTESIAN_POINT('Ctrl Pts',(4.77017389889649,14.2514955673326,13.0975759642789));
#2969=CARTESIAN_POINT('Origin',(3.36561298879017,14.494670655641,9.59757608348822));
#2970=CARTESIAN_POINT('Origin',(8.,8.09757608348822,9.59757608348822));
#2971=CARTESIAN_POINT('',(6.75432899859445,16.,12.0475760834882));
#2972=CARTESIAN_POINT('Origin',(8.,8.09757608348822,12.0475760834882));
#2973=CARTESIAN_POINT('',(6.75432899859445,16.,9.59757608348822));
#2974=CARTESIAN_POINT('Origin',(8.,8.09757608348822,12.5725760834882));
#2975=CARTESIAN_POINT('',(8.,15.0475761430929,13.0975760238836));
#2976=CARTESIAN_POINT('Origin',(8.,8.09757608348822,13.0975760834882));
#2977=CARTESIAN_POINT('',(6.98433535570576,15.8312581028044,12.2474855554517));
#2978=CARTESIAN_POINT('Ctrl Pts',(6.98433535570576,15.8312581028045,12.2474855554517));
#2979=CARTESIAN_POINT('Ctrl Pts',(7.00620527503214,15.747852191444,12.3330290883669));
#2980=CARTESIAN_POINT('Ctrl Pts',(7.03939953075309,15.663840555426,12.420656400495));
#2981=CARTESIAN_POINT('Ctrl Pts',(7.15216872580028,15.4627482981597,12.6339538150136));
#2982=CARTESIAN_POINT('Ctrl Pts',(7.2471951988063,15.3511681614514,12.7558220682794));
#2983=CARTESIAN_POINT('Ctrl Pts',(7.44145521766423,15.2030531810052,12.9205487614785));
#2984=CARTESIAN_POINT('Ctrl Pts',(7.53940037141031,15.146812308727,12.9841314272281));
#2985=CARTESIAN_POINT('Ctrl Pts',(7.75928033671753,15.068908044071,13.0729232546037));
#2986=CARTESIAN_POINT('Ctrl Pts',(7.88155671448082,15.0475762026975,13.0975759642789));
#2987=CARTESIAN_POINT('Ctrl Pts',(8.,15.0475762026975,13.0975759642789));
#2988=CARTESIAN_POINT('Ctrl Pts',(6.98433535570585,15.8312581028044,12.2474855554518));
#2989=CARTESIAN_POINT('Ctrl Pts',(6.87078724632578,15.9145615542411,12.1501060183917));
#2990=CARTESIAN_POINT('Ctrl Pts',(6.75432899859448,16.,12.0475760834882));
#2991=CARTESIAN_POINT('Origin',(5.375,10.6812185381118,10.5475760834882));
#2992=CARTESIAN_POINT('',(8.,12.3699680754915,10.6975760834882));
#2993=CARTESIAN_POINT('',(4.3,10.2337720794898,10.6975760834882));
#2994=CARTESIAN_POINT('',(5.3,10.8111223486795,10.6975760834882));
#2995=CARTESIAN_POINT('',(4.6,10.060566998733,10.3975760834882));
#2996=CARTESIAN_POINT('',(4.3,10.2337720794898,10.6975760834882));
#2997=CARTESIAN_POINT('',(8.,12.0235579139777,10.3975760834882));
#2998=CARTESIAN_POINT('',(5.45,10.5513147275441,10.3975760834882));
#2999=CARTESIAN_POINT('',(8.,12.0235579139777,10.3975760834882));
#3000=CARTESIAN_POINT('Origin',(4.45,7.11608062586586,10.5475760834882));
#3001=CARTESIAN_POINT('',(4.3,5.9613800874866,10.6975760834882));
#3002=CARTESIAN_POINT('',(4.3,7.11608062586586,10.6975760834882));
#3003=CARTESIAN_POINT('',(4.6,6.13458516824349,10.3975760834882));
#3004=CARTESIAN_POINT('',(4.3,5.9613800874866,10.6975760834882));
#3005=CARTESIAN_POINT('',(4.6,7.11608062586586,10.3975760834882));
#3006=CARTESIAN_POINT('Origin',(7.075,4.53243817124229,10.5475760834882));
#3007=CARTESIAN_POINT('',(8.,3.82518409148499,10.6975760834882));
#3008=CARTESIAN_POINT('',(7.,4.40253436067461,10.6975760834882));
#3009=CARTESIAN_POINT('',(8.,4.17159425299876,10.3975760834882));
#3010=CARTESIAN_POINT('',(8.,3.82518409148499,10.6975760834882));
#3011=CARTESIAN_POINT('',(7.15,4.66234198180994,10.3975760834882));
#3012=CARTESIAN_POINT('Origin',(10.625,5.51393362886464,10.5475760834882));
#3013=CARTESIAN_POINT('',(11.4,6.13458516824349,10.3975760834882));
#3014=CARTESIAN_POINT('',(10.55,5.64383743943232,10.3975760834882));
#3015=CARTESIAN_POINT('',(11.7,5.9613800874866,10.6975760834882));
#3016=CARTESIAN_POINT('',(10.7,5.38402981829698,10.6975760834882));
#3017=CARTESIAN_POINT('',(11.7,5.9613800874866,10.6975760834882));
#3018=CARTESIAN_POINT('Origin',(11.55,9.07907154111059,10.5475760834882));
#3019=CARTESIAN_POINT('',(11.4,10.060566998733,10.3975760834882));
#3020=CARTESIAN_POINT('',(11.4,9.07907154111059,10.3975760834882));
#3021=CARTESIAN_POINT('',(11.7,10.2337720794898,10.6975760834882));
#3022=CARTESIAN_POINT('',(11.7,9.07907154111059,10.6975760834882));
#3023=CARTESIAN_POINT('',(11.7,10.2337720794898,10.6975760834882));
#3024=CARTESIAN_POINT('Origin',(8.925,11.6627139957342,10.5475760834882));
#3025=CARTESIAN_POINT('',(9.,11.7926178063018,10.6975760834882));
#3026=CARTESIAN_POINT('',(8.85,11.5328101851665,10.3975760834882));
#3027=CARTESIAN_POINT('Origin',(11.4,10.060566998733,10.6975760834882));
#3028=CARTESIAN_POINT('',(11.4,10.060566998733,5.69757608348822));
#3029=CARTESIAN_POINT('',(11.4,10.060566998733,10.6975760834882));
#3030=CARTESIAN_POINT('',(11.4,6.13458516824349,5.69757608348822));
#3031=CARTESIAN_POINT('',(11.4,9.07907154111059,5.69757608348822));
#3032=CARTESIAN_POINT('',(11.4,6.13458516824349,10.6975760834882));
#3033=CARTESIAN_POINT('Origin',(8.,12.0235579139777,10.6975760834882));
#3034=CARTESIAN_POINT('',(8.,12.0235579139777,5.69757608348822));
#3035=CARTESIAN_POINT('',(8.,12.0235579139777,10.6975760834882));
#3036=CARTESIAN_POINT('',(8.85,11.5328101851665,5.69757608348822));
#3037=CARTESIAN_POINT('Origin',(4.6,10.060566998733,10.6975760834882));
#3038=CARTESIAN_POINT('',(4.6,10.060566998733,5.69757608348822));
#3039=CARTESIAN_POINT('',(4.6,10.060566998733,10.6975760834882));
#3040=CARTESIAN_POINT('',(5.45,10.5513147275441,5.69757608348822));
#3041=CARTESIAN_POINT('Origin',(8.,8.09757608348822,10.6975760834882));
#3042=CARTESIAN_POINT('',(13.,8.09757608348822,10.6975760834882));
#3043=CARTESIAN_POINT('Origin',(8.,8.09757608348822,10.6975760834882));
#3044=CARTESIAN_POINT('Origin',(8.,8.09757608348822,0.347576083488219));
#3045=CARTESIAN_POINT('',(3.5,8.09757608348822,0.597576083488219));
#3046=CARTESIAN_POINT('',(12.5,8.09757608348822,0.597576083488219));
#3047=CARTESIAN_POINT('Origin',(8.,8.09757608348822,0.597576083488219));
#3048=CARTESIAN_POINT('',(12.,8.09757608348822,0.0975760834882187));
#3049=CARTESIAN_POINT('',(12.25,8.09757608348822,0.347576083488219));
#3050=CARTESIAN_POINT('Origin',(8.,8.09757608348822,0.0975760834882187));
#3051=CARTESIAN_POINT('Origin',(8.,8.09757608348822,0.597576083488219));
#3052=CARTESIAN_POINT('Origin',(10.15,8.09757608348822,0.0975760834882187));
#3053=CARTESIAN_POINT('',(10.65,8.09757608348822,0.0975760834882187));
#3054=CARTESIAN_POINT('Origin',(8.,8.09757608348822,0.0975760834882187));
#3055=CARTESIAN_POINT('Origin',(8.,8.09757608348822,1.09757609838938));
#3056=CARTESIAN_POINT('',(3.5,8.09757608348822,1.09757609838938));
#3057=CARTESIAN_POINT('Origin',(8.,8.09757608348822,5.44757608348822));
#3058=CARTESIAN_POINT('',(5.85,8.09757608348822,5.19757608348822));
#3059=CARTESIAN_POINT('',(10.15,8.09757608348822,5.19757608348822));
#3060=CARTESIAN_POINT('Origin',(8.,8.09757608348822,5.19757608348822));
#3061=CARTESIAN_POINT('',(10.65,8.09757608348822,5.69757608348822));
#3062=CARTESIAN_POINT('',(10.4,8.09757608348822,5.44757608348822));
#3063=CARTESIAN_POINT('Origin',(8.,8.09757608348822,5.69757608348822));
#3064=CARTESIAN_POINT('Origin',(8.,8.09757608348822,5.19757608348822));
#3065=CARTESIAN_POINT('Origin',(8.,8.09757608348822,6.59757608348822));
#3066=CARTESIAN_POINT('',(5.85,8.09757608348822,0.597576083488218));
#3067=CARTESIAN_POINT('',(5.85,8.09757608348822,6.59757608348822));
#3068=CARTESIAN_POINT('',(10.15,8.09757608348822,0.597576083488219));
#3069=CARTESIAN_POINT('Origin',(8.,8.09757608348822,0.597576083488219));
#3070=CARTESIAN_POINT('Origin',(8.,8.09757608348822,0.597576083488219));
#3071=CARTESIAN_POINT('Origin',(8.,8.09757608348822,5.69757608348822));
#3072=CARTESIAN_POINT('',(4.6,6.13458516824349,5.69757608348822));
#3073=CARTESIAN_POINT('',(4.6,7.11608062586586,5.69757608348822));
#3074=CARTESIAN_POINT('',(8.,4.17159425299876,5.69757608348822));
#3075=CARTESIAN_POINT('',(7.15,4.66234198180994,5.69757608348822));
#3076=CARTESIAN_POINT('',(10.55,5.64383743943231,5.69757608348822));
#3077=CARTESIAN_POINT('Origin',(8.,8.09757608348822,0.347576083488219));
#3078=CARTESIAN_POINT('',(10.4,8.09757608348822,0.347576083488219));
#3079=CARTESIAN_POINT('Origin',(8.,8.09757608348822,12.9975760834882));
#3080=CARTESIAN_POINT('',(13.,8.09757608348822,12.8975760834882));
#3081=CARTESIAN_POINT('Origin',(8.,8.09757608348822,12.8975760834882));
#3082=CARTESIAN_POINT('',(13.2,8.09757608348822,13.0975760834882));
#3083=CARTESIAN_POINT('',(13.1,8.09757608348823,12.9975760834882));
#3084=CARTESIAN_POINT('Origin',(8.,8.09757608348822,13.0975760834882));
#3085=CARTESIAN_POINT('Origin',(8.,8.09757608348822,13.0975760834882));
#3086=CARTESIAN_POINT('',(13.,8.09757608348822,13.0975760834882));
#3087=CARTESIAN_POINT('Origin',(16.,8.09757608348822,13.0975760834882));
#3088=CARTESIAN_POINT('Origin',(8.,8.09757608348822,13.0975760834882));
#3089=CARTESIAN_POINT('Origin',(8.,8.09757608348822,12.5725760834882));
#3090=CARTESIAN_POINT('',(9.24567100140555,16.,12.0475760834882));
#3091=CARTESIAN_POINT('Origin',(8.,8.09757608348822,12.0475760834882));
#3092=CARTESIAN_POINT('',(9.01566464429424,15.8312581028044,12.2474855554517));
#3093=CARTESIAN_POINT('Ctrl Pts',(9.24567100140552,16.,12.0475760834882));
#3094=CARTESIAN_POINT('Ctrl Pts',(9.12921275367423,15.9145615542411,12.1501060183917));
#3095=CARTESIAN_POINT('Ctrl Pts',(9.01566464429415,15.8312581028044,12.2474855554518));
#3096=CARTESIAN_POINT('Ctrl Pts',(8.,15.0475762026975,13.0975759642789));
#3097=CARTESIAN_POINT('Ctrl Pts',(8.11844328551918,15.0475762026975,13.0975759642789));
#3098=CARTESIAN_POINT('Ctrl Pts',(8.24071966328247,15.068908044071,13.0729232546037));
#3099=CARTESIAN_POINT('Ctrl Pts',(8.46059962858969,15.146812308727,12.9841314272281));
#3100=CARTESIAN_POINT('Ctrl Pts',(8.55854478233577,15.2030531810052,12.9205487614785));
#3101=CARTESIAN_POINT('Ctrl Pts',(8.7528048011937,15.3511681614514,12.7558220682794));
#3102=CARTESIAN_POINT('Ctrl Pts',(8.84783127419972,15.4627482981597,12.6339538150136));
#3103=CARTESIAN_POINT('Ctrl Pts',(8.96060046924692,15.663840555426,12.420656400495));
#3104=CARTESIAN_POINT('Ctrl Pts',(8.99379472496786,15.747852191444,12.3330290883669));
#3105=CARTESIAN_POINT('Ctrl Pts',(9.01566464429424,15.8312581028045,12.2474855554517));
#3106=CARTESIAN_POINT('Origin',(8.,8.09757608348822,9.59757608348822));
#3107=CARTESIAN_POINT('',(9.24567100140555,16.,9.59757608348822));
#3108=CARTESIAN_POINT('Origin',(6.8693321771501,15.9156290514022,9.59757608348822));
#3109=CARTESIAN_POINT('',(6.98433535570576,15.8312581028044,9.59757608348822));
#3110=CARTESIAN_POINT('Origin',(9.1306678228499,15.9156290514022,9.59757608348822));
#3111=CARTESIAN_POINT('',(9.01566464429424,15.8312581028044,9.59757608348822));
#3112=CARTESIAN_POINT('Origin',(8.,16.0975762026975,13.0975760834882));
#3113=CARTESIAN_POINT('Origin',(4.6,6.13458516824349,10.6975760834882));
#3114=CARTESIAN_POINT('',(4.6,6.13458516824349,10.6975760834882));
#3115=CARTESIAN_POINT('Origin',(8.,4.17159425299876,10.6975760834882));
#3116=CARTESIAN_POINT('',(8.,4.17159425299876,10.6975760834882));
#3117=CARTESIAN_POINT('Origin',(11.4,6.13458516824349,10.6975760834882));
#3118=UNCERTAINTY_MEASURE_WITH_UNIT(LENGTH_MEASURE(0.01),#3122,
'DISTANCE_ACCURACY_VALUE',
'Maximum model space distance between geometric entities at asserted c
onnectivities');
#3119=UNCERTAINTY_MEASURE_WITH_UNIT(LENGTH_MEASURE(0.01),#3122,
'DISTANCE_ACCURACY_VALUE',
'Maximum model space distance between geometric entities at asserted c
onnectivities');
#3120=(
GEOMETRIC_REPRESENTATION_CONTEXT(3)
GLOBAL_UNCERTAINTY_ASSIGNED_CONTEXT((#3118))
GLOBAL_UNIT_ASSIGNED_CONTEXT((#3122,#3124,#3125))
REPRESENTATION_CONTEXT('','3D')
);
#3121=(
GEOMETRIC_REPRESENTATION_CONTEXT(3)
GLOBAL_UNCERTAINTY_ASSIGNED_CONTEXT((#3119))
GLOBAL_UNIT_ASSIGNED_CONTEXT((#3122,#3124,#3125))
REPRESENTATION_CONTEXT('','3D')
);
#3122=(
LENGTH_UNIT()
NAMED_UNIT(*)
SI_UNIT(.MILLI.,.METRE.)
);
#3123=(
LENGTH_UNIT()
NAMED_UNIT(*)
SI_UNIT($,.METRE.)
);
#3124=(
NAMED_UNIT(*)
PLANE_ANGLE_UNIT()
SI_UNIT($,.RADIAN.)
);
#3125=(
NAMED_UNIT(*)
SI_UNIT($,.STERADIAN.)
SOLID_ANGLE_UNIT()
);
#3126=SHAPE_DEFINITION_REPRESENTATION(#3127,#3128);
#3127=PRODUCT_DEFINITION_SHAPE('',$,#3130);
#3128=SHAPE_REPRESENTATION('',(#1567),#3120);
#3129=PRODUCT_DEFINITION_CONTEXT('part definition',#3134,'design');
#3130=PRODUCT_DEFINITION('2026-03-28-16-20-13-428','M4-cnurled-Nut',#3131,
#3129);
#3131=PRODUCT_DEFINITION_FORMATION('',$,#3136);
#3132=PRODUCT_RELATED_PRODUCT_CATEGORY('M4-cnurled-Nut',
'M4-cnurled-Nut',(#3136));
#3133=APPLICATION_PROTOCOL_DEFINITION('international standard',
'automotive_design',2009,#3134);
#3134=APPLICATION_CONTEXT(
'Core Data for Automotive Mechanical Design Process');
#3135=PRODUCT_CONTEXT('part definition',#3134,'mechanical');
#3136=PRODUCT('2026-03-28-16-20-13-428','M4-cnurled-Nut',$,(#3135));
#3137=PRESENTATION_STYLE_ASSIGNMENT((#3139));
#3138=PRESENTATION_STYLE_ASSIGNMENT((#3140));
#3139=SURFACE_STYLE_USAGE(.BOTH.,#3141);
#3140=SURFACE_STYLE_USAGE(.BOTH.,#3142);
#3141=SURFACE_SIDE_STYLE('',(#3143));
#3142=SURFACE_SIDE_STYLE('',(#3144));
#3143=SURFACE_STYLE_FILL_AREA(#3145);
#3144=SURFACE_STYLE_FILL_AREA(#3146);
#3145=FILL_AREA_STYLE('Stahl - satiniert',(#3147));
#3146=FILL_AREA_STYLE('Opaque(63,63,63)',(#3148));
#3147=FILL_AREA_STYLE_COLOUR('Stahl - satiniert',#3149);
#3148=FILL_AREA_STYLE_COLOUR('Opaque(63,63,63)',#3150);
#3149=COLOUR_RGB('Stahl - satiniert',0.627450980392157,0.627450980392157,
0.627450980392157);
#3150=COLOUR_RGB('Opaque(63,63,63)',0.247058823529412,0.247058823529412,
0.247058823529412);
ENDSEC;
END-ISO-10303-21;
