ISO-10303-21;
HEADER;
/* Generated by software containing ST-Developer
 * from STEP Tools, Inc. (www.steptools.com) 
 */

FILE_DESCRIPTION(
/* description */ (''),
/* implementation_level */ '2;1');

FILE_NAME(
/* name */ 'y-sled-bottom.step',
/* time_stamp */ '2026-03-30T11:15:54+02:00',
/* author */ (''),
/* organization */ (''),
/* preprocessor_version */ 'ST-DEVELOPER v20.1',
/* originating_system */ 'Autodesk Translation Framework v14.24.0.0',
/* authorisation */ '');

FILE_SCHEMA (('AUTOMOTIVE_DESIGN { 1 0 10303 214 3 1 1 }'));
ENDSEC;

DATA;
#10=MECHANICAL_DESIGN_GEOMETRIC_PRESENTATION_REPRESENTATION('',(#13),#9117);
#11=SHAPE_REPRESENTATION_RELATIONSHIP('SRR','None',#9124,#12);
#12=ADVANCED_BREP_SHAPE_REPRESENTATION('',(#14),#9116);
#13=STYLED_ITEM('',(#9134),#14);
#14=MANIFOLD_SOLID_BREP('K\X\F6rper1',#5523);
#15=CONICAL_SURFACE('',#5644,6.55,0.785398163397445);
#16=CONICAL_SURFACE('',#5649,6.55000000000001,0.785398163397454);
#17=CONICAL_SURFACE('',#5659,6.55,0.785398163397452);
#18=CONICAL_SURFACE('',#5664,6.55,0.785398163397452);
#19=CONICAL_SURFACE('',#5678,6.55,0.785398163397437);
#20=CONICAL_SURFACE('',#5681,6.55000000000001,0.785398163397447);
#21=CONICAL_SURFACE('',#5690,6.55,0.785398163397445);
#22=CONICAL_SURFACE('',#5693,6.55,0.785398163397445);
#23=CONICAL_SURFACE('',#5788,4.4,0.785398163397437);
#24=CONICAL_SURFACE('',#5795,4.4,0.785398163397437);
#25=CONICAL_SURFACE('',#5802,1.85,0.785398163397458);
#26=CONICAL_SURFACE('',#5805,1.85,0.78539816339745);
#27=CONICAL_SURFACE('',#5809,1.85,0.785398163397459);
#28=CONICAL_SURFACE('',#5814,1.85,0.785398163397442);
#29=CONICAL_SURFACE('',#5836,1.85,0.785398163397446);
#30=CONICAL_SURFACE('',#5837,1.85,0.785398163397454);
#31=CONICAL_SURFACE('',#5840,1.85,0.785398163397459);
#32=CONICAL_SURFACE('',#5843,1.85,0.785398163397458);
#33=CONICAL_SURFACE('',#5855,5.15,0.785398163397464);
#34=CONICAL_SURFACE('',#5864,6.55,0.785398163397445);
#35=CONICAL_SURFACE('',#5867,6.55,0.785398163397445);
#36=CONICAL_SURFACE('',#5875,5.15,0.785398163397462);
#37=CONICAL_SURFACE('',#5884,6.55000000000001,0.785398163397451);
#38=CONICAL_SURFACE('',#5888,6.55,0.785398163397441);
#39=CONICAL_SURFACE('',#5899,6.55,0.785398163397449);
#40=CONICAL_SURFACE('',#5902,6.55,0.785398163397449);
#41=CONICAL_SURFACE('',#5911,6.55,0.785398163397449);
#42=CONICAL_SURFACE('',#5914,6.55,0.785398163397449);
#43=CONICAL_SURFACE('',#5919,6.55,0.785398163397441);
#44=CONICAL_SURFACE('',#5922,6.55000000000001,0.785398163397451);
#45=CONICAL_SURFACE('',#5927,6.55,0.785398163397437);
#46=CONICAL_SURFACE('',#5930,6.55000000000001,0.785398163397447);
#47=CONICAL_SURFACE('',#5938,6.55,0.785398163397445);
#48=CONICAL_SURFACE('',#5941,6.55,0.785398163397445);
#49=CONICAL_SURFACE('',#5946,2.15,0.785398163397451);
#50=CONICAL_SURFACE('',#5949,2.14999999999999,0.785398163397445);
#51=CONICAL_SURFACE('',#5952,2.15000000000001,0.785398163397451);
#52=CONICAL_SURFACE('',#5955,2.15000000000001,0.785398163397456);
#53=CONICAL_SURFACE('',#5963,5.15,0.785398163397449);
#54=CONICAL_SURFACE('',#5968,5.15,0.785398163397445);
#55=CONICAL_SURFACE('',#5985,4.07500000000001,0.785398163397448);
#56=CONICAL_SURFACE('',#5988,4.07500000000001,0.785398163397448);
#57=CONICAL_SURFACE('',#5991,2.8,0.785398163397448);
#58=CONICAL_SURFACE('',#5993,2.8,0.785398163397448);
#59=CONICAL_SURFACE('',#5997,2.8,0.785398163397448);
#60=CONICAL_SURFACE('',#6001,2.8,0.785398163397448);
#61=FACE_BOUND('',#655,.T.);
#62=FACE_BOUND('',#660,.T.);
#63=FACE_BOUND('',#662,.T.);
#64=FACE_BOUND('',#664,.T.);
#65=FACE_BOUND('',#665,.T.);
#66=FACE_BOUND('',#666,.T.);
#67=FACE_BOUND('',#667,.T.);
#68=FACE_BOUND('',#668,.T.);
#69=FACE_BOUND('',#679,.T.);
#70=FACE_BOUND('',#690,.T.);
#71=FACE_BOUND('',#692,.T.);
#72=FACE_BOUND('',#702,.T.);
#73=FACE_BOUND('',#755,.T.);
#74=FACE_BOUND('',#759,.T.);
#75=FACE_BOUND('',#763,.T.);
#76=FACE_BOUND('',#764,.T.);
#77=FACE_BOUND('',#769,.T.);
#78=FACE_BOUND('',#773,.T.);
#79=FACE_BOUND('',#780,.T.);
#80=FACE_BOUND('',#784,.T.);
#81=FACE_BOUND('',#788,.T.);
#82=FACE_BOUND('',#792,.T.);
#83=FACE_BOUND('',#800,.T.);
#84=FACE_BOUND('',#804,.T.);
#85=FACE_BOUND('',#815,.T.);
#86=FACE_BOUND('',#816,.T.);
#87=FACE_BOUND('',#817,.T.);
#88=FACE_BOUND('',#820,.T.);
#89=FACE_BOUND('',#821,.T.);
#90=FACE_BOUND('',#824,.T.);
#91=FACE_BOUND('',#825,.T.);
#92=FACE_BOUND('',#826,.T.);
#93=FACE_BOUND('',#827,.T.);
#94=FACE_BOUND('',#828,.T.);
#95=FACE_BOUND('',#829,.T.);
#96=FACE_BOUND('',#840,.T.);
#97=FACE_BOUND('',#841,.T.);
#98=FACE_BOUND('',#842,.T.);
#99=FACE_BOUND('',#850,.T.);
#100=FACE_BOUND('',#866,.T.);
#101=FACE_BOUND('',#877,.T.);
#102=FACE_BOUND('',#963,.T.);
#103=FACE_BOUND('',#964,.T.);
#104=CYLINDRICAL_SURFACE('',#5559,7.025);
#105=CYLINDRICAL_SURFACE('',#5576,7.025);
#106=CYLINDRICAL_SURFACE('',#5593,7.02499999999999);
#107=CYLINDRICAL_SURFACE('',#5610,7.02499999999999);
#108=CYLINDRICAL_SURFACE('',#5653,6.40000000000001);
#109=CYLINDRICAL_SURFACE('',#5668,6.4);
#110=CYLINDRICAL_SURFACE('',#5684,6.40000000000001);
#111=CYLINDRICAL_SURFACE('',#5696,6.4);
#112=CYLINDRICAL_SURFACE('',#5749,2.75);
#113=CYLINDRICAL_SURFACE('',#5751,2.75);
#114=CYLINDRICAL_SURFACE('',#5762,2.75);
#115=CYLINDRICAL_SURFACE('',#5764,2.75);
#116=CYLINDRICAL_SURFACE('',#5784,2.75);
#117=CYLINDRICAL_SURFACE('',#5786,2.75);
#118=CYLINDRICAL_SURFACE('',#5793,4.5);
#119=CYLINDRICAL_SURFACE('',#5800,4.5);
#120=CYLINDRICAL_SURFACE('',#5824,2.);
#121=CYLINDRICAL_SURFACE('',#5827,2.);
#122=CYLINDRICAL_SURFACE('',#5846,2.);
#123=CYLINDRICAL_SURFACE('',#5853,2.);
#124=CYLINDRICAL_SURFACE('',#5870,6.4);
#125=CYLINDRICAL_SURFACE('',#5893,6.40000000000001);
#126=CYLINDRICAL_SURFACE('',#5906,6.4);
#127=CYLINDRICAL_SURFACE('',#5934,6.40000000000001);
#128=CYLINDRICAL_SURFACE('',#5944,6.4);
#129=CYLINDRICAL_SURFACE('',#5957,1.99999999999999);
#130=CYLINDRICAL_SURFACE('',#5960,2.);
#131=CYLINDRICAL_SURFACE('',#5966,5.);
#132=CYLINDRICAL_SURFACE('',#5971,5.);
#133=CYLINDRICAL_SURFACE('',#5973,6.40000000000001);
#134=CYLINDRICAL_SURFACE('',#5977,6.4);
#135=CYLINDRICAL_SURFACE('',#5979,6.40000000000001);
#136=CYLINDRICAL_SURFACE('',#5980,2.00000000000001);
#137=CYLINDRICAL_SURFACE('',#5983,2.00000000000001);
#138=CYLINDRICAL_SURFACE('',#5987,2.65000000000001);
#139=CYLINDRICAL_SURFACE('',#5990,2.65000000000001);
#140=CYLINDRICAL_SURFACE('',#5995,2.75);
#141=CYLINDRICAL_SURFACE('',#5998,2.75);
#142=CIRCLE('',#5554,7.025);
#143=CIRCLE('',#5556,7.025);
#144=CIRCLE('',#5558,7.025);
#145=CIRCLE('',#5560,7.025);
#146=CIRCLE('',#5561,7.025);
#147=CIRCLE('',#5562,7.025);
#148=CIRCLE('',#5563,7.025);
#149=CIRCLE('',#5564,7.025);
#150=CIRCLE('',#5565,7.025);
#151=CIRCLE('',#5566,7.025);
#152=CIRCLE('',#5571,7.025);
#153=CIRCLE('',#5573,7.025);
#154=CIRCLE('',#5575,7.025);
#155=CIRCLE('',#5577,7.025);
#156=CIRCLE('',#5578,7.025);
#157=CIRCLE('',#5579,7.025);
#158=CIRCLE('',#5580,7.025);
#159=CIRCLE('',#5581,7.025);
#160=CIRCLE('',#5582,7.025);
#161=CIRCLE('',#5583,7.025);
#162=CIRCLE('',#5588,7.02499999999999);
#163=CIRCLE('',#5590,7.02499999999999);
#164=CIRCLE('',#5592,7.02499999999999);
#165=CIRCLE('',#5594,7.02499999999999);
#166=CIRCLE('',#5595,7.02499999999999);
#167=CIRCLE('',#5596,7.02499999999999);
#168=CIRCLE('',#5597,7.02499999999999);
#169=CIRCLE('',#5598,7.02499999999999);
#170=CIRCLE('',#5599,7.02499999999999);
#171=CIRCLE('',#5600,7.02499999999999);
#172=CIRCLE('',#5605,7.02499999999999);
#173=CIRCLE('',#5607,7.02499999999999);
#174=CIRCLE('',#5609,7.02499999999999);
#175=CIRCLE('',#5611,7.02499999999999);
#176=CIRCLE('',#5612,7.02499999999999);
#177=CIRCLE('',#5613,7.02499999999999);
#178=CIRCLE('',#5614,7.02499999999999);
#179=CIRCLE('',#5615,7.02499999999999);
#180=CIRCLE('',#5616,7.02499999999999);
#181=CIRCLE('',#5617,7.02499999999999);
#182=CIRCLE('',#5623,6.7);
#183=CIRCLE('',#5624,6.7);
#184=CIRCLE('',#5629,6.7);
#185=CIRCLE('',#5630,6.7);
#186=CIRCLE('',#5632,6.7);
#187=CIRCLE('',#5633,6.70000000000001);
#188=CIRCLE('',#5635,1.7);
#189=CIRCLE('',#5636,1.7);
#190=CIRCLE('',#5637,1.7);
#191=CIRCLE('',#5638,1.7);
#192=CIRCLE('',#5639,2.29999999999999);
#193=CIRCLE('',#5640,2.30000000000001);
#194=CIRCLE('',#5641,2.30000000000001);
#195=CIRCLE('',#5642,2.3);
#196=CIRCLE('',#5645,6.7);
#197=CIRCLE('',#5646,6.40000000000001);
#198=CIRCLE('',#5650,6.70000000000001);
#199=CIRCLE('',#5651,6.40000000000001);
#200=CIRCLE('',#5654,6.40000000000001);
#201=CIRCLE('',#5660,6.7);
#202=CIRCLE('',#5661,6.4);
#203=CIRCLE('',#5665,6.7);
#204=CIRCLE('',#5666,6.4);
#205=CIRCLE('',#5669,6.4);
#206=CIRCLE('',#5674,6.7);
#207=CIRCLE('',#5675,6.70000000000001);
#208=CIRCLE('',#5679,6.40000000000001);
#209=CIRCLE('',#5686,6.7);
#210=CIRCLE('',#5687,6.7);
#211=CIRCLE('',#5691,6.4);
#212=CIRCLE('',#5741,2.75);
#213=CIRCLE('',#5745,2.75);
#214=CIRCLE('',#5750,2.75);
#215=CIRCLE('',#5752,2.75);
#216=CIRCLE('',#5755,2.75);
#217=CIRCLE('',#5759,2.75);
#218=CIRCLE('',#5763,2.75);
#219=CIRCLE('',#5765,2.75);
#220=CIRCLE('',#5768,2.75);
#221=CIRCLE('',#5772,2.75);
#222=CIRCLE('',#5776,2.75);
#223=CIRCLE('',#5780,2.75);
#224=CIRCLE('',#5785,2.75);
#225=CIRCLE('',#5787,2.75);
#226=CIRCLE('',#5789,4.5);
#227=CIRCLE('',#5790,4.30000000000001);
#228=CIRCLE('',#5792,2.65000000000001);
#229=CIRCLE('',#5794,4.5);
#230=CIRCLE('',#5796,4.5);
#231=CIRCLE('',#5797,4.30000000000001);
#232=CIRCLE('',#5799,2.65000000000001);
#233=CIRCLE('',#5801,4.5);
#234=CIRCLE('',#5803,2.);
#235=CIRCLE('',#5804,1.7);
#236=CIRCLE('',#5806,2.);
#237=CIRCLE('',#5807,1.7);
#238=CIRCLE('',#5810,2.);
#239=CIRCLE('',#5811,1.7);
#240=CIRCLE('',#5815,2.);
#241=CIRCLE('',#5816,1.7);
#242=CIRCLE('',#5819,6.7);
#243=CIRCLE('',#5820,6.7);
#244=CIRCLE('',#5821,5.3);
#245=CIRCLE('',#5822,6.70000000000001);
#246=CIRCLE('',#5823,6.7);
#247=CIRCLE('',#5825,2.);
#248=CIRCLE('',#5828,2.);
#249=CIRCLE('',#5830,5.50000000000001);
#250=CIRCLE('',#5831,2.85);
#251=CIRCLE('',#5832,2.85);
#252=CIRCLE('',#5833,2.85);
#253=CIRCLE('',#5834,2.85);
#254=CIRCLE('',#5835,5.50000000000001);
#255=CIRCLE('',#5841,2.);
#256=CIRCLE('',#5844,2.);
#257=CIRCLE('',#5848,6.7);
#258=CIRCLE('',#5849,6.7);
#259=CIRCLE('',#5850,5.3);
#260=CIRCLE('',#5851,6.40000000000001);
#261=CIRCLE('',#5852,6.40000000000001);
#262=CIRCLE('',#5856,5.);
#263=CIRCLE('',#5857,5.3);
#264=CIRCLE('',#5865,6.4);
#265=CIRCLE('',#5868,6.4);
#266=CIRCLE('',#5871,6.4);
#267=CIRCLE('',#5876,5.);
#268=CIRCLE('',#5877,5.3);
#269=CIRCLE('',#5885,6.70000000000001);
#270=CIRCLE('',#5886,6.40000000000001);
#271=CIRCLE('',#5889,6.7);
#272=CIRCLE('',#5890,6.40000000000001);
#273=CIRCLE('',#5894,6.40000000000001);
#274=CIRCLE('',#5900,6.4);
#275=CIRCLE('',#5903,6.4);
#276=CIRCLE('',#5907,6.4);
#277=CIRCLE('',#5912,6.4);
#278=CIRCLE('',#5920,6.40000000000001);
#279=CIRCLE('',#5928,6.40000000000001);
#280=CIRCLE('',#5931,6.40000000000001);
#281=CIRCLE('',#5939,6.4);
#282=CIRCLE('',#5947,2.);
#283=CIRCLE('',#5950,1.99999999999999);
#284=CIRCLE('',#5953,2.00000000000001);
#285=CIRCLE('',#5956,2.00000000000001);
#286=CIRCLE('',#5958,1.99999999999999);
#287=CIRCLE('',#5961,2.);
#288=CIRCLE('',#5964,5.);
#289=CIRCLE('',#5969,5.);
#290=CIRCLE('',#5981,2.00000000000001);
#291=CIRCLE('',#5984,2.00000000000001);
#292=CIRCLE('',#5986,2.65000000000001);
#293=CIRCLE('',#5989,2.65000000000001);
#294=CIRCLE('',#5994,2.75);
#295=CIRCLE('',#5999,2.75);
#296=FACE_OUTER_BOUND('',#609,.T.);
#297=FACE_OUTER_BOUND('',#610,.T.);
#298=FACE_OUTER_BOUND('',#611,.T.);
#299=FACE_OUTER_BOUND('',#612,.T.);
#300=FACE_OUTER_BOUND('',#613,.T.);
#301=FACE_OUTER_BOUND('',#614,.T.);
#302=FACE_OUTER_BOUND('',#615,.T.);
#303=FACE_OUTER_BOUND('',#616,.T.);
#304=FACE_OUTER_BOUND('',#617,.T.);
#305=FACE_OUTER_BOUND('',#618,.T.);
#306=FACE_OUTER_BOUND('',#619,.T.);
#307=FACE_OUTER_BOUND('',#620,.T.);
#308=FACE_OUTER_BOUND('',#621,.T.);
#309=FACE_OUTER_BOUND('',#622,.T.);
#310=FACE_OUTER_BOUND('',#623,.T.);
#311=FACE_OUTER_BOUND('',#624,.T.);
#312=FACE_OUTER_BOUND('',#625,.T.);
#313=FACE_OUTER_BOUND('',#626,.T.);
#314=FACE_OUTER_BOUND('',#627,.T.);
#315=FACE_OUTER_BOUND('',#628,.T.);
#316=FACE_OUTER_BOUND('',#629,.T.);
#317=FACE_OUTER_BOUND('',#630,.T.);
#318=FACE_OUTER_BOUND('',#631,.T.);
#319=FACE_OUTER_BOUND('',#632,.T.);
#320=FACE_OUTER_BOUND('',#633,.T.);
#321=FACE_OUTER_BOUND('',#634,.T.);
#322=FACE_OUTER_BOUND('',#635,.T.);
#323=FACE_OUTER_BOUND('',#636,.T.);
#324=FACE_OUTER_BOUND('',#637,.T.);
#325=FACE_OUTER_BOUND('',#638,.T.);
#326=FACE_OUTER_BOUND('',#639,.T.);
#327=FACE_OUTER_BOUND('',#640,.T.);
#328=FACE_OUTER_BOUND('',#641,.T.);
#329=FACE_OUTER_BOUND('',#642,.T.);
#330=FACE_OUTER_BOUND('',#643,.T.);
#331=FACE_OUTER_BOUND('',#644,.T.);
#332=FACE_OUTER_BOUND('',#645,.T.);
#333=FACE_OUTER_BOUND('',#646,.T.);
#334=FACE_OUTER_BOUND('',#647,.T.);
#335=FACE_OUTER_BOUND('',#648,.T.);
#336=FACE_OUTER_BOUND('',#649,.T.);
#337=FACE_OUTER_BOUND('',#650,.T.);
#338=FACE_OUTER_BOUND('',#651,.T.);
#339=FACE_OUTER_BOUND('',#652,.T.);
#340=FACE_OUTER_BOUND('',#653,.T.);
#341=FACE_OUTER_BOUND('',#654,.T.);
#342=FACE_OUTER_BOUND('',#656,.T.);
#343=FACE_OUTER_BOUND('',#657,.T.);
#344=FACE_OUTER_BOUND('',#658,.T.);
#345=FACE_OUTER_BOUND('',#659,.T.);
#346=FACE_OUTER_BOUND('',#661,.T.);
#347=FACE_OUTER_BOUND('',#663,.T.);
#348=FACE_OUTER_BOUND('',#669,.T.);
#349=FACE_OUTER_BOUND('',#670,.T.);
#350=FACE_OUTER_BOUND('',#671,.T.);
#351=FACE_OUTER_BOUND('',#672,.T.);
#352=FACE_OUTER_BOUND('',#673,.T.);
#353=FACE_OUTER_BOUND('',#674,.T.);
#354=FACE_OUTER_BOUND('',#675,.T.);
#355=FACE_OUTER_BOUND('',#676,.T.);
#356=FACE_OUTER_BOUND('',#677,.T.);
#357=FACE_OUTER_BOUND('',#678,.T.);
#358=FACE_OUTER_BOUND('',#680,.T.);
#359=FACE_OUTER_BOUND('',#681,.T.);
#360=FACE_OUTER_BOUND('',#682,.T.);
#361=FACE_OUTER_BOUND('',#683,.T.);
#362=FACE_OUTER_BOUND('',#684,.T.);
#363=FACE_OUTER_BOUND('',#685,.T.);
#364=FACE_OUTER_BOUND('',#686,.T.);
#365=FACE_OUTER_BOUND('',#687,.T.);
#366=FACE_OUTER_BOUND('',#688,.T.);
#367=FACE_OUTER_BOUND('',#689,.T.);
#368=FACE_OUTER_BOUND('',#691,.T.);
#369=FACE_OUTER_BOUND('',#693,.T.);
#370=FACE_OUTER_BOUND('',#694,.T.);
#371=FACE_OUTER_BOUND('',#695,.T.);
#372=FACE_OUTER_BOUND('',#696,.T.);
#373=FACE_OUTER_BOUND('',#697,.T.);
#374=FACE_OUTER_BOUND('',#698,.T.);
#375=FACE_OUTER_BOUND('',#699,.T.);
#376=FACE_OUTER_BOUND('',#700,.T.);
#377=FACE_OUTER_BOUND('',#701,.T.);
#378=FACE_OUTER_BOUND('',#703,.T.);
#379=FACE_OUTER_BOUND('',#704,.T.);
#380=FACE_OUTER_BOUND('',#705,.T.);
#381=FACE_OUTER_BOUND('',#706,.T.);
#382=FACE_OUTER_BOUND('',#707,.T.);
#383=FACE_OUTER_BOUND('',#708,.T.);
#384=FACE_OUTER_BOUND('',#709,.T.);
#385=FACE_OUTER_BOUND('',#710,.T.);
#386=FACE_OUTER_BOUND('',#711,.T.);
#387=FACE_OUTER_BOUND('',#712,.T.);
#388=FACE_OUTER_BOUND('',#713,.T.);
#389=FACE_OUTER_BOUND('',#714,.T.);
#390=FACE_OUTER_BOUND('',#715,.T.);
#391=FACE_OUTER_BOUND('',#716,.T.);
#392=FACE_OUTER_BOUND('',#717,.T.);
#393=FACE_OUTER_BOUND('',#718,.T.);
#394=FACE_OUTER_BOUND('',#719,.T.);
#395=FACE_OUTER_BOUND('',#720,.T.);
#396=FACE_OUTER_BOUND('',#721,.T.);
#397=FACE_OUTER_BOUND('',#722,.T.);
#398=FACE_OUTER_BOUND('',#723,.T.);
#399=FACE_OUTER_BOUND('',#724,.T.);
#400=FACE_OUTER_BOUND('',#725,.T.);
#401=FACE_OUTER_BOUND('',#726,.T.);
#402=FACE_OUTER_BOUND('',#727,.T.);
#403=FACE_OUTER_BOUND('',#728,.T.);
#404=FACE_OUTER_BOUND('',#729,.T.);
#405=FACE_OUTER_BOUND('',#730,.T.);
#406=FACE_OUTER_BOUND('',#731,.T.);
#407=FACE_OUTER_BOUND('',#732,.T.);
#408=FACE_OUTER_BOUND('',#733,.T.);
#409=FACE_OUTER_BOUND('',#734,.T.);
#410=FACE_OUTER_BOUND('',#735,.T.);
#411=FACE_OUTER_BOUND('',#736,.T.);
#412=FACE_OUTER_BOUND('',#737,.T.);
#413=FACE_OUTER_BOUND('',#738,.T.);
#414=FACE_OUTER_BOUND('',#739,.T.);
#415=FACE_OUTER_BOUND('',#740,.T.);
#416=FACE_OUTER_BOUND('',#741,.T.);
#417=FACE_OUTER_BOUND('',#742,.T.);
#418=FACE_OUTER_BOUND('',#743,.T.);
#419=FACE_OUTER_BOUND('',#744,.T.);
#420=FACE_OUTER_BOUND('',#745,.T.);
#421=FACE_OUTER_BOUND('',#746,.T.);
#422=FACE_OUTER_BOUND('',#747,.T.);
#423=FACE_OUTER_BOUND('',#748,.T.);
#424=FACE_OUTER_BOUND('',#749,.T.);
#425=FACE_OUTER_BOUND('',#750,.T.);
#426=FACE_OUTER_BOUND('',#751,.T.);
#427=FACE_OUTER_BOUND('',#752,.T.);
#428=FACE_OUTER_BOUND('',#753,.T.);
#429=FACE_OUTER_BOUND('',#754,.T.);
#430=FACE_OUTER_BOUND('',#756,.T.);
#431=FACE_OUTER_BOUND('',#757,.T.);
#432=FACE_OUTER_BOUND('',#758,.T.);
#433=FACE_OUTER_BOUND('',#760,.T.);
#434=FACE_OUTER_BOUND('',#761,.T.);
#435=FACE_OUTER_BOUND('',#762,.T.);
#436=FACE_OUTER_BOUND('',#765,.T.);
#437=FACE_OUTER_BOUND('',#766,.T.);
#438=FACE_OUTER_BOUND('',#767,.T.);
#439=FACE_OUTER_BOUND('',#768,.T.);
#440=FACE_OUTER_BOUND('',#770,.T.);
#441=FACE_OUTER_BOUND('',#771,.T.);
#442=FACE_OUTER_BOUND('',#772,.T.);
#443=FACE_OUTER_BOUND('',#774,.T.);
#444=FACE_OUTER_BOUND('',#775,.T.);
#445=FACE_OUTER_BOUND('',#776,.T.);
#446=FACE_OUTER_BOUND('',#777,.T.);
#447=FACE_OUTER_BOUND('',#778,.T.);
#448=FACE_OUTER_BOUND('',#779,.T.);
#449=FACE_OUTER_BOUND('',#781,.T.);
#450=FACE_OUTER_BOUND('',#782,.T.);
#451=FACE_OUTER_BOUND('',#783,.T.);
#452=FACE_OUTER_BOUND('',#785,.T.);
#453=FACE_OUTER_BOUND('',#786,.T.);
#454=FACE_OUTER_BOUND('',#787,.T.);
#455=FACE_OUTER_BOUND('',#789,.T.);
#456=FACE_OUTER_BOUND('',#790,.T.);
#457=FACE_OUTER_BOUND('',#791,.T.);
#458=FACE_OUTER_BOUND('',#793,.T.);
#459=FACE_OUTER_BOUND('',#794,.T.);
#460=FACE_OUTER_BOUND('',#795,.T.);
#461=FACE_OUTER_BOUND('',#796,.T.);
#462=FACE_OUTER_BOUND('',#797,.T.);
#463=FACE_OUTER_BOUND('',#798,.T.);
#464=FACE_OUTER_BOUND('',#799,.T.);
#465=FACE_OUTER_BOUND('',#801,.T.);
#466=FACE_OUTER_BOUND('',#802,.T.);
#467=FACE_OUTER_BOUND('',#803,.T.);
#468=FACE_OUTER_BOUND('',#805,.T.);
#469=FACE_OUTER_BOUND('',#806,.T.);
#470=FACE_OUTER_BOUND('',#807,.T.);
#471=FACE_OUTER_BOUND('',#808,.T.);
#472=FACE_OUTER_BOUND('',#809,.T.);
#473=FACE_OUTER_BOUND('',#810,.T.);
#474=FACE_OUTER_BOUND('',#811,.T.);
#475=FACE_OUTER_BOUND('',#812,.T.);
#476=FACE_OUTER_BOUND('',#813,.T.);
#477=FACE_OUTER_BOUND('',#814,.T.);
#478=FACE_OUTER_BOUND('',#818,.T.);
#479=FACE_OUTER_BOUND('',#819,.T.);
#480=FACE_OUTER_BOUND('',#822,.T.);
#481=FACE_OUTER_BOUND('',#823,.T.);
#482=FACE_OUTER_BOUND('',#830,.T.);
#483=FACE_OUTER_BOUND('',#831,.T.);
#484=FACE_OUTER_BOUND('',#832,.T.);
#485=FACE_OUTER_BOUND('',#833,.T.);
#486=FACE_OUTER_BOUND('',#834,.T.);
#487=FACE_OUTER_BOUND('',#835,.T.);
#488=FACE_OUTER_BOUND('',#836,.T.);
#489=FACE_OUTER_BOUND('',#837,.T.);
#490=FACE_OUTER_BOUND('',#838,.T.);
#491=FACE_OUTER_BOUND('',#839,.T.);
#492=FACE_OUTER_BOUND('',#843,.T.);
#493=FACE_OUTER_BOUND('',#844,.T.);
#494=FACE_OUTER_BOUND('',#845,.T.);
#495=FACE_OUTER_BOUND('',#846,.T.);
#496=FACE_OUTER_BOUND('',#847,.T.);
#497=FACE_OUTER_BOUND('',#848,.T.);
#498=FACE_OUTER_BOUND('',#849,.T.);
#499=FACE_OUTER_BOUND('',#851,.T.);
#500=FACE_OUTER_BOUND('',#852,.T.);
#501=FACE_OUTER_BOUND('',#853,.T.);
#502=FACE_OUTER_BOUND('',#854,.T.);
#503=FACE_OUTER_BOUND('',#855,.T.);
#504=FACE_OUTER_BOUND('',#856,.T.);
#505=FACE_OUTER_BOUND('',#857,.T.);
#506=FACE_OUTER_BOUND('',#858,.T.);
#507=FACE_OUTER_BOUND('',#859,.T.);
#508=FACE_OUTER_BOUND('',#860,.T.);
#509=FACE_OUTER_BOUND('',#861,.T.);
#510=FACE_OUTER_BOUND('',#862,.T.);
#511=FACE_OUTER_BOUND('',#863,.T.);
#512=FACE_OUTER_BOUND('',#864,.T.);
#513=FACE_OUTER_BOUND('',#865,.T.);
#514=FACE_OUTER_BOUND('',#867,.T.);
#515=FACE_OUTER_BOUND('',#868,.T.);
#516=FACE_OUTER_BOUND('',#869,.T.);
#517=FACE_OUTER_BOUND('',#870,.T.);
#518=FACE_OUTER_BOUND('',#871,.T.);
#519=FACE_OUTER_BOUND('',#872,.T.);
#520=FACE_OUTER_BOUND('',#873,.T.);
#521=FACE_OUTER_BOUND('',#874,.T.);
#522=FACE_OUTER_BOUND('',#875,.T.);
#523=FACE_OUTER_BOUND('',#876,.T.);
#524=FACE_OUTER_BOUND('',#878,.T.);
#525=FACE_OUTER_BOUND('',#879,.T.);
#526=FACE_OUTER_BOUND('',#880,.T.);
#527=FACE_OUTER_BOUND('',#881,.T.);
#528=FACE_OUTER_BOUND('',#882,.T.);
#529=FACE_OUTER_BOUND('',#883,.T.);
#530=FACE_OUTER_BOUND('',#884,.T.);
#531=FACE_OUTER_BOUND('',#885,.T.);
#532=FACE_OUTER_BOUND('',#886,.T.);
#533=FACE_OUTER_BOUND('',#887,.T.);
#534=FACE_OUTER_BOUND('',#888,.T.);
#535=FACE_OUTER_BOUND('',#889,.T.);
#536=FACE_OUTER_BOUND('',#890,.T.);
#537=FACE_OUTER_BOUND('',#891,.T.);
#538=FACE_OUTER_BOUND('',#892,.T.);
#539=FACE_OUTER_BOUND('',#893,.T.);
#540=FACE_OUTER_BOUND('',#894,.T.);
#541=FACE_OUTER_BOUND('',#895,.T.);
#542=FACE_OUTER_BOUND('',#896,.T.);
#543=FACE_OUTER_BOUND('',#897,.T.);
#544=FACE_OUTER_BOUND('',#898,.T.);
#545=FACE_OUTER_BOUND('',#899,.T.);
#546=FACE_OUTER_BOUND('',#900,.T.);
#547=FACE_OUTER_BOUND('',#901,.T.);
#548=FACE_OUTER_BOUND('',#902,.T.);
#549=FACE_OUTER_BOUND('',#903,.T.);
#550=FACE_OUTER_BOUND('',#904,.T.);
#551=FACE_OUTER_BOUND('',#905,.T.);
#552=FACE_OUTER_BOUND('',#906,.T.);
#553=FACE_OUTER_BOUND('',#907,.T.);
#554=FACE_OUTER_BOUND('',#908,.T.);
#555=FACE_OUTER_BOUND('',#909,.T.);
#556=FACE_OUTER_BOUND('',#910,.T.);
#557=FACE_OUTER_BOUND('',#911,.T.);
#558=FACE_OUTER_BOUND('',#912,.T.);
#559=FACE_OUTER_BOUND('',#913,.T.);
#560=FACE_OUTER_BOUND('',#914,.T.);
#561=FACE_OUTER_BOUND('',#915,.T.);
#562=FACE_OUTER_BOUND('',#916,.T.);
#563=FACE_OUTER_BOUND('',#917,.T.);
#564=FACE_OUTER_BOUND('',#918,.T.);
#565=FACE_OUTER_BOUND('',#919,.T.);
#566=FACE_OUTER_BOUND('',#920,.T.);
#567=FACE_OUTER_BOUND('',#921,.T.);
#568=FACE_OUTER_BOUND('',#922,.T.);
#569=FACE_OUTER_BOUND('',#923,.T.);
#570=FACE_OUTER_BOUND('',#924,.T.);
#571=FACE_OUTER_BOUND('',#925,.T.);
#572=FACE_OUTER_BOUND('',#926,.T.);
#573=FACE_OUTER_BOUND('',#927,.T.);
#574=FACE_OUTER_BOUND('',#928,.T.);
#575=FACE_OUTER_BOUND('',#929,.T.);
#576=FACE_OUTER_BOUND('',#930,.T.);
#577=FACE_OUTER_BOUND('',#931,.T.);
#578=FACE_OUTER_BOUND('',#932,.T.);
#579=FACE_OUTER_BOUND('',#933,.T.);
#580=FACE_OUTER_BOUND('',#934,.T.);
#581=FACE_OUTER_BOUND('',#935,.T.);
#582=FACE_OUTER_BOUND('',#936,.T.);
#583=FACE_OUTER_BOUND('',#937,.T.);
#584=FACE_OUTER_BOUND('',#938,.T.);
#585=FACE_OUTER_BOUND('',#939,.T.);
#586=FACE_OUTER_BOUND('',#940,.T.);
#587=FACE_OUTER_BOUND('',#941,.T.);
#588=FACE_OUTER_BOUND('',#942,.T.);
#589=FACE_OUTER_BOUND('',#943,.T.);
#590=FACE_OUTER_BOUND('',#944,.T.);
#591=FACE_OUTER_BOUND('',#945,.T.);
#592=FACE_OUTER_BOUND('',#946,.T.);
#593=FACE_OUTER_BOUND('',#947,.T.);
#594=FACE_OUTER_BOUND('',#948,.T.);
#595=FACE_OUTER_BOUND('',#949,.T.);
#596=FACE_OUTER_BOUND('',#950,.T.);
#597=FACE_OUTER_BOUND('',#951,.T.);
#598=FACE_OUTER_BOUND('',#952,.T.);
#599=FACE_OUTER_BOUND('',#953,.T.);
#600=FACE_OUTER_BOUND('',#954,.T.);
#601=FACE_OUTER_BOUND('',#955,.T.);
#602=FACE_OUTER_BOUND('',#956,.T.);
#603=FACE_OUTER_BOUND('',#957,.T.);
#604=FACE_OUTER_BOUND('',#958,.T.);
#605=FACE_OUTER_BOUND('',#959,.T.);
#606=FACE_OUTER_BOUND('',#960,.T.);
#607=FACE_OUTER_BOUND('',#961,.T.);
#608=FACE_OUTER_BOUND('',#962,.T.);
#609=EDGE_LOOP('',(#3441,#3442,#3443,#3444));
#610=EDGE_LOOP('',(#3445,#3446,#3447,#3448,#3449,#3450,#3451,#3452,#3453,
#3454,#3455,#3456));
#611=EDGE_LOOP('',(#3457,#3458,#3459,#3460));
#612=EDGE_LOOP('',(#3461,#3462,#3463,#3464,#3465,#3466,#3467,#3468,#3469,
#3470,#3471,#3472));
#613=EDGE_LOOP('',(#3473,#3474,#3475,#3476));
#614=EDGE_LOOP('',(#3477,#3478,#3479,#3480,#3481,#3482,#3483,#3484,#3485,
#3486,#3487,#3488));
#615=EDGE_LOOP('',(#3489,#3490,#3491,#3492));
#616=EDGE_LOOP('',(#3493,#3494,#3495,#3496,#3497,#3498,#3499,#3500,#3501,
#3502,#3503,#3504));
#617=EDGE_LOOP('',(#3505,#3506,#3507,#3508));
#618=EDGE_LOOP('',(#3509,#3510,#3511,#3512,#3513,#3514,#3515,#3516,#3517,
#3518,#3519,#3520));
#619=EDGE_LOOP('',(#3521,#3522,#3523,#3524));
#620=EDGE_LOOP('',(#3525,#3526,#3527,#3528,#3529,#3530,#3531,#3532,#3533,
#3534,#3535,#3536));
#621=EDGE_LOOP('',(#3537,#3538,#3539,#3540));
#622=EDGE_LOOP('',(#3541,#3542,#3543,#3544,#3545,#3546,#3547,#3548,#3549,
#3550,#3551,#3552));
#623=EDGE_LOOP('',(#3553,#3554,#3555,#3556));
#624=EDGE_LOOP('',(#3557,#3558,#3559,#3560,#3561,#3562,#3563,#3564,#3565,
#3566,#3567,#3568));
#625=EDGE_LOOP('',(#3569,#3570,#3571,#3572));
#626=EDGE_LOOP('',(#3573,#3574,#3575,#3576));
#627=EDGE_LOOP('',(#3577,#3578,#3579,#3580));
#628=EDGE_LOOP('',(#3581,#3582,#3583,#3584,#3585,#3586,#3587,#3588,#3589,
#3590,#3591,#3592,#3593,#3594,#3595,#3596,#3597,#3598,#3599,#3600));
#629=EDGE_LOOP('',(#3601,#3602,#3603,#3604));
#630=EDGE_LOOP('',(#3605,#3606,#3607,#3608));
#631=EDGE_LOOP('',(#3609,#3610,#3611,#3612));
#632=EDGE_LOOP('',(#3613,#3614,#3615,#3616));
#633=EDGE_LOOP('',(#3617,#3618,#3619,#3620));
#634=EDGE_LOOP('',(#3621,#3622,#3623,#3624));
#635=EDGE_LOOP('',(#3625,#3626,#3627,#3628,#3629,#3630,#3631,#3632,#3633,
#3634,#3635,#3636,#3637,#3638,#3639,#3640,#3641,#3642,#3643,#3644));
#636=EDGE_LOOP('',(#3645,#3646,#3647,#3648));
#637=EDGE_LOOP('',(#3649,#3650,#3651,#3652));
#638=EDGE_LOOP('',(#3653,#3654,#3655,#3656));
#639=EDGE_LOOP('',(#3657,#3658,#3659,#3660));
#640=EDGE_LOOP('',(#3661,#3662,#3663,#3664));
#641=EDGE_LOOP('',(#3665,#3666,#3667,#3668));
#642=EDGE_LOOP('',(#3669,#3670,#3671,#3672,#3673,#3674,#3675,#3676,#3677,
#3678,#3679,#3680,#3681,#3682,#3683,#3684,#3685,#3686,#3687,#3688));
#643=EDGE_LOOP('',(#3689,#3690,#3691,#3692));
#644=EDGE_LOOP('',(#3693,#3694,#3695,#3696));
#645=EDGE_LOOP('',(#3697,#3698,#3699,#3700));
#646=EDGE_LOOP('',(#3701,#3702,#3703,#3704));
#647=EDGE_LOOP('',(#3705,#3706,#3707,#3708));
#648=EDGE_LOOP('',(#3709,#3710,#3711,#3712));
#649=EDGE_LOOP('',(#3713,#3714,#3715,#3716,#3717,#3718,#3719,#3720,#3721,
#3722,#3723,#3724,#3725,#3726,#3727,#3728,#3729,#3730,#3731,#3732));
#650=EDGE_LOOP('',(#3733,#3734,#3735,#3736));
#651=EDGE_LOOP('',(#3737,#3738,#3739,#3740));
#652=EDGE_LOOP('',(#3741,#3742,#3743,#3744));
#653=EDGE_LOOP('',(#3745,#3746,#3747,#3748));
#654=EDGE_LOOP('',(#3749,#3750,#3751,#3752,#3753,#3754));
#655=EDGE_LOOP('',(#3755,#3756,#3757,#3758,#3759,#3760));
#656=EDGE_LOOP('',(#3761,#3762,#3763,#3764));
#657=EDGE_LOOP('',(#3765,#3766,#3767,#3768));
#658=EDGE_LOOP('',(#3769,#3770,#3771,#3772));
#659=EDGE_LOOP('',(#3773,#3774,#3775,#3776,#3777,#3778));
#660=EDGE_LOOP('',(#3779,#3780,#3781,#3782,#3783,#3784));
#661=EDGE_LOOP('',(#3785,#3786,#3787,#3788,#3789,#3790));
#662=EDGE_LOOP('',(#3791,#3792,#3793,#3794,#3795,#3796));
#663=EDGE_LOOP('',(#3797,#3798,#3799,#3800,#3801,#3802,#3803,#3804));
#664=EDGE_LOOP('',(#3805,#3806,#3807,#3808));
#665=EDGE_LOOP('',(#3809,#3810,#3811,#3812));
#666=EDGE_LOOP('',(#3813,#3814,#3815,#3816));
#667=EDGE_LOOP('',(#3817,#3818,#3819,#3820));
#668=EDGE_LOOP('',(#3821,#3822,#3823,#3824,#3825,#3826,#3827,#3828));
#669=EDGE_LOOP('',(#3829,#3830,#3831,#3832));
#670=EDGE_LOOP('',(#3833,#3834,#3835,#3836));
#671=EDGE_LOOP('',(#3837,#3838,#3839,#3840));
#672=EDGE_LOOP('',(#3841,#3842,#3843,#3844));
#673=EDGE_LOOP('',(#3845,#3846,#3847,#3848));
#674=EDGE_LOOP('',(#3849,#3850,#3851,#3852));
#675=EDGE_LOOP('',(#3853,#3854,#3855,#3856));
#676=EDGE_LOOP('',(#3857,#3858,#3859,#3860));
#677=EDGE_LOOP('',(#3861,#3862,#3863,#3864));
#678=EDGE_LOOP('',(#3865,#3866,#3867,#3868));
#679=EDGE_LOOP('',(#3869,#3870,#3871,#3872,#3873,#3874));
#680=EDGE_LOOP('',(#3875,#3876,#3877,#3878));
#681=EDGE_LOOP('',(#3879,#3880,#3881,#3882));
#682=EDGE_LOOP('',(#3883,#3884,#3885,#3886));
#683=EDGE_LOOP('',(#3887,#3888,#3889,#3890));
#684=EDGE_LOOP('',(#3891,#3892,#3893,#3894));
#685=EDGE_LOOP('',(#3895,#3896,#3897,#3898));
#686=EDGE_LOOP('',(#3899,#3900,#3901,#3902));
#687=EDGE_LOOP('',(#3903,#3904,#3905,#3906));
#688=EDGE_LOOP('',(#3907,#3908,#3909,#3910));
#689=EDGE_LOOP('',(#3911,#3912,#3913,#3914));
#690=EDGE_LOOP('',(#3915,#3916,#3917,#3918,#3919,#3920));
#691=EDGE_LOOP('',(#3921,#3922,#3923,#3924));
#692=EDGE_LOOP('',(#3925,#3926,#3927,#3928,#3929,#3930));
#693=EDGE_LOOP('',(#3931,#3932,#3933,#3934));
#694=EDGE_LOOP('',(#3935,#3936,#3937,#3938));
#695=EDGE_LOOP('',(#3939,#3940,#3941,#3942));
#696=EDGE_LOOP('',(#3943,#3944,#3945,#3946));
#697=EDGE_LOOP('',(#3947,#3948,#3949,#3950));
#698=EDGE_LOOP('',(#3951,#3952,#3953,#3954));
#699=EDGE_LOOP('',(#3955,#3956,#3957,#3958));
#700=EDGE_LOOP('',(#3959,#3960,#3961,#3962));
#701=EDGE_LOOP('',(#3963,#3964,#3965,#3966));
#702=EDGE_LOOP('',(#3967,#3968,#3969,#3970,#3971,#3972));
#703=EDGE_LOOP('',(#3973,#3974,#3975,#3976));
#704=EDGE_LOOP('',(#3977,#3978,#3979,#3980));
#705=EDGE_LOOP('',(#3981,#3982,#3983,#3984));
#706=EDGE_LOOP('',(#3985,#3986,#3987,#3988));
#707=EDGE_LOOP('',(#3989,#3990,#3991,#3992));
#708=EDGE_LOOP('',(#3993,#3994,#3995,#3996));
#709=EDGE_LOOP('',(#3997,#3998,#3999,#4000));
#710=EDGE_LOOP('',(#4001,#4002,#4003,#4004));
#711=EDGE_LOOP('',(#4005,#4006,#4007,#4008));
#712=EDGE_LOOP('',(#4009,#4010,#4011,#4012));
#713=EDGE_LOOP('',(#4013,#4014,#4015,#4016));
#714=EDGE_LOOP('',(#4017,#4018,#4019,#4020));
#715=EDGE_LOOP('',(#4021,#4022,#4023,#4024));
#716=EDGE_LOOP('',(#4025,#4026,#4027,#4028));
#717=EDGE_LOOP('',(#4029,#4030,#4031,#4032));
#718=EDGE_LOOP('',(#4033,#4034,#4035,#4036));
#719=EDGE_LOOP('',(#4037,#4038,#4039,#4040));
#720=EDGE_LOOP('',(#4041,#4042,#4043,#4044));
#721=EDGE_LOOP('',(#4045,#4046,#4047,#4048));
#722=EDGE_LOOP('',(#4049,#4050,#4051,#4052));
#723=EDGE_LOOP('',(#4053,#4054,#4055,#4056));
#724=EDGE_LOOP('',(#4057,#4058,#4059,#4060));
#725=EDGE_LOOP('',(#4061,#4062,#4063,#4064));
#726=EDGE_LOOP('',(#4065,#4066,#4067,#4068));
#727=EDGE_LOOP('',(#4069,#4070,#4071,#4072));
#728=EDGE_LOOP('',(#4073,#4074,#4075,#4076));
#729=EDGE_LOOP('',(#4077,#4078,#4079,#4080));
#730=EDGE_LOOP('',(#4081,#4082,#4083,#4084));
#731=EDGE_LOOP('',(#4085,#4086,#4087,#4088));
#732=EDGE_LOOP('',(#4089,#4090,#4091,#4092));
#733=EDGE_LOOP('',(#4093,#4094,#4095,#4096));
#734=EDGE_LOOP('',(#4097,#4098,#4099,#4100));
#735=EDGE_LOOP('',(#4101,#4102,#4103,#4104));
#736=EDGE_LOOP('',(#4105,#4106,#4107,#4108));
#737=EDGE_LOOP('',(#4109,#4110,#4111,#4112));
#738=EDGE_LOOP('',(#4113,#4114,#4115,#4116));
#739=EDGE_LOOP('',(#4117,#4118,#4119,#4120));
#740=EDGE_LOOP('',(#4121,#4122,#4123,#4124));
#741=EDGE_LOOP('',(#4125,#4126,#4127,#4128));
#742=EDGE_LOOP('',(#4129,#4130,#4131,#4132));
#743=EDGE_LOOP('',(#4133,#4134,#4135,#4136));
#744=EDGE_LOOP('',(#4137,#4138,#4139,#4140));
#745=EDGE_LOOP('',(#4141,#4142,#4143,#4144));
#746=EDGE_LOOP('',(#4145,#4146,#4147,#4148));
#747=EDGE_LOOP('',(#4149,#4150,#4151,#4152));
#748=EDGE_LOOP('',(#4153,#4154,#4155,#4156));
#749=EDGE_LOOP('',(#4157,#4158,#4159,#4160));
#750=EDGE_LOOP('',(#4161,#4162,#4163,#4164));
#751=EDGE_LOOP('',(#4165,#4166,#4167,#4168));
#752=EDGE_LOOP('',(#4169,#4170,#4171,#4172));
#753=EDGE_LOOP('',(#4173,#4174,#4175,#4176));
#754=EDGE_LOOP('',(#4177,#4178,#4179,#4180,#4181,#4182));
#755=EDGE_LOOP('',(#4183));
#756=EDGE_LOOP('',(#4184,#4185,#4186,#4187));
#757=EDGE_LOOP('',(#4188,#4189,#4190,#4191));
#758=EDGE_LOOP('',(#4192,#4193,#4194,#4195,#4196,#4197));
#759=EDGE_LOOP('',(#4198));
#760=EDGE_LOOP('',(#4199,#4200,#4201,#4202));
#761=EDGE_LOOP('',(#4203,#4204,#4205,#4206));
#762=EDGE_LOOP('',(#4207,#4208,#4209,#4210));
#763=EDGE_LOOP('',(#4211,#4212,#4213,#4214));
#764=EDGE_LOOP('',(#4215,#4216,#4217,#4218));
#765=EDGE_LOOP('',(#4219,#4220,#4221,#4222));
#766=EDGE_LOOP('',(#4223,#4224,#4225,#4226));
#767=EDGE_LOOP('',(#4227,#4228,#4229,#4230));
#768=EDGE_LOOP('',(#4231,#4232,#4233,#4234,#4235,#4236));
#769=EDGE_LOOP('',(#4237));
#770=EDGE_LOOP('',(#4238,#4239,#4240,#4241));
#771=EDGE_LOOP('',(#4242,#4243,#4244,#4245));
#772=EDGE_LOOP('',(#4246,#4247,#4248,#4249,#4250,#4251));
#773=EDGE_LOOP('',(#4252));
#774=EDGE_LOOP('',(#4253,#4254,#4255,#4256));
#775=EDGE_LOOP('',(#4257,#4258,#4259,#4260));
#776=EDGE_LOOP('',(#4261,#4262,#4263,#4264));
#777=EDGE_LOOP('',(#4265,#4266,#4267,#4268));
#778=EDGE_LOOP('',(#4269,#4270,#4271,#4272));
#779=EDGE_LOOP('',(#4273,#4274,#4275,#4276,#4277,#4278));
#780=EDGE_LOOP('',(#4279));
#781=EDGE_LOOP('',(#4280,#4281,#4282,#4283));
#782=EDGE_LOOP('',(#4284,#4285,#4286,#4287));
#783=EDGE_LOOP('',(#4288,#4289,#4290,#4291,#4292,#4293));
#784=EDGE_LOOP('',(#4294));
#785=EDGE_LOOP('',(#4295,#4296,#4297,#4298));
#786=EDGE_LOOP('',(#4299,#4300,#4301,#4302));
#787=EDGE_LOOP('',(#4303,#4304,#4305,#4306,#4307,#4308));
#788=EDGE_LOOP('',(#4309));
#789=EDGE_LOOP('',(#4310,#4311,#4312,#4313));
#790=EDGE_LOOP('',(#4314,#4315,#4316,#4317));
#791=EDGE_LOOP('',(#4318,#4319,#4320,#4321,#4322,#4323));
#792=EDGE_LOOP('',(#4324));
#793=EDGE_LOOP('',(#4325,#4326,#4327,#4328));
#794=EDGE_LOOP('',(#4329,#4330,#4331,#4332));
#795=EDGE_LOOP('',(#4333,#4334,#4335,#4336));
#796=EDGE_LOOP('',(#4337,#4338,#4339,#4340));
#797=EDGE_LOOP('',(#4341,#4342,#4343,#4344));
#798=EDGE_LOOP('',(#4345,#4346,#4347,#4348));
#799=EDGE_LOOP('',(#4349));
#800=EDGE_LOOP('',(#4350));
#801=EDGE_LOOP('',(#4351,#4352,#4353,#4354));
#802=EDGE_LOOP('',(#4355,#4356,#4357,#4358));
#803=EDGE_LOOP('',(#4359));
#804=EDGE_LOOP('',(#4360));
#805=EDGE_LOOP('',(#4361,#4362,#4363,#4364));
#806=EDGE_LOOP('',(#4365,#4366,#4367,#4368));
#807=EDGE_LOOP('',(#4369,#4370,#4371,#4372));
#808=EDGE_LOOP('',(#4373,#4374,#4375,#4376));
#809=EDGE_LOOP('',(#4377,#4378,#4379,#4380));
#810=EDGE_LOOP('',(#4381,#4382,#4383,#4384));
#811=EDGE_LOOP('',(#4385,#4386,#4387,#4388));
#812=EDGE_LOOP('',(#4389,#4390,#4391,#4392));
#813=EDGE_LOOP('',(#4393,#4394,#4395,#4396));
#814=EDGE_LOOP('',(#4397,#4398,#4399,#4400));
#815=EDGE_LOOP('',(#4401,#4402,#4403,#4404,#4405,#4406));
#816=EDGE_LOOP('',(#4407,#4408,#4409));
#817=EDGE_LOOP('',(#4410,#4411,#4412,#4413,#4414,#4415));
#818=EDGE_LOOP('',(#4416,#4417,#4418,#4419));
#819=EDGE_LOOP('',(#4420,#4421,#4422,#4423));
#820=EDGE_LOOP('',(#4424,#4425,#4426,#4427));
#821=EDGE_LOOP('',(#4428,#4429,#4430,#4431));
#822=EDGE_LOOP('',(#4432,#4433,#4434,#4435));
#823=EDGE_LOOP('',(#4436,#4437,#4438,#4439,#4440,#4441,#4442,#4443));
#824=EDGE_LOOP('',(#4444));
#825=EDGE_LOOP('',(#4445));
#826=EDGE_LOOP('',(#4446));
#827=EDGE_LOOP('',(#4447));
#828=EDGE_LOOP('',(#4448));
#829=EDGE_LOOP('',(#4449));
#830=EDGE_LOOP('',(#4450,#4451,#4452,#4453));
#831=EDGE_LOOP('',(#4454,#4455,#4456,#4457));
#832=EDGE_LOOP('',(#4458,#4459,#4460,#4461));
#833=EDGE_LOOP('',(#4462,#4463,#4464,#4465));
#834=EDGE_LOOP('',(#4466,#4467,#4468,#4469));
#835=EDGE_LOOP('',(#4470,#4471,#4472,#4473));
#836=EDGE_LOOP('',(#4474,#4475,#4476,#4477));
#837=EDGE_LOOP('',(#4478,#4479,#4480,#4481));
#838=EDGE_LOOP('',(#4482,#4483,#4484,#4485));
#839=EDGE_LOOP('',(#4486,#4487,#4488,#4489));
#840=EDGE_LOOP('',(#4490,#4491,#4492,#4493,#4494,#4495));
#841=EDGE_LOOP('',(#4496,#4497,#4498));
#842=EDGE_LOOP('',(#4499,#4500,#4501,#4502,#4503,#4504));
#843=EDGE_LOOP('',(#4505,#4506,#4507,#4508));
#844=EDGE_LOOP('',(#4509,#4510,#4511,#4512));
#845=EDGE_LOOP('',(#4513,#4514,#4515,#4516));
#846=EDGE_LOOP('',(#4517,#4518,#4519,#4520));
#847=EDGE_LOOP('',(#4521,#4522,#4523,#4524));
#848=EDGE_LOOP('',(#4525,#4526,#4527,#4528));
#849=EDGE_LOOP('',(#4529,#4530,#4531,#4532));
#850=EDGE_LOOP('',(#4533,#4534,#4535));
#851=EDGE_LOOP('',(#4536,#4537,#4538,#4539));
#852=EDGE_LOOP('',(#4540,#4541,#4542,#4543));
#853=EDGE_LOOP('',(#4544,#4545,#4546,#4547));
#854=EDGE_LOOP('',(#4548,#4549,#4550,#4551));
#855=EDGE_LOOP('',(#4552,#4553,#4554,#4555));
#856=EDGE_LOOP('',(#4556,#4557,#4558,#4559));
#857=EDGE_LOOP('',(#4560,#4561,#4562,#4563));
#858=EDGE_LOOP('',(#4564,#4565,#4566,#4567));
#859=EDGE_LOOP('',(#4568,#4569,#4570,#4571));
#860=EDGE_LOOP('',(#4572,#4573,#4574,#4575));
#861=EDGE_LOOP('',(#4576,#4577,#4578,#4579));
#862=EDGE_LOOP('',(#4580,#4581,#4582,#4583));
#863=EDGE_LOOP('',(#4584,#4585,#4586,#4587));
#864=EDGE_LOOP('',(#4588,#4589,#4590,#4591));
#865=EDGE_LOOP('',(#4592,#4593,#4594,#4595));
#866=EDGE_LOOP('',(#4596,#4597,#4598));
#867=EDGE_LOOP('',(#4599,#4600,#4601,#4602));
#868=EDGE_LOOP('',(#4603,#4604,#4605,#4606));
#869=EDGE_LOOP('',(#4607,#4608,#4609,#4610));
#870=EDGE_LOOP('',(#4611,#4612,#4613,#4614));
#871=EDGE_LOOP('',(#4615,#4616,#4617,#4618));
#872=EDGE_LOOP('',(#4619,#4620,#4621,#4622));
#873=EDGE_LOOP('',(#4623,#4624,#4625,#4626));
#874=EDGE_LOOP('',(#4627,#4628,#4629,#4630));
#875=EDGE_LOOP('',(#4631,#4632,#4633,#4634));
#876=EDGE_LOOP('',(#4635,#4636,#4637,#4638,#4639,#4640));
#877=EDGE_LOOP('',(#4641,#4642,#4643,#4644,#4645,#4646));
#878=EDGE_LOOP('',(#4647,#4648,#4649,#4650));
#879=EDGE_LOOP('',(#4651,#4652,#4653,#4654));
#880=EDGE_LOOP('',(#4655,#4656,#4657,#4658));
#881=EDGE_LOOP('',(#4659,#4660,#4661,#4662));
#882=EDGE_LOOP('',(#4663,#4664,#4665,#4666));
#883=EDGE_LOOP('',(#4667,#4668,#4669,#4670));
#884=EDGE_LOOP('',(#4671,#4672,#4673,#4674));
#885=EDGE_LOOP('',(#4675,#4676,#4677,#4678));
#886=EDGE_LOOP('',(#4679,#4680,#4681,#4682));
#887=EDGE_LOOP('',(#4683,#4684,#4685,#4686));
#888=EDGE_LOOP('',(#4687,#4688,#4689,#4690));
#889=EDGE_LOOP('',(#4691,#4692,#4693,#4694));
#890=EDGE_LOOP('',(#4695,#4696,#4697,#4698));
#891=EDGE_LOOP('',(#4699,#4700,#4701,#4702));
#892=EDGE_LOOP('',(#4703,#4704,#4705,#4706));
#893=EDGE_LOOP('',(#4707,#4708,#4709,#4710));
#894=EDGE_LOOP('',(#4711,#4712,#4713,#4714));
#895=EDGE_LOOP('',(#4715,#4716,#4717,#4718));
#896=EDGE_LOOP('',(#4719,#4720,#4721,#4722));
#897=EDGE_LOOP('',(#4723,#4724,#4725,#4726));
#898=EDGE_LOOP('',(#4727,#4728,#4729,#4730));
#899=EDGE_LOOP('',(#4731,#4732,#4733,#4734));
#900=EDGE_LOOP('',(#4735,#4736,#4737,#4738));
#901=EDGE_LOOP('',(#4739,#4740,#4741,#4742));
#902=EDGE_LOOP('',(#4743,#4744,#4745,#4746));
#903=EDGE_LOOP('',(#4747,#4748,#4749,#4750));
#904=EDGE_LOOP('',(#4751,#4752,#4753,#4754));
#905=EDGE_LOOP('',(#4755,#4756,#4757,#4758));
#906=EDGE_LOOP('',(#4759,#4760,#4761,#4762));
#907=EDGE_LOOP('',(#4763,#4764,#4765,#4766));
#908=EDGE_LOOP('',(#4767,#4768,#4769,#4770));
#909=EDGE_LOOP('',(#4771,#4772,#4773,#4774));
#910=EDGE_LOOP('',(#4775,#4776,#4777,#4778));
#911=EDGE_LOOP('',(#4779,#4780,#4781,#4782));
#912=EDGE_LOOP('',(#4783,#4784,#4785,#4786));
#913=EDGE_LOOP('',(#4787,#4788,#4789,#4790));
#914=EDGE_LOOP('',(#4791,#4792,#4793,#4794));
#915=EDGE_LOOP('',(#4795,#4796,#4797,#4798));
#916=EDGE_LOOP('',(#4799,#4800,#4801,#4802));
#917=EDGE_LOOP('',(#4803,#4804,#4805,#4806));
#918=EDGE_LOOP('',(#4807,#4808,#4809,#4810));
#919=EDGE_LOOP('',(#4811,#4812,#4813,#4814));
#920=EDGE_LOOP('',(#4815,#4816,#4817,#4818));
#921=EDGE_LOOP('',(#4819,#4820,#4821,#4822));
#922=EDGE_LOOP('',(#4823,#4824,#4825,#4826));
#923=EDGE_LOOP('',(#4827,#4828,#4829,#4830));
#924=EDGE_LOOP('',(#4831,#4832,#4833,#4834));
#925=EDGE_LOOP('',(#4835,#4836,#4837,#4838));
#926=EDGE_LOOP('',(#4839,#4840,#4841,#4842));
#927=EDGE_LOOP('',(#4843,#4844,#4845,#4846));
#928=EDGE_LOOP('',(#4847,#4848,#4849,#4850));
#929=EDGE_LOOP('',(#4851,#4852,#4853,#4854));
#930=EDGE_LOOP('',(#4855,#4856,#4857,#4858));
#931=EDGE_LOOP('',(#4859,#4860,#4861,#4862));
#932=EDGE_LOOP('',(#4863,#4864,#4865,#4866));
#933=EDGE_LOOP('',(#4867,#4868,#4869,#4870));
#934=EDGE_LOOP('',(#4871,#4872,#4873,#4874));
#935=EDGE_LOOP('',(#4875,#4876,#4877,#4878));
#936=EDGE_LOOP('',(#4879,#4880,#4881,#4882));
#937=EDGE_LOOP('',(#4883,#4884,#4885,#4886));
#938=EDGE_LOOP('',(#4887,#4888,#4889,#4890));
#939=EDGE_LOOP('',(#4891,#4892,#4893,#4894));
#940=EDGE_LOOP('',(#4895,#4896,#4897,#4898));
#941=EDGE_LOOP('',(#4899,#4900,#4901,#4902));
#942=EDGE_LOOP('',(#4903,#4904,#4905,#4906));
#943=EDGE_LOOP('',(#4907,#4908,#4909,#4910));
#944=EDGE_LOOP('',(#4911,#4912,#4913,#4914));
#945=EDGE_LOOP('',(#4915,#4916,#4917,#4918));
#946=EDGE_LOOP('',(#4919,#4920,#4921,#4922));
#947=EDGE_LOOP('',(#4923,#4924,#4925,#4926));
#948=EDGE_LOOP('',(#4927,#4928,#4929,#4930));
#949=EDGE_LOOP('',(#4931,#4932,#4933,#4934));
#950=EDGE_LOOP('',(#4935,#4936,#4937,#4938));
#951=EDGE_LOOP('',(#4939,#4940,#4941,#4942));
#952=EDGE_LOOP('',(#4943,#4944,#4945,#4946));
#953=EDGE_LOOP('',(#4947));
#954=EDGE_LOOP('',(#4948,#4949,#4950,#4951));
#955=EDGE_LOOP('',(#4952,#4953,#4954,#4955));
#956=EDGE_LOOP('',(#4956));
#957=EDGE_LOOP('',(#4957,#4958,#4959,#4960));
#958=EDGE_LOOP('',(#4961,#4962,#4963,#4964));
#959=EDGE_LOOP('',(#4965));
#960=EDGE_LOOP('',(#4966,#4967,#4968,#4969));
#961=EDGE_LOOP('',(#4970));
#962=EDGE_LOOP('',(#4971,#4972,#4973,#4974,#4975,#4976,#4977,#4978));
#963=EDGE_LOOP('',(#4979));
#964=EDGE_LOOP('',(#4980));
#965=LINE('',#7560,#1581);
#966=LINE('',#7562,#1582);
#967=LINE('',#7564,#1583);
#968=LINE('',#7565,#1584);
#969=LINE('',#7568,#1585);
#970=LINE('',#7570,#1586);
#971=LINE('',#7572,#1587);
#972=LINE('',#7574,#1588);
#973=LINE('',#7576,#1589);
#974=LINE('',#7578,#1590);
#975=LINE('',#7580,#1591);
#976=LINE('',#7582,#1592);
#977=LINE('',#7584,#1593);
#978=LINE('',#7586,#1594);
#979=LINE('',#7587,#1595);
#980=LINE('',#7591,#1596);
#981=LINE('',#7593,#1597);
#982=LINE('',#7595,#1598);
#983=LINE('',#7596,#1599);
#984=LINE('',#7599,#1600);
#985=LINE('',#7601,#1601);
#986=LINE('',#7603,#1602);
#987=LINE('',#7605,#1603);
#988=LINE('',#7607,#1604);
#989=LINE('',#7609,#1605);
#990=LINE('',#7611,#1606);
#991=LINE('',#7613,#1607);
#992=LINE('',#7615,#1608);
#993=LINE('',#7617,#1609);
#994=LINE('',#7618,#1610);
#995=LINE('',#7622,#1611);
#996=LINE('',#7624,#1612);
#997=LINE('',#7626,#1613);
#998=LINE('',#7627,#1614);
#999=LINE('',#7630,#1615);
#1000=LINE('',#7632,#1616);
#1001=LINE('',#7634,#1617);
#1002=LINE('',#7636,#1618);
#1003=LINE('',#7638,#1619);
#1004=LINE('',#7640,#1620);
#1005=LINE('',#7642,#1621);
#1006=LINE('',#7644,#1622);
#1007=LINE('',#7646,#1623);
#1008=LINE('',#7648,#1624);
#1009=LINE('',#7649,#1625);
#1010=LINE('',#7653,#1626);
#1011=LINE('',#7655,#1627);
#1012=LINE('',#7657,#1628);
#1013=LINE('',#7658,#1629);
#1014=LINE('',#7661,#1630);
#1015=LINE('',#7663,#1631);
#1016=LINE('',#7665,#1632);
#1017=LINE('',#7667,#1633);
#1018=LINE('',#7669,#1634);
#1019=LINE('',#7671,#1635);
#1020=LINE('',#7673,#1636);
#1021=LINE('',#7675,#1637);
#1022=LINE('',#7677,#1638);
#1023=LINE('',#7679,#1639);
#1024=LINE('',#7680,#1640);
#1025=LINE('',#7684,#1641);
#1026=LINE('',#7686,#1642);
#1027=LINE('',#7688,#1643);
#1028=LINE('',#7689,#1644);
#1029=LINE('',#7692,#1645);
#1030=LINE('',#7694,#1646);
#1031=LINE('',#7696,#1647);
#1032=LINE('',#7698,#1648);
#1033=LINE('',#7700,#1649);
#1034=LINE('',#7702,#1650);
#1035=LINE('',#7704,#1651);
#1036=LINE('',#7706,#1652);
#1037=LINE('',#7708,#1653);
#1038=LINE('',#7710,#1654);
#1039=LINE('',#7711,#1655);
#1040=LINE('',#7715,#1656);
#1041=LINE('',#7717,#1657);
#1042=LINE('',#7719,#1658);
#1043=LINE('',#7720,#1659);
#1044=LINE('',#7723,#1660);
#1045=LINE('',#7725,#1661);
#1046=LINE('',#7727,#1662);
#1047=LINE('',#7729,#1663);
#1048=LINE('',#7731,#1664);
#1049=LINE('',#7733,#1665);
#1050=LINE('',#7735,#1666);
#1051=LINE('',#7737,#1667);
#1052=LINE('',#7739,#1668);
#1053=LINE('',#7741,#1669);
#1054=LINE('',#7742,#1670);
#1055=LINE('',#7746,#1671);
#1056=LINE('',#7748,#1672);
#1057=LINE('',#7750,#1673);
#1058=LINE('',#7751,#1674);
#1059=LINE('',#7754,#1675);
#1060=LINE('',#7756,#1676);
#1061=LINE('',#7758,#1677);
#1062=LINE('',#7760,#1678);
#1063=LINE('',#7762,#1679);
#1064=LINE('',#7764,#1680);
#1065=LINE('',#7766,#1681);
#1066=LINE('',#7768,#1682);
#1067=LINE('',#7770,#1683);
#1068=LINE('',#7772,#1684);
#1069=LINE('',#7773,#1685);
#1070=LINE('',#7777,#1686);
#1071=LINE('',#7779,#1687);
#1072=LINE('',#7781,#1688);
#1073=LINE('',#7782,#1689);
#1074=LINE('',#7785,#1690);
#1075=LINE('',#7787,#1691);
#1076=LINE('',#7789,#1692);
#1077=LINE('',#7791,#1693);
#1078=LINE('',#7793,#1694);
#1079=LINE('',#7795,#1695);
#1080=LINE('',#7797,#1696);
#1081=LINE('',#7799,#1697);
#1082=LINE('',#7801,#1698);
#1083=LINE('',#7803,#1699);
#1084=LINE('',#7804,#1700);
#1085=LINE('',#7809,#1701);
#1086=LINE('',#7810,#1702);
#1087=LINE('',#7815,#1703);
#1088=LINE('',#7816,#1704);
#1089=LINE('',#7821,#1705);
#1090=LINE('',#7822,#1706);
#1091=LINE('',#7827,#1707);
#1092=LINE('',#7831,#1708);
#1093=LINE('',#7834,#1709);
#1094=LINE('',#7838,#1710);
#1095=LINE('',#7842,#1711);
#1096=LINE('',#7843,#1712);
#1097=LINE('',#7846,#1713);
#1098=LINE('',#7847,#1714);
#1099=LINE('',#7850,#1715);
#1100=LINE('',#7851,#1716);
#1101=LINE('',#7856,#1717);
#1102=LINE('',#7857,#1718);
#1103=LINE('',#7862,#1719);
#1104=LINE('',#7863,#1720);
#1105=LINE('',#7868,#1721);
#1106=LINE('',#7869,#1722);
#1107=LINE('',#7874,#1723);
#1108=LINE('',#7878,#1724);
#1109=LINE('',#7881,#1725);
#1110=LINE('',#7885,#1726);
#1111=LINE('',#7889,#1727);
#1112=LINE('',#7890,#1728);
#1113=LINE('',#7893,#1729);
#1114=LINE('',#7894,#1730);
#1115=LINE('',#7897,#1731);
#1116=LINE('',#7898,#1732);
#1117=LINE('',#7903,#1733);
#1118=LINE('',#7904,#1734);
#1119=LINE('',#7909,#1735);
#1120=LINE('',#7910,#1736);
#1121=LINE('',#7915,#1737);
#1122=LINE('',#7916,#1738);
#1123=LINE('',#7921,#1739);
#1124=LINE('',#7925,#1740);
#1125=LINE('',#7928,#1741);
#1126=LINE('',#7932,#1742);
#1127=LINE('',#7936,#1743);
#1128=LINE('',#7937,#1744);
#1129=LINE('',#7940,#1745);
#1130=LINE('',#7941,#1746);
#1131=LINE('',#7944,#1747);
#1132=LINE('',#7945,#1748);
#1133=LINE('',#7950,#1749);
#1134=LINE('',#7951,#1750);
#1135=LINE('',#7956,#1751);
#1136=LINE('',#7957,#1752);
#1137=LINE('',#7962,#1753);
#1138=LINE('',#7963,#1754);
#1139=LINE('',#7968,#1755);
#1140=LINE('',#7972,#1756);
#1141=LINE('',#7975,#1757);
#1142=LINE('',#7979,#1758);
#1143=LINE('',#7983,#1759);
#1144=LINE('',#7984,#1760);
#1145=LINE('',#7987,#1761);
#1146=LINE('',#7988,#1762);
#1147=LINE('',#7991,#1763);
#1148=LINE('',#7992,#1764);
#1149=LINE('',#7994,#1765);
#1150=LINE('',#7995,#1766);
#1151=LINE('',#7997,#1767);
#1152=LINE('',#8000,#1768);
#1153=LINE('',#8004,#1769);
#1154=LINE('',#8006,#1770);
#1155=LINE('',#8009,#1771);
#1156=LINE('',#8011,#1772);
#1157=LINE('',#8012,#1773);
#1158=LINE('',#8014,#1774);
#1159=LINE('',#8015,#1775);
#1160=LINE('',#8017,#1776);
#1161=LINE('',#8018,#1777);
#1162=LINE('',#8020,#1778);
#1163=LINE('',#8023,#1779);
#1164=LINE('',#8027,#1780);
#1165=LINE('',#8029,#1781);
#1166=LINE('',#8032,#1782);
#1167=LINE('',#8034,#1783);
#1168=LINE('',#8037,#1784);
#1169=LINE('',#8041,#1785);
#1170=LINE('',#8043,#1786);
#1171=LINE('',#8046,#1787);
#1172=LINE('',#8050,#1788);
#1173=LINE('',#8054,#1789);
#1174=LINE('',#8058,#1790);
#1175=LINE('',#8062,#1791);
#1176=LINE('',#8064,#1792);
#1177=LINE('',#8067,#1793);
#1178=LINE('',#8071,#1794);
#1179=LINE('',#8075,#1795);
#1180=LINE('',#8079,#1796);
#1181=LINE('',#8084,#1797);
#1182=LINE('',#8086,#1798);
#1183=LINE('',#8088,#1799);
#1184=LINE('',#8089,#1800);
#1185=LINE('',#8094,#1801);
#1186=LINE('',#8098,#1802);
#1187=LINE('',#8100,#1803);
#1188=LINE('',#8101,#1804);
#1189=LINE('',#8104,#1805);
#1190=LINE('',#8106,#1806);
#1191=LINE('',#8107,#1807);
#1192=LINE('',#8112,#1808);
#1193=LINE('',#8115,#1809);
#1194=LINE('',#8116,#1810);
#1195=LINE('',#8119,#1811);
#1196=LINE('',#8122,#1812);
#1197=LINE('',#8125,#1813);
#1198=LINE('',#8126,#1814);
#1199=LINE('',#8129,#1815);
#1200=LINE('',#8130,#1816);
#1201=LINE('',#8135,#1817);
#1202=LINE('',#8137,#1818);
#1203=LINE('',#8139,#1819);
#1204=LINE('',#8140,#1820);
#1205=LINE('',#8145,#1821);
#1206=LINE('',#8149,#1822);
#1207=LINE('',#8151,#1823);
#1208=LINE('',#8152,#1824);
#1209=LINE('',#8155,#1825);
#1210=LINE('',#8157,#1826);
#1211=LINE('',#8158,#1827);
#1212=LINE('',#8163,#1828);
#1213=LINE('',#8166,#1829);
#1214=LINE('',#8167,#1830);
#1215=LINE('',#8170,#1831);
#1216=LINE('',#8173,#1832);
#1217=LINE('',#8176,#1833);
#1218=LINE('',#8177,#1834);
#1219=LINE('',#8180,#1835);
#1220=LINE('',#8181,#1836);
#1221=LINE('',#8186,#1837);
#1222=LINE('',#8190,#1838);
#1223=LINE('',#8192,#1839);
#1224=LINE('',#8195,#1840);
#1225=LINE('',#8198,#1841);
#1226=LINE('',#8199,#1842);
#1227=LINE('',#8200,#1843);
#1228=LINE('',#8202,#1844);
#1229=LINE('',#8203,#1845);
#1230=LINE('',#8206,#1846);
#1231=LINE('',#8209,#1847);
#1232=LINE('',#8211,#1848);
#1233=LINE('',#8214,#1849);
#1234=LINE('',#8215,#1850);
#1235=LINE('',#8220,#1851);
#1236=LINE('',#8224,#1852);
#1237=LINE('',#8226,#1853);
#1238=LINE('',#8229,#1854);
#1239=LINE('',#8232,#1855);
#1240=LINE('',#8233,#1856);
#1241=LINE('',#8234,#1857);
#1242=LINE('',#8236,#1858);
#1243=LINE('',#8237,#1859);
#1244=LINE('',#8240,#1860);
#1245=LINE('',#8243,#1861);
#1246=LINE('',#8245,#1862);
#1247=LINE('',#8248,#1863);
#1248=LINE('',#8249,#1864);
#1249=LINE('',#8255,#1865);
#1250=LINE('',#8256,#1866);
#1251=LINE('',#8258,#1867);
#1252=LINE('',#8262,#1868);
#1253=LINE('',#8263,#1869);
#1254=LINE('',#8265,#1870);
#1255=LINE('',#8268,#1871);
#1256=LINE('',#8271,#1872);
#1257=LINE('',#8275,#1873);
#1258=LINE('',#8276,#1874);
#1259=LINE('',#8278,#1875);
#1260=LINE('',#8282,#1876);
#1261=LINE('',#8283,#1877);
#1262=LINE('',#8285,#1878);
#1263=LINE('',#8288,#1879);
#1264=LINE('',#8291,#1880);
#1265=LINE('',#8295,#1881);
#1266=LINE('',#8296,#1882);
#1267=LINE('',#8298,#1883);
#1268=LINE('',#8302,#1884);
#1269=LINE('',#8303,#1885);
#1270=LINE('',#8305,#1886);
#1271=LINE('',#8308,#1887);
#1272=LINE('',#8311,#1888);
#1273=LINE('',#8315,#1889);
#1274=LINE('',#8316,#1890);
#1275=LINE('',#8318,#1891);
#1276=LINE('',#8322,#1892);
#1277=LINE('',#8323,#1893);
#1278=LINE('',#8325,#1894);
#1279=LINE('',#8328,#1895);
#1280=LINE('',#8331,#1896);
#1281=LINE('',#8336,#1897);
#1282=LINE('',#8338,#1898);
#1283=LINE('',#8340,#1899);
#1284=LINE('',#8341,#1900);
#1285=LINE('',#8344,#1901);
#1286=LINE('',#8346,#1902);
#1287=LINE('',#8348,#1903);
#1288=LINE('',#8350,#1904);
#1289=LINE('',#8351,#1905);
#1290=LINE('',#8356,#1906);
#1291=LINE('',#8357,#1907);
#1292=LINE('',#8360,#1908);
#1293=LINE('',#8362,#1909);
#1294=LINE('',#8363,#1910);
#1295=LINE('',#8366,#1911);
#1296=LINE('',#8367,#1912);
#1297=LINE('',#8368,#1913);
#1298=LINE('',#8372,#1914);
#1299=LINE('',#8377,#1915);
#1300=LINE('',#8379,#1916);
#1301=LINE('',#8381,#1917);
#1302=LINE('',#8382,#1918);
#1303=LINE('',#8385,#1919);
#1304=LINE('',#8387,#1920);
#1305=LINE('',#8389,#1921);
#1306=LINE('',#8390,#1922);
#1307=LINE('',#8393,#1923);
#1308=LINE('',#8398,#1924);
#1309=LINE('',#8402,#1925);
#1310=LINE('',#8404,#1926);
#1311=LINE('',#8406,#1927);
#1312=LINE('',#8407,#1928);
#1313=LINE('',#8410,#1929);
#1314=LINE('',#8412,#1930);
#1315=LINE('',#8413,#1931);
#1316=LINE('',#8414,#1932);
#1317=LINE('',#8418,#1933);
#1318=LINE('',#8421,#1934);
#1319=LINE('',#8423,#1935);
#1320=LINE('',#8424,#1936);
#1321=LINE('',#8426,#1937);
#1322=LINE('',#8427,#1938);
#1323=LINE('',#8435,#1939);
#1324=LINE('',#8438,#1940);
#1325=LINE('',#8443,#1941);
#1326=LINE('',#8445,#1942);
#1327=LINE('',#8447,#1943);
#1328=LINE('',#8448,#1944);
#1329=LINE('',#8451,#1945);
#1330=LINE('',#8453,#1946);
#1331=LINE('',#8455,#1947);
#1332=LINE('',#8457,#1948);
#1333=LINE('',#8458,#1949);
#1334=LINE('',#8463,#1950);
#1335=LINE('',#8464,#1951);
#1336=LINE('',#8467,#1952);
#1337=LINE('',#8469,#1953);
#1338=LINE('',#8470,#1954);
#1339=LINE('',#8472,#1955);
#1340=LINE('',#8474,#1956);
#1341=LINE('',#8475,#1957);
#1342=LINE('',#8479,#1958);
#1343=LINE('',#8483,#1959);
#1344=LINE('',#8485,#1960);
#1345=LINE('',#8487,#1961);
#1346=LINE('',#8488,#1962);
#1347=LINE('',#8491,#1963);
#1348=LINE('',#8493,#1964);
#1349=LINE('',#8495,#1965);
#1350=LINE('',#8497,#1966);
#1351=LINE('',#8498,#1967);
#1352=LINE('',#8503,#1968);
#1353=LINE('',#8504,#1969);
#1354=LINE('',#8507,#1970);
#1355=LINE('',#8509,#1971);
#1356=LINE('',#8510,#1972);
#1357=LINE('',#8512,#1973);
#1358=LINE('',#8514,#1974);
#1359=LINE('',#8515,#1975);
#1360=LINE('',#8519,#1976);
#1361=LINE('',#8524,#1977);
#1362=LINE('',#8529,#1978);
#1363=LINE('',#8534,#1979);
#1364=LINE('',#8542,#1980);
#1365=LINE('',#8547,#1981);
#1366=LINE('',#8555,#1982);
#1367=LINE('',#8559,#1983);
#1368=LINE('',#8562,#1984);
#1369=LINE('',#8567,#1985);
#1370=LINE('',#8571,#1986);
#1371=LINE('',#8575,#1987);
#1372=LINE('',#8577,#1988);
#1373=LINE('',#8578,#1989);
#1374=LINE('',#8581,#1990);
#1375=LINE('',#8586,#1991);
#1376=LINE('',#8588,#1992);
#1377=LINE('',#8589,#1993);
#1378=LINE('',#8591,#1994);
#1379=LINE('',#8596,#1995);
#1380=LINE('',#8599,#1996);
#1381=LINE('',#8600,#1997);
#1382=LINE('',#8603,#1998);
#1383=LINE('',#8605,#1999);
#1384=LINE('',#8606,#2000);
#1385=LINE('',#8609,#2001);
#1386=LINE('',#8611,#2002);
#1387=LINE('',#8615,#2003);
#1388=LINE('',#8617,#2004);
#1389=LINE('',#8621,#2005);
#1390=LINE('',#8624,#2006);
#1391=LINE('',#8627,#2007);
#1392=LINE('',#8629,#2008);
#1393=LINE('',#8633,#2009);
#1394=LINE('',#8635,#2010);
#1395=LINE('',#8639,#2011);
#1396=LINE('',#8643,#2012);
#1397=LINE('',#8644,#2013);
#1398=LINE('',#8647,#2014);
#1399=LINE('',#8663,#2015);
#1400=LINE('',#8664,#2016);
#1401=LINE('',#8666,#2017);
#1402=LINE('',#8667,#2018);
#1403=LINE('',#8670,#2019);
#1404=LINE('',#8671,#2020);
#1405=LINE('',#8675,#2021);
#1406=LINE('',#8677,#2022);
#1407=LINE('',#8680,#2023);
#1408=LINE('',#8683,#2024);
#1409=LINE('',#8687,#2025);
#1410=LINE('',#8689,#2026);
#1411=LINE('',#8693,#2027);
#1412=LINE('',#8695,#2028);
#1413=LINE('',#8699,#2029);
#1414=LINE('',#8702,#2030);
#1415=LINE('',#8705,#2031);
#1416=LINE('',#8707,#2032);
#1417=LINE('',#8711,#2033);
#1418=LINE('',#8713,#2034);
#1419=LINE('',#8719,#2035);
#1420=LINE('',#8721,#2036);
#1421=LINE('',#8723,#2037);
#1422=LINE('',#8724,#2038);
#1423=LINE('',#8728,#2039);
#1424=LINE('',#8732,#2040);
#1425=LINE('',#8733,#2041);
#1426=LINE('',#8736,#2042);
#1427=LINE('',#8738,#2043);
#1428=LINE('',#8739,#2044);
#1429=LINE('',#8742,#2045);
#1430=LINE('',#8743,#2046);
#1431=LINE('',#8747,#2047);
#1432=LINE('',#8749,#2048);
#1433=LINE('',#8751,#2049);
#1434=LINE('',#8752,#2050);
#1435=LINE('',#8755,#2051);
#1436=LINE('',#8757,#2052);
#1437=LINE('',#8758,#2053);
#1438=LINE('',#8761,#2054);
#1439=LINE('',#8763,#2055);
#1440=LINE('',#8764,#2056);
#1441=LINE('',#8767,#2057);
#1442=LINE('',#8770,#2058);
#1443=LINE('',#8773,#2059);
#1444=LINE('',#8776,#2060);
#1445=LINE('',#8779,#2061);
#1446=LINE('',#8782,#2062);
#1447=LINE('',#8785,#2063);
#1448=LINE('',#8786,#2064);
#1449=LINE('',#8789,#2065);
#1450=LINE('',#8790,#2066);
#1451=LINE('',#8794,#2067);
#1452=LINE('',#8796,#2068);
#1453=LINE('',#8798,#2069);
#1454=LINE('',#8799,#2070);
#1455=LINE('',#8803,#2071);
#1456=LINE('',#8807,#2072);
#1457=LINE('',#8808,#2073);
#1458=LINE('',#8811,#2074);
#1459=LINE('',#8813,#2075);
#1460=LINE('',#8814,#2076);
#1461=LINE('',#8817,#2077);
#1462=LINE('',#8818,#2078);
#1463=LINE('',#8822,#2079);
#1464=LINE('',#8824,#2080);
#1465=LINE('',#8826,#2081);
#1466=LINE('',#8827,#2082);
#1467=LINE('',#8831,#2083);
#1468=LINE('',#8833,#2084);
#1469=LINE('',#8835,#2085);
#1470=LINE('',#8836,#2086);
#1471=LINE('',#8840,#2087);
#1472=LINE('',#8842,#2088);
#1473=LINE('',#8844,#2089);
#1474=LINE('',#8845,#2090);
#1475=LINE('',#8849,#2091);
#1476=LINE('',#8853,#2092);
#1477=LINE('',#8854,#2093);
#1478=LINE('',#8858,#2094);
#1479=LINE('',#8862,#2095);
#1480=LINE('',#8863,#2096);
#1481=LINE('',#8866,#2097);
#1482=LINE('',#8868,#2098);
#1483=LINE('',#8869,#2099);
#1484=LINE('',#8872,#2100);
#1485=LINE('',#8876,#2101);
#1486=LINE('',#8877,#2102);
#1487=LINE('',#8882,#2103);
#1488=LINE('',#8883,#2104);
#1489=LINE('',#8884,#2105);
#1490=LINE('',#8888,#2106);
#1491=LINE('',#8889,#2107);
#1492=LINE('',#8890,#2108);
#1493=LINE('',#8893,#2109);
#1494=LINE('',#8896,#2110);
#1495=LINE('',#8899,#2111);
#1496=LINE('',#8902,#2112);
#1497=LINE('',#8905,#2113);
#1498=LINE('',#8907,#2114);
#1499=LINE('',#8908,#2115);
#1500=LINE('',#8911,#2116);
#1501=LINE('',#8915,#2117);
#1502=LINE('',#8916,#2118);
#1503=LINE('',#8918,#2119);
#1504=LINE('',#8919,#2120);
#1505=LINE('',#8922,#2121);
#1506=LINE('',#8923,#2122);
#1507=LINE('',#8924,#2123);
#1508=LINE('',#8927,#2124);
#1509=LINE('',#8930,#2125);
#1510=LINE('',#8932,#2126);
#1511=LINE('',#8935,#2127);
#1512=LINE('',#8937,#2128);
#1513=LINE('',#8938,#2129);
#1514=LINE('',#8941,#2130);
#1515=LINE('',#8942,#2131);
#1516=LINE('',#8943,#2132);
#1517=LINE('',#8946,#2133);
#1518=LINE('',#8949,#2134);
#1519=LINE('',#8951,#2135);
#1520=LINE('',#8954,#2136);
#1521=LINE('',#8958,#2137);
#1522=LINE('',#8959,#2138);
#1523=LINE('',#8960,#2139);
#1524=LINE('',#8964,#2140);
#1525=LINE('',#8965,#2141);
#1526=LINE('',#8966,#2142);
#1527=LINE('',#8969,#2143);
#1528=LINE('',#8972,#2144);
#1529=LINE('',#8975,#2145);
#1530=LINE('',#8978,#2146);
#1531=LINE('',#8980,#2147);
#1532=LINE('',#8981,#2148);
#1533=LINE('',#8983,#2149);
#1534=LINE('',#8985,#2150);
#1535=LINE('',#8988,#2151);
#1536=LINE('',#8989,#2152);
#1537=LINE('',#8990,#2153);
#1538=LINE('',#8992,#2154);
#1539=LINE('',#8993,#2155);
#1540=LINE('',#8996,#2156);
#1541=LINE('',#8999,#2157);
#1542=LINE('',#9001,#2158);
#1543=LINE('',#9004,#2159);
#1544=LINE('',#9005,#2160);
#1545=LINE('',#9008,#2161);
#1546=LINE('',#9009,#2162);
#1547=LINE('',#9012,#2163);
#1548=LINE('',#9016,#2164);
#1549=LINE('',#9017,#2165);
#1550=LINE('',#9019,#2166);
#1551=LINE('',#9022,#2167);
#1552=LINE('',#9025,#2168);
#1553=LINE('',#9029,#2169);
#1554=LINE('',#9030,#2170);
#1555=LINE('',#9035,#2171);
#1556=LINE('',#9039,#2172);
#1557=LINE('',#9040,#2173);
#1558=LINE('',#9044,#2174);
#1559=LINE('',#9045,#2175);
#1560=LINE('',#9047,#2176);
#1561=LINE('',#9052,#2177);
#1562=LINE('',#9053,#2178);
#1563=LINE('',#9055,#2179);
#1564=LINE('',#9060,#2180);
#1565=LINE('',#9062,#2181);
#1566=LINE('',#9066,#2182);
#1567=LINE('',#9069,#2183);
#1568=LINE('',#9073,#2184);
#1569=LINE('',#9077,#2185);
#1570=LINE('',#9078,#2186);
#1571=LINE('',#9084,#2187);
#1572=LINE('',#9086,#2188);
#1573=LINE('',#9090,#2189);
#1574=LINE('',#9092,#2190);
#1575=LINE('',#9094,#2191);
#1576=LINE('',#9099,#2192);
#1577=LINE('',#9101,#2193);
#1578=LINE('',#9104,#2194);
#1579=LINE('',#9107,#2195);
#1580=LINE('',#9111,#2196);
#1581=VECTOR('',#6008,10.);
#1582=VECTOR('',#6009,10.);
#1583=VECTOR('',#6010,10.);
#1584=VECTOR('',#6011,10.);
#1585=VECTOR('',#6014,10.);
#1586=VECTOR('',#6015,10.);
#1587=VECTOR('',#6016,10.);
#1588=VECTOR('',#6017,10.);
#1589=VECTOR('',#6018,10.);
#1590=VECTOR('',#6019,10.);
#1591=VECTOR('',#6020,10.);
#1592=VECTOR('',#6021,10.);
#1593=VECTOR('',#6022,10.);
#1594=VECTOR('',#6023,10.);
#1595=VECTOR('',#6024,10.);
#1596=VECTOR('',#6027,10.);
#1597=VECTOR('',#6028,10.);
#1598=VECTOR('',#6029,10.);
#1599=VECTOR('',#6030,10.);
#1600=VECTOR('',#6033,10.);
#1601=VECTOR('',#6034,10.);
#1602=VECTOR('',#6035,10.);
#1603=VECTOR('',#6036,10.);
#1604=VECTOR('',#6037,10.);
#1605=VECTOR('',#6038,10.);
#1606=VECTOR('',#6039,10.);
#1607=VECTOR('',#6040,10.);
#1608=VECTOR('',#6041,10.);
#1609=VECTOR('',#6042,10.);
#1610=VECTOR('',#6043,10.);
#1611=VECTOR('',#6046,10.);
#1612=VECTOR('',#6047,10.);
#1613=VECTOR('',#6048,10.);
#1614=VECTOR('',#6049,10.);
#1615=VECTOR('',#6052,10.);
#1616=VECTOR('',#6053,10.);
#1617=VECTOR('',#6054,10.);
#1618=VECTOR('',#6055,10.);
#1619=VECTOR('',#6056,10.);
#1620=VECTOR('',#6057,10.);
#1621=VECTOR('',#6058,10.);
#1622=VECTOR('',#6059,10.);
#1623=VECTOR('',#6060,10.);
#1624=VECTOR('',#6061,10.);
#1625=VECTOR('',#6062,10.);
#1626=VECTOR('',#6065,10.);
#1627=VECTOR('',#6066,10.);
#1628=VECTOR('',#6067,10.);
#1629=VECTOR('',#6068,10.);
#1630=VECTOR('',#6071,10.);
#1631=VECTOR('',#6072,10.);
#1632=VECTOR('',#6073,10.);
#1633=VECTOR('',#6074,10.);
#1634=VECTOR('',#6075,10.);
#1635=VECTOR('',#6076,10.);
#1636=VECTOR('',#6077,10.);
#1637=VECTOR('',#6078,10.);
#1638=VECTOR('',#6079,10.);
#1639=VECTOR('',#6080,10.);
#1640=VECTOR('',#6081,10.);
#1641=VECTOR('',#6084,10.);
#1642=VECTOR('',#6085,10.);
#1643=VECTOR('',#6086,10.);
#1644=VECTOR('',#6087,10.);
#1645=VECTOR('',#6090,10.);
#1646=VECTOR('',#6091,10.);
#1647=VECTOR('',#6092,10.);
#1648=VECTOR('',#6093,10.);
#1649=VECTOR('',#6094,10.);
#1650=VECTOR('',#6095,10.);
#1651=VECTOR('',#6096,10.);
#1652=VECTOR('',#6097,10.);
#1653=VECTOR('',#6098,10.);
#1654=VECTOR('',#6099,10.);
#1655=VECTOR('',#6100,10.);
#1656=VECTOR('',#6103,10.);
#1657=VECTOR('',#6104,10.);
#1658=VECTOR('',#6105,10.);
#1659=VECTOR('',#6106,10.);
#1660=VECTOR('',#6109,10.);
#1661=VECTOR('',#6110,10.);
#1662=VECTOR('',#6111,10.);
#1663=VECTOR('',#6112,10.);
#1664=VECTOR('',#6113,10.);
#1665=VECTOR('',#6114,10.);
#1666=VECTOR('',#6115,10.);
#1667=VECTOR('',#6116,10.);
#1668=VECTOR('',#6117,10.);
#1669=VECTOR('',#6118,10.);
#1670=VECTOR('',#6119,10.);
#1671=VECTOR('',#6122,10.);
#1672=VECTOR('',#6123,10.);
#1673=VECTOR('',#6124,10.);
#1674=VECTOR('',#6125,10.);
#1675=VECTOR('',#6128,10.);
#1676=VECTOR('',#6129,10.);
#1677=VECTOR('',#6130,10.);
#1678=VECTOR('',#6131,10.);
#1679=VECTOR('',#6132,10.);
#1680=VECTOR('',#6133,10.);
#1681=VECTOR('',#6134,10.);
#1682=VECTOR('',#6135,10.);
#1683=VECTOR('',#6136,10.);
#1684=VECTOR('',#6137,10.);
#1685=VECTOR('',#6138,10.);
#1686=VECTOR('',#6141,10.);
#1687=VECTOR('',#6142,10.);
#1688=VECTOR('',#6143,10.);
#1689=VECTOR('',#6144,10.);
#1690=VECTOR('',#6147,10.);
#1691=VECTOR('',#6148,10.);
#1692=VECTOR('',#6149,10.);
#1693=VECTOR('',#6150,10.);
#1694=VECTOR('',#6151,10.);
#1695=VECTOR('',#6152,10.);
#1696=VECTOR('',#6153,10.);
#1697=VECTOR('',#6154,10.);
#1698=VECTOR('',#6155,10.);
#1699=VECTOR('',#6156,10.);
#1700=VECTOR('',#6157,10.);
#1701=VECTOR('',#6162,10.);
#1702=VECTOR('',#6163,10.);
#1703=VECTOR('',#6168,10.);
#1704=VECTOR('',#6169,10.);
#1705=VECTOR('',#6174,10.);
#1706=VECTOR('',#6175,10.);
#1707=VECTOR('',#6180,10.);
#1708=VECTOR('',#6185,10.);
#1709=VECTOR('',#6188,10.);
#1710=VECTOR('',#6193,10.);
#1711=VECTOR('',#6198,10.);
#1712=VECTOR('',#6199,10.);
#1713=VECTOR('',#6202,10.);
#1714=VECTOR('',#6203,10.);
#1715=VECTOR('',#6206,10.);
#1716=VECTOR('',#6207,10.);
#1717=VECTOR('',#6212,10.);
#1718=VECTOR('',#6213,10.);
#1719=VECTOR('',#6218,10.);
#1720=VECTOR('',#6219,10.);
#1721=VECTOR('',#6224,10.);
#1722=VECTOR('',#6225,10.);
#1723=VECTOR('',#6230,10.);
#1724=VECTOR('',#6235,10.);
#1725=VECTOR('',#6238,10.);
#1726=VECTOR('',#6243,10.);
#1727=VECTOR('',#6248,10.);
#1728=VECTOR('',#6249,10.);
#1729=VECTOR('',#6252,10.);
#1730=VECTOR('',#6253,10.);
#1731=VECTOR('',#6256,10.);
#1732=VECTOR('',#6257,10.);
#1733=VECTOR('',#6262,10.);
#1734=VECTOR('',#6263,10.);
#1735=VECTOR('',#6268,10.);
#1736=VECTOR('',#6269,10.);
#1737=VECTOR('',#6274,10.);
#1738=VECTOR('',#6275,10.);
#1739=VECTOR('',#6280,10.);
#1740=VECTOR('',#6285,10.);
#1741=VECTOR('',#6288,10.);
#1742=VECTOR('',#6293,10.);
#1743=VECTOR('',#6298,10.);
#1744=VECTOR('',#6299,10.);
#1745=VECTOR('',#6302,10.);
#1746=VECTOR('',#6303,10.);
#1747=VECTOR('',#6306,10.);
#1748=VECTOR('',#6307,10.);
#1749=VECTOR('',#6312,10.);
#1750=VECTOR('',#6313,10.);
#1751=VECTOR('',#6318,10.);
#1752=VECTOR('',#6319,10.);
#1753=VECTOR('',#6324,10.);
#1754=VECTOR('',#6325,10.);
#1755=VECTOR('',#6330,10.);
#1756=VECTOR('',#6335,10.);
#1757=VECTOR('',#6338,10.);
#1758=VECTOR('',#6343,10.);
#1759=VECTOR('',#6348,10.);
#1760=VECTOR('',#6349,10.);
#1761=VECTOR('',#6352,10.);
#1762=VECTOR('',#6353,10.);
#1763=VECTOR('',#6356,10.);
#1764=VECTOR('',#6357,10.);
#1765=VECTOR('',#6360,10.);
#1766=VECTOR('',#6361,10.);
#1767=VECTOR('',#6364,10.);
#1768=VECTOR('',#6365,10.);
#1769=VECTOR('',#6368,10.);
#1770=VECTOR('',#6369,10.);
#1771=VECTOR('',#6372,10.);
#1772=VECTOR('',#6375,10.);
#1773=VECTOR('',#6376,10.);
#1774=VECTOR('',#6379,10.);
#1775=VECTOR('',#6380,10.);
#1776=VECTOR('',#6383,10.);
#1777=VECTOR('',#6384,10.);
#1778=VECTOR('',#6387,10.);
#1779=VECTOR('',#6388,10.);
#1780=VECTOR('',#6391,10.);
#1781=VECTOR('',#6392,10.);
#1782=VECTOR('',#6395,10.);
#1783=VECTOR('',#6398,10.);
#1784=VECTOR('',#6399,10.);
#1785=VECTOR('',#6402,10.);
#1786=VECTOR('',#6403,10.);
#1787=VECTOR('',#6406,10.);
#1788=VECTOR('',#6409,10.);
#1789=VECTOR('',#6412,10.);
#1790=VECTOR('',#6415,10.);
#1791=VECTOR('',#6418,10.);
#1792=VECTOR('',#6421,10.);
#1793=VECTOR('',#6422,10.);
#1794=VECTOR('',#6425,10.);
#1795=VECTOR('',#6428,10.);
#1796=VECTOR('',#6431,10.);
#1797=VECTOR('',#6436,10.);
#1798=VECTOR('',#6437,10.);
#1799=VECTOR('',#6438,10.);
#1800=VECTOR('',#6439,10.);
#1801=VECTOR('',#6444,10.);
#1802=VECTOR('',#6449,10.);
#1803=VECTOR('',#6450,10.);
#1804=VECTOR('',#6451,10.);
#1805=VECTOR('',#6454,10.);
#1806=VECTOR('',#6455,10.);
#1807=VECTOR('',#6456,10.);
#1808=VECTOR('',#6461,10.);
#1809=VECTOR('',#6466,10.);
#1810=VECTOR('',#6467,10.);
#1811=VECTOR('',#6470,10.);
#1812=VECTOR('',#6473,10.);
#1813=VECTOR('',#6476,10.);
#1814=VECTOR('',#6477,10.);
#1815=VECTOR('',#6480,10.);
#1816=VECTOR('',#6481,10.);
#1817=VECTOR('',#6486,10.);
#1818=VECTOR('',#6487,10.);
#1819=VECTOR('',#6488,10.);
#1820=VECTOR('',#6489,10.);
#1821=VECTOR('',#6494,10.);
#1822=VECTOR('',#6499,10.);
#1823=VECTOR('',#6500,10.);
#1824=VECTOR('',#6501,10.);
#1825=VECTOR('',#6504,10.);
#1826=VECTOR('',#6505,10.);
#1827=VECTOR('',#6506,10.);
#1828=VECTOR('',#6511,10.);
#1829=VECTOR('',#6516,10.);
#1830=VECTOR('',#6517,10.);
#1831=VECTOR('',#6520,10.);
#1832=VECTOR('',#6523,10.);
#1833=VECTOR('',#6526,10.);
#1834=VECTOR('',#6527,10.);
#1835=VECTOR('',#6530,10.);
#1836=VECTOR('',#6531,10.);
#1837=VECTOR('',#6536,10.);
#1838=VECTOR('',#6539,10.);
#1839=VECTOR('',#6540,10.);
#1840=VECTOR('',#6543,10.);
#1841=VECTOR('',#6546,10.);
#1842=VECTOR('',#6547,10.);
#1843=VECTOR('',#6548,10.);
#1844=VECTOR('',#6551,10.);
#1845=VECTOR('',#6552,10.);
#1846=VECTOR('',#6555,10.);
#1847=VECTOR('',#6560,10.);
#1848=VECTOR('',#6563,10.);
#1849=VECTOR('',#6568,10.);
#1850=VECTOR('',#6569,6.40000000000001);
#1851=VECTOR('',#6574,10.);
#1852=VECTOR('',#6577,10.);
#1853=VECTOR('',#6578,10.);
#1854=VECTOR('',#6581,10.);
#1855=VECTOR('',#6584,10.);
#1856=VECTOR('',#6585,10.);
#1857=VECTOR('',#6586,10.);
#1858=VECTOR('',#6589,10.);
#1859=VECTOR('',#6590,10.);
#1860=VECTOR('',#6593,10.);
#1861=VECTOR('',#6598,10.);
#1862=VECTOR('',#6601,10.);
#1863=VECTOR('',#6606,10.);
#1864=VECTOR('',#6607,6.4);
#1865=VECTOR('',#6616,10.);
#1866=VECTOR('',#6617,10.);
#1867=VECTOR('',#6620,10.);
#1868=VECTOR('',#6625,10.);
#1869=VECTOR('',#6626,10.);
#1870=VECTOR('',#6629,10.);
#1871=VECTOR('',#6634,10.);
#1872=VECTOR('',#6639,10.);
#1873=VECTOR('',#6644,10.);
#1874=VECTOR('',#6645,10.);
#1875=VECTOR('',#6648,10.);
#1876=VECTOR('',#6653,10.);
#1877=VECTOR('',#6654,10.);
#1878=VECTOR('',#6657,10.);
#1879=VECTOR('',#6662,10.);
#1880=VECTOR('',#6667,10.);
#1881=VECTOR('',#6672,10.);
#1882=VECTOR('',#6673,10.);
#1883=VECTOR('',#6676,10.);
#1884=VECTOR('',#6681,10.);
#1885=VECTOR('',#6682,10.);
#1886=VECTOR('',#6685,10.);
#1887=VECTOR('',#6690,10.);
#1888=VECTOR('',#6695,10.);
#1889=VECTOR('',#6700,10.);
#1890=VECTOR('',#6701,10.);
#1891=VECTOR('',#6704,10.);
#1892=VECTOR('',#6709,10.);
#1893=VECTOR('',#6710,10.);
#1894=VECTOR('',#6713,10.);
#1895=VECTOR('',#6718,10.);
#1896=VECTOR('',#6723,10.);
#1897=VECTOR('',#6728,9.99999999999999);
#1898=VECTOR('',#6729,10.);
#1899=VECTOR('',#6730,10.);
#1900=VECTOR('',#6731,10.);
#1901=VECTOR('',#6734,10.);
#1902=VECTOR('',#6735,10.);
#1903=VECTOR('',#6736,10.);
#1904=VECTOR('',#6737,10.);
#1905=VECTOR('',#6738,10.);
#1906=VECTOR('',#6743,10.);
#1907=VECTOR('',#6744,10.);
#1908=VECTOR('',#6747,10.);
#1909=VECTOR('',#6748,10.);
#1910=VECTOR('',#6749,10.);
#1911=VECTOR('',#6752,10.);
#1912=VECTOR('',#6753,10.);
#1913=VECTOR('',#6754,10.);
#1914=VECTOR('',#6759,10.);
#1915=VECTOR('',#6764,10.);
#1916=VECTOR('',#6765,10.);
#1917=VECTOR('',#6766,10.);
#1918=VECTOR('',#6767,10.);
#1919=VECTOR('',#6768,10.);
#1920=VECTOR('',#6769,10.);
#1921=VECTOR('',#6770,10.);
#1922=VECTOR('',#6771,10.);
#1923=VECTOR('',#6774,2.75);
#1924=VECTOR('',#6781,2.75);
#1925=VECTOR('',#6784,10.);
#1926=VECTOR('',#6785,10.);
#1927=VECTOR('',#6786,10.);
#1928=VECTOR('',#6787,10.);
#1929=VECTOR('',#6790,10.);
#1930=VECTOR('',#6791,10.);
#1931=VECTOR('',#6792,10.);
#1932=VECTOR('',#6793,10.);
#1933=VECTOR('',#6798,10.);
#1934=VECTOR('',#6801,10.);
#1935=VECTOR('',#6802,10.);
#1936=VECTOR('',#6803,10.);
#1937=VECTOR('',#6806,10.);
#1938=VECTOR('',#6807,10.);
#1939=VECTOR('',#6818,2.75);
#1940=VECTOR('',#6821,2.75);
#1941=VECTOR('',#6826,10.);
#1942=VECTOR('',#6827,10.);
#1943=VECTOR('',#6828,10.);
#1944=VECTOR('',#6829,10.);
#1945=VECTOR('',#6832,10.);
#1946=VECTOR('',#6833,10.);
#1947=VECTOR('',#6834,10.);
#1948=VECTOR('',#6835,10.);
#1949=VECTOR('',#6836,10.);
#1950=VECTOR('',#6841,10.);
#1951=VECTOR('',#6842,10.);
#1952=VECTOR('',#6845,10.);
#1953=VECTOR('',#6846,10.);
#1954=VECTOR('',#6847,10.);
#1955=VECTOR('',#6850,10.);
#1956=VECTOR('',#6851,10.);
#1957=VECTOR('',#6852,10.);
#1958=VECTOR('',#6857,10.);
#1959=VECTOR('',#6860,9.99999999999999);
#1960=VECTOR('',#6861,10.);
#1961=VECTOR('',#6862,9.99999999999999);
#1962=VECTOR('',#6863,10.);
#1963=VECTOR('',#6866,10.);
#1964=VECTOR('',#6867,10.);
#1965=VECTOR('',#6868,10.);
#1966=VECTOR('',#6869,10.);
#1967=VECTOR('',#6870,10.);
#1968=VECTOR('',#6875,10.);
#1969=VECTOR('',#6876,10.);
#1970=VECTOR('',#6879,10.);
#1971=VECTOR('',#6880,10.);
#1972=VECTOR('',#6881,10.);
#1973=VECTOR('',#6884,10.);
#1974=VECTOR('',#6885,10.);
#1975=VECTOR('',#6886,10.);
#1976=VECTOR('',#6891,10.);
#1977=VECTOR('',#6898,2.75);
#1978=VECTOR('',#6905,2.75);
#1979=VECTOR('',#6910,4.4);
#1980=VECTOR('',#6921,4.5);
#1981=VECTOR('',#6926,4.4);
#1982=VECTOR('',#6937,4.5);
#1983=VECTOR('',#6940,10.);
#1984=VECTOR('',#6943,10.);
#1985=VECTOR('',#6948,10.);
#1986=VECTOR('',#6951,10.);
#1987=VECTOR('',#6956,10.);
#1988=VECTOR('',#6957,10.);
#1989=VECTOR('',#6958,10.);
#1990=VECTOR('',#6961,10.);
#1991=VECTOR('',#6968,10.);
#1992=VECTOR('',#6969,10.);
#1993=VECTOR('',#6970,10.);
#1994=VECTOR('',#6973,10.);
#1995=VECTOR('',#6978,10.);
#1996=VECTOR('',#6983,10.);
#1997=VECTOR('',#6984,10.);
#1998=VECTOR('',#6987,10.);
#1999=VECTOR('',#6988,10.);
#2000=VECTOR('',#6989,10.);
#2001=VECTOR('',#6990,10.);
#2002=VECTOR('',#6991,10.);
#2003=VECTOR('',#6994,10.);
#2004=VECTOR('',#6995,10.);
#2005=VECTOR('',#6998,10.);
#2006=VECTOR('',#7001,10.);
#2007=VECTOR('',#7002,10.);
#2008=VECTOR('',#7003,10.);
#2009=VECTOR('',#7006,10.);
#2010=VECTOR('',#7007,10.);
#2011=VECTOR('',#7012,10.);
#2012=VECTOR('',#7017,10.);
#2013=VECTOR('',#7018,10.);
#2014=VECTOR('',#7021,10.);
#2015=VECTOR('',#7040,10.);
#2016=VECTOR('',#7041,10.);
#2017=VECTOR('',#7044,10.);
#2018=VECTOR('',#7045,10.);
#2019=VECTOR('',#7048,10.);
#2020=VECTOR('',#7049,10.);
#2021=VECTOR('',#7056,10.);
#2022=VECTOR('',#7059,10.);
#2023=VECTOR('',#7064,10.);
#2024=VECTOR('',#7069,10.);
#2025=VECTOR('',#7072,10.);
#2026=VECTOR('',#7073,10.);
#2027=VECTOR('',#7076,10.);
#2028=VECTOR('',#7077,10.);
#2029=VECTOR('',#7080,10.);
#2030=VECTOR('',#7083,10.);
#2031=VECTOR('',#7084,10.);
#2032=VECTOR('',#7085,10.);
#2033=VECTOR('',#7088,10.);
#2034=VECTOR('',#7089,10.);
#2035=VECTOR('',#7096,10.);
#2036=VECTOR('',#7097,10.);
#2037=VECTOR('',#7098,10.);
#2038=VECTOR('',#7099,10.);
#2039=VECTOR('',#7102,10.);
#2040=VECTOR('',#7109,9.99999999999999);
#2041=VECTOR('',#7110,10.);
#2042=VECTOR('',#7113,10.);
#2043=VECTOR('',#7114,10.);
#2044=VECTOR('',#7115,10.);
#2045=VECTOR('',#7118,10.);
#2046=VECTOR('',#7119,10.);
#2047=VECTOR('',#7122,10.);
#2048=VECTOR('',#7123,10.);
#2049=VECTOR('',#7124,10.);
#2050=VECTOR('',#7125,10.);
#2051=VECTOR('',#7128,10.);
#2052=VECTOR('',#7129,10.);
#2053=VECTOR('',#7130,10.);
#2054=VECTOR('',#7133,10.);
#2055=VECTOR('',#7134,10.);
#2056=VECTOR('',#7135,10.);
#2057=VECTOR('',#7138,10.);
#2058=VECTOR('',#7143,10.);
#2059=VECTOR('',#7146,10.);
#2060=VECTOR('',#7151,10.);
#2061=VECTOR('',#7154,10.);
#2062=VECTOR('',#7157,10.);
#2063=VECTOR('',#7160,10.);
#2064=VECTOR('',#7161,10.);
#2065=VECTOR('',#7164,10.);
#2066=VECTOR('',#7165,10.);
#2067=VECTOR('',#7168,10.);
#2068=VECTOR('',#7169,10.);
#2069=VECTOR('',#7170,10.);
#2070=VECTOR('',#7171,10.);
#2071=VECTOR('',#7174,10.);
#2072=VECTOR('',#7181,10.);
#2073=VECTOR('',#7182,10.);
#2074=VECTOR('',#7185,10.);
#2075=VECTOR('',#7186,10.);
#2076=VECTOR('',#7187,10.);
#2077=VECTOR('',#7190,10.);
#2078=VECTOR('',#7191,10.);
#2079=VECTOR('',#7194,10.);
#2080=VECTOR('',#7195,10.);
#2081=VECTOR('',#7196,10.);
#2082=VECTOR('',#7197,10.);
#2083=VECTOR('',#7200,10.);
#2084=VECTOR('',#7201,10.);
#2085=VECTOR('',#7202,10.);
#2086=VECTOR('',#7203,10.);
#2087=VECTOR('',#7206,10.);
#2088=VECTOR('',#7207,10.);
#2089=VECTOR('',#7208,10.);
#2090=VECTOR('',#7209,10.);
#2091=VECTOR('',#7212,10.);
#2092=VECTOR('',#7219,10.);
#2093=VECTOR('',#7220,10.);
#2094=VECTOR('',#7223,10.);
#2095=VECTOR('',#7230,10.);
#2096=VECTOR('',#7231,10.);
#2097=VECTOR('',#7234,10.);
#2098=VECTOR('',#7235,10.);
#2099=VECTOR('',#7236,10.);
#2100=VECTOR('',#7239,10.);
#2101=VECTOR('',#7244,10.);
#2102=VECTOR('',#7245,10.);
#2103=VECTOR('',#7250,10.);
#2104=VECTOR('',#7251,10.);
#2105=VECTOR('',#7252,10.);
#2106=VECTOR('',#7255,10.);
#2107=VECTOR('',#7256,10.);
#2108=VECTOR('',#7257,10.);
#2109=VECTOR('',#7260,10.);
#2110=VECTOR('',#7265,10.);
#2111=VECTOR('',#7268,10.);
#2112=VECTOR('',#7273,10.);
#2113=VECTOR('',#7276,10.);
#2114=VECTOR('',#7277,10.);
#2115=VECTOR('',#7278,10.);
#2116=VECTOR('',#7281,10.);
#2117=VECTOR('',#7286,10.);
#2118=VECTOR('',#7287,10.);
#2119=VECTOR('',#7290,10.);
#2120=VECTOR('',#7291,10.);
#2121=VECTOR('',#7294,10.);
#2122=VECTOR('',#7295,10.);
#2123=VECTOR('',#7296,10.);
#2124=VECTOR('',#7299,10.);
#2125=VECTOR('',#7304,10.);
#2126=VECTOR('',#7307,10.);
#2127=VECTOR('',#7312,10.);
#2128=VECTOR('',#7315,10.);
#2129=VECTOR('',#7316,10.);
#2130=VECTOR('',#7319,10.);
#2131=VECTOR('',#7320,10.);
#2132=VECTOR('',#7321,10.);
#2133=VECTOR('',#7324,10.);
#2134=VECTOR('',#7329,10.);
#2135=VECTOR('',#7332,10.);
#2136=VECTOR('',#7337,10.);
#2137=VECTOR('',#7340,10.);
#2138=VECTOR('',#7341,10.);
#2139=VECTOR('',#7342,10.);
#2140=VECTOR('',#7345,10.);
#2141=VECTOR('',#7346,10.);
#2142=VECTOR('',#7347,10.);
#2143=VECTOR('',#7350,9.99999999999999);
#2144=VECTOR('',#7355,10.);
#2145=VECTOR('',#7358,10.);
#2146=VECTOR('',#7363,10.);
#2147=VECTOR('',#7366,10.);
#2148=VECTOR('',#7367,10.);
#2149=VECTOR('',#7370,10.);
#2150=VECTOR('',#7373,10.);
#2151=VECTOR('',#7376,10.);
#2152=VECTOR('',#7377,10.);
#2153=VECTOR('',#7378,10.);
#2154=VECTOR('',#7381,10.);
#2155=VECTOR('',#7382,10.);
#2156=VECTOR('',#7385,10.);
#2157=VECTOR('',#7390,10.);
#2158=VECTOR('',#7393,10.);
#2159=VECTOR('',#7398,10.);
#2160=VECTOR('',#7399,10.);
#2161=VECTOR('',#7404,10.);
#2162=VECTOR('',#7405,9.99999999999999);
#2163=VECTOR('',#7408,10.);
#2164=VECTOR('',#7413,10.);
#2165=VECTOR('',#7414,10.);
#2166=VECTOR('',#7417,10.);
#2167=VECTOR('',#7422,10.);
#2168=VECTOR('',#7425,10.);
#2169=VECTOR('',#7430,10.);
#2170=VECTOR('',#7431,10.);
#2171=VECTOR('',#7438,10.);
#2172=VECTOR('',#7443,10.);
#2173=VECTOR('',#7444,10.);
#2174=VECTOR('',#7451,10.);
#2175=VECTOR('',#7452,10.);
#2176=VECTOR('',#7455,10.);
#2177=VECTOR('',#7464,10.);
#2178=VECTOR('',#7465,10.);
#2179=VECTOR('',#7468,10.);
#2180=VECTOR('',#7477,10.);
#2181=VECTOR('',#7480,10.);
#2182=VECTOR('',#7487,10.);
#2183=VECTOR('',#7492,10.);
#2184=VECTOR('',#7497,10.);
#2185=VECTOR('',#7502,10.);
#2186=VECTOR('',#7503,10.);
#2187=VECTOR('',#7512,4.07500000000001);
#2188=VECTOR('',#7515,2.65000000000001);
#2189=VECTOR('',#7520,4.07500000000001);
#2190=VECTOR('',#7523,2.65000000000001);
#2191=VECTOR('',#7526,2.8);
#2192=VECTOR('',#7533,2.8);
#2193=VECTOR('',#7536,2.75);
#2194=VECTOR('',#7541,2.8);
#2195=VECTOR('',#7544,2.75);
#2196=VECTOR('',#7551,2.8);
#2197=VERTEX_POINT('',#7558);
#2198=VERTEX_POINT('',#7559);
#2199=VERTEX_POINT('',#7561);
#2200=VERTEX_POINT('',#7563);
#2201=VERTEX_POINT('',#7567);
#2202=VERTEX_POINT('',#7569);
#2203=VERTEX_POINT('',#7571);
#2204=VERTEX_POINT('',#7573);
#2205=VERTEX_POINT('',#7575);
#2206=VERTEX_POINT('',#7577);
#2207=VERTEX_POINT('',#7579);
#2208=VERTEX_POINT('',#7581);
#2209=VERTEX_POINT('',#7583);
#2210=VERTEX_POINT('',#7585);
#2211=VERTEX_POINT('',#7589);
#2212=VERTEX_POINT('',#7590);
#2213=VERTEX_POINT('',#7592);
#2214=VERTEX_POINT('',#7594);
#2215=VERTEX_POINT('',#7598);
#2216=VERTEX_POINT('',#7600);
#2217=VERTEX_POINT('',#7602);
#2218=VERTEX_POINT('',#7604);
#2219=VERTEX_POINT('',#7606);
#2220=VERTEX_POINT('',#7608);
#2221=VERTEX_POINT('',#7610);
#2222=VERTEX_POINT('',#7612);
#2223=VERTEX_POINT('',#7614);
#2224=VERTEX_POINT('',#7616);
#2225=VERTEX_POINT('',#7620);
#2226=VERTEX_POINT('',#7621);
#2227=VERTEX_POINT('',#7623);
#2228=VERTEX_POINT('',#7625);
#2229=VERTEX_POINT('',#7629);
#2230=VERTEX_POINT('',#7631);
#2231=VERTEX_POINT('',#7633);
#2232=VERTEX_POINT('',#7635);
#2233=VERTEX_POINT('',#7637);
#2234=VERTEX_POINT('',#7639);
#2235=VERTEX_POINT('',#7641);
#2236=VERTEX_POINT('',#7643);
#2237=VERTEX_POINT('',#7645);
#2238=VERTEX_POINT('',#7647);
#2239=VERTEX_POINT('',#7651);
#2240=VERTEX_POINT('',#7652);
#2241=VERTEX_POINT('',#7654);
#2242=VERTEX_POINT('',#7656);
#2243=VERTEX_POINT('',#7660);
#2244=VERTEX_POINT('',#7662);
#2245=VERTEX_POINT('',#7664);
#2246=VERTEX_POINT('',#7666);
#2247=VERTEX_POINT('',#7668);
#2248=VERTEX_POINT('',#7670);
#2249=VERTEX_POINT('',#7672);
#2250=VERTEX_POINT('',#7674);
#2251=VERTEX_POINT('',#7676);
#2252=VERTEX_POINT('',#7678);
#2253=VERTEX_POINT('',#7682);
#2254=VERTEX_POINT('',#7683);
#2255=VERTEX_POINT('',#7685);
#2256=VERTEX_POINT('',#7687);
#2257=VERTEX_POINT('',#7691);
#2258=VERTEX_POINT('',#7693);
#2259=VERTEX_POINT('',#7695);
#2260=VERTEX_POINT('',#7697);
#2261=VERTEX_POINT('',#7699);
#2262=VERTEX_POINT('',#7701);
#2263=VERTEX_POINT('',#7703);
#2264=VERTEX_POINT('',#7705);
#2265=VERTEX_POINT('',#7707);
#2266=VERTEX_POINT('',#7709);
#2267=VERTEX_POINT('',#7713);
#2268=VERTEX_POINT('',#7714);
#2269=VERTEX_POINT('',#7716);
#2270=VERTEX_POINT('',#7718);
#2271=VERTEX_POINT('',#7722);
#2272=VERTEX_POINT('',#7724);
#2273=VERTEX_POINT('',#7726);
#2274=VERTEX_POINT('',#7728);
#2275=VERTEX_POINT('',#7730);
#2276=VERTEX_POINT('',#7732);
#2277=VERTEX_POINT('',#7734);
#2278=VERTEX_POINT('',#7736);
#2279=VERTEX_POINT('',#7738);
#2280=VERTEX_POINT('',#7740);
#2281=VERTEX_POINT('',#7744);
#2282=VERTEX_POINT('',#7745);
#2283=VERTEX_POINT('',#7747);
#2284=VERTEX_POINT('',#7749);
#2285=VERTEX_POINT('',#7753);
#2286=VERTEX_POINT('',#7755);
#2287=VERTEX_POINT('',#7757);
#2288=VERTEX_POINT('',#7759);
#2289=VERTEX_POINT('',#7761);
#2290=VERTEX_POINT('',#7763);
#2291=VERTEX_POINT('',#7765);
#2292=VERTEX_POINT('',#7767);
#2293=VERTEX_POINT('',#7769);
#2294=VERTEX_POINT('',#7771);
#2295=VERTEX_POINT('',#7775);
#2296=VERTEX_POINT('',#7776);
#2297=VERTEX_POINT('',#7778);
#2298=VERTEX_POINT('',#7780);
#2299=VERTEX_POINT('',#7784);
#2300=VERTEX_POINT('',#7786);
#2301=VERTEX_POINT('',#7788);
#2302=VERTEX_POINT('',#7790);
#2303=VERTEX_POINT('',#7792);
#2304=VERTEX_POINT('',#7794);
#2305=VERTEX_POINT('',#7796);
#2306=VERTEX_POINT('',#7798);
#2307=VERTEX_POINT('',#7800);
#2308=VERTEX_POINT('',#7802);
#2309=VERTEX_POINT('',#7806);
#2310=VERTEX_POINT('',#7808);
#2311=VERTEX_POINT('',#7812);
#2312=VERTEX_POINT('',#7814);
#2313=VERTEX_POINT('',#7818);
#2314=VERTEX_POINT('',#7820);
#2315=VERTEX_POINT('',#7824);
#2316=VERTEX_POINT('',#7826);
#2317=VERTEX_POINT('',#7829);
#2318=VERTEX_POINT('',#7833);
#2319=VERTEX_POINT('',#7836);
#2320=VERTEX_POINT('',#7841);
#2321=VERTEX_POINT('',#7845);
#2322=VERTEX_POINT('',#7849);
#2323=VERTEX_POINT('',#7853);
#2324=VERTEX_POINT('',#7855);
#2325=VERTEX_POINT('',#7859);
#2326=VERTEX_POINT('',#7861);
#2327=VERTEX_POINT('',#7865);
#2328=VERTEX_POINT('',#7867);
#2329=VERTEX_POINT('',#7871);
#2330=VERTEX_POINT('',#7873);
#2331=VERTEX_POINT('',#7876);
#2332=VERTEX_POINT('',#7880);
#2333=VERTEX_POINT('',#7883);
#2334=VERTEX_POINT('',#7888);
#2335=VERTEX_POINT('',#7892);
#2336=VERTEX_POINT('',#7896);
#2337=VERTEX_POINT('',#7900);
#2338=VERTEX_POINT('',#7902);
#2339=VERTEX_POINT('',#7906);
#2340=VERTEX_POINT('',#7908);
#2341=VERTEX_POINT('',#7912);
#2342=VERTEX_POINT('',#7914);
#2343=VERTEX_POINT('',#7918);
#2344=VERTEX_POINT('',#7920);
#2345=VERTEX_POINT('',#7923);
#2346=VERTEX_POINT('',#7927);
#2347=VERTEX_POINT('',#7930);
#2348=VERTEX_POINT('',#7935);
#2349=VERTEX_POINT('',#7939);
#2350=VERTEX_POINT('',#7943);
#2351=VERTEX_POINT('',#7947);
#2352=VERTEX_POINT('',#7949);
#2353=VERTEX_POINT('',#7953);
#2354=VERTEX_POINT('',#7955);
#2355=VERTEX_POINT('',#7959);
#2356=VERTEX_POINT('',#7961);
#2357=VERTEX_POINT('',#7965);
#2358=VERTEX_POINT('',#7967);
#2359=VERTEX_POINT('',#7970);
#2360=VERTEX_POINT('',#7974);
#2361=VERTEX_POINT('',#7977);
#2362=VERTEX_POINT('',#7982);
#2363=VERTEX_POINT('',#7986);
#2364=VERTEX_POINT('',#7990);
#2365=VERTEX_POINT('',#7998);
#2366=VERTEX_POINT('',#7999);
#2367=VERTEX_POINT('',#8001);
#2368=VERTEX_POINT('',#8003);
#2369=VERTEX_POINT('',#8005);
#2370=VERTEX_POINT('',#8007);
#2371=VERTEX_POINT('',#8021);
#2372=VERTEX_POINT('',#8022);
#2373=VERTEX_POINT('',#8024);
#2374=VERTEX_POINT('',#8026);
#2375=VERTEX_POINT('',#8028);
#2376=VERTEX_POINT('',#8030);
#2377=VERTEX_POINT('',#8035);
#2378=VERTEX_POINT('',#8036);
#2379=VERTEX_POINT('',#8038);
#2380=VERTEX_POINT('',#8040);
#2381=VERTEX_POINT('',#8042);
#2382=VERTEX_POINT('',#8044);
#2383=VERTEX_POINT('',#8048);
#2384=VERTEX_POINT('',#8049);
#2385=VERTEX_POINT('',#8051);
#2386=VERTEX_POINT('',#8053);
#2387=VERTEX_POINT('',#8055);
#2388=VERTEX_POINT('',#8057);
#2389=VERTEX_POINT('',#8059);
#2390=VERTEX_POINT('',#8061);
#2391=VERTEX_POINT('',#8065);
#2392=VERTEX_POINT('',#8066);
#2393=VERTEX_POINT('',#8068);
#2394=VERTEX_POINT('',#8070);
#2395=VERTEX_POINT('',#8072);
#2396=VERTEX_POINT('',#8074);
#2397=VERTEX_POINT('',#8076);
#2398=VERTEX_POINT('',#8078);
#2399=VERTEX_POINT('',#8082);
#2400=VERTEX_POINT('',#8083);
#2401=VERTEX_POINT('',#8085);
#2402=VERTEX_POINT('',#8087);
#2403=VERTEX_POINT('',#8091);
#2404=VERTEX_POINT('',#8093);
#2405=VERTEX_POINT('',#8097);
#2406=VERTEX_POINT('',#8099);
#2407=VERTEX_POINT('',#8103);
#2408=VERTEX_POINT('',#8105);
#2409=VERTEX_POINT('',#8109);
#2410=VERTEX_POINT('',#8111);
#2411=VERTEX_POINT('',#8118);
#2412=VERTEX_POINT('',#8120);
#2413=VERTEX_POINT('',#8124);
#2414=VERTEX_POINT('',#8128);
#2415=VERTEX_POINT('',#8133);
#2416=VERTEX_POINT('',#8134);
#2417=VERTEX_POINT('',#8136);
#2418=VERTEX_POINT('',#8138);
#2419=VERTEX_POINT('',#8142);
#2420=VERTEX_POINT('',#8144);
#2421=VERTEX_POINT('',#8148);
#2422=VERTEX_POINT('',#8150);
#2423=VERTEX_POINT('',#8154);
#2424=VERTEX_POINT('',#8156);
#2425=VERTEX_POINT('',#8160);
#2426=VERTEX_POINT('',#8162);
#2427=VERTEX_POINT('',#8169);
#2428=VERTEX_POINT('',#8171);
#2429=VERTEX_POINT('',#8175);
#2430=VERTEX_POINT('',#8179);
#2431=VERTEX_POINT('',#8184);
#2432=VERTEX_POINT('',#8185);
#2433=VERTEX_POINT('',#8187);
#2434=VERTEX_POINT('',#8189);
#2435=VERTEX_POINT('',#8191);
#2436=VERTEX_POINT('',#8193);
#2437=VERTEX_POINT('',#8197);
#2438=VERTEX_POINT('',#8205);
#2439=VERTEX_POINT('',#8218);
#2440=VERTEX_POINT('',#8219);
#2441=VERTEX_POINT('',#8221);
#2442=VERTEX_POINT('',#8223);
#2443=VERTEX_POINT('',#8225);
#2444=VERTEX_POINT('',#8227);
#2445=VERTEX_POINT('',#8231);
#2446=VERTEX_POINT('',#8239);
#2447=VERTEX_POINT('',#8254);
#2448=VERTEX_POINT('',#8261);
#2449=VERTEX_POINT('',#8274);
#2450=VERTEX_POINT('',#8281);
#2451=VERTEX_POINT('',#8294);
#2452=VERTEX_POINT('',#8301);
#2453=VERTEX_POINT('',#8314);
#2454=VERTEX_POINT('',#8321);
#2455=VERTEX_POINT('',#8334);
#2456=VERTEX_POINT('',#8335);
#2457=VERTEX_POINT('',#8337);
#2458=VERTEX_POINT('',#8339);
#2459=VERTEX_POINT('',#8343);
#2460=VERTEX_POINT('',#8345);
#2461=VERTEX_POINT('',#8347);
#2462=VERTEX_POINT('',#8349);
#2463=VERTEX_POINT('',#8352);
#2464=VERTEX_POINT('',#8355);
#2465=VERTEX_POINT('',#8359);
#2466=VERTEX_POINT('',#8361);
#2467=VERTEX_POINT('',#8365);
#2468=VERTEX_POINT('',#8369);
#2469=VERTEX_POINT('',#8375);
#2470=VERTEX_POINT('',#8376);
#2471=VERTEX_POINT('',#8378);
#2472=VERTEX_POINT('',#8380);
#2473=VERTEX_POINT('',#8383);
#2474=VERTEX_POINT('',#8384);
#2475=VERTEX_POINT('',#8386);
#2476=VERTEX_POINT('',#8388);
#2477=VERTEX_POINT('',#8392);
#2478=VERTEX_POINT('',#8396);
#2479=VERTEX_POINT('',#8400);
#2480=VERTEX_POINT('',#8401);
#2481=VERTEX_POINT('',#8403);
#2482=VERTEX_POINT('',#8405);
#2483=VERTEX_POINT('',#8409);
#2484=VERTEX_POINT('',#8411);
#2485=VERTEX_POINT('',#8415);
#2486=VERTEX_POINT('',#8420);
#2487=VERTEX_POINT('',#8422);
#2488=VERTEX_POINT('',#8428);
#2489=VERTEX_POINT('',#8433);
#2490=VERTEX_POINT('',#8437);
#2491=VERTEX_POINT('',#8441);
#2492=VERTEX_POINT('',#8442);
#2493=VERTEX_POINT('',#8444);
#2494=VERTEX_POINT('',#8446);
#2495=VERTEX_POINT('',#8450);
#2496=VERTEX_POINT('',#8452);
#2497=VERTEX_POINT('',#8454);
#2498=VERTEX_POINT('',#8456);
#2499=VERTEX_POINT('',#8459);
#2500=VERTEX_POINT('',#8462);
#2501=VERTEX_POINT('',#8466);
#2502=VERTEX_POINT('',#8468);
#2503=VERTEX_POINT('',#8473);
#2504=VERTEX_POINT('',#8476);
#2505=VERTEX_POINT('',#8481);
#2506=VERTEX_POINT('',#8482);
#2507=VERTEX_POINT('',#8484);
#2508=VERTEX_POINT('',#8486);
#2509=VERTEX_POINT('',#8490);
#2510=VERTEX_POINT('',#8492);
#2511=VERTEX_POINT('',#8494);
#2512=VERTEX_POINT('',#8496);
#2513=VERTEX_POINT('',#8499);
#2514=VERTEX_POINT('',#8502);
#2515=VERTEX_POINT('',#8506);
#2516=VERTEX_POINT('',#8508);
#2517=VERTEX_POINT('',#8513);
#2518=VERTEX_POINT('',#8516);
#2519=VERTEX_POINT('',#8523);
#2520=VERTEX_POINT('',#8527);
#2521=VERTEX_POINT('',#8531);
#2522=VERTEX_POINT('',#8533);
#2523=VERTEX_POINT('',#8537);
#2524=VERTEX_POINT('',#8540);
#2525=VERTEX_POINT('',#8544);
#2526=VERTEX_POINT('',#8546);
#2527=VERTEX_POINT('',#8550);
#2528=VERTEX_POINT('',#8553);
#2529=VERTEX_POINT('',#8557);
#2530=VERTEX_POINT('',#8558);
#2531=VERTEX_POINT('',#8561);
#2532=VERTEX_POINT('',#8565);
#2533=VERTEX_POINT('',#8566);
#2534=VERTEX_POINT('',#8568);
#2535=VERTEX_POINT('',#8570);
#2536=VERTEX_POINT('',#8574);
#2537=VERTEX_POINT('',#8576);
#2538=VERTEX_POINT('',#8580);
#2539=VERTEX_POINT('',#8585);
#2540=VERTEX_POINT('',#8587);
#2541=VERTEX_POINT('',#8593);
#2542=VERTEX_POINT('',#8595);
#2543=VERTEX_POINT('',#8602);
#2544=VERTEX_POINT('',#8604);
#2545=VERTEX_POINT('',#8607);
#2546=VERTEX_POINT('',#8608);
#2547=VERTEX_POINT('',#8610);
#2548=VERTEX_POINT('',#8612);
#2549=VERTEX_POINT('',#8614);
#2550=VERTEX_POINT('',#8616);
#2551=VERTEX_POINT('',#8619);
#2552=VERTEX_POINT('',#8620);
#2553=VERTEX_POINT('',#8622);
#2554=VERTEX_POINT('',#8625);
#2555=VERTEX_POINT('',#8626);
#2556=VERTEX_POINT('',#8628);
#2557=VERTEX_POINT('',#8630);
#2558=VERTEX_POINT('',#8632);
#2559=VERTEX_POINT('',#8634);
#2560=VERTEX_POINT('',#8638);
#2561=VERTEX_POINT('',#8642);
#2562=VERTEX_POINT('',#8646);
#2563=VERTEX_POINT('',#8650);
#2564=VERTEX_POINT('',#8652);
#2565=VERTEX_POINT('',#8654);
#2566=VERTEX_POINT('',#8656);
#2567=VERTEX_POINT('',#8658);
#2568=VERTEX_POINT('',#8660);
#2569=VERTEX_POINT('',#8669);
#2570=VERTEX_POINT('',#8685);
#2571=VERTEX_POINT('',#8686);
#2572=VERTEX_POINT('',#8688);
#2573=VERTEX_POINT('',#8690);
#2574=VERTEX_POINT('',#8692);
#2575=VERTEX_POINT('',#8694);
#2576=VERTEX_POINT('',#8697);
#2577=VERTEX_POINT('',#8698);
#2578=VERTEX_POINT('',#8700);
#2579=VERTEX_POINT('',#8703);
#2580=VERTEX_POINT('',#8704);
#2581=VERTEX_POINT('',#8706);
#2582=VERTEX_POINT('',#8708);
#2583=VERTEX_POINT('',#8710);
#2584=VERTEX_POINT('',#8712);
#2585=VERTEX_POINT('',#8717);
#2586=VERTEX_POINT('',#8718);
#2587=VERTEX_POINT('',#8720);
#2588=VERTEX_POINT('',#8722);
#2589=VERTEX_POINT('',#8726);
#2590=VERTEX_POINT('',#8727);
#2591=VERTEX_POINT('',#8735);
#2592=VERTEX_POINT('',#8737);
#2593=VERTEX_POINT('',#8741);
#2594=VERTEX_POINT('',#8745);
#2595=VERTEX_POINT('',#8746);
#2596=VERTEX_POINT('',#8748);
#2597=VERTEX_POINT('',#8750);
#2598=VERTEX_POINT('',#8754);
#2599=VERTEX_POINT('',#8756);
#2600=VERTEX_POINT('',#8760);
#2601=VERTEX_POINT('',#8762);
#2602=VERTEX_POINT('',#8766);
#2603=VERTEX_POINT('',#8772);
#2604=VERTEX_POINT('',#8778);
#2605=VERTEX_POINT('',#8780);
#2606=VERTEX_POINT('',#8784);
#2607=VERTEX_POINT('',#8788);
#2608=VERTEX_POINT('',#8792);
#2609=VERTEX_POINT('',#8793);
#2610=VERTEX_POINT('',#8795);
#2611=VERTEX_POINT('',#8797);
#2612=VERTEX_POINT('',#8801);
#2613=VERTEX_POINT('',#8802);
#2614=VERTEX_POINT('',#8810);
#2615=VERTEX_POINT('',#8812);
#2616=VERTEX_POINT('',#8816);
#2617=VERTEX_POINT('',#8820);
#2618=VERTEX_POINT('',#8821);
#2619=VERTEX_POINT('',#8823);
#2620=VERTEX_POINT('',#8825);
#2621=VERTEX_POINT('',#8829);
#2622=VERTEX_POINT('',#8830);
#2623=VERTEX_POINT('',#8832);
#2624=VERTEX_POINT('',#8834);
#2625=VERTEX_POINT('',#8838);
#2626=VERTEX_POINT('',#8839);
#2627=VERTEX_POINT('',#8841);
#2628=VERTEX_POINT('',#8843);
#2629=VERTEX_POINT('',#8847);
#2630=VERTEX_POINT('',#8848);
#2631=VERTEX_POINT('',#8856);
#2632=VERTEX_POINT('',#8857);
#2633=VERTEX_POINT('',#8865);
#2634=VERTEX_POINT('',#8867);
#2635=VERTEX_POINT('',#8871);
#2636=VERTEX_POINT('',#8875);
#2637=VERTEX_POINT('',#8880);
#2638=VERTEX_POINT('',#8881);
#2639=VERTEX_POINT('',#8886);
#2640=VERTEX_POINT('',#8887);
#2641=VERTEX_POINT('',#8892);
#2642=VERTEX_POINT('',#8898);
#2643=VERTEX_POINT('',#8904);
#2644=VERTEX_POINT('',#8906);
#2645=VERTEX_POINT('',#8910);
#2646=VERTEX_POINT('',#8914);
#2647=VERTEX_POINT('',#8921);
#2648=VERTEX_POINT('',#8926);
#2649=VERTEX_POINT('',#8940);
#2650=VERTEX_POINT('',#8945);
#2651=VERTEX_POINT('',#8956);
#2652=VERTEX_POINT('',#8957);
#2653=VERTEX_POINT('',#8962);
#2654=VERTEX_POINT('',#8963);
#2655=VERTEX_POINT('',#8968);
#2656=VERTEX_POINT('',#8974);
#2657=VERTEX_POINT('',#8987);
#2658=VERTEX_POINT('',#8995);
#2659=VERTEX_POINT('',#9011);
#2660=VERTEX_POINT('',#9015);
#2661=VERTEX_POINT('',#9024);
#2662=VERTEX_POINT('',#9028);
#2663=VERTEX_POINT('',#9034);
#2664=VERTEX_POINT('',#9038);
#2665=VERTEX_POINT('',#9072);
#2666=VERTEX_POINT('',#9076);
#2667=VERTEX_POINT('',#9082);
#2668=VERTEX_POINT('',#9088);
#2669=VERTEX_POINT('',#9097);
#2670=VERTEX_POINT('',#9106);
#2671=EDGE_CURVE('',#2197,#2198,#965,.F.);
#2672=EDGE_CURVE('',#2198,#2199,#966,.T.);
#2673=EDGE_CURVE('',#2199,#2200,#967,.F.);
#2674=EDGE_CURVE('',#2200,#2197,#968,.T.);
#2675=EDGE_CURVE('',#2198,#2201,#969,.F.);
#2676=EDGE_CURVE('',#2202,#2201,#970,.T.);
#2677=EDGE_CURVE('',#2202,#2203,#971,.T.);
#2678=EDGE_CURVE('',#2203,#2204,#972,.T.);
#2679=EDGE_CURVE('',#2204,#2205,#973,.T.);
#2680=EDGE_CURVE('',#2206,#2205,#974,.T.);
#2681=EDGE_CURVE('',#2206,#2207,#975,.T.);
#2682=EDGE_CURVE('',#2207,#2208,#976,.T.);
#2683=EDGE_CURVE('',#2208,#2209,#977,.T.);
#2684=EDGE_CURVE('',#2210,#2209,#978,.T.);
#2685=EDGE_CURVE('',#2199,#2210,#979,.F.);
#2686=EDGE_CURVE('',#2211,#2212,#980,.F.);
#2687=EDGE_CURVE('',#2212,#2213,#981,.T.);
#2688=EDGE_CURVE('',#2213,#2214,#982,.F.);
#2689=EDGE_CURVE('',#2214,#2211,#983,.T.);
#2690=EDGE_CURVE('',#2212,#2215,#984,.T.);
#2691=EDGE_CURVE('',#2215,#2216,#985,.T.);
#2692=EDGE_CURVE('',#2216,#2217,#986,.T.);
#2693=EDGE_CURVE('',#2217,#2218,#987,.T.);
#2694=EDGE_CURVE('',#2218,#2219,#988,.T.);
#2695=EDGE_CURVE('',#2219,#2220,#989,.T.);
#2696=EDGE_CURVE('',#2220,#2221,#990,.T.);
#2697=EDGE_CURVE('',#2221,#2222,#991,.T.);
#2698=EDGE_CURVE('',#2222,#2223,#992,.T.);
#2699=EDGE_CURVE('',#2223,#2224,#993,.T.);
#2700=EDGE_CURVE('',#2224,#2213,#994,.F.);
#2701=EDGE_CURVE('',#2225,#2226,#995,.F.);
#2702=EDGE_CURVE('',#2226,#2227,#996,.T.);
#2703=EDGE_CURVE('',#2227,#2228,#997,.F.);
#2704=EDGE_CURVE('',#2228,#2225,#998,.T.);
#2705=EDGE_CURVE('',#2226,#2229,#999,.F.);
#2706=EDGE_CURVE('',#2230,#2229,#1000,.T.);
#2707=EDGE_CURVE('',#2230,#2231,#1001,.T.);
#2708=EDGE_CURVE('',#2231,#2232,#1002,.T.);
#2709=EDGE_CURVE('',#2232,#2233,#1003,.T.);
#2710=EDGE_CURVE('',#2234,#2233,#1004,.T.);
#2711=EDGE_CURVE('',#2234,#2235,#1005,.T.);
#2712=EDGE_CURVE('',#2235,#2236,#1006,.T.);
#2713=EDGE_CURVE('',#2236,#2237,#1007,.T.);
#2714=EDGE_CURVE('',#2238,#2237,#1008,.T.);
#2715=EDGE_CURVE('',#2238,#2227,#1009,.F.);
#2716=EDGE_CURVE('',#2239,#2240,#1010,.F.);
#2717=EDGE_CURVE('',#2240,#2241,#1011,.T.);
#2718=EDGE_CURVE('',#2241,#2242,#1012,.F.);
#2719=EDGE_CURVE('',#2242,#2239,#1013,.T.);
#2720=EDGE_CURVE('',#2240,#2243,#1014,.F.);
#2721=EDGE_CURVE('',#2243,#2244,#1015,.T.);
#2722=EDGE_CURVE('',#2244,#2245,#1016,.T.);
#2723=EDGE_CURVE('',#2245,#2246,#1017,.T.);
#2724=EDGE_CURVE('',#2246,#2247,#1018,.T.);
#2725=EDGE_CURVE('',#2247,#2248,#1019,.T.);
#2726=EDGE_CURVE('',#2248,#2249,#1020,.T.);
#2727=EDGE_CURVE('',#2249,#2250,#1021,.T.);
#2728=EDGE_CURVE('',#2250,#2251,#1022,.T.);
#2729=EDGE_CURVE('',#2251,#2252,#1023,.T.);
#2730=EDGE_CURVE('',#2241,#2252,#1024,.T.);
#2731=EDGE_CURVE('',#2253,#2254,#1025,.F.);
#2732=EDGE_CURVE('',#2254,#2255,#1026,.T.);
#2733=EDGE_CURVE('',#2255,#2256,#1027,.F.);
#2734=EDGE_CURVE('',#2256,#2253,#1028,.T.);
#2735=EDGE_CURVE('',#2254,#2257,#1029,.F.);
#2736=EDGE_CURVE('',#2258,#2257,#1030,.T.);
#2737=EDGE_CURVE('',#2258,#2259,#1031,.T.);
#2738=EDGE_CURVE('',#2259,#2260,#1032,.T.);
#2739=EDGE_CURVE('',#2260,#2261,#1033,.T.);
#2740=EDGE_CURVE('',#2262,#2261,#1034,.T.);
#2741=EDGE_CURVE('',#2262,#2263,#1035,.T.);
#2742=EDGE_CURVE('',#2263,#2264,#1036,.T.);
#2743=EDGE_CURVE('',#2264,#2265,#1037,.T.);
#2744=EDGE_CURVE('',#2266,#2265,#1038,.T.);
#2745=EDGE_CURVE('',#2255,#2266,#1039,.F.);
#2746=EDGE_CURVE('',#2267,#2268,#1040,.F.);
#2747=EDGE_CURVE('',#2268,#2269,#1041,.T.);
#2748=EDGE_CURVE('',#2269,#2270,#1042,.F.);
#2749=EDGE_CURVE('',#2270,#2267,#1043,.T.);
#2750=EDGE_CURVE('',#2268,#2271,#1044,.T.);
#2751=EDGE_CURVE('',#2271,#2272,#1045,.T.);
#2752=EDGE_CURVE('',#2272,#2273,#1046,.T.);
#2753=EDGE_CURVE('',#2273,#2274,#1047,.T.);
#2754=EDGE_CURVE('',#2274,#2275,#1048,.T.);
#2755=EDGE_CURVE('',#2275,#2276,#1049,.T.);
#2756=EDGE_CURVE('',#2276,#2277,#1050,.T.);
#2757=EDGE_CURVE('',#2277,#2278,#1051,.T.);
#2758=EDGE_CURVE('',#2278,#2279,#1052,.T.);
#2759=EDGE_CURVE('',#2279,#2280,#1053,.T.);
#2760=EDGE_CURVE('',#2280,#2269,#1054,.F.);
#2761=EDGE_CURVE('',#2281,#2282,#1055,.F.);
#2762=EDGE_CURVE('',#2282,#2283,#1056,.T.);
#2763=EDGE_CURVE('',#2283,#2284,#1057,.F.);
#2764=EDGE_CURVE('',#2284,#2281,#1058,.T.);
#2765=EDGE_CURVE('',#2282,#2285,#1059,.F.);
#2766=EDGE_CURVE('',#2286,#2285,#1060,.T.);
#2767=EDGE_CURVE('',#2286,#2287,#1061,.T.);
#2768=EDGE_CURVE('',#2287,#2288,#1062,.T.);
#2769=EDGE_CURVE('',#2288,#2289,#1063,.T.);
#2770=EDGE_CURVE('',#2290,#2289,#1064,.T.);
#2771=EDGE_CURVE('',#2290,#2291,#1065,.T.);
#2772=EDGE_CURVE('',#2291,#2292,#1066,.T.);
#2773=EDGE_CURVE('',#2292,#2293,#1067,.T.);
#2774=EDGE_CURVE('',#2294,#2293,#1068,.T.);
#2775=EDGE_CURVE('',#2294,#2283,#1069,.F.);
#2776=EDGE_CURVE('',#2295,#2296,#1070,.F.);
#2777=EDGE_CURVE('',#2296,#2297,#1071,.T.);
#2778=EDGE_CURVE('',#2297,#2298,#1072,.F.);
#2779=EDGE_CURVE('',#2298,#2295,#1073,.T.);
#2780=EDGE_CURVE('',#2296,#2299,#1074,.F.);
#2781=EDGE_CURVE('',#2299,#2300,#1075,.T.);
#2782=EDGE_CURVE('',#2300,#2301,#1076,.T.);
#2783=EDGE_CURVE('',#2301,#2302,#1077,.T.);
#2784=EDGE_CURVE('',#2302,#2303,#1078,.T.);
#2785=EDGE_CURVE('',#2303,#2304,#1079,.T.);
#2786=EDGE_CURVE('',#2304,#2305,#1080,.T.);
#2787=EDGE_CURVE('',#2305,#2306,#1081,.T.);
#2788=EDGE_CURVE('',#2306,#2307,#1082,.T.);
#2789=EDGE_CURVE('',#2307,#2308,#1083,.T.);
#2790=EDGE_CURVE('',#2297,#2308,#1084,.T.);
#2791=EDGE_CURVE('',#2202,#2309,#142,.T.);
#2792=EDGE_CURVE('',#2309,#2310,#1085,.T.);
#2793=EDGE_CURVE('',#2310,#2203,#1086,.T.);
#2794=EDGE_CURVE('',#2311,#2223,#143,.T.);
#2795=EDGE_CURVE('',#2312,#2222,#1087,.T.);
#2796=EDGE_CURVE('',#2311,#2312,#1088,.T.);
#2797=EDGE_CURVE('',#2216,#2313,#144,.T.);
#2798=EDGE_CURVE('',#2313,#2314,#1089,.T.);
#2799=EDGE_CURVE('',#2314,#2217,#1090,.T.);
#2800=EDGE_CURVE('',#2315,#2209,#145,.T.);
#2801=EDGE_CURVE('',#2315,#2316,#1091,.F.);
#2802=EDGE_CURVE('',#2316,#2206,#146,.T.);
#2803=EDGE_CURVE('',#2317,#2205,#147,.T.);
#2804=EDGE_CURVE('',#2317,#2309,#1092,.F.);
#2805=EDGE_CURVE('',#2201,#2224,#148,.T.);
#2806=EDGE_CURVE('',#2318,#2311,#1093,.T.);
#2807=EDGE_CURVE('',#2220,#2318,#149,.T.);
#2808=EDGE_CURVE('',#2219,#2319,#150,.T.);
#2809=EDGE_CURVE('',#2313,#2319,#1094,.T.);
#2810=EDGE_CURVE('',#2215,#2210,#151,.F.);
#2811=EDGE_CURVE('',#2318,#2320,#1095,.T.);
#2812=EDGE_CURVE('',#2320,#2221,#1096,.T.);
#2813=EDGE_CURVE('',#2321,#2218,#1097,.T.);
#2814=EDGE_CURVE('',#2319,#2321,#1098,.T.);
#2815=EDGE_CURVE('',#2316,#2322,#1099,.T.);
#2816=EDGE_CURVE('',#2322,#2207,#1100,.T.);
#2817=EDGE_CURVE('',#2230,#2323,#152,.T.);
#2818=EDGE_CURVE('',#2324,#2323,#1101,.T.);
#2819=EDGE_CURVE('',#2231,#2324,#1102,.T.);
#2820=EDGE_CURVE('',#2325,#2251,#153,.T.);
#2821=EDGE_CURVE('',#2326,#2250,#1103,.T.);
#2822=EDGE_CURVE('',#2325,#2326,#1104,.T.);
#2823=EDGE_CURVE('',#2244,#2327,#154,.T.);
#2824=EDGE_CURVE('',#2327,#2328,#1105,.T.);
#2825=EDGE_CURVE('',#2328,#2245,#1106,.T.);
#2826=EDGE_CURVE('',#2329,#2237,#155,.T.);
#2827=EDGE_CURVE('',#2329,#2330,#1107,.F.);
#2828=EDGE_CURVE('',#2330,#2234,#156,.T.);
#2829=EDGE_CURVE('',#2331,#2233,#157,.T.);
#2830=EDGE_CURVE('',#2331,#2323,#1108,.F.);
#2831=EDGE_CURVE('',#2229,#2252,#158,.T.);
#2832=EDGE_CURVE('',#2332,#2325,#1109,.T.);
#2833=EDGE_CURVE('',#2248,#2332,#159,.T.);
#2834=EDGE_CURVE('',#2247,#2333,#160,.T.);
#2835=EDGE_CURVE('',#2327,#2333,#1110,.T.);
#2836=EDGE_CURVE('',#2243,#2238,#161,.T.);
#2837=EDGE_CURVE('',#2332,#2334,#1111,.T.);
#2838=EDGE_CURVE('',#2334,#2249,#1112,.T.);
#2839=EDGE_CURVE('',#2335,#2246,#1113,.T.);
#2840=EDGE_CURVE('',#2333,#2335,#1114,.T.);
#2841=EDGE_CURVE('',#2336,#2330,#1115,.T.);
#2842=EDGE_CURVE('',#2235,#2336,#1116,.T.);
#2843=EDGE_CURVE('',#2258,#2337,#162,.T.);
#2844=EDGE_CURVE('',#2337,#2338,#1117,.T.);
#2845=EDGE_CURVE('',#2338,#2259,#1118,.T.);
#2846=EDGE_CURVE('',#2339,#2279,#163,.T.);
#2847=EDGE_CURVE('',#2340,#2278,#1119,.T.);
#2848=EDGE_CURVE('',#2339,#2340,#1120,.T.);
#2849=EDGE_CURVE('',#2272,#2341,#164,.T.);
#2850=EDGE_CURVE('',#2341,#2342,#1121,.T.);
#2851=EDGE_CURVE('',#2342,#2273,#1122,.T.);
#2852=EDGE_CURVE('',#2343,#2265,#165,.T.);
#2853=EDGE_CURVE('',#2343,#2344,#1123,.F.);
#2854=EDGE_CURVE('',#2344,#2262,#166,.T.);
#2855=EDGE_CURVE('',#2345,#2261,#167,.T.);
#2856=EDGE_CURVE('',#2345,#2337,#1124,.F.);
#2857=EDGE_CURVE('',#2257,#2280,#168,.T.);
#2858=EDGE_CURVE('',#2346,#2339,#1125,.T.);
#2859=EDGE_CURVE('',#2276,#2346,#169,.T.);
#2860=EDGE_CURVE('',#2275,#2347,#170,.T.);
#2861=EDGE_CURVE('',#2341,#2347,#1126,.T.);
#2862=EDGE_CURVE('',#2271,#2266,#171,.F.);
#2863=EDGE_CURVE('',#2346,#2348,#1127,.T.);
#2864=EDGE_CURVE('',#2348,#2277,#1128,.T.);
#2865=EDGE_CURVE('',#2349,#2274,#1129,.T.);
#2866=EDGE_CURVE('',#2347,#2349,#1130,.T.);
#2867=EDGE_CURVE('',#2344,#2350,#1131,.T.);
#2868=EDGE_CURVE('',#2350,#2263,#1132,.T.);
#2869=EDGE_CURVE('',#2286,#2351,#172,.T.);
#2870=EDGE_CURVE('',#2352,#2351,#1133,.T.);
#2871=EDGE_CURVE('',#2287,#2352,#1134,.T.);
#2872=EDGE_CURVE('',#2353,#2307,#173,.T.);
#2873=EDGE_CURVE('',#2354,#2306,#1135,.T.);
#2874=EDGE_CURVE('',#2353,#2354,#1136,.T.);
#2875=EDGE_CURVE('',#2300,#2355,#174,.T.);
#2876=EDGE_CURVE('',#2355,#2356,#1137,.T.);
#2877=EDGE_CURVE('',#2356,#2301,#1138,.T.);
#2878=EDGE_CURVE('',#2357,#2293,#175,.T.);
#2879=EDGE_CURVE('',#2357,#2358,#1139,.F.);
#2880=EDGE_CURVE('',#2358,#2290,#176,.T.);
#2881=EDGE_CURVE('',#2359,#2289,#177,.T.);
#2882=EDGE_CURVE('',#2359,#2351,#1140,.F.);
#2883=EDGE_CURVE('',#2285,#2308,#178,.T.);
#2884=EDGE_CURVE('',#2360,#2353,#1141,.T.);
#2885=EDGE_CURVE('',#2304,#2360,#179,.T.);
#2886=EDGE_CURVE('',#2303,#2361,#180,.T.);
#2887=EDGE_CURVE('',#2355,#2361,#1142,.T.);
#2888=EDGE_CURVE('',#2299,#2294,#181,.T.);
#2889=EDGE_CURVE('',#2360,#2362,#1143,.T.);
#2890=EDGE_CURVE('',#2362,#2305,#1144,.T.);
#2891=EDGE_CURVE('',#2363,#2302,#1145,.T.);
#2892=EDGE_CURVE('',#2361,#2363,#1146,.T.);
#2893=EDGE_CURVE('',#2364,#2358,#1147,.T.);
#2894=EDGE_CURVE('',#2291,#2364,#1148,.T.);
#2895=EDGE_CURVE('',#2199,#2212,#1149,.T.);
#2896=EDGE_CURVE('',#2211,#2200,#1150,.T.);
#2897=EDGE_CURVE('',#2197,#2214,#1151,.T.);
#2898=EDGE_CURVE('',#2365,#2366,#1152,.T.);
#2899=EDGE_CURVE('',#2367,#2365,#182,.T.);
#2900=EDGE_CURVE('',#2368,#2367,#1153,.T.);
#2901=EDGE_CURVE('',#2369,#2368,#1154,.T.);
#2902=EDGE_CURVE('',#2370,#2369,#183,.T.);
#2903=EDGE_CURVE('',#2366,#2370,#1155,.T.);
#2904=EDGE_CURVE('',#2225,#2242,#1156,.T.);
#2905=EDGE_CURVE('',#2241,#2226,#1157,.T.);
#2906=EDGE_CURVE('',#2281,#2298,#1158,.T.);
#2907=EDGE_CURVE('',#2297,#2282,#1159,.T.);
#2908=EDGE_CURVE('',#2255,#2268,#1160,.T.);
#2909=EDGE_CURVE('',#2267,#2256,#1161,.T.);
#2910=EDGE_CURVE('',#2239,#2228,#1162,.T.);
#2911=EDGE_CURVE('',#2371,#2372,#1163,.T.);
#2912=EDGE_CURVE('',#2373,#2371,#184,.T.);
#2913=EDGE_CURVE('',#2374,#2373,#1164,.T.);
#2914=EDGE_CURVE('',#2375,#2374,#1165,.T.);
#2915=EDGE_CURVE('',#2376,#2375,#185,.T.);
#2916=EDGE_CURVE('',#2372,#2376,#1166,.T.);
#2917=EDGE_CURVE('',#2295,#2284,#1167,.T.);
#2918=EDGE_CURVE('',#2377,#2378,#1168,.T.);
#2919=EDGE_CURVE('',#2379,#2377,#186,.T.);
#2920=EDGE_CURVE('',#2380,#2379,#1169,.T.);
#2921=EDGE_CURVE('',#2381,#2380,#1170,.T.);
#2922=EDGE_CURVE('',#2382,#2381,#187,.T.);
#2923=EDGE_CURVE('',#2378,#2382,#1171,.T.);
#2924=EDGE_CURVE('',#2383,#2384,#1172,.T.);
#2925=EDGE_CURVE('',#2385,#2383,#188,.T.);
#2926=EDGE_CURVE('',#2386,#2385,#1173,.T.);
#2927=EDGE_CURVE('',#2387,#2386,#189,.T.);
#2928=EDGE_CURVE('',#2388,#2387,#1174,.T.);
#2929=EDGE_CURVE('',#2389,#2388,#190,.T.);
#2930=EDGE_CURVE('',#2390,#2389,#1175,.T.);
#2931=EDGE_CURVE('',#2384,#2390,#191,.T.);
#2932=EDGE_CURVE('',#2253,#2270,#1176,.T.);
#2933=EDGE_CURVE('',#2391,#2392,#1177,.T.);
#2934=EDGE_CURVE('',#2393,#2391,#192,.T.);
#2935=EDGE_CURVE('',#2394,#2393,#1178,.T.);
#2936=EDGE_CURVE('',#2395,#2394,#193,.T.);
#2937=EDGE_CURVE('',#2396,#2395,#1179,.T.);
#2938=EDGE_CURVE('',#2397,#2396,#194,.T.);
#2939=EDGE_CURVE('',#2398,#2397,#1180,.T.);
#2940=EDGE_CURVE('',#2392,#2398,#195,.T.);
#2941=EDGE_CURVE('',#2399,#2400,#1181,.T.);
#2942=EDGE_CURVE('',#2400,#2401,#1182,.T.);
#2943=EDGE_CURVE('',#2401,#2402,#1183,.T.);
#2944=EDGE_CURVE('',#2402,#2399,#1184,.T.);
#2945=EDGE_CURVE('',#2400,#2403,#196,.T.);
#2946=EDGE_CURVE('',#2403,#2404,#1185,.T.);
#2947=EDGE_CURVE('',#2404,#2401,#197,.T.);
#2948=EDGE_CURVE('',#2405,#2404,#1186,.T.);
#2949=EDGE_CURVE('',#2403,#2406,#1187,.T.);
#2950=EDGE_CURVE('',#2406,#2405,#1188,.T.);
#2951=EDGE_CURVE('',#2406,#2407,#1189,.T.);
#2952=EDGE_CURVE('',#2407,#2408,#1190,.T.);
#2953=EDGE_CURVE('',#2408,#2405,#1191,.T.);
#2954=EDGE_CURVE('',#2407,#2409,#198,.T.);
#2955=EDGE_CURVE('',#2409,#2410,#1192,.T.);
#2956=EDGE_CURVE('',#2410,#2408,#199,.T.);
#2957=EDGE_CURVE('',#2402,#2410,#1193,.T.);
#2958=EDGE_CURVE('',#2409,#2399,#1194,.T.);
#2959=EDGE_CURVE('',#2410,#2411,#1195,.T.);
#2960=EDGE_CURVE('',#2412,#2411,#200,.T.);
#2961=EDGE_CURVE('',#2408,#2412,#1196,.T.);
#2962=EDGE_CURVE('',#2402,#2413,#1197,.T.);
#2963=EDGE_CURVE('',#2411,#2413,#1198,.T.);
#2964=EDGE_CURVE('',#2401,#2414,#1199,.T.);
#2965=EDGE_CURVE('',#2413,#2414,#1200,.T.);
#2966=EDGE_CURVE('',#2415,#2416,#1201,.T.);
#2967=EDGE_CURVE('',#2416,#2417,#1202,.T.);
#2968=EDGE_CURVE('',#2417,#2418,#1203,.T.);
#2969=EDGE_CURVE('',#2418,#2415,#1204,.T.);
#2970=EDGE_CURVE('',#2416,#2419,#201,.T.);
#2971=EDGE_CURVE('',#2419,#2420,#1205,.T.);
#2972=EDGE_CURVE('',#2420,#2417,#202,.T.);
#2973=EDGE_CURVE('',#2421,#2420,#1206,.T.);
#2974=EDGE_CURVE('',#2419,#2422,#1207,.T.);
#2975=EDGE_CURVE('',#2422,#2421,#1208,.T.);
#2976=EDGE_CURVE('',#2422,#2423,#1209,.T.);
#2977=EDGE_CURVE('',#2423,#2424,#1210,.T.);
#2978=EDGE_CURVE('',#2424,#2421,#1211,.T.);
#2979=EDGE_CURVE('',#2423,#2425,#203,.T.);
#2980=EDGE_CURVE('',#2425,#2426,#1212,.T.);
#2981=EDGE_CURVE('',#2426,#2424,#204,.T.);
#2982=EDGE_CURVE('',#2418,#2426,#1213,.T.);
#2983=EDGE_CURVE('',#2425,#2415,#1214,.T.);
#2984=EDGE_CURVE('',#2426,#2427,#1215,.T.);
#2985=EDGE_CURVE('',#2428,#2427,#205,.T.);
#2986=EDGE_CURVE('',#2424,#2428,#1216,.T.);
#2987=EDGE_CURVE('',#2418,#2429,#1217,.T.);
#2988=EDGE_CURVE('',#2427,#2429,#1218,.T.);
#2989=EDGE_CURVE('',#2417,#2430,#1219,.T.);
#2990=EDGE_CURVE('',#2429,#2430,#1220,.T.);
#2991=EDGE_CURVE('',#2431,#2432,#1221,.T.);
#2992=EDGE_CURVE('',#2433,#2431,#206,.T.);
#2993=EDGE_CURVE('',#2434,#2433,#1222,.T.);
#2994=EDGE_CURVE('',#2435,#2434,#1223,.T.);
#2995=EDGE_CURVE('',#2436,#2435,#207,.T.);
#2996=EDGE_CURVE('',#2432,#2436,#1224,.T.);
#2997=EDGE_CURVE('',#2437,#2412,#1225,.T.);
#2998=EDGE_CURVE('',#2412,#2435,#1226,.T.);
#2999=EDGE_CURVE('',#2434,#2437,#1227,.T.);
#3000=EDGE_CURVE('',#2414,#2431,#1228,.T.);
#3001=EDGE_CURVE('',#2413,#2432,#1229,.T.);
#3002=EDGE_CURVE('',#2438,#2433,#1230,.T.);
#3003=EDGE_CURVE('',#2414,#2438,#208,.T.);
#3004=EDGE_CURVE('',#2438,#2437,#1231,.T.);
#3005=EDGE_CURVE('',#2411,#2436,#1232,.T.);
#3006=EDGE_CURVE('',#2405,#2437,#1233,.T.);
#3007=EDGE_CURVE('',#2404,#2438,#1234,.T.);
#3008=EDGE_CURVE('',#2439,#2440,#1235,.T.);
#3009=EDGE_CURVE('',#2441,#2439,#209,.T.);
#3010=EDGE_CURVE('',#2442,#2441,#1236,.T.);
#3011=EDGE_CURVE('',#2443,#2442,#1237,.T.);
#3012=EDGE_CURVE('',#2444,#2443,#210,.T.);
#3013=EDGE_CURVE('',#2440,#2444,#1238,.T.);
#3014=EDGE_CURVE('',#2445,#2428,#1239,.T.);
#3015=EDGE_CURVE('',#2428,#2443,#1240,.T.);
#3016=EDGE_CURVE('',#2442,#2445,#1241,.T.);
#3017=EDGE_CURVE('',#2430,#2439,#1242,.T.);
#3018=EDGE_CURVE('',#2429,#2440,#1243,.T.);
#3019=EDGE_CURVE('',#2446,#2441,#1244,.T.);
#3020=EDGE_CURVE('',#2430,#2446,#211,.T.);
#3021=EDGE_CURVE('',#2446,#2445,#1245,.T.);
#3022=EDGE_CURVE('',#2427,#2444,#1246,.T.);
#3023=EDGE_CURVE('',#2421,#2445,#1247,.T.);
#3024=EDGE_CURVE('',#2420,#2446,#1248,.T.);
#3025=EDGE_CURVE('',#2359,#2447,#1249,.T.);
#3026=EDGE_CURVE('',#2447,#2352,#1250,.T.);
#3027=EDGE_CURVE('',#2447,#2288,#1251,.T.);
#3028=EDGE_CURVE('',#2448,#2232,#1252,.T.);
#3029=EDGE_CURVE('',#2448,#2324,#1253,.T.);
#3030=EDGE_CURVE('',#2331,#2448,#1254,.T.);
#3031=EDGE_CURVE('',#2362,#2354,#1255,.T.);
#3032=EDGE_CURVE('',#2334,#2326,#1256,.T.);
#3033=EDGE_CURVE('',#2357,#2449,#1257,.T.);
#3034=EDGE_CURVE('',#2449,#2364,#1258,.T.);
#3035=EDGE_CURVE('',#2449,#2292,#1259,.T.);
#3036=EDGE_CURVE('',#2450,#2236,#1260,.T.);
#3037=EDGE_CURVE('',#2450,#2336,#1261,.T.);
#3038=EDGE_CURVE('',#2329,#2450,#1262,.T.);
#3039=EDGE_CURVE('',#2356,#2363,#1263,.T.);
#3040=EDGE_CURVE('',#2328,#2335,#1264,.T.);
#3041=EDGE_CURVE('',#2451,#2343,#1265,.T.);
#3042=EDGE_CURVE('',#2350,#2451,#1266,.T.);
#3043=EDGE_CURVE('',#2264,#2451,#1267,.T.);
#3044=EDGE_CURVE('',#2322,#2452,#1268,.T.);
#3045=EDGE_CURVE('',#2208,#2452,#1269,.T.);
#3046=EDGE_CURVE('',#2452,#2315,#1270,.T.);
#3047=EDGE_CURVE('',#2349,#2342,#1271,.T.);
#3048=EDGE_CURVE('',#2321,#2314,#1272,.T.);
#3049=EDGE_CURVE('',#2453,#2345,#1273,.T.);
#3050=EDGE_CURVE('',#2338,#2453,#1274,.T.);
#3051=EDGE_CURVE('',#2260,#2453,#1275,.T.);
#3052=EDGE_CURVE('',#2310,#2454,#1276,.T.);
#3053=EDGE_CURVE('',#2204,#2454,#1277,.T.);
#3054=EDGE_CURVE('',#2454,#2317,#1278,.T.);
#3055=EDGE_CURVE('',#2340,#2348,#1279,.T.);
#3056=EDGE_CURVE('',#2312,#2320,#1280,.T.);
#3057=EDGE_CURVE('',#2455,#2456,#1281,.T.);
#3058=EDGE_CURVE('',#2457,#2456,#1282,.T.);
#3059=EDGE_CURVE('',#2457,#2458,#1283,.T.);
#3060=EDGE_CURVE('',#2455,#2458,#1284,.T.);
#3061=EDGE_CURVE('',#2459,#2457,#1285,.T.);
#3062=EDGE_CURVE('',#2460,#2459,#1286,.T.);
#3063=EDGE_CURVE('',#2461,#2460,#1287,.T.);
#3064=EDGE_CURVE('',#2461,#2462,#1288,.T.);
#3065=EDGE_CURVE('',#2462,#2458,#1289,.T.);
#3066=EDGE_CURVE('',#2463,#2463,#212,.T.);
#3067=EDGE_CURVE('',#2462,#2464,#1290,.T.);
#3068=EDGE_CURVE('',#2464,#2455,#1291,.T.);
#3069=EDGE_CURVE('',#2465,#2459,#1292,.T.);
#3070=EDGE_CURVE('',#2465,#2466,#1293,.T.);
#3071=EDGE_CURVE('',#2460,#2466,#1294,.T.);
#3072=EDGE_CURVE('',#2464,#2467,#1295,.T.);
#3073=EDGE_CURVE('',#2467,#2466,#1296,.T.);
#3074=EDGE_CURVE('',#2456,#2465,#1297,.T.);
#3075=EDGE_CURVE('',#2468,#2468,#213,.T.);
#3076=EDGE_CURVE('',#2467,#2461,#1298,.T.);
#3077=EDGE_CURVE('',#2469,#2470,#1299,.T.);
#3078=EDGE_CURVE('',#2471,#2469,#1300,.T.);
#3079=EDGE_CURVE('',#2472,#2471,#1301,.T.);
#3080=EDGE_CURVE('',#2470,#2472,#1302,.T.);
#3081=EDGE_CURVE('',#2473,#2474,#1303,.T.);
#3082=EDGE_CURVE('',#2475,#2473,#1304,.T.);
#3083=EDGE_CURVE('',#2476,#2475,#1305,.T.);
#3084=EDGE_CURVE('',#2474,#2476,#1306,.T.);
#3085=EDGE_CURVE('',#2463,#2477,#1307,.T.);
#3086=EDGE_CURVE('',#2477,#2477,#214,.T.);
#3087=EDGE_CURVE('',#2478,#2478,#215,.T.);
#3088=EDGE_CURVE('',#2478,#2468,#1308,.T.);
#3089=EDGE_CURVE('',#2479,#2480,#1309,.T.);
#3090=EDGE_CURVE('',#2481,#2480,#1310,.T.);
#3091=EDGE_CURVE('',#2481,#2482,#1311,.T.);
#3092=EDGE_CURVE('',#2479,#2482,#1312,.T.);
#3093=EDGE_CURVE('',#2483,#2481,#1313,.T.);
#3094=EDGE_CURVE('',#2484,#2483,#1314,.T.);
#3095=EDGE_CURVE('',#2473,#2484,#1315,.T.);
#3096=EDGE_CURVE('',#2474,#2482,#1316,.T.);
#3097=EDGE_CURVE('',#2485,#2485,#216,.T.);
#3098=EDGE_CURVE('',#2476,#2479,#1317,.T.);
#3099=EDGE_CURVE('',#2486,#2483,#1318,.T.);
#3100=EDGE_CURVE('',#2486,#2487,#1319,.T.);
#3101=EDGE_CURVE('',#2484,#2487,#1320,.T.);
#3102=EDGE_CURVE('',#2475,#2487,#1321,.T.);
#3103=EDGE_CURVE('',#2480,#2486,#1322,.T.);
#3104=EDGE_CURVE('',#2488,#2488,#217,.T.);
#3105=EDGE_CURVE('',#2489,#2489,#218,.T.);
#3106=EDGE_CURVE('',#2489,#2485,#1323,.T.);
#3107=EDGE_CURVE('',#2488,#2490,#1324,.T.);
#3108=EDGE_CURVE('',#2490,#2490,#219,.T.);
#3109=EDGE_CURVE('',#2491,#2492,#1325,.T.);
#3110=EDGE_CURVE('',#2491,#2493,#1326,.T.);
#3111=EDGE_CURVE('',#2494,#2493,#1327,.T.);
#3112=EDGE_CURVE('',#2494,#2492,#1328,.T.);
#3113=EDGE_CURVE('',#2495,#2493,#1329,.T.);
#3114=EDGE_CURVE('',#2496,#2495,#1330,.T.);
#3115=EDGE_CURVE('',#2496,#2497,#1331,.T.);
#3116=EDGE_CURVE('',#2497,#2498,#1332,.T.);
#3117=EDGE_CURVE('',#2498,#2494,#1333,.T.);
#3118=EDGE_CURVE('',#2499,#2499,#220,.T.);
#3119=EDGE_CURVE('',#2500,#2491,#1334,.T.);
#3120=EDGE_CURVE('',#2495,#2500,#1335,.T.);
#3121=EDGE_CURVE('',#2497,#2501,#1336,.T.);
#3122=EDGE_CURVE('',#2502,#2501,#1337,.T.);
#3123=EDGE_CURVE('',#2502,#2498,#1338,.T.);
#3124=EDGE_CURVE('',#2492,#2502,#1339,.T.);
#3125=EDGE_CURVE('',#2503,#2501,#1340,.T.);
#3126=EDGE_CURVE('',#2500,#2503,#1341,.T.);
#3127=EDGE_CURVE('',#2504,#2504,#221,.T.);
#3128=EDGE_CURVE('',#2503,#2496,#1342,.T.);
#3129=EDGE_CURVE('',#2505,#2506,#1343,.T.);
#3130=EDGE_CURVE('',#2505,#2507,#1344,.T.);
#3131=EDGE_CURVE('',#2508,#2507,#1345,.T.);
#3132=EDGE_CURVE('',#2508,#2506,#1346,.T.);
#3133=EDGE_CURVE('',#2509,#2507,#1347,.T.);
#3134=EDGE_CURVE('',#2510,#2509,#1348,.T.);
#3135=EDGE_CURVE('',#2510,#2511,#1349,.T.);
#3136=EDGE_CURVE('',#2511,#2512,#1350,.T.);
#3137=EDGE_CURVE('',#2512,#2508,#1351,.T.);
#3138=EDGE_CURVE('',#2513,#2513,#222,.T.);
#3139=EDGE_CURVE('',#2514,#2505,#1352,.T.);
#3140=EDGE_CURVE('',#2509,#2514,#1353,.T.);
#3141=EDGE_CURVE('',#2511,#2515,#1354,.T.);
#3142=EDGE_CURVE('',#2516,#2515,#1355,.T.);
#3143=EDGE_CURVE('',#2516,#2512,#1356,.T.);
#3144=EDGE_CURVE('',#2506,#2516,#1357,.T.);
#3145=EDGE_CURVE('',#2517,#2515,#1358,.T.);
#3146=EDGE_CURVE('',#2514,#2517,#1359,.T.);
#3147=EDGE_CURVE('',#2518,#2518,#223,.T.);
#3148=EDGE_CURVE('',#2517,#2510,#1360,.T.);
#3149=EDGE_CURVE('',#2513,#2519,#1361,.T.);
#3150=EDGE_CURVE('',#2519,#2519,#224,.T.);
#3151=EDGE_CURVE('',#2520,#2520,#225,.T.);
#3152=EDGE_CURVE('',#2520,#2499,#1362,.T.);
#3153=EDGE_CURVE('',#2521,#2521,#226,.T.);
#3154=EDGE_CURVE('',#2521,#2522,#1363,.T.);
#3155=EDGE_CURVE('',#2522,#2522,#227,.T.);
#3156=EDGE_CURVE('',#2523,#2523,#228,.T.);
#3157=EDGE_CURVE('',#2524,#2524,#229,.T.);
#3158=EDGE_CURVE('',#2524,#2521,#1364,.T.);
#3159=EDGE_CURVE('',#2525,#2525,#230,.T.);
#3160=EDGE_CURVE('',#2525,#2526,#1365,.T.);
#3161=EDGE_CURVE('',#2526,#2526,#231,.T.);
#3162=EDGE_CURVE('',#2527,#2527,#232,.T.);
#3163=EDGE_CURVE('',#2528,#2528,#233,.T.);
#3164=EDGE_CURVE('',#2528,#2525,#1366,.T.);
#3165=EDGE_CURVE('',#2529,#2530,#1367,.T.);
#3166=EDGE_CURVE('',#2530,#2469,#234,.T.);
#3167=EDGE_CURVE('',#2469,#2531,#1368,.T.);
#3168=EDGE_CURVE('',#2531,#2529,#235,.T.);
#3169=EDGE_CURVE('',#2532,#2533,#1369,.T.);
#3170=EDGE_CURVE('',#2533,#2534,#236,.T.);
#3171=EDGE_CURVE('',#2534,#2535,#1370,.T.);
#3172=EDGE_CURVE('',#2535,#2532,#237,.T.);
#3173=EDGE_CURVE('',#2532,#2536,#1371,.T.);
#3174=EDGE_CURVE('',#2536,#2537,#1372,.T.);
#3175=EDGE_CURVE('',#2537,#2533,#1373,.T.);
#3176=EDGE_CURVE('',#2538,#2470,#1374,.T.);
#3177=EDGE_CURVE('',#2470,#2537,#238,.T.);
#3178=EDGE_CURVE('',#2536,#2538,#239,.T.);
#3179=EDGE_CURVE('',#2534,#2539,#1375,.T.);
#3180=EDGE_CURVE('',#2539,#2540,#1376,.T.);
#3181=EDGE_CURVE('',#2540,#2535,#1377,.T.);
#3182=EDGE_CURVE('',#2538,#2531,#1378,.T.);
#3183=EDGE_CURVE('',#2539,#2541,#240,.T.);
#3184=EDGE_CURVE('',#2541,#2542,#1379,.T.);
#3185=EDGE_CURVE('',#2542,#2540,#241,.T.);
#3186=EDGE_CURVE('',#2529,#2542,#1380,.T.);
#3187=EDGE_CURVE('',#2541,#2530,#1381,.T.);
#3188=EDGE_CURVE('',#2543,#2541,#1382,.T.);
#3189=EDGE_CURVE('',#2544,#2543,#1383,.T.);
#3190=EDGE_CURVE('',#2530,#2544,#1384,.T.);
#3191=EDGE_CURVE('',#2545,#2546,#1385,.T.);
#3192=EDGE_CURVE('',#2547,#2545,#1386,.T.);
#3193=EDGE_CURVE('',#2548,#2547,#242,.T.);
#3194=EDGE_CURVE('',#2549,#2548,#1387,.T.);
#3195=EDGE_CURVE('',#2550,#2549,#1388,.T.);
#3196=EDGE_CURVE('',#2546,#2550,#243,.T.);
#3197=EDGE_CURVE('',#2551,#2552,#1389,.T.);
#3198=EDGE_CURVE('',#2553,#2551,#244,.T.);
#3199=EDGE_CURVE('',#2552,#2553,#1390,.T.);
#3200=EDGE_CURVE('',#2554,#2555,#1391,.T.);
#3201=EDGE_CURVE('',#2556,#2554,#1392,.T.);
#3202=EDGE_CURVE('',#2557,#2556,#245,.T.);
#3203=EDGE_CURVE('',#2558,#2557,#1393,.T.);
#3204=EDGE_CURVE('',#2559,#2558,#1394,.T.);
#3205=EDGE_CURVE('',#2555,#2559,#246,.T.);
#3206=EDGE_CURVE('',#2539,#2560,#1395,.T.);
#3207=EDGE_CURVE('',#2543,#2560,#247,.T.);
#3208=EDGE_CURVE('',#2561,#2534,#1396,.T.);
#3209=EDGE_CURVE('',#2560,#2561,#1397,.T.);
#3210=EDGE_CURVE('',#2533,#2562,#1398,.T.);
#3211=EDGE_CURVE('',#2561,#2562,#248,.T.);
#3212=EDGE_CURVE('',#2563,#2563,#249,.T.);
#3213=EDGE_CURVE('',#2564,#2564,#250,.T.);
#3214=EDGE_CURVE('',#2565,#2565,#251,.T.);
#3215=EDGE_CURVE('',#2566,#2566,#252,.T.);
#3216=EDGE_CURVE('',#2567,#2567,#253,.T.);
#3217=EDGE_CURVE('',#2568,#2568,#254,.T.);
#3218=EDGE_CURVE('',#2388,#2543,#1399,.T.);
#3219=EDGE_CURVE('',#2560,#2389,#1400,.T.);
#3220=EDGE_CURVE('',#2390,#2561,#1401,.T.);
#3221=EDGE_CURVE('',#2562,#2384,#1402,.T.);
#3222=EDGE_CURVE('',#2569,#2383,#1403,.T.);
#3223=EDGE_CURVE('',#2562,#2569,#1404,.T.);
#3224=EDGE_CURVE('',#2569,#2472,#255,.T.);
#3225=EDGE_CURVE('',#2472,#2385,#1405,.T.);
#3226=EDGE_CURVE('',#2471,#2386,#1406,.T.);
#3227=EDGE_CURVE('',#2471,#2544,#256,.T.);
#3228=EDGE_CURVE('',#2544,#2387,#1407,.T.);
#3229=EDGE_CURVE('',#2569,#2537,#1408,.T.);
#3230=EDGE_CURVE('',#2570,#2571,#1409,.T.);
#3231=EDGE_CURVE('',#2572,#2570,#1410,.T.);
#3232=EDGE_CURVE('',#2573,#2572,#257,.T.);
#3233=EDGE_CURVE('',#2574,#2573,#1411,.T.);
#3234=EDGE_CURVE('',#2575,#2574,#1412,.T.);
#3235=EDGE_CURVE('',#2571,#2575,#258,.T.);
#3236=EDGE_CURVE('',#2576,#2577,#1413,.T.);
#3237=EDGE_CURVE('',#2578,#2576,#259,.T.);
#3238=EDGE_CURVE('',#2577,#2578,#1414,.T.);
#3239=EDGE_CURVE('',#2579,#2580,#1415,.T.);
#3240=EDGE_CURVE('',#2581,#2579,#1416,.T.);
#3241=EDGE_CURVE('',#2582,#2581,#260,.T.);
#3242=EDGE_CURVE('',#2583,#2582,#1417,.T.);
#3243=EDGE_CURVE('',#2584,#2583,#1418,.T.);
#3244=EDGE_CURVE('',#2580,#2584,#261,.T.);
#3245=EDGE_CURVE('',#2585,#2586,#1419,.T.);
#3246=EDGE_CURVE('',#2586,#2587,#1420,.T.);
#3247=EDGE_CURVE('',#2587,#2588,#1421,.T.);
#3248=EDGE_CURVE('',#2585,#2588,#1422,.T.);
#3249=EDGE_CURVE('',#2589,#2590,#1423,.T.);
#3250=EDGE_CURVE('',#2590,#2587,#262,.T.);
#3251=EDGE_CURVE('',#2586,#2589,#263,.T.);
#3252=EDGE_CURVE('',#2588,#2590,#1424,.T.);
#3253=EDGE_CURVE('',#2589,#2585,#1425,.T.);
#3254=EDGE_CURVE('',#2591,#2588,#1426,.T.);
#3255=EDGE_CURVE('',#2592,#2591,#1427,.T.);
#3256=EDGE_CURVE('',#2592,#2590,#1428,.T.);
#3257=EDGE_CURVE('',#2593,#2587,#1429,.T.);
#3258=EDGE_CURVE('',#2591,#2593,#1430,.T.);
#3259=EDGE_CURVE('',#2594,#2595,#1431,.T.);
#3260=EDGE_CURVE('',#2594,#2596,#1432,.T.);
#3261=EDGE_CURVE('',#2596,#2597,#1433,.T.);
#3262=EDGE_CURVE('',#2595,#2597,#1434,.T.);
#3263=EDGE_CURVE('',#2573,#2598,#1435,.T.);
#3264=EDGE_CURVE('',#2598,#2599,#1436,.T.);
#3265=EDGE_CURVE('',#2599,#2574,#1437,.T.);
#3266=EDGE_CURVE('',#2571,#2600,#1438,.T.);
#3267=EDGE_CURVE('',#2600,#2601,#1439,.T.);
#3268=EDGE_CURVE('',#2601,#2570,#1440,.T.);
#3269=EDGE_CURVE('',#2575,#2602,#1441,.T.);
#3270=EDGE_CURVE('',#2602,#2600,#264,.T.);
#3271=EDGE_CURVE('',#2599,#2602,#1442,.T.);
#3272=EDGE_CURVE('',#2572,#2603,#1443,.T.);
#3273=EDGE_CURVE('',#2603,#2598,#265,.T.);
#3274=EDGE_CURVE('',#2601,#2603,#1444,.T.);
#3275=EDGE_CURVE('',#2603,#2604,#1445,.T.);
#3276=EDGE_CURVE('',#2605,#2604,#266,.T.);
#3277=EDGE_CURVE('',#2598,#2605,#1446,.T.);
#3278=EDGE_CURVE('',#2601,#2606,#1447,.T.);
#3279=EDGE_CURVE('',#2604,#2606,#1448,.T.);
#3280=EDGE_CURVE('',#2600,#2607,#1449,.T.);
#3281=EDGE_CURVE('',#2606,#2607,#1450,.T.);
#3282=EDGE_CURVE('',#2608,#2609,#1451,.T.);
#3283=EDGE_CURVE('',#2609,#2610,#1452,.T.);
#3284=EDGE_CURVE('',#2610,#2611,#1453,.T.);
#3285=EDGE_CURVE('',#2608,#2611,#1454,.T.);
#3286=EDGE_CURVE('',#2612,#2613,#1455,.T.);
#3287=EDGE_CURVE('',#2613,#2610,#267,.T.);
#3288=EDGE_CURVE('',#2609,#2612,#268,.T.);
#3289=EDGE_CURVE('',#2611,#2613,#1456,.T.);
#3290=EDGE_CURVE('',#2612,#2608,#1457,.T.);
#3291=EDGE_CURVE('',#2611,#2614,#1458,.T.);
#3292=EDGE_CURVE('',#2615,#2614,#1459,.T.);
#3293=EDGE_CURVE('',#2613,#2615,#1460,.T.);
#3294=EDGE_CURVE('',#2610,#2616,#1461,.T.);
#3295=EDGE_CURVE('',#2614,#2616,#1462,.T.);
#3296=EDGE_CURVE('',#2617,#2618,#1463,.T.);
#3297=EDGE_CURVE('',#2617,#2619,#1464,.T.);
#3298=EDGE_CURVE('',#2619,#2620,#1465,.T.);
#3299=EDGE_CURVE('',#2618,#2620,#1466,.T.);
#3300=EDGE_CURVE('',#2621,#2622,#1467,.T.);
#3301=EDGE_CURVE('',#2622,#2623,#1468,.T.);
#3302=EDGE_CURVE('',#2623,#2624,#1469,.T.);
#3303=EDGE_CURVE('',#2624,#2621,#1470,.T.);
#3304=EDGE_CURVE('',#2625,#2626,#1471,.T.);
#3305=EDGE_CURVE('',#2626,#2627,#1472,.T.);
#3306=EDGE_CURVE('',#2627,#2628,#1473,.T.);
#3307=EDGE_CURVE('',#2628,#2625,#1474,.T.);
#3308=EDGE_CURVE('',#2629,#2630,#1475,.T.);
#3309=EDGE_CURVE('',#2630,#2627,#269,.T.);
#3310=EDGE_CURVE('',#2626,#2629,#270,.T.);
#3311=EDGE_CURVE('',#2624,#2630,#1476,.T.);
#3312=EDGE_CURVE('',#2629,#2621,#1477,.T.);
#3313=EDGE_CURVE('',#2631,#2632,#1478,.T.);
#3314=EDGE_CURVE('',#2632,#2623,#271,.T.);
#3315=EDGE_CURVE('',#2622,#2631,#272,.T.);
#3316=EDGE_CURVE('',#2628,#2632,#1479,.T.);
#3317=EDGE_CURVE('',#2631,#2625,#1480,.T.);
#3318=EDGE_CURVE('',#2633,#2629,#1481,.T.);
#3319=EDGE_CURVE('',#2634,#2633,#1482,.T.);
#3320=EDGE_CURVE('',#2634,#2621,#1483,.T.);
#3321=EDGE_CURVE('',#2635,#2626,#1484,.T.);
#3322=EDGE_CURVE('',#2633,#2635,#273,.T.);
#3323=EDGE_CURVE('',#2636,#2625,#1485,.T.);
#3324=EDGE_CURVE('',#2635,#2636,#1486,.T.);
#3325=EDGE_CURVE('',#2637,#2638,#1487,.T.);
#3326=EDGE_CURVE('',#2638,#2369,#1488,.T.);
#3327=EDGE_CURVE('',#2368,#2637,#1489,.T.);
#3328=EDGE_CURVE('',#2639,#2640,#1490,.T.);
#3329=EDGE_CURVE('',#2640,#2365,#1491,.T.);
#3330=EDGE_CURVE('',#2366,#2639,#1492,.T.);
#3331=EDGE_CURVE('',#2641,#2367,#1493,.T.);
#3332=EDGE_CURVE('',#2640,#2641,#274,.T.);
#3333=EDGE_CURVE('',#2641,#2637,#1494,.T.);
#3334=EDGE_CURVE('',#2642,#2370,#1495,.T.);
#3335=EDGE_CURVE('',#2638,#2642,#275,.T.);
#3336=EDGE_CURVE('',#2642,#2639,#1496,.T.);
#3337=EDGE_CURVE('',#2643,#2641,#1497,.T.);
#3338=EDGE_CURVE('',#2644,#2643,#1498,.T.);
#3339=EDGE_CURVE('',#2644,#2637,#1499,.T.);
#3340=EDGE_CURVE('',#2645,#2640,#1500,.T.);
#3341=EDGE_CURVE('',#2643,#2645,#276,.T.);
#3342=EDGE_CURVE('',#2646,#2639,#1501,.T.);
#3343=EDGE_CURVE('',#2645,#2646,#1502,.T.);
#3344=EDGE_CURVE('',#2548,#2645,#1503,.T.);
#3345=EDGE_CURVE('',#2646,#2549,#1504,.T.);
#3346=EDGE_CURVE('',#2546,#2647,#1505,.T.);
#3347=EDGE_CURVE('',#2647,#2644,#1506,.T.);
#3348=EDGE_CURVE('',#2644,#2545,#1507,.T.);
#3349=EDGE_CURVE('',#2550,#2648,#1508,.T.);
#3350=EDGE_CURVE('',#2648,#2647,#277,.T.);
#3351=EDGE_CURVE('',#2646,#2648,#1509,.T.);
#3352=EDGE_CURVE('',#2547,#2643,#1510,.T.);
#3353=EDGE_CURVE('',#2647,#2638,#1511,.T.);
#3354=EDGE_CURVE('',#2557,#2635,#1512,.T.);
#3355=EDGE_CURVE('',#2636,#2558,#1513,.T.);
#3356=EDGE_CURVE('',#2555,#2649,#1514,.T.);
#3357=EDGE_CURVE('',#2649,#2634,#1515,.T.);
#3358=EDGE_CURVE('',#2634,#2554,#1516,.T.);
#3359=EDGE_CURVE('',#2559,#2650,#1517,.T.);
#3360=EDGE_CURVE('',#2650,#2649,#278,.T.);
#3361=EDGE_CURVE('',#2636,#2650,#1518,.T.);
#3362=EDGE_CURVE('',#2556,#2633,#1519,.T.);
#3363=EDGE_CURVE('',#2649,#2622,#1520,.T.);
#3364=EDGE_CURVE('',#2651,#2652,#1521,.T.);
#3365=EDGE_CURVE('',#2652,#2381,#1522,.T.);
#3366=EDGE_CURVE('',#2380,#2651,#1523,.T.);
#3367=EDGE_CURVE('',#2653,#2654,#1524,.T.);
#3368=EDGE_CURVE('',#2654,#2377,#1525,.T.);
#3369=EDGE_CURVE('',#2378,#2653,#1526,.T.);
#3370=EDGE_CURVE('',#2655,#2379,#1527,.T.);
#3371=EDGE_CURVE('',#2654,#2655,#279,.T.);
#3372=EDGE_CURVE('',#2655,#2651,#1528,.T.);
#3373=EDGE_CURVE('',#2656,#2382,#1529,.T.);
#3374=EDGE_CURVE('',#2652,#2656,#280,.T.);
#3375=EDGE_CURVE('',#2656,#2653,#1530,.T.);
#3376=EDGE_CURVE('',#2584,#2655,#1531,.T.);
#3377=EDGE_CURVE('',#2583,#2651,#1532,.T.);
#3378=EDGE_CURVE('',#2580,#2654,#1533,.T.);
#3379=EDGE_CURVE('',#2579,#2653,#1534,.T.);
#3380=EDGE_CURVE('',#2657,#2605,#1535,.T.);
#3381=EDGE_CURVE('',#2605,#2375,#1536,.T.);
#3382=EDGE_CURVE('',#2374,#2657,#1537,.T.);
#3383=EDGE_CURVE('',#2607,#2371,#1538,.T.);
#3384=EDGE_CURVE('',#2372,#2606,#1539,.T.);
#3385=EDGE_CURVE('',#2658,#2373,#1540,.T.);
#3386=EDGE_CURVE('',#2607,#2658,#281,.T.);
#3387=EDGE_CURVE('',#2658,#2657,#1541,.T.);
#3388=EDGE_CURVE('',#2604,#2376,#1542,.T.);
#3389=EDGE_CURVE('',#2599,#2657,#1543,.T.);
#3390=EDGE_CURVE('',#2602,#2658,#1544,.T.);
#3391=EDGE_CURVE('',#2618,#2398,#1545,.T.);
#3392=EDGE_CURVE('',#2397,#2617,#1546,.T.);
#3393=EDGE_CURVE('',#2659,#2392,#1547,.T.);
#3394=EDGE_CURVE('',#2618,#2659,#282,.T.);
#3395=EDGE_CURVE('',#2660,#2391,#1548,.T.);
#3396=EDGE_CURVE('',#2659,#2660,#1549,.T.);
#3397=EDGE_CURVE('',#2594,#2393,#1550,.T.);
#3398=EDGE_CURVE('',#2660,#2594,#283,.T.);
#3399=EDGE_CURVE('',#2595,#2394,#1551,.T.);
#3400=EDGE_CURVE('',#2661,#2395,#1552,.T.);
#3401=EDGE_CURVE('',#2595,#2661,#284,.T.);
#3402=EDGE_CURVE('',#2662,#2396,#1553,.T.);
#3403=EDGE_CURVE('',#2661,#2662,#1554,.T.);
#3404=EDGE_CURVE('',#2662,#2617,#285,.T.);
#3405=EDGE_CURVE('',#2660,#2663,#1555,.T.);
#3406=EDGE_CURVE('',#2663,#2596,#286,.T.);
#3407=EDGE_CURVE('',#2659,#2664,#1556,.T.);
#3408=EDGE_CURVE('',#2664,#2663,#1557,.T.);
#3409=EDGE_CURVE('',#2620,#2664,#287,.T.);
#3410=EDGE_CURVE('',#2593,#2551,#1558,.T.);
#3411=EDGE_CURVE('',#2591,#2552,#1559,.T.);
#3412=EDGE_CURVE('',#2592,#2553,#1560,.T.);
#3413=EDGE_CURVE('',#2593,#2592,#288,.T.);
#3414=EDGE_CURVE('',#2616,#2576,#1561,.T.);
#3415=EDGE_CURVE('',#2577,#2614,#1562,.T.);
#3416=EDGE_CURVE('',#2615,#2578,#1563,.T.);
#3417=EDGE_CURVE('',#2616,#2615,#289,.T.);
#3418=EDGE_CURVE('',#2581,#2656,#1564,.T.);
#3419=EDGE_CURVE('',#2582,#2652,#1565,.T.);
#3420=EDGE_CURVE('',#2648,#2642,#1566,.T.);
#3421=EDGE_CURVE('',#2650,#2631,#1567,.T.);
#3422=EDGE_CURVE('',#2662,#2665,#1568,.T.);
#3423=EDGE_CURVE('',#2665,#2619,#290,.T.);
#3424=EDGE_CURVE('',#2661,#2666,#1569,.T.);
#3425=EDGE_CURVE('',#2666,#2665,#1570,.T.);
#3426=EDGE_CURVE('',#2597,#2666,#291,.T.);
#3427=EDGE_CURVE('',#2667,#2667,#292,.T.);
#3428=EDGE_CURVE('',#2667,#2568,#1571,.T.);
#3429=EDGE_CURVE('',#2523,#2667,#1572,.T.);
#3430=EDGE_CURVE('',#2668,#2668,#293,.T.);
#3431=EDGE_CURVE('',#2668,#2563,#1573,.T.);
#3432=EDGE_CURVE('',#2527,#2668,#1574,.T.);
#3433=EDGE_CURVE('',#2489,#2564,#1575,.T.);
#3434=EDGE_CURVE('',#2669,#2669,#294,.T.);
#3435=EDGE_CURVE('',#2669,#2565,#1576,.T.);
#3436=EDGE_CURVE('',#2669,#2518,#1577,.T.);
#3437=EDGE_CURVE('',#2520,#2566,#1578,.T.);
#3438=EDGE_CURVE('',#2504,#2670,#1579,.T.);
#3439=EDGE_CURVE('',#2670,#2670,#295,.T.);
#3440=EDGE_CURVE('',#2478,#2567,#1580,.T.);
#3441=ORIENTED_EDGE('',*,*,#2671,.T.);
#3442=ORIENTED_EDGE('',*,*,#2672,.T.);
#3443=ORIENTED_EDGE('',*,*,#2673,.T.);
#3444=ORIENTED_EDGE('',*,*,#2674,.T.);
#3445=ORIENTED_EDGE('',*,*,#2672,.F.);
#3446=ORIENTED_EDGE('',*,*,#2675,.T.);
#3447=ORIENTED_EDGE('',*,*,#2676,.F.);
#3448=ORIENTED_EDGE('',*,*,#2677,.T.);
#3449=ORIENTED_EDGE('',*,*,#2678,.T.);
#3450=ORIENTED_EDGE('',*,*,#2679,.T.);
#3451=ORIENTED_EDGE('',*,*,#2680,.F.);
#3452=ORIENTED_EDGE('',*,*,#2681,.T.);
#3453=ORIENTED_EDGE('',*,*,#2682,.T.);
#3454=ORIENTED_EDGE('',*,*,#2683,.T.);
#3455=ORIENTED_EDGE('',*,*,#2684,.F.);
#3456=ORIENTED_EDGE('',*,*,#2685,.F.);
#3457=ORIENTED_EDGE('',*,*,#2686,.T.);
#3458=ORIENTED_EDGE('',*,*,#2687,.T.);
#3459=ORIENTED_EDGE('',*,*,#2688,.T.);
#3460=ORIENTED_EDGE('',*,*,#2689,.T.);
#3461=ORIENTED_EDGE('',*,*,#2687,.F.);
#3462=ORIENTED_EDGE('',*,*,#2690,.T.);
#3463=ORIENTED_EDGE('',*,*,#2691,.T.);
#3464=ORIENTED_EDGE('',*,*,#2692,.T.);
#3465=ORIENTED_EDGE('',*,*,#2693,.T.);
#3466=ORIENTED_EDGE('',*,*,#2694,.T.);
#3467=ORIENTED_EDGE('',*,*,#2695,.T.);
#3468=ORIENTED_EDGE('',*,*,#2696,.T.);
#3469=ORIENTED_EDGE('',*,*,#2697,.T.);
#3470=ORIENTED_EDGE('',*,*,#2698,.T.);
#3471=ORIENTED_EDGE('',*,*,#2699,.T.);
#3472=ORIENTED_EDGE('',*,*,#2700,.T.);
#3473=ORIENTED_EDGE('',*,*,#2701,.T.);
#3474=ORIENTED_EDGE('',*,*,#2702,.T.);
#3475=ORIENTED_EDGE('',*,*,#2703,.T.);
#3476=ORIENTED_EDGE('',*,*,#2704,.T.);
#3477=ORIENTED_EDGE('',*,*,#2702,.F.);
#3478=ORIENTED_EDGE('',*,*,#2705,.T.);
#3479=ORIENTED_EDGE('',*,*,#2706,.F.);
#3480=ORIENTED_EDGE('',*,*,#2707,.T.);
#3481=ORIENTED_EDGE('',*,*,#2708,.T.);
#3482=ORIENTED_EDGE('',*,*,#2709,.T.);
#3483=ORIENTED_EDGE('',*,*,#2710,.F.);
#3484=ORIENTED_EDGE('',*,*,#2711,.T.);
#3485=ORIENTED_EDGE('',*,*,#2712,.T.);
#3486=ORIENTED_EDGE('',*,*,#2713,.T.);
#3487=ORIENTED_EDGE('',*,*,#2714,.F.);
#3488=ORIENTED_EDGE('',*,*,#2715,.T.);
#3489=ORIENTED_EDGE('',*,*,#2716,.T.);
#3490=ORIENTED_EDGE('',*,*,#2717,.T.);
#3491=ORIENTED_EDGE('',*,*,#2718,.T.);
#3492=ORIENTED_EDGE('',*,*,#2719,.T.);
#3493=ORIENTED_EDGE('',*,*,#2717,.F.);
#3494=ORIENTED_EDGE('',*,*,#2720,.T.);
#3495=ORIENTED_EDGE('',*,*,#2721,.T.);
#3496=ORIENTED_EDGE('',*,*,#2722,.T.);
#3497=ORIENTED_EDGE('',*,*,#2723,.T.);
#3498=ORIENTED_EDGE('',*,*,#2724,.T.);
#3499=ORIENTED_EDGE('',*,*,#2725,.T.);
#3500=ORIENTED_EDGE('',*,*,#2726,.T.);
#3501=ORIENTED_EDGE('',*,*,#2727,.T.);
#3502=ORIENTED_EDGE('',*,*,#2728,.T.);
#3503=ORIENTED_EDGE('',*,*,#2729,.T.);
#3504=ORIENTED_EDGE('',*,*,#2730,.F.);
#3505=ORIENTED_EDGE('',*,*,#2731,.T.);
#3506=ORIENTED_EDGE('',*,*,#2732,.T.);
#3507=ORIENTED_EDGE('',*,*,#2733,.T.);
#3508=ORIENTED_EDGE('',*,*,#2734,.T.);
#3509=ORIENTED_EDGE('',*,*,#2732,.F.);
#3510=ORIENTED_EDGE('',*,*,#2735,.T.);
#3511=ORIENTED_EDGE('',*,*,#2736,.F.);
#3512=ORIENTED_EDGE('',*,*,#2737,.T.);
#3513=ORIENTED_EDGE('',*,*,#2738,.T.);
#3514=ORIENTED_EDGE('',*,*,#2739,.T.);
#3515=ORIENTED_EDGE('',*,*,#2740,.F.);
#3516=ORIENTED_EDGE('',*,*,#2741,.T.);
#3517=ORIENTED_EDGE('',*,*,#2742,.T.);
#3518=ORIENTED_EDGE('',*,*,#2743,.T.);
#3519=ORIENTED_EDGE('',*,*,#2744,.F.);
#3520=ORIENTED_EDGE('',*,*,#2745,.F.);
#3521=ORIENTED_EDGE('',*,*,#2746,.T.);
#3522=ORIENTED_EDGE('',*,*,#2747,.T.);
#3523=ORIENTED_EDGE('',*,*,#2748,.T.);
#3524=ORIENTED_EDGE('',*,*,#2749,.T.);
#3525=ORIENTED_EDGE('',*,*,#2747,.F.);
#3526=ORIENTED_EDGE('',*,*,#2750,.T.);
#3527=ORIENTED_EDGE('',*,*,#2751,.T.);
#3528=ORIENTED_EDGE('',*,*,#2752,.T.);
#3529=ORIENTED_EDGE('',*,*,#2753,.T.);
#3530=ORIENTED_EDGE('',*,*,#2754,.T.);
#3531=ORIENTED_EDGE('',*,*,#2755,.T.);
#3532=ORIENTED_EDGE('',*,*,#2756,.T.);
#3533=ORIENTED_EDGE('',*,*,#2757,.T.);
#3534=ORIENTED_EDGE('',*,*,#2758,.T.);
#3535=ORIENTED_EDGE('',*,*,#2759,.T.);
#3536=ORIENTED_EDGE('',*,*,#2760,.T.);
#3537=ORIENTED_EDGE('',*,*,#2761,.T.);
#3538=ORIENTED_EDGE('',*,*,#2762,.T.);
#3539=ORIENTED_EDGE('',*,*,#2763,.T.);
#3540=ORIENTED_EDGE('',*,*,#2764,.T.);
#3541=ORIENTED_EDGE('',*,*,#2762,.F.);
#3542=ORIENTED_EDGE('',*,*,#2765,.T.);
#3543=ORIENTED_EDGE('',*,*,#2766,.F.);
#3544=ORIENTED_EDGE('',*,*,#2767,.T.);
#3545=ORIENTED_EDGE('',*,*,#2768,.T.);
#3546=ORIENTED_EDGE('',*,*,#2769,.T.);
#3547=ORIENTED_EDGE('',*,*,#2770,.F.);
#3548=ORIENTED_EDGE('',*,*,#2771,.T.);
#3549=ORIENTED_EDGE('',*,*,#2772,.T.);
#3550=ORIENTED_EDGE('',*,*,#2773,.T.);
#3551=ORIENTED_EDGE('',*,*,#2774,.F.);
#3552=ORIENTED_EDGE('',*,*,#2775,.T.);
#3553=ORIENTED_EDGE('',*,*,#2776,.T.);
#3554=ORIENTED_EDGE('',*,*,#2777,.T.);
#3555=ORIENTED_EDGE('',*,*,#2778,.T.);
#3556=ORIENTED_EDGE('',*,*,#2779,.T.);
#3557=ORIENTED_EDGE('',*,*,#2777,.F.);
#3558=ORIENTED_EDGE('',*,*,#2780,.T.);
#3559=ORIENTED_EDGE('',*,*,#2781,.T.);
#3560=ORIENTED_EDGE('',*,*,#2782,.T.);
#3561=ORIENTED_EDGE('',*,*,#2783,.T.);
#3562=ORIENTED_EDGE('',*,*,#2784,.T.);
#3563=ORIENTED_EDGE('',*,*,#2785,.T.);
#3564=ORIENTED_EDGE('',*,*,#2786,.T.);
#3565=ORIENTED_EDGE('',*,*,#2787,.T.);
#3566=ORIENTED_EDGE('',*,*,#2788,.T.);
#3567=ORIENTED_EDGE('',*,*,#2789,.T.);
#3568=ORIENTED_EDGE('',*,*,#2790,.F.);
#3569=ORIENTED_EDGE('',*,*,#2791,.T.);
#3570=ORIENTED_EDGE('',*,*,#2792,.T.);
#3571=ORIENTED_EDGE('',*,*,#2793,.T.);
#3572=ORIENTED_EDGE('',*,*,#2677,.F.);
#3573=ORIENTED_EDGE('',*,*,#2794,.T.);
#3574=ORIENTED_EDGE('',*,*,#2698,.F.);
#3575=ORIENTED_EDGE('',*,*,#2795,.F.);
#3576=ORIENTED_EDGE('',*,*,#2796,.F.);
#3577=ORIENTED_EDGE('',*,*,#2797,.T.);
#3578=ORIENTED_EDGE('',*,*,#2798,.T.);
#3579=ORIENTED_EDGE('',*,*,#2799,.T.);
#3580=ORIENTED_EDGE('',*,*,#2692,.F.);
#3581=ORIENTED_EDGE('',*,*,#2800,.F.);
#3582=ORIENTED_EDGE('',*,*,#2801,.T.);
#3583=ORIENTED_EDGE('',*,*,#2802,.T.);
#3584=ORIENTED_EDGE('',*,*,#2680,.T.);
#3585=ORIENTED_EDGE('',*,*,#2803,.F.);
#3586=ORIENTED_EDGE('',*,*,#2804,.T.);
#3587=ORIENTED_EDGE('',*,*,#2791,.F.);
#3588=ORIENTED_EDGE('',*,*,#2676,.T.);
#3589=ORIENTED_EDGE('',*,*,#2805,.T.);
#3590=ORIENTED_EDGE('',*,*,#2699,.F.);
#3591=ORIENTED_EDGE('',*,*,#2794,.F.);
#3592=ORIENTED_EDGE('',*,*,#2806,.F.);
#3593=ORIENTED_EDGE('',*,*,#2807,.F.);
#3594=ORIENTED_EDGE('',*,*,#2695,.F.);
#3595=ORIENTED_EDGE('',*,*,#2808,.T.);
#3596=ORIENTED_EDGE('',*,*,#2809,.F.);
#3597=ORIENTED_EDGE('',*,*,#2797,.F.);
#3598=ORIENTED_EDGE('',*,*,#2691,.F.);
#3599=ORIENTED_EDGE('',*,*,#2810,.T.);
#3600=ORIENTED_EDGE('',*,*,#2684,.T.);
#3601=ORIENTED_EDGE('',*,*,#2807,.T.);
#3602=ORIENTED_EDGE('',*,*,#2811,.T.);
#3603=ORIENTED_EDGE('',*,*,#2812,.T.);
#3604=ORIENTED_EDGE('',*,*,#2696,.F.);
#3605=ORIENTED_EDGE('',*,*,#2808,.F.);
#3606=ORIENTED_EDGE('',*,*,#2694,.F.);
#3607=ORIENTED_EDGE('',*,*,#2813,.F.);
#3608=ORIENTED_EDGE('',*,*,#2814,.F.);
#3609=ORIENTED_EDGE('',*,*,#2802,.F.);
#3610=ORIENTED_EDGE('',*,*,#2815,.T.);
#3611=ORIENTED_EDGE('',*,*,#2816,.T.);
#3612=ORIENTED_EDGE('',*,*,#2681,.F.);
#3613=ORIENTED_EDGE('',*,*,#2817,.T.);
#3614=ORIENTED_EDGE('',*,*,#2818,.F.);
#3615=ORIENTED_EDGE('',*,*,#2819,.F.);
#3616=ORIENTED_EDGE('',*,*,#2707,.F.);
#3617=ORIENTED_EDGE('',*,*,#2820,.T.);
#3618=ORIENTED_EDGE('',*,*,#2728,.F.);
#3619=ORIENTED_EDGE('',*,*,#2821,.F.);
#3620=ORIENTED_EDGE('',*,*,#2822,.F.);
#3621=ORIENTED_EDGE('',*,*,#2823,.T.);
#3622=ORIENTED_EDGE('',*,*,#2824,.T.);
#3623=ORIENTED_EDGE('',*,*,#2825,.T.);
#3624=ORIENTED_EDGE('',*,*,#2722,.F.);
#3625=ORIENTED_EDGE('',*,*,#2826,.F.);
#3626=ORIENTED_EDGE('',*,*,#2827,.T.);
#3627=ORIENTED_EDGE('',*,*,#2828,.T.);
#3628=ORIENTED_EDGE('',*,*,#2710,.T.);
#3629=ORIENTED_EDGE('',*,*,#2829,.F.);
#3630=ORIENTED_EDGE('',*,*,#2830,.T.);
#3631=ORIENTED_EDGE('',*,*,#2817,.F.);
#3632=ORIENTED_EDGE('',*,*,#2706,.T.);
#3633=ORIENTED_EDGE('',*,*,#2831,.T.);
#3634=ORIENTED_EDGE('',*,*,#2729,.F.);
#3635=ORIENTED_EDGE('',*,*,#2820,.F.);
#3636=ORIENTED_EDGE('',*,*,#2832,.F.);
#3637=ORIENTED_EDGE('',*,*,#2833,.F.);
#3638=ORIENTED_EDGE('',*,*,#2725,.F.);
#3639=ORIENTED_EDGE('',*,*,#2834,.T.);
#3640=ORIENTED_EDGE('',*,*,#2835,.F.);
#3641=ORIENTED_EDGE('',*,*,#2823,.F.);
#3642=ORIENTED_EDGE('',*,*,#2721,.F.);
#3643=ORIENTED_EDGE('',*,*,#2836,.T.);
#3644=ORIENTED_EDGE('',*,*,#2714,.T.);
#3645=ORIENTED_EDGE('',*,*,#2833,.T.);
#3646=ORIENTED_EDGE('',*,*,#2837,.T.);
#3647=ORIENTED_EDGE('',*,*,#2838,.T.);
#3648=ORIENTED_EDGE('',*,*,#2726,.F.);
#3649=ORIENTED_EDGE('',*,*,#2834,.F.);
#3650=ORIENTED_EDGE('',*,*,#2724,.F.);
#3651=ORIENTED_EDGE('',*,*,#2839,.F.);
#3652=ORIENTED_EDGE('',*,*,#2840,.F.);
#3653=ORIENTED_EDGE('',*,*,#2828,.F.);
#3654=ORIENTED_EDGE('',*,*,#2841,.F.);
#3655=ORIENTED_EDGE('',*,*,#2842,.F.);
#3656=ORIENTED_EDGE('',*,*,#2711,.F.);
#3657=ORIENTED_EDGE('',*,*,#2843,.T.);
#3658=ORIENTED_EDGE('',*,*,#2844,.T.);
#3659=ORIENTED_EDGE('',*,*,#2845,.T.);
#3660=ORIENTED_EDGE('',*,*,#2737,.F.);
#3661=ORIENTED_EDGE('',*,*,#2846,.T.);
#3662=ORIENTED_EDGE('',*,*,#2758,.F.);
#3663=ORIENTED_EDGE('',*,*,#2847,.F.);
#3664=ORIENTED_EDGE('',*,*,#2848,.F.);
#3665=ORIENTED_EDGE('',*,*,#2849,.T.);
#3666=ORIENTED_EDGE('',*,*,#2850,.T.);
#3667=ORIENTED_EDGE('',*,*,#2851,.T.);
#3668=ORIENTED_EDGE('',*,*,#2752,.F.);
#3669=ORIENTED_EDGE('',*,*,#2852,.F.);
#3670=ORIENTED_EDGE('',*,*,#2853,.T.);
#3671=ORIENTED_EDGE('',*,*,#2854,.T.);
#3672=ORIENTED_EDGE('',*,*,#2740,.T.);
#3673=ORIENTED_EDGE('',*,*,#2855,.F.);
#3674=ORIENTED_EDGE('',*,*,#2856,.T.);
#3675=ORIENTED_EDGE('',*,*,#2843,.F.);
#3676=ORIENTED_EDGE('',*,*,#2736,.T.);
#3677=ORIENTED_EDGE('',*,*,#2857,.T.);
#3678=ORIENTED_EDGE('',*,*,#2759,.F.);
#3679=ORIENTED_EDGE('',*,*,#2846,.F.);
#3680=ORIENTED_EDGE('',*,*,#2858,.F.);
#3681=ORIENTED_EDGE('',*,*,#2859,.F.);
#3682=ORIENTED_EDGE('',*,*,#2755,.F.);
#3683=ORIENTED_EDGE('',*,*,#2860,.T.);
#3684=ORIENTED_EDGE('',*,*,#2861,.F.);
#3685=ORIENTED_EDGE('',*,*,#2849,.F.);
#3686=ORIENTED_EDGE('',*,*,#2751,.F.);
#3687=ORIENTED_EDGE('',*,*,#2862,.T.);
#3688=ORIENTED_EDGE('',*,*,#2744,.T.);
#3689=ORIENTED_EDGE('',*,*,#2859,.T.);
#3690=ORIENTED_EDGE('',*,*,#2863,.T.);
#3691=ORIENTED_EDGE('',*,*,#2864,.T.);
#3692=ORIENTED_EDGE('',*,*,#2756,.F.);
#3693=ORIENTED_EDGE('',*,*,#2860,.F.);
#3694=ORIENTED_EDGE('',*,*,#2754,.F.);
#3695=ORIENTED_EDGE('',*,*,#2865,.F.);
#3696=ORIENTED_EDGE('',*,*,#2866,.F.);
#3697=ORIENTED_EDGE('',*,*,#2854,.F.);
#3698=ORIENTED_EDGE('',*,*,#2867,.T.);
#3699=ORIENTED_EDGE('',*,*,#2868,.T.);
#3700=ORIENTED_EDGE('',*,*,#2741,.F.);
#3701=ORIENTED_EDGE('',*,*,#2869,.T.);
#3702=ORIENTED_EDGE('',*,*,#2870,.F.);
#3703=ORIENTED_EDGE('',*,*,#2871,.F.);
#3704=ORIENTED_EDGE('',*,*,#2767,.F.);
#3705=ORIENTED_EDGE('',*,*,#2872,.T.);
#3706=ORIENTED_EDGE('',*,*,#2788,.F.);
#3707=ORIENTED_EDGE('',*,*,#2873,.F.);
#3708=ORIENTED_EDGE('',*,*,#2874,.F.);
#3709=ORIENTED_EDGE('',*,*,#2875,.T.);
#3710=ORIENTED_EDGE('',*,*,#2876,.T.);
#3711=ORIENTED_EDGE('',*,*,#2877,.T.);
#3712=ORIENTED_EDGE('',*,*,#2782,.F.);
#3713=ORIENTED_EDGE('',*,*,#2878,.F.);
#3714=ORIENTED_EDGE('',*,*,#2879,.T.);
#3715=ORIENTED_EDGE('',*,*,#2880,.T.);
#3716=ORIENTED_EDGE('',*,*,#2770,.T.);
#3717=ORIENTED_EDGE('',*,*,#2881,.F.);
#3718=ORIENTED_EDGE('',*,*,#2882,.T.);
#3719=ORIENTED_EDGE('',*,*,#2869,.F.);
#3720=ORIENTED_EDGE('',*,*,#2766,.T.);
#3721=ORIENTED_EDGE('',*,*,#2883,.T.);
#3722=ORIENTED_EDGE('',*,*,#2789,.F.);
#3723=ORIENTED_EDGE('',*,*,#2872,.F.);
#3724=ORIENTED_EDGE('',*,*,#2884,.F.);
#3725=ORIENTED_EDGE('',*,*,#2885,.F.);
#3726=ORIENTED_EDGE('',*,*,#2785,.F.);
#3727=ORIENTED_EDGE('',*,*,#2886,.T.);
#3728=ORIENTED_EDGE('',*,*,#2887,.F.);
#3729=ORIENTED_EDGE('',*,*,#2875,.F.);
#3730=ORIENTED_EDGE('',*,*,#2781,.F.);
#3731=ORIENTED_EDGE('',*,*,#2888,.T.);
#3732=ORIENTED_EDGE('',*,*,#2774,.T.);
#3733=ORIENTED_EDGE('',*,*,#2885,.T.);
#3734=ORIENTED_EDGE('',*,*,#2889,.T.);
#3735=ORIENTED_EDGE('',*,*,#2890,.T.);
#3736=ORIENTED_EDGE('',*,*,#2786,.F.);
#3737=ORIENTED_EDGE('',*,*,#2886,.F.);
#3738=ORIENTED_EDGE('',*,*,#2784,.F.);
#3739=ORIENTED_EDGE('',*,*,#2891,.F.);
#3740=ORIENTED_EDGE('',*,*,#2892,.F.);
#3741=ORIENTED_EDGE('',*,*,#2880,.F.);
#3742=ORIENTED_EDGE('',*,*,#2893,.F.);
#3743=ORIENTED_EDGE('',*,*,#2894,.F.);
#3744=ORIENTED_EDGE('',*,*,#2771,.F.);
#3745=ORIENTED_EDGE('',*,*,#2895,.T.);
#3746=ORIENTED_EDGE('',*,*,#2686,.F.);
#3747=ORIENTED_EDGE('',*,*,#2896,.T.);
#3748=ORIENTED_EDGE('',*,*,#2673,.F.);
#3749=ORIENTED_EDGE('',*,*,#2897,.T.);
#3750=ORIENTED_EDGE('',*,*,#2688,.F.);
#3751=ORIENTED_EDGE('',*,*,#2700,.F.);
#3752=ORIENTED_EDGE('',*,*,#2805,.F.);
#3753=ORIENTED_EDGE('',*,*,#2675,.F.);
#3754=ORIENTED_EDGE('',*,*,#2671,.F.);
#3755=ORIENTED_EDGE('',*,*,#2898,.F.);
#3756=ORIENTED_EDGE('',*,*,#2899,.F.);
#3757=ORIENTED_EDGE('',*,*,#2900,.F.);
#3758=ORIENTED_EDGE('',*,*,#2901,.F.);
#3759=ORIENTED_EDGE('',*,*,#2902,.F.);
#3760=ORIENTED_EDGE('',*,*,#2903,.F.);
#3761=ORIENTED_EDGE('',*,*,#2904,.T.);
#3762=ORIENTED_EDGE('',*,*,#2718,.F.);
#3763=ORIENTED_EDGE('',*,*,#2905,.T.);
#3764=ORIENTED_EDGE('',*,*,#2701,.F.);
#3765=ORIENTED_EDGE('',*,*,#2906,.T.);
#3766=ORIENTED_EDGE('',*,*,#2778,.F.);
#3767=ORIENTED_EDGE('',*,*,#2907,.T.);
#3768=ORIENTED_EDGE('',*,*,#2761,.F.);
#3769=ORIENTED_EDGE('',*,*,#2908,.T.);
#3770=ORIENTED_EDGE('',*,*,#2746,.F.);
#3771=ORIENTED_EDGE('',*,*,#2909,.T.);
#3772=ORIENTED_EDGE('',*,*,#2733,.F.);
#3773=ORIENTED_EDGE('',*,*,#2715,.F.);
#3774=ORIENTED_EDGE('',*,*,#2836,.F.);
#3775=ORIENTED_EDGE('',*,*,#2720,.F.);
#3776=ORIENTED_EDGE('',*,*,#2716,.F.);
#3777=ORIENTED_EDGE('',*,*,#2910,.T.);
#3778=ORIENTED_EDGE('',*,*,#2703,.F.);
#3779=ORIENTED_EDGE('',*,*,#2911,.F.);
#3780=ORIENTED_EDGE('',*,*,#2912,.F.);
#3781=ORIENTED_EDGE('',*,*,#2913,.F.);
#3782=ORIENTED_EDGE('',*,*,#2914,.F.);
#3783=ORIENTED_EDGE('',*,*,#2915,.F.);
#3784=ORIENTED_EDGE('',*,*,#2916,.F.);
#3785=ORIENTED_EDGE('',*,*,#2775,.F.);
#3786=ORIENTED_EDGE('',*,*,#2888,.F.);
#3787=ORIENTED_EDGE('',*,*,#2780,.F.);
#3788=ORIENTED_EDGE('',*,*,#2776,.F.);
#3789=ORIENTED_EDGE('',*,*,#2917,.T.);
#3790=ORIENTED_EDGE('',*,*,#2763,.F.);
#3791=ORIENTED_EDGE('',*,*,#2918,.F.);
#3792=ORIENTED_EDGE('',*,*,#2919,.F.);
#3793=ORIENTED_EDGE('',*,*,#2920,.F.);
#3794=ORIENTED_EDGE('',*,*,#2921,.F.);
#3795=ORIENTED_EDGE('',*,*,#2922,.F.);
#3796=ORIENTED_EDGE('',*,*,#2923,.F.);
#3797=ORIENTED_EDGE('',*,*,#2924,.F.);
#3798=ORIENTED_EDGE('',*,*,#2925,.F.);
#3799=ORIENTED_EDGE('',*,*,#2926,.F.);
#3800=ORIENTED_EDGE('',*,*,#2927,.F.);
#3801=ORIENTED_EDGE('',*,*,#2928,.F.);
#3802=ORIENTED_EDGE('',*,*,#2929,.F.);
#3803=ORIENTED_EDGE('',*,*,#2930,.F.);
#3804=ORIENTED_EDGE('',*,*,#2931,.F.);
#3805=ORIENTED_EDGE('',*,*,#2896,.F.);
#3806=ORIENTED_EDGE('',*,*,#2689,.F.);
#3807=ORIENTED_EDGE('',*,*,#2897,.F.);
#3808=ORIENTED_EDGE('',*,*,#2674,.F.);
#3809=ORIENTED_EDGE('',*,*,#2910,.F.);
#3810=ORIENTED_EDGE('',*,*,#2719,.F.);
#3811=ORIENTED_EDGE('',*,*,#2904,.F.);
#3812=ORIENTED_EDGE('',*,*,#2704,.F.);
#3813=ORIENTED_EDGE('',*,*,#2909,.F.);
#3814=ORIENTED_EDGE('',*,*,#2749,.F.);
#3815=ORIENTED_EDGE('',*,*,#2932,.F.);
#3816=ORIENTED_EDGE('',*,*,#2734,.F.);
#3817=ORIENTED_EDGE('',*,*,#2917,.F.);
#3818=ORIENTED_EDGE('',*,*,#2779,.F.);
#3819=ORIENTED_EDGE('',*,*,#2906,.F.);
#3820=ORIENTED_EDGE('',*,*,#2764,.F.);
#3821=ORIENTED_EDGE('',*,*,#2933,.F.);
#3822=ORIENTED_EDGE('',*,*,#2934,.F.);
#3823=ORIENTED_EDGE('',*,*,#2935,.F.);
#3824=ORIENTED_EDGE('',*,*,#2936,.F.);
#3825=ORIENTED_EDGE('',*,*,#2937,.F.);
#3826=ORIENTED_EDGE('',*,*,#2938,.F.);
#3827=ORIENTED_EDGE('',*,*,#2939,.F.);
#3828=ORIENTED_EDGE('',*,*,#2940,.F.);
#3829=ORIENTED_EDGE('',*,*,#2941,.T.);
#3830=ORIENTED_EDGE('',*,*,#2942,.T.);
#3831=ORIENTED_EDGE('',*,*,#2943,.T.);
#3832=ORIENTED_EDGE('',*,*,#2944,.T.);
#3833=ORIENTED_EDGE('',*,*,#2942,.F.);
#3834=ORIENTED_EDGE('',*,*,#2945,.T.);
#3835=ORIENTED_EDGE('',*,*,#2946,.T.);
#3836=ORIENTED_EDGE('',*,*,#2947,.T.);
#3837=ORIENTED_EDGE('',*,*,#2948,.T.);
#3838=ORIENTED_EDGE('',*,*,#2946,.F.);
#3839=ORIENTED_EDGE('',*,*,#2949,.T.);
#3840=ORIENTED_EDGE('',*,*,#2950,.T.);
#3841=ORIENTED_EDGE('',*,*,#2951,.T.);
#3842=ORIENTED_EDGE('',*,*,#2952,.T.);
#3843=ORIENTED_EDGE('',*,*,#2953,.T.);
#3844=ORIENTED_EDGE('',*,*,#2950,.F.);
#3845=ORIENTED_EDGE('',*,*,#2952,.F.);
#3846=ORIENTED_EDGE('',*,*,#2954,.T.);
#3847=ORIENTED_EDGE('',*,*,#2955,.T.);
#3848=ORIENTED_EDGE('',*,*,#2956,.T.);
#3849=ORIENTED_EDGE('',*,*,#2957,.T.);
#3850=ORIENTED_EDGE('',*,*,#2955,.F.);
#3851=ORIENTED_EDGE('',*,*,#2958,.T.);
#3852=ORIENTED_EDGE('',*,*,#2944,.F.);
#3853=ORIENTED_EDGE('',*,*,#2956,.F.);
#3854=ORIENTED_EDGE('',*,*,#2959,.T.);
#3855=ORIENTED_EDGE('',*,*,#2960,.F.);
#3856=ORIENTED_EDGE('',*,*,#2961,.F.);
#3857=ORIENTED_EDGE('',*,*,#2957,.F.);
#3858=ORIENTED_EDGE('',*,*,#2962,.T.);
#3859=ORIENTED_EDGE('',*,*,#2963,.F.);
#3860=ORIENTED_EDGE('',*,*,#2959,.F.);
#3861=ORIENTED_EDGE('',*,*,#2943,.F.);
#3862=ORIENTED_EDGE('',*,*,#2964,.T.);
#3863=ORIENTED_EDGE('',*,*,#2965,.F.);
#3864=ORIENTED_EDGE('',*,*,#2962,.F.);
#3865=ORIENTED_EDGE('',*,*,#2908,.F.);
#3866=ORIENTED_EDGE('',*,*,#2745,.T.);
#3867=ORIENTED_EDGE('',*,*,#2862,.F.);
#3868=ORIENTED_EDGE('',*,*,#2750,.F.);
#3869=ORIENTED_EDGE('',*,*,#2941,.F.);
#3870=ORIENTED_EDGE('',*,*,#2958,.F.);
#3871=ORIENTED_EDGE('',*,*,#2954,.F.);
#3872=ORIENTED_EDGE('',*,*,#2951,.F.);
#3873=ORIENTED_EDGE('',*,*,#2949,.F.);
#3874=ORIENTED_EDGE('',*,*,#2945,.F.);
#3875=ORIENTED_EDGE('',*,*,#2966,.T.);
#3876=ORIENTED_EDGE('',*,*,#2967,.T.);
#3877=ORIENTED_EDGE('',*,*,#2968,.T.);
#3878=ORIENTED_EDGE('',*,*,#2969,.T.);
#3879=ORIENTED_EDGE('',*,*,#2967,.F.);
#3880=ORIENTED_EDGE('',*,*,#2970,.T.);
#3881=ORIENTED_EDGE('',*,*,#2971,.T.);
#3882=ORIENTED_EDGE('',*,*,#2972,.T.);
#3883=ORIENTED_EDGE('',*,*,#2973,.T.);
#3884=ORIENTED_EDGE('',*,*,#2971,.F.);
#3885=ORIENTED_EDGE('',*,*,#2974,.T.);
#3886=ORIENTED_EDGE('',*,*,#2975,.T.);
#3887=ORIENTED_EDGE('',*,*,#2976,.T.);
#3888=ORIENTED_EDGE('',*,*,#2977,.T.);
#3889=ORIENTED_EDGE('',*,*,#2978,.T.);
#3890=ORIENTED_EDGE('',*,*,#2975,.F.);
#3891=ORIENTED_EDGE('',*,*,#2977,.F.);
#3892=ORIENTED_EDGE('',*,*,#2979,.T.);
#3893=ORIENTED_EDGE('',*,*,#2980,.T.);
#3894=ORIENTED_EDGE('',*,*,#2981,.T.);
#3895=ORIENTED_EDGE('',*,*,#2982,.T.);
#3896=ORIENTED_EDGE('',*,*,#2980,.F.);
#3897=ORIENTED_EDGE('',*,*,#2983,.T.);
#3898=ORIENTED_EDGE('',*,*,#2969,.F.);
#3899=ORIENTED_EDGE('',*,*,#2981,.F.);
#3900=ORIENTED_EDGE('',*,*,#2984,.T.);
#3901=ORIENTED_EDGE('',*,*,#2985,.F.);
#3902=ORIENTED_EDGE('',*,*,#2986,.F.);
#3903=ORIENTED_EDGE('',*,*,#2982,.F.);
#3904=ORIENTED_EDGE('',*,*,#2987,.T.);
#3905=ORIENTED_EDGE('',*,*,#2988,.F.);
#3906=ORIENTED_EDGE('',*,*,#2984,.F.);
#3907=ORIENTED_EDGE('',*,*,#2968,.F.);
#3908=ORIENTED_EDGE('',*,*,#2989,.T.);
#3909=ORIENTED_EDGE('',*,*,#2990,.F.);
#3910=ORIENTED_EDGE('',*,*,#2987,.F.);
#3911=ORIENTED_EDGE('',*,*,#2895,.F.);
#3912=ORIENTED_EDGE('',*,*,#2685,.T.);
#3913=ORIENTED_EDGE('',*,*,#2810,.F.);
#3914=ORIENTED_EDGE('',*,*,#2690,.F.);
#3915=ORIENTED_EDGE('',*,*,#2966,.F.);
#3916=ORIENTED_EDGE('',*,*,#2983,.F.);
#3917=ORIENTED_EDGE('',*,*,#2979,.F.);
#3918=ORIENTED_EDGE('',*,*,#2976,.F.);
#3919=ORIENTED_EDGE('',*,*,#2974,.F.);
#3920=ORIENTED_EDGE('',*,*,#2970,.F.);
#3921=ORIENTED_EDGE('',*,*,#2907,.F.);
#3922=ORIENTED_EDGE('',*,*,#2790,.T.);
#3923=ORIENTED_EDGE('',*,*,#2883,.F.);
#3924=ORIENTED_EDGE('',*,*,#2765,.F.);
#3925=ORIENTED_EDGE('',*,*,#2991,.F.);
#3926=ORIENTED_EDGE('',*,*,#2992,.F.);
#3927=ORIENTED_EDGE('',*,*,#2993,.F.);
#3928=ORIENTED_EDGE('',*,*,#2994,.F.);
#3929=ORIENTED_EDGE('',*,*,#2995,.F.);
#3930=ORIENTED_EDGE('',*,*,#2996,.F.);
#3931=ORIENTED_EDGE('',*,*,#2997,.T.);
#3932=ORIENTED_EDGE('',*,*,#2998,.T.);
#3933=ORIENTED_EDGE('',*,*,#2994,.T.);
#3934=ORIENTED_EDGE('',*,*,#2999,.T.);
#3935=ORIENTED_EDGE('',*,*,#2965,.T.);
#3936=ORIENTED_EDGE('',*,*,#3000,.T.);
#3937=ORIENTED_EDGE('',*,*,#2991,.T.);
#3938=ORIENTED_EDGE('',*,*,#3001,.F.);
#3939=ORIENTED_EDGE('',*,*,#3002,.T.);
#3940=ORIENTED_EDGE('',*,*,#2992,.T.);
#3941=ORIENTED_EDGE('',*,*,#3000,.F.);
#3942=ORIENTED_EDGE('',*,*,#3003,.T.);
#3943=ORIENTED_EDGE('',*,*,#2993,.T.);
#3944=ORIENTED_EDGE('',*,*,#3002,.F.);
#3945=ORIENTED_EDGE('',*,*,#3004,.T.);
#3946=ORIENTED_EDGE('',*,*,#2999,.F.);
#3947=ORIENTED_EDGE('',*,*,#3005,.T.);
#3948=ORIENTED_EDGE('',*,*,#2995,.T.);
#3949=ORIENTED_EDGE('',*,*,#2998,.F.);
#3950=ORIENTED_EDGE('',*,*,#2960,.T.);
#3951=ORIENTED_EDGE('',*,*,#2996,.T.);
#3952=ORIENTED_EDGE('',*,*,#3005,.F.);
#3953=ORIENTED_EDGE('',*,*,#2963,.T.);
#3954=ORIENTED_EDGE('',*,*,#3001,.T.);
#3955=ORIENTED_EDGE('',*,*,#2948,.F.);
#3956=ORIENTED_EDGE('',*,*,#3006,.T.);
#3957=ORIENTED_EDGE('',*,*,#3004,.F.);
#3958=ORIENTED_EDGE('',*,*,#3007,.F.);
#3959=ORIENTED_EDGE('',*,*,#2947,.F.);
#3960=ORIENTED_EDGE('',*,*,#3007,.T.);
#3961=ORIENTED_EDGE('',*,*,#3003,.F.);
#3962=ORIENTED_EDGE('',*,*,#2964,.F.);
#3963=ORIENTED_EDGE('',*,*,#2905,.F.);
#3964=ORIENTED_EDGE('',*,*,#2730,.T.);
#3965=ORIENTED_EDGE('',*,*,#2831,.F.);
#3966=ORIENTED_EDGE('',*,*,#2705,.F.);
#3967=ORIENTED_EDGE('',*,*,#3008,.F.);
#3968=ORIENTED_EDGE('',*,*,#3009,.F.);
#3969=ORIENTED_EDGE('',*,*,#3010,.F.);
#3970=ORIENTED_EDGE('',*,*,#3011,.F.);
#3971=ORIENTED_EDGE('',*,*,#3012,.F.);
#3972=ORIENTED_EDGE('',*,*,#3013,.F.);
#3973=ORIENTED_EDGE('',*,*,#3014,.T.);
#3974=ORIENTED_EDGE('',*,*,#3015,.T.);
#3975=ORIENTED_EDGE('',*,*,#3011,.T.);
#3976=ORIENTED_EDGE('',*,*,#3016,.T.);
#3977=ORIENTED_EDGE('',*,*,#2990,.T.);
#3978=ORIENTED_EDGE('',*,*,#3017,.T.);
#3979=ORIENTED_EDGE('',*,*,#3008,.T.);
#3980=ORIENTED_EDGE('',*,*,#3018,.F.);
#3981=ORIENTED_EDGE('',*,*,#3019,.T.);
#3982=ORIENTED_EDGE('',*,*,#3009,.T.);
#3983=ORIENTED_EDGE('',*,*,#3017,.F.);
#3984=ORIENTED_EDGE('',*,*,#3020,.T.);
#3985=ORIENTED_EDGE('',*,*,#3010,.T.);
#3986=ORIENTED_EDGE('',*,*,#3019,.F.);
#3987=ORIENTED_EDGE('',*,*,#3021,.T.);
#3988=ORIENTED_EDGE('',*,*,#3016,.F.);
#3989=ORIENTED_EDGE('',*,*,#3022,.T.);
#3990=ORIENTED_EDGE('',*,*,#3012,.T.);
#3991=ORIENTED_EDGE('',*,*,#3015,.F.);
#3992=ORIENTED_EDGE('',*,*,#2985,.T.);
#3993=ORIENTED_EDGE('',*,*,#3013,.T.);
#3994=ORIENTED_EDGE('',*,*,#3022,.F.);
#3995=ORIENTED_EDGE('',*,*,#2988,.T.);
#3996=ORIENTED_EDGE('',*,*,#3018,.T.);
#3997=ORIENTED_EDGE('',*,*,#2973,.F.);
#3998=ORIENTED_EDGE('',*,*,#3023,.T.);
#3999=ORIENTED_EDGE('',*,*,#3021,.F.);
#4000=ORIENTED_EDGE('',*,*,#3024,.F.);
#4001=ORIENTED_EDGE('',*,*,#2972,.F.);
#4002=ORIENTED_EDGE('',*,*,#3024,.T.);
#4003=ORIENTED_EDGE('',*,*,#3020,.F.);
#4004=ORIENTED_EDGE('',*,*,#2989,.F.);
#4005=ORIENTED_EDGE('',*,*,#2953,.F.);
#4006=ORIENTED_EDGE('',*,*,#2961,.T.);
#4007=ORIENTED_EDGE('',*,*,#2997,.F.);
#4008=ORIENTED_EDGE('',*,*,#3006,.F.);
#4009=ORIENTED_EDGE('',*,*,#2978,.F.);
#4010=ORIENTED_EDGE('',*,*,#2986,.T.);
#4011=ORIENTED_EDGE('',*,*,#3014,.F.);
#4012=ORIENTED_EDGE('',*,*,#3023,.F.);
#4013=ORIENTED_EDGE('',*,*,#2882,.F.);
#4014=ORIENTED_EDGE('',*,*,#3025,.T.);
#4015=ORIENTED_EDGE('',*,*,#3026,.T.);
#4016=ORIENTED_EDGE('',*,*,#2870,.T.);
#4017=ORIENTED_EDGE('',*,*,#3027,.T.);
#4018=ORIENTED_EDGE('',*,*,#2768,.F.);
#4019=ORIENTED_EDGE('',*,*,#2871,.T.);
#4020=ORIENTED_EDGE('',*,*,#3026,.F.);
#4021=ORIENTED_EDGE('',*,*,#2881,.T.);
#4022=ORIENTED_EDGE('',*,*,#2769,.F.);
#4023=ORIENTED_EDGE('',*,*,#3027,.F.);
#4024=ORIENTED_EDGE('',*,*,#3025,.F.);
#4025=ORIENTED_EDGE('',*,*,#3028,.T.);
#4026=ORIENTED_EDGE('',*,*,#2708,.F.);
#4027=ORIENTED_EDGE('',*,*,#2819,.T.);
#4028=ORIENTED_EDGE('',*,*,#3029,.F.);
#4029=ORIENTED_EDGE('',*,*,#2830,.F.);
#4030=ORIENTED_EDGE('',*,*,#3030,.T.);
#4031=ORIENTED_EDGE('',*,*,#3029,.T.);
#4032=ORIENTED_EDGE('',*,*,#2818,.T.);
#4033=ORIENTED_EDGE('',*,*,#2829,.T.);
#4034=ORIENTED_EDGE('',*,*,#2709,.F.);
#4035=ORIENTED_EDGE('',*,*,#3028,.F.);
#4036=ORIENTED_EDGE('',*,*,#3030,.F.);
#4037=ORIENTED_EDGE('',*,*,#2890,.F.);
#4038=ORIENTED_EDGE('',*,*,#3031,.T.);
#4039=ORIENTED_EDGE('',*,*,#2873,.T.);
#4040=ORIENTED_EDGE('',*,*,#2787,.F.);
#4041=ORIENTED_EDGE('',*,*,#2874,.T.);
#4042=ORIENTED_EDGE('',*,*,#3031,.F.);
#4043=ORIENTED_EDGE('',*,*,#2889,.F.);
#4044=ORIENTED_EDGE('',*,*,#2884,.T.);
#4045=ORIENTED_EDGE('',*,*,#2838,.F.);
#4046=ORIENTED_EDGE('',*,*,#3032,.T.);
#4047=ORIENTED_EDGE('',*,*,#2821,.T.);
#4048=ORIENTED_EDGE('',*,*,#2727,.F.);
#4049=ORIENTED_EDGE('',*,*,#2822,.T.);
#4050=ORIENTED_EDGE('',*,*,#3032,.F.);
#4051=ORIENTED_EDGE('',*,*,#2837,.F.);
#4052=ORIENTED_EDGE('',*,*,#2832,.T.);
#4053=ORIENTED_EDGE('',*,*,#2879,.F.);
#4054=ORIENTED_EDGE('',*,*,#3033,.T.);
#4055=ORIENTED_EDGE('',*,*,#3034,.T.);
#4056=ORIENTED_EDGE('',*,*,#2893,.T.);
#4057=ORIENTED_EDGE('',*,*,#3035,.T.);
#4058=ORIENTED_EDGE('',*,*,#2772,.F.);
#4059=ORIENTED_EDGE('',*,*,#2894,.T.);
#4060=ORIENTED_EDGE('',*,*,#3034,.F.);
#4061=ORIENTED_EDGE('',*,*,#2878,.T.);
#4062=ORIENTED_EDGE('',*,*,#2773,.F.);
#4063=ORIENTED_EDGE('',*,*,#3035,.F.);
#4064=ORIENTED_EDGE('',*,*,#3033,.F.);
#4065=ORIENTED_EDGE('',*,*,#3036,.T.);
#4066=ORIENTED_EDGE('',*,*,#2712,.F.);
#4067=ORIENTED_EDGE('',*,*,#2842,.T.);
#4068=ORIENTED_EDGE('',*,*,#3037,.F.);
#4069=ORIENTED_EDGE('',*,*,#2827,.F.);
#4070=ORIENTED_EDGE('',*,*,#3038,.T.);
#4071=ORIENTED_EDGE('',*,*,#3037,.T.);
#4072=ORIENTED_EDGE('',*,*,#2841,.T.);
#4073=ORIENTED_EDGE('',*,*,#2826,.T.);
#4074=ORIENTED_EDGE('',*,*,#2713,.F.);
#4075=ORIENTED_EDGE('',*,*,#3036,.F.);
#4076=ORIENTED_EDGE('',*,*,#3038,.F.);
#4077=ORIENTED_EDGE('',*,*,#2877,.F.);
#4078=ORIENTED_EDGE('',*,*,#3039,.T.);
#4079=ORIENTED_EDGE('',*,*,#2891,.T.);
#4080=ORIENTED_EDGE('',*,*,#2783,.F.);
#4081=ORIENTED_EDGE('',*,*,#2887,.T.);
#4082=ORIENTED_EDGE('',*,*,#2892,.T.);
#4083=ORIENTED_EDGE('',*,*,#3039,.F.);
#4084=ORIENTED_EDGE('',*,*,#2876,.F.);
#4085=ORIENTED_EDGE('',*,*,#2825,.F.);
#4086=ORIENTED_EDGE('',*,*,#3040,.T.);
#4087=ORIENTED_EDGE('',*,*,#2839,.T.);
#4088=ORIENTED_EDGE('',*,*,#2723,.F.);
#4089=ORIENTED_EDGE('',*,*,#2835,.T.);
#4090=ORIENTED_EDGE('',*,*,#2840,.T.);
#4091=ORIENTED_EDGE('',*,*,#3040,.F.);
#4092=ORIENTED_EDGE('',*,*,#2824,.F.);
#4093=ORIENTED_EDGE('',*,*,#2853,.F.);
#4094=ORIENTED_EDGE('',*,*,#3041,.F.);
#4095=ORIENTED_EDGE('',*,*,#3042,.F.);
#4096=ORIENTED_EDGE('',*,*,#2867,.F.);
#4097=ORIENTED_EDGE('',*,*,#2868,.F.);
#4098=ORIENTED_EDGE('',*,*,#3042,.T.);
#4099=ORIENTED_EDGE('',*,*,#3043,.F.);
#4100=ORIENTED_EDGE('',*,*,#2742,.F.);
#4101=ORIENTED_EDGE('',*,*,#2852,.T.);
#4102=ORIENTED_EDGE('',*,*,#2743,.F.);
#4103=ORIENTED_EDGE('',*,*,#3043,.T.);
#4104=ORIENTED_EDGE('',*,*,#3041,.T.);
#4105=ORIENTED_EDGE('',*,*,#2816,.F.);
#4106=ORIENTED_EDGE('',*,*,#3044,.T.);
#4107=ORIENTED_EDGE('',*,*,#3045,.F.);
#4108=ORIENTED_EDGE('',*,*,#2682,.F.);
#4109=ORIENTED_EDGE('',*,*,#2801,.F.);
#4110=ORIENTED_EDGE('',*,*,#3046,.F.);
#4111=ORIENTED_EDGE('',*,*,#3044,.F.);
#4112=ORIENTED_EDGE('',*,*,#2815,.F.);
#4113=ORIENTED_EDGE('',*,*,#2800,.T.);
#4114=ORIENTED_EDGE('',*,*,#2683,.F.);
#4115=ORIENTED_EDGE('',*,*,#3045,.T.);
#4116=ORIENTED_EDGE('',*,*,#3046,.T.);
#4117=ORIENTED_EDGE('',*,*,#2865,.T.);
#4118=ORIENTED_EDGE('',*,*,#2753,.F.);
#4119=ORIENTED_EDGE('',*,*,#2851,.F.);
#4120=ORIENTED_EDGE('',*,*,#3047,.F.);
#4121=ORIENTED_EDGE('',*,*,#2861,.T.);
#4122=ORIENTED_EDGE('',*,*,#2866,.T.);
#4123=ORIENTED_EDGE('',*,*,#3047,.T.);
#4124=ORIENTED_EDGE('',*,*,#2850,.F.);
#4125=ORIENTED_EDGE('',*,*,#2813,.T.);
#4126=ORIENTED_EDGE('',*,*,#2693,.F.);
#4127=ORIENTED_EDGE('',*,*,#2799,.F.);
#4128=ORIENTED_EDGE('',*,*,#3048,.F.);
#4129=ORIENTED_EDGE('',*,*,#2809,.T.);
#4130=ORIENTED_EDGE('',*,*,#2814,.T.);
#4131=ORIENTED_EDGE('',*,*,#3048,.T.);
#4132=ORIENTED_EDGE('',*,*,#2798,.F.);
#4133=ORIENTED_EDGE('',*,*,#2856,.F.);
#4134=ORIENTED_EDGE('',*,*,#3049,.F.);
#4135=ORIENTED_EDGE('',*,*,#3050,.F.);
#4136=ORIENTED_EDGE('',*,*,#2844,.F.);
#4137=ORIENTED_EDGE('',*,*,#2845,.F.);
#4138=ORIENTED_EDGE('',*,*,#3050,.T.);
#4139=ORIENTED_EDGE('',*,*,#3051,.F.);
#4140=ORIENTED_EDGE('',*,*,#2738,.F.);
#4141=ORIENTED_EDGE('',*,*,#2855,.T.);
#4142=ORIENTED_EDGE('',*,*,#2739,.F.);
#4143=ORIENTED_EDGE('',*,*,#3051,.T.);
#4144=ORIENTED_EDGE('',*,*,#3049,.T.);
#4145=ORIENTED_EDGE('',*,*,#2793,.F.);
#4146=ORIENTED_EDGE('',*,*,#3052,.T.);
#4147=ORIENTED_EDGE('',*,*,#3053,.F.);
#4148=ORIENTED_EDGE('',*,*,#2678,.F.);
#4149=ORIENTED_EDGE('',*,*,#2804,.F.);
#4150=ORIENTED_EDGE('',*,*,#3054,.F.);
#4151=ORIENTED_EDGE('',*,*,#3052,.F.);
#4152=ORIENTED_EDGE('',*,*,#2792,.F.);
#4153=ORIENTED_EDGE('',*,*,#2803,.T.);
#4154=ORIENTED_EDGE('',*,*,#2679,.F.);
#4155=ORIENTED_EDGE('',*,*,#3053,.T.);
#4156=ORIENTED_EDGE('',*,*,#3054,.T.);
#4157=ORIENTED_EDGE('',*,*,#2847,.T.);
#4158=ORIENTED_EDGE('',*,*,#2757,.F.);
#4159=ORIENTED_EDGE('',*,*,#2864,.F.);
#4160=ORIENTED_EDGE('',*,*,#3055,.F.);
#4161=ORIENTED_EDGE('',*,*,#2848,.T.);
#4162=ORIENTED_EDGE('',*,*,#3055,.T.);
#4163=ORIENTED_EDGE('',*,*,#2863,.F.);
#4164=ORIENTED_EDGE('',*,*,#2858,.T.);
#4165=ORIENTED_EDGE('',*,*,#2795,.T.);
#4166=ORIENTED_EDGE('',*,*,#2697,.F.);
#4167=ORIENTED_EDGE('',*,*,#2812,.F.);
#4168=ORIENTED_EDGE('',*,*,#3056,.F.);
#4169=ORIENTED_EDGE('',*,*,#2796,.T.);
#4170=ORIENTED_EDGE('',*,*,#3056,.T.);
#4171=ORIENTED_EDGE('',*,*,#2811,.F.);
#4172=ORIENTED_EDGE('',*,*,#2806,.T.);
#4173=ORIENTED_EDGE('',*,*,#3057,.T.);
#4174=ORIENTED_EDGE('',*,*,#3058,.F.);
#4175=ORIENTED_EDGE('',*,*,#3059,.T.);
#4176=ORIENTED_EDGE('',*,*,#3060,.F.);
#4177=ORIENTED_EDGE('',*,*,#3059,.F.);
#4178=ORIENTED_EDGE('',*,*,#3061,.F.);
#4179=ORIENTED_EDGE('',*,*,#3062,.F.);
#4180=ORIENTED_EDGE('',*,*,#3063,.F.);
#4181=ORIENTED_EDGE('',*,*,#3064,.T.);
#4182=ORIENTED_EDGE('',*,*,#3065,.T.);
#4183=ORIENTED_EDGE('',*,*,#3066,.T.);
#4184=ORIENTED_EDGE('',*,*,#3060,.T.);
#4185=ORIENTED_EDGE('',*,*,#3065,.F.);
#4186=ORIENTED_EDGE('',*,*,#3067,.T.);
#4187=ORIENTED_EDGE('',*,*,#3068,.T.);
#4188=ORIENTED_EDGE('',*,*,#3062,.T.);
#4189=ORIENTED_EDGE('',*,*,#3069,.F.);
#4190=ORIENTED_EDGE('',*,*,#3070,.T.);
#4191=ORIENTED_EDGE('',*,*,#3071,.F.);
#4192=ORIENTED_EDGE('',*,*,#3057,.F.);
#4193=ORIENTED_EDGE('',*,*,#3068,.F.);
#4194=ORIENTED_EDGE('',*,*,#3072,.T.);
#4195=ORIENTED_EDGE('',*,*,#3073,.T.);
#4196=ORIENTED_EDGE('',*,*,#3070,.F.);
#4197=ORIENTED_EDGE('',*,*,#3074,.F.);
#4198=ORIENTED_EDGE('',*,*,#3075,.T.);
#4199=ORIENTED_EDGE('',*,*,#3071,.T.);
#4200=ORIENTED_EDGE('',*,*,#3073,.F.);
#4201=ORIENTED_EDGE('',*,*,#3076,.T.);
#4202=ORIENTED_EDGE('',*,*,#3063,.T.);
#4203=ORIENTED_EDGE('',*,*,#3058,.T.);
#4204=ORIENTED_EDGE('',*,*,#3074,.T.);
#4205=ORIENTED_EDGE('',*,*,#3069,.T.);
#4206=ORIENTED_EDGE('',*,*,#3061,.T.);
#4207=ORIENTED_EDGE('',*,*,#3077,.F.);
#4208=ORIENTED_EDGE('',*,*,#3078,.F.);
#4209=ORIENTED_EDGE('',*,*,#3079,.F.);
#4210=ORIENTED_EDGE('',*,*,#3080,.F.);
#4211=ORIENTED_EDGE('',*,*,#3081,.F.);
#4212=ORIENTED_EDGE('',*,*,#3082,.F.);
#4213=ORIENTED_EDGE('',*,*,#3083,.F.);
#4214=ORIENTED_EDGE('',*,*,#3084,.F.);
#4215=ORIENTED_EDGE('',*,*,#3064,.F.);
#4216=ORIENTED_EDGE('',*,*,#3076,.F.);
#4217=ORIENTED_EDGE('',*,*,#3072,.F.);
#4218=ORIENTED_EDGE('',*,*,#3067,.F.);
#4219=ORIENTED_EDGE('',*,*,#3066,.F.);
#4220=ORIENTED_EDGE('',*,*,#3085,.T.);
#4221=ORIENTED_EDGE('',*,*,#3086,.T.);
#4222=ORIENTED_EDGE('',*,*,#3085,.F.);
#4223=ORIENTED_EDGE('',*,*,#3087,.F.);
#4224=ORIENTED_EDGE('',*,*,#3088,.T.);
#4225=ORIENTED_EDGE('',*,*,#3075,.F.);
#4226=ORIENTED_EDGE('',*,*,#3088,.F.);
#4227=ORIENTED_EDGE('',*,*,#3089,.T.);
#4228=ORIENTED_EDGE('',*,*,#3090,.F.);
#4229=ORIENTED_EDGE('',*,*,#3091,.T.);
#4230=ORIENTED_EDGE('',*,*,#3092,.F.);
#4231=ORIENTED_EDGE('',*,*,#3091,.F.);
#4232=ORIENTED_EDGE('',*,*,#3093,.F.);
#4233=ORIENTED_EDGE('',*,*,#3094,.F.);
#4234=ORIENTED_EDGE('',*,*,#3095,.F.);
#4235=ORIENTED_EDGE('',*,*,#3081,.T.);
#4236=ORIENTED_EDGE('',*,*,#3096,.T.);
#4237=ORIENTED_EDGE('',*,*,#3097,.T.);
#4238=ORIENTED_EDGE('',*,*,#3092,.T.);
#4239=ORIENTED_EDGE('',*,*,#3096,.F.);
#4240=ORIENTED_EDGE('',*,*,#3084,.T.);
#4241=ORIENTED_EDGE('',*,*,#3098,.T.);
#4242=ORIENTED_EDGE('',*,*,#3094,.T.);
#4243=ORIENTED_EDGE('',*,*,#3099,.F.);
#4244=ORIENTED_EDGE('',*,*,#3100,.T.);
#4245=ORIENTED_EDGE('',*,*,#3101,.F.);
#4246=ORIENTED_EDGE('',*,*,#3089,.F.);
#4247=ORIENTED_EDGE('',*,*,#3098,.F.);
#4248=ORIENTED_EDGE('',*,*,#3083,.T.);
#4249=ORIENTED_EDGE('',*,*,#3102,.T.);
#4250=ORIENTED_EDGE('',*,*,#3100,.F.);
#4251=ORIENTED_EDGE('',*,*,#3103,.F.);
#4252=ORIENTED_EDGE('',*,*,#3104,.T.);
#4253=ORIENTED_EDGE('',*,*,#3101,.T.);
#4254=ORIENTED_EDGE('',*,*,#3102,.F.);
#4255=ORIENTED_EDGE('',*,*,#3082,.T.);
#4256=ORIENTED_EDGE('',*,*,#3095,.T.);
#4257=ORIENTED_EDGE('',*,*,#3090,.T.);
#4258=ORIENTED_EDGE('',*,*,#3103,.T.);
#4259=ORIENTED_EDGE('',*,*,#3099,.T.);
#4260=ORIENTED_EDGE('',*,*,#3093,.T.);
#4261=ORIENTED_EDGE('',*,*,#3105,.F.);
#4262=ORIENTED_EDGE('',*,*,#3106,.T.);
#4263=ORIENTED_EDGE('',*,*,#3097,.F.);
#4264=ORIENTED_EDGE('',*,*,#3106,.F.);
#4265=ORIENTED_EDGE('',*,*,#3104,.F.);
#4266=ORIENTED_EDGE('',*,*,#3107,.T.);
#4267=ORIENTED_EDGE('',*,*,#3108,.T.);
#4268=ORIENTED_EDGE('',*,*,#3107,.F.);
#4269=ORIENTED_EDGE('',*,*,#3109,.F.);
#4270=ORIENTED_EDGE('',*,*,#3110,.T.);
#4271=ORIENTED_EDGE('',*,*,#3111,.F.);
#4272=ORIENTED_EDGE('',*,*,#3112,.T.);
#4273=ORIENTED_EDGE('',*,*,#3111,.T.);
#4274=ORIENTED_EDGE('',*,*,#3113,.F.);
#4275=ORIENTED_EDGE('',*,*,#3114,.F.);
#4276=ORIENTED_EDGE('',*,*,#3115,.T.);
#4277=ORIENTED_EDGE('',*,*,#3116,.T.);
#4278=ORIENTED_EDGE('',*,*,#3117,.T.);
#4279=ORIENTED_EDGE('',*,*,#3118,.F.);
#4280=ORIENTED_EDGE('',*,*,#3110,.F.);
#4281=ORIENTED_EDGE('',*,*,#3119,.F.);
#4282=ORIENTED_EDGE('',*,*,#3120,.F.);
#4283=ORIENTED_EDGE('',*,*,#3113,.T.);
#4284=ORIENTED_EDGE('',*,*,#3116,.F.);
#4285=ORIENTED_EDGE('',*,*,#3121,.T.);
#4286=ORIENTED_EDGE('',*,*,#3122,.F.);
#4287=ORIENTED_EDGE('',*,*,#3123,.T.);
#4288=ORIENTED_EDGE('',*,*,#3109,.T.);
#4289=ORIENTED_EDGE('',*,*,#3124,.T.);
#4290=ORIENTED_EDGE('',*,*,#3122,.T.);
#4291=ORIENTED_EDGE('',*,*,#3125,.F.);
#4292=ORIENTED_EDGE('',*,*,#3126,.F.);
#4293=ORIENTED_EDGE('',*,*,#3119,.T.);
#4294=ORIENTED_EDGE('',*,*,#3127,.F.);
#4295=ORIENTED_EDGE('',*,*,#3121,.F.);
#4296=ORIENTED_EDGE('',*,*,#3115,.F.);
#4297=ORIENTED_EDGE('',*,*,#3128,.F.);
#4298=ORIENTED_EDGE('',*,*,#3125,.T.);
#4299=ORIENTED_EDGE('',*,*,#3129,.F.);
#4300=ORIENTED_EDGE('',*,*,#3130,.T.);
#4301=ORIENTED_EDGE('',*,*,#3131,.F.);
#4302=ORIENTED_EDGE('',*,*,#3132,.T.);
#4303=ORIENTED_EDGE('',*,*,#3131,.T.);
#4304=ORIENTED_EDGE('',*,*,#3133,.F.);
#4305=ORIENTED_EDGE('',*,*,#3134,.F.);
#4306=ORIENTED_EDGE('',*,*,#3135,.T.);
#4307=ORIENTED_EDGE('',*,*,#3136,.T.);
#4308=ORIENTED_EDGE('',*,*,#3137,.T.);
#4309=ORIENTED_EDGE('',*,*,#3138,.F.);
#4310=ORIENTED_EDGE('',*,*,#3130,.F.);
#4311=ORIENTED_EDGE('',*,*,#3139,.F.);
#4312=ORIENTED_EDGE('',*,*,#3140,.F.);
#4313=ORIENTED_EDGE('',*,*,#3133,.T.);
#4314=ORIENTED_EDGE('',*,*,#3136,.F.);
#4315=ORIENTED_EDGE('',*,*,#3141,.T.);
#4316=ORIENTED_EDGE('',*,*,#3142,.F.);
#4317=ORIENTED_EDGE('',*,*,#3143,.T.);
#4318=ORIENTED_EDGE('',*,*,#3129,.T.);
#4319=ORIENTED_EDGE('',*,*,#3144,.T.);
#4320=ORIENTED_EDGE('',*,*,#3142,.T.);
#4321=ORIENTED_EDGE('',*,*,#3145,.F.);
#4322=ORIENTED_EDGE('',*,*,#3146,.F.);
#4323=ORIENTED_EDGE('',*,*,#3139,.T.);
#4324=ORIENTED_EDGE('',*,*,#3147,.F.);
#4325=ORIENTED_EDGE('',*,*,#3141,.F.);
#4326=ORIENTED_EDGE('',*,*,#3135,.F.);
#4327=ORIENTED_EDGE('',*,*,#3148,.F.);
#4328=ORIENTED_EDGE('',*,*,#3145,.T.);
#4329=ORIENTED_EDGE('',*,*,#3132,.F.);
#4330=ORIENTED_EDGE('',*,*,#3137,.F.);
#4331=ORIENTED_EDGE('',*,*,#3143,.F.);
#4332=ORIENTED_EDGE('',*,*,#3144,.F.);
#4333=ORIENTED_EDGE('',*,*,#3112,.F.);
#4334=ORIENTED_EDGE('',*,*,#3117,.F.);
#4335=ORIENTED_EDGE('',*,*,#3123,.F.);
#4336=ORIENTED_EDGE('',*,*,#3124,.F.);
#4337=ORIENTED_EDGE('',*,*,#3138,.T.);
#4338=ORIENTED_EDGE('',*,*,#3149,.T.);
#4339=ORIENTED_EDGE('',*,*,#3150,.T.);
#4340=ORIENTED_EDGE('',*,*,#3149,.F.);
#4341=ORIENTED_EDGE('',*,*,#3151,.F.);
#4342=ORIENTED_EDGE('',*,*,#3152,.T.);
#4343=ORIENTED_EDGE('',*,*,#3118,.T.);
#4344=ORIENTED_EDGE('',*,*,#3152,.F.);
#4345=ORIENTED_EDGE('',*,*,#3153,.T.);
#4346=ORIENTED_EDGE('',*,*,#3154,.T.);
#4347=ORIENTED_EDGE('',*,*,#3155,.T.);
#4348=ORIENTED_EDGE('',*,*,#3154,.F.);
#4349=ORIENTED_EDGE('',*,*,#3155,.F.);
#4350=ORIENTED_EDGE('',*,*,#3156,.F.);
#4351=ORIENTED_EDGE('',*,*,#3157,.T.);
#4352=ORIENTED_EDGE('',*,*,#3158,.T.);
#4353=ORIENTED_EDGE('',*,*,#3153,.F.);
#4354=ORIENTED_EDGE('',*,*,#3158,.F.);
#4355=ORIENTED_EDGE('',*,*,#3159,.T.);
#4356=ORIENTED_EDGE('',*,*,#3160,.T.);
#4357=ORIENTED_EDGE('',*,*,#3161,.T.);
#4358=ORIENTED_EDGE('',*,*,#3160,.F.);
#4359=ORIENTED_EDGE('',*,*,#3161,.F.);
#4360=ORIENTED_EDGE('',*,*,#3162,.F.);
#4361=ORIENTED_EDGE('',*,*,#3163,.T.);
#4362=ORIENTED_EDGE('',*,*,#3164,.T.);
#4363=ORIENTED_EDGE('',*,*,#3159,.F.);
#4364=ORIENTED_EDGE('',*,*,#3164,.F.);
#4365=ORIENTED_EDGE('',*,*,#3165,.T.);
#4366=ORIENTED_EDGE('',*,*,#3166,.T.);
#4367=ORIENTED_EDGE('',*,*,#3167,.T.);
#4368=ORIENTED_EDGE('',*,*,#3168,.T.);
#4369=ORIENTED_EDGE('',*,*,#3169,.T.);
#4370=ORIENTED_EDGE('',*,*,#3170,.T.);
#4371=ORIENTED_EDGE('',*,*,#3171,.T.);
#4372=ORIENTED_EDGE('',*,*,#3172,.T.);
#4373=ORIENTED_EDGE('',*,*,#3169,.F.);
#4374=ORIENTED_EDGE('',*,*,#3173,.T.);
#4375=ORIENTED_EDGE('',*,*,#3174,.T.);
#4376=ORIENTED_EDGE('',*,*,#3175,.T.);
#4377=ORIENTED_EDGE('',*,*,#3176,.T.);
#4378=ORIENTED_EDGE('',*,*,#3177,.T.);
#4379=ORIENTED_EDGE('',*,*,#3174,.F.);
#4380=ORIENTED_EDGE('',*,*,#3178,.T.);
#4381=ORIENTED_EDGE('',*,*,#3171,.F.);
#4382=ORIENTED_EDGE('',*,*,#3179,.T.);
#4383=ORIENTED_EDGE('',*,*,#3180,.T.);
#4384=ORIENTED_EDGE('',*,*,#3181,.T.);
#4385=ORIENTED_EDGE('',*,*,#3176,.F.);
#4386=ORIENTED_EDGE('',*,*,#3182,.T.);
#4387=ORIENTED_EDGE('',*,*,#3167,.F.);
#4388=ORIENTED_EDGE('',*,*,#3077,.T.);
#4389=ORIENTED_EDGE('',*,*,#3180,.F.);
#4390=ORIENTED_EDGE('',*,*,#3183,.T.);
#4391=ORIENTED_EDGE('',*,*,#3184,.T.);
#4392=ORIENTED_EDGE('',*,*,#3185,.T.);
#4393=ORIENTED_EDGE('',*,*,#3165,.F.);
#4394=ORIENTED_EDGE('',*,*,#3186,.T.);
#4395=ORIENTED_EDGE('',*,*,#3184,.F.);
#4396=ORIENTED_EDGE('',*,*,#3187,.T.);
#4397=ORIENTED_EDGE('',*,*,#3187,.F.);
#4398=ORIENTED_EDGE('',*,*,#3188,.F.);
#4399=ORIENTED_EDGE('',*,*,#3189,.F.);
#4400=ORIENTED_EDGE('',*,*,#3190,.F.);
#4401=ORIENTED_EDGE('',*,*,#3191,.F.);
#4402=ORIENTED_EDGE('',*,*,#3192,.F.);
#4403=ORIENTED_EDGE('',*,*,#3193,.F.);
#4404=ORIENTED_EDGE('',*,*,#3194,.F.);
#4405=ORIENTED_EDGE('',*,*,#3195,.F.);
#4406=ORIENTED_EDGE('',*,*,#3196,.F.);
#4407=ORIENTED_EDGE('',*,*,#3197,.F.);
#4408=ORIENTED_EDGE('',*,*,#3198,.F.);
#4409=ORIENTED_EDGE('',*,*,#3199,.F.);
#4410=ORIENTED_EDGE('',*,*,#3200,.F.);
#4411=ORIENTED_EDGE('',*,*,#3201,.F.);
#4412=ORIENTED_EDGE('',*,*,#3202,.F.);
#4413=ORIENTED_EDGE('',*,*,#3203,.F.);
#4414=ORIENTED_EDGE('',*,*,#3204,.F.);
#4415=ORIENTED_EDGE('',*,*,#3205,.F.);
#4416=ORIENTED_EDGE('',*,*,#3183,.F.);
#4417=ORIENTED_EDGE('',*,*,#3206,.T.);
#4418=ORIENTED_EDGE('',*,*,#3207,.F.);
#4419=ORIENTED_EDGE('',*,*,#3188,.T.);
#4420=ORIENTED_EDGE('',*,*,#3179,.F.);
#4421=ORIENTED_EDGE('',*,*,#3208,.F.);
#4422=ORIENTED_EDGE('',*,*,#3209,.F.);
#4423=ORIENTED_EDGE('',*,*,#3206,.F.);
#4424=ORIENTED_EDGE('',*,*,#3148,.T.);
#4425=ORIENTED_EDGE('',*,*,#3134,.T.);
#4426=ORIENTED_EDGE('',*,*,#3140,.T.);
#4427=ORIENTED_EDGE('',*,*,#3146,.T.);
#4428=ORIENTED_EDGE('',*,*,#3126,.T.);
#4429=ORIENTED_EDGE('',*,*,#3128,.T.);
#4430=ORIENTED_EDGE('',*,*,#3114,.T.);
#4431=ORIENTED_EDGE('',*,*,#3120,.T.);
#4432=ORIENTED_EDGE('',*,*,#3170,.F.);
#4433=ORIENTED_EDGE('',*,*,#3210,.T.);
#4434=ORIENTED_EDGE('',*,*,#3211,.F.);
#4435=ORIENTED_EDGE('',*,*,#3208,.T.);
#4436=ORIENTED_EDGE('',*,*,#3172,.F.);
#4437=ORIENTED_EDGE('',*,*,#3181,.F.);
#4438=ORIENTED_EDGE('',*,*,#3185,.F.);
#4439=ORIENTED_EDGE('',*,*,#3186,.F.);
#4440=ORIENTED_EDGE('',*,*,#3168,.F.);
#4441=ORIENTED_EDGE('',*,*,#3182,.F.);
#4442=ORIENTED_EDGE('',*,*,#3178,.F.);
#4443=ORIENTED_EDGE('',*,*,#3173,.F.);
#4444=ORIENTED_EDGE('',*,*,#3212,.F.);
#4445=ORIENTED_EDGE('',*,*,#3213,.T.);
#4446=ORIENTED_EDGE('',*,*,#3214,.T.);
#4447=ORIENTED_EDGE('',*,*,#3215,.T.);
#4448=ORIENTED_EDGE('',*,*,#3216,.T.);
#4449=ORIENTED_EDGE('',*,*,#3217,.F.);
#4450=ORIENTED_EDGE('',*,*,#3218,.T.);
#4451=ORIENTED_EDGE('',*,*,#3207,.T.);
#4452=ORIENTED_EDGE('',*,*,#3219,.T.);
#4453=ORIENTED_EDGE('',*,*,#2929,.T.);
#4454=ORIENTED_EDGE('',*,*,#3220,.T.);
#4455=ORIENTED_EDGE('',*,*,#3211,.T.);
#4456=ORIENTED_EDGE('',*,*,#3221,.T.);
#4457=ORIENTED_EDGE('',*,*,#2931,.T.);
#4458=ORIENTED_EDGE('',*,*,#3222,.T.);
#4459=ORIENTED_EDGE('',*,*,#2924,.T.);
#4460=ORIENTED_EDGE('',*,*,#3221,.F.);
#4461=ORIENTED_EDGE('',*,*,#3223,.T.);
#4462=ORIENTED_EDGE('',*,*,#3220,.F.);
#4463=ORIENTED_EDGE('',*,*,#2930,.T.);
#4464=ORIENTED_EDGE('',*,*,#3219,.F.);
#4465=ORIENTED_EDGE('',*,*,#3209,.T.);
#4466=ORIENTED_EDGE('',*,*,#3222,.F.);
#4467=ORIENTED_EDGE('',*,*,#3224,.T.);
#4468=ORIENTED_EDGE('',*,*,#3225,.T.);
#4469=ORIENTED_EDGE('',*,*,#2925,.T.);
#4470=ORIENTED_EDGE('',*,*,#3226,.T.);
#4471=ORIENTED_EDGE('',*,*,#2926,.T.);
#4472=ORIENTED_EDGE('',*,*,#3225,.F.);
#4473=ORIENTED_EDGE('',*,*,#3079,.T.);
#4474=ORIENTED_EDGE('',*,*,#3226,.F.);
#4475=ORIENTED_EDGE('',*,*,#3227,.T.);
#4476=ORIENTED_EDGE('',*,*,#3228,.T.);
#4477=ORIENTED_EDGE('',*,*,#2927,.T.);
#4478=ORIENTED_EDGE('',*,*,#3218,.F.);
#4479=ORIENTED_EDGE('',*,*,#2928,.T.);
#4480=ORIENTED_EDGE('',*,*,#3228,.F.);
#4481=ORIENTED_EDGE('',*,*,#3189,.T.);
#4482=ORIENTED_EDGE('',*,*,#3177,.F.);
#4483=ORIENTED_EDGE('',*,*,#3080,.T.);
#4484=ORIENTED_EDGE('',*,*,#3224,.F.);
#4485=ORIENTED_EDGE('',*,*,#3229,.T.);
#4486=ORIENTED_EDGE('',*,*,#3175,.F.);
#4487=ORIENTED_EDGE('',*,*,#3229,.F.);
#4488=ORIENTED_EDGE('',*,*,#3223,.F.);
#4489=ORIENTED_EDGE('',*,*,#3210,.F.);
#4490=ORIENTED_EDGE('',*,*,#3230,.F.);
#4491=ORIENTED_EDGE('',*,*,#3231,.F.);
#4492=ORIENTED_EDGE('',*,*,#3232,.F.);
#4493=ORIENTED_EDGE('',*,*,#3233,.F.);
#4494=ORIENTED_EDGE('',*,*,#3234,.F.);
#4495=ORIENTED_EDGE('',*,*,#3235,.F.);
#4496=ORIENTED_EDGE('',*,*,#3236,.F.);
#4497=ORIENTED_EDGE('',*,*,#3237,.F.);
#4498=ORIENTED_EDGE('',*,*,#3238,.F.);
#4499=ORIENTED_EDGE('',*,*,#3239,.F.);
#4500=ORIENTED_EDGE('',*,*,#3240,.F.);
#4501=ORIENTED_EDGE('',*,*,#3241,.F.);
#4502=ORIENTED_EDGE('',*,*,#3242,.F.);
#4503=ORIENTED_EDGE('',*,*,#3243,.F.);
#4504=ORIENTED_EDGE('',*,*,#3244,.F.);
#4505=ORIENTED_EDGE('',*,*,#3166,.F.);
#4506=ORIENTED_EDGE('',*,*,#3190,.T.);
#4507=ORIENTED_EDGE('',*,*,#3227,.F.);
#4508=ORIENTED_EDGE('',*,*,#3078,.T.);
#4509=ORIENTED_EDGE('',*,*,#3245,.T.);
#4510=ORIENTED_EDGE('',*,*,#3246,.T.);
#4511=ORIENTED_EDGE('',*,*,#3247,.T.);
#4512=ORIENTED_EDGE('',*,*,#3248,.F.);
#4513=ORIENTED_EDGE('',*,*,#3249,.T.);
#4514=ORIENTED_EDGE('',*,*,#3250,.T.);
#4515=ORIENTED_EDGE('',*,*,#3246,.F.);
#4516=ORIENTED_EDGE('',*,*,#3251,.T.);
#4517=ORIENTED_EDGE('',*,*,#3252,.T.);
#4518=ORIENTED_EDGE('',*,*,#3249,.F.);
#4519=ORIENTED_EDGE('',*,*,#3253,.T.);
#4520=ORIENTED_EDGE('',*,*,#3248,.T.);
#4521=ORIENTED_EDGE('',*,*,#3252,.F.);
#4522=ORIENTED_EDGE('',*,*,#3254,.F.);
#4523=ORIENTED_EDGE('',*,*,#3255,.F.);
#4524=ORIENTED_EDGE('',*,*,#3256,.T.);
#4525=ORIENTED_EDGE('',*,*,#3247,.F.);
#4526=ORIENTED_EDGE('',*,*,#3257,.F.);
#4527=ORIENTED_EDGE('',*,*,#3258,.F.);
#4528=ORIENTED_EDGE('',*,*,#3254,.T.);
#4529=ORIENTED_EDGE('',*,*,#3259,.F.);
#4530=ORIENTED_EDGE('',*,*,#3260,.T.);
#4531=ORIENTED_EDGE('',*,*,#3261,.T.);
#4532=ORIENTED_EDGE('',*,*,#3262,.F.);
#4533=ORIENTED_EDGE('',*,*,#3245,.F.);
#4534=ORIENTED_EDGE('',*,*,#3253,.F.);
#4535=ORIENTED_EDGE('',*,*,#3251,.F.);
#4536=ORIENTED_EDGE('',*,*,#3233,.T.);
#4537=ORIENTED_EDGE('',*,*,#3263,.T.);
#4538=ORIENTED_EDGE('',*,*,#3264,.T.);
#4539=ORIENTED_EDGE('',*,*,#3265,.T.);
#4540=ORIENTED_EDGE('',*,*,#3230,.T.);
#4541=ORIENTED_EDGE('',*,*,#3266,.T.);
#4542=ORIENTED_EDGE('',*,*,#3267,.T.);
#4543=ORIENTED_EDGE('',*,*,#3268,.T.);
#4544=ORIENTED_EDGE('',*,*,#3269,.T.);
#4545=ORIENTED_EDGE('',*,*,#3270,.T.);
#4546=ORIENTED_EDGE('',*,*,#3266,.F.);
#4547=ORIENTED_EDGE('',*,*,#3235,.T.);
#4548=ORIENTED_EDGE('',*,*,#3271,.T.);
#4549=ORIENTED_EDGE('',*,*,#3269,.F.);
#4550=ORIENTED_EDGE('',*,*,#3234,.T.);
#4551=ORIENTED_EDGE('',*,*,#3265,.F.);
#4552=ORIENTED_EDGE('',*,*,#3272,.T.);
#4553=ORIENTED_EDGE('',*,*,#3273,.T.);
#4554=ORIENTED_EDGE('',*,*,#3263,.F.);
#4555=ORIENTED_EDGE('',*,*,#3232,.T.);
#4556=ORIENTED_EDGE('',*,*,#3274,.T.);
#4557=ORIENTED_EDGE('',*,*,#3272,.F.);
#4558=ORIENTED_EDGE('',*,*,#3231,.T.);
#4559=ORIENTED_EDGE('',*,*,#3268,.F.);
#4560=ORIENTED_EDGE('',*,*,#3273,.F.);
#4561=ORIENTED_EDGE('',*,*,#3275,.T.);
#4562=ORIENTED_EDGE('',*,*,#3276,.F.);
#4563=ORIENTED_EDGE('',*,*,#3277,.F.);
#4564=ORIENTED_EDGE('',*,*,#3274,.F.);
#4565=ORIENTED_EDGE('',*,*,#3278,.T.);
#4566=ORIENTED_EDGE('',*,*,#3279,.F.);
#4567=ORIENTED_EDGE('',*,*,#3275,.F.);
#4568=ORIENTED_EDGE('',*,*,#3267,.F.);
#4569=ORIENTED_EDGE('',*,*,#3280,.T.);
#4570=ORIENTED_EDGE('',*,*,#3281,.F.);
#4571=ORIENTED_EDGE('',*,*,#3278,.F.);
#4572=ORIENTED_EDGE('',*,*,#3282,.T.);
#4573=ORIENTED_EDGE('',*,*,#3283,.T.);
#4574=ORIENTED_EDGE('',*,*,#3284,.T.);
#4575=ORIENTED_EDGE('',*,*,#3285,.F.);
#4576=ORIENTED_EDGE('',*,*,#3286,.T.);
#4577=ORIENTED_EDGE('',*,*,#3287,.T.);
#4578=ORIENTED_EDGE('',*,*,#3283,.F.);
#4579=ORIENTED_EDGE('',*,*,#3288,.T.);
#4580=ORIENTED_EDGE('',*,*,#3289,.T.);
#4581=ORIENTED_EDGE('',*,*,#3286,.F.);
#4582=ORIENTED_EDGE('',*,*,#3290,.T.);
#4583=ORIENTED_EDGE('',*,*,#3285,.T.);
#4584=ORIENTED_EDGE('',*,*,#3289,.F.);
#4585=ORIENTED_EDGE('',*,*,#3291,.T.);
#4586=ORIENTED_EDGE('',*,*,#3292,.F.);
#4587=ORIENTED_EDGE('',*,*,#3293,.F.);
#4588=ORIENTED_EDGE('',*,*,#3284,.F.);
#4589=ORIENTED_EDGE('',*,*,#3294,.T.);
#4590=ORIENTED_EDGE('',*,*,#3295,.F.);
#4591=ORIENTED_EDGE('',*,*,#3291,.F.);
#4592=ORIENTED_EDGE('',*,*,#3296,.F.);
#4593=ORIENTED_EDGE('',*,*,#3297,.T.);
#4594=ORIENTED_EDGE('',*,*,#3298,.T.);
#4595=ORIENTED_EDGE('',*,*,#3299,.F.);
#4596=ORIENTED_EDGE('',*,*,#3282,.F.);
#4597=ORIENTED_EDGE('',*,*,#3290,.F.);
#4598=ORIENTED_EDGE('',*,*,#3288,.F.);
#4599=ORIENTED_EDGE('',*,*,#3300,.T.);
#4600=ORIENTED_EDGE('',*,*,#3301,.T.);
#4601=ORIENTED_EDGE('',*,*,#3302,.T.);
#4602=ORIENTED_EDGE('',*,*,#3303,.T.);
#4603=ORIENTED_EDGE('',*,*,#3304,.T.);
#4604=ORIENTED_EDGE('',*,*,#3305,.T.);
#4605=ORIENTED_EDGE('',*,*,#3306,.T.);
#4606=ORIENTED_EDGE('',*,*,#3307,.T.);
#4607=ORIENTED_EDGE('',*,*,#3308,.T.);
#4608=ORIENTED_EDGE('',*,*,#3309,.T.);
#4609=ORIENTED_EDGE('',*,*,#3305,.F.);
#4610=ORIENTED_EDGE('',*,*,#3310,.T.);
#4611=ORIENTED_EDGE('',*,*,#3311,.T.);
#4612=ORIENTED_EDGE('',*,*,#3308,.F.);
#4613=ORIENTED_EDGE('',*,*,#3312,.T.);
#4614=ORIENTED_EDGE('',*,*,#3303,.F.);
#4615=ORIENTED_EDGE('',*,*,#3313,.T.);
#4616=ORIENTED_EDGE('',*,*,#3314,.T.);
#4617=ORIENTED_EDGE('',*,*,#3301,.F.);
#4618=ORIENTED_EDGE('',*,*,#3315,.T.);
#4619=ORIENTED_EDGE('',*,*,#3316,.T.);
#4620=ORIENTED_EDGE('',*,*,#3313,.F.);
#4621=ORIENTED_EDGE('',*,*,#3317,.T.);
#4622=ORIENTED_EDGE('',*,*,#3307,.F.);
#4623=ORIENTED_EDGE('',*,*,#3312,.F.);
#4624=ORIENTED_EDGE('',*,*,#3318,.F.);
#4625=ORIENTED_EDGE('',*,*,#3319,.F.);
#4626=ORIENTED_EDGE('',*,*,#3320,.T.);
#4627=ORIENTED_EDGE('',*,*,#3310,.F.);
#4628=ORIENTED_EDGE('',*,*,#3321,.F.);
#4629=ORIENTED_EDGE('',*,*,#3322,.F.);
#4630=ORIENTED_EDGE('',*,*,#3318,.T.);
#4631=ORIENTED_EDGE('',*,*,#3304,.F.);
#4632=ORIENTED_EDGE('',*,*,#3323,.F.);
#4633=ORIENTED_EDGE('',*,*,#3324,.F.);
#4634=ORIENTED_EDGE('',*,*,#3321,.T.);
#4635=ORIENTED_EDGE('',*,*,#2932,.T.);
#4636=ORIENTED_EDGE('',*,*,#2748,.F.);
#4637=ORIENTED_EDGE('',*,*,#2760,.F.);
#4638=ORIENTED_EDGE('',*,*,#2857,.F.);
#4639=ORIENTED_EDGE('',*,*,#2735,.F.);
#4640=ORIENTED_EDGE('',*,*,#2731,.F.);
#4641=ORIENTED_EDGE('',*,*,#3306,.F.);
#4642=ORIENTED_EDGE('',*,*,#3309,.F.);
#4643=ORIENTED_EDGE('',*,*,#3311,.F.);
#4644=ORIENTED_EDGE('',*,*,#3302,.F.);
#4645=ORIENTED_EDGE('',*,*,#3314,.F.);
#4646=ORIENTED_EDGE('',*,*,#3316,.F.);
#4647=ORIENTED_EDGE('',*,*,#3325,.T.);
#4648=ORIENTED_EDGE('',*,*,#3326,.T.);
#4649=ORIENTED_EDGE('',*,*,#2901,.T.);
#4650=ORIENTED_EDGE('',*,*,#3327,.T.);
#4651=ORIENTED_EDGE('',*,*,#3328,.T.);
#4652=ORIENTED_EDGE('',*,*,#3329,.T.);
#4653=ORIENTED_EDGE('',*,*,#2898,.T.);
#4654=ORIENTED_EDGE('',*,*,#3330,.T.);
#4655=ORIENTED_EDGE('',*,*,#3331,.T.);
#4656=ORIENTED_EDGE('',*,*,#2899,.T.);
#4657=ORIENTED_EDGE('',*,*,#3329,.F.);
#4658=ORIENTED_EDGE('',*,*,#3332,.T.);
#4659=ORIENTED_EDGE('',*,*,#2900,.T.);
#4660=ORIENTED_EDGE('',*,*,#3331,.F.);
#4661=ORIENTED_EDGE('',*,*,#3333,.T.);
#4662=ORIENTED_EDGE('',*,*,#3327,.F.);
#4663=ORIENTED_EDGE('',*,*,#3334,.T.);
#4664=ORIENTED_EDGE('',*,*,#2902,.T.);
#4665=ORIENTED_EDGE('',*,*,#3326,.F.);
#4666=ORIENTED_EDGE('',*,*,#3335,.T.);
#4667=ORIENTED_EDGE('',*,*,#2903,.T.);
#4668=ORIENTED_EDGE('',*,*,#3334,.F.);
#4669=ORIENTED_EDGE('',*,*,#3336,.T.);
#4670=ORIENTED_EDGE('',*,*,#3330,.F.);
#4671=ORIENTED_EDGE('',*,*,#3333,.F.);
#4672=ORIENTED_EDGE('',*,*,#3337,.F.);
#4673=ORIENTED_EDGE('',*,*,#3338,.F.);
#4674=ORIENTED_EDGE('',*,*,#3339,.T.);
#4675=ORIENTED_EDGE('',*,*,#3332,.F.);
#4676=ORIENTED_EDGE('',*,*,#3340,.F.);
#4677=ORIENTED_EDGE('',*,*,#3341,.F.);
#4678=ORIENTED_EDGE('',*,*,#3337,.T.);
#4679=ORIENTED_EDGE('',*,*,#3328,.F.);
#4680=ORIENTED_EDGE('',*,*,#3342,.F.);
#4681=ORIENTED_EDGE('',*,*,#3343,.F.);
#4682=ORIENTED_EDGE('',*,*,#3340,.T.);
#4683=ORIENTED_EDGE('',*,*,#3194,.T.);
#4684=ORIENTED_EDGE('',*,*,#3344,.T.);
#4685=ORIENTED_EDGE('',*,*,#3343,.T.);
#4686=ORIENTED_EDGE('',*,*,#3345,.T.);
#4687=ORIENTED_EDGE('',*,*,#3191,.T.);
#4688=ORIENTED_EDGE('',*,*,#3346,.T.);
#4689=ORIENTED_EDGE('',*,*,#3347,.T.);
#4690=ORIENTED_EDGE('',*,*,#3348,.T.);
#4691=ORIENTED_EDGE('',*,*,#3349,.T.);
#4692=ORIENTED_EDGE('',*,*,#3350,.T.);
#4693=ORIENTED_EDGE('',*,*,#3346,.F.);
#4694=ORIENTED_EDGE('',*,*,#3196,.T.);
#4695=ORIENTED_EDGE('',*,*,#3351,.T.);
#4696=ORIENTED_EDGE('',*,*,#3349,.F.);
#4697=ORIENTED_EDGE('',*,*,#3195,.T.);
#4698=ORIENTED_EDGE('',*,*,#3345,.F.);
#4699=ORIENTED_EDGE('',*,*,#3352,.T.);
#4700=ORIENTED_EDGE('',*,*,#3341,.T.);
#4701=ORIENTED_EDGE('',*,*,#3344,.F.);
#4702=ORIENTED_EDGE('',*,*,#3193,.T.);
#4703=ORIENTED_EDGE('',*,*,#3338,.T.);
#4704=ORIENTED_EDGE('',*,*,#3352,.F.);
#4705=ORIENTED_EDGE('',*,*,#3192,.T.);
#4706=ORIENTED_EDGE('',*,*,#3348,.F.);
#4707=ORIENTED_EDGE('',*,*,#3325,.F.);
#4708=ORIENTED_EDGE('',*,*,#3339,.F.);
#4709=ORIENTED_EDGE('',*,*,#3347,.F.);
#4710=ORIENTED_EDGE('',*,*,#3353,.T.);
#4711=ORIENTED_EDGE('',*,*,#3203,.T.);
#4712=ORIENTED_EDGE('',*,*,#3354,.T.);
#4713=ORIENTED_EDGE('',*,*,#3324,.T.);
#4714=ORIENTED_EDGE('',*,*,#3355,.T.);
#4715=ORIENTED_EDGE('',*,*,#3200,.T.);
#4716=ORIENTED_EDGE('',*,*,#3356,.T.);
#4717=ORIENTED_EDGE('',*,*,#3357,.T.);
#4718=ORIENTED_EDGE('',*,*,#3358,.T.);
#4719=ORIENTED_EDGE('',*,*,#3359,.T.);
#4720=ORIENTED_EDGE('',*,*,#3360,.T.);
#4721=ORIENTED_EDGE('',*,*,#3356,.F.);
#4722=ORIENTED_EDGE('',*,*,#3205,.T.);
#4723=ORIENTED_EDGE('',*,*,#3361,.T.);
#4724=ORIENTED_EDGE('',*,*,#3359,.F.);
#4725=ORIENTED_EDGE('',*,*,#3204,.T.);
#4726=ORIENTED_EDGE('',*,*,#3355,.F.);
#4727=ORIENTED_EDGE('',*,*,#3362,.T.);
#4728=ORIENTED_EDGE('',*,*,#3322,.T.);
#4729=ORIENTED_EDGE('',*,*,#3354,.F.);
#4730=ORIENTED_EDGE('',*,*,#3202,.T.);
#4731=ORIENTED_EDGE('',*,*,#3319,.T.);
#4732=ORIENTED_EDGE('',*,*,#3362,.F.);
#4733=ORIENTED_EDGE('',*,*,#3201,.T.);
#4734=ORIENTED_EDGE('',*,*,#3358,.F.);
#4735=ORIENTED_EDGE('',*,*,#3300,.F.);
#4736=ORIENTED_EDGE('',*,*,#3320,.F.);
#4737=ORIENTED_EDGE('',*,*,#3357,.F.);
#4738=ORIENTED_EDGE('',*,*,#3363,.T.);
#4739=ORIENTED_EDGE('',*,*,#3364,.T.);
#4740=ORIENTED_EDGE('',*,*,#3365,.T.);
#4741=ORIENTED_EDGE('',*,*,#2921,.T.);
#4742=ORIENTED_EDGE('',*,*,#3366,.T.);
#4743=ORIENTED_EDGE('',*,*,#3367,.T.);
#4744=ORIENTED_EDGE('',*,*,#3368,.T.);
#4745=ORIENTED_EDGE('',*,*,#2918,.T.);
#4746=ORIENTED_EDGE('',*,*,#3369,.T.);
#4747=ORIENTED_EDGE('',*,*,#3370,.T.);
#4748=ORIENTED_EDGE('',*,*,#2919,.T.);
#4749=ORIENTED_EDGE('',*,*,#3368,.F.);
#4750=ORIENTED_EDGE('',*,*,#3371,.T.);
#4751=ORIENTED_EDGE('',*,*,#2920,.T.);
#4752=ORIENTED_EDGE('',*,*,#3370,.F.);
#4753=ORIENTED_EDGE('',*,*,#3372,.T.);
#4754=ORIENTED_EDGE('',*,*,#3366,.F.);
#4755=ORIENTED_EDGE('',*,*,#3373,.T.);
#4756=ORIENTED_EDGE('',*,*,#2922,.T.);
#4757=ORIENTED_EDGE('',*,*,#3365,.F.);
#4758=ORIENTED_EDGE('',*,*,#3374,.T.);
#4759=ORIENTED_EDGE('',*,*,#2923,.T.);
#4760=ORIENTED_EDGE('',*,*,#3373,.F.);
#4761=ORIENTED_EDGE('',*,*,#3375,.T.);
#4762=ORIENTED_EDGE('',*,*,#3369,.F.);
#4763=ORIENTED_EDGE('',*,*,#3372,.F.);
#4764=ORIENTED_EDGE('',*,*,#3376,.F.);
#4765=ORIENTED_EDGE('',*,*,#3243,.T.);
#4766=ORIENTED_EDGE('',*,*,#3377,.T.);
#4767=ORIENTED_EDGE('',*,*,#3371,.F.);
#4768=ORIENTED_EDGE('',*,*,#3378,.F.);
#4769=ORIENTED_EDGE('',*,*,#3244,.T.);
#4770=ORIENTED_EDGE('',*,*,#3376,.T.);
#4771=ORIENTED_EDGE('',*,*,#3367,.F.);
#4772=ORIENTED_EDGE('',*,*,#3379,.F.);
#4773=ORIENTED_EDGE('',*,*,#3239,.T.);
#4774=ORIENTED_EDGE('',*,*,#3378,.T.);
#4775=ORIENTED_EDGE('',*,*,#3380,.T.);
#4776=ORIENTED_EDGE('',*,*,#3381,.T.);
#4777=ORIENTED_EDGE('',*,*,#2914,.T.);
#4778=ORIENTED_EDGE('',*,*,#3382,.T.);
#4779=ORIENTED_EDGE('',*,*,#3281,.T.);
#4780=ORIENTED_EDGE('',*,*,#3383,.T.);
#4781=ORIENTED_EDGE('',*,*,#2911,.T.);
#4782=ORIENTED_EDGE('',*,*,#3384,.T.);
#4783=ORIENTED_EDGE('',*,*,#3385,.T.);
#4784=ORIENTED_EDGE('',*,*,#2912,.T.);
#4785=ORIENTED_EDGE('',*,*,#3383,.F.);
#4786=ORIENTED_EDGE('',*,*,#3386,.T.);
#4787=ORIENTED_EDGE('',*,*,#2913,.T.);
#4788=ORIENTED_EDGE('',*,*,#3385,.F.);
#4789=ORIENTED_EDGE('',*,*,#3387,.T.);
#4790=ORIENTED_EDGE('',*,*,#3382,.F.);
#4791=ORIENTED_EDGE('',*,*,#3388,.T.);
#4792=ORIENTED_EDGE('',*,*,#2915,.T.);
#4793=ORIENTED_EDGE('',*,*,#3381,.F.);
#4794=ORIENTED_EDGE('',*,*,#3276,.T.);
#4795=ORIENTED_EDGE('',*,*,#2916,.T.);
#4796=ORIENTED_EDGE('',*,*,#3388,.F.);
#4797=ORIENTED_EDGE('',*,*,#3279,.T.);
#4798=ORIENTED_EDGE('',*,*,#3384,.F.);
#4799=ORIENTED_EDGE('',*,*,#3271,.F.);
#4800=ORIENTED_EDGE('',*,*,#3389,.T.);
#4801=ORIENTED_EDGE('',*,*,#3387,.F.);
#4802=ORIENTED_EDGE('',*,*,#3390,.F.);
#4803=ORIENTED_EDGE('',*,*,#3270,.F.);
#4804=ORIENTED_EDGE('',*,*,#3390,.T.);
#4805=ORIENTED_EDGE('',*,*,#3386,.F.);
#4806=ORIENTED_EDGE('',*,*,#3280,.F.);
#4807=ORIENTED_EDGE('',*,*,#3391,.T.);
#4808=ORIENTED_EDGE('',*,*,#2939,.T.);
#4809=ORIENTED_EDGE('',*,*,#3392,.T.);
#4810=ORIENTED_EDGE('',*,*,#3296,.T.);
#4811=ORIENTED_EDGE('',*,*,#3393,.T.);
#4812=ORIENTED_EDGE('',*,*,#2940,.T.);
#4813=ORIENTED_EDGE('',*,*,#3391,.F.);
#4814=ORIENTED_EDGE('',*,*,#3394,.T.);
#4815=ORIENTED_EDGE('',*,*,#3395,.T.);
#4816=ORIENTED_EDGE('',*,*,#2933,.T.);
#4817=ORIENTED_EDGE('',*,*,#3393,.F.);
#4818=ORIENTED_EDGE('',*,*,#3396,.T.);
#4819=ORIENTED_EDGE('',*,*,#3397,.T.);
#4820=ORIENTED_EDGE('',*,*,#2934,.T.);
#4821=ORIENTED_EDGE('',*,*,#3395,.F.);
#4822=ORIENTED_EDGE('',*,*,#3398,.T.);
#4823=ORIENTED_EDGE('',*,*,#3399,.T.);
#4824=ORIENTED_EDGE('',*,*,#2935,.T.);
#4825=ORIENTED_EDGE('',*,*,#3397,.F.);
#4826=ORIENTED_EDGE('',*,*,#3259,.T.);
#4827=ORIENTED_EDGE('',*,*,#3400,.T.);
#4828=ORIENTED_EDGE('',*,*,#2936,.T.);
#4829=ORIENTED_EDGE('',*,*,#3399,.F.);
#4830=ORIENTED_EDGE('',*,*,#3401,.T.);
#4831=ORIENTED_EDGE('',*,*,#3402,.T.);
#4832=ORIENTED_EDGE('',*,*,#2937,.T.);
#4833=ORIENTED_EDGE('',*,*,#3400,.F.);
#4834=ORIENTED_EDGE('',*,*,#3403,.T.);
#4835=ORIENTED_EDGE('',*,*,#3392,.F.);
#4836=ORIENTED_EDGE('',*,*,#2938,.T.);
#4837=ORIENTED_EDGE('',*,*,#3402,.F.);
#4838=ORIENTED_EDGE('',*,*,#3404,.T.);
#4839=ORIENTED_EDGE('',*,*,#3398,.F.);
#4840=ORIENTED_EDGE('',*,*,#3405,.T.);
#4841=ORIENTED_EDGE('',*,*,#3406,.T.);
#4842=ORIENTED_EDGE('',*,*,#3260,.F.);
#4843=ORIENTED_EDGE('',*,*,#3396,.F.);
#4844=ORIENTED_EDGE('',*,*,#3407,.T.);
#4845=ORIENTED_EDGE('',*,*,#3408,.T.);
#4846=ORIENTED_EDGE('',*,*,#3405,.F.);
#4847=ORIENTED_EDGE('',*,*,#3394,.F.);
#4848=ORIENTED_EDGE('',*,*,#3299,.T.);
#4849=ORIENTED_EDGE('',*,*,#3409,.T.);
#4850=ORIENTED_EDGE('',*,*,#3407,.F.);
#4851=ORIENTED_EDGE('',*,*,#3258,.T.);
#4852=ORIENTED_EDGE('',*,*,#3410,.T.);
#4853=ORIENTED_EDGE('',*,*,#3197,.T.);
#4854=ORIENTED_EDGE('',*,*,#3411,.F.);
#4855=ORIENTED_EDGE('',*,*,#3412,.T.);
#4856=ORIENTED_EDGE('',*,*,#3198,.T.);
#4857=ORIENTED_EDGE('',*,*,#3410,.F.);
#4858=ORIENTED_EDGE('',*,*,#3413,.T.);
#4859=ORIENTED_EDGE('',*,*,#3199,.T.);
#4860=ORIENTED_EDGE('',*,*,#3412,.F.);
#4861=ORIENTED_EDGE('',*,*,#3255,.T.);
#4862=ORIENTED_EDGE('',*,*,#3411,.T.);
#4863=ORIENTED_EDGE('',*,*,#3250,.F.);
#4864=ORIENTED_EDGE('',*,*,#3256,.F.);
#4865=ORIENTED_EDGE('',*,*,#3413,.F.);
#4866=ORIENTED_EDGE('',*,*,#3257,.T.);
#4867=ORIENTED_EDGE('',*,*,#3295,.T.);
#4868=ORIENTED_EDGE('',*,*,#3414,.T.);
#4869=ORIENTED_EDGE('',*,*,#3236,.T.);
#4870=ORIENTED_EDGE('',*,*,#3415,.T.);
#4871=ORIENTED_EDGE('',*,*,#3416,.T.);
#4872=ORIENTED_EDGE('',*,*,#3237,.T.);
#4873=ORIENTED_EDGE('',*,*,#3414,.F.);
#4874=ORIENTED_EDGE('',*,*,#3417,.T.);
#4875=ORIENTED_EDGE('',*,*,#3238,.T.);
#4876=ORIENTED_EDGE('',*,*,#3416,.F.);
#4877=ORIENTED_EDGE('',*,*,#3292,.T.);
#4878=ORIENTED_EDGE('',*,*,#3415,.F.);
#4879=ORIENTED_EDGE('',*,*,#3287,.F.);
#4880=ORIENTED_EDGE('',*,*,#3293,.T.);
#4881=ORIENTED_EDGE('',*,*,#3417,.F.);
#4882=ORIENTED_EDGE('',*,*,#3294,.F.);
#4883=ORIENTED_EDGE('',*,*,#3375,.F.);
#4884=ORIENTED_EDGE('',*,*,#3418,.F.);
#4885=ORIENTED_EDGE('',*,*,#3240,.T.);
#4886=ORIENTED_EDGE('',*,*,#3379,.T.);
#4887=ORIENTED_EDGE('',*,*,#3374,.F.);
#4888=ORIENTED_EDGE('',*,*,#3419,.F.);
#4889=ORIENTED_EDGE('',*,*,#3241,.T.);
#4890=ORIENTED_EDGE('',*,*,#3418,.T.);
#4891=ORIENTED_EDGE('',*,*,#3364,.F.);
#4892=ORIENTED_EDGE('',*,*,#3377,.F.);
#4893=ORIENTED_EDGE('',*,*,#3242,.T.);
#4894=ORIENTED_EDGE('',*,*,#3419,.T.);
#4895=ORIENTED_EDGE('',*,*,#3264,.F.);
#4896=ORIENTED_EDGE('',*,*,#3277,.T.);
#4897=ORIENTED_EDGE('',*,*,#3380,.F.);
#4898=ORIENTED_EDGE('',*,*,#3389,.F.);
#4899=ORIENTED_EDGE('',*,*,#3336,.F.);
#4900=ORIENTED_EDGE('',*,*,#3420,.F.);
#4901=ORIENTED_EDGE('',*,*,#3351,.F.);
#4902=ORIENTED_EDGE('',*,*,#3342,.T.);
#4903=ORIENTED_EDGE('',*,*,#3335,.F.);
#4904=ORIENTED_EDGE('',*,*,#3353,.F.);
#4905=ORIENTED_EDGE('',*,*,#3350,.F.);
#4906=ORIENTED_EDGE('',*,*,#3420,.T.);
#4907=ORIENTED_EDGE('',*,*,#3317,.F.);
#4908=ORIENTED_EDGE('',*,*,#3421,.F.);
#4909=ORIENTED_EDGE('',*,*,#3361,.F.);
#4910=ORIENTED_EDGE('',*,*,#3323,.T.);
#4911=ORIENTED_EDGE('',*,*,#3315,.F.);
#4912=ORIENTED_EDGE('',*,*,#3363,.F.);
#4913=ORIENTED_EDGE('',*,*,#3360,.F.);
#4914=ORIENTED_EDGE('',*,*,#3421,.T.);
#4915=ORIENTED_EDGE('',*,*,#3404,.F.);
#4916=ORIENTED_EDGE('',*,*,#3422,.T.);
#4917=ORIENTED_EDGE('',*,*,#3423,.T.);
#4918=ORIENTED_EDGE('',*,*,#3297,.F.);
#4919=ORIENTED_EDGE('',*,*,#3403,.F.);
#4920=ORIENTED_EDGE('',*,*,#3424,.T.);
#4921=ORIENTED_EDGE('',*,*,#3425,.T.);
#4922=ORIENTED_EDGE('',*,*,#3422,.F.);
#4923=ORIENTED_EDGE('',*,*,#3401,.F.);
#4924=ORIENTED_EDGE('',*,*,#3262,.T.);
#4925=ORIENTED_EDGE('',*,*,#3426,.T.);
#4926=ORIENTED_EDGE('',*,*,#3424,.F.);
#4927=ORIENTED_EDGE('',*,*,#3427,.T.);
#4928=ORIENTED_EDGE('',*,*,#3428,.T.);
#4929=ORIENTED_EDGE('',*,*,#3217,.T.);
#4930=ORIENTED_EDGE('',*,*,#3428,.F.);
#4931=ORIENTED_EDGE('',*,*,#3156,.T.);
#4932=ORIENTED_EDGE('',*,*,#3429,.T.);
#4933=ORIENTED_EDGE('',*,*,#3427,.F.);
#4934=ORIENTED_EDGE('',*,*,#3429,.F.);
#4935=ORIENTED_EDGE('',*,*,#3430,.T.);
#4936=ORIENTED_EDGE('',*,*,#3431,.T.);
#4937=ORIENTED_EDGE('',*,*,#3212,.T.);
#4938=ORIENTED_EDGE('',*,*,#3431,.F.);
#4939=ORIENTED_EDGE('',*,*,#3162,.T.);
#4940=ORIENTED_EDGE('',*,*,#3432,.T.);
#4941=ORIENTED_EDGE('',*,*,#3430,.F.);
#4942=ORIENTED_EDGE('',*,*,#3432,.F.);
#4943=ORIENTED_EDGE('',*,*,#3105,.T.);
#4944=ORIENTED_EDGE('',*,*,#3433,.T.);
#4945=ORIENTED_EDGE('',*,*,#3213,.F.);
#4946=ORIENTED_EDGE('',*,*,#3433,.F.);
#4947=ORIENTED_EDGE('',*,*,#3108,.F.);
#4948=ORIENTED_EDGE('',*,*,#3434,.T.);
#4949=ORIENTED_EDGE('',*,*,#3435,.T.);
#4950=ORIENTED_EDGE('',*,*,#3214,.F.);
#4951=ORIENTED_EDGE('',*,*,#3435,.F.);
#4952=ORIENTED_EDGE('',*,*,#3434,.F.);
#4953=ORIENTED_EDGE('',*,*,#3436,.T.);
#4954=ORIENTED_EDGE('',*,*,#3147,.T.);
#4955=ORIENTED_EDGE('',*,*,#3436,.F.);
#4956=ORIENTED_EDGE('',*,*,#3150,.F.);
#4957=ORIENTED_EDGE('',*,*,#3151,.T.);
#4958=ORIENTED_EDGE('',*,*,#3437,.T.);
#4959=ORIENTED_EDGE('',*,*,#3215,.F.);
#4960=ORIENTED_EDGE('',*,*,#3437,.F.);
#4961=ORIENTED_EDGE('',*,*,#3127,.T.);
#4962=ORIENTED_EDGE('',*,*,#3438,.T.);
#4963=ORIENTED_EDGE('',*,*,#3439,.T.);
#4964=ORIENTED_EDGE('',*,*,#3438,.F.);
#4965=ORIENTED_EDGE('',*,*,#3439,.F.);
#4966=ORIENTED_EDGE('',*,*,#3087,.T.);
#4967=ORIENTED_EDGE('',*,*,#3440,.T.);
#4968=ORIENTED_EDGE('',*,*,#3216,.F.);
#4969=ORIENTED_EDGE('',*,*,#3440,.F.);
#4970=ORIENTED_EDGE('',*,*,#3086,.F.);
#4971=ORIENTED_EDGE('',*,*,#3409,.F.);
#4972=ORIENTED_EDGE('',*,*,#3298,.F.);
#4973=ORIENTED_EDGE('',*,*,#3423,.F.);
#4974=ORIENTED_EDGE('',*,*,#3425,.F.);
#4975=ORIENTED_EDGE('',*,*,#3426,.F.);
#4976=ORIENTED_EDGE('',*,*,#3261,.F.);
#4977=ORIENTED_EDGE('',*,*,#3406,.F.);
#4978=ORIENTED_EDGE('',*,*,#3408,.F.);
#4979=ORIENTED_EDGE('',*,*,#3163,.F.);
#4980=ORIENTED_EDGE('',*,*,#3157,.F.);
#4981=PLANE('',#5537);
#4982=PLANE('',#5538);
#4983=PLANE('',#5539);
#4984=PLANE('',#5540);
#4985=PLANE('',#5541);
#4986=PLANE('',#5542);
#4987=PLANE('',#5543);
#4988=PLANE('',#5544);
#4989=PLANE('',#5545);
#4990=PLANE('',#5546);
#4991=PLANE('',#5547);
#4992=PLANE('',#5548);
#4993=PLANE('',#5549);
#4994=PLANE('',#5550);
#4995=PLANE('',#5551);
#4996=PLANE('',#5552);
#4997=PLANE('',#5553);
#4998=PLANE('',#5555);
#4999=PLANE('',#5557);
#5000=PLANE('',#5567);
#5001=PLANE('',#5568);
#5002=PLANE('',#5569);
#5003=PLANE('',#5570);
#5004=PLANE('',#5572);
#5005=PLANE('',#5574);
#5006=PLANE('',#5584);
#5007=PLANE('',#5585);
#5008=PLANE('',#5586);
#5009=PLANE('',#5587);
#5010=PLANE('',#5589);
#5011=PLANE('',#5591);
#5012=PLANE('',#5601);
#5013=PLANE('',#5602);
#5014=PLANE('',#5603);
#5015=PLANE('',#5604);
#5016=PLANE('',#5606);
#5017=PLANE('',#5608);
#5018=PLANE('',#5618);
#5019=PLANE('',#5619);
#5020=PLANE('',#5620);
#5021=PLANE('',#5621);
#5022=PLANE('',#5622);
#5023=PLANE('',#5625);
#5024=PLANE('',#5626);
#5025=PLANE('',#5627);
#5026=PLANE('',#5628);
#5027=PLANE('',#5631);
#5028=PLANE('',#5634);
#5029=PLANE('',#5643);
#5030=PLANE('',#5647);
#5031=PLANE('',#5648);
#5032=PLANE('',#5652);
#5033=PLANE('',#5655);
#5034=PLANE('',#5656);
#5035=PLANE('',#5657);
#5036=PLANE('',#5658);
#5037=PLANE('',#5662);
#5038=PLANE('',#5663);
#5039=PLANE('',#5667);
#5040=PLANE('',#5670);
#5041=PLANE('',#5671);
#5042=PLANE('',#5672);
#5043=PLANE('',#5673);
#5044=PLANE('',#5676);
#5045=PLANE('',#5677);
#5046=PLANE('',#5680);
#5047=PLANE('',#5682);
#5048=PLANE('',#5683);
#5049=PLANE('',#5685);
#5050=PLANE('',#5688);
#5051=PLANE('',#5689);
#5052=PLANE('',#5692);
#5053=PLANE('',#5694);
#5054=PLANE('',#5695);
#5055=PLANE('',#5697);
#5056=PLANE('',#5698);
#5057=PLANE('',#5699);
#5058=PLANE('',#5700);
#5059=PLANE('',#5701);
#5060=PLANE('',#5702);
#5061=PLANE('',#5703);
#5062=PLANE('',#5704);
#5063=PLANE('',#5705);
#5064=PLANE('',#5706);
#5065=PLANE('',#5707);
#5066=PLANE('',#5708);
#5067=PLANE('',#5709);
#5068=PLANE('',#5710);
#5069=PLANE('',#5711);
#5070=PLANE('',#5712);
#5071=PLANE('',#5713);
#5072=PLANE('',#5714);
#5073=PLANE('',#5715);
#5074=PLANE('',#5716);
#5075=PLANE('',#5717);
#5076=PLANE('',#5718);
#5077=PLANE('',#5719);
#5078=PLANE('',#5720);
#5079=PLANE('',#5721);
#5080=PLANE('',#5722);
#5081=PLANE('',#5723);
#5082=PLANE('',#5724);
#5083=PLANE('',#5725);
#5084=PLANE('',#5726);
#5085=PLANE('',#5727);
#5086=PLANE('',#5728);
#5087=PLANE('',#5729);
#5088=PLANE('',#5730);
#5089=PLANE('',#5731);
#5090=PLANE('',#5732);
#5091=PLANE('',#5733);
#5092=PLANE('',#5734);
#5093=PLANE('',#5735);
#5094=PLANE('',#5736);
#5095=PLANE('',#5737);
#5096=PLANE('',#5738);
#5097=PLANE('',#5739);
#5098=PLANE('',#5740);
#5099=PLANE('',#5742);
#5100=PLANE('',#5743);
#5101=PLANE('',#5744);
#5102=PLANE('',#5746);
#5103=PLANE('',#5747);
#5104=PLANE('',#5748);
#5105=PLANE('',#5753);
#5106=PLANE('',#5754);
#5107=PLANE('',#5756);
#5108=PLANE('',#5757);
#5109=PLANE('',#5758);
#5110=PLANE('',#5760);
#5111=PLANE('',#5761);
#5112=PLANE('',#5766);
#5113=PLANE('',#5767);
#5114=PLANE('',#5769);
#5115=PLANE('',#5770);
#5116=PLANE('',#5771);
#5117=PLANE('',#5773);
#5118=PLANE('',#5774);
#5119=PLANE('',#5775);
#5120=PLANE('',#5777);
#5121=PLANE('',#5778);
#5122=PLANE('',#5779);
#5123=PLANE('',#5781);
#5124=PLANE('',#5782);
#5125=PLANE('',#5783);
#5126=PLANE('',#5791);
#5127=PLANE('',#5798);
#5128=PLANE('',#5808);
#5129=PLANE('',#5812);
#5130=PLANE('',#5813);
#5131=PLANE('',#5817);
#5132=PLANE('',#5818);
#5133=PLANE('',#5826);
#5134=PLANE('',#5829);
#5135=PLANE('',#5838);
#5136=PLANE('',#5839);
#5137=PLANE('',#5842);
#5138=PLANE('',#5845);
#5139=PLANE('',#5847);
#5140=PLANE('',#5854);
#5141=PLANE('',#5858);
#5142=PLANE('',#5859);
#5143=PLANE('',#5860);
#5144=PLANE('',#5861);
#5145=PLANE('',#5862);
#5146=PLANE('',#5863);
#5147=PLANE('',#5866);
#5148=PLANE('',#5869);
#5149=PLANE('',#5872);
#5150=PLANE('',#5873);
#5151=PLANE('',#5874);
#5152=PLANE('',#5878);
#5153=PLANE('',#5879);
#5154=PLANE('',#5880);
#5155=PLANE('',#5881);
#5156=PLANE('',#5882);
#5157=PLANE('',#5883);
#5158=PLANE('',#5887);
#5159=PLANE('',#5891);
#5160=PLANE('',#5892);
#5161=PLANE('',#5895);
#5162=PLANE('',#5896);
#5163=PLANE('',#5897);
#5164=PLANE('',#5898);
#5165=PLANE('',#5901);
#5166=PLANE('',#5904);
#5167=PLANE('',#5905);
#5168=PLANE('',#5908);
#5169=PLANE('',#5909);
#5170=PLANE('',#5910);
#5171=PLANE('',#5913);
#5172=PLANE('',#5915);
#5173=PLANE('',#5916);
#5174=PLANE('',#5917);
#5175=PLANE('',#5918);
#5176=PLANE('',#5921);
#5177=PLANE('',#5923);
#5178=PLANE('',#5924);
#5179=PLANE('',#5925);
#5180=PLANE('',#5926);
#5181=PLANE('',#5929);
#5182=PLANE('',#5932);
#5183=PLANE('',#5933);
#5184=PLANE('',#5935);
#5185=PLANE('',#5936);
#5186=PLANE('',#5937);
#5187=PLANE('',#5940);
#5188=PLANE('',#5942);
#5189=PLANE('',#5943);
#5190=PLANE('',#5945);
#5191=PLANE('',#5948);
#5192=PLANE('',#5951);
#5193=PLANE('',#5954);
#5194=PLANE('',#5959);
#5195=PLANE('',#5962);
#5196=PLANE('',#5965);
#5197=PLANE('',#5967);
#5198=PLANE('',#5970);
#5199=PLANE('',#5972);
#5200=PLANE('',#5974);
#5201=PLANE('',#5975);
#5202=PLANE('',#5976);
#5203=PLANE('',#5978);
#5204=PLANE('',#5982);
#5205=PLANE('',#5992);
#5206=PLANE('',#5996);
#5207=PLANE('',#6000);
#5208=PLANE('',#6002);
#5209=PLANE('',#6003);
#5210=ADVANCED_FACE('',(#296),#4981,.T.);
#5211=ADVANCED_FACE('',(#297),#4982,.F.);
#5212=ADVANCED_FACE('',(#298),#4983,.T.);
#5213=ADVANCED_FACE('',(#299),#4984,.F.);
#5214=ADVANCED_FACE('',(#300),#4985,.T.);
#5215=ADVANCED_FACE('',(#301),#4986,.F.);
#5216=ADVANCED_FACE('',(#302),#4987,.T.);
#5217=ADVANCED_FACE('',(#303),#4988,.F.);
#5218=ADVANCED_FACE('',(#304),#4989,.T.);
#5219=ADVANCED_FACE('',(#305),#4990,.F.);
#5220=ADVANCED_FACE('',(#306),#4991,.T.);
#5221=ADVANCED_FACE('',(#307),#4992,.F.);
#5222=ADVANCED_FACE('',(#308),#4993,.T.);
#5223=ADVANCED_FACE('',(#309),#4994,.F.);
#5224=ADVANCED_FACE('',(#310),#4995,.T.);
#5225=ADVANCED_FACE('',(#311),#4996,.F.);
#5226=ADVANCED_FACE('',(#312),#4997,.T.);
#5227=ADVANCED_FACE('',(#313),#4998,.T.);
#5228=ADVANCED_FACE('',(#314),#4999,.T.);
#5229=ADVANCED_FACE('',(#315),#104,.F.);
#5230=ADVANCED_FACE('',(#316),#5000,.T.);
#5231=ADVANCED_FACE('',(#317),#5001,.T.);
#5232=ADVANCED_FACE('',(#318),#5002,.T.);
#5233=ADVANCED_FACE('',(#319),#5003,.F.);
#5234=ADVANCED_FACE('',(#320),#5004,.F.);
#5235=ADVANCED_FACE('',(#321),#5005,.F.);
#5236=ADVANCED_FACE('',(#322),#105,.F.);
#5237=ADVANCED_FACE('',(#323),#5006,.F.);
#5238=ADVANCED_FACE('',(#324),#5007,.F.);
#5239=ADVANCED_FACE('',(#325),#5008,.F.);
#5240=ADVANCED_FACE('',(#326),#5009,.T.);
#5241=ADVANCED_FACE('',(#327),#5010,.T.);
#5242=ADVANCED_FACE('',(#328),#5011,.T.);
#5243=ADVANCED_FACE('',(#329),#106,.F.);
#5244=ADVANCED_FACE('',(#330),#5012,.T.);
#5245=ADVANCED_FACE('',(#331),#5013,.T.);
#5246=ADVANCED_FACE('',(#332),#5014,.T.);
#5247=ADVANCED_FACE('',(#333),#5015,.F.);
#5248=ADVANCED_FACE('',(#334),#5016,.F.);
#5249=ADVANCED_FACE('',(#335),#5017,.F.);
#5250=ADVANCED_FACE('',(#336),#107,.F.);
#5251=ADVANCED_FACE('',(#337),#5018,.F.);
#5252=ADVANCED_FACE('',(#338),#5019,.F.);
#5253=ADVANCED_FACE('',(#339),#5020,.F.);
#5254=ADVANCED_FACE('',(#340),#5021,.T.);
#5255=ADVANCED_FACE('',(#341,#61),#5022,.F.);
#5256=ADVANCED_FACE('',(#342),#5023,.T.);
#5257=ADVANCED_FACE('',(#343),#5024,.T.);
#5258=ADVANCED_FACE('',(#344),#5025,.T.);
#5259=ADVANCED_FACE('',(#345,#62),#5026,.F.);
#5260=ADVANCED_FACE('',(#346,#63),#5027,.F.);
#5261=ADVANCED_FACE('',(#347,#64,#65,#66,#67,#68),#5028,.T.);
#5262=ADVANCED_FACE('',(#348),#5029,.T.);
#5263=ADVANCED_FACE('',(#349),#15,.F.);
#5264=ADVANCED_FACE('',(#350),#5030,.T.);
#5265=ADVANCED_FACE('',(#351),#5031,.T.);
#5266=ADVANCED_FACE('',(#352),#16,.F.);
#5267=ADVANCED_FACE('',(#353),#5032,.T.);
#5268=ADVANCED_FACE('',(#354),#108,.F.);
#5269=ADVANCED_FACE('',(#355),#5033,.T.);
#5270=ADVANCED_FACE('',(#356),#5034,.T.);
#5271=ADVANCED_FACE('',(#357,#69),#5035,.T.);
#5272=ADVANCED_FACE('',(#358),#5036,.T.);
#5273=ADVANCED_FACE('',(#359),#17,.F.);
#5274=ADVANCED_FACE('',(#360),#5037,.T.);
#5275=ADVANCED_FACE('',(#361),#5038,.T.);
#5276=ADVANCED_FACE('',(#362),#18,.F.);
#5277=ADVANCED_FACE('',(#363),#5039,.T.);
#5278=ADVANCED_FACE('',(#364),#109,.F.);
#5279=ADVANCED_FACE('',(#365),#5040,.T.);
#5280=ADVANCED_FACE('',(#366),#5041,.T.);
#5281=ADVANCED_FACE('',(#367,#70),#5042,.T.);
#5282=ADVANCED_FACE('',(#368,#71),#5043,.F.);
#5283=ADVANCED_FACE('',(#369),#5044,.T.);
#5284=ADVANCED_FACE('',(#370),#5045,.T.);
#5285=ADVANCED_FACE('',(#371),#19,.F.);
#5286=ADVANCED_FACE('',(#372),#5046,.T.);
#5287=ADVANCED_FACE('',(#373),#20,.F.);
#5288=ADVANCED_FACE('',(#374),#5047,.T.);
#5289=ADVANCED_FACE('',(#375),#5048,.T.);
#5290=ADVANCED_FACE('',(#376),#110,.F.);
#5291=ADVANCED_FACE('',(#377,#72),#5049,.F.);
#5292=ADVANCED_FACE('',(#378),#5050,.T.);
#5293=ADVANCED_FACE('',(#379),#5051,.T.);
#5294=ADVANCED_FACE('',(#380),#21,.F.);
#5295=ADVANCED_FACE('',(#381),#5052,.T.);
#5296=ADVANCED_FACE('',(#382),#22,.F.);
#5297=ADVANCED_FACE('',(#383),#5053,.T.);
#5298=ADVANCED_FACE('',(#384),#5054,.T.);
#5299=ADVANCED_FACE('',(#385),#111,.F.);
#5300=ADVANCED_FACE('',(#386),#5055,.T.);
#5301=ADVANCED_FACE('',(#387),#5056,.T.);
#5302=ADVANCED_FACE('',(#388),#5057,.F.);
#5303=ADVANCED_FACE('',(#389),#5058,.F.);
#5304=ADVANCED_FACE('',(#390),#5059,.F.);
#5305=ADVANCED_FACE('',(#391),#5060,.F.);
#5306=ADVANCED_FACE('',(#392),#5061,.F.);
#5307=ADVANCED_FACE('',(#393),#5062,.F.);
#5308=ADVANCED_FACE('',(#394),#5063,.F.);
#5309=ADVANCED_FACE('',(#395),#5064,.F.);
#5310=ADVANCED_FACE('',(#396),#5065,.F.);
#5311=ADVANCED_FACE('',(#397),#5066,.F.);
#5312=ADVANCED_FACE('',(#398),#5067,.F.);
#5313=ADVANCED_FACE('',(#399),#5068,.F.);
#5314=ADVANCED_FACE('',(#400),#5069,.F.);
#5315=ADVANCED_FACE('',(#401),#5070,.F.);
#5316=ADVANCED_FACE('',(#402),#5071,.F.);
#5317=ADVANCED_FACE('',(#403),#5072,.F.);
#5318=ADVANCED_FACE('',(#404),#5073,.F.);
#5319=ADVANCED_FACE('',(#405),#5074,.F.);
#5320=ADVANCED_FACE('',(#406),#5075,.F.);
#5321=ADVANCED_FACE('',(#407),#5076,.F.);
#5322=ADVANCED_FACE('',(#408),#5077,.T.);
#5323=ADVANCED_FACE('',(#409),#5078,.T.);
#5324=ADVANCED_FACE('',(#410),#5079,.T.);
#5325=ADVANCED_FACE('',(#411),#5080,.T.);
#5326=ADVANCED_FACE('',(#412),#5081,.T.);
#5327=ADVANCED_FACE('',(#413),#5082,.T.);
#5328=ADVANCED_FACE('',(#414),#5083,.T.);
#5329=ADVANCED_FACE('',(#415),#5084,.T.);
#5330=ADVANCED_FACE('',(#416),#5085,.T.);
#5331=ADVANCED_FACE('',(#417),#5086,.T.);
#5332=ADVANCED_FACE('',(#418),#5087,.T.);
#5333=ADVANCED_FACE('',(#419),#5088,.T.);
#5334=ADVANCED_FACE('',(#420),#5089,.T.);
#5335=ADVANCED_FACE('',(#421),#5090,.T.);
#5336=ADVANCED_FACE('',(#422),#5091,.T.);
#5337=ADVANCED_FACE('',(#423),#5092,.T.);
#5338=ADVANCED_FACE('',(#424),#5093,.T.);
#5339=ADVANCED_FACE('',(#425),#5094,.T.);
#5340=ADVANCED_FACE('',(#426),#5095,.T.);
#5341=ADVANCED_FACE('',(#427),#5096,.T.);
#5342=ADVANCED_FACE('',(#428),#5097,.F.);
#5343=ADVANCED_FACE('',(#429,#73),#5098,.T.);
#5344=ADVANCED_FACE('',(#430),#5099,.T.);
#5345=ADVANCED_FACE('',(#431),#5100,.F.);
#5346=ADVANCED_FACE('',(#432,#74),#5101,.T.);
#5347=ADVANCED_FACE('',(#433),#5102,.T.);
#5348=ADVANCED_FACE('',(#434),#5103,.T.);
#5349=ADVANCED_FACE('',(#435,#75,#76),#5104,.T.);
#5350=ADVANCED_FACE('',(#436),#112,.F.);
#5351=ADVANCED_FACE('',(#437),#113,.F.);
#5352=ADVANCED_FACE('',(#438),#5105,.F.);
#5353=ADVANCED_FACE('',(#439,#77),#5106,.T.);
#5354=ADVANCED_FACE('',(#440),#5107,.T.);
#5355=ADVANCED_FACE('',(#441),#5108,.F.);
#5356=ADVANCED_FACE('',(#442,#78),#5109,.T.);
#5357=ADVANCED_FACE('',(#443),#5110,.T.);
#5358=ADVANCED_FACE('',(#444),#5111,.T.);
#5359=ADVANCED_FACE('',(#445),#114,.F.);
#5360=ADVANCED_FACE('',(#446),#115,.F.);
#5361=ADVANCED_FACE('',(#447),#5112,.T.);
#5362=ADVANCED_FACE('',(#448,#79),#5113,.F.);
#5363=ADVANCED_FACE('',(#449),#5114,.F.);
#5364=ADVANCED_FACE('',(#450),#5115,.T.);
#5365=ADVANCED_FACE('',(#451,#80),#5116,.F.);
#5366=ADVANCED_FACE('',(#452),#5117,.F.);
#5367=ADVANCED_FACE('',(#453),#5118,.T.);
#5368=ADVANCED_FACE('',(#454,#81),#5119,.F.);
#5369=ADVANCED_FACE('',(#455),#5120,.F.);
#5370=ADVANCED_FACE('',(#456),#5121,.T.);
#5371=ADVANCED_FACE('',(#457,#82),#5122,.F.);
#5372=ADVANCED_FACE('',(#458),#5123,.F.);
#5373=ADVANCED_FACE('',(#459),#5124,.F.);
#5374=ADVANCED_FACE('',(#460),#5125,.F.);
#5375=ADVANCED_FACE('',(#461),#116,.F.);
#5376=ADVANCED_FACE('',(#462),#117,.F.);
#5377=ADVANCED_FACE('',(#463),#23,.T.);
#5378=ADVANCED_FACE('',(#464,#83),#5126,.T.);
#5379=ADVANCED_FACE('',(#465),#118,.T.);
#5380=ADVANCED_FACE('',(#466),#24,.T.);
#5381=ADVANCED_FACE('',(#467,#84),#5127,.T.);
#5382=ADVANCED_FACE('',(#468),#119,.T.);
#5383=ADVANCED_FACE('',(#469),#25,.T.);
#5384=ADVANCED_FACE('',(#470),#26,.T.);
#5385=ADVANCED_FACE('',(#471),#5128,.T.);
#5386=ADVANCED_FACE('',(#472),#27,.T.);
#5387=ADVANCED_FACE('',(#473),#5129,.T.);
#5388=ADVANCED_FACE('',(#474),#5130,.T.);
#5389=ADVANCED_FACE('',(#475),#28,.T.);
#5390=ADVANCED_FACE('',(#476),#5131,.T.);
#5391=ADVANCED_FACE('',(#477,#85,#86,#87),#5132,.T.);
#5392=ADVANCED_FACE('',(#478),#120,.T.);
#5393=ADVANCED_FACE('',(#479,#88,#89),#5133,.T.);
#5394=ADVANCED_FACE('',(#480),#121,.T.);
#5395=ADVANCED_FACE('',(#481,#90,#91,#92,#93,#94,#95),#5134,.T.);
#5396=ADVANCED_FACE('',(#482),#29,.T.);
#5397=ADVANCED_FACE('',(#483),#30,.T.);
#5398=ADVANCED_FACE('',(#484),#5135,.T.);
#5399=ADVANCED_FACE('',(#485),#5136,.T.);
#5400=ADVANCED_FACE('',(#486),#31,.T.);
#5401=ADVANCED_FACE('',(#487),#5137,.T.);
#5402=ADVANCED_FACE('',(#488),#32,.T.);
#5403=ADVANCED_FACE('',(#489),#5138,.T.);
#5404=ADVANCED_FACE('',(#490),#122,.T.);
#5405=ADVANCED_FACE('',(#491,#96,#97,#98),#5139,.F.);
#5406=ADVANCED_FACE('',(#492),#123,.T.);
#5407=ADVANCED_FACE('',(#493),#5140,.T.);
#5408=ADVANCED_FACE('',(#494),#33,.F.);
#5409=ADVANCED_FACE('',(#495),#5141,.T.);
#5410=ADVANCED_FACE('',(#496),#5142,.T.);
#5411=ADVANCED_FACE('',(#497),#5143,.T.);
#5412=ADVANCED_FACE('',(#498,#99),#5144,.F.);
#5413=ADVANCED_FACE('',(#499),#5145,.T.);
#5414=ADVANCED_FACE('',(#500),#5146,.T.);
#5415=ADVANCED_FACE('',(#501),#34,.F.);
#5416=ADVANCED_FACE('',(#502),#5147,.T.);
#5417=ADVANCED_FACE('',(#503),#35,.F.);
#5418=ADVANCED_FACE('',(#504),#5148,.T.);
#5419=ADVANCED_FACE('',(#505),#124,.F.);
#5420=ADVANCED_FACE('',(#506),#5149,.T.);
#5421=ADVANCED_FACE('',(#507),#5150,.T.);
#5422=ADVANCED_FACE('',(#508),#5151,.T.);
#5423=ADVANCED_FACE('',(#509),#36,.F.);
#5424=ADVANCED_FACE('',(#510),#5152,.T.);
#5425=ADVANCED_FACE('',(#511),#5153,.T.);
#5426=ADVANCED_FACE('',(#512),#5154,.T.);
#5427=ADVANCED_FACE('',(#513,#100),#5155,.F.);
#5428=ADVANCED_FACE('',(#514),#5156,.T.);
#5429=ADVANCED_FACE('',(#515),#5157,.T.);
#5430=ADVANCED_FACE('',(#516),#37,.F.);
#5431=ADVANCED_FACE('',(#517),#5158,.T.);
#5432=ADVANCED_FACE('',(#518),#38,.F.);
#5433=ADVANCED_FACE('',(#519),#5159,.T.);
#5434=ADVANCED_FACE('',(#520),#5160,.T.);
#5435=ADVANCED_FACE('',(#521),#125,.F.);
#5436=ADVANCED_FACE('',(#522),#5161,.T.);
#5437=ADVANCED_FACE('',(#523,#101),#5162,.F.);
#5438=ADVANCED_FACE('',(#524),#5163,.T.);
#5439=ADVANCED_FACE('',(#525),#5164,.T.);
#5440=ADVANCED_FACE('',(#526),#39,.F.);
#5441=ADVANCED_FACE('',(#527),#5165,.T.);
#5442=ADVANCED_FACE('',(#528),#40,.F.);
#5443=ADVANCED_FACE('',(#529),#5166,.T.);
#5444=ADVANCED_FACE('',(#530),#5167,.T.);
#5445=ADVANCED_FACE('',(#531),#126,.F.);
#5446=ADVANCED_FACE('',(#532),#5168,.T.);
#5447=ADVANCED_FACE('',(#533),#5169,.T.);
#5448=ADVANCED_FACE('',(#534),#5170,.T.);
#5449=ADVANCED_FACE('',(#535),#41,.F.);
#5450=ADVANCED_FACE('',(#536),#5171,.T.);
#5451=ADVANCED_FACE('',(#537),#42,.F.);
#5452=ADVANCED_FACE('',(#538),#5172,.T.);
#5453=ADVANCED_FACE('',(#539),#5173,.T.);
#5454=ADVANCED_FACE('',(#540),#5174,.T.);
#5455=ADVANCED_FACE('',(#541),#5175,.T.);
#5456=ADVANCED_FACE('',(#542),#43,.F.);
#5457=ADVANCED_FACE('',(#543),#5176,.T.);
#5458=ADVANCED_FACE('',(#544),#44,.F.);
#5459=ADVANCED_FACE('',(#545),#5177,.T.);
#5460=ADVANCED_FACE('',(#546),#5178,.T.);
#5461=ADVANCED_FACE('',(#547),#5179,.T.);
#5462=ADVANCED_FACE('',(#548),#5180,.T.);
#5463=ADVANCED_FACE('',(#549),#45,.F.);
#5464=ADVANCED_FACE('',(#550),#5181,.T.);
#5465=ADVANCED_FACE('',(#551),#46,.F.);
#5466=ADVANCED_FACE('',(#552),#5182,.T.);
#5467=ADVANCED_FACE('',(#553),#5183,.T.);
#5468=ADVANCED_FACE('',(#554),#127,.F.);
#5469=ADVANCED_FACE('',(#555),#5184,.T.);
#5470=ADVANCED_FACE('',(#556),#5185,.T.);
#5471=ADVANCED_FACE('',(#557),#5186,.T.);
#5472=ADVANCED_FACE('',(#558),#47,.F.);
#5473=ADVANCED_FACE('',(#559),#5187,.T.);
#5474=ADVANCED_FACE('',(#560),#48,.F.);
#5475=ADVANCED_FACE('',(#561),#5188,.T.);
#5476=ADVANCED_FACE('',(#562),#5189,.T.);
#5477=ADVANCED_FACE('',(#563),#128,.F.);
#5478=ADVANCED_FACE('',(#564),#5190,.T.);
#5479=ADVANCED_FACE('',(#565),#49,.F.);
#5480=ADVANCED_FACE('',(#566),#5191,.T.);
#5481=ADVANCED_FACE('',(#567),#50,.F.);
#5482=ADVANCED_FACE('',(#568),#5192,.T.);
#5483=ADVANCED_FACE('',(#569),#51,.F.);
#5484=ADVANCED_FACE('',(#570),#5193,.T.);
#5485=ADVANCED_FACE('',(#571),#52,.F.);
#5486=ADVANCED_FACE('',(#572),#129,.F.);
#5487=ADVANCED_FACE('',(#573),#5194,.F.);
#5488=ADVANCED_FACE('',(#574),#130,.F.);
#5489=ADVANCED_FACE('',(#575),#5195,.T.);
#5490=ADVANCED_FACE('',(#576),#53,.F.);
#5491=ADVANCED_FACE('',(#577),#5196,.T.);
#5492=ADVANCED_FACE('',(#578),#131,.F.);
#5493=ADVANCED_FACE('',(#579),#5197,.T.);
#5494=ADVANCED_FACE('',(#580),#54,.F.);
#5495=ADVANCED_FACE('',(#581),#5198,.T.);
#5496=ADVANCED_FACE('',(#582),#132,.F.);
#5497=ADVANCED_FACE('',(#583),#5199,.T.);
#5498=ADVANCED_FACE('',(#584),#133,.F.);
#5499=ADVANCED_FACE('',(#585),#5200,.T.);
#5500=ADVANCED_FACE('',(#586),#5201,.T.);
#5501=ADVANCED_FACE('',(#587),#5202,.T.);
#5502=ADVANCED_FACE('',(#588),#134,.F.);
#5503=ADVANCED_FACE('',(#589),#5203,.T.);
#5504=ADVANCED_FACE('',(#590),#135,.F.);
#5505=ADVANCED_FACE('',(#591),#136,.F.);
#5506=ADVANCED_FACE('',(#592),#5204,.F.);
#5507=ADVANCED_FACE('',(#593),#137,.F.);
#5508=ADVANCED_FACE('',(#594),#55,.F.);
#5509=ADVANCED_FACE('',(#595),#138,.F.);
#5510=ADVANCED_FACE('',(#596),#56,.F.);
#5511=ADVANCED_FACE('',(#597),#139,.F.);
#5512=ADVANCED_FACE('',(#598),#57,.F.);
#5513=ADVANCED_FACE('',(#599),#5205,.F.);
#5514=ADVANCED_FACE('',(#600),#58,.F.);
#5515=ADVANCED_FACE('',(#601),#140,.F.);
#5516=ADVANCED_FACE('',(#602),#5206,.F.);
#5517=ADVANCED_FACE('',(#603),#59,.F.);
#5518=ADVANCED_FACE('',(#604),#141,.F.);
#5519=ADVANCED_FACE('',(#605),#5207,.F.);
#5520=ADVANCED_FACE('',(#606),#60,.F.);
#5521=ADVANCED_FACE('',(#607),#5208,.F.);
#5522=ADVANCED_FACE('',(#608,#102,#103),#5209,.T.);
#5523=CLOSED_SHELL('',(#5210,#5211,#5212,#5213,#5214,#5215,#5216,#5217,
#5218,#5219,#5220,#5221,#5222,#5223,#5224,#5225,#5226,#5227,#5228,#5229,
#5230,#5231,#5232,#5233,#5234,#5235,#5236,#5237,#5238,#5239,#5240,#5241,
#5242,#5243,#5244,#5245,#5246,#5247,#5248,#5249,#5250,#5251,#5252,#5253,
#5254,#5255,#5256,#5257,#5258,#5259,#5260,#5261,#5262,#5263,#5264,#5265,
#5266,#5267,#5268,#5269,#5270,#5271,#5272,#5273,#5274,#5275,#5276,#5277,
#5278,#5279,#5280,#5281,#5282,#5283,#5284,#5285,#5286,#5287,#5288,#5289,
#5290,#5291,#5292,#5293,#5294,#5295,#5296,#5297,#5298,#5299,#5300,#5301,
#5302,#5303,#5304,#5305,#5306,#5307,#5308,#5309,#5310,#5311,#5312,#5313,
#5314,#5315,#5316,#5317,#5318,#5319,#5320,#5321,#5322,#5323,#5324,#5325,
#5326,#5327,#5328,#5329,#5330,#5331,#5332,#5333,#5334,#5335,#5336,#5337,
#5338,#5339,#5340,#5341,#5342,#5343,#5344,#5345,#5346,#5347,#5348,#5349,
#5350,#5351,#5352,#5353,#5354,#5355,#5356,#5357,#5358,#5359,#5360,#5361,
#5362,#5363,#5364,#5365,#5366,#5367,#5368,#5369,#5370,#5371,#5372,#5373,
#5374,#5375,#5376,#5377,#5378,#5379,#5380,#5381,#5382,#5383,#5384,#5385,
#5386,#5387,#5388,#5389,#5390,#5391,#5392,#5393,#5394,#5395,#5396,#5397,
#5398,#5399,#5400,#5401,#5402,#5403,#5404,#5405,#5406,#5407,#5408,#5409,
#5410,#5411,#5412,#5413,#5414,#5415,#5416,#5417,#5418,#5419,#5420,#5421,
#5422,#5423,#5424,#5425,#5426,#5427,#5428,#5429,#5430,#5431,#5432,#5433,
#5434,#5435,#5436,#5437,#5438,#5439,#5440,#5441,#5442,#5443,#5444,#5445,
#5446,#5447,#5448,#5449,#5450,#5451,#5452,#5453,#5454,#5455,#5456,#5457,
#5458,#5459,#5460,#5461,#5462,#5463,#5464,#5465,#5466,#5467,#5468,#5469,
#5470,#5471,#5472,#5473,#5474,#5475,#5476,#5477,#5478,#5479,#5480,#5481,
#5482,#5483,#5484,#5485,#5486,#5487,#5488,#5489,#5490,#5491,#5492,#5493,
#5494,#5495,#5496,#5497,#5498,#5499,#5500,#5501,#5502,#5503,#5504,#5505,
#5506,#5507,#5508,#5509,#5510,#5511,#5512,#5513,#5514,#5515,#5516,#5517,
#5518,#5519,#5520,#5521,#5522));
#5524=DERIVED_UNIT_ELEMENT(#5526,1.);
#5525=DERIVED_UNIT_ELEMENT(#9119,-3.);
#5526=(
MASS_UNIT()
NAMED_UNIT(*)
SI_UNIT(.KILO.,.GRAM.)
);
#5527=DERIVED_UNIT((#5524,#5525));
#5528=MEASURE_REPRESENTATION_ITEM('density measure',
POSITIVE_RATIO_MEASURE(7850.),#5527);
#5529=PROPERTY_DEFINITION_REPRESENTATION(#5534,#5531);
#5530=PROPERTY_DEFINITION_REPRESENTATION(#5535,#5532);
#5531=REPRESENTATION('material name',(#5533),#9116);
#5532=REPRESENTATION('density',(#5528),#9116);
#5533=DESCRIPTIVE_REPRESENTATION_ITEM('Stahl','Stahl');
#5534=PROPERTY_DEFINITION('material property','material name',#9126);
#5535=PROPERTY_DEFINITION('material property','density of part',#9126);
#5536=AXIS2_PLACEMENT_3D('',#7556,#6004,#6005);
#5537=AXIS2_PLACEMENT_3D('',#7557,#6006,#6007);
#5538=AXIS2_PLACEMENT_3D('',#7566,#6012,#6013);
#5539=AXIS2_PLACEMENT_3D('',#7588,#6025,#6026);
#5540=AXIS2_PLACEMENT_3D('',#7597,#6031,#6032);
#5541=AXIS2_PLACEMENT_3D('',#7619,#6044,#6045);
#5542=AXIS2_PLACEMENT_3D('',#7628,#6050,#6051);
#5543=AXIS2_PLACEMENT_3D('',#7650,#6063,#6064);
#5544=AXIS2_PLACEMENT_3D('',#7659,#6069,#6070);
#5545=AXIS2_PLACEMENT_3D('',#7681,#6082,#6083);
#5546=AXIS2_PLACEMENT_3D('',#7690,#6088,#6089);
#5547=AXIS2_PLACEMENT_3D('',#7712,#6101,#6102);
#5548=AXIS2_PLACEMENT_3D('',#7721,#6107,#6108);
#5549=AXIS2_PLACEMENT_3D('',#7743,#6120,#6121);
#5550=AXIS2_PLACEMENT_3D('',#7752,#6126,#6127);
#5551=AXIS2_PLACEMENT_3D('',#7774,#6139,#6140);
#5552=AXIS2_PLACEMENT_3D('',#7783,#6145,#6146);
#5553=AXIS2_PLACEMENT_3D('',#7805,#6158,#6159);
#5554=AXIS2_PLACEMENT_3D('',#7807,#6160,#6161);
#5555=AXIS2_PLACEMENT_3D('',#7811,#6164,#6165);
#5556=AXIS2_PLACEMENT_3D('',#7813,#6166,#6167);
#5557=AXIS2_PLACEMENT_3D('',#7817,#6170,#6171);
#5558=AXIS2_PLACEMENT_3D('',#7819,#6172,#6173);
#5559=AXIS2_PLACEMENT_3D('',#7823,#6176,#6177);
#5560=AXIS2_PLACEMENT_3D('',#7825,#6178,#6179);
#5561=AXIS2_PLACEMENT_3D('',#7828,#6181,#6182);
#5562=AXIS2_PLACEMENT_3D('',#7830,#6183,#6184);
#5563=AXIS2_PLACEMENT_3D('',#7832,#6186,#6187);
#5564=AXIS2_PLACEMENT_3D('',#7835,#6189,#6190);
#5565=AXIS2_PLACEMENT_3D('',#7837,#6191,#6192);
#5566=AXIS2_PLACEMENT_3D('',#7839,#6194,#6195);
#5567=AXIS2_PLACEMENT_3D('',#7840,#6196,#6197);
#5568=AXIS2_PLACEMENT_3D('',#7844,#6200,#6201);
#5569=AXIS2_PLACEMENT_3D('',#7848,#6204,#6205);
#5570=AXIS2_PLACEMENT_3D('',#7852,#6208,#6209);
#5571=AXIS2_PLACEMENT_3D('',#7854,#6210,#6211);
#5572=AXIS2_PLACEMENT_3D('',#7858,#6214,#6215);
#5573=AXIS2_PLACEMENT_3D('',#7860,#6216,#6217);
#5574=AXIS2_PLACEMENT_3D('',#7864,#6220,#6221);
#5575=AXIS2_PLACEMENT_3D('',#7866,#6222,#6223);
#5576=AXIS2_PLACEMENT_3D('',#7870,#6226,#6227);
#5577=AXIS2_PLACEMENT_3D('',#7872,#6228,#6229);
#5578=AXIS2_PLACEMENT_3D('',#7875,#6231,#6232);
#5579=AXIS2_PLACEMENT_3D('',#7877,#6233,#6234);
#5580=AXIS2_PLACEMENT_3D('',#7879,#6236,#6237);
#5581=AXIS2_PLACEMENT_3D('',#7882,#6239,#6240);
#5582=AXIS2_PLACEMENT_3D('',#7884,#6241,#6242);
#5583=AXIS2_PLACEMENT_3D('',#7886,#6244,#6245);
#5584=AXIS2_PLACEMENT_3D('',#7887,#6246,#6247);
#5585=AXIS2_PLACEMENT_3D('',#7891,#6250,#6251);
#5586=AXIS2_PLACEMENT_3D('',#7895,#6254,#6255);
#5587=AXIS2_PLACEMENT_3D('',#7899,#6258,#6259);
#5588=AXIS2_PLACEMENT_3D('',#7901,#6260,#6261);
#5589=AXIS2_PLACEMENT_3D('',#7905,#6264,#6265);
#5590=AXIS2_PLACEMENT_3D('',#7907,#6266,#6267);
#5591=AXIS2_PLACEMENT_3D('',#7911,#6270,#6271);
#5592=AXIS2_PLACEMENT_3D('',#7913,#6272,#6273);
#5593=AXIS2_PLACEMENT_3D('',#7917,#6276,#6277);
#5594=AXIS2_PLACEMENT_3D('',#7919,#6278,#6279);
#5595=AXIS2_PLACEMENT_3D('',#7922,#6281,#6282);
#5596=AXIS2_PLACEMENT_3D('',#7924,#6283,#6284);
#5597=AXIS2_PLACEMENT_3D('',#7926,#6286,#6287);
#5598=AXIS2_PLACEMENT_3D('',#7929,#6289,#6290);
#5599=AXIS2_PLACEMENT_3D('',#7931,#6291,#6292);
#5600=AXIS2_PLACEMENT_3D('',#7933,#6294,#6295);
#5601=AXIS2_PLACEMENT_3D('',#7934,#6296,#6297);
#5602=AXIS2_PLACEMENT_3D('',#7938,#6300,#6301);
#5603=AXIS2_PLACEMENT_3D('',#7942,#6304,#6305);
#5604=AXIS2_PLACEMENT_3D('',#7946,#6308,#6309);
#5605=AXIS2_PLACEMENT_3D('',#7948,#6310,#6311);
#5606=AXIS2_PLACEMENT_3D('',#7952,#6314,#6315);
#5607=AXIS2_PLACEMENT_3D('',#7954,#6316,#6317);
#5608=AXIS2_PLACEMENT_3D('',#7958,#6320,#6321);
#5609=AXIS2_PLACEMENT_3D('',#7960,#6322,#6323);
#5610=AXIS2_PLACEMENT_3D('',#7964,#6326,#6327);
#5611=AXIS2_PLACEMENT_3D('',#7966,#6328,#6329);
#5612=AXIS2_PLACEMENT_3D('',#7969,#6331,#6332);
#5613=AXIS2_PLACEMENT_3D('',#7971,#6333,#6334);
#5614=AXIS2_PLACEMENT_3D('',#7973,#6336,#6337);
#5615=AXIS2_PLACEMENT_3D('',#7976,#6339,#6340);
#5616=AXIS2_PLACEMENT_3D('',#7978,#6341,#6342);
#5617=AXIS2_PLACEMENT_3D('',#7980,#6344,#6345);
#5618=AXIS2_PLACEMENT_3D('',#7981,#6346,#6347);
#5619=AXIS2_PLACEMENT_3D('',#7985,#6350,#6351);
#5620=AXIS2_PLACEMENT_3D('',#7989,#6354,#6355);
#5621=AXIS2_PLACEMENT_3D('',#7993,#6358,#6359);
#5622=AXIS2_PLACEMENT_3D('',#7996,#6362,#6363);
#5623=AXIS2_PLACEMENT_3D('',#8002,#6366,#6367);
#5624=AXIS2_PLACEMENT_3D('',#8008,#6370,#6371);
#5625=AXIS2_PLACEMENT_3D('',#8010,#6373,#6374);
#5626=AXIS2_PLACEMENT_3D('',#8013,#6377,#6378);
#5627=AXIS2_PLACEMENT_3D('',#8016,#6381,#6382);
#5628=AXIS2_PLACEMENT_3D('',#8019,#6385,#6386);
#5629=AXIS2_PLACEMENT_3D('',#8025,#6389,#6390);
#5630=AXIS2_PLACEMENT_3D('',#8031,#6393,#6394);
#5631=AXIS2_PLACEMENT_3D('',#8033,#6396,#6397);
#5632=AXIS2_PLACEMENT_3D('',#8039,#6400,#6401);
#5633=AXIS2_PLACEMENT_3D('',#8045,#6404,#6405);
#5634=AXIS2_PLACEMENT_3D('',#8047,#6407,#6408);
#5635=AXIS2_PLACEMENT_3D('',#8052,#6410,#6411);
#5636=AXIS2_PLACEMENT_3D('',#8056,#6413,#6414);
#5637=AXIS2_PLACEMENT_3D('',#8060,#6416,#6417);
#5638=AXIS2_PLACEMENT_3D('',#8063,#6419,#6420);
#5639=AXIS2_PLACEMENT_3D('',#8069,#6423,#6424);
#5640=AXIS2_PLACEMENT_3D('',#8073,#6426,#6427);
#5641=AXIS2_PLACEMENT_3D('',#8077,#6429,#6430);
#5642=AXIS2_PLACEMENT_3D('',#8080,#6432,#6433);
#5643=AXIS2_PLACEMENT_3D('',#8081,#6434,#6435);
#5644=AXIS2_PLACEMENT_3D('',#8090,#6440,#6441);
#5645=AXIS2_PLACEMENT_3D('',#8092,#6442,#6443);
#5646=AXIS2_PLACEMENT_3D('',#8095,#6445,#6446);
#5647=AXIS2_PLACEMENT_3D('',#8096,#6447,#6448);
#5648=AXIS2_PLACEMENT_3D('',#8102,#6452,#6453);
#5649=AXIS2_PLACEMENT_3D('',#8108,#6457,#6458);
#5650=AXIS2_PLACEMENT_3D('',#8110,#6459,#6460);
#5651=AXIS2_PLACEMENT_3D('',#8113,#6462,#6463);
#5652=AXIS2_PLACEMENT_3D('',#8114,#6464,#6465);
#5653=AXIS2_PLACEMENT_3D('',#8117,#6468,#6469);
#5654=AXIS2_PLACEMENT_3D('',#8121,#6471,#6472);
#5655=AXIS2_PLACEMENT_3D('',#8123,#6474,#6475);
#5656=AXIS2_PLACEMENT_3D('',#8127,#6478,#6479);
#5657=AXIS2_PLACEMENT_3D('',#8131,#6482,#6483);
#5658=AXIS2_PLACEMENT_3D('',#8132,#6484,#6485);
#5659=AXIS2_PLACEMENT_3D('',#8141,#6490,#6491);
#5660=AXIS2_PLACEMENT_3D('',#8143,#6492,#6493);
#5661=AXIS2_PLACEMENT_3D('',#8146,#6495,#6496);
#5662=AXIS2_PLACEMENT_3D('',#8147,#6497,#6498);
#5663=AXIS2_PLACEMENT_3D('',#8153,#6502,#6503);
#5664=AXIS2_PLACEMENT_3D('',#8159,#6507,#6508);
#5665=AXIS2_PLACEMENT_3D('',#8161,#6509,#6510);
#5666=AXIS2_PLACEMENT_3D('',#8164,#6512,#6513);
#5667=AXIS2_PLACEMENT_3D('',#8165,#6514,#6515);
#5668=AXIS2_PLACEMENT_3D('',#8168,#6518,#6519);
#5669=AXIS2_PLACEMENT_3D('',#8172,#6521,#6522);
#5670=AXIS2_PLACEMENT_3D('',#8174,#6524,#6525);
#5671=AXIS2_PLACEMENT_3D('',#8178,#6528,#6529);
#5672=AXIS2_PLACEMENT_3D('',#8182,#6532,#6533);
#5673=AXIS2_PLACEMENT_3D('',#8183,#6534,#6535);
#5674=AXIS2_PLACEMENT_3D('',#8188,#6537,#6538);
#5675=AXIS2_PLACEMENT_3D('',#8194,#6541,#6542);
#5676=AXIS2_PLACEMENT_3D('',#8196,#6544,#6545);
#5677=AXIS2_PLACEMENT_3D('',#8201,#6549,#6550);
#5678=AXIS2_PLACEMENT_3D('',#8204,#6553,#6554);
#5679=AXIS2_PLACEMENT_3D('',#8207,#6556,#6557);
#5680=AXIS2_PLACEMENT_3D('',#8208,#6558,#6559);
#5681=AXIS2_PLACEMENT_3D('',#8210,#6561,#6562);
#5682=AXIS2_PLACEMENT_3D('',#8212,#6564,#6565);
#5683=AXIS2_PLACEMENT_3D('',#8213,#6566,#6567);
#5684=AXIS2_PLACEMENT_3D('',#8216,#6570,#6571);
#5685=AXIS2_PLACEMENT_3D('',#8217,#6572,#6573);
#5686=AXIS2_PLACEMENT_3D('',#8222,#6575,#6576);
#5687=AXIS2_PLACEMENT_3D('',#8228,#6579,#6580);
#5688=AXIS2_PLACEMENT_3D('',#8230,#6582,#6583);
#5689=AXIS2_PLACEMENT_3D('',#8235,#6587,#6588);
#5690=AXIS2_PLACEMENT_3D('',#8238,#6591,#6592);
#5691=AXIS2_PLACEMENT_3D('',#8241,#6594,#6595);
#5692=AXIS2_PLACEMENT_3D('',#8242,#6596,#6597);
#5693=AXIS2_PLACEMENT_3D('',#8244,#6599,#6600);
#5694=AXIS2_PLACEMENT_3D('',#8246,#6602,#6603);
#5695=AXIS2_PLACEMENT_3D('',#8247,#6604,#6605);
#5696=AXIS2_PLACEMENT_3D('',#8250,#6608,#6609);
#5697=AXIS2_PLACEMENT_3D('',#8251,#6610,#6611);
#5698=AXIS2_PLACEMENT_3D('',#8252,#6612,#6613);
#5699=AXIS2_PLACEMENT_3D('',#8253,#6614,#6615);
#5700=AXIS2_PLACEMENT_3D('',#8257,#6618,#6619);
#5701=AXIS2_PLACEMENT_3D('',#8259,#6621,#6622);
#5702=AXIS2_PLACEMENT_3D('',#8260,#6623,#6624);
#5703=AXIS2_PLACEMENT_3D('',#8264,#6627,#6628);
#5704=AXIS2_PLACEMENT_3D('',#8266,#6630,#6631);
#5705=AXIS2_PLACEMENT_3D('',#8267,#6632,#6633);
#5706=AXIS2_PLACEMENT_3D('',#8269,#6635,#6636);
#5707=AXIS2_PLACEMENT_3D('',#8270,#6637,#6638);
#5708=AXIS2_PLACEMENT_3D('',#8272,#6640,#6641);
#5709=AXIS2_PLACEMENT_3D('',#8273,#6642,#6643);
#5710=AXIS2_PLACEMENT_3D('',#8277,#6646,#6647);
#5711=AXIS2_PLACEMENT_3D('',#8279,#6649,#6650);
#5712=AXIS2_PLACEMENT_3D('',#8280,#6651,#6652);
#5713=AXIS2_PLACEMENT_3D('',#8284,#6655,#6656);
#5714=AXIS2_PLACEMENT_3D('',#8286,#6658,#6659);
#5715=AXIS2_PLACEMENT_3D('',#8287,#6660,#6661);
#5716=AXIS2_PLACEMENT_3D('',#8289,#6663,#6664);
#5717=AXIS2_PLACEMENT_3D('',#8290,#6665,#6666);
#5718=AXIS2_PLACEMENT_3D('',#8292,#6668,#6669);
#5719=AXIS2_PLACEMENT_3D('',#8293,#6670,#6671);
#5720=AXIS2_PLACEMENT_3D('',#8297,#6674,#6675);
#5721=AXIS2_PLACEMENT_3D('',#8299,#6677,#6678);
#5722=AXIS2_PLACEMENT_3D('',#8300,#6679,#6680);
#5723=AXIS2_PLACEMENT_3D('',#8304,#6683,#6684);
#5724=AXIS2_PLACEMENT_3D('',#8306,#6686,#6687);
#5725=AXIS2_PLACEMENT_3D('',#8307,#6688,#6689);
#5726=AXIS2_PLACEMENT_3D('',#8309,#6691,#6692);
#5727=AXIS2_PLACEMENT_3D('',#8310,#6693,#6694);
#5728=AXIS2_PLACEMENT_3D('',#8312,#6696,#6697);
#5729=AXIS2_PLACEMENT_3D('',#8313,#6698,#6699);
#5730=AXIS2_PLACEMENT_3D('',#8317,#6702,#6703);
#5731=AXIS2_PLACEMENT_3D('',#8319,#6705,#6706);
#5732=AXIS2_PLACEMENT_3D('',#8320,#6707,#6708);
#5733=AXIS2_PLACEMENT_3D('',#8324,#6711,#6712);
#5734=AXIS2_PLACEMENT_3D('',#8326,#6714,#6715);
#5735=AXIS2_PLACEMENT_3D('',#8327,#6716,#6717);
#5736=AXIS2_PLACEMENT_3D('',#8329,#6719,#6720);
#5737=AXIS2_PLACEMENT_3D('',#8330,#6721,#6722);
#5738=AXIS2_PLACEMENT_3D('',#8332,#6724,#6725);
#5739=AXIS2_PLACEMENT_3D('',#8333,#6726,#6727);
#5740=AXIS2_PLACEMENT_3D('',#8342,#6732,#6733);
#5741=AXIS2_PLACEMENT_3D('',#8353,#6739,#6740);
#5742=AXIS2_PLACEMENT_3D('',#8354,#6741,#6742);
#5743=AXIS2_PLACEMENT_3D('',#8358,#6745,#6746);
#5744=AXIS2_PLACEMENT_3D('',#8364,#6750,#6751);
#5745=AXIS2_PLACEMENT_3D('',#8370,#6755,#6756);
#5746=AXIS2_PLACEMENT_3D('',#8371,#6757,#6758);
#5747=AXIS2_PLACEMENT_3D('',#8373,#6760,#6761);
#5748=AXIS2_PLACEMENT_3D('',#8374,#6762,#6763);
#5749=AXIS2_PLACEMENT_3D('',#8391,#6772,#6773);
#5750=AXIS2_PLACEMENT_3D('',#8394,#6775,#6776);
#5751=AXIS2_PLACEMENT_3D('',#8395,#6777,#6778);
#5752=AXIS2_PLACEMENT_3D('',#8397,#6779,#6780);
#5753=AXIS2_PLACEMENT_3D('',#8399,#6782,#6783);
#5754=AXIS2_PLACEMENT_3D('',#8408,#6788,#6789);
#5755=AXIS2_PLACEMENT_3D('',#8416,#6794,#6795);
#5756=AXIS2_PLACEMENT_3D('',#8417,#6796,#6797);
#5757=AXIS2_PLACEMENT_3D('',#8419,#6799,#6800);
#5758=AXIS2_PLACEMENT_3D('',#8425,#6804,#6805);
#5759=AXIS2_PLACEMENT_3D('',#8429,#6808,#6809);
#5760=AXIS2_PLACEMENT_3D('',#8430,#6810,#6811);
#5761=AXIS2_PLACEMENT_3D('',#8431,#6812,#6813);
#5762=AXIS2_PLACEMENT_3D('',#8432,#6814,#6815);
#5763=AXIS2_PLACEMENT_3D('',#8434,#6816,#6817);
#5764=AXIS2_PLACEMENT_3D('',#8436,#6819,#6820);
#5765=AXIS2_PLACEMENT_3D('',#8439,#6822,#6823);
#5766=AXIS2_PLACEMENT_3D('',#8440,#6824,#6825);
#5767=AXIS2_PLACEMENT_3D('',#8449,#6830,#6831);
#5768=AXIS2_PLACEMENT_3D('',#8460,#6837,#6838);
#5769=AXIS2_PLACEMENT_3D('',#8461,#6839,#6840);
#5770=AXIS2_PLACEMENT_3D('',#8465,#6843,#6844);
#5771=AXIS2_PLACEMENT_3D('',#8471,#6848,#6849);
#5772=AXIS2_PLACEMENT_3D('',#8477,#6853,#6854);
#5773=AXIS2_PLACEMENT_3D('',#8478,#6855,#6856);
#5774=AXIS2_PLACEMENT_3D('',#8480,#6858,#6859);
#5775=AXIS2_PLACEMENT_3D('',#8489,#6864,#6865);
#5776=AXIS2_PLACEMENT_3D('',#8500,#6871,#6872);
#5777=AXIS2_PLACEMENT_3D('',#8501,#6873,#6874);
#5778=AXIS2_PLACEMENT_3D('',#8505,#6877,#6878);
#5779=AXIS2_PLACEMENT_3D('',#8511,#6882,#6883);
#5780=AXIS2_PLACEMENT_3D('',#8517,#6887,#6888);
#5781=AXIS2_PLACEMENT_3D('',#8518,#6889,#6890);
#5782=AXIS2_PLACEMENT_3D('',#8520,#6892,#6893);
#5783=AXIS2_PLACEMENT_3D('',#8521,#6894,#6895);
#5784=AXIS2_PLACEMENT_3D('',#8522,#6896,#6897);
#5785=AXIS2_PLACEMENT_3D('',#8525,#6899,#6900);
#5786=AXIS2_PLACEMENT_3D('',#8526,#6901,#6902);
#5787=AXIS2_PLACEMENT_3D('',#8528,#6903,#6904);
#5788=AXIS2_PLACEMENT_3D('',#8530,#6906,#6907);
#5789=AXIS2_PLACEMENT_3D('',#8532,#6908,#6909);
#5790=AXIS2_PLACEMENT_3D('',#8535,#6911,#6912);
#5791=AXIS2_PLACEMENT_3D('',#8536,#6913,#6914);
#5792=AXIS2_PLACEMENT_3D('',#8538,#6915,#6916);
#5793=AXIS2_PLACEMENT_3D('',#8539,#6917,#6918);
#5794=AXIS2_PLACEMENT_3D('',#8541,#6919,#6920);
#5795=AXIS2_PLACEMENT_3D('',#8543,#6922,#6923);
#5796=AXIS2_PLACEMENT_3D('',#8545,#6924,#6925);
#5797=AXIS2_PLACEMENT_3D('',#8548,#6927,#6928);
#5798=AXIS2_PLACEMENT_3D('',#8549,#6929,#6930);
#5799=AXIS2_PLACEMENT_3D('',#8551,#6931,#6932);
#5800=AXIS2_PLACEMENT_3D('',#8552,#6933,#6934);
#5801=AXIS2_PLACEMENT_3D('',#8554,#6935,#6936);
#5802=AXIS2_PLACEMENT_3D('',#8556,#6938,#6939);
#5803=AXIS2_PLACEMENT_3D('',#8560,#6941,#6942);
#5804=AXIS2_PLACEMENT_3D('',#8563,#6944,#6945);
#5805=AXIS2_PLACEMENT_3D('',#8564,#6946,#6947);
#5806=AXIS2_PLACEMENT_3D('',#8569,#6949,#6950);
#5807=AXIS2_PLACEMENT_3D('',#8572,#6952,#6953);
#5808=AXIS2_PLACEMENT_3D('',#8573,#6954,#6955);
#5809=AXIS2_PLACEMENT_3D('',#8579,#6959,#6960);
#5810=AXIS2_PLACEMENT_3D('',#8582,#6962,#6963);
#5811=AXIS2_PLACEMENT_3D('',#8583,#6964,#6965);
#5812=AXIS2_PLACEMENT_3D('',#8584,#6966,#6967);
#5813=AXIS2_PLACEMENT_3D('',#8590,#6971,#6972);
#5814=AXIS2_PLACEMENT_3D('',#8592,#6974,#6975);
#5815=AXIS2_PLACEMENT_3D('',#8594,#6976,#6977);
#5816=AXIS2_PLACEMENT_3D('',#8597,#6979,#6980);
#5817=AXIS2_PLACEMENT_3D('',#8598,#6981,#6982);
#5818=AXIS2_PLACEMENT_3D('',#8601,#6985,#6986);
#5819=AXIS2_PLACEMENT_3D('',#8613,#6992,#6993);
#5820=AXIS2_PLACEMENT_3D('',#8618,#6996,#6997);
#5821=AXIS2_PLACEMENT_3D('',#8623,#6999,#7000);
#5822=AXIS2_PLACEMENT_3D('',#8631,#7004,#7005);
#5823=AXIS2_PLACEMENT_3D('',#8636,#7008,#7009);
#5824=AXIS2_PLACEMENT_3D('',#8637,#7010,#7011);
#5825=AXIS2_PLACEMENT_3D('',#8640,#7013,#7014);
#5826=AXIS2_PLACEMENT_3D('',#8641,#7015,#7016);
#5827=AXIS2_PLACEMENT_3D('',#8645,#7019,#7020);
#5828=AXIS2_PLACEMENT_3D('',#8648,#7022,#7023);
#5829=AXIS2_PLACEMENT_3D('',#8649,#7024,#7025);
#5830=AXIS2_PLACEMENT_3D('',#8651,#7026,#7027);
#5831=AXIS2_PLACEMENT_3D('',#8653,#7028,#7029);
#5832=AXIS2_PLACEMENT_3D('',#8655,#7030,#7031);
#5833=AXIS2_PLACEMENT_3D('',#8657,#7032,#7033);
#5834=AXIS2_PLACEMENT_3D('',#8659,#7034,#7035);
#5835=AXIS2_PLACEMENT_3D('',#8661,#7036,#7037);
#5836=AXIS2_PLACEMENT_3D('',#8662,#7038,#7039);
#5837=AXIS2_PLACEMENT_3D('',#8665,#7042,#7043);
#5838=AXIS2_PLACEMENT_3D('',#8668,#7046,#7047);
#5839=AXIS2_PLACEMENT_3D('',#8672,#7050,#7051);
#5840=AXIS2_PLACEMENT_3D('',#8673,#7052,#7053);
#5841=AXIS2_PLACEMENT_3D('',#8674,#7054,#7055);
#5842=AXIS2_PLACEMENT_3D('',#8676,#7057,#7058);
#5843=AXIS2_PLACEMENT_3D('',#8678,#7060,#7061);
#5844=AXIS2_PLACEMENT_3D('',#8679,#7062,#7063);
#5845=AXIS2_PLACEMENT_3D('',#8681,#7065,#7066);
#5846=AXIS2_PLACEMENT_3D('',#8682,#7067,#7068);
#5847=AXIS2_PLACEMENT_3D('',#8684,#7070,#7071);
#5848=AXIS2_PLACEMENT_3D('',#8691,#7074,#7075);
#5849=AXIS2_PLACEMENT_3D('',#8696,#7078,#7079);
#5850=AXIS2_PLACEMENT_3D('',#8701,#7081,#7082);
#5851=AXIS2_PLACEMENT_3D('',#8709,#7086,#7087);
#5852=AXIS2_PLACEMENT_3D('',#8714,#7090,#7091);
#5853=AXIS2_PLACEMENT_3D('',#8715,#7092,#7093);
#5854=AXIS2_PLACEMENT_3D('',#8716,#7094,#7095);
#5855=AXIS2_PLACEMENT_3D('',#8725,#7100,#7101);
#5856=AXIS2_PLACEMENT_3D('',#8729,#7103,#7104);
#5857=AXIS2_PLACEMENT_3D('',#8730,#7105,#7106);
#5858=AXIS2_PLACEMENT_3D('',#8731,#7107,#7108);
#5859=AXIS2_PLACEMENT_3D('',#8734,#7111,#7112);
#5860=AXIS2_PLACEMENT_3D('',#8740,#7116,#7117);
#5861=AXIS2_PLACEMENT_3D('',#8744,#7120,#7121);
#5862=AXIS2_PLACEMENT_3D('',#8753,#7126,#7127);
#5863=AXIS2_PLACEMENT_3D('',#8759,#7131,#7132);
#5864=AXIS2_PLACEMENT_3D('',#8765,#7136,#7137);
#5865=AXIS2_PLACEMENT_3D('',#8768,#7139,#7140);
#5866=AXIS2_PLACEMENT_3D('',#8769,#7141,#7142);
#5867=AXIS2_PLACEMENT_3D('',#8771,#7144,#7145);
#5868=AXIS2_PLACEMENT_3D('',#8774,#7147,#7148);
#5869=AXIS2_PLACEMENT_3D('',#8775,#7149,#7150);
#5870=AXIS2_PLACEMENT_3D('',#8777,#7152,#7153);
#5871=AXIS2_PLACEMENT_3D('',#8781,#7155,#7156);
#5872=AXIS2_PLACEMENT_3D('',#8783,#7158,#7159);
#5873=AXIS2_PLACEMENT_3D('',#8787,#7162,#7163);
#5874=AXIS2_PLACEMENT_3D('',#8791,#7166,#7167);
#5875=AXIS2_PLACEMENT_3D('',#8800,#7172,#7173);
#5876=AXIS2_PLACEMENT_3D('',#8804,#7175,#7176);
#5877=AXIS2_PLACEMENT_3D('',#8805,#7177,#7178);
#5878=AXIS2_PLACEMENT_3D('',#8806,#7179,#7180);
#5879=AXIS2_PLACEMENT_3D('',#8809,#7183,#7184);
#5880=AXIS2_PLACEMENT_3D('',#8815,#7188,#7189);
#5881=AXIS2_PLACEMENT_3D('',#8819,#7192,#7193);
#5882=AXIS2_PLACEMENT_3D('',#8828,#7198,#7199);
#5883=AXIS2_PLACEMENT_3D('',#8837,#7204,#7205);
#5884=AXIS2_PLACEMENT_3D('',#8846,#7210,#7211);
#5885=AXIS2_PLACEMENT_3D('',#8850,#7213,#7214);
#5886=AXIS2_PLACEMENT_3D('',#8851,#7215,#7216);
#5887=AXIS2_PLACEMENT_3D('',#8852,#7217,#7218);
#5888=AXIS2_PLACEMENT_3D('',#8855,#7221,#7222);
#5889=AXIS2_PLACEMENT_3D('',#8859,#7224,#7225);
#5890=AXIS2_PLACEMENT_3D('',#8860,#7226,#7227);
#5891=AXIS2_PLACEMENT_3D('',#8861,#7228,#7229);
#5892=AXIS2_PLACEMENT_3D('',#8864,#7232,#7233);
#5893=AXIS2_PLACEMENT_3D('',#8870,#7237,#7238);
#5894=AXIS2_PLACEMENT_3D('',#8873,#7240,#7241);
#5895=AXIS2_PLACEMENT_3D('',#8874,#7242,#7243);
#5896=AXIS2_PLACEMENT_3D('',#8878,#7246,#7247);
#5897=AXIS2_PLACEMENT_3D('',#8879,#7248,#7249);
#5898=AXIS2_PLACEMENT_3D('',#8885,#7253,#7254);
#5899=AXIS2_PLACEMENT_3D('',#8891,#7258,#7259);
#5900=AXIS2_PLACEMENT_3D('',#8894,#7261,#7262);
#5901=AXIS2_PLACEMENT_3D('',#8895,#7263,#7264);
#5902=AXIS2_PLACEMENT_3D('',#8897,#7266,#7267);
#5903=AXIS2_PLACEMENT_3D('',#8900,#7269,#7270);
#5904=AXIS2_PLACEMENT_3D('',#8901,#7271,#7272);
#5905=AXIS2_PLACEMENT_3D('',#8903,#7274,#7275);
#5906=AXIS2_PLACEMENT_3D('',#8909,#7279,#7280);
#5907=AXIS2_PLACEMENT_3D('',#8912,#7282,#7283);
#5908=AXIS2_PLACEMENT_3D('',#8913,#7284,#7285);
#5909=AXIS2_PLACEMENT_3D('',#8917,#7288,#7289);
#5910=AXIS2_PLACEMENT_3D('',#8920,#7292,#7293);
#5911=AXIS2_PLACEMENT_3D('',#8925,#7297,#7298);
#5912=AXIS2_PLACEMENT_3D('',#8928,#7300,#7301);
#5913=AXIS2_PLACEMENT_3D('',#8929,#7302,#7303);
#5914=AXIS2_PLACEMENT_3D('',#8931,#7305,#7306);
#5915=AXIS2_PLACEMENT_3D('',#8933,#7308,#7309);
#5916=AXIS2_PLACEMENT_3D('',#8934,#7310,#7311);
#5917=AXIS2_PLACEMENT_3D('',#8936,#7313,#7314);
#5918=AXIS2_PLACEMENT_3D('',#8939,#7317,#7318);
#5919=AXIS2_PLACEMENT_3D('',#8944,#7322,#7323);
#5920=AXIS2_PLACEMENT_3D('',#8947,#7325,#7326);
#5921=AXIS2_PLACEMENT_3D('',#8948,#7327,#7328);
#5922=AXIS2_PLACEMENT_3D('',#8950,#7330,#7331);
#5923=AXIS2_PLACEMENT_3D('',#8952,#7333,#7334);
#5924=AXIS2_PLACEMENT_3D('',#8953,#7335,#7336);
#5925=AXIS2_PLACEMENT_3D('',#8955,#7338,#7339);
#5926=AXIS2_PLACEMENT_3D('',#8961,#7343,#7344);
#5927=AXIS2_PLACEMENT_3D('',#8967,#7348,#7349);
#5928=AXIS2_PLACEMENT_3D('',#8970,#7351,#7352);
#5929=AXIS2_PLACEMENT_3D('',#8971,#7353,#7354);
#5930=AXIS2_PLACEMENT_3D('',#8973,#7356,#7357);
#5931=AXIS2_PLACEMENT_3D('',#8976,#7359,#7360);
#5932=AXIS2_PLACEMENT_3D('',#8977,#7361,#7362);
#5933=AXIS2_PLACEMENT_3D('',#8979,#7364,#7365);
#5934=AXIS2_PLACEMENT_3D('',#8982,#7368,#7369);
#5935=AXIS2_PLACEMENT_3D('',#8984,#7371,#7372);
#5936=AXIS2_PLACEMENT_3D('',#8986,#7374,#7375);
#5937=AXIS2_PLACEMENT_3D('',#8991,#7379,#7380);
#5938=AXIS2_PLACEMENT_3D('',#8994,#7383,#7384);
#5939=AXIS2_PLACEMENT_3D('',#8997,#7386,#7387);
#5940=AXIS2_PLACEMENT_3D('',#8998,#7388,#7389);
#5941=AXIS2_PLACEMENT_3D('',#9000,#7391,#7392);
#5942=AXIS2_PLACEMENT_3D('',#9002,#7394,#7395);
#5943=AXIS2_PLACEMENT_3D('',#9003,#7396,#7397);
#5944=AXIS2_PLACEMENT_3D('',#9006,#7400,#7401);
#5945=AXIS2_PLACEMENT_3D('',#9007,#7402,#7403);
#5946=AXIS2_PLACEMENT_3D('',#9010,#7406,#7407);
#5947=AXIS2_PLACEMENT_3D('',#9013,#7409,#7410);
#5948=AXIS2_PLACEMENT_3D('',#9014,#7411,#7412);
#5949=AXIS2_PLACEMENT_3D('',#9018,#7415,#7416);
#5950=AXIS2_PLACEMENT_3D('',#9020,#7418,#7419);
#5951=AXIS2_PLACEMENT_3D('',#9021,#7420,#7421);
#5952=AXIS2_PLACEMENT_3D('',#9023,#7423,#7424);
#5953=AXIS2_PLACEMENT_3D('',#9026,#7426,#7427);
#5954=AXIS2_PLACEMENT_3D('',#9027,#7428,#7429);
#5955=AXIS2_PLACEMENT_3D('',#9031,#7432,#7433);
#5956=AXIS2_PLACEMENT_3D('',#9032,#7434,#7435);
#5957=AXIS2_PLACEMENT_3D('',#9033,#7436,#7437);
#5958=AXIS2_PLACEMENT_3D('',#9036,#7439,#7440);
#5959=AXIS2_PLACEMENT_3D('',#9037,#7441,#7442);
#5960=AXIS2_PLACEMENT_3D('',#9041,#7445,#7446);
#5961=AXIS2_PLACEMENT_3D('',#9042,#7447,#7448);
#5962=AXIS2_PLACEMENT_3D('',#9043,#7449,#7450);
#5963=AXIS2_PLACEMENT_3D('',#9046,#7453,#7454);
#5964=AXIS2_PLACEMENT_3D('',#9048,#7456,#7457);
#5965=AXIS2_PLACEMENT_3D('',#9049,#7458,#7459);
#5966=AXIS2_PLACEMENT_3D('',#9050,#7460,#7461);
#5967=AXIS2_PLACEMENT_3D('',#9051,#7462,#7463);
#5968=AXIS2_PLACEMENT_3D('',#9054,#7466,#7467);
#5969=AXIS2_PLACEMENT_3D('',#9056,#7469,#7470);
#5970=AXIS2_PLACEMENT_3D('',#9057,#7471,#7472);
#5971=AXIS2_PLACEMENT_3D('',#9058,#7473,#7474);
#5972=AXIS2_PLACEMENT_3D('',#9059,#7475,#7476);
#5973=AXIS2_PLACEMENT_3D('',#9061,#7478,#7479);
#5974=AXIS2_PLACEMENT_3D('',#9063,#7481,#7482);
#5975=AXIS2_PLACEMENT_3D('',#9064,#7483,#7484);
#5976=AXIS2_PLACEMENT_3D('',#9065,#7485,#7486);
#5977=AXIS2_PLACEMENT_3D('',#9067,#7488,#7489);
#5978=AXIS2_PLACEMENT_3D('',#9068,#7490,#7491);
#5979=AXIS2_PLACEMENT_3D('',#9070,#7493,#7494);
#5980=AXIS2_PLACEMENT_3D('',#9071,#7495,#7496);
#5981=AXIS2_PLACEMENT_3D('',#9074,#7498,#7499);
#5982=AXIS2_PLACEMENT_3D('',#9075,#7500,#7501);
#5983=AXIS2_PLACEMENT_3D('',#9079,#7504,#7505);
#5984=AXIS2_PLACEMENT_3D('',#9080,#7506,#7507);
#5985=AXIS2_PLACEMENT_3D('',#9081,#7508,#7509);
#5986=AXIS2_PLACEMENT_3D('',#9083,#7510,#7511);
#5987=AXIS2_PLACEMENT_3D('',#9085,#7513,#7514);
#5988=AXIS2_PLACEMENT_3D('',#9087,#7516,#7517);
#5989=AXIS2_PLACEMENT_3D('',#9089,#7518,#7519);
#5990=AXIS2_PLACEMENT_3D('',#9091,#7521,#7522);
#5991=AXIS2_PLACEMENT_3D('',#9093,#7524,#7525);
#5992=AXIS2_PLACEMENT_3D('',#9095,#7527,#7528);
#5993=AXIS2_PLACEMENT_3D('',#9096,#7529,#7530);
#5994=AXIS2_PLACEMENT_3D('',#9098,#7531,#7532);
#5995=AXIS2_PLACEMENT_3D('',#9100,#7534,#7535);
#5996=AXIS2_PLACEMENT_3D('',#9102,#7537,#7538);
#5997=AXIS2_PLACEMENT_3D('',#9103,#7539,#7540);
#5998=AXIS2_PLACEMENT_3D('',#9105,#7542,#7543);
#5999=AXIS2_PLACEMENT_3D('',#9108,#7545,#7546);
#6000=AXIS2_PLACEMENT_3D('',#9109,#7547,#7548);
#6001=AXIS2_PLACEMENT_3D('',#9110,#7549,#7550);
#6002=AXIS2_PLACEMENT_3D('',#9112,#7552,#7553);
#6003=AXIS2_PLACEMENT_3D('',#9113,#7554,#7555);
#6004=DIRECTION('axis',(0.,0.,1.));
#6005=DIRECTION('refdir',(1.,0.,0.));
#6006=DIRECTION('center_axis',(-8.659560562355E-17,-0.707106781186542,0.707106781186553));
#6007=DIRECTION('ref_axis',(1.,0.,1.22464679914735E-16));
#6008=DIRECTION('',(-8.65956056235487E-17,0.707106781186553,0.707106781186542));
#6009=DIRECTION('',(1.,0.,1.22464679914735E-16));
#6010=DIRECTION('',(-0.57735026918962,-0.577350269189633,-0.577350269189624));
#6011=DIRECTION('',(-1.,0.,-1.22464679914735E-16));
#6012=DIRECTION('center_axis',(0.,1.,0.));
#6013=DIRECTION('ref_axis',(1.,0.,1.22464679914735E-16));
#6014=DIRECTION('',(-1.22464679914735E-16,0.,1.));
#6015=DIRECTION('',(-1.,0.,-1.22464679914735E-16));
#6016=DIRECTION('',(-1.22464679914735E-16,0.,1.));
#6017=DIRECTION('',(1.,0.,1.22464679914735E-16));
#6018=DIRECTION('',(1.22464679914735E-16,0.,-1.));
#6019=DIRECTION('',(-1.,0.,-1.22464679914735E-16));
#6020=DIRECTION('',(-1.22464679914735E-16,0.,1.));
#6021=DIRECTION('',(1.,0.,1.22464679914735E-16));
#6022=DIRECTION('',(1.22464679914735E-16,0.,-1.));
#6023=DIRECTION('',(-1.,0.,-1.22464679914735E-16));
#6024=DIRECTION('',(-1.22464679914735E-16,0.,1.));
#6025=DIRECTION('center_axis',(-8.65956056235485E-17,0.707106781186554,
0.707106781186541));
#6026=DIRECTION('ref_axis',(1.,0.,1.22464679914735E-16));
#6027=DIRECTION('',(0.577350269189626,-0.57735026918962,0.577350269189631));
#6028=DIRECTION('',(-1.,0.,-1.22464679914735E-16));
#6029=DIRECTION('',(8.65956056235501E-17,0.707106781186541,-0.707106781186554));
#6030=DIRECTION('',(1.,0.,1.22464679914735E-16));
#6031=DIRECTION('center_axis',(0.,-1.,0.));
#6032=DIRECTION('ref_axis',(-1.,0.,-1.22464679914735E-16));
#6033=DIRECTION('',(1.22464679914735E-16,0.,-1.));
#6034=DIRECTION('',(-1.,0.,-1.22464679914735E-16));
#6035=DIRECTION('',(-1.22464679914735E-16,0.,1.));
#6036=DIRECTION('',(-1.,0.,-1.22464679914735E-16));
#6037=DIRECTION('',(1.22464679914735E-16,0.,-1.));
#6038=DIRECTION('',(-1.,0.,-1.22464679914735E-16));
#6039=DIRECTION('',(-1.22464679914735E-16,0.,1.));
#6040=DIRECTION('',(-1.,0.,-1.22464679914735E-16));
#6041=DIRECTION('',(1.22464679914735E-16,0.,-1.));
#6042=DIRECTION('',(-1.,0.,-1.22464679914735E-16));
#6043=DIRECTION('',(1.22464679914735E-16,0.,-1.));
#6044=DIRECTION('center_axis',(-8.659560562355E-17,-0.707106781186542,0.707106781186553));
#6045=DIRECTION('ref_axis',(1.,0.,1.22464679914735E-16));
#6046=DIRECTION('',(-0.577350269189626,0.57735026918963,0.577350269189621));
#6047=DIRECTION('',(1.,0.,1.22464679914735E-16));
#6048=DIRECTION('',(8.65956056235487E-17,-0.707106781186553,-0.707106781186542));
#6049=DIRECTION('',(-1.,0.,-1.22464679914735E-16));
#6050=DIRECTION('center_axis',(0.,1.,0.));
#6051=DIRECTION('ref_axis',(1.,0.,1.22464679914735E-16));
#6052=DIRECTION('',(-1.22464679914735E-16,0.,1.));
#6053=DIRECTION('',(-1.,0.,-1.22464679914735E-16));
#6054=DIRECTION('',(-1.22464679914735E-16,0.,1.));
#6055=DIRECTION('',(1.,0.,1.22464679914735E-16));
#6056=DIRECTION('',(1.22464679914735E-16,0.,-1.));
#6057=DIRECTION('',(-1.,0.,-1.22464679914735E-16));
#6058=DIRECTION('',(-1.22464679914735E-16,0.,1.));
#6059=DIRECTION('',(1.,0.,1.22464679914735E-16));
#6060=DIRECTION('',(1.22464679914735E-16,0.,-1.));
#6061=DIRECTION('',(-1.,0.,-1.22464679914735E-16));
#6062=DIRECTION('',(1.22464679914735E-16,0.,-1.));
#6063=DIRECTION('center_axis',(-8.65956056235485E-17,0.707106781186554,
0.707106781186541));
#6064=DIRECTION('ref_axis',(1.,0.,1.22464679914735E-16));
#6065=DIRECTION('',(-8.65956056235501E-17,-0.707106781186541,0.707106781186554));
#6066=DIRECTION('',(-1.,0.,-1.22464679914735E-16));
#6067=DIRECTION('',(0.577350269189632,0.577350269189618,-0.577350269189628));
#6068=DIRECTION('',(1.,0.,1.22464679914735E-16));
#6069=DIRECTION('center_axis',(0.,-1.,0.));
#6070=DIRECTION('ref_axis',(-1.,0.,-1.22464679914735E-16));
#6071=DIRECTION('',(-1.22464679914735E-16,0.,1.));
#6072=DIRECTION('',(-1.,0.,-1.22464679914735E-16));
#6073=DIRECTION('',(-1.22464679914735E-16,0.,1.));
#6074=DIRECTION('',(-1.,0.,-1.22464679914735E-16));
#6075=DIRECTION('',(1.22464679914735E-16,0.,-1.));
#6076=DIRECTION('',(-1.,0.,-1.22464679914735E-16));
#6077=DIRECTION('',(-1.22464679914735E-16,0.,1.));
#6078=DIRECTION('',(-1.,0.,-1.22464679914735E-16));
#6079=DIRECTION('',(1.22464679914735E-16,0.,-1.));
#6080=DIRECTION('',(-1.,0.,-1.22464679914735E-16));
#6081=DIRECTION('',(1.22464679914735E-16,0.,-1.));
#6082=DIRECTION('center_axis',(-8.65956056235484E-17,-0.707106781186555,
0.70710678118654));
#6083=DIRECTION('ref_axis',(1.,0.,1.22464679914735E-16));
#6084=DIRECTION('',(-8.65956056235502E-17,0.70710678118654,0.707106781186555));
#6085=DIRECTION('',(1.,0.,1.22464679914735E-16));
#6086=DIRECTION('',(-0.577350269189627,-0.577350269189619,-0.577350269189631));
#6087=DIRECTION('',(-1.,0.,-1.22464679914735E-16));
#6088=DIRECTION('center_axis',(0.,1.,0.));
#6089=DIRECTION('ref_axis',(1.,0.,1.22464679914735E-16));
#6090=DIRECTION('',(-1.22464679914735E-16,0.,1.));
#6091=DIRECTION('',(-1.,0.,-1.22464679914735E-16));
#6092=DIRECTION('',(-1.22464679914735E-16,0.,1.));
#6093=DIRECTION('',(1.,0.,1.22464679914735E-16));
#6094=DIRECTION('',(1.22464679914735E-16,0.,-1.));
#6095=DIRECTION('',(-1.,0.,-1.22464679914735E-16));
#6096=DIRECTION('',(-1.22464679914735E-16,0.,1.));
#6097=DIRECTION('',(1.,0.,1.22464679914735E-16));
#6098=DIRECTION('',(1.22464679914735E-16,0.,-1.));
#6099=DIRECTION('',(-1.,0.,-1.22464679914735E-16));
#6100=DIRECTION('',(-1.22464679914735E-16,0.,1.));
#6101=DIRECTION('center_axis',(-8.65956056235484E-17,0.707106781186555,
0.70710678118654));
#6102=DIRECTION('ref_axis',(1.,0.,1.22464679914735E-16));
#6103=DIRECTION('',(0.577350269189627,-0.577350269189619,0.577350269189631));
#6104=DIRECTION('',(-1.,0.,-1.22464679914735E-16));
#6105=DIRECTION('',(8.65956056235502E-17,0.70710678118654,-0.707106781186555));
#6106=DIRECTION('',(1.,0.,1.22464679914735E-16));
#6107=DIRECTION('center_axis',(0.,-1.,0.));
#6108=DIRECTION('ref_axis',(-1.,0.,-1.22464679914735E-16));
#6109=DIRECTION('',(1.22464679914735E-16,0.,-1.));
#6110=DIRECTION('',(-1.,0.,-1.22464679914735E-16));
#6111=DIRECTION('',(-1.22464679914735E-16,0.,1.));
#6112=DIRECTION('',(-1.,0.,-1.22464679914735E-16));
#6113=DIRECTION('',(1.22464679914735E-16,0.,-1.));
#6114=DIRECTION('',(-1.,0.,-1.22464679914735E-16));
#6115=DIRECTION('',(-1.22464679914735E-16,0.,1.));
#6116=DIRECTION('',(-1.,0.,-1.22464679914735E-16));
#6117=DIRECTION('',(1.22464679914735E-16,0.,-1.));
#6118=DIRECTION('',(-1.,0.,-1.22464679914735E-16));
#6119=DIRECTION('',(1.22464679914735E-16,0.,-1.));
#6120=DIRECTION('center_axis',(-8.65956056235484E-17,-0.707106781186555,
0.70710678118654));
#6121=DIRECTION('ref_axis',(1.,0.,1.22464679914735E-16));
#6122=DIRECTION('',(-0.577350269189633,0.577350269189616,0.577350269189629));
#6123=DIRECTION('',(1.,0.,1.22464679914735E-16));
#6124=DIRECTION('',(8.65956056235502E-17,-0.70710678118654,-0.707106781186555));
#6125=DIRECTION('',(-1.,0.,-1.22464679914735E-16));
#6126=DIRECTION('center_axis',(0.,1.,0.));
#6127=DIRECTION('ref_axis',(1.,0.,1.22464679914735E-16));
#6128=DIRECTION('',(-1.22464679914735E-16,0.,1.));
#6129=DIRECTION('',(-1.,0.,-1.22464679914735E-16));
#6130=DIRECTION('',(-1.22464679914735E-16,0.,1.));
#6131=DIRECTION('',(1.,0.,1.22464679914735E-16));
#6132=DIRECTION('',(1.22464679914735E-16,0.,-1.));
#6133=DIRECTION('',(-1.,0.,-1.22464679914735E-16));
#6134=DIRECTION('',(-1.22464679914735E-16,0.,1.));
#6135=DIRECTION('',(1.,0.,1.22464679914735E-16));
#6136=DIRECTION('',(1.22464679914735E-16,0.,-1.));
#6137=DIRECTION('',(-1.,0.,-1.22464679914735E-16));
#6138=DIRECTION('',(1.22464679914735E-16,0.,-1.));
#6139=DIRECTION('center_axis',(-8.65956056235484E-17,0.707106781186555,
0.70710678118654));
#6140=DIRECTION('ref_axis',(1.,0.,1.22464679914735E-16));
#6141=DIRECTION('',(-8.65956056235502E-17,-0.70710678118654,0.707106781186555));
#6142=DIRECTION('',(-1.,0.,-1.22464679914735E-16));
#6143=DIRECTION('',(0.577350269189633,0.577350269189616,-0.577350269189629));
#6144=DIRECTION('',(1.,0.,1.22464679914735E-16));
#6145=DIRECTION('center_axis',(0.,-1.,0.));
#6146=DIRECTION('ref_axis',(-1.,0.,-1.22464679914735E-16));
#6147=DIRECTION('',(-1.22464679914735E-16,0.,1.));
#6148=DIRECTION('',(-1.,0.,-1.22464679914735E-16));
#6149=DIRECTION('',(-1.22464679914735E-16,0.,1.));
#6150=DIRECTION('',(-1.,0.,-1.22464679914735E-16));
#6151=DIRECTION('',(1.22464679914735E-16,0.,-1.));
#6152=DIRECTION('',(-1.,0.,-1.22464679914735E-16));
#6153=DIRECTION('',(-1.22464679914735E-16,0.,1.));
#6154=DIRECTION('',(-1.,0.,-1.22464679914735E-16));
#6155=DIRECTION('',(1.22464679914735E-16,0.,-1.));
#6156=DIRECTION('',(-1.,0.,-1.22464679914735E-16));
#6157=DIRECTION('',(1.22464679914735E-16,0.,-1.));
#6158=DIRECTION('center_axis',(-1.,0.,-1.22464679914735E-16));
#6159=DIRECTION('ref_axis',(0.,1.,0.));
#6160=DIRECTION('center_axis',(-1.,0.,-1.22464679914735E-16));
#6161=DIRECTION('ref_axis',(0.,1.,0.));
#6162=DIRECTION('',(-1.2152950991229E-16,-0.123345745549764,0.99236375742707));
#6163=DIRECTION('',(-1.1507613280135E-16,0.342087961247648,0.939667934309471));
#6164=DIRECTION('center_axis',(-1.,0.,-1.22464679914735E-16));
#6165=DIRECTION('ref_axis',(0.,1.,0.));
#6166=DIRECTION('center_axis',(-1.,0.,-1.22464679914735E-16));
#6167=DIRECTION('ref_axis',(0.,1.,0.));
#6168=DIRECTION('',(-1.1507613280135E-16,-0.342087961247646,0.939667934309471));
#6169=DIRECTION('',(-1.2152950991229E-16,0.123345745549763,0.99236375742707));
#6170=DIRECTION('center_axis',(1.,0.,1.22464679914735E-16));
#6171=DIRECTION('ref_axis',(1.22464679914735E-16,0.,-1.));
#6172=DIRECTION('center_axis',(1.,0.,1.22464679914735E-16));
#6173=DIRECTION('ref_axis',(0.,1.,0.));
#6174=DIRECTION('',(-1.2152950991229E-16,0.123345745549763,0.99236375742707));
#6175=DIRECTION('',(-1.1507613280135E-16,-0.342087961247646,0.939667934309471));
#6176=DIRECTION('center_axis',(1.,0.,1.22464679914735E-16));
#6177=DIRECTION('ref_axis',(0.,1.,0.));
#6178=DIRECTION('center_axis',(1.,0.,1.22464679914735E-16));
#6179=DIRECTION('ref_axis',(0.,1.,0.));
#6180=DIRECTION('',(1.,0.,1.22464679914735E-16));
#6181=DIRECTION('center_axis',(1.,0.,1.22464679914735E-16));
#6182=DIRECTION('ref_axis',(0.,1.,0.));
#6183=DIRECTION('center_axis',(1.,0.,1.22464679914735E-16));
#6184=DIRECTION('ref_axis',(0.,1.,0.));
#6185=DIRECTION('',(1.,0.,1.22464679914735E-16));
#6186=DIRECTION('center_axis',(-1.,0.,-1.22464679914735E-16));
#6187=DIRECTION('ref_axis',(0.,1.,0.));
#6188=DIRECTION('',(-1.,0.,-1.22464679914735E-16));
#6189=DIRECTION('center_axis',(1.,0.,1.22464679914735E-16));
#6190=DIRECTION('ref_axis',(0.,1.,0.));
#6191=DIRECTION('center_axis',(1.,0.,1.22464679914735E-16));
#6192=DIRECTION('ref_axis',(0.,1.,0.));
#6193=DIRECTION('',(-1.,0.,-1.22464679914735E-16));
#6194=DIRECTION('center_axis',(-1.,0.,-1.22464679914735E-16));
#6195=DIRECTION('ref_axis',(0.,1.,0.));
#6196=DIRECTION('center_axis',(1.,0.,1.22464679914735E-16));
#6197=DIRECTION('ref_axis',(1.22464679914735E-16,0.,-1.));
#6198=DIRECTION('',(-1.2152950991229E-16,0.123345745549763,0.99236375742707));
#6199=DIRECTION('',(-1.1507613280135E-16,-0.342087961247646,0.939667934309471));
#6200=DIRECTION('center_axis',(-1.,0.,-1.22464679914735E-16));
#6201=DIRECTION('ref_axis',(0.,1.,0.));
#6202=DIRECTION('',(-1.1507613280135E-16,-0.342087961247646,0.939667934309471));
#6203=DIRECTION('',(-1.2152950991229E-16,0.123345745549763,0.99236375742707));
#6204=DIRECTION('center_axis',(-1.,0.,-1.22464679914735E-16));
#6205=DIRECTION('ref_axis',(0.,1.,0.));
#6206=DIRECTION('',(-1.2152950991229E-16,-0.123345745549764,0.99236375742707));
#6207=DIRECTION('',(-1.1507613280135E-16,0.342087961247648,0.939667934309471));
#6208=DIRECTION('center_axis',(1.,0.,1.22464679914735E-16));
#6209=DIRECTION('ref_axis',(1.22464679914735E-16,0.,-1.));
#6210=DIRECTION('center_axis',(-1.,0.,-1.22464679914735E-16));
#6211=DIRECTION('ref_axis',(0.,1.,0.));
#6212=DIRECTION('',(1.2152950991229E-16,0.123345745549764,-0.99236375742707));
#6213=DIRECTION('',(1.1507613280135E-16,-0.342087961247648,-0.939667934309471));
#6214=DIRECTION('center_axis',(1.,0.,1.22464679914735E-16));
#6215=DIRECTION('ref_axis',(1.22464679914735E-16,0.,-1.));
#6216=DIRECTION('center_axis',(-1.,0.,-1.22464679914735E-16));
#6217=DIRECTION('ref_axis',(0.,1.,0.));
#6218=DIRECTION('',(-1.1507613280135E-16,-0.342087961247646,0.939667934309471));
#6219=DIRECTION('',(-1.2152950991229E-16,0.123345745549763,0.99236375742707));
#6220=DIRECTION('center_axis',(-1.,0.,-1.22464679914735E-16));
#6221=DIRECTION('ref_axis',(0.,1.,0.));
#6222=DIRECTION('center_axis',(1.,0.,1.22464679914735E-16));
#6223=DIRECTION('ref_axis',(0.,1.,0.));
#6224=DIRECTION('',(-1.2152950991229E-16,0.123345745549763,0.99236375742707));
#6225=DIRECTION('',(-1.1507613280135E-16,-0.342087961247646,0.939667934309471));
#6226=DIRECTION('center_axis',(1.,0.,1.22464679914735E-16));
#6227=DIRECTION('ref_axis',(0.,1.,0.));
#6228=DIRECTION('center_axis',(1.,0.,1.22464679914735E-16));
#6229=DIRECTION('ref_axis',(0.,1.,0.));
#6230=DIRECTION('',(1.,0.,1.22464679914735E-16));
#6231=DIRECTION('center_axis',(1.,0.,1.22464679914735E-16));
#6232=DIRECTION('ref_axis',(0.,1.,0.));
#6233=DIRECTION('center_axis',(1.,0.,1.22464679914735E-16));
#6234=DIRECTION('ref_axis',(0.,1.,0.));
#6235=DIRECTION('',(1.,0.,1.22464679914735E-16));
#6236=DIRECTION('center_axis',(-1.,0.,-1.22464679914735E-16));
#6237=DIRECTION('ref_axis',(0.,1.,0.));
#6238=DIRECTION('',(-1.,0.,-1.22464679914735E-16));
#6239=DIRECTION('center_axis',(1.,0.,1.22464679914735E-16));
#6240=DIRECTION('ref_axis',(0.,1.,0.));
#6241=DIRECTION('center_axis',(1.,0.,1.22464679914735E-16));
#6242=DIRECTION('ref_axis',(0.,1.,0.));
#6243=DIRECTION('',(-1.,0.,-1.22464679914735E-16));
#6244=DIRECTION('center_axis',(1.,0.,1.22464679914735E-16));
#6245=DIRECTION('ref_axis',(0.,1.,0.));
#6246=DIRECTION('center_axis',(-1.,0.,-1.22464679914735E-16));
#6247=DIRECTION('ref_axis',(0.,1.,0.));
#6248=DIRECTION('',(-1.2152950991229E-16,0.123345745549763,0.99236375742707));
#6249=DIRECTION('',(-1.1507613280135E-16,-0.342087961247646,0.939667934309471));
#6250=DIRECTION('center_axis',(1.,0.,1.22464679914735E-16));
#6251=DIRECTION('ref_axis',(1.22464679914735E-16,0.,-1.));
#6252=DIRECTION('',(-1.1507613280135E-16,-0.342087961247646,0.939667934309471));
#6253=DIRECTION('',(-1.2152950991229E-16,0.123345745549763,0.99236375742707));
#6254=DIRECTION('center_axis',(1.,0.,1.22464679914735E-16));
#6255=DIRECTION('ref_axis',(1.22464679914735E-16,0.,-1.));
#6256=DIRECTION('',(1.2152950991229E-16,0.123345745549764,-0.99236375742707));
#6257=DIRECTION('',(1.1507613280135E-16,-0.342087961247648,-0.939667934309471));
#6258=DIRECTION('center_axis',(-1.,0.,-1.22464679914735E-16));
#6259=DIRECTION('ref_axis',(0.,1.,0.));
#6260=DIRECTION('center_axis',(-1.,0.,-1.22464679914735E-16));
#6261=DIRECTION('ref_axis',(0.,1.,0.));
#6262=DIRECTION('',(-1.2152950991229E-16,-0.123345745549757,0.992363757427071));
#6263=DIRECTION('',(-1.15076132801351E-16,0.342087961247632,0.939667934309477));
#6264=DIRECTION('center_axis',(-1.,0.,-1.22464679914735E-16));
#6265=DIRECTION('ref_axis',(0.,1.,0.));
#6266=DIRECTION('center_axis',(-1.,0.,-1.22464679914735E-16));
#6267=DIRECTION('ref_axis',(0.,1.,0.));
#6268=DIRECTION('',(-1.1507613280135E-16,-0.342087961247645,0.939667934309472));
#6269=DIRECTION('',(-1.2152950991229E-16,0.123345745549763,0.99236375742707));
#6270=DIRECTION('center_axis',(1.,0.,1.22464679914735E-16));
#6271=DIRECTION('ref_axis',(1.22464679914735E-16,0.,-1.));
#6272=DIRECTION('center_axis',(1.,0.,1.22464679914735E-16));
#6273=DIRECTION('ref_axis',(0.,1.,0.));
#6274=DIRECTION('',(-1.2152950991229E-16,0.123345745549763,0.99236375742707));
#6275=DIRECTION('',(-1.1507613280135E-16,-0.342087961247645,0.939667934309472));
#6276=DIRECTION('center_axis',(1.,0.,1.22464679914735E-16));
#6277=DIRECTION('ref_axis',(0.,1.,0.));
#6278=DIRECTION('center_axis',(1.,0.,1.22464679914735E-16));
#6279=DIRECTION('ref_axis',(0.,1.,0.));
#6280=DIRECTION('',(1.,0.,1.22464679914735E-16));
#6281=DIRECTION('center_axis',(1.,0.,1.22464679914735E-16));
#6282=DIRECTION('ref_axis',(0.,1.,0.));
#6283=DIRECTION('center_axis',(1.,0.,1.22464679914735E-16));
#6284=DIRECTION('ref_axis',(0.,1.,0.));
#6285=DIRECTION('',(1.,0.,1.22464679914735E-16));
#6286=DIRECTION('center_axis',(-1.,0.,-1.22464679914735E-16));
#6287=DIRECTION('ref_axis',(0.,1.,0.));
#6288=DIRECTION('',(-1.,0.,-1.22464679914735E-16));
#6289=DIRECTION('center_axis',(1.,0.,1.22464679914735E-16));
#6290=DIRECTION('ref_axis',(0.,1.,0.));
#6291=DIRECTION('center_axis',(1.,0.,1.22464679914735E-16));
#6292=DIRECTION('ref_axis',(0.,1.,0.));
#6293=DIRECTION('',(-1.,0.,-1.22464679914735E-16));
#6294=DIRECTION('center_axis',(-1.,0.,-1.22464679914735E-16));
#6295=DIRECTION('ref_axis',(0.,1.,0.));
#6296=DIRECTION('center_axis',(1.,0.,1.22464679914735E-16));
#6297=DIRECTION('ref_axis',(1.22464679914735E-16,0.,-1.));
#6298=DIRECTION('',(-1.2152950991229E-16,0.123345745549763,0.99236375742707));
#6299=DIRECTION('',(-1.1507613280135E-16,-0.342087961247645,0.939667934309472));
#6300=DIRECTION('center_axis',(-1.,0.,-1.22464679914735E-16));
#6301=DIRECTION('ref_axis',(0.,1.,0.));
#6302=DIRECTION('',(-1.1507613280135E-16,-0.342087961247645,0.939667934309472));
#6303=DIRECTION('',(-1.2152950991229E-16,0.123345745549763,0.99236375742707));
#6304=DIRECTION('center_axis',(-1.,0.,-1.22464679914735E-16));
#6305=DIRECTION('ref_axis',(0.,1.,0.));
#6306=DIRECTION('',(-1.2152950991229E-16,-0.123345745549757,0.992363757427071));
#6307=DIRECTION('',(-1.15076132801351E-16,0.342087961247632,0.939667934309477));
#6308=DIRECTION('center_axis',(1.,0.,1.22464679914735E-16));
#6309=DIRECTION('ref_axis',(1.22464679914735E-16,0.,-1.));
#6310=DIRECTION('center_axis',(-1.,0.,-1.22464679914735E-16));
#6311=DIRECTION('ref_axis',(0.,1.,0.));
#6312=DIRECTION('',(1.2152950991229E-16,0.123345745549757,-0.992363757427071));
#6313=DIRECTION('',(1.15076132801351E-16,-0.342087961247632,-0.939667934309477));
#6314=DIRECTION('center_axis',(1.,0.,1.22464679914735E-16));
#6315=DIRECTION('ref_axis',(1.22464679914735E-16,0.,-1.));
#6316=DIRECTION('center_axis',(-1.,0.,-1.22464679914735E-16));
#6317=DIRECTION('ref_axis',(0.,1.,0.));
#6318=DIRECTION('',(-1.1507613280135E-16,-0.342087961247645,0.939667934309472));
#6319=DIRECTION('',(-1.2152950991229E-16,0.123345745549763,0.99236375742707));
#6320=DIRECTION('center_axis',(-1.,0.,-1.22464679914735E-16));
#6321=DIRECTION('ref_axis',(0.,1.,0.));
#6322=DIRECTION('center_axis',(1.,0.,1.22464679914735E-16));
#6323=DIRECTION('ref_axis',(0.,1.,0.));
#6324=DIRECTION('',(-1.2152950991229E-16,0.123345745549763,0.99236375742707));
#6325=DIRECTION('',(-1.1507613280135E-16,-0.342087961247645,0.939667934309472));
#6326=DIRECTION('center_axis',(1.,0.,1.22464679914735E-16));
#6327=DIRECTION('ref_axis',(0.,1.,0.));
#6328=DIRECTION('center_axis',(1.,0.,1.22464679914735E-16));
#6329=DIRECTION('ref_axis',(0.,1.,0.));
#6330=DIRECTION('',(1.,0.,1.22464679914735E-16));
#6331=DIRECTION('center_axis',(1.,0.,1.22464679914735E-16));
#6332=DIRECTION('ref_axis',(0.,1.,0.));
#6333=DIRECTION('center_axis',(1.,0.,1.22464679914735E-16));
#6334=DIRECTION('ref_axis',(0.,1.,0.));
#6335=DIRECTION('',(1.,0.,1.22464679914735E-16));
#6336=DIRECTION('center_axis',(-1.,0.,-1.22464679914735E-16));
#6337=DIRECTION('ref_axis',(0.,1.,0.));
#6338=DIRECTION('',(-1.,0.,-1.22464679914735E-16));
#6339=DIRECTION('center_axis',(1.,0.,1.22464679914735E-16));
#6340=DIRECTION('ref_axis',(0.,1.,0.));
#6341=DIRECTION('center_axis',(1.,0.,1.22464679914735E-16));
#6342=DIRECTION('ref_axis',(0.,1.,0.));
#6343=DIRECTION('',(-1.,0.,-1.22464679914735E-16));
#6344=DIRECTION('center_axis',(1.,0.,1.22464679914735E-16));
#6345=DIRECTION('ref_axis',(0.,1.,0.));
#6346=DIRECTION('center_axis',(-1.,0.,-1.22464679914735E-16));
#6347=DIRECTION('ref_axis',(0.,1.,0.));
#6348=DIRECTION('',(-1.2152950991229E-16,0.123345745549763,0.99236375742707));
#6349=DIRECTION('',(-1.1507613280135E-16,-0.342087961247645,0.939667934309472));
#6350=DIRECTION('center_axis',(1.,0.,1.22464679914735E-16));
#6351=DIRECTION('ref_axis',(1.22464679914735E-16,0.,-1.));
#6352=DIRECTION('',(-1.1507613280135E-16,-0.342087961247645,0.939667934309472));
#6353=DIRECTION('',(-1.2152950991229E-16,0.123345745549763,0.99236375742707));
#6354=DIRECTION('center_axis',(1.,0.,1.22464679914735E-16));
#6355=DIRECTION('ref_axis',(1.22464679914735E-16,0.,-1.));
#6356=DIRECTION('',(1.2152950991229E-16,0.123345745549757,-0.992363757427071));
#6357=DIRECTION('',(1.15076132801351E-16,-0.342087961247632,-0.939667934309477));
#6358=DIRECTION('center_axis',(-0.70710678118655,0.,0.707106781186545));
#6359=DIRECTION('ref_axis',(0.707106781186545,0.,0.70710678118655));
#6360=DIRECTION('',(0.,-1.,0.));
#6361=DIRECTION('',(0.,1.,0.));
#6362=DIRECTION('center_axis',(-1.,0.,-1.22464679914735E-16));
#6363=DIRECTION('ref_axis',(-1.22464679914735E-16,0.,1.));
#6364=DIRECTION('',(0.,-1.,0.));
#6365=DIRECTION('',(-7.44466153217611E-17,-0.794011492535237,0.607902746927471));
#6366=DIRECTION('center_axis',(1.,0.,1.22464679914735E-16));
#6367=DIRECTION('ref_axis',(0.,1.,0.));
#6368=DIRECTION('',(-2.74309014256516E-17,0.97459137166829,0.223990308428112));
#6369=DIRECTION('',(2.74309014256501E-17,0.974591371668293,-0.2239903084281));
#6370=DIRECTION('center_axis',(1.,0.,1.22464679914735E-16));
#6371=DIRECTION('ref_axis',(0.,-1.,0.));
#6372=DIRECTION('',(7.44466153217612E-17,-0.794011492535237,-0.607902746927472));
#6373=DIRECTION('center_axis',(0.707106781186545,0.,0.70710678118655));
#6374=DIRECTION('ref_axis',(0.70710678118655,0.,-0.707106781186545));
#6375=DIRECTION('',(0.,-1.,0.));
#6376=DIRECTION('',(0.,1.,0.));
#6377=DIRECTION('center_axis',(0.707106781186545,0.,0.70710678118655));
#6378=DIRECTION('ref_axis',(0.70710678118655,0.,-0.707106781186545));
#6379=DIRECTION('',(0.,-1.,0.));
#6380=DIRECTION('',(0.,1.,0.));
#6381=DIRECTION('center_axis',(-0.70710678118655,0.,0.707106781186545));
#6382=DIRECTION('ref_axis',(0.707106781186545,0.,0.70710678118655));
#6383=DIRECTION('',(0.,-1.,0.));
#6384=DIRECTION('',(0.,1.,0.));
#6385=DIRECTION('center_axis',(1.,0.,1.22464679914735E-16));
#6386=DIRECTION('ref_axis',(1.22464679914735E-16,0.,-1.));
#6387=DIRECTION('',(0.,1.,0.));
#6388=DIRECTION('',(-7.44466153217612E-17,0.794011492535237,0.607902746927472));
#6389=DIRECTION('center_axis',(-1.,0.,-1.22464679914735E-16));
#6390=DIRECTION('ref_axis',(0.,-1.,0.));
#6391=DIRECTION('',(-2.74309014256501E-17,-0.974591371668293,0.2239903084281));
#6392=DIRECTION('',(2.74309014256516E-17,-0.97459137166829,-0.223990308428112));
#6393=DIRECTION('center_axis',(-1.,0.,-1.22464679914735E-16));
#6394=DIRECTION('ref_axis',(0.,1.,0.));
#6395=DIRECTION('',(7.44466153217611E-17,0.794011492535237,-0.607902746927471));
#6396=DIRECTION('center_axis',(1.,0.,1.22464679914735E-16));
#6397=DIRECTION('ref_axis',(1.22464679914735E-16,0.,-1.));
#6398=DIRECTION('',(0.,1.,0.));
#6399=DIRECTION('',(-7.44466153217611E-17,0.794011492535238,0.607902746927471));
#6400=DIRECTION('center_axis',(-1.,0.,-1.22464679914735E-16));
#6401=DIRECTION('ref_axis',(0.,-1.,0.));
#6402=DIRECTION('',(-2.74309014256512E-17,-0.974591371668291,0.223990308428109));
#6403=DIRECTION('',(2.743090142565E-17,-0.974591371668293,-0.223990308428099));
#6404=DIRECTION('center_axis',(-1.,0.,-1.22464679914735E-16));
#6405=DIRECTION('ref_axis',(0.,1.,0.));
#6406=DIRECTION('',(7.44466153217612E-17,0.794011492535236,-0.607902746927472));
#6407=DIRECTION('center_axis',(-1.22464679914735E-16,0.,1.));
#6408=DIRECTION('ref_axis',(0.,-1.,0.));
#6409=DIRECTION('',(0.,-1.,0.));
#6410=DIRECTION('center_axis',(1.22464679914735E-16,0.,-1.));
#6411=DIRECTION('ref_axis',(0.707106781186548,0.707106781186548,8.65956056235493E-17));
#6412=DIRECTION('',(1.,0.,1.22464679914735E-16));
#6413=DIRECTION('center_axis',(1.22464679914735E-16,0.,-1.));
#6414=DIRECTION('ref_axis',(-0.707106781186549,0.707106781186546,-8.65956056235495E-17));
#6415=DIRECTION('',(0.,1.,0.));
#6416=DIRECTION('center_axis',(1.22464679914735E-16,0.,-1.));
#6417=DIRECTION('ref_axis',(-0.707106781186547,-0.707106781186548,-8.65956056235493E-17));
#6418=DIRECTION('',(-1.,0.,-1.22464679914735E-16));
#6419=DIRECTION('center_axis',(1.22464679914735E-16,0.,-1.));
#6420=DIRECTION('ref_axis',(0.707106781186546,-0.707106781186549,8.65956056235492E-17));
#6421=DIRECTION('',(0.,-1.,0.));
#6422=DIRECTION('',(1.,0.,1.22464679914735E-16));
#6423=DIRECTION('center_axis',(-1.22464679914735E-16,0.,1.));
#6424=DIRECTION('ref_axis',(-1.,4.44089209850064E-15,-1.22464679914735E-16));
#6425=DIRECTION('',(2.77555756156289E-16,-1.,3.39907768361723E-32));
#6426=DIRECTION('center_axis',(-1.22464679914735E-16,0.,1.));
#6427=DIRECTION('ref_axis',(2.2204460492503E-15,1.,2.71926214689377E-31));
#6428=DIRECTION('',(-1.,4.22942104619107E-16,-1.22464679914735E-16));
#6429=DIRECTION('center_axis',(-1.22464679914735E-16,0.,1.));
#6430=DIRECTION('ref_axis',(1.,4.4408920985006E-15,1.22464679914735E-16));
#6431=DIRECTION('',(-2.77555756156289E-16,1.,-3.39907768361723E-32));
#6432=DIRECTION('center_axis',(-1.22464679914735E-16,0.,1.));
#6433=DIRECTION('ref_axis',(0.,-1.,0.));
#6434=DIRECTION('center_axis',(-0.707106781186555,0.158385066009581,0.68914016779254));
#6435=DIRECTION('ref_axis',(0.697950098270617,-8.32667268468867E-17,0.7161463958745));
#6436=DIRECTION('',(-2.74309014256512E-17,-0.974591371668291,0.223990308428109));
#6437=DIRECTION('',(0.707106781186541,0.158385066009589,0.689140167792553));
#6438=DIRECTION('',(2.74309014256512E-17,0.974591371668291,-0.223990308428109));
#6439=DIRECTION('',(-0.69795009827062,0.,-0.716146395874497));
#6440=DIRECTION('center_axis',(-1.,0.,-1.22464679914735E-16));
#6441=DIRECTION('ref_axis',(0.,-1.,0.));
#6442=DIRECTION('center_axis',(-1.,0.,-1.22464679914735E-16));
#6443=DIRECTION('ref_axis',(0.,-1.,0.));
#6444=DIRECTION('',(0.70710678118655,0.42985215465434,-0.561450910711718));
#6445=DIRECTION('center_axis',(1.,0.,1.22464679914735E-16));
#6446=DIRECTION('ref_axis',(0.,-1.,0.));
#6447=DIRECTION('center_axis',(-0.707106781186546,0.429852154654345,-0.56145091071172));
#6448=DIRECTION('ref_axis',(-0.621831158662719,2.77555756156289E-17,0.783151332831772));
#6449=DIRECTION('',(7.44466153217611E-17,-0.794011492535238,-0.607902746927471));
#6450=DIRECTION('',(-7.44466153217611E-17,0.794011492535238,0.607902746927471));
#6451=DIRECTION('',(0.621831158662716,-1.84099005273787E-14,-0.783151332831774));
#6452=DIRECTION('center_axis',(-0.70710678118655,-0.429852154654344,-0.561450910711715));
#6453=DIRECTION('ref_axis',(-0.621831158662713,1.38777878078145E-16,0.783151332831776));
#6454=DIRECTION('',(7.44466153217612E-17,0.794011492535236,-0.607902746927472));
#6455=DIRECTION('',(0.707106781186543,-0.429852154654342,-0.561450910711726));
#6456=DIRECTION('',(-7.44466153217612E-17,-0.794011492535236,0.607902746927472));
#6457=DIRECTION('center_axis',(-1.,0.,-1.22464679914735E-16));
#6458=DIRECTION('ref_axis',(0.,1.,0.));
#6459=DIRECTION('center_axis',(-1.,0.,-1.22464679914735E-16));
#6460=DIRECTION('ref_axis',(0.,1.,0.));
#6461=DIRECTION('',(0.707106781189981,-0.158385722755435,0.689140016848813));
#6462=DIRECTION('center_axis',(1.,0.,1.22464679914735E-16));
#6463=DIRECTION('ref_axis',(0.,1.,0.));
#6464=DIRECTION('center_axis',(-0.707106781186552,-0.158385066009574,0.689140167792545));
#6465=DIRECTION('ref_axis',(0.697950098270621,1.38777878078145E-17,0.716146395874496));
#6466=DIRECTION('',(-2.743090142565E-17,0.974591371668293,0.223990308428099));
#6467=DIRECTION('',(2.743090142565E-17,-0.974591371668293,-0.223990308428099));
#6468=DIRECTION('center_axis',(1.,0.,1.22464679914735E-16));
#6469=DIRECTION('ref_axis',(0.,1.,0.));
#6470=DIRECTION('',(1.,0.,1.22464679914735E-16));
#6471=DIRECTION('center_axis',(-1.,0.,-1.22464679914735E-16));
#6472=DIRECTION('ref_axis',(0.,1.,0.));
#6473=DIRECTION('',(1.,0.,1.22464679914735E-16));
#6474=DIRECTION('center_axis',(-1.1935302037902E-16,-0.223990308428099,
0.974591371668293));
#6475=DIRECTION('ref_axis',(2.743090142565E-17,-0.974591371668293,-0.223990308428099));
#6476=DIRECTION('',(1.,0.,1.22464679914735E-16));
#6477=DIRECTION('',(2.743090142565E-17,-0.974591371668293,-0.223990308428099));
#6478=DIRECTION('center_axis',(-1.1935302037902E-16,0.223990308428109,0.974591371668291));
#6479=DIRECTION('ref_axis',(-2.74309014256512E-17,-0.974591371668291,0.223990308428109));
#6480=DIRECTION('',(1.,0.,1.22464679914735E-16));
#6481=DIRECTION('',(-2.74309014256512E-17,-0.974591371668291,0.223990308428109));
#6482=DIRECTION('center_axis',(-1.,0.,-1.22464679914735E-16));
#6483=DIRECTION('ref_axis',(0.,1.,0.));
#6484=DIRECTION('center_axis',(-0.707106781186552,0.158385066009575,0.689140167792544));
#6485=DIRECTION('ref_axis',(0.69795009827062,0.,0.716146395874497));
#6486=DIRECTION('',(-2.74309014256501E-17,-0.974591371668293,0.2239903084281));
#6487=DIRECTION('',(0.70710678118654,0.158385066009573,0.689140167792557));
#6488=DIRECTION('',(2.74309014256501E-17,0.974591371668293,-0.2239903084281));
#6489=DIRECTION('',(-0.697950098270617,0.,-0.7161463958745));
#6490=DIRECTION('center_axis',(-1.,0.,-1.22464679914735E-16));
#6491=DIRECTION('ref_axis',(0.,-1.,0.));
#6492=DIRECTION('center_axis',(-1.,0.,-1.22464679914735E-16));
#6493=DIRECTION('ref_axis',(0.,-1.,0.));
#6494=DIRECTION('',(0.707106781186543,0.429852154654341,-0.561450910711726));
#6495=DIRECTION('center_axis',(1.,0.,1.22464679914735E-16));
#6496=DIRECTION('ref_axis',(0.,-1.,0.));
#6497=DIRECTION('center_axis',(-0.707106781186545,0.429852154654347,-0.56145091071172));
#6498=DIRECTION('ref_axis',(-0.62183115866272,1.11022302462516E-16,0.783151332831771));
#6499=DIRECTION('',(7.44466153217612E-17,-0.794011492535237,-0.607902746927472));
#6500=DIRECTION('',(-7.44466153217612E-17,0.794011492535237,0.607902746927472));
#6501=DIRECTION('',(0.621831158662717,-1.3807425395534E-14,-0.783151332831773));
#6502=DIRECTION('center_axis',(-0.707106781186556,-0.429852154654339,-0.561450910711711));
#6503=DIRECTION('ref_axis',(-0.621831158662708,-1.66533453693774E-16,0.783151332831781));
#6504=DIRECTION('',(7.44466153217611E-17,0.794011492535237,-0.607902746927471));
#6505=DIRECTION('',(0.707106781186544,-0.429852154654342,-0.561450910711724));
#6506=DIRECTION('',(-7.44466153217611E-17,-0.794011492535237,0.607902746927471));
#6507=DIRECTION('center_axis',(-1.,0.,-1.22464679914735E-16));
#6508=DIRECTION('ref_axis',(0.,1.,0.));
#6509=DIRECTION('center_axis',(-1.,0.,-1.22464679914735E-16));
#6510=DIRECTION('ref_axis',(0.,1.,0.));
#6511=DIRECTION('',(0.707106781186562,-0.158385066009586,0.689140167792532));
#6512=DIRECTION('center_axis',(1.,0.,1.22464679914735E-16));
#6513=DIRECTION('ref_axis',(0.,1.,0.));
#6514=DIRECTION('center_axis',(-0.707106781186555,-0.158385066009583,0.68914016779254));
#6515=DIRECTION('ref_axis',(0.697950098270617,-1.38777878078145E-17,0.7161463958745));
#6516=DIRECTION('',(-2.74309014256516E-17,0.97459137166829,0.223990308428112));
#6517=DIRECTION('',(2.74309014256516E-17,-0.97459137166829,-0.223990308428112));
#6518=DIRECTION('center_axis',(1.,0.,1.22464679914735E-16));
#6519=DIRECTION('ref_axis',(0.,1.,0.));
#6520=DIRECTION('',(1.,0.,1.22464679914735E-16));
#6521=DIRECTION('center_axis',(-1.,0.,-1.22464679914735E-16));
#6522=DIRECTION('ref_axis',(0.,1.,0.));
#6523=DIRECTION('',(1.,0.,1.22464679914735E-16));
#6524=DIRECTION('center_axis',(-1.1935302037902E-16,-0.223990308428112,
0.97459137166829));
#6525=DIRECTION('ref_axis',(2.74309014256516E-17,-0.97459137166829,-0.223990308428112));
#6526=DIRECTION('',(1.,0.,1.22464679914735E-16));
#6527=DIRECTION('',(2.74309014256516E-17,-0.97459137166829,-0.223990308428112));
#6528=DIRECTION('center_axis',(-1.1935302037902E-16,0.2239903084281,0.974591371668293));
#6529=DIRECTION('ref_axis',(-2.74309014256501E-17,-0.974591371668293,0.2239903084281));
#6530=DIRECTION('',(1.,0.,1.22464679914735E-16));
#6531=DIRECTION('',(-2.74309014256501E-17,-0.974591371668293,0.2239903084281));
#6532=DIRECTION('center_axis',(-1.,0.,-1.22464679914735E-16));
#6533=DIRECTION('ref_axis',(0.,1.,0.));
#6534=DIRECTION('center_axis',(-1.,0.,-1.22464679914735E-16));
#6535=DIRECTION('ref_axis',(0.,1.,0.));
#6536=DIRECTION('',(2.74309014256512E-17,0.974591371668291,-0.223990308428109));
#6537=DIRECTION('center_axis',(1.,0.,1.22464679914735E-16));
#6538=DIRECTION('ref_axis',(0.,-1.,0.));
#6539=DIRECTION('',(7.44466153217611E-17,-0.794011492535238,-0.607902746927471));
#6540=DIRECTION('',(-7.44466153217612E-17,-0.794011492535236,0.607902746927472));
#6541=DIRECTION('center_axis',(1.,0.,1.22464679914735E-16));
#6542=DIRECTION('ref_axis',(0.,1.,0.));
#6543=DIRECTION('',(-2.743090142565E-17,0.974591371668293,0.223990308428099));
#6544=DIRECTION('center_axis',(0.707106781186541,-0.42985215465435,-0.561450910711723));
#6545=DIRECTION('ref_axis',(-0.621831158662724,-8.32667268468867E-17,-0.783151332831768));
#6546=DIRECTION('',(7.44466153217612E-17,0.794011492535236,-0.607902746927472));
#6547=DIRECTION('',(0.707106781186553,0.429852154654335,0.561450910711718));
#6548=DIRECTION('',(-0.621831158662729,0.,-0.783151332831764));
#6549=DIRECTION('center_axis',(0.707106781186547,0.158385066009583,0.689140167792548));
#6550=DIRECTION('ref_axis',(0.697950098270625,-9.71445146547011E-17,-0.716146395874492));
#6551=DIRECTION('',(0.707106781186551,-0.158385066009587,-0.689140167792543));
#6552=DIRECTION('',(0.697950098270633,-4.13269476874369E-14,-0.716146395874484));
#6553=DIRECTION('center_axis',(1.,0.,1.22464679914735E-16));
#6554=DIRECTION('ref_axis',(0.,-1.,0.));
#6555=DIRECTION('',(0.707106781186556,-0.429852154654336,0.561450910711714));
#6556=DIRECTION('center_axis',(-1.,0.,-1.22464679914735E-16));
#6557=DIRECTION('ref_axis',(0.,-1.,0.));
#6558=DIRECTION('center_axis',(0.707106781186538,0.42985215465435,-0.561450910711725));
#6559=DIRECTION('ref_axis',(-0.621831158662727,0.,-0.783151332831766));
#6560=DIRECTION('',(-7.44466153217611E-17,0.794011492535238,0.607902746927471));
#6561=DIRECTION('center_axis',(1.,0.,1.22464679914735E-16));
#6562=DIRECTION('ref_axis',(0.,1.,0.));
#6563=DIRECTION('',(0.707106781189986,0.158385722755434,-0.689140016848808));
#6564=DIRECTION('center_axis',(0.707106781186542,-0.158385066009576,0.689140167792555));
#6565=DIRECTION('ref_axis',(0.697950098270632,-4.16333634234434E-17,-0.716146395874486));
#6566=DIRECTION('center_axis',(9.72383632819491E-17,0.607902746927471,-0.794011492535238));
#6567=DIRECTION('ref_axis',(-7.44466153217611E-17,0.794011492535238,0.607902746927471));
#6568=DIRECTION('',(1.,0.,1.22464679914735E-16));
#6569=DIRECTION('',(1.,0.,1.22464679914735E-16));
#6570=DIRECTION('center_axis',(1.,0.,1.22464679914735E-16));
#6571=DIRECTION('ref_axis',(2.59785267657826E-17,-0.977241288886445,-0.212130769327694));
#6572=DIRECTION('center_axis',(-1.,0.,-1.22464679914735E-16));
#6573=DIRECTION('ref_axis',(0.,1.,0.));
#6574=DIRECTION('',(2.74309014256501E-17,0.974591371668293,-0.2239903084281));
#6575=DIRECTION('center_axis',(1.,0.,1.22464679914735E-16));
#6576=DIRECTION('ref_axis',(0.,-1.,0.));
#6577=DIRECTION('',(7.44466153217612E-17,-0.794011492535237,-0.607902746927472));
#6578=DIRECTION('',(-7.44466153217611E-17,-0.794011492535237,0.607902746927471));
#6579=DIRECTION('center_axis',(1.,0.,1.22464679914735E-16));
#6580=DIRECTION('ref_axis',(0.,1.,0.));
#6581=DIRECTION('',(-2.74309014256516E-17,0.97459137166829,0.223990308428112));
#6582=DIRECTION('center_axis',(0.707106781186546,-0.429852154654346,-0.561450910711719));
#6583=DIRECTION('ref_axis',(-0.621831158662718,0.,-0.783151332831772));
#6584=DIRECTION('',(7.44466153217611E-17,0.794011492535237,-0.607902746927471));
#6585=DIRECTION('',(0.707106781186549,0.429852154654343,0.561450910711717));
#6586=DIRECTION('',(-0.621831158662719,-4.60247513184456E-15,-0.783151332831772));
#6587=DIRECTION('center_axis',(0.707106781186543,0.158385066009577,0.689140167792553));
#6588=DIRECTION('ref_axis',(0.69795009827063,-6.93889390390723E-17,-0.716146395874487));
#6589=DIRECTION('',(0.707106781186552,-0.158385066009577,-0.689140167792544));
#6590=DIRECTION('',(0.69795009827063,1.03317369218592E-14,-0.716146395874487));
#6591=DIRECTION('center_axis',(1.,0.,1.22464679914735E-16));
#6592=DIRECTION('ref_axis',(0.,-1.,0.));
#6593=DIRECTION('',(0.707106781186548,-0.429852154654338,0.561450910711722));
#6594=DIRECTION('center_axis',(-1.,0.,-1.22464679914735E-16));
#6595=DIRECTION('ref_axis',(0.,-1.,0.));
#6596=DIRECTION('center_axis',(0.707106781186545,0.429852154654347,-0.56145091071172));
#6597=DIRECTION('ref_axis',(-0.621831158662719,-1.11022302462516E-16,-0.783151332831771));
#6598=DIRECTION('',(-7.44466153217612E-17,0.794011492535237,0.607902746927472));
#6599=DIRECTION('center_axis',(1.,0.,1.22464679914735E-16));
#6600=DIRECTION('ref_axis',(0.,1.,0.));
#6601=DIRECTION('',(0.707106781186567,0.158385066009585,-0.689140167792527));
#6602=DIRECTION('center_axis',(0.707106781186543,-0.158385066009585,0.689140167792551));
#6603=DIRECTION('ref_axis',(0.697950098270629,-1.38777878078145E-16,-0.716146395874488));
#6604=DIRECTION('center_axis',(9.7238363281949E-17,0.607902746927472,-0.794011492535237));
#6605=DIRECTION('ref_axis',(-7.44466153217612E-17,0.794011492535237,0.607902746927472));
#6606=DIRECTION('',(1.,0.,1.22464679914735E-16));
#6607=DIRECTION('',(1.,0.,1.22464679914735E-16));
#6608=DIRECTION('center_axis',(1.,0.,1.22464679914735E-16));
#6609=DIRECTION('ref_axis',(2.5978469739769E-17,-0.977241389966047,-0.212130303674955));
#6610=DIRECTION('center_axis',(9.7238363281949E-17,-0.607902746927472,-0.794011492535236));
#6611=DIRECTION('ref_axis',(7.44466153217613E-17,0.794011492535236,-0.607902746927472));
#6612=DIRECTION('center_axis',(9.72383632819491E-17,-0.607902746927471,
-0.794011492535237));
#6613=DIRECTION('ref_axis',(7.44466153217611E-17,0.794011492535237,-0.607902746927471));
#6614=DIRECTION('center_axis',(-1.51054972475954E-17,0.992363757427071,
0.123345745549757));
#6615=DIRECTION('ref_axis',(1.2152950991229E-16,0.123345745549757,-0.992363757427071));
#6616=DIRECTION('',(-1.2152950991229E-16,-0.123345745549757,0.992363757427071));
#6617=DIRECTION('',(-1.,0.,-1.22464679914735E-16));
#6618=DIRECTION('center_axis',(4.18936926768757E-17,0.939667934309476,-0.342087961247632));
#6619=DIRECTION('ref_axis',(1.15076132801351E-16,-0.342087961247632,-0.939667934309477));
#6620=DIRECTION('',(-1.15076132801351E-16,0.342087961247632,0.939667934309477));
#6621=DIRECTION('center_axis',(-1.,0.,-1.22464679914735E-16));
#6622=DIRECTION('ref_axis',(0.,1.,0.));
#6623=DIRECTION('center_axis',(4.18936926768776E-17,0.939667934309471,-0.342087961247648));
#6624=DIRECTION('ref_axis',(1.1507613280135E-16,-0.342087961247648,-0.939667934309471));
#6625=DIRECTION('',(-1.1507613280135E-16,0.342087961247648,0.939667934309471));
#6626=DIRECTION('',(-1.,0.,-1.22464679914735E-16));
#6627=DIRECTION('center_axis',(-1.51054972475962E-17,0.99236375742707,0.123345745549764));
#6628=DIRECTION('ref_axis',(1.2152950991229E-16,0.123345745549764,-0.99236375742707));
#6629=DIRECTION('',(-1.2152950991229E-16,-0.123345745549764,0.99236375742707));
#6630=DIRECTION('center_axis',(-1.,0.,-1.22464679914735E-16));
#6631=DIRECTION('ref_axis',(0.,1.,0.));
#6632=DIRECTION('center_axis',(4.18936926768772E-17,-0.939667934309472,
-0.342087961247645));
#6633=DIRECTION('ref_axis',(-1.1507613280135E-16,-0.342087961247645,0.939667934309472));
#6634=DIRECTION('',(-1.,0.,-1.22464679914735E-16));
#6635=DIRECTION('center_axis',(-1.51054972475961E-17,-0.99236375742707,
0.123345745549763));
#6636=DIRECTION('ref_axis',(-1.2152950991229E-16,0.123345745549763,0.99236375742707));
#6637=DIRECTION('center_axis',(4.18936926768774E-17,-0.939667934309471,
-0.342087961247646));
#6638=DIRECTION('ref_axis',(-1.1507613280135E-16,-0.342087961247646,0.939667934309471));
#6639=DIRECTION('',(-1.,0.,-1.22464679914735E-16));
#6640=DIRECTION('center_axis',(-1.51054972475961E-17,-0.99236375742707,
0.123345745549763));
#6641=DIRECTION('ref_axis',(-1.2152950991229E-16,0.123345745549763,0.99236375742707));
#6642=DIRECTION('center_axis',(-1.51054972475954E-17,0.992363757427071,
0.123345745549757));
#6643=DIRECTION('ref_axis',(1.2152950991229E-16,0.123345745549757,-0.992363757427071));
#6644=DIRECTION('',(-1.2152950991229E-16,-0.123345745549757,0.992363757427071));
#6645=DIRECTION('',(-1.,0.,-1.22464679914735E-16));
#6646=DIRECTION('center_axis',(4.18936926768757E-17,0.939667934309476,-0.342087961247632));
#6647=DIRECTION('ref_axis',(1.15076132801351E-16,-0.342087961247632,-0.939667934309477));
#6648=DIRECTION('',(-1.15076132801351E-16,0.342087961247632,0.939667934309477));
#6649=DIRECTION('center_axis',(-1.,0.,-1.22464679914735E-16));
#6650=DIRECTION('ref_axis',(0.,1.,0.));
#6651=DIRECTION('center_axis',(4.18936926768776E-17,0.939667934309471,-0.342087961247648));
#6652=DIRECTION('ref_axis',(1.1507613280135E-16,-0.342087961247648,-0.939667934309471));
#6653=DIRECTION('',(-1.1507613280135E-16,0.342087961247648,0.939667934309471));
#6654=DIRECTION('',(-1.,0.,-1.22464679914735E-16));
#6655=DIRECTION('center_axis',(-1.51054972475962E-17,0.99236375742707,0.123345745549764));
#6656=DIRECTION('ref_axis',(1.2152950991229E-16,0.123345745549764,-0.99236375742707));
#6657=DIRECTION('',(-1.2152950991229E-16,-0.123345745549764,0.99236375742707));
#6658=DIRECTION('center_axis',(-1.,0.,-1.22464679914735E-16));
#6659=DIRECTION('ref_axis',(0.,1.,0.));
#6660=DIRECTION('center_axis',(4.18936926768772E-17,-0.939667934309472,
-0.342087961247645));
#6661=DIRECTION('ref_axis',(-1.1507613280135E-16,-0.342087961247645,0.939667934309472));
#6662=DIRECTION('',(-1.,0.,-1.22464679914735E-16));
#6663=DIRECTION('center_axis',(-1.51054972475961E-17,-0.99236375742707,
0.123345745549763));
#6664=DIRECTION('ref_axis',(-1.2152950991229E-16,0.123345745549763,0.99236375742707));
#6665=DIRECTION('center_axis',(4.18936926768774E-17,-0.939667934309471,
-0.342087961247646));
#6666=DIRECTION('ref_axis',(-1.1507613280135E-16,-0.342087961247646,0.939667934309471));
#6667=DIRECTION('',(-1.,0.,-1.22464679914735E-16));
#6668=DIRECTION('center_axis',(-1.51054972475961E-17,-0.99236375742707,
0.123345745549763));
#6669=DIRECTION('ref_axis',(-1.2152950991229E-16,0.123345745549763,0.99236375742707));
#6670=DIRECTION('center_axis',(1.51054972475954E-17,-0.992363757427071,
-0.123345745549757));
#6671=DIRECTION('ref_axis',(1.2152950991229E-16,0.123345745549757,-0.992363757427071));
#6672=DIRECTION('',(1.2152950991229E-16,0.123345745549757,-0.992363757427071));
#6673=DIRECTION('',(1.,0.,1.22464679914735E-16));
#6674=DIRECTION('center_axis',(-4.18936926768757E-17,-0.939667934309476,
0.342087961247632));
#6675=DIRECTION('ref_axis',(1.15076132801351E-16,-0.342087961247632,-0.939667934309477));
#6676=DIRECTION('',(1.15076132801351E-16,-0.342087961247632,-0.939667934309477));
#6677=DIRECTION('center_axis',(1.,0.,1.22464679914735E-16));
#6678=DIRECTION('ref_axis',(1.22464679914735E-16,0.,-1.));
#6679=DIRECTION('center_axis',(-4.18936926768776E-17,-0.939667934309471,
0.342087961247648));
#6680=DIRECTION('ref_axis',(1.1507613280135E-16,-0.342087961247648,-0.939667934309471));
#6681=DIRECTION('',(1.,0.,1.22464679914735E-16));
#6682=DIRECTION('',(1.1507613280135E-16,-0.342087961247648,-0.939667934309471));
#6683=DIRECTION('center_axis',(1.51054972475962E-17,-0.99236375742707,-0.123345745549764));
#6684=DIRECTION('ref_axis',(1.2152950991229E-16,0.123345745549764,-0.99236375742707));
#6685=DIRECTION('',(1.2152950991229E-16,0.123345745549764,-0.99236375742707));
#6686=DIRECTION('center_axis',(1.,0.,1.22464679914735E-16));
#6687=DIRECTION('ref_axis',(1.22464679914735E-16,0.,-1.));
#6688=DIRECTION('center_axis',(-4.18936926768772E-17,0.939667934309472,
0.342087961247645));
#6689=DIRECTION('ref_axis',(-1.1507613280135E-16,-0.342087961247645,0.939667934309472));
#6690=DIRECTION('',(1.,0.,1.22464679914735E-16));
#6691=DIRECTION('center_axis',(1.51054972475961E-17,0.99236375742707,-0.123345745549763));
#6692=DIRECTION('ref_axis',(-1.2152950991229E-16,0.123345745549763,0.99236375742707));
#6693=DIRECTION('center_axis',(-4.18936926768774E-17,0.939667934309471,
0.342087961247646));
#6694=DIRECTION('ref_axis',(-1.1507613280135E-16,-0.342087961247646,0.939667934309471));
#6695=DIRECTION('',(1.,0.,1.22464679914735E-16));
#6696=DIRECTION('center_axis',(1.51054972475961E-17,0.99236375742707,-0.123345745549763));
#6697=DIRECTION('ref_axis',(-1.2152950991229E-16,0.123345745549763,0.99236375742707));
#6698=DIRECTION('center_axis',(1.51054972475954E-17,-0.992363757427071,
-0.123345745549757));
#6699=DIRECTION('ref_axis',(1.2152950991229E-16,0.123345745549757,-0.992363757427071));
#6700=DIRECTION('',(1.2152950991229E-16,0.123345745549757,-0.992363757427071));
#6701=DIRECTION('',(1.,0.,1.22464679914735E-16));
#6702=DIRECTION('center_axis',(-4.18936926768757E-17,-0.939667934309476,
0.342087961247632));
#6703=DIRECTION('ref_axis',(1.15076132801351E-16,-0.342087961247632,-0.939667934309477));
#6704=DIRECTION('',(1.15076132801351E-16,-0.342087961247632,-0.939667934309477));
#6705=DIRECTION('center_axis',(1.,0.,1.22464679914735E-16));
#6706=DIRECTION('ref_axis',(1.22464679914735E-16,0.,-1.));
#6707=DIRECTION('center_axis',(-4.18936926768776E-17,-0.939667934309471,
0.342087961247648));
#6708=DIRECTION('ref_axis',(1.1507613280135E-16,-0.342087961247648,-0.939667934309471));
#6709=DIRECTION('',(1.,0.,1.22464679914735E-16));
#6710=DIRECTION('',(1.1507613280135E-16,-0.342087961247648,-0.939667934309471));
#6711=DIRECTION('center_axis',(1.51054972475962E-17,-0.99236375742707,-0.123345745549764));
#6712=DIRECTION('ref_axis',(1.2152950991229E-16,0.123345745549764,-0.99236375742707));
#6713=DIRECTION('',(1.2152950991229E-16,0.123345745549764,-0.99236375742707));
#6714=DIRECTION('center_axis',(1.,0.,1.22464679914735E-16));
#6715=DIRECTION('ref_axis',(1.22464679914735E-16,0.,-1.));
#6716=DIRECTION('center_axis',(-4.18936926768772E-17,0.939667934309472,
0.342087961247645));
#6717=DIRECTION('ref_axis',(-1.1507613280135E-16,-0.342087961247645,0.939667934309472));
#6718=DIRECTION('',(1.,0.,1.22464679914735E-16));
#6719=DIRECTION('center_axis',(1.51054972475961E-17,0.99236375742707,-0.123345745549763));
#6720=DIRECTION('ref_axis',(-1.2152950991229E-16,0.123345745549763,0.99236375742707));
#6721=DIRECTION('center_axis',(-4.18936926768774E-17,0.939667934309471,
0.342087961247646));
#6722=DIRECTION('ref_axis',(-1.1507613280135E-16,-0.342087961247646,0.939667934309471));
#6723=DIRECTION('',(1.,0.,1.22464679914735E-16));
#6724=DIRECTION('center_axis',(1.51054972475961E-17,0.99236375742707,-0.123345745549763));
#6725=DIRECTION('ref_axis',(-1.2152950991229E-16,0.123345745549763,0.99236375742707));
#6726=DIRECTION('center_axis',(0.5,-0.866025403784438,6.12323399573677E-17));
#6727=DIRECTION('ref_axis',(-1.22464679914735E-16,0.,1.));
#6728=DIRECTION('',(-0.866025403784438,-0.5,-1.06057523872491E-16));
#6729=DIRECTION('',(1.22464679914735E-16,0.,-1.));
#6730=DIRECTION('',(0.866025403784438,0.5,1.06057523872491E-16));
#6731=DIRECTION('',(-1.22464679914735E-16,0.,1.));
#6732=DIRECTION('center_axis',(1.22464679914735E-16,0.,-1.));
#6733=DIRECTION('ref_axis',(1.,0.,1.22464679914735E-16));
#6734=DIRECTION('',(1.,0.,1.22464679914735E-16));
#6735=DIRECTION('',(0.866025403784438,-0.500000000000001,1.06057523872491E-16));
#6736=DIRECTION('',(0.,-1.,0.));
#6737=DIRECTION('',(1.,0.,1.22464679914735E-16));
#6738=DIRECTION('',(0.,-1.,0.));
#6739=DIRECTION('center_axis',(-1.22464679914735E-16,0.,1.));
#6740=DIRECTION('ref_axis',(-1.,0.,-1.22464679914735E-16));
#6741=DIRECTION('center_axis',(-1.,0.,-1.22464679914735E-16));
#6742=DIRECTION('ref_axis',(1.22464679914735E-16,0.,-1.));
#6743=DIRECTION('',(1.22464679914735E-16,0.,-1.));
#6744=DIRECTION('',(0.,-1.,0.));
#6745=DIRECTION('center_axis',(-0.500000000000001,-0.866025403784438,-6.12323399573678E-17));
#6746=DIRECTION('ref_axis',(1.22464679914735E-16,0.,-1.));
#6747=DIRECTION('',(-1.22464679914735E-16,0.,1.));
#6748=DIRECTION('',(-0.866025403784438,0.500000000000001,-1.06057523872491E-16));
#6749=DIRECTION('',(1.22464679914735E-16,0.,-1.));
#6750=DIRECTION('center_axis',(-1.22464679914735E-16,0.,1.));
#6751=DIRECTION('ref_axis',(-1.,0.,-1.22464679914735E-16));
#6752=DIRECTION('',(-1.,0.,-1.22464679914735E-16));
#6753=DIRECTION('',(0.,-1.,0.));
#6754=DIRECTION('',(-1.,0.,-1.22464679914735E-16));
#6755=DIRECTION('center_axis',(1.22464679914735E-16,0.,-1.));
#6756=DIRECTION('ref_axis',(-1.,0.,-1.22464679914735E-16));
#6757=DIRECTION('center_axis',(1.,0.,1.22464679914735E-16));
#6758=DIRECTION('ref_axis',(-1.22464679914735E-16,0.,1.));
#6759=DIRECTION('',(-1.22464679914735E-16,0.,1.));
#6760=DIRECTION('center_axis',(0.,1.,0.));
#6761=DIRECTION('ref_axis',(1.22464679914735E-16,0.,-1.));
#6762=DIRECTION('center_axis',(0.,1.,0.));
#6763=DIRECTION('ref_axis',(-1.22464679914735E-16,0.,1.));
#6764=DIRECTION('',(1.,0.,1.22464679914735E-16));
#6765=DIRECTION('',(1.22464679914735E-16,0.,-1.));
#6766=DIRECTION('',(-1.,0.,-1.22464679914735E-16));
#6767=DIRECTION('',(-1.22464679914735E-16,0.,1.));
#6768=DIRECTION('',(-1.,0.,-1.22464679914735E-16));
#6769=DIRECTION('',(1.22464679914735E-16,0.,-1.));
#6770=DIRECTION('',(1.,0.,1.22464679914735E-16));
#6771=DIRECTION('',(-1.22464679914735E-16,0.,1.));
#6772=DIRECTION('center_axis',(-1.22464679914735E-16,0.,1.));
#6773=DIRECTION('ref_axis',(-1.,0.,-1.22464679914735E-16));
#6774=DIRECTION('',(-1.22464679914735E-16,0.,1.));
#6775=DIRECTION('center_axis',(-1.22464679914735E-16,0.,1.));
#6776=DIRECTION('ref_axis',(-1.,0.,-1.22464679914735E-16));
#6777=DIRECTION('center_axis',(-1.22464679914735E-16,0.,1.));
#6778=DIRECTION('ref_axis',(-1.,0.,-1.22464679914735E-16));
#6779=DIRECTION('center_axis',(-1.22464679914735E-16,0.,1.));
#6780=DIRECTION('ref_axis',(-1.,0.,-1.22464679914735E-16));
#6781=DIRECTION('',(-1.22464679914735E-16,0.,1.));
#6782=DIRECTION('center_axis',(-0.5,-0.866025403784439,-6.12323399573676E-17));
#6783=DIRECTION('ref_axis',(1.22464679914735E-16,0.,-1.));
#6784=DIRECTION('',(0.866025403784439,-0.5,1.06057523872491E-16));
#6785=DIRECTION('',(-1.22464679914735E-16,0.,1.));
#6786=DIRECTION('',(-0.866025403784439,0.5,-1.06057523872491E-16));
#6787=DIRECTION('',(1.22464679914735E-16,0.,-1.));
#6788=DIRECTION('center_axis',(-1.22464679914735E-16,0.,1.));
#6789=DIRECTION('ref_axis',(-1.,0.,-1.22464679914735E-16));
#6790=DIRECTION('',(-1.,0.,-1.22464679914735E-16));
#6791=DIRECTION('',(-0.866025403784439,-0.5,-1.06057523872491E-16));
#6792=DIRECTION('',(0.,-1.,0.));
#6793=DIRECTION('',(0.,-1.,0.));
#6794=DIRECTION('center_axis',(1.22464679914735E-16,0.,-1.));
#6795=DIRECTION('ref_axis',(-1.,0.,-1.22464679914735E-16));
#6796=DIRECTION('center_axis',(1.,0.,1.22464679914735E-16));
#6797=DIRECTION('ref_axis',(-1.22464679914735E-16,0.,1.));
#6798=DIRECTION('',(0.,-1.,0.));
#6799=DIRECTION('center_axis',(0.5,-0.866025403784439,6.12323399573676E-17));
#6800=DIRECTION('ref_axis',(-1.22464679914735E-16,0.,1.));
#6801=DIRECTION('',(1.22464679914735E-16,0.,-1.));
#6802=DIRECTION('',(0.866025403784439,0.5,1.06057523872491E-16));
#6803=DIRECTION('',(-1.22464679914735E-16,0.,1.));
#6804=DIRECTION('center_axis',(1.22464679914735E-16,0.,-1.));
#6805=DIRECTION('ref_axis',(1.,0.,1.22464679914735E-16));
#6806=DIRECTION('',(0.,-1.,0.));
#6807=DIRECTION('',(1.,0.,1.22464679914735E-16));
#6808=DIRECTION('center_axis',(-1.22464679914735E-16,0.,1.));
#6809=DIRECTION('ref_axis',(-1.,0.,-1.22464679914735E-16));
#6810=DIRECTION('center_axis',(-1.,0.,-1.22464679914735E-16));
#6811=DIRECTION('ref_axis',(1.22464679914735E-16,0.,-1.));
#6812=DIRECTION('center_axis',(0.,1.,0.));
#6813=DIRECTION('ref_axis',(1.22464679914735E-16,0.,-1.));
#6814=DIRECTION('center_axis',(-1.22464679914735E-16,0.,1.));
#6815=DIRECTION('ref_axis',(-1.,0.,-1.22464679914735E-16));
#6816=DIRECTION('center_axis',(-1.22464679914735E-16,0.,1.));
#6817=DIRECTION('ref_axis',(-1.,0.,-1.22464679914735E-16));
#6818=DIRECTION('',(-1.22464679914735E-16,0.,1.));
#6819=DIRECTION('center_axis',(-1.22464679914735E-16,0.,1.));
#6820=DIRECTION('ref_axis',(-1.,0.,-1.22464679914735E-16));
#6821=DIRECTION('',(-1.22464679914735E-16,0.,1.));
#6822=DIRECTION('center_axis',(-1.22464679914735E-16,0.,1.));
#6823=DIRECTION('ref_axis',(-1.,0.,-1.22464679914735E-16));
#6824=DIRECTION('center_axis',(0.5,-0.866025403784439,6.12323399573676E-17));
#6825=DIRECTION('ref_axis',(1.22464679914735E-16,0.,-1.));
#6826=DIRECTION('',(0.866025403784439,0.5,1.06057523872491E-16));
#6827=DIRECTION('',(1.22464679914735E-16,0.,-1.));
#6828=DIRECTION('',(-0.866025403784439,-0.5,-1.06057523872491E-16));
#6829=DIRECTION('',(-1.22464679914735E-16,0.,1.));
#6830=DIRECTION('center_axis',(1.22464679914735E-16,0.,-1.));
#6831=DIRECTION('ref_axis',(-1.,0.,-1.22464679914735E-16));
#6832=DIRECTION('',(0.,1.,0.));
#6833=DIRECTION('',(-1.,0.,-1.22464679914735E-16));
#6834=DIRECTION('',(0.,1.,0.));
#6835=DIRECTION('',(-0.866025403784439,0.5,-1.06057523872491E-16));
#6836=DIRECTION('',(-1.,0.,-1.22464679914735E-16));
#6837=DIRECTION('center_axis',(-1.22464679914735E-16,0.,1.));
#6838=DIRECTION('ref_axis',(-1.,0.,-1.22464679914735E-16));
#6839=DIRECTION('center_axis',(-1.,0.,-1.22464679914735E-16));
#6840=DIRECTION('ref_axis',(-1.22464679914735E-16,0.,1.));
#6841=DIRECTION('',(0.,1.,0.));
#6842=DIRECTION('',(-1.22464679914735E-16,0.,1.));
#6843=DIRECTION('center_axis',(-0.5,-0.866025403784439,-6.12323399573676E-17));
#6844=DIRECTION('ref_axis',(-1.22464679914735E-16,0.,1.));
#6845=DIRECTION('',(-1.22464679914735E-16,0.,1.));
#6846=DIRECTION('',(0.866025403784439,-0.5,1.06057523872491E-16));
#6847=DIRECTION('',(1.22464679914735E-16,0.,-1.));
#6848=DIRECTION('center_axis',(-1.22464679914735E-16,0.,1.));
#6849=DIRECTION('ref_axis',(1.,0.,1.22464679914735E-16));
#6850=DIRECTION('',(1.,0.,1.22464679914735E-16));
#6851=DIRECTION('',(0.,1.,0.));
#6852=DIRECTION('',(1.,0.,1.22464679914735E-16));
#6853=DIRECTION('center_axis',(1.22464679914735E-16,0.,-1.));
#6854=DIRECTION('ref_axis',(-1.,0.,-1.22464679914735E-16));
#6855=DIRECTION('center_axis',(1.,0.,1.22464679914735E-16));
#6856=DIRECTION('ref_axis',(1.22464679914735E-16,0.,-1.));
#6857=DIRECTION('',(1.22464679914735E-16,0.,-1.));
#6858=DIRECTION('center_axis',(-0.5,-0.866025403784438,-6.12323399573677E-17));
#6859=DIRECTION('ref_axis',(-1.22464679914735E-16,0.,1.));
#6860=DIRECTION('',(-0.866025403784438,0.5,-1.06057523872491E-16));
#6861=DIRECTION('',(-1.22464679914735E-16,0.,1.));
#6862=DIRECTION('',(0.866025403784438,-0.5,1.06057523872491E-16));
#6863=DIRECTION('',(1.22464679914735E-16,0.,-1.));
#6864=DIRECTION('center_axis',(-1.22464679914735E-16,0.,1.));
#6865=DIRECTION('ref_axis',(1.,0.,1.22464679914735E-16));
#6866=DIRECTION('',(0.,1.,0.));
#6867=DIRECTION('',(1.,0.,1.22464679914735E-16));
#6868=DIRECTION('',(0.,1.,0.));
#6869=DIRECTION('',(0.866025403784438,0.500000000000001,1.06057523872491E-16));
#6870=DIRECTION('',(1.,0.,1.22464679914735E-16));
#6871=DIRECTION('center_axis',(1.22464679914735E-16,0.,-1.));
#6872=DIRECTION('ref_axis',(-1.,0.,-1.22464679914735E-16));
#6873=DIRECTION('center_axis',(1.,0.,1.22464679914735E-16));
#6874=DIRECTION('ref_axis',(1.22464679914735E-16,0.,-1.));
#6875=DIRECTION('',(0.,1.,0.));
#6876=DIRECTION('',(1.22464679914735E-16,0.,-1.));
#6877=DIRECTION('center_axis',(0.500000000000001,-0.866025403784438,6.12323399573678E-17));
#6878=DIRECTION('ref_axis',(1.22464679914735E-16,0.,-1.));
#6879=DIRECTION('',(1.22464679914735E-16,0.,-1.));
#6880=DIRECTION('',(-0.866025403784438,-0.500000000000001,-1.06057523872491E-16));
#6881=DIRECTION('',(-1.22464679914735E-16,0.,1.));
#6882=DIRECTION('center_axis',(1.22464679914735E-16,0.,-1.));
#6883=DIRECTION('ref_axis',(-1.,0.,-1.22464679914735E-16));
#6884=DIRECTION('',(-1.,0.,-1.22464679914735E-16));
#6885=DIRECTION('',(0.,1.,0.));
#6886=DIRECTION('',(-1.,0.,-1.22464679914735E-16));
#6887=DIRECTION('center_axis',(-1.22464679914735E-16,0.,1.));
#6888=DIRECTION('ref_axis',(-1.,0.,-1.22464679914735E-16));
#6889=DIRECTION('center_axis',(-1.,0.,-1.22464679914735E-16));
#6890=DIRECTION('ref_axis',(-1.22464679914735E-16,0.,1.));
#6891=DIRECTION('',(-1.22464679914735E-16,0.,1.));
#6892=DIRECTION('center_axis',(0.,1.,0.));
#6893=DIRECTION('ref_axis',(1.22464679914735E-16,0.,-1.));
#6894=DIRECTION('center_axis',(0.,1.,0.));
#6895=DIRECTION('ref_axis',(1.22464679914735E-16,0.,-1.));
#6896=DIRECTION('center_axis',(-1.22464679914735E-16,0.,1.));
#6897=DIRECTION('ref_axis',(-1.,0.,-1.22464679914735E-16));
#6898=DIRECTION('',(-1.22464679914735E-16,0.,1.));
#6899=DIRECTION('center_axis',(-1.22464679914735E-16,0.,1.));
#6900=DIRECTION('ref_axis',(-1.,0.,-1.22464679914735E-16));
#6901=DIRECTION('center_axis',(-1.22464679914735E-16,0.,1.));
#6902=DIRECTION('ref_axis',(-1.,0.,-1.22464679914735E-16));
#6903=DIRECTION('center_axis',(-1.22464679914735E-16,0.,1.));
#6904=DIRECTION('ref_axis',(-1.,0.,-1.22464679914735E-16));
#6905=DIRECTION('',(-1.22464679914735E-16,0.,1.));
#6906=DIRECTION('center_axis',(1.22464679914735E-16,0.,-1.));
#6907=DIRECTION('ref_axis',(-1.,0.,-1.22464679914735E-16));
#6908=DIRECTION('center_axis',(-1.22464679914735E-16,0.,1.));
#6909=DIRECTION('ref_axis',(-1.,0.,-1.22464679914735E-16));
#6910=DIRECTION('',(-0.70710678118654,8.65956056235484E-17,0.707106781186555));
#6911=DIRECTION('center_axis',(1.22464679914735E-16,0.,-1.));
#6912=DIRECTION('ref_axis',(-1.,0.,-1.22464679914735E-16));
#6913=DIRECTION('center_axis',(-1.22464679914735E-16,0.,1.));
#6914=DIRECTION('ref_axis',(-1.,0.,-1.22464679914735E-16));
#6915=DIRECTION('center_axis',(-1.22464679914735E-16,0.,1.));
#6916=DIRECTION('ref_axis',(-1.,0.,-1.22464679914735E-16));
#6917=DIRECTION('center_axis',(1.22464679914735E-16,0.,-1.));
#6918=DIRECTION('ref_axis',(-1.,0.,-1.22464679914735E-16));
#6919=DIRECTION('center_axis',(-1.22464679914735E-16,0.,1.));
#6920=DIRECTION('ref_axis',(-1.,0.,-1.22464679914735E-16));
#6921=DIRECTION('',(-1.22464679914735E-16,0.,1.));
#6922=DIRECTION('center_axis',(1.22464679914735E-16,0.,-1.));
#6923=DIRECTION('ref_axis',(-1.,0.,-1.22464679914735E-16));
#6924=DIRECTION('center_axis',(-1.22464679914735E-16,0.,1.));
#6925=DIRECTION('ref_axis',(-1.,0.,-1.22464679914735E-16));
#6926=DIRECTION('',(-0.70710678118654,8.65956056235484E-17,0.707106781186555));
#6927=DIRECTION('center_axis',(1.22464679914735E-16,0.,-1.));
#6928=DIRECTION('ref_axis',(-1.,0.,-1.22464679914735E-16));
#6929=DIRECTION('center_axis',(-1.22464679914735E-16,0.,1.));
#6930=DIRECTION('ref_axis',(-1.,0.,-1.22464679914735E-16));
#6931=DIRECTION('center_axis',(-1.22464679914735E-16,0.,1.));
#6932=DIRECTION('ref_axis',(-1.,0.,-1.22464679914735E-16));
#6933=DIRECTION('center_axis',(1.22464679914735E-16,0.,-1.));
#6934=DIRECTION('ref_axis',(-1.,0.,-1.22464679914735E-16));
#6935=DIRECTION('center_axis',(-1.22464679914735E-16,0.,1.));
#6936=DIRECTION('ref_axis',(-1.,0.,-1.22464679914735E-16));
#6937=DIRECTION('',(-1.22464679914735E-16,0.,1.));
#6938=DIRECTION('center_axis',(-1.22464679914735E-16,0.,1.));
#6939=DIRECTION('ref_axis',(-0.707106781186549,0.707106781186546,-8.65956056235495E-17));
#6940=DIRECTION('',(-0.707106781186553,0.,0.707106781186542));
#6941=DIRECTION('center_axis',(1.22464679914735E-16,0.,-1.));
#6942=DIRECTION('ref_axis',(-0.707106781186549,0.707106781186546,-8.65956056235495E-17));
#6943=DIRECTION('',(8.659560562355E-17,-0.707106781186542,-0.707106781186553));
#6944=DIRECTION('center_axis',(-1.22464679914735E-16,0.,1.));
#6945=DIRECTION('ref_axis',(-0.707106781186549,0.707106781186546,-8.65956056235495E-17));
#6946=DIRECTION('center_axis',(-1.22464679914735E-16,0.,1.));
#6947=DIRECTION('ref_axis',(0.707106781186546,-0.707106781186549,8.65956056235491E-17));
#6948=DIRECTION('',(0.707106781186558,0.,0.707106781186537));
#6949=DIRECTION('center_axis',(1.22464679914735E-16,0.,-1.));
#6950=DIRECTION('ref_axis',(0.707106781186546,-0.707106781186549,8.65956056235491E-17));
#6951=DIRECTION('',(8.65956056235489E-17,0.707106781186551,-0.707106781186544));
#6952=DIRECTION('center_axis',(-1.22464679914735E-16,0.,1.));
#6953=DIRECTION('ref_axis',(0.707106781186546,-0.707106781186549,8.65956056235492E-17));
#6954=DIRECTION('center_axis',(0.707106781186542,0.,-0.707106781186553));
#6955=DIRECTION('ref_axis',(-0.707106781186553,0.,-0.707106781186542));
#6956=DIRECTION('',(0.,1.,0.));
#6957=DIRECTION('',(0.707106781186553,0.,0.707106781186542));
#6958=DIRECTION('',(0.,-1.,0.));
#6959=DIRECTION('center_axis',(-1.22464679914735E-16,0.,1.));
#6960=DIRECTION('ref_axis',(0.707106781186548,0.707106781186548,8.65956056235493E-17));
#6961=DIRECTION('',(-8.65956056235474E-17,0.707106781186563,0.707106781186532));
#6962=DIRECTION('center_axis',(1.22464679914735E-16,0.,-1.));
#6963=DIRECTION('ref_axis',(0.707106781186548,0.707106781186548,8.65956056235493E-17));
#6964=DIRECTION('center_axis',(-1.22464679914735E-16,0.,1.));
#6965=DIRECTION('ref_axis',(0.707106781186548,0.707106781186548,8.65956056235493E-17));
#6966=DIRECTION('center_axis',(8.65956056235496E-17,-0.707106781186545,
-0.70710678118655));
#6967=DIRECTION('ref_axis',(-1.,0.,-1.22464679914735E-16));
#6968=DIRECTION('',(-1.,0.,-1.22464679914735E-16));
#6969=DIRECTION('',(8.65956056235496E-17,0.707106781186545,-0.70710678118655));
#6970=DIRECTION('',(1.,0.,1.22464679914735E-16));
#6971=DIRECTION('center_axis',(8.65956056235493E-17,0.707106781186548,-0.707106781186548));
#6972=DIRECTION('ref_axis',(-1.,0.,-1.22464679914735E-16));
#6973=DIRECTION('',(-1.,0.,-1.22464679914735E-16));
#6974=DIRECTION('center_axis',(-1.22464679914735E-16,0.,1.));
#6975=DIRECTION('ref_axis',(-0.707106781186547,-0.707106781186548,-8.65956056235493E-17));
#6976=DIRECTION('center_axis',(1.22464679914735E-16,0.,-1.));
#6977=DIRECTION('ref_axis',(-0.707106781186547,-0.707106781186548,-8.65956056235493E-17));
#6978=DIRECTION('',(0.707106781186543,0.,-0.707106781186552));
#6979=DIRECTION('center_axis',(-1.22464679914735E-16,0.,1.));
#6980=DIRECTION('ref_axis',(-0.707106781186547,-0.707106781186548,-8.65956056235493E-17));
#6981=DIRECTION('center_axis',(-0.707106781186545,0.,-0.70710678118655));
#6982=DIRECTION('ref_axis',(-0.70710678118655,0.,0.707106781186545));
#6983=DIRECTION('',(0.,-1.,0.));
#6984=DIRECTION('',(0.,1.,0.));
#6985=DIRECTION('center_axis',(-1.,0.,-1.22464679914735E-16));
#6986=DIRECTION('ref_axis',(0.,1.,0.));
#6987=DIRECTION('',(1.22464679914735E-16,0.,-1.));
#6988=DIRECTION('',(0.,-1.,0.));
#6989=DIRECTION('',(-1.22464679914735E-16,0.,1.));
#6990=DIRECTION('',(-2.74309014256501E-17,-0.974591371668293,0.2239903084281));
#6991=DIRECTION('',(2.74309014256516E-17,-0.97459137166829,-0.223990308428112));
#6992=DIRECTION('center_axis',(-1.,0.,-1.22464679914735E-16));
#6993=DIRECTION('ref_axis',(0.,1.,0.));
#6994=DIRECTION('',(7.44466153217611E-17,0.794011492535237,-0.607902746927471));
#6995=DIRECTION('',(-7.44466153217612E-17,0.794011492535237,0.607902746927472));
#6996=DIRECTION('center_axis',(-1.,0.,-1.22464679914735E-16));
#6997=DIRECTION('ref_axis',(0.,-1.,0.));
#6998=DIRECTION('',(-8.65956056235465E-17,0.707106781186571,0.707106781186524));
#6999=DIRECTION('center_axis',(-1.,0.,-1.22464679914735E-16));
#7000=DIRECTION('ref_axis',(0.,1.,0.));
#7001=DIRECTION('',(8.65956056235469E-17,0.707106781186567,-0.707106781186527));
#7002=DIRECTION('',(-2.74309014256512E-17,-0.974591371668291,0.223990308428109));
#7003=DIRECTION('',(2.743090142565E-17,-0.974591371668293,-0.223990308428099));
#7004=DIRECTION('center_axis',(-1.,0.,-1.22464679914735E-16));
#7005=DIRECTION('ref_axis',(0.,1.,0.));
#7006=DIRECTION('',(7.44466153217612E-17,0.794011492535236,-0.607902746927472));
#7007=DIRECTION('',(-7.44466153217611E-17,0.794011492535238,0.607902746927471));
#7008=DIRECTION('center_axis',(-1.,0.,-1.22464679914735E-16));
#7009=DIRECTION('ref_axis',(0.,-1.,0.));
#7010=DIRECTION('center_axis',(1.22464679914735E-16,0.,-1.));
#7011=DIRECTION('ref_axis',(-0.707106781186547,-0.707106781186548,-8.65956056235493E-17));
#7012=DIRECTION('',(-1.22464679914735E-16,0.,1.));
#7013=DIRECTION('center_axis',(-1.22464679914735E-16,0.,1.));
#7014=DIRECTION('ref_axis',(-0.707106781186547,-0.707106781186548,-8.65956056235493E-17));
#7015=DIRECTION('center_axis',(0.,-1.,0.));
#7016=DIRECTION('ref_axis',(1.22464679914735E-16,0.,-1.));
#7017=DIRECTION('',(1.22464679914735E-16,0.,-1.));
#7018=DIRECTION('',(1.,0.,1.22464679914735E-16));
#7019=DIRECTION('center_axis',(-1.22464679914735E-16,0.,1.));
#7020=DIRECTION('ref_axis',(0.707106781186546,-0.707106781186549,8.65956056235491E-17));
#7021=DIRECTION('',(-1.22464679914735E-16,0.,1.));
#7022=DIRECTION('center_axis',(-1.22464679914735E-16,0.,1.));
#7023=DIRECTION('ref_axis',(0.707106781186546,-0.707106781186549,8.65956056235491E-17));
#7024=DIRECTION('center_axis',(1.22464679914735E-16,0.,-1.));
#7025=DIRECTION('ref_axis',(0.,1.,0.));
#7026=DIRECTION('center_axis',(1.22464679914735E-16,0.,-1.));
#7027=DIRECTION('ref_axis',(-1.,0.,-1.22464679914735E-16));
#7028=DIRECTION('center_axis',(-1.22464679914735E-16,0.,1.));
#7029=DIRECTION('ref_axis',(-1.,0.,-1.22464679914735E-16));
#7030=DIRECTION('center_axis',(-1.22464679914735E-16,0.,1.));
#7031=DIRECTION('ref_axis',(-1.,0.,-1.22464679914735E-16));
#7032=DIRECTION('center_axis',(-1.22464679914735E-16,0.,1.));
#7033=DIRECTION('ref_axis',(-1.,0.,-1.22464679914735E-16));
#7034=DIRECTION('center_axis',(-1.22464679914735E-16,0.,1.));
#7035=DIRECTION('ref_axis',(-1.,0.,-1.22464679914735E-16));
#7036=DIRECTION('center_axis',(1.22464679914735E-16,0.,-1.));
#7037=DIRECTION('ref_axis',(-1.,0.,-1.22464679914735E-16));
#7038=DIRECTION('center_axis',(1.22464679914735E-16,0.,-1.));
#7039=DIRECTION('ref_axis',(-0.707106781186547,-0.707106781186548,-8.65956056235493E-17));
#7040=DIRECTION('',(-0.707106781186546,0.,-0.707106781186549));
#7041=DIRECTION('',(-8.65956056235493E-17,0.707106781186547,0.707106781186547));
#7042=DIRECTION('center_axis',(1.22464679914735E-16,0.,-1.));
#7043=DIRECTION('ref_axis',(0.707106781186546,-0.707106781186549,8.65956056235491E-17));
#7044=DIRECTION('',(8.65956056235485E-17,-0.707106781186554,-0.707106781186541));
#7045=DIRECTION('',(-0.707106781186561,0.,0.707106781186534));
#7046=DIRECTION('center_axis',(0.707106781186545,0.,0.70710678118655));
#7047=DIRECTION('ref_axis',(0.70710678118655,0.,-0.707106781186545));
#7048=DIRECTION('',(-0.707106781186548,0.,0.707106781186547));
#7049=DIRECTION('',(0.,1.,0.));
#7050=DIRECTION('center_axis',(-8.65956056235496E-17,-0.707106781186545,
0.70710678118655));
#7051=DIRECTION('ref_axis',(1.,0.,1.22464679914735E-16));
#7052=DIRECTION('center_axis',(1.22464679914735E-16,0.,-1.));
#7053=DIRECTION('ref_axis',(0.707106781186548,0.707106781186548,8.65956056235493E-17));
#7054=DIRECTION('center_axis',(-1.22464679914735E-16,0.,1.));
#7055=DIRECTION('ref_axis',(0.707106781186548,0.707106781186548,8.65956056235493E-17));
#7056=DIRECTION('',(-8.65956056235474E-17,-0.707106781186563,0.707106781186532));
#7057=DIRECTION('center_axis',(-8.65956056235487E-17,0.707106781186553,
0.707106781186542));
#7058=DIRECTION('ref_axis',(1.,0.,1.22464679914735E-16));
#7059=DIRECTION('',(-8.659560562355E-17,-0.707106781186542,0.707106781186553));
#7060=DIRECTION('center_axis',(1.22464679914735E-16,0.,-1.));
#7061=DIRECTION('ref_axis',(-0.707106781186549,0.707106781186546,-8.65956056235495E-17));
#7062=DIRECTION('center_axis',(-1.22464679914735E-16,0.,1.));
#7063=DIRECTION('ref_axis',(-0.707106781186549,0.707106781186546,-8.65956056235495E-17));
#7064=DIRECTION('',(0.707106781186553,0.,0.707106781186542));
#7065=DIRECTION('center_axis',(-0.707106781186548,0.,0.707106781186547));
#7066=DIRECTION('ref_axis',(0.707106781186547,0.,0.707106781186548));
#7067=DIRECTION('center_axis',(-1.22464679914735E-16,0.,1.));
#7068=DIRECTION('ref_axis',(0.707106781186548,0.707106781186548,8.65956056235493E-17));
#7069=DIRECTION('',(1.22464679914735E-16,0.,-1.));
#7070=DIRECTION('center_axis',(-1.,0.,-1.22464679914735E-16));
#7071=DIRECTION('ref_axis',(0.,1.,0.));
#7072=DIRECTION('',(7.44466153217612E-17,-0.794011492535237,-0.607902746927472));
#7073=DIRECTION('',(-7.44466153217611E-17,-0.794011492535237,0.607902746927471));
#7074=DIRECTION('center_axis',(1.,0.,1.22464679914735E-16));
#7075=DIRECTION('ref_axis',(0.,1.,0.));
#7076=DIRECTION('',(-2.74309014256516E-17,0.97459137166829,0.223990308428112));
#7077=DIRECTION('',(2.74309014256501E-17,0.974591371668293,-0.2239903084281));
#7078=DIRECTION('center_axis',(1.,0.,1.22464679914735E-16));
#7079=DIRECTION('ref_axis',(0.,-1.,0.));
#7080=DIRECTION('',(-8.65956056235469E-17,-0.707106781186567,0.707106781186527));
#7081=DIRECTION('center_axis',(1.,0.,1.22464679914735E-16));
#7082=DIRECTION('ref_axis',(0.,1.,0.));
#7083=DIRECTION('',(8.65956056235465E-17,-0.707106781186571,-0.707106781186524));
#7084=DIRECTION('',(7.44466153217611E-17,-0.794011492535238,-0.607902746927471));
#7085=DIRECTION('',(-7.44466153217612E-17,-0.794011492535236,0.607902746927472));
#7086=DIRECTION('center_axis',(1.,0.,1.22464679914735E-16));
#7087=DIRECTION('ref_axis',(0.,1.,0.));
#7088=DIRECTION('',(-2.743090142565E-17,0.974591371668293,0.223990308428099));
#7089=DIRECTION('',(2.74309014256512E-17,0.974591371668291,-0.223990308428109));
#7090=DIRECTION('center_axis',(1.,0.,1.22464679914735E-16));
#7091=DIRECTION('ref_axis',(0.,1.,0.));
#7092=DIRECTION('center_axis',(1.22464679914735E-16,0.,-1.));
#7093=DIRECTION('ref_axis',(-0.707106781186549,0.707106781186546,-8.65956056235495E-17));
#7094=DIRECTION('center_axis',(0.707106781186554,0.499999999999979,-0.500000000000012));
#7095=DIRECTION('ref_axis',(-0.577350269189631,-1.66533453693774E-16,-0.816496580927722));
#7096=DIRECTION('',(2.82857162959024E-16,-0.707106781186571,-0.707106781186524));
#7097=DIRECTION('',(-0.707106781186542,0.499999999999993,-0.500000000000014));
#7098=DIRECTION('',(-2.82857162959024E-16,0.707106781186571,0.707106781186524));
#7099=DIRECTION('',(-0.577350269189628,0.,-0.816496580927725));
#7100=DIRECTION('center_axis',(1.,0.,1.22464679914735E-16));
#7101=DIRECTION('ref_axis',(1.22464679914735E-16,7.3887043024834E-15,-1.));
#7102=DIRECTION('',(-0.707106781186541,-0.5,-0.50000000000001));
#7103=DIRECTION('center_axis',(-1.,-2.77555756156289E-16,-1.22464679914735E-16));
#7104=DIRECTION('ref_axis',(-2.77555756156289E-16,1.,-3.39907768361723E-32));
#7105=DIRECTION('center_axis',(1.,2.77555756156289E-16,1.22464679914735E-16));
#7106=DIRECTION('ref_axis',(-2.77555756156289E-16,1.,-3.39907768361723E-32));
#7107=DIRECTION('center_axis',(0.707106781186559,-0.499999999999977,-0.500000000000006));
#7108=DIRECTION('ref_axis',(-0.577350269189624,0.,-0.816496580927727));
#7109=DIRECTION('',(-1.09665951711931E-16,0.707106781186568,-0.707106781186528));
#7110=DIRECTION('',(1.09665951711931E-16,-0.707106781186567,0.707106781186527));
#7111=DIRECTION('center_axis',(8.65956056235518E-17,-0.707106781186528,
-0.707106781186568));
#7112=DIRECTION('ref_axis',(8.65956056235469E-17,0.707106781186568,-0.707106781186528));
#7113=DIRECTION('',(1.,0.,1.22464679914735E-16));
#7114=DIRECTION('',(-8.65956056235469E-17,-0.707106781186567,0.707106781186527));
#7115=DIRECTION('',(1.,0.,1.22464679914735E-16));
#7116=DIRECTION('center_axis',(8.65956056235522E-17,0.707106781186524,-0.707106781186571));
#7117=DIRECTION('ref_axis',(-8.65956056235465E-17,0.707106781186571,0.707106781186524));
#7118=DIRECTION('',(1.,0.,1.22464679914735E-16));
#7119=DIRECTION('',(8.65956056235465E-17,-0.707106781186571,-0.707106781186524));
#7120=DIRECTION('center_axis',(-1.,-2.77555756156289E-16,-1.22464679914735E-16));
#7121=DIRECTION('ref_axis',(-2.77555756156289E-16,1.,-3.39907768361723E-32));
#7122=DIRECTION('',(-2.77555756156289E-16,1.,-3.39907768361723E-32));
#7123=DIRECTION('',(1.22464679914735E-16,0.,-1.));
#7124=DIRECTION('',(-2.77555756156289E-16,1.,-3.39907768361723E-32));
#7125=DIRECTION('',(1.22464679914735E-16,0.,-1.));
#7126=DIRECTION('center_axis',(0.707106781186541,-0.158385066009586,0.689140167792553));
#7127=DIRECTION('ref_axis',(0.697950098270631,-1.38777878078145E-16,-0.716146395874486));
#7128=DIRECTION('',(-0.707106781186555,-0.158385066009577,0.689140167792541));
#7129=DIRECTION('',(2.74309014256516E-17,-0.97459137166829,-0.223990308428112));
#7130=DIRECTION('',(0.69795009827063,-1.03317369218592E-14,-0.716146395874487));
#7131=DIRECTION('center_axis',(0.707106781186542,0.429852154654348,-0.561450910711722));
#7132=DIRECTION('ref_axis',(-0.621831158662722,-1.66533453693773E-16,-0.783151332831769));
#7133=DIRECTION('',(-0.707106781186555,0.429852154654338,-0.561450910711713));
#7134=DIRECTION('',(-7.44466153217612E-17,0.794011492535237,0.607902746927472));
#7135=DIRECTION('',(0.62183115866272,0.,0.783151332831771));
#7136=DIRECTION('center_axis',(1.,0.,1.22464679914735E-16));
#7137=DIRECTION('ref_axis',(0.,-1.,0.));
#7138=DIRECTION('',(-0.707106781189961,0.158385722755423,0.689140016848836));
#7139=DIRECTION('center_axis',(-1.,0.,-1.22464679914735E-16));
#7140=DIRECTION('ref_axis',(0.,-1.,0.));
#7141=DIRECTION('center_axis',(0.707106781186543,0.158385066009577,0.689140167792553));
#7142=DIRECTION('ref_axis',(0.69795009827063,-6.93889390390723E-17,-0.716146395874487));
#7143=DIRECTION('',(-2.74309014256501E-17,-0.974591371668293,0.2239903084281));
#7144=DIRECTION('center_axis',(1.,0.,1.22464679914735E-16));
#7145=DIRECTION('ref_axis',(0.,1.,0.));
#7146=DIRECTION('',(-0.707106781186627,-0.429852154654306,-0.561450910711648));
#7147=DIRECTION('center_axis',(-1.,0.,-1.22464679914735E-16));
#7148=DIRECTION('ref_axis',(0.,1.,0.));
#7149=DIRECTION('center_axis',(0.707106781186544,-0.429852154654347,-0.561450910711721));
#7150=DIRECTION('ref_axis',(-0.621831158662721,-1.66533453693773E-16,-0.78315133283177));
#7151=DIRECTION('',(7.44466153217611E-17,0.794011492535237,-0.607902746927471));
#7152=DIRECTION('center_axis',(-1.,0.,-1.22464679914735E-16));
#7153=DIRECTION('ref_axis',(0.,1.,0.));
#7154=DIRECTION('',(-1.,0.,-1.22464679914735E-16));
#7155=DIRECTION('center_axis',(1.,0.,1.22464679914735E-16));
#7156=DIRECTION('ref_axis',(0.,1.,0.));
#7157=DIRECTION('',(-1.,0.,-1.22464679914735E-16));
#7158=DIRECTION('center_axis',(9.72383632819491E-17,-0.607902746927471,
-0.794011492535237));
#7159=DIRECTION('ref_axis',(-7.44466153217611E-17,-0.794011492535237,0.607902746927471));
#7160=DIRECTION('',(-1.,0.,-1.22464679914735E-16));
#7161=DIRECTION('',(-7.44466153217611E-17,-0.794011492535237,0.607902746927471));
#7162=DIRECTION('center_axis',(9.7238363281949E-17,0.607902746927472,-0.794011492535237));
#7163=DIRECTION('ref_axis',(7.44466153217612E-17,-0.794011492535237,-0.607902746927472));
#7164=DIRECTION('',(-1.,0.,-1.22464679914735E-16));
#7165=DIRECTION('',(7.44466153217612E-17,-0.794011492535237,-0.607902746927472));
#7166=DIRECTION('center_axis',(-0.707106781186533,-0.499999999999996,-0.500000000000024));
#7167=DIRECTION('ref_axis',(-0.577350269189652,8.32667268468868E-17,0.816496580927707));
#7168=DIRECTION('',(-1.0966595171193E-16,0.707106781186567,-0.707106781186527));
#7169=DIRECTION('',(0.707106781186563,-0.499999999999979,-0.499999999999999));
#7170=DIRECTION('',(1.0966595171193E-16,-0.707106781186567,0.707106781186527));
#7171=DIRECTION('',(0.577350269189635,1.70930016567429E-14,-0.816496580927719));
#7172=DIRECTION('center_axis',(-1.,0.,-1.22464679914735E-16));
#7173=DIRECTION('ref_axis',(1.22464679914735E-16,7.80990875742902E-15,-1.));
#7174=DIRECTION('',(0.707106781186538,0.500000000000012,-0.500000000000001));
#7175=DIRECTION('center_axis',(1.,2.77555756156289E-16,1.22464679914735E-16));
#7176=DIRECTION('ref_axis',(-2.77555756156289E-16,1.,-3.39907768361723E-32));
#7177=DIRECTION('center_axis',(-1.,-2.77555756156289E-16,-1.22464679914735E-16));
#7178=DIRECTION('ref_axis',(-2.77555756156289E-16,1.,-3.39907768361723E-32));
#7179=DIRECTION('center_axis',(-0.707106781186559,0.499999999999975,-0.500000000000008));
#7180=DIRECTION('ref_axis',(-0.577350269189626,-1.38777878078145E-16,0.816496580927726));
#7181=DIRECTION('',(2.82857162959024E-16,-0.707106781186571,-0.707106781186524));
#7182=DIRECTION('',(-2.82857162959024E-16,0.707106781186571,0.707106781186524));
#7183=DIRECTION('center_axis',(8.65956056235522E-17,0.707106781186524,-0.707106781186571));
#7184=DIRECTION('ref_axis',(-8.65956056235465E-17,0.707106781186571,0.707106781186524));
#7185=DIRECTION('',(1.,0.,1.22464679914735E-16));
#7186=DIRECTION('',(-8.65956056235465E-17,0.707106781186571,0.707106781186524));
#7187=DIRECTION('',(1.,0.,1.22464679914735E-16));
#7188=DIRECTION('center_axis',(8.65956056235518E-17,-0.707106781186528,
-0.707106781186568));
#7189=DIRECTION('ref_axis',(8.65956056235469E-17,0.707106781186568,-0.707106781186528));
#7190=DIRECTION('',(1.,0.,1.22464679914735E-16));
#7191=DIRECTION('',(8.65956056235469E-17,0.707106781186567,-0.707106781186527));
#7192=DIRECTION('center_axis',(1.,2.77555756156289E-16,1.22464679914735E-16));
#7193=DIRECTION('ref_axis',(2.77555756156289E-16,-1.,3.39907768361723E-32));
#7194=DIRECTION('',(2.77555756156289E-16,-1.,3.39907768361723E-32));
#7195=DIRECTION('',(1.22464679914735E-16,0.,-1.));
#7196=DIRECTION('',(2.77555756156289E-16,-1.,3.39907768361723E-32));
#7197=DIRECTION('',(1.22464679914735E-16,0.,-1.));
#7198=DIRECTION('center_axis',(0.707106781186547,0.158385066009582,0.689140167792548));
#7199=DIRECTION('ref_axis',(0.697950098270625,2.77555756156289E-17,-0.716146395874492));
#7200=DIRECTION('',(-2.74309014256512E-17,-0.974591371668291,0.223990308428109));
#7201=DIRECTION('',(0.707106781186548,-0.158385066009587,-0.689140167792546));
#7202=DIRECTION('',(2.74309014256512E-17,0.974591371668291,-0.223990308428109));
#7203=DIRECTION('',(-0.697950098270627,0.,0.71614639587449));
#7204=DIRECTION('center_axis',(0.707106781186544,-0.429852154654348,-0.56145091071172));
#7205=DIRECTION('ref_axis',(-0.62183115866272,2.77555756156289E-17,-0.783151332831771));
#7206=DIRECTION('',(7.44466153217612E-17,0.794011492535236,-0.607902746927472));
#7207=DIRECTION('',(0.707106781186548,0.429852154654336,0.561450910711724));
#7208=DIRECTION('',(-7.44466153217612E-17,-0.794011492535236,0.607902746927472));
#7209=DIRECTION('',(-0.621831158662719,-1.84099005273784E-14,-0.783151332831772));
#7210=DIRECTION('center_axis',(1.,0.,1.22464679914735E-16));
#7211=DIRECTION('ref_axis',(0.,1.,0.));
#7212=DIRECTION('',(0.707106781189986,0.158385722755414,-0.689140016848813));
#7213=DIRECTION('center_axis',(1.,0.,1.22464679914735E-16));
#7214=DIRECTION('ref_axis',(0.,1.,0.));
#7215=DIRECTION('center_axis',(-1.,0.,-1.22464679914735E-16));
#7216=DIRECTION('ref_axis',(0.,1.,0.));
#7217=DIRECTION('center_axis',(0.707106781186545,-0.158385066009575,0.689140167792552));
#7218=DIRECTION('ref_axis',(0.697950098270628,-2.77555756156289E-17,-0.716146395874489));
#7219=DIRECTION('',(-2.743090142565E-17,0.974591371668293,0.223990308428099));
#7220=DIRECTION('',(2.743090142565E-17,-0.974591371668293,-0.223990308428099));
#7221=DIRECTION('center_axis',(1.,0.,1.22464679914735E-16));
#7222=DIRECTION('ref_axis',(0.,-1.,0.));
#7223=DIRECTION('',(0.707106781186553,-0.429852154654338,0.561450910711716));
#7224=DIRECTION('center_axis',(1.,0.,1.22464679914735E-16));
#7225=DIRECTION('ref_axis',(0.,-1.,0.));
#7226=DIRECTION('center_axis',(-1.,0.,-1.22464679914735E-16));
#7227=DIRECTION('ref_axis',(0.,-1.,0.));
#7228=DIRECTION('center_axis',(0.707106781186541,0.429852154654348,-0.561450910711723));
#7229=DIRECTION('ref_axis',(-0.621831158662724,5.55111512312578E-17,-0.783151332831768));
#7230=DIRECTION('',(7.44466153217611E-17,-0.794011492535238,-0.607902746927471));
#7231=DIRECTION('',(-7.44466153217611E-17,0.794011492535238,0.607902746927471));
#7232=DIRECTION('center_axis',(-1.1935302037902E-16,-0.223990308428099,
0.974591371668293));
#7233=DIRECTION('ref_axis',(2.743090142565E-17,-0.974591371668293,-0.223990308428099));
#7234=DIRECTION('',(1.,0.,1.22464679914735E-16));
#7235=DIRECTION('',(-2.743090142565E-17,0.974591371668293,0.223990308428099));
#7236=DIRECTION('',(1.,0.,1.22464679914735E-16));
#7237=DIRECTION('center_axis',(1.,0.,1.22464679914735E-16));
#7238=DIRECTION('ref_axis',(0.,1.,0.));
#7239=DIRECTION('',(1.,0.,1.22464679914735E-16));
#7240=DIRECTION('center_axis',(1.,0.,1.22464679914735E-16));
#7241=DIRECTION('ref_axis',(0.,1.,0.));
#7242=DIRECTION('center_axis',(9.7238363281949E-17,-0.607902746927472,-0.794011492535236));
#7243=DIRECTION('ref_axis',(7.44466153217613E-17,0.794011492535236,-0.607902746927472));
#7244=DIRECTION('',(1.,0.,1.22464679914735E-16));
#7245=DIRECTION('',(-7.44466153217612E-17,-0.794011492535236,0.607902746927472));
#7246=DIRECTION('center_axis',(-1.,0.,-1.22464679914735E-16));
#7247=DIRECTION('ref_axis',(-1.22464679914735E-16,0.,1.));
#7248=DIRECTION('center_axis',(0.707106781186546,0.158385066009576,0.68914016779255));
#7249=DIRECTION('ref_axis',(0.697950098270627,-8.32667268468868E-17,-0.71614639587449));
#7250=DIRECTION('',(-2.74309014256501E-17,-0.974591371668293,0.2239903084281));
#7251=DIRECTION('',(0.707106781186542,-0.158385066009575,-0.689140167792555));
#7252=DIRECTION('',(-0.697950098270625,2.58293423046479E-14,0.716146395874492));
#7253=DIRECTION('center_axis',(0.707106781186544,-0.429852154654347,-0.561450910711721));
#7254=DIRECTION('ref_axis',(-0.62183115866272,3.60822483003176E-16,-0.783151332831771));
#7255=DIRECTION('',(7.44466153217611E-17,0.794011492535237,-0.607902746927471));
#7256=DIRECTION('',(0.707106781186551,0.42985215465434,0.561450910711717));
#7257=DIRECTION('',(-0.621831158662718,-4.60247513184459E-15,-0.783151332831773));
#7258=DIRECTION('center_axis',(1.,0.,1.22464679914735E-16));
#7259=DIRECTION('ref_axis',(0.,1.,0.));
#7260=DIRECTION('',(0.707106781186564,0.158385066009586,-0.68914016779253));
#7261=DIRECTION('center_axis',(-1.,0.,-1.22464679914735E-16));
#7262=DIRECTION('ref_axis',(0.,1.,0.));
#7263=DIRECTION('center_axis',(0.707106781186544,-0.158385066009585,0.68914016779255));
#7264=DIRECTION('ref_axis',(0.697950098270628,-1.2490009027033E-16,-0.716146395874489));
#7265=DIRECTION('',(2.74309014256516E-17,-0.97459137166829,-0.223990308428112));
#7266=DIRECTION('center_axis',(1.,0.,1.22464679914735E-16));
#7267=DIRECTION('ref_axis',(0.,-1.,0.));
#7268=DIRECTION('',(0.707106781186479,-0.42985215465438,0.561450910711778));
#7269=DIRECTION('center_axis',(-1.,0.,-1.22464679914735E-16));
#7270=DIRECTION('ref_axis',(0.,-1.,0.));
#7271=DIRECTION('center_axis',(0.707106781186549,0.429852154654344,-0.561450910711717));
#7272=DIRECTION('ref_axis',(-0.621831158662715,-1.66533453693773E-16,-0.783151332831775));
#7273=DIRECTION('',(-7.44466153217612E-17,0.794011492535237,0.607902746927472));
#7274=DIRECTION('center_axis',(-1.1935302037902E-16,-0.223990308428112,
0.97459137166829));
#7275=DIRECTION('ref_axis',(2.74309014256516E-17,-0.97459137166829,-0.223990308428112));
#7276=DIRECTION('',(1.,0.,1.22464679914735E-16));
#7277=DIRECTION('',(-2.74309014256516E-17,0.97459137166829,0.223990308428112));
#7278=DIRECTION('',(1.,0.,1.22464679914735E-16));
#7279=DIRECTION('center_axis',(1.,0.,1.22464679914735E-16));
#7280=DIRECTION('ref_axis',(0.,1.,0.));
#7281=DIRECTION('',(1.,0.,1.22464679914735E-16));
#7282=DIRECTION('center_axis',(1.,0.,1.22464679914735E-16));
#7283=DIRECTION('ref_axis',(0.,1.,0.));
#7284=DIRECTION('center_axis',(9.72383632819491E-17,-0.607902746927471,
-0.794011492535237));
#7285=DIRECTION('ref_axis',(7.44466153217611E-17,0.794011492535237,-0.607902746927471));
#7286=DIRECTION('',(1.,0.,1.22464679914735E-16));
#7287=DIRECTION('',(-7.44466153217611E-17,-0.794011492535237,0.607902746927471));
#7288=DIRECTION('center_axis',(-0.707106781186551,-0.429852154654342,-0.561450910711715));
#7289=DIRECTION('ref_axis',(-0.621831158662713,-8.32667268468867E-17,0.783151332831776));
#7290=DIRECTION('',(0.707106781186543,-0.429852154654346,-0.561450910711723));
#7291=DIRECTION('',(-0.621831158662713,0.,0.783151332831777));
#7292=DIRECTION('center_axis',(-0.707106781186551,0.158385066009575,0.689140167792546));
#7293=DIRECTION('ref_axis',(0.697950098270622,0.,0.716146395874495));
#7294=DIRECTION('',(0.70710678118654,0.15838506600957,0.689140167792558));
#7295=DIRECTION('',(2.74309014256501E-17,0.974591371668293,-0.2239903084281));
#7296=DIRECTION('',(-0.697950098270622,-4.13269476874366E-14,-0.716146395874495));
#7297=DIRECTION('center_axis',(-1.,0.,-1.22464679914735E-16));
#7298=DIRECTION('ref_axis',(0.,-1.,0.));
#7299=DIRECTION('',(0.707106781186479,0.42985215465438,-0.561450910711778));
#7300=DIRECTION('center_axis',(1.,0.,1.22464679914735E-16));
#7301=DIRECTION('ref_axis',(0.,-1.,0.));
#7302=DIRECTION('center_axis',(-0.707106781186553,0.429852154654342,-0.561450910711713));
#7303=DIRECTION('ref_axis',(-0.621831158662711,-2.77555756156289E-16,0.783151332831778));
#7304=DIRECTION('',(7.44466153217612E-17,-0.794011492535237,-0.607902746927472));
#7305=DIRECTION('center_axis',(-1.,0.,-1.22464679914735E-16));
#7306=DIRECTION('ref_axis',(0.,1.,0.));
#7307=DIRECTION('',(0.707106781186564,-0.158385066009586,0.68914016779253));
#7308=DIRECTION('center_axis',(-0.707106781186547,-0.158385066009584,0.689140167792547));
#7309=DIRECTION('ref_axis',(0.697950098270625,-8.32667268468868E-17,0.716146395874493));
#7310=DIRECTION('center_axis',(-1.1935302037902E-16,0.2239903084281,0.974591371668293));
#7311=DIRECTION('ref_axis',(-2.74309014256501E-17,-0.974591371668293,0.2239903084281));
#7312=DIRECTION('',(1.,0.,1.22464679914735E-16));
#7313=DIRECTION('center_axis',(-0.707106781186542,-0.429852154654349,-0.561450910711722));
#7314=DIRECTION('ref_axis',(-0.621831158662723,-1.11022302462516E-16,0.783151332831769));
#7315=DIRECTION('',(0.707106781186551,-0.429852154654338,-0.561450910711718));
#7316=DIRECTION('',(-0.621831158662721,1.84099005273784E-14,0.78315133283177));
#7317=DIRECTION('center_axis',(-0.707106781186547,0.158385066009582,0.689140167792548));
#7318=DIRECTION('ref_axis',(0.697950098270625,-2.77555756156289E-17,0.716146395874492));
#7319=DIRECTION('',(0.707106781186548,0.158385066009587,0.689140167792546));
#7320=DIRECTION('',(2.74309014256512E-17,0.974591371668291,-0.223990308428109));
#7321=DIRECTION('',(-0.697950098270625,-2.06634738437184E-14,-0.716146395874492));
#7322=DIRECTION('center_axis',(-1.,0.,-1.22464679914735E-16));
#7323=DIRECTION('ref_axis',(0.,-1.,0.));
#7324=DIRECTION('',(0.707106781186553,0.429852154654338,-0.561450910711716));
#7325=DIRECTION('center_axis',(1.,0.,1.22464679914735E-16));
#7326=DIRECTION('ref_axis',(0.,-1.,0.));
#7327=DIRECTION('center_axis',(-0.707106781186539,0.429852154654349,-0.561450910711725));
#7328=DIRECTION('ref_axis',(-0.621831158662726,8.32667268468868E-17,0.783151332831766));
#7329=DIRECTION('',(7.44466153217611E-17,-0.794011492535238,-0.607902746927471));
#7330=DIRECTION('center_axis',(-1.,0.,-1.22464679914735E-16));
#7331=DIRECTION('ref_axis',(0.,1.,0.));
#7332=DIRECTION('',(0.707106781189985,-0.158385722755414,0.689140016848814));
#7333=DIRECTION('center_axis',(-0.707106781186545,-0.158385066009575,0.689140167792552));
#7334=DIRECTION('ref_axis',(0.697950098270628,2.77555756156289E-17,0.716146395874489));
#7335=DIRECTION('center_axis',(-1.1935302037902E-16,0.223990308428109,0.974591371668291));
#7336=DIRECTION('ref_axis',(-2.74309014256512E-17,-0.974591371668291,0.223990308428109));
#7337=DIRECTION('',(1.,0.,1.22464679914735E-16));
#7338=DIRECTION('center_axis',(-0.707106781186542,-0.158385066009576,0.689140167792555));
#7339=DIRECTION('ref_axis',(0.697950098270631,4.16333634234434E-17,0.716146395874486));
#7340=DIRECTION('',(-2.743090142565E-17,0.974591371668293,0.223990308428099));
#7341=DIRECTION('',(-0.707106781186554,0.158385066009587,-0.68914016779254));
#7342=DIRECTION('',(0.69795009827063,2.06634738437183E-14,0.716146395874487));
#7343=DIRECTION('center_axis',(-0.707106781186536,0.429852154654351,-0.561450910711727));
#7344=DIRECTION('ref_axis',(-0.621831158662729,8.32667268468868E-17,0.783151332831764));
#7345=DIRECTION('',(7.44466153217611E-17,-0.794011492535238,-0.607902746927471));
#7346=DIRECTION('',(-0.707106781186558,-0.429852154654338,0.56145091071171));
#7347=DIRECTION('',(0.621831158662725,-1.84099005273784E-14,-0.783151332831767));
#7348=DIRECTION('center_axis',(-1.,0.,-1.22464679914735E-16));
#7349=DIRECTION('ref_axis',(0.,-1.,0.));
#7350=DIRECTION('',(-0.707106781186548,-0.158385066009586,-0.689140167792546));
#7351=DIRECTION('center_axis',(1.,0.,1.22464679914735E-16));
#7352=DIRECTION('ref_axis',(0.,-1.,0.));
#7353=DIRECTION('center_axis',(-0.707106781186544,0.158385066009583,0.689140167792551));
#7354=DIRECTION('ref_axis',(0.697950098270628,-2.77555756156289E-17,0.716146395874489));
#7355=DIRECTION('',(2.74309014256512E-17,0.974591371668291,-0.223990308428109));
#7356=DIRECTION('center_axis',(-1.,0.,-1.22464679914735E-16));
#7357=DIRECTION('ref_axis',(0.,1.,0.));
#7358=DIRECTION('',(-0.70710678118653,0.429852154654363,0.561450910711725));
#7359=DIRECTION('center_axis',(1.,0.,1.22464679914735E-16));
#7360=DIRECTION('ref_axis',(0.,1.,0.));
#7361=DIRECTION('center_axis',(-0.70710678118654,-0.42985215465435,-0.561450910711723));
#7362=DIRECTION('ref_axis',(-0.621831158662724,5.55111512312579E-17,0.783151332831767));
#7363=DIRECTION('',(-7.44466153217612E-17,-0.794011492535236,0.607902746927472));
#7364=DIRECTION('center_axis',(-1.1935302037902E-16,0.223990308428109,0.974591371668291));
#7365=DIRECTION('ref_axis',(2.74309014256512E-17,0.974591371668291,-0.223990308428109));
#7366=DIRECTION('',(-1.,0.,-1.22464679914735E-16));
#7367=DIRECTION('',(-1.,0.,-1.22464679914735E-16));
#7368=DIRECTION('center_axis',(-1.,0.,-1.22464679914735E-16));
#7369=DIRECTION('ref_axis',(2.59785267657826E-17,-0.977241288886445,-0.212130769327694));
#7370=DIRECTION('',(-1.,0.,-1.22464679914735E-16));
#7371=DIRECTION('center_axis',(9.72383632819491E-17,0.607902746927471,-0.794011492535238));
#7372=DIRECTION('ref_axis',(7.44466153217611E-17,-0.794011492535238,-0.607902746927471));
#7373=DIRECTION('',(-1.,0.,-1.22464679914735E-16));
#7374=DIRECTION('center_axis',(-0.707106781186544,-0.158385066009585,0.68914016779255));
#7375=DIRECTION('ref_axis',(0.697950098270628,-8.32667268468868E-17,0.71614639587449));
#7376=DIRECTION('',(-2.74309014256516E-17,0.97459137166829,0.223990308428112));
#7377=DIRECTION('',(-0.707106781186552,0.158385066009582,-0.689140167792543));
#7378=DIRECTION('',(0.697950098270628,2.06634738437183E-14,0.716146395874489));
#7379=DIRECTION('center_axis',(-0.707106781186545,0.429852154654347,-0.56145091071172));
#7380=DIRECTION('ref_axis',(-0.62183115866272,1.11022302462516E-16,0.783151332831771));
#7381=DIRECTION('',(-0.707106781186551,-0.429852154654347,0.561450910711711));
#7382=DIRECTION('',(0.62183115866272,4.60247513184456E-15,-0.783151332831771));
#7383=DIRECTION('center_axis',(-1.,0.,-1.22464679914735E-16));
#7384=DIRECTION('ref_axis',(0.,-1.,0.));
#7385=DIRECTION('',(-0.707106781189961,-0.158385722755423,-0.689140016848836));
#7386=DIRECTION('center_axis',(1.,0.,1.22464679914735E-16));
#7387=DIRECTION('ref_axis',(0.,-1.,0.));
#7388=DIRECTION('center_axis',(-0.707106781186548,0.158385066009576,0.689140167792548));
#7389=DIRECTION('ref_axis',(0.697950098270625,9.71445146547012E-17,0.716146395874493));
#7390=DIRECTION('',(2.74309014256501E-17,0.974591371668293,-0.2239903084281));
#7391=DIRECTION('center_axis',(-1.,0.,-1.22464679914735E-16));
#7392=DIRECTION('ref_axis',(0.,1.,0.));
#7393=DIRECTION('',(-0.707106781186627,0.429852154654306,0.561450910711648));
#7394=DIRECTION('center_axis',(-0.707106781186539,-0.42985215465435,-0.561450910711725));
#7395=DIRECTION('ref_axis',(-0.621831158662726,0.,0.783151332831766));
#7396=DIRECTION('center_axis',(-1.1935302037902E-16,0.2239903084281,0.974591371668293));
#7397=DIRECTION('ref_axis',(2.74309014256501E-17,0.974591371668293,-0.2239903084281));
#7398=DIRECTION('',(-1.,0.,-1.22464679914735E-16));
#7399=DIRECTION('',(-1.,0.,-1.22464679914735E-16));
#7400=DIRECTION('center_axis',(-1.,0.,-1.22464679914735E-16));
#7401=DIRECTION('ref_axis',(2.59784697397691E-17,-0.977241389966047,-0.212130303674956));
#7402=DIRECTION('center_axis',(-0.707106781186566,-1.96261557335477E-16,
0.707106781186529));
#7403=DIRECTION('ref_axis',(0.707106781186529,0.,0.707106781186566));
#7404=DIRECTION('',(0.70710678118654,1.04672830578919E-14,0.707106781186555));
#7405=DIRECTION('',(-0.707106781186529,0.,-0.707106781186566));
#7406=DIRECTION('center_axis',(-1.22464679914735E-16,0.,1.));
#7407=DIRECTION('ref_axis',(0.,-1.,0.));
#7408=DIRECTION('',(-8.6595605623549E-17,-0.70710678118655,0.707106781186545));
#7409=DIRECTION('center_axis',(1.22464679914735E-16,0.,-1.));
#7410=DIRECTION('ref_axis',(0.,-1.,0.));
#7411=DIRECTION('center_axis',(-8.65956056235484E-17,0.707106781186555,
0.70710678118654));
#7412=DIRECTION('ref_axis',(1.,0.,1.22464679914735E-16));
#7413=DIRECTION('',(-8.6595605623549E-17,-0.70710678118655,0.707106781186545));
#7414=DIRECTION('',(-1.,0.,-1.22464679914735E-16));
#7415=DIRECTION('center_axis',(-1.22464679914735E-16,0.,1.));
#7416=DIRECTION('ref_axis',(-1.,4.44089209850064E-15,-1.22464679914735E-16));
#7417=DIRECTION('',(-0.707106781186545,0.,0.70710678118655));
#7418=DIRECTION('center_axis',(1.22464679914735E-16,0.,-1.));
#7419=DIRECTION('ref_axis',(-1.,4.44089209850064E-15,-1.22464679914735E-16));
#7420=DIRECTION('center_axis',(0.70710678118655,1.96261557335473E-16,0.707106781186545));
#7421=DIRECTION('ref_axis',(0.707106781186545,0.,-0.70710678118655));
#7422=DIRECTION('',(-0.707106781186535,0.,0.70710678118656));
#7423=DIRECTION('center_axis',(-1.22464679914735E-16,0.,1.));
#7424=DIRECTION('ref_axis',(2.2204460492503E-15,1.,2.71926214689377E-31));
#7425=DIRECTION('',(-8.6595605623549E-17,0.70710678118655,0.707106781186545));
#7426=DIRECTION('center_axis',(1.22464679914735E-16,0.,-1.));
#7427=DIRECTION('ref_axis',(2.2204460492503E-15,1.,2.71926214689377E-31));
#7428=DIRECTION('center_axis',(-3.85660835849026E-16,-0.707106781186534,
0.707106781186561));
#7429=DIRECTION('ref_axis',(1.,1.23259516440783E-31,5.45406784533826E-16));
#7430=DIRECTION('',(-8.65956056235477E-17,0.707106781186561,0.707106781186534));
#7431=DIRECTION('',(1.,-4.22942104619107E-16,1.22464679914735E-16));
#7432=DIRECTION('center_axis',(-1.22464679914735E-16,0.,1.));
#7433=DIRECTION('ref_axis',(1.,4.4408920985006E-15,1.22464679914735E-16));
#7434=DIRECTION('center_axis',(1.22464679914735E-16,0.,-1.));
#7435=DIRECTION('ref_axis',(1.,4.4408920985006E-15,1.22464679914735E-16));
#7436=DIRECTION('center_axis',(1.22464679914735E-16,0.,-1.));
#7437=DIRECTION('ref_axis',(-1.,4.44089209850064E-15,-1.22464679914735E-16));
#7438=DIRECTION('',(1.22464679914735E-16,0.,-1.));
#7439=DIRECTION('center_axis',(1.22464679914735E-16,0.,-1.));
#7440=DIRECTION('ref_axis',(-1.,4.44089209850064E-15,-1.22464679914735E-16));
#7441=DIRECTION('center_axis',(0.,-1.,0.));
#7442=DIRECTION('ref_axis',(-1.,0.,-1.22464679914735E-16));
#7443=DIRECTION('',(1.22464679914735E-16,0.,-1.));
#7444=DIRECTION('',(-1.,0.,-1.22464679914735E-16));
#7445=DIRECTION('center_axis',(1.22464679914735E-16,0.,-1.));
#7446=DIRECTION('ref_axis',(0.,-1.,0.));
#7447=DIRECTION('center_axis',(1.22464679914735E-16,0.,-1.));
#7448=DIRECTION('ref_axis',(0.,-1.,0.));
#7449=DIRECTION('center_axis',(-0.707106781186548,0.499999999999983,-0.500000000000016));
#7450=DIRECTION('ref_axis',(-0.577350269189638,8.32667268468867E-17,0.816496580927717));
#7451=DIRECTION('',(-0.707106781186548,-0.499999999999987,0.500000000000013));
#7452=DIRECTION('',(-0.577350269189637,0.,0.816496580927718));
#7453=DIRECTION('center_axis',(-1.,0.,-1.22464679914735E-16));
#7454=DIRECTION('ref_axis',(1.22464679914735E-16,7.3887043024834E-15,-1.));
#7455=DIRECTION('',(-0.707106781186553,0.499999999999991,0.500000000000001));
#7456=DIRECTION('center_axis',(1.,0.,1.22464679914735E-16));
#7457=DIRECTION('ref_axis',(0.,1.,0.));
#7458=DIRECTION('center_axis',(-0.70710678118655,-0.499999999999984,-0.500000000000013));
#7459=DIRECTION('ref_axis',(-0.577350269189635,-1.38777878078145E-16,0.81649658092772));
#7460=DIRECTION('center_axis',(1.,0.,1.22464679914735E-16));
#7461=DIRECTION('ref_axis',(1.22464679914735E-16,7.80990875742902E-15,-1.));
#7462=DIRECTION('center_axis',(0.707106781186547,-0.499999999999986,-0.500000000000015));
#7463=DIRECTION('ref_axis',(-0.577350269189637,3.05311331771918E-16,-0.816496580927718));
#7464=DIRECTION('',(0.707106781186547,0.499999999999982,0.500000000000019));
#7465=DIRECTION('',(-0.57735026918964,0.,-0.816496580927716));
#7466=DIRECTION('center_axis',(1.,0.,1.22464679914735E-16));
#7467=DIRECTION('ref_axis',(1.22464679914735E-16,8.69808717712915E-15,-1.));
#7468=DIRECTION('',(0.707106781186549,-0.500000000000004,0.499999999999994));
#7469=DIRECTION('center_axis',(-1.,0.,-1.22464679914735E-16));
#7470=DIRECTION('ref_axis',(0.,1.,0.));
#7471=DIRECTION('center_axis',(0.707106781186545,0.499999999999985,-0.500000000000018));
#7472=DIRECTION('ref_axis',(-0.577350269189641,5.55111512312578E-17,-0.816496580927715));
#7473=DIRECTION('center_axis',(1.,0.,1.22464679914735E-16));
#7474=DIRECTION('ref_axis',(1.22464679914735E-16,7.80990875742902E-15,-1.));
#7475=DIRECTION('center_axis',(9.7238363281949E-17,-0.607902746927472,-0.794011492535236));
#7476=DIRECTION('ref_axis',(-7.44466153217613E-17,-0.794011492535236,0.607902746927472));
#7477=DIRECTION('',(-1.,0.,-1.22464679914735E-16));
#7478=DIRECTION('center_axis',(-1.,0.,-1.22464679914735E-16));
#7479=DIRECTION('ref_axis',(0.,1.,0.));
#7480=DIRECTION('',(-1.,0.,-1.22464679914735E-16));
#7481=DIRECTION('center_axis',(-1.1935302037902E-16,-0.223990308428099,
0.974591371668293));
#7482=DIRECTION('ref_axis',(-2.743090142565E-17,0.974591371668293,0.223990308428099));
#7483=DIRECTION('center_axis',(-1.1935302037902E-16,-0.223990308428112,
0.97459137166829));
#7484=DIRECTION('ref_axis',(-2.74309014256516E-17,0.97459137166829,0.223990308428112));
#7485=DIRECTION('center_axis',(9.7238363281949E-17,0.607902746927472,-0.794011492535237));
#7486=DIRECTION('ref_axis',(-7.44466153217612E-17,0.794011492535237,0.607902746927472));
#7487=DIRECTION('',(1.,0.,1.22464679914735E-16));
#7488=DIRECTION('center_axis',(1.,0.,1.22464679914735E-16));
#7489=DIRECTION('ref_axis',(2.5978469739769E-17,-0.977241389966047,-0.212130303674955));
#7490=DIRECTION('center_axis',(9.72383632819491E-17,0.607902746927471,-0.794011492535238));
#7491=DIRECTION('ref_axis',(-7.44466153217611E-17,0.794011492535238,0.607902746927471));
#7492=DIRECTION('',(1.,0.,1.22464679914735E-16));
#7493=DIRECTION('center_axis',(1.,0.,1.22464679914735E-16));
#7494=DIRECTION('ref_axis',(2.59785267657826E-17,-0.977241288886445,-0.212130769327694));
#7495=DIRECTION('center_axis',(1.22464679914735E-16,0.,-1.));
#7496=DIRECTION('ref_axis',(1.,4.4408920985006E-15,1.22464679914735E-16));
#7497=DIRECTION('',(1.22464679914735E-16,0.,-1.));
#7498=DIRECTION('center_axis',(1.22464679914735E-16,0.,-1.));
#7499=DIRECTION('ref_axis',(1.,4.4408920985006E-15,1.22464679914735E-16));
#7500=DIRECTION('center_axis',(4.22942104619107E-16,1.,5.17954694646434E-32));
#7501=DIRECTION('ref_axis',(1.,-4.22942104619107E-16,1.22464679914735E-16));
#7502=DIRECTION('',(1.22464679914735E-16,0.,-1.));
#7503=DIRECTION('',(1.,-4.22942104619107E-16,1.22464679914735E-16));
#7504=DIRECTION('center_axis',(1.22464679914735E-16,0.,-1.));
#7505=DIRECTION('ref_axis',(2.2204460492503E-15,1.,2.71926214689377E-31));
#7506=DIRECTION('center_axis',(1.22464679914735E-16,0.,-1.));
#7507=DIRECTION('ref_axis',(2.2204460492503E-15,1.,2.71926214689377E-31));
#7508=DIRECTION('center_axis',(1.22464679914735E-16,0.,-1.));
#7509=DIRECTION('ref_axis',(-1.,0.,-1.22464679914735E-16));
#7510=DIRECTION('center_axis',(-1.22464679914735E-16,0.,1.));
#7511=DIRECTION('ref_axis',(-1.,0.,-1.22464679914735E-16));
#7512=DIRECTION('',(0.707106781186547,-8.65956056235493E-17,-0.707106781186548));
#7513=DIRECTION('center_axis',(1.22464679914735E-16,0.,-1.));
#7514=DIRECTION('ref_axis',(-1.,0.,-1.22464679914735E-16));
#7515=DIRECTION('',(1.22464679914735E-16,0.,-1.));
#7516=DIRECTION('center_axis',(1.22464679914735E-16,0.,-1.));
#7517=DIRECTION('ref_axis',(-1.,0.,-1.22464679914735E-16));
#7518=DIRECTION('center_axis',(-1.22464679914735E-16,0.,1.));
#7519=DIRECTION('ref_axis',(-1.,0.,-1.22464679914735E-16));
#7520=DIRECTION('',(0.707106781186547,-8.65956056235493E-17,-0.707106781186548));
#7521=DIRECTION('center_axis',(1.22464679914735E-16,0.,-1.));
#7522=DIRECTION('ref_axis',(-1.,0.,-1.22464679914735E-16));
#7523=DIRECTION('',(1.22464679914735E-16,0.,-1.));
#7524=DIRECTION('center_axis',(1.22464679914735E-16,0.,-1.));
#7525=DIRECTION('ref_axis',(-1.,0.,-1.22464679914735E-16));
#7526=DIRECTION('',(0.707106781186547,-8.65956056235493E-17,-0.707106781186548));
#7527=DIRECTION('center_axis',(-1.22464679914735E-16,0.,1.));
#7528=DIRECTION('ref_axis',(-1.,0.,-1.22464679914735E-16));
#7529=DIRECTION('center_axis',(1.22464679914735E-16,0.,-1.));
#7530=DIRECTION('ref_axis',(-1.,0.,-1.22464679914735E-16));
#7531=DIRECTION('center_axis',(-1.22464679914735E-16,0.,1.));
#7532=DIRECTION('ref_axis',(-1.,0.,-1.22464679914735E-16));
#7533=DIRECTION('',(0.707106781186547,-8.65956056235493E-17,-0.707106781186548));
#7534=DIRECTION('center_axis',(-1.22464679914735E-16,0.,1.));
#7535=DIRECTION('ref_axis',(-1.,0.,-1.22464679914735E-16));
#7536=DIRECTION('',(-1.22464679914735E-16,0.,1.));
#7537=DIRECTION('center_axis',(-1.22464679914735E-16,0.,1.));
#7538=DIRECTION('ref_axis',(-1.,0.,-1.22464679914735E-16));
#7539=DIRECTION('center_axis',(1.22464679914735E-16,0.,-1.));
#7540=DIRECTION('ref_axis',(-1.,0.,-1.22464679914735E-16));
#7541=DIRECTION('',(0.707106781186547,-8.65956056235493E-17,-0.707106781186548));
#7542=DIRECTION('center_axis',(-1.22464679914735E-16,0.,1.));
#7543=DIRECTION('ref_axis',(-1.,0.,-1.22464679914735E-16));
#7544=DIRECTION('',(-1.22464679914735E-16,0.,1.));
#7545=DIRECTION('center_axis',(-1.22464679914735E-16,0.,1.));
#7546=DIRECTION('ref_axis',(-1.,0.,-1.22464679914735E-16));
#7547=DIRECTION('center_axis',(-1.22464679914735E-16,0.,1.));
#7548=DIRECTION('ref_axis',(-1.,0.,-1.22464679914735E-16));
#7549=DIRECTION('center_axis',(1.22464679914735E-16,0.,-1.));
#7550=DIRECTION('ref_axis',(-1.,0.,-1.22464679914735E-16));
#7551=DIRECTION('',(0.707106781186547,-8.65956056235493E-17,-0.707106781186548));
#7552=DIRECTION('center_axis',(-1.22464679914735E-16,0.,1.));
#7553=DIRECTION('ref_axis',(-1.,0.,-1.22464679914735E-16));
#7554=DIRECTION('center_axis',(-1.22464679914735E-16,0.,1.));
#7555=DIRECTION('ref_axis',(-1.,0.,-1.22464679914735E-16));
#7556=CARTESIAN_POINT('',(0.,0.,0.));
#7557=CARTESIAN_POINT('Origin',(21.553,17.223,31.85));
#7558=CARTESIAN_POINT('',(2.05299999999999,17.373,32.));
#7559=CARTESIAN_POINT('',(2.05299999999999,17.073,31.7));
#7560=CARTESIAN_POINT('',(2.05299999999999,21.4648750000001,36.091875));
#7561=CARTESIAN_POINT('',(27.253,17.073,31.7));
#7562=CARTESIAN_POINT('',(21.553,17.0729999999999,31.7));
#7563=CARTESIAN_POINT('',(27.553,17.373,32.));
#7564=CARTESIAN_POINT('',(37.2738333333334,27.0938333333336,41.7208333333335));
#7565=CARTESIAN_POINT('',(21.553,17.373,32.));
#7566=CARTESIAN_POINT('Origin',(43.053,17.0729999999999,32.));
#7567=CARTESIAN_POINT('',(2.05299999999999,17.073,20.9999999999999));
#7568=CARTESIAN_POINT('',(2.05299999999999,17.073,27.49625));
#7569=CARTESIAN_POINT('',(5.30599999999999,17.0729999999999,20.9999999999999));
#7570=CARTESIAN_POINT('',(0.0529999999999919,17.0729999999999,20.9999999999999));
#7571=CARTESIAN_POINT('',(5.30599999999999,17.0729999999999,23.2938397449241));
#7572=CARTESIAN_POINT('',(5.30599999999999,17.0729999999999,27.0665927847908));
#7573=CARTESIAN_POINT('',(9.30599999999999,17.0729999999999,23.2938397449241));
#7574=CARTESIAN_POINT('',(24.1795,17.0729999999999,23.2938397449241));
#7575=CARTESIAN_POINT('',(9.30599999999999,17.0729999999999,20.9999999999999));
#7576=CARTESIAN_POINT('',(9.30599999999999,17.0729999999999,27.0665927847908));
#7577=CARTESIAN_POINT('',(19.806,17.0729999999999,20.9999999999999));
#7578=CARTESIAN_POINT('',(0.0529999999999919,17.0729999999999,20.9999999999999));
#7579=CARTESIAN_POINT('',(19.806,17.0729999999999,23.2938397449244));
#7580=CARTESIAN_POINT('',(19.806,17.0729999999999,27.0665927847908));
#7581=CARTESIAN_POINT('',(23.806,17.0729999999999,23.2938397449244));
#7582=CARTESIAN_POINT('',(31.4295,17.0729999999999,23.2938397449244));
#7583=CARTESIAN_POINT('',(23.806,17.0729999999999,20.9999999999999));
#7584=CARTESIAN_POINT('',(23.806,17.0729999999999,27.0665927847908));
#7585=CARTESIAN_POINT('',(27.253,17.073,20.9999999999999));
#7586=CARTESIAN_POINT('',(0.0529999999999919,17.0729999999999,20.9999999999999));
#7587=CARTESIAN_POINT('',(27.253,17.073,26.5));
#7588=CARTESIAN_POINT('Origin',(35.053,2.87299999999995,31.85));
#7589=CARTESIAN_POINT('',(27.553,2.72299999999996,32.));
#7590=CARTESIAN_POINT('',(27.253,3.02299999999995,31.7));
#7591=CARTESIAN_POINT('',(15.4405000000001,14.8354999999997,19.8875));
#7592=CARTESIAN_POINT('',(2.05299999999999,3.02299999999995,31.7));
#7593=CARTESIAN_POINT('',(35.053,3.02299999999995,31.7));
#7594=CARTESIAN_POINT('',(2.05299999999999,2.72299999999996,32.));
#7595=CARTESIAN_POINT('',(2.05299999999999,15.1311249999998,19.591875));
#7596=CARTESIAN_POINT('',(35.053,2.72299999999996,32.));
#7597=CARTESIAN_POINT('Origin',(70.053,3.02299999999995,32.));
#7598=CARTESIAN_POINT('',(27.253,3.02299999999995,20.9999999999999));
#7599=CARTESIAN_POINT('',(27.253,3.02299999999996,26.5));
#7600=CARTESIAN_POINT('',(23.806,3.02299999999995,20.9999999999999));
#7601=CARTESIAN_POINT('',(0.0529999999999919,3.02299999999995,20.9999999999999));
#7602=CARTESIAN_POINT('',(23.806,3.02299999999995,23.2938397449239));
#7603=CARTESIAN_POINT('',(23.806,3.02299999999995,27.0665927847908));
#7604=CARTESIAN_POINT('',(19.806,3.02299999999995,23.2938397449239));
#7605=CARTESIAN_POINT('',(44.9295,3.02299999999995,23.2938397449239));
#7606=CARTESIAN_POINT('',(19.806,3.02299999999995,20.9999999999999));
#7607=CARTESIAN_POINT('',(19.806,3.02299999999995,27.0665927847908));
#7608=CARTESIAN_POINT('',(9.30599999999999,3.02299999999995,20.9999999999999));
#7609=CARTESIAN_POINT('',(0.0529999999999919,3.02299999999995,20.9999999999999));
#7610=CARTESIAN_POINT('',(9.30599999999999,3.02299999999995,23.2938397449241));
#7611=CARTESIAN_POINT('',(9.30599999999999,3.02299999999995,27.0665927847908));
#7612=CARTESIAN_POINT('',(5.30599999999999,3.02299999999995,23.2938397449241));
#7613=CARTESIAN_POINT('',(37.6795,3.02299999999995,23.2938397449241));
#7614=CARTESIAN_POINT('',(5.30599999999999,3.02299999999995,20.9999999999999));
#7615=CARTESIAN_POINT('',(5.30599999999999,3.02299999999995,27.0665927847908));
#7616=CARTESIAN_POINT('',(2.05299999999999,3.02299999999995,20.9999999999999));
#7617=CARTESIAN_POINT('',(0.0529999999999919,3.02299999999995,20.9999999999999));
#7618=CARTESIAN_POINT('',(2.05299999999999,3.02299999999995,27.49625));
#7619=CARTESIAN_POINT('Origin',(21.553,17.223,31.85));
#7620=CARTESIAN_POINT('',(42.553,17.373,32.));
#7621=CARTESIAN_POINT('',(42.853,17.073,31.7));
#7622=CARTESIAN_POINT('',(33.8321666666666,26.0938333333334,40.7208333333333));
#7623=CARTESIAN_POINT('',(68.053,17.073,31.7));
#7624=CARTESIAN_POINT('',(21.553,17.0729999999999,31.7));
#7625=CARTESIAN_POINT('',(68.053,17.373,32.));
#7626=CARTESIAN_POINT('',(68.053,21.4648750000001,36.0918750000001));
#7627=CARTESIAN_POINT('',(21.553,17.373,32.));
#7628=CARTESIAN_POINT('Origin',(43.053,17.0729999999999,32.));
#7629=CARTESIAN_POINT('',(42.853,17.0729999999999,20.9999999999999));
#7630=CARTESIAN_POINT('',(42.853,17.0729999999999,26.7613341833426));
#7631=CARTESIAN_POINT('',(46.3,17.0729999999999,20.9999999999999));
#7632=CARTESIAN_POINT('',(0.0529999999999919,17.0729999999999,20.9999999999999));
#7633=CARTESIAN_POINT('',(46.3,17.0729999999999,23.2938397449244));
#7634=CARTESIAN_POINT('',(46.3,17.0729999999999,27.0665927847908));
#7635=CARTESIAN_POINT('',(50.3,17.0729999999999,23.2938397449244));
#7636=CARTESIAN_POINT('',(46.6765,17.0729999999999,23.2938397449244));
#7637=CARTESIAN_POINT('',(50.3,17.0729999999999,20.9999999999999));
#7638=CARTESIAN_POINT('',(50.3,17.0729999999999,27.0665927847908));
#7639=CARTESIAN_POINT('',(60.8,17.0729999999999,20.9999999999999));
#7640=CARTESIAN_POINT('',(0.0529999999999919,17.0729999999999,20.9999999999999));
#7641=CARTESIAN_POINT('',(60.8,17.0729999999999,23.2938397449241));
#7642=CARTESIAN_POINT('',(60.8,17.0729999999999,27.0665927847908));
#7643=CARTESIAN_POINT('',(64.8,17.0729999999999,23.2938397449241));
#7644=CARTESIAN_POINT('',(53.9265,17.0729999999999,23.2938397449241));
#7645=CARTESIAN_POINT('',(64.8,17.0729999999999,20.9999999999999));
#7646=CARTESIAN_POINT('',(64.8,17.0729999999999,27.0665927847908));
#7647=CARTESIAN_POINT('',(68.053,17.073,20.9999999999999));
#7648=CARTESIAN_POINT('',(0.0529999999999919,17.0729999999999,20.9999999999999));
#7649=CARTESIAN_POINT('',(68.053,17.073,27.49625));
#7650=CARTESIAN_POINT('Origin',(35.053,2.87299999999995,31.85));
#7651=CARTESIAN_POINT('',(68.053,2.72299999999996,32.));
#7652=CARTESIAN_POINT('',(68.053,3.02299999999995,31.7));
#7653=CARTESIAN_POINT('',(68.053,15.1311249999998,19.591875));
#7654=CARTESIAN_POINT('',(42.853,3.02299999999995,31.7));
#7655=CARTESIAN_POINT('',(35.053,3.02299999999995,31.7));
#7656=CARTESIAN_POINT('',(42.553,2.72299999999996,32.));
#7657=CARTESIAN_POINT('',(49.1655,9.3354999999997,25.3875000000001));
#7658=CARTESIAN_POINT('',(35.053,2.72299999999996,32.));
#7659=CARTESIAN_POINT('Origin',(70.053,3.02299999999995,32.));
#7660=CARTESIAN_POINT('',(68.053,3.02299999999995,20.9999999999999));
#7661=CARTESIAN_POINT('',(68.053,3.02299999999995,27.49625));
#7662=CARTESIAN_POINT('',(64.8,3.02299999999995,20.9999999999999));
#7663=CARTESIAN_POINT('',(0.0529999999999919,3.02299999999995,20.9999999999999));
#7664=CARTESIAN_POINT('',(64.8,3.02299999999995,23.2938397449241));
#7665=CARTESIAN_POINT('',(64.8,3.02299999999995,27.0665927847908));
#7666=CARTESIAN_POINT('',(60.8,3.02299999999995,23.2938397449241));
#7667=CARTESIAN_POINT('',(67.4265,3.02299999999995,23.2938397449241));
#7668=CARTESIAN_POINT('',(60.8,3.02299999999995,20.9999999999999));
#7669=CARTESIAN_POINT('',(60.8,3.02299999999995,27.0665927847908));
#7670=CARTESIAN_POINT('',(50.3,3.02299999999995,20.9999999999999));
#7671=CARTESIAN_POINT('',(0.0529999999999919,3.02299999999995,20.9999999999999));
#7672=CARTESIAN_POINT('',(50.3,3.02299999999995,23.2938397449239));
#7673=CARTESIAN_POINT('',(50.3,3.02299999999995,27.0665927847908));
#7674=CARTESIAN_POINT('',(46.3,3.02299999999995,23.2938397449239));
#7675=CARTESIAN_POINT('',(60.1765,3.02299999999995,23.2938397449239));
#7676=CARTESIAN_POINT('',(46.3,3.02299999999995,20.9999999999999));
#7677=CARTESIAN_POINT('',(46.3,3.02299999999995,27.0665927847908));
#7678=CARTESIAN_POINT('',(42.853,3.02299999999995,20.9999999999999));
#7679=CARTESIAN_POINT('',(0.0529999999999919,3.02299999999995,20.9999999999999));
#7680=CARTESIAN_POINT('',(42.853,3.02299999999995,26.7613341833426));
#7681=CARTESIAN_POINT('Origin',(21.553,83.2229999999999,31.85));
#7682=CARTESIAN_POINT('',(2.05299999999999,83.373,32.));
#7683=CARTESIAN_POINT('',(2.05299999999999,83.073,31.7));
#7684=CARTESIAN_POINT('',(2.05299999999999,70.9648750000002,19.591875));
#7685=CARTESIAN_POINT('',(27.253,83.073,31.7));
#7686=CARTESIAN_POINT('',(21.553,83.073,31.7));
#7687=CARTESIAN_POINT('',(27.553,83.373,32.));
#7688=CARTESIAN_POINT('',(26.2738333333333,82.0938333333333,30.7208333333333));
#7689=CARTESIAN_POINT('',(21.553,83.373,32.));
#7690=CARTESIAN_POINT('Origin',(43.053,83.073,32.));
#7691=CARTESIAN_POINT('',(2.05299999999999,83.073,20.9999999999999));
#7692=CARTESIAN_POINT('',(2.05299999999999,83.073,27.49625));
#7693=CARTESIAN_POINT('',(5.30599999999999,83.073,20.9999999999999));
#7694=CARTESIAN_POINT('',(0.0529999999999919,83.073,20.9999999999999));
#7695=CARTESIAN_POINT('',(5.30599999999999,83.073,23.2938397449238));
#7696=CARTESIAN_POINT('',(5.30599999999999,83.0729999999999,27.0665927847908));
#7697=CARTESIAN_POINT('',(9.30599999999999,83.073,23.2938397449238));
#7698=CARTESIAN_POINT('',(24.1795,83.073,23.2938397449238));
#7699=CARTESIAN_POINT('',(9.30599999999999,83.0729999999999,20.9999999999999));
#7700=CARTESIAN_POINT('',(9.30599999999999,83.0729999999999,27.0665927847908));
#7701=CARTESIAN_POINT('',(19.806,83.073,20.9999999999999));
#7702=CARTESIAN_POINT('',(0.0529999999999919,83.073,20.9999999999999));
#7703=CARTESIAN_POINT('',(19.806,83.073,23.2938397449241));
#7704=CARTESIAN_POINT('',(19.806,83.073,27.0665927847908));
#7705=CARTESIAN_POINT('',(23.806,83.073,23.2938397449241));
#7706=CARTESIAN_POINT('',(31.4295,83.073,23.2938397449241));
#7707=CARTESIAN_POINT('',(23.806,83.073,20.9999999999999));
#7708=CARTESIAN_POINT('',(23.806,83.073,27.0665927847908));
#7709=CARTESIAN_POINT('',(27.253,83.073,20.9999999999999));
#7710=CARTESIAN_POINT('',(0.0529999999999919,83.073,20.9999999999999));
#7711=CARTESIAN_POINT('',(27.253,83.073,26.5));
#7712=CARTESIAN_POINT('Origin',(35.053,68.873,31.85));
#7713=CARTESIAN_POINT('',(27.553,68.723,32.));
#7714=CARTESIAN_POINT('',(27.253,69.023,31.7));
#7715=CARTESIAN_POINT('',(26.4405,69.8354999999999,30.8875));
#7716=CARTESIAN_POINT('',(2.05299999999999,69.023,31.7));
#7717=CARTESIAN_POINT('',(35.053,69.023,31.7));
#7718=CARTESIAN_POINT('',(2.05299999999999,68.723,32.));
#7719=CARTESIAN_POINT('',(2.05299999999999,64.6311250000001,36.091875));
#7720=CARTESIAN_POINT('',(35.053,68.723,32.));
#7721=CARTESIAN_POINT('Origin',(70.053,69.023,32.));
#7722=CARTESIAN_POINT('',(27.253,69.023,20.9999999999999));
#7723=CARTESIAN_POINT('',(27.253,69.023,26.5));
#7724=CARTESIAN_POINT('',(23.806,69.023,20.9999999999999));
#7725=CARTESIAN_POINT('',(0.0529999999999919,69.023,20.9999999999999));
#7726=CARTESIAN_POINT('',(23.806,69.023,23.2938397449242));
#7727=CARTESIAN_POINT('',(23.806,69.023,27.0665927847908));
#7728=CARTESIAN_POINT('',(19.806,69.023,23.2938397449242));
#7729=CARTESIAN_POINT('',(44.9295,69.023,23.2938397449242));
#7730=CARTESIAN_POINT('',(19.806,69.023,20.9999999999999));
#7731=CARTESIAN_POINT('',(19.806,69.023,27.0665927847908));
#7732=CARTESIAN_POINT('',(9.30599999999999,69.023,20.9999999999999));
#7733=CARTESIAN_POINT('',(0.0529999999999919,69.023,20.9999999999999));
#7734=CARTESIAN_POINT('',(9.30599999999999,69.023,23.2938397449244));
#7735=CARTESIAN_POINT('',(9.30599999999999,69.023,27.0665927847908));
#7736=CARTESIAN_POINT('',(5.30599999999999,69.023,23.2938397449244));
#7737=CARTESIAN_POINT('',(37.6795,69.023,23.2938397449245));
#7738=CARTESIAN_POINT('',(5.30599999999999,69.023,20.9999999999999));
#7739=CARTESIAN_POINT('',(5.30599999999999,69.023,27.0665927847908));
#7740=CARTESIAN_POINT('',(2.05299999999999,69.023,20.9999999999999));
#7741=CARTESIAN_POINT('',(0.0529999999999919,69.023,20.9999999999999));
#7742=CARTESIAN_POINT('',(2.05299999999999,69.023,27.49625));
#7743=CARTESIAN_POINT('Origin',(21.553,83.2229999999999,31.85));
#7744=CARTESIAN_POINT('',(42.553,83.373,32.));
#7745=CARTESIAN_POINT('',(42.853,83.073,31.7));
#7746=CARTESIAN_POINT('',(44.8321666666666,81.0938333333335,29.7208333333335));
#7747=CARTESIAN_POINT('',(68.053,83.073,31.7));
#7748=CARTESIAN_POINT('',(21.553,83.073,31.7));
#7749=CARTESIAN_POINT('',(68.053,83.373,32.));
#7750=CARTESIAN_POINT('',(68.053,70.9648750000002,19.591875));
#7751=CARTESIAN_POINT('',(21.553,83.373,32.));
#7752=CARTESIAN_POINT('Origin',(43.053,83.073,32.));
#7753=CARTESIAN_POINT('',(42.853,83.073,20.9999999999999));
#7754=CARTESIAN_POINT('',(42.853,83.073,26.7613341833426));
#7755=CARTESIAN_POINT('',(46.3,83.073,20.9999999999999));
#7756=CARTESIAN_POINT('',(0.0529999999999919,83.073,20.9999999999999));
#7757=CARTESIAN_POINT('',(46.3,83.073,23.2938397449241));
#7758=CARTESIAN_POINT('',(46.3,83.073,27.0665927847908));
#7759=CARTESIAN_POINT('',(50.3,83.073,23.2938397449241));
#7760=CARTESIAN_POINT('',(46.6765,83.073,23.2938397449241));
#7761=CARTESIAN_POINT('',(50.3,83.073,20.9999999999999));
#7762=CARTESIAN_POINT('',(50.3,83.073,27.0665927847908));
#7763=CARTESIAN_POINT('',(60.8,83.073,20.9999999999999));
#7764=CARTESIAN_POINT('',(0.0529999999999919,83.073,20.9999999999999));
#7765=CARTESIAN_POINT('',(60.8,83.073,23.2938397449238));
#7766=CARTESIAN_POINT('',(60.8,83.0729999999999,27.0665927847908));
#7767=CARTESIAN_POINT('',(64.8,83.073,23.2938397449238));
#7768=CARTESIAN_POINT('',(53.9265,83.073,23.2938397449238));
#7769=CARTESIAN_POINT('',(64.8,83.0729999999999,20.9999999999999));
#7770=CARTESIAN_POINT('',(64.8,83.0729999999999,27.0665927847908));
#7771=CARTESIAN_POINT('',(68.053,83.073,20.9999999999999));
#7772=CARTESIAN_POINT('',(0.0529999999999919,83.073,20.9999999999999));
#7773=CARTESIAN_POINT('',(68.053,83.073,27.49625));
#7774=CARTESIAN_POINT('Origin',(35.053,68.873,31.85));
#7775=CARTESIAN_POINT('',(68.053,68.723,32.));
#7776=CARTESIAN_POINT('',(68.053,69.023,31.7));
#7777=CARTESIAN_POINT('',(68.053,64.6311250000001,36.091875));
#7778=CARTESIAN_POINT('',(42.853,69.023,31.7));
#7779=CARTESIAN_POINT('',(35.053,69.023,31.7));
#7780=CARTESIAN_POINT('',(42.553,68.723,32.));
#7781=CARTESIAN_POINT('',(38.1655,64.3355000000001,36.3875));
#7782=CARTESIAN_POINT('',(35.053,68.723,32.));
#7783=CARTESIAN_POINT('Origin',(70.053,69.023,32.));
#7784=CARTESIAN_POINT('',(68.053,69.023,20.9999999999999));
#7785=CARTESIAN_POINT('',(68.053,69.023,27.49625));
#7786=CARTESIAN_POINT('',(64.8,69.023,20.9999999999999));
#7787=CARTESIAN_POINT('',(0.0529999999999919,69.023,20.9999999999999));
#7788=CARTESIAN_POINT('',(64.8,69.023,23.2938397449245));
#7789=CARTESIAN_POINT('',(64.8,69.023,27.0665927847908));
#7790=CARTESIAN_POINT('',(60.8,69.023,23.2938397449245));
#7791=CARTESIAN_POINT('',(67.4265,69.023,23.2938397449245));
#7792=CARTESIAN_POINT('',(60.8,69.023,20.9999999999999));
#7793=CARTESIAN_POINT('',(60.8,69.023,27.0665927847908));
#7794=CARTESIAN_POINT('',(50.3,69.023,20.9999999999999));
#7795=CARTESIAN_POINT('',(0.0529999999999919,69.023,20.9999999999999));
#7796=CARTESIAN_POINT('',(50.3,69.023,23.2938397449242));
#7797=CARTESIAN_POINT('',(50.3,69.023,27.0665927847908));
#7798=CARTESIAN_POINT('',(46.3,69.023,23.2938397449242));
#7799=CARTESIAN_POINT('',(60.1765,69.023,23.2938397449242));
#7800=CARTESIAN_POINT('',(46.3,69.023,20.9999999999999));
#7801=CARTESIAN_POINT('',(46.3,69.023,27.0665927847908));
#7802=CARTESIAN_POINT('',(42.853,69.023,20.9999999999999));
#7803=CARTESIAN_POINT('',(0.0529999999999919,69.023,20.9999999999999));
#7804=CARTESIAN_POINT('',(42.853,69.023,26.7613341833426));
#7805=CARTESIAN_POINT('Origin',(5.30599999999999,16.958,22.1331855695816));
#7806=CARTESIAN_POINT('',(5.30599999999999,17.0725774036311,20.9229461201811));
#7807=CARTESIAN_POINT('Origin',(5.30599999999999,10.048,20.9999999999999));
#7808=CARTESIAN_POINT('',(5.30599999999999,16.853,22.6895304181822));
#7809=CARTESIAN_POINT('',(5.30599999999999,17.063,21.));
#7810=CARTESIAN_POINT('',(5.30599999999999,16.853,22.6895304181822));
#7811=CARTESIAN_POINT('Origin',(5.30599999999999,16.958,22.1331855695816));
#7812=CARTESIAN_POINT('',(5.30599999999999,3.02342259636884,20.9229461201811));
#7813=CARTESIAN_POINT('Origin',(5.30599999999999,10.048,20.9999999999999));
#7814=CARTESIAN_POINT('',(5.30599999999999,3.24299999999995,22.6895304181822));
#7815=CARTESIAN_POINT('',(5.30599999999999,3.24299999999995,22.6895304181822));
#7816=CARTESIAN_POINT('',(5.30599999999999,3.03299999999995,21.));
#7817=CARTESIAN_POINT('Origin',(23.806,16.9579999999999,22.1331855695816));
#7818=CARTESIAN_POINT('',(23.806,3.02342259636883,20.9229461201818));
#7819=CARTESIAN_POINT('Origin',(23.806,10.048,20.9999999999999));
#7820=CARTESIAN_POINT('',(23.806,3.24299999999985,22.6895304181822));
#7821=CARTESIAN_POINT('',(23.806,3.03299999999985,21.));
#7822=CARTESIAN_POINT('',(23.806,3.24299999999985,22.6895304181822));
#7823=CARTESIAN_POINT('Origin',(0.0529999999999919,10.048,20.9999999999999));
#7824=CARTESIAN_POINT('',(23.806,17.0725774036311,20.9229461201803));
#7825=CARTESIAN_POINT('Origin',(23.806,10.048,20.9999999999999));
#7826=CARTESIAN_POINT('',(19.806,17.0725774036311,20.9229461201803));
#7827=CARTESIAN_POINT('',(0.0529999999999919,17.0725774036311,20.9229461201803));
#7828=CARTESIAN_POINT('Origin',(19.806,10.048,20.9999999999999));
#7829=CARTESIAN_POINT('',(9.30599999999999,17.0725774036311,20.9229461201811));
#7830=CARTESIAN_POINT('Origin',(9.30599999999999,10.048,20.9999999999999));
#7831=CARTESIAN_POINT('',(0.0529999999999919,17.0725774036311,20.9229461201811));
#7832=CARTESIAN_POINT('Origin',(2.05299999999999,10.048,20.9999999999999));
#7833=CARTESIAN_POINT('',(9.30599999999999,3.02342259636884,20.9229461201811));
#7834=CARTESIAN_POINT('',(0.0529999999999919,3.02342259636884,20.9229461201811));
#7835=CARTESIAN_POINT('Origin',(9.30599999999999,10.048,20.9999999999999));
#7836=CARTESIAN_POINT('',(19.806,3.02342259636883,20.9229461201818));
#7837=CARTESIAN_POINT('Origin',(19.806,10.048,20.9999999999999));
#7838=CARTESIAN_POINT('',(0.0529999999999919,3.02342259636883,20.9229461201818));
#7839=CARTESIAN_POINT('Origin',(27.253,10.048,20.9999999999999));
#7840=CARTESIAN_POINT('Origin',(9.30599999999999,16.958,22.1331855695816));
#7841=CARTESIAN_POINT('',(9.30599999999999,3.24299999999995,22.6895304181822));
#7842=CARTESIAN_POINT('',(9.30599999999999,3.03299999999995,21.));
#7843=CARTESIAN_POINT('',(9.30599999999999,3.24299999999995,22.6895304181822));
#7844=CARTESIAN_POINT('Origin',(19.806,3.13799999999985,22.1331855695816));
#7845=CARTESIAN_POINT('',(19.806,3.24299999999985,22.6895304181822));
#7846=CARTESIAN_POINT('',(19.806,3.24299999999985,22.6895304181822));
#7847=CARTESIAN_POINT('',(19.806,3.03299999999985,21.));
#7848=CARTESIAN_POINT('Origin',(19.806,3.13799999999985,22.1331855695816));
#7849=CARTESIAN_POINT('',(19.806,16.8529999999999,22.6895304181822));
#7850=CARTESIAN_POINT('',(19.806,17.0629999999999,21.));
#7851=CARTESIAN_POINT('',(19.806,16.8529999999999,22.6895304181822));
#7852=CARTESIAN_POINT('Origin',(46.3,16.9579999999999,22.1331855695816));
#7853=CARTESIAN_POINT('',(46.3,17.0725774036311,20.9229461201803));
#7854=CARTESIAN_POINT('Origin',(46.3,10.048,20.9999999999999));
#7855=CARTESIAN_POINT('',(46.3,16.8529999999999,22.6895304181822));
#7856=CARTESIAN_POINT('',(46.3,17.0629999999999,21.));
#7857=CARTESIAN_POINT('',(46.3,16.8529999999999,22.6895304181822));
#7858=CARTESIAN_POINT('Origin',(46.3,16.9579999999999,22.1331855695816));
#7859=CARTESIAN_POINT('',(46.3,3.02342259636883,20.9229461201818));
#7860=CARTESIAN_POINT('Origin',(46.3,10.048,20.9999999999999));
#7861=CARTESIAN_POINT('',(46.3,3.24299999999985,22.6895304181822));
#7862=CARTESIAN_POINT('',(46.3,3.24299999999985,22.6895304181822));
#7863=CARTESIAN_POINT('',(46.3,3.03299999999985,21.));
#7864=CARTESIAN_POINT('Origin',(64.8,16.958,22.1331855695816));
#7865=CARTESIAN_POINT('',(64.8,3.02342259636884,20.9229461201811));
#7866=CARTESIAN_POINT('Origin',(64.8,10.048,20.9999999999999));
#7867=CARTESIAN_POINT('',(64.8,3.24299999999995,22.6895304181822));
#7868=CARTESIAN_POINT('',(64.8,3.03299999999995,21.));
#7869=CARTESIAN_POINT('',(64.8,3.24299999999995,22.6895304181822));
#7870=CARTESIAN_POINT('Origin',(0.0529999999999919,10.048,20.9999999999999));
#7871=CARTESIAN_POINT('',(64.8,17.0725774036311,20.9229461201811));
#7872=CARTESIAN_POINT('Origin',(64.8,10.048,20.9999999999999));
#7873=CARTESIAN_POINT('',(60.8,17.0725774036311,20.9229461201811));
#7874=CARTESIAN_POINT('',(0.0529999999999919,17.0725774036311,20.9229461201811));
#7875=CARTESIAN_POINT('Origin',(60.8,10.048,20.9999999999999));
#7876=CARTESIAN_POINT('',(50.3,17.0725774036311,20.9229461201803));
#7877=CARTESIAN_POINT('Origin',(50.3,10.048,20.9999999999999));
#7878=CARTESIAN_POINT('',(0.0529999999999919,17.0725774036311,20.9229461201803));
#7879=CARTESIAN_POINT('Origin',(42.853,10.048,20.9999999999999));
#7880=CARTESIAN_POINT('',(50.3,3.02342259636883,20.9229461201818));
#7881=CARTESIAN_POINT('',(0.0529999999999919,3.02342259636883,20.9229461201818));
#7882=CARTESIAN_POINT('Origin',(50.3,10.048,20.9999999999999));
#7883=CARTESIAN_POINT('',(60.8,3.02342259636884,20.9229461201811));
#7884=CARTESIAN_POINT('Origin',(60.8,10.048,20.9999999999999));
#7885=CARTESIAN_POINT('',(0.0529999999999919,3.02342259636884,20.9229461201811));
#7886=CARTESIAN_POINT('Origin',(68.053,10.048,20.9999999999999));
#7887=CARTESIAN_POINT('Origin',(50.3,16.9579999999999,22.1331855695816));
#7888=CARTESIAN_POINT('',(50.3,3.24299999999985,22.6895304181822));
#7889=CARTESIAN_POINT('',(50.3,3.03299999999985,21.));
#7890=CARTESIAN_POINT('',(50.3,3.24299999999985,22.6895304181822));
#7891=CARTESIAN_POINT('Origin',(60.8,3.13799999999995,22.1331855695816));
#7892=CARTESIAN_POINT('',(60.8,3.24299999999995,22.6895304181822));
#7893=CARTESIAN_POINT('',(60.8,3.24299999999995,22.6895304181822));
#7894=CARTESIAN_POINT('',(60.8,3.03299999999995,21.));
#7895=CARTESIAN_POINT('Origin',(60.8,3.13799999999995,22.1331855695816));
#7896=CARTESIAN_POINT('',(60.8,16.853,22.6895304181822));
#7897=CARTESIAN_POINT('',(60.8,17.063,21.));
#7898=CARTESIAN_POINT('',(60.8,16.853,22.6895304181822));
#7899=CARTESIAN_POINT('Origin',(5.30599999999999,82.9580000000001,22.1331855695816));
#7900=CARTESIAN_POINT('',(5.30599999999999,83.0725774036311,20.922946120182));
#7901=CARTESIAN_POINT('Origin',(5.30599999999999,76.048,20.9999999999999));
#7902=CARTESIAN_POINT('',(5.30599999999999,82.8530000000001,22.6895304181822));
#7903=CARTESIAN_POINT('',(5.30599999999999,83.0630000000001,21.));
#7904=CARTESIAN_POINT('',(5.30599999999999,82.8530000000001,22.6895304181822));
#7905=CARTESIAN_POINT('Origin',(5.30599999999999,82.9580000000001,22.1331855695816));
#7906=CARTESIAN_POINT('',(5.30599999999999,69.0234225963689,20.9229461201802));
#7907=CARTESIAN_POINT('Origin',(5.30599999999999,76.048,20.9999999999999));
#7908=CARTESIAN_POINT('',(5.30599999999999,69.2430000000001,22.6895304181822));
#7909=CARTESIAN_POINT('',(5.30599999999999,69.2430000000001,22.6895304181822));
#7910=CARTESIAN_POINT('',(5.30599999999999,69.0330000000001,21.));
#7911=CARTESIAN_POINT('Origin',(23.806,82.958,22.1331855695816));
#7912=CARTESIAN_POINT('',(23.806,69.0234225963689,20.9229461201809));
#7913=CARTESIAN_POINT('Origin',(23.806,76.048,20.9999999999999));
#7914=CARTESIAN_POINT('',(23.806,69.243,22.6895304181822));
#7915=CARTESIAN_POINT('',(23.806,69.033,21.));
#7916=CARTESIAN_POINT('',(23.806,69.243,22.6895304181822));
#7917=CARTESIAN_POINT('Origin',(0.0529999999999919,76.048,20.9999999999999));
#7918=CARTESIAN_POINT('',(23.806,83.0725774036311,20.9229461201812));
#7919=CARTESIAN_POINT('Origin',(23.806,76.048,20.9999999999999));
#7920=CARTESIAN_POINT('',(19.806,83.0725774036311,20.9229461201812));
#7921=CARTESIAN_POINT('',(0.0529999999999919,83.0725774036311,20.9229461201812));
#7922=CARTESIAN_POINT('Origin',(19.806,76.048,20.9999999999999));
#7923=CARTESIAN_POINT('',(9.30599999999999,83.0725774036311,20.922946120182));
#7924=CARTESIAN_POINT('Origin',(9.30599999999999,76.048,20.9999999999999));
#7925=CARTESIAN_POINT('',(0.0529999999999919,83.0725774036311,20.922946120182));
#7926=CARTESIAN_POINT('Origin',(2.05299999999999,76.048,20.9999999999999));
#7927=CARTESIAN_POINT('',(9.30599999999999,69.0234225963689,20.9229461201802));
#7928=CARTESIAN_POINT('',(0.0529999999999919,69.0234225963689,20.9229461201802));
#7929=CARTESIAN_POINT('Origin',(9.30599999999999,76.048,20.9999999999999));
#7930=CARTESIAN_POINT('',(19.806,69.0234225963688,20.9229461201809));
#7931=CARTESIAN_POINT('Origin',(19.806,76.048,20.9999999999999));
#7932=CARTESIAN_POINT('',(0.0529999999999919,69.0234225963688,20.9229461201809));
#7933=CARTESIAN_POINT('Origin',(27.253,76.048,20.9999999999999));
#7934=CARTESIAN_POINT('Origin',(9.30599999999999,82.9580000000001,22.1331855695816));
#7935=CARTESIAN_POINT('',(9.30599999999999,69.2430000000001,22.6895304181822));
#7936=CARTESIAN_POINT('',(9.30599999999999,69.0330000000001,21.));
#7937=CARTESIAN_POINT('',(9.30599999999999,69.2430000000001,22.6895304181822));
#7938=CARTESIAN_POINT('Origin',(19.806,69.138,22.1331855695816));
#7939=CARTESIAN_POINT('',(19.806,69.243,22.6895304181822));
#7940=CARTESIAN_POINT('',(19.806,69.243,22.6895304181822));
#7941=CARTESIAN_POINT('',(19.806,69.033,21.));
#7942=CARTESIAN_POINT('Origin',(19.806,69.138,22.1331855695816));
#7943=CARTESIAN_POINT('',(19.806,82.853,22.6895304181822));
#7944=CARTESIAN_POINT('',(19.806,83.063,21.));
#7945=CARTESIAN_POINT('',(19.806,82.853,22.6895304181822));
#7946=CARTESIAN_POINT('Origin',(46.3,82.958,22.1331855695816));
#7947=CARTESIAN_POINT('',(46.3,83.0725774036311,20.9229461201812));
#7948=CARTESIAN_POINT('Origin',(46.3,76.048,20.9999999999999));
#7949=CARTESIAN_POINT('',(46.3,82.853,22.6895304181822));
#7950=CARTESIAN_POINT('',(46.3,83.063,21.));
#7951=CARTESIAN_POINT('',(46.3,82.853,22.6895304181822));
#7952=CARTESIAN_POINT('Origin',(46.3,82.958,22.1331855695816));
#7953=CARTESIAN_POINT('',(46.3,69.0234225963688,20.9229461201809));
#7954=CARTESIAN_POINT('Origin',(46.3,76.048,20.9999999999999));
#7955=CARTESIAN_POINT('',(46.3,69.243,22.6895304181822));
#7956=CARTESIAN_POINT('',(46.3,69.243,22.6895304181822));
#7957=CARTESIAN_POINT('',(46.3,69.033,21.));
#7958=CARTESIAN_POINT('Origin',(64.8,82.9580000000001,22.1331855695816));
#7959=CARTESIAN_POINT('',(64.8,69.0234225963689,20.9229461201802));
#7960=CARTESIAN_POINT('Origin',(64.8,76.048,20.9999999999999));
#7961=CARTESIAN_POINT('',(64.8,69.2430000000001,22.6895304181822));
#7962=CARTESIAN_POINT('',(64.8,69.0330000000001,21.));
#7963=CARTESIAN_POINT('',(64.8,69.2430000000001,22.6895304181822));
#7964=CARTESIAN_POINT('Origin',(0.0529999999999919,76.048,20.9999999999999));
#7965=CARTESIAN_POINT('',(64.8,83.0725774036311,20.922946120182));
#7966=CARTESIAN_POINT('Origin',(64.8,76.048,20.9999999999999));
#7967=CARTESIAN_POINT('',(60.8,83.0725774036311,20.922946120182));
#7968=CARTESIAN_POINT('',(0.0529999999999919,83.0725774036311,20.922946120182));
#7969=CARTESIAN_POINT('Origin',(60.8,76.048,20.9999999999999));
#7970=CARTESIAN_POINT('',(50.3,83.0725774036311,20.9229461201812));
#7971=CARTESIAN_POINT('Origin',(50.3,76.048,20.9999999999999));
#7972=CARTESIAN_POINT('',(0.0529999999999919,83.0725774036311,20.9229461201812));
#7973=CARTESIAN_POINT('Origin',(42.853,76.048,20.9999999999999));
#7974=CARTESIAN_POINT('',(50.3,69.0234225963689,20.9229461201809));
#7975=CARTESIAN_POINT('',(0.0529999999999919,69.0234225963688,20.9229461201809));
#7976=CARTESIAN_POINT('Origin',(50.3,76.048,20.9999999999999));
#7977=CARTESIAN_POINT('',(60.8,69.0234225963689,20.9229461201802));
#7978=CARTESIAN_POINT('Origin',(60.8,76.048,20.9999999999999));
#7979=CARTESIAN_POINT('',(0.0529999999999919,69.0234225963689,20.9229461201802));
#7980=CARTESIAN_POINT('Origin',(68.053,76.048,20.9999999999999));
#7981=CARTESIAN_POINT('Origin',(50.3,82.958,22.1331855695816));
#7982=CARTESIAN_POINT('',(50.3,69.243,22.6895304181822));
#7983=CARTESIAN_POINT('',(50.3,69.033,21.));
#7984=CARTESIAN_POINT('',(50.3,69.243,22.6895304181822));
#7985=CARTESIAN_POINT('Origin',(60.8,69.1380000000001,22.1331855695816));
#7986=CARTESIAN_POINT('',(60.8,69.2430000000001,22.6895304181822));
#7987=CARTESIAN_POINT('',(60.8,69.2430000000001,22.6895304181822));
#7988=CARTESIAN_POINT('',(60.8,69.0330000000001,21.));
#7989=CARTESIAN_POINT('Origin',(60.8,69.1380000000001,22.1331855695816));
#7990=CARTESIAN_POINT('',(60.8,82.8530000000001,22.6895304181822));
#7991=CARTESIAN_POINT('',(60.8,83.0630000000001,21.));
#7992=CARTESIAN_POINT('',(60.8,82.8530000000001,22.6895304181822));
#7993=CARTESIAN_POINT('Origin',(27.403,82.298,31.85));
#7994=CARTESIAN_POINT('',(27.253,82.298,31.7));
#7995=CARTESIAN_POINT('',(27.553,82.298,32.));
#7996=CARTESIAN_POINT('Origin',(2.05299999999999,43.048,22.9925));
#7997=CARTESIAN_POINT('',(2.05299999999999,23.0405,32.));
#7998=CARTESIAN_POINT('',(2.05299999999999,14.1209484044141,26.3198769999861));
#7999=CARTESIAN_POINT('',(2.05299999999999,10.0480000000001,29.4381650177471));
#8000=CARTESIAN_POINT('',(2.05299999999999,22.0972830330574,20.2131193815505));
#8001=CARTESIAN_POINT('',(2.05299999999999,11.5487350664684,14.4702378098224));
#8002=CARTESIAN_POINT('Origin',(2.05299999999999,10.048,20.9999999999999));
#8003=CARTESIAN_POINT('',(2.05299999999999,10.048,14.1253239103368));
#8004=CARTESIAN_POINT('',(2.05299999999999,27.4383831056171,18.122155186241));
#8005=CARTESIAN_POINT('',(2.05299999999999,8.5472589893393,14.470239175976));
#8006=CARTESIAN_POINT('',(2.05299999999999,24.7187211584522,10.7535524657371));
#8007=CARTESIAN_POINT('',(2.05299999999999,5.97505159558596,26.3198769999861));
#8008=CARTESIAN_POINT('Origin',(2.05299999999999,10.048,20.9999999999999));
#8009=CARTESIAN_POINT('',(2.05299999999999,16.8584184359499,34.652286115315));
#8010=CARTESIAN_POINT('Origin',(42.703,49.298,31.85));
#8011=CARTESIAN_POINT('',(42.553,49.298,32.));
#8012=CARTESIAN_POINT('',(42.853,49.298,31.7));
#8013=CARTESIAN_POINT('Origin',(42.703,49.298,31.85));
#8014=CARTESIAN_POINT('',(42.553,49.298,32.));
#8015=CARTESIAN_POINT('',(42.853,49.298,31.7));
#8016=CARTESIAN_POINT('Origin',(27.403,82.298,31.85));
#8017=CARTESIAN_POINT('',(27.253,82.298,31.7));
#8018=CARTESIAN_POINT('',(27.553,82.298,32.));
#8019=CARTESIAN_POINT('Origin',(68.053,43.048,22.9925));
#8020=CARTESIAN_POINT('',(68.053,30.0555,32.));
#8021=CARTESIAN_POINT('',(68.053,5.97505159558599,26.3198769999861));
#8022=CARTESIAN_POINT('',(68.053,10.048,29.4381650177471));
#8023=CARTESIAN_POINT('',(68.053,18.8037072261178,36.1416177058875));
#8024=CARTESIAN_POINT('',(68.053,8.5472587107059,14.4702392400174));
#8025=CARTESIAN_POINT('Origin',(68.053,10.048,20.9999999999999));
#8026=CARTESIAN_POINT('',(68.053,10.048,14.1253239103368));
#8027=CARTESIAN_POINT('',(68.053,24.0019491993861,10.9182881455832));
#8028=CARTESIAN_POINT('',(68.053,11.5487350664684,14.4702378098224));
#8029=CARTESIAN_POINT('',(68.053,26.7216141186471,17.9574201894718));
#8030=CARTESIAN_POINT('',(68.053,14.1209484044141,26.319876999986));
#8031=CARTESIAN_POINT('Origin',(68.053,10.048,20.9999999999999));
#8032=CARTESIAN_POINT('',(68.053,24.0425718232253,18.7237877909781));
#8033=CARTESIAN_POINT('Origin',(68.053,43.048,22.9925));
#8034=CARTESIAN_POINT('',(68.053,63.0555,32.));
#8035=CARTESIAN_POINT('',(68.053,71.9750515955859,26.3198769999861));
#8036=CARTESIAN_POINT('',(68.053,76.0479999999999,29.4381650177471));
#8037=CARTESIAN_POINT('',(68.053,63.9987169669426,20.2131193815505));
#8038=CARTESIAN_POINT('',(68.053,74.5472649335316,14.4702378098224));
#8039=CARTESIAN_POINT('Origin',(68.053,76.0479999999999,20.9999999999999));
#8040=CARTESIAN_POINT('',(68.053,76.0479999999999,14.1253239103368));
#8041=CARTESIAN_POINT('',(68.053,58.6576168943829,18.122155186241));
#8042=CARTESIAN_POINT('',(68.053,77.5487410106608,14.470239175976));
#8043=CARTESIAN_POINT('',(68.053,61.3772788415477,10.7535524657372));
#8044=CARTESIAN_POINT('',(68.053,80.120948404414,26.3198769999861));
#8045=CARTESIAN_POINT('Origin',(68.053,76.0479999999999,20.9999999999999));
#8046=CARTESIAN_POINT('',(68.053,69.23758156405,34.6522861153151));
#8047=CARTESIAN_POINT('Origin',(0.0529999999999919,88.548,32.));
#8048=CARTESIAN_POINT('',(69.753,84.048,32.));
#8049=CARTESIAN_POINT('',(69.753,2.048,32.));
#8050=CARTESIAN_POINT('',(69.753,65.798,32.));
#8051=CARTESIAN_POINT('',(68.053,85.748,32.));
#8052=CARTESIAN_POINT('Origin',(68.053,84.048,32.));
#8053=CARTESIAN_POINT('',(2.05299999999999,85.748,32.));
#8054=CARTESIAN_POINT('',(0.0529999999999919,85.748,32.));
#8055=CARTESIAN_POINT('',(0.352999999999994,84.048,32.));
#8056=CARTESIAN_POINT('Origin',(2.05299999999999,84.048,32.));
#8057=CARTESIAN_POINT('',(0.352999999999994,2.048,32.));
#8058=CARTESIAN_POINT('',(0.352999999999994,65.798,32.));
#8059=CARTESIAN_POINT('',(2.05299999999999,0.348,32.));
#8060=CARTESIAN_POINT('Origin',(2.05299999999999,2.048,32.));
#8061=CARTESIAN_POINT('',(68.053,0.348000000000009,32.));
#8062=CARTESIAN_POINT('',(0.0529999999999919,0.348,32.));
#8063=CARTESIAN_POINT('Origin',(68.053,2.048,32.));
#8064=CARTESIAN_POINT('',(2.05299999999999,56.0405,32.));
#8065=CARTESIAN_POINT('',(35.553,24.748,32.));
#8066=CARTESIAN_POINT('',(56.553,24.748,32.));
#8067=CARTESIAN_POINT('',(28.303,24.748,32.));
#8068=CARTESIAN_POINT('',(33.253,27.048,32.));
#8069=CARTESIAN_POINT('Origin',(35.553,27.048,32.));
#8070=CARTESIAN_POINT('',(33.253,59.048,32.));
#8071=CARTESIAN_POINT('',(33.253,57.798,32.));
#8072=CARTESIAN_POINT('',(35.553,61.348,32.));
#8073=CARTESIAN_POINT('Origin',(35.553,59.048,32.));
#8074=CARTESIAN_POINT('',(56.553,61.348,32.));
#8075=CARTESIAN_POINT('',(17.803,61.348,32.));
#8076=CARTESIAN_POINT('',(58.853,59.048,32.));
#8077=CARTESIAN_POINT('Origin',(56.553,59.048,32.));
#8078=CARTESIAN_POINT('',(58.853,27.048,32.));
#8079=CARTESIAN_POINT('',(58.853,73.798,32.));
#8080=CARTESIAN_POINT('Origin',(56.553,27.048,32.));
#8081=CARTESIAN_POINT('Origin',(27.403,75.2976324667658,14.4516915188034));
#8082=CARTESIAN_POINT('',(27.253,76.0479999999999,14.1253239103368));
#8083=CARTESIAN_POINT('',(27.253,74.5472649335316,14.4702378098224));
#8084=CARTESIAN_POINT('',(27.253,75.2640339205016,14.3055028130532));
#8085=CARTESIAN_POINT('',(27.553,74.6144620260601,14.7626152213229));
#8086=CARTESIAN_POINT('',(27.253,74.5472649335316,14.4702378098224));
#8087=CARTESIAN_POINT('',(27.553,76.0479999999999,14.4331452277844));
#8088=CARTESIAN_POINT('',(27.553,75.33123101303,14.5978802245536));
#8089=CARTESIAN_POINT('',(27.553,76.0479999999999,14.4331452277844));
#8090=CARTESIAN_POINT('Origin',(27.403,76.0479999999999,20.9999999999999));
#8091=CARTESIAN_POINT('',(27.253,71.9750515955859,26.3198769999861));
#8092=CARTESIAN_POINT('Origin',(27.253,76.0479999999999,20.9999999999999));
#8093=CARTESIAN_POINT('',(27.553,72.1574224196641,26.0816735522255));
#8094=CARTESIAN_POINT('',(27.253,71.9750515955859,26.3198769999861));
#8095=CARTESIAN_POINT('Origin',(27.553,76.0479999999999,20.9999999999999));
#8096=CARTESIAN_POINT('Origin',(27.403,72.066237007625,26.2007752761058));
#8097=CARTESIAN_POINT('',(27.553,76.0479999999999,29.0603367333703));
#8098=CARTESIAN_POINT('',(27.553,72.1574224196641,26.0816735522255));
#8099=CARTESIAN_POINT('',(27.253,76.0479999999999,29.4381650177471));
#8100=CARTESIAN_POINT('',(27.253,71.9750515955859,26.3198769999861));
#8101=CARTESIAN_POINT('',(27.253,76.0479999999999,29.4381650177471));
#8102=CARTESIAN_POINT('Origin',(27.403,78.084474202207,27.6901068666782));
#8103=CARTESIAN_POINT('',(27.253,80.120948404414,26.3198769999861));
#8104=CARTESIAN_POINT('',(27.253,78.1756596142461,27.8092085905585));
#8105=CARTESIAN_POINT('',(27.553,79.9385775803357,26.0816735522255));
#8106=CARTESIAN_POINT('',(27.253,80.120948404414,26.3198769999861));
#8107=CARTESIAN_POINT('',(27.553,77.9932887901679,27.5710051427979));
#8108=CARTESIAN_POINT('Origin',(27.403,76.0479999999999,20.9999999999999));
#8109=CARTESIAN_POINT('',(27.253,77.5487412892941,14.4702392400174));
#8110=CARTESIAN_POINT('Origin',(27.253,76.0479999999999,20.9999999999999));
#8111=CARTESIAN_POINT('',(27.553,77.4815439181323,14.7626165874765));
#8112=CARTESIAN_POINT('',(27.253,77.5487412892941,14.4702392400174));
#8113=CARTESIAN_POINT('Origin',(27.553,76.0479999999999,20.9999999999999));
#8114=CARTESIAN_POINT('Origin',(27.403,77.5151394923003,14.6164271986494));
#8115=CARTESIAN_POINT('',(27.553,77.4815409460361,14.7626159043997));
#8116=CARTESIAN_POINT('',(27.253,77.5487380385645,14.4702384928992));
#8117=CARTESIAN_POINT('Origin',(27.053,76.0479999999999,20.9999999999999));
#8118=CARTESIAN_POINT('',(42.553,77.4815439181323,14.7626165874765));
#8119=CARTESIAN_POINT('',(27.053,77.4815439181323,14.7626165874765));
#8120=CARTESIAN_POINT('',(42.553,79.9385775803357,26.0816735522255));
#8121=CARTESIAN_POINT('Origin',(42.553,76.0479999999999,20.9999999999999));
#8122=CARTESIAN_POINT('',(27.053,79.9385775803357,26.0816735522255));
#8123=CARTESIAN_POINT('Origin',(27.053,77.4815439181323,14.7626165874765));
#8124=CARTESIAN_POINT('',(42.553,76.0479999999999,14.4331452277844));
#8125=CARTESIAN_POINT('',(27.053,76.0479999999999,14.4331452277844));
#8126=CARTESIAN_POINT('',(42.553,46.1942546655576,7.57185975000612));
#8127=CARTESIAN_POINT('Origin',(27.053,76.0479999999999,14.4331452277844));
#8128=CARTESIAN_POINT('',(42.553,74.6144620260601,14.7626152213229));
#8129=CARTESIAN_POINT('',(27.053,74.6144620260601,14.7626152213229));
#8130=CARTESIAN_POINT('',(42.553,43.9298467393098,21.8148595176292));
#8131=CARTESIAN_POINT('Origin',(27.253,76.048,20.9999999999999));
#8132=CARTESIAN_POINT('Origin',(27.403,40.6419677438653,7.24782379506901));
#8133=CARTESIAN_POINT('',(27.253,10.0480000000001,14.1253239103368));
#8134=CARTESIAN_POINT('',(27.253,8.5472589893393,14.470239175976));
#8135=CARTESIAN_POINT('',(27.253,40.608369197601,7.10163508931871));
#8136=CARTESIAN_POINT('',(27.553,8.6144560818677,14.7626165874765));
#8137=CARTESIAN_POINT('',(27.253,8.5472589893393,14.470239175976));
#8138=CARTESIAN_POINT('',(27.553,10.0480000000001,14.4331452277844));
#8139=CARTESIAN_POINT('',(27.553,40.6755662901295,7.39401250081921));
#8140=CARTESIAN_POINT('',(27.553,10.0480000000001,14.4331452277844));
#8141=CARTESIAN_POINT('Origin',(27.403,10.048,20.9999999999999));
#8142=CARTESIAN_POINT('',(27.253,5.97505159558596,26.3198769999861));
#8143=CARTESIAN_POINT('Origin',(27.253,10.048,20.9999999999999));
#8144=CARTESIAN_POINT('',(27.553,6.1574224196642,26.0816735522255));
#8145=CARTESIAN_POINT('',(27.253,5.97505159558596,26.3198769999861));
#8146=CARTESIAN_POINT('Origin',(27.553,10.048,20.9999999999999));
#8147=CARTESIAN_POINT('Origin',(27.403,26.8712272668002,42.1292736004427));
#8148=CARTESIAN_POINT('',(27.553,10.0480000000001,29.0603367333703));
#8149=CARTESIAN_POINT('',(27.553,26.9624126788393,42.0101718765625));
#8150=CARTESIAN_POINT('',(27.253,10.0480000000001,29.4381650177471));
#8151=CARTESIAN_POINT('',(27.253,26.7800418547611,42.248375324323));
#8152=CARTESIAN_POINT('',(27.253,10.0480000000001,29.4381650177471));
#8153=CARTESIAN_POINT('Origin',(27.403,32.8894644613822,11.7616085423412));
#8154=CARTESIAN_POINT('',(27.253,14.1209484044141,26.3198769999861));
#8155=CARTESIAN_POINT('',(27.253,32.9806498734213,11.8807102662215));
#8156=CARTESIAN_POINT('',(27.553,13.9385775803359,26.0816735522255));
#8157=CARTESIAN_POINT('',(27.253,14.1209484044141,26.3198769999861));
#8158=CARTESIAN_POINT('',(27.553,32.7982790493431,11.6425068184609));
#8159=CARTESIAN_POINT('Origin',(27.403,10.048,20.9999999999999));
#8160=CARTESIAN_POINT('',(27.253,11.5487350664684,14.4702378098224));
#8161=CARTESIAN_POINT('Origin',(27.253,10.048,20.9999999999999));
#8162=CARTESIAN_POINT('',(27.553,11.4815379739399,14.7626152213229));
#8163=CARTESIAN_POINT('',(27.253,11.5487350664684,14.4702378098224));
#8164=CARTESIAN_POINT('Origin',(27.553,10.048,20.9999999999999));
#8165=CARTESIAN_POINT('Origin',(27.403,42.8594717973033,21.8202942393074));
#8166=CARTESIAN_POINT('',(27.553,42.8258732510391,21.9664829450577));
#8167=CARTESIAN_POINT('',(27.253,42.8930703435676,21.6741055335572));
#8168=CARTESIAN_POINT('Origin',(27.053,10.048,20.9999999999999));
#8169=CARTESIAN_POINT('',(42.553,11.4815379739399,14.7626152213229));
#8170=CARTESIAN_POINT('',(27.053,11.4815379739399,14.7626152213229));
#8171=CARTESIAN_POINT('',(42.553,13.9385775803359,26.0816735522255));
#8172=CARTESIAN_POINT('Origin',(42.553,10.048,20.9999999999999));
#8173=CARTESIAN_POINT('',(27.053,13.9385775803359,26.0816735522255));
#8174=CARTESIAN_POINT('Origin',(27.053,11.4815379739399,14.7626152213229));
#8175=CARTESIAN_POINT('',(42.553,10.0480000000001,14.4331452277844));
#8176=CARTESIAN_POINT('',(27.053,10.0480000000001,14.4331452277844));
#8177=CARTESIAN_POINT('',(42.553,11.5385869705608,14.7757267906637));
#8178=CARTESIAN_POINT('Origin',(27.053,10.0480000000001,14.4331452277844));
#8179=CARTESIAN_POINT('',(42.553,8.6144560818677,14.7626165874765));
#8180=CARTESIAN_POINT('',(27.053,8.6144560818677,14.7626165874765));
#8181=CARTESIAN_POINT('',(42.553,9.2741820164092,14.6109917938945));
#8182=CARTESIAN_POINT('Origin',(27.253,76.048,20.9999999999999));
#8183=CARTESIAN_POINT('Origin',(42.853,10.048,21.5226683666851));
#8184=CARTESIAN_POINT('',(42.853,74.5472649335316,14.4702378098224));
#8185=CARTESIAN_POINT('',(42.853,76.0479999999999,14.1253239103368));
#8186=CARTESIAN_POINT('',(42.853,43.8626496467814,21.5224821061287));
#8187=CARTESIAN_POINT('',(42.853,71.9750515955859,26.3198769999861));
#8188=CARTESIAN_POINT('Origin',(42.853,76.0479999999999,20.9999999999999));
#8189=CARTESIAN_POINT('',(42.853,76.0479999999999,29.4381650177471));
#8190=CARTESIAN_POINT('',(42.853,51.2962025819097,10.4879536123604));
#8191=CARTESIAN_POINT('',(42.853,80.120948404414,26.3198769999861));
#8192=CARTESIAN_POINT('',(42.853,57.2445281095721,43.8342818516068));
#8193=CARTESIAN_POINT('',(42.853,77.5487412892941,14.4702392400174));
#8194=CARTESIAN_POINT('Origin',(42.853,76.0479999999999,20.9999999999999));
#8195=CARTESIAN_POINT('',(42.853,46.261451758086,7.27948233850571));
#8196=CARTESIAN_POINT('Origin',(42.703,57.1533426975329,43.7151801277265));
#8197=CARTESIAN_POINT('',(42.553,76.0479999999999,29.0603367333703));
#8198=CARTESIAN_POINT('',(42.553,57.0621572854938,43.5960784038462));
#8199=CARTESIAN_POINT('',(42.553,79.9385775803357,26.0816735522255));
#8200=CARTESIAN_POINT('',(42.853,76.0479999999999,29.4381650177471));
#8201=CARTESIAN_POINT('Origin',(42.703,43.8962481930456,21.668670811879));
#8202=CARTESIAN_POINT('',(42.553,74.6144620260601,14.7626152213229));
#8203=CARTESIAN_POINT('',(42.553,76.0479999999999,14.4331452277844));
#8204=CARTESIAN_POINT('Origin',(42.703,76.0479999999999,20.9999999999999));
#8205=CARTESIAN_POINT('',(42.553,72.1574224196641,26.0816735522255));
#8206=CARTESIAN_POINT('',(42.553,72.1574224196641,26.0816735522255));
#8207=CARTESIAN_POINT('Origin',(42.553,76.0479999999999,20.9999999999999));
#8208=CARTESIAN_POINT('Origin',(42.703,51.3873879939488,10.3688518884801));
#8209=CARTESIAN_POINT('',(42.553,51.4785734059879,10.2497501645998));
#8210=CARTESIAN_POINT('Origin',(42.703,76.0479999999999,20.9999999999999));
#8211=CARTESIAN_POINT('',(42.553,77.4815439181323,14.7626165874765));
#8212=CARTESIAN_POINT('Origin',(42.703,46.2278532118218,7.42567104425591));
#8213=CARTESIAN_POINT('Origin',(27.053,72.1574224196641,26.0816735522255));
#8214=CARTESIAN_POINT('',(0.0529999999999919,76.0479999999999,29.0603367333703));
#8215=CARTESIAN_POINT('',(27.053,72.1574224196641,26.0816735522255));
#8216=CARTESIAN_POINT('Origin',(27.053,76.0479999999999,20.9999999999999));
#8217=CARTESIAN_POINT('Origin',(42.853,10.048,21.5226683666851));
#8218=CARTESIAN_POINT('',(42.853,8.5472589893393,14.470239175976));
#8219=CARTESIAN_POINT('',(42.853,10.0480000000001,14.1253239103368));
#8220=CARTESIAN_POINT('',(42.853,9.2069849238807,14.318614382394));
#8221=CARTESIAN_POINT('',(42.853,5.97505159558596,26.3198769999861));
#8222=CARTESIAN_POINT('Origin',(42.853,10.048,20.9999999999999));
#8223=CARTESIAN_POINT('',(42.853,10.0480000000001,29.4381650177471));
#8224=CARTESIAN_POINT('',(42.853,6.10119284108488,26.4164519366973));
#8225=CARTESIAN_POINT('',(42.853,14.1209484044141,26.3198769999861));
#8226=CARTESIAN_POINT('',(42.853,12.0495183687472,27.9057835272698));
#8227=CARTESIAN_POINT('',(42.853,11.5487350664684,14.4702378098224));
#8228=CARTESIAN_POINT('Origin',(42.853,10.048,20.9999999999999));
#8229=CARTESIAN_POINT('',(42.853,11.6057840630892,14.4833493791633));
#8230=CARTESIAN_POINT('Origin',(42.703,11.9583329567081,27.7866818033895));
#8231=CARTESIAN_POINT('',(42.553,10.0480000000001,29.0603367333703));
#8232=CARTESIAN_POINT('',(42.553,11.867147544669,27.6675800795092));
#8233=CARTESIAN_POINT('',(42.553,13.9385775803359,26.0816735522255));
#8234=CARTESIAN_POINT('',(42.853,10.0480000000001,29.4381650177471));
#8235=CARTESIAN_POINT('Origin',(42.703,9.240583470145,14.4648030881443));
#8236=CARTESIAN_POINT('',(42.553,8.6144560818677,14.7626165874765));
#8237=CARTESIAN_POINT('',(42.553,10.0480000000001,14.4331452277844));
#8238=CARTESIAN_POINT('Origin',(42.703,10.048,20.9999999999999));
#8239=CARTESIAN_POINT('',(42.553,6.1574224196642,26.0816735522255));
#8240=CARTESIAN_POINT('',(42.553,6.1574224196642,26.0816735522255));
#8241=CARTESIAN_POINT('Origin',(42.553,10.048,20.9999999999999));
#8242=CARTESIAN_POINT('Origin',(42.703,6.192378253124,26.2973502128171));
#8243=CARTESIAN_POINT('',(42.553,6.28356366516312,26.1782484889368));
#8244=CARTESIAN_POINT('Origin',(42.703,10.048,20.9999999999999));
#8245=CARTESIAN_POINT('',(42.553,11.4815379739399,14.7626152213229));
#8246=CARTESIAN_POINT('Origin',(42.703,11.572185516825,14.6295380849135));
#8247=CARTESIAN_POINT('Origin',(27.053,6.15742241966423,26.0816735522255));
#8248=CARTESIAN_POINT('',(0.0529999999999919,10.0480000000001,29.0603367333703));
#8249=CARTESIAN_POINT('',(27.053,6.1574224196642,26.0816735522255));
#8250=CARTESIAN_POINT('Origin',(27.053,10.048,20.9999999999999));
#8251=CARTESIAN_POINT('Origin',(27.053,76.0479999999999,29.0603367333703));
#8252=CARTESIAN_POINT('Origin',(27.053,10.0480000000001,29.0603367333703));
#8253=CARTESIAN_POINT('Origin',(50.3,82.853,22.6895304181822));
#8254=CARTESIAN_POINT('',(50.3,82.853,22.6895304181822));
#8255=CARTESIAN_POINT('',(50.3,83.063,21.));
#8256=CARTESIAN_POINT('',(50.3,82.853,22.6895304181822));
#8257=CARTESIAN_POINT('Origin',(50.3,83.063,23.2663711391631));
#8258=CARTESIAN_POINT('',(50.3,82.853,22.6895304181822));
#8259=CARTESIAN_POINT('Origin',(50.3,82.958,22.1331855695816));
#8260=CARTESIAN_POINT('Origin',(50.3,17.0629999999999,23.2663711391631));
#8261=CARTESIAN_POINT('',(50.3,16.8529999999999,22.6895304181822));
#8262=CARTESIAN_POINT('',(50.3,16.8529999999999,22.6895304181822));
#8263=CARTESIAN_POINT('',(50.3,16.8529999999999,22.6895304181822));
#8264=CARTESIAN_POINT('Origin',(50.3,16.8529999999999,22.6895304181822));
#8265=CARTESIAN_POINT('',(50.3,17.0629999999999,21.));
#8266=CARTESIAN_POINT('Origin',(50.3,16.9579999999999,22.1331855695816));
#8267=CARTESIAN_POINT('Origin',(50.3,69.243,22.6895304181822));
#8268=CARTESIAN_POINT('',(50.3,69.243,22.6895304181822));
#8269=CARTESIAN_POINT('Origin',(64.8,69.0330000000001,21.));
#8270=CARTESIAN_POINT('Origin',(50.3,3.24299999999985,22.6895304181822));
#8271=CARTESIAN_POINT('',(50.3,3.24299999999985,22.6895304181822));
#8272=CARTESIAN_POINT('Origin',(64.8,3.03299999999995,21.));
#8273=CARTESIAN_POINT('Origin',(50.3,82.853,22.6895304181822));
#8274=CARTESIAN_POINT('',(64.8,82.8530000000001,22.6895304181822));
#8275=CARTESIAN_POINT('',(64.8,83.0630000000001,21.));
#8276=CARTESIAN_POINT('',(64.8,82.8530000000001,22.6895304181822));
#8277=CARTESIAN_POINT('Origin',(64.8,83.0630000000001,23.2663711391631));
#8278=CARTESIAN_POINT('',(64.8,82.8530000000001,22.6895304181822));
#8279=CARTESIAN_POINT('Origin',(64.8,82.9580000000001,22.1331855695816));
#8280=CARTESIAN_POINT('Origin',(64.8,17.063,23.2663711391631));
#8281=CARTESIAN_POINT('',(64.8,16.853,22.6895304181822));
#8282=CARTESIAN_POINT('',(64.8,16.853,22.6895304181822));
#8283=CARTESIAN_POINT('',(64.8,16.853,22.6895304181822));
#8284=CARTESIAN_POINT('Origin',(50.3,16.8529999999999,22.6895304181822));
#8285=CARTESIAN_POINT('',(64.8,17.063,21.));
#8286=CARTESIAN_POINT('Origin',(64.8,16.958,22.1331855695816));
#8287=CARTESIAN_POINT('Origin',(64.8,69.2430000000001,22.6895304181822));
#8288=CARTESIAN_POINT('',(64.8,69.2430000000001,22.6895304181822));
#8289=CARTESIAN_POINT('Origin',(64.8,69.0330000000001,21.));
#8290=CARTESIAN_POINT('Origin',(64.8,3.24299999999995,22.6895304181822));
#8291=CARTESIAN_POINT('',(64.8,3.24299999999995,22.6895304181822));
#8292=CARTESIAN_POINT('Origin',(64.8,3.03299999999995,21.));
#8293=CARTESIAN_POINT('Origin',(5.30599999999999,82.8530000000001,22.6895304181822));
#8294=CARTESIAN_POINT('',(23.806,82.853,22.6895304181822));
#8295=CARTESIAN_POINT('',(23.806,83.063,21.));
#8296=CARTESIAN_POINT('',(19.806,82.853,22.6895304181822));
#8297=CARTESIAN_POINT('Origin',(19.806,83.063,23.2663711391631));
#8298=CARTESIAN_POINT('',(23.806,82.853,22.6895304181822));
#8299=CARTESIAN_POINT('Origin',(23.806,82.958,22.1331855695816));
#8300=CARTESIAN_POINT('Origin',(19.806,17.0629999999999,23.2663711391631));
#8301=CARTESIAN_POINT('',(23.806,16.8529999999999,22.6895304181822));
#8302=CARTESIAN_POINT('',(19.806,16.8529999999999,22.6895304181822));
#8303=CARTESIAN_POINT('',(23.806,16.8529999999999,22.6895304181822));
#8304=CARTESIAN_POINT('Origin',(5.30599999999999,16.853,22.6895304181822));
#8305=CARTESIAN_POINT('',(23.806,17.0629999999999,21.));
#8306=CARTESIAN_POINT('Origin',(23.806,16.9579999999999,22.1331855695816));
#8307=CARTESIAN_POINT('Origin',(19.806,69.243,22.6895304181822));
#8308=CARTESIAN_POINT('',(19.806,69.243,22.6895304181822));
#8309=CARTESIAN_POINT('Origin',(19.806,69.033,21.));
#8310=CARTESIAN_POINT('Origin',(19.806,3.24299999999985,22.6895304181822));
#8311=CARTESIAN_POINT('',(19.806,3.24299999999985,22.6895304181822));
#8312=CARTESIAN_POINT('Origin',(19.806,3.03299999999985,21.));
#8313=CARTESIAN_POINT('Origin',(5.30599999999999,82.8530000000001,22.6895304181822));
#8314=CARTESIAN_POINT('',(9.30599999999999,82.8530000000001,22.6895304181822));
#8315=CARTESIAN_POINT('',(9.30599999999999,83.0630000000001,21.));
#8316=CARTESIAN_POINT('',(5.30599999999999,82.8530000000001,22.6895304181822));
#8317=CARTESIAN_POINT('Origin',(5.30599999999999,83.0630000000001,23.2663711391631));
#8318=CARTESIAN_POINT('',(9.30599999999999,82.8530000000001,22.6895304181822));
#8319=CARTESIAN_POINT('Origin',(9.30599999999999,82.9580000000001,22.1331855695816));
#8320=CARTESIAN_POINT('Origin',(5.30599999999999,17.063,23.2663711391631));
#8321=CARTESIAN_POINT('',(9.30599999999999,16.853,22.6895304181822));
#8322=CARTESIAN_POINT('',(5.30599999999999,16.853,22.6895304181822));
#8323=CARTESIAN_POINT('',(9.30599999999999,16.853,22.6895304181822));
#8324=CARTESIAN_POINT('Origin',(5.30599999999999,16.853,22.6895304181822));
#8325=CARTESIAN_POINT('',(9.30599999999999,17.063,21.));
#8326=CARTESIAN_POINT('Origin',(9.30599999999999,16.958,22.1331855695816));
#8327=CARTESIAN_POINT('Origin',(5.30599999999999,69.2430000000001,22.6895304181822));
#8328=CARTESIAN_POINT('',(5.30599999999999,69.2430000000001,22.6895304181822));
#8329=CARTESIAN_POINT('Origin',(19.806,69.033,21.));
#8330=CARTESIAN_POINT('Origin',(5.30599999999999,3.24299999999995,22.6895304181822));
#8331=CARTESIAN_POINT('',(5.30599999999999,3.24299999999995,22.6895304181822));
#8332=CARTESIAN_POINT('Origin',(19.806,3.03299999999985,21.));
#8333=CARTESIAN_POINT('Origin',(60.0978883626535,72.68295,7.00000000000002));
#8334=CARTESIAN_POINT('',(62.0636794267038,73.8179,2.50000000000002));
#8335=CARTESIAN_POINT('',(58.1320972986032,71.548,2.50000000000002));
#8336=CARTESIAN_POINT('',(63.7286782173847,74.7791875,2.50000000000002));
#8337=CARTESIAN_POINT('',(58.1320972986032,71.548,8.50000000000002));
#8338=CARTESIAN_POINT('',(58.1320972986032,71.548,7.00000000000002));
#8339=CARTESIAN_POINT('',(62.0636794267038,73.8179,8.50000000000002));
#8340=CARTESIAN_POINT('',(60.7661782173847,73.0687873275257,8.50000000000002));
#8341=CARTESIAN_POINT('',(62.0636794267038,73.8179,7.00000000000002));
#8342=CARTESIAN_POINT('Origin',(54.1636794267038,86.048,8.50000000000002));
#8343=CARTESIAN_POINT('',(58.0952615548044,71.548,8.50000000000002));
#8344=CARTESIAN_POINT('',(54.1636794267038,71.548,8.50000000000002));
#8345=CARTESIAN_POINT('',(54.1636794267038,73.8179,8.50000000000002));
#8346=CARTESIAN_POINT('',(52.4986806360229,74.7791875,8.50000000000002));
#8347=CARTESIAN_POINT('',(54.1636794267038,86.048,8.50000000000002));
#8348=CARTESIAN_POINT('',(54.1636794267038,86.048,8.50000000000002));
#8349=CARTESIAN_POINT('',(62.0636794267038,86.048,8.50000000000002));
#8350=CARTESIAN_POINT('',(27.1083397133519,86.048,8.50000000000001));
#8351=CARTESIAN_POINT('',(62.0636794267038,86.048,8.50000000000002));
#8352=CARTESIAN_POINT('',(60.803,76.548,8.50000000000002));
#8353=CARTESIAN_POINT('Origin',(58.053,76.548,8.50000000000002));
#8354=CARTESIAN_POINT('Origin',(62.0636794267038,86.048,8.50000000000002));
#8355=CARTESIAN_POINT('',(62.0636794267038,86.048,2.50000000000002));
#8356=CARTESIAN_POINT('',(62.0636794267038,86.048,4.25000000000002));
#8357=CARTESIAN_POINT('',(62.0636794267038,86.048,2.50000000000002));
#8358=CARTESIAN_POINT('Origin',(56.1294704907541,72.68295,4.00000000000002));
#8359=CARTESIAN_POINT('',(58.0952615548044,71.548,2.50000000000002));
#8360=CARTESIAN_POINT('',(58.0952615548044,71.548,4.00000000000002));
#8361=CARTESIAN_POINT('',(54.1636794267038,73.8179,2.50000000000002));
#8362=CARTESIAN_POINT('',(55.4611806360229,73.0687873275257,2.50000000000002));
#8363=CARTESIAN_POINT('',(54.1636794267038,73.8179,4.00000000000002));
#8364=CARTESIAN_POINT('Origin',(62.0636794267038,86.048,2.50000000000002));
#8365=CARTESIAN_POINT('',(54.1636794267038,86.048,2.50000000000002));
#8366=CARTESIAN_POINT('',(31.0583397133519,86.048,2.50000000000001));
#8367=CARTESIAN_POINT('',(54.1636794267038,86.048,2.50000000000002));
#8368=CARTESIAN_POINT('',(62.0636794267038,71.548,2.50000000000002));
#8369=CARTESIAN_POINT('',(60.803,76.548,2.50000000000002));
#8370=CARTESIAN_POINT('Origin',(58.053,76.548,2.50000000000002));
#8371=CARTESIAN_POINT('Origin',(54.1636794267038,86.048,2.50000000000002));
#8372=CARTESIAN_POINT('',(54.1636794267038,86.048,1.25000000000002));
#8373=CARTESIAN_POINT('Origin',(58.1136794267038,71.548,5.50000000000002));
#8374=CARTESIAN_POINT('Origin',(0.0529999999999919,86.048,8.88178419700125E-15));
#8375=CARTESIAN_POINT('',(2.05299999999999,86.048,0.300000000000011));
#8376=CARTESIAN_POINT('',(68.053,86.048,0.30000000000002));
#8377=CARTESIAN_POINT('',(0.0529999999999919,86.048,0.300000000000011));
#8378=CARTESIAN_POINT('',(2.05299999999999,86.048,31.7));
#8379=CARTESIAN_POINT('',(2.05299999999999,86.048,8.00000000000001));
#8380=CARTESIAN_POINT('',(68.053,86.048,31.7));
#8381=CARTESIAN_POINT('',(0.0529999999999919,86.048,31.7));
#8382=CARTESIAN_POINT('',(68.053,86.048,8.00000000000002));
#8383=CARTESIAN_POINT('',(16.0060084964236,86.048,2.00000000000002));
#8384=CARTESIAN_POINT('',(8.10600849642359,86.048,2.00000000000001));
#8385=CARTESIAN_POINT('',(8.02950424821179,86.048,2.00000000000001));
#8386=CARTESIAN_POINT('',(16.0060084964236,86.048,8.00000000000001));
#8387=CARTESIAN_POINT('',(16.0060084964236,86.048,4.00000000000002));
#8388=CARTESIAN_POINT('',(8.10600849642359,86.048,8.00000000000001));
#8389=CARTESIAN_POINT('',(4.07950424821181,86.048,8.00000000000001));
#8390=CARTESIAN_POINT('',(8.10600849642359,86.048,1.00000000000001));
#8391=CARTESIAN_POINT('Origin',(58.053,76.548,6.50000000000002));
#8392=CARTESIAN_POINT('',(60.803,76.548,13.));
#8393=CARTESIAN_POINT('',(60.803,76.548,6.50000000000002));
#8394=CARTESIAN_POINT('Origin',(58.053,76.548,13.));
#8395=CARTESIAN_POINT('Origin',(58.053,76.548,6.50000000000002));
#8396=CARTESIAN_POINT('',(60.803,76.548,0.10000000000002));
#8397=CARTESIAN_POINT('Origin',(58.053,76.548,0.10000000000002));
#8398=CARTESIAN_POINT('',(60.803,76.548,6.50000000000002));
#8399=CARTESIAN_POINT('Origin',(10.0717995604739,72.68295,3.50000000000001));
#8400=CARTESIAN_POINT('',(8.10600849642359,73.8179,8.00000000000001));
#8401=CARTESIAN_POINT('',(12.0375906245242,71.548,8.00000000000001));
#8402=CARTESIAN_POINT('',(6.44100970574274,74.7791875,8.00000000000001));
#8403=CARTESIAN_POINT('',(12.0375906245242,71.548,2.00000000000001));
#8404=CARTESIAN_POINT('',(12.0375906245242,71.548,3.50000000000001));
#8405=CARTESIAN_POINT('',(8.10600849642359,73.8179,2.00000000000001));
#8406=CARTESIAN_POINT('',(9.4035097057428,73.0687873275257,2.00000000000001));
#8407=CARTESIAN_POINT('',(8.10600849642359,73.8179,3.50000000000001));
#8408=CARTESIAN_POINT('Origin',(16.0060084964236,86.048,2.00000000000002));
#8409=CARTESIAN_POINT('',(12.074426368323,71.548,2.00000000000001));
#8410=CARTESIAN_POINT('',(16.0060084964236,71.548,2.00000000000002));
#8411=CARTESIAN_POINT('',(16.0060084964236,73.8179,2.00000000000002));
#8412=CARTESIAN_POINT('',(17.6710072871045,74.7791875,2.00000000000002));
#8413=CARTESIAN_POINT('',(16.0060084964236,86.048,2.00000000000002));
#8414=CARTESIAN_POINT('',(8.10600849642359,86.048,2.00000000000001));
#8415=CARTESIAN_POINT('',(14.803,76.548,2.00000000000001));
#8416=CARTESIAN_POINT('Origin',(12.053,76.548,2.00000000000001));
#8417=CARTESIAN_POINT('Origin',(8.10600849642359,86.048,2.00000000000001));
#8418=CARTESIAN_POINT('',(8.10600849642359,86.048,8.00000000000001));
#8419=CARTESIAN_POINT('Origin',(14.0402174323733,72.68295,6.5));
#8420=CARTESIAN_POINT('',(12.074426368323,71.548,8.00000000000001));
#8421=CARTESIAN_POINT('',(12.074426368323,71.548,6.50000000000001));
#8422=CARTESIAN_POINT('',(16.0060084964236,73.8179,8.00000000000001));
#8423=CARTESIAN_POINT('',(14.7085072871045,73.0687873275257,8.00000000000001));
#8424=CARTESIAN_POINT('',(16.0060084964236,73.8179,6.50000000000002));
#8425=CARTESIAN_POINT('Origin',(8.10600849642359,86.048,8.00000000000001));
#8426=CARTESIAN_POINT('',(16.0060084964236,86.048,8.00000000000001));
#8427=CARTESIAN_POINT('',(8.10600849642359,71.548,8.00000000000001));
#8428=CARTESIAN_POINT('',(14.803,76.548,8.00000000000001));
#8429=CARTESIAN_POINT('Origin',(12.053,76.548,8.00000000000001));
#8430=CARTESIAN_POINT('Origin',(16.0060084964236,86.048,8.00000000000001));
#8431=CARTESIAN_POINT('Origin',(12.0560084964236,71.548,5.00000000000001));
#8432=CARTESIAN_POINT('Origin',(12.053,76.548,6.50000000000001));
#8433=CARTESIAN_POINT('',(14.803,76.548,0.100000000000011));
#8434=CARTESIAN_POINT('Origin',(12.053,76.548,0.100000000000011));
#8435=CARTESIAN_POINT('',(14.803,76.548,6.50000000000001));
#8436=CARTESIAN_POINT('Origin',(12.053,76.548,6.50000000000001));
#8437=CARTESIAN_POINT('',(14.803,76.548,13.));
#8438=CARTESIAN_POINT('',(14.803,76.548,6.50000000000001));
#8439=CARTESIAN_POINT('Origin',(12.053,76.548,13.));
#8440=CARTESIAN_POINT('Origin',(10.0717995604739,13.41305,3.50000000000001));
#8441=CARTESIAN_POINT('',(8.10600849642359,12.2781,8.00000000000001));
#8442=CARTESIAN_POINT('',(12.0375906245242,14.548,8.00000000000001));
#8443=CARTESIAN_POINT('',(6.44100970574274,11.3168125,8.00000000000001));
#8444=CARTESIAN_POINT('',(8.10600849642359,12.2781,2.00000000000001));
#8445=CARTESIAN_POINT('',(8.10600849642359,12.2781,3.50000000000001));
#8446=CARTESIAN_POINT('',(12.0375906245242,14.548,2.00000000000001));
#8447=CARTESIAN_POINT('',(9.4035097057428,13.0272126724743,2.00000000000001));
#8448=CARTESIAN_POINT('',(12.0375906245242,14.548,3.50000000000001));
#8449=CARTESIAN_POINT('Origin',(16.0060084964236,0.048,2.00000000000002));
#8450=CARTESIAN_POINT('',(8.10600849642359,0.048,2.00000000000001));
#8451=CARTESIAN_POINT('',(8.10600849642359,0.048,2.00000000000001));
#8452=CARTESIAN_POINT('',(16.0060084964236,0.048,2.00000000000002));
#8453=CARTESIAN_POINT('',(8.02950424821179,0.048,2.00000000000001));
#8454=CARTESIAN_POINT('',(16.0060084964236,12.2781,2.00000000000002));
#8455=CARTESIAN_POINT('',(16.0060084964236,0.048,2.00000000000002));
#8456=CARTESIAN_POINT('',(12.074426368323,14.548,2.00000000000001));
#8457=CARTESIAN_POINT('',(17.6710072871045,11.3168125,2.00000000000002));
#8458=CARTESIAN_POINT('',(16.0060084964236,14.548,2.00000000000002));
#8459=CARTESIAN_POINT('',(14.803,9.548,2.00000000000001));
#8460=CARTESIAN_POINT('Origin',(12.053,9.548,2.00000000000001));
#8461=CARTESIAN_POINT('Origin',(8.10600849642359,0.048,2.00000000000001));
#8462=CARTESIAN_POINT('',(8.10600849642359,0.048,8.00000000000001));
#8463=CARTESIAN_POINT('',(8.10600849642359,0.048,8.00000000000001));
#8464=CARTESIAN_POINT('',(8.10600849642359,0.048,17.));
#8465=CARTESIAN_POINT('Origin',(14.0402174323733,13.41305,6.5));
#8466=CARTESIAN_POINT('',(16.0060084964236,12.2781,8.00000000000001));
#8467=CARTESIAN_POINT('',(16.0060084964236,12.2781,6.50000000000002));
#8468=CARTESIAN_POINT('',(12.074426368323,14.548,8.00000000000001));
#8469=CARTESIAN_POINT('',(14.7085072871045,13.0272126724743,8.00000000000001));
#8470=CARTESIAN_POINT('',(12.074426368323,14.548,6.50000000000001));
#8471=CARTESIAN_POINT('Origin',(8.10600849642359,0.048,8.00000000000001));
#8472=CARTESIAN_POINT('',(8.10600849642359,14.548,8.00000000000001));
#8473=CARTESIAN_POINT('',(16.0060084964236,0.048,8.00000000000001));
#8474=CARTESIAN_POINT('',(16.0060084964236,0.048,8.00000000000001));
#8475=CARTESIAN_POINT('',(4.07950424821181,0.048,8.00000000000001));
#8476=CARTESIAN_POINT('',(14.803,9.548,8.00000000000001));
#8477=CARTESIAN_POINT('Origin',(12.053,9.548,8.00000000000001));
#8478=CARTESIAN_POINT('Origin',(16.0060084964236,0.048,8.00000000000001));
#8479=CARTESIAN_POINT('',(16.0060084964236,0.048,20.));
#8480=CARTESIAN_POINT('Origin',(60.0978883626535,13.41305,7.00000000000002));
#8481=CARTESIAN_POINT('',(62.0636794267038,12.2781,2.50000000000002));
#8482=CARTESIAN_POINT('',(58.1320972986032,14.548,2.50000000000002));
#8483=CARTESIAN_POINT('',(63.7286782173847,11.3168125,2.50000000000002));
#8484=CARTESIAN_POINT('',(62.0636794267038,12.2781,8.50000000000002));
#8485=CARTESIAN_POINT('',(62.0636794267038,12.2781,7.00000000000002));
#8486=CARTESIAN_POINT('',(58.1320972986032,14.548,8.50000000000002));
#8487=CARTESIAN_POINT('',(60.7661782173847,13.0272126724743,8.50000000000002));
#8488=CARTESIAN_POINT('',(58.1320972986032,14.548,7.00000000000002));
#8489=CARTESIAN_POINT('Origin',(54.1636794267038,0.048,8.50000000000002));
#8490=CARTESIAN_POINT('',(62.0636794267038,0.048,8.50000000000002));
#8491=CARTESIAN_POINT('',(62.0636794267038,0.048,8.50000000000002));
#8492=CARTESIAN_POINT('',(54.1636794267038,0.048,8.50000000000002));
#8493=CARTESIAN_POINT('',(27.1083397133519,0.048,8.50000000000001));
#8494=CARTESIAN_POINT('',(54.1636794267038,12.2781,8.50000000000002));
#8495=CARTESIAN_POINT('',(54.1636794267038,0.048,8.50000000000002));
#8496=CARTESIAN_POINT('',(58.0952615548044,14.548,8.50000000000002));
#8497=CARTESIAN_POINT('',(52.4986806360229,11.3168125,8.50000000000002));
#8498=CARTESIAN_POINT('',(54.1636794267038,14.548,8.50000000000002));
#8499=CARTESIAN_POINT('',(60.803,9.548,8.50000000000002));
#8500=CARTESIAN_POINT('Origin',(58.053,9.548,8.50000000000002));
#8501=CARTESIAN_POINT('Origin',(62.0636794267038,0.048,8.50000000000002));
#8502=CARTESIAN_POINT('',(62.0636794267038,0.048,2.50000000000002));
#8503=CARTESIAN_POINT('',(62.0636794267038,0.048,2.50000000000002));
#8504=CARTESIAN_POINT('',(62.0636794267038,0.048,20.25));
#8505=CARTESIAN_POINT('Origin',(56.1294704907541,13.41305,4.00000000000002));
#8506=CARTESIAN_POINT('',(54.1636794267038,12.2781,2.50000000000002));
#8507=CARTESIAN_POINT('',(54.1636794267038,12.2781,4.00000000000002));
#8508=CARTESIAN_POINT('',(58.0952615548044,14.548,2.50000000000002));
#8509=CARTESIAN_POINT('',(55.4611806360229,13.0272126724743,2.50000000000002));
#8510=CARTESIAN_POINT('',(58.0952615548044,14.548,4.00000000000002));
#8511=CARTESIAN_POINT('Origin',(62.0636794267038,0.048,2.50000000000002));
#8512=CARTESIAN_POINT('',(62.0636794267038,14.548,2.50000000000002));
#8513=CARTESIAN_POINT('',(54.1636794267038,0.048,2.50000000000002));
#8514=CARTESIAN_POINT('',(54.1636794267038,0.048,2.50000000000002));
#8515=CARTESIAN_POINT('',(31.0583397133519,0.048,2.50000000000001));
#8516=CARTESIAN_POINT('',(60.803,9.548,2.50000000000002));
#8517=CARTESIAN_POINT('Origin',(58.053,9.548,2.50000000000002));
#8518=CARTESIAN_POINT('Origin',(54.1636794267038,0.048,2.50000000000002));
#8519=CARTESIAN_POINT('',(54.1636794267038,0.048,17.25));
#8520=CARTESIAN_POINT('Origin',(58.1136794267038,14.548,5.50000000000002));
#8521=CARTESIAN_POINT('Origin',(12.0560084964236,14.548,5.00000000000001));
#8522=CARTESIAN_POINT('Origin',(58.053,9.548,6.50000000000002));
#8523=CARTESIAN_POINT('',(60.803,9.548,13.));
#8524=CARTESIAN_POINT('',(60.803,9.548,6.50000000000002));
#8525=CARTESIAN_POINT('Origin',(58.053,9.548,13.));
#8526=CARTESIAN_POINT('Origin',(12.053,9.548,6.50000000000001));
#8527=CARTESIAN_POINT('',(14.803,9.548,0.100000000000011));
#8528=CARTESIAN_POINT('Origin',(12.053,9.548,0.100000000000011));
#8529=CARTESIAN_POINT('',(14.803,9.548,6.50000000000001));
#8530=CARTESIAN_POINT('Origin',(46.053,33.048,16.9));
#8531=CARTESIAN_POINT('',(50.553,33.048,16.8));
#8532=CARTESIAN_POINT('Origin',(46.053,33.048,16.8));
#8533=CARTESIAN_POINT('',(50.353,33.048,17.));
#8534=CARTESIAN_POINT('',(50.453,33.048,16.9));
#8535=CARTESIAN_POINT('Origin',(46.053,33.048,17.));
#8536=CARTESIAN_POINT('Origin',(46.053,33.048,17.));
#8537=CARTESIAN_POINT('',(48.703,33.048,17.));
#8538=CARTESIAN_POINT('Origin',(46.053,33.048,17.));
#8539=CARTESIAN_POINT('Origin',(46.053,33.048,32.));
#8540=CARTESIAN_POINT('',(50.553,33.048,15.));
#8541=CARTESIAN_POINT('Origin',(46.053,33.048,15.));
#8542=CARTESIAN_POINT('',(50.553,33.048,32.));
#8543=CARTESIAN_POINT('Origin',(46.053,53.048,16.9));
#8544=CARTESIAN_POINT('',(50.553,53.048,16.8));
#8545=CARTESIAN_POINT('Origin',(46.053,53.048,16.8));
#8546=CARTESIAN_POINT('',(50.353,53.048,17.));
#8547=CARTESIAN_POINT('',(50.453,53.048,16.9));
#8548=CARTESIAN_POINT('Origin',(46.053,53.048,17.));
#8549=CARTESIAN_POINT('Origin',(46.053,53.048,17.));
#8550=CARTESIAN_POINT('',(48.703,53.048,17.));
#8551=CARTESIAN_POINT('Origin',(46.053,53.048,17.));
#8552=CARTESIAN_POINT('Origin',(46.053,53.048,32.));
#8553=CARTESIAN_POINT('',(50.553,53.048,15.));
#8554=CARTESIAN_POINT('Origin',(46.053,53.048,15.));
#8555=CARTESIAN_POINT('',(50.553,53.048,32.));
#8556=CARTESIAN_POINT('Origin',(2.05299999999999,84.048,0.150000000000006));
#8557=CARTESIAN_POINT('',(0.352999999999994,84.048,8.88178419700125E-15));
#8558=CARTESIAN_POINT('',(0.0529999999999919,84.048,0.300000000000011));
#8559=CARTESIAN_POINT('',(0.352999999999994,84.048,8.88178419700125E-15));
#8560=CARTESIAN_POINT('Origin',(2.05299999999999,84.048,0.300000000000011));
#8561=CARTESIAN_POINT('',(2.05299999999999,85.748,8.88178419700125E-15));
#8562=CARTESIAN_POINT('',(2.05299999999999,86.048,0.300000000000011));
#8563=CARTESIAN_POINT('Origin',(2.05299999999999,84.048,8.88178419700125E-15));
#8564=CARTESIAN_POINT('Origin',(68.053,2.048,0.150000000000015));
#8565=CARTESIAN_POINT('',(69.753,2.048,1.77635683940025E-14));
#8566=CARTESIAN_POINT('',(70.053,2.048,0.30000000000002));
#8567=CARTESIAN_POINT('',(69.753,2.048,1.77635683940025E-14));
#8568=CARTESIAN_POINT('',(68.053,0.048,0.30000000000002));
#8569=CARTESIAN_POINT('Origin',(68.053,2.048,0.30000000000002));
#8570=CARTESIAN_POINT('',(68.053,0.348000000000009,1.77635683940025E-14));
#8571=CARTESIAN_POINT('',(68.053,0.048,0.30000000000002));
#8572=CARTESIAN_POINT('Origin',(68.053,2.048,1.77635683940025E-14));
#8573=CARTESIAN_POINT('Origin',(69.903,20.298,0.150000000000015));
#8574=CARTESIAN_POINT('',(69.753,84.048,1.77635683940025E-14));
#8575=CARTESIAN_POINT('',(69.753,20.298,1.77635683940025E-14));
#8576=CARTESIAN_POINT('',(70.053,84.048,0.30000000000002));
#8577=CARTESIAN_POINT('',(69.753,84.048,1.77635683940025E-14));
#8578=CARTESIAN_POINT('',(70.053,20.298,0.30000000000002));
#8579=CARTESIAN_POINT('Origin',(68.053,84.048,0.150000000000015));
#8580=CARTESIAN_POINT('',(68.053,85.748,1.77635683940025E-14));
#8581=CARTESIAN_POINT('',(68.053,85.748,1.77635683940025E-14));
#8582=CARTESIAN_POINT('Origin',(68.053,84.048,0.30000000000002));
#8583=CARTESIAN_POINT('Origin',(68.053,84.048,1.77635683940025E-14));
#8584=CARTESIAN_POINT('Origin',(0.0529999999999919,0.198,0.150000000000006));
#8585=CARTESIAN_POINT('',(2.05299999999999,0.048,0.300000000000011));
#8586=CARTESIAN_POINT('',(0.0529999999999919,0.048,0.300000000000011));
#8587=CARTESIAN_POINT('',(2.05299999999999,0.348,8.88178419700125E-15));
#8588=CARTESIAN_POINT('',(2.05299999999999,0.048,0.300000000000011));
#8589=CARTESIAN_POINT('',(0.0529999999999919,0.348,8.88178419700125E-15));
#8590=CARTESIAN_POINT('Origin',(0.0529999999999919,85.898,0.150000000000006));
#8591=CARTESIAN_POINT('',(0.0529999999999919,85.748,8.88178419700125E-15));
#8592=CARTESIAN_POINT('Origin',(2.05299999999999,2.048,0.150000000000006));
#8593=CARTESIAN_POINT('',(0.0529999999999919,2.048,0.300000000000011));
#8594=CARTESIAN_POINT('Origin',(2.05299999999999,2.048,0.300000000000011));
#8595=CARTESIAN_POINT('',(0.352999999999994,2.048,8.88178419700125E-15));
#8596=CARTESIAN_POINT('',(0.0529999999999919,2.048,0.300000000000011));
#8597=CARTESIAN_POINT('Origin',(2.05299999999999,2.048,8.88178419700125E-15));
#8598=CARTESIAN_POINT('Origin',(0.202999999999998,20.298,0.150000000000006));
#8599=CARTESIAN_POINT('',(0.352999999999994,20.298,8.88178419700125E-15));
#8600=CARTESIAN_POINT('',(0.0529999999999919,20.298,0.300000000000011));
#8601=CARTESIAN_POINT('Origin',(0.0529999999999925,43.048,16.));
#8602=CARTESIAN_POINT('',(0.0529999999999919,2.048,31.7));
#8603=CARTESIAN_POINT('',(0.0529999999999919,2.048,24.));
#8604=CARTESIAN_POINT('',(0.0529999999999919,84.048,31.7));
#8605=CARTESIAN_POINT('',(0.0529999999999919,65.798,31.7));
#8606=CARTESIAN_POINT('',(0.0529999999999919,84.048,8.00000000000001));
#8607=CARTESIAN_POINT('',(0.0529999999999919,10.048,14.1253239103368));
#8608=CARTESIAN_POINT('',(0.0529999999999919,8.5472589893393,14.470239175976));
#8609=CARTESIAN_POINT('',(0.0529999999999919,25.4819491138797,10.5781398055116));
#8610=CARTESIAN_POINT('',(0.0529999999999919,11.5487350664684,14.4702378098224));
#8611=CARTESIAN_POINT('',(0.0529999999999919,26.6751551501896,17.9467425260155));
#8612=CARTESIAN_POINT('',(0.0529999999999919,14.1209484044141,26.3198769999861));
#8613=CARTESIAN_POINT('Origin',(0.0529999999999919,10.048,20.9999999999999));
#8614=CARTESIAN_POINT('',(0.0529999999999925,10.0480000000001,29.4381650177471));
#8615=CARTESIAN_POINT('',(0.0529999999999919,23.7848591623441,18.9210950540851));
#8616=CARTESIAN_POINT('',(0.0529999999999919,5.97505159558596,26.3198769999861));
#8617=CARTESIAN_POINT('',(0.0529999999999919,15.1708423066632,33.3602617878496));
#8618=CARTESIAN_POINT('Origin',(0.0529999999999919,10.048,20.9999999999999));
#8619=CARTESIAN_POINT('',(0.0529999999999919,39.3003340597113,24.7476659402887));
#8620=CARTESIAN_POINT('',(0.0529999999999919,43.048,28.4953318805772));
#8621=CARTESIAN_POINT('',(0.0529999999999919,38.0503340597114,23.4976659402889));
#8622=CARTESIAN_POINT('',(0.0529999999999919,46.7956659402887,24.7476659402887));
#8623=CARTESIAN_POINT('Origin',(0.0529999999999919,43.048,21.));
#8624=CARTESIAN_POINT('',(0.0529999999999919,46.2778989873223,25.2654328932551));
#8625=CARTESIAN_POINT('',(0.0529999999999919,76.0479999999999,14.1253239103368));
#8626=CARTESIAN_POINT('',(0.0529999999999919,74.5472649335316,14.4702378098224));
#8627=CARTESIAN_POINT('',(0.0529999999999919,60.1376138367803,17.7820075292462));
#8628=CARTESIAN_POINT('',(0.0529999999999919,77.5487412892941,14.4702392400174));
#8629=CARTESIAN_POINT('',(0.0529999999999919,61.3308228451864,10.7428754853577));
#8630=CARTESIAN_POINT('',(0.0529999999999919,80.120948404414,26.3198769999861));
#8631=CARTESIAN_POINT('Origin',(0.0529999999999919,76.0479999999999,20.9999999999999));
#8632=CARTESIAN_POINT('',(0.0529999999999925,76.0479999999999,29.4381650177471));
#8633=CARTESIAN_POINT('',(0.0529999999999919,68.9798689031689,34.8495933784221));
#8634=CARTESIAN_POINT('',(0.0529999999999919,71.9750515955859,26.3198769999861));
#8635=CARTESIAN_POINT('',(0.0529999999999919,60.365852047488,17.4317634635126));
#8636=CARTESIAN_POINT('Origin',(0.0529999999999919,76.0479999999999,20.9999999999999));
#8637=CARTESIAN_POINT('Origin',(2.05299999999999,2.048,24.));
#8638=CARTESIAN_POINT('',(2.05299999999999,0.048,31.7));
#8639=CARTESIAN_POINT('',(2.05299999999999,0.048,24.));
#8640=CARTESIAN_POINT('Origin',(2.05299999999999,2.048,31.7));
#8641=CARTESIAN_POINT('Origin',(0.0529999999999919,0.048,32.));
#8642=CARTESIAN_POINT('',(68.053,0.048,31.7));
#8643=CARTESIAN_POINT('',(68.053,0.048,24.));
#8644=CARTESIAN_POINT('',(0.0529999999999919,0.048,31.7));
#8645=CARTESIAN_POINT('Origin',(68.053,2.048,24.));
#8646=CARTESIAN_POINT('',(70.053,2.048,31.7));
#8647=CARTESIAN_POINT('',(70.053,2.048,24.));
#8648=CARTESIAN_POINT('Origin',(68.053,2.048,31.7));
#8649=CARTESIAN_POINT('Origin',(0.0529999999999919,-2.452,8.88178419700125E-15));
#8650=CARTESIAN_POINT('',(51.553,53.048,1.33226762955019E-14));
#8651=CARTESIAN_POINT('Origin',(46.053,53.048,1.33226762955019E-14));
#8652=CARTESIAN_POINT('',(14.903,76.548,8.88178419700125E-15));
#8653=CARTESIAN_POINT('Origin',(12.053,76.548,8.88178419700125E-15));
#8654=CARTESIAN_POINT('',(60.903,9.548,1.77635683940025E-14));
#8655=CARTESIAN_POINT('Origin',(58.053,9.548,1.77635683940025E-14));
#8656=CARTESIAN_POINT('',(14.903,9.548,8.88178419700125E-15));
#8657=CARTESIAN_POINT('Origin',(12.053,9.548,8.88178419700125E-15));
#8658=CARTESIAN_POINT('',(60.903,76.548,1.77635683940025E-14));
#8659=CARTESIAN_POINT('Origin',(58.053,76.548,1.77635683940025E-14));
#8660=CARTESIAN_POINT('',(51.553,33.048,1.33226762955019E-14));
#8661=CARTESIAN_POINT('Origin',(46.053,33.048,1.33226762955019E-14));
#8662=CARTESIAN_POINT('Origin',(2.05299999999999,2.048,31.85));
#8663=CARTESIAN_POINT('',(0.352999999999994,2.048,32.));
#8664=CARTESIAN_POINT('',(2.05299999999999,0.048,31.7));
#8665=CARTESIAN_POINT('Origin',(68.053,2.048,31.85));
#8666=CARTESIAN_POINT('',(68.053,0.348000000000009,32.));
#8667=CARTESIAN_POINT('',(70.053,2.048,31.7));
#8668=CARTESIAN_POINT('Origin',(69.903,65.798,31.85));
#8669=CARTESIAN_POINT('',(70.053,84.048,31.7));
#8670=CARTESIAN_POINT('',(70.053,84.048,31.7));
#8671=CARTESIAN_POINT('',(70.053,65.798,31.7));
#8672=CARTESIAN_POINT('Origin',(0.0529999999999919,0.198,31.85));
#8673=CARTESIAN_POINT('Origin',(68.053,84.048,31.85));
#8674=CARTESIAN_POINT('Origin',(68.053,84.048,31.7));
#8675=CARTESIAN_POINT('',(68.053,86.048,31.7));
#8676=CARTESIAN_POINT('Origin',(0.0529999999999919,85.898,31.85));
#8677=CARTESIAN_POINT('',(2.05299999999999,86.048,31.7));
#8678=CARTESIAN_POINT('Origin',(2.05299999999999,84.048,31.85));
#8679=CARTESIAN_POINT('Origin',(2.05299999999999,84.048,31.7));
#8680=CARTESIAN_POINT('',(0.0529999999999919,84.048,31.7));
#8681=CARTESIAN_POINT('Origin',(0.202999999999989,65.798,31.85));
#8682=CARTESIAN_POINT('Origin',(68.053,84.048,8.00000000000002));
#8683=CARTESIAN_POINT('',(70.053,84.048,8.00000000000002));
#8684=CARTESIAN_POINT('Origin',(70.053,43.048,16.));
#8685=CARTESIAN_POINT('',(70.053,10.0480000000001,29.4381650177471));
#8686=CARTESIAN_POINT('',(70.053,5.97505159558599,26.3198769999861));
#8687=CARTESIAN_POINT('',(70.053,17.1161310968311,34.8495933784221));
#8688=CARTESIAN_POINT('',(70.053,14.1209484044141,26.319876999986));
#8689=CARTESIAN_POINT('',(70.053,25.730147952512,17.4317634635126));
#8690=CARTESIAN_POINT('',(70.053,11.5487350664684,14.4702378098224));
#8691=CARTESIAN_POINT('Origin',(70.053,10.048,20.9999999999999));
#8692=CARTESIAN_POINT('',(70.053,10.048,14.1253239103368));
#8693=CARTESIAN_POINT('',(70.053,25.9583861632196,17.7820075292463));
#8694=CARTESIAN_POINT('',(70.053,8.5472587107059,14.4702392400174));
#8695=CARTESIAN_POINT('',(70.053,24.7651771548135,10.7428754853577));
#8696=CARTESIAN_POINT('Origin',(70.053,10.048,20.9999999999999));
#8697=CARTESIAN_POINT('',(70.053,46.7956659402887,24.7476659402888));
#8698=CARTESIAN_POINT('',(70.053,43.048,28.4953318805772));
#8699=CARTESIAN_POINT('',(70.053,46.2778989873223,25.2654328932551));
#8700=CARTESIAN_POINT('',(70.053,39.3003340597113,24.7476659402887));
#8701=CARTESIAN_POINT('Origin',(70.053,43.048,21.));
#8702=CARTESIAN_POINT('',(70.053,38.0503340597114,23.4976659402889));
#8703=CARTESIAN_POINT('',(70.053,76.0479999999999,29.0603367333703));
#8704=CARTESIAN_POINT('',(70.053,72.1574224196641,26.0816735522255));
#8705=CARTESIAN_POINT('',(70.053,62.2357990008529,18.4855843432175));
#8706=CARTESIAN_POINT('',(70.053,79.9385775803357,26.0816735522255));
#8707=CARTESIAN_POINT('',(70.053,67.1099219498039,35.9034142581269));
#8708=CARTESIAN_POINT('',(70.053,77.4815439181323,14.7626165874765));
#8709=CARTESIAN_POINT('Origin',(70.053,76.0479999999999,20.9999999999999));
#8710=CARTESIAN_POINT('',(70.053,76.0479999999999,14.4331452277844));
#8711=CARTESIAN_POINT('',(70.053,62.0268537080854,11.2106655570837));
#8712=CARTESIAN_POINT('',(70.053,74.6144620260601,14.7626152213229));
#8713=CARTESIAN_POINT('',(70.053,59.4415829738813,18.2497976009722));
#8714=CARTESIAN_POINT('Origin',(70.053,76.0479999999999,20.9999999999999));
#8715=CARTESIAN_POINT('Origin',(2.05299999999999,84.048,8.00000000000001));
#8716=CARTESIAN_POINT('Origin',(33.403,38.1564000768891,23.3915999231106));
#8717=CARTESIAN_POINT('',(33.553,43.048,28.4953318805772));
#8718=CARTESIAN_POINT('',(33.553,39.3003340597113,24.7476659402887));
#8719=CARTESIAN_POINT('',(33.553,38.0503340597111,23.4976659402886));
#8720=CARTESIAN_POINT('',(33.253,39.5124660940672,24.5355339059327));
#8721=CARTESIAN_POINT('',(33.553,39.3003340597113,24.7476659402887));
#8722=CARTESIAN_POINT('',(33.253,43.048,28.0710678118653));
#8723=CARTESIAN_POINT('',(33.253,38.2624660940671,23.2855339059326));
#8724=CARTESIAN_POINT('',(33.553,43.048,28.4953318805772));
#8725=CARTESIAN_POINT('Origin',(33.403,43.048,21.));
#8726=CARTESIAN_POINT('',(33.553,46.7956659402887,24.7476659402888));
#8727=CARTESIAN_POINT('',(33.253,46.5835339059327,24.5355339059328));
#8728=CARTESIAN_POINT('',(33.553,46.7956659402887,24.7476659402888));
#8729=CARTESIAN_POINT('Origin',(33.253,43.048,21.));
#8730=CARTESIAN_POINT('Origin',(33.553,43.048,21.));
#8731=CARTESIAN_POINT('Origin',(33.403,38.1718329701441,33.1593668760769));
#8732=CARTESIAN_POINT('',(33.253,38.0657669529661,33.0533008588989));
#8733=CARTESIAN_POINT('',(33.553,38.2778989873221,33.2654328932549));
#8734=CARTESIAN_POINT('Origin',(0.0529999999999919,43.048,28.0710678118653));
#8735=CARTESIAN_POINT('',(0.352999999999994,43.048,28.0710678118653));
#8736=CARTESIAN_POINT('',(0.0529999999999919,43.048,28.0710678118653));
#8737=CARTESIAN_POINT('',(0.352999999999994,46.5835339059327,24.5355339059328));
#8738=CARTESIAN_POINT('',(0.352999999999994,46.0657669529663,25.0533008588991));
#8739=CARTESIAN_POINT('',(0.0529999999999919,46.5835339059327,24.5355339059328));
#8740=CARTESIAN_POINT('Origin',(0.0529999999999919,39.5124660940672,24.5355339059327));
#8741=CARTESIAN_POINT('',(0.352999999999994,39.5124660940672,24.5355339059327));
#8742=CARTESIAN_POINT('',(0.0529999999999919,39.5124660940672,24.5355339059327));
#8743=CARTESIAN_POINT('',(0.352999999999994,38.2624660940673,23.2855339059329));
#8744=CARTESIAN_POINT('Origin',(33.553,27.048,32.));
#8745=CARTESIAN_POINT('',(33.553,27.048,31.7));
#8746=CARTESIAN_POINT('',(33.553,59.048,31.7));
#8747=CARTESIAN_POINT('',(33.553,57.798,31.7));
#8748=CARTESIAN_POINT('',(33.553,27.048,15.));
#8749=CARTESIAN_POINT('',(33.553,27.048,32.));
#8750=CARTESIAN_POINT('',(33.553,59.048,15.));
#8751=CARTESIAN_POINT('',(33.553,27.048,15.));
#8752=CARTESIAN_POINT('',(33.553,59.048,32.));
#8753=CARTESIAN_POINT('Origin',(69.903,25.9247876169554,17.9281962349965));
#8754=CARTESIAN_POINT('',(69.753,11.4815379739399,14.7626152213229));
#8755=CARTESIAN_POINT('',(70.053,11.5487350664684,14.4702378098224));
#8756=CARTESIAN_POINT('',(69.753,10.0480000000001,14.4331452277844));
#8757=CARTESIAN_POINT('',(69.753,25.8911890706912,18.0743849407467));
#8758=CARTESIAN_POINT('',(69.753,10.0480000000001,14.4331452277844));
#8759=CARTESIAN_POINT('Origin',(69.903,17.2073165088702,34.7304916545418));
#8760=CARTESIAN_POINT('',(69.753,6.15742241966423,26.0816735522255));
#8761=CARTESIAN_POINT('',(70.053,5.97505159558599,26.3198769999861));
#8762=CARTESIAN_POINT('',(69.753,10.0480000000001,29.0603367333703));
#8763=CARTESIAN_POINT('',(69.753,17.2985019209093,34.6113899306615));
#8764=CARTESIAN_POINT('',(69.753,10.0480000000001,29.0603367333703));
#8765=CARTESIAN_POINT('Origin',(69.903,10.048,20.9999999999999));
#8766=CARTESIAN_POINT('',(69.753,8.6144560818677,14.7626165874765));
#8767=CARTESIAN_POINT('',(70.053,8.5472587107059,14.4702392400174));
#8768=CARTESIAN_POINT('Origin',(69.753,10.048,20.9999999999999));
#8769=CARTESIAN_POINT('Origin',(69.903,24.7987757010778,10.8890641911079));
#8770=CARTESIAN_POINT('',(69.753,24.832374247342,11.0352528968582));
#8771=CARTESIAN_POINT('Origin',(69.903,10.048,20.9999999999999));
#8772=CARTESIAN_POINT('',(69.753,13.9385775803359,26.0816735522255));
#8773=CARTESIAN_POINT('',(70.053,14.1209484044141,26.319876999986));
#8774=CARTESIAN_POINT('Origin',(69.753,10.048,20.9999999999999));
#8775=CARTESIAN_POINT('Origin',(69.903,25.6389625404729,17.3126617396324));
#8776=CARTESIAN_POINT('',(69.753,25.5477771284338,17.1935600157521));
#8777=CARTESIAN_POINT('Origin',(70.053,10.048,20.9999999999999));
#8778=CARTESIAN_POINT('',(68.353,13.9385775803359,26.0816735522255));
#8779=CARTESIAN_POINT('',(70.053,13.9385775803359,26.0816735522255));
#8780=CARTESIAN_POINT('',(68.353,11.4815379739399,14.7626152213229));
#8781=CARTESIAN_POINT('Origin',(68.353,10.048,20.9999999999999));
#8782=CARTESIAN_POINT('',(70.053,11.4815379739399,14.7626152213229));
#8783=CARTESIAN_POINT('Origin',(70.053,13.9385775803359,26.0816735522255));
#8784=CARTESIAN_POINT('',(68.353,10.0480000000001,29.0603367333703));
#8785=CARTESIAN_POINT('',(70.053,10.0480000000001,29.0603367333703));
#8786=CARTESIAN_POINT('',(68.353,23.860200999147,18.4855843432175));
#8787=CARTESIAN_POINT('Origin',(70.053,10.0480000000001,29.0603367333703));
#8788=CARTESIAN_POINT('',(68.353,6.15742241966423,26.0816735522255));
#8789=CARTESIAN_POINT('',(70.053,6.15742241966423,26.0816735522255));
#8790=CARTESIAN_POINT('',(68.353,18.9860780501961,35.9034142581269));
#8791=CARTESIAN_POINT('Origin',(58.703,46.1718329701445,25.1593668760769));
#8792=CARTESIAN_POINT('',(58.553,43.048,28.4953318805772));
#8793=CARTESIAN_POINT('',(58.553,46.7956659402887,24.7476659402888));
#8794=CARTESIAN_POINT('',(58.553,46.2778989873225,25.2654328932549));
#8795=CARTESIAN_POINT('',(58.853,46.5835339059327,24.5355339059328));
#8796=CARTESIAN_POINT('',(58.553,46.7956659402887,24.7476659402888));
#8797=CARTESIAN_POINT('',(58.853,43.048,28.0710678118653));
#8798=CARTESIAN_POINT('',(58.853,46.0657669529666,25.0533008588989));
#8799=CARTESIAN_POINT('',(58.553,43.048,28.4953318805772));
#8800=CARTESIAN_POINT('Origin',(58.703,43.048,21.));
#8801=CARTESIAN_POINT('',(58.553,39.3003340597113,24.7476659402887));
#8802=CARTESIAN_POINT('',(58.853,39.5124660940672,24.5355339059327));
#8803=CARTESIAN_POINT('',(58.553,39.3003340597113,24.7476659402887));
#8804=CARTESIAN_POINT('Origin',(58.853,43.048,21.));
#8805=CARTESIAN_POINT('Origin',(58.553,43.048,21.));
#8806=CARTESIAN_POINT('Origin',(58.703,46.1564000768896,31.3915999231106));
#8807=CARTESIAN_POINT('',(58.853,46.2624660940676,31.2855339059326));
#8808=CARTESIAN_POINT('',(58.553,46.0503340597116,31.4976659402886));
#8809=CARTESIAN_POINT('Origin',(0.0529999999999919,39.5124660940672,24.5355339059327));
#8810=CARTESIAN_POINT('',(69.753,43.048,28.0710678118653));
#8811=CARTESIAN_POINT('',(0.0529999999999919,43.048,28.0710678118653));
#8812=CARTESIAN_POINT('',(69.753,39.5124660940672,24.5355339059327));
#8813=CARTESIAN_POINT('',(69.753,38.2624660940673,23.2855339059329));
#8814=CARTESIAN_POINT('',(0.0529999999999919,39.5124660940672,24.5355339059327));
#8815=CARTESIAN_POINT('Origin',(0.0529999999999919,43.048,28.0710678118653));
#8816=CARTESIAN_POINT('',(69.753,46.5835339059327,24.5355339059328));
#8817=CARTESIAN_POINT('',(0.0529999999999919,46.5835339059327,24.5355339059328));
#8818=CARTESIAN_POINT('',(69.753,46.0657669529663,25.0533008588991));
#8819=CARTESIAN_POINT('Origin',(58.553,59.048,32.));
#8820=CARTESIAN_POINT('',(58.553,59.048,31.7));
#8821=CARTESIAN_POINT('',(58.553,27.048,31.7));
#8822=CARTESIAN_POINT('',(58.553,73.798,31.7));
#8823=CARTESIAN_POINT('',(58.553,59.048,15.));
#8824=CARTESIAN_POINT('',(58.553,59.048,32.));
#8825=CARTESIAN_POINT('',(58.553,27.048,15.));
#8826=CARTESIAN_POINT('',(58.553,59.048,15.));
#8827=CARTESIAN_POINT('',(58.553,27.048,32.));
#8828=CARTESIAN_POINT('Origin',(1.903,59.407984427617,18.103608895222));
#8829=CARTESIAN_POINT('',(1.75299999999999,76.0479999999999,14.4331452277844));
#8830=CARTESIAN_POINT('',(1.75299999999999,74.6144620260601,14.7626152213229));
#8831=CARTESIAN_POINT('',(1.75299999999999,59.4415829738813,18.2497976009722));
#8832=CARTESIAN_POINT('',(2.05299999999999,74.5472649335316,14.4702378098224));
#8833=CARTESIAN_POINT('',(1.75299999999999,74.6144620260601,14.7626152213229));
#8834=CARTESIAN_POINT('',(2.05299999999999,76.0479999999999,14.1253239103368));
#8835=CARTESIAN_POINT('',(2.05299999999999,59.3743858813528,17.9574201894717));
#8836=CARTESIAN_POINT('',(2.05299999999999,76.0479999999999,14.1253239103368));
#8837=CARTESIAN_POINT('Origin',(1.90299999999999,67.201107361843,36.0225159820072));
#8838=CARTESIAN_POINT('',(1.75299999999999,76.0479999999999,29.0603367333703));
#8839=CARTESIAN_POINT('',(1.75299999999999,79.9385775803357,26.0816735522255));
#8840=CARTESIAN_POINT('',(1.75299999999999,67.1099219498039,35.9034142581269));
#8841=CARTESIAN_POINT('',(2.05299999999999,80.120948404414,26.3198769999861));
#8842=CARTESIAN_POINT('',(1.75299999999999,79.9385775803357,26.0816735522255));
#8843=CARTESIAN_POINT('',(2.05299999999999,76.0479999999999,29.4381650177471));
#8844=CARTESIAN_POINT('',(2.05299999999999,67.2922927738822,36.1416177058875));
#8845=CARTESIAN_POINT('',(2.05299999999999,76.0479999999999,29.4381650177471));
#8846=CARTESIAN_POINT('Origin',(1.90299999999999,76.0479999999999,20.9999999999999));
#8847=CARTESIAN_POINT('',(1.75299999999999,77.4815439181323,14.7626165874765));
#8848=CARTESIAN_POINT('',(2.05299999999999,77.5487412892941,14.4702392400174));
#8849=CARTESIAN_POINT('',(1.75299999999999,77.4815439181323,14.7626165874765));
#8850=CARTESIAN_POINT('Origin',(2.05299999999999,76.0479999999999,20.9999999999999));
#8851=CARTESIAN_POINT('Origin',(1.75299999999999,76.0479999999999,20.9999999999999));
#8852=CARTESIAN_POINT('Origin',(1.903,62.0604522543497,11.0644768513334));
#8853=CARTESIAN_POINT('',(2.05299999999999,62.0940508006139,10.9182881455832));
#8854=CARTESIAN_POINT('',(1.75299999999999,62.0268537080855,11.2106655570837));
#8855=CARTESIAN_POINT('Origin',(1.90299999999999,76.0479999999999,20.9999999999999));
#8856=CARTESIAN_POINT('',(1.75299999999999,72.1574224196641,26.0816735522255));
#8857=CARTESIAN_POINT('',(2.05299999999999,71.9750515955859,26.3198769999861));
#8858=CARTESIAN_POINT('',(1.75299999999999,72.1574224196641,26.0816735522255));
#8859=CARTESIAN_POINT('Origin',(2.05299999999999,76.0479999999999,20.9999999999999));
#8860=CARTESIAN_POINT('Origin',(1.75299999999999,76.0479999999999,20.9999999999999));
#8861=CARTESIAN_POINT('Origin',(1.903,62.1446135888138,18.6046860670978));
#8862=CARTESIAN_POINT('',(2.05299999999999,62.0534281767747,18.7237877909781));
#8863=CARTESIAN_POINT('',(1.75299999999999,62.2357990008529,18.4855843432175));
#8864=CARTESIAN_POINT('Origin',(0.0529999999999919,77.4815439181323,14.7626165874765));
#8865=CARTESIAN_POINT('',(0.352999999999994,77.4815439181323,14.7626165874765));
#8866=CARTESIAN_POINT('',(0.0529999999999919,77.4815439181323,14.7626165874765));
#8867=CARTESIAN_POINT('',(0.352999999999994,76.0479999999999,14.4331452277844));
#8868=CARTESIAN_POINT('',(0.352999999999994,61.263625752658,11.0352528968582));
#8869=CARTESIAN_POINT('',(0.0529999999999919,76.0479999999999,14.4331452277844));
#8870=CARTESIAN_POINT('Origin',(0.0529999999999919,76.0479999999999,20.9999999999999));
#8871=CARTESIAN_POINT('',(0.352999999999994,79.9385775803357,26.0816735522255));
#8872=CARTESIAN_POINT('',(0.0529999999999919,79.9385775803357,26.0816735522255));
#8873=CARTESIAN_POINT('Origin',(0.352999999999994,76.0479999999999,20.9999999999999));
#8874=CARTESIAN_POINT('Origin',(0.0529999999999919,76.0479999999999,29.0603367333703));
#8875=CARTESIAN_POINT('',(0.352999999999994,76.0479999999999,29.0603367333703));
#8876=CARTESIAN_POINT('',(0.0529999999999919,76.0479999999999,29.0603367333703));
#8877=CARTESIAN_POINT('',(0.352999999999986,68.7974980790907,34.6113899306615));
#8878=CARTESIAN_POINT('Origin',(2.05299999999999,43.048,22.9925));
#8879=CARTESIAN_POINT('Origin',(1.903,24.7523197047165,10.8997411714874));
#8880=CARTESIAN_POINT('',(1.75299999999999,10.0480000000001,14.4331452277844));
#8881=CARTESIAN_POINT('',(1.75299999999999,8.6144560818677,14.7626165874765));
#8882=CARTESIAN_POINT('',(1.75299999999999,24.7859182509807,11.0459298772376));
#8883=CARTESIAN_POINT('',(1.75299999999999,8.6144560818677,14.7626165874765));
#8884=CARTESIAN_POINT('',(2.05299999999999,10.048,14.1253239103368));
#8885=CARTESIAN_POINT('Origin',(1.903,22.0060976210182,20.0940176576702));
#8886=CARTESIAN_POINT('',(1.75299999999999,10.0480000000001,29.0603367333703));
#8887=CARTESIAN_POINT('',(1.75299999999999,13.9385775803359,26.0816735522255));
#8888=CARTESIAN_POINT('',(1.75299999999999,21.9149122089791,19.9749159337899));
#8889=CARTESIAN_POINT('',(1.75299999999999,13.9385775803359,26.0816735522255));
#8890=CARTESIAN_POINT('',(2.05299999999999,10.0480000000001,29.4381650177471));
#8891=CARTESIAN_POINT('Origin',(1.90299999999999,10.048,20.9999999999999));
#8892=CARTESIAN_POINT('',(1.75299999999999,11.4815379739399,14.7626152213229));
#8893=CARTESIAN_POINT('',(1.75299999999999,11.4815379739399,14.7626152213229));
#8894=CARTESIAN_POINT('Origin',(1.75299999999999,10.048,20.9999999999999));
#8895=CARTESIAN_POINT('Origin',(1.903,27.4047845593528,18.2683438919912));
#8896=CARTESIAN_POINT('',(1.75299999999999,27.3711860130886,18.4145325977415));
#8897=CARTESIAN_POINT('Origin',(1.90299999999999,10.048,20.9999999999999));
#8898=CARTESIAN_POINT('',(1.75299999999999,6.15742241966423,26.0816735522255));
#8899=CARTESIAN_POINT('',(1.75299999999999,6.15742241966423,26.0816735522255));
#8900=CARTESIAN_POINT('Origin',(1.75299999999999,10.048,20.9999999999999));
#8901=CARTESIAN_POINT('Origin',(1.90299999999999,16.949603847989,34.5331843914348));
#8902=CARTESIAN_POINT('',(1.75299999999999,17.0407892600282,34.4140826675545));
#8903=CARTESIAN_POINT('Origin',(0.0529999999999919,11.4815379739399,14.7626152213229));
#8904=CARTESIAN_POINT('',(0.352999999999994,11.4815379739399,14.7626152213229));
#8905=CARTESIAN_POINT('',(0.0529999999999919,11.4815379739399,14.7626152213229));
#8906=CARTESIAN_POINT('',(0.352999999999994,10.0480000000001,14.4331452277844));
#8907=CARTESIAN_POINT('',(0.352999999999994,26.6079580576611,18.239119937516));
#8908=CARTESIAN_POINT('',(0.0529999999999919,10.0480000000001,14.4331452277844));
#8909=CARTESIAN_POINT('Origin',(0.0529999999999919,10.048,20.9999999999999));
#8910=CARTESIAN_POINT('',(0.352999999999994,13.9385775803359,26.0816735522255));
#8911=CARTESIAN_POINT('',(0.0529999999999919,13.9385775803359,26.0816735522255));
#8912=CARTESIAN_POINT('Origin',(0.352999999999994,10.048,20.9999999999999));
#8913=CARTESIAN_POINT('Origin',(0.0529999999999919,10.0480000000001,29.0603367333703));
#8914=CARTESIAN_POINT('',(0.352999999999994,10.0480000000001,29.0603367333703));
#8915=CARTESIAN_POINT('',(0.0529999999999919,10.0480000000001,29.0603367333703));
#8916=CARTESIAN_POINT('',(0.352999999999994,23.6024883382659,18.6828916063245));
#8917=CARTESIAN_POINT('Origin',(0.202999999999989,23.693673750305,18.8019933302048));
#8918=CARTESIAN_POINT('',(0.0529999999999919,14.1209484044141,26.3198769999861));
#8919=CARTESIAN_POINT('',(0.352999999999994,10.0480000000001,29.0603367333703));
#8920=CARTESIAN_POINT('Origin',(0.202999999999998,25.5155476601439,10.7243285112619));
#8921=CARTESIAN_POINT('',(0.352999999999994,8.6144560818677,14.7626165874765));
#8922=CARTESIAN_POINT('',(0.0529999999999919,8.5472589893393,14.470239175976));
#8923=CARTESIAN_POINT('',(0.352999999999994,25.5491462064081,10.8705172170121));
#8924=CARTESIAN_POINT('',(0.352999999999994,10.0480000000001,14.4331452277844));
#8925=CARTESIAN_POINT('Origin',(0.202999999999989,10.048,20.9999999999999));
#8926=CARTESIAN_POINT('',(0.352999999999994,6.15742241966423,26.0816735522255));
#8927=CARTESIAN_POINT('',(0.0529999999999919,5.97505159558596,26.3198769999861));
#8928=CARTESIAN_POINT('Origin',(0.352999999999994,10.048,20.9999999999999));
#8929=CARTESIAN_POINT('Origin',(0.202999999999989,15.2620277187023,33.2411600639694));
#8930=CARTESIAN_POINT('',(0.352999999999994,15.3532131307414,33.1220583400891));
#8931=CARTESIAN_POINT('Origin',(0.202999999999989,10.048,20.9999999999999));
#8932=CARTESIAN_POINT('',(0.0529999999999919,11.5487350664684,14.4702378098224));
#8933=CARTESIAN_POINT('Origin',(0.202999999999989,26.6415566039254,18.0929312317657));
#8934=CARTESIAN_POINT('Origin',(0.0529999999999919,10.0480000000001,14.4331452277844));
#8935=CARTESIAN_POINT('',(0.0529999999999919,8.6144560818677,14.7626165874765));
#8936=CARTESIAN_POINT('Origin',(0.202999999999989,68.8886834911298,34.7304916545418));
#8937=CARTESIAN_POINT('',(0.0529999999999919,80.120948404414,26.3198769999861));
#8938=CARTESIAN_POINT('',(0.352999999999994,76.0479999999999,29.0603367333703));
#8939=CARTESIAN_POINT('Origin',(0.202999999999989,60.1712123830446,17.9281962349965));
#8940=CARTESIAN_POINT('',(0.352999999999994,74.6144620260601,14.7626152213229));
#8941=CARTESIAN_POINT('',(0.0529999999999919,74.5472649335316,14.4702378098224));
#8942=CARTESIAN_POINT('',(0.352999999999994,60.2048109293088,18.0743849407467));
#8943=CARTESIAN_POINT('',(0.352999999999994,76.0479999999999,14.4331452277844));
#8944=CARTESIAN_POINT('Origin',(0.202999999999989,76.0479999999999,20.9999999999999));
#8945=CARTESIAN_POINT('',(0.352999999999994,72.1574224196641,26.0816735522255));
#8946=CARTESIAN_POINT('',(0.0529999999999919,71.9750515955859,26.3198769999861));
#8947=CARTESIAN_POINT('Origin',(0.352999999999994,76.0479999999999,20.9999999999999));
#8948=CARTESIAN_POINT('Origin',(0.202999999999989,60.4570374595271,17.3126617396324));
#8949=CARTESIAN_POINT('',(0.352999999999994,60.5482228715662,17.1935600157521));
#8950=CARTESIAN_POINT('Origin',(0.202999999999989,76.0479999999999,20.9999999999999));
#8951=CARTESIAN_POINT('',(0.0529999999999919,77.5487412892941,14.4702392400174));
#8952=CARTESIAN_POINT('Origin',(0.202999999999998,61.2972242989222,10.889064191108));
#8953=CARTESIAN_POINT('Origin',(0.0529999999999919,76.0479999999999,14.4331452277844));
#8954=CARTESIAN_POINT('',(0.0529999999999919,74.6144620260601,14.7626152213229));
#8955=CARTESIAN_POINT('Origin',(68.203,61.3436802952835,10.8997411714874));
#8956=CARTESIAN_POINT('',(68.353,76.0479999999999,14.4331452277844));
#8957=CARTESIAN_POINT('',(68.353,77.4815439181323,14.7626165874765));
#8958=CARTESIAN_POINT('',(68.353,61.3100817490193,11.0459298772377));
#8959=CARTESIAN_POINT('',(68.353,77.4815439181323,14.7626165874765));
#8960=CARTESIAN_POINT('',(68.053,76.0479999999999,14.1253239103368));
#8961=CARTESIAN_POINT('Origin',(68.203,64.0899023789817,20.0940176576702));
#8962=CARTESIAN_POINT('',(68.353,76.0479999999999,29.0603367333703));
#8963=CARTESIAN_POINT('',(68.353,72.1574224196641,26.0816735522255));
#8964=CARTESIAN_POINT('',(68.353,64.1810877910208,19.9749159337899));
#8965=CARTESIAN_POINT('',(68.353,72.1574224196641,26.0816735522255));
#8966=CARTESIAN_POINT('',(68.053,76.0479999999999,29.4381650177471));
#8967=CARTESIAN_POINT('Origin',(68.203,76.0479999999999,20.9999999999999));
#8968=CARTESIAN_POINT('',(68.353,74.6144620260601,14.7626152213229));
#8969=CARTESIAN_POINT('',(68.353,74.6144620260601,14.7626152213229));
#8970=CARTESIAN_POINT('Origin',(68.353,76.0479999999999,20.9999999999999));
#8971=CARTESIAN_POINT('Origin',(68.203,58.6912154406471,18.2683438919912));
#8972=CARTESIAN_POINT('',(68.353,58.7248139869113,18.4145325977414));
#8973=CARTESIAN_POINT('Origin',(68.203,76.0479999999999,20.9999999999999));
#8974=CARTESIAN_POINT('',(68.353,79.9385775803357,26.0816735522255));
#8975=CARTESIAN_POINT('',(68.353,79.9385775803357,26.0816735522255));
#8976=CARTESIAN_POINT('Origin',(68.353,76.0479999999999,20.9999999999999));
#8977=CARTESIAN_POINT('Origin',(68.203,69.1463961520109,34.5331843914348));
#8978=CARTESIAN_POINT('',(68.353,69.0552107399718,34.4140826675545));
#8979=CARTESIAN_POINT('Origin',(70.053,74.6144620260601,14.7626152213229));
#8980=CARTESIAN_POINT('',(70.053,74.6144620260601,14.7626152213229));
#8981=CARTESIAN_POINT('',(70.053,76.0479999999999,14.4331452277844));
#8982=CARTESIAN_POINT('Origin',(70.053,76.0479999999999,20.9999999999999));
#8983=CARTESIAN_POINT('',(70.053,72.1574224196641,26.0816735522255));
#8984=CARTESIAN_POINT('Origin',(70.053,76.0479999999999,29.0603367333703));
#8985=CARTESIAN_POINT('',(70.053,76.0479999999999,29.0603367333703));
#8986=CARTESIAN_POINT('Origin',(68.203,26.6880155723829,18.103608895222));
#8987=CARTESIAN_POINT('',(68.353,10.0480000000001,14.4331452277844));
#8988=CARTESIAN_POINT('',(68.353,26.6544170261187,18.2497976009722));
#8989=CARTESIAN_POINT('',(68.353,11.4815379739399,14.7626152213229));
#8990=CARTESIAN_POINT('',(68.053,10.048,14.1253239103368));
#8991=CARTESIAN_POINT('Origin',(68.203,18.894892638157,36.0225159820072));
#8992=CARTESIAN_POINT('',(68.353,6.15742241966423,26.0816735522255));
#8993=CARTESIAN_POINT('',(68.053,10.0480000000001,29.4381650177471));
#8994=CARTESIAN_POINT('Origin',(68.203,10.048,20.9999999999999));
#8995=CARTESIAN_POINT('',(68.353,8.6144560818677,14.7626165874765));
#8996=CARTESIAN_POINT('',(68.353,8.6144560818677,14.7626165874765));
#8997=CARTESIAN_POINT('Origin',(68.353,10.048,20.9999999999999));
#8998=CARTESIAN_POINT('Origin',(68.203,24.0355477456503,11.0644768513334));
#8999=CARTESIAN_POINT('',(68.353,24.0691462919145,11.2106655570837));
#9000=CARTESIAN_POINT('Origin',(68.203,10.048,20.9999999999999));
#9001=CARTESIAN_POINT('',(68.353,13.9385775803359,26.0816735522255));
#9002=CARTESIAN_POINT('Origin',(68.203,23.9513864111861,18.6046860670978));
#9003=CARTESIAN_POINT('Origin',(70.053,8.6144560818677,14.7626165874765));
#9004=CARTESIAN_POINT('',(70.053,10.0480000000001,14.4331452277844));
#9005=CARTESIAN_POINT('',(70.053,8.6144560818677,14.7626165874765));
#9006=CARTESIAN_POINT('Origin',(70.053,10.048,20.9999999999999));
#9007=CARTESIAN_POINT('Origin',(58.703,73.798,31.85));
#9008=CARTESIAN_POINT('',(58.553,27.048,31.7));
#9009=CARTESIAN_POINT('',(58.853,59.048,32.));
#9010=CARTESIAN_POINT('Origin',(56.553,27.048,31.85));
#9011=CARTESIAN_POINT('',(56.553,25.048,31.7));
#9012=CARTESIAN_POINT('',(56.553,25.048,31.7));
#9013=CARTESIAN_POINT('Origin',(56.553,27.048,31.7));
#9014=CARTESIAN_POINT('Origin',(28.303,24.898,31.85));
#9015=CARTESIAN_POINT('',(35.553,25.048,31.7));
#9016=CARTESIAN_POINT('',(35.553,25.048,31.7));
#9017=CARTESIAN_POINT('',(28.303,25.048,31.7));
#9018=CARTESIAN_POINT('Origin',(35.553,27.048,31.85));
#9019=CARTESIAN_POINT('',(33.553,27.048,31.7));
#9020=CARTESIAN_POINT('Origin',(35.553,27.048,31.7));
#9021=CARTESIAN_POINT('Origin',(33.403,57.798,31.85));
#9022=CARTESIAN_POINT('',(33.553,59.048,31.7));
#9023=CARTESIAN_POINT('Origin',(35.553,59.048,31.85));
#9024=CARTESIAN_POINT('',(35.553,61.048,31.7));
#9025=CARTESIAN_POINT('',(35.553,61.048,31.7));
#9026=CARTESIAN_POINT('Origin',(35.553,59.048,31.7));
#9027=CARTESIAN_POINT('Origin',(17.803,61.198,31.85));
#9028=CARTESIAN_POINT('',(56.553,61.048,31.7));
#9029=CARTESIAN_POINT('',(56.553,61.048,31.7));
#9030=CARTESIAN_POINT('',(17.803,61.048,31.7));
#9031=CARTESIAN_POINT('Origin',(56.553,59.048,31.85));
#9032=CARTESIAN_POINT('Origin',(56.553,59.048,31.7));
#9033=CARTESIAN_POINT('Origin',(35.553,27.048,32.));
#9034=CARTESIAN_POINT('',(35.553,25.048,15.));
#9035=CARTESIAN_POINT('',(35.553,25.048,32.));
#9036=CARTESIAN_POINT('Origin',(35.553,27.048,15.));
#9037=CARTESIAN_POINT('Origin',(56.553,25.048,32.));
#9038=CARTESIAN_POINT('',(56.553,25.048,15.));
#9039=CARTESIAN_POINT('',(56.553,25.048,32.));
#9040=CARTESIAN_POINT('',(56.553,25.048,15.));
#9041=CARTESIAN_POINT('Origin',(56.553,27.048,32.));
#9042=CARTESIAN_POINT('Origin',(56.553,27.048,15.));
#9043=CARTESIAN_POINT('Origin',(0.202999999999989,38.1564000768893,23.3915999231109));
#9044=CARTESIAN_POINT('',(0.352999999999994,39.5124660940672,24.5355339059327));
#9045=CARTESIAN_POINT('',(0.352999999999994,43.048,28.0710678118653));
#9046=CARTESIAN_POINT('Origin',(0.202999999999989,43.048,21.));
#9047=CARTESIAN_POINT('',(0.352999999999994,46.5835339059327,24.5355339059328));
#9048=CARTESIAN_POINT('Origin',(0.352999999999994,43.048,21.));
#9049=CARTESIAN_POINT('Origin',(0.202999999999989,46.1718329701443,25.1593668760771));
#9050=CARTESIAN_POINT('Origin',(0.0529999999999919,43.048,21.));
#9051=CARTESIAN_POINT('Origin',(69.903,46.1718329701443,25.1593668760771));
#9052=CARTESIAN_POINT('',(69.753,46.5835339059327,24.5355339059328));
#9053=CARTESIAN_POINT('',(70.053,43.048,28.4953318805772));
#9054=CARTESIAN_POINT('Origin',(69.903,43.048,21.));
#9055=CARTESIAN_POINT('',(69.753,39.5124660940672,24.5355339059327));
#9056=CARTESIAN_POINT('Origin',(69.753,43.048,21.));
#9057=CARTESIAN_POINT('Origin',(69.903,38.1564000768893,23.3915999231109));
#9058=CARTESIAN_POINT('Origin',(0.0529999999999919,43.048,21.));
#9059=CARTESIAN_POINT('Origin',(70.053,79.9385775803357,26.0816735522255));
#9060=CARTESIAN_POINT('',(70.053,79.9385775803357,26.0816735522255));
#9061=CARTESIAN_POINT('Origin',(70.053,76.0479999999999,20.9999999999999));
#9062=CARTESIAN_POINT('',(70.053,77.4815439181323,14.7626165874765));
#9063=CARTESIAN_POINT('Origin',(70.053,76.0479999999999,14.4331452277844));
#9064=CARTESIAN_POINT('Origin',(70.053,10.0480000000001,14.4331452277844));
#9065=CARTESIAN_POINT('Origin',(0.0529999999999919,6.15742241966423,26.0816735522255));
#9066=CARTESIAN_POINT('',(0.0529999999999919,6.15742241966423,26.0816735522255));
#9067=CARTESIAN_POINT('Origin',(0.0529999999999919,10.048,20.9999999999999));
#9068=CARTESIAN_POINT('Origin',(0.0529999999999919,72.1574224196641,26.0816735522255));
#9069=CARTESIAN_POINT('',(0.0529999999999919,72.1574224196641,26.0816735522255));
#9070=CARTESIAN_POINT('Origin',(0.0529999999999919,76.0479999999999,20.9999999999999));
#9071=CARTESIAN_POINT('Origin',(56.553,59.048,32.));
#9072=CARTESIAN_POINT('',(56.553,61.048,15.));
#9073=CARTESIAN_POINT('',(56.553,61.048,32.));
#9074=CARTESIAN_POINT('Origin',(56.553,59.048,15.));
#9075=CARTESIAN_POINT('Origin',(35.553,61.048,32.));
#9076=CARTESIAN_POINT('',(35.553,61.048,15.));
#9077=CARTESIAN_POINT('',(35.553,61.048,32.));
#9078=CARTESIAN_POINT('',(35.553,61.048,15.));
#9079=CARTESIAN_POINT('Origin',(35.553,59.048,32.));
#9080=CARTESIAN_POINT('Origin',(35.553,59.048,15.));
#9081=CARTESIAN_POINT('Origin',(46.053,33.048,1.42500000000001));
#9082=CARTESIAN_POINT('',(48.703,33.048,2.85000000000001));
#9083=CARTESIAN_POINT('Origin',(46.053,33.048,2.85000000000001));
#9084=CARTESIAN_POINT('',(50.128,33.048,1.42500000000001));
#9085=CARTESIAN_POINT('Origin',(46.053,33.048,32.));
#9086=CARTESIAN_POINT('',(48.703,33.048,32.));
#9087=CARTESIAN_POINT('Origin',(46.053,53.048,1.42500000000001));
#9088=CARTESIAN_POINT('',(48.703,53.048,2.85000000000001));
#9089=CARTESIAN_POINT('Origin',(46.053,53.048,2.85000000000001));
#9090=CARTESIAN_POINT('',(50.128,53.048,1.42500000000001));
#9091=CARTESIAN_POINT('Origin',(46.053,53.048,32.));
#9092=CARTESIAN_POINT('',(48.703,53.048,32.));
#9093=CARTESIAN_POINT('Origin',(12.053,76.548,0.0500000000000078));
#9094=CARTESIAN_POINT('',(14.853,76.548,0.0500000000000082));
#9095=CARTESIAN_POINT('Origin',(12.053,76.548,13.));
#9096=CARTESIAN_POINT('Origin',(58.053,9.548,0.0500000000000167));
#9097=CARTESIAN_POINT('',(60.803,9.548,0.10000000000002));
#9098=CARTESIAN_POINT('Origin',(58.053,9.548,0.10000000000002));
#9099=CARTESIAN_POINT('',(60.853,9.548,0.050000000000017));
#9100=CARTESIAN_POINT('Origin',(58.053,9.548,6.50000000000002));
#9101=CARTESIAN_POINT('',(60.803,9.548,6.50000000000002));
#9102=CARTESIAN_POINT('Origin',(58.053,9.548,13.));
#9103=CARTESIAN_POINT('Origin',(12.053,9.548,0.0500000000000078));
#9104=CARTESIAN_POINT('',(14.853,9.548,0.0500000000000082));
#9105=CARTESIAN_POINT('Origin',(12.053,9.548,6.50000000000001));
#9106=CARTESIAN_POINT('',(14.803,9.548,13.));
#9107=CARTESIAN_POINT('',(14.803,9.548,6.50000000000001));
#9108=CARTESIAN_POINT('Origin',(12.053,9.548,13.));
#9109=CARTESIAN_POINT('Origin',(12.053,9.548,13.));
#9110=CARTESIAN_POINT('Origin',(58.053,76.548,0.0500000000000167));
#9111=CARTESIAN_POINT('',(60.853,76.548,0.050000000000017));
#9112=CARTESIAN_POINT('Origin',(58.053,76.548,13.));
#9113=CARTESIAN_POINT('Origin',(46.053,43.048,15.));
#9114=UNCERTAINTY_MEASURE_WITH_UNIT(LENGTH_MEASURE(0.01),#9118,
'DISTANCE_ACCURACY_VALUE',
'Maximum model space distance between geometric entities at asserted c
onnectivities');
#9115=UNCERTAINTY_MEASURE_WITH_UNIT(LENGTH_MEASURE(0.01),#9118,
'DISTANCE_ACCURACY_VALUE',
'Maximum model space distance between geometric entities at asserted c
onnectivities');
#9116=(
GEOMETRIC_REPRESENTATION_CONTEXT(3)
GLOBAL_UNCERTAINTY_ASSIGNED_CONTEXT((#9114))
GLOBAL_UNIT_ASSIGNED_CONTEXT((#9118,#9120,#9121))
REPRESENTATION_CONTEXT('','3D')
);
#9117=(
GEOMETRIC_REPRESENTATION_CONTEXT(3)
GLOBAL_UNCERTAINTY_ASSIGNED_CONTEXT((#9115))
GLOBAL_UNIT_ASSIGNED_CONTEXT((#9118,#9120,#9121))
REPRESENTATION_CONTEXT('','3D')
);
#9118=(
LENGTH_UNIT()
NAMED_UNIT(*)
SI_UNIT(.MILLI.,.METRE.)
);
#9119=(
LENGTH_UNIT()
NAMED_UNIT(*)
SI_UNIT($,.METRE.)
);
#9120=(
NAMED_UNIT(*)
PLANE_ANGLE_UNIT()
SI_UNIT($,.RADIAN.)
);
#9121=(
NAMED_UNIT(*)
SI_UNIT($,.STERADIAN.)
SOLID_ANGLE_UNIT()
);
#9122=SHAPE_DEFINITION_REPRESENTATION(#9123,#9124);
#9123=PRODUCT_DEFINITION_SHAPE('',$,#9126);
#9124=SHAPE_REPRESENTATION('',(#5536),#9116);
#9125=PRODUCT_DEFINITION_CONTEXT('part definition',#9130,'design');
#9126=PRODUCT_DEFINITION('2026-03-28-16-25-14-033','y-sled-bottom',#9127,
#9125);
#9127=PRODUCT_DEFINITION_FORMATION('',$,#9132);
#9128=PRODUCT_RELATED_PRODUCT_CATEGORY('y-sled-bottom','y-sled-bottom',
(#9132));
#9129=APPLICATION_PROTOCOL_DEFINITION('international standard',
'automotive_design',2009,#9130);
#9130=APPLICATION_CONTEXT(
'Core Data for Automotive Mechanical Design Process');
#9131=PRODUCT_CONTEXT('part definition',#9130,'mechanical');
#9132=PRODUCT('2026-03-28-16-25-14-033','y-sled-bottom',$,(#9131));
#9133=PRESENTATION_STYLE_ASSIGNMENT((#9135));
#9134=PRESENTATION_STYLE_ASSIGNMENT((#9136));
#9135=SURFACE_STYLE_USAGE(.BOTH.,#9137);
#9136=SURFACE_STYLE_USAGE(.BOTH.,#9138);
#9137=SURFACE_SIDE_STYLE('',(#9139));
#9138=SURFACE_SIDE_STYLE('',(#9140));
#9139=SURFACE_STYLE_FILL_AREA(#9141);
#9140=SURFACE_STYLE_FILL_AREA(#9142);
#9141=FILL_AREA_STYLE('Stahl - satiniert',(#9143));
#9142=FILL_AREA_STYLE('Opaque(160,160,160)',(#9144));
#9143=FILL_AREA_STYLE_COLOUR('Stahl - satiniert',#9145);
#9144=FILL_AREA_STYLE_COLOUR('Opaque(160,160,160)',#9146);
#9145=COLOUR_RGB('Stahl - satiniert',0.627450980392157,0.627450980392157,
0.627450980392157);
#9146=COLOUR_RGB('Opaque(160,160,160)',0.627450980392157,0.627450980392157,
0.627450980392157);
ENDSEC;
END-ISO-10303-21;
