ISO-10303-21;
HEADER;
FILE_DESCRIPTION((''),'2;1');
FILE_NAME('12','2021-09-04T16:36:58',('Administrator'),(''),
'CREO PARAMETRIC BY PTC INC, 2016510','CREO PARAMETRIC BY PTC INC, 2016510','');
FILE_SCHEMA(('CONFIG_CONTROL_DESIGN','GEOMETRIC_VALIDATION_PROPERTIES_MIM'));
ENDSEC;
DATA;
#39=DIRECTION('',(0.E0,0.E0,-1.E0));
#40=VECTOR('',#39,2.E-2);
#41=CARTESIAN_POINT('',(-1.411375E-1,6.999680851512E-1,0.E0));
#42=LINE('',#41,#40);
#43=CARTESIAN_POINT('',(0.E0,1.224646799147E-14,0.E0));
#44=DIRECTION('',(0.E0,0.E0,-1.E0));
#45=DIRECTION('',(1.E0,0.E0,0.E0));
#46=AXIS2_PLACEMENT_3D('',#43,#44,#45);
#48=CARTESIAN_POINT('',(0.E0,1.224646799147E-14,0.E0));
#49=DIRECTION('',(0.E0,0.E0,-1.E0));
#50=DIRECTION('',(-1.E0,0.E0,0.E0));
#51=AXIS2_PLACEMENT_3D('',#48,#49,#50);
#53=CARTESIAN_POINT('',(-1.408078643416E0,0.E0,0.E0));
#54=DIRECTION('',(0.E0,0.E0,-1.E0));
#55=DIRECTION('',(1.E0,0.E0,0.E0));
#56=AXIS2_PLACEMENT_3D('',#53,#54,#55);
#58=CARTESIAN_POINT('',(-1.408078643416E0,0.E0,0.E0));
#59=DIRECTION('',(0.E0,0.E0,-1.E0));
#60=DIRECTION('',(-1.E0,0.E0,0.E0));
#61=AXIS2_PLACEMENT_3D('',#58,#59,#60);
#63=CARTESIAN_POINT('',(1.408078643416E0,0.E0,0.E0));
#64=DIRECTION('',(0.E0,0.E0,-1.E0));
#65=DIRECTION('',(1.E0,0.E0,0.E0));
#66=AXIS2_PLACEMENT_3D('',#63,#64,#65);
#68=CARTESIAN_POINT('',(1.408078643416E0,0.E0,0.E0));
#69=DIRECTION('',(0.E0,0.E0,-1.E0));
#70=DIRECTION('',(-1.E0,0.E0,0.E0));
#71=AXIS2_PLACEMENT_3D('',#68,#69,#70);
#73=CARTESIAN_POINT('',(0.E0,-1.149271461353E0,0.E0));
#74=DIRECTION('',(0.E0,0.E0,-1.E0));
#75=DIRECTION('',(1.E0,0.E0,0.E0));
#76=AXIS2_PLACEMENT_3D('',#73,#74,#75);
#78=CARTESIAN_POINT('',(0.E0,-1.149271461353E0,0.E0));
#79=DIRECTION('',(0.E0,0.E0,-1.E0));
#80=DIRECTION('',(-1.E0,0.E0,0.E0));
#81=AXIS2_PLACEMENT_3D('',#78,#79,#80);
#83=CARTESIAN_POINT('',(-8.643973688670E-1,-1.149271461353E0,0.E0));
#84=DIRECTION('',(0.E0,0.E0,-1.E0));
#85=DIRECTION('',(1.E0,0.E0,0.E0));
#86=AXIS2_PLACEMENT_3D('',#83,#84,#85);
#88=CARTESIAN_POINT('',(-8.643973688670E-1,-1.149271461353E0,0.E0));
#89=DIRECTION('',(0.E0,0.E0,-1.E0));
#90=DIRECTION('',(-1.E0,0.E0,0.E0));
#91=AXIS2_PLACEMENT_3D('',#88,#89,#90);
#93=CARTESIAN_POINT('',(8.643973688670E-1,-1.149271461353E0,0.E0));
#94=DIRECTION('',(0.E0,0.E0,-1.E0));
#95=DIRECTION('',(1.E0,0.E0,0.E0));
#96=AXIS2_PLACEMENT_3D('',#93,#94,#95);
#98=CARTESIAN_POINT('',(8.643973688670E-1,-1.149271461353E0,0.E0));
#99=DIRECTION('',(0.E0,0.E0,-1.E0));
#100=DIRECTION('',(-1.E0,0.E0,0.E0));
#101=AXIS2_PLACEMENT_3D('',#98,#99,#100);
#103=CARTESIAN_POINT('',(0.E0,1.149271461353E0,0.E0));
#104=DIRECTION('',(0.E0,0.E0,-1.E0));
#105=DIRECTION('',(1.E0,0.E0,0.E0));
#106=AXIS2_PLACEMENT_3D('',#103,#104,#105);
#108=CARTESIAN_POINT('',(0.E0,1.149271461353E0,0.E0));
#109=DIRECTION('',(0.E0,0.E0,-1.E0));
#110=DIRECTION('',(-1.E0,0.E0,0.E0));
#111=AXIS2_PLACEMENT_3D('',#108,#109,#110);
#113=CARTESIAN_POINT('',(-8.643973688670E-1,1.149271461353E0,0.E0));
#114=DIRECTION('',(0.E0,0.E0,-1.E0));
#115=DIRECTION('',(1.E0,0.E0,0.E0));
#116=AXIS2_PLACEMENT_3D('',#113,#114,#115);
#118=CARTESIAN_POINT('',(-8.643973688670E-1,1.149271461353E0,0.E0));
#119=DIRECTION('',(0.E0,0.E0,-1.E0));
#120=DIRECTION('',(-1.E0,0.E0,0.E0));
#121=AXIS2_PLACEMENT_3D('',#118,#119,#120);
#123=CARTESIAN_POINT('',(8.643973688670E-1,1.149271461353E0,0.E0));
#124=DIRECTION('',(0.E0,0.E0,-1.E0));
#125=DIRECTION('',(1.E0,0.E0,0.E0));
#126=AXIS2_PLACEMENT_3D('',#123,#124,#125);
#128=CARTESIAN_POINT('',(8.643973688670E-1,1.149271461353E0,0.E0));
#129=DIRECTION('',(0.E0,0.E0,-1.E0));
#130=DIRECTION('',(-1.E0,0.E0,0.E0));
#131=AXIS2_PLACEMENT_3D('',#128,#129,#130);
#133=DIRECTION('',(1.E0,0.E0,0.E0));
#134=VECTOR('',#133,5.E-1);
#135=CARTESIAN_POINT('',(-2.1E0,-8.E-1,0.E0));
#136=LINE('',#135,#134);
#137=DIRECTION('',(0.E0,-1.E0,0.E0));
#138=VECTOR('',#137,5.5E-1);
#139=CARTESIAN_POINT('',(-1.6E0,-8.E-1,0.E0));
#140=LINE('',#139,#138);
#141=DIRECTION('',(1.E0,0.E0,0.E0));
#142=VECTOR('',#141,5.E-1);
#143=CARTESIAN_POINT('',(-2.1E0,-1.35E0,0.E0));
#144=LINE('',#143,#142);
#145=DIRECTION('',(0.E0,-1.E0,0.E0));
#146=VECTOR('',#145,3.E-1);
#147=CARTESIAN_POINT('',(-2.1E0,-1.35E0,0.E0));
#148=LINE('',#147,#146);
#149=DIRECTION('',(1.E0,0.E0,0.E0));
#150=VECTOR('',#149,4.2E0);
#151=CARTESIAN_POINT('',(-2.1E0,-1.65E0,0.E0));
#152=LINE('',#151,#150);
#153=DIRECTION('',(0.E0,1.E0,0.E0));
#154=VECTOR('',#153,3.E-1);
#155=CARTESIAN_POINT('',(2.1E0,-1.65E0,0.E0));
#156=LINE('',#155,#154);
#157=DIRECTION('',(1.E0,0.E0,0.E0));
#158=VECTOR('',#157,5.E-1);
#159=CARTESIAN_POINT('',(1.6E0,-1.35E0,0.E0));
#160=LINE('',#159,#158);
#161=DIRECTION('',(0.E0,-1.E0,0.E0));
#162=VECTOR('',#161,5.5E-1);
#163=CARTESIAN_POINT('',(1.6E0,-8.E-1,0.E0));
#164=LINE('',#163,#162);
#165=DIRECTION('',(1.E0,0.E0,0.E0));
#166=VECTOR('',#165,5.E-1);
#167=CARTESIAN_POINT('',(1.6E0,-8.E-1,0.E0));
#168=LINE('',#167,#166);
#169=DIRECTION('',(0.E0,1.E0,0.E0));
#170=VECTOR('',#169,1.6E0);
#171=CARTESIAN_POINT('',(2.1E0,-8.E-1,0.E0));
#172=LINE('',#171,#170);
#173=DIRECTION('',(1.E0,0.E0,0.E0));
#174=VECTOR('',#173,5.E-1);
#175=CARTESIAN_POINT('',(1.6E0,8.E-1,0.E0));
#176=LINE('',#175,#174);
#177=DIRECTION('',(0.E0,1.E0,0.E0));
#178=VECTOR('',#177,5.5E-1);
#179=CARTESIAN_POINT('',(1.6E0,8.E-1,0.E0));
#180=LINE('',#179,#178);
#181=DIRECTION('',(1.E0,0.E0,0.E0));
#182=VECTOR('',#181,5.E-1);
#183=CARTESIAN_POINT('',(1.6E0,1.35E0,0.E0));
#184=LINE('',#183,#182);
#185=DIRECTION('',(0.E0,1.E0,0.E0));
#186=VECTOR('',#185,3.E-1);
#187=CARTESIAN_POINT('',(2.1E0,1.35E0,0.E0));
#188=LINE('',#187,#186);
#189=DIRECTION('',(-1.E0,0.E0,0.E0));
#190=VECTOR('',#189,4.2E0);
#191=CARTESIAN_POINT('',(2.1E0,1.65E0,0.E0));
#192=LINE('',#191,#190);
#193=DIRECTION('',(0.E0,-1.E0,0.E0));
#194=VECTOR('',#193,3.E-1);
#195=CARTESIAN_POINT('',(-2.1E0,1.65E0,0.E0));
#196=LINE('',#195,#194);
#197=DIRECTION('',(1.E0,0.E0,0.E0));
#198=VECTOR('',#197,5.E-1);
#199=CARTESIAN_POINT('',(-2.1E0,1.35E0,0.E0));
#200=LINE('',#199,#198);
#201=DIRECTION('',(0.E0,1.E0,0.E0));
#202=VECTOR('',#201,5.5E-1);
#203=CARTESIAN_POINT('',(-1.6E0,8.E-1,0.E0));
#204=LINE('',#203,#202);
#205=DIRECTION('',(1.E0,0.E0,0.E0));
#206=VECTOR('',#205,5.E-1);
#207=CARTESIAN_POINT('',(-2.1E0,8.E-1,0.E0));
#208=LINE('',#207,#206);
#209=DIRECTION('',(0.E0,-1.E0,0.E0));
#210=VECTOR('',#209,1.6E0);
#211=CARTESIAN_POINT('',(-2.1E0,8.E-1,0.E0));
#212=LINE('',#211,#210);
#213=DIRECTION('',(0.E0,1.E0,0.E0));
#214=VECTOR('',#213,2.825E-1);
#215=CARTESIAN_POINT('',(-6.002E-1,4.355E-1,0.E0));
#216=LINE('',#215,#214);
#217=DIRECTION('',(1.E0,0.E0,0.E0));
#218=VECTOR('',#217,2.11875E-1);
#219=CARTESIAN_POINT('',(-6.002E-1,7.18E-1,0.E0));
#220=LINE('',#219,#218);
#221=DIRECTION('',(0.E0,-1.E0,0.E0));
#222=VECTOR('',#221,3.606382969767E-2);
#223=CARTESIAN_POINT('',(-3.88325E-1,7.18E-1,0.E0));
#224=LINE('',#223,#222);
#225=DIRECTION('',(-1.E0,0.E0,0.E0));
#226=VECTOR('',#225,1.765625E-1);
#227=CARTESIAN_POINT('',(-3.88325E-1,6.819361703023E-1,0.E0));
#228=LINE('',#227,#226);
#229=DIRECTION('',(0.E0,-1.E0,0.E0));
#230=VECTOR('',#229,2.464361703023E-1);
#231=CARTESIAN_POINT('',(-5.648875E-1,6.819361703023E-1,0.E0));
#232=LINE('',#231,#230);
#233=DIRECTION('',(-1.E0,0.E0,0.E0));
#234=VECTOR('',#233,3.53125E-2);
#235=CARTESIAN_POINT('',(-5.648875E-1,4.355E-1,0.E0));
#236=LINE('',#235,#234);
#237=DIRECTION('',(-1.E0,0.E0,0.E0));
#238=VECTOR('',#237,3.53125E-2);
#239=CARTESIAN_POINT('',(-1.117104278922E-1,6.458723406047E-1,0.E0));
#240=LINE('',#239,#238);
#241=DIRECTION('',(-3.102789952956E-1,9.506455412394E-1,0.E0));
#242=VECTOR('',#241,1.896807165427E-2);
#243=CARTESIAN_POINT('',(-1.470229278922E-1,6.458723406047E-1,0.E0));
#244=LINE('',#243,#242);
#245=DIRECTION('',(-8.265991871191E-1,5.627910658976E-1,0.E0));
#246=VECTOR('',#245,2.136011052895E-2);
#247=CARTESIAN_POINT('',(-1.529083221078E-1,6.639042533487E-1,0.E0));
#248=LINE('',#247,#246);
#249=DIRECTION('',(-9.689177459678E-1,2.473831068378E-1,0.E0));
#250=VECTOR('',#249,2.429687967857E-2);
#251=CARTESIAN_POINT('',(-1.705645721078E-1,6.759255327210E-1,0.E0));
#252=LINE('',#251,#250);
#253=DIRECTION('',(-1.E0,0.E0,0.E0));
#254=VECTOR('',#253,5.296875E-2);
#255=CARTESIAN_POINT('',(-1.9410625E-1,6.819361703023E-1,0.E0));
#256=LINE('',#255,#254);
#257=DIRECTION('',(-9.689177459678E-1,-2.473831068378E-1,0.E0));
#258=VECTOR('',#257,2.429687967857E-2);
#259=CARTESIAN_POINT('',(-2.47075E-1,6.819361703023E-1,0.E0));
#260=LINE('',#259,#258);
#261=DIRECTION('',(-8.265991871191E-1,-5.627910658976E-1,0.E0));
#262=VECTOR('',#261,2.136011052895E-2);
#263=CARTESIAN_POINT('',(-2.706166778922E-1,6.759255327210E-1,0.E0));
#264=LINE('',#263,#262);
#265=DIRECTION('',(-5.466221810895E-1,-8.373793591563E-1,0.E0));
#266=VECTOR('',#265,2.153374399175E-2);
#267=CARTESIAN_POINT('',(-2.882729278922E-1,6.639042533487E-1,0.E0));
#268=LINE('',#267,#266);
#269=DIRECTION('',(-2.377717803411E-1,-9.713210491251E-1,0.E0));
#270=VECTOR('',#269,2.475242387370E-2);
#271=CARTESIAN_POINT('',(-3.0004375E-1,6.458723406047E-1,0.E0));
#272=LINE('',#271,#270);
#273=DIRECTION('',(0.E0,-1.E0,0.E0));
#274=VECTOR('',#273,9.015957213938E-2);
#275=CARTESIAN_POINT('',(-3.059291778922E-1,6.218297902793E-1,0.E0));
#276=LINE('',#275,#274);
#277=DIRECTION('',(2.377717803411E-1,-9.713210491251E-1,0.E0));
#278=VECTOR('',#277,2.475242387370E-2);
#279=CARTESIAN_POINT('',(-3.059291778922E-1,5.316702181399E-1,0.E0));
#280=LINE('',#279,#278);
#281=DIRECTION('',(5.466218231676E-1,-8.373795927994E-1,0.E0));
#282=VECTOR('',#281,2.153375809180E-2);
#283=CARTESIAN_POINT('',(-3.0004375E-1,5.076276678145E-1,0.E0));
#284=LINE('',#283,#282);
#285=DIRECTION('',(8.265992787996E-1,-5.627909312417E-1,0.E0));
#286=VECTOR('',#285,2.136010815983E-2);
#287=CARTESIAN_POINT('',(-2.882729278922E-1,4.895957382321E-1,0.E0));
#288=LINE('',#287,#286);
#289=DIRECTION('',(9.689177459678E-1,-2.473831068378E-1,0.E0));
#290=VECTOR('',#289,2.429687967857E-2);
#291=CARTESIAN_POINT('',(-2.706166778922E-1,4.775744630694E-1,0.E0));
#292=LINE('',#291,#290);
#293=DIRECTION('',(1.E0,0.E0,0.E0));
#294=VECTOR('',#293,5.296875E-2);
#295=CARTESIAN_POINT('',(-2.47075E-1,4.715638254881E-1,0.E0));
#296=LINE('',#295,#294);
#297=DIRECTION('',(9.689177459678E-1,2.473831068378E-1,0.E0));
#298=VECTOR('',#297,2.429687967857E-2);
#299=CARTESIAN_POINT('',(-1.9410625E-1,4.715638254881E-1,0.E0));
#300=LINE('',#299,#298);
#301=DIRECTION('',(8.265992787996E-1,5.627909312417E-1,0.E0));
#302=VECTOR('',#301,2.136010815983E-2);
#303=CARTESIAN_POINT('',(-1.705645721078E-1,4.775744630694E-1,0.E0));
#304=LINE('',#303,#302);
#305=DIRECTION('',(3.102787334496E-1,9.506456267027E-1,0.E0));
#306=VECTOR('',#305,1.896808766154E-2);
#307=CARTESIAN_POINT('',(-1.529083221078E-1,4.895957382321E-1,0.E0));
#308=LINE('',#307,#306);
#309=DIRECTION('',(1.E0,0.E0,0.E0));
#310=VECTOR('',#309,3.53125E-2);
#311=CARTESIAN_POINT('',(-1.470229278922E-1,5.076276678145E-1,0.E0));
#312=LINE('',#311,#310);
#313=DIRECTION('',(-1.921820436730E-1,-9.813592930674E-1,0.E0));
#314=VECTOR('',#313,3.062405885119E-2);
#315=CARTESIAN_POINT('',(-1.117104278922E-1,5.076276678145E-1,0.E0));
#316=LINE('',#315,#314);
#317=DIRECTION('',(-6.996250055017E-1,-7.145102180353E-1,0.E0));
#318=VECTOR('',#317,3.364899439998E-2);
#319=CARTESIAN_POINT('',(-1.175958221078E-1,4.775744630694E-1,0.E0));
#320=LINE('',#319,#318);
#321=DIRECTION('',(-8.906053746977E-1,-4.547769415434E-1,0.E0));
#322=VECTOR('',#321,2.643334361215E-2);
#323=CARTESIAN_POINT('',(-1.411375E-1,4.535319127440E-1,0.E0));
#324=LINE('',#323,#322);
#325=DIRECTION('',(-9.797706943097E-1,-2.001234283435E-1,0.E0));
#326=VECTOR('',#325,3.003465226986E-2);
#327=CARTESIAN_POINT('',(-1.646791778922E-1,4.415106375813E-1,0.E0));
#328=LINE('',#327,#326);
#329=DIRECTION('',(-1.E0,0.E0,0.E0));
#330=VECTOR('',#329,5.296875E-2);
#331=CARTESIAN_POINT('',(-1.9410625E-1,4.355E-1,0.E0));
#332=LINE('',#331,#330);
#333=DIRECTION('',(-9.797706943097E-1,2.001234283435E-1,0.E0));
#334=VECTOR('',#333,3.003465226986E-2);
#335=CARTESIAN_POINT('',(-2.47075E-1,4.355E-1,0.E0));
#336=LINE('',#335,#334);
#337=DIRECTION('',(-8.906053746977E-1,4.547769415434E-1,0.E0));
#338=VECTOR('',#337,2.643334361215E-2);
#339=CARTESIAN_POINT('',(-2.765020721078E-1,4.415106375813E-1,0.E0));
#340=LINE('',#339,#338);
#341=DIRECTION('',(-6.996247500295E-1,7.145104681851E-1,0.E0));
#342=VECTOR('',#341,3.364898261947E-2);
#343=CARTESIAN_POINT('',(-3.0004375E-1,4.535319127440E-1,0.E0));
#344=LINE('',#343,#342);
#345=DIRECTION('',(-4.397136649566E-1,8.981380143666E-1,0.E0));
#346=VECTOR('',#345,2.676932714216E-2);
#347=CARTESIAN_POINT('',(-3.235854110539E-1,4.775744630694E-1,0.E0));
#348=LINE('',#347,#346);
#349=DIRECTION('',(-1.921825732045E-1,9.813591893677E-1,0.E0));
#350=VECTOR('',#349,3.062406208721E-2);
#351=CARTESIAN_POINT('',(-3.3535625E-1,5.016170133948E-1,0.E0));
#352=LINE('',#351,#350);
#353=DIRECTION('',(0.E0,1.E0,0.E0));
#354=VECTOR('',#353,9.015957213938E-2);
#355=CARTESIAN_POINT('',(-3.412416610539E-1,5.316702181399E-1,0.E0));
#356=LINE('',#355,#354);
#357=DIRECTION('',(1.921826769043E-1,9.813591690599E-1,0.E0));
#358=VECTOR('',#357,3.062404556278E-2);
#359=CARTESIAN_POINT('',(-3.412416610539E-1,6.218297902793E-1,0.E0));
#360=LINE('',#359,#358);
#361=DIRECTION('',(4.397136028534E-1,8.981380447713E-1,0.E0));
#362=VECTOR('',#361,2.676933092295E-2);
#363=CARTESIAN_POINT('',(-3.3535625E-1,6.518829781860E-1,0.E0));
#364=LINE('',#363,#362);
#365=DIRECTION('',(6.996247187608E-1,7.145104988025E-1,0.E0));
#366=VECTOR('',#365,3.364898412337E-2);
#367=CARTESIAN_POINT('',(-3.235854110539E-1,6.759255327210E-1,0.E0));
#368=LINE('',#367,#366);
#369=DIRECTION('',(8.906053505096E-1,4.547769889117E-1,0.E0));
#370=VECTOR('',#369,2.643334433005E-2);
#371=CARTESIAN_POINT('',(-3.0004375E-1,6.999680851512E-1,0.E0));
#372=LINE('',#371,#370);
#373=DIRECTION('',(9.797706908745E-1,2.001234451615E-1,0.E0));
#374=VECTOR('',#373,3.003465237517E-2);
#375=CARTESIAN_POINT('',(-2.765020721078E-1,7.119893618925E-1,0.E0));
#376=LINE('',#375,#374);
#377=DIRECTION('',(1.E0,0.E0,0.E0));
#378=VECTOR('',#377,5.296875E-2);
#379=CARTESIAN_POINT('',(-2.47075E-1,7.18E-1,0.E0));
#380=LINE('',#379,#378);
#381=DIRECTION('',(9.797706908745E-1,-2.001234451615E-1,0.E0));
#382=VECTOR('',#381,3.003465237517E-2);
#383=CARTESIAN_POINT('',(-1.9410625E-1,7.18E-1,0.E0));
#384=LINE('',#383,#382);
#385=DIRECTION('',(8.906053505096E-1,-4.547769889117E-1,0.E0));
#386=VECTOR('',#385,2.643334433005E-2);
#387=CARTESIAN_POINT('',(-1.646791778922E-1,7.119893618925E-1,0.E0));
#388=LINE('',#387,#386);
#389=DIRECTION('',(6.996249742329E-1,-7.145102486526E-1,0.E0));
#390=VECTOR('',#389,3.364899590387E-2);
#391=CARTESIAN_POINT('',(-1.411375E-1,6.999680851512E-1,0.E0));
#392=LINE('',#391,#390);
#393=DIRECTION('',(1.921821214477E-1,-9.813592778365E-1,0.E0));
#394=VECTOR('',#393,3.062404645786E-2);
#395=CARTESIAN_POINT('',(-1.175958221078E-1,6.759255327210E-1,0.E0));
#396=LINE('',#395,#394);
#397=DIRECTION('',(-1.E0,0.E0,0.E0));
#398=VECTOR('',#397,1.765625E-1);
#399=CARTESIAN_POINT('',(1.472478942156E-1,6.819361703023E-1,0.E0));
#400=LINE('',#399,#398);
#401=DIRECTION('',(0.E0,-1.E0,0.E0));
#402=VECTOR('',#401,9.617021393031E-2);
#403=CARTESIAN_POINT('',(-2.931460578442E-2,6.819361703023E-1,0.E0));
#404=LINE('',#403,#402);
#405=DIRECTION('',(1.E0,0.E0,0.E0));
#406=VECTOR('',#405,1.530208557844E-1);
#407=CARTESIAN_POINT('',(-2.931460578442E-2,5.857659563720E-1,0.E0));
#408=LINE('',#407,#406);
#409=DIRECTION('',(0.E0,-1.E0,0.E0));
#410=VECTOR('',#409,3.606382548809E-2);
#411=CARTESIAN_POINT('',(1.2370625E-1,5.857659563720E-1,0.E0));
#412=LINE('',#411,#410);
#413=DIRECTION('',(-1.E0,0.E0,0.E0));
#414=VECTOR('',#413,1.530208557844E-1);
#415=CARTESIAN_POINT('',(1.2370625E-1,5.497021308839E-1,0.E0));
#416=LINE('',#415,#414);
#417=DIRECTION('',(0.E0,-1.E0,0.E0));
#418=VECTOR('',#417,7.813830539584E-2);
#419=CARTESIAN_POINT('',(-2.931460578442E-2,5.497021308839E-1,0.E0));
#420=LINE('',#419,#418);
#421=DIRECTION('',(1.E0,0.E0,0.E0));
#422=VECTOR('',#421,1.765625E-1);
#423=CARTESIAN_POINT('',(-2.931460578442E-2,4.715638254881E-1,0.E0));
#424=LINE('',#423,#422);
#425=DIRECTION('',(0.E0,-1.E0,0.E0));
#426=VECTOR('',#425,3.606382548809E-2);
#427=CARTESIAN_POINT('',(1.472478942156E-1,4.715638254881E-1,0.E0));
#428=LINE('',#427,#426);
#429=DIRECTION('',(-1.E0,0.E0,0.E0));
#430=VECTOR('',#429,2.118749663234E-1);
#431=CARTESIAN_POINT('',(1.472478942156E-1,4.355E-1,0.E0));
#432=LINE('',#431,#430);
#433=DIRECTION('',(0.E0,1.E0,0.E0));
#434=VECTOR('',#433,2.825E-1);
#435=CARTESIAN_POINT('',(-6.462707210779E-2,4.355E-1,0.E0));
#436=LINE('',#435,#434);
#437=DIRECTION('',(1.E0,0.E0,0.E0));
#438=VECTOR('',#437,2.118749663234E-1);
#439=CARTESIAN_POINT('',(-6.462707210779E-2,7.18E-1,0.E0));
#440=LINE('',#439,#438);
#441=DIRECTION('',(0.E0,-1.E0,0.E0));
#442=VECTOR('',#441,3.606382969767E-2);
#443=CARTESIAN_POINT('',(1.472478942156E-1,7.18E-1,0.E0));
#444=LINE('',#443,#442);
#445=DIRECTION('',(-1.E0,0.E0,0.E0));
#446=VECTOR('',#445,1.4125E-1);
#447=CARTESIAN_POINT('',(3.3558125E-1,4.355E-1,0.E0));
#448=LINE('',#447,#446);
#449=DIRECTION('',(0.E0,1.E0,0.E0));
#450=VECTOR('',#449,2.825E-1);
#451=CARTESIAN_POINT('',(1.9433125E-1,4.355E-1,0.E0));
#452=LINE('',#451,#450);
#453=DIRECTION('',(1.E0,0.E0,0.E0));
#454=VECTOR('',#453,1.4125E-1);
#455=CARTESIAN_POINT('',(1.9433125E-1,7.18E-1,0.E0));
#456=LINE('',#455,#454);
#457=DIRECTION('',(9.797707357802E-1,-2.001232253108E-1,0.E0));
#458=VECTOR('',#457,3.003468537054E-2);
#459=CARTESIAN_POINT('',(3.3558125E-1,7.18E-1,0.E0));
#460=LINE('',#459,#458);
#461=DIRECTION('',(8.906050870136E-1,-4.547775049248E-1,0.E0));
#462=VECTOR('',#461,2.643331433748E-2);
#463=CARTESIAN_POINT('',(3.650083557844E-1,7.119893618925E-1,0.E0));
#464=LINE('',#463,#462);
#465=DIRECTION('',(6.996244632883E-1,-7.145107489524E-1,0.E0));
#466=VECTOR('',#465,3.364897234287E-2);
#467=CARTESIAN_POINT('',(3.8855E-1,6.999680851512E-1,0.E0));
#468=LINE('',#467,#466);
#469=DIRECTION('',(4.397141102494E-1,-8.981377963584E-1,0.E0));
#470=VECTOR('',#469,2.676933832699E-2);
#471=CARTESIAN_POINT('',(4.120916442156E-1,6.759255327210E-1,0.E0));
#472=LINE('',#471,#470);
#473=DIRECTION('',(1.921821473726E-1,-9.813592727596E-1,0.E0));
#474=VECTOR('',#473,3.062404232675E-2);
#475=CARTESIAN_POINT('',(4.238625E-1,6.518829781860E-1,0.E0));
#476=LINE('',#475,#474);
#477=DIRECTION('',(0.E0,-1.E0,0.E0));
#478=VECTOR('',#477,9.015957213938E-2);
#479=CARTESIAN_POINT('',(4.297478942156E-1,6.218297902793E-1,0.E0));
#480=LINE('',#479,#478);
#481=DIRECTION('',(-1.921820436730E-1,-9.813592930674E-1,0.E0));
#482=VECTOR('',#481,3.062405885119E-2);
#483=CARTESIAN_POINT('',(4.297478942156E-1,5.316702181399E-1,0.E0));
#484=LINE('',#483,#482);
#485=DIRECTION('',(-4.397141723527E-1,-8.981377659536E-1,0.E0));
#486=VECTOR('',#485,2.676933454620E-2);
#487=CARTESIAN_POINT('',(4.238625E-1,5.016170133948E-1,0.E0));
#488=LINE('',#487,#486);
#489=DIRECTION('',(-6.996244945571E-1,-7.145107183351E-1,0.E0));
#490=VECTOR('',#489,3.364897083898E-2);
#491=CARTESIAN_POINT('',(4.120916442156E-1,4.775744630694E-1,0.E0));
#492=LINE('',#491,#490);
#493=DIRECTION('',(-8.906051112017E-1,-4.547774575564E-1,0.E0));
#494=VECTOR('',#493,2.643331361957E-2);
#495=CARTESIAN_POINT('',(3.8855E-1,4.535319127440E-1,0.E0));
#496=LINE('',#495,#494);
#497=DIRECTION('',(-9.797707392153E-1,-2.001232084928E-1,0.E0));
#498=VECTOR('',#497,3.003468526523E-2);
#499=CARTESIAN_POINT('',(3.650083557844E-1,4.415106375813E-1,0.E0));
#500=LINE('',#499,#498);
#501=DIRECTION('',(1.E0,0.E0,0.E0));
#502=VECTOR('',#501,1.059375E-1);
#503=CARTESIAN_POINT('',(2.2964375E-1,4.715638254881E-1,0.E0));
#504=LINE('',#503,#502);
#505=DIRECTION('',(9.689176611437E-1,2.473834390653E-1,0.E0));
#506=VECTOR('',#505,2.429684704869E-2);
#507=CARTESIAN_POINT('',(3.3558125E-1,4.715638254881E-1,0.E0));
#508=LINE('',#507,#506);
#509=DIRECTION('',(8.265992787996E-1,5.627909312417E-1,0.E0));
#510=VECTOR('',#509,2.136010815983E-2);
#511=CARTESIAN_POINT('',(3.591228942156E-1,4.775744630694E-1,0.E0));
#512=LINE('',#511,#510);
#513=DIRECTION('',(5.466229197794E-1,8.373788769559E-1,0.E0));
#514=VECTOR('',#513,2.153377650020E-2);
#515=CARTESIAN_POINT('',(3.767791442156E-1,4.895957382321E-1,0.E0));
#516=LINE('',#515,#514);
#517=DIRECTION('',(2.377704967206E-1,9.713213633444E-1,0.E0));
#518=VECTOR('',#517,2.475241586637E-2);
#519=CARTESIAN_POINT('',(3.8855E-1,5.076276678145E-1,0.E0));
#520=LINE('',#519,#518);
#521=DIRECTION('',(0.E0,1.E0,0.E0));
#522=VECTOR('',#521,9.015957213938E-2);
#523=CARTESIAN_POINT('',(3.944353942156E-1,5.316702181399E-1,0.E0));
#524=LINE('',#523,#522);
#525=DIRECTION('',(-2.377704967206E-1,9.713213633444E-1,0.E0));
#526=VECTOR('',#525,2.475241586637E-2);
#527=CARTESIAN_POINT('',(3.944353942156E-1,6.218297902793E-1,0.E0));
#528=LINE('',#527,#526);
#529=DIRECTION('',(-5.466232777014E-1,8.373786433120E-1,0.E0));
#530=VECTOR('',#529,2.153376240016E-2);
#531=CARTESIAN_POINT('',(3.8855E-1,6.458723406047E-1,0.E0));
#532=LINE('',#531,#530);
#533=DIRECTION('',(-8.265991871191E-1,5.627910658976E-1,0.E0));
#534=VECTOR('',#533,2.136011052895E-2);
#535=CARTESIAN_POINT('',(3.767791442156E-1,6.639042533487E-1,0.E0));
#536=LINE('',#535,#534);
#537=DIRECTION('',(-9.689176611437E-1,2.473834390653E-1,0.E0));
#538=VECTOR('',#537,2.429684704869E-2);
#539=CARTESIAN_POINT('',(3.591228942156E-1,6.759255327210E-1,0.E0));
#540=LINE('',#539,#538);
#541=DIRECTION('',(-1.E0,0.E0,0.E0));
#542=VECTOR('',#541,1.059375E-1);
#543=CARTESIAN_POINT('',(3.3558125E-1,6.819361703023E-1,0.E0));
#544=LINE('',#543,#542);
#545=DIRECTION('',(0.E0,-1.E0,0.E0));
#546=VECTOR('',#545,2.103723448142E-1);
#547=CARTESIAN_POINT('',(2.2964375E-1,6.819361703023E-1,0.E0));
#548=LINE('',#547,#546);
#549=DIRECTION('',(-1.E0,0.E0,0.E0));
#550=VECTOR('',#549,4.708328843117E-2);
#551=CARTESIAN_POINT('',(6.1808125E-1,4.355E-1,0.E0));
#552=LINE('',#551,#550);
#553=DIRECTION('',(-3.162279017271E-1,9.486832528138E-1,0.E0));
#554=VECTOR('',#553,2.977811605318E-1);
#555=CARTESIAN_POINT('',(5.709979615688E-1,4.355E-1,0.E0));
#556=LINE('',#555,#554);
#557=DIRECTION('',(1.E0,0.E0,0.E0));
#558=VECTOR('',#557,3.53125E-2);
#559=CARTESIAN_POINT('',(4.7683125E-1,7.18E-1,0.E0));
#560=LINE('',#559,#558);
#561=DIRECTION('',(3.102805670740E-1,-9.506450282288E-1,0.E0));
#562=VECTOR('',#561,7.587233641743E-2);
#563=CARTESIAN_POINT('',(5.1214375E-1,7.18E-1,0.E0));
#564=LINE('',#563,#562);
#565=DIRECTION('',(1.E0,0.E0,0.E0));
#566=VECTOR('',#565,1.177082884312E-1);
#567=CARTESIAN_POINT('',(5.356854615688E-1,6.458723406047E-1,0.E0));
#568=LINE('',#567,#566);
#569=DIRECTION('',(3.102805670740E-1,9.506450282288E-1,0.E0));
#570=VECTOR('',#569,7.587233641743E-2);
#571=CARTESIAN_POINT('',(6.5339375E-1,6.458723406047E-1,0.E0));
#572=LINE('',#571,#570);
#573=DIRECTION('',(1.E0,0.E0,0.E0));
#574=VECTOR('',#573,3.53125E-2);
#575=CARTESIAN_POINT('',(6.769354615688E-1,7.18E-1,0.E0));
#576=LINE('',#575,#574);
#577=DIRECTION('',(-3.162279017271E-1,-9.486832528138E-1,0.E0));
#578=VECTOR('',#577,2.977811605318E-1);
#579=CARTESIAN_POINT('',(7.122479615688E-1,7.18E-1,0.E0));
#580=LINE('',#579,#578);
#581=DIRECTION('',(3.102800213276E-1,9.506452063546E-1,0.E0));
#582=VECTOR('',#581,1.707127315944E-1);
#583=CARTESIAN_POINT('',(5.945395384312E-1,4.595425503254E-1,0.E0));
#584=LINE('',#583,#582);
#585=DIRECTION('',(-1.E0,0.E0,0.E0));
#586=VECTOR('',#585,1.059375E-1);
#587=CARTESIAN_POINT('',(6.475082884312E-1,6.218297902793E-1,0.E0));
#588=LINE('',#587,#586);
#589=DIRECTION('',(3.102800213276E-1,-9.506452063546E-1,0.E0));
#590=VECTOR('',#589,1.707127315944E-1);
#591=CARTESIAN_POINT('',(5.415707884312E-1,6.218297902793E-1,0.E0));
#592=LINE('',#591,#590);
#593=DIRECTION('',(0.E0,0.E0,1.E0));
#594=VECTOR('',#593,2.E-1);
#595=CARTESIAN_POINT('',(3.E-1,1.228320739545E-14,0.E0));
#596=LINE('',#595,#594);
#597=DIRECTION('',(0.E0,0.E0,1.E0));
#598=VECTOR('',#597,2.E-1);
#599=CARTESIAN_POINT('',(-3.E-1,1.220972858750E-14,0.E0));
#600=LINE('',#599,#598);
#601=CARTESIAN_POINT('',(0.E0,1.224646799147E-14,2.E-1));
#602=DIRECTION('',(0.E0,0.E0,-1.E0));
#603=DIRECTION('',(1.E0,0.E0,0.E0));
#604=AXIS2_PLACEMENT_3D('',#601,#602,#603);
#606=CARTESIAN_POINT('',(0.E0,1.224646799147E-14,2.E-1));
#607=DIRECTION('',(0.E0,0.E0,-1.E0));
#608=DIRECTION('',(-1.E0,0.E0,0.E0));
#609=AXIS2_PLACEMENT_3D('',#606,#607,#608);
#611=DIRECTION('',(0.E0,0.E0,1.E0));
#612=VECTOR('',#611,2.E-1);
#613=CARTESIAN_POINT('',(-1.008078643416E0,0.E0,0.E0));
#614=LINE('',#613,#612);
#615=DIRECTION('',(0.E0,0.E0,1.E0));
#616=VECTOR('',#615,2.E-1);
#617=CARTESIAN_POINT('',(-1.808078643416E0,0.E0,0.E0));
#618=LINE('',#617,#616);
#619=CARTESIAN_POINT('',(-1.408078643416E0,0.E0,2.E-1));
#620=DIRECTION('',(0.E0,0.E0,-1.E0));
#621=DIRECTION('',(1.E0,0.E0,0.E0));
#622=AXIS2_PLACEMENT_3D('',#619,#620,#621);
#624=CARTESIAN_POINT('',(-1.408078643416E0,0.E0,2.E-1));
#625=DIRECTION('',(0.E0,0.E0,-1.E0));
#626=DIRECTION('',(-1.E0,0.E0,0.E0));
#627=AXIS2_PLACEMENT_3D('',#624,#625,#626);
#629=DIRECTION('',(0.E0,0.E0,1.E0));
#630=VECTOR('',#629,2.E-1);
#631=CARTESIAN_POINT('',(1.808078643416E0,0.E0,0.E0));
#632=LINE('',#631,#630);
#633=DIRECTION('',(0.E0,0.E0,1.E0));
#634=VECTOR('',#633,2.E-1);
#635=CARTESIAN_POINT('',(1.008078643416E0,0.E0,0.E0));
#636=LINE('',#635,#634);
#637=CARTESIAN_POINT('',(1.408078643416E0,0.E0,2.E-1));
#638=DIRECTION('',(0.E0,0.E0,-1.E0));
#639=DIRECTION('',(1.E0,0.E0,0.E0));
#640=AXIS2_PLACEMENT_3D('',#637,#638,#639);
#642=CARTESIAN_POINT('',(1.408078643416E0,0.E0,2.E-1));
#643=DIRECTION('',(0.E0,0.E0,-1.E0));
#644=DIRECTION('',(-1.E0,0.E0,0.E0));
#645=AXIS2_PLACEMENT_3D('',#642,#643,#644);
#647=DIRECTION('',(0.E0,0.E0,1.E0));
#648=VECTOR('',#647,2.E-1);
#649=CARTESIAN_POINT('',(2.5E-1,-1.149271461353E0,0.E0));
#650=LINE('',#649,#648);
#651=DIRECTION('',(0.E0,0.E0,1.E0));
#652=VECTOR('',#651,2.E-1);
#653=CARTESIAN_POINT('',(-2.5E-1,-1.149271461353E0,0.E0));
#654=LINE('',#653,#652);
#655=CARTESIAN_POINT('',(0.E0,-1.149271461353E0,2.E-1));
#656=DIRECTION('',(0.E0,0.E0,-1.E0));
#657=DIRECTION('',(1.E0,0.E0,0.E0));
#658=AXIS2_PLACEMENT_3D('',#655,#656,#657);
#660=CARTESIAN_POINT('',(0.E0,-1.149271461353E0,2.E-1));
#661=DIRECTION('',(0.E0,0.E0,-1.E0));
#662=DIRECTION('',(-1.E0,0.E0,0.E0));
#663=AXIS2_PLACEMENT_3D('',#660,#661,#662);
#665=DIRECTION('',(0.E0,0.E0,1.E0));
#666=VECTOR('',#665,2.E-1);
#667=CARTESIAN_POINT('',(-6.143973688670E-1,-1.149271461353E0,0.E0));
#668=LINE('',#667,#666);
#669=DIRECTION('',(0.E0,0.E0,1.E0));
#670=VECTOR('',#669,2.E-1);
#671=CARTESIAN_POINT('',(-1.114397368867E0,-1.149271461353E0,0.E0));
#672=LINE('',#671,#670);
#673=CARTESIAN_POINT('',(-8.643973688670E-1,-1.149271461353E0,2.E-1));
#674=DIRECTION('',(0.E0,0.E0,-1.E0));
#675=DIRECTION('',(1.E0,0.E0,0.E0));
#676=AXIS2_PLACEMENT_3D('',#673,#674,#675);
#678=CARTESIAN_POINT('',(-8.643973688670E-1,-1.149271461353E0,2.E-1));
#679=DIRECTION('',(0.E0,0.E0,-1.E0));
#680=DIRECTION('',(-1.E0,0.E0,0.E0));
#681=AXIS2_PLACEMENT_3D('',#678,#679,#680);
#683=DIRECTION('',(0.E0,0.E0,1.E0));
#684=VECTOR('',#683,2.E-1);
#685=CARTESIAN_POINT('',(1.114397368867E0,-1.149271461353E0,0.E0));
#686=LINE('',#685,#684);
#687=DIRECTION('',(0.E0,0.E0,1.E0));
#688=VECTOR('',#687,2.E-1);
#689=CARTESIAN_POINT('',(6.143973688670E-1,-1.149271461353E0,0.E0));
#690=LINE('',#689,#688);
#691=CARTESIAN_POINT('',(8.643973688670E-1,-1.149271461353E0,2.E-1));
#692=DIRECTION('',(0.E0,0.E0,-1.E0));
#693=DIRECTION('',(1.E0,0.E0,0.E0));
#694=AXIS2_PLACEMENT_3D('',#691,#692,#693);
#696=CARTESIAN_POINT('',(8.643973688670E-1,-1.149271461353E0,2.E-1));
#697=DIRECTION('',(0.E0,0.E0,-1.E0));
#698=DIRECTION('',(-1.E0,0.E0,0.E0));
#699=AXIS2_PLACEMENT_3D('',#696,#697,#698);
#701=DIRECTION('',(0.E0,0.E0,1.E0));
#702=VECTOR('',#701,2.E-1);
#703=CARTESIAN_POINT('',(2.5E-1,1.149271461353E0,0.E0));
#704=LINE('',#703,#702);
#705=DIRECTION('',(0.E0,0.E0,1.E0));
#706=VECTOR('',#705,2.E-1);
#707=CARTESIAN_POINT('',(-2.5E-1,1.149271461353E0,0.E0));
#708=LINE('',#707,#706);
#709=CARTESIAN_POINT('',(0.E0,1.149271461353E0,2.E-1));
#710=DIRECTION('',(0.E0,0.E0,-1.E0));
#711=DIRECTION('',(1.E0,0.E0,0.E0));
#712=AXIS2_PLACEMENT_3D('',#709,#710,#711);
#714=CARTESIAN_POINT('',(0.E0,1.149271461353E0,2.E-1));
#715=DIRECTION('',(0.E0,0.E0,-1.E0));
#716=DIRECTION('',(-1.E0,0.E0,0.E0));
#717=AXIS2_PLACEMENT_3D('',#714,#715,#716);
#719=DIRECTION('',(0.E0,0.E0,1.E0));
#720=VECTOR('',#719,2.E-1);
#721=CARTESIAN_POINT('',(-6.143973688670E-1,1.149271461353E0,0.E0));
#722=LINE('',#721,#720);
#723=DIRECTION('',(0.E0,0.E0,1.E0));
#724=VECTOR('',#723,2.E-1);
#725=CARTESIAN_POINT('',(-1.114397368867E0,1.149271461353E0,0.E0));
#726=LINE('',#725,#724);
#727=CARTESIAN_POINT('',(-8.643973688670E-1,1.149271461353E0,2.E-1));
#728=DIRECTION('',(0.E0,0.E0,-1.E0));
#729=DIRECTION('',(1.E0,0.E0,0.E0));
#730=AXIS2_PLACEMENT_3D('',#727,#728,#729);
#732=CARTESIAN_POINT('',(-8.643973688670E-1,1.149271461353E0,2.E-1));
#733=DIRECTION('',(0.E0,0.E0,-1.E0));
#734=DIRECTION('',(-1.E0,0.E0,0.E0));
#735=AXIS2_PLACEMENT_3D('',#732,#733,#734);
#737=DIRECTION('',(0.E0,0.E0,1.E0));
#738=VECTOR('',#737,2.E-1);
#739=CARTESIAN_POINT('',(1.114397368867E0,1.149271461353E0,0.E0));
#740=LINE('',#739,#738);
#741=DIRECTION('',(0.E0,0.E0,1.E0));
#742=VECTOR('',#741,2.E-1);
#743=CARTESIAN_POINT('',(6.143973688670E-1,1.149271461353E0,0.E0));
#744=LINE('',#743,#742);
#745=CARTESIAN_POINT('',(8.643973688670E-1,1.149271461353E0,2.E-1));
#746=DIRECTION('',(0.E0,0.E0,-1.E0));
#747=DIRECTION('',(1.E0,0.E0,0.E0));
#748=AXIS2_PLACEMENT_3D('',#745,#746,#747);
#750=CARTESIAN_POINT('',(8.643973688670E-1,1.149271461353E0,2.E-1));
#751=DIRECTION('',(0.E0,0.E0,-1.E0));
#752=DIRECTION('',(-1.E0,0.E0,0.E0));
#753=AXIS2_PLACEMENT_3D('',#750,#751,#752);
#755=DIRECTION('',(2.220446049250E-14,0.E0,1.E0));
#756=VECTOR('',#755,1.E-2);
#757=CARTESIAN_POINT('',(1.6E0,-8.E-1,-1.E-2));
#758=LINE('',#757,#756);
#759=DIRECTION('',(-1.E0,0.E0,0.E0));
#760=VECTOR('',#759,4.802918533279E-1);
#761=CARTESIAN_POINT('',(2.080291853328E0,-8.E-1,-1.E-2));
#762=LINE('',#761,#760);
#763=CARTESIAN_POINT('',(2.080291853328E0,-8.E-1,1.404E-1));
#764=DIRECTION('',(0.E0,1.E0,0.E0));
#765=DIRECTION('',(9.791632369709E-1,0.E0,-2.030747531443E-1));
#766=AXIS2_PLACEMENT_3D('',#763,#764,#765);
#768=DIRECTION('',(-2.030747531443E-1,0.E0,-9.791632369709E-1));
#769=VECTOR('',#768,4.798331369261E-1);
#770=CARTESIAN_POINT('',(2.325E0,-8.E-1,5.796925246856E-1));
#771=LINE('',#770,#769);
#772=DIRECTION('',(9.791632369709E-1,0.E0,-2.030747531443E-1));
#773=VECTOR('',#772,1.E-1);
#774=CARTESIAN_POINT('',(2.227083676303E0,-8.E-1,6.E-1));
#775=LINE('',#774,#773);
#776=DIRECTION('',(2.030747531443E-1,0.E0,9.791632369709E-1));
#777=VECTOR('',#776,4.798331369261E-1);
#778=CARTESIAN_POINT('',(2.129641680471E0,-8.E-1,1.301650324415E-1));
#779=LINE('',#778,#777);
#780=CARTESIAN_POINT('',(2.080291853328E0,-8.E-1,1.404E-1));
#781=DIRECTION('',(0.E0,-1.E0,0.E0));
#782=DIRECTION('',(3.910346561932E-1,0.E0,-9.203759545185E-1));
#783=AXIS2_PLACEMENT_3D('',#780,#781,#782);
#785=CARTESIAN_POINT('',(-2.080291853328E0,-8.E-1,1.404E-1));
#786=DIRECTION('',(0.E0,-1.E0,0.E0));
#787=DIRECTION('',(-9.791632369709E-1,0.E0,-2.030747531443E-1));
#788=AXIS2_PLACEMENT_3D('',#785,#786,#787);
#790=DIRECTION('',(2.030747531443E-1,0.E0,-9.791632369709E-1));
#791=VECTOR('',#790,4.798331369261E-1);
#792=CARTESIAN_POINT('',(-2.227083676303E0,-8.E-1,6.E-1));
#793=LINE('',#792,#791);
#794=DIRECTION('',(9.791632369709E-1,0.E0,2.030747531443E-1));
#795=VECTOR('',#794,1.E-1);
#796=CARTESIAN_POINT('',(-2.325E0,-8.E-1,5.796925246856E-1));
#797=LINE('',#796,#795);
#798=DIRECTION('',(-2.030747531443E-1,0.E0,9.791632369709E-1));
#799=VECTOR('',#798,4.798331369261E-1);
#800=CARTESIAN_POINT('',(-2.227558004168E0,-8.E-1,1.098575571271E-1));
#801=LINE('',#800,#799);
#802=CARTESIAN_POINT('',(-2.080291853328E0,-8.E-1,1.404E-1));
#803=DIRECTION('',(0.E0,1.E0,0.E0));
#804=DIRECTION('',(0.E0,0.E0,-1.E0));
#805=AXIS2_PLACEMENT_3D('',#802,#803,#804);
#807=DIRECTION('',(-1.E0,0.E0,0.E0));
#808=VECTOR('',#807,4.802918533279E-1);
#809=CARTESIAN_POINT('',(-1.6E0,-8.E-1,-1.E-2));
#810=LINE('',#809,#808);
#811=DIRECTION('',(0.E0,0.E0,-1.E0));
#812=VECTOR('',#811,1.E-2);
#813=CARTESIAN_POINT('',(-1.6E0,-8.E-1,0.E0));
#814=LINE('',#813,#812);
#815=DIRECTION('',(0.E0,-1.E0,0.E0));
#816=VECTOR('',#815,5.5E-1);
#817=CARTESIAN_POINT('',(1.6E0,-8.E-1,-1.E-2));
#818=LINE('',#817,#816);
#819=DIRECTION('',(2.220446049250E-14,0.E0,1.E0));
#820=VECTOR('',#819,1.E-2);
#821=CARTESIAN_POINT('',(1.6E0,-1.35E0,-1.E-2));
#822=LINE('',#821,#820);
#823=CARTESIAN_POINT('',(2.080291853328E0,-1.35E0,1.404E-1));
#824=DIRECTION('',(0.E0,-1.E0,0.E0));
#825=DIRECTION('',(3.910346561932E-1,0.E0,-9.203759545185E-1));
#826=AXIS2_PLACEMENT_3D('',#823,#824,#825);
#828=DIRECTION('',(2.030747531443E-1,0.E0,9.791632369709E-1));
#829=VECTOR('',#828,4.798331369261E-1);
#830=CARTESIAN_POINT('',(2.129641680471E0,-1.35E0,1.301650324415E-1));
#831=LINE('',#830,#829);
#832=DIRECTION('',(9.791632369709E-1,0.E0,-2.030747531443E-1));
#833=VECTOR('',#832,1.E-1);
#834=CARTESIAN_POINT('',(2.227083676303E0,-1.35E0,6.E-1));
#835=LINE('',#834,#833);
#836=DIRECTION('',(-2.030747531443E-1,0.E0,-9.791632369709E-1));
#837=VECTOR('',#836,4.798331369261E-1);
#838=CARTESIAN_POINT('',(2.325E0,-1.35E0,5.796925246856E-1));
#839=LINE('',#838,#837);
#840=CARTESIAN_POINT('',(2.080291853328E0,-1.35E0,1.404E-1));
#841=DIRECTION('',(0.E0,1.E0,0.E0));
#842=DIRECTION('',(9.791632369709E-1,0.E0,-2.030747531443E-1));
#843=AXIS2_PLACEMENT_3D('',#840,#841,#842);
#845=DIRECTION('',(-1.E0,0.E0,0.E0));
#846=VECTOR('',#845,4.802918533279E-1);
#847=CARTESIAN_POINT('',(2.080291853328E0,-1.35E0,-1.E-2));
#848=LINE('',#847,#846);
#849=CARTESIAN_POINT('',(-2.080291853328E0,-1.35E0,1.404E-1));
#850=DIRECTION('',(0.E0,-1.E0,0.E0));
#851=DIRECTION('',(-9.791632369709E-1,0.E0,-2.030747531443E-1));
#852=AXIS2_PLACEMENT_3D('',#849,#850,#851);
#854=DIRECTION('',(0.E0,0.E0,-1.E0));
#855=VECTOR('',#854,1.E-2);
#856=CARTESIAN_POINT('',(-1.6E0,-1.35E0,0.E0));
#857=LINE('',#856,#855);
#858=DIRECTION('',(-1.E0,0.E0,0.E0));
#859=VECTOR('',#858,4.802918533279E-1);
#860=CARTESIAN_POINT('',(-1.6E0,-1.35E0,-1.E-2));
#861=LINE('',#860,#859);
#862=CARTESIAN_POINT('',(-2.080291853328E0,-1.35E0,1.404E-1));
#863=DIRECTION('',(0.E0,1.E0,0.E0));
#864=DIRECTION('',(0.E0,0.E0,-1.E0));
#865=AXIS2_PLACEMENT_3D('',#862,#863,#864);
#867=DIRECTION('',(-2.030747531443E-1,0.E0,9.791632369709E-1));
#868=VECTOR('',#867,4.798331369261E-1);
#869=CARTESIAN_POINT('',(-2.227558004168E0,-1.35E0,1.098575571271E-1));
#870=LINE('',#869,#868);
#871=DIRECTION('',(9.791632369709E-1,0.E0,2.030747531443E-1));
#872=VECTOR('',#871,1.E-1);
#873=CARTESIAN_POINT('',(-2.325E0,-1.35E0,5.796925246856E-1));
#874=LINE('',#873,#872);
#875=DIRECTION('',(2.030747531443E-1,0.E0,-9.791632369709E-1));
#876=VECTOR('',#875,4.798331369261E-1);
#877=CARTESIAN_POINT('',(-2.227083676303E0,-1.35E0,6.E-1));
#878=LINE('',#877,#876);
#879=DIRECTION('',(0.E0,0.E0,1.E0));
#880=VECTOR('',#879,9.401305189227E-2);
#881=CARTESIAN_POINT('',(2.1E0,-8.E-1,0.E0));
#882=LINE('',#881,#880);
#883=DIRECTION('',(0.E0,1.E0,0.E0));
#884=VECTOR('',#883,5.5E-1);
#885=CARTESIAN_POINT('',(2.1E0,-1.35E0,9.401305189227E-2));
#886=LINE('',#885,#884);
#887=DIRECTION('',(0.E0,0.E0,1.E0));
#888=VECTOR('',#887,9.401305189227E-2);
#889=CARTESIAN_POINT('',(2.1E0,-1.35E0,0.E0));
#890=LINE('',#889,#888);
#891=DIRECTION('',(0.E0,0.E0,1.E0));
#892=VECTOR('',#891,1.3E0);
#893=CARTESIAN_POINT('',(2.1E0,-1.65E0,0.E0));
#894=LINE('',#893,#892);
#895=DIRECTION('',(0.E0,0.E0,1.E0));
#896=VECTOR('',#895,9.401305189227E-2);
#897=CARTESIAN_POINT('',(2.1E0,1.35E0,0.E0));
#898=LINE('',#897,#896);
#899=DIRECTION('',(0.E0,1.E0,0.E0));
#900=VECTOR('',#899,5.5E-1);
#901=CARTESIAN_POINT('',(2.1E0,8.E-1,9.401305189227E-2));
#902=LINE('',#901,#900);
#903=DIRECTION('',(0.E0,0.E0,1.E0));
#904=VECTOR('',#903,9.401305189227E-2);
#905=CARTESIAN_POINT('',(2.1E0,8.E-1,0.E0));
#906=LINE('',#905,#904);
#907=DIRECTION('',(0.E0,-1.E0,0.E0));
#908=VECTOR('',#907,5.5E-1);
#909=CARTESIAN_POINT('',(2.129641680471E0,-8.E-1,1.301650324415E-1));
#910=LINE('',#909,#908);
#911=DIRECTION('',(0.E0,-1.E0,0.E0));
#912=VECTOR('',#911,5.5E-1);
#913=CARTESIAN_POINT('',(2.227083676303E0,-8.E-1,6.E-1));
#914=LINE('',#913,#912);
#915=DIRECTION('',(0.E0,-1.E0,0.E0));
#916=VECTOR('',#915,5.5E-1);
#917=CARTESIAN_POINT('',(2.325E0,-8.E-1,5.796925246856E-1));
#918=LINE('',#917,#916);
#919=DIRECTION('',(0.E0,-1.E0,0.E0));
#920=VECTOR('',#919,5.5E-1);
#921=CARTESIAN_POINT('',(2.227558004168E0,-8.E-1,1.098575571271E-1));
#922=LINE('',#921,#920);
#923=DIRECTION('',(0.E0,-1.E0,0.E0));
#924=VECTOR('',#923,5.5E-1);
#925=CARTESIAN_POINT('',(2.080291853328E0,-8.E-1,-1.E-2));
#926=LINE('',#925,#924);
#927=DIRECTION('',(0.E0,0.E0,1.E0));
#928=VECTOR('',#927,1.3E0);
#929=CARTESIAN_POINT('',(-2.1E0,-1.65E0,0.E0));
#930=LINE('',#929,#928);
#931=DIRECTION('',(-1.E0,0.E0,0.E0));
#932=VECTOR('',#931,8.E-1);
#933=CARTESIAN_POINT('',(4.E-1,1.1E0,1.3E0));
#934=LINE('',#933,#932);
#935=CARTESIAN_POINT('',(-4.E-1,0.E0,1.3E0));
#936=DIRECTION('',(0.E0,0.E0,1.E0));
#937=DIRECTION('',(0.E0,1.E0,0.E0));
#938=AXIS2_PLACEMENT_3D('',#935,#936,#937);
#940=DIRECTION('',(1.E0,0.E0,0.E0));
#941=VECTOR('',#940,8.E-1);
#942=CARTESIAN_POINT('',(-4.E-1,-1.1E0,1.3E0));
#943=LINE('',#942,#941);
#944=CARTESIAN_POINT('',(4.E-1,0.E0,1.3E0));
#945=DIRECTION('',(0.E0,0.E0,1.E0));
#946=DIRECTION('',(0.E0,-1.E0,0.E0));
#947=AXIS2_PLACEMENT_3D('',#944,#945,#946);
#949=DIRECTION('',(1.043930723833E-1,-9.945361162061E-1,0.E0));
#950=VECTOR('',#949,5.306865554889E-1);
#951=CARTESIAN_POINT('',(-2.1E0,-9.5E-1,1.3E0));
#952=LINE('',#951,#950);
#953=DIRECTION('',(6.994637948246E-1,-7.146680346354E-1,0.E0));
#954=VECTOR('',#953,9.400847420552E-2);
#955=CARTESIAN_POINT('',(-2.0446E0,-1.477786945819E0,1.3E0));
#956=LINE('',#955,#954);
#957=DIRECTION('',(9.839831908877E-1,-1.782612690703E-1,0.E0));
#958=VECTOR('',#957,5.891812799806E-1);
#959=CARTESIAN_POINT('',(-1.978844475887E0,-1.544971797318E0,1.3E0));
#960=LINE('',#959,#958);
#961=DIRECTION('',(1.E0,0.E0,0.E0));
#962=VECTOR('',#961,7.009E-1);
#963=CARTESIAN_POINT('',(-2.1E0,-1.65E0,1.3E0));
#964=LINE('',#963,#962);
#965=DIRECTION('',(0.E0,-1.E0,0.E0));
#966=VECTOR('',#965,7.E-1);
#967=CARTESIAN_POINT('',(-2.1E0,-9.5E-1,1.3E0));
#968=LINE('',#967,#966);
#969=DIRECTION('',(0.E0,1.E0,0.E0));
#970=VECTOR('',#969,1.936E-1);
#971=CARTESIAN_POINT('',(-1.3991E0,-1.65E0,1.3E0));
#972=LINE('',#971,#970);
#973=DIRECTION('',(-4.916440864576E-1,8.707962403750E-1,0.E0));
#974=VECTOR('',#973,3.475019981083E-1);
#975=CARTESIAN_POINT('',(-1.3991E0,-1.4564E0,1.3E0));
#976=LINE('',#975,#974);
#977=DIRECTION('',(-8.082684740921E-1,5.888141249909E-1,0.E0));
#978=VECTOR('',#977,3.461135830048E-1);
#979=CARTESIAN_POINT('',(-1.569947302402E0,-1.153796566524E0,1.3E0));
#980=LINE('',#979,#978);
#981=DIRECTION('',(1.E0,0.E0,0.E0));
#982=VECTOR('',#981,2.503E-1);
#983=CARTESIAN_POINT('',(-2.1E0,-9.5E-1,1.3E0));
#984=LINE('',#983,#982);
#985=DIRECTION('',(0.E0,-1.E0,0.E0));
#986=VECTOR('',#985,1.9E0);
#987=CARTESIAN_POINT('',(-2.1E0,9.5E-1,1.3E0));
#988=LINE('',#987,#986);
#989=DIRECTION('',(1.E0,0.E0,0.E0));
#990=VECTOR('',#989,2.503E-1);
#991=CARTESIAN_POINT('',(-2.1E0,9.5E-1,1.3E0));
#992=LINE('',#991,#990);
#993=DIRECTION('',(8.082684740921E-1,5.888141249909E-1,0.E0));
#994=VECTOR('',#993,3.461135830048E-1);
#995=CARTESIAN_POINT('',(-1.8497E0,9.5E-1,1.3E0));
#996=LINE('',#995,#994);
#997=DIRECTION('',(4.916440864576E-1,8.707962403750E-1,0.E0));
#998=VECTOR('',#997,3.475019981083E-1);
#999=CARTESIAN_POINT('',(-1.569947302402E0,1.153796566524E0,1.3E0));
#1000=LINE('',#999,#998);
#1001=DIRECTION('',(0.E0,-1.E0,0.E0));
#1002=VECTOR('',#1001,1.936E-1);
#1003=CARTESIAN_POINT('',(-1.3991E0,1.65E0,1.3E0));
#1004=LINE('',#1003,#1002);
#1005=DIRECTION('',(-1.E0,0.E0,0.E0));
#1006=VECTOR('',#1005,2.7982E0);
#1007=CARTESIAN_POINT('',(1.3991E0,1.65E0,1.3E0));
#1008=LINE('',#1007,#1006);
#1009=DIRECTION('',(0.E0,-1.E0,0.E0));
#1010=VECTOR('',#1009,1.936E-1);
#1011=CARTESIAN_POINT('',(1.3991E0,1.65E0,1.3E0));
#1012=LINE('',#1011,#1010);
#1013=DIRECTION('',(4.916440864576E-1,-8.707962403750E-1,0.E0));
#1014=VECTOR('',#1013,3.475019981083E-1);
#1015=CARTESIAN_POINT('',(1.3991E0,1.4564E0,1.3E0));
#1016=LINE('',#1015,#1014);
#1017=DIRECTION('',(8.082684740921E-1,-5.888141249909E-1,0.E0));
#1018=VECTOR('',#1017,3.461135830048E-1);
#1019=CARTESIAN_POINT('',(1.569947302402E0,1.153796566524E0,1.3E0));
#1020=LINE('',#1019,#1018);
#1021=DIRECTION('',(-1.E0,0.E0,0.E0));
#1022=VECTOR('',#1021,2.503E-1);
#1023=CARTESIAN_POINT('',(2.1E0,9.5E-1,1.3E0));
#1024=LINE('',#1023,#1022);
#1025=DIRECTION('',(0.E0,1.E0,0.E0));
#1026=VECTOR('',#1025,1.9E0);
#1027=CARTESIAN_POINT('',(2.1E0,-9.5E-1,1.3E0));
#1028=LINE('',#1027,#1026);
#1029=DIRECTION('',(-1.E0,0.E0,0.E0));
#1030=VECTOR('',#1029,2.503E-1);
#1031=CARTESIAN_POINT('',(2.1E0,-9.5E-1,1.3E0));
#1032=LINE('',#1031,#1030);
#1033=DIRECTION('',(-8.082684740921E-1,-5.888141249909E-1,0.E0));
#1034=VECTOR('',#1033,3.461135830048E-1);
#1035=CARTESIAN_POINT('',(1.8497E0,-9.5E-1,1.3E0));
#1036=LINE('',#1035,#1034);
#1037=DIRECTION('',(-4.916440864576E-1,-8.707962403750E-1,0.E0));
#1038=VECTOR('',#1037,3.475019981083E-1);
#1039=CARTESIAN_POINT('',(1.569947302402E0,-1.153796566524E0,1.3E0));
#1040=LINE('',#1039,#1038);
#1041=DIRECTION('',(0.E0,1.E0,0.E0));
#1042=VECTOR('',#1041,1.936E-1);
#1043=CARTESIAN_POINT('',(1.3991E0,-1.65E0,1.3E0));
#1044=LINE('',#1043,#1042);
#1045=DIRECTION('',(1.E0,0.E0,0.E0));
#1046=VECTOR('',#1045,2.7982E0);
#1047=CARTESIAN_POINT('',(-1.3991E0,-1.65E0,1.3E0));
#1048=LINE('',#1047,#1046);
#1049=DIRECTION('',(-9.839831908877E-1,-1.782612690703E-1,0.E0));
#1050=VECTOR('',#1049,5.891812799806E-1);
#1051=CARTESIAN_POINT('',(-1.3991E0,1.65E0,1.3E0));
#1052=LINE('',#1051,#1050);
#1053=DIRECTION('',(-6.994637948246E-1,-7.146680346354E-1,0.E0));
#1054=VECTOR('',#1053,9.400847420552E-2);
#1055=CARTESIAN_POINT('',(-1.978844475887E0,1.544971797318E0,1.3E0));
#1056=LINE('',#1055,#1054);
#1057=DIRECTION('',(-1.043930723833E-1,-9.945361162061E-1,0.E0));
#1058=VECTOR('',#1057,5.306865554889E-1);
#1059=CARTESIAN_POINT('',(-2.0446E0,1.477786945819E0,1.3E0));
#1060=LINE('',#1059,#1058);
#1061=DIRECTION('',(0.E0,-1.E0,0.E0));
#1062=VECTOR('',#1061,7.E-1);
#1063=CARTESIAN_POINT('',(-2.1E0,1.65E0,1.3E0));
#1064=LINE('',#1063,#1062);
#1065=DIRECTION('',(-1.E0,0.E0,0.E0));
#1066=VECTOR('',#1065,7.009E-1);
#1067=CARTESIAN_POINT('',(-1.3991E0,1.65E0,1.3E0));
#1068=LINE('',#1067,#1066);
#1069=DIRECTION('',(9.839831908877E-1,1.782612690703E-1,0.E0));
#1070=VECTOR('',#1069,5.891812799806E-1);
#1071=CARTESIAN_POINT('',(1.3991E0,-1.65E0,1.3E0));
#1072=LINE('',#1071,#1070);
#1073=DIRECTION('',(6.994637948246E-1,7.146680346354E-1,0.E0));
#1074=VECTOR('',#1073,9.400847420552E-2);
#1075=CARTESIAN_POINT('',(1.978844475887E0,-1.544971797318E0,1.3E0));
#1076=LINE('',#1075,#1074);
#1077=DIRECTION('',(1.043930723833E-1,9.945361162061E-1,0.E0));
#1078=VECTOR('',#1077,5.306865554889E-1);
#1079=CARTESIAN_POINT('',(2.0446E0,-1.477786945819E0,1.3E0));
#1080=LINE('',#1079,#1078);
#1081=DIRECTION('',(0.E0,1.E0,0.E0));
#1082=VECTOR('',#1081,7.E-1);
#1083=CARTESIAN_POINT('',(2.1E0,-1.65E0,1.3E0));
#1084=LINE('',#1083,#1082);
#1085=DIRECTION('',(1.E0,0.E0,0.E0));
#1086=VECTOR('',#1085,7.009E-1);
#1087=CARTESIAN_POINT('',(1.3991E0,-1.65E0,1.3E0));
#1088=LINE('',#1087,#1086);
#1089=DIRECTION('',(-1.043930723833E-1,9.945361162061E-1,0.E0));
#1090=VECTOR('',#1089,5.306865554889E-1);
#1091=CARTESIAN_POINT('',(2.1E0,9.5E-1,1.3E0));
#1092=LINE('',#1091,#1090);
#1093=DIRECTION('',(-6.994637948246E-1,7.146680346354E-1,0.E0));
#1094=VECTOR('',#1093,9.400847420552E-2);
#1095=CARTESIAN_POINT('',(2.0446E0,1.477786945819E0,1.3E0));
#1096=LINE('',#1095,#1094);
#1097=DIRECTION('',(-9.839831908877E-1,1.782612690703E-1,0.E0));
#1098=VECTOR('',#1097,5.891812799806E-1);
#1099=CARTESIAN_POINT('',(1.978844475887E0,1.544971797318E0,1.3E0));
#1100=LINE('',#1099,#1098);
#1101=DIRECTION('',(-1.E0,0.E0,0.E0));
#1102=VECTOR('',#1101,7.009E-1);
#1103=CARTESIAN_POINT('',(2.1E0,1.65E0,1.3E0));
#1104=LINE('',#1103,#1102);
#1105=DIRECTION('',(0.E0,1.E0,0.E0));
#1106=VECTOR('',#1105,7.E-1);
#1107=CARTESIAN_POINT('',(2.1E0,9.5E-1,1.3E0));
#1108=LINE('',#1107,#1106);
#1109=DIRECTION('',(-1.E0,0.E0,0.E0));
#1110=VECTOR('',#1109,7.999999999992E-1);
#1111=CARTESIAN_POINT('',(3.999999999995E-1,1.1E0,2.35E0));
#1112=LINE('',#1111,#1110);
#1113=DIRECTION('',(-5.088522196199E-13,0.E0,1.E0));
#1114=VECTOR('',#1113,1.05E0);
#1115=CARTESIAN_POINT('',(4.E-1,1.1E0,1.3E0));
#1116=LINE('',#1115,#1114);
#1117=CARTESIAN_POINT('',(4.E-1,9.5E-1,2.35E0));
#1118=DIRECTION('',(-1.E0,0.E0,0.E0));
#1119=DIRECTION('',(0.E0,0.E0,1.E0));
#1120=AXIS2_PLACEMENT_3D('',#1117,#1118,#1119);
#1122=CARTESIAN_POINT('',(4.E-1,0.E0,2.5E0));
#1123=DIRECTION('',(0.E0,0.E0,1.E0));
#1124=DIRECTION('',(0.E0,-1.E0,0.E0));
#1125=AXIS2_PLACEMENT_3D('',#1122,#1123,#1124);
#1127=DIRECTION('',(1.E0,0.E0,0.E0));
#1128=VECTOR('',#1127,8.E-1);
#1129=CARTESIAN_POINT('',(-4.E-1,-9.5E-1,2.5E0));
#1130=LINE('',#1129,#1128);
#1131=CARTESIAN_POINT('',(-4.E-1,0.E0,2.5E0));
#1132=DIRECTION('',(0.E0,0.E0,1.E0));
#1133=DIRECTION('',(0.E0,1.E0,0.E0));
#1134=AXIS2_PLACEMENT_3D('',#1131,#1132,#1133);
#1136=DIRECTION('',(-1.E0,0.E0,0.E0));
#1137=VECTOR('',#1136,8.E-1);
#1138=CARTESIAN_POINT('',(4.E-1,9.5E-1,2.5E0));
#1139=LINE('',#1138,#1137);
#1140=CARTESIAN_POINT('',(4.E-1,-9.5E-1,2.35E0));
#1141=DIRECTION('',(1.E0,0.E0,0.E0));
#1142=DIRECTION('',(0.E0,0.E0,1.E0));
#1143=AXIS2_PLACEMENT_3D('',#1140,#1141,#1142);
#1145=CARTESIAN_POINT('',(4.E-1,0.E0,2.35E0));
#1146=DIRECTION('',(0.E0,0.E0,1.E0));
#1147=DIRECTION('',(0.E0,-1.E0,0.E0));
#1148=AXIS2_PLACEMENT_3D('',#1145,#1146,#1147);
#1150=DIRECTION('',(-2.799348054948E-13,0.E0,1.E0));
#1151=VECTOR('',#1150,1.05E0);
#1152=CARTESIAN_POINT('',(4.E-1,-1.1E0,1.3E0));
#1153=LINE('',#1152,#1151);
#1154=DIRECTION('',(1.E0,0.E0,0.E0));
#1155=VECTOR('',#1154,7.999999999992E-1);
#1156=CARTESIAN_POINT('',(-3.999999999995E-1,-1.1E0,2.35E0));
#1157=LINE('',#1156,#1155);
#1158=DIRECTION('',(5.125000952722E-13,0.E0,1.E0));
#1159=VECTOR('',#1158,1.05E0);
#1160=CARTESIAN_POINT('',(-4.E-1,-1.1E0,1.3E0));
#1161=LINE('',#1160,#1159);
#1162=CARTESIAN_POINT('',(-4.E-1,-9.5E-1,2.35E0));
#1163=DIRECTION('',(1.E0,0.E0,0.E0));
#1164=DIRECTION('',(0.E0,0.E0,1.E0));
#1165=AXIS2_PLACEMENT_3D('',#1162,#1163,#1164);
#1167=CARTESIAN_POINT('',(-4.E-1,9.5E-1,2.35E0));
#1168=DIRECTION('',(-1.E0,0.E0,0.E0));
#1169=DIRECTION('',(0.E0,0.E0,1.E0));
#1170=AXIS2_PLACEMENT_3D('',#1167,#1168,#1169);
#1172=CARTESIAN_POINT('',(-4.E-1,0.E0,2.35E0));
#1173=DIRECTION('',(0.E0,0.E0,1.E0));
#1174=DIRECTION('',(0.E0,1.E0,0.E0));
#1175=AXIS2_PLACEMENT_3D('',#1172,#1173,#1174);
#1177=DIRECTION('',(2.763397976055E-13,0.E0,1.E0));
#1178=VECTOR('',#1177,1.05E0);
#1179=CARTESIAN_POINT('',(-4.E-1,1.1E0,1.3E0));
#1180=LINE('',#1179,#1178);
#1181=DIRECTION('',(0.E0,0.E0,1.E0));
#1182=VECTOR('',#1181,4.E-1);
#1183=CARTESIAN_POINT('',(-2.1E0,-9.5E-1,1.3E0));
#1184=LINE('',#1183,#1182);
#1185=DIRECTION('',(0.E0,0.E0,1.E0));
#1186=VECTOR('',#1185,4.E-1);
#1187=CARTESIAN_POINT('',(-1.8497E0,-9.5E-1,1.3E0));
#1188=LINE('',#1187,#1186);
#1189=DIRECTION('',(0.E0,0.E0,1.E0));
#1190=VECTOR('',#1189,4.E-1);
#1191=CARTESIAN_POINT('',(-1.569947302402E0,-1.153796566524E0,1.3E0));
#1192=LINE('',#1191,#1190);
#1193=DIRECTION('',(0.E0,0.E0,1.E0));
#1194=VECTOR('',#1193,4.E-1);
#1195=CARTESIAN_POINT('',(-1.3991E0,-1.4564E0,1.3E0));
#1196=LINE('',#1195,#1194);
#1197=DIRECTION('',(0.E0,0.E0,1.E0));
#1198=VECTOR('',#1197,4.E-1);
#1199=CARTESIAN_POINT('',(-1.3991E0,-1.65E0,1.3E0));
#1200=LINE('',#1199,#1198);
#1201=DIRECTION('',(0.E0,0.E0,1.E0));
#1202=VECTOR('',#1201,4.E-1);
#1203=CARTESIAN_POINT('',(-1.978844475887E0,-1.544971797318E0,1.3E0));
#1204=LINE('',#1203,#1202);
#1205=DIRECTION('',(0.E0,0.E0,1.E0));
#1206=VECTOR('',#1205,4.E-1);
#1207=CARTESIAN_POINT('',(-2.0446E0,-1.477786945819E0,1.3E0));
#1208=LINE('',#1207,#1206);
#1209=DIRECTION('',(1.043930723833E-1,-9.945361162061E-1,0.E0));
#1210=VECTOR('',#1209,5.306865554889E-1);
#1211=CARTESIAN_POINT('',(-2.1E0,-9.5E-1,1.7E0));
#1212=LINE('',#1211,#1210);
#1213=DIRECTION('',(-1.E0,0.E0,0.E0));
#1214=VECTOR('',#1213,2.503E-1);
#1215=CARTESIAN_POINT('',(-1.8497E0,-9.5E-1,1.7E0));
#1216=LINE('',#1215,#1214);
#1217=DIRECTION('',(-8.082684740921E-1,5.888141249909E-1,0.E0));
#1218=VECTOR('',#1217,3.461135830048E-1);
#1219=CARTESIAN_POINT('',(-1.569947302402E0,-1.153796566524E0,1.7E0));
#1220=LINE('',#1219,#1218);
#1221=DIRECTION('',(-4.916440864576E-1,8.707962403750E-1,0.E0));
#1222=VECTOR('',#1221,3.475019981083E-1);
#1223=CARTESIAN_POINT('',(-1.3991E0,-1.4564E0,1.7E0));
#1224=LINE('',#1223,#1222);
#1225=DIRECTION('',(0.E0,1.E0,0.E0));
#1226=VECTOR('',#1225,1.936E-1);
#1227=CARTESIAN_POINT('',(-1.3991E0,-1.65E0,1.7E0));
#1228=LINE('',#1227,#1226);
#1229=DIRECTION('',(9.839831908877E-1,-1.782612690703E-1,0.E0));
#1230=VECTOR('',#1229,5.891812799806E-1);
#1231=CARTESIAN_POINT('',(-1.978844475887E0,-1.544971797318E0,1.7E0));
#1232=LINE('',#1231,#1230);
#1233=DIRECTION('',(6.994637948246E-1,-7.146680346354E-1,0.E0));
#1234=VECTOR('',#1233,9.400847420552E-2);
#1235=CARTESIAN_POINT('',(-2.0446E0,-1.477786945819E0,1.7E0));
#1236=LINE('',#1235,#1234);
#1237=DIRECTION('',(1.E0,0.E0,0.E0));
#1238=VECTOR('',#1237,2.503E-1);
#1239=CARTESIAN_POINT('',(-2.1E0,9.5E-1,1.7E0));
#1240=LINE('',#1239,#1238);
#1241=DIRECTION('',(-1.043930723833E-1,-9.945361162061E-1,0.E0));
#1242=VECTOR('',#1241,5.306865554889E-1);
#1243=CARTESIAN_POINT('',(-2.0446E0,1.477786945819E0,1.7E0));
#1244=LINE('',#1243,#1242);
#1245=DIRECTION('',(-6.994637948246E-1,-7.146680346354E-1,0.E0));
#1246=VECTOR('',#1245,9.400847420552E-2);
#1247=CARTESIAN_POINT('',(-1.978844475887E0,1.544971797318E0,1.7E0));
#1248=LINE('',#1247,#1246);
#1249=DIRECTION('',(-9.839831908877E-1,-1.782612690703E-1,0.E0));
#1250=VECTOR('',#1249,5.891812799806E-1);
#1251=CARTESIAN_POINT('',(-1.3991E0,1.65E0,1.7E0));
#1252=LINE('',#1251,#1250);
#1253=DIRECTION('',(0.E0,1.E0,0.E0));
#1254=VECTOR('',#1253,1.936E-1);
#1255=CARTESIAN_POINT('',(-1.3991E0,1.4564E0,1.7E0));
#1256=LINE('',#1255,#1254);
#1257=DIRECTION('',(4.916440864576E-1,8.707962403750E-1,0.E0));
#1258=VECTOR('',#1257,3.475019981083E-1);
#1259=CARTESIAN_POINT('',(-1.569947302402E0,1.153796566524E0,1.7E0));
#1260=LINE('',#1259,#1258);
#1261=DIRECTION('',(8.082684740921E-1,5.888141249909E-1,0.E0));
#1262=VECTOR('',#1261,3.461135830048E-1);
#1263=CARTESIAN_POINT('',(-1.8497E0,9.5E-1,1.7E0));
#1264=LINE('',#1263,#1262);
#1265=DIRECTION('',(-1.E0,0.E0,0.E0));
#1266=VECTOR('',#1265,2.503E-1);
#1267=CARTESIAN_POINT('',(2.1E0,-9.5E-1,1.7E0));
#1268=LINE('',#1267,#1266);
#1269=DIRECTION('',(1.043930723833E-1,9.945361162061E-1,0.E0));
#1270=VECTOR('',#1269,5.306865554889E-1);
#1271=CARTESIAN_POINT('',(2.0446E0,-1.477786945819E0,1.7E0));
#1272=LINE('',#1271,#1270);
#1273=DIRECTION('',(6.994637948246E-1,7.146680346354E-1,0.E0));
#1274=VECTOR('',#1273,9.400847420552E-2);
#1275=CARTESIAN_POINT('',(1.978844475887E0,-1.544971797318E0,1.7E0));
#1276=LINE('',#1275,#1274);
#1277=DIRECTION('',(9.839831908877E-1,1.782612690703E-1,0.E0));
#1278=VECTOR('',#1277,5.891812799806E-1);
#1279=CARTESIAN_POINT('',(1.3991E0,-1.65E0,1.7E0));
#1280=LINE('',#1279,#1278);
#1281=DIRECTION('',(0.E0,-1.E0,0.E0));
#1282=VECTOR('',#1281,1.936E-1);
#1283=CARTESIAN_POINT('',(1.3991E0,-1.4564E0,1.7E0));
#1284=LINE('',#1283,#1282);
#1285=DIRECTION('',(-4.916440864576E-1,-8.707962403750E-1,0.E0));
#1286=VECTOR('',#1285,3.475019981083E-1);
#1287=CARTESIAN_POINT('',(1.569947302402E0,-1.153796566524E0,1.7E0));
#1288=LINE('',#1287,#1286);
#1289=DIRECTION('',(-8.082684740921E-1,-5.888141249909E-1,0.E0));
#1290=VECTOR('',#1289,3.461135830048E-1);
#1291=CARTESIAN_POINT('',(1.8497E0,-9.5E-1,1.7E0));
#1292=LINE('',#1291,#1290);
#1293=DIRECTION('',(-1.043930723833E-1,9.945361162061E-1,0.E0));
#1294=VECTOR('',#1293,5.306865554889E-1);
#1295=CARTESIAN_POINT('',(2.1E0,9.5E-1,1.7E0));
#1296=LINE('',#1295,#1294);
#1297=DIRECTION('',(1.E0,0.E0,0.E0));
#1298=VECTOR('',#1297,2.503E-1);
#1299=CARTESIAN_POINT('',(1.8497E0,9.5E-1,1.7E0));
#1300=LINE('',#1299,#1298);
#1301=DIRECTION('',(8.082684740921E-1,-5.888141249909E-1,0.E0));
#1302=VECTOR('',#1301,3.461135830048E-1);
#1303=CARTESIAN_POINT('',(1.569947302402E0,1.153796566524E0,1.7E0));
#1304=LINE('',#1303,#1302);
#1305=DIRECTION('',(4.916440864576E-1,-8.707962403750E-1,0.E0));
#1306=VECTOR('',#1305,3.475019981083E-1);
#1307=CARTESIAN_POINT('',(1.3991E0,1.4564E0,1.7E0));
#1308=LINE('',#1307,#1306);
#1309=DIRECTION('',(0.E0,-1.E0,0.E0));
#1310=VECTOR('',#1309,1.936E-1);
#1311=CARTESIAN_POINT('',(1.3991E0,1.65E0,1.7E0));
#1312=LINE('',#1311,#1310);
#1313=DIRECTION('',(-9.839831908877E-1,1.782612690703E-1,0.E0));
#1314=VECTOR('',#1313,5.891812799806E-1);
#1315=CARTESIAN_POINT('',(1.978844475887E0,1.544971797318E0,1.7E0));
#1316=LINE('',#1315,#1314);
#1317=DIRECTION('',(-6.994637948246E-1,7.146680346354E-1,0.E0));
#1318=VECTOR('',#1317,9.400847420552E-2);
#1319=CARTESIAN_POINT('',(2.0446E0,1.477786945819E0,1.7E0));
#1320=LINE('',#1319,#1318);
#1321=DIRECTION('',(0.E0,0.E0,1.E0));
#1322=VECTOR('',#1321,4.E-1);
#1323=CARTESIAN_POINT('',(-2.1E0,9.5E-1,1.3E0));
#1324=LINE('',#1323,#1322);
#1325=DIRECTION('',(0.E0,0.E0,1.E0));
#1326=VECTOR('',#1325,4.E-1);
#1327=CARTESIAN_POINT('',(-2.0446E0,1.477786945819E0,1.3E0));
#1328=LINE('',#1327,#1326);
#1329=DIRECTION('',(0.E0,0.E0,1.E0));
#1330=VECTOR('',#1329,4.E-1);
#1331=CARTESIAN_POINT('',(-1.978844475887E0,1.544971797318E0,1.3E0));
#1332=LINE('',#1331,#1330);
#1333=DIRECTION('',(0.E0,0.E0,1.E0));
#1334=VECTOR('',#1333,4.E-1);
#1335=CARTESIAN_POINT('',(-1.3991E0,1.65E0,1.3E0));
#1336=LINE('',#1335,#1334);
#1337=DIRECTION('',(0.E0,0.E0,1.E0));
#1338=VECTOR('',#1337,4.E-1);
#1339=CARTESIAN_POINT('',(-1.3991E0,1.4564E0,1.3E0));
#1340=LINE('',#1339,#1338);
#1341=DIRECTION('',(0.E0,0.E0,1.E0));
#1342=VECTOR('',#1341,4.E-1);
#1343=CARTESIAN_POINT('',(-1.569947302402E0,1.153796566524E0,1.3E0));
#1344=LINE('',#1343,#1342);
#1345=DIRECTION('',(0.E0,0.E0,1.E0));
#1346=VECTOR('',#1345,4.E-1);
#1347=CARTESIAN_POINT('',(-1.8497E0,9.5E-1,1.3E0));
#1348=LINE('',#1347,#1346);
#1349=DIRECTION('',(0.E0,0.E0,1.E0));
#1350=VECTOR('',#1349,4.E-1);
#1351=CARTESIAN_POINT('',(2.1E0,-9.5E-1,1.3E0));
#1352=LINE('',#1351,#1350);
#1353=DIRECTION('',(0.E0,0.E0,1.E0));
#1354=VECTOR('',#1353,4.E-1);
#1355=CARTESIAN_POINT('',(2.0446E0,-1.477786945819E0,1.3E0));
#1356=LINE('',#1355,#1354);
#1357=DIRECTION('',(0.E0,0.E0,1.E0));
#1358=VECTOR('',#1357,4.E-1);
#1359=CARTESIAN_POINT('',(1.978844475887E0,-1.544971797318E0,1.3E0));
#1360=LINE('',#1359,#1358);
#1361=DIRECTION('',(0.E0,0.E0,1.E0));
#1362=VECTOR('',#1361,4.E-1);
#1363=CARTESIAN_POINT('',(1.3991E0,-1.65E0,1.3E0));
#1364=LINE('',#1363,#1362);
#1365=DIRECTION('',(0.E0,0.E0,1.E0));
#1366=VECTOR('',#1365,4.E-1);
#1367=CARTESIAN_POINT('',(1.3991E0,-1.4564E0,1.3E0));
#1368=LINE('',#1367,#1366);
#1369=DIRECTION('',(0.E0,0.E0,1.E0));
#1370=VECTOR('',#1369,4.E-1);
#1371=CARTESIAN_POINT('',(1.569947302402E0,-1.153796566524E0,1.3E0));
#1372=LINE('',#1371,#1370);
#1373=DIRECTION('',(0.E0,0.E0,1.E0));
#1374=VECTOR('',#1373,4.E-1);
#1375=CARTESIAN_POINT('',(1.8497E0,-9.5E-1,1.3E0));
#1376=LINE('',#1375,#1374);
#1377=DIRECTION('',(0.E0,0.E0,1.E0));
#1378=VECTOR('',#1377,4.E-1);
#1379=CARTESIAN_POINT('',(2.1E0,9.5E-1,1.3E0));
#1380=LINE('',#1379,#1378);
#1381=DIRECTION('',(0.E0,0.E0,1.E0));
#1382=VECTOR('',#1381,4.E-1);
#1383=CARTESIAN_POINT('',(1.8497E0,9.5E-1,1.3E0));
#1384=LINE('',#1383,#1382);
#1385=DIRECTION('',(0.E0,0.E0,1.E0));
#1386=VECTOR('',#1385,4.E-1);
#1387=CARTESIAN_POINT('',(1.569947302402E0,1.153796566524E0,1.3E0));
#1388=LINE('',#1387,#1386);
#1389=DIRECTION('',(0.E0,0.E0,1.E0));
#1390=VECTOR('',#1389,4.E-1);
#1391=CARTESIAN_POINT('',(1.3991E0,1.4564E0,1.3E0));
#1392=LINE('',#1391,#1390);
#1393=DIRECTION('',(0.E0,0.E0,1.E0));
#1394=VECTOR('',#1393,4.E-1);
#1395=CARTESIAN_POINT('',(1.3991E0,1.65E0,1.3E0));
#1396=LINE('',#1395,#1394);
#1397=DIRECTION('',(0.E0,0.E0,1.E0));
#1398=VECTOR('',#1397,4.E-1);
#1399=CARTESIAN_POINT('',(1.978844475887E0,1.544971797318E0,1.3E0));
#1400=LINE('',#1399,#1398);
#1401=DIRECTION('',(0.E0,0.E0,1.E0));
#1402=VECTOR('',#1401,4.E-1);
#1403=CARTESIAN_POINT('',(2.0446E0,1.477786945819E0,1.3E0));
#1404=LINE('',#1403,#1402);
#1405=DIRECTION('',(0.E0,0.E0,1.E0));
#1406=VECTOR('',#1405,9.401305189227E-2);
#1407=CARTESIAN_POINT('',(-2.1E0,-8.E-1,0.E0));
#1408=LINE('',#1407,#1406);
#1409=DIRECTION('',(0.E0,0.E0,1.E0));
#1410=VECTOR('',#1409,9.401305189227E-2);
#1411=CARTESIAN_POINT('',(-2.1E0,8.E-1,0.E0));
#1412=LINE('',#1411,#1410);
#1413=DIRECTION('',(0.E0,1.E0,0.E0));
#1414=VECTOR('',#1413,5.5E-1);
#1415=CARTESIAN_POINT('',(-2.1E0,8.E-1,9.401305189227E-2));
#1416=LINE('',#1415,#1414);
#1417=DIRECTION('',(0.E0,0.E0,1.E0));
#1418=VECTOR('',#1417,9.401305189227E-2);
#1419=CARTESIAN_POINT('',(-2.1E0,1.35E0,0.E0));
#1420=LINE('',#1419,#1418);
#1421=DIRECTION('',(0.E0,0.E0,1.E0));
#1422=VECTOR('',#1421,1.3E0);
#1423=CARTESIAN_POINT('',(-2.1E0,1.65E0,0.E0));
#1424=LINE('',#1423,#1422);
#1425=DIRECTION('',(0.E0,0.E0,1.E0));
#1426=VECTOR('',#1425,9.401305189227E-2);
#1427=CARTESIAN_POINT('',(-2.1E0,-1.35E0,0.E0));
#1428=LINE('',#1427,#1426);
#1429=DIRECTION('',(0.E0,1.E0,0.E0));
#1430=VECTOR('',#1429,5.5E-1);
#1431=CARTESIAN_POINT('',(-2.1E0,-1.35E0,9.401305189227E-2));
#1432=LINE('',#1431,#1430);
#1433=DIRECTION('',(0.E0,0.E0,-1.E0));
#1434=VECTOR('',#1433,1.E-2);
#1435=CARTESIAN_POINT('',(-1.6E0,8.E-1,0.E0));
#1436=LINE('',#1435,#1434);
#1437=DIRECTION('',(-1.E0,0.E0,0.E0));
#1438=VECTOR('',#1437,4.802918533279E-1);
#1439=CARTESIAN_POINT('',(-1.6E0,8.E-1,-1.E-2));
#1440=LINE('',#1439,#1438);
#1441=CARTESIAN_POINT('',(-2.080291853328E0,8.E-1,1.404E-1));
#1442=DIRECTION('',(0.E0,1.E0,0.E0));
#1443=DIRECTION('',(0.E0,0.E0,-1.E0));
#1444=AXIS2_PLACEMENT_3D('',#1441,#1442,#1443);
#1446=DIRECTION('',(-2.030747531443E-1,0.E0,9.791632369709E-1));
#1447=VECTOR('',#1446,4.798331369261E-1);
#1448=CARTESIAN_POINT('',(-2.227558004168E0,8.E-1,1.098575571271E-1));
#1449=LINE('',#1448,#1447);
#1450=DIRECTION('',(9.791632369709E-1,0.E0,2.030747531443E-1));
#1451=VECTOR('',#1450,1.E-1);
#1452=CARTESIAN_POINT('',(-2.325E0,8.E-1,5.796925246856E-1));
#1453=LINE('',#1452,#1451);
#1454=DIRECTION('',(2.030747531443E-1,0.E0,-9.791632369709E-1));
#1455=VECTOR('',#1454,4.798331369261E-1);
#1456=CARTESIAN_POINT('',(-2.227083676303E0,8.E-1,6.E-1));
#1457=LINE('',#1456,#1455);
#1458=CARTESIAN_POINT('',(-2.080291853328E0,8.E-1,1.404E-1));
#1459=DIRECTION('',(0.E0,-1.E0,0.E0));
#1460=DIRECTION('',(-9.791632369709E-1,0.E0,-2.030747531443E-1));
#1461=AXIS2_PLACEMENT_3D('',#1458,#1459,#1460);
#1463=CARTESIAN_POINT('',(2.080291853328E0,8.E-1,1.404E-1));
#1464=DIRECTION('',(0.E0,-1.E0,0.E0));
#1465=DIRECTION('',(3.910346561932E-1,0.E0,-9.203759545185E-1));
#1466=AXIS2_PLACEMENT_3D('',#1463,#1464,#1465);
#1468=DIRECTION('',(2.030747531443E-1,0.E0,9.791632369709E-1));
#1469=VECTOR('',#1468,4.798331369261E-1);
#1470=CARTESIAN_POINT('',(2.129641680471E0,8.E-1,1.301650324415E-1));
#1471=LINE('',#1470,#1469);
#1472=DIRECTION('',(9.791632369709E-1,0.E0,-2.030747531443E-1));
#1473=VECTOR('',#1472,1.E-1);
#1474=CARTESIAN_POINT('',(2.227083676303E0,8.E-1,6.E-1));
#1475=LINE('',#1474,#1473);
#1476=DIRECTION('',(-2.030747531443E-1,0.E0,-9.791632369709E-1));
#1477=VECTOR('',#1476,4.798331369261E-1);
#1478=CARTESIAN_POINT('',(2.325E0,8.E-1,5.796925246856E-1));
#1479=LINE('',#1478,#1477);
#1480=CARTESIAN_POINT('',(2.080291853328E0,8.E-1,1.404E-1));
#1481=DIRECTION('',(0.E0,1.E0,0.E0));
#1482=DIRECTION('',(9.791632369709E-1,0.E0,-2.030747531443E-1));
#1483=AXIS2_PLACEMENT_3D('',#1480,#1481,#1482);
#1485=DIRECTION('',(-1.E0,0.E0,0.E0));
#1486=VECTOR('',#1485,4.802918533279E-1);
#1487=CARTESIAN_POINT('',(2.080291853328E0,8.E-1,-1.E-2));
#1488=LINE('',#1487,#1486);
#1489=DIRECTION('',(2.220446049250E-14,0.E0,1.E0));
#1490=VECTOR('',#1489,1.E-2);
#1491=CARTESIAN_POINT('',(1.6E0,8.E-1,-1.E-2));
#1492=LINE('',#1491,#1490);
#1493=CARTESIAN_POINT('',(-2.080291853328E0,1.35E0,1.404E-1));
#1494=DIRECTION('',(0.E0,-1.E0,0.E0));
#1495=DIRECTION('',(-9.791632369709E-1,0.E0,-2.030747531443E-1));
#1496=AXIS2_PLACEMENT_3D('',#1493,#1494,#1495);
#1498=DIRECTION('',(2.030747531443E-1,0.E0,-9.791632369709E-1));
#1499=VECTOR('',#1498,4.798331369261E-1);
#1500=CARTESIAN_POINT('',(-2.227083676303E0,1.35E0,6.E-1));
#1501=LINE('',#1500,#1499);
#1502=DIRECTION('',(9.791632369709E-1,0.E0,2.030747531443E-1));
#1503=VECTOR('',#1502,1.E-1);
#1504=CARTESIAN_POINT('',(-2.325E0,1.35E0,5.796925246856E-1));
#1505=LINE('',#1504,#1503);
#1506=DIRECTION('',(-2.030747531443E-1,0.E0,9.791632369709E-1));
#1507=VECTOR('',#1506,4.798331369261E-1);
#1508=CARTESIAN_POINT('',(-2.227558004168E0,1.35E0,1.098575571271E-1));
#1509=LINE('',#1508,#1507);
#1510=CARTESIAN_POINT('',(-2.080291853328E0,1.35E0,1.404E-1));
#1511=DIRECTION('',(0.E0,1.E0,0.E0));
#1512=DIRECTION('',(0.E0,0.E0,-1.E0));
#1513=AXIS2_PLACEMENT_3D('',#1510,#1511,#1512);
#1515=DIRECTION('',(-1.E0,0.E0,0.E0));
#1516=VECTOR('',#1515,4.802918533279E-1);
#1517=CARTESIAN_POINT('',(-1.6E0,1.35E0,-1.E-2));
#1518=LINE('',#1517,#1516);
#1519=DIRECTION('',(0.E0,0.E0,-1.E0));
#1520=VECTOR('',#1519,1.E-2);
#1521=CARTESIAN_POINT('',(-1.6E0,1.35E0,0.E0));
#1522=LINE('',#1521,#1520);
#1523=DIRECTION('',(2.220446049250E-14,0.E0,1.E0));
#1524=VECTOR('',#1523,1.E-2);
#1525=CARTESIAN_POINT('',(1.6E0,1.35E0,-1.E-2));
#1526=LINE('',#1525,#1524);
#1527=DIRECTION('',(-1.E0,0.E0,0.E0));
#1528=VECTOR('',#1527,4.802918533279E-1);
#1529=CARTESIAN_POINT('',(2.080291853328E0,1.35E0,-1.E-2));
#1530=LINE('',#1529,#1528);
#1531=CARTESIAN_POINT('',(2.080291853328E0,1.35E0,1.404E-1));
#1532=DIRECTION('',(0.E0,1.E0,0.E0));
#1533=DIRECTION('',(9.791632369709E-1,0.E0,-2.030747531443E-1));
#1534=AXIS2_PLACEMENT_3D('',#1531,#1532,#1533);
#1536=DIRECTION('',(-2.030747531443E-1,0.E0,-9.791632369709E-1));
#1537=VECTOR('',#1536,4.798331369261E-1);
#1538=CARTESIAN_POINT('',(2.325E0,1.35E0,5.796925246856E-1));
#1539=LINE('',#1538,#1537);
#1540=DIRECTION('',(9.791632369709E-1,0.E0,-2.030747531443E-1));
#1541=VECTOR('',#1540,1.E-1);
#1542=CARTESIAN_POINT('',(2.227083676303E0,1.35E0,6.E-1));
#1543=LINE('',#1542,#1541);
#1544=DIRECTION('',(2.030747531443E-1,0.E0,9.791632369709E-1));
#1545=VECTOR('',#1544,4.798331369261E-1);
#1546=CARTESIAN_POINT('',(2.129641680471E0,1.35E0,1.301650324415E-1));
#1547=LINE('',#1546,#1545);
#1548=CARTESIAN_POINT('',(2.080291853328E0,1.35E0,1.404E-1));
#1549=DIRECTION('',(0.E0,-1.E0,0.E0));
#1550=DIRECTION('',(3.910346561932E-1,0.E0,-9.203759545185E-1));
#1551=AXIS2_PLACEMENT_3D('',#1548,#1549,#1550);
#1553=DIRECTION('',(0.E0,1.E0,0.E0));
#1554=VECTOR('',#1553,5.5E-1);
#1555=CARTESIAN_POINT('',(-2.129641680471E0,8.E-1,1.301650324415E-1));
#1556=LINE('',#1555,#1554);
#1557=DIRECTION('',(0.E0,1.E0,0.E0));
#1558=VECTOR('',#1557,5.5E-1);
#1559=CARTESIAN_POINT('',(-2.227083676303E0,8.E-1,6.E-1));
#1560=LINE('',#1559,#1558);
#1561=DIRECTION('',(0.E0,1.E0,0.E0));
#1562=VECTOR('',#1561,5.5E-1);
#1563=CARTESIAN_POINT('',(-2.325E0,8.E-1,5.796925246856E-1));
#1564=LINE('',#1563,#1562);
#1565=DIRECTION('',(0.E0,1.E0,0.E0));
#1566=VECTOR('',#1565,5.5E-1);
#1567=CARTESIAN_POINT('',(-2.227558004168E0,8.E-1,1.098575571271E-1));
#1568=LINE('',#1567,#1566);
#1569=DIRECTION('',(0.E0,1.E0,0.E0));
#1570=VECTOR('',#1569,5.5E-1);
#1571=CARTESIAN_POINT('',(-2.080291853328E0,8.E-1,-1.E-2));
#1572=LINE('',#1571,#1570);
#1573=DIRECTION('',(0.E0,1.E0,0.E0));
#1574=VECTOR('',#1573,5.5E-1);
#1575=CARTESIAN_POINT('',(-1.6E0,8.E-1,-1.E-2));
#1576=LINE('',#1575,#1574);
#1577=DIRECTION('',(0.E0,1.E0,0.E0));
#1578=VECTOR('',#1577,5.5E-1);
#1579=CARTESIAN_POINT('',(1.6E0,8.E-1,-1.E-2));
#1580=LINE('',#1579,#1578);
#1581=DIRECTION('',(0.E0,1.E0,0.E0));
#1582=VECTOR('',#1581,5.5E-1);
#1583=CARTESIAN_POINT('',(2.080291853328E0,8.E-1,-1.E-2));
#1584=LINE('',#1583,#1582);
#1585=DIRECTION('',(0.E0,1.E0,0.E0));
#1586=VECTOR('',#1585,5.5E-1);
#1587=CARTESIAN_POINT('',(2.227558004168E0,8.E-1,1.098575571271E-1));
#1588=LINE('',#1587,#1586);
#1589=DIRECTION('',(0.E0,1.E0,0.E0));
#1590=VECTOR('',#1589,5.5E-1);
#1591=CARTESIAN_POINT('',(2.325E0,8.E-1,5.796925246856E-1));
#1592=LINE('',#1591,#1590);
#1593=DIRECTION('',(0.E0,1.E0,0.E0));
#1594=VECTOR('',#1593,5.5E-1);
#1595=CARTESIAN_POINT('',(2.227083676303E0,8.E-1,6.E-1));
#1596=LINE('',#1595,#1594);
#1597=DIRECTION('',(0.E0,1.E0,0.E0));
#1598=VECTOR('',#1597,5.5E-1);
#1599=CARTESIAN_POINT('',(2.129641680471E0,8.E-1,1.301650324415E-1));
#1600=LINE('',#1599,#1598);
#1601=DIRECTION('',(0.E0,0.E0,1.E0));
#1602=VECTOR('',#1601,1.3E0);
#1603=CARTESIAN_POINT('',(2.1E0,1.65E0,0.E0));
#1604=LINE('',#1603,#1602);
#1605=DIRECTION('',(0.E0,-1.E0,0.E0));
#1606=VECTOR('',#1605,5.5E-1);
#1607=CARTESIAN_POINT('',(-2.129641680471E0,-8.E-1,1.301650324415E-1));
#1608=LINE('',#1607,#1606);
#1609=DIRECTION('',(0.E0,-1.E0,0.E0));
#1610=VECTOR('',#1609,5.5E-1);
#1611=CARTESIAN_POINT('',(-2.227083676303E0,-8.E-1,6.E-1));
#1612=LINE('',#1611,#1610);
#1613=DIRECTION('',(0.E0,-1.E0,0.E0));
#1614=VECTOR('',#1613,5.5E-1);
#1615=CARTESIAN_POINT('',(-2.325E0,-8.E-1,5.796925246856E-1));
#1616=LINE('',#1615,#1614);
#1617=DIRECTION('',(0.E0,-1.E0,0.E0));
#1618=VECTOR('',#1617,5.5E-1);
#1619=CARTESIAN_POINT('',(-2.227558004168E0,-8.E-1,1.098575571271E-1));
#1620=LINE('',#1619,#1618);
#1621=DIRECTION('',(0.E0,-1.E0,0.E0));
#1622=VECTOR('',#1621,5.5E-1);
#1623=CARTESIAN_POINT('',(-2.080291853328E0,-8.E-1,-1.E-2));
#1624=LINE('',#1623,#1622);
#1625=DIRECTION('',(0.E0,-1.E0,0.E0));
#1626=VECTOR('',#1625,5.5E-1);
#1627=CARTESIAN_POINT('',(-1.6E0,-8.E-1,-1.E-2));
#1628=LINE('',#1627,#1626);
#1629=DIRECTION('',(0.E0,0.E0,-1.E0));
#1630=VECTOR('',#1629,2.E-2);
#1631=CARTESIAN_POINT('',(-6.002E-1,4.355E-1,0.E0));
#1632=LINE('',#1631,#1630);
#1633=DIRECTION('',(0.E0,0.E0,-1.E0));
#1634=VECTOR('',#1633,2.E-2);
#1635=CARTESIAN_POINT('',(-5.648875E-1,4.355E-1,0.E0));
#1636=LINE('',#1635,#1634);
#1637=DIRECTION('',(0.E0,0.E0,-1.E0));
#1638=VECTOR('',#1637,2.E-2);
#1639=CARTESIAN_POINT('',(-5.648875E-1,6.819361703023E-1,0.E0));
#1640=LINE('',#1639,#1638);
#1641=DIRECTION('',(0.E0,0.E0,-1.E0));
#1642=VECTOR('',#1641,2.E-2);
#1643=CARTESIAN_POINT('',(-3.88325E-1,6.819361703023E-1,0.E0));
#1644=LINE('',#1643,#1642);
#1645=DIRECTION('',(0.E0,0.E0,-1.E0));
#1646=VECTOR('',#1645,2.E-2);
#1647=CARTESIAN_POINT('',(-3.88325E-1,7.18E-1,0.E0));
#1648=LINE('',#1647,#1646);
#1649=DIRECTION('',(0.E0,0.E0,-1.E0));
#1650=VECTOR('',#1649,2.E-2);
#1651=CARTESIAN_POINT('',(-6.002E-1,7.18E-1,0.E0));
#1652=LINE('',#1651,#1650);
#1653=DIRECTION('',(0.E0,1.E0,0.E0));
#1654=VECTOR('',#1653,2.825E-1);
#1655=CARTESIAN_POINT('',(-6.002E-1,4.355E-1,-2.E-2));
#1656=LINE('',#1655,#1654);
#1657=DIRECTION('',(-1.E0,0.E0,0.E0));
#1658=VECTOR('',#1657,3.53125E-2);
#1659=CARTESIAN_POINT('',(-5.648875E-1,4.355E-1,-2.E-2));
#1660=LINE('',#1659,#1658);
#1661=DIRECTION('',(0.E0,-1.E0,0.E0));
#1662=VECTOR('',#1661,2.464361703023E-1);
#1663=CARTESIAN_POINT('',(-5.648875E-1,6.819361703023E-1,-2.E-2));
#1664=LINE('',#1663,#1662);
#1665=DIRECTION('',(-1.E0,0.E0,0.E0));
#1666=VECTOR('',#1665,1.765625E-1);
#1667=CARTESIAN_POINT('',(-3.88325E-1,6.819361703023E-1,-2.E-2));
#1668=LINE('',#1667,#1666);
#1669=DIRECTION('',(0.E0,-1.E0,0.E0));
#1670=VECTOR('',#1669,3.606382969767E-2);
#1671=CARTESIAN_POINT('',(-3.88325E-1,7.18E-1,-2.E-2));
#1672=LINE('',#1671,#1670);
#1673=DIRECTION('',(1.E0,0.E0,0.E0));
#1674=VECTOR('',#1673,2.11875E-1);
#1675=CARTESIAN_POINT('',(-6.002E-1,7.18E-1,-2.E-2));
#1676=LINE('',#1675,#1674);
#1677=DIRECTION('',(-1.E0,0.E0,0.E0));
#1678=VECTOR('',#1677,3.53125E-2);
#1679=CARTESIAN_POINT('',(-1.117104278922E-1,6.458723406047E-1,-2.E-2));
#1680=LINE('',#1679,#1678);
#1681=DIRECTION('',(1.921821214477E-1,-9.813592778365E-1,0.E0));
#1682=VECTOR('',#1681,3.062404645786E-2);
#1683=CARTESIAN_POINT('',(-1.175958221078E-1,6.759255327210E-1,-2.E-2));
#1684=LINE('',#1683,#1682);
#1685=DIRECTION('',(6.996249742329E-1,-7.145102486526E-1,0.E0));
#1686=VECTOR('',#1685,3.364899590387E-2);
#1687=CARTESIAN_POINT('',(-1.411375E-1,6.999680851512E-1,-2.E-2));
#1688=LINE('',#1687,#1686);
#1689=DIRECTION('',(8.906053505096E-1,-4.547769889117E-1,0.E0));
#1690=VECTOR('',#1689,2.643334433005E-2);
#1691=CARTESIAN_POINT('',(-1.646791778922E-1,7.119893618925E-1,-2.E-2));
#1692=LINE('',#1691,#1690);
#1693=DIRECTION('',(9.797706908745E-1,-2.001234451615E-1,0.E0));
#1694=VECTOR('',#1693,3.003465237517E-2);
#1695=CARTESIAN_POINT('',(-1.9410625E-1,7.18E-1,-2.E-2));
#1696=LINE('',#1695,#1694);
#1697=DIRECTION('',(1.E0,0.E0,0.E0));
#1698=VECTOR('',#1697,5.296875E-2);
#1699=CARTESIAN_POINT('',(-2.47075E-1,7.18E-1,-2.E-2));
#1700=LINE('',#1699,#1698);
#1701=DIRECTION('',(9.797706908745E-1,2.001234451615E-1,0.E0));
#1702=VECTOR('',#1701,3.003465237517E-2);
#1703=CARTESIAN_POINT('',(-2.765020721078E-1,7.119893618925E-1,-2.E-2));
#1704=LINE('',#1703,#1702);
#1705=DIRECTION('',(8.906053505096E-1,4.547769889117E-1,0.E0));
#1706=VECTOR('',#1705,2.643334433005E-2);
#1707=CARTESIAN_POINT('',(-3.0004375E-1,6.999680851512E-1,-2.E-2));
#1708=LINE('',#1707,#1706);
#1709=DIRECTION('',(6.996247187608E-1,7.145104988025E-1,0.E0));
#1710=VECTOR('',#1709,3.364898412337E-2);
#1711=CARTESIAN_POINT('',(-3.235854110539E-1,6.759255327210E-1,-2.E-2));
#1712=LINE('',#1711,#1710);
#1713=DIRECTION('',(4.397136028534E-1,8.981380447713E-1,0.E0));
#1714=VECTOR('',#1713,2.676933092295E-2);
#1715=CARTESIAN_POINT('',(-3.3535625E-1,6.518829781860E-1,-2.E-2));
#1716=LINE('',#1715,#1714);
#1717=DIRECTION('',(1.921826769043E-1,9.813591690599E-1,0.E0));
#1718=VECTOR('',#1717,3.062404556278E-2);
#1719=CARTESIAN_POINT('',(-3.412416610539E-1,6.218297902793E-1,-2.E-2));
#1720=LINE('',#1719,#1718);
#1721=DIRECTION('',(0.E0,1.E0,0.E0));
#1722=VECTOR('',#1721,9.015957213938E-2);
#1723=CARTESIAN_POINT('',(-3.412416610539E-1,5.316702181399E-1,-2.E-2));
#1724=LINE('',#1723,#1722);
#1725=DIRECTION('',(-1.921825732045E-1,9.813591893677E-1,0.E0));
#1726=VECTOR('',#1725,3.062406208721E-2);
#1727=CARTESIAN_POINT('',(-3.3535625E-1,5.016170133948E-1,-2.E-2));
#1728=LINE('',#1727,#1726);
#1729=DIRECTION('',(-4.397136649566E-1,8.981380143666E-1,0.E0));
#1730=VECTOR('',#1729,2.676932714216E-2);
#1731=CARTESIAN_POINT('',(-3.235854110539E-1,4.775744630694E-1,-2.E-2));
#1732=LINE('',#1731,#1730);
#1733=DIRECTION('',(-6.996247500295E-1,7.145104681851E-1,0.E0));
#1734=VECTOR('',#1733,3.364898261947E-2);
#1735=CARTESIAN_POINT('',(-3.0004375E-1,4.535319127440E-1,-2.E-2));
#1736=LINE('',#1735,#1734);
#1737=DIRECTION('',(-8.906053746977E-1,4.547769415434E-1,0.E0));
#1738=VECTOR('',#1737,2.643334361215E-2);
#1739=CARTESIAN_POINT('',(-2.765020721078E-1,4.415106375813E-1,-2.E-2));
#1740=LINE('',#1739,#1738);
#1741=DIRECTION('',(-9.797706943097E-1,2.001234283435E-1,0.E0));
#1742=VECTOR('',#1741,3.003465226986E-2);
#1743=CARTESIAN_POINT('',(-2.47075E-1,4.355E-1,-2.E-2));
#1744=LINE('',#1743,#1742);
#1745=DIRECTION('',(-1.E0,0.E0,0.E0));
#1746=VECTOR('',#1745,5.296875E-2);
#1747=CARTESIAN_POINT('',(-1.9410625E-1,4.355E-1,-2.E-2));
#1748=LINE('',#1747,#1746);
#1749=DIRECTION('',(-9.797706943097E-1,-2.001234283435E-1,0.E0));
#1750=VECTOR('',#1749,3.003465226986E-2);
#1751=CARTESIAN_POINT('',(-1.646791778922E-1,4.415106375813E-1,-2.E-2));
#1752=LINE('',#1751,#1750);
#1753=DIRECTION('',(-8.906053746977E-1,-4.547769415434E-1,0.E0));
#1754=VECTOR('',#1753,2.643334361215E-2);
#1755=CARTESIAN_POINT('',(-1.411375E-1,4.535319127440E-1,-2.E-2));
#1756=LINE('',#1755,#1754);
#1757=DIRECTION('',(-6.996250055017E-1,-7.145102180353E-1,0.E0));
#1758=VECTOR('',#1757,3.364899439998E-2);
#1759=CARTESIAN_POINT('',(-1.175958221078E-1,4.775744630694E-1,-2.E-2));
#1760=LINE('',#1759,#1758);
#1761=DIRECTION('',(-1.921820436730E-1,-9.813592930674E-1,0.E0));
#1762=VECTOR('',#1761,3.062405885119E-2);
#1763=CARTESIAN_POINT('',(-1.117104278922E-1,5.076276678145E-1,-2.E-2));
#1764=LINE('',#1763,#1762);
#1765=DIRECTION('',(1.E0,0.E0,0.E0));
#1766=VECTOR('',#1765,3.53125E-2);
#1767=CARTESIAN_POINT('',(-1.470229278922E-1,5.076276678145E-1,-2.E-2));
#1768=LINE('',#1767,#1766);
#1769=DIRECTION('',(3.102787334496E-1,9.506456267027E-1,0.E0));
#1770=VECTOR('',#1769,1.896808766154E-2);
#1771=CARTESIAN_POINT('',(-1.529083221078E-1,4.895957382321E-1,-2.E-2));
#1772=LINE('',#1771,#1770);
#1773=DIRECTION('',(8.265992787996E-1,5.627909312417E-1,0.E0));
#1774=VECTOR('',#1773,2.136010815983E-2);
#1775=CARTESIAN_POINT('',(-1.705645721078E-1,4.775744630694E-1,-2.E-2));
#1776=LINE('',#1775,#1774);
#1777=DIRECTION('',(9.689177459678E-1,2.473831068378E-1,0.E0));
#1778=VECTOR('',#1777,2.429687967857E-2);
#1779=CARTESIAN_POINT('',(-1.9410625E-1,4.715638254881E-1,-2.E-2));
#1780=LINE('',#1779,#1778);
#1781=DIRECTION('',(1.E0,0.E0,0.E0));
#1782=VECTOR('',#1781,5.296875E-2);
#1783=CARTESIAN_POINT('',(-2.47075E-1,4.715638254881E-1,-2.E-2));
#1784=LINE('',#1783,#1782);
#1785=DIRECTION('',(9.689177459678E-1,-2.473831068378E-1,0.E0));
#1786=VECTOR('',#1785,2.429687967857E-2);
#1787=CARTESIAN_POINT('',(-2.706166778922E-1,4.775744630694E-1,-2.E-2));
#1788=LINE('',#1787,#1786);
#1789=DIRECTION('',(8.265992787996E-1,-5.627909312417E-1,0.E0));
#1790=VECTOR('',#1789,2.136010815983E-2);
#1791=CARTESIAN_POINT('',(-2.882729278922E-1,4.895957382321E-1,-2.E-2));
#1792=LINE('',#1791,#1790);
#1793=DIRECTION('',(5.466218231676E-1,-8.373795927994E-1,0.E0));
#1794=VECTOR('',#1793,2.153375809180E-2);
#1795=CARTESIAN_POINT('',(-3.0004375E-1,5.076276678145E-1,-2.E-2));
#1796=LINE('',#1795,#1794);
#1797=DIRECTION('',(2.377717803411E-1,-9.713210491251E-1,0.E0));
#1798=VECTOR('',#1797,2.475242387370E-2);
#1799=CARTESIAN_POINT('',(-3.059291778922E-1,5.316702181399E-1,-2.E-2));
#1800=LINE('',#1799,#1798);
#1801=DIRECTION('',(0.E0,-1.E0,0.E0));
#1802=VECTOR('',#1801,9.015957213938E-2);
#1803=CARTESIAN_POINT('',(-3.059291778922E-1,6.218297902793E-1,-2.E-2));
#1804=LINE('',#1803,#1802);
#1805=DIRECTION('',(-2.377717803411E-1,-9.713210491251E-1,0.E0));
#1806=VECTOR('',#1805,2.475242387370E-2);
#1807=CARTESIAN_POINT('',(-3.0004375E-1,6.458723406047E-1,-2.E-2));
#1808=LINE('',#1807,#1806);
#1809=DIRECTION('',(-5.466221810895E-1,-8.373793591563E-1,0.E0));
#1810=VECTOR('',#1809,2.153374399175E-2);
#1811=CARTESIAN_POINT('',(-2.882729278922E-1,6.639042533487E-1,-2.E-2));
#1812=LINE('',#1811,#1810);
#1813=DIRECTION('',(-8.265991871191E-1,-5.627910658976E-1,0.E0));
#1814=VECTOR('',#1813,2.136011052895E-2);
#1815=CARTESIAN_POINT('',(-2.706166778922E-1,6.759255327210E-1,-2.E-2));
#1816=LINE('',#1815,#1814);
#1817=DIRECTION('',(-9.689177459678E-1,-2.473831068378E-1,0.E0));
#1818=VECTOR('',#1817,2.429687967857E-2);
#1819=CARTESIAN_POINT('',(-2.47075E-1,6.819361703023E-1,-2.E-2));
#1820=LINE('',#1819,#1818);
#1821=DIRECTION('',(-1.E0,0.E0,0.E0));
#1822=VECTOR('',#1821,5.296875E-2);
#1823=CARTESIAN_POINT('',(-1.9410625E-1,6.819361703023E-1,-2.E-2));
#1824=LINE('',#1823,#1822);
#1825=DIRECTION('',(-9.689177459678E-1,2.473831068378E-1,0.E0));
#1826=VECTOR('',#1825,2.429687967857E-2);
#1827=CARTESIAN_POINT('',(-1.705645721078E-1,6.759255327210E-1,-2.E-2));
#1828=LINE('',#1827,#1826);
#1829=DIRECTION('',(-8.265991871191E-1,5.627910658976E-1,0.E0));
#1830=VECTOR('',#1829,2.136011052895E-2);
#1831=CARTESIAN_POINT('',(-1.529083221078E-1,6.639042533487E-1,-2.E-2));
#1832=LINE('',#1831,#1830);
#1833=DIRECTION('',(-3.102789952956E-1,9.506455412394E-1,0.E0));
#1834=VECTOR('',#1833,1.896807165427E-2);
#1835=CARTESIAN_POINT('',(-1.470229278922E-1,6.458723406047E-1,-2.E-2));
#1836=LINE('',#1835,#1834);
#1837=DIRECTION('',(-1.E0,0.E0,0.E0));
#1838=VECTOR('',#1837,1.765625E-1);
#1839=CARTESIAN_POINT('',(1.472478942156E-1,6.819361703023E-1,-2.E-2));
#1840=LINE('',#1839,#1838);
#1841=DIRECTION('',(0.E0,-1.E0,0.E0));
#1842=VECTOR('',#1841,3.606382969767E-2);
#1843=CARTESIAN_POINT('',(1.472478942156E-1,7.18E-1,-2.E-2));
#1844=LINE('',#1843,#1842);
#1845=DIRECTION('',(1.E0,0.E0,0.E0));
#1846=VECTOR('',#1845,2.118749663234E-1);
#1847=CARTESIAN_POINT('',(-6.462707210779E-2,7.18E-1,-2.E-2));
#1848=LINE('',#1847,#1846);
#1849=DIRECTION('',(0.E0,1.E0,0.E0));
#1850=VECTOR('',#1849,2.825E-1);
#1851=CARTESIAN_POINT('',(-6.462707210779E-2,4.355E-1,-2.E-2));
#1852=LINE('',#1851,#1850);
#1853=DIRECTION('',(-1.E0,0.E0,0.E0));
#1854=VECTOR('',#1853,2.118749663234E-1);
#1855=CARTESIAN_POINT('',(1.472478942156E-1,4.355E-1,-2.E-2));
#1856=LINE('',#1855,#1854);
#1857=DIRECTION('',(0.E0,-1.E0,0.E0));
#1858=VECTOR('',#1857,3.606382548809E-2);
#1859=CARTESIAN_POINT('',(1.472478942156E-1,4.715638254881E-1,-2.E-2));
#1860=LINE('',#1859,#1858);
#1861=DIRECTION('',(1.E0,0.E0,0.E0));
#1862=VECTOR('',#1861,1.765625E-1);
#1863=CARTESIAN_POINT('',(-2.931460578442E-2,4.715638254881E-1,-2.E-2));
#1864=LINE('',#1863,#1862);
#1865=DIRECTION('',(0.E0,-1.E0,0.E0));
#1866=VECTOR('',#1865,7.813830539584E-2);
#1867=CARTESIAN_POINT('',(-2.931460578442E-2,5.497021308839E-1,-2.E-2));
#1868=LINE('',#1867,#1866);
#1869=DIRECTION('',(-1.E0,0.E0,0.E0));
#1870=VECTOR('',#1869,1.530208557844E-1);
#1871=CARTESIAN_POINT('',(1.2370625E-1,5.497021308839E-1,-2.E-2));
#1872=LINE('',#1871,#1870);
#1873=DIRECTION('',(0.E0,-1.E0,0.E0));
#1874=VECTOR('',#1873,3.606382548809E-2);
#1875=CARTESIAN_POINT('',(1.2370625E-1,5.857659563720E-1,-2.E-2));
#1876=LINE('',#1875,#1874);
#1877=DIRECTION('',(1.E0,0.E0,0.E0));
#1878=VECTOR('',#1877,1.530208557844E-1);
#1879=CARTESIAN_POINT('',(-2.931460578442E-2,5.857659563720E-1,-2.E-2));
#1880=LINE('',#1879,#1878);
#1881=DIRECTION('',(0.E0,-1.E0,0.E0));
#1882=VECTOR('',#1881,9.617021393031E-2);
#1883=CARTESIAN_POINT('',(-2.931460578442E-2,6.819361703023E-1,-2.E-2));
#1884=LINE('',#1883,#1882);
#1885=DIRECTION('',(-1.E0,0.E0,0.E0));
#1886=VECTOR('',#1885,1.4125E-1);
#1887=CARTESIAN_POINT('',(3.3558125E-1,4.355E-1,-2.E-2));
#1888=LINE('',#1887,#1886);
#1889=DIRECTION('',(-9.797707392153E-1,-2.001232084928E-1,0.E0));
#1890=VECTOR('',#1889,3.003468526523E-2);
#1891=CARTESIAN_POINT('',(3.650083557844E-1,4.415106375813E-1,-2.E-2));
#1892=LINE('',#1891,#1890);
#1893=DIRECTION('',(-8.906051112017E-1,-4.547774575564E-1,0.E0));
#1894=VECTOR('',#1893,2.643331361957E-2);
#1895=CARTESIAN_POINT('',(3.8855E-1,4.535319127440E-1,-2.E-2));
#1896=LINE('',#1895,#1894);
#1897=DIRECTION('',(-6.996244945571E-1,-7.145107183351E-1,0.E0));
#1898=VECTOR('',#1897,3.364897083898E-2);
#1899=CARTESIAN_POINT('',(4.120916442156E-1,4.775744630694E-1,-2.E-2));
#1900=LINE('',#1899,#1898);
#1901=DIRECTION('',(-4.397141723527E-1,-8.981377659536E-1,0.E0));
#1902=VECTOR('',#1901,2.676933454620E-2);
#1903=CARTESIAN_POINT('',(4.238625E-1,5.016170133948E-1,-2.E-2));
#1904=LINE('',#1903,#1902);
#1905=DIRECTION('',(-1.921820436730E-1,-9.813592930674E-1,0.E0));
#1906=VECTOR('',#1905,3.062405885119E-2);
#1907=CARTESIAN_POINT('',(4.297478942156E-1,5.316702181399E-1,-2.E-2));
#1908=LINE('',#1907,#1906);
#1909=DIRECTION('',(0.E0,-1.E0,0.E0));
#1910=VECTOR('',#1909,9.015957213938E-2);
#1911=CARTESIAN_POINT('',(4.297478942156E-1,6.218297902793E-1,-2.E-2));
#1912=LINE('',#1911,#1910);
#1913=DIRECTION('',(1.921821473726E-1,-9.813592727596E-1,0.E0));
#1914=VECTOR('',#1913,3.062404232675E-2);
#1915=CARTESIAN_POINT('',(4.238625E-1,6.518829781860E-1,-2.E-2));
#1916=LINE('',#1915,#1914);
#1917=DIRECTION('',(4.397141102494E-1,-8.981377963584E-1,0.E0));
#1918=VECTOR('',#1917,2.676933832699E-2);
#1919=CARTESIAN_POINT('',(4.120916442156E-1,6.759255327210E-1,-2.E-2));
#1920=LINE('',#1919,#1918);
#1921=DIRECTION('',(6.996244632883E-1,-7.145107489524E-1,0.E0));
#1922=VECTOR('',#1921,3.364897234287E-2);
#1923=CARTESIAN_POINT('',(3.8855E-1,6.999680851512E-1,-2.E-2));
#1924=LINE('',#1923,#1922);
#1925=DIRECTION('',(8.906050870136E-1,-4.547775049248E-1,0.E0));
#1926=VECTOR('',#1925,2.643331433748E-2);
#1927=CARTESIAN_POINT('',(3.650083557844E-1,7.119893618925E-1,-2.E-2));
#1928=LINE('',#1927,#1926);
#1929=DIRECTION('',(9.797707357802E-1,-2.001232253108E-1,0.E0));
#1930=VECTOR('',#1929,3.003468537054E-2);
#1931=CARTESIAN_POINT('',(3.3558125E-1,7.18E-1,-2.E-2));
#1932=LINE('',#1931,#1930);
#1933=DIRECTION('',(1.E0,0.E0,0.E0));
#1934=VECTOR('',#1933,1.4125E-1);
#1935=CARTESIAN_POINT('',(1.9433125E-1,7.18E-1,-2.E-2));
#1936=LINE('',#1935,#1934);
#1937=DIRECTION('',(0.E0,1.E0,0.E0));
#1938=VECTOR('',#1937,2.825E-1);
#1939=CARTESIAN_POINT('',(1.9433125E-1,4.355E-1,-2.E-2));
#1940=LINE('',#1939,#1938);
#1941=DIRECTION('',(1.E0,0.E0,0.E0));
#1942=VECTOR('',#1941,1.059375E-1);
#1943=CARTESIAN_POINT('',(2.2964375E-1,4.715638254881E-1,-2.E-2));
#1944=LINE('',#1943,#1942);
#1945=DIRECTION('',(0.E0,-1.E0,0.E0));
#1946=VECTOR('',#1945,2.103723448142E-1);
#1947=CARTESIAN_POINT('',(2.2964375E-1,6.819361703023E-1,-2.E-2));
#1948=LINE('',#1947,#1946);
#1949=DIRECTION('',(-1.E0,0.E0,0.E0));
#1950=VECTOR('',#1949,1.059375E-1);
#1951=CARTESIAN_POINT('',(3.3558125E-1,6.819361703023E-1,-2.E-2));
#1952=LINE('',#1951,#1950);
#1953=DIRECTION('',(-9.689176611437E-1,2.473834390653E-1,0.E0));
#1954=VECTOR('',#1953,2.429684704869E-2);
#1955=CARTESIAN_POINT('',(3.591228942156E-1,6.759255327210E-1,-2.E-2));
#1956=LINE('',#1955,#1954);
#1957=DIRECTION('',(-8.265991871191E-1,5.627910658976E-1,0.E0));
#1958=VECTOR('',#1957,2.136011052895E-2);
#1959=CARTESIAN_POINT('',(3.767791442156E-1,6.639042533487E-1,-2.E-2));
#1960=LINE('',#1959,#1958);
#1961=DIRECTION('',(-5.466232777014E-1,8.373786433120E-1,0.E0));
#1962=VECTOR('',#1961,2.153376240016E-2);
#1963=CARTESIAN_POINT('',(3.8855E-1,6.458723406047E-1,-2.E-2));
#1964=LINE('',#1963,#1962);
#1965=DIRECTION('',(-2.377704967206E-1,9.713213633444E-1,0.E0));
#1966=VECTOR('',#1965,2.475241586637E-2);
#1967=CARTESIAN_POINT('',(3.944353942156E-1,6.218297902793E-1,-2.E-2));
#1968=LINE('',#1967,#1966);
#1969=DIRECTION('',(0.E0,1.E0,0.E0));
#1970=VECTOR('',#1969,9.015957213938E-2);
#1971=CARTESIAN_POINT('',(3.944353942156E-1,5.316702181399E-1,-2.E-2));
#1972=LINE('',#1971,#1970);
#1973=DIRECTION('',(2.377704967206E-1,9.713213633444E-1,0.E0));
#1974=VECTOR('',#1973,2.475241586637E-2);
#1975=CARTESIAN_POINT('',(3.8855E-1,5.076276678145E-1,-2.E-2));
#1976=LINE('',#1975,#1974);
#1977=DIRECTION('',(5.466229197794E-1,8.373788769559E-1,0.E0));
#1978=VECTOR('',#1977,2.153377650020E-2);
#1979=CARTESIAN_POINT('',(3.767791442156E-1,4.895957382321E-1,-2.E-2));
#1980=LINE('',#1979,#1978);
#1981=DIRECTION('',(8.265992787996E-1,5.627909312417E-1,0.E0));
#1982=VECTOR('',#1981,2.136010815983E-2);
#1983=CARTESIAN_POINT('',(3.591228942156E-1,4.775744630694E-1,-2.E-2));
#1984=LINE('',#1983,#1982);
#1985=DIRECTION('',(9.689176611437E-1,2.473834390653E-1,0.E0));
#1986=VECTOR('',#1985,2.429684704869E-2);
#1987=CARTESIAN_POINT('',(3.3558125E-1,4.715638254881E-1,-2.E-2));
#1988=LINE('',#1987,#1986);
#1989=DIRECTION('',(-1.E0,0.E0,0.E0));
#1990=VECTOR('',#1989,4.708328843117E-2);
#1991=CARTESIAN_POINT('',(6.1808125E-1,4.355E-1,-2.E-2));
#1992=LINE('',#1991,#1990);
#1993=DIRECTION('',(-3.162279017271E-1,-9.486832528138E-1,0.E0));
#1994=VECTOR('',#1993,2.977811605318E-1);
#1995=CARTESIAN_POINT('',(7.122479615688E-1,7.18E-1,-2.E-2));
#1996=LINE('',#1995,#1994);
#1997=DIRECTION('',(1.E0,0.E0,0.E0));
#1998=VECTOR('',#1997,3.53125E-2);
#1999=CARTESIAN_POINT('',(6.769354615688E-1,7.18E-1,-2.E-2));
#2000=LINE('',#1999,#1998);
#2001=DIRECTION('',(3.102805670740E-1,9.506450282288E-1,0.E0));
#2002=VECTOR('',#2001,7.587233641743E-2);
#2003=CARTESIAN_POINT('',(6.5339375E-1,6.458723406047E-1,-2.E-2));
#2004=LINE('',#2003,#2002);
#2005=DIRECTION('',(1.E0,0.E0,0.E0));
#2006=VECTOR('',#2005,1.177082884312E-1);
#2007=CARTESIAN_POINT('',(5.356854615688E-1,6.458723406047E-1,-2.E-2));
#2008=LINE('',#2007,#2006);
#2009=DIRECTION('',(3.102805670740E-1,-9.506450282288E-1,0.E0));
#2010=VECTOR('',#2009,7.587233641743E-2);
#2011=CARTESIAN_POINT('',(5.1214375E-1,7.18E-1,-2.E-2));
#2012=LINE('',#2011,#2010);
#2013=DIRECTION('',(1.E0,0.E0,0.E0));
#2014=VECTOR('',#2013,3.53125E-2);
#2015=CARTESIAN_POINT('',(4.7683125E-1,7.18E-1,-2.E-2));
#2016=LINE('',#2015,#2014);
#2017=DIRECTION('',(-3.162279017271E-1,9.486832528138E-1,0.E0));
#2018=VECTOR('',#2017,2.977811605318E-1);
#2019=CARTESIAN_POINT('',(5.709979615688E-1,4.355E-1,-2.E-2));
#2020=LINE('',#2019,#2018);
#2021=DIRECTION('',(3.102800213276E-1,9.506452063546E-1,0.E0));
#2022=VECTOR('',#2021,1.707127315944E-1);
#2023=CARTESIAN_POINT('',(5.945395384312E-1,4.595425503254E-1,-2.E-2));
#2024=LINE('',#2023,#2022);
#2025=DIRECTION('',(3.102800213276E-1,-9.506452063546E-1,0.E0));
#2026=VECTOR('',#2025,1.707127315944E-1);
#2027=CARTESIAN_POINT('',(5.415707884312E-1,6.218297902793E-1,-2.E-2));
#2028=LINE('',#2027,#2026);
#2029=DIRECTION('',(-1.E0,0.E0,0.E0));
#2030=VECTOR('',#2029,1.059375E-1);
#2031=CARTESIAN_POINT('',(6.475082884312E-1,6.218297902793E-1,-2.E-2));
#2032=LINE('',#2031,#2030);
#2033=DIRECTION('',(0.E0,0.E0,-1.E0));
#2034=VECTOR('',#2033,2.E-2);
#2035=CARTESIAN_POINT('',(-1.117104278922E-1,6.458723406047E-1,0.E0));
#2036=LINE('',#2035,#2034);
#2037=DIRECTION('',(0.E0,0.E0,-1.E0));
#2038=VECTOR('',#2037,2.E-2);
#2039=CARTESIAN_POINT('',(-1.175958221078E-1,6.759255327210E-1,0.E0));
#2040=LINE('',#2039,#2038);
#2041=DIRECTION('',(0.E0,0.E0,-1.E0));
#2042=VECTOR('',#2041,2.E-2);
#2043=CARTESIAN_POINT('',(-1.470229278922E-1,6.458723406047E-1,0.E0));
#2044=LINE('',#2043,#2042);
#2045=DIRECTION('',(0.E0,0.E0,-1.E0));
#2046=VECTOR('',#2045,2.E-2);
#2047=CARTESIAN_POINT('',(-1.529083221078E-1,6.639042533487E-1,0.E0));
#2048=LINE('',#2047,#2046);
#2049=DIRECTION('',(0.E0,0.E0,-1.E0));
#2050=VECTOR('',#2049,2.E-2);
#2051=CARTESIAN_POINT('',(-1.705645721078E-1,6.759255327210E-1,0.E0));
#2052=LINE('',#2051,#2050);
#2053=DIRECTION('',(0.E0,0.E0,-1.E0));
#2054=VECTOR('',#2053,2.E-2);
#2055=CARTESIAN_POINT('',(-1.9410625E-1,6.819361703023E-1,0.E0));
#2056=LINE('',#2055,#2054);
#2057=DIRECTION('',(0.E0,0.E0,-1.E0));
#2058=VECTOR('',#2057,2.E-2);
#2059=CARTESIAN_POINT('',(-2.47075E-1,6.819361703023E-1,0.E0));
#2060=LINE('',#2059,#2058);
#2061=DIRECTION('',(0.E0,0.E0,-1.E0));
#2062=VECTOR('',#2061,2.E-2);
#2063=CARTESIAN_POINT('',(-2.706166778922E-1,6.759255327210E-1,0.E0));
#2064=LINE('',#2063,#2062);
#2065=DIRECTION('',(0.E0,0.E0,-1.E0));
#2066=VECTOR('',#2065,2.E-2);
#2067=CARTESIAN_POINT('',(-2.882729278922E-1,6.639042533487E-1,0.E0));
#2068=LINE('',#2067,#2066);
#2069=DIRECTION('',(0.E0,0.E0,-1.E0));
#2070=VECTOR('',#2069,2.E-2);
#2071=CARTESIAN_POINT('',(-3.0004375E-1,6.458723406047E-1,0.E0));
#2072=LINE('',#2071,#2070);
#2073=DIRECTION('',(0.E0,0.E0,-1.E0));
#2074=VECTOR('',#2073,2.E-2);
#2075=CARTESIAN_POINT('',(-3.059291778922E-1,6.218297902793E-1,0.E0));
#2076=LINE('',#2075,#2074);
#2077=DIRECTION('',(0.E0,0.E0,-1.E0));
#2078=VECTOR('',#2077,2.E-2);
#2079=CARTESIAN_POINT('',(-3.059291778922E-1,5.316702181399E-1,0.E0));
#2080=LINE('',#2079,#2078);
#2081=DIRECTION('',(0.E0,0.E0,-1.E0));
#2082=VECTOR('',#2081,2.E-2);
#2083=CARTESIAN_POINT('',(-3.0004375E-1,5.076276678145E-1,0.E0));
#2084=LINE('',#2083,#2082);
#2085=DIRECTION('',(0.E0,0.E0,-1.E0));
#2086=VECTOR('',#2085,2.E-2);
#2087=CARTESIAN_POINT('',(-2.882729278922E-1,4.895957382321E-1,0.E0));
#2088=LINE('',#2087,#2086);
#2089=DIRECTION('',(0.E0,0.E0,-1.E0));
#2090=VECTOR('',#2089,2.E-2);
#2091=CARTESIAN_POINT('',(-2.706166778922E-1,4.775744630694E-1,0.E0));
#2092=LINE('',#2091,#2090);
#2093=DIRECTION('',(0.E0,0.E0,-1.E0));
#2094=VECTOR('',#2093,2.E-2);
#2095=CARTESIAN_POINT('',(-2.47075E-1,4.715638254881E-1,0.E0));
#2096=LINE('',#2095,#2094);
#2097=DIRECTION('',(0.E0,0.E0,-1.E0));
#2098=VECTOR('',#2097,2.E-2);
#2099=CARTESIAN_POINT('',(-1.9410625E-1,4.715638254881E-1,0.E0));
#2100=LINE('',#2099,#2098);
#2101=DIRECTION('',(0.E0,0.E0,-1.E0));
#2102=VECTOR('',#2101,2.E-2);
#2103=CARTESIAN_POINT('',(-1.705645721078E-1,4.775744630694E-1,0.E0));
#2104=LINE('',#2103,#2102);
#2105=DIRECTION('',(0.E0,0.E0,-1.E0));
#2106=VECTOR('',#2105,2.E-2);
#2107=CARTESIAN_POINT('',(-1.529083221078E-1,4.895957382321E-1,0.E0));
#2108=LINE('',#2107,#2106);
#2109=DIRECTION('',(0.E0,0.E0,-1.E0));
#2110=VECTOR('',#2109,2.E-2);
#2111=CARTESIAN_POINT('',(-1.470229278922E-1,5.076276678145E-1,0.E0));
#2112=LINE('',#2111,#2110);
#2113=DIRECTION('',(0.E0,0.E0,-1.E0));
#2114=VECTOR('',#2113,2.E-2);
#2115=CARTESIAN_POINT('',(-1.117104278922E-1,5.076276678145E-1,0.E0));
#2116=LINE('',#2115,#2114);
#2117=DIRECTION('',(0.E0,0.E0,-1.E0));
#2118=VECTOR('',#2117,2.E-2);
#2119=CARTESIAN_POINT('',(-1.175958221078E-1,4.775744630694E-1,0.E0));
#2120=LINE('',#2119,#2118);
#2121=DIRECTION('',(0.E0,0.E0,-1.E0));
#2122=VECTOR('',#2121,2.E-2);
#2123=CARTESIAN_POINT('',(-1.411375E-1,4.535319127440E-1,0.E0));
#2124=LINE('',#2123,#2122);
#2125=DIRECTION('',(0.E0,0.E0,-1.E0));
#2126=VECTOR('',#2125,2.E-2);
#2127=CARTESIAN_POINT('',(-1.646791778922E-1,4.415106375813E-1,0.E0));
#2128=LINE('',#2127,#2126);
#2129=DIRECTION('',(0.E0,0.E0,-1.E0));
#2130=VECTOR('',#2129,2.E-2);
#2131=CARTESIAN_POINT('',(-1.9410625E-1,4.355E-1,0.E0));
#2132=LINE('',#2131,#2130);
#2133=DIRECTION('',(0.E0,0.E0,-1.E0));
#2134=VECTOR('',#2133,2.E-2);
#2135=CARTESIAN_POINT('',(-2.47075E-1,4.355E-1,0.E0));
#2136=LINE('',#2135,#2134);
#2137=DIRECTION('',(0.E0,0.E0,-1.E0));
#2138=VECTOR('',#2137,2.E-2);
#2139=CARTESIAN_POINT('',(-2.765020721078E-1,4.415106375813E-1,0.E0));
#2140=LINE('',#2139,#2138);
#2141=DIRECTION('',(0.E0,0.E0,-1.E0));
#2142=VECTOR('',#2141,2.E-2);
#2143=CARTESIAN_POINT('',(-3.0004375E-1,4.535319127440E-1,0.E0));
#2144=LINE('',#2143,#2142);
#2145=DIRECTION('',(0.E0,0.E0,-1.E0));
#2146=VECTOR('',#2145,2.E-2);
#2147=CARTESIAN_POINT('',(-3.235854110539E-1,4.775744630694E-1,0.E0));
#2148=LINE('',#2147,#2146);
#2149=DIRECTION('',(0.E0,0.E0,-1.E0));
#2150=VECTOR('',#2149,2.E-2);
#2151=CARTESIAN_POINT('',(-3.3535625E-1,5.016170133948E-1,0.E0));
#2152=LINE('',#2151,#2150);
#2153=DIRECTION('',(0.E0,0.E0,-1.E0));
#2154=VECTOR('',#2153,2.E-2);
#2155=CARTESIAN_POINT('',(-3.412416610539E-1,5.316702181399E-1,0.E0));
#2156=LINE('',#2155,#2154);
#2157=DIRECTION('',(0.E0,0.E0,-1.E0));
#2158=VECTOR('',#2157,2.E-2);
#2159=CARTESIAN_POINT('',(-3.412416610539E-1,6.218297902793E-1,0.E0));
#2160=LINE('',#2159,#2158);
#2161=DIRECTION('',(0.E0,0.E0,-1.E0));
#2162=VECTOR('',#2161,2.E-2);
#2163=CARTESIAN_POINT('',(-3.3535625E-1,6.518829781860E-1,0.E0));
#2164=LINE('',#2163,#2162);
#2165=DIRECTION('',(0.E0,0.E0,-1.E0));
#2166=VECTOR('',#2165,2.E-2);
#2167=CARTESIAN_POINT('',(-3.235854110539E-1,6.759255327210E-1,0.E0));
#2168=LINE('',#2167,#2166);
#2169=DIRECTION('',(0.E0,0.E0,-1.E0));
#2170=VECTOR('',#2169,2.E-2);
#2171=CARTESIAN_POINT('',(-3.0004375E-1,6.999680851512E-1,0.E0));
#2172=LINE('',#2171,#2170);
#2173=DIRECTION('',(0.E0,0.E0,-1.E0));
#2174=VECTOR('',#2173,2.E-2);
#2175=CARTESIAN_POINT('',(-2.765020721078E-1,7.119893618925E-1,0.E0));
#2176=LINE('',#2175,#2174);
#2177=DIRECTION('',(0.E0,0.E0,-1.E0));
#2178=VECTOR('',#2177,2.E-2);
#2179=CARTESIAN_POINT('',(-2.47075E-1,7.18E-1,0.E0));
#2180=LINE('',#2179,#2178);
#2181=DIRECTION('',(0.E0,0.E0,-1.E0));
#2182=VECTOR('',#2181,2.E-2);
#2183=CARTESIAN_POINT('',(-1.9410625E-1,7.18E-1,0.E0));
#2184=LINE('',#2183,#2182);
#2185=DIRECTION('',(0.E0,0.E0,-1.E0));
#2186=VECTOR('',#2185,2.E-2);
#2187=CARTESIAN_POINT('',(-1.646791778922E-1,7.119893618925E-1,0.E0));
#2188=LINE('',#2187,#2186);
#2189=DIRECTION('',(0.E0,0.E0,-1.E0));
#2190=VECTOR('',#2189,2.E-2);
#2191=CARTESIAN_POINT('',(1.472478942156E-1,6.819361703023E-1,0.E0));
#2192=LINE('',#2191,#2190);
#2193=DIRECTION('',(0.E0,0.E0,-1.E0));
#2194=VECTOR('',#2193,2.E-2);
#2195=CARTESIAN_POINT('',(1.472478942156E-1,7.18E-1,0.E0));
#2196=LINE('',#2195,#2194);
#2197=DIRECTION('',(0.E0,0.E0,-1.E0));
#2198=VECTOR('',#2197,2.E-2);
#2199=CARTESIAN_POINT('',(-6.462707210779E-2,7.18E-1,0.E0));
#2200=LINE('',#2199,#2198);
#2201=DIRECTION('',(0.E0,0.E0,-1.E0));
#2202=VECTOR('',#2201,2.E-2);
#2203=CARTESIAN_POINT('',(-6.462707210779E-2,4.355E-1,0.E0));
#2204=LINE('',#2203,#2202);
#2205=DIRECTION('',(0.E0,0.E0,-1.E0));
#2206=VECTOR('',#2205,2.E-2);
#2207=CARTESIAN_POINT('',(1.472478942156E-1,4.355E-1,0.E0));
#2208=LINE('',#2207,#2206);
#2209=DIRECTION('',(0.E0,0.E0,-1.E0));
#2210=VECTOR('',#2209,2.E-2);
#2211=CARTESIAN_POINT('',(1.472478942156E-1,4.715638254881E-1,0.E0));
#2212=LINE('',#2211,#2210);
#2213=DIRECTION('',(0.E0,0.E0,-1.E0));
#2214=VECTOR('',#2213,2.E-2);
#2215=CARTESIAN_POINT('',(-2.931460578442E-2,4.715638254881E-1,0.E0));
#2216=LINE('',#2215,#2214);
#2217=DIRECTION('',(0.E0,0.E0,-1.E0));
#2218=VECTOR('',#2217,2.E-2);
#2219=CARTESIAN_POINT('',(-2.931460578442E-2,5.497021308839E-1,0.E0));
#2220=LINE('',#2219,#2218);
#2221=DIRECTION('',(0.E0,0.E0,-1.E0));
#2222=VECTOR('',#2221,2.E-2);
#2223=CARTESIAN_POINT('',(1.2370625E-1,5.497021308839E-1,0.E0));
#2224=LINE('',#2223,#2222);
#2225=DIRECTION('',(0.E0,0.E0,-1.E0));
#2226=VECTOR('',#2225,2.E-2);
#2227=CARTESIAN_POINT('',(1.2370625E-1,5.857659563720E-1,0.E0));
#2228=LINE('',#2227,#2226);
#2229=DIRECTION('',(0.E0,0.E0,-1.E0));
#2230=VECTOR('',#2229,2.E-2);
#2231=CARTESIAN_POINT('',(-2.931460578442E-2,5.857659563720E-1,0.E0));
#2232=LINE('',#2231,#2230);
#2233=DIRECTION('',(0.E0,0.E0,-1.E0));
#2234=VECTOR('',#2233,2.E-2);
#2235=CARTESIAN_POINT('',(-2.931460578442E-2,6.819361703023E-1,0.E0));
#2236=LINE('',#2235,#2234);
#2237=DIRECTION('',(0.E0,0.E0,-1.E0));
#2238=VECTOR('',#2237,2.E-2);
#2239=CARTESIAN_POINT('',(3.3558125E-1,4.355E-1,0.E0));
#2240=LINE('',#2239,#2238);
#2241=DIRECTION('',(0.E0,0.E0,-1.E0));
#2242=VECTOR('',#2241,2.E-2);
#2243=CARTESIAN_POINT('',(3.650083557844E-1,4.415106375813E-1,0.E0));
#2244=LINE('',#2243,#2242);
#2245=DIRECTION('',(0.E0,0.E0,-1.E0));
#2246=VECTOR('',#2245,2.E-2);
#2247=CARTESIAN_POINT('',(3.8855E-1,4.535319127440E-1,0.E0));
#2248=LINE('',#2247,#2246);
#2249=DIRECTION('',(0.E0,0.E0,-1.E0));
#2250=VECTOR('',#2249,2.E-2);
#2251=CARTESIAN_POINT('',(4.120916442156E-1,4.775744630694E-1,0.E0));
#2252=LINE('',#2251,#2250);
#2253=DIRECTION('',(0.E0,0.E0,-1.E0));
#2254=VECTOR('',#2253,2.E-2);
#2255=CARTESIAN_POINT('',(4.238625E-1,5.016170133948E-1,0.E0));
#2256=LINE('',#2255,#2254);
#2257=DIRECTION('',(0.E0,0.E0,-1.E0));
#2258=VECTOR('',#2257,2.E-2);
#2259=CARTESIAN_POINT('',(4.297478942156E-1,5.316702181399E-1,0.E0));
#2260=LINE('',#2259,#2258);
#2261=DIRECTION('',(0.E0,0.E0,-1.E0));
#2262=VECTOR('',#2261,2.E-2);
#2263=CARTESIAN_POINT('',(4.297478942156E-1,6.218297902793E-1,0.E0));
#2264=LINE('',#2263,#2262);
#2265=DIRECTION('',(0.E0,0.E0,-1.E0));
#2266=VECTOR('',#2265,2.E-2);
#2267=CARTESIAN_POINT('',(4.238625E-1,6.518829781860E-1,0.E0));
#2268=LINE('',#2267,#2266);
#2269=DIRECTION('',(0.E0,0.E0,-1.E0));
#2270=VECTOR('',#2269,2.E-2);
#2271=CARTESIAN_POINT('',(4.120916442156E-1,6.759255327210E-1,0.E0));
#2272=LINE('',#2271,#2270);
#2273=DIRECTION('',(0.E0,0.E0,-1.E0));
#2274=VECTOR('',#2273,2.E-2);
#2275=CARTESIAN_POINT('',(3.8855E-1,6.999680851512E-1,0.E0));
#2276=LINE('',#2275,#2274);
#2277=DIRECTION('',(0.E0,0.E0,-1.E0));
#2278=VECTOR('',#2277,2.E-2);
#2279=CARTESIAN_POINT('',(3.650083557844E-1,7.119893618925E-1,0.E0));
#2280=LINE('',#2279,#2278);
#2281=DIRECTION('',(0.E0,0.E0,-1.E0));
#2282=VECTOR('',#2281,2.E-2);
#2283=CARTESIAN_POINT('',(3.3558125E-1,7.18E-1,0.E0));
#2284=LINE('',#2283,#2282);
#2285=DIRECTION('',(0.E0,0.E0,-1.E0));
#2286=VECTOR('',#2285,2.E-2);
#2287=CARTESIAN_POINT('',(1.9433125E-1,7.18E-1,0.E0));
#2288=LINE('',#2287,#2286);
#2289=DIRECTION('',(0.E0,0.E0,-1.E0));
#2290=VECTOR('',#2289,2.E-2);
#2291=CARTESIAN_POINT('',(1.9433125E-1,4.355E-1,0.E0));
#2292=LINE('',#2291,#2290);
#2293=DIRECTION('',(0.E0,0.E0,-1.E0));
#2294=VECTOR('',#2293,2.E-2);
#2295=CARTESIAN_POINT('',(2.2964375E-1,4.715638254881E-1,0.E0));
#2296=LINE('',#2295,#2294);
#2297=DIRECTION('',(0.E0,0.E0,-1.E0));
#2298=VECTOR('',#2297,2.E-2);
#2299=CARTESIAN_POINT('',(2.2964375E-1,6.819361703023E-1,0.E0));
#2300=LINE('',#2299,#2298);
#2301=DIRECTION('',(0.E0,0.E0,-1.E0));
#2302=VECTOR('',#2301,2.E-2);
#2303=CARTESIAN_POINT('',(3.3558125E-1,6.819361703023E-1,0.E0));
#2304=LINE('',#2303,#2302);
#2305=DIRECTION('',(0.E0,0.E0,-1.E0));
#2306=VECTOR('',#2305,2.E-2);
#2307=CARTESIAN_POINT('',(3.591228942156E-1,6.759255327210E-1,0.E0));
#2308=LINE('',#2307,#2306);
#2309=DIRECTION('',(0.E0,0.E0,-1.E0));
#2310=VECTOR('',#2309,2.E-2);
#2311=CARTESIAN_POINT('',(3.767791442156E-1,6.639042533487E-1,0.E0));
#2312=LINE('',#2311,#2310);
#2313=DIRECTION('',(0.E0,0.E0,-1.E0));
#2314=VECTOR('',#2313,2.E-2);
#2315=CARTESIAN_POINT('',(3.8855E-1,6.458723406047E-1,0.E0));
#2316=LINE('',#2315,#2314);
#2317=DIRECTION('',(0.E0,0.E0,-1.E0));
#2318=VECTOR('',#2317,2.E-2);
#2319=CARTESIAN_POINT('',(3.944353942156E-1,6.218297902793E-1,0.E0));
#2320=LINE('',#2319,#2318);
#2321=DIRECTION('',(0.E0,0.E0,-1.E0));
#2322=VECTOR('',#2321,2.E-2);
#2323=CARTESIAN_POINT('',(3.944353942156E-1,5.316702181399E-1,0.E0));
#2324=LINE('',#2323,#2322);
#2325=DIRECTION('',(0.E0,0.E0,-1.E0));
#2326=VECTOR('',#2325,2.E-2);
#2327=CARTESIAN_POINT('',(3.8855E-1,5.076276678145E-1,0.E0));
#2328=LINE('',#2327,#2326);
#2329=DIRECTION('',(0.E0,0.E0,-1.E0));
#2330=VECTOR('',#2329,2.E-2);
#2331=CARTESIAN_POINT('',(3.767791442156E-1,4.895957382321E-1,0.E0));
#2332=LINE('',#2331,#2330);
#2333=DIRECTION('',(0.E0,0.E0,-1.E0));
#2334=VECTOR('',#2333,2.E-2);
#2335=CARTESIAN_POINT('',(3.591228942156E-1,4.775744630694E-1,0.E0));
#2336=LINE('',#2335,#2334);
#2337=DIRECTION('',(0.E0,0.E0,-1.E0));
#2338=VECTOR('',#2337,2.E-2);
#2339=CARTESIAN_POINT('',(3.3558125E-1,4.715638254881E-1,0.E0));
#2340=LINE('',#2339,#2338);
#2341=DIRECTION('',(0.E0,0.E0,-1.E0));
#2342=VECTOR('',#2341,2.E-2);
#2343=CARTESIAN_POINT('',(6.1808125E-1,4.355E-1,0.E0));
#2344=LINE('',#2343,#2342);
#2345=DIRECTION('',(0.E0,0.E0,-1.E0));
#2346=VECTOR('',#2345,2.E-2);
#2347=CARTESIAN_POINT('',(7.122479615688E-1,7.18E-1,0.E0));
#2348=LINE('',#2347,#2346);
#2349=DIRECTION('',(0.E0,0.E0,-1.E0));
#2350=VECTOR('',#2349,2.E-2);
#2351=CARTESIAN_POINT('',(6.769354615688E-1,7.18E-1,0.E0));
#2352=LINE('',#2351,#2350);
#2353=DIRECTION('',(0.E0,0.E0,-1.E0));
#2354=VECTOR('',#2353,2.E-2);
#2355=CARTESIAN_POINT('',(6.5339375E-1,6.458723406047E-1,0.E0));
#2356=LINE('',#2355,#2354);
#2357=DIRECTION('',(0.E0,0.E0,-1.E0));
#2358=VECTOR('',#2357,2.E-2);
#2359=CARTESIAN_POINT('',(5.356854615688E-1,6.458723406047E-1,0.E0));
#2360=LINE('',#2359,#2358);
#2361=DIRECTION('',(0.E0,0.E0,-1.E0));
#2362=VECTOR('',#2361,2.E-2);
#2363=CARTESIAN_POINT('',(5.1214375E-1,7.18E-1,0.E0));
#2364=LINE('',#2363,#2362);
#2365=DIRECTION('',(0.E0,0.E0,-1.E0));
#2366=VECTOR('',#2365,2.E-2);
#2367=CARTESIAN_POINT('',(4.7683125E-1,7.18E-1,0.E0));
#2368=LINE('',#2367,#2366);
#2369=DIRECTION('',(0.E0,0.E0,-1.E0));
#2370=VECTOR('',#2369,2.E-2);
#2371=CARTESIAN_POINT('',(5.709979615688E-1,4.355E-1,0.E0));
#2372=LINE('',#2371,#2370);
#2373=DIRECTION('',(0.E0,0.E0,-1.E0));
#2374=VECTOR('',#2373,2.E-2);
#2375=CARTESIAN_POINT('',(5.945395384312E-1,4.595425503254E-1,0.E0));
#2376=LINE('',#2375,#2374);
#2377=DIRECTION('',(0.E0,0.E0,-1.E0));
#2378=VECTOR('',#2377,2.E-2);
#2379=CARTESIAN_POINT('',(5.415707884312E-1,6.218297902793E-1,0.E0));
#2380=LINE('',#2379,#2378);
#2381=DIRECTION('',(0.E0,0.E0,-1.E0));
#2382=VECTOR('',#2381,2.E-2);
#2383=CARTESIAN_POINT('',(6.475082884312E-1,6.218297902793E-1,0.E0));
#2384=LINE('',#2383,#2382);
#2385=CARTESIAN_POINT('',(-2.1E0,-1.65E0,0.E0));
#2386=CARTESIAN_POINT('',(2.1E0,-1.65E0,0.E0));
#2387=VERTEX_POINT('',#2385);
#2388=VERTEX_POINT('',#2386);
#2389=CARTESIAN_POINT('',(2.1E0,1.65E0,0.E0));
#2390=CARTESIAN_POINT('',(-2.1E0,1.65E0,0.E0));
#2391=VERTEX_POINT('',#2389);
#2392=VERTEX_POINT('',#2390);
#2393=CARTESIAN_POINT('',(-2.1E0,1.65E0,1.3E0));
#2394=VERTEX_POINT('',#2393);
#2395=CARTESIAN_POINT('',(-2.1E0,-1.65E0,1.3E0));
#2396=VERTEX_POINT('',#2395);
#2397=CARTESIAN_POINT('',(2.1E0,-1.65E0,1.3E0));
#2398=VERTEX_POINT('',#2397);
#2399=CARTESIAN_POINT('',(2.1E0,1.65E0,1.3E0));
#2400=VERTEX_POINT('',#2399);
#2401=CARTESIAN_POINT('',(4.E-1,1.1E0,1.3E0));
#2402=CARTESIAN_POINT('',(-4.E-1,1.1E0,1.3E0));
#2403=VERTEX_POINT('',#2401);
#2404=VERTEX_POINT('',#2402);
#2405=CARTESIAN_POINT('',(-4.E-1,-1.1E0,1.3E0));
#2406=VERTEX_POINT('',#2405);
#2407=CARTESIAN_POINT('',(4.E-1,-1.1E0,1.3E0));
#2408=VERTEX_POINT('',#2407);
#2409=CARTESIAN_POINT('',(-2.1E0,-9.5E-1,1.7E0));
#2410=CARTESIAN_POINT('',(-2.0446E0,-1.477786945819E0,1.7E0));
#2411=VERTEX_POINT('',#2409);
#2412=VERTEX_POINT('',#2410);
#2413=CARTESIAN_POINT('',(-1.978844475887E0,-1.544971797318E0,1.7E0));
#2414=VERTEX_POINT('',#2413);
#2415=CARTESIAN_POINT('',(-1.3991E0,-1.65E0,1.7E0));
#2416=VERTEX_POINT('',#2415);
#2417=CARTESIAN_POINT('',(-1.3991E0,-1.4564E0,1.7E0));
#2418=VERTEX_POINT('',#2417);
#2419=CARTESIAN_POINT('',(-1.569947302402E0,-1.153796566524E0,1.7E0));
#2420=VERTEX_POINT('',#2419);
#2421=CARTESIAN_POINT('',(-1.8497E0,-9.5E-1,1.7E0));
#2422=VERTEX_POINT('',#2421);
#2423=CARTESIAN_POINT('',(-2.1E0,9.5E-1,1.7E0));
#2424=CARTESIAN_POINT('',(-1.8497E0,9.5E-1,1.7E0));
#2425=VERTEX_POINT('',#2423);
#2426=VERTEX_POINT('',#2424);
#2427=CARTESIAN_POINT('',(-1.569947302402E0,1.153796566524E0,1.7E0));
#2428=VERTEX_POINT('',#2427);
#2429=CARTESIAN_POINT('',(-1.3991E0,1.4564E0,1.7E0));
#2430=VERTEX_POINT('',#2429);
#2431=CARTESIAN_POINT('',(-1.3991E0,1.65E0,1.7E0));
#2432=VERTEX_POINT('',#2431);
#2433=CARTESIAN_POINT('',(-1.978844475887E0,1.544971797318E0,1.7E0));
#2434=VERTEX_POINT('',#2433);
#2435=CARTESIAN_POINT('',(-2.0446E0,1.477786945819E0,1.7E0));
#2436=VERTEX_POINT('',#2435);
#2437=CARTESIAN_POINT('',(2.1E0,-9.5E-1,1.7E0));
#2438=CARTESIAN_POINT('',(1.8497E0,-9.5E-1,1.7E0));
#2439=VERTEX_POINT('',#2437);
#2440=VERTEX_POINT('',#2438);
#2441=CARTESIAN_POINT('',(1.569947302402E0,-1.153796566524E0,1.7E0));
#2442=VERTEX_POINT('',#2441);
#2443=CARTESIAN_POINT('',(1.3991E0,-1.4564E0,1.7E0));
#2444=VERTEX_POINT('',#2443);
#2445=CARTESIAN_POINT('',(1.3991E0,-1.65E0,1.7E0));
#2446=VERTEX_POINT('',#2445);
#2447=CARTESIAN_POINT('',(1.978844475887E0,-1.544971797318E0,1.7E0));
#2448=VERTEX_POINT('',#2447);
#2449=CARTESIAN_POINT('',(2.0446E0,-1.477786945819E0,1.7E0));
#2450=VERTEX_POINT('',#2449);
#2451=CARTESIAN_POINT('',(2.1E0,9.5E-1,1.7E0));
#2452=CARTESIAN_POINT('',(2.0446E0,1.477786945819E0,1.7E0));
#2453=VERTEX_POINT('',#2451);
#2454=VERTEX_POINT('',#2452);
#2455=CARTESIAN_POINT('',(1.978844475887E0,1.544971797318E0,1.7E0));
#2456=VERTEX_POINT('',#2455);
#2457=CARTESIAN_POINT('',(1.3991E0,1.65E0,1.7E0));
#2458=VERTEX_POINT('',#2457);
#2459=CARTESIAN_POINT('',(1.3991E0,1.4564E0,1.7E0));
#2460=VERTEX_POINT('',#2459);
#2461=CARTESIAN_POINT('',(1.569947302402E0,1.153796566524E0,1.7E0));
#2462=VERTEX_POINT('',#2461);
#2463=CARTESIAN_POINT('',(1.8497E0,9.5E-1,1.7E0));
#2464=VERTEX_POINT('',#2463);
#2465=CARTESIAN_POINT('',(-2.1E0,-9.5E-1,1.3E0));
#2466=CARTESIAN_POINT('',(-2.0446E0,-1.477786945819E0,1.3E0));
#2467=VERTEX_POINT('',#2465);
#2468=VERTEX_POINT('',#2466);
#2469=CARTESIAN_POINT('',(-1.978844475887E0,-1.544971797318E0,1.3E0));
#2470=VERTEX_POINT('',#2469);
#2471=CARTESIAN_POINT('',(-1.3991E0,-1.65E0,1.3E0));
#2472=VERTEX_POINT('',#2471);
#2473=CARTESIAN_POINT('',(-1.3991E0,-1.4564E0,1.3E0));
#2474=VERTEX_POINT('',#2473);
#2475=CARTESIAN_POINT('',(-1.569947302402E0,-1.153796566524E0,1.3E0));
#2476=VERTEX_POINT('',#2475);
#2477=CARTESIAN_POINT('',(-1.8497E0,-9.5E-1,1.3E0));
#2478=VERTEX_POINT('',#2477);
#2479=CARTESIAN_POINT('',(-2.1E0,9.5E-1,1.3E0));
#2480=CARTESIAN_POINT('',(-1.8497E0,9.5E-1,1.3E0));
#2481=VERTEX_POINT('',#2479);
#2482=VERTEX_POINT('',#2480);
#2483=CARTESIAN_POINT('',(-1.569947302402E0,1.153796566524E0,1.3E0));
#2484=VERTEX_POINT('',#2483);
#2485=CARTESIAN_POINT('',(-1.3991E0,1.4564E0,1.3E0));
#2486=VERTEX_POINT('',#2485);
#2487=CARTESIAN_POINT('',(-1.3991E0,1.65E0,1.3E0));
#2488=VERTEX_POINT('',#2487);
#2489=CARTESIAN_POINT('',(-1.978844475887E0,1.544971797318E0,1.3E0));
#2490=VERTEX_POINT('',#2489);
#2491=CARTESIAN_POINT('',(-2.0446E0,1.477786945819E0,1.3E0));
#2492=VERTEX_POINT('',#2491);
#2493=CARTESIAN_POINT('',(2.1E0,-9.5E-1,1.3E0));
#2494=CARTESIAN_POINT('',(1.8497E0,-9.5E-1,1.3E0));
#2495=VERTEX_POINT('',#2493);
#2496=VERTEX_POINT('',#2494);
#2497=CARTESIAN_POINT('',(1.569947302402E0,-1.153796566524E0,1.3E0));
#2498=VERTEX_POINT('',#2497);
#2499=CARTESIAN_POINT('',(1.3991E0,-1.4564E0,1.3E0));
#2500=VERTEX_POINT('',#2499);
#2501=CARTESIAN_POINT('',(1.3991E0,-1.65E0,1.3E0));
#2502=VERTEX_POINT('',#2501);
#2503=CARTESIAN_POINT('',(1.978844475887E0,-1.544971797318E0,1.3E0));
#2504=VERTEX_POINT('',#2503);
#2505=CARTESIAN_POINT('',(2.0446E0,-1.477786945819E0,1.3E0));
#2506=VERTEX_POINT('',#2505);
#2507=CARTESIAN_POINT('',(2.1E0,9.5E-1,1.3E0));
#2508=CARTESIAN_POINT('',(2.0446E0,1.477786945819E0,1.3E0));
#2509=VERTEX_POINT('',#2507);
#2510=VERTEX_POINT('',#2508);
#2511=CARTESIAN_POINT('',(1.978844475887E0,1.544971797318E0,1.3E0));
#2512=VERTEX_POINT('',#2511);
#2513=CARTESIAN_POINT('',(1.3991E0,1.65E0,1.3E0));
#2514=VERTEX_POINT('',#2513);
#2515=CARTESIAN_POINT('',(1.3991E0,1.4564E0,1.3E0));
#2516=VERTEX_POINT('',#2515);
#2517=CARTESIAN_POINT('',(1.569947302402E0,1.153796566524E0,1.3E0));
#2518=VERTEX_POINT('',#2517);
#2519=CARTESIAN_POINT('',(1.8497E0,9.5E-1,1.3E0));
#2520=VERTEX_POINT('',#2519);
#2521=CARTESIAN_POINT('',(3.E-1,1.228320739545E-14,2.E-1));
#2522=CARTESIAN_POINT('',(-3.E-1,1.217298918352E-14,2.E-1));
#2523=VERTEX_POINT('',#2521);
#2524=VERTEX_POINT('',#2522);
#2525=CARTESIAN_POINT('',(-1.008078643416E0,0.E0,2.E-1));
#2526=CARTESIAN_POINT('',(-1.808078643416E0,0.E0,2.E-1));
#2527=VERTEX_POINT('',#2525);
#2528=VERTEX_POINT('',#2526);
#2529=CARTESIAN_POINT('',(1.808078643416E0,0.E0,2.E-1));
#2530=CARTESIAN_POINT('',(1.008078643416E0,0.E0,2.E-1));
#2531=VERTEX_POINT('',#2529);
#2532=VERTEX_POINT('',#2530);
#2533=CARTESIAN_POINT('',(2.5E-1,-1.149271461353E0,2.E-1));
#2534=CARTESIAN_POINT('',(-2.5E-1,-1.149271461353E0,2.E-1));
#2535=VERTEX_POINT('',#2533);
#2536=VERTEX_POINT('',#2534);
#2537=CARTESIAN_POINT('',(-6.143973688670E-1,-1.149271461353E0,2.E-1));
#2538=CARTESIAN_POINT('',(-1.114397368867E0,-1.149271461353E0,2.E-1));
#2539=VERTEX_POINT('',#2537);
#2540=VERTEX_POINT('',#2538);
#2541=CARTESIAN_POINT('',(1.114397368867E0,-1.149271461353E0,2.E-1));
#2542=CARTESIAN_POINT('',(6.143973688670E-1,-1.149271461353E0,2.E-1));
#2543=VERTEX_POINT('',#2541);
#2544=VERTEX_POINT('',#2542);
#2545=CARTESIAN_POINT('',(2.5E-1,1.149271461353E0,2.E-1));
#2546=CARTESIAN_POINT('',(-2.5E-1,1.149271461353E0,2.E-1));
#2547=VERTEX_POINT('',#2545);
#2548=VERTEX_POINT('',#2546);
#2549=CARTESIAN_POINT('',(-6.143973688670E-1,1.149271461353E0,2.E-1));
#2550=CARTESIAN_POINT('',(-1.114397368867E0,1.149271461353E0,2.E-1));
#2551=VERTEX_POINT('',#2549);
#2552=VERTEX_POINT('',#2550);
#2553=CARTESIAN_POINT('',(1.114397368867E0,1.149271461353E0,2.E-1));
#2554=CARTESIAN_POINT('',(6.143973688670E-1,1.149271461353E0,2.E-1));
#2555=VERTEX_POINT('',#2553);
#2556=VERTEX_POINT('',#2554);
#2557=CARTESIAN_POINT('',(3.E-1,1.228320739545E-14,0.E0));
#2558=CARTESIAN_POINT('',(-3.E-1,1.217298918352E-14,0.E0));
#2559=VERTEX_POINT('',#2557);
#2560=VERTEX_POINT('',#2558);
#2561=CARTESIAN_POINT('',(-1.008078643416E0,0.E0,0.E0));
#2562=CARTESIAN_POINT('',(-1.808078643416E0,0.E0,0.E0));
#2563=VERTEX_POINT('',#2561);
#2564=VERTEX_POINT('',#2562);
#2565=CARTESIAN_POINT('',(1.808078643416E0,0.E0,0.E0));
#2566=CARTESIAN_POINT('',(1.008078643416E0,0.E0,0.E0));
#2567=VERTEX_POINT('',#2565);
#2568=VERTEX_POINT('',#2566);
#2569=CARTESIAN_POINT('',(2.5E-1,-1.149271461353E0,0.E0));
#2570=CARTESIAN_POINT('',(-2.5E-1,-1.149271461353E0,0.E0));
#2571=VERTEX_POINT('',#2569);
#2572=VERTEX_POINT('',#2570);
#2573=CARTESIAN_POINT('',(-6.143973688670E-1,-1.149271461353E0,0.E0));
#2574=CARTESIAN_POINT('',(-1.114397368867E0,-1.149271461353E0,0.E0));
#2575=VERTEX_POINT('',#2573);
#2576=VERTEX_POINT('',#2574);
#2577=CARTESIAN_POINT('',(1.114397368867E0,-1.149271461353E0,0.E0));
#2578=CARTESIAN_POINT('',(6.143973688670E-1,-1.149271461353E0,0.E0));
#2579=VERTEX_POINT('',#2577);
#2580=VERTEX_POINT('',#2578);
#2581=CARTESIAN_POINT('',(2.5E-1,1.149271461353E0,0.E0));
#2582=CARTESIAN_POINT('',(-2.5E-1,1.149271461353E0,0.E0));
#2583=VERTEX_POINT('',#2581);
#2584=VERTEX_POINT('',#2582);
#2585=CARTESIAN_POINT('',(-6.143973688670E-1,1.149271461353E0,0.E0));
#2586=CARTESIAN_POINT('',(-1.114397368867E0,1.149271461353E0,0.E0));
#2587=VERTEX_POINT('',#2585);
#2588=VERTEX_POINT('',#2586);
#2589=CARTESIAN_POINT('',(1.114397368867E0,1.149271461353E0,0.E0));
#2590=CARTESIAN_POINT('',(6.143973688670E-1,1.149271461353E0,0.E0));
#2591=VERTEX_POINT('',#2589);
#2592=VERTEX_POINT('',#2590);
#2593=CARTESIAN_POINT('',(-6.002E-1,4.355E-1,-2.E-2));
#2594=CARTESIAN_POINT('',(-6.002E-1,7.18E-1,-2.E-2));
#2595=VERTEX_POINT('',#2593);
#2596=VERTEX_POINT('',#2594);
#2597=CARTESIAN_POINT('',(-3.88325E-1,7.18E-1,-2.E-2));
#2598=VERTEX_POINT('',#2597);
#2599=CARTESIAN_POINT('',(-3.88325E-1,6.819361703023E-1,-2.E-2));
#2600=VERTEX_POINT('',#2599);
#2601=CARTESIAN_POINT('',(-5.648875E-1,6.819361703023E-1,-2.E-2));
#2602=VERTEX_POINT('',#2601);
#2603=CARTESIAN_POINT('',(-5.648875E-1,4.355E-1,-2.E-2));
#2604=VERTEX_POINT('',#2603);
#2605=CARTESIAN_POINT('',(-1.117104278922E-1,6.458723406047E-1,-2.E-2));
#2606=CARTESIAN_POINT('',(-1.470229278922E-1,6.458723406047E-1,-2.E-2));
#2607=VERTEX_POINT('',#2605);
#2608=VERTEX_POINT('',#2606);
#2609=CARTESIAN_POINT('',(-1.529083221078E-1,6.639042533487E-1,-2.E-2));
#2610=VERTEX_POINT('',#2609);
#2611=CARTESIAN_POINT('',(-1.705645721078E-1,6.759255327210E-1,-2.E-2));
#2612=VERTEX_POINT('',#2611);
#2613=CARTESIAN_POINT('',(-1.9410625E-1,6.819361703023E-1,-2.E-2));
#2614=VERTEX_POINT('',#2613);
#2615=CARTESIAN_POINT('',(-2.47075E-1,6.819361703023E-1,-2.E-2));
#2616=VERTEX_POINT('',#2615);
#2617=CARTESIAN_POINT('',(-2.706166778922E-1,6.759255327210E-1,-2.E-2));
#2618=VERTEX_POINT('',#2617);
#2619=CARTESIAN_POINT('',(-2.882729278922E-1,6.639042533487E-1,-2.E-2));
#2620=VERTEX_POINT('',#2619);
#2621=CARTESIAN_POINT('',(-3.0004375E-1,6.458723406047E-1,-2.E-2));
#2622=VERTEX_POINT('',#2621);
#2623=CARTESIAN_POINT('',(-3.059291778922E-1,6.218297902793E-1,-2.E-2));
#2624=VERTEX_POINT('',#2623);
#2625=CARTESIAN_POINT('',(-3.059291778922E-1,5.316702181399E-1,-2.E-2));
#2626=VERTEX_POINT('',#2625);
#2627=CARTESIAN_POINT('',(-3.0004375E-1,5.076276678145E-1,-2.E-2));
#2628=VERTEX_POINT('',#2627);
#2629=CARTESIAN_POINT('',(-2.882729278922E-1,4.895957382321E-1,-2.E-2));
#2630=VERTEX_POINT('',#2629);
#2631=CARTESIAN_POINT('',(-2.706166778922E-1,4.775744630694E-1,-2.E-2));
#2632=VERTEX_POINT('',#2631);
#2633=CARTESIAN_POINT('',(-2.47075E-1,4.715638254881E-1,-2.E-2));
#2634=VERTEX_POINT('',#2633);
#2635=CARTESIAN_POINT('',(-1.9410625E-1,4.715638254881E-1,-2.E-2));
#2636=VERTEX_POINT('',#2635);
#2637=CARTESIAN_POINT('',(-1.705645721078E-1,4.775744630694E-1,-2.E-2));
#2638=VERTEX_POINT('',#2637);
#2639=CARTESIAN_POINT('',(-1.529083221078E-1,4.895957382321E-1,-2.E-2));
#2640=VERTEX_POINT('',#2639);
#2641=CARTESIAN_POINT('',(-1.470229278922E-1,5.076276678145E-1,-2.E-2));
#2642=VERTEX_POINT('',#2641);
#2643=CARTESIAN_POINT('',(-1.117104278922E-1,5.076276678145E-1,-2.E-2));
#2644=VERTEX_POINT('',#2643);
#2645=CARTESIAN_POINT('',(-1.175958221078E-1,4.775744630694E-1,-2.E-2));
#2646=VERTEX_POINT('',#2645);
#2647=CARTESIAN_POINT('',(-1.411375E-1,4.535319127440E-1,-2.E-2));
#2648=VERTEX_POINT('',#2647);
#2649=CARTESIAN_POINT('',(-1.646791778922E-1,4.415106375813E-1,-2.E-2));
#2650=VERTEX_POINT('',#2649);
#2651=CARTESIAN_POINT('',(-1.9410625E-1,4.355E-1,-2.E-2));
#2652=VERTEX_POINT('',#2651);
#2653=CARTESIAN_POINT('',(-2.47075E-1,4.355E-1,-2.E-2));
#2654=VERTEX_POINT('',#2653);
#2655=CARTESIAN_POINT('',(-2.765020721078E-1,4.415106375813E-1,-2.E-2));
#2656=VERTEX_POINT('',#2655);
#2657=CARTESIAN_POINT('',(-3.0004375E-1,4.535319127440E-1,-2.E-2));
#2658=VERTEX_POINT('',#2657);
#2659=CARTESIAN_POINT('',(-3.235854110539E-1,4.775744630694E-1,-2.E-2));
#2660=VERTEX_POINT('',#2659);
#2661=CARTESIAN_POINT('',(-3.3535625E-1,5.016170133948E-1,-2.E-2));
#2662=VERTEX_POINT('',#2661);
#2663=CARTESIAN_POINT('',(-3.412416610539E-1,5.316702181399E-1,-2.E-2));
#2664=VERTEX_POINT('',#2663);
#2665=CARTESIAN_POINT('',(-3.412416610539E-1,6.218297902793E-1,-2.E-2));
#2666=VERTEX_POINT('',#2665);
#2667=CARTESIAN_POINT('',(-3.3535625E-1,6.518829781860E-1,-2.E-2));
#2668=VERTEX_POINT('',#2667);
#2669=CARTESIAN_POINT('',(-3.235854110539E-1,6.759255327210E-1,-2.E-2));
#2670=VERTEX_POINT('',#2669);
#2671=CARTESIAN_POINT('',(-3.0004375E-1,6.999680851512E-1,-2.E-2));
#2672=VERTEX_POINT('',#2671);
#2673=CARTESIAN_POINT('',(-2.765020721078E-1,7.119893618925E-1,-2.E-2));
#2674=VERTEX_POINT('',#2673);
#2675=CARTESIAN_POINT('',(-2.47075E-1,7.18E-1,-2.E-2));
#2676=VERTEX_POINT('',#2675);
#2677=CARTESIAN_POINT('',(-1.9410625E-1,7.18E-1,-2.E-2));
#2678=VERTEX_POINT('',#2677);
#2679=CARTESIAN_POINT('',(-1.646791778922E-1,7.119893618925E-1,-2.E-2));
#2680=VERTEX_POINT('',#2679);
#2681=CARTESIAN_POINT('',(-1.411375E-1,6.999680851512E-1,-2.E-2));
#2682=VERTEX_POINT('',#2681);
#2683=CARTESIAN_POINT('',(-1.175958221078E-1,6.759255327210E-1,-2.E-2));
#2684=VERTEX_POINT('',#2683);
#2685=CARTESIAN_POINT('',(1.472478942156E-1,6.819361703023E-1,-2.E-2));
#2686=CARTESIAN_POINT('',(-2.931460578442E-2,6.819361703023E-1,-2.E-2));
#2687=VERTEX_POINT('',#2685);
#2688=VERTEX_POINT('',#2686);
#2689=CARTESIAN_POINT('',(-2.931460578442E-2,5.857659563720E-1,-2.E-2));
#2690=VERTEX_POINT('',#2689);
#2691=CARTESIAN_POINT('',(1.2370625E-1,5.857659563720E-1,-2.E-2));
#2692=VERTEX_POINT('',#2691);
#2693=CARTESIAN_POINT('',(1.2370625E-1,5.497021308839E-1,-2.E-2));
#2694=VERTEX_POINT('',#2693);
#2695=CARTESIAN_POINT('',(-2.931460578442E-2,5.497021308839E-1,-2.E-2));
#2696=VERTEX_POINT('',#2695);
#2697=CARTESIAN_POINT('',(-2.931460578442E-2,4.715638254881E-1,-2.E-2));
#2698=VERTEX_POINT('',#2697);
#2699=CARTESIAN_POINT('',(1.472478942156E-1,4.715638254881E-1,-2.E-2));
#2700=VERTEX_POINT('',#2699);
#2701=CARTESIAN_POINT('',(1.472478942156E-1,4.355E-1,-2.E-2));
#2702=VERTEX_POINT('',#2701);
#2703=CARTESIAN_POINT('',(-6.462707210779E-2,4.355E-1,-2.E-2));
#2704=VERTEX_POINT('',#2703);
#2705=CARTESIAN_POINT('',(-6.462707210779E-2,7.18E-1,-2.E-2));
#2706=VERTEX_POINT('',#2705);
#2707=CARTESIAN_POINT('',(1.472478942156E-1,7.18E-1,-2.E-2));
#2708=VERTEX_POINT('',#2707);
#2709=CARTESIAN_POINT('',(3.3558125E-1,4.355E-1,-2.E-2));
#2710=CARTESIAN_POINT('',(1.9433125E-1,4.355E-1,-2.E-2));
#2711=VERTEX_POINT('',#2709);
#2712=VERTEX_POINT('',#2710);
#2713=CARTESIAN_POINT('',(1.9433125E-1,7.18E-1,-2.E-2));
#2714=VERTEX_POINT('',#2713);
#2715=CARTESIAN_POINT('',(3.3558125E-1,7.18E-1,-2.E-2));
#2716=VERTEX_POINT('',#2715);
#2717=CARTESIAN_POINT('',(3.650083557844E-1,7.119893618925E-1,-2.E-2));
#2718=VERTEX_POINT('',#2717);
#2719=CARTESIAN_POINT('',(3.8855E-1,6.999680851512E-1,-2.E-2));
#2720=VERTEX_POINT('',#2719);
#2721=CARTESIAN_POINT('',(4.120916442156E-1,6.759255327210E-1,-2.E-2));
#2722=VERTEX_POINT('',#2721);
#2723=CARTESIAN_POINT('',(4.238625E-1,6.518829781860E-1,-2.E-2));
#2724=VERTEX_POINT('',#2723);
#2725=CARTESIAN_POINT('',(4.297478942156E-1,6.218297902793E-1,-2.E-2));
#2726=VERTEX_POINT('',#2725);
#2727=CARTESIAN_POINT('',(4.297478942156E-1,5.316702181399E-1,-2.E-2));
#2728=VERTEX_POINT('',#2727);
#2729=CARTESIAN_POINT('',(4.238625E-1,5.016170133948E-1,-2.E-2));
#2730=VERTEX_POINT('',#2729);
#2731=CARTESIAN_POINT('',(4.120916442156E-1,4.775744630694E-1,-2.E-2));
#2732=VERTEX_POINT('',#2731);
#2733=CARTESIAN_POINT('',(3.8855E-1,4.535319127440E-1,-2.E-2));
#2734=VERTEX_POINT('',#2733);
#2735=CARTESIAN_POINT('',(3.650083557844E-1,4.415106375813E-1,-2.E-2));
#2736=VERTEX_POINT('',#2735);
#2737=CARTESIAN_POINT('',(2.2964375E-1,4.715638254881E-1,-2.E-2));
#2738=CARTESIAN_POINT('',(3.3558125E-1,4.715638254881E-1,-2.E-2));
#2739=VERTEX_POINT('',#2737);
#2740=VERTEX_POINT('',#2738);
#2741=CARTESIAN_POINT('',(3.591228942156E-1,4.775744630694E-1,-2.E-2));
#2742=VERTEX_POINT('',#2741);
#2743=CARTESIAN_POINT('',(3.767791442156E-1,4.895957382321E-1,-2.E-2));
#2744=VERTEX_POINT('',#2743);
#2745=CARTESIAN_POINT('',(3.8855E-1,5.076276678145E-1,-2.E-2));
#2746=VERTEX_POINT('',#2745);
#2747=CARTESIAN_POINT('',(3.944353942156E-1,5.316702181399E-1,-2.E-2));
#2748=VERTEX_POINT('',#2747);
#2749=CARTESIAN_POINT('',(3.944353942156E-1,6.218297902793E-1,-2.E-2));
#2750=VERTEX_POINT('',#2749);
#2751=CARTESIAN_POINT('',(3.8855E-1,6.458723406047E-1,-2.E-2));
#2752=VERTEX_POINT('',#2751);
#2753=CARTESIAN_POINT('',(3.767791442156E-1,6.639042533487E-1,-2.E-2));
#2754=VERTEX_POINT('',#2753);
#2755=CARTESIAN_POINT('',(3.591228942156E-1,6.759255327210E-1,-2.E-2));
#2756=VERTEX_POINT('',#2755);
#2757=CARTESIAN_POINT('',(3.3558125E-1,6.819361703023E-1,-2.E-2));
#2758=VERTEX_POINT('',#2757);
#2759=CARTESIAN_POINT('',(2.2964375E-1,6.819361703023E-1,-2.E-2));
#2760=VERTEX_POINT('',#2759);
#2761=CARTESIAN_POINT('',(6.1808125E-1,4.355E-1,-2.E-2));
#2762=CARTESIAN_POINT('',(5.709979615688E-1,4.355E-1,-2.E-2));
#2763=VERTEX_POINT('',#2761);
#2764=VERTEX_POINT('',#2762);
#2765=CARTESIAN_POINT('',(4.7683125E-1,7.18E-1,-2.E-2));
#2766=VERTEX_POINT('',#2765);
#2767=CARTESIAN_POINT('',(5.1214375E-1,7.18E-1,-2.E-2));
#2768=VERTEX_POINT('',#2767);
#2769=CARTESIAN_POINT('',(5.356854615688E-1,6.458723406047E-1,-2.E-2));
#2770=VERTEX_POINT('',#2769);
#2771=CARTESIAN_POINT('',(6.5339375E-1,6.458723406047E-1,-2.E-2));
#2772=VERTEX_POINT('',#2771);
#2773=CARTESIAN_POINT('',(6.769354615688E-1,7.18E-1,-2.E-2));
#2774=VERTEX_POINT('',#2773);
#2775=CARTESIAN_POINT('',(7.122479615688E-1,7.18E-1,-2.E-2));
#2776=VERTEX_POINT('',#2775);
#2777=CARTESIAN_POINT('',(5.945395384312E-1,4.595425503254E-1,-2.E-2));
#2778=CARTESIAN_POINT('',(6.475082884312E-1,6.218297902793E-1,-2.E-2));
#2779=VERTEX_POINT('',#2777);
#2780=VERTEX_POINT('',#2778);
#2781=CARTESIAN_POINT('',(5.415707884312E-1,6.218297902793E-1,-2.E-2));
#2782=VERTEX_POINT('',#2781);
#2783=CARTESIAN_POINT('',(-6.002E-1,4.355E-1,0.E0));
#2784=CARTESIAN_POINT('',(-6.002E-1,7.18E-1,0.E0));
#2785=VERTEX_POINT('',#2783);
#2786=VERTEX_POINT('',#2784);
#2787=CARTESIAN_POINT('',(-3.88325E-1,7.18E-1,0.E0));
#2788=VERTEX_POINT('',#2787);
#2789=CARTESIAN_POINT('',(-3.88325E-1,6.819361703023E-1,0.E0));
#2790=VERTEX_POINT('',#2789);
#2791=CARTESIAN_POINT('',(-5.648875E-1,6.819361703023E-1,0.E0));
#2792=VERTEX_POINT('',#2791);
#2793=CARTESIAN_POINT('',(-5.648875E-1,4.355E-1,0.E0));
#2794=VERTEX_POINT('',#2793);
#2795=CARTESIAN_POINT('',(-1.117104278922E-1,6.458723406047E-1,0.E0));
#2796=CARTESIAN_POINT('',(-1.470229278922E-1,6.458723406047E-1,0.E0));
#2797=VERTEX_POINT('',#2795);
#2798=VERTEX_POINT('',#2796);
#2799=CARTESIAN_POINT('',(-1.529083221078E-1,6.639042533487E-1,0.E0));
#2800=VERTEX_POINT('',#2799);
#2801=CARTESIAN_POINT('',(-1.705645721078E-1,6.759255327210E-1,0.E0));
#2802=VERTEX_POINT('',#2801);
#2803=CARTESIAN_POINT('',(-1.9410625E-1,6.819361703023E-1,0.E0));
#2804=VERTEX_POINT('',#2803);
#2805=CARTESIAN_POINT('',(-2.47075E-1,6.819361703023E-1,0.E0));
#2806=VERTEX_POINT('',#2805);
#2807=CARTESIAN_POINT('',(-2.706166778922E-1,6.759255327210E-1,0.E0));
#2808=VERTEX_POINT('',#2807);
#2809=CARTESIAN_POINT('',(-2.882729278922E-1,6.639042533487E-1,0.E0));
#2810=VERTEX_POINT('',#2809);
#2811=CARTESIAN_POINT('',(-3.0004375E-1,6.458723406047E-1,0.E0));
#2812=VERTEX_POINT('',#2811);
#2813=CARTESIAN_POINT('',(-3.059291778922E-1,6.218297902793E-1,0.E0));
#2814=VERTEX_POINT('',#2813);
#2815=CARTESIAN_POINT('',(-3.059291778922E-1,5.316702181399E-1,0.E0));
#2816=VERTEX_POINT('',#2815);
#2817=CARTESIAN_POINT('',(-3.0004375E-1,5.076276678145E-1,0.E0));
#2818=VERTEX_POINT('',#2817);
#2819=CARTESIAN_POINT('',(-2.882729278922E-1,4.895957382321E-1,0.E0));
#2820=VERTEX_POINT('',#2819);
#2821=CARTESIAN_POINT('',(-2.706166778922E-1,4.775744630694E-1,0.E0));
#2822=VERTEX_POINT('',#2821);
#2823=CARTESIAN_POINT('',(-2.47075E-1,4.715638254881E-1,0.E0));
#2824=VERTEX_POINT('',#2823);
#2825=CARTESIAN_POINT('',(-1.9410625E-1,4.715638254881E-1,0.E0));
#2826=VERTEX_POINT('',#2825);
#2827=CARTESIAN_POINT('',(-1.705645721078E-1,4.775744630694E-1,0.E0));
#2828=VERTEX_POINT('',#2827);
#2829=CARTESIAN_POINT('',(-1.529083221078E-1,4.895957382321E-1,0.E0));
#2830=VERTEX_POINT('',#2829);
#2831=CARTESIAN_POINT('',(-1.470229278922E-1,5.076276678145E-1,0.E0));
#2832=VERTEX_POINT('',#2831);
#2833=CARTESIAN_POINT('',(-1.117104278922E-1,5.076276678145E-1,0.E0));
#2834=VERTEX_POINT('',#2833);
#2835=CARTESIAN_POINT('',(-1.175958221078E-1,4.775744630694E-1,0.E0));
#2836=VERTEX_POINT('',#2835);
#2837=CARTESIAN_POINT('',(-1.411375E-1,4.535319127440E-1,0.E0));
#2838=VERTEX_POINT('',#2837);
#2839=CARTESIAN_POINT('',(-1.646791778922E-1,4.415106375813E-1,0.E0));
#2840=VERTEX_POINT('',#2839);
#2841=CARTESIAN_POINT('',(-1.9410625E-1,4.355E-1,0.E0));
#2842=VERTEX_POINT('',#2841);
#2843=CARTESIAN_POINT('',(-2.47075E-1,4.355E-1,0.E0));
#2844=VERTEX_POINT('',#2843);
#2845=CARTESIAN_POINT('',(-2.765020721078E-1,4.415106375813E-1,0.E0));
#2846=VERTEX_POINT('',#2845);
#2847=CARTESIAN_POINT('',(-3.0004375E-1,4.535319127440E-1,0.E0));
#2848=VERTEX_POINT('',#2847);
#2849=CARTESIAN_POINT('',(-3.235854110539E-1,4.775744630694E-1,0.E0));
#2850=VERTEX_POINT('',#2849);
#2851=CARTESIAN_POINT('',(-3.3535625E-1,5.016170133948E-1,0.E0));
#2852=VERTEX_POINT('',#2851);
#2853=CARTESIAN_POINT('',(-3.412416610539E-1,5.316702181399E-1,0.E0));
#2854=VERTEX_POINT('',#2853);
#2855=CARTESIAN_POINT('',(-3.412416610539E-1,6.218297902793E-1,0.E0));
#2856=VERTEX_POINT('',#2855);
#2857=CARTESIAN_POINT('',(-3.3535625E-1,6.518829781860E-1,0.E0));
#2858=VERTEX_POINT('',#2857);
#2859=CARTESIAN_POINT('',(-3.235854110539E-1,6.759255327210E-1,0.E0));
#2860=VERTEX_POINT('',#2859);
#2861=CARTESIAN_POINT('',(-3.0004375E-1,6.999680851512E-1,0.E0));
#2862=VERTEX_POINT('',#2861);
#2863=CARTESIAN_POINT('',(-2.765020721078E-1,7.119893618925E-1,0.E0));
#2864=VERTEX_POINT('',#2863);
#2865=CARTESIAN_POINT('',(-2.47075E-1,7.18E-1,0.E0));
#2866=VERTEX_POINT('',#2865);
#2867=CARTESIAN_POINT('',(-1.9410625E-1,7.18E-1,0.E0));
#2868=VERTEX_POINT('',#2867);
#2869=CARTESIAN_POINT('',(-1.646791778922E-1,7.119893618925E-1,0.E0));
#2870=VERTEX_POINT('',#2869);
#2871=CARTESIAN_POINT('',(-1.411375E-1,6.999680851512E-1,0.E0));
#2872=VERTEX_POINT('',#2871);
#2873=CARTESIAN_POINT('',(-1.175958221078E-1,6.759255327210E-1,0.E0));
#2874=VERTEX_POINT('',#2873);
#2875=CARTESIAN_POINT('',(1.472478942156E-1,6.819361703023E-1,0.E0));
#2876=CARTESIAN_POINT('',(-2.931460578442E-2,6.819361703023E-1,0.E0));
#2877=VERTEX_POINT('',#2875);
#2878=VERTEX_POINT('',#2876);
#2879=CARTESIAN_POINT('',(-2.931460578442E-2,5.857659563720E-1,0.E0));
#2880=VERTEX_POINT('',#2879);
#2881=CARTESIAN_POINT('',(1.2370625E-1,5.857659563720E-1,0.E0));
#2882=VERTEX_POINT('',#2881);
#2883=CARTESIAN_POINT('',(1.2370625E-1,5.497021308839E-1,0.E0));
#2884=VERTEX_POINT('',#2883);
#2885=CARTESIAN_POINT('',(-2.931460578442E-2,5.497021308839E-1,0.E0));
#2886=VERTEX_POINT('',#2885);
#2887=CARTESIAN_POINT('',(-2.931460578442E-2,4.715638254881E-1,0.E0));
#2888=VERTEX_POINT('',#2887);
#2889=CARTESIAN_POINT('',(1.472478942156E-1,4.715638254881E-1,0.E0));
#2890=VERTEX_POINT('',#2889);
#2891=CARTESIAN_POINT('',(1.472478942156E-1,4.355E-1,0.E0));
#2892=VERTEX_POINT('',#2891);
#2893=CARTESIAN_POINT('',(-6.462707210779E-2,4.355E-1,0.E0));
#2894=VERTEX_POINT('',#2893);
#2895=CARTESIAN_POINT('',(-6.462707210779E-2,7.18E-1,0.E0));
#2896=VERTEX_POINT('',#2895);
#2897=CARTESIAN_POINT('',(1.472478942156E-1,7.18E-1,0.E0));
#2898=VERTEX_POINT('',#2897);
#2899=CARTESIAN_POINT('',(3.3558125E-1,4.355E-1,0.E0));
#2900=CARTESIAN_POINT('',(1.9433125E-1,4.355E-1,0.E0));
#2901=VERTEX_POINT('',#2899);
#2902=VERTEX_POINT('',#2900);
#2903=CARTESIAN_POINT('',(1.9433125E-1,7.18E-1,0.E0));
#2904=VERTEX_POINT('',#2903);
#2905=CARTESIAN_POINT('',(3.3558125E-1,7.18E-1,0.E0));
#2906=VERTEX_POINT('',#2905);
#2907=CARTESIAN_POINT('',(3.650083557844E-1,7.119893618925E-1,0.E0));
#2908=VERTEX_POINT('',#2907);
#2909=CARTESIAN_POINT('',(3.8855E-1,6.999680851512E-1,0.E0));
#2910=VERTEX_POINT('',#2909);
#2911=CARTESIAN_POINT('',(4.120916442156E-1,6.759255327210E-1,0.E0));
#2912=VERTEX_POINT('',#2911);
#2913=CARTESIAN_POINT('',(4.238625E-1,6.518829781860E-1,0.E0));
#2914=VERTEX_POINT('',#2913);
#2915=CARTESIAN_POINT('',(4.297478942156E-1,6.218297902793E-1,0.E0));
#2916=VERTEX_POINT('',#2915);
#2917=CARTESIAN_POINT('',(4.297478942156E-1,5.316702181399E-1,0.E0));
#2918=VERTEX_POINT('',#2917);
#2919=CARTESIAN_POINT('',(4.238625E-1,5.016170133948E-1,0.E0));
#2920=VERTEX_POINT('',#2919);
#2921=CARTESIAN_POINT('',(4.120916442156E-1,4.775744630694E-1,0.E0));
#2922=VERTEX_POINT('',#2921);
#2923=CARTESIAN_POINT('',(3.8855E-1,4.535319127440E-1,0.E0));
#2924=VERTEX_POINT('',#2923);
#2925=CARTESIAN_POINT('',(3.650083557844E-1,4.415106375813E-1,0.E0));
#2926=VERTEX_POINT('',#2925);
#2927=CARTESIAN_POINT('',(2.2964375E-1,4.715638254881E-1,0.E0));
#2928=CARTESIAN_POINT('',(3.3558125E-1,4.715638254881E-1,0.E0));
#2929=VERTEX_POINT('',#2927);
#2930=VERTEX_POINT('',#2928);
#2931=CARTESIAN_POINT('',(3.591228942156E-1,4.775744630694E-1,0.E0));
#2932=VERTEX_POINT('',#2931);
#2933=CARTESIAN_POINT('',(3.767791442156E-1,4.895957382321E-1,0.E0));
#2934=VERTEX_POINT('',#2933);
#2935=CARTESIAN_POINT('',(3.8855E-1,5.076276678145E-1,0.E0));
#2936=VERTEX_POINT('',#2935);
#2937=CARTESIAN_POINT('',(3.944353942156E-1,5.316702181399E-1,0.E0));
#2938=VERTEX_POINT('',#2937);
#2939=CARTESIAN_POINT('',(3.944353942156E-1,6.218297902793E-1,0.E0));
#2940=VERTEX_POINT('',#2939);
#2941=CARTESIAN_POINT('',(3.8855E-1,6.458723406047E-1,0.E0));
#2942=VERTEX_POINT('',#2941);
#2943=CARTESIAN_POINT('',(3.767791442156E-1,6.639042533487E-1,0.E0));
#2944=VERTEX_POINT('',#2943);
#2945=CARTESIAN_POINT('',(3.591228942156E-1,6.759255327210E-1,0.E0));
#2946=VERTEX_POINT('',#2945);
#2947=CARTESIAN_POINT('',(3.3558125E-1,6.819361703023E-1,0.E0));
#2948=VERTEX_POINT('',#2947);
#2949=CARTESIAN_POINT('',(2.2964375E-1,6.819361703023E-1,0.E0));
#2950=VERTEX_POINT('',#2949);
#2951=CARTESIAN_POINT('',(6.1808125E-1,4.355E-1,0.E0));
#2952=CARTESIAN_POINT('',(5.709979615688E-1,4.355E-1,0.E0));
#2953=VERTEX_POINT('',#2951);
#2954=VERTEX_POINT('',#2952);
#2955=CARTESIAN_POINT('',(4.7683125E-1,7.18E-1,0.E0));
#2956=VERTEX_POINT('',#2955);
#2957=CARTESIAN_POINT('',(5.1214375E-1,7.18E-1,0.E0));
#2958=VERTEX_POINT('',#2957);
#2959=CARTESIAN_POINT('',(5.356854615688E-1,6.458723406047E-1,0.E0));
#2960=VERTEX_POINT('',#2959);
#2961=CARTESIAN_POINT('',(6.5339375E-1,6.458723406047E-1,0.E0));
#2962=VERTEX_POINT('',#2961);
#2963=CARTESIAN_POINT('',(6.769354615688E-1,7.18E-1,0.E0));
#2964=VERTEX_POINT('',#2963);
#2965=CARTESIAN_POINT('',(7.122479615688E-1,7.18E-1,0.E0));
#2966=VERTEX_POINT('',#2965);
#2967=CARTESIAN_POINT('',(5.945395384312E-1,4.595425503254E-1,0.E0));
#2968=CARTESIAN_POINT('',(6.475082884312E-1,6.218297902793E-1,0.E0));
#2969=VERTEX_POINT('',#2967);
#2970=VERTEX_POINT('',#2968);
#2971=CARTESIAN_POINT('',(5.415707884312E-1,6.218297902793E-1,0.E0));
#2972=VERTEX_POINT('',#2971);
#2973=CARTESIAN_POINT('',(2.129641680471E0,8.E-1,1.301650324415E-1));
#2974=CARTESIAN_POINT('',(2.227083676303E0,8.E-1,6.E-1));
#2975=VERTEX_POINT('',#2973);
#2976=VERTEX_POINT('',#2974);
#2977=CARTESIAN_POINT('',(2.325E0,8.E-1,5.796925246856E-1));
#2978=VERTEX_POINT('',#2977);
#2979=CARTESIAN_POINT('',(2.227558004168E0,8.E-1,1.098575571271E-1));
#2980=VERTEX_POINT('',#2979);
#2981=CARTESIAN_POINT('',(2.080291853328E0,8.E-1,-1.E-2));
#2982=VERTEX_POINT('',#2981);
#2983=CARTESIAN_POINT('',(1.6E0,8.E-1,-1.E-2));
#2984=VERTEX_POINT('',#2983);
#2985=CARTESIAN_POINT('',(-1.6E0,8.E-1,-1.E-2));
#2986=CARTESIAN_POINT('',(-2.080291853328E0,8.E-1,-1.E-2));
#2987=VERTEX_POINT('',#2985);
#2988=VERTEX_POINT('',#2986);
#2989=CARTESIAN_POINT('',(-2.227558004168E0,8.E-1,1.098575571271E-1));
#2990=VERTEX_POINT('',#2989);
#2991=CARTESIAN_POINT('',(-2.325E0,8.E-1,5.796925246856E-1));
#2992=VERTEX_POINT('',#2991);
#2993=CARTESIAN_POINT('',(-2.227083676303E0,8.E-1,6.E-1));
#2994=VERTEX_POINT('',#2993);
#2995=CARTESIAN_POINT('',(-2.129641680471E0,8.E-1,1.301650324415E-1));
#2996=VERTEX_POINT('',#2995);
#2997=CARTESIAN_POINT('',(2.129641680471E0,1.35E0,1.301650324415E-1));
#2998=CARTESIAN_POINT('',(2.227083676303E0,1.35E0,6.E-1));
#2999=VERTEX_POINT('',#2997);
#3000=VERTEX_POINT('',#2998);
#3001=CARTESIAN_POINT('',(2.325E0,1.35E0,5.796925246856E-1));
#3002=VERTEX_POINT('',#3001);
#3003=CARTESIAN_POINT('',(2.227558004168E0,1.35E0,1.098575571271E-1));
#3004=VERTEX_POINT('',#3003);
#3005=CARTESIAN_POINT('',(2.080291853328E0,1.35E0,-1.E-2));
#3006=VERTEX_POINT('',#3005);
#3007=CARTESIAN_POINT('',(1.6E0,1.35E0,-1.E-2));
#3008=VERTEX_POINT('',#3007);
#3009=CARTESIAN_POINT('',(-1.6E0,1.35E0,-1.E-2));
#3010=CARTESIAN_POINT('',(-2.080291853328E0,1.35E0,-1.E-2));
#3011=VERTEX_POINT('',#3009);
#3012=VERTEX_POINT('',#3010);
#3013=CARTESIAN_POINT('',(-2.227558004168E0,1.35E0,1.098575571271E-1));
#3014=VERTEX_POINT('',#3013);
#3015=CARTESIAN_POINT('',(-2.325E0,1.35E0,5.796925246856E-1));
#3016=VERTEX_POINT('',#3015);
#3017=CARTESIAN_POINT('',(-2.227083676303E0,1.35E0,6.E-1));
#3018=VERTEX_POINT('',#3017);
#3019=CARTESIAN_POINT('',(-2.129641680471E0,1.35E0,1.301650324415E-1));
#3020=VERTEX_POINT('',#3019);
#3021=CARTESIAN_POINT('',(-2.1E0,8.E-1,0.E0));
#3022=CARTESIAN_POINT('',(-1.6E0,8.E-1,0.E0));
#3023=VERTEX_POINT('',#3021);
#3024=VERTEX_POINT('',#3022);
#3025=CARTESIAN_POINT('',(1.6E0,8.E-1,0.E0));
#3026=CARTESIAN_POINT('',(2.1E0,8.E-1,0.E0));
#3027=VERTEX_POINT('',#3025);
#3028=VERTEX_POINT('',#3026);
#3029=CARTESIAN_POINT('',(-2.1E0,1.35E0,0.E0));
#3030=CARTESIAN_POINT('',(-1.6E0,1.35E0,0.E0));
#3031=VERTEX_POINT('',#3029);
#3032=VERTEX_POINT('',#3030);
#3033=CARTESIAN_POINT('',(1.6E0,1.35E0,0.E0));
#3034=CARTESIAN_POINT('',(2.1E0,1.35E0,0.E0));
#3035=VERTEX_POINT('',#3033);
#3036=VERTEX_POINT('',#3034);
#3037=CARTESIAN_POINT('',(-2.1E0,8.E-1,9.401305189227E-2));
#3038=VERTEX_POINT('',#3037);
#3039=CARTESIAN_POINT('',(-2.1E0,1.35E0,9.401305189227E-2));
#3040=VERTEX_POINT('',#3039);
#3041=CARTESIAN_POINT('',(2.1E0,8.E-1,9.401305189227E-2));
#3042=VERTEX_POINT('',#3041);
#3043=CARTESIAN_POINT('',(2.1E0,1.35E0,9.401305189227E-2));
#3044=VERTEX_POINT('',#3043);
#3045=CARTESIAN_POINT('',(2.129641680471E0,-8.E-1,1.301650324415E-1));
#3046=CARTESIAN_POINT('',(2.227083676303E0,-8.E-1,6.E-1));
#3047=VERTEX_POINT('',#3045);
#3048=VERTEX_POINT('',#3046);
#3049=CARTESIAN_POINT('',(2.325E0,-8.E-1,5.796925246856E-1));
#3050=VERTEX_POINT('',#3049);
#3051=CARTESIAN_POINT('',(2.227558004168E0,-8.E-1,1.098575571271E-1));
#3052=VERTEX_POINT('',#3051);
#3053=CARTESIAN_POINT('',(2.080291853328E0,-8.E-1,-1.E-2));
#3054=VERTEX_POINT('',#3053);
#3055=CARTESIAN_POINT('',(1.6E0,-8.E-1,-1.E-2));
#3056=VERTEX_POINT('',#3055);
#3057=CARTESIAN_POINT('',(-1.6E0,-8.E-1,-1.E-2));
#3058=CARTESIAN_POINT('',(-2.080291853328E0,-8.E-1,-1.E-2));
#3059=VERTEX_POINT('',#3057);
#3060=VERTEX_POINT('',#3058);
#3061=CARTESIAN_POINT('',(-2.227558004168E0,-8.E-1,1.098575571271E-1));
#3062=VERTEX_POINT('',#3061);
#3063=CARTESIAN_POINT('',(-2.325E0,-8.E-1,5.796925246856E-1));
#3064=VERTEX_POINT('',#3063);
#3065=CARTESIAN_POINT('',(-2.227083676303E0,-8.E-1,6.E-1));
#3066=VERTEX_POINT('',#3065);
#3067=CARTESIAN_POINT('',(-2.129641680471E0,-8.E-1,1.301650324415E-1));
#3068=VERTEX_POINT('',#3067);
#3069=CARTESIAN_POINT('',(2.129641680471E0,-1.35E0,1.301650324415E-1));
#3070=CARTESIAN_POINT('',(2.227083676303E0,-1.35E0,6.E-1));
#3071=VERTEX_POINT('',#3069);
#3072=VERTEX_POINT('',#3070);
#3073=CARTESIAN_POINT('',(2.325E0,-1.35E0,5.796925246856E-1));
#3074=VERTEX_POINT('',#3073);
#3075=CARTESIAN_POINT('',(2.227558004168E0,-1.35E0,1.098575571271E-1));
#3076=VERTEX_POINT('',#3075);
#3077=CARTESIAN_POINT('',(2.080291853328E0,-1.35E0,-1.E-2));
#3078=VERTEX_POINT('',#3077);
#3079=CARTESIAN_POINT('',(1.6E0,-1.35E0,-1.E-2));
#3080=VERTEX_POINT('',#3079);
#3081=CARTESIAN_POINT('',(-1.6E0,-1.35E0,-1.E-2));
#3082=CARTESIAN_POINT('',(-2.080291853328E0,-1.35E0,-1.E-2));
#3083=VERTEX_POINT('',#3081);
#3084=VERTEX_POINT('',#3082);
#3085=CARTESIAN_POINT('',(-2.227558004168E0,-1.35E0,1.098575571271E-1));
#3086=VERTEX_POINT('',#3085);
#3087=CARTESIAN_POINT('',(-2.325E0,-1.35E0,5.796925246856E-1));
#3088=VERTEX_POINT('',#3087);
#3089=CARTESIAN_POINT('',(-2.227083676303E0,-1.35E0,6.E-1));
#3090=VERTEX_POINT('',#3089);
#3091=CARTESIAN_POINT('',(-2.129641680471E0,-1.35E0,1.301650324415E-1));
#3092=VERTEX_POINT('',#3091);
#3093=CARTESIAN_POINT('',(1.6E0,-8.E-1,0.E0));
#3094=VERTEX_POINT('',#3093);
#3095=CARTESIAN_POINT('',(2.1E0,-8.E-1,9.401305189227E-2));
#3096=VERTEX_POINT('',#3095);
#3097=CARTESIAN_POINT('',(-2.1E0,-8.E-1,9.401305189227E-2));
#3098=VERTEX_POINT('',#3097);
#3099=CARTESIAN_POINT('',(-1.6E0,-8.E-1,0.E0));
#3100=VERTEX_POINT('',#3099);
#3101=CARTESIAN_POINT('',(1.6E0,-1.35E0,0.E0));
#3102=VERTEX_POINT('',#3101);
#3103=CARTESIAN_POINT('',(2.1E0,-1.35E0,9.401305189227E-2));
#3104=VERTEX_POINT('',#3103);
#3105=CARTESIAN_POINT('',(-2.1E0,-1.35E0,9.401305189227E-2));
#3106=VERTEX_POINT('',#3105);
#3107=CARTESIAN_POINT('',(-1.6E0,-1.35E0,0.E0));
#3108=VERTEX_POINT('',#3107);
#3109=CARTESIAN_POINT('',(-2.1E0,-8.E-1,0.E0));
#3110=VERTEX_POINT('',#3109);
#3111=CARTESIAN_POINT('',(2.1E0,-8.E-1,0.E0));
#3112=VERTEX_POINT('',#3111);
#3113=CARTESIAN_POINT('',(-2.1E0,-1.35E0,0.E0));
#3114=VERTEX_POINT('',#3113);
#3115=CARTESIAN_POINT('',(2.1E0,-1.35E0,0.E0));
#3116=VERTEX_POINT('',#3115);
#3117=CARTESIAN_POINT('',(4.E-1,-9.5E-1,2.5E0));
#3118=CARTESIAN_POINT('',(4.E-1,9.5E-1,2.5E0));
#3119=VERTEX_POINT('',#3117);
#3120=VERTEX_POINT('',#3118);
#3121=CARTESIAN_POINT('',(4.E-1,-1.1E0,2.35E0));
#3122=CARTESIAN_POINT('',(4.E-1,1.1E0,2.35E0));
#3123=VERTEX_POINT('',#3121);
#3124=VERTEX_POINT('',#3122);
#3125=CARTESIAN_POINT('',(-4.E-1,9.5E-1,2.5E0));
#3126=VERTEX_POINT('',#3125);
#3127=CARTESIAN_POINT('',(-3.999999999997E-1,1.1E0,2.35E0));
#3128=VERTEX_POINT('',#3127);
#3129=CARTESIAN_POINT('',(-4.E-1,-9.5E-1,2.5E0));
#3130=VERTEX_POINT('',#3129);
#3131=CARTESIAN_POINT('',(-4.E-1,-1.1E0,2.35E0));
#3132=VERTEX_POINT('',#3131);
#3133=CARTESIAN_POINT('',(-1.411375E-1,6.999680851512E-1,0.E0));
#3134=DIRECTION('',(7.145102486526E-1,6.996249742329E-1,0.E0));
#3135=DIRECTION('',(6.996249742329E-1,-7.145102486526E-1,0.E0));
#3136=AXIS2_PLACEMENT_3D('',#3133,#3134,#3135);
#3137=PLANE('',#3136);
#3139=ORIENTED_EDGE('',*,*,#3138,.F.);
#3141=ORIENTED_EDGE('',*,*,#3140,.T.);
#3143=ORIENTED_EDGE('',*,*,#3142,.T.);
#3145=ORIENTED_EDGE('',*,*,#3144,.F.);
#3146=EDGE_LOOP('',(#3139,#3141,#3143,#3145));
#3147=FACE_OUTER_BOUND('',#3146,.F.);
#3148=ADVANCED_FACE('',(#3147),#3137,.T.);
#3149=FILL_AREA_STYLE_COLOUR('',#26);
#3150=FILL_AREA_STYLE('',(#3149));
#3151=SURFACE_STYLE_FILL_AREA(#3150);
#3152=SURFACE_SIDE_STYLE('',(#3151));
#3153=SURFACE_STYLE_USAGE(.POSITIVE.,#3152);
#3154=PRESENTATION_STYLE_ASSIGNMENT((#3153));
#3155=STYLED_ITEM('',(#3154),#3148);
#3156=CARTESIAN_POINT('',(0.E0,0.E0,0.E0));
#3157=DIRECTION('',(0.E0,0.E0,1.E0));
#3158=DIRECTION('',(1.E0,0.E0,0.E0));
#3159=AXIS2_PLACEMENT_3D('',#3156,#3157,#3158);
#3160=PLANE('',#3159);
#3162=ORIENTED_EDGE('',*,*,#3161,.T.);
#3164=ORIENTED_EDGE('',*,*,#3163,.T.);
#3166=ORIENTED_EDGE('',*,*,#3165,.F.);
#3168=ORIENTED_EDGE('',*,*,#3167,.T.);
#3170=ORIENTED_EDGE('',*,*,#3169,.T.);
#3172=ORIENTED_EDGE('',*,*,#3171,.T.);
#3174=ORIENTED_EDGE('',*,*,#3173,.F.);
#3176=ORIENTED_EDGE('',*,*,#3175,.F.);
#3178=ORIENTED_EDGE('',*,*,#3177,.T.);
#3180=ORIENTED_EDGE('',*,*,#3179,.T.);
#3182=ORIENTED_EDGE('',*,*,#3181,.F.);
#3184=ORIENTED_EDGE('',*,*,#3183,.T.);
#3186=ORIENTED_EDGE('',*,*,#3185,.T.);
#3188=ORIENTED_EDGE('',*,*,#3187,.T.);
#3190=ORIENTED_EDGE('',*,*,#3189,.T.);
#3192=ORIENTED_EDGE('',*,*,#3191,.T.);
#3194=ORIENTED_EDGE('',*,*,#3193,.T.);
#3196=ORIENTED_EDGE('',*,*,#3195,.F.);
#3198=ORIENTED_EDGE('',*,*,#3197,.F.);
#3200=ORIENTED_EDGE('',*,*,#3199,.T.);
#3201=EDGE_LOOP('',(#3162,#3164,#3166,#3168,#3170,#3172,#3174,#3176,#3178,#3180,
#3182,#3184,#3186,#3188,#3190,#3192,#3194,#3196,#3198,#3200));
#3202=FACE_OUTER_BOUND('',#3201,.F.);
#3204=ORIENTED_EDGE('',*,*,#3203,.T.);
#3206=ORIENTED_EDGE('',*,*,#3205,.T.);
#3207=EDGE_LOOP('',(#3204,#3206));
#3208=FACE_BOUND('',#3207,.F.);
#3210=ORIENTED_EDGE('',*,*,#3209,.T.);
#3212=ORIENTED_EDGE('',*,*,#3211,.T.);
#3213=EDGE_LOOP('',(#3210,#3212));
#3214=FACE_BOUND('',#3213,.F.);
#3216=ORIENTED_EDGE('',*,*,#3215,.T.);
#3218=ORIENTED_EDGE('',*,*,#3217,.T.);
#3219=EDGE_LOOP('',(#3216,#3218));
#3220=FACE_BOUND('',#3219,.F.);
#3222=ORIENTED_EDGE('',*,*,#3221,.T.);
#3224=ORIENTED_EDGE('',*,*,#3223,.T.);
#3225=EDGE_LOOP('',(#3222,#3224));
#3226=FACE_BOUND('',#3225,.F.);
#3228=ORIENTED_EDGE('',*,*,#3227,.T.);
#3230=ORIENTED_EDGE('',*,*,#3229,.T.);
#3231=EDGE_LOOP('',(#3228,#3230));
#3232=FACE_BOUND('',#3231,.F.);
#3234=ORIENTED_EDGE('',*,*,#3233,.T.);
#3236=ORIENTED_EDGE('',*,*,#3235,.T.);
#3237=EDGE_LOOP('',(#3234,#3236));
#3238=FACE_BOUND('',#3237,.F.);
#3240=ORIENTED_EDGE('',*,*,#3239,.T.);
#3242=ORIENTED_EDGE('',*,*,#3241,.T.);
#3243=EDGE_LOOP('',(#3240,#3242));
#3244=FACE_BOUND('',#3243,.F.);
#3246=ORIENTED_EDGE('',*,*,#3245,.T.);
#3248=ORIENTED_EDGE('',*,*,#3247,.T.);
#3249=EDGE_LOOP('',(#3246,#3248));
#3250=FACE_BOUND('',#3249,.F.);
#3252=ORIENTED_EDGE('',*,*,#3251,.T.);
#3254=ORIENTED_EDGE('',*,*,#3253,.T.);
#3255=EDGE_LOOP('',(#3252,#3254));
#3256=FACE_BOUND('',#3255,.F.);
#3258=ORIENTED_EDGE('',*,*,#3257,.T.);
#3260=ORIENTED_EDGE('',*,*,#3259,.T.);
#3262=ORIENTED_EDGE('',*,*,#3261,.T.);
#3264=ORIENTED_EDGE('',*,*,#3263,.T.);
#3266=ORIENTED_EDGE('',*,*,#3265,.T.);
#3268=ORIENTED_EDGE('',*,*,#3267,.T.);
#3269=EDGE_LOOP('',(#3258,#3260,#3262,#3264,#3266,#3268));
#3270=FACE_BOUND('',#3269,.F.);
#3272=ORIENTED_EDGE('',*,*,#3271,.T.);
#3274=ORIENTED_EDGE('',*,*,#3273,.T.);
#3276=ORIENTED_EDGE('',*,*,#3275,.T.);
#3278=ORIENTED_EDGE('',*,*,#3277,.T.);
#3280=ORIENTED_EDGE('',*,*,#3279,.T.);
#3282=ORIENTED_EDGE('',*,*,#3281,.T.);
#3284=ORIENTED_EDGE('',*,*,#3283,.T.);
#3286=ORIENTED_EDGE('',*,*,#3285,.T.);
#3288=ORIENTED_EDGE('',*,*,#3287,.T.);
#3290=ORIENTED_EDGE('',*,*,#3289,.T.);
#3292=ORIENTED_EDGE('',*,*,#3291,.T.);
#3294=ORIENTED_EDGE('',*,*,#3293,.T.);
#3296=ORIENTED_EDGE('',*,*,#3295,.T.);
#3298=ORIENTED_EDGE('',*,*,#3297,.T.);
#3300=ORIENTED_EDGE('',*,*,#3299,.T.);
#3302=ORIENTED_EDGE('',*,*,#3301,.T.);
#3304=ORIENTED_EDGE('',*,*,#3303,.T.);
#3306=ORIENTED_EDGE('',*,*,#3305,.T.);
#3308=ORIENTED_EDGE('',*,*,#3307,.T.);
#3310=ORIENTED_EDGE('',*,*,#3309,.T.);
#3312=ORIENTED_EDGE('',*,*,#3311,.T.);
#3314=ORIENTED_EDGE('',*,*,#3313,.T.);
#3316=ORIENTED_EDGE('',*,*,#3315,.T.);
#3318=ORIENTED_EDGE('',*,*,#3317,.T.);
#3320=ORIENTED_EDGE('',*,*,#3319,.T.);
#3322=ORIENTED_EDGE('',*,*,#3321,.T.);
#3324=ORIENTED_EDGE('',*,*,#3323,.T.);
#3326=ORIENTED_EDGE('',*,*,#3325,.T.);
#3328=ORIENTED_EDGE('',*,*,#3327,.T.);
#3330=ORIENTED_EDGE('',*,*,#3329,.T.);
#3332=ORIENTED_EDGE('',*,*,#3331,.T.);
#3334=ORIENTED_EDGE('',*,*,#3333,.T.);
#3336=ORIENTED_EDGE('',*,*,#3335,.T.);
#3338=ORIENTED_EDGE('',*,*,#3337,.T.);
#3340=ORIENTED_EDGE('',*,*,#3339,.T.);
#3342=ORIENTED_EDGE('',*,*,#3341,.T.);
#3344=ORIENTED_EDGE('',*,*,#3343,.T.);
#3346=ORIENTED_EDGE('',*,*,#3345,.T.);
#3347=ORIENTED_EDGE('',*,*,#3138,.T.);
#3349=ORIENTED_EDGE('',*,*,#3348,.T.);
#3350=EDGE_LOOP('',(#3272,#3274,#3276,#3278,#3280,#3282,#3284,#3286,#3288,#3290,
#3292,#3294,#3296,#3298,#3300,#3302,#3304,#3306,#3308,#3310,#3312,#3314,#3316,
#3318,#3320,#3322,#3324,#3326,#3328,#3330,#3332,#3334,#3336,#3338,#3340,#3342,
#3344,#3346,#3347,#3349));
#3351=FACE_BOUND('',#3350,.F.);
#3353=ORIENTED_EDGE('',*,*,#3352,.T.);
#3355=ORIENTED_EDGE('',*,*,#3354,.T.);
#3357=ORIENTED_EDGE('',*,*,#3356,.T.);
#3359=ORIENTED_EDGE('',*,*,#3358,.T.);
#3361=ORIENTED_EDGE('',*,*,#3360,.T.);
#3363=ORIENTED_EDGE('',*,*,#3362,.T.);
#3365=ORIENTED_EDGE('',*,*,#3364,.T.);
#3367=ORIENTED_EDGE('',*,*,#3366,.T.);
#3369=ORIENTED_EDGE('',*,*,#3368,.T.);
#3371=ORIENTED_EDGE('',*,*,#3370,.T.);
#3373=ORIENTED_EDGE('',*,*,#3372,.T.);
#3375=ORIENTED_EDGE('',*,*,#3374,.T.);
#3376=EDGE_LOOP('',(#3353,#3355,#3357,#3359,#3361,#3363,#3365,#3367,#3369,#3371,
#3373,#3375));
#3377=FACE_BOUND('',#3376,.F.);
#3379=ORIENTED_EDGE('',*,*,#3378,.T.);
#3381=ORIENTED_EDGE('',*,*,#3380,.T.);
#3383=ORIENTED_EDGE('',*,*,#3382,.T.);
#3385=ORIENTED_EDGE('',*,*,#3384,.T.);
#3387=ORIENTED_EDGE('',*,*,#3386,.T.);
#3389=ORIENTED_EDGE('',*,*,#3388,.T.);
#3391=ORIENTED_EDGE('',*,*,#3390,.T.);
#3393=ORIENTED_EDGE('',*,*,#3392,.T.);
#3395=ORIENTED_EDGE('',*,*,#3394,.T.);
#3397=ORIENTED_EDGE('',*,*,#3396,.T.);
#3399=ORIENTED_EDGE('',*,*,#3398,.T.);
#3401=ORIENTED_EDGE('',*,*,#3400,.T.);
#3403=ORIENTED_EDGE('',*,*,#3402,.T.);
#3405=ORIENTED_EDGE('',*,*,#3404,.T.);
#3406=EDGE_LOOP('',(#3379,#3381,#3383,#3385,#3387,#3389,#3391,#3393,#3395,#3397,
#3399,#3401,#3403,#3405));
#3407=FACE_BOUND('',#3406,.F.);
#3409=ORIENTED_EDGE('',*,*,#3408,.T.);
#3411=ORIENTED_EDGE('',*,*,#3410,.T.);
#3413=ORIENTED_EDGE('',*,*,#3412,.T.);
#3415=ORIENTED_EDGE('',*,*,#3414,.T.);
#3417=ORIENTED_EDGE('',*,*,#3416,.T.);
#3419=ORIENTED_EDGE('',*,*,#3418,.T.);
#3421=ORIENTED_EDGE('',*,*,#3420,.T.);
#3423=ORIENTED_EDGE('',*,*,#3422,.T.);
#3424=EDGE_LOOP('',(#3409,#3411,#3413,#3415,#3417,#3419,#3421,#3423));
#3425=FACE_BOUND('',#3424,.F.);
#3426=ADVANCED_FACE('',(#3202,#3208,#3214,#3220,#3226,#3232,#3238,#3244,#3250,
#3256,#3270,#3351,#3377,#3407,#3425),#3160,.F.);
#3427=FILL_AREA_STYLE_COLOUR('',#22);
#3428=FILL_AREA_STYLE('',(#3427));
#3429=SURFACE_STYLE_FILL_AREA(#3428);
#3430=SURFACE_SIDE_STYLE('',(#3429));
#3431=SURFACE_STYLE_USAGE(.POSITIVE.,#3430);
#3432=PRESENTATION_STYLE_ASSIGNMENT((#3431));
#3433=STYLED_ITEM('',(#3432),#3426);
#3434=CARTESIAN_POINT('',(0.E0,0.E0,0.E0));
#3435=DIRECTION('',(0.E0,0.E0,1.E0));
#3436=DIRECTION('',(1.E0,0.E0,0.E0));
#3437=AXIS2_PLACEMENT_3D('',#3434,#3435,#3436);
#3438=PLANE('',#3437);
#3440=ORIENTED_EDGE('',*,*,#3439,.T.);
#3442=ORIENTED_EDGE('',*,*,#3441,.T.);
#3444=ORIENTED_EDGE('',*,*,#3443,.T.);
#3446=ORIENTED_EDGE('',*,*,#3445,.T.);
#3448=ORIENTED_EDGE('',*,*,#3447,.T.);
#3450=ORIENTED_EDGE('',*,*,#3449,.T.);
#3452=ORIENTED_EDGE('',*,*,#3451,.T.);
#3454=ORIENTED_EDGE('',*,*,#3453,.T.);
#3456=ORIENTED_EDGE('',*,*,#3455,.T.);
#3458=ORIENTED_EDGE('',*,*,#3457,.T.);
#3460=ORIENTED_EDGE('',*,*,#3459,.T.);
#3462=ORIENTED_EDGE('',*,*,#3461,.T.);
#3463=EDGE_LOOP('',(#3440,#3442,#3444,#3446,#3448,#3450,#3452,#3454,#3456,#3458,
#3460,#3462));
#3464=FACE_OUTER_BOUND('',#3463,.F.);
#3465=ADVANCED_FACE('',(#3464),#3438,.F.);
#3466=FILL_AREA_STYLE_COLOUR('',#22);
#3467=FILL_AREA_STYLE('',(#3466));
#3468=SURFACE_STYLE_FILL_AREA(#3467);
#3469=SURFACE_SIDE_STYLE('',(#3468));
#3470=SURFACE_STYLE_USAGE(.POSITIVE.,#3469);
#3471=PRESENTATION_STYLE_ASSIGNMENT((#3470));
#3472=STYLED_ITEM('',(#3471),#3465);
#3473=CARTESIAN_POINT('',(0.E0,0.E0,0.E0));
#3474=DIRECTION('',(0.E0,0.E0,1.E0));
#3475=DIRECTION('',(1.E0,0.E0,0.E0));
#3476=AXIS2_PLACEMENT_3D('',#3473,#3474,#3475);
#3477=PLANE('',#3476);
#3479=ORIENTED_EDGE('',*,*,#3478,.T.);
#3481=ORIENTED_EDGE('',*,*,#3480,.T.);
#3483=ORIENTED_EDGE('',*,*,#3482,.T.);
#3484=EDGE_LOOP('',(#3479,#3481,#3483));
#3485=FACE_OUTER_BOUND('',#3484,.F.);
#3486=ADVANCED_FACE('',(#3485),#3477,.F.);
#3487=FILL_AREA_STYLE_COLOUR('',#22);
#3488=FILL_AREA_STYLE('',(#3487));
#3489=SURFACE_STYLE_FILL_AREA(#3488);
#3490=SURFACE_SIDE_STYLE('',(#3489));
#3491=SURFACE_STYLE_USAGE(.POSITIVE.,#3490);
#3492=PRESENTATION_STYLE_ASSIGNMENT((#3491));
#3493=STYLED_ITEM('',(#3492),#3486);
#3494=CARTESIAN_POINT('',(0.E0,1.224646799147E-14,0.E0));
#3495=DIRECTION('',(0.E0,0.E0,-1.E0));
#3496=DIRECTION('',(1.E0,0.E0,0.E0));
#3497=AXIS2_PLACEMENT_3D('',#3494,#3495,#3496);
#3498=CYLINDRICAL_SURFACE('',#3497,3.E-1);
#3499=ORIENTED_EDGE('',*,*,#3203,.F.);
#3501=ORIENTED_EDGE('',*,*,#3500,.T.);
#3503=ORIENTED_EDGE('',*,*,#3502,.T.);
#3505=ORIENTED_EDGE('',*,*,#3504,.F.);
#3506=EDGE_LOOP('',(#3499,#3501,#3503,#3505));
#3507=FACE_OUTER_BOUND('',#3506,.F.);
#3508=ADVANCED_FACE('',(#3507),#3498,.F.);
#3509=FILL_AREA_STYLE_COLOUR('',#22);
#3510=FILL_AREA_STYLE('',(#3509));
#3511=SURFACE_STYLE_FILL_AREA(#3510);
#3512=SURFACE_SIDE_STYLE('',(#3511));
#3513=SURFACE_STYLE_USAGE(.POSITIVE.,#3512);
#3514=PRESENTATION_STYLE_ASSIGNMENT((#3513));
#3515=STYLED_ITEM('',(#3514),#3508);
#3516=CARTESIAN_POINT('',(0.E0,1.224646799147E-14,0.E0));
#3517=DIRECTION('',(0.E0,0.E0,-1.E0));
#3518=DIRECTION('',(1.E0,0.E0,0.E0));
#3519=AXIS2_PLACEMENT_3D('',#3516,#3517,#3518);
#3520=CYLINDRICAL_SURFACE('',#3519,3.E-1);
#3521=ORIENTED_EDGE('',*,*,#3205,.F.);
#3522=ORIENTED_EDGE('',*,*,#3504,.T.);
#3524=ORIENTED_EDGE('',*,*,#3523,.T.);
#3525=ORIENTED_EDGE('',*,*,#3500,.F.);
#3526=EDGE_LOOP('',(#3521,#3522,#3524,#3525));
#3527=FACE_OUTER_BOUND('',#3526,.F.);
#3528=ADVANCED_FACE('',(#3527),#3520,.F.);
#3529=FILL_AREA_STYLE_COLOUR('',#22);
#3530=FILL_AREA_STYLE('',(#3529));
#3531=SURFACE_STYLE_FILL_AREA(#3530);
#3532=SURFACE_SIDE_STYLE('',(#3531));
#3533=SURFACE_STYLE_USAGE(.POSITIVE.,#3532);
#3534=PRESENTATION_STYLE_ASSIGNMENT((#3533));
#3535=STYLED_ITEM('',(#3534),#3528);
#3536=CARTESIAN_POINT('',(0.E0,0.E0,2.E-1));
#3537=DIRECTION('',(0.E0,0.E0,-1.E0));
#3538=DIRECTION('',(1.E0,0.E0,0.E0));
#3539=AXIS2_PLACEMENT_3D('',#3536,#3537,#3538);
#3540=PLANE('',#3539);
#3541=ORIENTED_EDGE('',*,*,#3502,.F.);
#3542=ORIENTED_EDGE('',*,*,#3523,.F.);
#3543=EDGE_LOOP('',(#3541,#3542));
#3544=FACE_OUTER_BOUND('',#3543,.F.);
#3545=ADVANCED_FACE('',(#3544),#3540,.T.);
#3546=FILL_AREA_STYLE_COLOUR('',#22);
#3547=FILL_AREA_STYLE('',(#3546));
#3548=SURFACE_STYLE_FILL_AREA(#3547);
#3549=SURFACE_SIDE_STYLE('',(#3548));
#3550=SURFACE_STYLE_USAGE(.POSITIVE.,#3549);
#3551=PRESENTATION_STYLE_ASSIGNMENT((#3550));
#3552=STYLED_ITEM('',(#3551),#3545);
#3553=CARTESIAN_POINT('',(-1.408078643416E0,0.E0,0.E0));
#3554=DIRECTION('',(0.E0,0.E0,-1.E0));
#3555=DIRECTION('',(1.E0,0.E0,0.E0));
#3556=AXIS2_PLACEMENT_3D('',#3553,#3554,#3555);
#3557=CYLINDRICAL_SURFACE('',#3556,4.E-1);
#3558=ORIENTED_EDGE('',*,*,#3209,.F.);
#3560=ORIENTED_EDGE('',*,*,#3559,.T.);
#3562=ORIENTED_EDGE('',*,*,#3561,.T.);
#3564=ORIENTED_EDGE('',*,*,#3563,.F.);
#3565=EDGE_LOOP('',(#3558,#3560,#3562,#3564));
#3566=FACE_OUTER_BOUND('',#3565,.F.);
#3567=ADVANCED_FACE('',(#3566),#3557,.F.);
#3568=FILL_AREA_STYLE_COLOUR('',#22);
#3569=FILL_AREA_STYLE('',(#3568));
#3570=SURFACE_STYLE_FILL_AREA(#3569);
#3571=SURFACE_SIDE_STYLE('',(#3570));
#3572=SURFACE_STYLE_USAGE(.POSITIVE.,#3571);
#3573=PRESENTATION_STYLE_ASSIGNMENT((#3572));
#3574=STYLED_ITEM('',(#3573),#3567);
#3575=CARTESIAN_POINT('',(-1.408078643416E0,0.E0,0.E0));
#3576=DIRECTION('',(0.E0,0.E0,-1.E0));
#3577=DIRECTION('',(1.E0,0.E0,0.E0));
#3578=AXIS2_PLACEMENT_3D('',#3575,#3576,#3577);
#3579=CYLINDRICAL_SURFACE('',#3578,4.E-1);
#3580=ORIENTED_EDGE('',*,*,#3211,.F.);
#3581=ORIENTED_EDGE('',*,*,#3563,.T.);
#3583=ORIENTED_EDGE('',*,*,#3582,.T.);
#3584=ORIENTED_EDGE('',*,*,#3559,.F.);
#3585=EDGE_LOOP('',(#3580,#3581,#3583,#3584));
#3586=FACE_OUTER_BOUND('',#3585,.F.);
#3587=ADVANCED_FACE('',(#3586),#3579,.F.);
#3588=FILL_AREA_STYLE_COLOUR('',#22);
#3589=FILL_AREA_STYLE('',(#3588));
#3590=SURFACE_STYLE_FILL_AREA(#3589);
#3591=SURFACE_SIDE_STYLE('',(#3590));
#3592=SURFACE_STYLE_USAGE(.POSITIVE.,#3591);
#3593=PRESENTATION_STYLE_ASSIGNMENT((#3592));
#3594=STYLED_ITEM('',(#3593),#3587);
#3595=CARTESIAN_POINT('',(0.E0,0.E0,2.E-1));
#3596=DIRECTION('',(0.E0,0.E0,-1.E0));
#3597=DIRECTION('',(1.E0,0.E0,0.E0));
#3598=AXIS2_PLACEMENT_3D('',#3595,#3596,#3597);
#3599=PLANE('',#3598);
#3600=ORIENTED_EDGE('',*,*,#3561,.F.);
#3601=ORIENTED_EDGE('',*,*,#3582,.F.);
#3602=EDGE_LOOP('',(#3600,#3601));
#3603=FACE_OUTER_BOUND('',#3602,.F.);
#3604=ADVANCED_FACE('',(#3603),#3599,.T.);
#3605=FILL_AREA_STYLE_COLOUR('',#27);
#3606=FILL_AREA_STYLE('',(#3605));
#3607=SURFACE_STYLE_FILL_AREA(#3606);
#3608=SURFACE_SIDE_STYLE('',(#3607));
#3609=SURFACE_STYLE_USAGE(.POSITIVE.,#3608);
#3610=PRESENTATION_STYLE_ASSIGNMENT((#3609));
#3611=STYLED_ITEM('',(#3610),#3604);
#3612=CARTESIAN_POINT('',(1.408078643416E0,0.E0,0.E0));
#3613=DIRECTION('',(0.E0,0.E0,-1.E0));
#3614=DIRECTION('',(1.E0,0.E0,0.E0));
#3615=AXIS2_PLACEMENT_3D('',#3612,#3613,#3614);
#3616=CYLINDRICAL_SURFACE('',#3615,4.E-1);
#3617=ORIENTED_EDGE('',*,*,#3215,.F.);
#3619=ORIENTED_EDGE('',*,*,#3618,.T.);
#3621=ORIENTED_EDGE('',*,*,#3620,.T.);
#3623=ORIENTED_EDGE('',*,*,#3622,.F.);
#3624=EDGE_LOOP('',(#3617,#3619,#3621,#3623));
#3625=FACE_OUTER_BOUND('',#3624,.F.);
#3626=ADVANCED_FACE('',(#3625),#3616,.F.);
#3627=FILL_AREA_STYLE_COLOUR('',#22);
#3628=FILL_AREA_STYLE('',(#3627));
#3629=SURFACE_STYLE_FILL_AREA(#3628);
#3630=SURFACE_SIDE_STYLE('',(#3629));
#3631=SURFACE_STYLE_USAGE(.POSITIVE.,#3630);
#3632=PRESENTATION_STYLE_ASSIGNMENT((#3631));
#3633=STYLED_ITEM('',(#3632),#3626);
#3634=CARTESIAN_POINT('',(1.408078643416E0,0.E0,0.E0));
#3635=DIRECTION('',(0.E0,0.E0,-1.E0));
#3636=DIRECTION('',(1.E0,0.E0,0.E0));
#3637=AXIS2_PLACEMENT_3D('',#3634,#3635,#3636);
#3638=CYLINDRICAL_SURFACE('',#3637,4.E-1);
#3639=ORIENTED_EDGE('',*,*,#3217,.F.);
#3640=ORIENTED_EDGE('',*,*,#3622,.T.);
#3642=ORIENTED_EDGE('',*,*,#3641,.T.);
#3643=ORIENTED_EDGE('',*,*,#3618,.F.);
#3644=EDGE_LOOP('',(#3639,#3640,#3642,#3643));
#3645=FACE_OUTER_BOUND('',#3644,.F.);
#3646=ADVANCED_FACE('',(#3645),#3638,.F.);
#3647=FILL_AREA_STYLE_COLOUR('',#22);
#3648=FILL_AREA_STYLE('',(#3647));
#3649=SURFACE_STYLE_FILL_AREA(#3648);
#3650=SURFACE_SIDE_STYLE('',(#3649));
#3651=SURFACE_STYLE_USAGE(.POSITIVE.,#3650);
#3652=PRESENTATION_STYLE_ASSIGNMENT((#3651));
#3653=STYLED_ITEM('',(#3652),#3646);
#3654=CARTESIAN_POINT('',(0.E0,0.E0,2.E-1));
#3655=DIRECTION('',(0.E0,0.E0,-1.E0));
#3656=DIRECTION('',(1.E0,0.E0,0.E0));
#3657=AXIS2_PLACEMENT_3D('',#3654,#3655,#3656);
#3658=PLANE('',#3657);
#3659=ORIENTED_EDGE('',*,*,#3620,.F.);
#3660=ORIENTED_EDGE('',*,*,#3641,.F.);
#3661=EDGE_LOOP('',(#3659,#3660));
#3662=FACE_OUTER_BOUND('',#3661,.F.);
#3663=ADVANCED_FACE('',(#3662),#3658,.T.);
#3664=FILL_AREA_STYLE_COLOUR('',#27);
#3665=FILL_AREA_STYLE('',(#3664));
#3666=SURFACE_STYLE_FILL_AREA(#3665);
#3667=SURFACE_SIDE_STYLE('',(#3666));
#3668=SURFACE_STYLE_USAGE(.POSITIVE.,#3667);
#3669=PRESENTATION_STYLE_ASSIGNMENT((#3668));
#3670=STYLED_ITEM('',(#3669),#3663);
#3671=CARTESIAN_POINT('',(0.E0,-1.149271461353E0,0.E0));
#3672=DIRECTION('',(0.E0,0.E0,-1.E0));
#3673=DIRECTION('',(1.E0,0.E0,0.E0));
#3674=AXIS2_PLACEMENT_3D('',#3671,#3672,#3673);
#3675=CYLINDRICAL_SURFACE('',#3674,2.5E-1);
#3676=ORIENTED_EDGE('',*,*,#3221,.F.);
#3678=ORIENTED_EDGE('',*,*,#3677,.T.);
#3680=ORIENTED_EDGE('',*,*,#3679,.T.);
#3682=ORIENTED_EDGE('',*,*,#3681,.F.);
#3683=EDGE_LOOP('',(#3676,#3678,#3680,#3682));
#3684=FACE_OUTER_BOUND('',#3683,.F.);
#3685=ADVANCED_FACE('',(#3684),#3675,.F.);
#3686=FILL_AREA_STYLE_COLOUR('',#22);
#3687=FILL_AREA_STYLE('',(#3686));
#3688=SURFACE_STYLE_FILL_AREA(#3687);
#3689=SURFACE_SIDE_STYLE('',(#3688));
#3690=SURFACE_STYLE_USAGE(.POSITIVE.,#3689);
#3691=PRESENTATION_STYLE_ASSIGNMENT((#3690));
#3692=STYLED_ITEM('',(#3691),#3685);
#3693=CARTESIAN_POINT('',(0.E0,-1.149271461353E0,0.E0));
#3694=DIRECTION('',(0.E0,0.E0,-1.E0));
#3695=DIRECTION('',(1.E0,0.E0,0.E0));
#3696=AXIS2_PLACEMENT_3D('',#3693,#3694,#3695);
#3697=CYLINDRICAL_SURFACE('',#3696,2.5E-1);
#3698=ORIENTED_EDGE('',*,*,#3223,.F.);
#3699=ORIENTED_EDGE('',*,*,#3681,.T.);
#3701=ORIENTED_EDGE('',*,*,#3700,.T.);
#3702=ORIENTED_EDGE('',*,*,#3677,.F.);
#3703=EDGE_LOOP('',(#3698,#3699,#3701,#3702));
#3704=FACE_OUTER_BOUND('',#3703,.F.);
#3705=ADVANCED_FACE('',(#3704),#3697,.F.);
#3706=FILL_AREA_STYLE_COLOUR('',#22);
#3707=FILL_AREA_STYLE('',(#3706));
#3708=SURFACE_STYLE_FILL_AREA(#3707);
#3709=SURFACE_SIDE_STYLE('',(#3708));
#3710=SURFACE_STYLE_USAGE(.POSITIVE.,#3709);
#3711=PRESENTATION_STYLE_ASSIGNMENT((#3710));
#3712=STYLED_ITEM('',(#3711),#3705);
#3713=CARTESIAN_POINT('',(0.E0,0.E0,2.E-1));
#3714=DIRECTION('',(0.E0,0.E0,-1.E0));
#3715=DIRECTION('',(1.E0,0.E0,0.E0));
#3716=AXIS2_PLACEMENT_3D('',#3713,#3714,#3715);
#3717=PLANE('',#3716);
#3718=ORIENTED_EDGE('',*,*,#3679,.F.);
#3719=ORIENTED_EDGE('',*,*,#3700,.F.);
#3720=EDGE_LOOP('',(#3718,#3719));
#3721=FACE_OUTER_BOUND('',#3720,.F.);
#3722=ADVANCED_FACE('',(#3721),#3717,.T.);
#3723=FILL_AREA_STYLE_COLOUR('',#27);
#3724=FILL_AREA_STYLE('',(#3723));
#3725=SURFACE_STYLE_FILL_AREA(#3724);
#3726=SURFACE_SIDE_STYLE('',(#3725));
#3727=SURFACE_STYLE_USAGE(.POSITIVE.,#3726);
#3728=PRESENTATION_STYLE_ASSIGNMENT((#3727));
#3729=STYLED_ITEM('',(#3728),#3722);
#3730=CARTESIAN_POINT('',(-8.643973688670E-1,-1.149271461353E0,0.E0));
#3731=DIRECTION('',(0.E0,0.E0,-1.E0));
#3732=DIRECTION('',(1.E0,0.E0,0.E0));
#3733=AXIS2_PLACEMENT_3D('',#3730,#3731,#3732);
#3734=CYLINDRICAL_SURFACE('',#3733,2.5E-1);
#3735=ORIENTED_EDGE('',*,*,#3227,.F.);
#3737=ORIENTED_EDGE('',*,*,#3736,.T.);
#3739=ORIENTED_EDGE('',*,*,#3738,.T.);
#3741=ORIENTED_EDGE('',*,*,#3740,.F.);
#3742=EDGE_LOOP('',(#3735,#3737,#3739,#3741));
#3743=FACE_OUTER_BOUND('',#3742,.F.);
#3744=ADVANCED_FACE('',(#3743),#3734,.F.);
#3745=FILL_AREA_STYLE_COLOUR('',#22);
#3746=FILL_AREA_STYLE('',(#3745));
#3747=SURFACE_STYLE_FILL_AREA(#3746);
#3748=SURFACE_SIDE_STYLE('',(#3747));
#3749=SURFACE_STYLE_USAGE(.POSITIVE.,#3748);
#3750=PRESENTATION_STYLE_ASSIGNMENT((#3749));
#3751=STYLED_ITEM('',(#3750),#3744);
#3752=CARTESIAN_POINT('',(-8.643973688670E-1,-1.149271461353E0,0.E0));
#3753=DIRECTION('',(0.E0,0.E0,-1.E0));
#3754=DIRECTION('',(1.E0,0.E0,0.E0));
#3755=AXIS2_PLACEMENT_3D('',#3752,#3753,#3754);
#3756=CYLINDRICAL_SURFACE('',#3755,2.5E-1);
#3757=ORIENTED_EDGE('',*,*,#3229,.F.);
#3758=ORIENTED_EDGE('',*,*,#3740,.T.);
#3760=ORIENTED_EDGE('',*,*,#3759,.T.);
#3761=ORIENTED_EDGE('',*,*,#3736,.F.);
#3762=EDGE_LOOP('',(#3757,#3758,#3760,#3761));
#3763=FACE_OUTER_BOUND('',#3762,.F.);
#3764=ADVANCED_FACE('',(#3763),#3756,.F.);
#3765=FILL_AREA_STYLE_COLOUR('',#22);
#3766=FILL_AREA_STYLE('',(#3765));
#3767=SURFACE_STYLE_FILL_AREA(#3766);
#3768=SURFACE_SIDE_STYLE('',(#3767));
#3769=SURFACE_STYLE_USAGE(.POSITIVE.,#3768);
#3770=PRESENTATION_STYLE_ASSIGNMENT((#3769));
#3771=STYLED_ITEM('',(#3770),#3764);
#3772=CARTESIAN_POINT('',(0.E0,0.E0,2.E-1));
#3773=DIRECTION('',(0.E0,0.E0,-1.E0));
#3774=DIRECTION('',(1.E0,0.E0,0.E0));
#3775=AXIS2_PLACEMENT_3D('',#3772,#3773,#3774);
#3776=PLANE('',#3775);
#3777=ORIENTED_EDGE('',*,*,#3738,.F.);
#3778=ORIENTED_EDGE('',*,*,#3759,.F.);
#3779=EDGE_LOOP('',(#3777,#3778));
#3780=FACE_OUTER_BOUND('',#3779,.F.);
#3781=ADVANCED_FACE('',(#3780),#3776,.T.);
#3782=FILL_AREA_STYLE_COLOUR('',#27);
#3783=FILL_AREA_STYLE('',(#3782));
#3784=SURFACE_STYLE_FILL_AREA(#3783);
#3785=SURFACE_SIDE_STYLE('',(#3784));
#3786=SURFACE_STYLE_USAGE(.POSITIVE.,#3785);
#3787=PRESENTATION_STYLE_ASSIGNMENT((#3786));
#3788=STYLED_ITEM('',(#3787),#3781);
#3789=CARTESIAN_POINT('',(8.643973688670E-1,-1.149271461353E0,0.E0));
#3790=DIRECTION('',(0.E0,0.E0,-1.E0));
#3791=DIRECTION('',(1.E0,0.E0,0.E0));
#3792=AXIS2_PLACEMENT_3D('',#3789,#3790,#3791);
#3793=CYLINDRICAL_SURFACE('',#3792,2.5E-1);
#3794=ORIENTED_EDGE('',*,*,#3233,.F.);
#3796=ORIENTED_EDGE('',*,*,#3795,.T.);
#3798=ORIENTED_EDGE('',*,*,#3797,.T.);
#3800=ORIENTED_EDGE('',*,*,#3799,.F.);
#3801=EDGE_LOOP('',(#3794,#3796,#3798,#3800));
#3802=FACE_OUTER_BOUND('',#3801,.F.);
#3803=ADVANCED_FACE('',(#3802),#3793,.F.);
#3804=FILL_AREA_STYLE_COLOUR('',#22);
#3805=FILL_AREA_STYLE('',(#3804));
#3806=SURFACE_STYLE_FILL_AREA(#3805);
#3807=SURFACE_SIDE_STYLE('',(#3806));
#3808=SURFACE_STYLE_USAGE(.POSITIVE.,#3807);
#3809=PRESENTATION_STYLE_ASSIGNMENT((#3808));
#3810=STYLED_ITEM('',(#3809),#3803);
#3811=CARTESIAN_POINT('',(8.643973688670E-1,-1.149271461353E0,0.E0));
#3812=DIRECTION('',(0.E0,0.E0,-1.E0));
#3813=DIRECTION('',(1.E0,0.E0,0.E0));
#3814=AXIS2_PLACEMENT_3D('',#3811,#3812,#3813);
#3815=CYLINDRICAL_SURFACE('',#3814,2.5E-1);
#3816=ORIENTED_EDGE('',*,*,#3235,.F.);
#3817=ORIENTED_EDGE('',*,*,#3799,.T.);
#3819=ORIENTED_EDGE('',*,*,#3818,.T.);
#3820=ORIENTED_EDGE('',*,*,#3795,.F.);
#3821=EDGE_LOOP('',(#3816,#3817,#3819,#3820));
#3822=FACE_OUTER_BOUND('',#3821,.F.);
#3823=ADVANCED_FACE('',(#3822),#3815,.F.);
#3824=FILL_AREA_STYLE_COLOUR('',#22);
#3825=FILL_AREA_STYLE('',(#3824));
#3826=SURFACE_STYLE_FILL_AREA(#3825);
#3827=SURFACE_SIDE_STYLE('',(#3826));
#3828=SURFACE_STYLE_USAGE(.POSITIVE.,#3827);
#3829=PRESENTATION_STYLE_ASSIGNMENT((#3828));
#3830=STYLED_ITEM('',(#3829),#3823);
#3831=CARTESIAN_POINT('',(0.E0,0.E0,2.E-1));
#3832=DIRECTION('',(0.E0,0.E0,-1.E0));
#3833=DIRECTION('',(1.E0,0.E0,0.E0));
#3834=AXIS2_PLACEMENT_3D('',#3831,#3832,#3833);
#3835=PLANE('',#3834);
#3836=ORIENTED_EDGE('',*,*,#3797,.F.);
#3837=ORIENTED_EDGE('',*,*,#3818,.F.);
#3838=EDGE_LOOP('',(#3836,#3837));
#3839=FACE_OUTER_BOUND('',#3838,.F.);
#3840=ADVANCED_FACE('',(#3839),#3835,.T.);
#3841=FILL_AREA_STYLE_COLOUR('',#27);
#3842=FILL_AREA_STYLE('',(#3841));
#3843=SURFACE_STYLE_FILL_AREA(#3842);
#3844=SURFACE_SIDE_STYLE('',(#3843));
#3845=SURFACE_STYLE_USAGE(.POSITIVE.,#3844);
#3846=PRESENTATION_STYLE_ASSIGNMENT((#3845));
#3847=STYLED_ITEM('',(#3846),#3840);
#3848=CARTESIAN_POINT('',(0.E0,1.149271461353E0,0.E0));
#3849=DIRECTION('',(0.E0,0.E0,-1.E0));
#3850=DIRECTION('',(1.E0,0.E0,0.E0));
#3851=AXIS2_PLACEMENT_3D('',#3848,#3849,#3850);
#3852=CYLINDRICAL_SURFACE('',#3851,2.5E-1);
#3853=ORIENTED_EDGE('',*,*,#3239,.F.);
#3855=ORIENTED_EDGE('',*,*,#3854,.T.);
#3857=ORIENTED_EDGE('',*,*,#3856,.T.);
#3859=ORIENTED_EDGE('',*,*,#3858,.F.);
#3860=EDGE_LOOP('',(#3853,#3855,#3857,#3859));
#3861=FACE_OUTER_BOUND('',#3860,.F.);
#3862=ADVANCED_FACE('',(#3861),#3852,.F.);
#3863=FILL_AREA_STYLE_COLOUR('',#22);
#3864=FILL_AREA_STYLE('',(#3863));
#3865=SURFACE_STYLE_FILL_AREA(#3864);
#3866=SURFACE_SIDE_STYLE('',(#3865));
#3867=SURFACE_STYLE_USAGE(.POSITIVE.,#3866);
#3868=PRESENTATION_STYLE_ASSIGNMENT((#3867));
#3869=STYLED_ITEM('',(#3868),#3862);
#3870=CARTESIAN_POINT('',(0.E0,1.149271461353E0,0.E0));
#3871=DIRECTION('',(0.E0,0.E0,-1.E0));
#3872=DIRECTION('',(1.E0,0.E0,0.E0));
#3873=AXIS2_PLACEMENT_3D('',#3870,#3871,#3872);
#3874=CYLINDRICAL_SURFACE('',#3873,2.5E-1);
#3875=ORIENTED_EDGE('',*,*,#3241,.F.);
#3876=ORIENTED_EDGE('',*,*,#3858,.T.);
#3878=ORIENTED_EDGE('',*,*,#3877,.T.);
#3879=ORIENTED_EDGE('',*,*,#3854,.F.);
#3880=EDGE_LOOP('',(#3875,#3876,#3878,#3879));
#3881=FACE_OUTER_BOUND('',#3880,.F.);
#3882=ADVANCED_FACE('',(#3881),#3874,.F.);
#3883=FILL_AREA_STYLE_COLOUR('',#22);
#3884=FILL_AREA_STYLE('',(#3883));
#3885=SURFACE_STYLE_FILL_AREA(#3884);
#3886=SURFACE_SIDE_STYLE('',(#3885));
#3887=SURFACE_STYLE_USAGE(.POSITIVE.,#3886);
#3888=PRESENTATION_STYLE_ASSIGNMENT((#3887));
#3889=STYLED_ITEM('',(#3888),#3882);
#3890=CARTESIAN_POINT('',(0.E0,0.E0,2.E-1));
#3891=DIRECTION('',(0.E0,0.E0,-1.E0));
#3892=DIRECTION('',(1.E0,0.E0,0.E0));
#3893=AXIS2_PLACEMENT_3D('',#3890,#3891,#3892);
#3894=PLANE('',#3893);
#3895=ORIENTED_EDGE('',*,*,#3856,.F.);
#3896=ORIENTED_EDGE('',*,*,#3877,.F.);
#3897=EDGE_LOOP('',(#3895,#3896));
#3898=FACE_OUTER_BOUND('',#3897,.F.);
#3899=ADVANCED_FACE('',(#3898),#3894,.T.);
#3900=FILL_AREA_STYLE_COLOUR('',#27);
#3901=FILL_AREA_STYLE('',(#3900));
#3902=SURFACE_STYLE_FILL_AREA(#3901);
#3903=SURFACE_SIDE_STYLE('',(#3902));
#3904=SURFACE_STYLE_USAGE(.POSITIVE.,#3903);
#3905=PRESENTATION_STYLE_ASSIGNMENT((#3904));
#3906=STYLED_ITEM('',(#3905),#3899);
#3907=CARTESIAN_POINT('',(-8.643973688670E-1,1.149271461353E0,0.E0));
#3908=DIRECTION('',(0.E0,0.E0,-1.E0));
#3909=DIRECTION('',(1.E0,0.E0,0.E0));
#3910=AXIS2_PLACEMENT_3D('',#3907,#3908,#3909);
#3911=CYLINDRICAL_SURFACE('',#3910,2.5E-1);
#3912=ORIENTED_EDGE('',*,*,#3245,.F.);
#3914=ORIENTED_EDGE('',*,*,#3913,.T.);
#3916=ORIENTED_EDGE('',*,*,#3915,.T.);
#3918=ORIENTED_EDGE('',*,*,#3917,.F.);
#3919=EDGE_LOOP('',(#3912,#3914,#3916,#3918));
#3920=FACE_OUTER_BOUND('',#3919,.F.);
#3921=ADVANCED_FACE('',(#3920),#3911,.F.);
#3922=FILL_AREA_STYLE_COLOUR('',#22);
#3923=FILL_AREA_STYLE('',(#3922));
#3924=SURFACE_STYLE_FILL_AREA(#3923);
#3925=SURFACE_SIDE_STYLE('',(#3924));
#3926=SURFACE_STYLE_USAGE(.POSITIVE.,#3925);
#3927=PRESENTATION_STYLE_ASSIGNMENT((#3926));
#3928=STYLED_ITEM('',(#3927),#3921);
#3929=CARTESIAN_POINT('',(-8.643973688670E-1,1.149271461353E0,0.E0));
#3930=DIRECTION('',(0.E0,0.E0,-1.E0));
#3931=DIRECTION('',(1.E0,0.E0,0.E0));
#3932=AXIS2_PLACEMENT_3D('',#3929,#3930,#3931);
#3933=CYLINDRICAL_SURFACE('',#3932,2.5E-1);
#3934=ORIENTED_EDGE('',*,*,#3247,.F.);
#3935=ORIENTED_EDGE('',*,*,#3917,.T.);
#3937=ORIENTED_EDGE('',*,*,#3936,.T.);
#3938=ORIENTED_EDGE('',*,*,#3913,.F.);
#3939=EDGE_LOOP('',(#3934,#3935,#3937,#3938));
#3940=FACE_OUTER_BOUND('',#3939,.F.);
#3941=ADVANCED_FACE('',(#3940),#3933,.F.);
#3942=FILL_AREA_STYLE_COLOUR('',#22);
#3943=FILL_AREA_STYLE('',(#3942));
#3944=SURFACE_STYLE_FILL_AREA(#3943);
#3945=SURFACE_SIDE_STYLE('',(#3944));
#3946=SURFACE_STYLE_USAGE(.POSITIVE.,#3945);
#3947=PRESENTATION_STYLE_ASSIGNMENT((#3946));
#3948=STYLED_ITEM('',(#3947),#3941);
#3949=CARTESIAN_POINT('',(0.E0,0.E0,2.E-1));
#3950=DIRECTION('',(0.E0,0.E0,-1.E0));
#3951=DIRECTION('',(1.E0,0.E0,0.E0));
#3952=AXIS2_PLACEMENT_3D('',#3949,#3950,#3951);
#3953=PLANE('',#3952);
#3954=ORIENTED_EDGE('',*,*,#3915,.F.);
#3955=ORIENTED_EDGE('',*,*,#3936,.F.);
#3956=EDGE_LOOP('',(#3954,#3955));
#3957=FACE_OUTER_BOUND('',#3956,.F.);
#3958=ADVANCED_FACE('',(#3957),#3953,.T.);
#3959=FILL_AREA_STYLE_COLOUR('',#27);
#3960=FILL_AREA_STYLE('',(#3959));
#3961=SURFACE_STYLE_FILL_AREA(#3960);
#3962=SURFACE_SIDE_STYLE('',(#3961));
#3963=SURFACE_STYLE_USAGE(.POSITIVE.,#3962);
#3964=PRESENTATION_STYLE_ASSIGNMENT((#3963));
#3965=STYLED_ITEM('',(#3964),#3958);
#3966=CARTESIAN_POINT('',(8.643973688670E-1,1.149271461353E0,0.E0));
#3967=DIRECTION('',(0.E0,0.E0,-1.E0));
#3968=DIRECTION('',(1.E0,0.E0,0.E0));
#3969=AXIS2_PLACEMENT_3D('',#3966,#3967,#3968);
#3970=CYLINDRICAL_SURFACE('',#3969,2.5E-1);
#3971=ORIENTED_EDGE('',*,*,#3251,.F.);
#3973=ORIENTED_EDGE('',*,*,#3972,.T.);
#3975=ORIENTED_EDGE('',*,*,#3974,.T.);
#3977=ORIENTED_EDGE('',*,*,#3976,.F.);
#3978=EDGE_LOOP('',(#3971,#3973,#3975,#3977));
#3979=FACE_OUTER_BOUND('',#3978,.F.);
#3980=ADVANCED_FACE('',(#3979),#3970,.F.);
#3981=FILL_AREA_STYLE_COLOUR('',#22);
#3982=FILL_AREA_STYLE('',(#3981));
#3983=SURFACE_STYLE_FILL_AREA(#3982);
#3984=SURFACE_SIDE_STYLE('',(#3983));
#3985=SURFACE_STYLE_USAGE(.POSITIVE.,#3984);
#3986=PRESENTATION_STYLE_ASSIGNMENT((#3985));
#3987=STYLED_ITEM('',(#3986),#3980);
#3988=CARTESIAN_POINT('',(8.643973688670E-1,1.149271461353E0,0.E0));
#3989=DIRECTION('',(0.E0,0.E0,-1.E0));
#3990=DIRECTION('',(1.E0,0.E0,0.E0));
#3991=AXIS2_PLACEMENT_3D('',#3988,#3989,#3990);
#3992=CYLINDRICAL_SURFACE('',#3991,2.5E-1);
#3993=ORIENTED_EDGE('',*,*,#3253,.F.);
#3994=ORIENTED_EDGE('',*,*,#3976,.T.);
#3996=ORIENTED_EDGE('',*,*,#3995,.T.);
#3997=ORIENTED_EDGE('',*,*,#3972,.F.);
#3998=EDGE_LOOP('',(#3993,#3994,#3996,#3997));
#3999=FACE_OUTER_BOUND('',#3998,.F.);
#4000=ADVANCED_FACE('',(#3999),#3992,.F.);
#4001=FILL_AREA_STYLE_COLOUR('',#22);
#4002=FILL_AREA_STYLE('',(#4001));
#4003=SURFACE_STYLE_FILL_AREA(#4002);
#4004=SURFACE_SIDE_STYLE('',(#4003));
#4005=SURFACE_STYLE_USAGE(.POSITIVE.,#4004);
#4006=PRESENTATION_STYLE_ASSIGNMENT((#4005));
#4007=STYLED_ITEM('',(#4006),#4000);
#4008=CARTESIAN_POINT('',(0.E0,0.E0,2.E-1));
#4009=DIRECTION('',(0.E0,0.E0,-1.E0));
#4010=DIRECTION('',(1.E0,0.E0,0.E0));
#4011=AXIS2_PLACEMENT_3D('',#4008,#4009,#4010);
#4012=PLANE('',#4011);
#4013=ORIENTED_EDGE('',*,*,#3974,.F.);
#4014=ORIENTED_EDGE('',*,*,#3995,.F.);
#4015=EDGE_LOOP('',(#4013,#4014));
#4016=FACE_OUTER_BOUND('',#4015,.F.);
#4017=ADVANCED_FACE('',(#4016),#4012,.T.);
#4018=FILL_AREA_STYLE_COLOUR('',#27);
#4019=FILL_AREA_STYLE('',(#4018));
#4020=SURFACE_STYLE_FILL_AREA(#4019);
#4021=SURFACE_SIDE_STYLE('',(#4020));
#4022=SURFACE_STYLE_USAGE(.POSITIVE.,#4021);
#4023=PRESENTATION_STYLE_ASSIGNMENT((#4022));
#4024=STYLED_ITEM('',(#4023),#4017);
#4025=CARTESIAN_POINT('',(0.E0,-8.E-1,0.E0));
#4026=DIRECTION('',(0.E0,1.E0,0.E0));
#4027=DIRECTION('',(-1.E0,0.E0,0.E0));
#4028=AXIS2_PLACEMENT_3D('',#4025,#4026,#4027);
#4029=PLANE('',#4028);
#4031=ORIENTED_EDGE('',*,*,#4030,.F.);
#4033=ORIENTED_EDGE('',*,*,#4032,.F.);
#4035=ORIENTED_EDGE('',*,*,#4034,.F.);
#4037=ORIENTED_EDGE('',*,*,#4036,.F.);
#4039=ORIENTED_EDGE('',*,*,#4038,.F.);
#4041=ORIENTED_EDGE('',*,*,#4040,.F.);
#4043=ORIENTED_EDGE('',*,*,#4042,.F.);
#4045=ORIENTED_EDGE('',*,*,#4044,.F.);
#4046=ORIENTED_EDGE('',*,*,#3177,.F.);
#4047=EDGE_LOOP('',(#4031,#4033,#4035,#4037,#4039,#4041,#4043,#4045,#4046));
#4048=FACE_OUTER_BOUND('',#4047,.F.);
#4049=ADVANCED_FACE('',(#4048),#4029,.T.);
#4050=FILL_AREA_STYLE_COLOUR('',#26);
#4051=FILL_AREA_STYLE('',(#4050));
#4052=SURFACE_STYLE_FILL_AREA(#4051);
#4053=SURFACE_SIDE_STYLE('',(#4052));
#4054=SURFACE_STYLE_USAGE(.POSITIVE.,#4053);
#4055=PRESENTATION_STYLE_ASSIGNMENT((#4054));
#4056=STYLED_ITEM('',(#4055),#4049);
#4057=CARTESIAN_POINT('',(0.E0,-8.E-1,0.E0));
#4058=DIRECTION('',(0.E0,1.E0,0.E0));
#4059=DIRECTION('',(-1.E0,0.E0,0.E0));
#4060=AXIS2_PLACEMENT_3D('',#4057,#4058,#4059);
#4061=PLANE('',#4060);
#4063=ORIENTED_EDGE('',*,*,#4062,.F.);
#4065=ORIENTED_EDGE('',*,*,#4064,.F.);
#4067=ORIENTED_EDGE('',*,*,#4066,.F.);
#4069=ORIENTED_EDGE('',*,*,#4068,.F.);
#4071=ORIENTED_EDGE('',*,*,#4070,.F.);
#4073=ORIENTED_EDGE('',*,*,#4072,.F.);
#4075=ORIENTED_EDGE('',*,*,#4074,.F.);
#4076=ORIENTED_EDGE('',*,*,#3161,.F.);
#4078=ORIENTED_EDGE('',*,*,#4077,.T.);
#4079=EDGE_LOOP('',(#4063,#4065,#4067,#4069,#4071,#4073,#4075,#4076,#4078));
#4080=FACE_OUTER_BOUND('',#4079,.F.);
#4081=ADVANCED_FACE('',(#4080),#4061,.T.);
#4082=FILL_AREA_STYLE_COLOUR('',#26);
#4083=FILL_AREA_STYLE('',(#4082));
#4084=SURFACE_STYLE_FILL_AREA(#4083);
#4085=SURFACE_SIDE_STYLE('',(#4084));
#4086=SURFACE_STYLE_USAGE(.POSITIVE.,#4085);
#4087=PRESENTATION_STYLE_ASSIGNMENT((#4086));
#4088=STYLED_ITEM('',(#4087),#4081);
#4089=CARTESIAN_POINT('',(1.6E0,-8.E-1,-1.E-2));
#4090=DIRECTION('',(1.E0,0.E0,0.E0));
#4091=DIRECTION('',(0.E0,0.E0,1.E0));
#4092=AXIS2_PLACEMENT_3D('',#4089,#4090,#4091);
#4093=PLANE('',#4092);
#4094=ORIENTED_EDGE('',*,*,#4030,.T.);
#4095=ORIENTED_EDGE('',*,*,#3175,.T.);
#4097=ORIENTED_EDGE('',*,*,#4096,.F.);
#4099=ORIENTED_EDGE('',*,*,#4098,.F.);
#4100=EDGE_LOOP('',(#4094,#4095,#4097,#4099));
#4101=FACE_OUTER_BOUND('',#4100,.F.);
#4102=ADVANCED_FACE('',(#4101),#4093,.F.);
#4103=FILL_AREA_STYLE_COLOUR('',#26);
#4104=FILL_AREA_STYLE('',(#4103));
#4105=SURFACE_STYLE_FILL_AREA(#4104);
#4106=SURFACE_SIDE_STYLE('',(#4105));
#4107=SURFACE_STYLE_USAGE(.POSITIVE.,#4106);
#4108=PRESENTATION_STYLE_ASSIGNMENT((#4107));
#4109=STYLED_ITEM('',(#4108),#4102);
#4110=CARTESIAN_POINT('',(0.E0,-1.35E0,0.E0));
#4111=DIRECTION('',(0.E0,1.E0,0.E0));
#4112=DIRECTION('',(-1.E0,0.E0,0.E0));
#4113=AXIS2_PLACEMENT_3D('',#4110,#4111,#4112);
#4114=PLANE('',#4113);
#4115=ORIENTED_EDGE('',*,*,#4096,.T.);
#4116=ORIENTED_EDGE('',*,*,#3173,.T.);
#4118=ORIENTED_EDGE('',*,*,#4117,.T.);
#4120=ORIENTED_EDGE('',*,*,#4119,.T.);
#4122=ORIENTED_EDGE('',*,*,#4121,.T.);
#4124=ORIENTED_EDGE('',*,*,#4123,.T.);
#4126=ORIENTED_EDGE('',*,*,#4125,.T.);
#4128=ORIENTED_EDGE('',*,*,#4127,.T.);
#4130=ORIENTED_EDGE('',*,*,#4129,.T.);
#4131=EDGE_LOOP('',(#4115,#4116,#4118,#4120,#4122,#4124,#4126,#4128,#4130));
#4132=FACE_OUTER_BOUND('',#4131,.F.);
#4133=ADVANCED_FACE('',(#4132),#4114,.F.);
#4134=FILL_AREA_STYLE_COLOUR('',#26);
#4135=FILL_AREA_STYLE('',(#4134));
#4136=SURFACE_STYLE_FILL_AREA(#4135);
#4137=SURFACE_SIDE_STYLE('',(#4136));
#4138=SURFACE_STYLE_USAGE(.POSITIVE.,#4137);
#4139=PRESENTATION_STYLE_ASSIGNMENT((#4138));
#4140=STYLED_ITEM('',(#4139),#4133);
#4141=CARTESIAN_POINT('',(0.E0,-1.35E0,0.E0));
#4142=DIRECTION('',(0.E0,1.E0,0.E0));
#4143=DIRECTION('',(-1.E0,0.E0,0.E0));
#4144=AXIS2_PLACEMENT_3D('',#4141,#4142,#4143);
#4145=PLANE('',#4144);
#4147=ORIENTED_EDGE('',*,*,#4146,.T.);
#4149=ORIENTED_EDGE('',*,*,#4148,.F.);
#4150=ORIENTED_EDGE('',*,*,#3165,.T.);
#4152=ORIENTED_EDGE('',*,*,#4151,.T.);
#4154=ORIENTED_EDGE('',*,*,#4153,.T.);
#4156=ORIENTED_EDGE('',*,*,#4155,.T.);
#4158=ORIENTED_EDGE('',*,*,#4157,.T.);
#4160=ORIENTED_EDGE('',*,*,#4159,.T.);
#4162=ORIENTED_EDGE('',*,*,#4161,.T.);
#4163=EDGE_LOOP('',(#4147,#4149,#4150,#4152,#4154,#4156,#4158,#4160,#4162));
#4164=FACE_OUTER_BOUND('',#4163,.F.);
#4165=ADVANCED_FACE('',(#4164),#4145,.F.);
#4166=FILL_AREA_STYLE_COLOUR('',#26);
#4167=FILL_AREA_STYLE('',(#4166));
#4168=SURFACE_STYLE_FILL_AREA(#4167);
#4169=SURFACE_SIDE_STYLE('',(#4168));
#4170=SURFACE_STYLE_USAGE(.POSITIVE.,#4169);
#4171=PRESENTATION_STYLE_ASSIGNMENT((#4170));
#4172=STYLED_ITEM('',(#4171),#4165);
#4173=CARTESIAN_POINT('',(2.1E0,-1.65E0,0.E0));
#4174=DIRECTION('',(1.E0,0.E0,0.E0));
#4175=DIRECTION('',(0.E0,1.E0,0.E0));
#4176=AXIS2_PLACEMENT_3D('',#4173,#4174,#4175);
#4177=PLANE('',#4176);
#4178=ORIENTED_EDGE('',*,*,#4044,.T.);
#4180=ORIENTED_EDGE('',*,*,#4179,.F.);
#4181=ORIENTED_EDGE('',*,*,#4117,.F.);
#4182=ORIENTED_EDGE('',*,*,#3171,.F.);
#4184=ORIENTED_EDGE('',*,*,#4183,.T.);
#4186=ORIENTED_EDGE('',*,*,#4185,.T.);
#4188=ORIENTED_EDGE('',*,*,#4187,.T.);
#4190=ORIENTED_EDGE('',*,*,#4189,.T.);
#4192=ORIENTED_EDGE('',*,*,#4191,.F.);
#4193=ORIENTED_EDGE('',*,*,#3187,.F.);
#4195=ORIENTED_EDGE('',*,*,#4194,.T.);
#4197=ORIENTED_EDGE('',*,*,#4196,.F.);
#4199=ORIENTED_EDGE('',*,*,#4198,.F.);
#4200=ORIENTED_EDGE('',*,*,#3179,.F.);
#4201=EDGE_LOOP('',(#4178,#4180,#4181,#4182,#4184,#4186,#4188,#4190,#4192,#4193,
#4195,#4197,#4199,#4200));
#4202=FACE_OUTER_BOUND('',#4201,.F.);
#4203=ADVANCED_FACE('',(#4202),#4177,.T.);
#4204=FILL_AREA_STYLE_COLOUR('',#22);
#4205=FILL_AREA_STYLE('',(#4204));
#4206=SURFACE_STYLE_FILL_AREA(#4205);
#4207=SURFACE_SIDE_STYLE('',(#4206));
#4208=SURFACE_STYLE_USAGE(.POSITIVE.,#4207);
#4209=PRESENTATION_STYLE_ASSIGNMENT((#4208));
#4210=STYLED_ITEM('',(#4209),#4203);
#4211=CARTESIAN_POINT('',(2.080291853328E0,-8.E-1,1.404E-1));
#4212=DIRECTION('',(0.E0,1.E0,0.E0));
#4213=DIRECTION('',(-1.E0,0.E0,0.E0));
#4214=AXIS2_PLACEMENT_3D('',#4211,#4212,#4213);
#4215=CYLINDRICAL_SURFACE('',#4214,5.04E-2);
#4216=ORIENTED_EDGE('',*,*,#4042,.T.);
#4218=ORIENTED_EDGE('',*,*,#4217,.T.);
#4219=ORIENTED_EDGE('',*,*,#4119,.F.);
#4220=ORIENTED_EDGE('',*,*,#4179,.T.);
#4221=EDGE_LOOP('',(#4216,#4218,#4219,#4220));
#4222=FACE_OUTER_BOUND('',#4221,.F.);
#4223=ADVANCED_FACE('',(#4222),#4215,.F.);
#4224=FILL_AREA_STYLE_COLOUR('',#26);
#4225=FILL_AREA_STYLE('',(#4224));
#4226=SURFACE_STYLE_FILL_AREA(#4225);
#4227=SURFACE_SIDE_STYLE('',(#4226));
#4228=SURFACE_STYLE_USAGE(.POSITIVE.,#4227);
#4229=PRESENTATION_STYLE_ASSIGNMENT((#4228));
#4230=STYLED_ITEM('',(#4229),#4223);
#4231=CARTESIAN_POINT('',(2.129641680471E0,-8.E-1,1.301650324415E-1));
#4232=DIRECTION('',(9.791632369709E-1,0.E0,-2.030747531443E-1));
#4233=DIRECTION('',(2.030747531443E-1,0.E0,9.791632369709E-1));
#4234=AXIS2_PLACEMENT_3D('',#4231,#4232,#4233);
#4235=PLANE('',#4234);
#4236=ORIENTED_EDGE('',*,*,#4040,.T.);
#4238=ORIENTED_EDGE('',*,*,#4237,.T.);
#4239=ORIENTED_EDGE('',*,*,#4121,.F.);
#4240=ORIENTED_EDGE('',*,*,#4217,.F.);
#4241=EDGE_LOOP('',(#4236,#4238,#4239,#4240));
#4242=FACE_OUTER_BOUND('',#4241,.F.);
#4243=ADVANCED_FACE('',(#4242),#4235,.F.);
#4244=FILL_AREA_STYLE_COLOUR('',#26);
#4245=FILL_AREA_STYLE('',(#4244));
#4246=SURFACE_STYLE_FILL_AREA(#4245);
#4247=SURFACE_SIDE_STYLE('',(#4246));
#4248=SURFACE_STYLE_USAGE(.POSITIVE.,#4247);
#4249=PRESENTATION_STYLE_ASSIGNMENT((#4248));
#4250=STYLED_ITEM('',(#4249),#4243);
#4251=CARTESIAN_POINT('',(2.227083676303E0,-8.E-1,6.E-1));
#4252=DIRECTION('',(-2.030747531443E-1,0.E0,-9.791632369709E-1));
#4253=DIRECTION('',(9.791632369709E-1,0.E0,-2.030747531443E-1));
#4254=AXIS2_PLACEMENT_3D('',#4251,#4252,#4253);
#4255=PLANE('',#4254);
#4256=ORIENTED_EDGE('',*,*,#4038,.T.);
#4258=ORIENTED_EDGE('',*,*,#4257,.T.);
#4259=ORIENTED_EDGE('',*,*,#4123,.F.);
#4260=ORIENTED_EDGE('',*,*,#4237,.F.);
#4261=EDGE_LOOP('',(#4256,#4258,#4259,#4260));
#4262=FACE_OUTER_BOUND('',#4261,.F.);
#4263=ADVANCED_FACE('',(#4262),#4255,.F.);
#4264=FILL_AREA_STYLE_COLOUR('',#26);
#4265=FILL_AREA_STYLE('',(#4264));
#4266=SURFACE_STYLE_FILL_AREA(#4265);
#4267=SURFACE_SIDE_STYLE('',(#4266));
#4268=SURFACE_STYLE_USAGE(.POSITIVE.,#4267);
#4269=PRESENTATION_STYLE_ASSIGNMENT((#4268));
#4270=STYLED_ITEM('',(#4269),#4263);
#4271=CARTESIAN_POINT('',(2.325E0,-8.E-1,5.796925246856E-1));
#4272=DIRECTION('',(-9.791632369709E-1,0.E0,2.030747531443E-1));
#4273=DIRECTION('',(-2.030747531443E-1,0.E0,-9.791632369709E-1));
#4274=AXIS2_PLACEMENT_3D('',#4271,#4272,#4273);
#4275=PLANE('',#4274);
#4276=ORIENTED_EDGE('',*,*,#4036,.T.);
#4278=ORIENTED_EDGE('',*,*,#4277,.T.);
#4279=ORIENTED_EDGE('',*,*,#4125,.F.);
#4280=ORIENTED_EDGE('',*,*,#4257,.F.);
#4281=EDGE_LOOP('',(#4276,#4278,#4279,#4280));
#4282=FACE_OUTER_BOUND('',#4281,.F.);
#4283=ADVANCED_FACE('',(#4282),#4275,.F.);
#4284=FILL_AREA_STYLE_COLOUR('',#26);
#4285=FILL_AREA_STYLE('',(#4284));
#4286=SURFACE_STYLE_FILL_AREA(#4285);
#4287=SURFACE_SIDE_STYLE('',(#4286));
#4288=SURFACE_STYLE_USAGE(.POSITIVE.,#4287);
#4289=PRESENTATION_STYLE_ASSIGNMENT((#4288));
#4290=STYLED_ITEM('',(#4289),#4283);
#4291=CARTESIAN_POINT('',(2.080291853328E0,-8.E-1,1.404E-1));
#4292=DIRECTION('',(0.E0,1.E0,0.E0));
#4293=DIRECTION('',(-1.E0,0.E0,0.E0));
#4294=AXIS2_PLACEMENT_3D('',#4291,#4292,#4293);
#4295=CYLINDRICAL_SURFACE('',#4294,1.504E-1);
#4296=ORIENTED_EDGE('',*,*,#4034,.T.);
#4298=ORIENTED_EDGE('',*,*,#4297,.T.);
#4299=ORIENTED_EDGE('',*,*,#4127,.F.);
#4300=ORIENTED_EDGE('',*,*,#4277,.F.);
#4301=EDGE_LOOP('',(#4296,#4298,#4299,#4300));
#4302=FACE_OUTER_BOUND('',#4301,.F.);
#4303=ADVANCED_FACE('',(#4302),#4295,.T.);
#4304=FILL_AREA_STYLE_COLOUR('',#26);
#4305=FILL_AREA_STYLE('',(#4304));
#4306=SURFACE_STYLE_FILL_AREA(#4305);
#4307=SURFACE_SIDE_STYLE('',(#4306));
#4308=SURFACE_STYLE_USAGE(.POSITIVE.,#4307);
#4309=PRESENTATION_STYLE_ASSIGNMENT((#4308));
#4310=STYLED_ITEM('',(#4309),#4303);
#4311=CARTESIAN_POINT('',(2.080291853328E0,-8.E-1,-1.E-2));
#4312=DIRECTION('',(0.E0,0.E0,1.E0));
#4313=DIRECTION('',(-1.E0,0.E0,0.E0));
#4314=AXIS2_PLACEMENT_3D('',#4311,#4312,#4313);
#4315=PLANE('',#4314);
#4316=ORIENTED_EDGE('',*,*,#4032,.T.);
#4317=ORIENTED_EDGE('',*,*,#4098,.T.);
#4318=ORIENTED_EDGE('',*,*,#4129,.F.);
#4319=ORIENTED_EDGE('',*,*,#4297,.F.);
#4320=EDGE_LOOP('',(#4316,#4317,#4318,#4319));
#4321=FACE_OUTER_BOUND('',#4320,.F.);
#4322=ADVANCED_FACE('',(#4321),#4315,.F.);
#4323=FILL_AREA_STYLE_COLOUR('',#26);
#4324=FILL_AREA_STYLE('',(#4323));
#4325=SURFACE_STYLE_FILL_AREA(#4324);
#4326=SURFACE_SIDE_STYLE('',(#4325));
#4327=SURFACE_STYLE_USAGE(.POSITIVE.,#4326);
#4328=PRESENTATION_STYLE_ASSIGNMENT((#4327));
#4329=STYLED_ITEM('',(#4328),#4322);
#4330=CARTESIAN_POINT('',(-2.1E0,-1.65E0,0.E0));
#4331=DIRECTION('',(0.E0,-1.E0,0.E0));
#4332=DIRECTION('',(1.E0,0.E0,0.E0));
#4333=AXIS2_PLACEMENT_3D('',#4330,#4331,#4332);
#4334=PLANE('',#4333);
#4336=ORIENTED_EDGE('',*,*,#4335,.T.);
#4338=ORIENTED_EDGE('',*,*,#4337,.T.);
#4340=ORIENTED_EDGE('',*,*,#4339,.T.);
#4341=ORIENTED_EDGE('',*,*,#4183,.F.);
#4342=ORIENTED_EDGE('',*,*,#3169,.F.);
#4344=ORIENTED_EDGE('',*,*,#4343,.T.);
#4345=EDGE_LOOP('',(#4336,#4338,#4340,#4341,#4342,#4344));
#4346=FACE_OUTER_BOUND('',#4345,.F.);
#4347=ADVANCED_FACE('',(#4346),#4334,.T.);
#4348=FILL_AREA_STYLE_COLOUR('',#22);
#4349=FILL_AREA_STYLE('',(#4348));
#4350=SURFACE_STYLE_FILL_AREA(#4349);
#4351=SURFACE_SIDE_STYLE('',(#4350));
#4352=SURFACE_STYLE_USAGE(.POSITIVE.,#4351);
#4353=PRESENTATION_STYLE_ASSIGNMENT((#4352));
#4354=STYLED_ITEM('',(#4353),#4347);
#4355=CARTESIAN_POINT('',(0.E0,0.E0,1.3E0));
#4356=DIRECTION('',(0.E0,0.E0,1.E0));
#4357=DIRECTION('',(1.E0,0.E0,0.E0));
#4358=AXIS2_PLACEMENT_3D('',#4355,#4356,#4357);
#4359=PLANE('',#4358);
#4361=ORIENTED_EDGE('',*,*,#4360,.T.);
#4363=ORIENTED_EDGE('',*,*,#4362,.T.);
#4365=ORIENTED_EDGE('',*,*,#4364,.T.);
#4366=ORIENTED_EDGE('',*,*,#4335,.F.);
#4368=ORIENTED_EDGE('',*,*,#4367,.F.);
#4369=EDGE_LOOP('',(#4361,#4363,#4365,#4366,#4368));
#4370=FACE_OUTER_BOUND('',#4369,.F.);
#4371=ADVANCED_FACE('',(#4370),#4359,.T.);
#4372=FILL_AREA_STYLE_COLOUR('',#22);
#4373=FILL_AREA_STYLE('',(#4372));
#4374=SURFACE_STYLE_FILL_AREA(#4373);
#4375=SURFACE_SIDE_STYLE('',(#4374));
#4376=SURFACE_STYLE_USAGE(.POSITIVE.,#4375);
#4377=PRESENTATION_STYLE_ASSIGNMENT((#4376));
#4378=STYLED_ITEM('',(#4377),#4371);
#4379=CARTESIAN_POINT('',(0.E0,0.E0,1.3E0));
#4380=DIRECTION('',(0.E0,0.E0,1.E0));
#4381=DIRECTION('',(1.E0,0.E0,0.E0));
#4382=AXIS2_PLACEMENT_3D('',#4379,#4380,#4381);
#4383=PLANE('',#4382);
#4385=ORIENTED_EDGE('',*,*,#4384,.T.);
#4387=ORIENTED_EDGE('',*,*,#4386,.T.);
#4389=ORIENTED_EDGE('',*,*,#4388,.T.);
#4391=ORIENTED_EDGE('',*,*,#4390,.F.);
#4393=ORIENTED_EDGE('',*,*,#4392,.F.);
#4395=ORIENTED_EDGE('',*,*,#4394,.T.);
#4397=ORIENTED_EDGE('',*,*,#4396,.T.);
#4399=ORIENTED_EDGE('',*,*,#4398,.T.);
#4401=ORIENTED_EDGE('',*,*,#4400,.F.);
#4403=ORIENTED_EDGE('',*,*,#4402,.F.);
#4405=ORIENTED_EDGE('',*,*,#4404,.T.);
#4407=ORIENTED_EDGE('',*,*,#4406,.T.);
#4409=ORIENTED_EDGE('',*,*,#4408,.T.);
#4411=ORIENTED_EDGE('',*,*,#4410,.F.);
#4412=ORIENTED_EDGE('',*,*,#4187,.F.);
#4414=ORIENTED_EDGE('',*,*,#4413,.T.);
#4416=ORIENTED_EDGE('',*,*,#4415,.T.);
#4418=ORIENTED_EDGE('',*,*,#4417,.T.);
#4420=ORIENTED_EDGE('',*,*,#4419,.F.);
#4421=ORIENTED_EDGE('',*,*,#4337,.F.);
#4422=EDGE_LOOP('',(#4385,#4387,#4389,#4391,#4393,#4395,#4397,#4399,#4401,#4403,
#4405,#4407,#4409,#4411,#4412,#4414,#4416,#4418,#4420,#4421));
#4423=FACE_OUTER_BOUND('',#4422,.F.);
#4425=ORIENTED_EDGE('',*,*,#4424,.T.);
#4427=ORIENTED_EDGE('',*,*,#4426,.T.);
#4429=ORIENTED_EDGE('',*,*,#4428,.T.);
#4431=ORIENTED_EDGE('',*,*,#4430,.T.);
#4432=EDGE_LOOP('',(#4425,#4427,#4429,#4431));
#4433=FACE_BOUND('',#4432,.F.);
#4434=ADVANCED_FACE('',(#4423,#4433),#4383,.T.);
#4435=FILL_AREA_STYLE_COLOUR('',#22);
#4436=FILL_AREA_STYLE('',(#4435));
#4437=SURFACE_STYLE_FILL_AREA(#4436);
#4438=SURFACE_SIDE_STYLE('',(#4437));
#4439=SURFACE_STYLE_USAGE(.POSITIVE.,#4438);
#4440=PRESENTATION_STYLE_ASSIGNMENT((#4439));
#4441=STYLED_ITEM('',(#4440),#4434);
#4442=CARTESIAN_POINT('',(0.E0,0.E0,1.3E0));
#4443=DIRECTION('',(0.E0,0.E0,1.E0));
#4444=DIRECTION('',(1.E0,0.E0,0.E0));
#4445=AXIS2_PLACEMENT_3D('',#4442,#4443,#4444);
#4446=PLANE('',#4445);
#4448=ORIENTED_EDGE('',*,*,#4447,.T.);
#4450=ORIENTED_EDGE('',*,*,#4449,.T.);
#4452=ORIENTED_EDGE('',*,*,#4451,.T.);
#4454=ORIENTED_EDGE('',*,*,#4453,.F.);
#4456=ORIENTED_EDGE('',*,*,#4455,.F.);
#4457=EDGE_LOOP('',(#4448,#4450,#4452,#4454,#4456));
#4458=FACE_OUTER_BOUND('',#4457,.F.);
#4459=ADVANCED_FACE('',(#4458),#4446,.T.);
#4460=FILL_AREA_STYLE_COLOUR('',#22);
#4461=FILL_AREA_STYLE('',(#4460));
#4462=SURFACE_STYLE_FILL_AREA(#4461);
#4463=SURFACE_SIDE_STYLE('',(#4462));
#4464=SURFACE_STYLE_USAGE(.POSITIVE.,#4463);
#4465=PRESENTATION_STYLE_ASSIGNMENT((#4464));
#4466=STYLED_ITEM('',(#4465),#4459);
#4467=CARTESIAN_POINT('',(0.E0,0.E0,1.3E0));
#4468=DIRECTION('',(0.E0,0.E0,1.E0));
#4469=DIRECTION('',(1.E0,0.E0,0.E0));
#4470=AXIS2_PLACEMENT_3D('',#4467,#4468,#4469);
#4471=PLANE('',#4470);
#4473=ORIENTED_EDGE('',*,*,#4472,.T.);
#4475=ORIENTED_EDGE('',*,*,#4474,.T.);
#4477=ORIENTED_EDGE('',*,*,#4476,.T.);
#4478=ORIENTED_EDGE('',*,*,#4185,.F.);
#4479=ORIENTED_EDGE('',*,*,#4339,.F.);
#4480=EDGE_LOOP('',(#4473,#4475,#4477,#4478,#4479));
#4481=FACE_OUTER_BOUND('',#4480,.F.);
#4482=ADVANCED_FACE('',(#4481),#4471,.T.);
#4483=FILL_AREA_STYLE_COLOUR('',#22);
#4484=FILL_AREA_STYLE('',(#4483));
#4485=SURFACE_STYLE_FILL_AREA(#4484);
#4486=SURFACE_SIDE_STYLE('',(#4485));
#4487=SURFACE_STYLE_USAGE(.POSITIVE.,#4486);
#4488=PRESENTATION_STYLE_ASSIGNMENT((#4487));
#4489=STYLED_ITEM('',(#4488),#4482);
#4490=CARTESIAN_POINT('',(0.E0,0.E0,1.3E0));
#4491=DIRECTION('',(0.E0,0.E0,1.E0));
#4492=DIRECTION('',(1.E0,0.E0,0.E0));
#4493=AXIS2_PLACEMENT_3D('',#4490,#4491,#4492);
#4494=PLANE('',#4493);
#4496=ORIENTED_EDGE('',*,*,#4495,.T.);
#4498=ORIENTED_EDGE('',*,*,#4497,.T.);
#4500=ORIENTED_EDGE('',*,*,#4499,.T.);
#4502=ORIENTED_EDGE('',*,*,#4501,.F.);
#4503=ORIENTED_EDGE('',*,*,#4189,.F.);
#4504=EDGE_LOOP('',(#4496,#4498,#4500,#4502,#4503));
#4505=FACE_OUTER_BOUND('',#4504,.F.);
#4506=ADVANCED_FACE('',(#4505),#4494,.T.);
#4507=FILL_AREA_STYLE_COLOUR('',#22);
#4508=FILL_AREA_STYLE('',(#4507));
#4509=SURFACE_STYLE_FILL_AREA(#4508);
#4510=SURFACE_SIDE_STYLE('',(#4509));
#4511=SURFACE_STYLE_USAGE(.POSITIVE.,#4510);
#4512=PRESENTATION_STYLE_ASSIGNMENT((#4511));
#4513=STYLED_ITEM('',(#4512),#4506);
#4514=CARTESIAN_POINT('',(4.E-1,1.1E0,1.3E0));
#4515=DIRECTION('',(0.E0,1.E0,0.E0));
#4516=DIRECTION('',(-1.E0,0.E0,0.E0));
#4517=AXIS2_PLACEMENT_3D('',#4514,#4515,#4516);
#4518=PLANE('',#4517);
#4520=ORIENTED_EDGE('',*,*,#4519,.T.);
#4522=ORIENTED_EDGE('',*,*,#4521,.F.);
#4523=ORIENTED_EDGE('',*,*,#4424,.F.);
#4525=ORIENTED_EDGE('',*,*,#4524,.T.);
#4526=EDGE_LOOP('',(#4520,#4522,#4523,#4525));
#4527=FACE_OUTER_BOUND('',#4526,.F.);
#4528=ADVANCED_FACE('',(#4527),#4518,.T.);
#4529=FILL_AREA_STYLE_COLOUR('',#5);
#4530=FILL_AREA_STYLE('',(#4529));
#4531=SURFACE_STYLE_FILL_AREA(#4530);
#4532=SURFACE_SIDE_STYLE('',(#4531));
#4533=SURFACE_STYLE_USAGE(.POSITIVE.,#4532);
#4534=PRESENTATION_STYLE_ASSIGNMENT((#4533));
#4535=STYLED_ITEM('',(#4534),#4528);
#4536=CARTESIAN_POINT('',(4.095855314429E-1,9.5E-1,2.35E0));
#4537=DIRECTION('',(-1.E0,0.E0,0.E0));
#4538=DIRECTION('',(0.E0,0.E0,1.E0));
#4539=AXIS2_PLACEMENT_3D('',#4536,#4537,#4538);
#4540=CYLINDRICAL_SURFACE('',#4539,1.5E-1);
#4542=ORIENTED_EDGE('',*,*,#4541,.T.);
#4544=ORIENTED_EDGE('',*,*,#4543,.T.);
#4545=ORIENTED_EDGE('',*,*,#4519,.F.);
#4547=ORIENTED_EDGE('',*,*,#4546,.F.);
#4548=EDGE_LOOP('',(#4542,#4544,#4545,#4547));
#4549=FACE_OUTER_BOUND('',#4548,.F.);
#4550=ADVANCED_FACE('',(#4549),#4540,.T.);
#4551=FILL_AREA_STYLE_COLOUR('',#5);
#4552=FILL_AREA_STYLE('',(#4551));
#4553=SURFACE_STYLE_FILL_AREA(#4552);
#4554=SURFACE_SIDE_STYLE('',(#4553));
#4555=SURFACE_STYLE_USAGE(.POSITIVE.,#4554);
#4556=PRESENTATION_STYLE_ASSIGNMENT((#4555));
#4557=STYLED_ITEM('',(#4556),#4550);
#4558=CARTESIAN_POINT('',(0.E0,0.E0,2.5E0));
#4559=DIRECTION('',(0.E0,0.E0,1.E0));
#4560=DIRECTION('',(1.E0,0.E0,0.E0));
#4561=AXIS2_PLACEMENT_3D('',#4558,#4559,#4560);
#4562=PLANE('',#4561);
#4564=ORIENTED_EDGE('',*,*,#4563,.F.);
#4566=ORIENTED_EDGE('',*,*,#4565,.F.);
#4568=ORIENTED_EDGE('',*,*,#4567,.F.);
#4569=ORIENTED_EDGE('',*,*,#4541,.F.);
#4570=EDGE_LOOP('',(#4564,#4566,#4568,#4569));
#4571=FACE_OUTER_BOUND('',#4570,.F.);
#4572=ADVANCED_FACE('',(#4571),#4562,.T.);
#4573=FILL_AREA_STYLE_COLOUR('',#5);
#4574=FILL_AREA_STYLE('',(#4573));
#4575=SURFACE_STYLE_FILL_AREA(#4574);
#4576=SURFACE_SIDE_STYLE('',(#4575));
#4577=SURFACE_STYLE_USAGE(.POSITIVE.,#4576);
#4578=PRESENTATION_STYLE_ASSIGNMENT((#4577));
#4579=STYLED_ITEM('',(#4578),#4572);
#4580=CARTESIAN_POINT('',(4.E-1,0.E0,2.35E0));
#4581=DIRECTION('',(0.E0,0.E0,1.E0));
#4582=DIRECTION('',(-8.714009208268E-3,-9.999620323010E-1,0.E0));
#4583=AXIS2_PLACEMENT_3D('',#4580,#4581,#4582);
#4584=TOROIDAL_SURFACE('',#4583,9.5E-1,1.5E-1);
#4585=ORIENTED_EDGE('',*,*,#4563,.T.);
#4586=ORIENTED_EDGE('',*,*,#4546,.T.);
#4588=ORIENTED_EDGE('',*,*,#4587,.F.);
#4590=ORIENTED_EDGE('',*,*,#4589,.F.);
#4591=EDGE_LOOP('',(#4585,#4586,#4588,#4590));
#4592=FACE_OUTER_BOUND('',#4591,.F.);
#4593=ADVANCED_FACE('',(#4592),#4584,.T.);
#4594=FILL_AREA_STYLE_COLOUR('',#5);
#4595=FILL_AREA_STYLE('',(#4594));
#4596=SURFACE_STYLE_FILL_AREA(#4595);
#4597=SURFACE_SIDE_STYLE('',(#4596));
#4598=SURFACE_STYLE_USAGE(.POSITIVE.,#4597);
#4599=PRESENTATION_STYLE_ASSIGNMENT((#4598));
#4600=STYLED_ITEM('',(#4599),#4593);
#4601=CARTESIAN_POINT('',(4.E-1,0.E0,1.3E0));
#4602=DIRECTION('',(0.E0,0.E0,1.E0));
#4603=DIRECTION('',(1.E0,0.E0,0.E0));
#4604=AXIS2_PLACEMENT_3D('',#4601,#4602,#4603);
#4605=CYLINDRICAL_SURFACE('',#4604,1.1E0);
#4606=ORIENTED_EDGE('',*,*,#4587,.T.);
#4607=ORIENTED_EDGE('',*,*,#4524,.F.);
#4608=ORIENTED_EDGE('',*,*,#4430,.F.);
#4610=ORIENTED_EDGE('',*,*,#4609,.T.);
#4611=EDGE_LOOP('',(#4606,#4607,#4608,#4610));
#4612=FACE_OUTER_BOUND('',#4611,.F.);
#4613=ADVANCED_FACE('',(#4612),#4605,.T.);
#4614=FILL_AREA_STYLE_COLOUR('',#5);
#4615=FILL_AREA_STYLE('',(#4614));
#4616=SURFACE_STYLE_FILL_AREA(#4615);
#4617=SURFACE_SIDE_STYLE('',(#4616));
#4618=SURFACE_STYLE_USAGE(.POSITIVE.,#4617);
#4619=PRESENTATION_STYLE_ASSIGNMENT((#4618));
#4620=STYLED_ITEM('',(#4619),#4613);
#4621=CARTESIAN_POINT('',(-4.E-1,-1.1E0,1.3E0));
#4622=DIRECTION('',(0.E0,-1.E0,0.E0));
#4623=DIRECTION('',(1.E0,0.E0,0.E0));
#4624=AXIS2_PLACEMENT_3D('',#4621,#4622,#4623);
#4625=PLANE('',#4624);
#4627=ORIENTED_EDGE('',*,*,#4626,.T.);
#4628=ORIENTED_EDGE('',*,*,#4609,.F.);
#4629=ORIENTED_EDGE('',*,*,#4428,.F.);
#4631=ORIENTED_EDGE('',*,*,#4630,.T.);
#4632=EDGE_LOOP('',(#4627,#4628,#4629,#4631));
#4633=FACE_OUTER_BOUND('',#4632,.F.);
#4634=ADVANCED_FACE('',(#4633),#4625,.T.);
#4635=FILL_AREA_STYLE_COLOUR('',#5);
#4636=FILL_AREA_STYLE('',(#4635));
#4637=SURFACE_STYLE_FILL_AREA(#4636);
#4638=SURFACE_SIDE_STYLE('',(#4637));
#4639=SURFACE_STYLE_USAGE(.POSITIVE.,#4638);
#4640=PRESENTATION_STYLE_ASSIGNMENT((#4639));
#4641=STYLED_ITEM('',(#4640),#4634);
#4642=CARTESIAN_POINT('',(-4.095855314429E-1,-9.5E-1,2.35E0));
#4643=DIRECTION('',(1.E0,0.E0,0.E0));
#4644=DIRECTION('',(0.E0,0.E0,1.E0));
#4645=AXIS2_PLACEMENT_3D('',#4642,#4643,#4644);
#4646=CYLINDRICAL_SURFACE('',#4645,1.5E-1);
#4647=ORIENTED_EDGE('',*,*,#4565,.T.);
#4648=ORIENTED_EDGE('',*,*,#4589,.T.);
#4649=ORIENTED_EDGE('',*,*,#4626,.F.);
#4651=ORIENTED_EDGE('',*,*,#4650,.F.);
#4652=EDGE_LOOP('',(#4647,#4648,#4649,#4651));
#4653=FACE_OUTER_BOUND('',#4652,.F.);
#4654=ADVANCED_FACE('',(#4653),#4646,.T.);
#4655=FILL_AREA_STYLE_COLOUR('',#5);
#4656=FILL_AREA_STYLE('',(#4655));
#4657=SURFACE_STYLE_FILL_AREA(#4656);
#4658=SURFACE_SIDE_STYLE('',(#4657));
#4659=SURFACE_STYLE_USAGE(.POSITIVE.,#4658);
#4660=PRESENTATION_STYLE_ASSIGNMENT((#4659));
#4661=STYLED_ITEM('',(#4660),#4654);
#4662=CARTESIAN_POINT('',(-4.E-1,0.E0,2.35E0));
#4663=DIRECTION('',(0.E0,0.E0,1.E0));
#4664=DIRECTION('',(8.714009208268E-3,9.999620323010E-1,0.E0));
#4665=AXIS2_PLACEMENT_3D('',#4662,#4663,#4664);
#4666=TOROIDAL_SURFACE('',#4665,9.5E-1,1.5E-1);
#4667=ORIENTED_EDGE('',*,*,#4567,.T.);
#4668=ORIENTED_EDGE('',*,*,#4650,.T.);
#4670=ORIENTED_EDGE('',*,*,#4669,.F.);
#4671=ORIENTED_EDGE('',*,*,#4543,.F.);
#4672=EDGE_LOOP('',(#4667,#4668,#4670,#4671));
#4673=FACE_OUTER_BOUND('',#4672,.F.);
#4674=ADVANCED_FACE('',(#4673),#4666,.T.);
#4675=FILL_AREA_STYLE_COLOUR('',#5);
#4676=FILL_AREA_STYLE('',(#4675));
#4677=SURFACE_STYLE_FILL_AREA(#4676);
#4678=SURFACE_SIDE_STYLE('',(#4677));
#4679=SURFACE_STYLE_USAGE(.POSITIVE.,#4678);
#4680=PRESENTATION_STYLE_ASSIGNMENT((#4679));
#4681=STYLED_ITEM('',(#4680),#4674);
#4682=CARTESIAN_POINT('',(-4.E-1,0.E0,1.3E0));
#4683=DIRECTION('',(0.E0,0.E0,1.E0));
#4684=DIRECTION('',(1.E0,0.E0,0.E0));
#4685=AXIS2_PLACEMENT_3D('',#4682,#4683,#4684);
#4686=CYLINDRICAL_SURFACE('',#4685,1.1E0);
#4687=ORIENTED_EDGE('',*,*,#4669,.T.);
#4688=ORIENTED_EDGE('',*,*,#4630,.F.);
#4689=ORIENTED_EDGE('',*,*,#4426,.F.);
#4690=ORIENTED_EDGE('',*,*,#4521,.T.);
#4691=EDGE_LOOP('',(#4687,#4688,#4689,#4690));
#4692=FACE_OUTER_BOUND('',#4691,.F.);
#4693=ADVANCED_FACE('',(#4692),#4686,.T.);
#4694=FILL_AREA_STYLE_COLOUR('',#5);
#4695=FILL_AREA_STYLE('',(#4694));
#4696=SURFACE_STYLE_FILL_AREA(#4695);
#4697=SURFACE_SIDE_STYLE('',(#4696));
#4698=SURFACE_STYLE_USAGE(.POSITIVE.,#4697);
#4699=PRESENTATION_STYLE_ASSIGNMENT((#4698));
#4700=STYLED_ITEM('',(#4699),#4693);
#4701=CARTESIAN_POINT('',(-2.1E0,-9.5E-1,1.3E0));
#4702=DIRECTION('',(-9.945361162061E-1,-1.043930723833E-1,0.E0));
#4703=DIRECTION('',(1.043930723833E-1,-9.945361162061E-1,0.E0));
#4704=AXIS2_PLACEMENT_3D('',#4701,#4702,#4703);
#4705=PLANE('',#4704);
#4706=ORIENTED_EDGE('',*,*,#4360,.F.);
#4708=ORIENTED_EDGE('',*,*,#4707,.T.);
#4710=ORIENTED_EDGE('',*,*,#4709,.T.);
#4712=ORIENTED_EDGE('',*,*,#4711,.F.);
#4713=EDGE_LOOP('',(#4706,#4708,#4710,#4712));
#4714=FACE_OUTER_BOUND('',#4713,.F.);
#4715=ADVANCED_FACE('',(#4714),#4705,.T.);
#4716=FILL_AREA_STYLE_COLOUR('',#22);
#4717=FILL_AREA_STYLE('',(#4716));
#4718=SURFACE_STYLE_FILL_AREA(#4717);
#4719=SURFACE_SIDE_STYLE('',(#4718));
#4720=SURFACE_STYLE_USAGE(.POSITIVE.,#4719);
#4721=PRESENTATION_STYLE_ASSIGNMENT((#4720));
#4722=STYLED_ITEM('',(#4721),#4715);
#4723=CARTESIAN_POINT('',(-1.8497E0,-9.5E-1,1.3E0));
#4724=DIRECTION('',(0.E0,1.E0,0.E0));
#4725=DIRECTION('',(-1.E0,0.E0,0.E0));
#4726=AXIS2_PLACEMENT_3D('',#4723,#4724,#4725);
#4727=PLANE('',#4726);
#4728=ORIENTED_EDGE('',*,*,#4390,.T.);
#4730=ORIENTED_EDGE('',*,*,#4729,.T.);
#4732=ORIENTED_EDGE('',*,*,#4731,.T.);
#4733=ORIENTED_EDGE('',*,*,#4707,.F.);
#4734=EDGE_LOOP('',(#4728,#4730,#4732,#4733));
#4735=FACE_OUTER_BOUND('',#4734,.F.);
#4736=ADVANCED_FACE('',(#4735),#4727,.T.);
#4737=FILL_AREA_STYLE_COLOUR('',#22);
#4738=FILL_AREA_STYLE('',(#4737));
#4739=SURFACE_STYLE_FILL_AREA(#4738);
#4740=SURFACE_SIDE_STYLE('',(#4739));
#4741=SURFACE_STYLE_USAGE(.POSITIVE.,#4740);
#4742=PRESENTATION_STYLE_ASSIGNMENT((#4741));
#4743=STYLED_ITEM('',(#4742),#4736);
#4744=CARTESIAN_POINT('',(-1.569947302402E0,-1.153796566524E0,1.3E0));
#4745=DIRECTION('',(5.888141249909E-1,8.082684740921E-1,0.E0));
#4746=DIRECTION('',(-8.082684740921E-1,5.888141249909E-1,0.E0));
#4747=AXIS2_PLACEMENT_3D('',#4744,#4745,#4746);
#4748=PLANE('',#4747);
#4749=ORIENTED_EDGE('',*,*,#4388,.F.);
#4751=ORIENTED_EDGE('',*,*,#4750,.T.);
#4753=ORIENTED_EDGE('',*,*,#4752,.T.);
#4754=ORIENTED_EDGE('',*,*,#4729,.F.);
#4755=EDGE_LOOP('',(#4749,#4751,#4753,#4754));
#4756=FACE_OUTER_BOUND('',#4755,.F.);
#4757=ADVANCED_FACE('',(#4756),#4748,.T.);
#4758=FILL_AREA_STYLE_COLOUR('',#22);
#4759=FILL_AREA_STYLE('',(#4758));
#4760=SURFACE_STYLE_FILL_AREA(#4759);
#4761=SURFACE_SIDE_STYLE('',(#4760));
#4762=SURFACE_STYLE_USAGE(.POSITIVE.,#4761);
#4763=PRESENTATION_STYLE_ASSIGNMENT((#4762));
#4764=STYLED_ITEM('',(#4763),#4757);
#4765=CARTESIAN_POINT('',(-1.3991E0,-1.4564E0,1.3E0));
#4766=DIRECTION('',(8.707962403750E-1,4.916440864576E-1,0.E0));
#4767=DIRECTION('',(-4.916440864576E-1,8.707962403750E-1,0.E0));
#4768=AXIS2_PLACEMENT_3D('',#4765,#4766,#4767);
#4769=PLANE('',#4768);
#4770=ORIENTED_EDGE('',*,*,#4386,.F.);
#4772=ORIENTED_EDGE('',*,*,#4771,.T.);
#4774=ORIENTED_EDGE('',*,*,#4773,.T.);
#4775=ORIENTED_EDGE('',*,*,#4750,.F.);
#4776=EDGE_LOOP('',(#4770,#4772,#4774,#4775));
#4777=FACE_OUTER_BOUND('',#4776,.F.);
#4778=ADVANCED_FACE('',(#4777),#4769,.T.);
#4779=FILL_AREA_STYLE_COLOUR('',#22);
#4780=FILL_AREA_STYLE('',(#4779));
#4781=SURFACE_STYLE_FILL_AREA(#4780);
#4782=SURFACE_SIDE_STYLE('',(#4781));
#4783=SURFACE_STYLE_USAGE(.POSITIVE.,#4782);
#4784=PRESENTATION_STYLE_ASSIGNMENT((#4783));
#4785=STYLED_ITEM('',(#4784),#4778);
#4786=CARTESIAN_POINT('',(-1.3991E0,-1.65E0,1.3E0));
#4787=DIRECTION('',(1.E0,0.E0,0.E0));
#4788=DIRECTION('',(0.E0,1.E0,0.E0));
#4789=AXIS2_PLACEMENT_3D('',#4786,#4787,#4788);
#4790=PLANE('',#4789);
#4791=ORIENTED_EDGE('',*,*,#4384,.F.);
#4793=ORIENTED_EDGE('',*,*,#4792,.T.);
#4795=ORIENTED_EDGE('',*,*,#4794,.T.);
#4796=ORIENTED_EDGE('',*,*,#4771,.F.);
#4797=EDGE_LOOP('',(#4791,#4793,#4795,#4796));
#4798=FACE_OUTER_BOUND('',#4797,.F.);
#4799=ADVANCED_FACE('',(#4798),#4790,.T.);
#4800=FILL_AREA_STYLE_COLOUR('',#22);
#4801=FILL_AREA_STYLE('',(#4800));
#4802=SURFACE_STYLE_FILL_AREA(#4801);
#4803=SURFACE_SIDE_STYLE('',(#4802));
#4804=SURFACE_STYLE_USAGE(.POSITIVE.,#4803);
#4805=PRESENTATION_STYLE_ASSIGNMENT((#4804));
#4806=STYLED_ITEM('',(#4805),#4799);
#4807=CARTESIAN_POINT('',(-1.978844475887E0,-1.544971797318E0,1.3E0));
#4808=DIRECTION('',(-1.782612690703E-1,-9.839831908877E-1,0.E0));
#4809=DIRECTION('',(9.839831908877E-1,-1.782612690703E-1,0.E0));
#4810=AXIS2_PLACEMENT_3D('',#4807,#4808,#4809);
#4811=PLANE('',#4810);
#4812=ORIENTED_EDGE('',*,*,#4364,.F.);
#4814=ORIENTED_EDGE('',*,*,#4813,.T.);
#4816=ORIENTED_EDGE('',*,*,#4815,.T.);
#4817=ORIENTED_EDGE('',*,*,#4792,.F.);
#4818=EDGE_LOOP('',(#4812,#4814,#4816,#4817));
#4819=FACE_OUTER_BOUND('',#4818,.F.);
#4820=ADVANCED_FACE('',(#4819),#4811,.T.);
#4821=FILL_AREA_STYLE_COLOUR('',#22);
#4822=FILL_AREA_STYLE('',(#4821));
#4823=SURFACE_STYLE_FILL_AREA(#4822);
#4824=SURFACE_SIDE_STYLE('',(#4823));
#4825=SURFACE_STYLE_USAGE(.POSITIVE.,#4824);
#4826=PRESENTATION_STYLE_ASSIGNMENT((#4825));
#4827=STYLED_ITEM('',(#4826),#4820);
#4828=CARTESIAN_POINT('',(-2.0446E0,-1.477786945819E0,1.3E0));
#4829=DIRECTION('',(-7.146680346354E-1,-6.994637948246E-1,0.E0));
#4830=DIRECTION('',(6.994637948246E-1,-7.146680346354E-1,0.E0));
#4831=AXIS2_PLACEMENT_3D('',#4828,#4829,#4830);
#4832=PLANE('',#4831);
#4833=ORIENTED_EDGE('',*,*,#4362,.F.);
#4834=ORIENTED_EDGE('',*,*,#4711,.T.);
#4836=ORIENTED_EDGE('',*,*,#4835,.T.);
#4837=ORIENTED_EDGE('',*,*,#4813,.F.);
#4838=EDGE_LOOP('',(#4833,#4834,#4836,#4837));
#4839=FACE_OUTER_BOUND('',#4838,.F.);
#4840=ADVANCED_FACE('',(#4839),#4832,.T.);
#4841=FILL_AREA_STYLE_COLOUR('',#22);
#4842=FILL_AREA_STYLE('',(#4841));
#4843=SURFACE_STYLE_FILL_AREA(#4842);
#4844=SURFACE_SIDE_STYLE('',(#4843));
#4845=SURFACE_STYLE_USAGE(.POSITIVE.,#4844);
#4846=PRESENTATION_STYLE_ASSIGNMENT((#4845));
#4847=STYLED_ITEM('',(#4846),#4840);
#4848=CARTESIAN_POINT('',(0.E0,0.E0,1.7E0));
#4849=DIRECTION('',(0.E0,0.E0,1.E0));
#4850=DIRECTION('',(1.E0,0.E0,0.E0));
#4851=AXIS2_PLACEMENT_3D('',#4848,#4849,#4850);
#4852=PLANE('',#4851);
#4853=ORIENTED_EDGE('',*,*,#4709,.F.);
#4854=ORIENTED_EDGE('',*,*,#4731,.F.);
#4855=ORIENTED_EDGE('',*,*,#4752,.F.);
#4856=ORIENTED_EDGE('',*,*,#4773,.F.);
#4857=ORIENTED_EDGE('',*,*,#4794,.F.);
#4858=ORIENTED_EDGE('',*,*,#4815,.F.);
#4859=ORIENTED_EDGE('',*,*,#4835,.F.);
#4860=EDGE_LOOP('',(#4853,#4854,#4855,#4856,#4857,#4858,#4859));
#4861=FACE_OUTER_BOUND('',#4860,.F.);
#4862=ADVANCED_FACE('',(#4861),#4852,.T.);
#4863=FILL_AREA_STYLE_COLOUR('',#22);
#4864=FILL_AREA_STYLE('',(#4863));
#4865=SURFACE_STYLE_FILL_AREA(#4864);
#4866=SURFACE_SIDE_STYLE('',(#4865));
#4867=SURFACE_STYLE_USAGE(.POSITIVE.,#4866);
#4868=PRESENTATION_STYLE_ASSIGNMENT((#4867));
#4869=STYLED_ITEM('',(#4868),#4862);
#4870=CARTESIAN_POINT('',(0.E0,0.E0,1.7E0));
#4871=DIRECTION('',(0.E0,0.E0,1.E0));
#4872=DIRECTION('',(1.E0,0.E0,0.E0));
#4873=AXIS2_PLACEMENT_3D('',#4870,#4871,#4872);
#4874=PLANE('',#4873);
#4876=ORIENTED_EDGE('',*,*,#4875,.F.);
#4878=ORIENTED_EDGE('',*,*,#4877,.F.);
#4880=ORIENTED_EDGE('',*,*,#4879,.F.);
#4882=ORIENTED_EDGE('',*,*,#4881,.F.);
#4884=ORIENTED_EDGE('',*,*,#4883,.F.);
#4886=ORIENTED_EDGE('',*,*,#4885,.F.);
#4888=ORIENTED_EDGE('',*,*,#4887,.F.);
#4889=EDGE_LOOP('',(#4876,#4878,#4880,#4882,#4884,#4886,#4888));
#4890=FACE_OUTER_BOUND('',#4889,.F.);
#4891=ADVANCED_FACE('',(#4890),#4874,.T.);
#4892=FILL_AREA_STYLE_COLOUR('',#22);
#4893=FILL_AREA_STYLE('',(#4892));
#4894=SURFACE_STYLE_FILL_AREA(#4893);
#4895=SURFACE_SIDE_STYLE('',(#4894));
#4896=SURFACE_STYLE_USAGE(.POSITIVE.,#4895);
#4897=PRESENTATION_STYLE_ASSIGNMENT((#4896));
#4898=STYLED_ITEM('',(#4897),#4891);
#4899=CARTESIAN_POINT('',(0.E0,0.E0,1.7E0));
#4900=DIRECTION('',(0.E0,0.E0,1.E0));
#4901=DIRECTION('',(1.E0,0.E0,0.E0));
#4902=AXIS2_PLACEMENT_3D('',#4899,#4900,#4901);
#4903=PLANE('',#4902);
#4905=ORIENTED_EDGE('',*,*,#4904,.F.);
#4907=ORIENTED_EDGE('',*,*,#4906,.F.);
#4909=ORIENTED_EDGE('',*,*,#4908,.F.);
#4911=ORIENTED_EDGE('',*,*,#4910,.F.);
#4913=ORIENTED_EDGE('',*,*,#4912,.F.);
#4915=ORIENTED_EDGE('',*,*,#4914,.F.);
#4917=ORIENTED_EDGE('',*,*,#4916,.F.);
#4918=EDGE_LOOP('',(#4905,#4907,#4909,#4911,#4913,#4915,#4917));
#4919=FACE_OUTER_BOUND('',#4918,.F.);
#4920=ADVANCED_FACE('',(#4919),#4903,.T.);
#4921=FILL_AREA_STYLE_COLOUR('',#22);
#4922=FILL_AREA_STYLE('',(#4921));
#4923=SURFACE_STYLE_FILL_AREA(#4922);
#4924=SURFACE_SIDE_STYLE('',(#4923));
#4925=SURFACE_STYLE_USAGE(.POSITIVE.,#4924);
#4926=PRESENTATION_STYLE_ASSIGNMENT((#4925));
#4927=STYLED_ITEM('',(#4926),#4920);
#4928=CARTESIAN_POINT('',(0.E0,0.E0,1.7E0));
#4929=DIRECTION('',(0.E0,0.E0,1.E0));
#4930=DIRECTION('',(1.E0,0.E0,0.E0));
#4931=AXIS2_PLACEMENT_3D('',#4928,#4929,#4930);
#4932=PLANE('',#4931);
#4934=ORIENTED_EDGE('',*,*,#4933,.F.);
#4936=ORIENTED_EDGE('',*,*,#4935,.F.);
#4938=ORIENTED_EDGE('',*,*,#4937,.F.);
#4940=ORIENTED_EDGE('',*,*,#4939,.F.);
#4942=ORIENTED_EDGE('',*,*,#4941,.F.);
#4944=ORIENTED_EDGE('',*,*,#4943,.F.);
#4946=ORIENTED_EDGE('',*,*,#4945,.F.);
#4947=EDGE_LOOP('',(#4934,#4936,#4938,#4940,#4942,#4944,#4946));
#4948=FACE_OUTER_BOUND('',#4947,.F.);
#4949=ADVANCED_FACE('',(#4948),#4932,.T.);
#4950=FILL_AREA_STYLE_COLOUR('',#22);
#4951=FILL_AREA_STYLE('',(#4950));
#4952=SURFACE_STYLE_FILL_AREA(#4951);
#4953=SURFACE_SIDE_STYLE('',(#4952));
#4954=SURFACE_STYLE_USAGE(.POSITIVE.,#4953);
#4955=PRESENTATION_STYLE_ASSIGNMENT((#4954));
#4956=STYLED_ITEM('',(#4955),#4949);
#4957=CARTESIAN_POINT('',(-2.1E0,9.5E-1,1.3E0));
#4958=DIRECTION('',(0.E0,-1.E0,0.E0));
#4959=DIRECTION('',(1.E0,0.E0,0.E0));
#4960=AXIS2_PLACEMENT_3D('',#4957,#4958,#4959);
#4961=PLANE('',#4960);
#4962=ORIENTED_EDGE('',*,*,#4394,.F.);
#4964=ORIENTED_EDGE('',*,*,#4963,.T.);
#4965=ORIENTED_EDGE('',*,*,#4875,.T.);
#4967=ORIENTED_EDGE('',*,*,#4966,.F.);
#4968=EDGE_LOOP('',(#4962,#4964,#4965,#4967));
#4969=FACE_OUTER_BOUND('',#4968,.F.);
#4970=ADVANCED_FACE('',(#4969),#4961,.T.);
#4971=FILL_AREA_STYLE_COLOUR('',#22);
#4972=FILL_AREA_STYLE('',(#4971));
#4973=SURFACE_STYLE_FILL_AREA(#4972);
#4974=SURFACE_SIDE_STYLE('',(#4973));
#4975=SURFACE_STYLE_USAGE(.POSITIVE.,#4974);
#4976=PRESENTATION_STYLE_ASSIGNMENT((#4975));
#4977=STYLED_ITEM('',(#4976),#4970);
#4978=CARTESIAN_POINT('',(-2.0446E0,1.477786945819E0,1.3E0));
#4979=DIRECTION('',(-9.945361162061E-1,1.043930723833E-1,0.E0));
#4980=DIRECTION('',(-1.043930723833E-1,-9.945361162061E-1,0.E0));
#4981=AXIS2_PLACEMENT_3D('',#4978,#4979,#4980);
#4982=PLANE('',#4981);
#4983=ORIENTED_EDGE('',*,*,#4451,.F.);
#4985=ORIENTED_EDGE('',*,*,#4984,.T.);
#4986=ORIENTED_EDGE('',*,*,#4877,.T.);
#4987=ORIENTED_EDGE('',*,*,#4963,.F.);
#4988=EDGE_LOOP('',(#4983,#4985,#4986,#4987));
#4989=FACE_OUTER_BOUND('',#4988,.F.);
#4990=ADVANCED_FACE('',(#4989),#4982,.T.);
#4991=FILL_AREA_STYLE_COLOUR('',#22);
#4992=FILL_AREA_STYLE('',(#4991));
#4993=SURFACE_STYLE_FILL_AREA(#4992);
#4994=SURFACE_SIDE_STYLE('',(#4993));
#4995=SURFACE_STYLE_USAGE(.POSITIVE.,#4994);
#4996=PRESENTATION_STYLE_ASSIGNMENT((#4995));
#4997=STYLED_ITEM('',(#4996),#4990);
#4998=CARTESIAN_POINT('',(-1.978844475887E0,1.544971797318E0,1.3E0));
#4999=DIRECTION('',(-7.146680346354E-1,6.994637948246E-1,0.E0));
#5000=DIRECTION('',(-6.994637948246E-1,-7.146680346354E-1,0.E0));
#5001=AXIS2_PLACEMENT_3D('',#4998,#4999,#5000);
#5002=PLANE('',#5001);
#5003=ORIENTED_EDGE('',*,*,#4449,.F.);
#5005=ORIENTED_EDGE('',*,*,#5004,.T.);
#5006=ORIENTED_EDGE('',*,*,#4879,.T.);
#5007=ORIENTED_EDGE('',*,*,#4984,.F.);
#5008=EDGE_LOOP('',(#5003,#5005,#5006,#5007));
#5009=FACE_OUTER_BOUND('',#5008,.F.);
#5010=ADVANCED_FACE('',(#5009),#5002,.T.);
#5011=FILL_AREA_STYLE_COLOUR('',#22);
#5012=FILL_AREA_STYLE('',(#5011));
#5013=SURFACE_STYLE_FILL_AREA(#5012);
#5014=SURFACE_SIDE_STYLE('',(#5013));
#5015=SURFACE_STYLE_USAGE(.POSITIVE.,#5014);
#5016=PRESENTATION_STYLE_ASSIGNMENT((#5015));
#5017=STYLED_ITEM('',(#5016),#5010);
#5018=CARTESIAN_POINT('',(-1.3991E0,1.65E0,1.3E0));
#5019=DIRECTION('',(-1.782612690703E-1,9.839831908877E-1,0.E0));
#5020=DIRECTION('',(-9.839831908877E-1,-1.782612690703E-1,0.E0));
#5021=AXIS2_PLACEMENT_3D('',#5018,#5019,#5020);
#5022=PLANE('',#5021);
#5023=ORIENTED_EDGE('',*,*,#4447,.F.);
#5025=ORIENTED_EDGE('',*,*,#5024,.T.);
#5026=ORIENTED_EDGE('',*,*,#4881,.T.);
#5027=ORIENTED_EDGE('',*,*,#5004,.F.);
#5028=EDGE_LOOP('',(#5023,#5025,#5026,#5027));
#5029=FACE_OUTER_BOUND('',#5028,.F.);
#5030=ADVANCED_FACE('',(#5029),#5022,.T.);
#5031=FILL_AREA_STYLE_COLOUR('',#22);
#5032=FILL_AREA_STYLE('',(#5031));
#5033=SURFACE_STYLE_FILL_AREA(#5032);
#5034=SURFACE_SIDE_STYLE('',(#5033));
#5035=SURFACE_STYLE_USAGE(.POSITIVE.,#5034);
#5036=PRESENTATION_STYLE_ASSIGNMENT((#5035));
#5037=STYLED_ITEM('',(#5036),#5030);
#5038=CARTESIAN_POINT('',(-1.3991E0,1.4564E0,1.3E0));
#5039=DIRECTION('',(1.E0,0.E0,0.E0));
#5040=DIRECTION('',(0.E0,1.E0,0.E0));
#5041=AXIS2_PLACEMENT_3D('',#5038,#5039,#5040);
#5042=PLANE('',#5041);
#5043=ORIENTED_EDGE('',*,*,#4400,.T.);
#5045=ORIENTED_EDGE('',*,*,#5044,.T.);
#5046=ORIENTED_EDGE('',*,*,#4883,.T.);
#5047=ORIENTED_EDGE('',*,*,#5024,.F.);
#5048=EDGE_LOOP('',(#5043,#5045,#5046,#5047));
#5049=FACE_OUTER_BOUND('',#5048,.F.);
#5050=ADVANCED_FACE('',(#5049),#5042,.T.);
#5051=FILL_AREA_STYLE_COLOUR('',#22);
#5052=FILL_AREA_STYLE('',(#5051));
#5053=SURFACE_STYLE_FILL_AREA(#5052);
#5054=SURFACE_SIDE_STYLE('',(#5053));
#5055=SURFACE_STYLE_USAGE(.POSITIVE.,#5054);
#5056=PRESENTATION_STYLE_ASSIGNMENT((#5055));
#5057=STYLED_ITEM('',(#5056),#5050);
#5058=CARTESIAN_POINT('',(-1.569947302402E0,1.153796566524E0,1.3E0));
#5059=DIRECTION('',(8.707962403750E-1,-4.916440864576E-1,0.E0));
#5060=DIRECTION('',(4.916440864576E-1,8.707962403750E-1,0.E0));
#5061=AXIS2_PLACEMENT_3D('',#5058,#5059,#5060);
#5062=PLANE('',#5061);
#5063=ORIENTED_EDGE('',*,*,#4398,.F.);
#5065=ORIENTED_EDGE('',*,*,#5064,.T.);
#5066=ORIENTED_EDGE('',*,*,#4885,.T.);
#5067=ORIENTED_EDGE('',*,*,#5044,.F.);
#5068=EDGE_LOOP('',(#5063,#5065,#5066,#5067));
#5069=FACE_OUTER_BOUND('',#5068,.F.);
#5070=ADVANCED_FACE('',(#5069),#5062,.T.);
#5071=FILL_AREA_STYLE_COLOUR('',#22);
#5072=FILL_AREA_STYLE('',(#5071));
#5073=SURFACE_STYLE_FILL_AREA(#5072);
#5074=SURFACE_SIDE_STYLE('',(#5073));
#5075=SURFACE_STYLE_USAGE(.POSITIVE.,#5074);
#5076=PRESENTATION_STYLE_ASSIGNMENT((#5075));
#5077=STYLED_ITEM('',(#5076),#5070);
#5078=CARTESIAN_POINT('',(-1.8497E0,9.5E-1,1.3E0));
#5079=DIRECTION('',(5.888141249909E-1,-8.082684740921E-1,0.E0));
#5080=DIRECTION('',(8.082684740921E-1,5.888141249909E-1,0.E0));
#5081=AXIS2_PLACEMENT_3D('',#5078,#5079,#5080);
#5082=PLANE('',#5081);
#5083=ORIENTED_EDGE('',*,*,#4396,.F.);
#5084=ORIENTED_EDGE('',*,*,#4966,.T.);
#5085=ORIENTED_EDGE('',*,*,#4887,.T.);
#5086=ORIENTED_EDGE('',*,*,#5064,.F.);
#5087=EDGE_LOOP('',(#5083,#5084,#5085,#5086));
#5088=FACE_OUTER_BOUND('',#5087,.F.);
#5089=ADVANCED_FACE('',(#5088),#5082,.T.);
#5090=FILL_AREA_STYLE_COLOUR('',#22);
#5091=FILL_AREA_STYLE('',(#5090));
#5092=SURFACE_STYLE_FILL_AREA(#5091);
#5093=SURFACE_SIDE_STYLE('',(#5092));
#5094=SURFACE_STYLE_USAGE(.POSITIVE.,#5093);
#5095=PRESENTATION_STYLE_ASSIGNMENT((#5094));
#5096=STYLED_ITEM('',(#5095),#5089);
#5097=CARTESIAN_POINT('',(2.1E0,-9.5E-1,1.3E0));
#5098=DIRECTION('',(0.E0,1.E0,0.E0));
#5099=DIRECTION('',(-1.E0,0.E0,0.E0));
#5100=AXIS2_PLACEMENT_3D('',#5097,#5098,#5099);
#5101=PLANE('',#5100);
#5102=ORIENTED_EDGE('',*,*,#4413,.F.);
#5104=ORIENTED_EDGE('',*,*,#5103,.T.);
#5105=ORIENTED_EDGE('',*,*,#4904,.T.);
#5107=ORIENTED_EDGE('',*,*,#5106,.F.);
#5108=EDGE_LOOP('',(#5102,#5104,#5105,#5107));
#5109=FACE_OUTER_BOUND('',#5108,.F.);
#5110=ADVANCED_FACE('',(#5109),#5101,.T.);
#5111=FILL_AREA_STYLE_COLOUR('',#22);
#5112=FILL_AREA_STYLE('',(#5111));
#5113=SURFACE_STYLE_FILL_AREA(#5112);
#5114=SURFACE_SIDE_STYLE('',(#5113));
#5115=SURFACE_STYLE_USAGE(.POSITIVE.,#5114);
#5116=PRESENTATION_STYLE_ASSIGNMENT((#5115));
#5117=STYLED_ITEM('',(#5116),#5110);
#5118=CARTESIAN_POINT('',(2.0446E0,-1.477786945819E0,1.3E0));
#5119=DIRECTION('',(9.945361162061E-1,-1.043930723833E-1,0.E0));
#5120=DIRECTION('',(1.043930723833E-1,9.945361162061E-1,0.E0));
#5121=AXIS2_PLACEMENT_3D('',#5118,#5119,#5120);
#5122=PLANE('',#5121);
#5123=ORIENTED_EDGE('',*,*,#4476,.F.);
#5125=ORIENTED_EDGE('',*,*,#5124,.T.);
#5126=ORIENTED_EDGE('',*,*,#4906,.T.);
#5127=ORIENTED_EDGE('',*,*,#5103,.F.);
#5128=EDGE_LOOP('',(#5123,#5125,#5126,#5127));
#5129=FACE_OUTER_BOUND('',#5128,.F.);
#5130=ADVANCED_FACE('',(#5129),#5122,.T.);
#5131=FILL_AREA_STYLE_COLOUR('',#22);
#5132=FILL_AREA_STYLE('',(#5131));
#5133=SURFACE_STYLE_FILL_AREA(#5132);
#5134=SURFACE_SIDE_STYLE('',(#5133));
#5135=SURFACE_STYLE_USAGE(.POSITIVE.,#5134);
#5136=PRESENTATION_STYLE_ASSIGNMENT((#5135));
#5137=STYLED_ITEM('',(#5136),#5130);
#5138=CARTESIAN_POINT('',(1.978844475887E0,-1.544971797318E0,1.3E0));
#5139=DIRECTION('',(7.146680346354E-1,-6.994637948246E-1,0.E0));
#5140=DIRECTION('',(6.994637948246E-1,7.146680346354E-1,0.E0));
#5141=AXIS2_PLACEMENT_3D('',#5138,#5139,#5140);
#5142=PLANE('',#5141);
#5143=ORIENTED_EDGE('',*,*,#4474,.F.);
#5145=ORIENTED_EDGE('',*,*,#5144,.T.);
#5146=ORIENTED_EDGE('',*,*,#4908,.T.);
#5147=ORIENTED_EDGE('',*,*,#5124,.F.);
#5148=EDGE_LOOP('',(#5143,#5145,#5146,#5147));
#5149=FACE_OUTER_BOUND('',#5148,.F.);
#5150=ADVANCED_FACE('',(#5149),#5142,.T.);
#5151=FILL_AREA_STYLE_COLOUR('',#22);
#5152=FILL_AREA_STYLE('',(#5151));
#5153=SURFACE_STYLE_FILL_AREA(#5152);
#5154=SURFACE_SIDE_STYLE('',(#5153));
#5155=SURFACE_STYLE_USAGE(.POSITIVE.,#5154);
#5156=PRESENTATION_STYLE_ASSIGNMENT((#5155));
#5157=STYLED_ITEM('',(#5156),#5150);
#5158=CARTESIAN_POINT('',(1.3991E0,-1.65E0,1.3E0));
#5159=DIRECTION('',(1.782612690703E-1,-9.839831908877E-1,0.E0));
#5160=DIRECTION('',(9.839831908877E-1,1.782612690703E-1,0.E0));
#5161=AXIS2_PLACEMENT_3D('',#5158,#5159,#5160);
#5162=PLANE('',#5161);
#5163=ORIENTED_EDGE('',*,*,#4472,.F.);
#5165=ORIENTED_EDGE('',*,*,#5164,.T.);
#5166=ORIENTED_EDGE('',*,*,#4910,.T.);
#5167=ORIENTED_EDGE('',*,*,#5144,.F.);
#5168=EDGE_LOOP('',(#5163,#5165,#5166,#5167));
#5169=FACE_OUTER_BOUND('',#5168,.F.);
#5170=ADVANCED_FACE('',(#5169),#5162,.T.);
#5171=FILL_AREA_STYLE_COLOUR('',#22);
#5172=FILL_AREA_STYLE('',(#5171));
#5173=SURFACE_STYLE_FILL_AREA(#5172);
#5174=SURFACE_SIDE_STYLE('',(#5173));
#5175=SURFACE_STYLE_USAGE(.POSITIVE.,#5174);
#5176=PRESENTATION_STYLE_ASSIGNMENT((#5175));
#5177=STYLED_ITEM('',(#5176),#5170);
#5178=CARTESIAN_POINT('',(1.3991E0,-1.4564E0,1.3E0));
#5179=DIRECTION('',(-1.E0,0.E0,0.E0));
#5180=DIRECTION('',(0.E0,-1.E0,0.E0));
#5181=AXIS2_PLACEMENT_3D('',#5178,#5179,#5180);
#5182=PLANE('',#5181);
#5183=ORIENTED_EDGE('',*,*,#4419,.T.);
#5185=ORIENTED_EDGE('',*,*,#5184,.T.);
#5186=ORIENTED_EDGE('',*,*,#4912,.T.);
#5187=ORIENTED_EDGE('',*,*,#5164,.F.);
#5188=EDGE_LOOP('',(#5183,#5185,#5186,#5187));
#5189=FACE_OUTER_BOUND('',#5188,.F.);
#5190=ADVANCED_FACE('',(#5189),#5182,.T.);
#5191=FILL_AREA_STYLE_COLOUR('',#22);
#5192=FILL_AREA_STYLE('',(#5191));
#5193=SURFACE_STYLE_FILL_AREA(#5192);
#5194=SURFACE_SIDE_STYLE('',(#5193));
#5195=SURFACE_STYLE_USAGE(.POSITIVE.,#5194);
#5196=PRESENTATION_STYLE_ASSIGNMENT((#5195));
#5197=STYLED_ITEM('',(#5196),#5190);
#5198=CARTESIAN_POINT('',(1.569947302402E0,-1.153796566524E0,1.3E0));
#5199=DIRECTION('',(-8.707962403750E-1,4.916440864576E-1,0.E0));
#5200=DIRECTION('',(-4.916440864576E-1,-8.707962403750E-1,0.E0));
#5201=AXIS2_PLACEMENT_3D('',#5198,#5199,#5200);
#5202=PLANE('',#5201);
#5203=ORIENTED_EDGE('',*,*,#4417,.F.);
#5205=ORIENTED_EDGE('',*,*,#5204,.T.);
#5206=ORIENTED_EDGE('',*,*,#4914,.T.);
#5207=ORIENTED_EDGE('',*,*,#5184,.F.);
#5208=EDGE_LOOP('',(#5203,#5205,#5206,#5207));
#5209=FACE_OUTER_BOUND('',#5208,.F.);
#5210=ADVANCED_FACE('',(#5209),#5202,.T.);
#5211=FILL_AREA_STYLE_COLOUR('',#22);
#5212=FILL_AREA_STYLE('',(#5211));
#5213=SURFACE_STYLE_FILL_AREA(#5212);
#5214=SURFACE_SIDE_STYLE('',(#5213));
#5215=SURFACE_STYLE_USAGE(.POSITIVE.,#5214);
#5216=PRESENTATION_STYLE_ASSIGNMENT((#5215));
#5217=STYLED_ITEM('',(#5216),#5210);
#5218=CARTESIAN_POINT('',(1.8497E0,-9.5E-1,1.3E0));
#5219=DIRECTION('',(-5.888141249909E-1,8.082684740921E-1,0.E0));
#5220=DIRECTION('',(-8.082684740921E-1,-5.888141249909E-1,0.E0));
#5221=AXIS2_PLACEMENT_3D('',#5218,#5219,#5220);
#5222=PLANE('',#5221);
#5223=ORIENTED_EDGE('',*,*,#4415,.F.);
#5224=ORIENTED_EDGE('',*,*,#5106,.T.);
#5225=ORIENTED_EDGE('',*,*,#4916,.T.);
#5226=ORIENTED_EDGE('',*,*,#5204,.F.);
#5227=EDGE_LOOP('',(#5223,#5224,#5225,#5226));
#5228=FACE_OUTER_BOUND('',#5227,.F.);
#5229=ADVANCED_FACE('',(#5228),#5222,.T.);
#5230=FILL_AREA_STYLE_COLOUR('',#22);
#5231=FILL_AREA_STYLE('',(#5230));
#5232=SURFACE_STYLE_FILL_AREA(#5231);
#5233=SURFACE_SIDE_STYLE('',(#5232));
#5234=SURFACE_STYLE_USAGE(.POSITIVE.,#5233);
#5235=PRESENTATION_STYLE_ASSIGNMENT((#5234));
#5236=STYLED_ITEM('',(#5235),#5229);
#5237=CARTESIAN_POINT('',(2.1E0,9.5E-1,1.3E0));
#5238=DIRECTION('',(9.945361162061E-1,1.043930723833E-1,0.E0));
#5239=DIRECTION('',(-1.043930723833E-1,9.945361162061E-1,0.E0));
#5240=AXIS2_PLACEMENT_3D('',#5237,#5238,#5239);
#5241=PLANE('',#5240);
#5242=ORIENTED_EDGE('',*,*,#4495,.F.);
#5244=ORIENTED_EDGE('',*,*,#5243,.T.);
#5245=ORIENTED_EDGE('',*,*,#4933,.T.);
#5247=ORIENTED_EDGE('',*,*,#5246,.F.);
#5248=EDGE_LOOP('',(#5242,#5244,#5245,#5247));
#5249=FACE_OUTER_BOUND('',#5248,.F.);
#5250=ADVANCED_FACE('',(#5249),#5241,.T.);
#5251=FILL_AREA_STYLE_COLOUR('',#22);
#5252=FILL_AREA_STYLE('',(#5251));
#5253=SURFACE_STYLE_FILL_AREA(#5252);
#5254=SURFACE_SIDE_STYLE('',(#5253));
#5255=SURFACE_STYLE_USAGE(.POSITIVE.,#5254);
#5256=PRESENTATION_STYLE_ASSIGNMENT((#5255));
#5257=STYLED_ITEM('',(#5256),#5250);
#5258=CARTESIAN_POINT('',(1.8497E0,9.5E-1,1.3E0));
#5259=DIRECTION('',(0.E0,-1.E0,0.E0));
#5260=DIRECTION('',(1.E0,0.E0,0.E0));
#5261=AXIS2_PLACEMENT_3D('',#5258,#5259,#5260);
#5262=PLANE('',#5261);
#5263=ORIENTED_EDGE('',*,*,#4410,.T.);
#5265=ORIENTED_EDGE('',*,*,#5264,.T.);
#5266=ORIENTED_EDGE('',*,*,#4935,.T.);
#5267=ORIENTED_EDGE('',*,*,#5243,.F.);
#5268=EDGE_LOOP('',(#5263,#5265,#5266,#5267));
#5269=FACE_OUTER_BOUND('',#5268,.F.);
#5270=ADVANCED_FACE('',(#5269),#5262,.T.);
#5271=FILL_AREA_STYLE_COLOUR('',#22);
#5272=FILL_AREA_STYLE('',(#5271));
#5273=SURFACE_STYLE_FILL_AREA(#5272);
#5274=SURFACE_SIDE_STYLE('',(#5273));
#5275=SURFACE_STYLE_USAGE(.POSITIVE.,#5274);
#5276=PRESENTATION_STYLE_ASSIGNMENT((#5275));
#5277=STYLED_ITEM('',(#5276),#5270);
#5278=CARTESIAN_POINT('',(1.569947302402E0,1.153796566524E0,1.3E0));
#5279=DIRECTION('',(-5.888141249909E-1,-8.082684740921E-1,0.E0));
#5280=DIRECTION('',(8.082684740921E-1,-5.888141249909E-1,0.E0));
#5281=AXIS2_PLACEMENT_3D('',#5278,#5279,#5280);
#5282=PLANE('',#5281);
#5283=ORIENTED_EDGE('',*,*,#4408,.F.);
#5285=ORIENTED_EDGE('',*,*,#5284,.T.);
#5286=ORIENTED_EDGE('',*,*,#4937,.T.);
#5287=ORIENTED_EDGE('',*,*,#5264,.F.);
#5288=EDGE_LOOP('',(#5283,#5285,#5286,#5287));
#5289=FACE_OUTER_BOUND('',#5288,.F.);
#5290=ADVANCED_FACE('',(#5289),#5282,.T.);
#5291=FILL_AREA_STYLE_COLOUR('',#22);
#5292=FILL_AREA_STYLE('',(#5291));
#5293=SURFACE_STYLE_FILL_AREA(#5292);
#5294=SURFACE_SIDE_STYLE('',(#5293));
#5295=SURFACE_STYLE_USAGE(.POSITIVE.,#5294);
#5296=PRESENTATION_STYLE_ASSIGNMENT((#5295));
#5297=STYLED_ITEM('',(#5296),#5290);
#5298=CARTESIAN_POINT('',(1.3991E0,1.4564E0,1.3E0));
#5299=DIRECTION('',(-8.707962403750E-1,-4.916440864576E-1,0.E0));
#5300=DIRECTION('',(4.916440864576E-1,-8.707962403750E-1,0.E0));
#5301=AXIS2_PLACEMENT_3D('',#5298,#5299,#5300);
#5302=PLANE('',#5301);
#5303=ORIENTED_EDGE('',*,*,#4406,.F.);
#5305=ORIENTED_EDGE('',*,*,#5304,.T.);
#5306=ORIENTED_EDGE('',*,*,#4939,.T.);
#5307=ORIENTED_EDGE('',*,*,#5284,.F.);
#5308=EDGE_LOOP('',(#5303,#5305,#5306,#5307));
#5309=FACE_OUTER_BOUND('',#5308,.F.);
#5310=ADVANCED_FACE('',(#5309),#5302,.T.);
#5311=FILL_AREA_STYLE_COLOUR('',#22);
#5312=FILL_AREA_STYLE('',(#5311));
#5313=SURFACE_STYLE_FILL_AREA(#5312);
#5314=SURFACE_SIDE_STYLE('',(#5313));
#5315=SURFACE_STYLE_USAGE(.POSITIVE.,#5314);
#5316=PRESENTATION_STYLE_ASSIGNMENT((#5315));
#5317=STYLED_ITEM('',(#5316),#5310);
#5318=CARTESIAN_POINT('',(1.3991E0,1.65E0,1.3E0));
#5319=DIRECTION('',(-1.E0,0.E0,0.E0));
#5320=DIRECTION('',(0.E0,-1.E0,0.E0));
#5321=AXIS2_PLACEMENT_3D('',#5318,#5319,#5320);
#5322=PLANE('',#5321);
#5323=ORIENTED_EDGE('',*,*,#4404,.F.);
#5325=ORIENTED_EDGE('',*,*,#5324,.T.);
#5326=ORIENTED_EDGE('',*,*,#4941,.T.);
#5327=ORIENTED_EDGE('',*,*,#5304,.F.);
#5328=EDGE_LOOP('',(#5323,#5325,#5326,#5327));
#5329=FACE_OUTER_BOUND('',#5328,.F.);
#5330=ADVANCED_FACE('',(#5329),#5322,.T.);
#5331=FILL_AREA_STYLE_COLOUR('',#22);
#5332=FILL_AREA_STYLE('',(#5331));
#5333=SURFACE_STYLE_FILL_AREA(#5332);
#5334=SURFACE_SIDE_STYLE('',(#5333));
#5335=SURFACE_STYLE_USAGE(.POSITIVE.,#5334);
#5336=PRESENTATION_STYLE_ASSIGNMENT((#5335));
#5337=STYLED_ITEM('',(#5336),#5330);
#5338=CARTESIAN_POINT('',(1.978844475887E0,1.544971797318E0,1.3E0));
#5339=DIRECTION('',(1.782612690703E-1,9.839831908877E-1,0.E0));
#5340=DIRECTION('',(-9.839831908877E-1,1.782612690703E-1,0.E0));
#5341=AXIS2_PLACEMENT_3D('',#5338,#5339,#5340);
#5342=PLANE('',#5341);
#5343=ORIENTED_EDGE('',*,*,#4499,.F.);
#5345=ORIENTED_EDGE('',*,*,#5344,.T.);
#5346=ORIENTED_EDGE('',*,*,#4943,.T.);
#5347=ORIENTED_EDGE('',*,*,#5324,.F.);
#5348=EDGE_LOOP('',(#5343,#5345,#5346,#5347));
#5349=FACE_OUTER_BOUND('',#5348,.F.);
#5350=ADVANCED_FACE('',(#5349),#5342,.T.);
#5351=FILL_AREA_STYLE_COLOUR('',#22);
#5352=FILL_AREA_STYLE('',(#5351));
#5353=SURFACE_STYLE_FILL_AREA(#5352);
#5354=SURFACE_SIDE_STYLE('',(#5353));
#5355=SURFACE_STYLE_USAGE(.POSITIVE.,#5354);
#5356=PRESENTATION_STYLE_ASSIGNMENT((#5355));
#5357=STYLED_ITEM('',(#5356),#5350);
#5358=CARTESIAN_POINT('',(2.0446E0,1.477786945819E0,1.3E0));
#5359=DIRECTION('',(7.146680346354E-1,6.994637948246E-1,0.E0));
#5360=DIRECTION('',(-6.994637948246E-1,7.146680346354E-1,0.E0));
#5361=AXIS2_PLACEMENT_3D('',#5358,#5359,#5360);
#5362=PLANE('',#5361);
#5363=ORIENTED_EDGE('',*,*,#4497,.F.);
#5364=ORIENTED_EDGE('',*,*,#5246,.T.);
#5365=ORIENTED_EDGE('',*,*,#4945,.T.);
#5366=ORIENTED_EDGE('',*,*,#5344,.F.);
#5367=EDGE_LOOP('',(#5363,#5364,#5365,#5366));
#5368=FACE_OUTER_BOUND('',#5367,.F.);
#5369=ADVANCED_FACE('',(#5368),#5362,.T.);
#5370=FILL_AREA_STYLE_COLOUR('',#22);
#5371=FILL_AREA_STYLE('',(#5370));
#5372=SURFACE_STYLE_FILL_AREA(#5371);
#5373=SURFACE_SIDE_STYLE('',(#5372));
#5374=SURFACE_STYLE_USAGE(.POSITIVE.,#5373);
#5375=PRESENTATION_STYLE_ASSIGNMENT((#5374));
#5376=STYLED_ITEM('',(#5375),#5369);
#5377=CARTESIAN_POINT('',(-2.1E0,1.65E0,0.E0));
#5378=DIRECTION('',(-1.E0,0.E0,0.E0));
#5379=DIRECTION('',(0.E0,-1.E0,0.E0));
#5380=AXIS2_PLACEMENT_3D('',#5377,#5378,#5379);
#5381=PLANE('',#5380);
#5382=ORIENTED_EDGE('',*,*,#4077,.F.);
#5383=ORIENTED_EDGE('',*,*,#3199,.F.);
#5385=ORIENTED_EDGE('',*,*,#5384,.T.);
#5387=ORIENTED_EDGE('',*,*,#5386,.T.);
#5389=ORIENTED_EDGE('',*,*,#5388,.F.);
#5390=ORIENTED_EDGE('',*,*,#3191,.F.);
#5392=ORIENTED_EDGE('',*,*,#5391,.T.);
#5393=ORIENTED_EDGE('',*,*,#4453,.T.);
#5394=ORIENTED_EDGE('',*,*,#4392,.T.);
#5395=ORIENTED_EDGE('',*,*,#4367,.T.);
#5396=ORIENTED_EDGE('',*,*,#4343,.F.);
#5397=ORIENTED_EDGE('',*,*,#3167,.F.);
#5398=ORIENTED_EDGE('',*,*,#4148,.T.);
#5400=ORIENTED_EDGE('',*,*,#5399,.T.);
#5401=EDGE_LOOP('',(#5382,#5383,#5385,#5387,#5389,#5390,#5392,#5393,#5394,#5395,
#5396,#5397,#5398,#5400));
#5402=FACE_OUTER_BOUND('',#5401,.F.);
#5403=ADVANCED_FACE('',(#5402),#5381,.T.);
#5404=FILL_AREA_STYLE_COLOUR('',#22);
#5405=FILL_AREA_STYLE('',(#5404));
#5406=SURFACE_STYLE_FILL_AREA(#5405);
#5407=SURFACE_SIDE_STYLE('',(#5406));
#5408=SURFACE_STYLE_USAGE(.POSITIVE.,#5407);
#5409=PRESENTATION_STYLE_ASSIGNMENT((#5408));
#5410=STYLED_ITEM('',(#5409),#5403);
#5411=CARTESIAN_POINT('',(0.E0,8.E-1,0.E0));
#5412=DIRECTION('',(0.E0,1.E0,0.E0));
#5413=DIRECTION('',(-1.E0,0.E0,0.E0));
#5414=AXIS2_PLACEMENT_3D('',#5411,#5412,#5413);
#5415=PLANE('',#5414);
#5416=ORIENTED_EDGE('',*,*,#3197,.T.);
#5418=ORIENTED_EDGE('',*,*,#5417,.T.);
#5420=ORIENTED_EDGE('',*,*,#5419,.T.);
#5422=ORIENTED_EDGE('',*,*,#5421,.T.);
#5424=ORIENTED_EDGE('',*,*,#5423,.T.);
#5426=ORIENTED_EDGE('',*,*,#5425,.T.);
#5428=ORIENTED_EDGE('',*,*,#5427,.T.);
#5430=ORIENTED_EDGE('',*,*,#5429,.T.);
#5431=ORIENTED_EDGE('',*,*,#5384,.F.);
#5432=EDGE_LOOP('',(#5416,#5418,#5420,#5422,#5424,#5426,#5428,#5430,#5431));
#5433=FACE_OUTER_BOUND('',#5432,.F.);
#5434=ADVANCED_FACE('',(#5433),#5415,.F.);
#5435=FILL_AREA_STYLE_COLOUR('',#26);
#5436=FILL_AREA_STYLE('',(#5435));
#5437=SURFACE_STYLE_FILL_AREA(#5436);
#5438=SURFACE_SIDE_STYLE('',(#5437));
#5439=SURFACE_STYLE_USAGE(.POSITIVE.,#5438);
#5440=PRESENTATION_STYLE_ASSIGNMENT((#5439));
#5441=STYLED_ITEM('',(#5440),#5434);
#5442=CARTESIAN_POINT('',(0.E0,8.E-1,0.E0));
#5443=DIRECTION('',(0.E0,1.E0,0.E0));
#5444=DIRECTION('',(-1.E0,0.E0,0.E0));
#5445=AXIS2_PLACEMENT_3D('',#5442,#5443,#5444);
#5446=PLANE('',#5445);
#5447=ORIENTED_EDGE('',*,*,#3181,.T.);
#5448=ORIENTED_EDGE('',*,*,#4198,.T.);
#5450=ORIENTED_EDGE('',*,*,#5449,.T.);
#5452=ORIENTED_EDGE('',*,*,#5451,.T.);
#5454=ORIENTED_EDGE('',*,*,#5453,.T.);
#5456=ORIENTED_EDGE('',*,*,#5455,.T.);
#5458=ORIENTED_EDGE('',*,*,#5457,.T.);
#5460=ORIENTED_EDGE('',*,*,#5459,.T.);
#5462=ORIENTED_EDGE('',*,*,#5461,.T.);
#5463=EDGE_LOOP('',(#5447,#5448,#5450,#5452,#5454,#5456,#5458,#5460,#5462));
#5464=FACE_OUTER_BOUND('',#5463,.F.);
#5465=ADVANCED_FACE('',(#5464),#5446,.F.);
#5466=FILL_AREA_STYLE_COLOUR('',#26);
#5467=FILL_AREA_STYLE('',(#5466));
#5468=SURFACE_STYLE_FILL_AREA(#5467);
#5469=SURFACE_SIDE_STYLE('',(#5468));
#5470=SURFACE_STYLE_USAGE(.POSITIVE.,#5469);
#5471=PRESENTATION_STYLE_ASSIGNMENT((#5470));
#5472=STYLED_ITEM('',(#5471),#5465);
#5473=CARTESIAN_POINT('',(-1.6E0,8.E-1,9.E-2));
#5474=DIRECTION('',(1.E0,0.E0,0.E0));
#5475=DIRECTION('',(0.E0,0.E0,-1.E0));
#5476=AXIS2_PLACEMENT_3D('',#5473,#5474,#5475);
#5477=PLANE('',#5476);
#5478=ORIENTED_EDGE('',*,*,#3195,.T.);
#5480=ORIENTED_EDGE('',*,*,#5479,.T.);
#5482=ORIENTED_EDGE('',*,*,#5481,.F.);
#5483=ORIENTED_EDGE('',*,*,#5417,.F.);
#5484=EDGE_LOOP('',(#5478,#5480,#5482,#5483));
#5485=FACE_OUTER_BOUND('',#5484,.F.);
#5486=ADVANCED_FACE('',(#5485),#5477,.T.);
#5487=FILL_AREA_STYLE_COLOUR('',#26);
#5488=FILL_AREA_STYLE('',(#5487));
#5489=SURFACE_STYLE_FILL_AREA(#5488);
#5490=SURFACE_SIDE_STYLE('',(#5489));
#5491=SURFACE_STYLE_USAGE(.POSITIVE.,#5490);
#5492=PRESENTATION_STYLE_ASSIGNMENT((#5491));
#5493=STYLED_ITEM('',(#5492),#5486);
#5494=CARTESIAN_POINT('',(0.E0,1.35E0,0.E0));
#5495=DIRECTION('',(0.E0,1.E0,0.E0));
#5496=DIRECTION('',(-1.E0,0.E0,0.E0));
#5497=AXIS2_PLACEMENT_3D('',#5494,#5495,#5496);
#5498=PLANE('',#5497);
#5499=ORIENTED_EDGE('',*,*,#3193,.F.);
#5500=ORIENTED_EDGE('',*,*,#5388,.T.);
#5502=ORIENTED_EDGE('',*,*,#5501,.F.);
#5504=ORIENTED_EDGE('',*,*,#5503,.F.);
#5506=ORIENTED_EDGE('',*,*,#5505,.F.);
#5508=ORIENTED_EDGE('',*,*,#5507,.F.);
#5510=ORIENTED_EDGE('',*,*,#5509,.F.);
#5512=ORIENTED_EDGE('',*,*,#5511,.F.);
#5513=ORIENTED_EDGE('',*,*,#5479,.F.);
#5514=EDGE_LOOP('',(#5499,#5500,#5502,#5504,#5506,#5508,#5510,#5512,#5513));
#5515=FACE_OUTER_BOUND('',#5514,.F.);
#5516=ADVANCED_FACE('',(#5515),#5498,.T.);
#5517=FILL_AREA_STYLE_COLOUR('',#26);
#5518=FILL_AREA_STYLE('',(#5517));
#5519=SURFACE_STYLE_FILL_AREA(#5518);
#5520=SURFACE_SIDE_STYLE('',(#5519));
#5521=SURFACE_STYLE_USAGE(.POSITIVE.,#5520);
#5522=PRESENTATION_STYLE_ASSIGNMENT((#5521));
#5523=STYLED_ITEM('',(#5522),#5516);
#5524=CARTESIAN_POINT('',(0.E0,1.35E0,0.E0));
#5525=DIRECTION('',(0.E0,1.E0,0.E0));
#5526=DIRECTION('',(-1.E0,0.E0,0.E0));
#5527=AXIS2_PLACEMENT_3D('',#5524,#5525,#5526);
#5528=PLANE('',#5527);
#5529=ORIENTED_EDGE('',*,*,#3185,.F.);
#5531=ORIENTED_EDGE('',*,*,#5530,.F.);
#5533=ORIENTED_EDGE('',*,*,#5532,.F.);
#5535=ORIENTED_EDGE('',*,*,#5534,.F.);
#5537=ORIENTED_EDGE('',*,*,#5536,.F.);
#5539=ORIENTED_EDGE('',*,*,#5538,.F.);
#5541=ORIENTED_EDGE('',*,*,#5540,.F.);
#5543=ORIENTED_EDGE('',*,*,#5542,.F.);
#5544=ORIENTED_EDGE('',*,*,#4194,.F.);
#5545=EDGE_LOOP('',(#5529,#5531,#5533,#5535,#5537,#5539,#5541,#5543,#5544));
#5546=FACE_OUTER_BOUND('',#5545,.F.);
#5547=ADVANCED_FACE('',(#5546),#5528,.T.);
#5548=FILL_AREA_STYLE_COLOUR('',#26);
#5549=FILL_AREA_STYLE('',(#5548));
#5550=SURFACE_STYLE_FILL_AREA(#5549);
#5551=SURFACE_SIDE_STYLE('',(#5550));
#5552=SURFACE_STYLE_USAGE(.POSITIVE.,#5551);
#5553=PRESENTATION_STYLE_ASSIGNMENT((#5552));
#5554=STYLED_ITEM('',(#5553),#5547);
#5555=CARTESIAN_POINT('',(-2.080291853328E0,8.E-1,1.404E-1));
#5556=DIRECTION('',(0.E0,1.E0,0.E0));
#5557=DIRECTION('',(-1.E0,0.E0,0.E0));
#5558=AXIS2_PLACEMENT_3D('',#5555,#5556,#5557);
#5559=CYLINDRICAL_SURFACE('',#5558,5.04E-2);
#5560=ORIENTED_EDGE('',*,*,#5386,.F.);
#5561=ORIENTED_EDGE('',*,*,#5429,.F.);
#5563=ORIENTED_EDGE('',*,*,#5562,.T.);
#5564=ORIENTED_EDGE('',*,*,#5501,.T.);
#5565=EDGE_LOOP('',(#5560,#5561,#5563,#5564));
#5566=FACE_OUTER_BOUND('',#5565,.F.);
#5567=ADVANCED_FACE('',(#5566),#5559,.F.);
#5568=FILL_AREA_STYLE_COLOUR('',#26);
#5569=FILL_AREA_STYLE('',(#5568));
#5570=SURFACE_STYLE_FILL_AREA(#5569);
#5571=SURFACE_SIDE_STYLE('',(#5570));
#5572=SURFACE_STYLE_USAGE(.POSITIVE.,#5571);
#5573=PRESENTATION_STYLE_ASSIGNMENT((#5572));
#5574=STYLED_ITEM('',(#5573),#5567);
#5575=CARTESIAN_POINT('',(-2.227083676303E0,8.E-1,6.E-1));
#5576=DIRECTION('',(9.791632369709E-1,0.E0,2.030747531443E-1));
#5577=DIRECTION('',(2.030747531443E-1,0.E0,-9.791632369709E-1));
#5578=AXIS2_PLACEMENT_3D('',#5575,#5576,#5577);
#5579=PLANE('',#5578);
#5580=ORIENTED_EDGE('',*,*,#5427,.F.);
#5582=ORIENTED_EDGE('',*,*,#5581,.T.);
#5583=ORIENTED_EDGE('',*,*,#5503,.T.);
#5584=ORIENTED_EDGE('',*,*,#5562,.F.);
#5585=EDGE_LOOP('',(#5580,#5582,#5583,#5584));
#5586=FACE_OUTER_BOUND('',#5585,.F.);
#5587=ADVANCED_FACE('',(#5586),#5579,.T.);
#5588=FILL_AREA_STYLE_COLOUR('',#26);
#5589=FILL_AREA_STYLE('',(#5588));
#5590=SURFACE_STYLE_FILL_AREA(#5589);
#5591=SURFACE_SIDE_STYLE('',(#5590));
#5592=SURFACE_STYLE_USAGE(.POSITIVE.,#5591);
#5593=PRESENTATION_STYLE_ASSIGNMENT((#5592));
#5594=STYLED_ITEM('',(#5593),#5587);
#5595=CARTESIAN_POINT('',(-2.325E0,8.E-1,5.796925246856E-1));
#5596=DIRECTION('',(-2.030747531443E-1,0.E0,9.791632369709E-1));
#5597=DIRECTION('',(9.791632369709E-1,0.E0,2.030747531443E-1));
#5598=AXIS2_PLACEMENT_3D('',#5595,#5596,#5597);
#5599=PLANE('',#5598);
#5600=ORIENTED_EDGE('',*,*,#5425,.F.);
#5602=ORIENTED_EDGE('',*,*,#5601,.T.);
#5603=ORIENTED_EDGE('',*,*,#5505,.T.);
#5604=ORIENTED_EDGE('',*,*,#5581,.F.);
#5605=EDGE_LOOP('',(#5600,#5602,#5603,#5604));
#5606=FACE_OUTER_BOUND('',#5605,.F.);
#5607=ADVANCED_FACE('',(#5606),#5599,.T.);
#5608=FILL_AREA_STYLE_COLOUR('',#26);
#5609=FILL_AREA_STYLE('',(#5608));
#5610=SURFACE_STYLE_FILL_AREA(#5609);
#5611=SURFACE_SIDE_STYLE('',(#5610));
#5612=SURFACE_STYLE_USAGE(.POSITIVE.,#5611);
#5613=PRESENTATION_STYLE_ASSIGNMENT((#5612));
#5614=STYLED_ITEM('',(#5613),#5607);
#5615=CARTESIAN_POINT('',(-2.227558004168E0,8.E-1,1.098575571271E-1));
#5616=DIRECTION('',(-9.791632369709E-1,0.E0,-2.030747531443E-1));
#5617=DIRECTION('',(-2.030747531443E-1,0.E0,9.791632369709E-1));
#5618=AXIS2_PLACEMENT_3D('',#5615,#5616,#5617);
#5619=PLANE('',#5618);
#5620=ORIENTED_EDGE('',*,*,#5423,.F.);
#5622=ORIENTED_EDGE('',*,*,#5621,.T.);
#5623=ORIENTED_EDGE('',*,*,#5507,.T.);
#5624=ORIENTED_EDGE('',*,*,#5601,.F.);
#5625=EDGE_LOOP('',(#5620,#5622,#5623,#5624));
#5626=FACE_OUTER_BOUND('',#5625,.F.);
#5627=ADVANCED_FACE('',(#5626),#5619,.T.);
#5628=FILL_AREA_STYLE_COLOUR('',#26);
#5629=FILL_AREA_STYLE('',(#5628));
#5630=SURFACE_STYLE_FILL_AREA(#5629);
#5631=SURFACE_SIDE_STYLE('',(#5630));
#5632=SURFACE_STYLE_USAGE(.POSITIVE.,#5631);
#5633=PRESENTATION_STYLE_ASSIGNMENT((#5632));
#5634=STYLED_ITEM('',(#5633),#5627);
#5635=CARTESIAN_POINT('',(-2.080291853328E0,8.E-1,1.404E-1));
#5636=DIRECTION('',(0.E0,1.E0,0.E0));
#5637=DIRECTION('',(-1.E0,0.E0,0.E0));
#5638=AXIS2_PLACEMENT_3D('',#5635,#5636,#5637);
#5639=CYLINDRICAL_SURFACE('',#5638,1.504E-1);
#5640=ORIENTED_EDGE('',*,*,#5421,.F.);
#5642=ORIENTED_EDGE('',*,*,#5641,.T.);
#5643=ORIENTED_EDGE('',*,*,#5509,.T.);
#5644=ORIENTED_EDGE('',*,*,#5621,.F.);
#5645=EDGE_LOOP('',(#5640,#5642,#5643,#5644));
#5646=FACE_OUTER_BOUND('',#5645,.F.);
#5647=ADVANCED_FACE('',(#5646),#5639,.T.);
#5648=FILL_AREA_STYLE_COLOUR('',#26);
#5649=FILL_AREA_STYLE('',(#5648));
#5650=SURFACE_STYLE_FILL_AREA(#5649);
#5651=SURFACE_SIDE_STYLE('',(#5650));
#5652=SURFACE_STYLE_USAGE(.POSITIVE.,#5651);
#5653=PRESENTATION_STYLE_ASSIGNMENT((#5652));
#5654=STYLED_ITEM('',(#5653),#5647);
#5655=CARTESIAN_POINT('',(-1.6E0,8.E-1,-1.E-2));
#5656=DIRECTION('',(0.E0,0.E0,-1.E0));
#5657=DIRECTION('',(-1.E0,0.E0,0.E0));
#5658=AXIS2_PLACEMENT_3D('',#5655,#5656,#5657);
#5659=PLANE('',#5658);
#5660=ORIENTED_EDGE('',*,*,#5419,.F.);
#5661=ORIENTED_EDGE('',*,*,#5481,.T.);
#5662=ORIENTED_EDGE('',*,*,#5511,.T.);
#5663=ORIENTED_EDGE('',*,*,#5641,.F.);
#5664=EDGE_LOOP('',(#5660,#5661,#5662,#5663));
#5665=FACE_OUTER_BOUND('',#5664,.F.);
#5666=ADVANCED_FACE('',(#5665),#5659,.T.);
#5667=FILL_AREA_STYLE_COLOUR('',#26);
#5668=FILL_AREA_STYLE('',(#5667));
#5669=SURFACE_STYLE_FILL_AREA(#5668);
#5670=SURFACE_SIDE_STYLE('',(#5669));
#5671=SURFACE_STYLE_USAGE(.POSITIVE.,#5670);
#5672=PRESENTATION_STYLE_ASSIGNMENT((#5671));
#5673=STYLED_ITEM('',(#5672),#5666);
#5674=CARTESIAN_POINT('',(1.6E0,8.E-1,-1.E-2));
#5675=DIRECTION('',(-1.E0,0.E0,0.E0));
#5676=DIRECTION('',(0.E0,0.E0,1.E0));
#5677=AXIS2_PLACEMENT_3D('',#5674,#5675,#5676);
#5678=PLANE('',#5677);
#5679=ORIENTED_EDGE('',*,*,#3183,.F.);
#5680=ORIENTED_EDGE('',*,*,#5461,.F.);
#5682=ORIENTED_EDGE('',*,*,#5681,.T.);
#5683=ORIENTED_EDGE('',*,*,#5530,.T.);
#5684=EDGE_LOOP('',(#5679,#5680,#5682,#5683));
#5685=FACE_OUTER_BOUND('',#5684,.F.);
#5686=ADVANCED_FACE('',(#5685),#5678,.T.);
#5687=FILL_AREA_STYLE_COLOUR('',#26);
#5688=FILL_AREA_STYLE('',(#5687));
#5689=SURFACE_STYLE_FILL_AREA(#5688);
#5690=SURFACE_SIDE_STYLE('',(#5689));
#5691=SURFACE_STYLE_USAGE(.POSITIVE.,#5690);
#5692=PRESENTATION_STYLE_ASSIGNMENT((#5691));
#5693=STYLED_ITEM('',(#5692),#5686);
#5694=CARTESIAN_POINT('',(2.080291853328E0,8.E-1,-1.E-2));
#5695=DIRECTION('',(0.E0,0.E0,-1.E0));
#5696=DIRECTION('',(-1.E0,0.E0,0.E0));
#5697=AXIS2_PLACEMENT_3D('',#5694,#5695,#5696);
#5698=PLANE('',#5697);
#5699=ORIENTED_EDGE('',*,*,#5459,.F.);
#5701=ORIENTED_EDGE('',*,*,#5700,.T.);
#5702=ORIENTED_EDGE('',*,*,#5532,.T.);
#5703=ORIENTED_EDGE('',*,*,#5681,.F.);
#5704=EDGE_LOOP('',(#5699,#5701,#5702,#5703));
#5705=FACE_OUTER_BOUND('',#5704,.F.);
#5706=ADVANCED_FACE('',(#5705),#5698,.T.);
#5707=FILL_AREA_STYLE_COLOUR('',#26);
#5708=FILL_AREA_STYLE('',(#5707));
#5709=SURFACE_STYLE_FILL_AREA(#5708);
#5710=SURFACE_SIDE_STYLE('',(#5709));
#5711=SURFACE_STYLE_USAGE(.POSITIVE.,#5710);
#5712=PRESENTATION_STYLE_ASSIGNMENT((#5711));
#5713=STYLED_ITEM('',(#5712),#5706);
#5714=CARTESIAN_POINT('',(2.080291853328E0,8.E-1,1.404E-1));
#5715=DIRECTION('',(0.E0,1.E0,0.E0));
#5716=DIRECTION('',(-1.E0,0.E0,0.E0));
#5717=AXIS2_PLACEMENT_3D('',#5714,#5715,#5716);
#5718=CYLINDRICAL_SURFACE('',#5717,1.504E-1);
#5719=ORIENTED_EDGE('',*,*,#5457,.F.);
#5721=ORIENTED_EDGE('',*,*,#5720,.T.);
#5722=ORIENTED_EDGE('',*,*,#5534,.T.);
#5723=ORIENTED_EDGE('',*,*,#5700,.F.);
#5724=EDGE_LOOP('',(#5719,#5721,#5722,#5723));
#5725=FACE_OUTER_BOUND('',#5724,.F.);
#5726=ADVANCED_FACE('',(#5725),#5718,.T.);
#5727=FILL_AREA_STYLE_COLOUR('',#26);
#5728=FILL_AREA_STYLE('',(#5727));
#5729=SURFACE_STYLE_FILL_AREA(#5728);
#5730=SURFACE_SIDE_STYLE('',(#5729));
#5731=SURFACE_STYLE_USAGE(.POSITIVE.,#5730);
#5732=PRESENTATION_STYLE_ASSIGNMENT((#5731));
#5733=STYLED_ITEM('',(#5732),#5726);
#5734=CARTESIAN_POINT('',(2.325E0,8.E-1,5.796925246856E-1));
#5735=DIRECTION('',(9.791632369709E-1,0.E0,-2.030747531443E-1));
#5736=DIRECTION('',(-2.030747531443E-1,0.E0,-9.791632369709E-1));
#5737=AXIS2_PLACEMENT_3D('',#5734,#5735,#5736);
#5738=PLANE('',#5737);
#5739=ORIENTED_EDGE('',*,*,#5455,.F.);
#5741=ORIENTED_EDGE('',*,*,#5740,.T.);
#5742=ORIENTED_EDGE('',*,*,#5536,.T.);
#5743=ORIENTED_EDGE('',*,*,#5720,.F.);
#5744=EDGE_LOOP('',(#5739,#5741,#5742,#5743));
#5745=FACE_OUTER_BOUND('',#5744,.F.);
#5746=ADVANCED_FACE('',(#5745),#5738,.T.);
#5747=FILL_AREA_STYLE_COLOUR('',#26);
#5748=FILL_AREA_STYLE('',(#5747));
#5749=SURFACE_STYLE_FILL_AREA(#5748);
#5750=SURFACE_SIDE_STYLE('',(#5749));
#5751=SURFACE_STYLE_USAGE(.POSITIVE.,#5750);
#5752=PRESENTATION_STYLE_ASSIGNMENT((#5751));
#5753=STYLED_ITEM('',(#5752),#5746);
#5754=CARTESIAN_POINT('',(2.227083676303E0,8.E-1,6.E-1));
#5755=DIRECTION('',(2.030747531443E-1,0.E0,9.791632369709E-1));
#5756=DIRECTION('',(9.791632369709E-1,0.E0,-2.030747531443E-1));
#5757=AXIS2_PLACEMENT_3D('',#5754,#5755,#5756);
#5758=PLANE('',#5757);
#5759=ORIENTED_EDGE('',*,*,#5453,.F.);
#5761=ORIENTED_EDGE('',*,*,#5760,.T.);
#5762=ORIENTED_EDGE('',*,*,#5538,.T.);
#5763=ORIENTED_EDGE('',*,*,#5740,.F.);
#5764=EDGE_LOOP('',(#5759,#5761,#5762,#5763));
#5765=FACE_OUTER_BOUND('',#5764,.F.);
#5766=ADVANCED_FACE('',(#5765),#5758,.T.);
#5767=FILL_AREA_STYLE_COLOUR('',#26);
#5768=FILL_AREA_STYLE('',(#5767));
#5769=SURFACE_STYLE_FILL_AREA(#5768);
#5770=SURFACE_SIDE_STYLE('',(#5769));
#5771=SURFACE_STYLE_USAGE(.POSITIVE.,#5770);
#5772=PRESENTATION_STYLE_ASSIGNMENT((#5771));
#5773=STYLED_ITEM('',(#5772),#5766);
#5774=CARTESIAN_POINT('',(2.129641680471E0,8.E-1,1.301650324415E-1));
#5775=DIRECTION('',(-9.791632369709E-1,0.E0,2.030747531443E-1));
#5776=DIRECTION('',(2.030747531443E-1,0.E0,9.791632369709E-1));
#5777=AXIS2_PLACEMENT_3D('',#5774,#5775,#5776);
#5778=PLANE('',#5777);
#5779=ORIENTED_EDGE('',*,*,#5451,.F.);
#5781=ORIENTED_EDGE('',*,*,#5780,.T.);
#5782=ORIENTED_EDGE('',*,*,#5540,.T.);
#5783=ORIENTED_EDGE('',*,*,#5760,.F.);
#5784=EDGE_LOOP('',(#5779,#5781,#5782,#5783));
#5785=FACE_OUTER_BOUND('',#5784,.F.);
#5786=ADVANCED_FACE('',(#5785),#5778,.T.);
#5787=FILL_AREA_STYLE_COLOUR('',#26);
#5788=FILL_AREA_STYLE('',(#5787));
#5789=SURFACE_STYLE_FILL_AREA(#5788);
#5790=SURFACE_SIDE_STYLE('',(#5789));
#5791=SURFACE_STYLE_USAGE(.POSITIVE.,#5790);
#5792=PRESENTATION_STYLE_ASSIGNMENT((#5791));
#5793=STYLED_ITEM('',(#5792),#5786);
#5794=CARTESIAN_POINT('',(2.080291853328E0,8.E-1,1.404E-1));
#5795=DIRECTION('',(0.E0,1.E0,0.E0));
#5796=DIRECTION('',(-1.E0,0.E0,0.E0));
#5797=AXIS2_PLACEMENT_3D('',#5794,#5795,#5796);
#5798=CYLINDRICAL_SURFACE('',#5797,5.04E-2);
#5799=ORIENTED_EDGE('',*,*,#4196,.T.);
#5800=ORIENTED_EDGE('',*,*,#5542,.T.);
#5801=ORIENTED_EDGE('',*,*,#5780,.F.);
#5802=ORIENTED_EDGE('',*,*,#5449,.F.);
#5803=EDGE_LOOP('',(#5799,#5800,#5801,#5802));
#5804=FACE_OUTER_BOUND('',#5803,.F.);
#5805=ADVANCED_FACE('',(#5804),#5798,.F.);
#5806=FILL_AREA_STYLE_COLOUR('',#26);
#5807=FILL_AREA_STYLE('',(#5806));
#5808=SURFACE_STYLE_FILL_AREA(#5807);
#5809=SURFACE_SIDE_STYLE('',(#5808));
#5810=SURFACE_STYLE_USAGE(.POSITIVE.,#5809);
#5811=PRESENTATION_STYLE_ASSIGNMENT((#5810));
#5812=STYLED_ITEM('',(#5811),#5805);
#5813=CARTESIAN_POINT('',(2.1E0,1.65E0,0.E0));
#5814=DIRECTION('',(0.E0,1.E0,0.E0));
#5815=DIRECTION('',(-1.E0,0.E0,0.E0));
#5816=AXIS2_PLACEMENT_3D('',#5813,#5814,#5815);
#5817=PLANE('',#5816);
#5818=ORIENTED_EDGE('',*,*,#4501,.T.);
#5819=ORIENTED_EDGE('',*,*,#4402,.T.);
#5820=ORIENTED_EDGE('',*,*,#4455,.T.);
#5821=ORIENTED_EDGE('',*,*,#5391,.F.);
#5822=ORIENTED_EDGE('',*,*,#3189,.F.);
#5823=ORIENTED_EDGE('',*,*,#4191,.T.);
#5824=EDGE_LOOP('',(#5818,#5819,#5820,#5821,#5822,#5823));
#5825=FACE_OUTER_BOUND('',#5824,.F.);
#5826=ADVANCED_FACE('',(#5825),#5817,.T.);
#5827=FILL_AREA_STYLE_COLOUR('',#22);
#5828=FILL_AREA_STYLE('',(#5827));
#5829=SURFACE_STYLE_FILL_AREA(#5828);
#5830=SURFACE_SIDE_STYLE('',(#5829));
#5831=SURFACE_STYLE_USAGE(.POSITIVE.,#5830);
#5832=PRESENTATION_STYLE_ASSIGNMENT((#5831));
#5833=STYLED_ITEM('',(#5832),#5826);
#5834=CARTESIAN_POINT('',(-2.080291853328E0,-8.E-1,1.404E-1));
#5835=DIRECTION('',(0.E0,1.E0,0.E0));
#5836=DIRECTION('',(-1.E0,0.E0,0.E0));
#5837=AXIS2_PLACEMENT_3D('',#5834,#5835,#5836);
#5838=CYLINDRICAL_SURFACE('',#5837,5.04E-2);
#5839=ORIENTED_EDGE('',*,*,#4062,.T.);
#5840=ORIENTED_EDGE('',*,*,#5399,.F.);
#5841=ORIENTED_EDGE('',*,*,#4146,.F.);
#5843=ORIENTED_EDGE('',*,*,#5842,.F.);
#5844=EDGE_LOOP('',(#5839,#5840,#5841,#5843));
#5845=FACE_OUTER_BOUND('',#5844,.F.);
#5846=ADVANCED_FACE('',(#5845),#5838,.F.);
#5847=FILL_AREA_STYLE_COLOUR('',#26);
#5848=FILL_AREA_STYLE('',(#5847));
#5849=SURFACE_STYLE_FILL_AREA(#5848);
#5850=SURFACE_SIDE_STYLE('',(#5849));
#5851=SURFACE_STYLE_USAGE(.POSITIVE.,#5850);
#5852=PRESENTATION_STYLE_ASSIGNMENT((#5851));
#5853=STYLED_ITEM('',(#5852),#5846);
#5854=CARTESIAN_POINT('',(-2.227083676303E0,-8.E-1,6.E-1));
#5855=DIRECTION('',(-9.791632369709E-1,0.E0,-2.030747531443E-1));
#5856=DIRECTION('',(2.030747531443E-1,0.E0,-9.791632369709E-1));
#5857=AXIS2_PLACEMENT_3D('',#5854,#5855,#5856);
#5858=PLANE('',#5857);
#5859=ORIENTED_EDGE('',*,*,#4064,.T.);
#5860=ORIENTED_EDGE('',*,*,#5842,.T.);
#5861=ORIENTED_EDGE('',*,*,#4161,.F.);
#5863=ORIENTED_EDGE('',*,*,#5862,.F.);
#5864=EDGE_LOOP('',(#5859,#5860,#5861,#5863));
#5865=FACE_OUTER_BOUND('',#5864,.F.);
#5866=ADVANCED_FACE('',(#5865),#5858,.F.);
#5867=FILL_AREA_STYLE_COLOUR('',#26);
#5868=FILL_AREA_STYLE('',(#5867));
#5869=SURFACE_STYLE_FILL_AREA(#5868);
#5870=SURFACE_SIDE_STYLE('',(#5869));
#5871=SURFACE_STYLE_USAGE(.POSITIVE.,#5870);
#5872=PRESENTATION_STYLE_ASSIGNMENT((#5871));
#5873=STYLED_ITEM('',(#5872),#5866);
#5874=CARTESIAN_POINT('',(-2.325E0,-8.E-1,5.796925246856E-1));
#5875=DIRECTION('',(2.030747531443E-1,0.E0,-9.791632369709E-1));
#5876=DIRECTION('',(9.791632369709E-1,0.E0,2.030747531443E-1));
#5877=AXIS2_PLACEMENT_3D('',#5874,#5875,#5876);
#5878=PLANE('',#5877);
#5879=ORIENTED_EDGE('',*,*,#4066,.T.);
#5880=ORIENTED_EDGE('',*,*,#5862,.T.);
#5881=ORIENTED_EDGE('',*,*,#4159,.F.);
#5883=ORIENTED_EDGE('',*,*,#5882,.F.);
#5884=EDGE_LOOP('',(#5879,#5880,#5881,#5883));
#5885=FACE_OUTER_BOUND('',#5884,.F.);
#5886=ADVANCED_FACE('',(#5885),#5878,.F.);
#5887=FILL_AREA_STYLE_COLOUR('',#26);
#5888=FILL_AREA_STYLE('',(#5887));
#5889=SURFACE_STYLE_FILL_AREA(#5888);
#5890=SURFACE_SIDE_STYLE('',(#5889));
#5891=SURFACE_STYLE_USAGE(.POSITIVE.,#5890);
#5892=PRESENTATION_STYLE_ASSIGNMENT((#5891));
#5893=STYLED_ITEM('',(#5892),#5886);
#5894=CARTESIAN_POINT('',(-2.227558004168E0,-8.E-1,1.098575571271E-1));
#5895=DIRECTION('',(9.791632369709E-1,0.E0,2.030747531443E-1));
#5896=DIRECTION('',(-2.030747531443E-1,0.E0,9.791632369709E-1));
#5897=AXIS2_PLACEMENT_3D('',#5894,#5895,#5896);
#5898=PLANE('',#5897);
#5899=ORIENTED_EDGE('',*,*,#4068,.T.);
#5900=ORIENTED_EDGE('',*,*,#5882,.T.);
#5901=ORIENTED_EDGE('',*,*,#4157,.F.);
#5903=ORIENTED_EDGE('',*,*,#5902,.F.);
#5904=EDGE_LOOP('',(#5899,#5900,#5901,#5903));
#5905=FACE_OUTER_BOUND('',#5904,.F.);
#5906=ADVANCED_FACE('',(#5905),#5898,.F.);
#5907=FILL_AREA_STYLE_COLOUR('',#26);
#5908=FILL_AREA_STYLE('',(#5907));
#5909=SURFACE_STYLE_FILL_AREA(#5908);
#5910=SURFACE_SIDE_STYLE('',(#5909));
#5911=SURFACE_STYLE_USAGE(.POSITIVE.,#5910);
#5912=PRESENTATION_STYLE_ASSIGNMENT((#5911));
#5913=STYLED_ITEM('',(#5912),#5906);
#5914=CARTESIAN_POINT('',(-2.080291853328E0,-8.E-1,1.404E-1));
#5915=DIRECTION('',(0.E0,1.E0,0.E0));
#5916=DIRECTION('',(-1.E0,0.E0,0.E0));
#5917=AXIS2_PLACEMENT_3D('',#5914,#5915,#5916);
#5918=CYLINDRICAL_SURFACE('',#5917,1.504E-1);
#5919=ORIENTED_EDGE('',*,*,#4070,.T.);
#5920=ORIENTED_EDGE('',*,*,#5902,.T.);
#5921=ORIENTED_EDGE('',*,*,#4155,.F.);
#5923=ORIENTED_EDGE('',*,*,#5922,.F.);
#5924=EDGE_LOOP('',(#5919,#5920,#5921,#5923));
#5925=FACE_OUTER_BOUND('',#5924,.F.);
#5926=ADVANCED_FACE('',(#5925),#5918,.T.);
#5927=FILL_AREA_STYLE_COLOUR('',#26);
#5928=FILL_AREA_STYLE('',(#5927));
#5929=SURFACE_STYLE_FILL_AREA(#5928);
#5930=SURFACE_SIDE_STYLE('',(#5929));
#5931=SURFACE_STYLE_USAGE(.POSITIVE.,#5930);
#5932=PRESENTATION_STYLE_ASSIGNMENT((#5931));
#5933=STYLED_ITEM('',(#5932),#5926);
#5934=CARTESIAN_POINT('',(-1.6E0,-8.E-1,-1.E-2));
#5935=DIRECTION('',(0.E0,0.E0,1.E0));
#5936=DIRECTION('',(-1.E0,0.E0,0.E0));
#5937=AXIS2_PLACEMENT_3D('',#5934,#5935,#5936);
#5938=PLANE('',#5937);
#5939=ORIENTED_EDGE('',*,*,#4072,.T.);
#5940=ORIENTED_EDGE('',*,*,#5922,.T.);
#5941=ORIENTED_EDGE('',*,*,#4153,.F.);
#5943=ORIENTED_EDGE('',*,*,#5942,.F.);
#5944=EDGE_LOOP('',(#5939,#5940,#5941,#5943));
#5945=FACE_OUTER_BOUND('',#5944,.F.);
#5946=ADVANCED_FACE('',(#5945),#5938,.F.);
#5947=FILL_AREA_STYLE_COLOUR('',#26);
#5948=FILL_AREA_STYLE('',(#5947));
#5949=SURFACE_STYLE_FILL_AREA(#5948);
#5950=SURFACE_SIDE_STYLE('',(#5949));
#5951=SURFACE_STYLE_USAGE(.POSITIVE.,#5950);
#5952=PRESENTATION_STYLE_ASSIGNMENT((#5951));
#5953=STYLED_ITEM('',(#5952),#5946);
#5954=CARTESIAN_POINT('',(-1.6E0,-8.E-1,9.E-2));
#5955=DIRECTION('',(-1.E0,0.E0,0.E0));
#5956=DIRECTION('',(0.E0,0.E0,-1.E0));
#5957=AXIS2_PLACEMENT_3D('',#5954,#5955,#5956);
#5958=PLANE('',#5957);
#5959=ORIENTED_EDGE('',*,*,#4074,.T.);
#5960=ORIENTED_EDGE('',*,*,#5942,.T.);
#5961=ORIENTED_EDGE('',*,*,#4151,.F.);
#5962=ORIENTED_EDGE('',*,*,#3163,.F.);
#5963=EDGE_LOOP('',(#5959,#5960,#5961,#5962));
#5964=FACE_OUTER_BOUND('',#5963,.F.);
#5965=ADVANCED_FACE('',(#5964),#5958,.F.);
#5966=FILL_AREA_STYLE_COLOUR('',#26);
#5967=FILL_AREA_STYLE('',(#5966));
#5968=SURFACE_STYLE_FILL_AREA(#5967);
#5969=SURFACE_SIDE_STYLE('',(#5968));
#5970=SURFACE_STYLE_USAGE(.POSITIVE.,#5969);
#5971=PRESENTATION_STYLE_ASSIGNMENT((#5970));
#5972=STYLED_ITEM('',(#5971),#5965);
#5973=CARTESIAN_POINT('',(-6.002E-1,4.355E-1,0.E0));
#5974=DIRECTION('',(-1.E0,0.E0,0.E0));
#5975=DIRECTION('',(0.E0,1.E0,0.E0));
#5976=AXIS2_PLACEMENT_3D('',#5973,#5974,#5975);
#5977=PLANE('',#5976);
#5978=ORIENTED_EDGE('',*,*,#3257,.F.);
#5980=ORIENTED_EDGE('',*,*,#5979,.T.);
#5982=ORIENTED_EDGE('',*,*,#5981,.T.);
#5984=ORIENTED_EDGE('',*,*,#5983,.F.);
#5985=EDGE_LOOP('',(#5978,#5980,#5982,#5984));
#5986=FACE_OUTER_BOUND('',#5985,.F.);
#5987=ADVANCED_FACE('',(#5986),#5977,.T.);
#5988=FILL_AREA_STYLE_COLOUR('',#26);
#5989=FILL_AREA_STYLE('',(#5988));
#5990=SURFACE_STYLE_FILL_AREA(#5989);
#5991=SURFACE_SIDE_STYLE('',(#5990));
#5992=SURFACE_STYLE_USAGE(.POSITIVE.,#5991);
#5993=PRESENTATION_STYLE_ASSIGNMENT((#5992));
#5994=STYLED_ITEM('',(#5993),#5987);
#5995=CARTESIAN_POINT('',(-5.648875E-1,4.355E-1,0.E0));
#5996=DIRECTION('',(0.E0,-1.E0,0.E0));
#5997=DIRECTION('',(-1.E0,0.E0,0.E0));
#5998=AXIS2_PLACEMENT_3D('',#5995,#5996,#5997);
#5999=PLANE('',#5998);
#6000=ORIENTED_EDGE('',*,*,#3267,.F.);
#6002=ORIENTED_EDGE('',*,*,#6001,.T.);
#6004=ORIENTED_EDGE('',*,*,#6003,.T.);
#6005=ORIENTED_EDGE('',*,*,#5979,.F.);
#6006=EDGE_LOOP('',(#6000,#6002,#6004,#6005));
#6007=FACE_OUTER_BOUND('',#6006,.F.);
#6008=ADVANCED_FACE('',(#6007),#5999,.T.);
#6009=FILL_AREA_STYLE_COLOUR('',#26);
#6010=FILL_AREA_STYLE('',(#6009));
#6011=SURFACE_STYLE_FILL_AREA(#6010);
#6012=SURFACE_SIDE_STYLE('',(#6011));
#6013=SURFACE_STYLE_USAGE(.POSITIVE.,#6012);
#6014=PRESENTATION_STYLE_ASSIGNMENT((#6013));
#6015=STYLED_ITEM('',(#6014),#6008);
#6016=CARTESIAN_POINT('',(-5.648875E-1,6.819361703023E-1,0.E0));
#6017=DIRECTION('',(1.E0,0.E0,0.E0));
#6018=DIRECTION('',(0.E0,-1.E0,0.E0));
#6019=AXIS2_PLACEMENT_3D('',#6016,#6017,#6018);
#6020=PLANE('',#6019);
#6021=ORIENTED_EDGE('',*,*,#3265,.F.);
#6023=ORIENTED_EDGE('',*,*,#6022,.T.);
#6025=ORIENTED_EDGE('',*,*,#6024,.T.);
#6026=ORIENTED_EDGE('',*,*,#6001,.F.);
#6027=EDGE_LOOP('',(#6021,#6023,#6025,#6026));
#6028=FACE_OUTER_BOUND('',#6027,.F.);
#6029=ADVANCED_FACE('',(#6028),#6020,.T.);
#6030=FILL_AREA_STYLE_COLOUR('',#26);
#6031=FILL_AREA_STYLE('',(#6030));
#6032=SURFACE_STYLE_FILL_AREA(#6031);
#6033=SURFACE_SIDE_STYLE('',(#6032));
#6034=SURFACE_STYLE_USAGE(.POSITIVE.,#6033);
#6035=PRESENTATION_STYLE_ASSIGNMENT((#6034));
#6036=STYLED_ITEM('',(#6035),#6029);
#6037=CARTESIAN_POINT('',(-3.88325E-1,6.819361703023E-1,0.E0));
#6038=DIRECTION('',(0.E0,-1.E0,0.E0));
#6039=DIRECTION('',(-1.E0,0.E0,0.E0));
#6040=AXIS2_PLACEMENT_3D('',#6037,#6038,#6039);
#6041=PLANE('',#6040);
#6042=ORIENTED_EDGE('',*,*,#3263,.F.);
#6044=ORIENTED_EDGE('',*,*,#6043,.T.);
#6046=ORIENTED_EDGE('',*,*,#6045,.T.);
#6047=ORIENTED_EDGE('',*,*,#6022,.F.);
#6048=EDGE_LOOP('',(#6042,#6044,#6046,#6047));
#6049=FACE_OUTER_BOUND('',#6048,.F.);
#6050=ADVANCED_FACE('',(#6049),#6041,.T.);
#6051=FILL_AREA_STYLE_COLOUR('',#26);
#6052=FILL_AREA_STYLE('',(#6051));
#6053=SURFACE_STYLE_FILL_AREA(#6052);
#6054=SURFACE_SIDE_STYLE('',(#6053));
#6055=SURFACE_STYLE_USAGE(.POSITIVE.,#6054);
#6056=PRESENTATION_STYLE_ASSIGNMENT((#6055));
#6057=STYLED_ITEM('',(#6056),#6050);
#6058=CARTESIAN_POINT('',(-3.88325E-1,7.18E-1,0.E0));
#6059=DIRECTION('',(1.E0,0.E0,0.E0));
#6060=DIRECTION('',(0.E0,-1.E0,0.E0));
#6061=AXIS2_PLACEMENT_3D('',#6058,#6059,#6060);
#6062=PLANE('',#6061);
#6063=ORIENTED_EDGE('',*,*,#3261,.F.);
#6065=ORIENTED_EDGE('',*,*,#6064,.T.);
#6067=ORIENTED_EDGE('',*,*,#6066,.T.);
#6068=ORIENTED_EDGE('',*,*,#6043,.F.);
#6069=EDGE_LOOP('',(#6063,#6065,#6067,#6068));
#6070=FACE_OUTER_BOUND('',#6069,.F.);
#6071=ADVANCED_FACE('',(#6070),#6062,.T.);
#6072=FILL_AREA_STYLE_COLOUR('',#26);
#6073=FILL_AREA_STYLE('',(#6072));
#6074=SURFACE_STYLE_FILL_AREA(#6073);
#6075=SURFACE_SIDE_STYLE('',(#6074));
#6076=SURFACE_STYLE_USAGE(.POSITIVE.,#6075);
#6077=PRESENTATION_STYLE_ASSIGNMENT((#6076));
#6078=STYLED_ITEM('',(#6077),#6071);
#6079=CARTESIAN_POINT('',(-6.002E-1,7.18E-1,0.E0));
#6080=DIRECTION('',(0.E0,1.E0,0.E0));
#6081=DIRECTION('',(1.E0,0.E0,0.E0));
#6082=AXIS2_PLACEMENT_3D('',#6079,#6080,#6081);
#6083=PLANE('',#6082);
#6084=ORIENTED_EDGE('',*,*,#3259,.F.);
#6085=ORIENTED_EDGE('',*,*,#5983,.T.);
#6087=ORIENTED_EDGE('',*,*,#6086,.T.);
#6088=ORIENTED_EDGE('',*,*,#6064,.F.);
#6089=EDGE_LOOP('',(#6084,#6085,#6087,#6088));
#6090=FACE_OUTER_BOUND('',#6089,.F.);
#6091=ADVANCED_FACE('',(#6090),#6083,.T.);
#6092=FILL_AREA_STYLE_COLOUR('',#26);
#6093=FILL_AREA_STYLE('',(#6092));
#6094=SURFACE_STYLE_FILL_AREA(#6093);
#6095=SURFACE_SIDE_STYLE('',(#6094));
#6096=SURFACE_STYLE_USAGE(.POSITIVE.,#6095);
#6097=PRESENTATION_STYLE_ASSIGNMENT((#6096));
#6098=STYLED_ITEM('',(#6097),#6091);
#6099=CARTESIAN_POINT('',(0.E0,0.E0,-2.E-2));
#6100=DIRECTION('',(0.E0,0.E0,-1.E0));
#6101=DIRECTION('',(1.E0,0.E0,0.E0));
#6102=AXIS2_PLACEMENT_3D('',#6099,#6100,#6101);
#6103=PLANE('',#6102);
#6104=ORIENTED_EDGE('',*,*,#5981,.F.);
#6105=ORIENTED_EDGE('',*,*,#6003,.F.);
#6106=ORIENTED_EDGE('',*,*,#6024,.F.);
#6107=ORIENTED_EDGE('',*,*,#6045,.F.);
#6108=ORIENTED_EDGE('',*,*,#6066,.F.);
#6109=ORIENTED_EDGE('',*,*,#6086,.F.);
#6110=EDGE_LOOP('',(#6104,#6105,#6106,#6107,#6108,#6109));
#6111=FACE_OUTER_BOUND('',#6110,.F.);
#6112=ADVANCED_FACE('',(#6111),#6103,.T.);
#6113=FILL_AREA_STYLE_COLOUR('',#26);
#6114=FILL_AREA_STYLE('',(#6113));
#6115=SURFACE_STYLE_FILL_AREA(#6114);
#6116=SURFACE_SIDE_STYLE('',(#6115));
#6117=SURFACE_STYLE_USAGE(.POSITIVE.,#6116);
#6118=PRESENTATION_STYLE_ASSIGNMENT((#6117));
#6119=STYLED_ITEM('',(#6118),#6112);
#6120=CARTESIAN_POINT('',(0.E0,0.E0,-2.E-2));
#6121=DIRECTION('',(0.E0,0.E0,-1.E0));
#6122=DIRECTION('',(1.E0,0.E0,0.E0));
#6123=AXIS2_PLACEMENT_3D('',#6120,#6121,#6122);
#6124=PLANE('',#6123);
#6126=ORIENTED_EDGE('',*,*,#6125,.F.);
#6128=ORIENTED_EDGE('',*,*,#6127,.F.);
#6129=ORIENTED_EDGE('',*,*,#3142,.F.);
#6131=ORIENTED_EDGE('',*,*,#6130,.F.);
#6133=ORIENTED_EDGE('',*,*,#6132,.F.);
#6135=ORIENTED_EDGE('',*,*,#6134,.F.);
#6137=ORIENTED_EDGE('',*,*,#6136,.F.);
#6139=ORIENTED_EDGE('',*,*,#6138,.F.);
#6141=ORIENTED_EDGE('',*,*,#6140,.F.);
#6143=ORIENTED_EDGE('',*,*,#6142,.F.);
#6145=ORIENTED_EDGE('',*,*,#6144,.F.);
#6147=ORIENTED_EDGE('',*,*,#6146,.F.);
#6149=ORIENTED_EDGE('',*,*,#6148,.F.);
#6151=ORIENTED_EDGE('',*,*,#6150,.F.);
#6153=ORIENTED_EDGE('',*,*,#6152,.F.);
#6155=ORIENTED_EDGE('',*,*,#6154,.F.);
#6157=ORIENTED_EDGE('',*,*,#6156,.F.);
#6159=ORIENTED_EDGE('',*,*,#6158,.F.);
#6161=ORIENTED_EDGE('',*,*,#6160,.F.);
#6163=ORIENTED_EDGE('',*,*,#6162,.F.);
#6165=ORIENTED_EDGE('',*,*,#6164,.F.);
#6167=ORIENTED_EDGE('',*,*,#6166,.F.);
#6169=ORIENTED_EDGE('',*,*,#6168,.F.);
#6171=ORIENTED_EDGE('',*,*,#6170,.F.);
#6173=ORIENTED_EDGE('',*,*,#6172,.F.);
#6175=ORIENTED_EDGE('',*,*,#6174,.F.);
#6177=ORIENTED_EDGE('',*,*,#6176,.F.);
#6179=ORIENTED_EDGE('',*,*,#6178,.F.);
#6181=ORIENTED_EDGE('',*,*,#6180,.F.);
#6183=ORIENTED_EDGE('',*,*,#6182,.F.);
#6185=ORIENTED_EDGE('',*,*,#6184,.F.);
#6187=ORIENTED_EDGE('',*,*,#6186,.F.);
#6189=ORIENTED_EDGE('',*,*,#6188,.F.);
#6191=ORIENTED_EDGE('',*,*,#6190,.F.);
#6193=ORIENTED_EDGE('',*,*,#6192,.F.);
#6195=ORIENTED_EDGE('',*,*,#6194,.F.);
#6197=ORIENTED_EDGE('',*,*,#6196,.F.);
#6199=ORIENTED_EDGE('',*,*,#6198,.F.);
#6201=ORIENTED_EDGE('',*,*,#6200,.F.);
#6203=ORIENTED_EDGE('',*,*,#6202,.F.);
#6204=EDGE_LOOP('',(#6126,#6128,#6129,#6131,#6133,#6135,#6137,#6139,#6141,#6143,
#6145,#6147,#6149,#6151,#6153,#6155,#6157,#6159,#6161,#6163,#6165,#6167,#6169,
#6171,#6173,#6175,#6177,#6179,#6181,#6183,#6185,#6187,#6189,#6191,#6193,#6195,
#6197,#6199,#6201,#6203));
#6205=FACE_OUTER_BOUND('',#6204,.F.);
#6206=ADVANCED_FACE('',(#6205),#6124,.T.);
#6207=FILL_AREA_STYLE_COLOUR('',#26);
#6208=FILL_AREA_STYLE('',(#6207));
#6209=SURFACE_STYLE_FILL_AREA(#6208);
#6210=SURFACE_SIDE_STYLE('',(#6209));
#6211=SURFACE_STYLE_USAGE(.POSITIVE.,#6210);
#6212=PRESENTATION_STYLE_ASSIGNMENT((#6211));
#6213=STYLED_ITEM('',(#6212),#6206);
#6214=CARTESIAN_POINT('',(0.E0,0.E0,-2.E-2));
#6215=DIRECTION('',(0.E0,0.E0,-1.E0));
#6216=DIRECTION('',(1.E0,0.E0,0.E0));
#6217=AXIS2_PLACEMENT_3D('',#6214,#6215,#6216);
#6218=PLANE('',#6217);
#6220=ORIENTED_EDGE('',*,*,#6219,.F.);
#6222=ORIENTED_EDGE('',*,*,#6221,.F.);
#6224=ORIENTED_EDGE('',*,*,#6223,.F.);
#6226=ORIENTED_EDGE('',*,*,#6225,.F.);
#6228=ORIENTED_EDGE('',*,*,#6227,.F.);
#6230=ORIENTED_EDGE('',*,*,#6229,.F.);
#6232=ORIENTED_EDGE('',*,*,#6231,.F.);
#6234=ORIENTED_EDGE('',*,*,#6233,.F.);
#6236=ORIENTED_EDGE('',*,*,#6235,.F.);
#6238=ORIENTED_EDGE('',*,*,#6237,.F.);
#6240=ORIENTED_EDGE('',*,*,#6239,.F.);
#6242=ORIENTED_EDGE('',*,*,#6241,.F.);
#6243=EDGE_LOOP('',(#6220,#6222,#6224,#6226,#6228,#6230,#6232,#6234,#6236,#6238,
#6240,#6242));
#6244=FACE_OUTER_BOUND('',#6243,.F.);
#6245=ADVANCED_FACE('',(#6244),#6218,.T.);
#6246=FILL_AREA_STYLE_COLOUR('',#26);
#6247=FILL_AREA_STYLE('',(#6246));
#6248=SURFACE_STYLE_FILL_AREA(#6247);
#6249=SURFACE_SIDE_STYLE('',(#6248));
#6250=SURFACE_STYLE_USAGE(.POSITIVE.,#6249);
#6251=PRESENTATION_STYLE_ASSIGNMENT((#6250));
#6252=STYLED_ITEM('',(#6251),#6245);
#6253=CARTESIAN_POINT('',(0.E0,0.E0,-2.E-2));
#6254=DIRECTION('',(0.E0,0.E0,-1.E0));
#6255=DIRECTION('',(1.E0,0.E0,0.E0));
#6256=AXIS2_PLACEMENT_3D('',#6253,#6254,#6255);
#6257=PLANE('',#6256);
#6259=ORIENTED_EDGE('',*,*,#6258,.F.);
#6261=ORIENTED_EDGE('',*,*,#6260,.F.);
#6263=ORIENTED_EDGE('',*,*,#6262,.F.);
#6265=ORIENTED_EDGE('',*,*,#6264,.F.);
#6267=ORIENTED_EDGE('',*,*,#6266,.F.);
#6269=ORIENTED_EDGE('',*,*,#6268,.F.);
#6271=ORIENTED_EDGE('',*,*,#6270,.F.);
#6273=ORIENTED_EDGE('',*,*,#6272,.F.);
#6275=ORIENTED_EDGE('',*,*,#6274,.F.);
#6277=ORIENTED_EDGE('',*,*,#6276,.F.);
#6279=ORIENTED_EDGE('',*,*,#6278,.F.);
#6281=ORIENTED_EDGE('',*,*,#6280,.F.);
#6283=ORIENTED_EDGE('',*,*,#6282,.F.);
#6285=ORIENTED_EDGE('',*,*,#6284,.F.);
#6286=EDGE_LOOP('',(#6259,#6261,#6263,#6265,#6267,#6269,#6271,#6273,#6275,#6277,
#6279,#6281,#6283,#6285));
#6287=FACE_OUTER_BOUND('',#6286,.F.);
#6289=ORIENTED_EDGE('',*,*,#6288,.F.);
#6291=ORIENTED_EDGE('',*,*,#6290,.F.);
#6293=ORIENTED_EDGE('',*,*,#6292,.F.);
#6295=ORIENTED_EDGE('',*,*,#6294,.F.);
#6297=ORIENTED_EDGE('',*,*,#6296,.F.);
#6299=ORIENTED_EDGE('',*,*,#6298,.F.);
#6301=ORIENTED_EDGE('',*,*,#6300,.F.);
#6303=ORIENTED_EDGE('',*,*,#6302,.F.);
#6305=ORIENTED_EDGE('',*,*,#6304,.F.);
#6307=ORIENTED_EDGE('',*,*,#6306,.F.);
#6309=ORIENTED_EDGE('',*,*,#6308,.F.);
#6311=ORIENTED_EDGE('',*,*,#6310,.F.);
#6312=EDGE_LOOP('',(#6289,#6291,#6293,#6295,#6297,#6299,#6301,#6303,#6305,#6307,
#6309,#6311));
#6313=FACE_BOUND('',#6312,.F.);
#6314=ADVANCED_FACE('',(#6287,#6313),#6257,.T.);
#6315=FILL_AREA_STYLE_COLOUR('',#26);
#6316=FILL_AREA_STYLE('',(#6315));
#6317=SURFACE_STYLE_FILL_AREA(#6316);
#6318=SURFACE_SIDE_STYLE('',(#6317));
#6319=SURFACE_STYLE_USAGE(.POSITIVE.,#6318);
#6320=PRESENTATION_STYLE_ASSIGNMENT((#6319));
#6321=STYLED_ITEM('',(#6320),#6314);
#6322=CARTESIAN_POINT('',(0.E0,0.E0,-2.E-2));
#6323=DIRECTION('',(0.E0,0.E0,-1.E0));
#6324=DIRECTION('',(1.E0,0.E0,0.E0));
#6325=AXIS2_PLACEMENT_3D('',#6322,#6323,#6324);
#6326=PLANE('',#6325);
#6328=ORIENTED_EDGE('',*,*,#6327,.F.);
#6330=ORIENTED_EDGE('',*,*,#6329,.F.);
#6332=ORIENTED_EDGE('',*,*,#6331,.F.);
#6334=ORIENTED_EDGE('',*,*,#6333,.F.);
#6336=ORIENTED_EDGE('',*,*,#6335,.F.);
#6338=ORIENTED_EDGE('',*,*,#6337,.F.);
#6340=ORIENTED_EDGE('',*,*,#6339,.F.);
#6342=ORIENTED_EDGE('',*,*,#6341,.F.);
#6343=EDGE_LOOP('',(#6328,#6330,#6332,#6334,#6336,#6338,#6340,#6342));
#6344=FACE_OUTER_BOUND('',#6343,.F.);
#6346=ORIENTED_EDGE('',*,*,#6345,.F.);
#6348=ORIENTED_EDGE('',*,*,#6347,.F.);
#6350=ORIENTED_EDGE('',*,*,#6349,.F.);
#6351=EDGE_LOOP('',(#6346,#6348,#6350));
#6352=FACE_BOUND('',#6351,.F.);
#6353=ADVANCED_FACE('',(#6344,#6352),#6326,.T.);
#6354=FILL_AREA_STYLE_COLOUR('',#26);
#6355=FILL_AREA_STYLE('',(#6354));
#6356=SURFACE_STYLE_FILL_AREA(#6355);
#6357=SURFACE_SIDE_STYLE('',(#6356));
#6358=SURFACE_STYLE_USAGE(.POSITIVE.,#6357);
#6359=PRESENTATION_STYLE_ASSIGNMENT((#6358));
#6360=STYLED_ITEM('',(#6359),#6353);
#6361=CARTESIAN_POINT('',(-1.117104278922E-1,6.458723406047E-1,0.E0));
#6362=DIRECTION('',(0.E0,-1.E0,0.E0));
#6363=DIRECTION('',(-1.E0,0.E0,0.E0));
#6364=AXIS2_PLACEMENT_3D('',#6361,#6362,#6363);
#6365=PLANE('',#6364);
#6366=ORIENTED_EDGE('',*,*,#3271,.F.);
#6368=ORIENTED_EDGE('',*,*,#6367,.T.);
#6369=ORIENTED_EDGE('',*,*,#6125,.T.);
#6371=ORIENTED_EDGE('',*,*,#6370,.F.);
#6372=EDGE_LOOP('',(#6366,#6368,#6369,#6371));
#6373=FACE_OUTER_BOUND('',#6372,.F.);
#6374=ADVANCED_FACE('',(#6373),#6365,.T.);
#6375=FILL_AREA_STYLE_COLOUR('',#26);
#6376=FILL_AREA_STYLE('',(#6375));
#6377=SURFACE_STYLE_FILL_AREA(#6376);
#6378=SURFACE_SIDE_STYLE('',(#6377));
#6379=SURFACE_STYLE_USAGE(.POSITIVE.,#6378);
#6380=PRESENTATION_STYLE_ASSIGNMENT((#6379));
#6381=STYLED_ITEM('',(#6380),#6374);
#6382=CARTESIAN_POINT('',(-1.175958221078E-1,6.759255327210E-1,0.E0));
#6383=DIRECTION('',(9.813592778365E-1,1.921821214477E-1,0.E0));
#6384=DIRECTION('',(1.921821214477E-1,-9.813592778365E-1,0.E0));
#6385=AXIS2_PLACEMENT_3D('',#6382,#6383,#6384);
#6386=PLANE('',#6385);
#6387=ORIENTED_EDGE('',*,*,#3348,.F.);
#6388=ORIENTED_EDGE('',*,*,#3144,.T.);
#6389=ORIENTED_EDGE('',*,*,#6127,.T.);
#6390=ORIENTED_EDGE('',*,*,#6367,.F.);
#6391=EDGE_LOOP('',(#6387,#6388,#6389,#6390));
#6392=FACE_OUTER_BOUND('',#6391,.F.);
#6393=ADVANCED_FACE('',(#6392),#6386,.T.);
#6394=FILL_AREA_STYLE_COLOUR('',#26);
#6395=FILL_AREA_STYLE('',(#6394));
#6396=SURFACE_STYLE_FILL_AREA(#6395);
#6397=SURFACE_SIDE_STYLE('',(#6396));
#6398=SURFACE_STYLE_USAGE(.POSITIVE.,#6397);
#6399=PRESENTATION_STYLE_ASSIGNMENT((#6398));
#6400=STYLED_ITEM('',(#6399),#6393);
#6401=CARTESIAN_POINT('',(-1.470229278922E-1,6.458723406047E-1,0.E0));
#6402=DIRECTION('',(-9.506455412394E-1,-3.102789952956E-1,0.E0));
#6403=DIRECTION('',(-3.102789952956E-1,9.506455412394E-1,0.E0));
#6404=AXIS2_PLACEMENT_3D('',#6401,#6402,#6403);
#6405=PLANE('',#6404);
#6406=ORIENTED_EDGE('',*,*,#3273,.F.);
#6407=ORIENTED_EDGE('',*,*,#6370,.T.);
#6408=ORIENTED_EDGE('',*,*,#6202,.T.);
#6410=ORIENTED_EDGE('',*,*,#6409,.F.);
#6411=EDGE_LOOP('',(#6406,#6407,#6408,#6410));
#6412=FACE_OUTER_BOUND('',#6411,.F.);
#6413=ADVANCED_FACE('',(#6412),#6405,.T.);
#6414=FILL_AREA_STYLE_COLOUR('',#26);
#6415=FILL_AREA_STYLE('',(#6414));
#6416=SURFACE_STYLE_FILL_AREA(#6415);
#6417=SURFACE_SIDE_STYLE('',(#6416));
#6418=SURFACE_STYLE_USAGE(.POSITIVE.,#6417);
#6419=PRESENTATION_STYLE_ASSIGNMENT((#6418));
#6420=STYLED_ITEM('',(#6419),#6413);
#6421=CARTESIAN_POINT('',(-1.529083221078E-1,6.639042533487E-1,0.E0));
#6422=DIRECTION('',(-5.627910658976E-1,-8.265991871191E-1,0.E0));
#6423=DIRECTION('',(-8.265991871191E-1,5.627910658976E-1,0.E0));
#6424=AXIS2_PLACEMENT_3D('',#6421,#6422,#6423);
#6425=PLANE('',#6424);
#6426=ORIENTED_EDGE('',*,*,#3275,.F.);
#6427=ORIENTED_EDGE('',*,*,#6409,.T.);
#6428=ORIENTED_EDGE('',*,*,#6200,.T.);
#6430=ORIENTED_EDGE('',*,*,#6429,.F.);
#6431=EDGE_LOOP('',(#6426,#6427,#6428,#6430));
#6432=FACE_OUTER_BOUND('',#6431,.F.);
#6433=ADVANCED_FACE('',(#6432),#6425,.T.);
#6434=FILL_AREA_STYLE_COLOUR('',#26);
#6435=FILL_AREA_STYLE('',(#6434));
#6436=SURFACE_STYLE_FILL_AREA(#6435);
#6437=SURFACE_SIDE_STYLE('',(#6436));
#6438=SURFACE_STYLE_USAGE(.POSITIVE.,#6437);
#6439=PRESENTATION_STYLE_ASSIGNMENT((#6438));
#6440=STYLED_ITEM('',(#6439),#6433);
#6441=CARTESIAN_POINT('',(-1.705645721078E-1,6.759255327210E-1,0.E0));
#6442=DIRECTION('',(-2.473831068378E-1,-9.689177459678E-1,0.E0));
#6443=DIRECTION('',(-9.689177459678E-1,2.473831068378E-1,0.E0));
#6444=AXIS2_PLACEMENT_3D('',#6441,#6442,#6443);
#6445=PLANE('',#6444);
#6446=ORIENTED_EDGE('',*,*,#3277,.F.);
#6447=ORIENTED_EDGE('',*,*,#6429,.T.);
#6448=ORIENTED_EDGE('',*,*,#6198,.T.);
#6450=ORIENTED_EDGE('',*,*,#6449,.F.);
#6451=EDGE_LOOP('',(#6446,#6447,#6448,#6450));
#6452=FACE_OUTER_BOUND('',#6451,.F.);
#6453=ADVANCED_FACE('',(#6452),#6445,.T.);
#6454=FILL_AREA_STYLE_COLOUR('',#26);
#6455=FILL_AREA_STYLE('',(#6454));
#6456=SURFACE_STYLE_FILL_AREA(#6455);
#6457=SURFACE_SIDE_STYLE('',(#6456));
#6458=SURFACE_STYLE_USAGE(.POSITIVE.,#6457);
#6459=PRESENTATION_STYLE_ASSIGNMENT((#6458));
#6460=STYLED_ITEM('',(#6459),#6453);
#6461=CARTESIAN_POINT('',(-1.9410625E-1,6.819361703023E-1,0.E0));
#6462=DIRECTION('',(0.E0,-1.E0,0.E0));
#6463=DIRECTION('',(-1.E0,0.E0,0.E0));
#6464=AXIS2_PLACEMENT_3D('',#6461,#6462,#6463);
#6465=PLANE('',#6464);
#6466=ORIENTED_EDGE('',*,*,#3279,.F.);
#6467=ORIENTED_EDGE('',*,*,#6449,.T.);
#6468=ORIENTED_EDGE('',*,*,#6196,.T.);
#6470=ORIENTED_EDGE('',*,*,#6469,.F.);
#6471=EDGE_LOOP('',(#6466,#6467,#6468,#6470));
#6472=FACE_OUTER_BOUND('',#6471,.F.);
#6473=ADVANCED_FACE('',(#6472),#6465,.T.);
#6474=FILL_AREA_STYLE_COLOUR('',#26);
#6475=FILL_AREA_STYLE('',(#6474));
#6476=SURFACE_STYLE_FILL_AREA(#6475);
#6477=SURFACE_SIDE_STYLE('',(#6476));
#6478=SURFACE_STYLE_USAGE(.POSITIVE.,#6477);
#6479=PRESENTATION_STYLE_ASSIGNMENT((#6478));
#6480=STYLED_ITEM('',(#6479),#6473);
#6481=CARTESIAN_POINT('',(-2.47075E-1,6.819361703023E-1,0.E0));
#6482=DIRECTION('',(2.473831068378E-1,-9.689177459678E-1,0.E0));
#6483=DIRECTION('',(-9.689177459678E-1,-2.473831068378E-1,0.E0));
#6484=AXIS2_PLACEMENT_3D('',#6481,#6482,#6483);
#6485=PLANE('',#6484);
#6486=ORIENTED_EDGE('',*,*,#3281,.F.);
#6487=ORIENTED_EDGE('',*,*,#6469,.T.);
#6488=ORIENTED_EDGE('',*,*,#6194,.T.);
#6490=ORIENTED_EDGE('',*,*,#6489,.F.);
#6491=EDGE_LOOP('',(#6486,#6487,#6488,#6490));
#6492=FACE_OUTER_BOUND('',#6491,.F.);
#6493=ADVANCED_FACE('',(#6492),#6485,.T.);
#6494=FILL_AREA_STYLE_COLOUR('',#26);
#6495=FILL_AREA_STYLE('',(#6494));
#6496=SURFACE_STYLE_FILL_AREA(#6495);
#6497=SURFACE_SIDE_STYLE('',(#6496));
#6498=SURFACE_STYLE_USAGE(.POSITIVE.,#6497);
#6499=PRESENTATION_STYLE_ASSIGNMENT((#6498));
#6500=STYLED_ITEM('',(#6499),#6493);
#6501=CARTESIAN_POINT('',(-2.706166778922E-1,6.759255327210E-1,0.E0));
#6502=DIRECTION('',(5.627910658976E-1,-8.265991871191E-1,0.E0));
#6503=DIRECTION('',(-8.265991871191E-1,-5.627910658976E-1,0.E0));
#6504=AXIS2_PLACEMENT_3D('',#6501,#6502,#6503);
#6505=PLANE('',#6504);
#6506=ORIENTED_EDGE('',*,*,#3283,.F.);
#6507=ORIENTED_EDGE('',*,*,#6489,.T.);
#6508=ORIENTED_EDGE('',*,*,#6192,.T.);
#6510=ORIENTED_EDGE('',*,*,#6509,.F.);
#6511=EDGE_LOOP('',(#6506,#6507,#6508,#6510));
#6512=FACE_OUTER_BOUND('',#6511,.F.);
#6513=ADVANCED_FACE('',(#6512),#6505,.T.);
#6514=FILL_AREA_STYLE_COLOUR('',#26);
#6515=FILL_AREA_STYLE('',(#6514));
#6516=SURFACE_STYLE_FILL_AREA(#6515);
#6517=SURFACE_SIDE_STYLE('',(#6516));
#6518=SURFACE_STYLE_USAGE(.POSITIVE.,#6517);
#6519=PRESENTATION_STYLE_ASSIGNMENT((#6518));
#6520=STYLED_ITEM('',(#6519),#6513);
#6521=CARTESIAN_POINT('',(-2.882729278922E-1,6.639042533487E-1,0.E0));
#6522=DIRECTION('',(8.373793591563E-1,-5.466221810895E-1,0.E0));
#6523=DIRECTION('',(-5.466221810895E-1,-8.373793591563E-1,0.E0));
#6524=AXIS2_PLACEMENT_3D('',#6521,#6522,#6523);
#6525=PLANE('',#6524);
#6526=ORIENTED_EDGE('',*,*,#3285,.F.);
#6527=ORIENTED_EDGE('',*,*,#6509,.T.);
#6528=ORIENTED_EDGE('',*,*,#6190,.T.);
#6530=ORIENTED_EDGE('',*,*,#6529,.F.);
#6531=EDGE_LOOP('',(#6526,#6527,#6528,#6530));
#6532=FACE_OUTER_BOUND('',#6531,.F.);
#6533=ADVANCED_FACE('',(#6532),#6525,.T.);
#6534=FILL_AREA_STYLE_COLOUR('',#26);
#6535=FILL_AREA_STYLE('',(#6534));
#6536=SURFACE_STYLE_FILL_AREA(#6535);
#6537=SURFACE_SIDE_STYLE('',(#6536));
#6538=SURFACE_STYLE_USAGE(.POSITIVE.,#6537);
#6539=PRESENTATION_STYLE_ASSIGNMENT((#6538));
#6540=STYLED_ITEM('',(#6539),#6533);
#6541=CARTESIAN_POINT('',(-3.0004375E-1,6.458723406047E-1,0.E0));
#6542=DIRECTION('',(9.713210491251E-1,-2.377717803411E-1,0.E0));
#6543=DIRECTION('',(-2.377717803411E-1,-9.713210491251E-1,0.E0));
#6544=AXIS2_PLACEMENT_3D('',#6541,#6542,#6543);
#6545=PLANE('',#6544);
#6546=ORIENTED_EDGE('',*,*,#3287,.F.);
#6547=ORIENTED_EDGE('',*,*,#6529,.T.);
#6548=ORIENTED_EDGE('',*,*,#6188,.T.);
#6550=ORIENTED_EDGE('',*,*,#6549,.F.);
#6551=EDGE_LOOP('',(#6546,#6547,#6548,#6550));
#6552=FACE_OUTER_BOUND('',#6551,.F.);
#6553=ADVANCED_FACE('',(#6552),#6545,.T.);
#6554=FILL_AREA_STYLE_COLOUR('',#26);
#6555=FILL_AREA_STYLE('',(#6554));
#6556=SURFACE_STYLE_FILL_AREA(#6555);
#6557=SURFACE_SIDE_STYLE('',(#6556));
#6558=SURFACE_STYLE_USAGE(.POSITIVE.,#6557);
#6559=PRESENTATION_STYLE_ASSIGNMENT((#6558));
#6560=STYLED_ITEM('',(#6559),#6553);
#6561=CARTESIAN_POINT('',(-3.059291778922E-1,6.218297902793E-1,0.E0));
#6562=DIRECTION('',(1.E0,0.E0,0.E0));
#6563=DIRECTION('',(0.E0,-1.E0,0.E0));
#6564=AXIS2_PLACEMENT_3D('',#6561,#6562,#6563);
#6565=PLANE('',#6564);
#6566=ORIENTED_EDGE('',*,*,#3289,.F.);
#6567=ORIENTED_EDGE('',*,*,#6549,.T.);
#6568=ORIENTED_EDGE('',*,*,#6186,.T.);
#6570=ORIENTED_EDGE('',*,*,#6569,.F.);
#6571=EDGE_LOOP('',(#6566,#6567,#6568,#6570));
#6572=FACE_OUTER_BOUND('',#6571,.F.);
#6573=ADVANCED_FACE('',(#6572),#6565,.T.);
#6574=FILL_AREA_STYLE_COLOUR('',#26);
#6575=FILL_AREA_STYLE('',(#6574));
#6576=SURFACE_STYLE_FILL_AREA(#6575);
#6577=SURFACE_SIDE_STYLE('',(#6576));
#6578=SURFACE_STYLE_USAGE(.POSITIVE.,#6577);
#6579=PRESENTATION_STYLE_ASSIGNMENT((#6578));
#6580=STYLED_ITEM('',(#6579),#6573);
#6581=CARTESIAN_POINT('',(-3.059291778922E-1,5.316702181399E-1,0.E0));
#6582=DIRECTION('',(9.713210491251E-1,2.377717803411E-1,0.E0));
#6583=DIRECTION('',(2.377717803411E-1,-9.713210491251E-1,0.E0));
#6584=AXIS2_PLACEMENT_3D('',#6581,#6582,#6583);
#6585=PLANE('',#6584);
#6586=ORIENTED_EDGE('',*,*,#3291,.F.);
#6587=ORIENTED_EDGE('',*,*,#6569,.T.);
#6588=ORIENTED_EDGE('',*,*,#6184,.T.);
#6590=ORIENTED_EDGE('',*,*,#6589,.F.);
#6591=EDGE_LOOP('',(#6586,#6587,#6588,#6590));
#6592=FACE_OUTER_BOUND('',#6591,.F.);
#6593=ADVANCED_FACE('',(#6592),#6585,.T.);
#6594=FILL_AREA_STYLE_COLOUR('',#26);
#6595=FILL_AREA_STYLE('',(#6594));
#6596=SURFACE_STYLE_FILL_AREA(#6595);
#6597=SURFACE_SIDE_STYLE('',(#6596));
#6598=SURFACE_STYLE_USAGE(.POSITIVE.,#6597);
#6599=PRESENTATION_STYLE_ASSIGNMENT((#6598));
#6600=STYLED_ITEM('',(#6599),#6593);
#6601=CARTESIAN_POINT('',(-3.0004375E-1,5.076276678145E-1,0.E0));
#6602=DIRECTION('',(8.373795927994E-1,5.466218231676E-1,0.E0));
#6603=DIRECTION('',(5.466218231676E-1,-8.373795927994E-1,0.E0));
#6604=AXIS2_PLACEMENT_3D('',#6601,#6602,#6603);
#6605=PLANE('',#6604);
#6606=ORIENTED_EDGE('',*,*,#3293,.F.);
#6607=ORIENTED_EDGE('',*,*,#6589,.T.);
#6608=ORIENTED_EDGE('',*,*,#6182,.T.);
#6610=ORIENTED_EDGE('',*,*,#6609,.F.);
#6611=EDGE_LOOP('',(#6606,#6607,#6608,#6610));
#6612=FACE_OUTER_BOUND('',#6611,.F.);
#6613=ADVANCED_FACE('',(#6612),#6605,.T.);
#6614=FILL_AREA_STYLE_COLOUR('',#26);
#6615=FILL_AREA_STYLE('',(#6614));
#6616=SURFACE_STYLE_FILL_AREA(#6615);
#6617=SURFACE_SIDE_STYLE('',(#6616));
#6618=SURFACE_STYLE_USAGE(.POSITIVE.,#6617);
#6619=PRESENTATION_STYLE_ASSIGNMENT((#6618));
#6620=STYLED_ITEM('',(#6619),#6613);
#6621=CARTESIAN_POINT('',(-2.882729278922E-1,4.895957382321E-1,0.E0));
#6622=DIRECTION('',(5.627909312417E-1,8.265992787996E-1,0.E0));
#6623=DIRECTION('',(8.265992787996E-1,-5.627909312417E-1,0.E0));
#6624=AXIS2_PLACEMENT_3D('',#6621,#6622,#6623);
#6625=PLANE('',#6624);
#6626=ORIENTED_EDGE('',*,*,#3295,.F.);
#6627=ORIENTED_EDGE('',*,*,#6609,.T.);
#6628=ORIENTED_EDGE('',*,*,#6180,.T.);
#6630=ORIENTED_EDGE('',*,*,#6629,.F.);
#6631=EDGE_LOOP('',(#6626,#6627,#6628,#6630));
#6632=FACE_OUTER_BOUND('',#6631,.F.);
#6633=ADVANCED_FACE('',(#6632),#6625,.T.);
#6634=FILL_AREA_STYLE_COLOUR('',#26);
#6635=FILL_AREA_STYLE('',(#6634));
#6636=SURFACE_STYLE_FILL_AREA(#6635);
#6637=SURFACE_SIDE_STYLE('',(#6636));
#6638=SURFACE_STYLE_USAGE(.POSITIVE.,#6637);
#6639=PRESENTATION_STYLE_ASSIGNMENT((#6638));
#6640=STYLED_ITEM('',(#6639),#6633);
#6641=CARTESIAN_POINT('',(-2.706166778922E-1,4.775744630694E-1,0.E0));
#6642=DIRECTION('',(2.473831068378E-1,9.689177459678E-1,0.E0));
#6643=DIRECTION('',(9.689177459678E-1,-2.473831068378E-1,0.E0));
#6644=AXIS2_PLACEMENT_3D('',#6641,#6642,#6643);
#6645=PLANE('',#6644);
#6646=ORIENTED_EDGE('',*,*,#3297,.F.);
#6647=ORIENTED_EDGE('',*,*,#6629,.T.);
#6648=ORIENTED_EDGE('',*,*,#6178,.T.);
#6650=ORIENTED_EDGE('',*,*,#6649,.F.);
#6651=EDGE_LOOP('',(#6646,#6647,#6648,#6650));
#6652=FACE_OUTER_BOUND('',#6651,.F.);
#6653=ADVANCED_FACE('',(#6652),#6645,.T.);
#6654=FILL_AREA_STYLE_COLOUR('',#26);
#6655=FILL_AREA_STYLE('',(#6654));
#6656=SURFACE_STYLE_FILL_AREA(#6655);
#6657=SURFACE_SIDE_STYLE('',(#6656));
#6658=SURFACE_STYLE_USAGE(.POSITIVE.,#6657);
#6659=PRESENTATION_STYLE_ASSIGNMENT((#6658));
#6660=STYLED_ITEM('',(#6659),#6653);
#6661=CARTESIAN_POINT('',(-2.47075E-1,4.715638254881E-1,0.E0));
#6662=DIRECTION('',(0.E0,1.E0,0.E0));
#6663=DIRECTION('',(1.E0,0.E0,0.E0));
#6664=AXIS2_PLACEMENT_3D('',#6661,#6662,#6663);
#6665=PLANE('',#6664);
#6666=ORIENTED_EDGE('',*,*,#3299,.F.);
#6667=ORIENTED_EDGE('',*,*,#6649,.T.);
#6668=ORIENTED_EDGE('',*,*,#6176,.T.);
#6670=ORIENTED_EDGE('',*,*,#6669,.F.);
#6671=EDGE_LOOP('',(#6666,#6667,#6668,#6670));
#6672=FACE_OUTER_BOUND('',#6671,.F.);
#6673=ADVANCED_FACE('',(#6672),#6665,.T.);
#6674=FILL_AREA_STYLE_COLOUR('',#26);
#6675=FILL_AREA_STYLE('',(#6674));
#6676=SURFACE_STYLE_FILL_AREA(#6675);
#6677=SURFACE_SIDE_STYLE('',(#6676));
#6678=SURFACE_STYLE_USAGE(.POSITIVE.,#6677);
#6679=PRESENTATION_STYLE_ASSIGNMENT((#6678));
#6680=STYLED_ITEM('',(#6679),#6673);
#6681=CARTESIAN_POINT('',(-1.9410625E-1,4.715638254881E-1,0.E0));
#6682=DIRECTION('',(-2.473831068378E-1,9.689177459678E-1,0.E0));
#6683=DIRECTION('',(9.689177459678E-1,2.473831068378E-1,0.E0));
#6684=AXIS2_PLACEMENT_3D('',#6681,#6682,#6683);
#6685=PLANE('',#6684);
#6686=ORIENTED_EDGE('',*,*,#3301,.F.);
#6687=ORIENTED_EDGE('',*,*,#6669,.T.);
#6688=ORIENTED_EDGE('',*,*,#6174,.T.);
#6690=ORIENTED_EDGE('',*,*,#6689,.F.);
#6691=EDGE_LOOP('',(#6686,#6687,#6688,#6690));
#6692=FACE_OUTER_BOUND('',#6691,.F.);
#6693=ADVANCED_FACE('',(#6692),#6685,.T.);
#6694=FILL_AREA_STYLE_COLOUR('',#26);
#6695=FILL_AREA_STYLE('',(#6694));
#6696=SURFACE_STYLE_FILL_AREA(#6695);
#6697=SURFACE_SIDE_STYLE('',(#6696));
#6698=SURFACE_STYLE_USAGE(.POSITIVE.,#6697);
#6699=PRESENTATION_STYLE_ASSIGNMENT((#6698));
#6700=STYLED_ITEM('',(#6699),#6693);
#6701=CARTESIAN_POINT('',(-1.705645721078E-1,4.775744630694E-1,0.E0));
#6702=DIRECTION('',(-5.627909312417E-1,8.265992787996E-1,0.E0));
#6703=DIRECTION('',(8.265992787996E-1,5.627909312417E-1,0.E0));
#6704=AXIS2_PLACEMENT_3D('',#6701,#6702,#6703);
#6705=PLANE('',#6704);
#6706=ORIENTED_EDGE('',*,*,#3303,.F.);
#6707=ORIENTED_EDGE('',*,*,#6689,.T.);
#6708=ORIENTED_EDGE('',*,*,#6172,.T.);
#6710=ORIENTED_EDGE('',*,*,#6709,.F.);
#6711=EDGE_LOOP('',(#6706,#6707,#6708,#6710));
#6712=FACE_OUTER_BOUND('',#6711,.F.);
#6713=ADVANCED_FACE('',(#6712),#6705,.T.);
#6714=FILL_AREA_STYLE_COLOUR('',#26);
#6715=FILL_AREA_STYLE('',(#6714));
#6716=SURFACE_STYLE_FILL_AREA(#6715);
#6717=SURFACE_SIDE_STYLE('',(#6716));
#6718=SURFACE_STYLE_USAGE(.POSITIVE.,#6717);
#6719=PRESENTATION_STYLE_ASSIGNMENT((#6718));
#6720=STYLED_ITEM('',(#6719),#6713);
#6721=CARTESIAN_POINT('',(-1.529083221078E-1,4.895957382321E-1,0.E0));
#6722=DIRECTION('',(-9.506456267027E-1,3.102787334496E-1,0.E0));
#6723=DIRECTION('',(3.102787334496E-1,9.506456267027E-1,0.E0));
#6724=AXIS2_PLACEMENT_3D('',#6721,#6722,#6723);
#6725=PLANE('',#6724);
#6726=ORIENTED_EDGE('',*,*,#3305,.F.);
#6727=ORIENTED_EDGE('',*,*,#6709,.T.);
#6728=ORIENTED_EDGE('',*,*,#6170,.T.);
#6730=ORIENTED_EDGE('',*,*,#6729,.F.);
#6731=EDGE_LOOP('',(#6726,#6727,#6728,#6730));
#6732=FACE_OUTER_BOUND('',#6731,.F.);
#6733=ADVANCED_FACE('',(#6732),#6725,.T.);
#6734=FILL_AREA_STYLE_COLOUR('',#26);
#6735=FILL_AREA_STYLE('',(#6734));
#6736=SURFACE_STYLE_FILL_AREA(#6735);
#6737=SURFACE_SIDE_STYLE('',(#6736));
#6738=SURFACE_STYLE_USAGE(.POSITIVE.,#6737);
#6739=PRESENTATION_STYLE_ASSIGNMENT((#6738));
#6740=STYLED_ITEM('',(#6739),#6733);
#6741=CARTESIAN_POINT('',(-1.470229278922E-1,5.076276678145E-1,0.E0));
#6742=DIRECTION('',(0.E0,1.E0,0.E0));
#6743=DIRECTION('',(1.E0,0.E0,0.E0));
#6744=AXIS2_PLACEMENT_3D('',#6741,#6742,#6743);
#6745=PLANE('',#6744);
#6746=ORIENTED_EDGE('',*,*,#3307,.F.);
#6747=ORIENTED_EDGE('',*,*,#6729,.T.);
#6748=ORIENTED_EDGE('',*,*,#6168,.T.);
#6750=ORIENTED_EDGE('',*,*,#6749,.F.);
#6751=EDGE_LOOP('',(#6746,#6747,#6748,#6750));
#6752=FACE_OUTER_BOUND('',#6751,.F.);
#6753=ADVANCED_FACE('',(#6752),#6745,.T.);
#6754=FILL_AREA_STYLE_COLOUR('',#26);
#6755=FILL_AREA_STYLE('',(#6754));
#6756=SURFACE_STYLE_FILL_AREA(#6755);
#6757=SURFACE_SIDE_STYLE('',(#6756));
#6758=SURFACE_STYLE_USAGE(.POSITIVE.,#6757);
#6759=PRESENTATION_STYLE_ASSIGNMENT((#6758));
#6760=STYLED_ITEM('',(#6759),#6753);
#6761=CARTESIAN_POINT('',(-1.117104278922E-1,5.076276678145E-1,0.E0));
#6762=DIRECTION('',(9.813592930674E-1,-1.921820436730E-1,0.E0));
#6763=DIRECTION('',(-1.921820436730E-1,-9.813592930674E-1,0.E0));
#6764=AXIS2_PLACEMENT_3D('',#6761,#6762,#6763);
#6765=PLANE('',#6764);
#6766=ORIENTED_EDGE('',*,*,#3309,.F.);
#6767=ORIENTED_EDGE('',*,*,#6749,.T.);
#6768=ORIENTED_EDGE('',*,*,#6166,.T.);
#6770=ORIENTED_EDGE('',*,*,#6769,.F.);
#6771=EDGE_LOOP('',(#6766,#6767,#6768,#6770));
#6772=FACE_OUTER_BOUND('',#6771,.F.);
#6773=ADVANCED_FACE('',(#6772),#6765,.T.);
#6774=FILL_AREA_STYLE_COLOUR('',#26);
#6775=FILL_AREA_STYLE('',(#6774));
#6776=SURFACE_STYLE_FILL_AREA(#6775);
#6777=SURFACE_SIDE_STYLE('',(#6776));
#6778=SURFACE_STYLE_USAGE(.POSITIVE.,#6777);
#6779=PRESENTATION_STYLE_ASSIGNMENT((#6778));
#6780=STYLED_ITEM('',(#6779),#6773);
#6781=CARTESIAN_POINT('',(-1.175958221078E-1,4.775744630694E-1,0.E0));
#6782=DIRECTION('',(7.145102180353E-1,-6.996250055017E-1,0.E0));
#6783=DIRECTION('',(-6.996250055017E-1,-7.145102180353E-1,0.E0));
#6784=AXIS2_PLACEMENT_3D('',#6781,#6782,#6783);
#6785=PLANE('',#6784);
#6786=ORIENTED_EDGE('',*,*,#3311,.F.);
#6787=ORIENTED_EDGE('',*,*,#6769,.T.);
#6788=ORIENTED_EDGE('',*,*,#6164,.T.);
#6790=ORIENTED_EDGE('',*,*,#6789,.F.);
#6791=EDGE_LOOP('',(#6786,#6787,#6788,#6790));
#6792=FACE_OUTER_BOUND('',#6791,.F.);
#6793=ADVANCED_FACE('',(#6792),#6785,.T.);
#6794=FILL_AREA_STYLE_COLOUR('',#26);
#6795=FILL_AREA_STYLE('',(#6794));
#6796=SURFACE_STYLE_FILL_AREA(#6795);
#6797=SURFACE_SIDE_STYLE('',(#6796));
#6798=SURFACE_STYLE_USAGE(.POSITIVE.,#6797);
#6799=PRESENTATION_STYLE_ASSIGNMENT((#6798));
#6800=STYLED_ITEM('',(#6799),#6793);
#6801=CARTESIAN_POINT('',(-1.411375E-1,4.535319127440E-1,0.E0));
#6802=DIRECTION('',(4.547769415434E-1,-8.906053746977E-1,0.E0));
#6803=DIRECTION('',(-8.906053746977E-1,-4.547769415434E-1,0.E0));
#6804=AXIS2_PLACEMENT_3D('',#6801,#6802,#6803);
#6805=PLANE('',#6804);
#6806=ORIENTED_EDGE('',*,*,#3313,.F.);
#6807=ORIENTED_EDGE('',*,*,#6789,.T.);
#6808=ORIENTED_EDGE('',*,*,#6162,.T.);
#6810=ORIENTED_EDGE('',*,*,#6809,.F.);
#6811=EDGE_LOOP('',(#6806,#6807,#6808,#6810));
#6812=FACE_OUTER_BOUND('',#6811,.F.);
#6813=ADVANCED_FACE('',(#6812),#6805,.T.);
#6814=FILL_AREA_STYLE_COLOUR('',#26);
#6815=FILL_AREA_STYLE('',(#6814));
#6816=SURFACE_STYLE_FILL_AREA(#6815);
#6817=SURFACE_SIDE_STYLE('',(#6816));
#6818=SURFACE_STYLE_USAGE(.POSITIVE.,#6817);
#6819=PRESENTATION_STYLE_ASSIGNMENT((#6818));
#6820=STYLED_ITEM('',(#6819),#6813);
#6821=CARTESIAN_POINT('',(-1.646791778922E-1,4.415106375813E-1,0.E0));
#6822=DIRECTION('',(2.001234283435E-1,-9.797706943097E-1,0.E0));
#6823=DIRECTION('',(-9.797706943097E-1,-2.001234283435E-1,0.E0));
#6824=AXIS2_PLACEMENT_3D('',#6821,#6822,#6823);
#6825=PLANE('',#6824);
#6826=ORIENTED_EDGE('',*,*,#3315,.F.);
#6827=ORIENTED_EDGE('',*,*,#6809,.T.);
#6828=ORIENTED_EDGE('',*,*,#6160,.T.);
#6830=ORIENTED_EDGE('',*,*,#6829,.F.);
#6831=EDGE_LOOP('',(#6826,#6827,#6828,#6830));
#6832=FACE_OUTER_BOUND('',#6831,.F.);
#6833=ADVANCED_FACE('',(#6832),#6825,.T.);
#6834=FILL_AREA_STYLE_COLOUR('',#26);
#6835=FILL_AREA_STYLE('',(#6834));
#6836=SURFACE_STYLE_FILL_AREA(#6835);
#6837=SURFACE_SIDE_STYLE('',(#6836));
#6838=SURFACE_STYLE_USAGE(.POSITIVE.,#6837);
#6839=PRESENTATION_STYLE_ASSIGNMENT((#6838));
#6840=STYLED_ITEM('',(#6839),#6833);
#6841=CARTESIAN_POINT('',(-1.9410625E-1,4.355E-1,0.E0));
#6842=DIRECTION('',(0.E0,-1.E0,0.E0));
#6843=DIRECTION('',(-1.E0,0.E0,0.E0));
#6844=AXIS2_PLACEMENT_3D('',#6841,#6842,#6843);
#6845=PLANE('',#6844);
#6846=ORIENTED_EDGE('',*,*,#3317,.F.);
#6847=ORIENTED_EDGE('',*,*,#6829,.T.);
#6848=ORIENTED_EDGE('',*,*,#6158,.T.);
#6850=ORIENTED_EDGE('',*,*,#6849,.F.);
#6851=EDGE_LOOP('',(#6846,#6847,#6848,#6850));
#6852=FACE_OUTER_BOUND('',#6851,.F.);
#6853=ADVANCED_FACE('',(#6852),#6845,.T.);
#6854=FILL_AREA_STYLE_COLOUR('',#26);
#6855=FILL_AREA_STYLE('',(#6854));
#6856=SURFACE_STYLE_FILL_AREA(#6855);
#6857=SURFACE_SIDE_STYLE('',(#6856));
#6858=SURFACE_STYLE_USAGE(.POSITIVE.,#6857);
#6859=PRESENTATION_STYLE_ASSIGNMENT((#6858));
#6860=STYLED_ITEM('',(#6859),#6853);
#6861=CARTESIAN_POINT('',(-2.47075E-1,4.355E-1,0.E0));
#6862=DIRECTION('',(-2.001234283435E-1,-9.797706943097E-1,0.E0));
#6863=DIRECTION('',(-9.797706943097E-1,2.001234283435E-1,0.E0));
#6864=AXIS2_PLACEMENT_3D('',#6861,#6862,#6863);
#6865=PLANE('',#6864);
#6866=ORIENTED_EDGE('',*,*,#3319,.F.);
#6867=ORIENTED_EDGE('',*,*,#6849,.T.);
#6868=ORIENTED_EDGE('',*,*,#6156,.T.);
#6870=ORIENTED_EDGE('',*,*,#6869,.F.);
#6871=EDGE_LOOP('',(#6866,#6867,#6868,#6870));
#6872=FACE_OUTER_BOUND('',#6871,.F.);
#6873=ADVANCED_FACE('',(#6872),#6865,.T.);
#6874=FILL_AREA_STYLE_COLOUR('',#26);
#6875=FILL_AREA_STYLE('',(#6874));
#6876=SURFACE_STYLE_FILL_AREA(#6875);
#6877=SURFACE_SIDE_STYLE('',(#6876));
#6878=SURFACE_STYLE_USAGE(.POSITIVE.,#6877);
#6879=PRESENTATION_STYLE_ASSIGNMENT((#6878));
#6880=STYLED_ITEM('',(#6879),#6873);
#6881=CARTESIAN_POINT('',(-2.765020721078E-1,4.415106375813E-1,0.E0));
#6882=DIRECTION('',(-4.547769415434E-1,-8.906053746977E-1,0.E0));
#6883=DIRECTION('',(-8.906053746977E-1,4.547769415434E-1,0.E0));
#6884=AXIS2_PLACEMENT_3D('',#6881,#6882,#6883);
#6885=PLANE('',#6884);
#6886=ORIENTED_EDGE('',*,*,#3321,.F.);
#6887=ORIENTED_EDGE('',*,*,#6869,.T.);
#6888=ORIENTED_EDGE('',*,*,#6154,.T.);
#6890=ORIENTED_EDGE('',*,*,#6889,.F.);
#6891=EDGE_LOOP('',(#6886,#6887,#6888,#6890));
#6892=FACE_OUTER_BOUND('',#6891,.F.);
#6893=ADVANCED_FACE('',(#6892),#6885,.T.);
#6894=FILL_AREA_STYLE_COLOUR('',#26);
#6895=FILL_AREA_STYLE('',(#6894));
#6896=SURFACE_STYLE_FILL_AREA(#6895);
#6897=SURFACE_SIDE_STYLE('',(#6896));
#6898=SURFACE_STYLE_USAGE(.POSITIVE.,#6897);
#6899=PRESENTATION_STYLE_ASSIGNMENT((#6898));
#6900=STYLED_ITEM('',(#6899),#6893);
#6901=CARTESIAN_POINT('',(-3.0004375E-1,4.535319127440E-1,0.E0));
#6902=DIRECTION('',(-7.145104681851E-1,-6.996247500295E-1,0.E0));
#6903=DIRECTION('',(-6.996247500295E-1,7.145104681851E-1,0.E0));
#6904=AXIS2_PLACEMENT_3D('',#6901,#6902,#6903);
#6905=PLANE('',#6904);
#6906=ORIENTED_EDGE('',*,*,#3323,.F.);
#6907=ORIENTED_EDGE('',*,*,#6889,.T.);
#6908=ORIENTED_EDGE('',*,*,#6152,.T.);
#6910=ORIENTED_EDGE('',*,*,#6909,.F.);
#6911=EDGE_LOOP('',(#6906,#6907,#6908,#6910));
#6912=FACE_OUTER_BOUND('',#6911,.F.);
#6913=ADVANCED_FACE('',(#6912),#6905,.T.);
#6914=FILL_AREA_STYLE_COLOUR('',#26);
#6915=FILL_AREA_STYLE('',(#6914));
#6916=SURFACE_STYLE_FILL_AREA(#6915);
#6917=SURFACE_SIDE_STYLE('',(#6916));
#6918=SURFACE_STYLE_USAGE(.POSITIVE.,#6917);
#6919=PRESENTATION_STYLE_ASSIGNMENT((#6918));
#6920=STYLED_ITEM('',(#6919),#6913);
#6921=CARTESIAN_POINT('',(-3.235854110539E-1,4.775744630694E-1,0.E0));
#6922=DIRECTION('',(-8.981380143666E-1,-4.397136649566E-1,0.E0));
#6923=DIRECTION('',(-4.397136649566E-1,8.981380143666E-1,0.E0));
#6924=AXIS2_PLACEMENT_3D('',#6921,#6922,#6923);
#6925=PLANE('',#6924);
#6926=ORIENTED_EDGE('',*,*,#3325,.F.);
#6927=ORIENTED_EDGE('',*,*,#6909,.T.);
#6928=ORIENTED_EDGE('',*,*,#6150,.T.);
#6930=ORIENTED_EDGE('',*,*,#6929,.F.);
#6931=EDGE_LOOP('',(#6926,#6927,#6928,#6930));
#6932=FACE_OUTER_BOUND('',#6931,.F.);
#6933=ADVANCED_FACE('',(#6932),#6925,.T.);
#6934=FILL_AREA_STYLE_COLOUR('',#26);
#6935=FILL_AREA_STYLE('',(#6934));
#6936=SURFACE_STYLE_FILL_AREA(#6935);
#6937=SURFACE_SIDE_STYLE('',(#6936));
#6938=SURFACE_STYLE_USAGE(.POSITIVE.,#6937);
#6939=PRESENTATION_STYLE_ASSIGNMENT((#6938));
#6940=STYLED_ITEM('',(#6939),#6933);
#6941=CARTESIAN_POINT('',(-3.3535625E-1,5.016170133948E-1,0.E0));
#6942=DIRECTION('',(-9.813591893677E-1,-1.921825732045E-1,0.E0));
#6943=DIRECTION('',(-1.921825732045E-1,9.813591893677E-1,0.E0));
#6944=AXIS2_PLACEMENT_3D('',#6941,#6942,#6943);
#6945=PLANE('',#6944);
#6946=ORIENTED_EDGE('',*,*,#3327,.F.);
#6947=ORIENTED_EDGE('',*,*,#6929,.T.);
#6948=ORIENTED_EDGE('',*,*,#6148,.T.);
#6950=ORIENTED_EDGE('',*,*,#6949,.F.);
#6951=EDGE_LOOP('',(#6946,#6947,#6948,#6950));
#6952=FACE_OUTER_BOUND('',#6951,.F.);
#6953=ADVANCED_FACE('',(#6952),#6945,.T.);
#6954=FILL_AREA_STYLE_COLOUR('',#26);
#6955=FILL_AREA_STYLE('',(#6954));
#6956=SURFACE_STYLE_FILL_AREA(#6955);
#6957=SURFACE_SIDE_STYLE('',(#6956));
#6958=SURFACE_STYLE_USAGE(.POSITIVE.,#6957);
#6959=PRESENTATION_STYLE_ASSIGNMENT((#6958));
#6960=STYLED_ITEM('',(#6959),#6953);
#6961=CARTESIAN_POINT('',(-3.412416610539E-1,5.316702181399E-1,0.E0));
#6962=DIRECTION('',(-1.E0,0.E0,0.E0));
#6963=DIRECTION('',(0.E0,1.E0,0.E0));
#6964=AXIS2_PLACEMENT_3D('',#6961,#6962,#6963);
#6965=PLANE('',#6964);
#6966=ORIENTED_EDGE('',*,*,#3329,.F.);
#6967=ORIENTED_EDGE('',*,*,#6949,.T.);
#6968=ORIENTED_EDGE('',*,*,#6146,.T.);
#6970=ORIENTED_EDGE('',*,*,#6969,.F.);
#6971=EDGE_LOOP('',(#6966,#6967,#6968,#6970));
#6972=FACE_OUTER_BOUND('',#6971,.F.);
#6973=ADVANCED_FACE('',(#6972),#6965,.T.);
#6974=FILL_AREA_STYLE_COLOUR('',#26);
#6975=FILL_AREA_STYLE('',(#6974));
#6976=SURFACE_STYLE_FILL_AREA(#6975);
#6977=SURFACE_SIDE_STYLE('',(#6976));
#6978=SURFACE_STYLE_USAGE(.POSITIVE.,#6977);
#6979=PRESENTATION_STYLE_ASSIGNMENT((#6978));
#6980=STYLED_ITEM('',(#6979),#6973);
#6981=CARTESIAN_POINT('',(-3.412416610539E-1,6.218297902793E-1,0.E0));
#6982=DIRECTION('',(-9.813591690599E-1,1.921826769043E-1,0.E0));
#6983=DIRECTION('',(1.921826769043E-1,9.813591690599E-1,0.E0));
#6984=AXIS2_PLACEMENT_3D('',#6981,#6982,#6983);
#6985=PLANE('',#6984);
#6986=ORIENTED_EDGE('',*,*,#3331,.F.);
#6987=ORIENTED_EDGE('',*,*,#6969,.T.);
#6988=ORIENTED_EDGE('',*,*,#6144,.T.);
#6990=ORIENTED_EDGE('',*,*,#6989,.F.);
#6991=EDGE_LOOP('',(#6986,#6987,#6988,#6990));
#6992=FACE_OUTER_BOUND('',#6991,.F.);
#6993=ADVANCED_FACE('',(#6992),#6985,.T.);
#6994=FILL_AREA_STYLE_COLOUR('',#26);
#6995=FILL_AREA_STYLE('',(#6994));
#6996=SURFACE_STYLE_FILL_AREA(#6995);
#6997=SURFACE_SIDE_STYLE('',(#6996));
#6998=SURFACE_STYLE_USAGE(.POSITIVE.,#6997);
#6999=PRESENTATION_STYLE_ASSIGNMENT((#6998));
#7000=STYLED_ITEM('',(#6999),#6993);
#7001=CARTESIAN_POINT('',(-3.3535625E-1,6.518829781860E-1,0.E0));
#7002=DIRECTION('',(-8.981380447713E-1,4.397136028534E-1,0.E0));
#7003=DIRECTION('',(4.397136028534E-1,8.981380447713E-1,0.E0));
#7004=AXIS2_PLACEMENT_3D('',#7001,#7002,#7003);
#7005=PLANE('',#7004);
#7006=ORIENTED_EDGE('',*,*,#3333,.F.);
#7007=ORIENTED_EDGE('',*,*,#6989,.T.);
#7008=ORIENTED_EDGE('',*,*,#6142,.T.);
#7010=ORIENTED_EDGE('',*,*,#7009,.F.);
#7011=EDGE_LOOP('',(#7006,#7007,#7008,#7010));
#7012=FACE_OUTER_BOUND('',#7011,.F.);
#7013=ADVANCED_FACE('',(#7012),#7005,.T.);
#7014=FILL_AREA_STYLE_COLOUR('',#26);
#7015=FILL_AREA_STYLE('',(#7014));
#7016=SURFACE_STYLE_FILL_AREA(#7015);
#7017=SURFACE_SIDE_STYLE('',(#7016));
#7018=SURFACE_STYLE_USAGE(.POSITIVE.,#7017);
#7019=PRESENTATION_STYLE_ASSIGNMENT((#7018));
#7020=STYLED_ITEM('',(#7019),#7013);
#7021=CARTESIAN_POINT('',(-3.235854110539E-1,6.759255327210E-1,0.E0));
#7022=DIRECTION('',(-7.145104988025E-1,6.996247187608E-1,0.E0));
#7023=DIRECTION('',(6.996247187608E-1,7.145104988025E-1,0.E0));
#7024=AXIS2_PLACEMENT_3D('',#7021,#7022,#7023);
#7025=PLANE('',#7024);
#7026=ORIENTED_EDGE('',*,*,#3335,.F.);
#7027=ORIENTED_EDGE('',*,*,#7009,.T.);
#7028=ORIENTED_EDGE('',*,*,#6140,.T.);
#7030=ORIENTED_EDGE('',*,*,#7029,.F.);
#7031=EDGE_LOOP('',(#7026,#7027,#7028,#7030));
#7032=FACE_OUTER_BOUND('',#7031,.F.);
#7033=ADVANCED_FACE('',(#7032),#7025,.T.);
#7034=FILL_AREA_STYLE_COLOUR('',#26);
#7035=FILL_AREA_STYLE('',(#7034));
#7036=SURFACE_STYLE_FILL_AREA(#7035);
#7037=SURFACE_SIDE_STYLE('',(#7036));
#7038=SURFACE_STYLE_USAGE(.POSITIVE.,#7037);
#7039=PRESENTATION_STYLE_ASSIGNMENT((#7038));
#7040=STYLED_ITEM('',(#7039),#7033);
#7041=CARTESIAN_POINT('',(-3.0004375E-1,6.999680851512E-1,0.E0));
#7042=DIRECTION('',(-4.547769889117E-1,8.906053505096E-1,0.E0));
#7043=DIRECTION('',(8.906053505096E-1,4.547769889117E-1,0.E0));
#7044=AXIS2_PLACEMENT_3D('',#7041,#7042,#7043);
#7045=PLANE('',#7044);
#7046=ORIENTED_EDGE('',*,*,#3337,.F.);
#7047=ORIENTED_EDGE('',*,*,#7029,.T.);
#7048=ORIENTED_EDGE('',*,*,#6138,.T.);
#7050=ORIENTED_EDGE('',*,*,#7049,.F.);
#7051=EDGE_LOOP('',(#7046,#7047,#7048,#7050));
#7052=FACE_OUTER_BOUND('',#7051,.F.);
#7053=ADVANCED_FACE('',(#7052),#7045,.T.);
#7054=FILL_AREA_STYLE_COLOUR('',#26);
#7055=FILL_AREA_STYLE('',(#7054));
#7056=SURFACE_STYLE_FILL_AREA(#7055);
#7057=SURFACE_SIDE_STYLE('',(#7056));
#7058=SURFACE_STYLE_USAGE(.POSITIVE.,#7057);
#7059=PRESENTATION_STYLE_ASSIGNMENT((#7058));
#7060=STYLED_ITEM('',(#7059),#7053);
#7061=CARTESIAN_POINT('',(-2.765020721078E-1,7.119893618925E-1,0.E0));
#7062=DIRECTION('',(-2.001234451615E-1,9.797706908745E-1,0.E0));
#7063=DIRECTION('',(9.797706908745E-1,2.001234451615E-1,0.E0));
#7064=AXIS2_PLACEMENT_3D('',#7061,#7062,#7063);
#7065=PLANE('',#7064);
#7066=ORIENTED_EDGE('',*,*,#3339,.F.);
#7067=ORIENTED_EDGE('',*,*,#7049,.T.);
#7068=ORIENTED_EDGE('',*,*,#6136,.T.);
#7070=ORIENTED_EDGE('',*,*,#7069,.F.);
#7071=EDGE_LOOP('',(#7066,#7067,#7068,#7070));
#7072=FACE_OUTER_BOUND('',#7071,.F.);
#7073=ADVANCED_FACE('',(#7072),#7065,.T.);
#7074=FILL_AREA_STYLE_COLOUR('',#26);
#7075=FILL_AREA_STYLE('',(#7074));
#7076=SURFACE_STYLE_FILL_AREA(#7075);
#7077=SURFACE_SIDE_STYLE('',(#7076));
#7078=SURFACE_STYLE_USAGE(.POSITIVE.,#7077);
#7079=PRESENTATION_STYLE_ASSIGNMENT((#7078));
#7080=STYLED_ITEM('',(#7079),#7073);
#7081=CARTESIAN_POINT('',(-2.47075E-1,7.18E-1,0.E0));
#7082=DIRECTION('',(0.E0,1.E0,0.E0));
#7083=DIRECTION('',(1.E0,0.E0,0.E0));
#7084=AXIS2_PLACEMENT_3D('',#7081,#7082,#7083);
#7085=PLANE('',#7084);
#7086=ORIENTED_EDGE('',*,*,#3341,.F.);
#7087=ORIENTED_EDGE('',*,*,#7069,.T.);
#7088=ORIENTED_EDGE('',*,*,#6134,.T.);
#7090=ORIENTED_EDGE('',*,*,#7089,.F.);
#7091=EDGE_LOOP('',(#7086,#7087,#7088,#7090));
#7092=FACE_OUTER_BOUND('',#7091,.F.);
#7093=ADVANCED_FACE('',(#7092),#7085,.T.);
#7094=FILL_AREA_STYLE_COLOUR('',#26);
#7095=FILL_AREA_STYLE('',(#7094));
#7096=SURFACE_STYLE_FILL_AREA(#7095);
#7097=SURFACE_SIDE_STYLE('',(#7096));
#7098=SURFACE_STYLE_USAGE(.POSITIVE.,#7097);
#7099=PRESENTATION_STYLE_ASSIGNMENT((#7098));
#7100=STYLED_ITEM('',(#7099),#7093);
#7101=CARTESIAN_POINT('',(-1.9410625E-1,7.18E-1,0.E0));
#7102=DIRECTION('',(2.001234451615E-1,9.797706908745E-1,0.E0));
#7103=DIRECTION('',(9.797706908745E-1,-2.001234451615E-1,0.E0));
#7104=AXIS2_PLACEMENT_3D('',#7101,#7102,#7103);
#7105=PLANE('',#7104);
#7106=ORIENTED_EDGE('',*,*,#3343,.F.);
#7107=ORIENTED_EDGE('',*,*,#7089,.T.);
#7108=ORIENTED_EDGE('',*,*,#6132,.T.);
#7110=ORIENTED_EDGE('',*,*,#7109,.F.);
#7111=EDGE_LOOP('',(#7106,#7107,#7108,#7110));
#7112=FACE_OUTER_BOUND('',#7111,.F.);
#7113=ADVANCED_FACE('',(#7112),#7105,.T.);
#7114=FILL_AREA_STYLE_COLOUR('',#26);
#7115=FILL_AREA_STYLE('',(#7114));
#7116=SURFACE_STYLE_FILL_AREA(#7115);
#7117=SURFACE_SIDE_STYLE('',(#7116));
#7118=SURFACE_STYLE_USAGE(.POSITIVE.,#7117);
#7119=PRESENTATION_STYLE_ASSIGNMENT((#7118));
#7120=STYLED_ITEM('',(#7119),#7113);
#7121=CARTESIAN_POINT('',(-1.646791778922E-1,7.119893618925E-1,0.E0));
#7122=DIRECTION('',(4.547769889117E-1,8.906053505096E-1,0.E0));
#7123=DIRECTION('',(8.906053505096E-1,-4.547769889117E-1,0.E0));
#7124=AXIS2_PLACEMENT_3D('',#7121,#7122,#7123);
#7125=PLANE('',#7124);
#7126=ORIENTED_EDGE('',*,*,#3345,.F.);
#7127=ORIENTED_EDGE('',*,*,#7109,.T.);
#7128=ORIENTED_EDGE('',*,*,#6130,.T.);
#7129=ORIENTED_EDGE('',*,*,#3140,.F.);
#7130=EDGE_LOOP('',(#7126,#7127,#7128,#7129));
#7131=FACE_OUTER_BOUND('',#7130,.F.);
#7132=ADVANCED_FACE('',(#7131),#7125,.T.);
#7133=FILL_AREA_STYLE_COLOUR('',#26);
#7134=FILL_AREA_STYLE('',(#7133));
#7135=SURFACE_STYLE_FILL_AREA(#7134);
#7136=SURFACE_SIDE_STYLE('',(#7135));
#7137=SURFACE_STYLE_USAGE(.POSITIVE.,#7136);
#7138=PRESENTATION_STYLE_ASSIGNMENT((#7137));
#7139=STYLED_ITEM('',(#7138),#7132);
#7140=CARTESIAN_POINT('',(1.472478942156E-1,6.819361703023E-1,0.E0));
#7141=DIRECTION('',(0.E0,-1.E0,0.E0));
#7142=DIRECTION('',(-1.E0,0.E0,0.E0));
#7143=AXIS2_PLACEMENT_3D('',#7140,#7141,#7142);
#7144=PLANE('',#7143);
#7145=ORIENTED_EDGE('',*,*,#3352,.F.);
#7147=ORIENTED_EDGE('',*,*,#7146,.T.);
#7148=ORIENTED_EDGE('',*,*,#6219,.T.);
#7150=ORIENTED_EDGE('',*,*,#7149,.F.);
#7151=EDGE_LOOP('',(#7145,#7147,#7148,#7150));
#7152=FACE_OUTER_BOUND('',#7151,.F.);
#7153=ADVANCED_FACE('',(#7152),#7144,.T.);
#7154=FILL_AREA_STYLE_COLOUR('',#26);
#7155=FILL_AREA_STYLE('',(#7154));
#7156=SURFACE_STYLE_FILL_AREA(#7155);
#7157=SURFACE_SIDE_STYLE('',(#7156));
#7158=SURFACE_STYLE_USAGE(.POSITIVE.,#7157);
#7159=PRESENTATION_STYLE_ASSIGNMENT((#7158));
#7160=STYLED_ITEM('',(#7159),#7153);
#7161=CARTESIAN_POINT('',(1.472478942156E-1,7.18E-1,0.E0));
#7162=DIRECTION('',(1.E0,0.E0,0.E0));
#7163=DIRECTION('',(0.E0,-1.E0,0.E0));
#7164=AXIS2_PLACEMENT_3D('',#7161,#7162,#7163);
#7165=PLANE('',#7164);
#7166=ORIENTED_EDGE('',*,*,#3374,.F.);
#7168=ORIENTED_EDGE('',*,*,#7167,.T.);
#7169=ORIENTED_EDGE('',*,*,#6221,.T.);
#7170=ORIENTED_EDGE('',*,*,#7146,.F.);
#7171=EDGE_LOOP('',(#7166,#7168,#7169,#7170));
#7172=FACE_OUTER_BOUND('',#7171,.F.);
#7173=ADVANCED_FACE('',(#7172),#7165,.T.);
#7174=FILL_AREA_STYLE_COLOUR('',#26);
#7175=FILL_AREA_STYLE('',(#7174));
#7176=SURFACE_STYLE_FILL_AREA(#7175);
#7177=SURFACE_SIDE_STYLE('',(#7176));
#7178=SURFACE_STYLE_USAGE(.POSITIVE.,#7177);
#7179=PRESENTATION_STYLE_ASSIGNMENT((#7178));
#7180=STYLED_ITEM('',(#7179),#7173);
#7181=CARTESIAN_POINT('',(-6.462707210779E-2,7.18E-1,0.E0));
#7182=DIRECTION('',(0.E0,1.E0,0.E0));
#7183=DIRECTION('',(1.E0,0.E0,0.E0));
#7184=AXIS2_PLACEMENT_3D('',#7181,#7182,#7183);
#7185=PLANE('',#7184);
#7186=ORIENTED_EDGE('',*,*,#3372,.F.);
#7188=ORIENTED_EDGE('',*,*,#7187,.T.);
#7189=ORIENTED_EDGE('',*,*,#6223,.T.);
#7190=ORIENTED_EDGE('',*,*,#7167,.F.);
#7191=EDGE_LOOP('',(#7186,#7188,#7189,#7190));
#7192=FACE_OUTER_BOUND('',#7191,.F.);
#7193=ADVANCED_FACE('',(#7192),#7185,.T.);
#7194=FILL_AREA_STYLE_COLOUR('',#26);
#7195=FILL_AREA_STYLE('',(#7194));
#7196=SURFACE_STYLE_FILL_AREA(#7195);
#7197=SURFACE_SIDE_STYLE('',(#7196));
#7198=SURFACE_STYLE_USAGE(.POSITIVE.,#7197);
#7199=PRESENTATION_STYLE_ASSIGNMENT((#7198));
#7200=STYLED_ITEM('',(#7199),#7193);
#7201=CARTESIAN_POINT('',(-6.462707210779E-2,4.355E-1,0.E0));
#7202=DIRECTION('',(-1.E0,0.E0,0.E0));
#7203=DIRECTION('',(0.E0,1.E0,0.E0));
#7204=AXIS2_PLACEMENT_3D('',#7201,#7202,#7203);
#7205=PLANE('',#7204);
#7206=ORIENTED_EDGE('',*,*,#3370,.F.);
#7208=ORIENTED_EDGE('',*,*,#7207,.T.);
#7209=ORIENTED_EDGE('',*,*,#6225,.T.);
#7210=ORIENTED_EDGE('',*,*,#7187,.F.);
#7211=EDGE_LOOP('',(#7206,#7208,#7209,#7210));
#7212=FACE_OUTER_BOUND('',#7211,.F.);
#7213=ADVANCED_FACE('',(#7212),#7205,.T.);
#7214=FILL_AREA_STYLE_COLOUR('',#26);
#7215=FILL_AREA_STYLE('',(#7214));
#7216=SURFACE_STYLE_FILL_AREA(#7215);
#7217=SURFACE_SIDE_STYLE('',(#7216));
#7218=SURFACE_STYLE_USAGE(.POSITIVE.,#7217);
#7219=PRESENTATION_STYLE_ASSIGNMENT((#7218));
#7220=STYLED_ITEM('',(#7219),#7213);
#7221=CARTESIAN_POINT('',(1.472478942156E-1,4.355E-1,0.E0));
#7222=DIRECTION('',(0.E0,-1.E0,0.E0));
#7223=DIRECTION('',(-1.E0,0.E0,0.E0));
#7224=AXIS2_PLACEMENT_3D('',#7221,#7222,#7223);
#7225=PLANE('',#7224);
#7226=ORIENTED_EDGE('',*,*,#3368,.F.);
#7228=ORIENTED_EDGE('',*,*,#7227,.T.);
#7229=ORIENTED_EDGE('',*,*,#6227,.T.);
#7230=ORIENTED_EDGE('',*,*,#7207,.F.);
#7231=EDGE_LOOP('',(#7226,#7228,#7229,#7230));
#7232=FACE_OUTER_BOUND('',#7231,.F.);
#7233=ADVANCED_FACE('',(#7232),#7225,.T.);
#7234=FILL_AREA_STYLE_COLOUR('',#26);
#7235=FILL_AREA_STYLE('',(#7234));
#7236=SURFACE_STYLE_FILL_AREA(#7235);
#7237=SURFACE_SIDE_STYLE('',(#7236));
#7238=SURFACE_STYLE_USAGE(.POSITIVE.,#7237);
#7239=PRESENTATION_STYLE_ASSIGNMENT((#7238));
#7240=STYLED_ITEM('',(#7239),#7233);
#7241=CARTESIAN_POINT('',(1.472478942156E-1,4.715638254881E-1,0.E0));
#7242=DIRECTION('',(1.E0,0.E0,0.E0));
#7243=DIRECTION('',(0.E0,-1.E0,0.E0));
#7244=AXIS2_PLACEMENT_3D('',#7241,#7242,#7243);
#7245=PLANE('',#7244);
#7246=ORIENTED_EDGE('',*,*,#3366,.F.);
#7248=ORIENTED_EDGE('',*,*,#7247,.T.);
#7249=ORIENTED_EDGE('',*,*,#6229,.T.);
#7250=ORIENTED_EDGE('',*,*,#7227,.F.);
#7251=EDGE_LOOP('',(#7246,#7248,#7249,#7250));
#7252=FACE_OUTER_BOUND('',#7251,.F.);
#7253=ADVANCED_FACE('',(#7252),#7245,.T.);
#7254=FILL_AREA_STYLE_COLOUR('',#26);
#7255=FILL_AREA_STYLE('',(#7254));
#7256=SURFACE_STYLE_FILL_AREA(#7255);
#7257=SURFACE_SIDE_STYLE('',(#7256));
#7258=SURFACE_STYLE_USAGE(.POSITIVE.,#7257);
#7259=PRESENTATION_STYLE_ASSIGNMENT((#7258));
#7260=STYLED_ITEM('',(#7259),#7253);
#7261=CARTESIAN_POINT('',(-2.931460578442E-2,4.715638254881E-1,0.E0));
#7262=DIRECTION('',(0.E0,1.E0,0.E0));
#7263=DIRECTION('',(1.E0,0.E0,0.E0));
#7264=AXIS2_PLACEMENT_3D('',#7261,#7262,#7263);
#7265=PLANE('',#7264);
#7266=ORIENTED_EDGE('',*,*,#3364,.F.);
#7268=ORIENTED_EDGE('',*,*,#7267,.T.);
#7269=ORIENTED_EDGE('',*,*,#6231,.T.);
#7270=ORIENTED_EDGE('',*,*,#7247,.F.);
#7271=EDGE_LOOP('',(#7266,#7268,#7269,#7270));
#7272=FACE_OUTER_BOUND('',#7271,.F.);
#7273=ADVANCED_FACE('',(#7272),#7265,.T.);
#7274=FILL_AREA_STYLE_COLOUR('',#26);
#7275=FILL_AREA_STYLE('',(#7274));
#7276=SURFACE_STYLE_FILL_AREA(#7275);
#7277=SURFACE_SIDE_STYLE('',(#7276));
#7278=SURFACE_STYLE_USAGE(.POSITIVE.,#7277);
#7279=PRESENTATION_STYLE_ASSIGNMENT((#7278));
#7280=STYLED_ITEM('',(#7279),#7273);
#7281=CARTESIAN_POINT('',(-2.931460578442E-2,5.497021308839E-1,0.E0));
#7282=DIRECTION('',(1.E0,0.E0,0.E0));
#7283=DIRECTION('',(0.E0,-1.E0,0.E0));
#7284=AXIS2_PLACEMENT_3D('',#7281,#7282,#7283);
#7285=PLANE('',#7284);
#7286=ORIENTED_EDGE('',*,*,#3362,.F.);
#7288=ORIENTED_EDGE('',*,*,#7287,.T.);
#7289=ORIENTED_EDGE('',*,*,#6233,.T.);
#7290=ORIENTED_EDGE('',*,*,#7267,.F.);
#7291=EDGE_LOOP('',(#7286,#7288,#7289,#7290));
#7292=FACE_OUTER_BOUND('',#7291,.F.);
#7293=ADVANCED_FACE('',(#7292),#7285,.T.);
#7294=FILL_AREA_STYLE_COLOUR('',#26);
#7295=FILL_AREA_STYLE('',(#7294));
#7296=SURFACE_STYLE_FILL_AREA(#7295);
#7297=SURFACE_SIDE_STYLE('',(#7296));
#7298=SURFACE_STYLE_USAGE(.POSITIVE.,#7297);
#7299=PRESENTATION_STYLE_ASSIGNMENT((#7298));
#7300=STYLED_ITEM('',(#7299),#7293);
#7301=CARTESIAN_POINT('',(1.2370625E-1,5.497021308839E-1,0.E0));
#7302=DIRECTION('',(0.E0,-1.E0,0.E0));
#7303=DIRECTION('',(-1.E0,0.E0,0.E0));
#7304=AXIS2_PLACEMENT_3D('',#7301,#7302,#7303);
#7305=PLANE('',#7304);
#7306=ORIENTED_EDGE('',*,*,#3360,.F.);
#7308=ORIENTED_EDGE('',*,*,#7307,.T.);
#7309=ORIENTED_EDGE('',*,*,#6235,.T.);
#7310=ORIENTED_EDGE('',*,*,#7287,.F.);
#7311=EDGE_LOOP('',(#7306,#7308,#7309,#7310));
#7312=FACE_OUTER_BOUND('',#7311,.F.);
#7313=ADVANCED_FACE('',(#7312),#7305,.T.);
#7314=FILL_AREA_STYLE_COLOUR('',#26);
#7315=FILL_AREA_STYLE('',(#7314));
#7316=SURFACE_STYLE_FILL_AREA(#7315);
#7317=SURFACE_SIDE_STYLE('',(#7316));
#7318=SURFACE_STYLE_USAGE(.POSITIVE.,#7317);
#7319=PRESENTATION_STYLE_ASSIGNMENT((#7318));
#7320=STYLED_ITEM('',(#7319),#7313);
#7321=CARTESIAN_POINT('',(1.2370625E-1,5.857659563720E-1,0.E0));
#7322=DIRECTION('',(1.E0,0.E0,0.E0));
#7323=DIRECTION('',(0.E0,-1.E0,0.E0));
#7324=AXIS2_PLACEMENT_3D('',#7321,#7322,#7323);
#7325=PLANE('',#7324);
#7326=ORIENTED_EDGE('',*,*,#3358,.F.);
#7328=ORIENTED_EDGE('',*,*,#7327,.T.);
#7329=ORIENTED_EDGE('',*,*,#6237,.T.);
#7330=ORIENTED_EDGE('',*,*,#7307,.F.);
#7331=EDGE_LOOP('',(#7326,#7328,#7329,#7330));
#7332=FACE_OUTER_BOUND('',#7331,.F.);
#7333=ADVANCED_FACE('',(#7332),#7325,.T.);
#7334=FILL_AREA_STYLE_COLOUR('',#26);
#7335=FILL_AREA_STYLE('',(#7334));
#7336=SURFACE_STYLE_FILL_AREA(#7335);
#7337=SURFACE_SIDE_STYLE('',(#7336));
#7338=SURFACE_STYLE_USAGE(.POSITIVE.,#7337);
#7339=PRESENTATION_STYLE_ASSIGNMENT((#7338));
#7340=STYLED_ITEM('',(#7339),#7333);
#7341=CARTESIAN_POINT('',(-2.931460578442E-2,5.857659563720E-1,0.E0));
#7342=DIRECTION('',(0.E0,1.E0,0.E0));
#7343=DIRECTION('',(1.E0,0.E0,0.E0));
#7344=AXIS2_PLACEMENT_3D('',#7341,#7342,#7343);
#7345=PLANE('',#7344);
#7346=ORIENTED_EDGE('',*,*,#3356,.F.);
#7348=ORIENTED_EDGE('',*,*,#7347,.T.);
#7349=ORIENTED_EDGE('',*,*,#6239,.T.);
#7350=ORIENTED_EDGE('',*,*,#7327,.F.);
#7351=EDGE_LOOP('',(#7346,#7348,#7349,#7350));
#7352=FACE_OUTER_BOUND('',#7351,.F.);
#7353=ADVANCED_FACE('',(#7352),#7345,.T.);
#7354=FILL_AREA_STYLE_COLOUR('',#26);
#7355=FILL_AREA_STYLE('',(#7354));
#7356=SURFACE_STYLE_FILL_AREA(#7355);
#7357=SURFACE_SIDE_STYLE('',(#7356));
#7358=SURFACE_STYLE_USAGE(.POSITIVE.,#7357);
#7359=PRESENTATION_STYLE_ASSIGNMENT((#7358));
#7360=STYLED_ITEM('',(#7359),#7353);
#7361=CARTESIAN_POINT('',(-2.931460578442E-2,6.819361703023E-1,0.E0));
#7362=DIRECTION('',(1.E0,0.E0,0.E0));
#7363=DIRECTION('',(0.E0,-1.E0,0.E0));
#7364=AXIS2_PLACEMENT_3D('',#7361,#7362,#7363);
#7365=PLANE('',#7364);
#7366=ORIENTED_EDGE('',*,*,#3354,.F.);
#7367=ORIENTED_EDGE('',*,*,#7149,.T.);
#7368=ORIENTED_EDGE('',*,*,#6241,.T.);
#7369=ORIENTED_EDGE('',*,*,#7347,.F.);
#7370=EDGE_LOOP('',(#7366,#7367,#7368,#7369));
#7371=FACE_OUTER_BOUND('',#7370,.F.);
#7372=ADVANCED_FACE('',(#7371),#7365,.T.);
#7373=FILL_AREA_STYLE_COLOUR('',#26);
#7374=FILL_AREA_STYLE('',(#7373));
#7375=SURFACE_STYLE_FILL_AREA(#7374);
#7376=SURFACE_SIDE_STYLE('',(#7375));
#7377=SURFACE_STYLE_USAGE(.POSITIVE.,#7376);
#7378=PRESENTATION_STYLE_ASSIGNMENT((#7377));
#7379=STYLED_ITEM('',(#7378),#7372);
#7380=CARTESIAN_POINT('',(3.3558125E-1,4.355E-1,0.E0));
#7381=DIRECTION('',(0.E0,-1.E0,0.E0));
#7382=DIRECTION('',(-1.E0,0.E0,0.E0));
#7383=AXIS2_PLACEMENT_3D('',#7380,#7381,#7382);
#7384=PLANE('',#7383);
#7385=ORIENTED_EDGE('',*,*,#3378,.F.);
#7387=ORIENTED_EDGE('',*,*,#7386,.T.);
#7388=ORIENTED_EDGE('',*,*,#6258,.T.);
#7390=ORIENTED_EDGE('',*,*,#7389,.F.);
#7391=EDGE_LOOP('',(#7385,#7387,#7388,#7390));
#7392=FACE_OUTER_BOUND('',#7391,.F.);
#7393=ADVANCED_FACE('',(#7392),#7384,.T.);
#7394=FILL_AREA_STYLE_COLOUR('',#26);
#7395=FILL_AREA_STYLE('',(#7394));
#7396=SURFACE_STYLE_FILL_AREA(#7395);
#7397=SURFACE_SIDE_STYLE('',(#7396));
#7398=SURFACE_STYLE_USAGE(.POSITIVE.,#7397);
#7399=PRESENTATION_STYLE_ASSIGNMENT((#7398));
#7400=STYLED_ITEM('',(#7399),#7393);
#7401=CARTESIAN_POINT('',(3.650083557844E-1,4.415106375813E-1,0.E0));
#7402=DIRECTION('',(2.001232084928E-1,-9.797707392153E-1,0.E0));
#7403=DIRECTION('',(-9.797707392153E-1,-2.001232084928E-1,0.E0));
#7404=AXIS2_PLACEMENT_3D('',#7401,#7402,#7403);
#7405=PLANE('',#7404);
#7406=ORIENTED_EDGE('',*,*,#3404,.F.);
#7408=ORIENTED_EDGE('',*,*,#7407,.T.);
#7409=ORIENTED_EDGE('',*,*,#6260,.T.);
#7410=ORIENTED_EDGE('',*,*,#7386,.F.);
#7411=EDGE_LOOP('',(#7406,#7408,#7409,#7410));
#7412=FACE_OUTER_BOUND('',#7411,.F.);
#7413=ADVANCED_FACE('',(#7412),#7405,.T.);
#7414=FILL_AREA_STYLE_COLOUR('',#26);
#7415=FILL_AREA_STYLE('',(#7414));
#7416=SURFACE_STYLE_FILL_AREA(#7415);
#7417=SURFACE_SIDE_STYLE('',(#7416));
#7418=SURFACE_STYLE_USAGE(.POSITIVE.,#7417);
#7419=PRESENTATION_STYLE_ASSIGNMENT((#7418));
#7420=STYLED_ITEM('',(#7419),#7413);
#7421=CARTESIAN_POINT('',(3.8855E-1,4.535319127440E-1,0.E0));
#7422=DIRECTION('',(4.547774575564E-1,-8.906051112017E-1,0.E0));
#7423=DIRECTION('',(-8.906051112017E-1,-4.547774575564E-1,0.E0));
#7424=AXIS2_PLACEMENT_3D('',#7421,#7422,#7423);
#7425=PLANE('',#7424);
#7426=ORIENTED_EDGE('',*,*,#3402,.F.);
#7428=ORIENTED_EDGE('',*,*,#7427,.T.);
#7429=ORIENTED_EDGE('',*,*,#6262,.T.);
#7430=ORIENTED_EDGE('',*,*,#7407,.F.);
#7431=EDGE_LOOP('',(#7426,#7428,#7429,#7430));
#7432=FACE_OUTER_BOUND('',#7431,.F.);
#7433=ADVANCED_FACE('',(#7432),#7425,.T.);
#7434=FILL_AREA_STYLE_COLOUR('',#26);
#7435=FILL_AREA_STYLE('',(#7434));
#7436=SURFACE_STYLE_FILL_AREA(#7435);
#7437=SURFACE_SIDE_STYLE('',(#7436));
#7438=SURFACE_STYLE_USAGE(.POSITIVE.,#7437);
#7439=PRESENTATION_STYLE_ASSIGNMENT((#7438));
#7440=STYLED_ITEM('',(#7439),#7433);
#7441=CARTESIAN_POINT('',(4.120916442156E-1,4.775744630694E-1,0.E0));
#7442=DIRECTION('',(7.145107183351E-1,-6.996244945571E-1,0.E0));
#7443=DIRECTION('',(-6.996244945571E-1,-7.145107183351E-1,0.E0));
#7444=AXIS2_PLACEMENT_3D('',#7441,#7442,#7443);
#7445=PLANE('',#7444);
#7446=ORIENTED_EDGE('',*,*,#3400,.F.);
#7448=ORIENTED_EDGE('',*,*,#7447,.T.);
#7449=ORIENTED_EDGE('',*,*,#6264,.T.);
#7450=ORIENTED_EDGE('',*,*,#7427,.F.);
#7451=EDGE_LOOP('',(#7446,#7448,#7449,#7450));
#7452=FACE_OUTER_BOUND('',#7451,.F.);
#7453=ADVANCED_FACE('',(#7452),#7445,.T.);
#7454=FILL_AREA_STYLE_COLOUR('',#26);
#7455=FILL_AREA_STYLE('',(#7454));
#7456=SURFACE_STYLE_FILL_AREA(#7455);
#7457=SURFACE_SIDE_STYLE('',(#7456));
#7458=SURFACE_STYLE_USAGE(.POSITIVE.,#7457);
#7459=PRESENTATION_STYLE_ASSIGNMENT((#7458));
#7460=STYLED_ITEM('',(#7459),#7453);
#7461=CARTESIAN_POINT('',(4.238625E-1,5.016170133948E-1,0.E0));
#7462=DIRECTION('',(8.981377659536E-1,-4.397141723527E-1,0.E0));
#7463=DIRECTION('',(-4.397141723527E-1,-8.981377659536E-1,0.E0));
#7464=AXIS2_PLACEMENT_3D('',#7461,#7462,#7463);
#7465=PLANE('',#7464);
#7466=ORIENTED_EDGE('',*,*,#3398,.F.);
#7468=ORIENTED_EDGE('',*,*,#7467,.T.);
#7469=ORIENTED_EDGE('',*,*,#6266,.T.);
#7470=ORIENTED_EDGE('',*,*,#7447,.F.);
#7471=EDGE_LOOP('',(#7466,#7468,#7469,#7470));
#7472=FACE_OUTER_BOUND('',#7471,.F.);
#7473=ADVANCED_FACE('',(#7472),#7465,.T.);
#7474=FILL_AREA_STYLE_COLOUR('',#26);
#7475=FILL_AREA_STYLE('',(#7474));
#7476=SURFACE_STYLE_FILL_AREA(#7475);
#7477=SURFACE_SIDE_STYLE('',(#7476));
#7478=SURFACE_STYLE_USAGE(.POSITIVE.,#7477);
#7479=PRESENTATION_STYLE_ASSIGNMENT((#7478));
#7480=STYLED_ITEM('',(#7479),#7473);
#7481=CARTESIAN_POINT('',(4.297478942156E-1,5.316702181399E-1,0.E0));
#7482=DIRECTION('',(9.813592930674E-1,-1.921820436730E-1,0.E0));
#7483=DIRECTION('',(-1.921820436730E-1,-9.813592930674E-1,0.E0));
#7484=AXIS2_PLACEMENT_3D('',#7481,#7482,#7483);
#7485=PLANE('',#7484);
#7486=ORIENTED_EDGE('',*,*,#3396,.F.);
#7488=ORIENTED_EDGE('',*,*,#7487,.T.);
#7489=ORIENTED_EDGE('',*,*,#6268,.T.);
#7490=ORIENTED_EDGE('',*,*,#7467,.F.);
#7491=EDGE_LOOP('',(#7486,#7488,#7489,#7490));
#7492=FACE_OUTER_BOUND('',#7491,.F.);
#7493=ADVANCED_FACE('',(#7492),#7485,.T.);
#7494=FILL_AREA_STYLE_COLOUR('',#26);
#7495=FILL_AREA_STYLE('',(#7494));
#7496=SURFACE_STYLE_FILL_AREA(#7495);
#7497=SURFACE_SIDE_STYLE('',(#7496));
#7498=SURFACE_STYLE_USAGE(.POSITIVE.,#7497);
#7499=PRESENTATION_STYLE_ASSIGNMENT((#7498));
#7500=STYLED_ITEM('',(#7499),#7493);
#7501=CARTESIAN_POINT('',(4.297478942156E-1,6.218297902793E-1,0.E0));
#7502=DIRECTION('',(1.E0,0.E0,0.E0));
#7503=DIRECTION('',(0.E0,-1.E0,0.E0));
#7504=AXIS2_PLACEMENT_3D('',#7501,#7502,#7503);
#7505=PLANE('',#7504);
#7506=ORIENTED_EDGE('',*,*,#3394,.F.);
#7508=ORIENTED_EDGE('',*,*,#7507,.T.);
#7509=ORIENTED_EDGE('',*,*,#6270,.T.);
#7510=ORIENTED_EDGE('',*,*,#7487,.F.);
#7511=EDGE_LOOP('',(#7506,#7508,#7509,#7510));
#7512=FACE_OUTER_BOUND('',#7511,.F.);
#7513=ADVANCED_FACE('',(#7512),#7505,.T.);
#7514=FILL_AREA_STYLE_COLOUR('',#26);
#7515=FILL_AREA_STYLE('',(#7514));
#7516=SURFACE_STYLE_FILL_AREA(#7515);
#7517=SURFACE_SIDE_STYLE('',(#7516));
#7518=SURFACE_STYLE_USAGE(.POSITIVE.,#7517);
#7519=PRESENTATION_STYLE_ASSIGNMENT((#7518));
#7520=STYLED_ITEM('',(#7519),#7513);
#7521=CARTESIAN_POINT('',(4.238625E-1,6.518829781860E-1,0.E0));
#7522=DIRECTION('',(9.813592727596E-1,1.921821473726E-1,0.E0));
#7523=DIRECTION('',(1.921821473726E-1,-9.813592727596E-1,0.E0));
#7524=AXIS2_PLACEMENT_3D('',#7521,#7522,#7523);
#7525=PLANE('',#7524);
#7526=ORIENTED_EDGE('',*,*,#3392,.F.);
#7528=ORIENTED_EDGE('',*,*,#7527,.T.);
#7529=ORIENTED_EDGE('',*,*,#6272,.T.);
#7530=ORIENTED_EDGE('',*,*,#7507,.F.);
#7531=EDGE_LOOP('',(#7526,#7528,#7529,#7530));
#7532=FACE_OUTER_BOUND('',#7531,.F.);
#7533=ADVANCED_FACE('',(#7532),#7525,.T.);
#7534=FILL_AREA_STYLE_COLOUR('',#26);
#7535=FILL_AREA_STYLE('',(#7534));
#7536=SURFACE_STYLE_FILL_AREA(#7535);
#7537=SURFACE_SIDE_STYLE('',(#7536));
#7538=SURFACE_STYLE_USAGE(.POSITIVE.,#7537);
#7539=PRESENTATION_STYLE_ASSIGNMENT((#7538));
#7540=STYLED_ITEM('',(#7539),#7533);
#7541=CARTESIAN_POINT('',(4.120916442156E-1,6.759255327210E-1,0.E0));
#7542=DIRECTION('',(8.981377963584E-1,4.397141102494E-1,0.E0));
#7543=DIRECTION('',(4.397141102494E-1,-8.981377963584E-1,0.E0));
#7544=AXIS2_PLACEMENT_3D('',#7541,#7542,#7543);
#7545=PLANE('',#7544);
#7546=ORIENTED_EDGE('',*,*,#3390,.F.);
#7548=ORIENTED_EDGE('',*,*,#7547,.T.);
#7549=ORIENTED_EDGE('',*,*,#6274,.T.);
#7550=ORIENTED_EDGE('',*,*,#7527,.F.);
#7551=EDGE_LOOP('',(#7546,#7548,#7549,#7550));
#7552=FACE_OUTER_BOUND('',#7551,.F.);
#7553=ADVANCED_FACE('',(#7552),#7545,.T.);
#7554=FILL_AREA_STYLE_COLOUR('',#26);
#7555=FILL_AREA_STYLE('',(#7554));
#7556=SURFACE_STYLE_FILL_AREA(#7555);
#7557=SURFACE_SIDE_STYLE('',(#7556));
#7558=SURFACE_STYLE_USAGE(.POSITIVE.,#7557);
#7559=PRESENTATION_STYLE_ASSIGNMENT((#7558));
#7560=STYLED_ITEM('',(#7559),#7553);
#7561=CARTESIAN_POINT('',(3.8855E-1,6.999680851512E-1,0.E0));
#7562=DIRECTION('',(7.145107489524E-1,6.996244632883E-1,0.E0));
#7563=DIRECTION('',(6.996244632883E-1,-7.145107489524E-1,0.E0));
#7564=AXIS2_PLACEMENT_3D('',#7561,#7562,#7563);
#7565=PLANE('',#7564);
#7566=ORIENTED_EDGE('',*,*,#3388,.F.);
#7568=ORIENTED_EDGE('',*,*,#7567,.T.);
#7569=ORIENTED_EDGE('',*,*,#6276,.T.);
#7570=ORIENTED_EDGE('',*,*,#7547,.F.);
#7571=EDGE_LOOP('',(#7566,#7568,#7569,#7570));
#7572=FACE_OUTER_BOUND('',#7571,.F.);
#7573=ADVANCED_FACE('',(#7572),#7565,.T.);
#7574=FILL_AREA_STYLE_COLOUR('',#26);
#7575=FILL_AREA_STYLE('',(#7574));
#7576=SURFACE_STYLE_FILL_AREA(#7575);
#7577=SURFACE_SIDE_STYLE('',(#7576));
#7578=SURFACE_STYLE_USAGE(.POSITIVE.,#7577);
#7579=PRESENTATION_STYLE_ASSIGNMENT((#7578));
#7580=STYLED_ITEM('',(#7579),#7573);
#7581=CARTESIAN_POINT('',(3.650083557844E-1,7.119893618925E-1,0.E0));
#7582=DIRECTION('',(4.547775049247E-1,8.906050870136E-1,0.E0));
#7583=DIRECTION('',(8.906050870136E-1,-4.547775049247E-1,0.E0));
#7584=AXIS2_PLACEMENT_3D('',#7581,#7582,#7583);
#7585=PLANE('',#7584);
#7586=ORIENTED_EDGE('',*,*,#3386,.F.);
#7588=ORIENTED_EDGE('',*,*,#7587,.T.);
#7589=ORIENTED_EDGE('',*,*,#6278,.T.);
#7590=ORIENTED_EDGE('',*,*,#7567,.F.);
#7591=EDGE_LOOP('',(#7586,#7588,#7589,#7590));
#7592=FACE_OUTER_BOUND('',#7591,.F.);
#7593=ADVANCED_FACE('',(#7592),#7585,.T.);
#7594=FILL_AREA_STYLE_COLOUR('',#26);
#7595=FILL_AREA_STYLE('',(#7594));
#7596=SURFACE_STYLE_FILL_AREA(#7595);
#7597=SURFACE_SIDE_STYLE('',(#7596));
#7598=SURFACE_STYLE_USAGE(.POSITIVE.,#7597);
#7599=PRESENTATION_STYLE_ASSIGNMENT((#7598));
#7600=STYLED_ITEM('',(#7599),#7593);
#7601=CARTESIAN_POINT('',(3.3558125E-1,7.18E-1,0.E0));
#7602=DIRECTION('',(2.001232253108E-1,9.797707357802E-1,0.E0));
#7603=DIRECTION('',(9.797707357802E-1,-2.001232253108E-1,0.E0));
#7604=AXIS2_PLACEMENT_3D('',#7601,#7602,#7603);
#7605=PLANE('',#7604);
#7606=ORIENTED_EDGE('',*,*,#3384,.F.);
#7608=ORIENTED_EDGE('',*,*,#7607,.T.);
#7609=ORIENTED_EDGE('',*,*,#6280,.T.);
#7610=ORIENTED_EDGE('',*,*,#7587,.F.);
#7611=EDGE_LOOP('',(#7606,#7608,#7609,#7610));
#7612=FACE_OUTER_BOUND('',#7611,.F.);
#7613=ADVANCED_FACE('',(#7612),#7605,.T.);
#7614=FILL_AREA_STYLE_COLOUR('',#26);
#7615=FILL_AREA_STYLE('',(#7614));
#7616=SURFACE_STYLE_FILL_AREA(#7615);
#7617=SURFACE_SIDE_STYLE('',(#7616));
#7618=SURFACE_STYLE_USAGE(.POSITIVE.,#7617);
#7619=PRESENTATION_STYLE_ASSIGNMENT((#7618));
#7620=STYLED_ITEM('',(#7619),#7613);
#7621=CARTESIAN_POINT('',(1.9433125E-1,7.18E-1,0.E0));
#7622=DIRECTION('',(0.E0,1.E0,0.E0));
#7623=DIRECTION('',(1.E0,0.E0,0.E0));
#7624=AXIS2_PLACEMENT_3D('',#7621,#7622,#7623);
#7625=PLANE('',#7624);
#7626=ORIENTED_EDGE('',*,*,#3382,.F.);
#7628=ORIENTED_EDGE('',*,*,#7627,.T.);
#7629=ORIENTED_EDGE('',*,*,#6282,.T.);
#7630=ORIENTED_EDGE('',*,*,#7607,.F.);
#7631=EDGE_LOOP('',(#7626,#7628,#7629,#7630));
#7632=FACE_OUTER_BOUND('',#7631,.F.);
#7633=ADVANCED_FACE('',(#7632),#7625,.T.);
#7634=FILL_AREA_STYLE_COLOUR('',#26);
#7635=FILL_AREA_STYLE('',(#7634));
#7636=SURFACE_STYLE_FILL_AREA(#7635);
#7637=SURFACE_SIDE_STYLE('',(#7636));
#7638=SURFACE_STYLE_USAGE(.POSITIVE.,#7637);
#7639=PRESENTATION_STYLE_ASSIGNMENT((#7638));
#7640=STYLED_ITEM('',(#7639),#7633);
#7641=CARTESIAN_POINT('',(1.9433125E-1,4.355E-1,0.E0));
#7642=DIRECTION('',(-1.E0,0.E0,0.E0));
#7643=DIRECTION('',(0.E0,1.E0,0.E0));
#7644=AXIS2_PLACEMENT_3D('',#7641,#7642,#7643);
#7645=PLANE('',#7644);
#7646=ORIENTED_EDGE('',*,*,#3380,.F.);
#7647=ORIENTED_EDGE('',*,*,#7389,.T.);
#7648=ORIENTED_EDGE('',*,*,#6284,.T.);
#7649=ORIENTED_EDGE('',*,*,#7627,.F.);
#7650=EDGE_LOOP('',(#7646,#7647,#7648,#7649));
#7651=FACE_OUTER_BOUND('',#7650,.F.);
#7652=ADVANCED_FACE('',(#7651),#7645,.T.);
#7653=FILL_AREA_STYLE_COLOUR('',#26);
#7654=FILL_AREA_STYLE('',(#7653));
#7655=SURFACE_STYLE_FILL_AREA(#7654);
#7656=SURFACE_SIDE_STYLE('',(#7655));
#7657=SURFACE_STYLE_USAGE(.POSITIVE.,#7656);
#7658=PRESENTATION_STYLE_ASSIGNMENT((#7657));
#7659=STYLED_ITEM('',(#7658),#7652);
#7660=CARTESIAN_POINT('',(2.2964375E-1,4.715638254881E-1,0.E0));
#7661=DIRECTION('',(0.E0,1.E0,0.E0));
#7662=DIRECTION('',(1.E0,0.E0,0.E0));
#7663=AXIS2_PLACEMENT_3D('',#7660,#7661,#7662);
#7664=PLANE('',#7663);
#7665=ORIENTED_EDGE('',*,*,#3439,.F.);
#7667=ORIENTED_EDGE('',*,*,#7666,.T.);
#7668=ORIENTED_EDGE('',*,*,#6288,.T.);
#7670=ORIENTED_EDGE('',*,*,#7669,.F.);
#7671=EDGE_LOOP('',(#7665,#7667,#7668,#7670));
#7672=FACE_OUTER_BOUND('',#7671,.F.);
#7673=ADVANCED_FACE('',(#7672),#7664,.T.);
#7674=FILL_AREA_STYLE_COLOUR('',#26);
#7675=FILL_AREA_STYLE('',(#7674));
#7676=SURFACE_STYLE_FILL_AREA(#7675);
#7677=SURFACE_SIDE_STYLE('',(#7676));
#7678=SURFACE_STYLE_USAGE(.POSITIVE.,#7677);
#7679=PRESENTATION_STYLE_ASSIGNMENT((#7678));
#7680=STYLED_ITEM('',(#7679),#7673);
#7681=CARTESIAN_POINT('',(2.2964375E-1,6.819361703023E-1,0.E0));
#7682=DIRECTION('',(1.E0,0.E0,0.E0));
#7683=DIRECTION('',(0.E0,-1.E0,0.E0));
#7684=AXIS2_PLACEMENT_3D('',#7681,#7682,#7683);
#7685=PLANE('',#7684);
#7686=ORIENTED_EDGE('',*,*,#3461,.F.);
#7688=ORIENTED_EDGE('',*,*,#7687,.T.);
#7689=ORIENTED_EDGE('',*,*,#6290,.T.);
#7690=ORIENTED_EDGE('',*,*,#7666,.F.);
#7691=EDGE_LOOP('',(#7686,#7688,#7689,#7690));
#7692=FACE_OUTER_BOUND('',#7691,.F.);
#7693=ADVANCED_FACE('',(#7692),#7685,.T.);
#7694=FILL_AREA_STYLE_COLOUR('',#26);
#7695=FILL_AREA_STYLE('',(#7694));
#7696=SURFACE_STYLE_FILL_AREA(#7695);
#7697=SURFACE_SIDE_STYLE('',(#7696));
#7698=SURFACE_STYLE_USAGE(.POSITIVE.,#7697);
#7699=PRESENTATION_STYLE_ASSIGNMENT((#7698));
#7700=STYLED_ITEM('',(#7699),#7693);
#7701=CARTESIAN_POINT('',(3.3558125E-1,6.819361703023E-1,0.E0));
#7702=DIRECTION('',(0.E0,-1.E0,0.E0));
#7703=DIRECTION('',(-1.E0,0.E0,0.E0));
#7704=AXIS2_PLACEMENT_3D('',#7701,#7702,#7703);
#7705=PLANE('',#7704);
#7706=ORIENTED_EDGE('',*,*,#3459,.F.);
#7708=ORIENTED_EDGE('',*,*,#7707,.T.);
#7709=ORIENTED_EDGE('',*,*,#6292,.T.);
#7710=ORIENTED_EDGE('',*,*,#7687,.F.);
#7711=EDGE_LOOP('',(#7706,#7708,#7709,#7710));
#7712=FACE_OUTER_BOUND('',#7711,.F.);
#7713=ADVANCED_FACE('',(#7712),#7705,.T.);
#7714=FILL_AREA_STYLE_COLOUR('',#26);
#7715=FILL_AREA_STYLE('',(#7714));
#7716=SURFACE_STYLE_FILL_AREA(#7715);
#7717=SURFACE_SIDE_STYLE('',(#7716));
#7718=SURFACE_STYLE_USAGE(.POSITIVE.,#7717);
#7719=PRESENTATION_STYLE_ASSIGNMENT((#7718));
#7720=STYLED_ITEM('',(#7719),#7713);
#7721=CARTESIAN_POINT('',(3.591228942156E-1,6.759255327210E-1,0.E0));
#7722=DIRECTION('',(-2.473834390653E-1,-9.689176611437E-1,0.E0));
#7723=DIRECTION('',(-9.689176611437E-1,2.473834390653E-1,0.E0));
#7724=AXIS2_PLACEMENT_3D('',#7721,#7722,#7723);
#7725=PLANE('',#7724);
#7726=ORIENTED_EDGE('',*,*,#3457,.F.);
#7728=ORIENTED_EDGE('',*,*,#7727,.T.);
#7729=ORIENTED_EDGE('',*,*,#6294,.T.);
#7730=ORIENTED_EDGE('',*,*,#7707,.F.);
#7731=EDGE_LOOP('',(#7726,#7728,#7729,#7730));
#7732=FACE_OUTER_BOUND('',#7731,.F.);
#7733=ADVANCED_FACE('',(#7732),#7725,.T.);
#7734=FILL_AREA_STYLE_COLOUR('',#26);
#7735=FILL_AREA_STYLE('',(#7734));
#7736=SURFACE_STYLE_FILL_AREA(#7735);
#7737=SURFACE_SIDE_STYLE('',(#7736));
#7738=SURFACE_STYLE_USAGE(.POSITIVE.,#7737);
#7739=PRESENTATION_STYLE_ASSIGNMENT((#7738));
#7740=STYLED_ITEM('',(#7739),#7733);
#7741=CARTESIAN_POINT('',(3.767791442156E-1,6.639042533487E-1,0.E0));
#7742=DIRECTION('',(-5.627910658976E-1,-8.265991871191E-1,0.E0));
#7743=DIRECTION('',(-8.265991871191E-1,5.627910658976E-1,0.E0));
#7744=AXIS2_PLACEMENT_3D('',#7741,#7742,#7743);
#7745=PLANE('',#7744);
#7746=ORIENTED_EDGE('',*,*,#3455,.F.);
#7748=ORIENTED_EDGE('',*,*,#7747,.T.);
#7749=ORIENTED_EDGE('',*,*,#6296,.T.);
#7750=ORIENTED_EDGE('',*,*,#7727,.F.);
#7751=EDGE_LOOP('',(#7746,#7748,#7749,#7750));
#7752=FACE_OUTER_BOUND('',#7751,.F.);
#7753=ADVANCED_FACE('',(#7752),#7745,.T.);
#7754=FILL_AREA_STYLE_COLOUR('',#26);
#7755=FILL_AREA_STYLE('',(#7754));
#7756=SURFACE_STYLE_FILL_AREA(#7755);
#7757=SURFACE_SIDE_STYLE('',(#7756));
#7758=SURFACE_STYLE_USAGE(.POSITIVE.,#7757);
#7759=PRESENTATION_STYLE_ASSIGNMENT((#7758));
#7760=STYLED_ITEM('',(#7759),#7753);
#7761=CARTESIAN_POINT('',(3.8855E-1,6.458723406047E-1,0.E0));
#7762=DIRECTION('',(-8.373786433120E-1,-5.466232777014E-1,0.E0));
#7763=DIRECTION('',(-5.466232777014E-1,8.373786433120E-1,0.E0));
#7764=AXIS2_PLACEMENT_3D('',#7761,#7762,#7763);
#7765=PLANE('',#7764);
#7766=ORIENTED_EDGE('',*,*,#3453,.F.);
#7768=ORIENTED_EDGE('',*,*,#7767,.T.);
#7769=ORIENTED_EDGE('',*,*,#6298,.T.);
#7770=ORIENTED_EDGE('',*,*,#7747,.F.);
#7771=EDGE_LOOP('',(#7766,#7768,#7769,#7770));
#7772=FACE_OUTER_BOUND('',#7771,.F.);
#7773=ADVANCED_FACE('',(#7772),#7765,.T.);
#7774=FILL_AREA_STYLE_COLOUR('',#26);
#7775=FILL_AREA_STYLE('',(#7774));
#7776=SURFACE_STYLE_FILL_AREA(#7775);
#7777=SURFACE_SIDE_STYLE('',(#7776));
#7778=SURFACE_STYLE_USAGE(.POSITIVE.,#7777);
#7779=PRESENTATION_STYLE_ASSIGNMENT((#7778));
#7780=STYLED_ITEM('',(#7779),#7773);
#7781=CARTESIAN_POINT('',(3.944353942156E-1,6.218297902793E-1,0.E0));
#7782=DIRECTION('',(-9.713213633444E-1,-2.377704967206E-1,0.E0));
#7783=DIRECTION('',(-2.377704967206E-1,9.713213633444E-1,0.E0));
#7784=AXIS2_PLACEMENT_3D('',#7781,#7782,#7783);
#7785=PLANE('',#7784);
#7786=ORIENTED_EDGE('',*,*,#3451,.F.);
#7788=ORIENTED_EDGE('',*,*,#7787,.T.);
#7789=ORIENTED_EDGE('',*,*,#6300,.T.);
#7790=ORIENTED_EDGE('',*,*,#7767,.F.);
#7791=EDGE_LOOP('',(#7786,#7788,#7789,#7790));
#7792=FACE_OUTER_BOUND('',#7791,.F.);
#7793=ADVANCED_FACE('',(#7792),#7785,.T.);
#7794=FILL_AREA_STYLE_COLOUR('',#26);
#7795=FILL_AREA_STYLE('',(#7794));
#7796=SURFACE_STYLE_FILL_AREA(#7795);
#7797=SURFACE_SIDE_STYLE('',(#7796));
#7798=SURFACE_STYLE_USAGE(.POSITIVE.,#7797);
#7799=PRESENTATION_STYLE_ASSIGNMENT((#7798));
#7800=STYLED_ITEM('',(#7799),#7793);
#7801=CARTESIAN_POINT('',(3.944353942156E-1,5.316702181399E-1,0.E0));
#7802=DIRECTION('',(-1.E0,0.E0,0.E0));
#7803=DIRECTION('',(0.E0,1.E0,0.E0));
#7804=AXIS2_PLACEMENT_3D('',#7801,#7802,#7803);
#7805=PLANE('',#7804);
#7806=ORIENTED_EDGE('',*,*,#3449,.F.);
#7808=ORIENTED_EDGE('',*,*,#7807,.T.);
#7809=ORIENTED_EDGE('',*,*,#6302,.T.);
#7810=ORIENTED_EDGE('',*,*,#7787,.F.);
#7811=EDGE_LOOP('',(#7806,#7808,#7809,#7810));
#7812=FACE_OUTER_BOUND('',#7811,.F.);
#7813=ADVANCED_FACE('',(#7812),#7805,.T.);
#7814=FILL_AREA_STYLE_COLOUR('',#26);
#7815=FILL_AREA_STYLE('',(#7814));
#7816=SURFACE_STYLE_FILL_AREA(#7815);
#7817=SURFACE_SIDE_STYLE('',(#7816));
#7818=SURFACE_STYLE_USAGE(.POSITIVE.,#7817);
#7819=PRESENTATION_STYLE_ASSIGNMENT((#7818));
#7820=STYLED_ITEM('',(#7819),#7813);
#7821=CARTESIAN_POINT('',(3.8855E-1,5.076276678145E-1,0.E0));
#7822=DIRECTION('',(-9.713213633444E-1,2.377704967206E-1,0.E0));
#7823=DIRECTION('',(2.377704967206E-1,9.713213633444E-1,0.E0));
#7824=AXIS2_PLACEMENT_3D('',#7821,#7822,#7823);
#7825=PLANE('',#7824);
#7826=ORIENTED_EDGE('',*,*,#3447,.F.);
#7828=ORIENTED_EDGE('',*,*,#7827,.T.);
#7829=ORIENTED_EDGE('',*,*,#6304,.T.);
#7830=ORIENTED_EDGE('',*,*,#7807,.F.);
#7831=EDGE_LOOP('',(#7826,#7828,#7829,#7830));
#7832=FACE_OUTER_BOUND('',#7831,.F.);
#7833=ADVANCED_FACE('',(#7832),#7825,.T.);
#7834=FILL_AREA_STYLE_COLOUR('',#26);
#7835=FILL_AREA_STYLE('',(#7834));
#7836=SURFACE_STYLE_FILL_AREA(#7835);
#7837=SURFACE_SIDE_STYLE('',(#7836));
#7838=SURFACE_STYLE_USAGE(.POSITIVE.,#7837);
#7839=PRESENTATION_STYLE_ASSIGNMENT((#7838));
#7840=STYLED_ITEM('',(#7839),#7833);
#7841=CARTESIAN_POINT('',(3.767791442156E-1,4.895957382321E-1,0.E0));
#7842=DIRECTION('',(-8.373788769559E-1,5.466229197794E-1,0.E0));
#7843=DIRECTION('',(5.466229197794E-1,8.373788769559E-1,0.E0));
#7844=AXIS2_PLACEMENT_3D('',#7841,#7842,#7843);
#7845=PLANE('',#7844);
#7846=ORIENTED_EDGE('',*,*,#3445,.F.);
#7848=ORIENTED_EDGE('',*,*,#7847,.T.);
#7849=ORIENTED_EDGE('',*,*,#6306,.T.);
#7850=ORIENTED_EDGE('',*,*,#7827,.F.);
#7851=EDGE_LOOP('',(#7846,#7848,#7849,#7850));
#7852=FACE_OUTER_BOUND('',#7851,.F.);
#7853=ADVANCED_FACE('',(#7852),#7845,.T.);
#7854=FILL_AREA_STYLE_COLOUR('',#26);
#7855=FILL_AREA_STYLE('',(#7854));
#7856=SURFACE_STYLE_FILL_AREA(#7855);
#7857=SURFACE_SIDE_STYLE('',(#7856));
#7858=SURFACE_STYLE_USAGE(.POSITIVE.,#7857);
#7859=PRESENTATION_STYLE_ASSIGNMENT((#7858));
#7860=STYLED_ITEM('',(#7859),#7853);
#7861=CARTESIAN_POINT('',(3.591228942156E-1,4.775744630694E-1,0.E0));
#7862=DIRECTION('',(-5.627909312417E-1,8.265992787996E-1,0.E0));
#7863=DIRECTION('',(8.265992787996E-1,5.627909312417E-1,0.E0));
#7864=AXIS2_PLACEMENT_3D('',#7861,#7862,#7863);
#7865=PLANE('',#7864);
#7866=ORIENTED_EDGE('',*,*,#3443,.F.);
#7868=ORIENTED_EDGE('',*,*,#7867,.T.);
#7869=ORIENTED_EDGE('',*,*,#6308,.T.);
#7870=ORIENTED_EDGE('',*,*,#7847,.F.);
#7871=EDGE_LOOP('',(#7866,#7868,#7869,#7870));
#7872=FACE_OUTER_BOUND('',#7871,.F.);
#7873=ADVANCED_FACE('',(#7872),#7865,.T.);
#7874=FILL_AREA_STYLE_COLOUR('',#26);
#7875=FILL_AREA_STYLE('',(#7874));
#7876=SURFACE_STYLE_FILL_AREA(#7875);
#7877=SURFACE_SIDE_STYLE('',(#7876));
#7878=SURFACE_STYLE_USAGE(.POSITIVE.,#7877);
#7879=PRESENTATION_STYLE_ASSIGNMENT((#7878));
#7880=STYLED_ITEM('',(#7879),#7873);
#7881=CARTESIAN_POINT('',(3.3558125E-1,4.715638254881E-1,0.E0));
#7882=DIRECTION('',(-2.473834390653E-1,9.689176611437E-1,0.E0));
#7883=DIRECTION('',(9.689176611437E-1,2.473834390653E-1,0.E0));
#7884=AXIS2_PLACEMENT_3D('',#7881,#7882,#7883);
#7885=PLANE('',#7884);
#7886=ORIENTED_EDGE('',*,*,#3441,.F.);
#7887=ORIENTED_EDGE('',*,*,#7669,.T.);
#7888=ORIENTED_EDGE('',*,*,#6310,.T.);
#7889=ORIENTED_EDGE('',*,*,#7867,.F.);
#7890=EDGE_LOOP('',(#7886,#7887,#7888,#7889));
#7891=FACE_OUTER_BOUND('',#7890,.F.);
#7892=ADVANCED_FACE('',(#7891),#7885,.T.);
#7893=FILL_AREA_STYLE_COLOUR('',#26);
#7894=FILL_AREA_STYLE('',(#7893));
#7895=SURFACE_STYLE_FILL_AREA(#7894);
#7896=SURFACE_SIDE_STYLE('',(#7895));
#7897=SURFACE_STYLE_USAGE(.POSITIVE.,#7896);
#7898=PRESENTATION_STYLE_ASSIGNMENT((#7897));
#7899=STYLED_ITEM('',(#7898),#7892);
#7900=CARTESIAN_POINT('',(6.1808125E-1,4.355E-1,0.E0));
#7901=DIRECTION('',(0.E0,-1.E0,0.E0));
#7902=DIRECTION('',(-1.E0,0.E0,0.E0));
#7903=AXIS2_PLACEMENT_3D('',#7900,#7901,#7902);
#7904=PLANE('',#7903);
#7905=ORIENTED_EDGE('',*,*,#3408,.F.);
#7907=ORIENTED_EDGE('',*,*,#7906,.T.);
#7908=ORIENTED_EDGE('',*,*,#6327,.T.);
#7910=ORIENTED_EDGE('',*,*,#7909,.F.);
#7911=EDGE_LOOP('',(#7905,#7907,#7908,#7910));
#7912=FACE_OUTER_BOUND('',#7911,.F.);
#7913=ADVANCED_FACE('',(#7912),#7904,.T.);
#7914=FILL_AREA_STYLE_COLOUR('',#26);
#7915=FILL_AREA_STYLE('',(#7914));
#7916=SURFACE_STYLE_FILL_AREA(#7915);
#7917=SURFACE_SIDE_STYLE('',(#7916));
#7918=SURFACE_STYLE_USAGE(.POSITIVE.,#7917);
#7919=PRESENTATION_STYLE_ASSIGNMENT((#7918));
#7920=STYLED_ITEM('',(#7919),#7913);
#7921=CARTESIAN_POINT('',(7.122479615688E-1,7.18E-1,0.E0));
#7922=DIRECTION('',(9.486832528138E-1,-3.162279017271E-1,0.E0));
#7923=DIRECTION('',(-3.162279017271E-1,-9.486832528138E-1,0.E0));
#7924=AXIS2_PLACEMENT_3D('',#7921,#7922,#7923);
#7925=PLANE('',#7924);
#7926=ORIENTED_EDGE('',*,*,#3422,.F.);
#7928=ORIENTED_EDGE('',*,*,#7927,.T.);
#7929=ORIENTED_EDGE('',*,*,#6329,.T.);
#7930=ORIENTED_EDGE('',*,*,#7906,.F.);
#7931=EDGE_LOOP('',(#7926,#7928,#7929,#7930));
#7932=FACE_OUTER_BOUND('',#7931,.F.);
#7933=ADVANCED_FACE('',(#7932),#7925,.T.);
#7934=FILL_AREA_STYLE_COLOUR('',#26);
#7935=FILL_AREA_STYLE('',(#7934));
#7936=SURFACE_STYLE_FILL_AREA(#7935);
#7937=SURFACE_SIDE_STYLE('',(#7936));
#7938=SURFACE_STYLE_USAGE(.POSITIVE.,#7937);
#7939=PRESENTATION_STYLE_ASSIGNMENT((#7938));
#7940=STYLED_ITEM('',(#7939),#7933);
#7941=CARTESIAN_POINT('',(6.769354615688E-1,7.18E-1,0.E0));
#7942=DIRECTION('',(0.E0,1.E0,0.E0));
#7943=DIRECTION('',(1.E0,0.E0,0.E0));
#7944=AXIS2_PLACEMENT_3D('',#7941,#7942,#7943);
#7945=PLANE('',#7944);
#7946=ORIENTED_EDGE('',*,*,#3420,.F.);
#7948=ORIENTED_EDGE('',*,*,#7947,.T.);
#7949=ORIENTED_EDGE('',*,*,#6331,.T.);
#7950=ORIENTED_EDGE('',*,*,#7927,.F.);
#7951=EDGE_LOOP('',(#7946,#7948,#7949,#7950));
#7952=FACE_OUTER_BOUND('',#7951,.F.);
#7953=ADVANCED_FACE('',(#7952),#7945,.T.);
#7954=FILL_AREA_STYLE_COLOUR('',#26);
#7955=FILL_AREA_STYLE('',(#7954));
#7956=SURFACE_STYLE_FILL_AREA(#7955);
#7957=SURFACE_SIDE_STYLE('',(#7956));
#7958=SURFACE_STYLE_USAGE(.POSITIVE.,#7957);
#7959=PRESENTATION_STYLE_ASSIGNMENT((#7958));
#7960=STYLED_ITEM('',(#7959),#7953);
#7961=CARTESIAN_POINT('',(6.5339375E-1,6.458723406047E-1,0.E0));
#7962=DIRECTION('',(-9.506450282288E-1,3.102805670740E-1,0.E0));
#7963=DIRECTION('',(3.102805670740E-1,9.506450282288E-1,0.E0));
#7964=AXIS2_PLACEMENT_3D('',#7961,#7962,#7963);
#7965=PLANE('',#7964);
#7966=ORIENTED_EDGE('',*,*,#3418,.F.);
#7968=ORIENTED_EDGE('',*,*,#7967,.T.);
#7969=ORIENTED_EDGE('',*,*,#6333,.T.);
#7970=ORIENTED_EDGE('',*,*,#7947,.F.);
#7971=EDGE_LOOP('',(#7966,#7968,#7969,#7970));
#7972=FACE_OUTER_BOUND('',#7971,.F.);
#7973=ADVANCED_FACE('',(#7972),#7965,.T.);
#7974=FILL_AREA_STYLE_COLOUR('',#26);
#7975=FILL_AREA_STYLE('',(#7974));
#7976=SURFACE_STYLE_FILL_AREA(#7975);
#7977=SURFACE_SIDE_STYLE('',(#7976));
#7978=SURFACE_STYLE_USAGE(.POSITIVE.,#7977);
#7979=PRESENTATION_STYLE_ASSIGNMENT((#7978));
#7980=STYLED_ITEM('',(#7979),#7973);
#7981=CARTESIAN_POINT('',(5.356854615688E-1,6.458723406047E-1,0.E0));
#7982=DIRECTION('',(0.E0,1.E0,0.E0));
#7983=DIRECTION('',(1.E0,0.E0,0.E0));
#7984=AXIS2_PLACEMENT_3D('',#7981,#7982,#7983);
#7985=PLANE('',#7984);
#7986=ORIENTED_EDGE('',*,*,#3416,.F.);
#7988=ORIENTED_EDGE('',*,*,#7987,.T.);
#7989=ORIENTED_EDGE('',*,*,#6335,.T.);
#7990=ORIENTED_EDGE('',*,*,#7967,.F.);
#7991=EDGE_LOOP('',(#7986,#7988,#7989,#7990));
#7992=FACE_OUTER_BOUND('',#7991,.F.);
#7993=ADVANCED_FACE('',(#7992),#7985,.T.);
#7994=FILL_AREA_STYLE_COLOUR('',#26);
#7995=FILL_AREA_STYLE('',(#7994));
#7996=SURFACE_STYLE_FILL_AREA(#7995);
#7997=SURFACE_SIDE_STYLE('',(#7996));
#7998=SURFACE_STYLE_USAGE(.POSITIVE.,#7997);
#7999=PRESENTATION_STYLE_ASSIGNMENT((#7998));
#8000=STYLED_ITEM('',(#7999),#7993);
#8001=CARTESIAN_POINT('',(5.1214375E-1,7.18E-1,0.E0));
#8002=DIRECTION('',(9.506450282288E-1,3.102805670740E-1,0.E0));
#8003=DIRECTION('',(3.102805670740E-1,-9.506450282288E-1,0.E0));
#8004=AXIS2_PLACEMENT_3D('',#8001,#8002,#8003);
#8005=PLANE('',#8004);
#8006=ORIENTED_EDGE('',*,*,#3414,.F.);
#8008=ORIENTED_EDGE('',*,*,#8007,.T.);
#8009=ORIENTED_EDGE('',*,*,#6337,.T.);
#8010=ORIENTED_EDGE('',*,*,#7987,.F.);
#8011=EDGE_LOOP('',(#8006,#8008,#8009,#8010));
#8012=FACE_OUTER_BOUND('',#8011,.F.);
#8013=ADVANCED_FACE('',(#8012),#8005,.T.);
#8014=FILL_AREA_STYLE_COLOUR('',#26);
#8015=FILL_AREA_STYLE('',(#8014));
#8016=SURFACE_STYLE_FILL_AREA(#8015);
#8017=SURFACE_SIDE_STYLE('',(#8016));
#8018=SURFACE_STYLE_USAGE(.POSITIVE.,#8017);
#8019=PRESENTATION_STYLE_ASSIGNMENT((#8018));
#8020=STYLED_ITEM('',(#8019),#8013);
#8021=CARTESIAN_POINT('',(4.7683125E-1,7.18E-1,0.E0));
#8022=DIRECTION('',(0.E0,1.E0,0.E0));
#8023=DIRECTION('',(1.E0,0.E0,0.E0));
#8024=AXIS2_PLACEMENT_3D('',#8021,#8022,#8023);
#8025=PLANE('',#8024);
#8026=ORIENTED_EDGE('',*,*,#3412,.F.);
#8028=ORIENTED_EDGE('',*,*,#8027,.T.);
#8029=ORIENTED_EDGE('',*,*,#6339,.T.);
#8030=ORIENTED_EDGE('',*,*,#8007,.F.);
#8031=EDGE_LOOP('',(#8026,#8028,#8029,#8030));
#8032=FACE_OUTER_BOUND('',#8031,.F.);
#8033=ADVANCED_FACE('',(#8032),#8025,.T.);
#8034=FILL_AREA_STYLE_COLOUR('',#26);
#8035=FILL_AREA_STYLE('',(#8034));
#8036=SURFACE_STYLE_FILL_AREA(#8035);
#8037=SURFACE_SIDE_STYLE('',(#8036));
#8038=SURFACE_STYLE_USAGE(.POSITIVE.,#8037);
#8039=PRESENTATION_STYLE_ASSIGNMENT((#8038));
#8040=STYLED_ITEM('',(#8039),#8033);
#8041=CARTESIAN_POINT('',(5.709979615688E-1,4.355E-1,0.E0));
#8042=DIRECTION('',(-9.486832528138E-1,-3.162279017271E-1,0.E0));
#8043=DIRECTION('',(-3.162279017271E-1,9.486832528138E-1,0.E0));
#8044=AXIS2_PLACEMENT_3D('',#8041,#8042,#8043);
#8045=PLANE('',#8044);
#8046=ORIENTED_EDGE('',*,*,#3410,.F.);
#8047=ORIENTED_EDGE('',*,*,#7909,.T.);
#8048=ORIENTED_EDGE('',*,*,#6341,.T.);
#8049=ORIENTED_EDGE('',*,*,#8027,.F.);
#8050=EDGE_LOOP('',(#8046,#8047,#8048,#8049));
#8051=FACE_OUTER_BOUND('',#8050,.F.);
#8052=ADVANCED_FACE('',(#8051),#8045,.T.);
#8053=FILL_AREA_STYLE_COLOUR('',#26);
#8054=FILL_AREA_STYLE('',(#8053));
#8055=SURFACE_STYLE_FILL_AREA(#8054);
#8056=SURFACE_SIDE_STYLE('',(#8055));
#8057=SURFACE_STYLE_USAGE(.POSITIVE.,#8056);
#8058=PRESENTATION_STYLE_ASSIGNMENT((#8057));
#8059=STYLED_ITEM('',(#8058),#8052);
#8060=CARTESIAN_POINT('',(5.945395384312E-1,4.595425503254E-1,0.E0));
#8061=DIRECTION('',(-9.506452063546E-1,3.102800213276E-1,0.E0));
#8062=DIRECTION('',(3.102800213276E-1,9.506452063546E-1,0.E0));
#8063=AXIS2_PLACEMENT_3D('',#8060,#8061,#8062);
#8064=PLANE('',#8063);
#8065=ORIENTED_EDGE('',*,*,#3478,.F.);
#8067=ORIENTED_EDGE('',*,*,#8066,.T.);
#8068=ORIENTED_EDGE('',*,*,#6345,.T.);
#8070=ORIENTED_EDGE('',*,*,#8069,.F.);
#8071=EDGE_LOOP('',(#8065,#8067,#8068,#8070));
#8072=FACE_OUTER_BOUND('',#8071,.F.);
#8073=ADVANCED_FACE('',(#8072),#8064,.T.);
#8074=FILL_AREA_STYLE_COLOUR('',#26);
#8075=FILL_AREA_STYLE('',(#8074));
#8076=SURFACE_STYLE_FILL_AREA(#8075);
#8077=SURFACE_SIDE_STYLE('',(#8076));
#8078=SURFACE_STYLE_USAGE(.POSITIVE.,#8077);
#8079=PRESENTATION_STYLE_ASSIGNMENT((#8078));
#8080=STYLED_ITEM('',(#8079),#8073);
#8081=CARTESIAN_POINT('',(5.415707884312E-1,6.218297902793E-1,0.E0));
#8082=DIRECTION('',(9.506452063546E-1,3.102800213276E-1,0.E0));
#8083=DIRECTION('',(3.102800213276E-1,-9.506452063546E-1,0.E0));
#8084=AXIS2_PLACEMENT_3D('',#8081,#8082,#8083);
#8085=PLANE('',#8084);
#8086=ORIENTED_EDGE('',*,*,#3482,.F.);
#8088=ORIENTED_EDGE('',*,*,#8087,.T.);
#8089=ORIENTED_EDGE('',*,*,#6347,.T.);
#8090=ORIENTED_EDGE('',*,*,#8066,.F.);
#8091=EDGE_LOOP('',(#8086,#8088,#8089,#8090));
#8092=FACE_OUTER_BOUND('',#8091,.F.);
#8093=ADVANCED_FACE('',(#8092),#8085,.T.);
#8094=FILL_AREA_STYLE_COLOUR('',#26);
#8095=FILL_AREA_STYLE('',(#8094));
#8096=SURFACE_STYLE_FILL_AREA(#8095);
#8097=SURFACE_SIDE_STYLE('',(#8096));
#8098=SURFACE_STYLE_USAGE(.POSITIVE.,#8097);
#8099=PRESENTATION_STYLE_ASSIGNMENT((#8098));
#8100=STYLED_ITEM('',(#8099),#8093);
#8101=CARTESIAN_POINT('',(6.475082884312E-1,6.218297902793E-1,0.E0));
#8102=DIRECTION('',(0.E0,-1.E0,0.E0));
#8103=DIRECTION('',(-1.E0,0.E0,0.E0));
#8104=AXIS2_PLACEMENT_3D('',#8101,#8102,#8103);
#8105=PLANE('',#8104);
#8106=ORIENTED_EDGE('',*,*,#3480,.F.);
#8107=ORIENTED_EDGE('',*,*,#8069,.T.);
#8108=ORIENTED_EDGE('',*,*,#6349,.T.);
#8109=ORIENTED_EDGE('',*,*,#8087,.F.);
#8110=EDGE_LOOP('',(#8106,#8107,#8108,#8109));
#8111=FACE_OUTER_BOUND('',#8110,.F.);
#8112=ADVANCED_FACE('',(#8111),#8105,.T.);
#8113=FILL_AREA_STYLE_COLOUR('',#26);
#8114=FILL_AREA_STYLE('',(#8113));
#8115=SURFACE_STYLE_FILL_AREA(#8114);
#8116=SURFACE_SIDE_STYLE('',(#8115));
#8117=SURFACE_STYLE_USAGE(.POSITIVE.,#8116);
#8118=PRESENTATION_STYLE_ASSIGNMENT((#8117));
#8119=STYLED_ITEM('',(#8118),#8112);
#8120=CLOSED_SHELL('',(#3148,#3426,#3465,#3486,#3508,#3528,#3545,#3567,#3587,
#3604,#3626,#3646,#3663,#3685,#3705,#3722,#3744,#3764,#3781,#3803,#3823,#3840,
#3862,#3882,#3899,#3921,#3941,#3958,#3980,#4000,#4017,#4049,#4081,#4102,#4133,
#4165,#4203,#4223,#4243,#4263,#4283,#4303,#4322,#4347,#4371,#4434,#4459,#4482,
#4506,#4528,#4550,#4572,#4593,#4613,#4634,#4654,#4674,#4693,#4715,#4736,#4757,
#4778,#4799,#4820,#4840,#4862,#4891,#4920,#4949,#4970,#4990,#5010,#5030,#5050,
#5070,#5089,#5110,#5130,#5150,#5170,#5190,#5210,#5229,#5250,#5270,#5290,#5310,
#5330,#5350,#5369,#5403,#5434,#5465,#5486,#5516,#5547,#5567,#5587,#5607,#5627,
#5647,#5666,#5686,#5706,#5726,#5746,#5766,#5786,#5805,#5826,#5846,#5866,#5886,
#5906,#5926,#5946,#5965,#5987,#6008,#6029,#6050,#6071,#6091,#6112,#6206,#6245,
#6314,#6353,#6374,#6393,#6413,#6433,#6453,#6473,#6493,#6513,#6533,#6553,#6573,
#6593,#6613,#6633,#6653,#6673,#6693,#6713,#6733,#6753,#6773,#6793,#6813,#6833,
#6853,#6873,#6893,#6913,#6933,#6953,#6973,#6993,#7013,#7033,#7053,#7073,#7093,
#7113,#7132,#7153,#7173,#7193,#7213,#7233,#7253,#7273,#7293,#7313,#7333,#7353,
#7372,#7393,#7413,#7433,#7453,#7473,#7493,#7513,#7533,#7553,#7573,#7593,#7613,
#7633,#7652,#7673,#7693,#7713,#7733,#7753,#7773,#7793,#7813,#7833,#7853,#7873,
#7892,#7913,#7933,#7953,#7973,#7993,#8013,#8033,#8052,#8073,#8093,#8112));
#8121=MANIFOLD_SOLID_BREP('',#8120);
#8122=DIRECTION('',(0.E0,0.E0,1.E0));
#8123=VECTOR('',#8122,1.9E-1);
#8124=CARTESIAN_POINT('',(-4.E-1,1.13E0,1.31E0));
#8125=LINE('',#8124,#8123);
#8126=DIRECTION('',(-1.E0,0.E0,0.E0));
#8127=VECTOR('',#8126,2.630660138470E0);
#8128=CARTESIAN_POINT('',(1.315330069235E0,1.65E0,1.31E0));
#8129=LINE('',#8128,#8127);
#8130=CARTESIAN_POINT('',(-2.174E0,1.7222E0,1.31E0));
#8131=DIRECTION('',(0.E0,0.E0,-1.E0));
#8132=DIRECTION('',(9.964836146745E-1,-8.378786120460E-2,0.E0));
#8133=AXIS2_PLACEMENT_3D('',#8130,#8131,#8132);
#8135=DIRECTION('',(0.E0,-1.E0,0.E0));
#8136=VECTOR('',#8135,1.727366639812E0);
#8137=CARTESIAN_POINT('',(-2.1E0,8.636833199058E-1,1.31E0));
#8138=LINE('',#8137,#8136);
#8139=CARTESIAN_POINT('',(-2.174E0,-1.7222E0,1.31E0));
#8140=DIRECTION('',(0.E0,0.E0,-1.E0));
#8141=DIRECTION('',(8.587675525125E-2,9.963057677779E-1,0.E0));
#8142=AXIS2_PLACEMENT_3D('',#8139,#8140,#8141);
#8144=DIRECTION('',(1.E0,0.E0,0.E0));
#8145=VECTOR('',#8144,2.630660138470E0);
#8146=CARTESIAN_POINT('',(-1.315330069235E0,-1.65E0,1.31E0));
#8147=LINE('',#8146,#8145);
#8148=CARTESIAN_POINT('',(2.174E0,-1.7222E0,1.31E0));
#8149=DIRECTION('',(0.E0,0.E0,-1.E0));
#8150=DIRECTION('',(-9.964836146745E-1,8.378786120460E-2,0.E0));
#8151=AXIS2_PLACEMENT_3D('',#8148,#8149,#8150);
#8153=DIRECTION('',(0.E0,1.E0,0.E0));
#8154=VECTOR('',#8153,1.727366639812E0);
#8155=CARTESIAN_POINT('',(2.1E0,-8.636833199058E-1,1.31E0));
#8156=LINE('',#8155,#8154);
#8157=CARTESIAN_POINT('',(2.174E0,1.7222E0,1.31E0));
#8158=DIRECTION('',(0.E0,0.E0,-1.E0));
#8159=DIRECTION('',(-8.587675525125E-2,-9.963057677779E-1,0.E0));
#8160=AXIS2_PLACEMENT_3D('',#8157,#8158,#8159);
#8162=CARTESIAN_POINT('',(4.E-1,0.E0,1.31E0));
#8163=DIRECTION('',(0.E0,0.E0,-1.E0));
#8164=DIRECTION('',(0.E0,1.E0,0.E0));
#8165=AXIS2_PLACEMENT_3D('',#8162,#8163,#8164);
#8167=DIRECTION('',(-1.E0,0.E0,0.E0));
#8168=VECTOR('',#8167,8.E-1);
#8169=CARTESIAN_POINT('',(4.E-1,-1.13E0,1.31E0));
#8170=LINE('',#8169,#8168);
#8171=CARTESIAN_POINT('',(-4.E-1,0.E0,1.31E0));
#8172=DIRECTION('',(0.E0,0.E0,-1.E0));
#8173=DIRECTION('',(0.E0,-1.E0,0.E0));
#8174=AXIS2_PLACEMENT_3D('',#8171,#8172,#8173);
#8176=DIRECTION('',(1.E0,0.E0,0.E0));
#8177=VECTOR('',#8176,8.E-1);
#8178=CARTESIAN_POINT('',(-4.E-1,1.13E0,1.31E0));
#8179=LINE('',#8178,#8177);
#8180=DIRECTION('',(0.E0,0.E0,1.E0));
#8181=VECTOR('',#8180,1.9E-1);
#8182=CARTESIAN_POINT('',(1.315330069235E0,1.65E0,1.31E0));
#8183=LINE('',#8182,#8181);
#8184=DIRECTION('',(0.E0,0.E0,1.E0));
#8185=VECTOR('',#8184,1.9E-1);
#8186=CARTESIAN_POINT('',(2.1E0,8.636833199058E-1,1.31E0));
#8187=LINE('',#8186,#8185);
#8188=DIRECTION('',(0.E0,0.E0,1.E0));
#8189=VECTOR('',#8188,1.9E-1);
#8190=CARTESIAN_POINT('',(2.1E0,-8.636833199058E-1,1.31E0));
#8191=LINE('',#8190,#8189);
#8192=DIRECTION('',(0.E0,0.E0,1.E0));
#8193=VECTOR('',#8192,1.9E-1);
#8194=CARTESIAN_POINT('',(1.315330069235E0,-1.65E0,1.31E0));
#8195=LINE('',#8194,#8193);
#8196=DIRECTION('',(0.E0,0.E0,1.E0));
#8197=VECTOR('',#8196,1.9E-1);
#8198=CARTESIAN_POINT('',(-1.315330069235E0,-1.65E0,1.31E0));
#8199=LINE('',#8198,#8197);
#8200=DIRECTION('',(0.E0,0.E0,1.E0));
#8201=VECTOR('',#8200,1.9E-1);
#8202=CARTESIAN_POINT('',(-2.1E0,-8.636833199058E-1,1.31E0));
#8203=LINE('',#8202,#8201);
#8204=DIRECTION('',(0.E0,0.E0,1.E0));
#8205=VECTOR('',#8204,1.9E-1);
#8206=CARTESIAN_POINT('',(-2.1E0,8.636833199058E-1,1.31E0));
#8207=LINE('',#8206,#8205);
#8208=DIRECTION('',(0.E0,0.E0,1.E0));
#8209=VECTOR('',#8208,1.9E-1);
#8210=CARTESIAN_POINT('',(-1.315330069235E0,1.65E0,1.31E0));
#8211=LINE('',#8210,#8209);
#8212=DIRECTION('',(-1.E0,0.E0,0.E0));
#8213=VECTOR('',#8212,2.630660138470E0);
#8214=CARTESIAN_POINT('',(1.315330069235E0,1.65E0,1.5E0));
#8215=LINE('',#8214,#8213);
#8216=CARTESIAN_POINT('',(2.174E0,1.7222E0,1.5E0));
#8217=DIRECTION('',(0.E0,0.E0,-1.E0));
#8218=DIRECTION('',(-8.587675525125E-2,-9.963057677779E-1,0.E0));
#8219=AXIS2_PLACEMENT_3D('',#8216,#8217,#8218);
#8221=DIRECTION('',(0.E0,1.E0,0.E0));
#8222=VECTOR('',#8221,1.727366639812E0);
#8223=CARTESIAN_POINT('',(2.1E0,-8.636833199058E-1,1.5E0));
#8224=LINE('',#8223,#8222);
#8225=CARTESIAN_POINT('',(2.174E0,-1.7222E0,1.5E0));
#8226=DIRECTION('',(0.E0,0.E0,-1.E0));
#8227=DIRECTION('',(-9.964836146745E-1,8.378786120460E-2,0.E0));
#8228=AXIS2_PLACEMENT_3D('',#8225,#8226,#8227);
#8230=DIRECTION('',(1.E0,0.E0,0.E0));
#8231=VECTOR('',#8230,2.630660138470E0);
#8232=CARTESIAN_POINT('',(-1.315330069235E0,-1.65E0,1.5E0));
#8233=LINE('',#8232,#8231);
#8234=CARTESIAN_POINT('',(-2.174E0,-1.7222E0,1.5E0));
#8235=DIRECTION('',(0.E0,0.E0,-1.E0));
#8236=DIRECTION('',(8.587675525125E-2,9.963057677779E-1,0.E0));
#8237=AXIS2_PLACEMENT_3D('',#8234,#8235,#8236);
#8239=DIRECTION('',(0.E0,-1.E0,0.E0));
#8240=VECTOR('',#8239,1.727366639812E0);
#8241=CARTESIAN_POINT('',(-2.1E0,8.636833199058E-1,1.5E0));
#8242=LINE('',#8241,#8240);
#8243=CARTESIAN_POINT('',(-2.174E0,1.7222E0,1.5E0));
#8244=DIRECTION('',(0.E0,0.E0,-1.E0));
#8245=DIRECTION('',(9.964836146745E-1,-8.378786120460E-2,0.E0));
#8246=AXIS2_PLACEMENT_3D('',#8243,#8244,#8245);
#8248=CARTESIAN_POINT('',(4.E-1,0.E0,1.5E0));
#8249=DIRECTION('',(0.E0,0.E0,-1.E0));
#8250=DIRECTION('',(0.E0,1.E0,0.E0));
#8251=AXIS2_PLACEMENT_3D('',#8248,#8249,#8250);
#8253=DIRECTION('',(1.E0,0.E0,0.E0));
#8254=VECTOR('',#8253,8.E-1);
#8255=CARTESIAN_POINT('',(-4.E-1,1.13E0,1.5E0));
#8256=LINE('',#8255,#8254);
#8257=CARTESIAN_POINT('',(-4.E-1,0.E0,1.5E0));
#8258=DIRECTION('',(0.E0,0.E0,-1.E0));
#8259=DIRECTION('',(0.E0,-1.E0,0.E0));
#8260=AXIS2_PLACEMENT_3D('',#8257,#8258,#8259);
#8262=DIRECTION('',(-1.E0,0.E0,0.E0));
#8263=VECTOR('',#8262,8.E-1);
#8264=CARTESIAN_POINT('',(4.E-1,-1.13E0,1.5E0));
#8265=LINE('',#8264,#8263);
#8266=DIRECTION('',(0.E0,0.E0,1.E0));
#8267=VECTOR('',#8266,1.9E-1);
#8268=CARTESIAN_POINT('',(4.E-1,1.13E0,1.31E0));
#8269=LINE('',#8268,#8267);
#8270=DIRECTION('',(0.E0,0.E0,1.E0));
#8271=VECTOR('',#8270,1.9E-1);
#8272=CARTESIAN_POINT('',(4.E-1,-1.13E0,1.31E0));
#8273=LINE('',#8272,#8271);
#8274=DIRECTION('',(0.E0,0.E0,1.E0));
#8275=VECTOR('',#8274,1.9E-1);
#8276=CARTESIAN_POINT('',(-4.E-1,-1.13E0,1.31E0));
#8277=LINE('',#8276,#8275);
#8278=CARTESIAN_POINT('',(1.315330069235E0,1.65E0,1.31E0));
#8279=CARTESIAN_POINT('',(-1.315330069235E0,1.65E0,1.31E0));
#8280=VERTEX_POINT('',#8278);
#8281=VERTEX_POINT('',#8279);
#8282=CARTESIAN_POINT('',(-2.1E0,8.636833199058E-1,1.31E0));
#8283=VERTEX_POINT('',#8282);
#8284=CARTESIAN_POINT('',(-2.1E0,-8.636833199058E-1,1.31E0));
#8285=VERTEX_POINT('',#8284);
#8286=CARTESIAN_POINT('',(-1.315330069235E0,-1.65E0,1.31E0));
#8287=VERTEX_POINT('',#8286);
#8288=CARTESIAN_POINT('',(1.315330069235E0,-1.65E0,1.31E0));
#8289=VERTEX_POINT('',#8288);
#8290=CARTESIAN_POINT('',(2.1E0,-8.636833199058E-1,1.31E0));
#8291=VERTEX_POINT('',#8290);
#8292=CARTESIAN_POINT('',(2.1E0,8.636833199058E-1,1.31E0));
#8293=VERTEX_POINT('',#8292);
#8294=CARTESIAN_POINT('',(4.E-1,1.13E0,1.31E0));
#8295=CARTESIAN_POINT('',(4.E-1,-1.13E0,1.31E0));
#8296=VERTEX_POINT('',#8294);
#8297=VERTEX_POINT('',#8295);
#8298=CARTESIAN_POINT('',(-4.E-1,-1.13E0,1.31E0));
#8299=VERTEX_POINT('',#8298);
#8300=CARTESIAN_POINT('',(-4.E-1,1.13E0,1.31E0));
#8301=VERTEX_POINT('',#8300);
#8302=CARTESIAN_POINT('',(1.315330069235E0,1.65E0,1.5E0));
#8303=CARTESIAN_POINT('',(-1.315330069235E0,1.65E0,1.5E0));
#8304=VERTEX_POINT('',#8302);
#8305=VERTEX_POINT('',#8303);
#8306=CARTESIAN_POINT('',(-2.1E0,8.636833199058E-1,1.5E0));
#8307=VERTEX_POINT('',#8306);
#8308=CARTESIAN_POINT('',(-2.1E0,-8.636833199058E-1,1.5E0));
#8309=VERTEX_POINT('',#8308);
#8310=CARTESIAN_POINT('',(-1.315330069235E0,-1.65E0,1.5E0));
#8311=VERTEX_POINT('',#8310);
#8312=CARTESIAN_POINT('',(1.315330069235E0,-1.65E0,1.5E0));
#8313=VERTEX_POINT('',#8312);
#8314=CARTESIAN_POINT('',(2.1E0,-8.636833199058E-1,1.5E0));
#8315=VERTEX_POINT('',#8314);
#8316=CARTESIAN_POINT('',(2.1E0,8.636833199058E-1,1.5E0));
#8317=VERTEX_POINT('',#8316);
#8318=CARTESIAN_POINT('',(4.E-1,1.13E0,1.5E0));
#8319=CARTESIAN_POINT('',(4.E-1,-1.13E0,1.5E0));
#8320=VERTEX_POINT('',#8318);
#8321=VERTEX_POINT('',#8319);
#8322=CARTESIAN_POINT('',(-4.E-1,-1.13E0,1.5E0));
#8323=VERTEX_POINT('',#8322);
#8324=CARTESIAN_POINT('',(-4.E-1,1.13E0,1.5E0));
#8325=VERTEX_POINT('',#8324);
#8326=CARTESIAN_POINT('',(-4.E-1,1.13E0,1.31E0));
#8327=DIRECTION('',(0.E0,-1.E0,0.E0));
#8328=DIRECTION('',(1.E0,0.E0,0.E0));
#8329=AXIS2_PLACEMENT_3D('',#8326,#8327,#8328);
#8330=PLANE('',#8329);
#8332=ORIENTED_EDGE('',*,*,#8331,.F.);
#8334=ORIENTED_EDGE('',*,*,#8333,.T.);
#8336=ORIENTED_EDGE('',*,*,#8335,.T.);
#8338=ORIENTED_EDGE('',*,*,#8337,.F.);
#8339=EDGE_LOOP('',(#8332,#8334,#8336,#8338));
#8340=FACE_OUTER_BOUND('',#8339,.F.);
#8341=ADVANCED_FACE('',(#8340),#8330,.T.);
#8342=FILL_AREA_STYLE_COLOUR('',#26);
#8343=FILL_AREA_STYLE('',(#8342));
#8344=SURFACE_STYLE_FILL_AREA(#8343);
#8345=SURFACE_SIDE_STYLE('',(#8344));
#8346=SURFACE_STYLE_USAGE(.POSITIVE.,#8345);
#8347=PRESENTATION_STYLE_ASSIGNMENT((#8346));
#8348=STYLED_ITEM('',(#8347),#8341);
#8349=CARTESIAN_POINT('',(0.E0,0.E0,1.31E0));
#8350=DIRECTION('',(0.E0,0.E0,1.E0));
#8351=DIRECTION('',(1.E0,0.E0,0.E0));
#8352=AXIS2_PLACEMENT_3D('',#8349,#8350,#8351);
#8353=PLANE('',#8352);
#8355=ORIENTED_EDGE('',*,*,#8354,.T.);
#8357=ORIENTED_EDGE('',*,*,#8356,.T.);
#8359=ORIENTED_EDGE('',*,*,#8358,.T.);
#8361=ORIENTED_EDGE('',*,*,#8360,.T.);
#8363=ORIENTED_EDGE('',*,*,#8362,.T.);
#8365=ORIENTED_EDGE('',*,*,#8364,.T.);
#8367=ORIENTED_EDGE('',*,*,#8366,.T.);
#8369=ORIENTED_EDGE('',*,*,#8368,.T.);
#8370=EDGE_LOOP('',(#8355,#8357,#8359,#8361,#8363,#8365,#8367,#8369));
#8371=FACE_OUTER_BOUND('',#8370,.F.);
#8373=ORIENTED_EDGE('',*,*,#8372,.T.);
#8375=ORIENTED_EDGE('',*,*,#8374,.T.);
#8377=ORIENTED_EDGE('',*,*,#8376,.T.);
#8378=ORIENTED_EDGE('',*,*,#8331,.T.);
#8379=EDGE_LOOP('',(#8373,#8375,#8377,#8378));
#8380=FACE_BOUND('',#8379,.F.);
#8381=ADVANCED_FACE('',(#8371,#8380),#8353,.F.);
#8382=FILL_AREA_STYLE_COLOUR('',#26);
#8383=FILL_AREA_STYLE('',(#8382));
#8384=SURFACE_STYLE_FILL_AREA(#8383);
#8385=SURFACE_SIDE_STYLE('',(#8384));
#8386=SURFACE_STYLE_USAGE(.POSITIVE.,#8385);
#8387=PRESENTATION_STYLE_ASSIGNMENT((#8386));
#8388=STYLED_ITEM('',(#8387),#8381);
#8389=CARTESIAN_POINT('',(1.315330069235E0,1.65E0,1.31E0));
#8390=DIRECTION('',(0.E0,1.E0,0.E0));
#8391=DIRECTION('',(-1.E0,0.E0,0.E0));
#8392=AXIS2_PLACEMENT_3D('',#8389,#8390,#8391);
#8393=PLANE('',#8392);
#8394=ORIENTED_EDGE('',*,*,#8354,.F.);
#8396=ORIENTED_EDGE('',*,*,#8395,.T.);
#8398=ORIENTED_EDGE('',*,*,#8397,.T.);
#8400=ORIENTED_EDGE('',*,*,#8399,.F.);
#8401=EDGE_LOOP('',(#8394,#8396,#8398,#8400));
#8402=FACE_OUTER_BOUND('',#8401,.F.);
#8403=ADVANCED_FACE('',(#8402),#8393,.T.);
#8404=FILL_AREA_STYLE_COLOUR('',#26);
#8405=FILL_AREA_STYLE('',(#8404));
#8406=SURFACE_STYLE_FILL_AREA(#8405);
#8407=SURFACE_SIDE_STYLE('',(#8406));
#8408=SURFACE_STYLE_USAGE(.POSITIVE.,#8407);
#8409=PRESENTATION_STYLE_ASSIGNMENT((#8408));
#8410=STYLED_ITEM('',(#8409),#8403);
#8411=CARTESIAN_POINT('',(2.174E0,1.7222E0,1.31E0));
#8412=DIRECTION('',(0.E0,0.E0,1.E0));
#8413=DIRECTION('',(1.E0,0.E0,0.E0));
#8414=AXIS2_PLACEMENT_3D('',#8411,#8412,#8413);
#8415=CYLINDRICAL_SURFACE('',#8414,8.617E-1);
#8416=ORIENTED_EDGE('',*,*,#8368,.F.);
#8418=ORIENTED_EDGE('',*,*,#8417,.T.);
#8420=ORIENTED_EDGE('',*,*,#8419,.T.);
#8421=ORIENTED_EDGE('',*,*,#8395,.F.);
#8422=EDGE_LOOP('',(#8416,#8418,#8420,#8421));
#8423=FACE_OUTER_BOUND('',#8422,.F.);
#8424=ADVANCED_FACE('',(#8423),#8415,.F.);
#8425=FILL_AREA_STYLE_COLOUR('',#26);
#8426=FILL_AREA_STYLE('',(#8425));
#8427=SURFACE_STYLE_FILL_AREA(#8426);
#8428=SURFACE_SIDE_STYLE('',(#8427));
#8429=SURFACE_STYLE_USAGE(.POSITIVE.,#8428);
#8430=PRESENTATION_STYLE_ASSIGNMENT((#8429));
#8431=STYLED_ITEM('',(#8430),#8424);
#8432=CARTESIAN_POINT('',(2.1E0,-8.636833199058E-1,1.31E0));
#8433=DIRECTION('',(1.E0,0.E0,0.E0));
#8434=DIRECTION('',(0.E0,1.E0,0.E0));
#8435=AXIS2_PLACEMENT_3D('',#8432,#8433,#8434);
#8436=PLANE('',#8435);
#8437=ORIENTED_EDGE('',*,*,#8366,.F.);
#8439=ORIENTED_EDGE('',*,*,#8438,.T.);
#8441=ORIENTED_EDGE('',*,*,#8440,.T.);
#8442=ORIENTED_EDGE('',*,*,#8417,.F.);
#8443=EDGE_LOOP('',(#8437,#8439,#8441,#8442));
#8444=FACE_OUTER_BOUND('',#8443,.F.);
#8445=ADVANCED_FACE('',(#8444),#8436,.T.);
#8446=FILL_AREA_STYLE_COLOUR('',#26);
#8447=FILL_AREA_STYLE('',(#8446));
#8448=SURFACE_STYLE_FILL_AREA(#8447);
#8449=SURFACE_SIDE_STYLE('',(#8448));
#8450=SURFACE_STYLE_USAGE(.POSITIVE.,#8449);
#8451=PRESENTATION_STYLE_ASSIGNMENT((#8450));
#8452=STYLED_ITEM('',(#8451),#8445);
#8453=CARTESIAN_POINT('',(2.174E0,-1.7222E0,1.31E0));
#8454=DIRECTION('',(0.E0,0.E0,1.E0));
#8455=DIRECTION('',(1.E0,0.E0,0.E0));
#8456=AXIS2_PLACEMENT_3D('',#8453,#8454,#8455);
#8457=CYLINDRICAL_SURFACE('',#8456,8.617E-1);
#8458=ORIENTED_EDGE('',*,*,#8364,.F.);
#8460=ORIENTED_EDGE('',*,*,#8459,.T.);
#8462=ORIENTED_EDGE('',*,*,#8461,.T.);
#8463=ORIENTED_EDGE('',*,*,#8438,.F.);
#8464=EDGE_LOOP('',(#8458,#8460,#8462,#8463));
#8465=FACE_OUTER_BOUND('',#8464,.F.);
#8466=ADVANCED_FACE('',(#8465),#8457,.F.);
#8467=FILL_AREA_STYLE_COLOUR('',#26);
#8468=FILL_AREA_STYLE('',(#8467));
#8469=SURFACE_STYLE_FILL_AREA(#8468);
#8470=SURFACE_SIDE_STYLE('',(#8469));
#8471=SURFACE_STYLE_USAGE(.POSITIVE.,#8470);
#8472=PRESENTATION_STYLE_ASSIGNMENT((#8471));
#8473=STYLED_ITEM('',(#8472),#8466);
#8474=CARTESIAN_POINT('',(-1.315330069235E0,-1.65E0,1.31E0));
#8475=DIRECTION('',(0.E0,-1.E0,0.E0));
#8476=DIRECTION('',(1.E0,0.E0,0.E0));
#8477=AXIS2_PLACEMENT_3D('',#8474,#8475,#8476);
#8478=PLANE('',#8477);
#8479=ORIENTED_EDGE('',*,*,#8362,.F.);
#8481=ORIENTED_EDGE('',*,*,#8480,.T.);
#8483=ORIENTED_EDGE('',*,*,#8482,.T.);
#8484=ORIENTED_EDGE('',*,*,#8459,.F.);
#8485=EDGE_LOOP('',(#8479,#8481,#8483,#8484));
#8486=FACE_OUTER_BOUND('',#8485,.F.);
#8487=ADVANCED_FACE('',(#8486),#8478,.T.);
#8488=FILL_AREA_STYLE_COLOUR('',#26);
#8489=FILL_AREA_STYLE('',(#8488));
#8490=SURFACE_STYLE_FILL_AREA(#8489);
#8491=SURFACE_SIDE_STYLE('',(#8490));
#8492=SURFACE_STYLE_USAGE(.POSITIVE.,#8491);
#8493=PRESENTATION_STYLE_ASSIGNMENT((#8492));
#8494=STYLED_ITEM('',(#8493),#8487);
#8495=CARTESIAN_POINT('',(-2.174E0,-1.7222E0,1.31E0));
#8496=DIRECTION('',(0.E0,0.E0,1.E0));
#8497=DIRECTION('',(1.E0,0.E0,0.E0));
#8498=AXIS2_PLACEMENT_3D('',#8495,#8496,#8497);
#8499=CYLINDRICAL_SURFACE('',#8498,8.617E-1);
#8500=ORIENTED_EDGE('',*,*,#8360,.F.);
#8502=ORIENTED_EDGE('',*,*,#8501,.T.);
#8504=ORIENTED_EDGE('',*,*,#8503,.T.);
#8505=ORIENTED_EDGE('',*,*,#8480,.F.);
#8506=EDGE_LOOP('',(#8500,#8502,#8504,#8505));
#8507=FACE_OUTER_BOUND('',#8506,.F.);
#8508=ADVANCED_FACE('',(#8507),#8499,.F.);
#8509=FILL_AREA_STYLE_COLOUR('',#26);
#8510=FILL_AREA_STYLE('',(#8509));
#8511=SURFACE_STYLE_FILL_AREA(#8510);
#8512=SURFACE_SIDE_STYLE('',(#8511));
#8513=SURFACE_STYLE_USAGE(.POSITIVE.,#8512);
#8514=PRESENTATION_STYLE_ASSIGNMENT((#8513));
#8515=STYLED_ITEM('',(#8514),#8508);
#8516=CARTESIAN_POINT('',(-2.1E0,8.636833199058E-1,1.31E0));
#8517=DIRECTION('',(-1.E0,0.E0,0.E0));
#8518=DIRECTION('',(0.E0,-1.E0,0.E0));
#8519=AXIS2_PLACEMENT_3D('',#8516,#8517,#8518);
#8520=PLANE('',#8519);
#8521=ORIENTED_EDGE('',*,*,#8358,.F.);
#8523=ORIENTED_EDGE('',*,*,#8522,.T.);
#8525=ORIENTED_EDGE('',*,*,#8524,.T.);
#8526=ORIENTED_EDGE('',*,*,#8501,.F.);
#8527=EDGE_LOOP('',(#8521,#8523,#8525,#8526));
#8528=FACE_OUTER_BOUND('',#8527,.F.);
#8529=ADVANCED_FACE('',(#8528),#8520,.T.);
#8530=FILL_AREA_STYLE_COLOUR('',#26);
#8531=FILL_AREA_STYLE('',(#8530));
#8532=SURFACE_STYLE_FILL_AREA(#8531);
#8533=SURFACE_SIDE_STYLE('',(#8532));
#8534=SURFACE_STYLE_USAGE(.POSITIVE.,#8533);
#8535=PRESENTATION_STYLE_ASSIGNMENT((#8534));
#8536=STYLED_ITEM('',(#8535),#8529);
#8537=CARTESIAN_POINT('',(-2.174E0,1.7222E0,1.31E0));
#8538=DIRECTION('',(0.E0,0.E0,1.E0));
#8539=DIRECTION('',(1.E0,0.E0,0.E0));
#8540=AXIS2_PLACEMENT_3D('',#8537,#8538,#8539);
#8541=CYLINDRICAL_SURFACE('',#8540,8.617E-1);
#8542=ORIENTED_EDGE('',*,*,#8356,.F.);
#8543=ORIENTED_EDGE('',*,*,#8399,.T.);
#8545=ORIENTED_EDGE('',*,*,#8544,.T.);
#8546=ORIENTED_EDGE('',*,*,#8522,.F.);
#8547=EDGE_LOOP('',(#8542,#8543,#8545,#8546));
#8548=FACE_OUTER_BOUND('',#8547,.F.);
#8549=ADVANCED_FACE('',(#8548),#8541,.F.);
#8550=FILL_AREA_STYLE_COLOUR('',#26);
#8551=FILL_AREA_STYLE('',(#8550));
#8552=SURFACE_STYLE_FILL_AREA(#8551);
#8553=SURFACE_SIDE_STYLE('',(#8552));
#8554=SURFACE_STYLE_USAGE(.POSITIVE.,#8553);
#8555=PRESENTATION_STYLE_ASSIGNMENT((#8554));
#8556=STYLED_ITEM('',(#8555),#8549);
#8557=CARTESIAN_POINT('',(0.E0,0.E0,1.5E0));
#8558=DIRECTION('',(0.E0,0.E0,1.E0));
#8559=DIRECTION('',(1.E0,0.E0,0.E0));
#8560=AXIS2_PLACEMENT_3D('',#8557,#8558,#8559);
#8561=PLANE('',#8560);
#8562=ORIENTED_EDGE('',*,*,#8397,.F.);
#8563=ORIENTED_EDGE('',*,*,#8419,.F.);
#8564=ORIENTED_EDGE('',*,*,#8440,.F.);
#8565=ORIENTED_EDGE('',*,*,#8461,.F.);
#8566=ORIENTED_EDGE('',*,*,#8482,.F.);
#8567=ORIENTED_EDGE('',*,*,#8503,.F.);
#8568=ORIENTED_EDGE('',*,*,#8524,.F.);
#8569=ORIENTED_EDGE('',*,*,#8544,.F.);
#8570=EDGE_LOOP('',(#8562,#8563,#8564,#8565,#8566,#8567,#8568,#8569));
#8571=FACE_OUTER_BOUND('',#8570,.F.);
#8573=ORIENTED_EDGE('',*,*,#8572,.F.);
#8574=ORIENTED_EDGE('',*,*,#8335,.F.);
#8576=ORIENTED_EDGE('',*,*,#8575,.F.);
#8578=ORIENTED_EDGE('',*,*,#8577,.F.);
#8579=EDGE_LOOP('',(#8573,#8574,#8576,#8578));
#8580=FACE_BOUND('',#8579,.F.);
#8581=ADVANCED_FACE('',(#8571,#8580),#8561,.T.);
#8582=FILL_AREA_STYLE_COLOUR('',#26);
#8583=FILL_AREA_STYLE('',(#8582));
#8584=SURFACE_STYLE_FILL_AREA(#8583);
#8585=SURFACE_SIDE_STYLE('',(#8584));
#8586=SURFACE_STYLE_USAGE(.POSITIVE.,#8585);
#8587=PRESENTATION_STYLE_ASSIGNMENT((#8586));
#8588=STYLED_ITEM('',(#8587),#8581);
#8589=CARTESIAN_POINT('',(4.E-1,0.E0,1.31E0));
#8590=DIRECTION('',(0.E0,0.E0,1.E0));
#8591=DIRECTION('',(1.E0,0.E0,0.E0));
#8592=AXIS2_PLACEMENT_3D('',#8589,#8590,#8591);
#8593=CYLINDRICAL_SURFACE('',#8592,1.13E0);
#8594=ORIENTED_EDGE('',*,*,#8372,.F.);
#8595=ORIENTED_EDGE('',*,*,#8337,.T.);
#8596=ORIENTED_EDGE('',*,*,#8572,.T.);
#8598=ORIENTED_EDGE('',*,*,#8597,.F.);
#8599=EDGE_LOOP('',(#8594,#8595,#8596,#8598));
#8600=FACE_OUTER_BOUND('',#8599,.F.);
#8601=ADVANCED_FACE('',(#8600),#8593,.F.);
#8602=FILL_AREA_STYLE_COLOUR('',#26);
#8603=FILL_AREA_STYLE('',(#8602));
#8604=SURFACE_STYLE_FILL_AREA(#8603);
#8605=SURFACE_SIDE_STYLE('',(#8604));
#8606=SURFACE_STYLE_USAGE(.POSITIVE.,#8605);
#8607=PRESENTATION_STYLE_ASSIGNMENT((#8606));
#8608=STYLED_ITEM('',(#8607),#8601);
#8609=CARTESIAN_POINT('',(4.E-1,-1.13E0,1.31E0));
#8610=DIRECTION('',(0.E0,1.E0,0.E0));
#8611=DIRECTION('',(-1.E0,0.E0,0.E0));
#8612=AXIS2_PLACEMENT_3D('',#8609,#8610,#8611);
#8613=PLANE('',#8612);
#8614=ORIENTED_EDGE('',*,*,#8374,.F.);
#8615=ORIENTED_EDGE('',*,*,#8597,.T.);
#8616=ORIENTED_EDGE('',*,*,#8577,.T.);
#8618=ORIENTED_EDGE('',*,*,#8617,.F.);
#8619=EDGE_LOOP('',(#8614,#8615,#8616,#8618));
#8620=FACE_OUTER_BOUND('',#8619,.F.);
#8621=ADVANCED_FACE('',(#8620),#8613,.T.);
#8622=FILL_AREA_STYLE_COLOUR('',#26);
#8623=FILL_AREA_STYLE('',(#8622));
#8624=SURFACE_STYLE_FILL_AREA(#8623);
#8625=SURFACE_SIDE_STYLE('',(#8624));
#8626=SURFACE_STYLE_USAGE(.POSITIVE.,#8625);
#8627=PRESENTATION_STYLE_ASSIGNMENT((#8626));
#8628=STYLED_ITEM('',(#8627),#8621);
#8629=CARTESIAN_POINT('',(-4.E-1,0.E0,1.31E0));
#8630=DIRECTION('',(0.E0,0.E0,1.E0));
#8631=DIRECTION('',(1.E0,0.E0,0.E0));
#8632=AXIS2_PLACEMENT_3D('',#8629,#8630,#8631);
#8633=CYLINDRICAL_SURFACE('',#8632,1.13E0);
#8634=ORIENTED_EDGE('',*,*,#8376,.F.);
#8635=ORIENTED_EDGE('',*,*,#8617,.T.);
#8636=ORIENTED_EDGE('',*,*,#8575,.T.);
#8637=ORIENTED_EDGE('',*,*,#8333,.F.);
#8638=EDGE_LOOP('',(#8634,#8635,#8636,#8637));
#8639=FACE_OUTER_BOUND('',#8638,.F.);
#8640=ADVANCED_FACE('',(#8639),#8633,.F.);
#8641=FILL_AREA_STYLE_COLOUR('',#26);
#8642=FILL_AREA_STYLE('',(#8641));
#8643=SURFACE_STYLE_FILL_AREA(#8642);
#8644=SURFACE_SIDE_STYLE('',(#8643));
#8645=SURFACE_STYLE_USAGE(.POSITIVE.,#8644);
#8646=PRESENTATION_STYLE_ASSIGNMENT((#8645));
#8647=STYLED_ITEM('',(#8646),#8640);
#8648=CLOSED_SHELL('',(#8341,#8381,#8403,#8424,#8445,#8466,#8487,#8508,#8529,
#8549,#8581,#8601,#8621,#8640));
#8649=MANIFOLD_SOLID_BREP('',#8648);
#8651=DIMENSIONAL_EXPONENTS(0.E0,0.E0,0.E0,0.E0,0.E0,0.E0,0.E0);
#8653=PLANE_ANGLE_MEASURE_WITH_UNIT(PLANE_ANGLE_MEASURE(1.745329251994E-2),
#8652);
#8654=(CONVERSION_BASED_UNIT('DEGREE',#8653)NAMED_UNIT(*)PLANE_ANGLE_UNIT());
#8656=UNCERTAINTY_MEASURE_WITH_UNIT(LENGTH_MEASURE(6.233762189094E-4),#8650,
'closure',
'Maximum model space distance between geometric entities at asserted connectivities');
#8657=(GEOMETRIC_REPRESENTATION_CONTEXT(3)GLOBAL_UNCERTAINTY_ASSIGNED_CONTEXT((
#8656))GLOBAL_UNIT_ASSIGNED_CONTEXT((#8650,#8654,#8655))REPRESENTATION_CONTEXT(
'ID1','3'));
#8659=MECHANICAL_DESIGN_GEOMETRIC_PRESENTATION_REPRESENTATION('',(#3155,#3433,
#3472,#3493,#3515,#3535,#3552,#3574,#3594,#3611,#3633,#3653,#3670,#3692,#3712,
#3729,#3751,#3771,#3788,#3810,#3830,#3847,#3869,#3889,#3906,#3928,#3948,#3965,
#3987,#4007,#4024,#4056,#4088,#4109,#4140,#4172,#4210,#4230,#4250,#4270,#4290,
#4310,#4329,#4354,#4378,#4441,#4466,#4489,#4513,#4535,#4557,#4579,#4600,#4620,
#4641,#4661,#4681,#4700,#4722,#4743,#4764,#4785,#4806,#4827,#4847,#4869,#4898,
#4927,#4956,#4977,#4997,#5017,#5037,#5057,#5077,#5096,#5117,#5137,#5157,#5177,
#5197,#5217,#5236,#5257,#5277,#5297,#5317,#5337,#5357,#5376,#5410,#5441,#5472,
#5493,#5523,#5554,#5574,#5594,#5614,#5634,#5654,#5673,#5693,#5713,#5733,#5753,
#5773,#5793,#5812,#5833,#5853,#5873,#5893,#5913,#5933,#5953,#5972,#5994,#6015,
#6036,#6057,#6078,#6098,#6119,#6213,#6252,#6321,#6360,#6381,#6400,#6420,#6440,
#6460,#6480,#6500,#6520,#6540,#6560,#6580,#6600,#6620,#6640,#6660,#6680,#6700,
#6720,#6740,#6760,#6780,#6800,#6820,#6840,#6860,#6880,#6900,#6920,#6940,#6960,
#6980,#7000,#7020,#7040,#7060,#7080,#7100,#7120,#7139,#7160,#7180,#7200,#7220,
#7240,#7260,#7280,#7300,#7320,#7340,#7360,#7379,#7400,#7420,#7440,#7460,#7480,
#7500,#7520,#7540,#7560,#7580,#7600,#7620,#7640,#7659,#7680,#7700,#7720,#7740,
#7760,#7780,#7800,#7820,#7840,#7860,#7880,#7899,#7920,#7940,#7960,#7980,#8000,
#8020,#8040,#8059,#8080,#8100,#8119,#8348,#8388,#8410,#8431,#8452,#8473,#8494,
#8515,#8536,#8556,#8588,#8608,#8628,#8647),#8657);
#8660=APPLICATION_CONTEXT(
'CONFIGURATION CONTROLLED 3D DESIGNS OF MECHANICAL PARTS AND ASSEMBLIES');
#8661=APPLICATION_PROTOCOL_DEFINITION('international standard',
'ccd_cla_gvp_ast_asd',1995,#8660);
#8662=DESIGN_CONTEXT('',#8660,'design');
#8663=MECHANICAL_CONTEXT('',#8660,'mechanical');
#8664=PRODUCT('12','12','NOT SPECIFIED',(#8663));
#8665=PRODUCT_DEFINITION_FORMATION_WITH_SPECIFIED_SOURCE('1','LAST_VERSION',
#8664,.MADE.);
#8673=DERIVED_UNIT_ELEMENT(#8672,2.E0);
#8674=DERIVED_UNIT((#8673));
#8675=MEASURE_REPRESENTATION_ITEM('surface area measure',AREA_MEASURE(
8.383152448950E1),#8674);
#8680=DERIVED_UNIT_ELEMENT(#8679,3.E0);
#8681=DERIVED_UNIT((#8680));
#8682=MEASURE_REPRESENTATION_ITEM('volume measure',VOLUME_MEASURE(
2.601939362139E1),#8681);
#8686=CARTESIAN_POINT('centre point',(5.921005034205E-6,5.256307823846E-5,
1.027901228896E0));
#8691=DERIVED_UNIT_ELEMENT(#8690,2.E0);
#8692=DERIVED_UNIT((#8691));
#8693=MEASURE_REPRESENTATION_ITEM('surface area measure',AREA_MEASURE(
8.383152448950E1),#8692);
#8698=DERIVED_UNIT_ELEMENT(#8697,3.E0);
#8699=DERIVED_UNIT((#8698));
#8700=MEASURE_REPRESENTATION_ITEM('volume measure',VOLUME_MEASURE(
2.601939362139E1),#8699);
#8704=CARTESIAN_POINT('centre point',(5.921005034205E-6,5.256307823846E-5,
1.027901228896E0));
#8709=PRODUCT_CATEGORY('part','');
#8710=PRODUCT_RELATED_PRODUCT_CATEGORY('detail','',(#8664));
#8711=PRODUCT_CATEGORY_RELATIONSHIP('','',#8709,#8710);
#8712=SECURITY_CLASSIFICATION_LEVEL('unclassified');
#8713=SECURITY_CLASSIFICATION('','',#8712);
#8714=CC_DESIGN_SECURITY_CLASSIFICATION(#8713,(#8665));
#8715=APPROVAL_STATUS('approved');
#8716=APPROVAL(#8715,'');
#8717=CC_DESIGN_APPROVAL(#8716,(#8713,#8665,#8666));
#8718=CALENDAR_DATE(121,4,9);
#8719=COORDINATED_UNIVERSAL_TIME_OFFSET(8,0,.AHEAD.);
#8720=LOCAL_TIME(16,36,5.8E1,#8719);
#8721=DATE_AND_TIME(#8718,#8720);
#8722=APPROVAL_DATE_TIME(#8721,#8716);
#8723=DATE_TIME_ROLE('creation_date');
#8724=CC_DESIGN_DATE_AND_TIME_ASSIGNMENT(#8721,#8723,(#8666));
#8725=DATE_TIME_ROLE('classification_date');
#8726=CC_DESIGN_DATE_AND_TIME_ASSIGNMENT(#8721,#8725,(#8713));
#8727=PERSON('UNSPECIFIED','UNSPECIFIED',$,$,$,$);
#8728=ORGANIZATION('UNSPECIFIED','UNSPECIFIED','UNSPECIFIED');
#8729=PERSON_AND_ORGANIZATION(#8727,#8728);
#8730=APPROVAL_ROLE('approver');
#8731=APPROVAL_PERSON_ORGANIZATION(#8729,#8716,#8730);
#8732=PERSON_AND_ORGANIZATION_ROLE('creator');
#8733=CC_DESIGN_PERSON_AND_ORGANIZATION_ASSIGNMENT(#8729,#8732,(#8665,#8666));
#8734=PERSON_AND_ORGANIZATION_ROLE('design_supplier');
#8735=CC_DESIGN_PERSON_AND_ORGANIZATION_ASSIGNMENT(#8729,#8734,(#8665));
#8736=PERSON_AND_ORGANIZATION_ROLE('classification_officer');
#8737=CC_DESIGN_PERSON_AND_ORGANIZATION_ASSIGNMENT(#8729,#8736,(#8713));
#8738=PERSON_AND_ORGANIZATION_ROLE('design_owner');
#8739=CC_DESIGN_PERSON_AND_ORGANIZATION_ASSIGNMENT(#8729,#8738,(#8664));
#1=DRAUGHTING_PRE_DEFINED_COLOUR('green');
#2=COLOUR_RGB('',1.1E-2,1.2E-2,1.E0);
#3=COLOUR_RGB('',2.15686E-1,5.18041E-1,1.E0);
#4=COLOUR_RGB('',2.36993E-1,1.E0,6.49617E-1);
#5=COLOUR_RGB('',2.57282E-1,2.57282E-1,2.57282E-1);
#6=COLOUR_RGB('',2.60765E-1,3.42788E-1,8.64078E-1);
#7=COLOUR_RGB('',2.69953E-1,7.31256E-1,1.E0);
#8=COLOUR_RGB('',3.34677E-1,8.15534E-1,4.38691E-1);
#9=COLOUR_RGB('',3.43194E-1,8.15534E-1,5.48197E-1);
#10=COLOUR_RGB('',4.1E-1,2.61589E-1,1.12848E-1);
#11=COLOUR_RGB('',4.46095E-1,1.E0,3.94692E-1);
#12=COLOUR_RGB('',4.51243E-1,1.E0,6.21554E-1);
#13=COLOUR_RGB('',5.45098E-1,2.62745E-1,1.76471E-1);
#14=COLOUR_RGB('',6.31068E-1,5.73064E-1,5.17491E-1);
#15=COLOUR_RGB('',6.35294E-1,6.86275E-1,7.4902E-1);
#16=COLOUR_RGB('',6.40777E-1,6.40777E-1,6.40777E-1);
#17=COLOUR_RGB('',6.69062E-1,6.69903E-1,6.55217E-1);
#18=COLOUR_RGB('',6.86275E-1,4.07471E-1,2.42725E-1);
#19=COLOUR_RGB('',6.86275E-1,5.35447E-1,4.36243E-1);
#20=COLOUR_RGB('',6.8932E-1,1.934E-1,1.61111E-1);
#21=COLOUR_RGB('',6.94175E-1,1.01459E-1,1.27464E-1);
#22=COLOUR_RGB('',7.815533980583E-1,7.419356997198E-1,7.071800941325E-1);
#23=COLOUR_RGB('',7.82797E-1,8.00971E-1,7.18987E-1);
#24=COLOUR_RGB('',7.96078E-1,8.1E-1,9.41176E-1);
#25=COLOUR_RGB('',8.03922E-1,4.98039E-1,1.96078E-1);
#26=COLOUR_RGB('',8.15534E-1,8.15534E-1,8.15534E-1);
#27=COLOUR_RGB('',8.15534E-1,8.15534E-1,8.15534E-1);
#28=COLOUR_RGB('',8.5098E-1,8.07843E-1,7.37255E-1);
#29=COLOUR_RGB('',8.5098E-1,8.07843E-1,7.7E-1);
#30=COLOUR_RGB('',8.73786E-1,8.73278E-1,7.54776E-1);
#31=COLOUR_RGB('',8.83495E-1,8.E-1,7.4E-1);
#32=COLOUR_RGB('',8.82353E-1,8.82353E-1,8.82353E-1);
#33=COLOUR_RGB('',8.8835E-1,7.49609E-1,6.19346E-1);
#34=COLOUR_RGB('',1.E0,2.99729E-1,5.3274E-2);
#35=COLOUR_RGB('',1.E0,6.48135E-1,4.66429E-1);
#36=DRAUGHTING_PRE_DEFINED_COLOUR('yellow');
#37=COLOUR_RGB('',1.E0,1.E0,5.3E-1);
#38=DRAUGHTING_PRE_DEFINED_COLOUR('white');
#47=CIRCLE('',#46,3.E-1);
#52=CIRCLE('',#51,3.E-1);
#57=CIRCLE('',#56,4.E-1);
#62=CIRCLE('',#61,4.E-1);
#67=CIRCLE('',#66,4.E-1);
#72=CIRCLE('',#71,4.E-1);
#77=CIRCLE('',#76,2.5E-1);
#82=CIRCLE('',#81,2.5E-1);
#87=CIRCLE('',#86,2.5E-1);
#92=CIRCLE('',#91,2.5E-1);
#97=CIRCLE('',#96,2.5E-1);
#102=CIRCLE('',#101,2.5E-1);
#107=CIRCLE('',#106,2.5E-1);
#112=CIRCLE('',#111,2.5E-1);
#117=CIRCLE('',#116,2.5E-1);
#122=CIRCLE('',#121,2.5E-1);
#127=CIRCLE('',#126,2.5E-1);
#132=CIRCLE('',#131,2.5E-1);
#605=CIRCLE('',#604,3.E-1);
#610=CIRCLE('',#609,3.E-1);
#623=CIRCLE('',#622,4.E-1);
#628=CIRCLE('',#627,4.E-1);
#641=CIRCLE('',#640,4.E-1);
#646=CIRCLE('',#645,4.E-1);
#659=CIRCLE('',#658,2.5E-1);
#664=CIRCLE('',#663,2.5E-1);
#677=CIRCLE('',#676,2.5E-1);
#682=CIRCLE('',#681,2.5E-1);
#695=CIRCLE('',#694,2.5E-1);
#700=CIRCLE('',#699,2.5E-1);
#713=CIRCLE('',#712,2.5E-1);
#718=CIRCLE('',#717,2.5E-1);
#731=CIRCLE('',#730,2.5E-1);
#736=CIRCLE('',#735,2.5E-1);
#749=CIRCLE('',#748,2.5E-1);
#754=CIRCLE('',#753,2.5E-1);
#767=CIRCLE('',#766,1.504E-1);
#784=CIRCLE('',#783,5.04E-2);
#789=CIRCLE('',#788,5.04E-2);
#806=CIRCLE('',#805,1.504E-1);
#827=CIRCLE('',#826,5.04E-2);
#844=CIRCLE('',#843,1.504E-1);
#853=CIRCLE('',#852,5.04E-2);
#866=CIRCLE('',#865,1.504E-1);
#939=CIRCLE('',#938,1.1E0);
#948=CIRCLE('',#947,1.1E0);
#1121=CIRCLE('',#1120,1.5E-1);
#1126=CIRCLE('',#1125,9.5E-1);
#1135=CIRCLE('',#1134,9.5E-1);
#1144=CIRCLE('',#1143,1.5E-1);
#1149=CIRCLE('',#1148,1.1E0);
#1166=CIRCLE('',#1165,1.5E-1);
#1171=CIRCLE('',#1170,1.5E-1);
#1176=CIRCLE('',#1175,1.1E0);
#1445=CIRCLE('',#1444,1.504E-1);
#1462=CIRCLE('',#1461,5.04E-2);
#1467=CIRCLE('',#1466,5.04E-2);
#1484=CIRCLE('',#1483,1.504E-1);
#1497=CIRCLE('',#1496,5.04E-2);
#1514=CIRCLE('',#1513,1.504E-1);
#1535=CIRCLE('',#1534,1.504E-1);
#1552=CIRCLE('',#1551,5.04E-2);
#3138=EDGE_CURVE('',#2872,#2874,#392,.T.);
#3140=EDGE_CURVE('',#2872,#2682,#42,.T.);
#3142=EDGE_CURVE('',#2682,#2684,#1688,.T.);
#3144=EDGE_CURVE('',#2874,#2684,#2040,.T.);
#3161=EDGE_CURVE('',#3110,#3100,#136,.T.);
#3163=EDGE_CURVE('',#3100,#3108,#140,.T.);
#3165=EDGE_CURVE('',#3114,#3108,#144,.T.);
#3167=EDGE_CURVE('',#3114,#2387,#148,.T.);
#3169=EDGE_CURVE('',#2387,#2388,#152,.T.);
#3171=EDGE_CURVE('',#2388,#3116,#156,.T.);
#3173=EDGE_CURVE('',#3102,#3116,#160,.T.);
#3175=EDGE_CURVE('',#3094,#3102,#164,.T.);
#3177=EDGE_CURVE('',#3094,#3112,#168,.T.);
#3179=EDGE_CURVE('',#3112,#3028,#172,.T.);
#3181=EDGE_CURVE('',#3027,#3028,#176,.T.);
#3183=EDGE_CURVE('',#3027,#3035,#180,.T.);
#3185=EDGE_CURVE('',#3035,#3036,#184,.T.);
#3187=EDGE_CURVE('',#3036,#2391,#188,.T.);
#3189=EDGE_CURVE('',#2391,#2392,#192,.T.);
#3191=EDGE_CURVE('',#2392,#3031,#196,.T.);
#3193=EDGE_CURVE('',#3031,#3032,#200,.T.);
#3195=EDGE_CURVE('',#3024,#3032,#204,.T.);
#3197=EDGE_CURVE('',#3023,#3024,#208,.T.);
#3199=EDGE_CURVE('',#3023,#3110,#212,.T.);
#3203=EDGE_CURVE('',#2559,#2560,#47,.T.);
#3205=EDGE_CURVE('',#2560,#2559,#52,.T.);
#3209=EDGE_CURVE('',#2563,#2564,#57,.T.);
#3211=EDGE_CURVE('',#2564,#2563,#62,.T.);
#3215=EDGE_CURVE('',#2567,#2568,#67,.T.);
#3217=EDGE_CURVE('',#2568,#2567,#72,.T.);
#3221=EDGE_CURVE('',#2571,#2572,#77,.T.);
#3223=EDGE_CURVE('',#2572,#2571,#82,.T.);
#3227=EDGE_CURVE('',#2575,#2576,#87,.T.);
#3229=EDGE_CURVE('',#2576,#2575,#92,.T.);
#3233=EDGE_CURVE('',#2579,#2580,#97,.T.);
#3235=EDGE_CURVE('',#2580,#2579,#102,.T.);
#3239=EDGE_CURVE('',#2583,#2584,#107,.T.);
#3241=EDGE_CURVE('',#2584,#2583,#112,.T.);
#3245=EDGE_CURVE('',#2587,#2588,#117,.T.);
#3247=EDGE_CURVE('',#2588,#2587,#122,.T.);
#3251=EDGE_CURVE('',#2591,#2592,#127,.T.);
#3253=EDGE_CURVE('',#2592,#2591,#132,.T.);
#3257=EDGE_CURVE('',#2785,#2786,#216,.T.);
#3259=EDGE_CURVE('',#2786,#2788,#220,.T.);
#3261=EDGE_CURVE('',#2788,#2790,#224,.T.);
#3263=EDGE_CURVE('',#2790,#2792,#228,.T.);
#3265=EDGE_CURVE('',#2792,#2794,#232,.T.);
#3267=EDGE_CURVE('',#2794,#2785,#236,.T.);
#3271=EDGE_CURVE('',#2797,#2798,#240,.T.);
#3273=EDGE_CURVE('',#2798,#2800,#244,.T.);
#3275=EDGE_CURVE('',#2800,#2802,#248,.T.);
#3277=EDGE_CURVE('',#2802,#2804,#252,.T.);
#3279=EDGE_CURVE('',#2804,#2806,#256,.T.);
#3281=EDGE_CURVE('',#2806,#2808,#260,.T.);
#3283=EDGE_CURVE('',#2808,#2810,#264,.T.);
#3285=EDGE_CURVE('',#2810,#2812,#268,.T.);
#3287=EDGE_CURVE('',#2812,#2814,#272,.T.);
#3289=EDGE_CURVE('',#2814,#2816,#276,.T.);
#3291=EDGE_CURVE('',#2816,#2818,#280,.T.);
#3293=EDGE_CURVE('',#2818,#2820,#284,.T.);
#3295=EDGE_CURVE('',#2820,#2822,#288,.T.);
#3297=EDGE_CURVE('',#2822,#2824,#292,.T.);
#3299=EDGE_CURVE('',#2824,#2826,#296,.T.);
#3301=EDGE_CURVE('',#2826,#2828,#300,.T.);
#3303=EDGE_CURVE('',#2828,#2830,#304,.T.);
#3305=EDGE_CURVE('',#2830,#2832,#308,.T.);
#3307=EDGE_CURVE('',#2832,#2834,#312,.T.);
#3309=EDGE_CURVE('',#2834,#2836,#316,.T.);
#3311=EDGE_CURVE('',#2836,#2838,#320,.T.);
#3313=EDGE_CURVE('',#2838,#2840,#324,.T.);
#3315=EDGE_CURVE('',#2840,#2842,#328,.T.);
#3317=EDGE_CURVE('',#2842,#2844,#332,.T.);
#3319=EDGE_CURVE('',#2844,#2846,#336,.T.);
#3321=EDGE_CURVE('',#2846,#2848,#340,.T.);
#3323=EDGE_CURVE('',#2848,#2850,#344,.T.);
#3325=EDGE_CURVE('',#2850,#2852,#348,.T.);
#3327=EDGE_CURVE('',#2852,#2854,#352,.T.);
#3329=EDGE_CURVE('',#2854,#2856,#356,.T.);
#3331=EDGE_CURVE('',#2856,#2858,#360,.T.);
#3333=EDGE_CURVE('',#2858,#2860,#364,.T.);
#3335=EDGE_CURVE('',#2860,#2862,#368,.T.);
#3337=EDGE_CURVE('',#2862,#2864,#372,.T.);
#3339=EDGE_CURVE('',#2864,#2866,#376,.T.);
#3341=EDGE_CURVE('',#2866,#2868,#380,.T.);
#3343=EDGE_CURVE('',#2868,#2870,#384,.T.);
#3345=EDGE_CURVE('',#2870,#2872,#388,.T.);
#3348=EDGE_CURVE('',#2874,#2797,#396,.T.);
#3352=EDGE_CURVE('',#2877,#2878,#400,.T.);
#3354=EDGE_CURVE('',#2878,#2880,#404,.T.);
#3356=EDGE_CURVE('',#2880,#2882,#408,.T.);
#3358=EDGE_CURVE('',#2882,#2884,#412,.T.);
#3360=EDGE_CURVE('',#2884,#2886,#416,.T.);
#3362=EDGE_CURVE('',#2886,#2888,#420,.T.);
#3364=EDGE_CURVE('',#2888,#2890,#424,.T.);
#3366=EDGE_CURVE('',#2890,#2892,#428,.T.);
#3368=EDGE_CURVE('',#2892,#2894,#432,.T.);
#3370=EDGE_CURVE('',#2894,#2896,#436,.T.);
#3372=EDGE_CURVE('',#2896,#2898,#440,.T.);
#3374=EDGE_CURVE('',#2898,#2877,#444,.T.);
#3378=EDGE_CURVE('',#2901,#2902,#448,.T.);
#3380=EDGE_CURVE('',#2902,#2904,#452,.T.);
#3382=EDGE_CURVE('',#2904,#2906,#456,.T.);
#3384=EDGE_CURVE('',#2906,#2908,#460,.T.);
#3386=EDGE_CURVE('',#2908,#2910,#464,.T.);
#3388=EDGE_CURVE('',#2910,#2912,#468,.T.);
#3390=EDGE_CURVE('',#2912,#2914,#472,.T.);
#3392=EDGE_CURVE('',#2914,#2916,#476,.T.);
#3394=EDGE_CURVE('',#2916,#2918,#480,.T.);
#3396=EDGE_CURVE('',#2918,#2920,#484,.T.);
#3398=EDGE_CURVE('',#2920,#2922,#488,.T.);
#3400=EDGE_CURVE('',#2922,#2924,#492,.T.);
#3402=EDGE_CURVE('',#2924,#2926,#496,.T.);
#3404=EDGE_CURVE('',#2926,#2901,#500,.T.);
#3408=EDGE_CURVE('',#2953,#2954,#552,.T.);
#3410=EDGE_CURVE('',#2954,#2956,#556,.T.);
#3412=EDGE_CURVE('',#2956,#2958,#560,.T.);
#3414=EDGE_CURVE('',#2958,#2960,#564,.T.);
#3416=EDGE_CURVE('',#2960,#2962,#568,.T.);
#3418=EDGE_CURVE('',#2962,#2964,#572,.T.);
#3420=EDGE_CURVE('',#2964,#2966,#576,.T.);
#3422=EDGE_CURVE('',#2966,#2953,#580,.T.);
#3439=EDGE_CURVE('',#2929,#2930,#504,.T.);
#3441=EDGE_CURVE('',#2930,#2932,#508,.T.);
#3443=EDGE_CURVE('',#2932,#2934,#512,.T.);
#3445=EDGE_CURVE('',#2934,#2936,#516,.T.);
#3447=EDGE_CURVE('',#2936,#2938,#520,.T.);
#3449=EDGE_CURVE('',#2938,#2940,#524,.T.);
#3451=EDGE_CURVE('',#2940,#2942,#528,.T.);
#3453=EDGE_CURVE('',#2942,#2944,#532,.T.);
#3455=EDGE_CURVE('',#2944,#2946,#536,.T.);
#3457=EDGE_CURVE('',#2946,#2948,#540,.T.);
#3459=EDGE_CURVE('',#2948,#2950,#544,.T.);
#3461=EDGE_CURVE('',#2950,#2929,#548,.T.);
#3478=EDGE_CURVE('',#2969,#2970,#584,.T.);
#3480=EDGE_CURVE('',#2970,#2972,#588,.T.);
#3482=EDGE_CURVE('',#2972,#2969,#592,.T.);
#3500=EDGE_CURVE('',#2559,#2523,#596,.T.);
#3502=EDGE_CURVE('',#2523,#2524,#605,.T.);
#3504=EDGE_CURVE('',#2560,#2524,#600,.T.);
#3523=EDGE_CURVE('',#2524,#2523,#610,.T.);
#3559=EDGE_CURVE('',#2563,#2527,#614,.T.);
#3561=EDGE_CURVE('',#2527,#2528,#623,.T.);
#3563=EDGE_CURVE('',#2564,#2528,#618,.T.);
#3582=EDGE_CURVE('',#2528,#2527,#628,.T.);
#3618=EDGE_CURVE('',#2567,#2531,#632,.T.);
#3620=EDGE_CURVE('',#2531,#2532,#641,.T.);
#3622=EDGE_CURVE('',#2568,#2532,#636,.T.);
#3641=EDGE_CURVE('',#2532,#2531,#646,.T.);
#3677=EDGE_CURVE('',#2571,#2535,#650,.T.);
#3679=EDGE_CURVE('',#2535,#2536,#659,.T.);
#3681=EDGE_CURVE('',#2572,#2536,#654,.T.);
#3700=EDGE_CURVE('',#2536,#2535,#664,.T.);
#3736=EDGE_CURVE('',#2575,#2539,#668,.T.);
#3738=EDGE_CURVE('',#2539,#2540,#677,.T.);
#3740=EDGE_CURVE('',#2576,#2540,#672,.T.);
#3759=EDGE_CURVE('',#2540,#2539,#682,.T.);
#3795=EDGE_CURVE('',#2579,#2543,#686,.T.);
#3797=EDGE_CURVE('',#2543,#2544,#695,.T.);
#3799=EDGE_CURVE('',#2580,#2544,#690,.T.);
#3818=EDGE_CURVE('',#2544,#2543,#700,.T.);
#3854=EDGE_CURVE('',#2583,#2547,#704,.T.);
#3856=EDGE_CURVE('',#2547,#2548,#713,.T.);
#3858=EDGE_CURVE('',#2584,#2548,#708,.T.);
#3877=EDGE_CURVE('',#2548,#2547,#718,.T.);
#3913=EDGE_CURVE('',#2587,#2551,#722,.T.);
#3915=EDGE_CURVE('',#2551,#2552,#731,.T.);
#3917=EDGE_CURVE('',#2588,#2552,#726,.T.);
#3936=EDGE_CURVE('',#2552,#2551,#736,.T.);
#3972=EDGE_CURVE('',#2591,#2555,#740,.T.);
#3974=EDGE_CURVE('',#2555,#2556,#749,.T.);
#3976=EDGE_CURVE('',#2592,#2556,#744,.T.);
#3995=EDGE_CURVE('',#2556,#2555,#754,.T.);
#4030=EDGE_CURVE('',#3056,#3094,#758,.T.);
#4032=EDGE_CURVE('',#3054,#3056,#762,.T.);
#4034=EDGE_CURVE('',#3052,#3054,#767,.T.);
#4036=EDGE_CURVE('',#3050,#3052,#771,.T.);
#4038=EDGE_CURVE('',#3048,#3050,#775,.T.);
#4040=EDGE_CURVE('',#3047,#3048,#779,.T.);
#4042=EDGE_CURVE('',#3096,#3047,#784,.T.);
#4044=EDGE_CURVE('',#3112,#3096,#882,.T.);
#4062=EDGE_CURVE('',#3068,#3098,#789,.T.);
#4064=EDGE_CURVE('',#3066,#3068,#793,.T.);
#4066=EDGE_CURVE('',#3064,#3066,#797,.T.);
#4068=EDGE_CURVE('',#3062,#3064,#801,.T.);
#4070=EDGE_CURVE('',#3060,#3062,#806,.T.);
#4072=EDGE_CURVE('',#3059,#3060,#810,.T.);
#4074=EDGE_CURVE('',#3100,#3059,#814,.T.);
#4077=EDGE_CURVE('',#3110,#3098,#1408,.T.);
#4096=EDGE_CURVE('',#3080,#3102,#822,.T.);
#4098=EDGE_CURVE('',#3056,#3080,#818,.T.);
#4117=EDGE_CURVE('',#3116,#3104,#890,.T.);
#4119=EDGE_CURVE('',#3104,#3071,#827,.T.);
#4121=EDGE_CURVE('',#3071,#3072,#831,.T.);
#4123=EDGE_CURVE('',#3072,#3074,#835,.T.);
#4125=EDGE_CURVE('',#3074,#3076,#839,.T.);
#4127=EDGE_CURVE('',#3076,#3078,#844,.T.);
#4129=EDGE_CURVE('',#3078,#3080,#848,.T.);
#4146=EDGE_CURVE('',#3092,#3106,#853,.T.);
#4148=EDGE_CURVE('',#3114,#3106,#1428,.T.);
#4151=EDGE_CURVE('',#3108,#3083,#857,.T.);
#4153=EDGE_CURVE('',#3083,#3084,#861,.T.);
#4155=EDGE_CURVE('',#3084,#3086,#866,.T.);
#4157=EDGE_CURVE('',#3086,#3088,#870,.T.);
#4159=EDGE_CURVE('',#3088,#3090,#874,.T.);
#4161=EDGE_CURVE('',#3090,#3092,#878,.T.);
#4179=EDGE_CURVE('',#3104,#3096,#886,.T.);
#4183=EDGE_CURVE('',#2388,#2398,#894,.T.);
#4185=EDGE_CURVE('',#2398,#2495,#1084,.T.);
#4187=EDGE_CURVE('',#2495,#2509,#1028,.T.);
#4189=EDGE_CURVE('',#2509,#2400,#1108,.T.);
#4191=EDGE_CURVE('',#2391,#2400,#1604,.T.);
#4194=EDGE_CURVE('',#3036,#3044,#898,.T.);
#4196=EDGE_CURVE('',#3042,#3044,#902,.T.);
#4198=EDGE_CURVE('',#3028,#3042,#906,.T.);
#4217=EDGE_CURVE('',#3047,#3071,#910,.T.);
#4237=EDGE_CURVE('',#3048,#3072,#914,.T.);
#4257=EDGE_CURVE('',#3050,#3074,#918,.T.);
#4277=EDGE_CURVE('',#3052,#3076,#922,.T.);
#4297=EDGE_CURVE('',#3054,#3078,#926,.T.);
#4335=EDGE_CURVE('',#2396,#2472,#964,.T.);
#4337=EDGE_CURVE('',#2472,#2502,#1048,.T.);
#4339=EDGE_CURVE('',#2502,#2398,#1088,.T.);
#4343=EDGE_CURVE('',#2387,#2396,#930,.T.);
#4360=EDGE_CURVE('',#2467,#2468,#952,.T.);
#4362=EDGE_CURVE('',#2468,#2470,#956,.T.);
#4364=EDGE_CURVE('',#2470,#2472,#960,.T.);
#4367=EDGE_CURVE('',#2467,#2396,#968,.T.);
#4384=EDGE_CURVE('',#2472,#2474,#972,.T.);
#4386=EDGE_CURVE('',#2474,#2476,#976,.T.);
#4388=EDGE_CURVE('',#2476,#2478,#980,.T.);
#4390=EDGE_CURVE('',#2467,#2478,#984,.T.);
#4392=EDGE_CURVE('',#2481,#2467,#988,.T.);
#4394=EDGE_CURVE('',#2481,#2482,#992,.T.);
#4396=EDGE_CURVE('',#2482,#2484,#996,.T.);
#4398=EDGE_CURVE('',#2484,#2486,#1000,.T.);
#4400=EDGE_CURVE('',#2488,#2486,#1004,.T.);
#4402=EDGE_CURVE('',#2514,#2488,#1008,.T.);
#4404=EDGE_CURVE('',#2514,#2516,#1012,.T.);
#4406=EDGE_CURVE('',#2516,#2518,#1016,.T.);
#4408=EDGE_CURVE('',#2518,#2520,#1020,.T.);
#4410=EDGE_CURVE('',#2509,#2520,#1024,.T.);
#4413=EDGE_CURVE('',#2495,#2496,#1032,.T.);
#4415=EDGE_CURVE('',#2496,#2498,#1036,.T.);
#4417=EDGE_CURVE('',#2498,#2500,#1040,.T.);
#4419=EDGE_CURVE('',#2502,#2500,#1044,.T.);
#4424=EDGE_CURVE('',#2403,#2404,#934,.T.);
#4426=EDGE_CURVE('',#2404,#2406,#939,.T.);
#4428=EDGE_CURVE('',#2406,#2408,#943,.T.);
#4430=EDGE_CURVE('',#2408,#2403,#948,.T.);
#4447=EDGE_CURVE('',#2488,#2490,#1052,.T.);
#4449=EDGE_CURVE('',#2490,#2492,#1056,.T.);
#4451=EDGE_CURVE('',#2492,#2481,#1060,.T.);
#4453=EDGE_CURVE('',#2394,#2481,#1064,.T.);
#4455=EDGE_CURVE('',#2488,#2394,#1068,.T.);
#4472=EDGE_CURVE('',#2502,#2504,#1072,.T.);
#4474=EDGE_CURVE('',#2504,#2506,#1076,.T.);
#4476=EDGE_CURVE('',#2506,#2495,#1080,.T.);
#4495=EDGE_CURVE('',#2509,#2510,#1092,.T.);
#4497=EDGE_CURVE('',#2510,#2512,#1096,.T.);
#4499=EDGE_CURVE('',#2512,#2514,#1100,.T.);
#4501=EDGE_CURVE('',#2400,#2514,#1104,.T.);
#4519=EDGE_CURVE('',#3124,#3128,#1112,.T.);
#4521=EDGE_CURVE('',#2404,#3128,#1180,.T.);
#4524=EDGE_CURVE('',#2403,#3124,#1116,.T.);
#4541=EDGE_CURVE('',#3120,#3126,#1139,.T.);
#4543=EDGE_CURVE('',#3126,#3128,#1171,.T.);
#4546=EDGE_CURVE('',#3120,#3124,#1121,.T.);
#4563=EDGE_CURVE('',#3119,#3120,#1126,.T.);
#4565=EDGE_CURVE('',#3130,#3119,#1130,.T.);
#4567=EDGE_CURVE('',#3126,#3130,#1135,.T.);
#4587=EDGE_CURVE('',#3123,#3124,#1149,.T.);
#4589=EDGE_CURVE('',#3119,#3123,#1144,.T.);
#4609=EDGE_CURVE('',#2408,#3123,#1153,.T.);
#4626=EDGE_CURVE('',#3132,#3123,#1157,.T.);
#4630=EDGE_CURVE('',#2406,#3132,#1161,.T.);
#4650=EDGE_CURVE('',#3130,#3132,#1166,.T.);
#4669=EDGE_CURVE('',#3128,#3132,#1176,.T.);
#4707=EDGE_CURVE('',#2467,#2411,#1184,.T.);
#4709=EDGE_CURVE('',#2411,#2412,#1212,.T.);
#4711=EDGE_CURVE('',#2468,#2412,#1208,.T.);
#4729=EDGE_CURVE('',#2478,#2422,#1188,.T.);
#4731=EDGE_CURVE('',#2422,#2411,#1216,.T.);
#4750=EDGE_CURVE('',#2476,#2420,#1192,.T.);
#4752=EDGE_CURVE('',#2420,#2422,#1220,.T.);
#4771=EDGE_CURVE('',#2474,#2418,#1196,.T.);
#4773=EDGE_CURVE('',#2418,#2420,#1224,.T.);
#4792=EDGE_CURVE('',#2472,#2416,#1200,.T.);
#4794=EDGE_CURVE('',#2416,#2418,#1228,.T.);
#4813=EDGE_CURVE('',#2470,#2414,#1204,.T.);
#4815=EDGE_CURVE('',#2414,#2416,#1232,.T.);
#4835=EDGE_CURVE('',#2412,#2414,#1236,.T.);
#4875=EDGE_CURVE('',#2425,#2426,#1240,.T.);
#4877=EDGE_CURVE('',#2436,#2425,#1244,.T.);
#4879=EDGE_CURVE('',#2434,#2436,#1248,.T.);
#4881=EDGE_CURVE('',#2432,#2434,#1252,.T.);
#4883=EDGE_CURVE('',#2430,#2432,#1256,.T.);
#4885=EDGE_CURVE('',#2428,#2430,#1260,.T.);
#4887=EDGE_CURVE('',#2426,#2428,#1264,.T.);
#4904=EDGE_CURVE('',#2439,#2440,#1268,.T.);
#4906=EDGE_CURVE('',#2450,#2439,#1272,.T.);
#4908=EDGE_CURVE('',#2448,#2450,#1276,.T.);
#4910=EDGE_CURVE('',#2446,#2448,#1280,.T.);
#4912=EDGE_CURVE('',#2444,#2446,#1284,.T.);
#4914=EDGE_CURVE('',#2442,#2444,#1288,.T.);
#4916=EDGE_CURVE('',#2440,#2442,#1292,.T.);
#4933=EDGE_CURVE('',#2453,#2454,#1296,.T.);
#4935=EDGE_CURVE('',#2464,#2453,#1300,.T.);
#4937=EDGE_CURVE('',#2462,#2464,#1304,.T.);
#4939=EDGE_CURVE('',#2460,#2462,#1308,.T.);
#4941=EDGE_CURVE('',#2458,#2460,#1312,.T.);
#4943=EDGE_CURVE('',#2456,#2458,#1316,.T.);
#4945=EDGE_CURVE('',#2454,#2456,#1320,.T.);
#4963=EDGE_CURVE('',#2481,#2425,#1324,.T.);
#4966=EDGE_CURVE('',#2482,#2426,#1348,.T.);
#4984=EDGE_CURVE('',#2492,#2436,#1328,.T.);
#5004=EDGE_CURVE('',#2490,#2434,#1332,.T.);
#5024=EDGE_CURVE('',#2488,#2432,#1336,.T.);
#5044=EDGE_CURVE('',#2486,#2430,#1340,.T.);
#5064=EDGE_CURVE('',#2484,#2428,#1344,.T.);
#5103=EDGE_CURVE('',#2495,#2439,#1352,.T.);
#5106=EDGE_CURVE('',#2496,#2440,#1376,.T.);
#5124=EDGE_CURVE('',#2506,#2450,#1356,.T.);
#5144=EDGE_CURVE('',#2504,#2448,#1360,.T.);
#5164=EDGE_CURVE('',#2502,#2446,#1364,.T.);
#5184=EDGE_CURVE('',#2500,#2444,#1368,.T.);
#5204=EDGE_CURVE('',#2498,#2442,#1372,.T.);
#5243=EDGE_CURVE('',#2509,#2453,#1380,.T.);
#5246=EDGE_CURVE('',#2510,#2454,#1404,.T.);
#5264=EDGE_CURVE('',#2520,#2464,#1384,.T.);
#5284=EDGE_CURVE('',#2518,#2462,#1388,.T.);
#5304=EDGE_CURVE('',#2516,#2460,#1392,.T.);
#5324=EDGE_CURVE('',#2514,#2458,#1396,.T.);
#5344=EDGE_CURVE('',#2512,#2456,#1400,.T.);
#5384=EDGE_CURVE('',#3023,#3038,#1412,.T.);
#5386=EDGE_CURVE('',#3038,#3040,#1416,.T.);
#5388=EDGE_CURVE('',#3031,#3040,#1420,.T.);
#5391=EDGE_CURVE('',#2392,#2394,#1424,.T.);
#5399=EDGE_CURVE('',#3106,#3098,#1432,.T.);
#5417=EDGE_CURVE('',#3024,#2987,#1436,.T.);
#5419=EDGE_CURVE('',#2987,#2988,#1440,.T.);
#5421=EDGE_CURVE('',#2988,#2990,#1445,.T.);
#5423=EDGE_CURVE('',#2990,#2992,#1449,.T.);
#5425=EDGE_CURVE('',#2992,#2994,#1453,.T.);
#5427=EDGE_CURVE('',#2994,#2996,#1457,.T.);
#5429=EDGE_CURVE('',#2996,#3038,#1462,.T.);
#5449=EDGE_CURVE('',#3042,#2975,#1467,.T.);
#5451=EDGE_CURVE('',#2975,#2976,#1471,.T.);
#5453=EDGE_CURVE('',#2976,#2978,#1475,.T.);
#5455=EDGE_CURVE('',#2978,#2980,#1479,.T.);
#5457=EDGE_CURVE('',#2980,#2982,#1484,.T.);
#5459=EDGE_CURVE('',#2982,#2984,#1488,.T.);
#5461=EDGE_CURVE('',#2984,#3027,#1492,.T.);
#5479=EDGE_CURVE('',#3032,#3011,#1522,.T.);
#5481=EDGE_CURVE('',#2987,#3011,#1576,.T.);
#5501=EDGE_CURVE('',#3020,#3040,#1497,.T.);
#5503=EDGE_CURVE('',#3018,#3020,#1501,.T.);
#5505=EDGE_CURVE('',#3016,#3018,#1505,.T.);
#5507=EDGE_CURVE('',#3014,#3016,#1509,.T.);
#5509=EDGE_CURVE('',#3012,#3014,#1514,.T.);
#5511=EDGE_CURVE('',#3011,#3012,#1518,.T.);
#5530=EDGE_CURVE('',#3008,#3035,#1526,.T.);
#5532=EDGE_CURVE('',#3006,#3008,#1530,.T.);
#5534=EDGE_CURVE('',#3004,#3006,#1535,.T.);
#5536=EDGE_CURVE('',#3002,#3004,#1539,.T.);
#5538=EDGE_CURVE('',#3000,#3002,#1543,.T.);
#5540=EDGE_CURVE('',#2999,#3000,#1547,.T.);
#5542=EDGE_CURVE('',#3044,#2999,#1552,.T.);
#5562=EDGE_CURVE('',#2996,#3020,#1556,.T.);
#5581=EDGE_CURVE('',#2994,#3018,#1560,.T.);
#5601=EDGE_CURVE('',#2992,#3016,#1564,.T.);
#5621=EDGE_CURVE('',#2990,#3014,#1568,.T.);
#5641=EDGE_CURVE('',#2988,#3012,#1572,.T.);
#5681=EDGE_CURVE('',#2984,#3008,#1580,.T.);
#5700=EDGE_CURVE('',#2982,#3006,#1584,.T.);
#5720=EDGE_CURVE('',#2980,#3004,#1588,.T.);
#5740=EDGE_CURVE('',#2978,#3002,#1592,.T.);
#5760=EDGE_CURVE('',#2976,#3000,#1596,.T.);
#5780=EDGE_CURVE('',#2975,#2999,#1600,.T.);
#5842=EDGE_CURVE('',#3068,#3092,#1608,.T.);
#5862=EDGE_CURVE('',#3066,#3090,#1612,.T.);
#5882=EDGE_CURVE('',#3064,#3088,#1616,.T.);
#5902=EDGE_CURVE('',#3062,#3086,#1620,.T.);
#5922=EDGE_CURVE('',#3060,#3084,#1624,.T.);
#5942=EDGE_CURVE('',#3059,#3083,#1628,.T.);
#5979=EDGE_CURVE('',#2785,#2595,#1632,.T.);
#5981=EDGE_CURVE('',#2595,#2596,#1656,.T.);
#5983=EDGE_CURVE('',#2786,#2596,#1652,.T.);
#6001=EDGE_CURVE('',#2794,#2604,#1636,.T.);
#6003=EDGE_CURVE('',#2604,#2595,#1660,.T.);
#6022=EDGE_CURVE('',#2792,#2602,#1640,.T.);
#6024=EDGE_CURVE('',#2602,#2604,#1664,.T.);
#6043=EDGE_CURVE('',#2790,#2600,#1644,.T.);
#6045=EDGE_CURVE('',#2600,#2602,#1668,.T.);
#6064=EDGE_CURVE('',#2788,#2598,#1648,.T.);
#6066=EDGE_CURVE('',#2598,#2600,#1672,.T.);
#6086=EDGE_CURVE('',#2596,#2598,#1676,.T.);
#6125=EDGE_CURVE('',#2607,#2608,#1680,.T.);
#6127=EDGE_CURVE('',#2684,#2607,#1684,.T.);
#6130=EDGE_CURVE('',#2680,#2682,#1692,.T.);
#6132=EDGE_CURVE('',#2678,#2680,#1696,.T.);
#6134=EDGE_CURVE('',#2676,#2678,#1700,.T.);
#6136=EDGE_CURVE('',#2674,#2676,#1704,.T.);
#6138=EDGE_CURVE('',#2672,#2674,#1708,.T.);
#6140=EDGE_CURVE('',#2670,#2672,#1712,.T.);
#6142=EDGE_CURVE('',#2668,#2670,#1716,.T.);
#6144=EDGE_CURVE('',#2666,#2668,#1720,.T.);
#6146=EDGE_CURVE('',#2664,#2666,#1724,.T.);
#6148=EDGE_CURVE('',#2662,#2664,#1728,.T.);
#6150=EDGE_CURVE('',#2660,#2662,#1732,.T.);
#6152=EDGE_CURVE('',#2658,#2660,#1736,.T.);
#6154=EDGE_CURVE('',#2656,#2658,#1740,.T.);
#6156=EDGE_CURVE('',#2654,#2656,#1744,.T.);
#6158=EDGE_CURVE('',#2652,#2654,#1748,.T.);
#6160=EDGE_CURVE('',#2650,#2652,#1752,.T.);
#6162=EDGE_CURVE('',#2648,#2650,#1756,.T.);
#6164=EDGE_CURVE('',#2646,#2648,#1760,.T.);
#6166=EDGE_CURVE('',#2644,#2646,#1764,.T.);
#6168=EDGE_CURVE('',#2642,#2644,#1768,.T.);
#6170=EDGE_CURVE('',#2640,#2642,#1772,.T.);
#6172=EDGE_CURVE('',#2638,#2640,#1776,.T.);
#6174=EDGE_CURVE('',#2636,#2638,#1780,.T.);
#6176=EDGE_CURVE('',#2634,#2636,#1784,.T.);
#6178=EDGE_CURVE('',#2632,#2634,#1788,.T.);
#6180=EDGE_CURVE('',#2630,#2632,#1792,.T.);
#6182=EDGE_CURVE('',#2628,#2630,#1796,.T.);
#6184=EDGE_CURVE('',#2626,#2628,#1800,.T.);
#6186=EDGE_CURVE('',#2624,#2626,#1804,.T.);
#6188=EDGE_CURVE('',#2622,#2624,#1808,.T.);
#6190=EDGE_CURVE('',#2620,#2622,#1812,.T.);
#6192=EDGE_CURVE('',#2618,#2620,#1816,.T.);
#6194=EDGE_CURVE('',#2616,#2618,#1820,.T.);
#6196=EDGE_CURVE('',#2614,#2616,#1824,.T.);
#6198=EDGE_CURVE('',#2612,#2614,#1828,.T.);
#6200=EDGE_CURVE('',#2610,#2612,#1832,.T.);
#6202=EDGE_CURVE('',#2608,#2610,#1836,.T.);
#6219=EDGE_CURVE('',#2687,#2688,#1840,.T.);
#6221=EDGE_CURVE('',#2708,#2687,#1844,.T.);
#6223=EDGE_CURVE('',#2706,#2708,#1848,.T.);
#6225=EDGE_CURVE('',#2704,#2706,#1852,.T.);
#6227=EDGE_CURVE('',#2702,#2704,#1856,.T.);
#6229=EDGE_CURVE('',#2700,#2702,#1860,.T.);
#6231=EDGE_CURVE('',#2698,#2700,#1864,.T.);
#6233=EDGE_CURVE('',#2696,#2698,#1868,.T.);
#6235=EDGE_CURVE('',#2694,#2696,#1872,.T.);
#6237=EDGE_CURVE('',#2692,#2694,#1876,.T.);
#6239=EDGE_CURVE('',#2690,#2692,#1880,.T.);
#6241=EDGE_CURVE('',#2688,#2690,#1884,.T.);
#6258=EDGE_CURVE('',#2711,#2712,#1888,.T.);
#6260=EDGE_CURVE('',#2736,#2711,#1892,.T.);
#6262=EDGE_CURVE('',#2734,#2736,#1896,.T.);
#6264=EDGE_CURVE('',#2732,#2734,#1900,.T.);
#6266=EDGE_CURVE('',#2730,#2732,#1904,.T.);
#6268=EDGE_CURVE('',#2728,#2730,#1908,.T.);
#6270=EDGE_CURVE('',#2726,#2728,#1912,.T.);
#6272=EDGE_CURVE('',#2724,#2726,#1916,.T.);
#6274=EDGE_CURVE('',#2722,#2724,#1920,.T.);
#6276=EDGE_CURVE('',#2720,#2722,#1924,.T.);
#6278=EDGE_CURVE('',#2718,#2720,#1928,.T.);
#6280=EDGE_CURVE('',#2716,#2718,#1932,.T.);
#6282=EDGE_CURVE('',#2714,#2716,#1936,.T.);
#6284=EDGE_CURVE('',#2712,#2714,#1940,.T.);
#6288=EDGE_CURVE('',#2739,#2740,#1944,.T.);
#6290=EDGE_CURVE('',#2760,#2739,#1948,.T.);
#6292=EDGE_CURVE('',#2758,#2760,#1952,.T.);
#6294=EDGE_CURVE('',#2756,#2758,#1956,.T.);
#6296=EDGE_CURVE('',#2754,#2756,#1960,.T.);
#6298=EDGE_CURVE('',#2752,#2754,#1964,.T.);
#6300=EDGE_CURVE('',#2750,#2752,#1968,.T.);
#6302=EDGE_CURVE('',#2748,#2750,#1972,.T.);
#6304=EDGE_CURVE('',#2746,#2748,#1976,.T.);
#6306=EDGE_CURVE('',#2744,#2746,#1980,.T.);
#6308=EDGE_CURVE('',#2742,#2744,#1984,.T.);
#6310=EDGE_CURVE('',#2740,#2742,#1988,.T.);
#6327=EDGE_CURVE('',#2763,#2764,#1992,.T.);
#6329=EDGE_CURVE('',#2776,#2763,#1996,.T.);
#6331=EDGE_CURVE('',#2774,#2776,#2000,.T.);
#6333=EDGE_CURVE('',#2772,#2774,#2004,.T.);
#6335=EDGE_CURVE('',#2770,#2772,#2008,.T.);
#6337=EDGE_CURVE('',#2768,#2770,#2012,.T.);
#6339=EDGE_CURVE('',#2766,#2768,#2016,.T.);
#6341=EDGE_CURVE('',#2764,#2766,#2020,.T.);
#6345=EDGE_CURVE('',#2779,#2780,#2024,.T.);
#6347=EDGE_CURVE('',#2782,#2779,#2028,.T.);
#6349=EDGE_CURVE('',#2780,#2782,#2032,.T.);
#6367=EDGE_CURVE('',#2797,#2607,#2036,.T.);
#6370=EDGE_CURVE('',#2798,#2608,#2044,.T.);
#6409=EDGE_CURVE('',#2800,#2610,#2048,.T.);
#6429=EDGE_CURVE('',#2802,#2612,#2052,.T.);
#6449=EDGE_CURVE('',#2804,#2614,#2056,.T.);
#6469=EDGE_CURVE('',#2806,#2616,#2060,.T.);
#6489=EDGE_CURVE('',#2808,#2618,#2064,.T.);
#6509=EDGE_CURVE('',#2810,#2620,#2068,.T.);
#6529=EDGE_CURVE('',#2812,#2622,#2072,.T.);
#6549=EDGE_CURVE('',#2814,#2624,#2076,.T.);
#6569=EDGE_CURVE('',#2816,#2626,#2080,.T.);
#6589=EDGE_CURVE('',#2818,#2628,#2084,.T.);
#6609=EDGE_CURVE('',#2820,#2630,#2088,.T.);
#6629=EDGE_CURVE('',#2822,#2632,#2092,.T.);
#6649=EDGE_CURVE('',#2824,#2634,#2096,.T.);
#6669=EDGE_CURVE('',#2826,#2636,#2100,.T.);
#6689=EDGE_CURVE('',#2828,#2638,#2104,.T.);
#6709=EDGE_CURVE('',#2830,#2640,#2108,.T.);
#6729=EDGE_CURVE('',#2832,#2642,#2112,.T.);
#6749=EDGE_CURVE('',#2834,#2644,#2116,.T.);
#6769=EDGE_CURVE('',#2836,#2646,#2120,.T.);
#6789=EDGE_CURVE('',#2838,#2648,#2124,.T.);
#6809=EDGE_CURVE('',#2840,#2650,#2128,.T.);
#6829=EDGE_CURVE('',#2842,#2652,#2132,.T.);
#6849=EDGE_CURVE('',#2844,#2654,#2136,.T.);
#6869=EDGE_CURVE('',#2846,#2656,#2140,.T.);
#6889=EDGE_CURVE('',#2848,#2658,#2144,.T.);
#6909=EDGE_CURVE('',#2850,#2660,#2148,.T.);
#6929=EDGE_CURVE('',#2852,#2662,#2152,.T.);
#6949=EDGE_CURVE('',#2854,#2664,#2156,.T.);
#6969=EDGE_CURVE('',#2856,#2666,#2160,.T.);
#6989=EDGE_CURVE('',#2858,#2668,#2164,.T.);
#7009=EDGE_CURVE('',#2860,#2670,#2168,.T.);
#7029=EDGE_CURVE('',#2862,#2672,#2172,.T.);
#7049=EDGE_CURVE('',#2864,#2674,#2176,.T.);
#7069=EDGE_CURVE('',#2866,#2676,#2180,.T.);
#7089=EDGE_CURVE('',#2868,#2678,#2184,.T.);
#7109=EDGE_CURVE('',#2870,#2680,#2188,.T.);
#7146=EDGE_CURVE('',#2877,#2687,#2192,.T.);
#7149=EDGE_CURVE('',#2878,#2688,#2236,.T.);
#7167=EDGE_CURVE('',#2898,#2708,#2196,.T.);
#7187=EDGE_CURVE('',#2896,#2706,#2200,.T.);
#7207=EDGE_CURVE('',#2894,#2704,#2204,.T.);
#7227=EDGE_CURVE('',#2892,#2702,#2208,.T.);
#7247=EDGE_CURVE('',#2890,#2700,#2212,.T.);
#7267=EDGE_CURVE('',#2888,#2698,#2216,.T.);
#7287=EDGE_CURVE('',#2886,#2696,#2220,.T.);
#7307=EDGE_CURVE('',#2884,#2694,#2224,.T.);
#7327=EDGE_CURVE('',#2882,#2692,#2228,.T.);
#7347=EDGE_CURVE('',#2880,#2690,#2232,.T.);
#7386=EDGE_CURVE('',#2901,#2711,#2240,.T.);
#7389=EDGE_CURVE('',#2902,#2712,#2292,.T.);
#7407=EDGE_CURVE('',#2926,#2736,#2244,.T.);
#7427=EDGE_CURVE('',#2924,#2734,#2248,.T.);
#7447=EDGE_CURVE('',#2922,#2732,#2252,.T.);
#7467=EDGE_CURVE('',#2920,#2730,#2256,.T.);
#7487=EDGE_CURVE('',#2918,#2728,#2260,.T.);
#7507=EDGE_CURVE('',#2916,#2726,#2264,.T.);
#7527=EDGE_CURVE('',#2914,#2724,#2268,.T.);
#7547=EDGE_CURVE('',#2912,#2722,#2272,.T.);
#7567=EDGE_CURVE('',#2910,#2720,#2276,.T.);
#7587=EDGE_CURVE('',#2908,#2718,#2280,.T.);
#7607=EDGE_CURVE('',#2906,#2716,#2284,.T.);
#7627=EDGE_CURVE('',#2904,#2714,#2288,.T.);
#7666=EDGE_CURVE('',#2929,#2739,#2296,.T.);
#7669=EDGE_CURVE('',#2930,#2740,#2340,.T.);
#7687=EDGE_CURVE('',#2950,#2760,#2300,.T.);
#7707=EDGE_CURVE('',#2948,#2758,#2304,.T.);
#7727=EDGE_CURVE('',#2946,#2756,#2308,.T.);
#7747=EDGE_CURVE('',#2944,#2754,#2312,.T.);
#7767=EDGE_CURVE('',#2942,#2752,#2316,.T.);
#7787=EDGE_CURVE('',#2940,#2750,#2320,.T.);
#7807=EDGE_CURVE('',#2938,#2748,#2324,.T.);
#7827=EDGE_CURVE('',#2936,#2746,#2328,.T.);
#7847=EDGE_CURVE('',#2934,#2744,#2332,.T.);
#7867=EDGE_CURVE('',#2932,#2742,#2336,.T.);
#7906=EDGE_CURVE('',#2953,#2763,#2344,.T.);
#7909=EDGE_CURVE('',#2954,#2764,#2372,.T.);
#7927=EDGE_CURVE('',#2966,#2776,#2348,.T.);
#7947=EDGE_CURVE('',#2964,#2774,#2352,.T.);
#7967=EDGE_CURVE('',#2962,#2772,#2356,.T.);
#7987=EDGE_CURVE('',#2960,#2770,#2360,.T.);
#8007=EDGE_CURVE('',#2958,#2768,#2364,.T.);
#8027=EDGE_CURVE('',#2956,#2766,#2368,.T.);
#8066=EDGE_CURVE('',#2969,#2779,#2376,.T.);
#8069=EDGE_CURVE('',#2970,#2780,#2384,.T.);
#8087=EDGE_CURVE('',#2972,#2782,#2380,.T.);
#8134=CIRCLE('',#8133,8.617E-1);
#8143=CIRCLE('',#8142,8.617E-1);
#8152=CIRCLE('',#8151,8.617E-1);
#8161=CIRCLE('',#8160,8.617E-1);
#8166=CIRCLE('',#8165,1.13E0);
#8175=CIRCLE('',#8174,1.13E0);
#8220=CIRCLE('',#8219,8.617E-1);
#8229=CIRCLE('',#8228,8.617E-1);
#8238=CIRCLE('',#8237,8.617E-1);
#8247=CIRCLE('',#8246,8.617E-1);
#8252=CIRCLE('',#8251,1.13E0);
#8261=CIRCLE('',#8260,1.13E0);
#8331=EDGE_CURVE('',#8301,#8296,#8179,.T.);
#8333=EDGE_CURVE('',#8301,#8325,#8125,.T.);
#8335=EDGE_CURVE('',#8325,#8320,#8256,.T.);
#8337=EDGE_CURVE('',#8296,#8320,#8269,.T.);
#8354=EDGE_CURVE('',#8280,#8281,#8129,.T.);
#8356=EDGE_CURVE('',#8281,#8283,#8134,.T.);
#8358=EDGE_CURVE('',#8283,#8285,#8138,.T.);
#8360=EDGE_CURVE('',#8285,#8287,#8143,.T.);
#8362=EDGE_CURVE('',#8287,#8289,#8147,.T.);
#8364=EDGE_CURVE('',#8289,#8291,#8152,.T.);
#8366=EDGE_CURVE('',#8291,#8293,#8156,.T.);
#8368=EDGE_CURVE('',#8293,#8280,#8161,.T.);
#8372=EDGE_CURVE('',#8296,#8297,#8166,.T.);
#8374=EDGE_CURVE('',#8297,#8299,#8170,.T.);
#8376=EDGE_CURVE('',#8299,#8301,#8175,.T.);
#8395=EDGE_CURVE('',#8280,#8304,#8183,.T.);
#8397=EDGE_CURVE('',#8304,#8305,#8215,.T.);
#8399=EDGE_CURVE('',#8281,#8305,#8211,.T.);
#8417=EDGE_CURVE('',#8293,#8317,#8187,.T.);
#8419=EDGE_CURVE('',#8317,#8304,#8220,.T.);
#8438=EDGE_CURVE('',#8291,#8315,#8191,.T.);
#8440=EDGE_CURVE('',#8315,#8317,#8224,.T.);
#8459=EDGE_CURVE('',#8289,#8313,#8195,.T.);
#8461=EDGE_CURVE('',#8313,#8315,#8229,.T.);
#8480=EDGE_CURVE('',#8287,#8311,#8199,.T.);
#8482=EDGE_CURVE('',#8311,#8313,#8233,.T.);
#8501=EDGE_CURVE('',#8285,#8309,#8203,.T.);
#8503=EDGE_CURVE('',#8309,#8311,#8238,.T.);
#8522=EDGE_CURVE('',#8283,#8307,#8207,.T.);
#8524=EDGE_CURVE('',#8307,#8309,#8242,.T.);
#8544=EDGE_CURVE('',#8305,#8307,#8247,.T.);
#8572=EDGE_CURVE('',#8320,#8321,#8252,.T.);
#8575=EDGE_CURVE('',#8323,#8325,#8261,.T.);
#8577=EDGE_CURVE('',#8321,#8323,#8265,.T.);
#8597=EDGE_CURVE('',#8297,#8321,#8273,.T.);
#8617=EDGE_CURVE('',#8299,#8323,#8277,.T.);
#8650=(LENGTH_UNIT()NAMED_UNIT(*)SI_UNIT(.MILLI.,.METRE.));
#8652=(NAMED_UNIT(*)PLANE_ANGLE_UNIT()SI_UNIT($,.RADIAN.));
#8655=(NAMED_UNIT(*)SI_UNIT($,.STERADIAN.)SOLID_ANGLE_UNIT());
#8658=ADVANCED_BREP_SHAPE_REPRESENTATION('',(#8121,#8649),#8657);
#8666=PRODUCT_DEFINITION('design','',#8665,#8662);
#8667=PRODUCT_DEFINITION_SHAPE('','SHAPE FOR 12.',#8666);
#8668=SHAPE_ASPECT('','solid data associated with 12',#8667,.F.);
#8669=PROPERTY_DEFINITION('',
'shape for solid data with which properties are associated',#8668);
#8670=SHAPE_REPRESENTATION('',(#8649),#8657);
#8671=SHAPE_DEFINITION_REPRESENTATION(#8669,#8670);
#8672=(LENGTH_UNIT()NAMED_UNIT(*)SI_UNIT(.MILLI.,.METRE.));
#8676=PROPERTY_DEFINITION('geometric validation property','area of 12',#8668);
#8677=REPRESENTATION('surface area',(#8675),#8657);
#8678=PROPERTY_DEFINITION_REPRESENTATION(#8676,#8677);
#8679=(LENGTH_UNIT()NAMED_UNIT(*)SI_UNIT(.MILLI.,.METRE.));
#8683=PROPERTY_DEFINITION('geometric validation property','volume of 12',#8668);
#8684=REPRESENTATION('volume',(#8682),#8657);
#8685=PROPERTY_DEFINITION_REPRESENTATION(#8683,#8684);
#8687=PROPERTY_DEFINITION('geometric validation property','centroid of 12',
#8668);
#8688=REPRESENTATION('centroid',(#8686),#8657);
#8689=PROPERTY_DEFINITION_REPRESENTATION(#8687,#8688);
#8690=(LENGTH_UNIT()NAMED_UNIT(*)SI_UNIT(.MILLI.,.METRE.));
#8694=PROPERTY_DEFINITION('geometric validation property','area of 12',#8667);
#8695=REPRESENTATION('surface area',(#8693),#8657);
#8696=PROPERTY_DEFINITION_REPRESENTATION(#8694,#8695);
#8697=(LENGTH_UNIT()NAMED_UNIT(*)SI_UNIT(.MILLI.,.METRE.));
#8701=PROPERTY_DEFINITION('geometric validation property','volume of 12',#8667);
#8702=REPRESENTATION('volume',(#8700),#8657);
#8703=PROPERTY_DEFINITION_REPRESENTATION(#8701,#8702);
#8705=PROPERTY_DEFINITION('geometric validation property','centroid of 12',
#8667);
#8706=REPRESENTATION('centroid',(#8704),#8657);
#8707=PROPERTY_DEFINITION_REPRESENTATION(#8705,#8706);
#8708=SHAPE_DEFINITION_REPRESENTATION(#8667,#8658);
ENDSEC;
END-ISO-10303-21;
