ISO-10303-21;
HEADER;
/* Espressif_QFN-104-1EP_10x10mm_P0.35mm_EP7.5x7.5mm.step 3D STEP model for use in ECAD systems
 * Copyright (C) 2026, KiCAD
 *
 * This work is licensed under the
 * [Creative Commons CC-BY-SA 4.0 License](https://creativecommons.org/licenses/by-sa/4.0/legalcode),
 * with the following exception:
 *
 * To the extent that the creation of electronic designs that use 'Licensed Material' can be
 * considered to be 'Adapted Material', then the copyright holder waives article 3 of the license
 * with respect to these designs and any generated files which use data provided as part of the
 * 'Licensed Material'.
 *
 * You are free to use the library data in your own projects without the obligation to share your
 * project files under this or any other license agreement. However, if you wish to distribute
 * these libraries, or parts thereof (including in modified form) as a collection then the exception
 * above does not apply. Please refer to
 * https://gitlab.com/kicad/libraries/kicad-packages3D/-/blob/master/LICENSE.md for further clarification
 * of the exception.
 *
 * Disclaimer of Warranties and Limitation of Liability.
 * These libraries are provided in the hope that they will be useful, but are provided without warranty of any kind, express or implied.
 * USE 3D CAD DATA AT YOUR OWN RISK
 * DO NOT RELY UPON ANY INFORMATION FOUND HERE WITHOUT INDEPENDENT VERIFICATION.
 */

FILE_DESCRIPTION(
/* description */ ('model of Espressif_QFN-104-1EP_10x10mm_P0.35mm_EP7.5x7.5mm'),
/* implementation_level */ '2;1');

FILE_NAME(
/* name */ 'Espressif_QFN-104-1EP_10x10mm_P0.35mm_EP7.5x7.5mm.step',
/* time_stamp */ '1970-01-01T00:00:00',
/* author */ ('KiCAD','kicad'),
/* organization */ ('OCCT'),
/* preprocessor_version */ '',
/* originating_system */ 'KiCAD',
/* authorisation */ '');

FILE_SCHEMA(('AUTOMOTIVE_DESIGN { 1 0 10303 214 1 1 1 1 }'));
ENDSEC;

DATA;
#1=APPLICATION_PROTOCOL_DEFINITION('international standard','automotive_design',2000,#2);
#2=APPLICATION_CONTEXT('core data for automotive mechanical design processes');
#3=SHAPE_DEFINITION_REPRESENTATION(#4,#10);
#4=PRODUCT_DEFINITION_SHAPE('','',#5);
#5=PRODUCT_DEFINITION('design','',#6,#9);
#6=PRODUCT_DEFINITION_FORMATION('','',#7);
#7=PRODUCT('Espressif_QFN-104-1EP_10x10mm_P0.35mm_EP7.5x7.5mm','Espressif_QFN-104-1EP_10x10mm_P0.35mm_EP7.5x7.5mm','',(#8));
#8=PRODUCT_CONTEXT('',#2,'mechanical');
#9=PRODUCT_DEFINITION_CONTEXT('part definition',#2,'design');
#10=ADVANCED_BREP_SHAPE_REPRESENTATION('',(#11,#15),#5810);
#11=AXIS2_PLACEMENT_3D('',#12,#13,#14);
#12=CARTESIAN_POINT('',(0.,0.,0.));
#13=DIRECTION('',(0.,0.,1.));
#14=DIRECTION('',(1.,0.,-0.));
#15=MANIFOLD_SOLID_BREP('',#16);
#16=CLOSED_SHELL('',(#17,#542,#570,#1080,#3038,#3050,#3061,#3072,#3083,#3094,#3105,#3116,#3127,#3138,#3149,#3160,#3171,#3182,#3193,#3204,#3215,#3226,#3237,#3248,#3259,#3270,#3281,#3292,#3303,#3314,#3325,#3701,#4048,#4054,#4062,#4070,#4078,#4086,#4094,#4102,#4110,#4118,#4126,#4134,#4142,#4150,#4158,#4166,#4174,#4182,#4190,#4198,#4206,#4214,#4222,#4230,#4238,#4246,#4254,#4262,#4273,#4286,#4296,#4308,#4318,#4330,#4340,#4352,#4362,#4374,#4384,#4396,#4406,#4418,#4428,#4440,#4450,#4462,#4472,#4484,#4494,#4506,#4516,#4528,#4538,#4550,#4560,#4572,#4582,#4594,#4604,#4616,#4626,#4638,#4648,#4660,#4670,#4682,#4692,#4704,#4714,#4726,#4736,#4748,#4758,#4770,#4780,#4792,#4802,#4814,#4824,#4836,#4846,#4859,#4869,#4881,#4891,#4903,#4913,#4925,#4935,#4947,#4957,#4969,#4979,#4991,#5001,#5013,#5023,#5035,#5045,#5057,#5067,#5079,#5089,#5101,#5111,#5123,#5133,#5145,#5155,#5167,#5177,#5189,#5199,#5211,#5221,#5233,#5243,#5255,#5265,#5277,#5287,#5299,#5309,#5321,#5331,#5343,#5353,#5365,#5375,#5387,#5397,#5409,#5418,#5428,#5437,#5446,#5455,#5464,#5473,#5482,#5491,#5500,#5509,#5518,#5527,#5536,#5545,#5554,#5563,#5572,#5581,#5590,#5599,#5608,#5617,#5626,#5635,#5644,#5653,#5660,#5666,#5672,#5678,#5684,#5690,#5696,#5702,#5708,#5714,#5720,#5726,#5732,#5738,#5744,#5750,#5756,#5762,#5768,#5774,#5780,#5786,#5792,#5798,#5804));
#17=ADVANCED_FACE('',(#18),#539,.F.);
#18=FACE_BOUND('',#19,.F.);
#19=EDGE_LOOP('',(#20,#29,#35,#40,#45,#52,#57,#61,#66,#71,#76,#80,#85,#90,#95,#99,#104,#109,#114,#118,#123,#128,#133,#137,#142,#147,#152,#156,#161,#166,#171,#175,#180,#185,#190,#194,#199,#204,#209,#213,#218,#223,#228,#232,#237,#242,#247,#251,#256,#261,#266,#270,#275,#280,#285,#289,#294,#299,#304,#308,#313,#318,#323,#327,#332,#337,#342,#346,#351,#356,#361,#365,#370,#375,#380,#384,#389,#394,#399,#403,#408,#413,#418,#422,#427,#432,#437,#441,#446,#451,#456,#460,#465,#470,#475,#479,#484,#489,#494,#498,#503,#508,#513,#517,#522,#527,#532,#536));
#20=ORIENTED_EDGE('',*,*,#21,.F.);
#21=EDGE_CURVE('',#22,#24,#26,.T.);
#22=VERTEX_POINT('',#23);
#23=CARTESIAN_POINT('',(-5.,-5.,0.9));
#24=VERTEX_POINT('',#25);
#25=CARTESIAN_POINT('',(-5.,5.,0.9));
#26=LINE('',#23,#27);
#27=VECTOR('',#28,1.);
#28=DIRECTION('',(0.,1.,0.));
#29=ORIENTED_EDGE('',*,*,#30,.F.);
#30=EDGE_CURVE('',#31,#22,#33,.T.);
#31=VERTEX_POINT('',#32);
#32=CARTESIAN_POINT('',(-5.,-5.,0.));
#33=LINE('',#32,#34);
#34=VECTOR('',#13,1.);
#35=ORIENTED_EDGE('',*,*,#36,.T.);
#36=EDGE_CURVE('',#31,#37,#39,.T.);
#37=VERTEX_POINT('',#38);
#38=CARTESIAN_POINT('',(-5.,-4.465,0.));
#39=LINE('',#32,#27);
#40=ORIENTED_EDGE('',*,*,#41,.T.);
#41=EDGE_CURVE('',#37,#42,#44,.T.);
#42=VERTEX_POINT('',#43);
#43=CARTESIAN_POINT('',(-5.,-4.465,0.17));
#44=LINE('',#38,#34);
#45=ORIENTED_EDGE('',*,*,#46,.F.);
#46=EDGE_CURVE('',#47,#42,#49,.T.);
#47=VERTEX_POINT('',#48);
#48=CARTESIAN_POINT('',(-5.,-4.285,0.17));
#49=LINE('',#48,#50);
#50=VECTOR('',#51,1.);
#51=DIRECTION('',(-1.110223024625E-16,-1.,0.));
#52=ORIENTED_EDGE('',*,*,#53,.F.);
#53=EDGE_CURVE('',#54,#47,#56,.T.);
#54=VERTEX_POINT('',#55);
#55=CARTESIAN_POINT('',(-5.,-4.285,0.));
#56=LINE('',#55,#34);
#57=ORIENTED_EDGE('',*,*,#58,.T.);
#58=EDGE_CURVE('',#54,#59,#39,.T.);
#59=VERTEX_POINT('',#60);
#60=CARTESIAN_POINT('',(-5.,-4.115,0.));
#61=ORIENTED_EDGE('',*,*,#62,.T.);
#62=EDGE_CURVE('',#59,#63,#65,.T.);
#63=VERTEX_POINT('',#64);
#64=CARTESIAN_POINT('',(-5.,-4.115,0.17));
#65=LINE('',#60,#34);
#66=ORIENTED_EDGE('',*,*,#67,.F.);
#67=EDGE_CURVE('',#68,#63,#70,.T.);
#68=VERTEX_POINT('',#69);
#69=CARTESIAN_POINT('',(-5.,-3.935,0.17));
#70=LINE('',#69,#50);
#71=ORIENTED_EDGE('',*,*,#72,.F.);
#72=EDGE_CURVE('',#73,#68,#75,.T.);
#73=VERTEX_POINT('',#74);
#74=CARTESIAN_POINT('',(-5.,-3.935,0.));
#75=LINE('',#74,#34);
#76=ORIENTED_EDGE('',*,*,#77,.T.);
#77=EDGE_CURVE('',#73,#78,#39,.T.);
#78=VERTEX_POINT('',#79);
#79=CARTESIAN_POINT('',(-5.,-3.765,0.));
#80=ORIENTED_EDGE('',*,*,#81,.T.);
#81=EDGE_CURVE('',#78,#82,#84,.T.);
#82=VERTEX_POINT('',#83);
#83=CARTESIAN_POINT('',(-5.,-3.765,0.17));
#84=LINE('',#79,#34);
#85=ORIENTED_EDGE('',*,*,#86,.F.);
#86=EDGE_CURVE('',#87,#82,#89,.T.);
#87=VERTEX_POINT('',#88);
#88=CARTESIAN_POINT('',(-5.,-3.585,0.17));
#89=LINE('',#88,#50);
#90=ORIENTED_EDGE('',*,*,#91,.F.);
#91=EDGE_CURVE('',#92,#87,#94,.T.);
#92=VERTEX_POINT('',#93);
#93=CARTESIAN_POINT('',(-5.,-3.585,0.));
#94=LINE('',#93,#34);
#95=ORIENTED_EDGE('',*,*,#96,.T.);
#96=EDGE_CURVE('',#92,#97,#39,.T.);
#97=VERTEX_POINT('',#98);
#98=CARTESIAN_POINT('',(-5.,-3.415,0.));
#99=ORIENTED_EDGE('',*,*,#100,.T.);
#100=EDGE_CURVE('',#97,#101,#103,.T.);
#101=VERTEX_POINT('',#102);
#102=CARTESIAN_POINT('',(-5.,-3.415,0.17));
#103=LINE('',#98,#34);
#104=ORIENTED_EDGE('',*,*,#105,.F.);
#105=EDGE_CURVE('',#106,#101,#108,.T.);
#106=VERTEX_POINT('',#107);
#107=CARTESIAN_POINT('',(-5.,-3.235,0.17));
#108=LINE('',#107,#50);
#109=ORIENTED_EDGE('',*,*,#110,.F.);
#110=EDGE_CURVE('',#111,#106,#113,.T.);
#111=VERTEX_POINT('',#112);
#112=CARTESIAN_POINT('',(-5.,-3.235,0.));
#113=LINE('',#112,#34);
#114=ORIENTED_EDGE('',*,*,#115,.T.);
#115=EDGE_CURVE('',#111,#116,#39,.T.);
#116=VERTEX_POINT('',#117);
#117=CARTESIAN_POINT('',(-5.,-3.065,0.));
#118=ORIENTED_EDGE('',*,*,#119,.T.);
#119=EDGE_CURVE('',#116,#120,#122,.T.);
#120=VERTEX_POINT('',#121);
#121=CARTESIAN_POINT('',(-5.,-3.065,0.17));
#122=LINE('',#117,#34);
#123=ORIENTED_EDGE('',*,*,#124,.F.);
#124=EDGE_CURVE('',#125,#120,#127,.T.);
#125=VERTEX_POINT('',#126);
#126=CARTESIAN_POINT('',(-5.,-2.885,0.17));
#127=LINE('',#126,#50);
#128=ORIENTED_EDGE('',*,*,#129,.F.);
#129=EDGE_CURVE('',#130,#125,#132,.T.);
#130=VERTEX_POINT('',#131);
#131=CARTESIAN_POINT('',(-5.,-2.885,0.));
#132=LINE('',#131,#34);
#133=ORIENTED_EDGE('',*,*,#134,.T.);
#134=EDGE_CURVE('',#130,#135,#39,.T.);
#135=VERTEX_POINT('',#136);
#136=CARTESIAN_POINT('',(-5.,-2.715,0.));
#137=ORIENTED_EDGE('',*,*,#138,.T.);
#138=EDGE_CURVE('',#135,#139,#141,.T.);
#139=VERTEX_POINT('',#140);
#140=CARTESIAN_POINT('',(-5.,-2.715,0.17));
#141=LINE('',#136,#34);
#142=ORIENTED_EDGE('',*,*,#143,.F.);
#143=EDGE_CURVE('',#144,#139,#146,.T.);
#144=VERTEX_POINT('',#145);
#145=CARTESIAN_POINT('',(-5.,-2.535,0.17));
#146=LINE('',#145,#50);
#147=ORIENTED_EDGE('',*,*,#148,.F.);
#148=EDGE_CURVE('',#149,#144,#151,.T.);
#149=VERTEX_POINT('',#150);
#150=CARTESIAN_POINT('',(-5.,-2.535,0.));
#151=LINE('',#150,#34);
#152=ORIENTED_EDGE('',*,*,#153,.T.);
#153=EDGE_CURVE('',#149,#154,#39,.T.);
#154=VERTEX_POINT('',#155);
#155=CARTESIAN_POINT('',(-5.,-2.365,0.));
#156=ORIENTED_EDGE('',*,*,#157,.T.);
#157=EDGE_CURVE('',#154,#158,#160,.T.);
#158=VERTEX_POINT('',#159);
#159=CARTESIAN_POINT('',(-5.,-2.365,0.17));
#160=LINE('',#155,#34);
#161=ORIENTED_EDGE('',*,*,#162,.F.);
#162=EDGE_CURVE('',#163,#158,#165,.T.);
#163=VERTEX_POINT('',#164);
#164=CARTESIAN_POINT('',(-5.,-2.185,0.17));
#165=LINE('',#164,#50);
#166=ORIENTED_EDGE('',*,*,#167,.F.);
#167=EDGE_CURVE('',#168,#163,#170,.T.);
#168=VERTEX_POINT('',#169);
#169=CARTESIAN_POINT('',(-5.,-2.185,0.));
#170=LINE('',#169,#34);
#171=ORIENTED_EDGE('',*,*,#172,.T.);
#172=EDGE_CURVE('',#168,#173,#39,.T.);
#173=VERTEX_POINT('',#174);
#174=CARTESIAN_POINT('',(-5.,-2.015,0.));
#175=ORIENTED_EDGE('',*,*,#176,.T.);
#176=EDGE_CURVE('',#173,#177,#179,.T.);
#177=VERTEX_POINT('',#178);
#178=CARTESIAN_POINT('',(-5.,-2.015,0.17));
#179=LINE('',#174,#34);
#180=ORIENTED_EDGE('',*,*,#181,.F.);
#181=EDGE_CURVE('',#182,#177,#184,.T.);
#182=VERTEX_POINT('',#183);
#183=CARTESIAN_POINT('',(-5.,-1.835,0.17));
#184=LINE('',#183,#50);
#185=ORIENTED_EDGE('',*,*,#186,.F.);
#186=EDGE_CURVE('',#187,#182,#189,.T.);
#187=VERTEX_POINT('',#188);
#188=CARTESIAN_POINT('',(-5.,-1.835,0.));
#189=LINE('',#188,#34);
#190=ORIENTED_EDGE('',*,*,#191,.T.);
#191=EDGE_CURVE('',#187,#192,#39,.T.);
#192=VERTEX_POINT('',#193);
#193=CARTESIAN_POINT('',(-5.,-1.665,0.));
#194=ORIENTED_EDGE('',*,*,#195,.T.);
#195=EDGE_CURVE('',#192,#196,#198,.T.);
#196=VERTEX_POINT('',#197);
#197=CARTESIAN_POINT('',(-5.,-1.665,0.17));
#198=LINE('',#193,#34);
#199=ORIENTED_EDGE('',*,*,#200,.F.);
#200=EDGE_CURVE('',#201,#196,#203,.T.);
#201=VERTEX_POINT('',#202);
#202=CARTESIAN_POINT('',(-5.,-1.485,0.17));
#203=LINE('',#202,#50);
#204=ORIENTED_EDGE('',*,*,#205,.F.);
#205=EDGE_CURVE('',#206,#201,#208,.T.);
#206=VERTEX_POINT('',#207);
#207=CARTESIAN_POINT('',(-5.,-1.485,0.));
#208=LINE('',#207,#34);
#209=ORIENTED_EDGE('',*,*,#210,.T.);
#210=EDGE_CURVE('',#206,#211,#39,.T.);
#211=VERTEX_POINT('',#212);
#212=CARTESIAN_POINT('',(-5.,-1.315,0.));
#213=ORIENTED_EDGE('',*,*,#214,.T.);
#214=EDGE_CURVE('',#211,#215,#217,.T.);
#215=VERTEX_POINT('',#216);
#216=CARTESIAN_POINT('',(-5.,-1.315,0.17));
#217=LINE('',#212,#34);
#218=ORIENTED_EDGE('',*,*,#219,.F.);
#219=EDGE_CURVE('',#220,#215,#222,.T.);
#220=VERTEX_POINT('',#221);
#221=CARTESIAN_POINT('',(-5.,-1.135,0.17));
#222=LINE('',#221,#50);
#223=ORIENTED_EDGE('',*,*,#224,.F.);
#224=EDGE_CURVE('',#225,#220,#227,.T.);
#225=VERTEX_POINT('',#226);
#226=CARTESIAN_POINT('',(-5.,-1.135,0.));
#227=LINE('',#226,#34);
#228=ORIENTED_EDGE('',*,*,#229,.T.);
#229=EDGE_CURVE('',#225,#230,#39,.T.);
#230=VERTEX_POINT('',#231);
#231=CARTESIAN_POINT('',(-5.,-0.965,0.));
#232=ORIENTED_EDGE('',*,*,#233,.T.);
#233=EDGE_CURVE('',#230,#234,#236,.T.);
#234=VERTEX_POINT('',#235);
#235=CARTESIAN_POINT('',(-5.,-0.965,0.17));
#236=LINE('',#231,#34);
#237=ORIENTED_EDGE('',*,*,#238,.F.);
#238=EDGE_CURVE('',#239,#234,#241,.T.);
#239=VERTEX_POINT('',#240);
#240=CARTESIAN_POINT('',(-5.,-0.785,0.17));
#241=LINE('',#240,#50);
#242=ORIENTED_EDGE('',*,*,#243,.F.);
#243=EDGE_CURVE('',#244,#239,#246,.T.);
#244=VERTEX_POINT('',#245);
#245=CARTESIAN_POINT('',(-5.,-0.785,0.));
#246=LINE('',#245,#34);
#247=ORIENTED_EDGE('',*,*,#248,.T.);
#248=EDGE_CURVE('',#244,#249,#39,.T.);
#249=VERTEX_POINT('',#250);
#250=CARTESIAN_POINT('',(-5.,-0.615,0.));
#251=ORIENTED_EDGE('',*,*,#252,.T.);
#252=EDGE_CURVE('',#249,#253,#255,.T.);
#253=VERTEX_POINT('',#254);
#254=CARTESIAN_POINT('',(-5.,-0.615,0.17));
#255=LINE('',#250,#34);
#256=ORIENTED_EDGE('',*,*,#257,.F.);
#257=EDGE_CURVE('',#258,#253,#260,.T.);
#258=VERTEX_POINT('',#259);
#259=CARTESIAN_POINT('',(-5.,-0.435,0.17));
#260=LINE('',#259,#50);
#261=ORIENTED_EDGE('',*,*,#262,.F.);
#262=EDGE_CURVE('',#263,#258,#265,.T.);
#263=VERTEX_POINT('',#264);
#264=CARTESIAN_POINT('',(-5.,-0.435,0.));
#265=LINE('',#264,#34);
#266=ORIENTED_EDGE('',*,*,#267,.T.);
#267=EDGE_CURVE('',#263,#268,#39,.T.);
#268=VERTEX_POINT('',#269);
#269=CARTESIAN_POINT('',(-5.,-0.265,0.));
#270=ORIENTED_EDGE('',*,*,#271,.T.);
#271=EDGE_CURVE('',#268,#272,#274,.T.);
#272=VERTEX_POINT('',#273);
#273=CARTESIAN_POINT('',(-5.,-0.265,0.17));
#274=LINE('',#269,#34);
#275=ORIENTED_EDGE('',*,*,#276,.F.);
#276=EDGE_CURVE('',#277,#272,#279,.T.);
#277=VERTEX_POINT('',#278);
#278=CARTESIAN_POINT('',(-5.,-8.5E-02,0.17));
#279=LINE('',#278,#50);
#280=ORIENTED_EDGE('',*,*,#281,.F.);
#281=EDGE_CURVE('',#282,#277,#284,.T.);
#282=VERTEX_POINT('',#283);
#283=CARTESIAN_POINT('',(-5.,-8.5E-02,0.));
#284=LINE('',#283,#34);
#285=ORIENTED_EDGE('',*,*,#286,.T.);
#286=EDGE_CURVE('',#282,#287,#39,.T.);
#287=VERTEX_POINT('',#288);
#288=CARTESIAN_POINT('',(-5.,8.5E-02,0.));
#289=ORIENTED_EDGE('',*,*,#290,.T.);
#290=EDGE_CURVE('',#287,#291,#293,.T.);
#291=VERTEX_POINT('',#292);
#292=CARTESIAN_POINT('',(-5.,8.5E-02,0.17));
#293=LINE('',#288,#34);
#294=ORIENTED_EDGE('',*,*,#295,.F.);
#295=EDGE_CURVE('',#296,#291,#298,.T.);
#296=VERTEX_POINT('',#297);
#297=CARTESIAN_POINT('',(-5.,0.265,0.17));
#298=LINE('',#297,#50);
#299=ORIENTED_EDGE('',*,*,#300,.F.);
#300=EDGE_CURVE('',#301,#296,#303,.T.);
#301=VERTEX_POINT('',#302);
#302=CARTESIAN_POINT('',(-5.,0.265,0.));
#303=LINE('',#302,#34);
#304=ORIENTED_EDGE('',*,*,#305,.T.);
#305=EDGE_CURVE('',#301,#306,#39,.T.);
#306=VERTEX_POINT('',#307);
#307=CARTESIAN_POINT('',(-5.,0.435,0.));
#308=ORIENTED_EDGE('',*,*,#309,.T.);
#309=EDGE_CURVE('',#306,#310,#312,.T.);
#310=VERTEX_POINT('',#311);
#311=CARTESIAN_POINT('',(-5.,0.435,0.17));
#312=LINE('',#307,#34);
#313=ORIENTED_EDGE('',*,*,#314,.F.);
#314=EDGE_CURVE('',#315,#310,#317,.T.);
#315=VERTEX_POINT('',#316);
#316=CARTESIAN_POINT('',(-5.,0.615,0.17));
#317=LINE('',#316,#50);
#318=ORIENTED_EDGE('',*,*,#319,.F.);
#319=EDGE_CURVE('',#320,#315,#322,.T.);
#320=VERTEX_POINT('',#321);
#321=CARTESIAN_POINT('',(-5.,0.615,0.));
#322=LINE('',#321,#34);
#323=ORIENTED_EDGE('',*,*,#324,.T.);
#324=EDGE_CURVE('',#320,#325,#39,.T.);
#325=VERTEX_POINT('',#326);
#326=CARTESIAN_POINT('',(-5.,0.785,0.));
#327=ORIENTED_EDGE('',*,*,#328,.T.);
#328=EDGE_CURVE('',#325,#329,#331,.T.);
#329=VERTEX_POINT('',#330);
#330=CARTESIAN_POINT('',(-5.,0.785,0.17));
#331=LINE('',#326,#34);
#332=ORIENTED_EDGE('',*,*,#333,.F.);
#333=EDGE_CURVE('',#334,#329,#336,.T.);
#334=VERTEX_POINT('',#335);
#335=CARTESIAN_POINT('',(-5.,0.965,0.17));
#336=LINE('',#335,#50);
#337=ORIENTED_EDGE('',*,*,#338,.F.);
#338=EDGE_CURVE('',#339,#334,#341,.T.);
#339=VERTEX_POINT('',#340);
#340=CARTESIAN_POINT('',(-5.,0.965,0.));
#341=LINE('',#340,#34);
#342=ORIENTED_EDGE('',*,*,#343,.T.);
#343=EDGE_CURVE('',#339,#344,#39,.T.);
#344=VERTEX_POINT('',#345);
#345=CARTESIAN_POINT('',(-5.,1.135,0.));
#346=ORIENTED_EDGE('',*,*,#347,.T.);
#347=EDGE_CURVE('',#344,#348,#350,.T.);
#348=VERTEX_POINT('',#349);
#349=CARTESIAN_POINT('',(-5.,1.135,0.17));
#350=LINE('',#345,#34);
#351=ORIENTED_EDGE('',*,*,#352,.F.);
#352=EDGE_CURVE('',#353,#348,#355,.T.);
#353=VERTEX_POINT('',#354);
#354=CARTESIAN_POINT('',(-5.,1.315,0.17));
#355=LINE('',#354,#50);
#356=ORIENTED_EDGE('',*,*,#357,.F.);
#357=EDGE_CURVE('',#358,#353,#360,.T.);
#358=VERTEX_POINT('',#359);
#359=CARTESIAN_POINT('',(-5.,1.315,0.));
#360=LINE('',#359,#34);
#361=ORIENTED_EDGE('',*,*,#362,.T.);
#362=EDGE_CURVE('',#358,#363,#39,.T.);
#363=VERTEX_POINT('',#364);
#364=CARTESIAN_POINT('',(-5.,1.485,0.));
#365=ORIENTED_EDGE('',*,*,#366,.T.);
#366=EDGE_CURVE('',#363,#367,#369,.T.);
#367=VERTEX_POINT('',#368);
#368=CARTESIAN_POINT('',(-5.,1.485,0.17));
#369=LINE('',#364,#34);
#370=ORIENTED_EDGE('',*,*,#371,.F.);
#371=EDGE_CURVE('',#372,#367,#374,.T.);
#372=VERTEX_POINT('',#373);
#373=CARTESIAN_POINT('',(-5.,1.665,0.17));
#374=LINE('',#373,#50);
#375=ORIENTED_EDGE('',*,*,#376,.F.);
#376=EDGE_CURVE('',#377,#372,#379,.T.);
#377=VERTEX_POINT('',#378);
#378=CARTESIAN_POINT('',(-5.,1.665,0.));
#379=LINE('',#378,#34);
#380=ORIENTED_EDGE('',*,*,#381,.T.);
#381=EDGE_CURVE('',#377,#382,#39,.T.);
#382=VERTEX_POINT('',#383);
#383=CARTESIAN_POINT('',(-5.,1.835,0.));
#384=ORIENTED_EDGE('',*,*,#385,.T.);
#385=EDGE_CURVE('',#382,#386,#388,.T.);
#386=VERTEX_POINT('',#387);
#387=CARTESIAN_POINT('',(-5.,1.835,0.17));
#388=LINE('',#383,#34);
#389=ORIENTED_EDGE('',*,*,#390,.F.);
#390=EDGE_CURVE('',#391,#386,#393,.T.);
#391=VERTEX_POINT('',#392);
#392=CARTESIAN_POINT('',(-5.,2.015,0.17));
#393=LINE('',#392,#50);
#394=ORIENTED_EDGE('',*,*,#395,.F.);
#395=EDGE_CURVE('',#396,#391,#398,.T.);
#396=VERTEX_POINT('',#397);
#397=CARTESIAN_POINT('',(-5.,2.015,0.));
#398=LINE('',#397,#34);
#399=ORIENTED_EDGE('',*,*,#400,.T.);
#400=EDGE_CURVE('',#396,#401,#39,.T.);
#401=VERTEX_POINT('',#402);
#402=CARTESIAN_POINT('',(-5.,2.185,0.));
#403=ORIENTED_EDGE('',*,*,#404,.T.);
#404=EDGE_CURVE('',#401,#405,#407,.T.);
#405=VERTEX_POINT('',#406);
#406=CARTESIAN_POINT('',(-5.,2.185,0.17));
#407=LINE('',#402,#34);
#408=ORIENTED_EDGE('',*,*,#409,.F.);
#409=EDGE_CURVE('',#410,#405,#412,.T.);
#410=VERTEX_POINT('',#411);
#411=CARTESIAN_POINT('',(-5.,2.365,0.17));
#412=LINE('',#411,#50);
#413=ORIENTED_EDGE('',*,*,#414,.F.);
#414=EDGE_CURVE('',#415,#410,#417,.T.);
#415=VERTEX_POINT('',#416);
#416=CARTESIAN_POINT('',(-5.,2.365,0.));
#417=LINE('',#416,#34);
#418=ORIENTED_EDGE('',*,*,#419,.T.);
#419=EDGE_CURVE('',#415,#420,#39,.T.);
#420=VERTEX_POINT('',#421);
#421=CARTESIAN_POINT('',(-5.,2.535,0.));
#422=ORIENTED_EDGE('',*,*,#423,.T.);
#423=EDGE_CURVE('',#420,#424,#426,.T.);
#424=VERTEX_POINT('',#425);
#425=CARTESIAN_POINT('',(-5.,2.535,0.17));
#426=LINE('',#421,#34);
#427=ORIENTED_EDGE('',*,*,#428,.F.);
#428=EDGE_CURVE('',#429,#424,#431,.T.);
#429=VERTEX_POINT('',#430);
#430=CARTESIAN_POINT('',(-5.,2.715,0.17));
#431=LINE('',#430,#50);
#432=ORIENTED_EDGE('',*,*,#433,.F.);
#433=EDGE_CURVE('',#434,#429,#436,.T.);
#434=VERTEX_POINT('',#435);
#435=CARTESIAN_POINT('',(-5.,2.715,0.));
#436=LINE('',#435,#34);
#437=ORIENTED_EDGE('',*,*,#438,.T.);
#438=EDGE_CURVE('',#434,#439,#39,.T.);
#439=VERTEX_POINT('',#440);
#440=CARTESIAN_POINT('',(-5.,2.885,0.));
#441=ORIENTED_EDGE('',*,*,#442,.T.);
#442=EDGE_CURVE('',#439,#443,#445,.T.);
#443=VERTEX_POINT('',#444);
#444=CARTESIAN_POINT('',(-5.,2.885,0.17));
#445=LINE('',#440,#34);
#446=ORIENTED_EDGE('',*,*,#447,.F.);
#447=EDGE_CURVE('',#448,#443,#450,.T.);
#448=VERTEX_POINT('',#449);
#449=CARTESIAN_POINT('',(-5.,3.065,0.17));
#450=LINE('',#449,#50);
#451=ORIENTED_EDGE('',*,*,#452,.F.);
#452=EDGE_CURVE('',#453,#448,#455,.T.);
#453=VERTEX_POINT('',#454);
#454=CARTESIAN_POINT('',(-5.,3.065,0.));
#455=LINE('',#454,#34);
#456=ORIENTED_EDGE('',*,*,#457,.T.);
#457=EDGE_CURVE('',#453,#458,#39,.T.);
#458=VERTEX_POINT('',#459);
#459=CARTESIAN_POINT('',(-5.,3.235,0.));
#460=ORIENTED_EDGE('',*,*,#461,.T.);
#461=EDGE_CURVE('',#458,#462,#464,.T.);
#462=VERTEX_POINT('',#463);
#463=CARTESIAN_POINT('',(-5.,3.235,0.17));
#464=LINE('',#459,#34);
#465=ORIENTED_EDGE('',*,*,#466,.F.);
#466=EDGE_CURVE('',#467,#462,#469,.T.);
#467=VERTEX_POINT('',#468);
#468=CARTESIAN_POINT('',(-5.,3.415,0.17));
#469=LINE('',#468,#50);
#470=ORIENTED_EDGE('',*,*,#471,.F.);
#471=EDGE_CURVE('',#472,#467,#474,.T.);
#472=VERTEX_POINT('',#473);
#473=CARTESIAN_POINT('',(-5.,3.415,0.));
#474=LINE('',#473,#34);
#475=ORIENTED_EDGE('',*,*,#476,.T.);
#476=EDGE_CURVE('',#472,#477,#39,.T.);
#477=VERTEX_POINT('',#478);
#478=CARTESIAN_POINT('',(-5.,3.585,0.));
#479=ORIENTED_EDGE('',*,*,#480,.T.);
#480=EDGE_CURVE('',#477,#481,#483,.T.);
#481=VERTEX_POINT('',#482);
#482=CARTESIAN_POINT('',(-5.,3.585,0.17));
#483=LINE('',#478,#34);
#484=ORIENTED_EDGE('',*,*,#485,.F.);
#485=EDGE_CURVE('',#486,#481,#488,.T.);
#486=VERTEX_POINT('',#487);
#487=CARTESIAN_POINT('',(-5.,3.765,0.17));
#488=LINE('',#487,#50);
#489=ORIENTED_EDGE('',*,*,#490,.F.);
#490=EDGE_CURVE('',#491,#486,#493,.T.);
#491=VERTEX_POINT('',#492);
#492=CARTESIAN_POINT('',(-5.,3.765,0.));
#493=LINE('',#492,#34);
#494=ORIENTED_EDGE('',*,*,#495,.T.);
#495=EDGE_CURVE('',#491,#496,#39,.T.);
#496=VERTEX_POINT('',#497);
#497=CARTESIAN_POINT('',(-5.,3.935,0.));
#498=ORIENTED_EDGE('',*,*,#499,.T.);
#499=EDGE_CURVE('',#496,#500,#502,.T.);
#500=VERTEX_POINT('',#501);
#501=CARTESIAN_POINT('',(-5.,3.935,0.17));
#502=LINE('',#497,#34);
#503=ORIENTED_EDGE('',*,*,#504,.F.);
#504=EDGE_CURVE('',#505,#500,#507,.T.);
#505=VERTEX_POINT('',#506);
#506=CARTESIAN_POINT('',(-5.,4.115,0.17));
#507=LINE('',#506,#50);
#508=ORIENTED_EDGE('',*,*,#509,.F.);
#509=EDGE_CURVE('',#510,#505,#512,.T.);
#510=VERTEX_POINT('',#511);
#511=CARTESIAN_POINT('',(-5.,4.115,0.));
#512=LINE('',#511,#34);
#513=ORIENTED_EDGE('',*,*,#514,.T.);
#514=EDGE_CURVE('',#510,#515,#39,.T.);
#515=VERTEX_POINT('',#516);
#516=CARTESIAN_POINT('',(-5.,4.285,0.));
#517=ORIENTED_EDGE('',*,*,#518,.T.);
#518=EDGE_CURVE('',#515,#519,#521,.T.);
#519=VERTEX_POINT('',#520);
#520=CARTESIAN_POINT('',(-5.,4.285,0.17));
#521=LINE('',#516,#34);
#522=ORIENTED_EDGE('',*,*,#523,.F.);
#523=EDGE_CURVE('',#524,#519,#526,.T.);
#524=VERTEX_POINT('',#525);
#525=CARTESIAN_POINT('',(-5.,4.465,0.17));
#526=LINE('',#525,#50);
#527=ORIENTED_EDGE('',*,*,#528,.F.);
#528=EDGE_CURVE('',#529,#524,#531,.T.);
#529=VERTEX_POINT('',#530);
#530=CARTESIAN_POINT('',(-5.,4.465,0.));
#531=LINE('',#530,#34);
#532=ORIENTED_EDGE('',*,*,#533,.T.);
#533=EDGE_CURVE('',#529,#534,#39,.T.);
#534=VERTEX_POINT('',#535);
#535=CARTESIAN_POINT('',(-5.,5.,0.));
#536=ORIENTED_EDGE('',*,*,#537,.T.);
#537=EDGE_CURVE('',#534,#24,#538,.T.);
#538=LINE('',#535,#34);
#539=PLANE('',#540);
#540=AXIS2_PLACEMENT_3D('',#32,#541,#13);
#541=DIRECTION('',(1.,0.,0.));
#542=ADVANCED_FACE('',(#543,#559),#568,.T.);
#543=FACE_BOUND('',#544,.T.);
#544=EDGE_LOOP('',(#20,#545,#551,#556));
#545=ORIENTED_EDGE('',*,*,#546,.T.);
#546=EDGE_CURVE('',#22,#547,#549,.T.);
#547=VERTEX_POINT('',#548);
#548=CARTESIAN_POINT('',(5.,-5.,0.9));
#549=LINE('',#23,#550);
#550=VECTOR('',#541,1.);
#551=ORIENTED_EDGE('',*,*,#552,.T.);
#552=EDGE_CURVE('',#547,#553,#555,.T.);
#553=VERTEX_POINT('',#554);
#554=CARTESIAN_POINT('',(5.,5.,0.9));
#555=LINE('',#548,#27);
#556=ORIENTED_EDGE('',*,*,#557,.F.);
#557=EDGE_CURVE('',#24,#553,#558,.T.);
#558=LINE('',#25,#550);
#559=FACE_BOUND('',#560,.T.);
#560=EDGE_LOOP('',(#561));
#561=ORIENTED_EDGE('',*,*,#562,.F.);
#562=EDGE_CURVE('',#563,#563,#565,.T.);
#563=VERTEX_POINT('',#564);
#564=CARTESIAN_POINT('',(-3.5,4.,0.9));
#565=CIRCLE('',#566,0.5);
#566=AXIS2_PLACEMENT_3D('',#567,#13,#541);
#567=CARTESIAN_POINT('',(-4.,4.,0.9));
#568=PLANE('',#569);
#569=AXIS2_PLACEMENT_3D('',#23,#13,#541);
#570=ADVANCED_FACE('',(#571),#1078,.T.);
#571=FACE_BOUND('',#572,.T.);
#572=EDGE_LOOP('',(#573,#536,#578,#579,#584,#588,#593,#600,#605,#609,#614,#619,#624,#628,#633,#638,#643,#647,#652,#657,#662,#666,#671,#676,#681,#685,#690,#695,#700,#704,#709,#714,#719,#723,#728,#733,#738,#742,#747,#752,#757,#761,#766,#771,#776,#780,#785,#790,#795,#799,#804,#809,#814,#818,#823,#828,#833,#837,#842,#847,#852,#856,#861,#866,#871,#875,#880,#885,#890,#894,#899,#904,#909,#913,#918,#923,#928,#932,#937,#942,#947,#951,#956,#961,#966,#970,#975,#980,#985,#989,#994,#999,#1004,#1008,#1013,#1018,#1023,#1027,#1032,#1037,#1042,#1046,#1051,#1056,#1061,#1065,#1070,#1075));
#573=ORIENTED_EDGE('',*,*,#574,.F.);
#574=EDGE_CURVE('',#534,#575,#577,.T.);
#575=VERTEX_POINT('',#576);
#576=CARTESIAN_POINT('',(-4.465,5.,0.));
#577=LINE('',#535,#550);
#578=ORIENTED_EDGE('',*,*,#557,.T.);
#579=ORIENTED_EDGE('',*,*,#580,.F.);
#580=EDGE_CURVE('',#581,#553,#583,.T.);
#581=VERTEX_POINT('',#582);
#582=CARTESIAN_POINT('',(5.,5.,0.));
#583=LINE('',#582,#34);
#584=ORIENTED_EDGE('',*,*,#585,.F.);
#585=EDGE_CURVE('',#586,#581,#577,.T.);
#586=VERTEX_POINT('',#587);
#587=CARTESIAN_POINT('',(4.465,5.,0.));
#588=ORIENTED_EDGE('',*,*,#589,.T.);
#589=EDGE_CURVE('',#586,#590,#592,.T.);
#590=VERTEX_POINT('',#591);
#591=CARTESIAN_POINT('',(4.465,5.,0.17));
#592=LINE('',#587,#34);
#593=ORIENTED_EDGE('',*,*,#594,.T.);
#594=EDGE_CURVE('',#590,#595,#597,.T.);
#595=VERTEX_POINT('',#596);
#596=CARTESIAN_POINT('',(4.285,5.,0.17));
#597=LINE('',#591,#598);
#598=VECTOR('',#599,1.);
#599=DIRECTION('',(-1.,0.,0.));
#600=ORIENTED_EDGE('',*,*,#601,.F.);
#601=EDGE_CURVE('',#602,#595,#604,.T.);
#602=VERTEX_POINT('',#603);
#603=CARTESIAN_POINT('',(4.285,5.,0.));
#604=LINE('',#603,#34);
#605=ORIENTED_EDGE('',*,*,#606,.F.);
#606=EDGE_CURVE('',#607,#602,#577,.T.);
#607=VERTEX_POINT('',#608);
#608=CARTESIAN_POINT('',(4.115,5.,0.));
#609=ORIENTED_EDGE('',*,*,#610,.T.);
#610=EDGE_CURVE('',#607,#611,#613,.T.);
#611=VERTEX_POINT('',#612);
#612=CARTESIAN_POINT('',(4.115,5.,0.17));
#613=LINE('',#608,#34);
#614=ORIENTED_EDGE('',*,*,#615,.T.);
#615=EDGE_CURVE('',#611,#616,#618,.T.);
#616=VERTEX_POINT('',#617);
#617=CARTESIAN_POINT('',(3.935,5.,0.17));
#618=LINE('',#612,#598);
#619=ORIENTED_EDGE('',*,*,#620,.F.);
#620=EDGE_CURVE('',#621,#616,#623,.T.);
#621=VERTEX_POINT('',#622);
#622=CARTESIAN_POINT('',(3.935,5.,0.));
#623=LINE('',#622,#34);
#624=ORIENTED_EDGE('',*,*,#625,.F.);
#625=EDGE_CURVE('',#626,#621,#577,.T.);
#626=VERTEX_POINT('',#627);
#627=CARTESIAN_POINT('',(3.765,5.,0.));
#628=ORIENTED_EDGE('',*,*,#629,.T.);
#629=EDGE_CURVE('',#626,#630,#632,.T.);
#630=VERTEX_POINT('',#631);
#631=CARTESIAN_POINT('',(3.765,5.,0.17));
#632=LINE('',#627,#34);
#633=ORIENTED_EDGE('',*,*,#634,.T.);
#634=EDGE_CURVE('',#630,#635,#637,.T.);
#635=VERTEX_POINT('',#636);
#636=CARTESIAN_POINT('',(3.585,5.,0.17));
#637=LINE('',#631,#598);
#638=ORIENTED_EDGE('',*,*,#639,.F.);
#639=EDGE_CURVE('',#640,#635,#642,.T.);
#640=VERTEX_POINT('',#641);
#641=CARTESIAN_POINT('',(3.585,5.,0.));
#642=LINE('',#641,#34);
#643=ORIENTED_EDGE('',*,*,#644,.F.);
#644=EDGE_CURVE('',#645,#640,#577,.T.);
#645=VERTEX_POINT('',#646);
#646=CARTESIAN_POINT('',(3.415,5.,0.));
#647=ORIENTED_EDGE('',*,*,#648,.T.);
#648=EDGE_CURVE('',#645,#649,#651,.T.);
#649=VERTEX_POINT('',#650);
#650=CARTESIAN_POINT('',(3.415,5.,0.17));
#651=LINE('',#646,#34);
#652=ORIENTED_EDGE('',*,*,#653,.T.);
#653=EDGE_CURVE('',#649,#654,#656,.T.);
#654=VERTEX_POINT('',#655);
#655=CARTESIAN_POINT('',(3.235,5.,0.17));
#656=LINE('',#650,#598);
#657=ORIENTED_EDGE('',*,*,#658,.F.);
#658=EDGE_CURVE('',#659,#654,#661,.T.);
#659=VERTEX_POINT('',#660);
#660=CARTESIAN_POINT('',(3.235,5.,0.));
#661=LINE('',#660,#34);
#662=ORIENTED_EDGE('',*,*,#663,.F.);
#663=EDGE_CURVE('',#664,#659,#577,.T.);
#664=VERTEX_POINT('',#665);
#665=CARTESIAN_POINT('',(3.065,5.,0.));
#666=ORIENTED_EDGE('',*,*,#667,.T.);
#667=EDGE_CURVE('',#664,#668,#670,.T.);
#668=VERTEX_POINT('',#669);
#669=CARTESIAN_POINT('',(3.065,5.,0.17));
#670=LINE('',#665,#34);
#671=ORIENTED_EDGE('',*,*,#672,.T.);
#672=EDGE_CURVE('',#668,#673,#675,.T.);
#673=VERTEX_POINT('',#674);
#674=CARTESIAN_POINT('',(2.885,5.,0.17));
#675=LINE('',#669,#598);
#676=ORIENTED_EDGE('',*,*,#677,.F.);
#677=EDGE_CURVE('',#678,#673,#680,.T.);
#678=VERTEX_POINT('',#679);
#679=CARTESIAN_POINT('',(2.885,5.,0.));
#680=LINE('',#679,#34);
#681=ORIENTED_EDGE('',*,*,#682,.F.);
#682=EDGE_CURVE('',#683,#678,#577,.T.);
#683=VERTEX_POINT('',#684);
#684=CARTESIAN_POINT('',(2.715,5.,0.));
#685=ORIENTED_EDGE('',*,*,#686,.T.);
#686=EDGE_CURVE('',#683,#687,#689,.T.);
#687=VERTEX_POINT('',#688);
#688=CARTESIAN_POINT('',(2.715,5.,0.17));
#689=LINE('',#684,#34);
#690=ORIENTED_EDGE('',*,*,#691,.T.);
#691=EDGE_CURVE('',#687,#692,#694,.T.);
#692=VERTEX_POINT('',#693);
#693=CARTESIAN_POINT('',(2.535,5.,0.17));
#694=LINE('',#688,#598);
#695=ORIENTED_EDGE('',*,*,#696,.F.);
#696=EDGE_CURVE('',#697,#692,#699,.T.);
#697=VERTEX_POINT('',#698);
#698=CARTESIAN_POINT('',(2.535,5.,0.));
#699=LINE('',#698,#34);
#700=ORIENTED_EDGE('',*,*,#701,.F.);
#701=EDGE_CURVE('',#702,#697,#577,.T.);
#702=VERTEX_POINT('',#703);
#703=CARTESIAN_POINT('',(2.365,5.,0.));
#704=ORIENTED_EDGE('',*,*,#705,.T.);
#705=EDGE_CURVE('',#702,#706,#708,.T.);
#706=VERTEX_POINT('',#707);
#707=CARTESIAN_POINT('',(2.365,5.,0.17));
#708=LINE('',#703,#34);
#709=ORIENTED_EDGE('',*,*,#710,.T.);
#710=EDGE_CURVE('',#706,#711,#713,.T.);
#711=VERTEX_POINT('',#712);
#712=CARTESIAN_POINT('',(2.185,5.,0.17));
#713=LINE('',#707,#598);
#714=ORIENTED_EDGE('',*,*,#715,.F.);
#715=EDGE_CURVE('',#716,#711,#718,.T.);
#716=VERTEX_POINT('',#717);
#717=CARTESIAN_POINT('',(2.185,5.,0.));
#718=LINE('',#717,#34);
#719=ORIENTED_EDGE('',*,*,#720,.F.);
#720=EDGE_CURVE('',#721,#716,#577,.T.);
#721=VERTEX_POINT('',#722);
#722=CARTESIAN_POINT('',(2.015,5.,0.));
#723=ORIENTED_EDGE('',*,*,#724,.T.);
#724=EDGE_CURVE('',#721,#725,#727,.T.);
#725=VERTEX_POINT('',#726);
#726=CARTESIAN_POINT('',(2.015,5.,0.17));
#727=LINE('',#722,#34);
#728=ORIENTED_EDGE('',*,*,#729,.T.);
#729=EDGE_CURVE('',#725,#730,#732,.T.);
#730=VERTEX_POINT('',#731);
#731=CARTESIAN_POINT('',(1.835,5.,0.17));
#732=LINE('',#726,#598);
#733=ORIENTED_EDGE('',*,*,#734,.F.);
#734=EDGE_CURVE('',#735,#730,#737,.T.);
#735=VERTEX_POINT('',#736);
#736=CARTESIAN_POINT('',(1.835,5.,0.));
#737=LINE('',#736,#34);
#738=ORIENTED_EDGE('',*,*,#739,.F.);
#739=EDGE_CURVE('',#740,#735,#577,.T.);
#740=VERTEX_POINT('',#741);
#741=CARTESIAN_POINT('',(1.665,5.,0.));
#742=ORIENTED_EDGE('',*,*,#743,.T.);
#743=EDGE_CURVE('',#740,#744,#746,.T.);
#744=VERTEX_POINT('',#745);
#745=CARTESIAN_POINT('',(1.665,5.,0.17));
#746=LINE('',#741,#34);
#747=ORIENTED_EDGE('',*,*,#748,.T.);
#748=EDGE_CURVE('',#744,#749,#751,.T.);
#749=VERTEX_POINT('',#750);
#750=CARTESIAN_POINT('',(1.485,5.,0.17));
#751=LINE('',#745,#598);
#752=ORIENTED_EDGE('',*,*,#753,.F.);
#753=EDGE_CURVE('',#754,#749,#756,.T.);
#754=VERTEX_POINT('',#755);
#755=CARTESIAN_POINT('',(1.485,5.,0.));
#756=LINE('',#755,#34);
#757=ORIENTED_EDGE('',*,*,#758,.F.);
#758=EDGE_CURVE('',#759,#754,#577,.T.);
#759=VERTEX_POINT('',#760);
#760=CARTESIAN_POINT('',(1.315,5.,0.));
#761=ORIENTED_EDGE('',*,*,#762,.T.);
#762=EDGE_CURVE('',#759,#763,#765,.T.);
#763=VERTEX_POINT('',#764);
#764=CARTESIAN_POINT('',(1.315,5.,0.17));
#765=LINE('',#760,#34);
#766=ORIENTED_EDGE('',*,*,#767,.T.);
#767=EDGE_CURVE('',#763,#768,#770,.T.);
#768=VERTEX_POINT('',#769);
#769=CARTESIAN_POINT('',(1.135,5.,0.17));
#770=LINE('',#764,#598);
#771=ORIENTED_EDGE('',*,*,#772,.F.);
#772=EDGE_CURVE('',#773,#768,#775,.T.);
#773=VERTEX_POINT('',#774);
#774=CARTESIAN_POINT('',(1.135,5.,0.));
#775=LINE('',#774,#34);
#776=ORIENTED_EDGE('',*,*,#777,.F.);
#777=EDGE_CURVE('',#778,#773,#577,.T.);
#778=VERTEX_POINT('',#779);
#779=CARTESIAN_POINT('',(0.965,5.,0.));
#780=ORIENTED_EDGE('',*,*,#781,.T.);
#781=EDGE_CURVE('',#778,#782,#784,.T.);
#782=VERTEX_POINT('',#783);
#783=CARTESIAN_POINT('',(0.965,5.,0.17));
#784=LINE('',#779,#34);
#785=ORIENTED_EDGE('',*,*,#786,.T.);
#786=EDGE_CURVE('',#782,#787,#789,.T.);
#787=VERTEX_POINT('',#788);
#788=CARTESIAN_POINT('',(0.785,5.,0.17));
#789=LINE('',#783,#598);
#790=ORIENTED_EDGE('',*,*,#791,.F.);
#791=EDGE_CURVE('',#792,#787,#794,.T.);
#792=VERTEX_POINT('',#793);
#793=CARTESIAN_POINT('',(0.785,5.,0.));
#794=LINE('',#793,#34);
#795=ORIENTED_EDGE('',*,*,#796,.F.);
#796=EDGE_CURVE('',#797,#792,#577,.T.);
#797=VERTEX_POINT('',#798);
#798=CARTESIAN_POINT('',(0.615,5.,0.));
#799=ORIENTED_EDGE('',*,*,#800,.T.);
#800=EDGE_CURVE('',#797,#801,#803,.T.);
#801=VERTEX_POINT('',#802);
#802=CARTESIAN_POINT('',(0.615,5.,0.17));
#803=LINE('',#798,#34);
#804=ORIENTED_EDGE('',*,*,#805,.T.);
#805=EDGE_CURVE('',#801,#806,#808,.T.);
#806=VERTEX_POINT('',#807);
#807=CARTESIAN_POINT('',(0.435,5.,0.17));
#808=LINE('',#802,#598);
#809=ORIENTED_EDGE('',*,*,#810,.F.);
#810=EDGE_CURVE('',#811,#806,#813,.T.);
#811=VERTEX_POINT('',#812);
#812=CARTESIAN_POINT('',(0.435,5.,0.));
#813=LINE('',#812,#34);
#814=ORIENTED_EDGE('',*,*,#815,.F.);
#815=EDGE_CURVE('',#816,#811,#577,.T.);
#816=VERTEX_POINT('',#817);
#817=CARTESIAN_POINT('',(0.265,5.,0.));
#818=ORIENTED_EDGE('',*,*,#819,.T.);
#819=EDGE_CURVE('',#816,#820,#822,.T.);
#820=VERTEX_POINT('',#821);
#821=CARTESIAN_POINT('',(0.265,5.,0.17));
#822=LINE('',#817,#34);
#823=ORIENTED_EDGE('',*,*,#824,.T.);
#824=EDGE_CURVE('',#820,#825,#827,.T.);
#825=VERTEX_POINT('',#826);
#826=CARTESIAN_POINT('',(8.5E-02,5.,0.17));
#827=LINE('',#821,#598);
#828=ORIENTED_EDGE('',*,*,#829,.F.);
#829=EDGE_CURVE('',#830,#825,#832,.T.);
#830=VERTEX_POINT('',#831);
#831=CARTESIAN_POINT('',(8.5E-02,5.,0.));
#832=LINE('',#831,#34);
#833=ORIENTED_EDGE('',*,*,#834,.F.);
#834=EDGE_CURVE('',#835,#830,#577,.T.);
#835=VERTEX_POINT('',#836);
#836=CARTESIAN_POINT('',(-8.5E-02,5.,0.));
#837=ORIENTED_EDGE('',*,*,#838,.T.);
#838=EDGE_CURVE('',#835,#839,#841,.T.);
#839=VERTEX_POINT('',#840);
#840=CARTESIAN_POINT('',(-8.5E-02,5.,0.17));
#841=LINE('',#836,#34);
#842=ORIENTED_EDGE('',*,*,#843,.T.);
#843=EDGE_CURVE('',#839,#844,#846,.T.);
#844=VERTEX_POINT('',#845);
#845=CARTESIAN_POINT('',(-0.265,5.,0.17));
#846=LINE('',#840,#598);
#847=ORIENTED_EDGE('',*,*,#848,.F.);
#848=EDGE_CURVE('',#849,#844,#851,.T.);
#849=VERTEX_POINT('',#850);
#850=CARTESIAN_POINT('',(-0.265,5.,0.));
#851=LINE('',#850,#34);
#852=ORIENTED_EDGE('',*,*,#853,.F.);
#853=EDGE_CURVE('',#854,#849,#577,.T.);
#854=VERTEX_POINT('',#855);
#855=CARTESIAN_POINT('',(-0.435,5.,0.));
#856=ORIENTED_EDGE('',*,*,#857,.T.);
#857=EDGE_CURVE('',#854,#858,#860,.T.);
#858=VERTEX_POINT('',#859);
#859=CARTESIAN_POINT('',(-0.435,5.,0.17));
#860=LINE('',#855,#34);
#861=ORIENTED_EDGE('',*,*,#862,.T.);
#862=EDGE_CURVE('',#858,#863,#865,.T.);
#863=VERTEX_POINT('',#864);
#864=CARTESIAN_POINT('',(-0.615,5.,0.17));
#865=LINE('',#859,#598);
#866=ORIENTED_EDGE('',*,*,#867,.F.);
#867=EDGE_CURVE('',#868,#863,#870,.T.);
#868=VERTEX_POINT('',#869);
#869=CARTESIAN_POINT('',(-0.615,5.,0.));
#870=LINE('',#869,#34);
#871=ORIENTED_EDGE('',*,*,#872,.F.);
#872=EDGE_CURVE('',#873,#868,#577,.T.);
#873=VERTEX_POINT('',#874);
#874=CARTESIAN_POINT('',(-0.785,5.,0.));
#875=ORIENTED_EDGE('',*,*,#876,.T.);
#876=EDGE_CURVE('',#873,#877,#879,.T.);
#877=VERTEX_POINT('',#878);
#878=CARTESIAN_POINT('',(-0.785,5.,0.17));
#879=LINE('',#874,#34);
#880=ORIENTED_EDGE('',*,*,#881,.T.);
#881=EDGE_CURVE('',#877,#882,#884,.T.);
#882=VERTEX_POINT('',#883);
#883=CARTESIAN_POINT('',(-0.965,5.,0.17));
#884=LINE('',#878,#598);
#885=ORIENTED_EDGE('',*,*,#886,.F.);
#886=EDGE_CURVE('',#887,#882,#889,.T.);
#887=VERTEX_POINT('',#888);
#888=CARTESIAN_POINT('',(-0.965,5.,0.));
#889=LINE('',#888,#34);
#890=ORIENTED_EDGE('',*,*,#891,.F.);
#891=EDGE_CURVE('',#892,#887,#577,.T.);
#892=VERTEX_POINT('',#893);
#893=CARTESIAN_POINT('',(-1.135,5.,0.));
#894=ORIENTED_EDGE('',*,*,#895,.T.);
#895=EDGE_CURVE('',#892,#896,#898,.T.);
#896=VERTEX_POINT('',#897);
#897=CARTESIAN_POINT('',(-1.135,5.,0.17));
#898=LINE('',#893,#34);
#899=ORIENTED_EDGE('',*,*,#900,.T.);
#900=EDGE_CURVE('',#896,#901,#903,.T.);
#901=VERTEX_POINT('',#902);
#902=CARTESIAN_POINT('',(-1.315,5.,0.17));
#903=LINE('',#897,#598);
#904=ORIENTED_EDGE('',*,*,#905,.F.);
#905=EDGE_CURVE('',#906,#901,#908,.T.);
#906=VERTEX_POINT('',#907);
#907=CARTESIAN_POINT('',(-1.315,5.,0.));
#908=LINE('',#907,#34);
#909=ORIENTED_EDGE('',*,*,#910,.F.);
#910=EDGE_CURVE('',#911,#906,#577,.T.);
#911=VERTEX_POINT('',#912);
#912=CARTESIAN_POINT('',(-1.485,5.,0.));
#913=ORIENTED_EDGE('',*,*,#914,.T.);
#914=EDGE_CURVE('',#911,#915,#917,.T.);
#915=VERTEX_POINT('',#916);
#916=CARTESIAN_POINT('',(-1.485,5.,0.17));
#917=LINE('',#912,#34);
#918=ORIENTED_EDGE('',*,*,#919,.T.);
#919=EDGE_CURVE('',#915,#920,#922,.T.);
#920=VERTEX_POINT('',#921);
#921=CARTESIAN_POINT('',(-1.665,5.,0.17));
#922=LINE('',#916,#598);
#923=ORIENTED_EDGE('',*,*,#924,.F.);
#924=EDGE_CURVE('',#925,#920,#927,.T.);
#925=VERTEX_POINT('',#926);
#926=CARTESIAN_POINT('',(-1.665,5.,0.));
#927=LINE('',#926,#34);
#928=ORIENTED_EDGE('',*,*,#929,.F.);
#929=EDGE_CURVE('',#930,#925,#577,.T.);
#930=VERTEX_POINT('',#931);
#931=CARTESIAN_POINT('',(-1.835,5.,0.));
#932=ORIENTED_EDGE('',*,*,#933,.T.);
#933=EDGE_CURVE('',#930,#934,#936,.T.);
#934=VERTEX_POINT('',#935);
#935=CARTESIAN_POINT('',(-1.835,5.,0.17));
#936=LINE('',#931,#34);
#937=ORIENTED_EDGE('',*,*,#938,.T.);
#938=EDGE_CURVE('',#934,#939,#941,.T.);
#939=VERTEX_POINT('',#940);
#940=CARTESIAN_POINT('',(-2.015,5.,0.17));
#941=LINE('',#935,#598);
#942=ORIENTED_EDGE('',*,*,#943,.F.);
#943=EDGE_CURVE('',#944,#939,#946,.T.);
#944=VERTEX_POINT('',#945);
#945=CARTESIAN_POINT('',(-2.015,5.,0.));
#946=LINE('',#945,#34);
#947=ORIENTED_EDGE('',*,*,#948,.F.);
#948=EDGE_CURVE('',#949,#944,#577,.T.);
#949=VERTEX_POINT('',#950);
#950=CARTESIAN_POINT('',(-2.185,5.,0.));
#951=ORIENTED_EDGE('',*,*,#952,.T.);
#952=EDGE_CURVE('',#949,#953,#955,.T.);
#953=VERTEX_POINT('',#954);
#954=CARTESIAN_POINT('',(-2.185,5.,0.17));
#955=LINE('',#950,#34);
#956=ORIENTED_EDGE('',*,*,#957,.T.);
#957=EDGE_CURVE('',#953,#958,#960,.T.);
#958=VERTEX_POINT('',#959);
#959=CARTESIAN_POINT('',(-2.365,5.,0.17));
#960=LINE('',#954,#598);
#961=ORIENTED_EDGE('',*,*,#962,.F.);
#962=EDGE_CURVE('',#963,#958,#965,.T.);
#963=VERTEX_POINT('',#964);
#964=CARTESIAN_POINT('',(-2.365,5.,0.));
#965=LINE('',#964,#34);
#966=ORIENTED_EDGE('',*,*,#967,.F.);
#967=EDGE_CURVE('',#968,#963,#577,.T.);
#968=VERTEX_POINT('',#969);
#969=CARTESIAN_POINT('',(-2.535,5.,0.));
#970=ORIENTED_EDGE('',*,*,#971,.T.);
#971=EDGE_CURVE('',#968,#972,#974,.T.);
#972=VERTEX_POINT('',#973);
#973=CARTESIAN_POINT('',(-2.535,5.,0.17));
#974=LINE('',#969,#34);
#975=ORIENTED_EDGE('',*,*,#976,.T.);
#976=EDGE_CURVE('',#972,#977,#979,.T.);
#977=VERTEX_POINT('',#978);
#978=CARTESIAN_POINT('',(-2.715,5.,0.17));
#979=LINE('',#973,#598);
#980=ORIENTED_EDGE('',*,*,#981,.F.);
#981=EDGE_CURVE('',#982,#977,#984,.T.);
#982=VERTEX_POINT('',#983);
#983=CARTESIAN_POINT('',(-2.715,5.,0.));
#984=LINE('',#983,#34);
#985=ORIENTED_EDGE('',*,*,#986,.F.);
#986=EDGE_CURVE('',#987,#982,#577,.T.);
#987=VERTEX_POINT('',#988);
#988=CARTESIAN_POINT('',(-2.885,5.,0.));
#989=ORIENTED_EDGE('',*,*,#990,.T.);
#990=EDGE_CURVE('',#987,#991,#993,.T.);
#991=VERTEX_POINT('',#992);
#992=CARTESIAN_POINT('',(-2.885,5.,0.17));
#993=LINE('',#988,#34);
#994=ORIENTED_EDGE('',*,*,#995,.T.);
#995=EDGE_CURVE('',#991,#996,#998,.T.);
#996=VERTEX_POINT('',#997);
#997=CARTESIAN_POINT('',(-3.065,5.,0.17));
#998=LINE('',#992,#598);
#999=ORIENTED_EDGE('',*,*,#1000,.F.);
#1000=EDGE_CURVE('',#1001,#996,#1003,.T.);
#1001=VERTEX_POINT('',#1002);
#1002=CARTESIAN_POINT('',(-3.065,5.,0.));
#1003=LINE('',#1002,#34);
#1004=ORIENTED_EDGE('',*,*,#1005,.F.);
#1005=EDGE_CURVE('',#1006,#1001,#577,.T.);
#1006=VERTEX_POINT('',#1007);
#1007=CARTESIAN_POINT('',(-3.235,5.,0.));
#1008=ORIENTED_EDGE('',*,*,#1009,.T.);
#1009=EDGE_CURVE('',#1006,#1010,#1012,.T.);
#1010=VERTEX_POINT('',#1011);
#1011=CARTESIAN_POINT('',(-3.235,5.,0.17));
#1012=LINE('',#1007,#34);
#1013=ORIENTED_EDGE('',*,*,#1014,.T.);
#1014=EDGE_CURVE('',#1010,#1015,#1017,.T.);
#1015=VERTEX_POINT('',#1016);
#1016=CARTESIAN_POINT('',(-3.415,5.,0.17));
#1017=LINE('',#1011,#598);
#1018=ORIENTED_EDGE('',*,*,#1019,.F.);
#1019=EDGE_CURVE('',#1020,#1015,#1022,.T.);
#1020=VERTEX_POINT('',#1021);
#1021=CARTESIAN_POINT('',(-3.415,5.,0.));
#1022=LINE('',#1021,#34);
#1023=ORIENTED_EDGE('',*,*,#1024,.F.);
#1024=EDGE_CURVE('',#1025,#1020,#577,.T.);
#1025=VERTEX_POINT('',#1026);
#1026=CARTESIAN_POINT('',(-3.585,5.,0.));
#1027=ORIENTED_EDGE('',*,*,#1028,.T.);
#1028=EDGE_CURVE('',#1025,#1029,#1031,.T.);
#1029=VERTEX_POINT('',#1030);
#1030=CARTESIAN_POINT('',(-3.585,5.,0.17));
#1031=LINE('',#1026,#34);
#1032=ORIENTED_EDGE('',*,*,#1033,.T.);
#1033=EDGE_CURVE('',#1029,#1034,#1036,.T.);
#1034=VERTEX_POINT('',#1035);
#1035=CARTESIAN_POINT('',(-3.765,5.,0.17));
#1036=LINE('',#1030,#598);
#1037=ORIENTED_EDGE('',*,*,#1038,.F.);
#1038=EDGE_CURVE('',#1039,#1034,#1041,.T.);
#1039=VERTEX_POINT('',#1040);
#1040=CARTESIAN_POINT('',(-3.765,5.,0.));
#1041=LINE('',#1040,#34);
#1042=ORIENTED_EDGE('',*,*,#1043,.F.);
#1043=EDGE_CURVE('',#1044,#1039,#577,.T.);
#1044=VERTEX_POINT('',#1045);
#1045=CARTESIAN_POINT('',(-3.935,5.,0.));
#1046=ORIENTED_EDGE('',*,*,#1047,.T.);
#1047=EDGE_CURVE('',#1044,#1048,#1050,.T.);
#1048=VERTEX_POINT('',#1049);
#1049=CARTESIAN_POINT('',(-3.935,5.,0.17));
#1050=LINE('',#1045,#34);
#1051=ORIENTED_EDGE('',*,*,#1052,.T.);
#1052=EDGE_CURVE('',#1048,#1053,#1055,.T.);
#1053=VERTEX_POINT('',#1054);
#1054=CARTESIAN_POINT('',(-4.115,5.,0.17));
#1055=LINE('',#1049,#598);
#1056=ORIENTED_EDGE('',*,*,#1057,.F.);
#1057=EDGE_CURVE('',#1058,#1053,#1060,.T.);
#1058=VERTEX_POINT('',#1059);
#1059=CARTESIAN_POINT('',(-4.115,5.,0.));
#1060=LINE('',#1059,#34);
#1061=ORIENTED_EDGE('',*,*,#1062,.F.);
#1062=EDGE_CURVE('',#1063,#1058,#577,.T.);
#1063=VERTEX_POINT('',#1064);
#1064=CARTESIAN_POINT('',(-4.285,5.,0.));
#1065=ORIENTED_EDGE('',*,*,#1066,.T.);
#1066=EDGE_CURVE('',#1063,#1067,#1069,.T.);
#1067=VERTEX_POINT('',#1068);
#1068=CARTESIAN_POINT('',(-4.285,5.,0.17));
#1069=LINE('',#1064,#34);
#1070=ORIENTED_EDGE('',*,*,#1071,.T.);
#1071=EDGE_CURVE('',#1067,#1072,#1074,.T.);
#1072=VERTEX_POINT('',#1073);
#1073=CARTESIAN_POINT('',(-4.465,5.,0.17));
#1074=LINE('',#1068,#598);
#1075=ORIENTED_EDGE('',*,*,#1076,.F.);
#1076=EDGE_CURVE('',#575,#1072,#1077,.T.);
#1077=LINE('',#576,#34);
#1078=PLANE('',#1079);
#1079=AXIS2_PLACEMENT_3D('',#535,#28,#13);
#1080=ADVANCED_FACE('',(#1081,#3012),#3036,.F.);
#1081=FACE_BOUND('',#1082,.F.);
#1082=EDGE_LOOP('',(#1083,#1084,#1089,#1096,#1105,#1112,#1116,#1121,#1128,#1133,#1137,#1142,#1149,#1154,#1158,#1163,#1170,#1175,#1179,#1184,#1191,#1196,#1200,#1205,#1212,#1217,#1221,#1226,#1233,#1238,#1242,#1247,#1254,#1259,#1263,#1268,#1275,#1280,#1284,#1289,#1296,#1301,#1305,#1310,#1317,#1322,#1326,#1331,#1338,#1343,#1347,#1352,#1359,#1364,#1368,#1373,#1380,#1385,#1389,#1394,#1401,#1406,#1410,#1415,#1422,#1427,#1431,#1436,#1443,#1448,#1452,#1457,#1464,#1469,#1473,#1478,#1485,#1490,#1494,#1499,#1506,#1511,#1515,#1520,#1527,#1532,#1536,#1541,#1548,#1553,#1557,#1562,#1569,#1574,#1578,#1583,#1590,#1595,#1599,#1604,#1611,#1616,#1620,#1625,#1632,#1637,#1641,#1646,#1653,#1662,#1669,#1673,#1678,#1685,#1690,#1694,#1699,#1706,#1711,#1715,#1720,#1727,#1732,#1736,#1741,#1748,#1753,#1757,#1762,#1769,#1774,#1778,#1783,#1790,#1795,#1799,#1804,#1811,#1816,#1820,#1825,#1832,#1837,#1841,#1846,#1853,#1858,#1862,#1867,#1874,#1879,#1883,#1888,#1895,#1900,#1904,#1909,#1916,#1921,#1925,#1930,#1937,#1942,#1946,#1951,#1958,#1963,#1967,#1972,#1979,#1984,#1988,#1993,#2000,#2005,#2009,#2014,#2021,#2026,#2030,#2035,#2042,#2047,#2051,#2056,#2063,#2068,#2072,#2077,#2084,#2089,#2093,#2098,#2105,#2110,#2114,#2119,#2126,#2131,#2135,#2140,#2147,#2152,#2156,#2161,#2168,#2173,#2177,#2182,#2189,#2194,#584,#2196,#2203,#2211,#605,#2216,#2221,#2228,#624,#2231,#2236,#2243,#643,#2246,#2251,#2258,#662,#2261,#2266,#2273,#681,#2276,#2281,#2288,#700,#2291,#2296,#2303,#719,#2306,#2311,#2318,#738,#2321,#2326,#2333,#757,#2336,#2341,#2348,#776,#2351,#2356,#2363,#795,#2366,#2371,#2378,#814,#2381,#2386,#2393,#833,#2396,#2401,#2408,#852,#2411,#2416,#2423,#871,#2426,#2431,#2438,#890,#2441,#2446,#2453,#909,#2456,#2461,#2468,#928,#2471,#2476,#2483,#947,#2486,#2491,#2498,#966,#2501,#2506,#2513,#985,#2516,#2521,#2528,#1004,#2531,#2536,#2543,#1023,#2546,#2551,#2558,#1042,#2561,#2566,#2573,#1061,#2576,#2581,#2588,#573,#2591,#2592,#2599,#2607,#2612,#2613,#2618,#2625,#2628,#2629,#2634,#2641,#2644,#2645,#2650,#2657,#2660,#2661,#2666,#2673,#2676,#2677,#2682,#2689,#2692,#2693,#2698,#2705,#2708,#2709,#2714,#2721,#2724,#2725,#2730,#2737,#2740,#2741,#2746,#2753,#2756,#2757,#2762,#2769,#2772,#2773,#2778,#2785,#2788,#2789,#2794,#2801,#2804,#2805,#2810,#2817,#2820,#2821,#2826,#2833,#2836,#2837,#2842,#2849,#2852,#2853,#2858,#2865,#2868,#2869,#2874,#2881,#2884,#2885,#2890,#2897,#2900,#2901,#2906,#2913,#2916,#2917,#2922,#2929,#2932,#2933,#2938,#2945,#2948,#2949,#2954,#2961,#2964,#2965,#2970,#2977,#2980,#2981,#2986,#2993,#2996,#2997,#3002,#3009));
#1083=ORIENTED_EDGE('',*,*,#36,.F.);
#1084=ORIENTED_EDGE('',*,*,#1085,.T.);
#1085=EDGE_CURVE('',#31,#1086,#1088,.T.);
#1086=VERTEX_POINT('',#1087);
#1087=CARTESIAN_POINT('',(-4.465,-5.,0.));
#1088=LINE('',#32,#550);
#1089=ORIENTED_EDGE('',*,*,#1090,.F.);
#1090=EDGE_CURVE('',#1091,#1086,#1093,.T.);
#1091=VERTEX_POINT('',#1092);
#1092=CARTESIAN_POINT('',(-4.465,-4.69,0.));
#1093=LINE('',#1092,#1094);
#1094=VECTOR('',#1095,1.);
#1095=DIRECTION('',(-7.769762247017E-17,-1.,0.));
#1096=ORIENTED_EDGE('',*,*,#1097,.F.);
#1097=EDGE_CURVE('',#1098,#1091,#1100,.T.);
#1098=VERTEX_POINT('',#1099);
#1099=CARTESIAN_POINT('',(-4.285,-4.69,0.));
#1100=CIRCLE('',#1101,9.E-02);
#1101=AXIS2_PLACEMENT_3D('',#1102,#1103,#1104);
#1102=CARTESIAN_POINT('',(-4.375,-4.69,0.));
#1103=DIRECTION('',(-0.,0.,1.));
#1104=DIRECTION('',(1.,-2.766623222238E-16,0.));
#1105=ORIENTED_EDGE('',*,*,#1106,.F.);
#1106=EDGE_CURVE('',#1107,#1098,#1109,.T.);
#1107=VERTEX_POINT('',#1108);
#1108=CARTESIAN_POINT('',(-4.285,-5.,0.));
#1109=LINE('',#1108,#1110);
#1110=VECTOR('',#1111,1.);
#1111=DIRECTION('',(1.672317373593E-16,1.,0.));
#1112=ORIENTED_EDGE('',*,*,#1113,.T.);
#1113=EDGE_CURVE('',#1107,#1114,#1088,.T.);
#1114=VERTEX_POINT('',#1115);
#1115=CARTESIAN_POINT('',(-4.115,-5.,0.));
#1116=ORIENTED_EDGE('',*,*,#1117,.F.);
#1117=EDGE_CURVE('',#1118,#1114,#1120,.T.);
#1118=VERTEX_POINT('',#1119);
#1119=CARTESIAN_POINT('',(-4.115,-4.69,0.));
#1120=LINE('',#1119,#1094);
#1121=ORIENTED_EDGE('',*,*,#1122,.F.);
#1122=EDGE_CURVE('',#1123,#1118,#1125,.T.);
#1123=VERTEX_POINT('',#1124);
#1124=CARTESIAN_POINT('',(-3.935,-4.69,0.));
#1125=CIRCLE('',#1126,9.E-02);
#1126=AXIS2_PLACEMENT_3D('',#1127,#1103,#1104);
#1127=CARTESIAN_POINT('',(-4.025,-4.69,0.));
#1128=ORIENTED_EDGE('',*,*,#1129,.F.);
#1129=EDGE_CURVE('',#1130,#1123,#1132,.T.);
#1130=VERTEX_POINT('',#1131);
#1131=CARTESIAN_POINT('',(-3.935,-5.,0.));
#1132=LINE('',#1131,#1110);
#1133=ORIENTED_EDGE('',*,*,#1134,.T.);
#1134=EDGE_CURVE('',#1130,#1135,#1088,.T.);
#1135=VERTEX_POINT('',#1136);
#1136=CARTESIAN_POINT('',(-3.765,-5.,0.));
#1137=ORIENTED_EDGE('',*,*,#1138,.F.);
#1138=EDGE_CURVE('',#1139,#1135,#1141,.T.);
#1139=VERTEX_POINT('',#1140);
#1140=CARTESIAN_POINT('',(-3.765,-4.69,0.));
#1141=LINE('',#1140,#1094);
#1142=ORIENTED_EDGE('',*,*,#1143,.F.);
#1143=EDGE_CURVE('',#1144,#1139,#1146,.T.);
#1144=VERTEX_POINT('',#1145);
#1145=CARTESIAN_POINT('',(-3.585,-4.69,0.));
#1146=CIRCLE('',#1147,9.E-02);
#1147=AXIS2_PLACEMENT_3D('',#1148,#1103,#1104);
#1148=CARTESIAN_POINT('',(-3.675,-4.69,0.));
#1149=ORIENTED_EDGE('',*,*,#1150,.F.);
#1150=EDGE_CURVE('',#1151,#1144,#1153,.T.);
#1151=VERTEX_POINT('',#1152);
#1152=CARTESIAN_POINT('',(-3.585,-5.,0.));
#1153=LINE('',#1152,#1110);
#1154=ORIENTED_EDGE('',*,*,#1155,.T.);
#1155=EDGE_CURVE('',#1151,#1156,#1088,.T.);
#1156=VERTEX_POINT('',#1157);
#1157=CARTESIAN_POINT('',(-3.415,-5.,0.));
#1158=ORIENTED_EDGE('',*,*,#1159,.F.);
#1159=EDGE_CURVE('',#1160,#1156,#1162,.T.);
#1160=VERTEX_POINT('',#1161);
#1161=CARTESIAN_POINT('',(-3.415,-4.69,0.));
#1162=LINE('',#1161,#1094);
#1163=ORIENTED_EDGE('',*,*,#1164,.F.);
#1164=EDGE_CURVE('',#1165,#1160,#1167,.T.);
#1165=VERTEX_POINT('',#1166);
#1166=CARTESIAN_POINT('',(-3.235,-4.69,0.));
#1167=CIRCLE('',#1168,9.E-02);
#1168=AXIS2_PLACEMENT_3D('',#1169,#1103,#1104);
#1169=CARTESIAN_POINT('',(-3.325,-4.69,0.));
#1170=ORIENTED_EDGE('',*,*,#1171,.F.);
#1171=EDGE_CURVE('',#1172,#1165,#1174,.T.);
#1172=VERTEX_POINT('',#1173);
#1173=CARTESIAN_POINT('',(-3.235,-5.,0.));
#1174=LINE('',#1173,#1110);
#1175=ORIENTED_EDGE('',*,*,#1176,.T.);
#1176=EDGE_CURVE('',#1172,#1177,#1088,.T.);
#1177=VERTEX_POINT('',#1178);
#1178=CARTESIAN_POINT('',(-3.065,-5.,0.));
#1179=ORIENTED_EDGE('',*,*,#1180,.F.);
#1180=EDGE_CURVE('',#1181,#1177,#1183,.T.);
#1181=VERTEX_POINT('',#1182);
#1182=CARTESIAN_POINT('',(-3.065,-4.69,0.));
#1183=LINE('',#1182,#1094);
#1184=ORIENTED_EDGE('',*,*,#1185,.F.);
#1185=EDGE_CURVE('',#1186,#1181,#1188,.T.);
#1186=VERTEX_POINT('',#1187);
#1187=CARTESIAN_POINT('',(-2.885,-4.69,0.));
#1188=CIRCLE('',#1189,9.E-02);
#1189=AXIS2_PLACEMENT_3D('',#1190,#1103,#1104);
#1190=CARTESIAN_POINT('',(-2.975,-4.69,0.));
#1191=ORIENTED_EDGE('',*,*,#1192,.F.);
#1192=EDGE_CURVE('',#1193,#1186,#1195,.T.);
#1193=VERTEX_POINT('',#1194);
#1194=CARTESIAN_POINT('',(-2.885,-5.,0.));
#1195=LINE('',#1194,#1110);
#1196=ORIENTED_EDGE('',*,*,#1197,.T.);
#1197=EDGE_CURVE('',#1193,#1198,#1088,.T.);
#1198=VERTEX_POINT('',#1199);
#1199=CARTESIAN_POINT('',(-2.715,-5.,0.));
#1200=ORIENTED_EDGE('',*,*,#1201,.F.);
#1201=EDGE_CURVE('',#1202,#1198,#1204,.T.);
#1202=VERTEX_POINT('',#1203);
#1203=CARTESIAN_POINT('',(-2.715,-4.69,0.));
#1204=LINE('',#1203,#1094);
#1205=ORIENTED_EDGE('',*,*,#1206,.F.);
#1206=EDGE_CURVE('',#1207,#1202,#1209,.T.);
#1207=VERTEX_POINT('',#1208);
#1208=CARTESIAN_POINT('',(-2.535,-4.69,0.));
#1209=CIRCLE('',#1210,9.E-02);
#1210=AXIS2_PLACEMENT_3D('',#1211,#1103,#1104);
#1211=CARTESIAN_POINT('',(-2.625,-4.69,0.));
#1212=ORIENTED_EDGE('',*,*,#1213,.F.);
#1213=EDGE_CURVE('',#1214,#1207,#1216,.T.);
#1214=VERTEX_POINT('',#1215);
#1215=CARTESIAN_POINT('',(-2.535,-5.,0.));
#1216=LINE('',#1215,#1110);
#1217=ORIENTED_EDGE('',*,*,#1218,.T.);
#1218=EDGE_CURVE('',#1214,#1219,#1088,.T.);
#1219=VERTEX_POINT('',#1220);
#1220=CARTESIAN_POINT('',(-2.365,-5.,0.));
#1221=ORIENTED_EDGE('',*,*,#1222,.F.);
#1222=EDGE_CURVE('',#1223,#1219,#1225,.T.);
#1223=VERTEX_POINT('',#1224);
#1224=CARTESIAN_POINT('',(-2.365,-4.69,0.));
#1225=LINE('',#1224,#1094);
#1226=ORIENTED_EDGE('',*,*,#1227,.F.);
#1227=EDGE_CURVE('',#1228,#1223,#1230,.T.);
#1228=VERTEX_POINT('',#1229);
#1229=CARTESIAN_POINT('',(-2.185,-4.69,0.));
#1230=CIRCLE('',#1231,9.E-02);
#1231=AXIS2_PLACEMENT_3D('',#1232,#1103,#1104);
#1232=CARTESIAN_POINT('',(-2.275,-4.69,0.));
#1233=ORIENTED_EDGE('',*,*,#1234,.F.);
#1234=EDGE_CURVE('',#1235,#1228,#1237,.T.);
#1235=VERTEX_POINT('',#1236);
#1236=CARTESIAN_POINT('',(-2.185,-5.,0.));
#1237=LINE('',#1236,#1110);
#1238=ORIENTED_EDGE('',*,*,#1239,.T.);
#1239=EDGE_CURVE('',#1235,#1240,#1088,.T.);
#1240=VERTEX_POINT('',#1241);
#1241=CARTESIAN_POINT('',(-2.015,-5.,0.));
#1242=ORIENTED_EDGE('',*,*,#1243,.F.);
#1243=EDGE_CURVE('',#1244,#1240,#1246,.T.);
#1244=VERTEX_POINT('',#1245);
#1245=CARTESIAN_POINT('',(-2.015,-4.69,0.));
#1246=LINE('',#1245,#1094);
#1247=ORIENTED_EDGE('',*,*,#1248,.F.);
#1248=EDGE_CURVE('',#1249,#1244,#1251,.T.);
#1249=VERTEX_POINT('',#1250);
#1250=CARTESIAN_POINT('',(-1.835,-4.69,0.));
#1251=CIRCLE('',#1252,9.E-02);
#1252=AXIS2_PLACEMENT_3D('',#1253,#1103,#1104);
#1253=CARTESIAN_POINT('',(-1.925,-4.69,0.));
#1254=ORIENTED_EDGE('',*,*,#1255,.F.);
#1255=EDGE_CURVE('',#1256,#1249,#1258,.T.);
#1256=VERTEX_POINT('',#1257);
#1257=CARTESIAN_POINT('',(-1.835,-5.,0.));
#1258=LINE('',#1257,#1110);
#1259=ORIENTED_EDGE('',*,*,#1260,.T.);
#1260=EDGE_CURVE('',#1256,#1261,#1088,.T.);
#1261=VERTEX_POINT('',#1262);
#1262=CARTESIAN_POINT('',(-1.665,-5.,0.));
#1263=ORIENTED_EDGE('',*,*,#1264,.F.);
#1264=EDGE_CURVE('',#1265,#1261,#1267,.T.);
#1265=VERTEX_POINT('',#1266);
#1266=CARTESIAN_POINT('',(-1.665,-4.69,0.));
#1267=LINE('',#1266,#1094);
#1268=ORIENTED_EDGE('',*,*,#1269,.F.);
#1269=EDGE_CURVE('',#1270,#1265,#1272,.T.);
#1270=VERTEX_POINT('',#1271);
#1271=CARTESIAN_POINT('',(-1.485,-4.69,0.));
#1272=CIRCLE('',#1273,9.E-02);
#1273=AXIS2_PLACEMENT_3D('',#1274,#1103,#1104);
#1274=CARTESIAN_POINT('',(-1.575,-4.69,0.));
#1275=ORIENTED_EDGE('',*,*,#1276,.F.);
#1276=EDGE_CURVE('',#1277,#1270,#1279,.T.);
#1277=VERTEX_POINT('',#1278);
#1278=CARTESIAN_POINT('',(-1.485,-5.,0.));
#1279=LINE('',#1278,#1110);
#1280=ORIENTED_EDGE('',*,*,#1281,.T.);
#1281=EDGE_CURVE('',#1277,#1282,#1088,.T.);
#1282=VERTEX_POINT('',#1283);
#1283=CARTESIAN_POINT('',(-1.315,-5.,0.));
#1284=ORIENTED_EDGE('',*,*,#1285,.F.);
#1285=EDGE_CURVE('',#1286,#1282,#1288,.T.);
#1286=VERTEX_POINT('',#1287);
#1287=CARTESIAN_POINT('',(-1.315,-4.69,0.));
#1288=LINE('',#1287,#1094);
#1289=ORIENTED_EDGE('',*,*,#1290,.F.);
#1290=EDGE_CURVE('',#1291,#1286,#1293,.T.);
#1291=VERTEX_POINT('',#1292);
#1292=CARTESIAN_POINT('',(-1.135,-4.69,0.));
#1293=CIRCLE('',#1294,9.E-02);
#1294=AXIS2_PLACEMENT_3D('',#1295,#1103,#1104);
#1295=CARTESIAN_POINT('',(-1.225,-4.69,0.));
#1296=ORIENTED_EDGE('',*,*,#1297,.F.);
#1297=EDGE_CURVE('',#1298,#1291,#1300,.T.);
#1298=VERTEX_POINT('',#1299);
#1299=CARTESIAN_POINT('',(-1.135,-5.,0.));
#1300=LINE('',#1299,#1110);
#1301=ORIENTED_EDGE('',*,*,#1302,.T.);
#1302=EDGE_CURVE('',#1298,#1303,#1088,.T.);
#1303=VERTEX_POINT('',#1304);
#1304=CARTESIAN_POINT('',(-0.965,-5.,0.));
#1305=ORIENTED_EDGE('',*,*,#1306,.F.);
#1306=EDGE_CURVE('',#1307,#1303,#1309,.T.);
#1307=VERTEX_POINT('',#1308);
#1308=CARTESIAN_POINT('',(-0.965,-4.69,0.));
#1309=LINE('',#1308,#1094);
#1310=ORIENTED_EDGE('',*,*,#1311,.F.);
#1311=EDGE_CURVE('',#1312,#1307,#1314,.T.);
#1312=VERTEX_POINT('',#1313);
#1313=CARTESIAN_POINT('',(-0.785,-4.69,0.));
#1314=CIRCLE('',#1315,9.E-02);
#1315=AXIS2_PLACEMENT_3D('',#1316,#1103,#1104);
#1316=CARTESIAN_POINT('',(-0.875,-4.69,0.));
#1317=ORIENTED_EDGE('',*,*,#1318,.F.);
#1318=EDGE_CURVE('',#1319,#1312,#1321,.T.);
#1319=VERTEX_POINT('',#1320);
#1320=CARTESIAN_POINT('',(-0.785,-5.,0.));
#1321=LINE('',#1320,#1110);
#1322=ORIENTED_EDGE('',*,*,#1323,.T.);
#1323=EDGE_CURVE('',#1319,#1324,#1088,.T.);
#1324=VERTEX_POINT('',#1325);
#1325=CARTESIAN_POINT('',(-0.615,-5.,0.));
#1326=ORIENTED_EDGE('',*,*,#1327,.F.);
#1327=EDGE_CURVE('',#1328,#1324,#1330,.T.);
#1328=VERTEX_POINT('',#1329);
#1329=CARTESIAN_POINT('',(-0.615,-4.69,0.));
#1330=LINE('',#1329,#1094);
#1331=ORIENTED_EDGE('',*,*,#1332,.F.);
#1332=EDGE_CURVE('',#1333,#1328,#1335,.T.);
#1333=VERTEX_POINT('',#1334);
#1334=CARTESIAN_POINT('',(-0.435,-4.69,0.));
#1335=CIRCLE('',#1336,9.E-02);
#1336=AXIS2_PLACEMENT_3D('',#1337,#1103,#1104);
#1337=CARTESIAN_POINT('',(-0.525,-4.69,0.));
#1338=ORIENTED_EDGE('',*,*,#1339,.F.);
#1339=EDGE_CURVE('',#1340,#1333,#1342,.T.);
#1340=VERTEX_POINT('',#1341);
#1341=CARTESIAN_POINT('',(-0.435,-5.,0.));
#1342=LINE('',#1341,#1110);
#1343=ORIENTED_EDGE('',*,*,#1344,.T.);
#1344=EDGE_CURVE('',#1340,#1345,#1088,.T.);
#1345=VERTEX_POINT('',#1346);
#1346=CARTESIAN_POINT('',(-0.265,-5.,0.));
#1347=ORIENTED_EDGE('',*,*,#1348,.F.);
#1348=EDGE_CURVE('',#1349,#1345,#1351,.T.);
#1349=VERTEX_POINT('',#1350);
#1350=CARTESIAN_POINT('',(-0.265,-4.69,0.));
#1351=LINE('',#1350,#1094);
#1352=ORIENTED_EDGE('',*,*,#1353,.F.);
#1353=EDGE_CURVE('',#1354,#1349,#1356,.T.);
#1354=VERTEX_POINT('',#1355);
#1355=CARTESIAN_POINT('',(-8.5E-02,-4.69,0.));
#1356=CIRCLE('',#1357,9.E-02);
#1357=AXIS2_PLACEMENT_3D('',#1358,#1103,#1104);
#1358=CARTESIAN_POINT('',(-0.175,-4.69,0.));
#1359=ORIENTED_EDGE('',*,*,#1360,.F.);
#1360=EDGE_CURVE('',#1361,#1354,#1363,.T.);
#1361=VERTEX_POINT('',#1362);
#1362=CARTESIAN_POINT('',(-8.5E-02,-5.,0.));
#1363=LINE('',#1362,#1110);
#1364=ORIENTED_EDGE('',*,*,#1365,.T.);
#1365=EDGE_CURVE('',#1361,#1366,#1088,.T.);
#1366=VERTEX_POINT('',#1367);
#1367=CARTESIAN_POINT('',(8.5E-02,-5.,0.));
#1368=ORIENTED_EDGE('',*,*,#1369,.F.);
#1369=EDGE_CURVE('',#1370,#1366,#1372,.T.);
#1370=VERTEX_POINT('',#1371);
#1371=CARTESIAN_POINT('',(8.5E-02,-4.69,0.));
#1372=LINE('',#1371,#1094);
#1373=ORIENTED_EDGE('',*,*,#1374,.F.);
#1374=EDGE_CURVE('',#1375,#1370,#1377,.T.);
#1375=VERTEX_POINT('',#1376);
#1376=CARTESIAN_POINT('',(0.265,-4.69,0.));
#1377=CIRCLE('',#1378,9.E-02);
#1378=AXIS2_PLACEMENT_3D('',#1379,#1103,#1104);
#1379=CARTESIAN_POINT('',(0.175,-4.69,0.));
#1380=ORIENTED_EDGE('',*,*,#1381,.F.);
#1381=EDGE_CURVE('',#1382,#1375,#1384,.T.);
#1382=VERTEX_POINT('',#1383);
#1383=CARTESIAN_POINT('',(0.265,-5.,0.));
#1384=LINE('',#1383,#1110);
#1385=ORIENTED_EDGE('',*,*,#1386,.T.);
#1386=EDGE_CURVE('',#1382,#1387,#1088,.T.);
#1387=VERTEX_POINT('',#1388);
#1388=CARTESIAN_POINT('',(0.435,-5.,0.));
#1389=ORIENTED_EDGE('',*,*,#1390,.F.);
#1390=EDGE_CURVE('',#1391,#1387,#1393,.T.);
#1391=VERTEX_POINT('',#1392);
#1392=CARTESIAN_POINT('',(0.435,-4.69,0.));
#1393=LINE('',#1392,#1094);
#1394=ORIENTED_EDGE('',*,*,#1395,.F.);
#1395=EDGE_CURVE('',#1396,#1391,#1398,.T.);
#1396=VERTEX_POINT('',#1397);
#1397=CARTESIAN_POINT('',(0.615,-4.69,0.));
#1398=CIRCLE('',#1399,9.E-02);
#1399=AXIS2_PLACEMENT_3D('',#1400,#1103,#1104);
#1400=CARTESIAN_POINT('',(0.525,-4.69,0.));
#1401=ORIENTED_EDGE('',*,*,#1402,.F.);
#1402=EDGE_CURVE('',#1403,#1396,#1405,.T.);
#1403=VERTEX_POINT('',#1404);
#1404=CARTESIAN_POINT('',(0.615,-5.,0.));
#1405=LINE('',#1404,#1110);
#1406=ORIENTED_EDGE('',*,*,#1407,.T.);
#1407=EDGE_CURVE('',#1403,#1408,#1088,.T.);
#1408=VERTEX_POINT('',#1409);
#1409=CARTESIAN_POINT('',(0.785,-5.,0.));
#1410=ORIENTED_EDGE('',*,*,#1411,.F.);
#1411=EDGE_CURVE('',#1412,#1408,#1414,.T.);
#1412=VERTEX_POINT('',#1413);
#1413=CARTESIAN_POINT('',(0.785,-4.69,0.));
#1414=LINE('',#1413,#1094);
#1415=ORIENTED_EDGE('',*,*,#1416,.F.);
#1416=EDGE_CURVE('',#1417,#1412,#1419,.T.);
#1417=VERTEX_POINT('',#1418);
#1418=CARTESIAN_POINT('',(0.965,-4.69,0.));
#1419=CIRCLE('',#1420,9.E-02);
#1420=AXIS2_PLACEMENT_3D('',#1421,#1103,#1104);
#1421=CARTESIAN_POINT('',(0.875,-4.69,0.));
#1422=ORIENTED_EDGE('',*,*,#1423,.F.);
#1423=EDGE_CURVE('',#1424,#1417,#1426,.T.);
#1424=VERTEX_POINT('',#1425);
#1425=CARTESIAN_POINT('',(0.965,-5.,0.));
#1426=LINE('',#1425,#1110);
#1427=ORIENTED_EDGE('',*,*,#1428,.T.);
#1428=EDGE_CURVE('',#1424,#1429,#1088,.T.);
#1429=VERTEX_POINT('',#1430);
#1430=CARTESIAN_POINT('',(1.135,-5.,0.));
#1431=ORIENTED_EDGE('',*,*,#1432,.F.);
#1432=EDGE_CURVE('',#1433,#1429,#1435,.T.);
#1433=VERTEX_POINT('',#1434);
#1434=CARTESIAN_POINT('',(1.135,-4.69,0.));
#1435=LINE('',#1434,#1094);
#1436=ORIENTED_EDGE('',*,*,#1437,.F.);
#1437=EDGE_CURVE('',#1438,#1433,#1440,.T.);
#1438=VERTEX_POINT('',#1439);
#1439=CARTESIAN_POINT('',(1.315,-4.69,0.));
#1440=CIRCLE('',#1441,9.E-02);
#1441=AXIS2_PLACEMENT_3D('',#1442,#1103,#1104);
#1442=CARTESIAN_POINT('',(1.225,-4.69,0.));
#1443=ORIENTED_EDGE('',*,*,#1444,.F.);
#1444=EDGE_CURVE('',#1445,#1438,#1447,.T.);
#1445=VERTEX_POINT('',#1446);
#1446=CARTESIAN_POINT('',(1.315,-5.,0.));
#1447=LINE('',#1446,#1110);
#1448=ORIENTED_EDGE('',*,*,#1449,.T.);
#1449=EDGE_CURVE('',#1445,#1450,#1088,.T.);
#1450=VERTEX_POINT('',#1451);
#1451=CARTESIAN_POINT('',(1.485,-5.,0.));
#1452=ORIENTED_EDGE('',*,*,#1453,.F.);
#1453=EDGE_CURVE('',#1454,#1450,#1456,.T.);
#1454=VERTEX_POINT('',#1455);
#1455=CARTESIAN_POINT('',(1.485,-4.69,0.));
#1456=LINE('',#1455,#1094);
#1457=ORIENTED_EDGE('',*,*,#1458,.F.);
#1458=EDGE_CURVE('',#1459,#1454,#1461,.T.);
#1459=VERTEX_POINT('',#1460);
#1460=CARTESIAN_POINT('',(1.665,-4.69,0.));
#1461=CIRCLE('',#1462,9.E-02);
#1462=AXIS2_PLACEMENT_3D('',#1463,#1103,#1104);
#1463=CARTESIAN_POINT('',(1.575,-4.69,0.));
#1464=ORIENTED_EDGE('',*,*,#1465,.F.);
#1465=EDGE_CURVE('',#1466,#1459,#1468,.T.);
#1466=VERTEX_POINT('',#1467);
#1467=CARTESIAN_POINT('',(1.665,-5.,0.));
#1468=LINE('',#1467,#1110);
#1469=ORIENTED_EDGE('',*,*,#1470,.T.);
#1470=EDGE_CURVE('',#1466,#1471,#1088,.T.);
#1471=VERTEX_POINT('',#1472);
#1472=CARTESIAN_POINT('',(1.835,-5.,0.));
#1473=ORIENTED_EDGE('',*,*,#1474,.F.);
#1474=EDGE_CURVE('',#1475,#1471,#1477,.T.);
#1475=VERTEX_POINT('',#1476);
#1476=CARTESIAN_POINT('',(1.835,-4.69,0.));
#1477=LINE('',#1476,#1094);
#1478=ORIENTED_EDGE('',*,*,#1479,.F.);
#1479=EDGE_CURVE('',#1480,#1475,#1482,.T.);
#1480=VERTEX_POINT('',#1481);
#1481=CARTESIAN_POINT('',(2.015,-4.69,0.));
#1482=CIRCLE('',#1483,9.E-02);
#1483=AXIS2_PLACEMENT_3D('',#1484,#1103,#1104);
#1484=CARTESIAN_POINT('',(1.925,-4.69,0.));
#1485=ORIENTED_EDGE('',*,*,#1486,.F.);
#1486=EDGE_CURVE('',#1487,#1480,#1489,.T.);
#1487=VERTEX_POINT('',#1488);
#1488=CARTESIAN_POINT('',(2.015,-5.,0.));
#1489=LINE('',#1488,#1110);
#1490=ORIENTED_EDGE('',*,*,#1491,.T.);
#1491=EDGE_CURVE('',#1487,#1492,#1088,.T.);
#1492=VERTEX_POINT('',#1493);
#1493=CARTESIAN_POINT('',(2.185,-5.,0.));
#1494=ORIENTED_EDGE('',*,*,#1495,.F.);
#1495=EDGE_CURVE('',#1496,#1492,#1498,.T.);
#1496=VERTEX_POINT('',#1497);
#1497=CARTESIAN_POINT('',(2.185,-4.69,0.));
#1498=LINE('',#1497,#1094);
#1499=ORIENTED_EDGE('',*,*,#1500,.F.);
#1500=EDGE_CURVE('',#1501,#1496,#1503,.T.);
#1501=VERTEX_POINT('',#1502);
#1502=CARTESIAN_POINT('',(2.365,-4.69,0.));
#1503=CIRCLE('',#1504,9.E-02);
#1504=AXIS2_PLACEMENT_3D('',#1505,#1103,#1104);
#1505=CARTESIAN_POINT('',(2.275,-4.69,0.));
#1506=ORIENTED_EDGE('',*,*,#1507,.F.);
#1507=EDGE_CURVE('',#1508,#1501,#1510,.T.);
#1508=VERTEX_POINT('',#1509);
#1509=CARTESIAN_POINT('',(2.365,-5.,0.));
#1510=LINE('',#1509,#1110);
#1511=ORIENTED_EDGE('',*,*,#1512,.T.);
#1512=EDGE_CURVE('',#1508,#1513,#1088,.T.);
#1513=VERTEX_POINT('',#1514);
#1514=CARTESIAN_POINT('',(2.535,-5.,0.));
#1515=ORIENTED_EDGE('',*,*,#1516,.F.);
#1516=EDGE_CURVE('',#1517,#1513,#1519,.T.);
#1517=VERTEX_POINT('',#1518);
#1518=CARTESIAN_POINT('',(2.535,-4.69,0.));
#1519=LINE('',#1518,#1094);
#1520=ORIENTED_EDGE('',*,*,#1521,.F.);
#1521=EDGE_CURVE('',#1522,#1517,#1524,.T.);
#1522=VERTEX_POINT('',#1523);
#1523=CARTESIAN_POINT('',(2.715,-4.69,0.));
#1524=CIRCLE('',#1525,9.E-02);
#1525=AXIS2_PLACEMENT_3D('',#1526,#1103,#1104);
#1526=CARTESIAN_POINT('',(2.625,-4.69,0.));
#1527=ORIENTED_EDGE('',*,*,#1528,.F.);
#1528=EDGE_CURVE('',#1529,#1522,#1531,.T.);
#1529=VERTEX_POINT('',#1530);
#1530=CARTESIAN_POINT('',(2.715,-5.,0.));
#1531=LINE('',#1530,#1110);
#1532=ORIENTED_EDGE('',*,*,#1533,.T.);
#1533=EDGE_CURVE('',#1529,#1534,#1088,.T.);
#1534=VERTEX_POINT('',#1535);
#1535=CARTESIAN_POINT('',(2.885,-5.,0.));
#1536=ORIENTED_EDGE('',*,*,#1537,.F.);
#1537=EDGE_CURVE('',#1538,#1534,#1540,.T.);
#1538=VERTEX_POINT('',#1539);
#1539=CARTESIAN_POINT('',(2.885,-4.69,0.));
#1540=LINE('',#1539,#1094);
#1541=ORIENTED_EDGE('',*,*,#1542,.F.);
#1542=EDGE_CURVE('',#1543,#1538,#1545,.T.);
#1543=VERTEX_POINT('',#1544);
#1544=CARTESIAN_POINT('',(3.065,-4.69,0.));
#1545=CIRCLE('',#1546,9.E-02);
#1546=AXIS2_PLACEMENT_3D('',#1547,#1103,#1104);
#1547=CARTESIAN_POINT('',(2.975,-4.69,0.));
#1548=ORIENTED_EDGE('',*,*,#1549,.F.);
#1549=EDGE_CURVE('',#1550,#1543,#1552,.T.);
#1550=VERTEX_POINT('',#1551);
#1551=CARTESIAN_POINT('',(3.065,-5.,0.));
#1552=LINE('',#1551,#1110);
#1553=ORIENTED_EDGE('',*,*,#1554,.T.);
#1554=EDGE_CURVE('',#1550,#1555,#1088,.T.);
#1555=VERTEX_POINT('',#1556);
#1556=CARTESIAN_POINT('',(3.235,-5.,0.));
#1557=ORIENTED_EDGE('',*,*,#1558,.F.);
#1558=EDGE_CURVE('',#1559,#1555,#1561,.T.);
#1559=VERTEX_POINT('',#1560);
#1560=CARTESIAN_POINT('',(3.235,-4.69,0.));
#1561=LINE('',#1560,#1094);
#1562=ORIENTED_EDGE('',*,*,#1563,.F.);
#1563=EDGE_CURVE('',#1564,#1559,#1566,.T.);
#1564=VERTEX_POINT('',#1565);
#1565=CARTESIAN_POINT('',(3.415,-4.69,0.));
#1566=CIRCLE('',#1567,9.E-02);
#1567=AXIS2_PLACEMENT_3D('',#1568,#1103,#1104);
#1568=CARTESIAN_POINT('',(3.325,-4.69,0.));
#1569=ORIENTED_EDGE('',*,*,#1570,.F.);
#1570=EDGE_CURVE('',#1571,#1564,#1573,.T.);
#1571=VERTEX_POINT('',#1572);
#1572=CARTESIAN_POINT('',(3.415,-5.,0.));
#1573=LINE('',#1572,#1110);
#1574=ORIENTED_EDGE('',*,*,#1575,.T.);
#1575=EDGE_CURVE('',#1571,#1576,#1088,.T.);
#1576=VERTEX_POINT('',#1577);
#1577=CARTESIAN_POINT('',(3.585,-5.,0.));
#1578=ORIENTED_EDGE('',*,*,#1579,.F.);
#1579=EDGE_CURVE('',#1580,#1576,#1582,.T.);
#1580=VERTEX_POINT('',#1581);
#1581=CARTESIAN_POINT('',(3.585,-4.69,0.));
#1582=LINE('',#1581,#1094);
#1583=ORIENTED_EDGE('',*,*,#1584,.F.);
#1584=EDGE_CURVE('',#1585,#1580,#1587,.T.);
#1585=VERTEX_POINT('',#1586);
#1586=CARTESIAN_POINT('',(3.765,-4.69,0.));
#1587=CIRCLE('',#1588,9.E-02);
#1588=AXIS2_PLACEMENT_3D('',#1589,#1103,#1104);
#1589=CARTESIAN_POINT('',(3.675,-4.69,0.));
#1590=ORIENTED_EDGE('',*,*,#1591,.F.);
#1591=EDGE_CURVE('',#1592,#1585,#1594,.T.);
#1592=VERTEX_POINT('',#1593);
#1593=CARTESIAN_POINT('',(3.765,-5.,0.));
#1594=LINE('',#1593,#1110);
#1595=ORIENTED_EDGE('',*,*,#1596,.T.);
#1596=EDGE_CURVE('',#1592,#1597,#1088,.T.);
#1597=VERTEX_POINT('',#1598);
#1598=CARTESIAN_POINT('',(3.935,-5.,0.));
#1599=ORIENTED_EDGE('',*,*,#1600,.F.);
#1600=EDGE_CURVE('',#1601,#1597,#1603,.T.);
#1601=VERTEX_POINT('',#1602);
#1602=CARTESIAN_POINT('',(3.935,-4.69,0.));
#1603=LINE('',#1602,#1094);
#1604=ORIENTED_EDGE('',*,*,#1605,.F.);
#1605=EDGE_CURVE('',#1606,#1601,#1608,.T.);
#1606=VERTEX_POINT('',#1607);
#1607=CARTESIAN_POINT('',(4.115,-4.69,0.));
#1608=CIRCLE('',#1609,9.E-02);
#1609=AXIS2_PLACEMENT_3D('',#1610,#1103,#1104);
#1610=CARTESIAN_POINT('',(4.025,-4.69,0.));
#1611=ORIENTED_EDGE('',*,*,#1612,.F.);
#1612=EDGE_CURVE('',#1613,#1606,#1615,.T.);
#1613=VERTEX_POINT('',#1614);
#1614=CARTESIAN_POINT('',(4.115,-5.,0.));
#1615=LINE('',#1614,#1110);
#1616=ORIENTED_EDGE('',*,*,#1617,.T.);
#1617=EDGE_CURVE('',#1613,#1618,#1088,.T.);
#1618=VERTEX_POINT('',#1619);
#1619=CARTESIAN_POINT('',(4.285,-5.,0.));
#1620=ORIENTED_EDGE('',*,*,#1621,.F.);
#1621=EDGE_CURVE('',#1622,#1618,#1624,.T.);
#1622=VERTEX_POINT('',#1623);
#1623=CARTESIAN_POINT('',(4.285,-4.69,0.));
#1624=LINE('',#1623,#1094);
#1625=ORIENTED_EDGE('',*,*,#1626,.F.);
#1626=EDGE_CURVE('',#1627,#1622,#1629,.T.);
#1627=VERTEX_POINT('',#1628);
#1628=CARTESIAN_POINT('',(4.465,-4.69,0.));
#1629=CIRCLE('',#1630,9.E-02);
#1630=AXIS2_PLACEMENT_3D('',#1631,#1103,#1104);
#1631=CARTESIAN_POINT('',(4.375,-4.69,0.));
#1632=ORIENTED_EDGE('',*,*,#1633,.F.);
#1633=EDGE_CURVE('',#1634,#1627,#1636,.T.);
#1634=VERTEX_POINT('',#1635);
#1635=CARTESIAN_POINT('',(4.465,-5.,0.));
#1636=LINE('',#1635,#1110);
#1637=ORIENTED_EDGE('',*,*,#1638,.T.);
#1638=EDGE_CURVE('',#1634,#1639,#1088,.T.);
#1639=VERTEX_POINT('',#1640);
#1640=CARTESIAN_POINT('',(5.,-5.,0.));
#1641=ORIENTED_EDGE('',*,*,#1642,.T.);
#1642=EDGE_CURVE('',#1639,#1643,#1645,.T.);
#1643=VERTEX_POINT('',#1644);
#1644=CARTESIAN_POINT('',(5.,-4.465,0.));
#1645=LINE('',#1640,#27);
#1646=ORIENTED_EDGE('',*,*,#1647,.F.);
#1647=EDGE_CURVE('',#1648,#1643,#1650,.T.);
#1648=VERTEX_POINT('',#1649);
#1649=CARTESIAN_POINT('',(4.69,-4.465,0.));
#1650=LINE('',#1649,#1651);
#1651=VECTOR('',#1652,1.);
#1652=DIRECTION('',(1.,-1.772775474805E-16,0.));
#1653=ORIENTED_EDGE('',*,*,#1654,.F.);
#1654=EDGE_CURVE('',#1655,#1648,#1657,.T.);
#1655=VERTEX_POINT('',#1656);
#1656=CARTESIAN_POINT('',(4.69,-4.285,0.));
#1657=CIRCLE('',#1658,9.E-02);
#1658=AXIS2_PLACEMENT_3D('',#1659,#1660,#1661);
#1659=CARTESIAN_POINT('',(4.69,-4.375,0.));
#1660=DIRECTION('',(0.,-0.,1.));
#1661=DIRECTION('',(3.762422472341E-16,1.,0.));
#1662=ORIENTED_EDGE('',*,*,#1663,.F.);
#1663=EDGE_CURVE('',#1664,#1655,#1666,.T.);
#1664=VERTEX_POINT('',#1665);
#1665=CARTESIAN_POINT('',(5.,-4.285,0.));
#1666=LINE('',#1665,#1667);
#1667=VECTOR('',#1668,1.);
#1668=DIRECTION('',(-1.,2.668116623696E-16,0.));
#1669=ORIENTED_EDGE('',*,*,#1670,.T.);
#1670=EDGE_CURVE('',#1664,#1671,#1645,.T.);
#1671=VERTEX_POINT('',#1672);
#1672=CARTESIAN_POINT('',(5.,-4.115,0.));
#1673=ORIENTED_EDGE('',*,*,#1674,.F.);
#1674=EDGE_CURVE('',#1675,#1671,#1677,.T.);
#1675=VERTEX_POINT('',#1676);
#1676=CARTESIAN_POINT('',(4.69,-4.115,0.));
#1677=LINE('',#1676,#1651);
#1678=ORIENTED_EDGE('',*,*,#1679,.F.);
#1679=EDGE_CURVE('',#1680,#1675,#1682,.T.);
#1680=VERTEX_POINT('',#1681);
#1681=CARTESIAN_POINT('',(4.69,-3.935,0.));
#1682=CIRCLE('',#1683,9.E-02);
#1683=AXIS2_PLACEMENT_3D('',#1684,#1660,#1661);
#1684=CARTESIAN_POINT('',(4.69,-4.025,0.));
#1685=ORIENTED_EDGE('',*,*,#1686,.F.);
#1686=EDGE_CURVE('',#1687,#1680,#1689,.T.);
#1687=VERTEX_POINT('',#1688);
#1688=CARTESIAN_POINT('',(5.,-3.935,0.));
#1689=LINE('',#1688,#1667);
#1690=ORIENTED_EDGE('',*,*,#1691,.T.);
#1691=EDGE_CURVE('',#1687,#1692,#1645,.T.);
#1692=VERTEX_POINT('',#1693);
#1693=CARTESIAN_POINT('',(5.,-3.765,0.));
#1694=ORIENTED_EDGE('',*,*,#1695,.F.);
#1695=EDGE_CURVE('',#1696,#1692,#1698,.T.);
#1696=VERTEX_POINT('',#1697);
#1697=CARTESIAN_POINT('',(4.69,-3.765,0.));
#1698=LINE('',#1697,#1651);
#1699=ORIENTED_EDGE('',*,*,#1700,.F.);
#1700=EDGE_CURVE('',#1701,#1696,#1703,.T.);
#1701=VERTEX_POINT('',#1702);
#1702=CARTESIAN_POINT('',(4.69,-3.585,0.));
#1703=CIRCLE('',#1704,9.E-02);
#1704=AXIS2_PLACEMENT_3D('',#1705,#1660,#1661);
#1705=CARTESIAN_POINT('',(4.69,-3.675,0.));
#1706=ORIENTED_EDGE('',*,*,#1707,.F.);
#1707=EDGE_CURVE('',#1708,#1701,#1710,.T.);
#1708=VERTEX_POINT('',#1709);
#1709=CARTESIAN_POINT('',(5.,-3.585,0.));
#1710=LINE('',#1709,#1667);
#1711=ORIENTED_EDGE('',*,*,#1712,.T.);
#1712=EDGE_CURVE('',#1708,#1713,#1645,.T.);
#1713=VERTEX_POINT('',#1714);
#1714=CARTESIAN_POINT('',(5.,-3.415,0.));
#1715=ORIENTED_EDGE('',*,*,#1716,.F.);
#1716=EDGE_CURVE('',#1717,#1713,#1719,.T.);
#1717=VERTEX_POINT('',#1718);
#1718=CARTESIAN_POINT('',(4.69,-3.415,0.));
#1719=LINE('',#1718,#1651);
#1720=ORIENTED_EDGE('',*,*,#1721,.F.);
#1721=EDGE_CURVE('',#1722,#1717,#1724,.T.);
#1722=VERTEX_POINT('',#1723);
#1723=CARTESIAN_POINT('',(4.69,-3.235,0.));
#1724=CIRCLE('',#1725,9.E-02);
#1725=AXIS2_PLACEMENT_3D('',#1726,#1660,#1661);
#1726=CARTESIAN_POINT('',(4.69,-3.325,0.));
#1727=ORIENTED_EDGE('',*,*,#1728,.F.);
#1728=EDGE_CURVE('',#1729,#1722,#1731,.T.);
#1729=VERTEX_POINT('',#1730);
#1730=CARTESIAN_POINT('',(5.,-3.235,0.));
#1731=LINE('',#1730,#1667);
#1732=ORIENTED_EDGE('',*,*,#1733,.T.);
#1733=EDGE_CURVE('',#1729,#1734,#1645,.T.);
#1734=VERTEX_POINT('',#1735);
#1735=CARTESIAN_POINT('',(5.,-3.065,0.));
#1736=ORIENTED_EDGE('',*,*,#1737,.F.);
#1737=EDGE_CURVE('',#1738,#1734,#1740,.T.);
#1738=VERTEX_POINT('',#1739);
#1739=CARTESIAN_POINT('',(4.69,-3.065,0.));
#1740=LINE('',#1739,#1651);
#1741=ORIENTED_EDGE('',*,*,#1742,.F.);
#1742=EDGE_CURVE('',#1743,#1738,#1745,.T.);
#1743=VERTEX_POINT('',#1744);
#1744=CARTESIAN_POINT('',(4.69,-2.885,0.));
#1745=CIRCLE('',#1746,9.E-02);
#1746=AXIS2_PLACEMENT_3D('',#1747,#1660,#1661);
#1747=CARTESIAN_POINT('',(4.69,-2.975,0.));
#1748=ORIENTED_EDGE('',*,*,#1749,.F.);
#1749=EDGE_CURVE('',#1750,#1743,#1752,.T.);
#1750=VERTEX_POINT('',#1751);
#1751=CARTESIAN_POINT('',(5.,-2.885,0.));
#1752=LINE('',#1751,#1667);
#1753=ORIENTED_EDGE('',*,*,#1754,.T.);
#1754=EDGE_CURVE('',#1750,#1755,#1645,.T.);
#1755=VERTEX_POINT('',#1756);
#1756=CARTESIAN_POINT('',(5.,-2.715,0.));
#1757=ORIENTED_EDGE('',*,*,#1758,.F.);
#1758=EDGE_CURVE('',#1759,#1755,#1761,.T.);
#1759=VERTEX_POINT('',#1760);
#1760=CARTESIAN_POINT('',(4.69,-2.715,0.));
#1761=LINE('',#1760,#1651);
#1762=ORIENTED_EDGE('',*,*,#1763,.F.);
#1763=EDGE_CURVE('',#1764,#1759,#1766,.T.);
#1764=VERTEX_POINT('',#1765);
#1765=CARTESIAN_POINT('',(4.69,-2.535,0.));
#1766=CIRCLE('',#1767,9.E-02);
#1767=AXIS2_PLACEMENT_3D('',#1768,#1660,#1661);
#1768=CARTESIAN_POINT('',(4.69,-2.625,0.));
#1769=ORIENTED_EDGE('',*,*,#1770,.F.);
#1770=EDGE_CURVE('',#1771,#1764,#1773,.T.);
#1771=VERTEX_POINT('',#1772);
#1772=CARTESIAN_POINT('',(5.,-2.535,0.));
#1773=LINE('',#1772,#1667);
#1774=ORIENTED_EDGE('',*,*,#1775,.T.);
#1775=EDGE_CURVE('',#1771,#1776,#1645,.T.);
#1776=VERTEX_POINT('',#1777);
#1777=CARTESIAN_POINT('',(5.,-2.365,0.));
#1778=ORIENTED_EDGE('',*,*,#1779,.F.);
#1779=EDGE_CURVE('',#1780,#1776,#1782,.T.);
#1780=VERTEX_POINT('',#1781);
#1781=CARTESIAN_POINT('',(4.69,-2.365,0.));
#1782=LINE('',#1781,#1651);
#1783=ORIENTED_EDGE('',*,*,#1784,.F.);
#1784=EDGE_CURVE('',#1785,#1780,#1787,.T.);
#1785=VERTEX_POINT('',#1786);
#1786=CARTESIAN_POINT('',(4.69,-2.185,0.));
#1787=CIRCLE('',#1788,9.E-02);
#1788=AXIS2_PLACEMENT_3D('',#1789,#1660,#1661);
#1789=CARTESIAN_POINT('',(4.69,-2.275,0.));
#1790=ORIENTED_EDGE('',*,*,#1791,.F.);
#1791=EDGE_CURVE('',#1792,#1785,#1794,.T.);
#1792=VERTEX_POINT('',#1793);
#1793=CARTESIAN_POINT('',(5.,-2.185,0.));
#1794=LINE('',#1793,#1667);
#1795=ORIENTED_EDGE('',*,*,#1796,.T.);
#1796=EDGE_CURVE('',#1792,#1797,#1645,.T.);
#1797=VERTEX_POINT('',#1798);
#1798=CARTESIAN_POINT('',(5.,-2.015,0.));
#1799=ORIENTED_EDGE('',*,*,#1800,.F.);
#1800=EDGE_CURVE('',#1801,#1797,#1803,.T.);
#1801=VERTEX_POINT('',#1802);
#1802=CARTESIAN_POINT('',(4.69,-2.015,0.));
#1803=LINE('',#1802,#1651);
#1804=ORIENTED_EDGE('',*,*,#1805,.F.);
#1805=EDGE_CURVE('',#1806,#1801,#1808,.T.);
#1806=VERTEX_POINT('',#1807);
#1807=CARTESIAN_POINT('',(4.69,-1.835,0.));
#1808=CIRCLE('',#1809,9.E-02);
#1809=AXIS2_PLACEMENT_3D('',#1810,#1660,#1661);
#1810=CARTESIAN_POINT('',(4.69,-1.925,0.));
#1811=ORIENTED_EDGE('',*,*,#1812,.F.);
#1812=EDGE_CURVE('',#1813,#1806,#1815,.T.);
#1813=VERTEX_POINT('',#1814);
#1814=CARTESIAN_POINT('',(5.,-1.835,0.));
#1815=LINE('',#1814,#1667);
#1816=ORIENTED_EDGE('',*,*,#1817,.T.);
#1817=EDGE_CURVE('',#1813,#1818,#1645,.T.);
#1818=VERTEX_POINT('',#1819);
#1819=CARTESIAN_POINT('',(5.,-1.665,0.));
#1820=ORIENTED_EDGE('',*,*,#1821,.F.);
#1821=EDGE_CURVE('',#1822,#1818,#1824,.T.);
#1822=VERTEX_POINT('',#1823);
#1823=CARTESIAN_POINT('',(4.69,-1.665,0.));
#1824=LINE('',#1823,#1651);
#1825=ORIENTED_EDGE('',*,*,#1826,.F.);
#1826=EDGE_CURVE('',#1827,#1822,#1829,.T.);
#1827=VERTEX_POINT('',#1828);
#1828=CARTESIAN_POINT('',(4.69,-1.485,0.));
#1829=CIRCLE('',#1830,9.E-02);
#1830=AXIS2_PLACEMENT_3D('',#1831,#1660,#1661);
#1831=CARTESIAN_POINT('',(4.69,-1.575,0.));
#1832=ORIENTED_EDGE('',*,*,#1833,.F.);
#1833=EDGE_CURVE('',#1834,#1827,#1836,.T.);
#1834=VERTEX_POINT('',#1835);
#1835=CARTESIAN_POINT('',(5.,-1.485,0.));
#1836=LINE('',#1835,#1667);
#1837=ORIENTED_EDGE('',*,*,#1838,.T.);
#1838=EDGE_CURVE('',#1834,#1839,#1645,.T.);
#1839=VERTEX_POINT('',#1840);
#1840=CARTESIAN_POINT('',(5.,-1.315,0.));
#1841=ORIENTED_EDGE('',*,*,#1842,.F.);
#1842=EDGE_CURVE('',#1843,#1839,#1845,.T.);
#1843=VERTEX_POINT('',#1844);
#1844=CARTESIAN_POINT('',(4.69,-1.315,0.));
#1845=LINE('',#1844,#1651);
#1846=ORIENTED_EDGE('',*,*,#1847,.F.);
#1847=EDGE_CURVE('',#1848,#1843,#1850,.T.);
#1848=VERTEX_POINT('',#1849);
#1849=CARTESIAN_POINT('',(4.69,-1.135,0.));
#1850=CIRCLE('',#1851,9.E-02);
#1851=AXIS2_PLACEMENT_3D('',#1852,#1660,#1661);
#1852=CARTESIAN_POINT('',(4.69,-1.225,0.));
#1853=ORIENTED_EDGE('',*,*,#1854,.F.);
#1854=EDGE_CURVE('',#1855,#1848,#1857,.T.);
#1855=VERTEX_POINT('',#1856);
#1856=CARTESIAN_POINT('',(5.,-1.135,0.));
#1857=LINE('',#1856,#1667);
#1858=ORIENTED_EDGE('',*,*,#1859,.T.);
#1859=EDGE_CURVE('',#1855,#1860,#1645,.T.);
#1860=VERTEX_POINT('',#1861);
#1861=CARTESIAN_POINT('',(5.,-0.965,0.));
#1862=ORIENTED_EDGE('',*,*,#1863,.F.);
#1863=EDGE_CURVE('',#1864,#1860,#1866,.T.);
#1864=VERTEX_POINT('',#1865);
#1865=CARTESIAN_POINT('',(4.69,-0.965,0.));
#1866=LINE('',#1865,#1651);
#1867=ORIENTED_EDGE('',*,*,#1868,.F.);
#1868=EDGE_CURVE('',#1869,#1864,#1871,.T.);
#1869=VERTEX_POINT('',#1870);
#1870=CARTESIAN_POINT('',(4.69,-0.785,0.));
#1871=CIRCLE('',#1872,9.E-02);
#1872=AXIS2_PLACEMENT_3D('',#1873,#1660,#1661);
#1873=CARTESIAN_POINT('',(4.69,-0.875,0.));
#1874=ORIENTED_EDGE('',*,*,#1875,.F.);
#1875=EDGE_CURVE('',#1876,#1869,#1878,.T.);
#1876=VERTEX_POINT('',#1877);
#1877=CARTESIAN_POINT('',(5.,-0.785,0.));
#1878=LINE('',#1877,#1667);
#1879=ORIENTED_EDGE('',*,*,#1880,.T.);
#1880=EDGE_CURVE('',#1876,#1881,#1645,.T.);
#1881=VERTEX_POINT('',#1882);
#1882=CARTESIAN_POINT('',(5.,-0.615,0.));
#1883=ORIENTED_EDGE('',*,*,#1884,.F.);
#1884=EDGE_CURVE('',#1885,#1881,#1887,.T.);
#1885=VERTEX_POINT('',#1886);
#1886=CARTESIAN_POINT('',(4.69,-0.615,0.));
#1887=LINE('',#1886,#1651);
#1888=ORIENTED_EDGE('',*,*,#1889,.F.);
#1889=EDGE_CURVE('',#1890,#1885,#1892,.T.);
#1890=VERTEX_POINT('',#1891);
#1891=CARTESIAN_POINT('',(4.69,-0.435,0.));
#1892=CIRCLE('',#1893,9.E-02);
#1893=AXIS2_PLACEMENT_3D('',#1894,#1660,#1661);
#1894=CARTESIAN_POINT('',(4.69,-0.525,0.));
#1895=ORIENTED_EDGE('',*,*,#1896,.F.);
#1896=EDGE_CURVE('',#1897,#1890,#1899,.T.);
#1897=VERTEX_POINT('',#1898);
#1898=CARTESIAN_POINT('',(5.,-0.435,0.));
#1899=LINE('',#1898,#1667);
#1900=ORIENTED_EDGE('',*,*,#1901,.T.);
#1901=EDGE_CURVE('',#1897,#1902,#1645,.T.);
#1902=VERTEX_POINT('',#1903);
#1903=CARTESIAN_POINT('',(5.,-0.265,0.));
#1904=ORIENTED_EDGE('',*,*,#1905,.F.);
#1905=EDGE_CURVE('',#1906,#1902,#1908,.T.);
#1906=VERTEX_POINT('',#1907);
#1907=CARTESIAN_POINT('',(4.69,-0.265,0.));
#1908=LINE('',#1907,#1651);
#1909=ORIENTED_EDGE('',*,*,#1910,.F.);
#1910=EDGE_CURVE('',#1911,#1906,#1913,.T.);
#1911=VERTEX_POINT('',#1912);
#1912=CARTESIAN_POINT('',(4.69,-8.5E-02,0.));
#1913=CIRCLE('',#1914,9.E-02);
#1914=AXIS2_PLACEMENT_3D('',#1915,#1660,#1661);
#1915=CARTESIAN_POINT('',(4.69,-0.175,0.));
#1916=ORIENTED_EDGE('',*,*,#1917,.F.);
#1917=EDGE_CURVE('',#1918,#1911,#1920,.T.);
#1918=VERTEX_POINT('',#1919);
#1919=CARTESIAN_POINT('',(5.,-8.5E-02,0.));
#1920=LINE('',#1919,#1667);
#1921=ORIENTED_EDGE('',*,*,#1922,.T.);
#1922=EDGE_CURVE('',#1918,#1923,#1645,.T.);
#1923=VERTEX_POINT('',#1924);
#1924=CARTESIAN_POINT('',(5.,8.5E-02,0.));
#1925=ORIENTED_EDGE('',*,*,#1926,.F.);
#1926=EDGE_CURVE('',#1927,#1923,#1929,.T.);
#1927=VERTEX_POINT('',#1928);
#1928=CARTESIAN_POINT('',(4.69,8.5E-02,0.));
#1929=LINE('',#1928,#1651);
#1930=ORIENTED_EDGE('',*,*,#1931,.F.);
#1931=EDGE_CURVE('',#1932,#1927,#1934,.T.);
#1932=VERTEX_POINT('',#1933);
#1933=CARTESIAN_POINT('',(4.69,0.265,0.));
#1934=CIRCLE('',#1935,9.E-02);
#1935=AXIS2_PLACEMENT_3D('',#1936,#1660,#1661);
#1936=CARTESIAN_POINT('',(4.69,0.175,0.));
#1937=ORIENTED_EDGE('',*,*,#1938,.F.);
#1938=EDGE_CURVE('',#1939,#1932,#1941,.T.);
#1939=VERTEX_POINT('',#1940);
#1940=CARTESIAN_POINT('',(5.,0.265,0.));
#1941=LINE('',#1940,#1667);
#1942=ORIENTED_EDGE('',*,*,#1943,.T.);
#1943=EDGE_CURVE('',#1939,#1944,#1645,.T.);
#1944=VERTEX_POINT('',#1945);
#1945=CARTESIAN_POINT('',(5.,0.435,0.));
#1946=ORIENTED_EDGE('',*,*,#1947,.F.);
#1947=EDGE_CURVE('',#1948,#1944,#1950,.T.);
#1948=VERTEX_POINT('',#1949);
#1949=CARTESIAN_POINT('',(4.69,0.435,0.));
#1950=LINE('',#1949,#1651);
#1951=ORIENTED_EDGE('',*,*,#1952,.F.);
#1952=EDGE_CURVE('',#1953,#1948,#1955,.T.);
#1953=VERTEX_POINT('',#1954);
#1954=CARTESIAN_POINT('',(4.69,0.615,0.));
#1955=CIRCLE('',#1956,9.E-02);
#1956=AXIS2_PLACEMENT_3D('',#1957,#1660,#1661);
#1957=CARTESIAN_POINT('',(4.69,0.525,0.));
#1958=ORIENTED_EDGE('',*,*,#1959,.F.);
#1959=EDGE_CURVE('',#1960,#1953,#1962,.T.);
#1960=VERTEX_POINT('',#1961);
#1961=CARTESIAN_POINT('',(5.,0.615,0.));
#1962=LINE('',#1961,#1667);
#1963=ORIENTED_EDGE('',*,*,#1964,.T.);
#1964=EDGE_CURVE('',#1960,#1965,#1645,.T.);
#1965=VERTEX_POINT('',#1966);
#1966=CARTESIAN_POINT('',(5.,0.785,0.));
#1967=ORIENTED_EDGE('',*,*,#1968,.F.);
#1968=EDGE_CURVE('',#1969,#1965,#1971,.T.);
#1969=VERTEX_POINT('',#1970);
#1970=CARTESIAN_POINT('',(4.69,0.785,0.));
#1971=LINE('',#1970,#1651);
#1972=ORIENTED_EDGE('',*,*,#1973,.F.);
#1973=EDGE_CURVE('',#1974,#1969,#1976,.T.);
#1974=VERTEX_POINT('',#1975);
#1975=CARTESIAN_POINT('',(4.69,0.965,0.));
#1976=CIRCLE('',#1977,9.E-02);
#1977=AXIS2_PLACEMENT_3D('',#1978,#1660,#1661);
#1978=CARTESIAN_POINT('',(4.69,0.875,0.));
#1979=ORIENTED_EDGE('',*,*,#1980,.F.);
#1980=EDGE_CURVE('',#1981,#1974,#1983,.T.);
#1981=VERTEX_POINT('',#1982);
#1982=CARTESIAN_POINT('',(5.,0.965,0.));
#1983=LINE('',#1982,#1667);
#1984=ORIENTED_EDGE('',*,*,#1985,.T.);
#1985=EDGE_CURVE('',#1981,#1986,#1645,.T.);
#1986=VERTEX_POINT('',#1987);
#1987=CARTESIAN_POINT('',(5.,1.135,0.));
#1988=ORIENTED_EDGE('',*,*,#1989,.F.);
#1989=EDGE_CURVE('',#1990,#1986,#1992,.T.);
#1990=VERTEX_POINT('',#1991);
#1991=CARTESIAN_POINT('',(4.69,1.135,0.));
#1992=LINE('',#1991,#1651);
#1993=ORIENTED_EDGE('',*,*,#1994,.F.);
#1994=EDGE_CURVE('',#1995,#1990,#1997,.T.);
#1995=VERTEX_POINT('',#1996);
#1996=CARTESIAN_POINT('',(4.69,1.315,0.));
#1997=CIRCLE('',#1998,9.E-02);
#1998=AXIS2_PLACEMENT_3D('',#1999,#1660,#1661);
#1999=CARTESIAN_POINT('',(4.69,1.225,0.));
#2000=ORIENTED_EDGE('',*,*,#2001,.F.);
#2001=EDGE_CURVE('',#2002,#1995,#2004,.T.);
#2002=VERTEX_POINT('',#2003);
#2003=CARTESIAN_POINT('',(5.,1.315,0.));
#2004=LINE('',#2003,#1667);
#2005=ORIENTED_EDGE('',*,*,#2006,.T.);
#2006=EDGE_CURVE('',#2002,#2007,#1645,.T.);
#2007=VERTEX_POINT('',#2008);
#2008=CARTESIAN_POINT('',(5.,1.485,0.));
#2009=ORIENTED_EDGE('',*,*,#2010,.F.);
#2010=EDGE_CURVE('',#2011,#2007,#2013,.T.);
#2011=VERTEX_POINT('',#2012);
#2012=CARTESIAN_POINT('',(4.69,1.485,0.));
#2013=LINE('',#2012,#1651);
#2014=ORIENTED_EDGE('',*,*,#2015,.F.);
#2015=EDGE_CURVE('',#2016,#2011,#2018,.T.);
#2016=VERTEX_POINT('',#2017);
#2017=CARTESIAN_POINT('',(4.69,1.665,0.));
#2018=CIRCLE('',#2019,9.E-02);
#2019=AXIS2_PLACEMENT_3D('',#2020,#1660,#1661);
#2020=CARTESIAN_POINT('',(4.69,1.575,0.));
#2021=ORIENTED_EDGE('',*,*,#2022,.F.);
#2022=EDGE_CURVE('',#2023,#2016,#2025,.T.);
#2023=VERTEX_POINT('',#2024);
#2024=CARTESIAN_POINT('',(5.,1.665,0.));
#2025=LINE('',#2024,#1667);
#2026=ORIENTED_EDGE('',*,*,#2027,.T.);
#2027=EDGE_CURVE('',#2023,#2028,#1645,.T.);
#2028=VERTEX_POINT('',#2029);
#2029=CARTESIAN_POINT('',(5.,1.835,0.));
#2030=ORIENTED_EDGE('',*,*,#2031,.F.);
#2031=EDGE_CURVE('',#2032,#2028,#2034,.T.);
#2032=VERTEX_POINT('',#2033);
#2033=CARTESIAN_POINT('',(4.69,1.835,0.));
#2034=LINE('',#2033,#1651);
#2035=ORIENTED_EDGE('',*,*,#2036,.F.);
#2036=EDGE_CURVE('',#2037,#2032,#2039,.T.);
#2037=VERTEX_POINT('',#2038);
#2038=CARTESIAN_POINT('',(4.69,2.015,0.));
#2039=CIRCLE('',#2040,9.E-02);
#2040=AXIS2_PLACEMENT_3D('',#2041,#1660,#1661);
#2041=CARTESIAN_POINT('',(4.69,1.925,0.));
#2042=ORIENTED_EDGE('',*,*,#2043,.F.);
#2043=EDGE_CURVE('',#2044,#2037,#2046,.T.);
#2044=VERTEX_POINT('',#2045);
#2045=CARTESIAN_POINT('',(5.,2.015,0.));
#2046=LINE('',#2045,#1667);
#2047=ORIENTED_EDGE('',*,*,#2048,.T.);
#2048=EDGE_CURVE('',#2044,#2049,#1645,.T.);
#2049=VERTEX_POINT('',#2050);
#2050=CARTESIAN_POINT('',(5.,2.185,0.));
#2051=ORIENTED_EDGE('',*,*,#2052,.F.);
#2052=EDGE_CURVE('',#2053,#2049,#2055,.T.);
#2053=VERTEX_POINT('',#2054);
#2054=CARTESIAN_POINT('',(4.69,2.185,0.));
#2055=LINE('',#2054,#1651);
#2056=ORIENTED_EDGE('',*,*,#2057,.F.);
#2057=EDGE_CURVE('',#2058,#2053,#2060,.T.);
#2058=VERTEX_POINT('',#2059);
#2059=CARTESIAN_POINT('',(4.69,2.365,0.));
#2060=CIRCLE('',#2061,9.E-02);
#2061=AXIS2_PLACEMENT_3D('',#2062,#1660,#1661);
#2062=CARTESIAN_POINT('',(4.69,2.275,0.));
#2063=ORIENTED_EDGE('',*,*,#2064,.F.);
#2064=EDGE_CURVE('',#2065,#2058,#2067,.T.);
#2065=VERTEX_POINT('',#2066);
#2066=CARTESIAN_POINT('',(5.,2.365,0.));
#2067=LINE('',#2066,#1667);
#2068=ORIENTED_EDGE('',*,*,#2069,.T.);
#2069=EDGE_CURVE('',#2065,#2070,#1645,.T.);
#2070=VERTEX_POINT('',#2071);
#2071=CARTESIAN_POINT('',(5.,2.535,0.));
#2072=ORIENTED_EDGE('',*,*,#2073,.F.);
#2073=EDGE_CURVE('',#2074,#2070,#2076,.T.);
#2074=VERTEX_POINT('',#2075);
#2075=CARTESIAN_POINT('',(4.69,2.535,0.));
#2076=LINE('',#2075,#1651);
#2077=ORIENTED_EDGE('',*,*,#2078,.F.);
#2078=EDGE_CURVE('',#2079,#2074,#2081,.T.);
#2079=VERTEX_POINT('',#2080);
#2080=CARTESIAN_POINT('',(4.69,2.715,0.));
#2081=CIRCLE('',#2082,9.E-02);
#2082=AXIS2_PLACEMENT_3D('',#2083,#1660,#1661);
#2083=CARTESIAN_POINT('',(4.69,2.625,0.));
#2084=ORIENTED_EDGE('',*,*,#2085,.F.);
#2085=EDGE_CURVE('',#2086,#2079,#2088,.T.);
#2086=VERTEX_POINT('',#2087);
#2087=CARTESIAN_POINT('',(5.,2.715,0.));
#2088=LINE('',#2087,#1667);
#2089=ORIENTED_EDGE('',*,*,#2090,.T.);
#2090=EDGE_CURVE('',#2086,#2091,#1645,.T.);
#2091=VERTEX_POINT('',#2092);
#2092=CARTESIAN_POINT('',(5.,2.885,0.));
#2093=ORIENTED_EDGE('',*,*,#2094,.F.);
#2094=EDGE_CURVE('',#2095,#2091,#2097,.T.);
#2095=VERTEX_POINT('',#2096);
#2096=CARTESIAN_POINT('',(4.69,2.885,0.));
#2097=LINE('',#2096,#1651);
#2098=ORIENTED_EDGE('',*,*,#2099,.F.);
#2099=EDGE_CURVE('',#2100,#2095,#2102,.T.);
#2100=VERTEX_POINT('',#2101);
#2101=CARTESIAN_POINT('',(4.69,3.065,0.));
#2102=CIRCLE('',#2103,9.E-02);
#2103=AXIS2_PLACEMENT_3D('',#2104,#1660,#1661);
#2104=CARTESIAN_POINT('',(4.69,2.975,0.));
#2105=ORIENTED_EDGE('',*,*,#2106,.F.);
#2106=EDGE_CURVE('',#2107,#2100,#2109,.T.);
#2107=VERTEX_POINT('',#2108);
#2108=CARTESIAN_POINT('',(5.,3.065,0.));
#2109=LINE('',#2108,#1667);
#2110=ORIENTED_EDGE('',*,*,#2111,.T.);
#2111=EDGE_CURVE('',#2107,#2112,#1645,.T.);
#2112=VERTEX_POINT('',#2113);
#2113=CARTESIAN_POINT('',(5.,3.235,0.));
#2114=ORIENTED_EDGE('',*,*,#2115,.F.);
#2115=EDGE_CURVE('',#2116,#2112,#2118,.T.);
#2116=VERTEX_POINT('',#2117);
#2117=CARTESIAN_POINT('',(4.69,3.235,0.));
#2118=LINE('',#2117,#1651);
#2119=ORIENTED_EDGE('',*,*,#2120,.F.);
#2120=EDGE_CURVE('',#2121,#2116,#2123,.T.);
#2121=VERTEX_POINT('',#2122);
#2122=CARTESIAN_POINT('',(4.69,3.415,0.));
#2123=CIRCLE('',#2124,9.E-02);
#2124=AXIS2_PLACEMENT_3D('',#2125,#1660,#1661);
#2125=CARTESIAN_POINT('',(4.69,3.325,0.));
#2126=ORIENTED_EDGE('',*,*,#2127,.F.);
#2127=EDGE_CURVE('',#2128,#2121,#2130,.T.);
#2128=VERTEX_POINT('',#2129);
#2129=CARTESIAN_POINT('',(5.,3.415,0.));
#2130=LINE('',#2129,#1667);
#2131=ORIENTED_EDGE('',*,*,#2132,.T.);
#2132=EDGE_CURVE('',#2128,#2133,#1645,.T.);
#2133=VERTEX_POINT('',#2134);
#2134=CARTESIAN_POINT('',(5.,3.585,0.));
#2135=ORIENTED_EDGE('',*,*,#2136,.F.);
#2136=EDGE_CURVE('',#2137,#2133,#2139,.T.);
#2137=VERTEX_POINT('',#2138);
#2138=CARTESIAN_POINT('',(4.69,3.585,0.));
#2139=LINE('',#2138,#1651);
#2140=ORIENTED_EDGE('',*,*,#2141,.F.);
#2141=EDGE_CURVE('',#2142,#2137,#2144,.T.);
#2142=VERTEX_POINT('',#2143);
#2143=CARTESIAN_POINT('',(4.69,3.765,0.));
#2144=CIRCLE('',#2145,9.E-02);
#2145=AXIS2_PLACEMENT_3D('',#2146,#1660,#1661);
#2146=CARTESIAN_POINT('',(4.69,3.675,0.));
#2147=ORIENTED_EDGE('',*,*,#2148,.F.);
#2148=EDGE_CURVE('',#2149,#2142,#2151,.T.);
#2149=VERTEX_POINT('',#2150);
#2150=CARTESIAN_POINT('',(5.,3.765,0.));
#2151=LINE('',#2150,#1667);
#2152=ORIENTED_EDGE('',*,*,#2153,.T.);
#2153=EDGE_CURVE('',#2149,#2154,#1645,.T.);
#2154=VERTEX_POINT('',#2155);
#2155=CARTESIAN_POINT('',(5.,3.935,0.));
#2156=ORIENTED_EDGE('',*,*,#2157,.F.);
#2157=EDGE_CURVE('',#2158,#2154,#2160,.T.);
#2158=VERTEX_POINT('',#2159);
#2159=CARTESIAN_POINT('',(4.69,3.935,0.));
#2160=LINE('',#2159,#1651);
#2161=ORIENTED_EDGE('',*,*,#2162,.F.);
#2162=EDGE_CURVE('',#2163,#2158,#2165,.T.);
#2163=VERTEX_POINT('',#2164);
#2164=CARTESIAN_POINT('',(4.69,4.115,0.));
#2165=CIRCLE('',#2166,9.E-02);
#2166=AXIS2_PLACEMENT_3D('',#2167,#1660,#1661);
#2167=CARTESIAN_POINT('',(4.69,4.025,0.));
#2168=ORIENTED_EDGE('',*,*,#2169,.F.);
#2169=EDGE_CURVE('',#2170,#2163,#2172,.T.);
#2170=VERTEX_POINT('',#2171);
#2171=CARTESIAN_POINT('',(5.,4.115,0.));
#2172=LINE('',#2171,#1667);
#2173=ORIENTED_EDGE('',*,*,#2174,.T.);
#2174=EDGE_CURVE('',#2170,#2175,#1645,.T.);
#2175=VERTEX_POINT('',#2176);
#2176=CARTESIAN_POINT('',(5.,4.285,0.));
#2177=ORIENTED_EDGE('',*,*,#2178,.F.);
#2178=EDGE_CURVE('',#2179,#2175,#2181,.T.);
#2179=VERTEX_POINT('',#2180);
#2180=CARTESIAN_POINT('',(4.69,4.285,0.));
#2181=LINE('',#2180,#1651);
#2182=ORIENTED_EDGE('',*,*,#2183,.F.);
#2183=EDGE_CURVE('',#2184,#2179,#2186,.T.);
#2184=VERTEX_POINT('',#2185);
#2185=CARTESIAN_POINT('',(4.69,4.465,0.));
#2186=CIRCLE('',#2187,9.E-02);
#2187=AXIS2_PLACEMENT_3D('',#2188,#1660,#1661);
#2188=CARTESIAN_POINT('',(4.69,4.375,0.));
#2189=ORIENTED_EDGE('',*,*,#2190,.F.);
#2190=EDGE_CURVE('',#2191,#2184,#2193,.T.);
#2191=VERTEX_POINT('',#2192);
#2192=CARTESIAN_POINT('',(5.,4.465,0.));
#2193=LINE('',#2192,#1667);
#2194=ORIENTED_EDGE('',*,*,#2195,.T.);
#2195=EDGE_CURVE('',#2191,#581,#1645,.T.);
#2196=ORIENTED_EDGE('',*,*,#2197,.F.);
#2197=EDGE_CURVE('',#2198,#586,#2200,.T.);
#2198=VERTEX_POINT('',#2199);
#2199=CARTESIAN_POINT('',(4.465,4.69,0.));
#2200=LINE('',#2199,#2201);
#2201=VECTOR('',#2202,1.);
#2202=DIRECTION('',(-4.476705744456E-17,1.,0.));
#2203=ORIENTED_EDGE('',*,*,#2204,.F.);
#2204=EDGE_CURVE('',#2205,#2198,#2207,.T.);
#2205=VERTEX_POINT('',#2206);
#2206=CARTESIAN_POINT('',(4.285,4.69,0.));
#2207=CIRCLE('',#2208,9.E-02);
#2208=AXIS2_PLACEMENT_3D('',#2209,#13,#2210);
#2209=CARTESIAN_POINT('',(4.375,4.69,0.));
#2210=DIRECTION('',(-1.,1.54197642309E-16,-0.));
#2211=ORIENTED_EDGE('',*,*,#2212,.F.);
#2212=EDGE_CURVE('',#602,#2205,#2213,.T.);
#2213=LINE('',#603,#2214);
#2214=VECTOR('',#2215,1.);
#2215=DIRECTION('',(-4.476705744456E-17,-1.,0.));
#2216=ORIENTED_EDGE('',*,*,#2217,.F.);
#2217=EDGE_CURVE('',#2218,#607,#2220,.T.);
#2218=VERTEX_POINT('',#2219);
#2219=CARTESIAN_POINT('',(4.115,4.69,0.));
#2220=LINE('',#2219,#2201);
#2221=ORIENTED_EDGE('',*,*,#2222,.F.);
#2222=EDGE_CURVE('',#2223,#2218,#2225,.T.);
#2223=VERTEX_POINT('',#2224);
#2224=CARTESIAN_POINT('',(3.935,4.69,0.));
#2225=CIRCLE('',#2226,9.E-02);
#2226=AXIS2_PLACEMENT_3D('',#2227,#13,#2210);
#2227=CARTESIAN_POINT('',(4.025,4.69,0.));
#2228=ORIENTED_EDGE('',*,*,#2229,.F.);
#2229=EDGE_CURVE('',#621,#2223,#2230,.T.);
#2230=LINE('',#622,#2214);
#2231=ORIENTED_EDGE('',*,*,#2232,.F.);
#2232=EDGE_CURVE('',#2233,#626,#2235,.T.);
#2233=VERTEX_POINT('',#2234);
#2234=CARTESIAN_POINT('',(3.765,4.69,0.));
#2235=LINE('',#2234,#2201);
#2236=ORIENTED_EDGE('',*,*,#2237,.F.);
#2237=EDGE_CURVE('',#2238,#2233,#2240,.T.);
#2238=VERTEX_POINT('',#2239);
#2239=CARTESIAN_POINT('',(3.585,4.69,0.));
#2240=CIRCLE('',#2241,9.E-02);
#2241=AXIS2_PLACEMENT_3D('',#2242,#13,#2210);
#2242=CARTESIAN_POINT('',(3.675,4.69,0.));
#2243=ORIENTED_EDGE('',*,*,#2244,.F.);
#2244=EDGE_CURVE('',#640,#2238,#2245,.T.);
#2245=LINE('',#641,#2214);
#2246=ORIENTED_EDGE('',*,*,#2247,.F.);
#2247=EDGE_CURVE('',#2248,#645,#2250,.T.);
#2248=VERTEX_POINT('',#2249);
#2249=CARTESIAN_POINT('',(3.415,4.69,0.));
#2250=LINE('',#2249,#2201);
#2251=ORIENTED_EDGE('',*,*,#2252,.F.);
#2252=EDGE_CURVE('',#2253,#2248,#2255,.T.);
#2253=VERTEX_POINT('',#2254);
#2254=CARTESIAN_POINT('',(3.235,4.69,0.));
#2255=CIRCLE('',#2256,9.E-02);
#2256=AXIS2_PLACEMENT_3D('',#2257,#13,#2210);
#2257=CARTESIAN_POINT('',(3.325,4.69,0.));
#2258=ORIENTED_EDGE('',*,*,#2259,.F.);
#2259=EDGE_CURVE('',#659,#2253,#2260,.T.);
#2260=LINE('',#660,#2214);
#2261=ORIENTED_EDGE('',*,*,#2262,.F.);
#2262=EDGE_CURVE('',#2263,#664,#2265,.T.);
#2263=VERTEX_POINT('',#2264);
#2264=CARTESIAN_POINT('',(3.065,4.69,0.));
#2265=LINE('',#2264,#2201);
#2266=ORIENTED_EDGE('',*,*,#2267,.F.);
#2267=EDGE_CURVE('',#2268,#2263,#2270,.T.);
#2268=VERTEX_POINT('',#2269);
#2269=CARTESIAN_POINT('',(2.885,4.69,0.));
#2270=CIRCLE('',#2271,9.E-02);
#2271=AXIS2_PLACEMENT_3D('',#2272,#13,#2210);
#2272=CARTESIAN_POINT('',(2.975,4.69,0.));
#2273=ORIENTED_EDGE('',*,*,#2274,.F.);
#2274=EDGE_CURVE('',#678,#2268,#2275,.T.);
#2275=LINE('',#679,#2214);
#2276=ORIENTED_EDGE('',*,*,#2277,.F.);
#2277=EDGE_CURVE('',#2278,#683,#2280,.T.);
#2278=VERTEX_POINT('',#2279);
#2279=CARTESIAN_POINT('',(2.715,4.69,0.));
#2280=LINE('',#2279,#2201);
#2281=ORIENTED_EDGE('',*,*,#2282,.F.);
#2282=EDGE_CURVE('',#2283,#2278,#2285,.T.);
#2283=VERTEX_POINT('',#2284);
#2284=CARTESIAN_POINT('',(2.535,4.69,0.));
#2285=CIRCLE('',#2286,9.E-02);
#2286=AXIS2_PLACEMENT_3D('',#2287,#13,#2210);
#2287=CARTESIAN_POINT('',(2.625,4.69,0.));
#2288=ORIENTED_EDGE('',*,*,#2289,.F.);
#2289=EDGE_CURVE('',#697,#2283,#2290,.T.);
#2290=LINE('',#698,#2214);
#2291=ORIENTED_EDGE('',*,*,#2292,.F.);
#2292=EDGE_CURVE('',#2293,#702,#2295,.T.);
#2293=VERTEX_POINT('',#2294);
#2294=CARTESIAN_POINT('',(2.365,4.69,0.));
#2295=LINE('',#2294,#2201);
#2296=ORIENTED_EDGE('',*,*,#2297,.F.);
#2297=EDGE_CURVE('',#2298,#2293,#2300,.T.);
#2298=VERTEX_POINT('',#2299);
#2299=CARTESIAN_POINT('',(2.185,4.69,0.));
#2300=CIRCLE('',#2301,9.E-02);
#2301=AXIS2_PLACEMENT_3D('',#2302,#13,#2210);
#2302=CARTESIAN_POINT('',(2.275,4.69,0.));
#2303=ORIENTED_EDGE('',*,*,#2304,.F.);
#2304=EDGE_CURVE('',#716,#2298,#2305,.T.);
#2305=LINE('',#717,#2214);
#2306=ORIENTED_EDGE('',*,*,#2307,.F.);
#2307=EDGE_CURVE('',#2308,#721,#2310,.T.);
#2308=VERTEX_POINT('',#2309);
#2309=CARTESIAN_POINT('',(2.015,4.69,0.));
#2310=LINE('',#2309,#2201);
#2311=ORIENTED_EDGE('',*,*,#2312,.F.);
#2312=EDGE_CURVE('',#2313,#2308,#2315,.T.);
#2313=VERTEX_POINT('',#2314);
#2314=CARTESIAN_POINT('',(1.835,4.69,0.));
#2315=CIRCLE('',#2316,9.E-02);
#2316=AXIS2_PLACEMENT_3D('',#2317,#13,#2210);
#2317=CARTESIAN_POINT('',(1.925,4.69,0.));
#2318=ORIENTED_EDGE('',*,*,#2319,.F.);
#2319=EDGE_CURVE('',#735,#2313,#2320,.T.);
#2320=LINE('',#736,#2214);
#2321=ORIENTED_EDGE('',*,*,#2322,.F.);
#2322=EDGE_CURVE('',#2323,#740,#2325,.T.);
#2323=VERTEX_POINT('',#2324);
#2324=CARTESIAN_POINT('',(1.665,4.69,0.));
#2325=LINE('',#2324,#2201);
#2326=ORIENTED_EDGE('',*,*,#2327,.F.);
#2327=EDGE_CURVE('',#2328,#2323,#2330,.T.);
#2328=VERTEX_POINT('',#2329);
#2329=CARTESIAN_POINT('',(1.485,4.69,0.));
#2330=CIRCLE('',#2331,9.E-02);
#2331=AXIS2_PLACEMENT_3D('',#2332,#13,#2210);
#2332=CARTESIAN_POINT('',(1.575,4.69,0.));
#2333=ORIENTED_EDGE('',*,*,#2334,.F.);
#2334=EDGE_CURVE('',#754,#2328,#2335,.T.);
#2335=LINE('',#755,#2214);
#2336=ORIENTED_EDGE('',*,*,#2337,.F.);
#2337=EDGE_CURVE('',#2338,#759,#2340,.T.);
#2338=VERTEX_POINT('',#2339);
#2339=CARTESIAN_POINT('',(1.315,4.69,0.));
#2340=LINE('',#2339,#2201);
#2341=ORIENTED_EDGE('',*,*,#2342,.F.);
#2342=EDGE_CURVE('',#2343,#2338,#2345,.T.);
#2343=VERTEX_POINT('',#2344);
#2344=CARTESIAN_POINT('',(1.135,4.69,0.));
#2345=CIRCLE('',#2346,9.E-02);
#2346=AXIS2_PLACEMENT_3D('',#2347,#13,#2210);
#2347=CARTESIAN_POINT('',(1.225,4.69,0.));
#2348=ORIENTED_EDGE('',*,*,#2349,.F.);
#2349=EDGE_CURVE('',#773,#2343,#2350,.T.);
#2350=LINE('',#774,#2214);
#2351=ORIENTED_EDGE('',*,*,#2352,.F.);
#2352=EDGE_CURVE('',#2353,#778,#2355,.T.);
#2353=VERTEX_POINT('',#2354);
#2354=CARTESIAN_POINT('',(0.965,4.69,0.));
#2355=LINE('',#2354,#2201);
#2356=ORIENTED_EDGE('',*,*,#2357,.F.);
#2357=EDGE_CURVE('',#2358,#2353,#2360,.T.);
#2358=VERTEX_POINT('',#2359);
#2359=CARTESIAN_POINT('',(0.785,4.69,0.));
#2360=CIRCLE('',#2361,9.E-02);
#2361=AXIS2_PLACEMENT_3D('',#2362,#13,#2210);
#2362=CARTESIAN_POINT('',(0.875,4.69,0.));
#2363=ORIENTED_EDGE('',*,*,#2364,.F.);
#2364=EDGE_CURVE('',#792,#2358,#2365,.T.);
#2365=LINE('',#793,#2214);
#2366=ORIENTED_EDGE('',*,*,#2367,.F.);
#2367=EDGE_CURVE('',#2368,#797,#2370,.T.);
#2368=VERTEX_POINT('',#2369);
#2369=CARTESIAN_POINT('',(0.615,4.69,0.));
#2370=LINE('',#2369,#2201);
#2371=ORIENTED_EDGE('',*,*,#2372,.F.);
#2372=EDGE_CURVE('',#2373,#2368,#2375,.T.);
#2373=VERTEX_POINT('',#2374);
#2374=CARTESIAN_POINT('',(0.435,4.69,0.));
#2375=CIRCLE('',#2376,9.E-02);
#2376=AXIS2_PLACEMENT_3D('',#2377,#13,#2210);
#2377=CARTESIAN_POINT('',(0.525,4.69,0.));
#2378=ORIENTED_EDGE('',*,*,#2379,.F.);
#2379=EDGE_CURVE('',#811,#2373,#2380,.T.);
#2380=LINE('',#812,#2214);
#2381=ORIENTED_EDGE('',*,*,#2382,.F.);
#2382=EDGE_CURVE('',#2383,#816,#2385,.T.);
#2383=VERTEX_POINT('',#2384);
#2384=CARTESIAN_POINT('',(0.265,4.69,0.));
#2385=LINE('',#2384,#2201);
#2386=ORIENTED_EDGE('',*,*,#2387,.F.);
#2387=EDGE_CURVE('',#2388,#2383,#2390,.T.);
#2388=VERTEX_POINT('',#2389);
#2389=CARTESIAN_POINT('',(8.5E-02,4.69,0.));
#2390=CIRCLE('',#2391,9.E-02);
#2391=AXIS2_PLACEMENT_3D('',#2392,#13,#2210);
#2392=CARTESIAN_POINT('',(0.175,4.69,0.));
#2393=ORIENTED_EDGE('',*,*,#2394,.F.);
#2394=EDGE_CURVE('',#830,#2388,#2395,.T.);
#2395=LINE('',#831,#2214);
#2396=ORIENTED_EDGE('',*,*,#2397,.F.);
#2397=EDGE_CURVE('',#2398,#835,#2400,.T.);
#2398=VERTEX_POINT('',#2399);
#2399=CARTESIAN_POINT('',(-8.5E-02,4.69,0.));
#2400=LINE('',#2399,#2201);
#2401=ORIENTED_EDGE('',*,*,#2402,.F.);
#2402=EDGE_CURVE('',#2403,#2398,#2405,.T.);
#2403=VERTEX_POINT('',#2404);
#2404=CARTESIAN_POINT('',(-0.265,4.69,0.));
#2405=CIRCLE('',#2406,9.E-02);
#2406=AXIS2_PLACEMENT_3D('',#2407,#13,#2210);
#2407=CARTESIAN_POINT('',(-0.175,4.69,0.));
#2408=ORIENTED_EDGE('',*,*,#2409,.F.);
#2409=EDGE_CURVE('',#849,#2403,#2410,.T.);
#2410=LINE('',#850,#2214);
#2411=ORIENTED_EDGE('',*,*,#2412,.F.);
#2412=EDGE_CURVE('',#2413,#854,#2415,.T.);
#2413=VERTEX_POINT('',#2414);
#2414=CARTESIAN_POINT('',(-0.435,4.69,0.));
#2415=LINE('',#2414,#2201);
#2416=ORIENTED_EDGE('',*,*,#2417,.F.);
#2417=EDGE_CURVE('',#2418,#2413,#2420,.T.);
#2418=VERTEX_POINT('',#2419);
#2419=CARTESIAN_POINT('',(-0.615,4.69,0.));
#2420=CIRCLE('',#2421,9.E-02);
#2421=AXIS2_PLACEMENT_3D('',#2422,#13,#2210);
#2422=CARTESIAN_POINT('',(-0.525,4.69,0.));
#2423=ORIENTED_EDGE('',*,*,#2424,.F.);
#2424=EDGE_CURVE('',#868,#2418,#2425,.T.);
#2425=LINE('',#869,#2214);
#2426=ORIENTED_EDGE('',*,*,#2427,.F.);
#2427=EDGE_CURVE('',#2428,#873,#2430,.T.);
#2428=VERTEX_POINT('',#2429);
#2429=CARTESIAN_POINT('',(-0.785,4.69,0.));
#2430=LINE('',#2429,#2201);
#2431=ORIENTED_EDGE('',*,*,#2432,.F.);
#2432=EDGE_CURVE('',#2433,#2428,#2435,.T.);
#2433=VERTEX_POINT('',#2434);
#2434=CARTESIAN_POINT('',(-0.965,4.69,0.));
#2435=CIRCLE('',#2436,9.E-02);
#2436=AXIS2_PLACEMENT_3D('',#2437,#13,#2210);
#2437=CARTESIAN_POINT('',(-0.875,4.69,0.));
#2438=ORIENTED_EDGE('',*,*,#2439,.F.);
#2439=EDGE_CURVE('',#887,#2433,#2440,.T.);
#2440=LINE('',#888,#2214);
#2441=ORIENTED_EDGE('',*,*,#2442,.F.);
#2442=EDGE_CURVE('',#2443,#892,#2445,.T.);
#2443=VERTEX_POINT('',#2444);
#2444=CARTESIAN_POINT('',(-1.135,4.69,0.));
#2445=LINE('',#2444,#2201);
#2446=ORIENTED_EDGE('',*,*,#2447,.F.);
#2447=EDGE_CURVE('',#2448,#2443,#2450,.T.);
#2448=VERTEX_POINT('',#2449);
#2449=CARTESIAN_POINT('',(-1.315,4.69,0.));
#2450=CIRCLE('',#2451,9.E-02);
#2451=AXIS2_PLACEMENT_3D('',#2452,#13,#2210);
#2452=CARTESIAN_POINT('',(-1.225,4.69,0.));
#2453=ORIENTED_EDGE('',*,*,#2454,.F.);
#2454=EDGE_CURVE('',#906,#2448,#2455,.T.);
#2455=LINE('',#907,#2214);
#2456=ORIENTED_EDGE('',*,*,#2457,.F.);
#2457=EDGE_CURVE('',#2458,#911,#2460,.T.);
#2458=VERTEX_POINT('',#2459);
#2459=CARTESIAN_POINT('',(-1.485,4.69,0.));
#2460=LINE('',#2459,#2201);
#2461=ORIENTED_EDGE('',*,*,#2462,.F.);
#2462=EDGE_CURVE('',#2463,#2458,#2465,.T.);
#2463=VERTEX_POINT('',#2464);
#2464=CARTESIAN_POINT('',(-1.665,4.69,0.));
#2465=CIRCLE('',#2466,9.E-02);
#2466=AXIS2_PLACEMENT_3D('',#2467,#13,#2210);
#2467=CARTESIAN_POINT('',(-1.575,4.69,0.));
#2468=ORIENTED_EDGE('',*,*,#2469,.F.);
#2469=EDGE_CURVE('',#925,#2463,#2470,.T.);
#2470=LINE('',#926,#2214);
#2471=ORIENTED_EDGE('',*,*,#2472,.F.);
#2472=EDGE_CURVE('',#2473,#930,#2475,.T.);
#2473=VERTEX_POINT('',#2474);
#2474=CARTESIAN_POINT('',(-1.835,4.69,0.));
#2475=LINE('',#2474,#2201);
#2476=ORIENTED_EDGE('',*,*,#2477,.F.);
#2477=EDGE_CURVE('',#2478,#2473,#2480,.T.);
#2478=VERTEX_POINT('',#2479);
#2479=CARTESIAN_POINT('',(-2.015,4.69,0.));
#2480=CIRCLE('',#2481,9.E-02);
#2481=AXIS2_PLACEMENT_3D('',#2482,#13,#2210);
#2482=CARTESIAN_POINT('',(-1.925,4.69,0.));
#2483=ORIENTED_EDGE('',*,*,#2484,.F.);
#2484=EDGE_CURVE('',#944,#2478,#2485,.T.);
#2485=LINE('',#945,#2214);
#2486=ORIENTED_EDGE('',*,*,#2487,.F.);
#2487=EDGE_CURVE('',#2488,#949,#2490,.T.);
#2488=VERTEX_POINT('',#2489);
#2489=CARTESIAN_POINT('',(-2.185,4.69,0.));
#2490=LINE('',#2489,#2201);
#2491=ORIENTED_EDGE('',*,*,#2492,.F.);
#2492=EDGE_CURVE('',#2493,#2488,#2495,.T.);
#2493=VERTEX_POINT('',#2494);
#2494=CARTESIAN_POINT('',(-2.365,4.69,0.));
#2495=CIRCLE('',#2496,9.E-02);
#2496=AXIS2_PLACEMENT_3D('',#2497,#13,#2210);
#2497=CARTESIAN_POINT('',(-2.275,4.69,0.));
#2498=ORIENTED_EDGE('',*,*,#2499,.F.);
#2499=EDGE_CURVE('',#963,#2493,#2500,.T.);
#2500=LINE('',#964,#2214);
#2501=ORIENTED_EDGE('',*,*,#2502,.F.);
#2502=EDGE_CURVE('',#2503,#968,#2505,.T.);
#2503=VERTEX_POINT('',#2504);
#2504=CARTESIAN_POINT('',(-2.535,4.69,0.));
#2505=LINE('',#2504,#2201);
#2506=ORIENTED_EDGE('',*,*,#2507,.F.);
#2507=EDGE_CURVE('',#2508,#2503,#2510,.T.);
#2508=VERTEX_POINT('',#2509);
#2509=CARTESIAN_POINT('',(-2.715,4.69,0.));
#2510=CIRCLE('',#2511,9.E-02);
#2511=AXIS2_PLACEMENT_3D('',#2512,#13,#2210);
#2512=CARTESIAN_POINT('',(-2.625,4.69,0.));
#2513=ORIENTED_EDGE('',*,*,#2514,.F.);
#2514=EDGE_CURVE('',#982,#2508,#2515,.T.);
#2515=LINE('',#983,#2214);
#2516=ORIENTED_EDGE('',*,*,#2517,.F.);
#2517=EDGE_CURVE('',#2518,#987,#2520,.T.);
#2518=VERTEX_POINT('',#2519);
#2519=CARTESIAN_POINT('',(-2.885,4.69,0.));
#2520=LINE('',#2519,#2201);
#2521=ORIENTED_EDGE('',*,*,#2522,.F.);
#2522=EDGE_CURVE('',#2523,#2518,#2525,.T.);
#2523=VERTEX_POINT('',#2524);
#2524=CARTESIAN_POINT('',(-3.065,4.69,0.));
#2525=CIRCLE('',#2526,9.E-02);
#2526=AXIS2_PLACEMENT_3D('',#2527,#13,#2210);
#2527=CARTESIAN_POINT('',(-2.975,4.69,0.));
#2528=ORIENTED_EDGE('',*,*,#2529,.F.);
#2529=EDGE_CURVE('',#1001,#2523,#2530,.T.);
#2530=LINE('',#1002,#2214);
#2531=ORIENTED_EDGE('',*,*,#2532,.F.);
#2532=EDGE_CURVE('',#2533,#1006,#2535,.T.);
#2533=VERTEX_POINT('',#2534);
#2534=CARTESIAN_POINT('',(-3.235,4.69,0.));
#2535=LINE('',#2534,#2201);
#2536=ORIENTED_EDGE('',*,*,#2537,.F.);
#2537=EDGE_CURVE('',#2538,#2533,#2540,.T.);
#2538=VERTEX_POINT('',#2539);
#2539=CARTESIAN_POINT('',(-3.415,4.69,0.));
#2540=CIRCLE('',#2541,9.E-02);
#2541=AXIS2_PLACEMENT_3D('',#2542,#13,#2210);
#2542=CARTESIAN_POINT('',(-3.325,4.69,0.));
#2543=ORIENTED_EDGE('',*,*,#2544,.F.);
#2544=EDGE_CURVE('',#1020,#2538,#2545,.T.);
#2545=LINE('',#1021,#2214);
#2546=ORIENTED_EDGE('',*,*,#2547,.F.);
#2547=EDGE_CURVE('',#2548,#1025,#2550,.T.);
#2548=VERTEX_POINT('',#2549);
#2549=CARTESIAN_POINT('',(-3.585,4.69,0.));
#2550=LINE('',#2549,#2201);
#2551=ORIENTED_EDGE('',*,*,#2552,.F.);
#2552=EDGE_CURVE('',#2553,#2548,#2555,.T.);
#2553=VERTEX_POINT('',#2554);
#2554=CARTESIAN_POINT('',(-3.765,4.69,0.));
#2555=CIRCLE('',#2556,9.E-02);
#2556=AXIS2_PLACEMENT_3D('',#2557,#13,#2210);
#2557=CARTESIAN_POINT('',(-3.675,4.69,0.));
#2558=ORIENTED_EDGE('',*,*,#2559,.F.);
#2559=EDGE_CURVE('',#1039,#2553,#2560,.T.);
#2560=LINE('',#1040,#2214);
#2561=ORIENTED_EDGE('',*,*,#2562,.F.);
#2562=EDGE_CURVE('',#2563,#1044,#2565,.T.);
#2563=VERTEX_POINT('',#2564);
#2564=CARTESIAN_POINT('',(-3.935,4.69,0.));
#2565=LINE('',#2564,#2201);
#2566=ORIENTED_EDGE('',*,*,#2567,.F.);
#2567=EDGE_CURVE('',#2568,#2563,#2570,.T.);
#2568=VERTEX_POINT('',#2569);
#2569=CARTESIAN_POINT('',(-4.115,4.69,0.));
#2570=CIRCLE('',#2571,9.E-02);
#2571=AXIS2_PLACEMENT_3D('',#2572,#13,#2210);
#2572=CARTESIAN_POINT('',(-4.025,4.69,0.));
#2573=ORIENTED_EDGE('',*,*,#2574,.F.);
#2574=EDGE_CURVE('',#1058,#2568,#2575,.T.);
#2575=LINE('',#1059,#2214);
#2576=ORIENTED_EDGE('',*,*,#2577,.F.);
#2577=EDGE_CURVE('',#2578,#1063,#2580,.T.);
#2578=VERTEX_POINT('',#2579);
#2579=CARTESIAN_POINT('',(-4.285,4.69,0.));
#2580=LINE('',#2579,#2201);
#2581=ORIENTED_EDGE('',*,*,#2582,.F.);
#2582=EDGE_CURVE('',#2583,#2578,#2585,.T.);
#2583=VERTEX_POINT('',#2584);
#2584=CARTESIAN_POINT('',(-4.465,4.69,0.));
#2585=CIRCLE('',#2586,9.E-02);
#2586=AXIS2_PLACEMENT_3D('',#2587,#13,#2210);
#2587=CARTESIAN_POINT('',(-4.375,4.69,0.));
#2588=ORIENTED_EDGE('',*,*,#2589,.F.);
#2589=EDGE_CURVE('',#575,#2583,#2590,.T.);
#2590=LINE('',#576,#2214);
#2591=ORIENTED_EDGE('',*,*,#533,.F.);
#2592=ORIENTED_EDGE('',*,*,#2593,.F.);
#2593=EDGE_CURVE('',#2594,#529,#2596,.T.);
#2594=VERTEX_POINT('',#2595);
#2595=CARTESIAN_POINT('',(-4.69,4.465,0.));
#2596=LINE('',#2595,#2597);
#2597=VECTOR('',#2598,1.);
#2598=DIRECTION('',(-1.,6.625524501795E-17,0.));
#2599=ORIENTED_EDGE('',*,*,#2600,.F.);
#2600=EDGE_CURVE('',#2601,#2594,#2603,.T.);
#2601=VERTEX_POINT('',#2602);
#2602=CARTESIAN_POINT('',(-4.69,4.285,0.));
#2603=CIRCLE('',#2604,9.E-02);
#2604=AXIS2_PLACEMENT_3D('',#2605,#13,#2606);
#2605=CARTESIAN_POINT('',(-4.69,4.375,0.));
#2606=DIRECTION('',(-2.652199447716E-16,-1.,0.));
#2607=ORIENTED_EDGE('',*,*,#2608,.F.);
#2608=EDGE_CURVE('',#515,#2601,#2609,.T.);
#2609=LINE('',#516,#2610);
#2610=VECTOR('',#2611,1.);
#2611=DIRECTION('',(1.,-1.557893599071E-16,0.));
#2612=ORIENTED_EDGE('',*,*,#514,.F.);
#2613=ORIENTED_EDGE('',*,*,#2614,.F.);
#2614=EDGE_CURVE('',#2615,#510,#2617,.T.);
#2615=VERTEX_POINT('',#2616);
#2616=CARTESIAN_POINT('',(-4.69,4.115,0.));
#2617=LINE('',#2616,#2597);
#2618=ORIENTED_EDGE('',*,*,#2619,.F.);
#2619=EDGE_CURVE('',#2620,#2615,#2622,.T.);
#2620=VERTEX_POINT('',#2621);
#2621=CARTESIAN_POINT('',(-4.69,3.935,0.));
#2622=CIRCLE('',#2623,9.E-02);
#2623=AXIS2_PLACEMENT_3D('',#2624,#13,#2606);
#2624=CARTESIAN_POINT('',(-4.69,4.025,0.));
#2625=ORIENTED_EDGE('',*,*,#2626,.F.);
#2626=EDGE_CURVE('',#496,#2620,#2627,.T.);
#2627=LINE('',#497,#2610);
#2628=ORIENTED_EDGE('',*,*,#495,.F.);
#2629=ORIENTED_EDGE('',*,*,#2630,.F.);
#2630=EDGE_CURVE('',#2631,#491,#2633,.T.);
#2631=VERTEX_POINT('',#2632);
#2632=CARTESIAN_POINT('',(-4.69,3.765,0.));
#2633=LINE('',#2632,#2597);
#2634=ORIENTED_EDGE('',*,*,#2635,.F.);
#2635=EDGE_CURVE('',#2636,#2631,#2638,.T.);
#2636=VERTEX_POINT('',#2637);
#2637=CARTESIAN_POINT('',(-4.69,3.585,0.));
#2638=CIRCLE('',#2639,9.E-02);
#2639=AXIS2_PLACEMENT_3D('',#2640,#13,#2606);
#2640=CARTESIAN_POINT('',(-4.69,3.675,0.));
#2641=ORIENTED_EDGE('',*,*,#2642,.F.);
#2642=EDGE_CURVE('',#477,#2636,#2643,.T.);
#2643=LINE('',#478,#2610);
#2644=ORIENTED_EDGE('',*,*,#476,.F.);
#2645=ORIENTED_EDGE('',*,*,#2646,.F.);
#2646=EDGE_CURVE('',#2647,#472,#2649,.T.);
#2647=VERTEX_POINT('',#2648);
#2648=CARTESIAN_POINT('',(-4.69,3.415,0.));
#2649=LINE('',#2648,#2597);
#2650=ORIENTED_EDGE('',*,*,#2651,.F.);
#2651=EDGE_CURVE('',#2652,#2647,#2654,.T.);
#2652=VERTEX_POINT('',#2653);
#2653=CARTESIAN_POINT('',(-4.69,3.235,0.));
#2654=CIRCLE('',#2655,9.E-02);
#2655=AXIS2_PLACEMENT_3D('',#2656,#13,#2606);
#2656=CARTESIAN_POINT('',(-4.69,3.325,0.));
#2657=ORIENTED_EDGE('',*,*,#2658,.F.);
#2658=EDGE_CURVE('',#458,#2652,#2659,.T.);
#2659=LINE('',#459,#2610);
#2660=ORIENTED_EDGE('',*,*,#457,.F.);
#2661=ORIENTED_EDGE('',*,*,#2662,.F.);
#2662=EDGE_CURVE('',#2663,#453,#2665,.T.);
#2663=VERTEX_POINT('',#2664);
#2664=CARTESIAN_POINT('',(-4.69,3.065,0.));
#2665=LINE('',#2664,#2597);
#2666=ORIENTED_EDGE('',*,*,#2667,.F.);
#2667=EDGE_CURVE('',#2668,#2663,#2670,.T.);
#2668=VERTEX_POINT('',#2669);
#2669=CARTESIAN_POINT('',(-4.69,2.885,0.));
#2670=CIRCLE('',#2671,9.E-02);
#2671=AXIS2_PLACEMENT_3D('',#2672,#13,#2606);
#2672=CARTESIAN_POINT('',(-4.69,2.975,0.));
#2673=ORIENTED_EDGE('',*,*,#2674,.F.);
#2674=EDGE_CURVE('',#439,#2668,#2675,.T.);
#2675=LINE('',#440,#2610);
#2676=ORIENTED_EDGE('',*,*,#438,.F.);
#2677=ORIENTED_EDGE('',*,*,#2678,.F.);
#2678=EDGE_CURVE('',#2679,#434,#2681,.T.);
#2679=VERTEX_POINT('',#2680);
#2680=CARTESIAN_POINT('',(-4.69,2.715,0.));
#2681=LINE('',#2680,#2597);
#2682=ORIENTED_EDGE('',*,*,#2683,.F.);
#2683=EDGE_CURVE('',#2684,#2679,#2686,.T.);
#2684=VERTEX_POINT('',#2685);
#2685=CARTESIAN_POINT('',(-4.69,2.535,0.));
#2686=CIRCLE('',#2687,9.E-02);
#2687=AXIS2_PLACEMENT_3D('',#2688,#13,#2606);
#2688=CARTESIAN_POINT('',(-4.69,2.625,0.));
#2689=ORIENTED_EDGE('',*,*,#2690,.F.);
#2690=EDGE_CURVE('',#420,#2684,#2691,.T.);
#2691=LINE('',#421,#2610);
#2692=ORIENTED_EDGE('',*,*,#419,.F.);
#2693=ORIENTED_EDGE('',*,*,#2694,.F.);
#2694=EDGE_CURVE('',#2695,#415,#2697,.T.);
#2695=VERTEX_POINT('',#2696);
#2696=CARTESIAN_POINT('',(-4.69,2.365,0.));
#2697=LINE('',#2696,#2597);
#2698=ORIENTED_EDGE('',*,*,#2699,.F.);
#2699=EDGE_CURVE('',#2700,#2695,#2702,.T.);
#2700=VERTEX_POINT('',#2701);
#2701=CARTESIAN_POINT('',(-4.69,2.185,0.));
#2702=CIRCLE('',#2703,9.E-02);
#2703=AXIS2_PLACEMENT_3D('',#2704,#13,#2606);
#2704=CARTESIAN_POINT('',(-4.69,2.275,0.));
#2705=ORIENTED_EDGE('',*,*,#2706,.F.);
#2706=EDGE_CURVE('',#401,#2700,#2707,.T.);
#2707=LINE('',#402,#2610);
#2708=ORIENTED_EDGE('',*,*,#400,.F.);
#2709=ORIENTED_EDGE('',*,*,#2710,.F.);
#2710=EDGE_CURVE('',#2711,#396,#2713,.T.);
#2711=VERTEX_POINT('',#2712);
#2712=CARTESIAN_POINT('',(-4.69,2.015,0.));
#2713=LINE('',#2712,#2597);
#2714=ORIENTED_EDGE('',*,*,#2715,.F.);
#2715=EDGE_CURVE('',#2716,#2711,#2718,.T.);
#2716=VERTEX_POINT('',#2717);
#2717=CARTESIAN_POINT('',(-4.69,1.835,0.));
#2718=CIRCLE('',#2719,9.E-02);
#2719=AXIS2_PLACEMENT_3D('',#2720,#13,#2606);
#2720=CARTESIAN_POINT('',(-4.69,1.925,0.));
#2721=ORIENTED_EDGE('',*,*,#2722,.F.);
#2722=EDGE_CURVE('',#382,#2716,#2723,.T.);
#2723=LINE('',#383,#2610);
#2724=ORIENTED_EDGE('',*,*,#381,.F.);
#2725=ORIENTED_EDGE('',*,*,#2726,.F.);
#2726=EDGE_CURVE('',#2727,#377,#2729,.T.);
#2727=VERTEX_POINT('',#2728);
#2728=CARTESIAN_POINT('',(-4.69,1.665,0.));
#2729=LINE('',#2728,#2597);
#2730=ORIENTED_EDGE('',*,*,#2731,.F.);
#2731=EDGE_CURVE('',#2732,#2727,#2734,.T.);
#2732=VERTEX_POINT('',#2733);
#2733=CARTESIAN_POINT('',(-4.69,1.485,0.));
#2734=CIRCLE('',#2735,9.E-02);
#2735=AXIS2_PLACEMENT_3D('',#2736,#13,#2606);
#2736=CARTESIAN_POINT('',(-4.69,1.575,0.));
#2737=ORIENTED_EDGE('',*,*,#2738,.F.);
#2738=EDGE_CURVE('',#363,#2732,#2739,.T.);
#2739=LINE('',#364,#2610);
#2740=ORIENTED_EDGE('',*,*,#362,.F.);
#2741=ORIENTED_EDGE('',*,*,#2742,.F.);
#2742=EDGE_CURVE('',#2743,#358,#2745,.T.);
#2743=VERTEX_POINT('',#2744);
#2744=CARTESIAN_POINT('',(-4.69,1.315,0.));
#2745=LINE('',#2744,#2597);
#2746=ORIENTED_EDGE('',*,*,#2747,.F.);
#2747=EDGE_CURVE('',#2748,#2743,#2750,.T.);
#2748=VERTEX_POINT('',#2749);
#2749=CARTESIAN_POINT('',(-4.69,1.135,0.));
#2750=CIRCLE('',#2751,9.E-02);
#2751=AXIS2_PLACEMENT_3D('',#2752,#13,#2606);
#2752=CARTESIAN_POINT('',(-4.69,1.225,0.));
#2753=ORIENTED_EDGE('',*,*,#2754,.F.);
#2754=EDGE_CURVE('',#344,#2748,#2755,.T.);
#2755=LINE('',#345,#2610);
#2756=ORIENTED_EDGE('',*,*,#343,.F.);
#2757=ORIENTED_EDGE('',*,*,#2758,.F.);
#2758=EDGE_CURVE('',#2759,#339,#2761,.T.);
#2759=VERTEX_POINT('',#2760);
#2760=CARTESIAN_POINT('',(-4.69,0.965,0.));
#2761=LINE('',#2760,#2597);
#2762=ORIENTED_EDGE('',*,*,#2763,.F.);
#2763=EDGE_CURVE('',#2764,#2759,#2766,.T.);
#2764=VERTEX_POINT('',#2765);
#2765=CARTESIAN_POINT('',(-4.69,0.785,0.));
#2766=CIRCLE('',#2767,9.E-02);
#2767=AXIS2_PLACEMENT_3D('',#2768,#13,#2606);
#2768=CARTESIAN_POINT('',(-4.69,0.875,0.));
#2769=ORIENTED_EDGE('',*,*,#2770,.F.);
#2770=EDGE_CURVE('',#325,#2764,#2771,.T.);
#2771=LINE('',#326,#2610);
#2772=ORIENTED_EDGE('',*,*,#324,.F.);
#2773=ORIENTED_EDGE('',*,*,#2774,.F.);
#2774=EDGE_CURVE('',#2775,#320,#2777,.T.);
#2775=VERTEX_POINT('',#2776);
#2776=CARTESIAN_POINT('',(-4.69,0.615,0.));
#2777=LINE('',#2776,#2597);
#2778=ORIENTED_EDGE('',*,*,#2779,.F.);
#2779=EDGE_CURVE('',#2780,#2775,#2782,.T.);
#2780=VERTEX_POINT('',#2781);
#2781=CARTESIAN_POINT('',(-4.69,0.435,0.));
#2782=CIRCLE('',#2783,9.E-02);
#2783=AXIS2_PLACEMENT_3D('',#2784,#13,#2606);
#2784=CARTESIAN_POINT('',(-4.69,0.525,0.));
#2785=ORIENTED_EDGE('',*,*,#2786,.F.);
#2786=EDGE_CURVE('',#306,#2780,#2787,.T.);
#2787=LINE('',#307,#2610);
#2788=ORIENTED_EDGE('',*,*,#305,.F.);
#2789=ORIENTED_EDGE('',*,*,#2790,.F.);
#2790=EDGE_CURVE('',#2791,#301,#2793,.T.);
#2791=VERTEX_POINT('',#2792);
#2792=CARTESIAN_POINT('',(-4.69,0.265,0.));
#2793=LINE('',#2792,#2597);
#2794=ORIENTED_EDGE('',*,*,#2795,.F.);
#2795=EDGE_CURVE('',#2796,#2791,#2798,.T.);
#2796=VERTEX_POINT('',#2797);
#2797=CARTESIAN_POINT('',(-4.69,8.5E-02,0.));
#2798=CIRCLE('',#2799,9.E-02);
#2799=AXIS2_PLACEMENT_3D('',#2800,#13,#2606);
#2800=CARTESIAN_POINT('',(-4.69,0.175,0.));
#2801=ORIENTED_EDGE('',*,*,#2802,.F.);
#2802=EDGE_CURVE('',#287,#2796,#2803,.T.);
#2803=LINE('',#288,#2610);
#2804=ORIENTED_EDGE('',*,*,#286,.F.);
#2805=ORIENTED_EDGE('',*,*,#2806,.F.);
#2806=EDGE_CURVE('',#2807,#282,#2809,.T.);
#2807=VERTEX_POINT('',#2808);
#2808=CARTESIAN_POINT('',(-4.69,-8.5E-02,0.));
#2809=LINE('',#2808,#2597);
#2810=ORIENTED_EDGE('',*,*,#2811,.F.);
#2811=EDGE_CURVE('',#2812,#2807,#2814,.T.);
#2812=VERTEX_POINT('',#2813);
#2813=CARTESIAN_POINT('',(-4.69,-0.265,0.));
#2814=CIRCLE('',#2815,9.E-02);
#2815=AXIS2_PLACEMENT_3D('',#2816,#13,#2606);
#2816=CARTESIAN_POINT('',(-4.69,-0.175,0.));
#2817=ORIENTED_EDGE('',*,*,#2818,.F.);
#2818=EDGE_CURVE('',#268,#2812,#2819,.T.);
#2819=LINE('',#269,#2610);
#2820=ORIENTED_EDGE('',*,*,#267,.F.);
#2821=ORIENTED_EDGE('',*,*,#2822,.F.);
#2822=EDGE_CURVE('',#2823,#263,#2825,.T.);
#2823=VERTEX_POINT('',#2824);
#2824=CARTESIAN_POINT('',(-4.69,-0.435,0.));
#2825=LINE('',#2824,#2597);
#2826=ORIENTED_EDGE('',*,*,#2827,.F.);
#2827=EDGE_CURVE('',#2828,#2823,#2830,.T.);
#2828=VERTEX_POINT('',#2829);
#2829=CARTESIAN_POINT('',(-4.69,-0.615,0.));
#2830=CIRCLE('',#2831,9.E-02);
#2831=AXIS2_PLACEMENT_3D('',#2832,#13,#2606);
#2832=CARTESIAN_POINT('',(-4.69,-0.525,0.));
#2833=ORIENTED_EDGE('',*,*,#2834,.F.);
#2834=EDGE_CURVE('',#249,#2828,#2835,.T.);
#2835=LINE('',#250,#2610);
#2836=ORIENTED_EDGE('',*,*,#248,.F.);
#2837=ORIENTED_EDGE('',*,*,#2838,.F.);
#2838=EDGE_CURVE('',#2839,#244,#2841,.T.);
#2839=VERTEX_POINT('',#2840);
#2840=CARTESIAN_POINT('',(-4.69,-0.785,0.));
#2841=LINE('',#2840,#2597);
#2842=ORIENTED_EDGE('',*,*,#2843,.F.);
#2843=EDGE_CURVE('',#2844,#2839,#2846,.T.);
#2844=VERTEX_POINT('',#2845);
#2845=CARTESIAN_POINT('',(-4.69,-0.965,0.));
#2846=CIRCLE('',#2847,9.E-02);
#2847=AXIS2_PLACEMENT_3D('',#2848,#13,#2606);
#2848=CARTESIAN_POINT('',(-4.69,-0.875,0.));
#2849=ORIENTED_EDGE('',*,*,#2850,.F.);
#2850=EDGE_CURVE('',#230,#2844,#2851,.T.);
#2851=LINE('',#231,#2610);
#2852=ORIENTED_EDGE('',*,*,#229,.F.);
#2853=ORIENTED_EDGE('',*,*,#2854,.F.);
#2854=EDGE_CURVE('',#2855,#225,#2857,.T.);
#2855=VERTEX_POINT('',#2856);
#2856=CARTESIAN_POINT('',(-4.69,-1.135,0.));
#2857=LINE('',#2856,#2597);
#2858=ORIENTED_EDGE('',*,*,#2859,.F.);
#2859=EDGE_CURVE('',#2860,#2855,#2862,.T.);
#2860=VERTEX_POINT('',#2861);
#2861=CARTESIAN_POINT('',(-4.69,-1.315,0.));
#2862=CIRCLE('',#2863,9.E-02);
#2863=AXIS2_PLACEMENT_3D('',#2864,#13,#2606);
#2864=CARTESIAN_POINT('',(-4.69,-1.225,0.));
#2865=ORIENTED_EDGE('',*,*,#2866,.F.);
#2866=EDGE_CURVE('',#211,#2860,#2867,.T.);
#2867=LINE('',#212,#2610);
#2868=ORIENTED_EDGE('',*,*,#210,.F.);
#2869=ORIENTED_EDGE('',*,*,#2870,.F.);
#2870=EDGE_CURVE('',#2871,#206,#2873,.T.);
#2871=VERTEX_POINT('',#2872);
#2872=CARTESIAN_POINT('',(-4.69,-1.485,0.));
#2873=LINE('',#2872,#2597);
#2874=ORIENTED_EDGE('',*,*,#2875,.F.);
#2875=EDGE_CURVE('',#2876,#2871,#2878,.T.);
#2876=VERTEX_POINT('',#2877);
#2877=CARTESIAN_POINT('',(-4.69,-1.665,0.));
#2878=CIRCLE('',#2879,9.E-02);
#2879=AXIS2_PLACEMENT_3D('',#2880,#13,#2606);
#2880=CARTESIAN_POINT('',(-4.69,-1.575,0.));
#2881=ORIENTED_EDGE('',*,*,#2882,.F.);
#2882=EDGE_CURVE('',#192,#2876,#2883,.T.);
#2883=LINE('',#193,#2610);
#2884=ORIENTED_EDGE('',*,*,#191,.F.);
#2885=ORIENTED_EDGE('',*,*,#2886,.F.);
#2886=EDGE_CURVE('',#2887,#187,#2889,.T.);
#2887=VERTEX_POINT('',#2888);
#2888=CARTESIAN_POINT('',(-4.69,-1.835,0.));
#2889=LINE('',#2888,#2597);
#2890=ORIENTED_EDGE('',*,*,#2891,.F.);
#2891=EDGE_CURVE('',#2892,#2887,#2894,.T.);
#2892=VERTEX_POINT('',#2893);
#2893=CARTESIAN_POINT('',(-4.69,-2.015,0.));
#2894=CIRCLE('',#2895,9.E-02);
#2895=AXIS2_PLACEMENT_3D('',#2896,#13,#2606);
#2896=CARTESIAN_POINT('',(-4.69,-1.925,0.));
#2897=ORIENTED_EDGE('',*,*,#2898,.F.);
#2898=EDGE_CURVE('',#173,#2892,#2899,.T.);
#2899=LINE('',#174,#2610);
#2900=ORIENTED_EDGE('',*,*,#172,.F.);
#2901=ORIENTED_EDGE('',*,*,#2902,.F.);
#2902=EDGE_CURVE('',#2903,#168,#2905,.T.);
#2903=VERTEX_POINT('',#2904);
#2904=CARTESIAN_POINT('',(-4.69,-2.185,0.));
#2905=LINE('',#2904,#2597);
#2906=ORIENTED_EDGE('',*,*,#2907,.F.);
#2907=EDGE_CURVE('',#2908,#2903,#2910,.T.);
#2908=VERTEX_POINT('',#2909);
#2909=CARTESIAN_POINT('',(-4.69,-2.365,0.));
#2910=CIRCLE('',#2911,9.E-02);
#2911=AXIS2_PLACEMENT_3D('',#2912,#13,#2606);
#2912=CARTESIAN_POINT('',(-4.69,-2.275,0.));
#2913=ORIENTED_EDGE('',*,*,#2914,.F.);
#2914=EDGE_CURVE('',#154,#2908,#2915,.T.);
#2915=LINE('',#155,#2610);
#2916=ORIENTED_EDGE('',*,*,#153,.F.);
#2917=ORIENTED_EDGE('',*,*,#2918,.F.);
#2918=EDGE_CURVE('',#2919,#149,#2921,.T.);
#2919=VERTEX_POINT('',#2920);
#2920=CARTESIAN_POINT('',(-4.69,-2.535,0.));
#2921=LINE('',#2920,#2597);
#2922=ORIENTED_EDGE('',*,*,#2923,.F.);
#2923=EDGE_CURVE('',#2924,#2919,#2926,.T.);
#2924=VERTEX_POINT('',#2925);
#2925=CARTESIAN_POINT('',(-4.69,-2.715,0.));
#2926=CIRCLE('',#2927,9.E-02);
#2927=AXIS2_PLACEMENT_3D('',#2928,#13,#2606);
#2928=CARTESIAN_POINT('',(-4.69,-2.625,0.));
#2929=ORIENTED_EDGE('',*,*,#2930,.F.);
#2930=EDGE_CURVE('',#135,#2924,#2931,.T.);
#2931=LINE('',#136,#2610);
#2932=ORIENTED_EDGE('',*,*,#134,.F.);
#2933=ORIENTED_EDGE('',*,*,#2934,.F.);
#2934=EDGE_CURVE('',#2935,#130,#2937,.T.);
#2935=VERTEX_POINT('',#2936);
#2936=CARTESIAN_POINT('',(-4.69,-2.885,0.));
#2937=LINE('',#2936,#2597);
#2938=ORIENTED_EDGE('',*,*,#2939,.F.);
#2939=EDGE_CURVE('',#2940,#2935,#2942,.T.);
#2940=VERTEX_POINT('',#2941);
#2941=CARTESIAN_POINT('',(-4.69,-3.065,0.));
#2942=CIRCLE('',#2943,9.E-02);
#2943=AXIS2_PLACEMENT_3D('',#2944,#13,#2606);
#2944=CARTESIAN_POINT('',(-4.69,-2.975,0.));
#2945=ORIENTED_EDGE('',*,*,#2946,.F.);
#2946=EDGE_CURVE('',#116,#2940,#2947,.T.);
#2947=LINE('',#117,#2610);
#2948=ORIENTED_EDGE('',*,*,#115,.F.);
#2949=ORIENTED_EDGE('',*,*,#2950,.F.);
#2950=EDGE_CURVE('',#2951,#111,#2953,.T.);
#2951=VERTEX_POINT('',#2952);
#2952=CARTESIAN_POINT('',(-4.69,-3.235,0.));
#2953=LINE('',#2952,#2597);
#2954=ORIENTED_EDGE('',*,*,#2955,.F.);
#2955=EDGE_CURVE('',#2956,#2951,#2958,.T.);
#2956=VERTEX_POINT('',#2957);
#2957=CARTESIAN_POINT('',(-4.69,-3.415,0.));
#2958=CIRCLE('',#2959,9.E-02);
#2959=AXIS2_PLACEMENT_3D('',#2960,#13,#2606);
#2960=CARTESIAN_POINT('',(-4.69,-3.325,0.));
#2961=ORIENTED_EDGE('',*,*,#2962,.F.);
#2962=EDGE_CURVE('',#97,#2956,#2963,.T.);
#2963=LINE('',#98,#2610);
#2964=ORIENTED_EDGE('',*,*,#96,.F.);
#2965=ORIENTED_EDGE('',*,*,#2966,.F.);
#2966=EDGE_CURVE('',#2967,#92,#2969,.T.);
#2967=VERTEX_POINT('',#2968);
#2968=CARTESIAN_POINT('',(-4.69,-3.585,0.));
#2969=LINE('',#2968,#2597);
#2970=ORIENTED_EDGE('',*,*,#2971,.F.);
#2971=EDGE_CURVE('',#2972,#2967,#2974,.T.);
#2972=VERTEX_POINT('',#2973);
#2973=CARTESIAN_POINT('',(-4.69,-3.765,0.));
#2974=CIRCLE('',#2975,9.E-02);
#2975=AXIS2_PLACEMENT_3D('',#2976,#13,#2606);
#2976=CARTESIAN_POINT('',(-4.69,-3.675,0.));
#2977=ORIENTED_EDGE('',*,*,#2978,.F.);
#2978=EDGE_CURVE('',#78,#2972,#2979,.T.);
#2979=LINE('',#79,#2610);
#2980=ORIENTED_EDGE('',*,*,#77,.F.);
#2981=ORIENTED_EDGE('',*,*,#2982,.F.);
#2982=EDGE_CURVE('',#2983,#73,#2985,.T.);
#2983=VERTEX_POINT('',#2984);
#2984=CARTESIAN_POINT('',(-4.69,-3.935,0.));
#2985=LINE('',#2984,#2597);
#2986=ORIENTED_EDGE('',*,*,#2987,.F.);
#2987=EDGE_CURVE('',#2988,#2983,#2990,.T.);
#2988=VERTEX_POINT('',#2989);
#2989=CARTESIAN_POINT('',(-4.69,-4.115,0.));
#2990=CIRCLE('',#2991,9.E-02);
#2991=AXIS2_PLACEMENT_3D('',#2992,#13,#2606);
#2992=CARTESIAN_POINT('',(-4.69,-4.025,0.));
#2993=ORIENTED_EDGE('',*,*,#2994,.F.);
#2994=EDGE_CURVE('',#59,#2988,#2995,.T.);
#2995=LINE('',#60,#2610);
#2996=ORIENTED_EDGE('',*,*,#58,.F.);
#2997=ORIENTED_EDGE('',*,*,#2998,.F.);
#2998=EDGE_CURVE('',#2999,#54,#3001,.T.);
#2999=VERTEX_POINT('',#3000);
#3000=CARTESIAN_POINT('',(-4.69,-4.285,0.));
#3001=LINE('',#3000,#2597);
#3002=ORIENTED_EDGE('',*,*,#3003,.F.);
#3003=EDGE_CURVE('',#3004,#2999,#3006,.T.);
#3004=VERTEX_POINT('',#3005);
#3005=CARTESIAN_POINT('',(-4.69,-4.465,0.));
#3006=CIRCLE('',#3007,9.E-02);
#3007=AXIS2_PLACEMENT_3D('',#3008,#13,#2606);
#3008=CARTESIAN_POINT('',(-4.69,-4.375,0.));
#3009=ORIENTED_EDGE('',*,*,#3010,.F.);
#3010=EDGE_CURVE('',#37,#3004,#3011,.T.);
#3011=LINE('',#38,#2610);
#3012=FACE_BOUND('',#3013,.F.);
#3013=EDGE_LOOP('',(#3014,#3021,#3028,#3033));
#3014=ORIENTED_EDGE('',*,*,#3015,.F.);
#3015=EDGE_CURVE('',#3016,#3018,#3020,.T.);
#3016=VERTEX_POINT('',#3017);
#3017=CARTESIAN_POINT('',(-3.75,-3.75,0.));
#3018=VERTEX_POINT('',#3019);
#3019=CARTESIAN_POINT('',(3.75,-3.75,0.));
#3020=LINE('',#3017,#550);
#3021=ORIENTED_EDGE('',*,*,#3022,.F.);
#3022=EDGE_CURVE('',#3023,#3016,#3025,.T.);
#3023=VERTEX_POINT('',#3024);
#3024=CARTESIAN_POINT('',(-3.75,3.75,0.));
#3025=LINE('',#3024,#3026);
#3026=VECTOR('',#3027,1.);
#3027=DIRECTION('',(0.,-1.,0.));
#3028=ORIENTED_EDGE('',*,*,#3029,.F.);
#3029=EDGE_CURVE('',#3030,#3023,#3032,.T.);
#3030=VERTEX_POINT('',#3031);
#3031=CARTESIAN_POINT('',(3.75,3.75,0.));
#3032=LINE('',#3031,#598);
#3033=ORIENTED_EDGE('',*,*,#3034,.F.);
#3034=EDGE_CURVE('',#3018,#3030,#3035,.T.);
#3035=LINE('',#3019,#27);
#3036=PLANE('',#3037);
#3037=AXIS2_PLACEMENT_3D('',#32,#13,#541);
#3038=ADVANCED_FACE('',(#3039),#3047,.F.);
#3039=FACE_BOUND('',#3040,.F.);
#3040=EDGE_LOOP('',(#3041,#3042,#3043,#3044));
#3041=ORIENTED_EDGE('',*,*,#528,.T.);
#3042=ORIENTED_EDGE('',*,*,#523,.T.);
#3043=ORIENTED_EDGE('',*,*,#518,.F.);
#3044=ORIENTED_EDGE('',*,*,#3045,.F.);
#3045=EDGE_CURVE('',#529,#515,#3046,.T.);
#3046=LINE('',#530,#50);
#3047=PLANE('',#3048);
#3048=AXIS2_PLACEMENT_3D('',#530,#3049,#51);
#3049=DIRECTION('',(1.,-1.110223024625E-16,0.));
#3050=ADVANCED_FACE('',(#3051),#3059,.F.);
#3051=FACE_BOUND('',#3052,.F.);
#3052=EDGE_LOOP('',(#3053,#3054,#3055,#3056));
#3053=ORIENTED_EDGE('',*,*,#509,.T.);
#3054=ORIENTED_EDGE('',*,*,#504,.T.);
#3055=ORIENTED_EDGE('',*,*,#499,.F.);
#3056=ORIENTED_EDGE('',*,*,#3057,.F.);
#3057=EDGE_CURVE('',#510,#496,#3058,.T.);
#3058=LINE('',#511,#50);
#3059=PLANE('',#3060);
#3060=AXIS2_PLACEMENT_3D('',#511,#3049,#51);
#3061=ADVANCED_FACE('',(#3062),#3070,.F.);
#3062=FACE_BOUND('',#3063,.F.);
#3063=EDGE_LOOP('',(#3064,#3065,#3066,#3067));
#3064=ORIENTED_EDGE('',*,*,#490,.T.);
#3065=ORIENTED_EDGE('',*,*,#485,.T.);
#3066=ORIENTED_EDGE('',*,*,#480,.F.);
#3067=ORIENTED_EDGE('',*,*,#3068,.F.);
#3068=EDGE_CURVE('',#491,#477,#3069,.T.);
#3069=LINE('',#492,#50);
#3070=PLANE('',#3071);
#3071=AXIS2_PLACEMENT_3D('',#492,#3049,#51);
#3072=ADVANCED_FACE('',(#3073),#3081,.F.);
#3073=FACE_BOUND('',#3074,.F.);
#3074=EDGE_LOOP('',(#3075,#3076,#3077,#3078));
#3075=ORIENTED_EDGE('',*,*,#471,.T.);
#3076=ORIENTED_EDGE('',*,*,#466,.T.);
#3077=ORIENTED_EDGE('',*,*,#461,.F.);
#3078=ORIENTED_EDGE('',*,*,#3079,.F.);
#3079=EDGE_CURVE('',#472,#458,#3080,.T.);
#3080=LINE('',#473,#50);
#3081=PLANE('',#3082);
#3082=AXIS2_PLACEMENT_3D('',#473,#3049,#51);
#3083=ADVANCED_FACE('',(#3084),#3092,.F.);
#3084=FACE_BOUND('',#3085,.F.);
#3085=EDGE_LOOP('',(#3086,#3087,#3088,#3089));
#3086=ORIENTED_EDGE('',*,*,#452,.T.);
#3087=ORIENTED_EDGE('',*,*,#447,.T.);
#3088=ORIENTED_EDGE('',*,*,#442,.F.);
#3089=ORIENTED_EDGE('',*,*,#3090,.F.);
#3090=EDGE_CURVE('',#453,#439,#3091,.T.);
#3091=LINE('',#454,#50);
#3092=PLANE('',#3093);
#3093=AXIS2_PLACEMENT_3D('',#454,#3049,#51);
#3094=ADVANCED_FACE('',(#3095),#3103,.F.);
#3095=FACE_BOUND('',#3096,.F.);
#3096=EDGE_LOOP('',(#3097,#3098,#3099,#3100));
#3097=ORIENTED_EDGE('',*,*,#433,.T.);
#3098=ORIENTED_EDGE('',*,*,#428,.T.);
#3099=ORIENTED_EDGE('',*,*,#423,.F.);
#3100=ORIENTED_EDGE('',*,*,#3101,.F.);
#3101=EDGE_CURVE('',#434,#420,#3102,.T.);
#3102=LINE('',#435,#50);
#3103=PLANE('',#3104);
#3104=AXIS2_PLACEMENT_3D('',#435,#3049,#51);
#3105=ADVANCED_FACE('',(#3106),#3114,.F.);
#3106=FACE_BOUND('',#3107,.F.);
#3107=EDGE_LOOP('',(#3108,#3109,#3110,#3111));
#3108=ORIENTED_EDGE('',*,*,#414,.T.);
#3109=ORIENTED_EDGE('',*,*,#409,.T.);
#3110=ORIENTED_EDGE('',*,*,#404,.F.);
#3111=ORIENTED_EDGE('',*,*,#3112,.F.);
#3112=EDGE_CURVE('',#415,#401,#3113,.T.);
#3113=LINE('',#416,#50);
#3114=PLANE('',#3115);
#3115=AXIS2_PLACEMENT_3D('',#416,#3049,#51);
#3116=ADVANCED_FACE('',(#3117),#3125,.F.);
#3117=FACE_BOUND('',#3118,.F.);
#3118=EDGE_LOOP('',(#3119,#3120,#3121,#3122));
#3119=ORIENTED_EDGE('',*,*,#395,.T.);
#3120=ORIENTED_EDGE('',*,*,#390,.T.);
#3121=ORIENTED_EDGE('',*,*,#385,.F.);
#3122=ORIENTED_EDGE('',*,*,#3123,.F.);
#3123=EDGE_CURVE('',#396,#382,#3124,.T.);
#3124=LINE('',#397,#50);
#3125=PLANE('',#3126);
#3126=AXIS2_PLACEMENT_3D('',#397,#3049,#51);
#3127=ADVANCED_FACE('',(#3128),#3136,.F.);
#3128=FACE_BOUND('',#3129,.F.);
#3129=EDGE_LOOP('',(#3130,#3131,#3132,#3133));
#3130=ORIENTED_EDGE('',*,*,#376,.T.);
#3131=ORIENTED_EDGE('',*,*,#371,.T.);
#3132=ORIENTED_EDGE('',*,*,#366,.F.);
#3133=ORIENTED_EDGE('',*,*,#3134,.F.);
#3134=EDGE_CURVE('',#377,#363,#3135,.T.);
#3135=LINE('',#378,#50);
#3136=PLANE('',#3137);
#3137=AXIS2_PLACEMENT_3D('',#378,#3049,#51);
#3138=ADVANCED_FACE('',(#3139),#3147,.F.);
#3139=FACE_BOUND('',#3140,.F.);
#3140=EDGE_LOOP('',(#3141,#3142,#3143,#3144));
#3141=ORIENTED_EDGE('',*,*,#357,.T.);
#3142=ORIENTED_EDGE('',*,*,#352,.T.);
#3143=ORIENTED_EDGE('',*,*,#347,.F.);
#3144=ORIENTED_EDGE('',*,*,#3145,.F.);
#3145=EDGE_CURVE('',#358,#344,#3146,.T.);
#3146=LINE('',#359,#50);
#3147=PLANE('',#3148);
#3148=AXIS2_PLACEMENT_3D('',#359,#3049,#51);
#3149=ADVANCED_FACE('',(#3150),#3158,.F.);
#3150=FACE_BOUND('',#3151,.F.);
#3151=EDGE_LOOP('',(#3152,#3153,#3154,#3155));
#3152=ORIENTED_EDGE('',*,*,#338,.T.);
#3153=ORIENTED_EDGE('',*,*,#333,.T.);
#3154=ORIENTED_EDGE('',*,*,#328,.F.);
#3155=ORIENTED_EDGE('',*,*,#3156,.F.);
#3156=EDGE_CURVE('',#339,#325,#3157,.T.);
#3157=LINE('',#340,#50);
#3158=PLANE('',#3159);
#3159=AXIS2_PLACEMENT_3D('',#340,#3049,#51);
#3160=ADVANCED_FACE('',(#3161),#3169,.F.);
#3161=FACE_BOUND('',#3162,.F.);
#3162=EDGE_LOOP('',(#3163,#3164,#3165,#3166));
#3163=ORIENTED_EDGE('',*,*,#319,.T.);
#3164=ORIENTED_EDGE('',*,*,#314,.T.);
#3165=ORIENTED_EDGE('',*,*,#309,.F.);
#3166=ORIENTED_EDGE('',*,*,#3167,.F.);
#3167=EDGE_CURVE('',#320,#306,#3168,.T.);
#3168=LINE('',#321,#50);
#3169=PLANE('',#3170);
#3170=AXIS2_PLACEMENT_3D('',#321,#3049,#51);
#3171=ADVANCED_FACE('',(#3172),#3180,.F.);
#3172=FACE_BOUND('',#3173,.F.);
#3173=EDGE_LOOP('',(#3174,#3175,#3176,#3177));
#3174=ORIENTED_EDGE('',*,*,#300,.T.);
#3175=ORIENTED_EDGE('',*,*,#295,.T.);
#3176=ORIENTED_EDGE('',*,*,#290,.F.);
#3177=ORIENTED_EDGE('',*,*,#3178,.F.);
#3178=EDGE_CURVE('',#301,#287,#3179,.T.);
#3179=LINE('',#302,#50);
#3180=PLANE('',#3181);
#3181=AXIS2_PLACEMENT_3D('',#302,#3049,#51);
#3182=ADVANCED_FACE('',(#3183),#3191,.F.);
#3183=FACE_BOUND('',#3184,.F.);
#3184=EDGE_LOOP('',(#3185,#3186,#3187,#3188));
#3185=ORIENTED_EDGE('',*,*,#281,.T.);
#3186=ORIENTED_EDGE('',*,*,#276,.T.);
#3187=ORIENTED_EDGE('',*,*,#271,.F.);
#3188=ORIENTED_EDGE('',*,*,#3189,.F.);
#3189=EDGE_CURVE('',#282,#268,#3190,.T.);
#3190=LINE('',#283,#50);
#3191=PLANE('',#3192);
#3192=AXIS2_PLACEMENT_3D('',#283,#3049,#51);
#3193=ADVANCED_FACE('',(#3194),#3202,.F.);
#3194=FACE_BOUND('',#3195,.F.);
#3195=EDGE_LOOP('',(#3196,#3197,#3198,#3199));
#3196=ORIENTED_EDGE('',*,*,#262,.T.);
#3197=ORIENTED_EDGE('',*,*,#257,.T.);
#3198=ORIENTED_EDGE('',*,*,#252,.F.);
#3199=ORIENTED_EDGE('',*,*,#3200,.F.);
#3200=EDGE_CURVE('',#263,#249,#3201,.T.);
#3201=LINE('',#264,#50);
#3202=PLANE('',#3203);
#3203=AXIS2_PLACEMENT_3D('',#264,#3049,#51);
#3204=ADVANCED_FACE('',(#3205),#3213,.F.);
#3205=FACE_BOUND('',#3206,.F.);
#3206=EDGE_LOOP('',(#3207,#3208,#3209,#3210));
#3207=ORIENTED_EDGE('',*,*,#243,.T.);
#3208=ORIENTED_EDGE('',*,*,#238,.T.);
#3209=ORIENTED_EDGE('',*,*,#233,.F.);
#3210=ORIENTED_EDGE('',*,*,#3211,.F.);
#3211=EDGE_CURVE('',#244,#230,#3212,.T.);
#3212=LINE('',#245,#50);
#3213=PLANE('',#3214);
#3214=AXIS2_PLACEMENT_3D('',#245,#3049,#51);
#3215=ADVANCED_FACE('',(#3216),#3224,.F.);
#3216=FACE_BOUND('',#3217,.F.);
#3217=EDGE_LOOP('',(#3218,#3219,#3220,#3221));
#3218=ORIENTED_EDGE('',*,*,#224,.T.);
#3219=ORIENTED_EDGE('',*,*,#219,.T.);
#3220=ORIENTED_EDGE('',*,*,#214,.F.);
#3221=ORIENTED_EDGE('',*,*,#3222,.F.);
#3222=EDGE_CURVE('',#225,#211,#3223,.T.);
#3223=LINE('',#226,#50);
#3224=PLANE('',#3225);
#3225=AXIS2_PLACEMENT_3D('',#226,#3049,#51);
#3226=ADVANCED_FACE('',(#3227),#3235,.F.);
#3227=FACE_BOUND('',#3228,.F.);
#3228=EDGE_LOOP('',(#3229,#3230,#3231,#3232));
#3229=ORIENTED_EDGE('',*,*,#205,.T.);
#3230=ORIENTED_EDGE('',*,*,#200,.T.);
#3231=ORIENTED_EDGE('',*,*,#195,.F.);
#3232=ORIENTED_EDGE('',*,*,#3233,.F.);
#3233=EDGE_CURVE('',#206,#192,#3234,.T.);
#3234=LINE('',#207,#50);
#3235=PLANE('',#3236);
#3236=AXIS2_PLACEMENT_3D('',#207,#3049,#51);
#3237=ADVANCED_FACE('',(#3238),#3246,.F.);
#3238=FACE_BOUND('',#3239,.F.);
#3239=EDGE_LOOP('',(#3240,#3241,#3242,#3243));
#3240=ORIENTED_EDGE('',*,*,#186,.T.);
#3241=ORIENTED_EDGE('',*,*,#181,.T.);
#3242=ORIENTED_EDGE('',*,*,#176,.F.);
#3243=ORIENTED_EDGE('',*,*,#3244,.F.);
#3244=EDGE_CURVE('',#187,#173,#3245,.T.);
#3245=LINE('',#188,#50);
#3246=PLANE('',#3247);
#3247=AXIS2_PLACEMENT_3D('',#188,#3049,#51);
#3248=ADVANCED_FACE('',(#3249),#3257,.F.);
#3249=FACE_BOUND('',#3250,.F.);
#3250=EDGE_LOOP('',(#3251,#3252,#3253,#3254));
#3251=ORIENTED_EDGE('',*,*,#167,.T.);
#3252=ORIENTED_EDGE('',*,*,#162,.T.);
#3253=ORIENTED_EDGE('',*,*,#157,.F.);
#3254=ORIENTED_EDGE('',*,*,#3255,.F.);
#3255=EDGE_CURVE('',#168,#154,#3256,.T.);
#3256=LINE('',#169,#50);
#3257=PLANE('',#3258);
#3258=AXIS2_PLACEMENT_3D('',#169,#3049,#51);
#3259=ADVANCED_FACE('',(#3260),#3268,.F.);
#3260=FACE_BOUND('',#3261,.F.);
#3261=EDGE_LOOP('',(#3262,#3263,#3264,#3265));
#3262=ORIENTED_EDGE('',*,*,#148,.T.);
#3263=ORIENTED_EDGE('',*,*,#143,.T.);
#3264=ORIENTED_EDGE('',*,*,#138,.F.);
#3265=ORIENTED_EDGE('',*,*,#3266,.F.);
#3266=EDGE_CURVE('',#149,#135,#3267,.T.);
#3267=LINE('',#150,#50);
#3268=PLANE('',#3269);
#3269=AXIS2_PLACEMENT_3D('',#150,#3049,#51);
#3270=ADVANCED_FACE('',(#3271),#3279,.F.);
#3271=FACE_BOUND('',#3272,.F.);
#3272=EDGE_LOOP('',(#3273,#3274,#3275,#3276));
#3273=ORIENTED_EDGE('',*,*,#129,.T.);
#3274=ORIENTED_EDGE('',*,*,#124,.T.);
#3275=ORIENTED_EDGE('',*,*,#119,.F.);
#3276=ORIENTED_EDGE('',*,*,#3277,.F.);
#3277=EDGE_CURVE('',#130,#116,#3278,.T.);
#3278=LINE('',#131,#50);
#3279=PLANE('',#3280);
#3280=AXIS2_PLACEMENT_3D('',#131,#3049,#51);
#3281=ADVANCED_FACE('',(#3282),#3290,.F.);
#3282=FACE_BOUND('',#3283,.F.);
#3283=EDGE_LOOP('',(#3284,#3285,#3286,#3287));
#3284=ORIENTED_EDGE('',*,*,#110,.T.);
#3285=ORIENTED_EDGE('',*,*,#105,.T.);
#3286=ORIENTED_EDGE('',*,*,#100,.F.);
#3287=ORIENTED_EDGE('',*,*,#3288,.F.);
#3288=EDGE_CURVE('',#111,#97,#3289,.T.);
#3289=LINE('',#112,#50);
#3290=PLANE('',#3291);
#3291=AXIS2_PLACEMENT_3D('',#112,#3049,#51);
#3292=ADVANCED_FACE('',(#3293),#3301,.F.);
#3293=FACE_BOUND('',#3294,.F.);
#3294=EDGE_LOOP('',(#3295,#3296,#3297,#3298));
#3295=ORIENTED_EDGE('',*,*,#91,.T.);
#3296=ORIENTED_EDGE('',*,*,#86,.T.);
#3297=ORIENTED_EDGE('',*,*,#81,.F.);
#3298=ORIENTED_EDGE('',*,*,#3299,.F.);
#3299=EDGE_CURVE('',#92,#78,#3300,.T.);
#3300=LINE('',#93,#50);
#3301=PLANE('',#3302);
#3302=AXIS2_PLACEMENT_3D('',#93,#3049,#51);
#3303=ADVANCED_FACE('',(#3304),#3312,.F.);
#3304=FACE_BOUND('',#3305,.F.);
#3305=EDGE_LOOP('',(#3306,#3307,#3308,#3309));
#3306=ORIENTED_EDGE('',*,*,#72,.T.);
#3307=ORIENTED_EDGE('',*,*,#67,.T.);
#3308=ORIENTED_EDGE('',*,*,#62,.F.);
#3309=ORIENTED_EDGE('',*,*,#3310,.F.);
#3310=EDGE_CURVE('',#73,#59,#3311,.T.);
#3311=LINE('',#74,#50);
#3312=PLANE('',#3313);
#3313=AXIS2_PLACEMENT_3D('',#74,#3049,#51);
#3314=ADVANCED_FACE('',(#3315),#3323,.F.);
#3315=FACE_BOUND('',#3316,.F.);
#3316=EDGE_LOOP('',(#3317,#3318,#3319,#3320));
#3317=ORIENTED_EDGE('',*,*,#53,.T.);
#3318=ORIENTED_EDGE('',*,*,#46,.T.);
#3319=ORIENTED_EDGE('',*,*,#41,.F.);
#3320=ORIENTED_EDGE('',*,*,#3321,.F.);
#3321=EDGE_CURVE('',#54,#37,#3322,.T.);
#3322=LINE('',#55,#50);
#3323=PLANE('',#3324);
#3324=AXIS2_PLACEMENT_3D('',#55,#3049,#51);
#3325=ADVANCED_FACE('',(#3326),#3699,.F.);
#3326=FACE_BOUND('',#3327,.F.);
#3327=EDGE_LOOP('',(#3328,#3329,#545,#3330,#3333,#3334,#3339,#3346,#3349,#3350,#3355,#3360,#3363,#3364,#3369,#3374,#3377,#3378,#3383,#3388,#3391,#3392,#3397,#3402,#3405,#3406,#3411,#3416,#3419,#3420,#3425,#3430,#3433,#3434,#3439,#3444,#3447,#3448,#3453,#3458,#3461,#3462,#3467,#3472,#3475,#3476,#3481,#3486,#3489,#3490,#3495,#3500,#3503,#3504,#3509,#3514,#3517,#3518,#3523,#3528,#3531,#3532,#3537,#3542,#3545,#3546,#3551,#3556,#3559,#3560,#3565,#3570,#3573,#3574,#3579,#3584,#3587,#3588,#3593,#3598,#3601,#3602,#3607,#3612,#3615,#3616,#3621,#3626,#3629,#3630,#3635,#3640,#3643,#3644,#3649,#3654,#3657,#3658,#3663,#3668,#3671,#3672,#3677,#3682,#3685,#3686,#3691,#3696));
#3328=ORIENTED_EDGE('',*,*,#1085,.F.);
#3329=ORIENTED_EDGE('',*,*,#30,.T.);
#3330=ORIENTED_EDGE('',*,*,#3331,.F.);
#3331=EDGE_CURVE('',#1639,#547,#3332,.T.);
#3332=LINE('',#1640,#34);
#3333=ORIENTED_EDGE('',*,*,#1638,.F.);
#3334=ORIENTED_EDGE('',*,*,#3335,.T.);
#3335=EDGE_CURVE('',#1634,#3336,#3338,.T.);
#3336=VERTEX_POINT('',#3337);
#3337=CARTESIAN_POINT('',(4.465,-5.,0.17));
#3338=LINE('',#1635,#34);
#3339=ORIENTED_EDGE('',*,*,#3340,.F.);
#3340=EDGE_CURVE('',#3341,#3336,#3343,.T.);
#3341=VERTEX_POINT('',#3342);
#3342=CARTESIAN_POINT('',(4.285,-5.,0.17));
#3343=LINE('',#3342,#3344);
#3344=VECTOR('',#3345,1.);
#3345=DIRECTION('',(1.,-1.224646799147E-16,0.));
#3346=ORIENTED_EDGE('',*,*,#3347,.F.);
#3347=EDGE_CURVE('',#1618,#3341,#3348,.T.);
#3348=LINE('',#1619,#34);
#3349=ORIENTED_EDGE('',*,*,#1617,.F.);
#3350=ORIENTED_EDGE('',*,*,#3351,.T.);
#3351=EDGE_CURVE('',#1613,#3352,#3354,.T.);
#3352=VERTEX_POINT('',#3353);
#3353=CARTESIAN_POINT('',(4.115,-5.,0.17));
#3354=LINE('',#1614,#34);
#3355=ORIENTED_EDGE('',*,*,#3356,.F.);
#3356=EDGE_CURVE('',#3357,#3352,#3359,.T.);
#3357=VERTEX_POINT('',#3358);
#3358=CARTESIAN_POINT('',(3.935,-5.,0.17));
#3359=LINE('',#3358,#3344);
#3360=ORIENTED_EDGE('',*,*,#3361,.F.);
#3361=EDGE_CURVE('',#1597,#3357,#3362,.T.);
#3362=LINE('',#1598,#34);
#3363=ORIENTED_EDGE('',*,*,#1596,.F.);
#3364=ORIENTED_EDGE('',*,*,#3365,.T.);
#3365=EDGE_CURVE('',#1592,#3366,#3368,.T.);
#3366=VERTEX_POINT('',#3367);
#3367=CARTESIAN_POINT('',(3.765,-5.,0.17));
#3368=LINE('',#1593,#34);
#3369=ORIENTED_EDGE('',*,*,#3370,.F.);
#3370=EDGE_CURVE('',#3371,#3366,#3373,.T.);
#3371=VERTEX_POINT('',#3372);
#3372=CARTESIAN_POINT('',(3.585,-5.,0.17));
#3373=LINE('',#3372,#3344);
#3374=ORIENTED_EDGE('',*,*,#3375,.F.);
#3375=EDGE_CURVE('',#1576,#3371,#3376,.T.);
#3376=LINE('',#1577,#34);
#3377=ORIENTED_EDGE('',*,*,#1575,.F.);
#3378=ORIENTED_EDGE('',*,*,#3379,.T.);
#3379=EDGE_CURVE('',#1571,#3380,#3382,.T.);
#3380=VERTEX_POINT('',#3381);
#3381=CARTESIAN_POINT('',(3.415,-5.,0.17));
#3382=LINE('',#1572,#34);
#3383=ORIENTED_EDGE('',*,*,#3384,.F.);
#3384=EDGE_CURVE('',#3385,#3380,#3387,.T.);
#3385=VERTEX_POINT('',#3386);
#3386=CARTESIAN_POINT('',(3.235,-5.,0.17));
#3387=LINE('',#3386,#3344);
#3388=ORIENTED_EDGE('',*,*,#3389,.F.);
#3389=EDGE_CURVE('',#1555,#3385,#3390,.T.);
#3390=LINE('',#1556,#34);
#3391=ORIENTED_EDGE('',*,*,#1554,.F.);
#3392=ORIENTED_EDGE('',*,*,#3393,.T.);
#3393=EDGE_CURVE('',#1550,#3394,#3396,.T.);
#3394=VERTEX_POINT('',#3395);
#3395=CARTESIAN_POINT('',(3.065,-5.,0.17));
#3396=LINE('',#1551,#34);
#3397=ORIENTED_EDGE('',*,*,#3398,.F.);
#3398=EDGE_CURVE('',#3399,#3394,#3401,.T.);
#3399=VERTEX_POINT('',#3400);
#3400=CARTESIAN_POINT('',(2.885,-5.,0.17));
#3401=LINE('',#3400,#3344);
#3402=ORIENTED_EDGE('',*,*,#3403,.F.);
#3403=EDGE_CURVE('',#1534,#3399,#3404,.T.);
#3404=LINE('',#1535,#34);
#3405=ORIENTED_EDGE('',*,*,#1533,.F.);
#3406=ORIENTED_EDGE('',*,*,#3407,.T.);
#3407=EDGE_CURVE('',#1529,#3408,#3410,.T.);
#3408=VERTEX_POINT('',#3409);
#3409=CARTESIAN_POINT('',(2.715,-5.,0.17));
#3410=LINE('',#1530,#34);
#3411=ORIENTED_EDGE('',*,*,#3412,.F.);
#3412=EDGE_CURVE('',#3413,#3408,#3415,.T.);
#3413=VERTEX_POINT('',#3414);
#3414=CARTESIAN_POINT('',(2.535,-5.,0.17));
#3415=LINE('',#3414,#3344);
#3416=ORIENTED_EDGE('',*,*,#3417,.F.);
#3417=EDGE_CURVE('',#1513,#3413,#3418,.T.);
#3418=LINE('',#1514,#34);
#3419=ORIENTED_EDGE('',*,*,#1512,.F.);
#3420=ORIENTED_EDGE('',*,*,#3421,.T.);
#3421=EDGE_CURVE('',#1508,#3422,#3424,.T.);
#3422=VERTEX_POINT('',#3423);
#3423=CARTESIAN_POINT('',(2.365,-5.,0.17));
#3424=LINE('',#1509,#34);
#3425=ORIENTED_EDGE('',*,*,#3426,.F.);
#3426=EDGE_CURVE('',#3427,#3422,#3429,.T.);
#3427=VERTEX_POINT('',#3428);
#3428=CARTESIAN_POINT('',(2.185,-5.,0.17));
#3429=LINE('',#3428,#3344);
#3430=ORIENTED_EDGE('',*,*,#3431,.F.);
#3431=EDGE_CURVE('',#1492,#3427,#3432,.T.);
#3432=LINE('',#1493,#34);
#3433=ORIENTED_EDGE('',*,*,#1491,.F.);
#3434=ORIENTED_EDGE('',*,*,#3435,.T.);
#3435=EDGE_CURVE('',#1487,#3436,#3438,.T.);
#3436=VERTEX_POINT('',#3437);
#3437=CARTESIAN_POINT('',(2.015,-5.,0.17));
#3438=LINE('',#1488,#34);
#3439=ORIENTED_EDGE('',*,*,#3440,.F.);
#3440=EDGE_CURVE('',#3441,#3436,#3443,.T.);
#3441=VERTEX_POINT('',#3442);
#3442=CARTESIAN_POINT('',(1.835,-5.,0.17));
#3443=LINE('',#3442,#3344);
#3444=ORIENTED_EDGE('',*,*,#3445,.F.);
#3445=EDGE_CURVE('',#1471,#3441,#3446,.T.);
#3446=LINE('',#1472,#34);
#3447=ORIENTED_EDGE('',*,*,#1470,.F.);
#3448=ORIENTED_EDGE('',*,*,#3449,.T.);
#3449=EDGE_CURVE('',#1466,#3450,#3452,.T.);
#3450=VERTEX_POINT('',#3451);
#3451=CARTESIAN_POINT('',(1.665,-5.,0.17));
#3452=LINE('',#1467,#34);
#3453=ORIENTED_EDGE('',*,*,#3454,.F.);
#3454=EDGE_CURVE('',#3455,#3450,#3457,.T.);
#3455=VERTEX_POINT('',#3456);
#3456=CARTESIAN_POINT('',(1.485,-5.,0.17));
#3457=LINE('',#3456,#3344);
#3458=ORIENTED_EDGE('',*,*,#3459,.F.);
#3459=EDGE_CURVE('',#1450,#3455,#3460,.T.);
#3460=LINE('',#1451,#34);
#3461=ORIENTED_EDGE('',*,*,#1449,.F.);
#3462=ORIENTED_EDGE('',*,*,#3463,.T.);
#3463=EDGE_CURVE('',#1445,#3464,#3466,.T.);
#3464=VERTEX_POINT('',#3465);
#3465=CARTESIAN_POINT('',(1.315,-5.,0.17));
#3466=LINE('',#1446,#34);
#3467=ORIENTED_EDGE('',*,*,#3468,.F.);
#3468=EDGE_CURVE('',#3469,#3464,#3471,.T.);
#3469=VERTEX_POINT('',#3470);
#3470=CARTESIAN_POINT('',(1.135,-5.,0.17));
#3471=LINE('',#3470,#3344);
#3472=ORIENTED_EDGE('',*,*,#3473,.F.);
#3473=EDGE_CURVE('',#1429,#3469,#3474,.T.);
#3474=LINE('',#1430,#34);
#3475=ORIENTED_EDGE('',*,*,#1428,.F.);
#3476=ORIENTED_EDGE('',*,*,#3477,.T.);
#3477=EDGE_CURVE('',#1424,#3478,#3480,.T.);
#3478=VERTEX_POINT('',#3479);
#3479=CARTESIAN_POINT('',(0.965,-5.,0.17));
#3480=LINE('',#1425,#34);
#3481=ORIENTED_EDGE('',*,*,#3482,.F.);
#3482=EDGE_CURVE('',#3483,#3478,#3485,.T.);
#3483=VERTEX_POINT('',#3484);
#3484=CARTESIAN_POINT('',(0.785,-5.,0.17));
#3485=LINE('',#3484,#3344);
#3486=ORIENTED_EDGE('',*,*,#3487,.F.);
#3487=EDGE_CURVE('',#1408,#3483,#3488,.T.);
#3488=LINE('',#1409,#34);
#3489=ORIENTED_EDGE('',*,*,#1407,.F.);
#3490=ORIENTED_EDGE('',*,*,#3491,.T.);
#3491=EDGE_CURVE('',#1403,#3492,#3494,.T.);
#3492=VERTEX_POINT('',#3493);
#3493=CARTESIAN_POINT('',(0.615,-5.,0.17));
#3494=LINE('',#1404,#34);
#3495=ORIENTED_EDGE('',*,*,#3496,.F.);
#3496=EDGE_CURVE('',#3497,#3492,#3499,.T.);
#3497=VERTEX_POINT('',#3498);
#3498=CARTESIAN_POINT('',(0.435,-5.,0.17));
#3499=LINE('',#3498,#3344);
#3500=ORIENTED_EDGE('',*,*,#3501,.F.);
#3501=EDGE_CURVE('',#1387,#3497,#3502,.T.);
#3502=LINE('',#1388,#34);
#3503=ORIENTED_EDGE('',*,*,#1386,.F.);
#3504=ORIENTED_EDGE('',*,*,#3505,.T.);
#3505=EDGE_CURVE('',#1382,#3506,#3508,.T.);
#3506=VERTEX_POINT('',#3507);
#3507=CARTESIAN_POINT('',(0.265,-5.,0.17));
#3508=LINE('',#1383,#34);
#3509=ORIENTED_EDGE('',*,*,#3510,.F.);
#3510=EDGE_CURVE('',#3511,#3506,#3513,.T.);
#3511=VERTEX_POINT('',#3512);
#3512=CARTESIAN_POINT('',(8.5E-02,-5.,0.17));
#3513=LINE('',#3512,#3344);
#3514=ORIENTED_EDGE('',*,*,#3515,.F.);
#3515=EDGE_CURVE('',#1366,#3511,#3516,.T.);
#3516=LINE('',#1367,#34);
#3517=ORIENTED_EDGE('',*,*,#1365,.F.);
#3518=ORIENTED_EDGE('',*,*,#3519,.T.);
#3519=EDGE_CURVE('',#1361,#3520,#3522,.T.);
#3520=VERTEX_POINT('',#3521);
#3521=CARTESIAN_POINT('',(-8.5E-02,-5.,0.17));
#3522=LINE('',#1362,#34);
#3523=ORIENTED_EDGE('',*,*,#3524,.F.);
#3524=EDGE_CURVE('',#3525,#3520,#3527,.T.);
#3525=VERTEX_POINT('',#3526);
#3526=CARTESIAN_POINT('',(-0.265,-5.,0.17));
#3527=LINE('',#3526,#3344);
#3528=ORIENTED_EDGE('',*,*,#3529,.F.);
#3529=EDGE_CURVE('',#1345,#3525,#3530,.T.);
#3530=LINE('',#1346,#34);
#3531=ORIENTED_EDGE('',*,*,#1344,.F.);
#3532=ORIENTED_EDGE('',*,*,#3533,.T.);
#3533=EDGE_CURVE('',#1340,#3534,#3536,.T.);
#3534=VERTEX_POINT('',#3535);
#3535=CARTESIAN_POINT('',(-0.435,-5.,0.17));
#3536=LINE('',#1341,#34);
#3537=ORIENTED_EDGE('',*,*,#3538,.F.);
#3538=EDGE_CURVE('',#3539,#3534,#3541,.T.);
#3539=VERTEX_POINT('',#3540);
#3540=CARTESIAN_POINT('',(-0.615,-5.,0.17));
#3541=LINE('',#3540,#3344);
#3542=ORIENTED_EDGE('',*,*,#3543,.F.);
#3543=EDGE_CURVE('',#1324,#3539,#3544,.T.);
#3544=LINE('',#1325,#34);
#3545=ORIENTED_EDGE('',*,*,#1323,.F.);
#3546=ORIENTED_EDGE('',*,*,#3547,.T.);
#3547=EDGE_CURVE('',#1319,#3548,#3550,.T.);
#3548=VERTEX_POINT('',#3549);
#3549=CARTESIAN_POINT('',(-0.785,-5.,0.17));
#3550=LINE('',#1320,#34);
#3551=ORIENTED_EDGE('',*,*,#3552,.F.);
#3552=EDGE_CURVE('',#3553,#3548,#3555,.T.);
#3553=VERTEX_POINT('',#3554);
#3554=CARTESIAN_POINT('',(-0.965,-5.,0.17));
#3555=LINE('',#3554,#3344);
#3556=ORIENTED_EDGE('',*,*,#3557,.F.);
#3557=EDGE_CURVE('',#1303,#3553,#3558,.T.);
#3558=LINE('',#1304,#34);
#3559=ORIENTED_EDGE('',*,*,#1302,.F.);
#3560=ORIENTED_EDGE('',*,*,#3561,.T.);
#3561=EDGE_CURVE('',#1298,#3562,#3564,.T.);
#3562=VERTEX_POINT('',#3563);
#3563=CARTESIAN_POINT('',(-1.135,-5.,0.17));
#3564=LINE('',#1299,#34);
#3565=ORIENTED_EDGE('',*,*,#3566,.F.);
#3566=EDGE_CURVE('',#3567,#3562,#3569,.T.);
#3567=VERTEX_POINT('',#3568);
#3568=CARTESIAN_POINT('',(-1.315,-5.,0.17));
#3569=LINE('',#3568,#3344);
#3570=ORIENTED_EDGE('',*,*,#3571,.F.);
#3571=EDGE_CURVE('',#1282,#3567,#3572,.T.);
#3572=LINE('',#1283,#34);
#3573=ORIENTED_EDGE('',*,*,#1281,.F.);
#3574=ORIENTED_EDGE('',*,*,#3575,.T.);
#3575=EDGE_CURVE('',#1277,#3576,#3578,.T.);
#3576=VERTEX_POINT('',#3577);
#3577=CARTESIAN_POINT('',(-1.485,-5.,0.17));
#3578=LINE('',#1278,#34);
#3579=ORIENTED_EDGE('',*,*,#3580,.F.);
#3580=EDGE_CURVE('',#3581,#3576,#3583,.T.);
#3581=VERTEX_POINT('',#3582);
#3582=CARTESIAN_POINT('',(-1.665,-5.,0.17));
#3583=LINE('',#3582,#3344);
#3584=ORIENTED_EDGE('',*,*,#3585,.F.);
#3585=EDGE_CURVE('',#1261,#3581,#3586,.T.);
#3586=LINE('',#1262,#34);
#3587=ORIENTED_EDGE('',*,*,#1260,.F.);
#3588=ORIENTED_EDGE('',*,*,#3589,.T.);
#3589=EDGE_CURVE('',#1256,#3590,#3592,.T.);
#3590=VERTEX_POINT('',#3591);
#3591=CARTESIAN_POINT('',(-1.835,-5.,0.17));
#3592=LINE('',#1257,#34);
#3593=ORIENTED_EDGE('',*,*,#3594,.F.);
#3594=EDGE_CURVE('',#3595,#3590,#3597,.T.);
#3595=VERTEX_POINT('',#3596);
#3596=CARTESIAN_POINT('',(-2.015,-5.,0.17));
#3597=LINE('',#3596,#3344);
#3598=ORIENTED_EDGE('',*,*,#3599,.F.);
#3599=EDGE_CURVE('',#1240,#3595,#3600,.T.);
#3600=LINE('',#1241,#34);
#3601=ORIENTED_EDGE('',*,*,#1239,.F.);
#3602=ORIENTED_EDGE('',*,*,#3603,.T.);
#3603=EDGE_CURVE('',#1235,#3604,#3606,.T.);
#3604=VERTEX_POINT('',#3605);
#3605=CARTESIAN_POINT('',(-2.185,-5.,0.17));
#3606=LINE('',#1236,#34);
#3607=ORIENTED_EDGE('',*,*,#3608,.F.);
#3608=EDGE_CURVE('',#3609,#3604,#3611,.T.);
#3609=VERTEX_POINT('',#3610);
#3610=CARTESIAN_POINT('',(-2.365,-5.,0.17));
#3611=LINE('',#3610,#3344);
#3612=ORIENTED_EDGE('',*,*,#3613,.F.);
#3613=EDGE_CURVE('',#1219,#3609,#3614,.T.);
#3614=LINE('',#1220,#34);
#3615=ORIENTED_EDGE('',*,*,#1218,.F.);
#3616=ORIENTED_EDGE('',*,*,#3617,.T.);
#3617=EDGE_CURVE('',#1214,#3618,#3620,.T.);
#3618=VERTEX_POINT('',#3619);
#3619=CARTESIAN_POINT('',(-2.535,-5.,0.17));
#3620=LINE('',#1215,#34);
#3621=ORIENTED_EDGE('',*,*,#3622,.F.);
#3622=EDGE_CURVE('',#3623,#3618,#3625,.T.);
#3623=VERTEX_POINT('',#3624);
#3624=CARTESIAN_POINT('',(-2.715,-5.,0.17));
#3625=LINE('',#3624,#3344);
#3626=ORIENTED_EDGE('',*,*,#3627,.F.);
#3627=EDGE_CURVE('',#1198,#3623,#3628,.T.);
#3628=LINE('',#1199,#34);
#3629=ORIENTED_EDGE('',*,*,#1197,.F.);
#3630=ORIENTED_EDGE('',*,*,#3631,.T.);
#3631=EDGE_CURVE('',#1193,#3632,#3634,.T.);
#3632=VERTEX_POINT('',#3633);
#3633=CARTESIAN_POINT('',(-2.885,-5.,0.17));
#3634=LINE('',#1194,#34);
#3635=ORIENTED_EDGE('',*,*,#3636,.F.);
#3636=EDGE_CURVE('',#3637,#3632,#3639,.T.);
#3637=VERTEX_POINT('',#3638);
#3638=CARTESIAN_POINT('',(-3.065,-5.,0.17));
#3639=LINE('',#3638,#3344);
#3640=ORIENTED_EDGE('',*,*,#3641,.F.);
#3641=EDGE_CURVE('',#1177,#3637,#3642,.T.);
#3642=LINE('',#1178,#34);
#3643=ORIENTED_EDGE('',*,*,#1176,.F.);
#3644=ORIENTED_EDGE('',*,*,#3645,.T.);
#3645=EDGE_CURVE('',#1172,#3646,#3648,.T.);
#3646=VERTEX_POINT('',#3647);
#3647=CARTESIAN_POINT('',(-3.235,-5.,0.17));
#3648=LINE('',#1173,#34);
#3649=ORIENTED_EDGE('',*,*,#3650,.F.);
#3650=EDGE_CURVE('',#3651,#3646,#3653,.T.);
#3651=VERTEX_POINT('',#3652);
#3652=CARTESIAN_POINT('',(-3.415,-5.,0.17));
#3653=LINE('',#3652,#3344);
#3654=ORIENTED_EDGE('',*,*,#3655,.F.);
#3655=EDGE_CURVE('',#1156,#3651,#3656,.T.);
#3656=LINE('',#1157,#34);
#3657=ORIENTED_EDGE('',*,*,#1155,.F.);
#3658=ORIENTED_EDGE('',*,*,#3659,.T.);
#3659=EDGE_CURVE('',#1151,#3660,#3662,.T.);
#3660=VERTEX_POINT('',#3661);
#3661=CARTESIAN_POINT('',(-3.585,-5.,0.17));
#3662=LINE('',#1152,#34);
#3663=ORIENTED_EDGE('',*,*,#3664,.F.);
#3664=EDGE_CURVE('',#3665,#3660,#3667,.T.);
#3665=VERTEX_POINT('',#3666);
#3666=CARTESIAN_POINT('',(-3.765,-5.,0.17));
#3667=LINE('',#3666,#3344);
#3668=ORIENTED_EDGE('',*,*,#3669,.F.);
#3669=EDGE_CURVE('',#1135,#3665,#3670,.T.);
#3670=LINE('',#1136,#34);
#3671=ORIENTED_EDGE('',*,*,#1134,.F.);
#3672=ORIENTED_EDGE('',*,*,#3673,.T.);
#3673=EDGE_CURVE('',#1130,#3674,#3676,.T.);
#3674=VERTEX_POINT('',#3675);
#3675=CARTESIAN_POINT('',(-3.935,-5.,0.17));
#3676=LINE('',#1131,#34);
#3677=ORIENTED_EDGE('',*,*,#3678,.F.);
#3678=EDGE_CURVE('',#3679,#3674,#3681,.T.);
#3679=VERTEX_POINT('',#3680);
#3680=CARTESIAN_POINT('',(-4.115,-5.,0.17));
#3681=LINE('',#3680,#3344);
#3682=ORIENTED_EDGE('',*,*,#3683,.F.);
#3683=EDGE_CURVE('',#1114,#3679,#3684,.T.);
#3684=LINE('',#1115,#34);
#3685=ORIENTED_EDGE('',*,*,#1113,.F.);
#3686=ORIENTED_EDGE('',*,*,#3687,.T.);
#3687=EDGE_CURVE('',#1107,#3688,#3690,.T.);
#3688=VERTEX_POINT('',#3689);
#3689=CARTESIAN_POINT('',(-4.285,-5.,0.17));
#3690=LINE('',#1108,#34);
#3691=ORIENTED_EDGE('',*,*,#3692,.F.);
#3692=EDGE_CURVE('',#3693,#3688,#3695,.T.);
#3693=VERTEX_POINT('',#3694);
#3694=CARTESIAN_POINT('',(-4.465,-5.,0.17));
#3695=LINE('',#3694,#3344);
#3696=ORIENTED_EDGE('',*,*,#3697,.F.);
#3697=EDGE_CURVE('',#1086,#3693,#3698,.T.);
#3698=LINE('',#1087,#34);
#3699=PLANE('',#3700);
#3700=AXIS2_PLACEMENT_3D('',#32,#28,#13);
#3701=ADVANCED_FACE('',(#3702),#4046,.T.);
#3702=FACE_BOUND('',#3703,.T.);
#3703=EDGE_LOOP('',(#3704,#3330,#1641,#3705,#3710,#3717,#1669,#3720,#3725,#3730,#1690,#3733,#3738,#3743,#1711,#3746,#3751,#3756,#1732,#3759,#3764,#3769,#1753,#3772,#3777,#3782,#1774,#3785,#3790,#3795,#1795,#3798,#3803,#3808,#1816,#3811,#3816,#3821,#1837,#3824,#3829,#3834,#1858,#3837,#3842,#3847,#1879,#3850,#3855,#3860,#1900,#3863,#3868,#3873,#1921,#3876,#3881,#3886,#1942,#3889,#3894,#3899,#1963,#3902,#3907,#3912,#1984,#3915,#3920,#3925,#2005,#3928,#3933,#3938,#2026,#3941,#3946,#3951,#2047,#3954,#3959,#3964,#2068,#3967,#3972,#3977,#2089,#3980,#3985,#3990,#2110,#3993,#3998,#4003,#2131,#4006,#4011,#4016,#2152,#4019,#4024,#4029,#2173,#4032,#4037,#4042,#2194,#4045));
#3704=ORIENTED_EDGE('',*,*,#552,.F.);
#3705=ORIENTED_EDGE('',*,*,#3706,.T.);
#3706=EDGE_CURVE('',#1643,#3707,#3709,.T.);
#3707=VERTEX_POINT('',#3708);
#3708=CARTESIAN_POINT('',(5.,-4.465,0.17));
#3709=LINE('',#1644,#34);
#3710=ORIENTED_EDGE('',*,*,#3711,.T.);
#3711=EDGE_CURVE('',#3707,#3712,#3714,.T.);
#3712=VERTEX_POINT('',#3713);
#3713=CARTESIAN_POINT('',(5.,-4.285,0.17));
#3714=LINE('',#3708,#3715);
#3715=VECTOR('',#3716,1.);
#3716=DIRECTION('',(2.22044604925E-16,1.,0.));
#3717=ORIENTED_EDGE('',*,*,#3718,.F.);
#3718=EDGE_CURVE('',#1664,#3712,#3719,.T.);
#3719=LINE('',#1665,#34);
#3720=ORIENTED_EDGE('',*,*,#3721,.T.);
#3721=EDGE_CURVE('',#1671,#3722,#3724,.T.);
#3722=VERTEX_POINT('',#3723);
#3723=CARTESIAN_POINT('',(5.,-4.115,0.17));
#3724=LINE('',#1672,#34);
#3725=ORIENTED_EDGE('',*,*,#3726,.T.);
#3726=EDGE_CURVE('',#3722,#3727,#3729,.T.);
#3727=VERTEX_POINT('',#3728);
#3728=CARTESIAN_POINT('',(5.,-3.935,0.17));
#3729=LINE('',#3723,#3715);
#3730=ORIENTED_EDGE('',*,*,#3731,.F.);
#3731=EDGE_CURVE('',#1687,#3727,#3732,.T.);
#3732=LINE('',#1688,#34);
#3733=ORIENTED_EDGE('',*,*,#3734,.T.);
#3734=EDGE_CURVE('',#1692,#3735,#3737,.T.);
#3735=VERTEX_POINT('',#3736);
#3736=CARTESIAN_POINT('',(5.,-3.765,0.17));
#3737=LINE('',#1693,#34);
#3738=ORIENTED_EDGE('',*,*,#3739,.T.);
#3739=EDGE_CURVE('',#3735,#3740,#3742,.T.);
#3740=VERTEX_POINT('',#3741);
#3741=CARTESIAN_POINT('',(5.,-3.585,0.17));
#3742=LINE('',#3736,#3715);
#3743=ORIENTED_EDGE('',*,*,#3744,.F.);
#3744=EDGE_CURVE('',#1708,#3740,#3745,.T.);
#3745=LINE('',#1709,#34);
#3746=ORIENTED_EDGE('',*,*,#3747,.T.);
#3747=EDGE_CURVE('',#1713,#3748,#3750,.T.);
#3748=VERTEX_POINT('',#3749);
#3749=CARTESIAN_POINT('',(5.,-3.415,0.17));
#3750=LINE('',#1714,#34);
#3751=ORIENTED_EDGE('',*,*,#3752,.T.);
#3752=EDGE_CURVE('',#3748,#3753,#3755,.T.);
#3753=VERTEX_POINT('',#3754);
#3754=CARTESIAN_POINT('',(5.,-3.235,0.17));
#3755=LINE('',#3749,#3715);
#3756=ORIENTED_EDGE('',*,*,#3757,.F.);
#3757=EDGE_CURVE('',#1729,#3753,#3758,.T.);
#3758=LINE('',#1730,#34);
#3759=ORIENTED_EDGE('',*,*,#3760,.T.);
#3760=EDGE_CURVE('',#1734,#3761,#3763,.T.);
#3761=VERTEX_POINT('',#3762);
#3762=CARTESIAN_POINT('',(5.,-3.065,0.17));
#3763=LINE('',#1735,#34);
#3764=ORIENTED_EDGE('',*,*,#3765,.T.);
#3765=EDGE_CURVE('',#3761,#3766,#3768,.T.);
#3766=VERTEX_POINT('',#3767);
#3767=CARTESIAN_POINT('',(5.,-2.885,0.17));
#3768=LINE('',#3762,#3715);
#3769=ORIENTED_EDGE('',*,*,#3770,.F.);
#3770=EDGE_CURVE('',#1750,#3766,#3771,.T.);
#3771=LINE('',#1751,#34);
#3772=ORIENTED_EDGE('',*,*,#3773,.T.);
#3773=EDGE_CURVE('',#1755,#3774,#3776,.T.);
#3774=VERTEX_POINT('',#3775);
#3775=CARTESIAN_POINT('',(5.,-2.715,0.17));
#3776=LINE('',#1756,#34);
#3777=ORIENTED_EDGE('',*,*,#3778,.T.);
#3778=EDGE_CURVE('',#3774,#3779,#3781,.T.);
#3779=VERTEX_POINT('',#3780);
#3780=CARTESIAN_POINT('',(5.,-2.535,0.17));
#3781=LINE('',#3775,#3715);
#3782=ORIENTED_EDGE('',*,*,#3783,.F.);
#3783=EDGE_CURVE('',#1771,#3779,#3784,.T.);
#3784=LINE('',#1772,#34);
#3785=ORIENTED_EDGE('',*,*,#3786,.T.);
#3786=EDGE_CURVE('',#1776,#3787,#3789,.T.);
#3787=VERTEX_POINT('',#3788);
#3788=CARTESIAN_POINT('',(5.,-2.365,0.17));
#3789=LINE('',#1777,#34);
#3790=ORIENTED_EDGE('',*,*,#3791,.T.);
#3791=EDGE_CURVE('',#3787,#3792,#3794,.T.);
#3792=VERTEX_POINT('',#3793);
#3793=CARTESIAN_POINT('',(5.,-2.185,0.17));
#3794=LINE('',#3788,#3715);
#3795=ORIENTED_EDGE('',*,*,#3796,.F.);
#3796=EDGE_CURVE('',#1792,#3792,#3797,.T.);
#3797=LINE('',#1793,#34);
#3798=ORIENTED_EDGE('',*,*,#3799,.T.);
#3799=EDGE_CURVE('',#1797,#3800,#3802,.T.);
#3800=VERTEX_POINT('',#3801);
#3801=CARTESIAN_POINT('',(5.,-2.015,0.17));
#3802=LINE('',#1798,#34);
#3803=ORIENTED_EDGE('',*,*,#3804,.T.);
#3804=EDGE_CURVE('',#3800,#3805,#3807,.T.);
#3805=VERTEX_POINT('',#3806);
#3806=CARTESIAN_POINT('',(5.,-1.835,0.17));
#3807=LINE('',#3801,#3715);
#3808=ORIENTED_EDGE('',*,*,#3809,.F.);
#3809=EDGE_CURVE('',#1813,#3805,#3810,.T.);
#3810=LINE('',#1814,#34);
#3811=ORIENTED_EDGE('',*,*,#3812,.T.);
#3812=EDGE_CURVE('',#1818,#3813,#3815,.T.);
#3813=VERTEX_POINT('',#3814);
#3814=CARTESIAN_POINT('',(5.,-1.665,0.17));
#3815=LINE('',#1819,#34);
#3816=ORIENTED_EDGE('',*,*,#3817,.T.);
#3817=EDGE_CURVE('',#3813,#3818,#3820,.T.);
#3818=VERTEX_POINT('',#3819);
#3819=CARTESIAN_POINT('',(5.,-1.485,0.17));
#3820=LINE('',#3814,#3715);
#3821=ORIENTED_EDGE('',*,*,#3822,.F.);
#3822=EDGE_CURVE('',#1834,#3818,#3823,.T.);
#3823=LINE('',#1835,#34);
#3824=ORIENTED_EDGE('',*,*,#3825,.T.);
#3825=EDGE_CURVE('',#1839,#3826,#3828,.T.);
#3826=VERTEX_POINT('',#3827);
#3827=CARTESIAN_POINT('',(5.,-1.315,0.17));
#3828=LINE('',#1840,#34);
#3829=ORIENTED_EDGE('',*,*,#3830,.T.);
#3830=EDGE_CURVE('',#3826,#3831,#3833,.T.);
#3831=VERTEX_POINT('',#3832);
#3832=CARTESIAN_POINT('',(5.,-1.135,0.17));
#3833=LINE('',#3827,#3715);
#3834=ORIENTED_EDGE('',*,*,#3835,.F.);
#3835=EDGE_CURVE('',#1855,#3831,#3836,.T.);
#3836=LINE('',#1856,#34);
#3837=ORIENTED_EDGE('',*,*,#3838,.T.);
#3838=EDGE_CURVE('',#1860,#3839,#3841,.T.);
#3839=VERTEX_POINT('',#3840);
#3840=CARTESIAN_POINT('',(5.,-0.965,0.17));
#3841=LINE('',#1861,#34);
#3842=ORIENTED_EDGE('',*,*,#3843,.T.);
#3843=EDGE_CURVE('',#3839,#3844,#3846,.T.);
#3844=VERTEX_POINT('',#3845);
#3845=CARTESIAN_POINT('',(5.,-0.785,0.17));
#3846=LINE('',#3840,#3715);
#3847=ORIENTED_EDGE('',*,*,#3848,.F.);
#3848=EDGE_CURVE('',#1876,#3844,#3849,.T.);
#3849=LINE('',#1877,#34);
#3850=ORIENTED_EDGE('',*,*,#3851,.T.);
#3851=EDGE_CURVE('',#1881,#3852,#3854,.T.);
#3852=VERTEX_POINT('',#3853);
#3853=CARTESIAN_POINT('',(5.,-0.615,0.17));
#3854=LINE('',#1882,#34);
#3855=ORIENTED_EDGE('',*,*,#3856,.T.);
#3856=EDGE_CURVE('',#3852,#3857,#3859,.T.);
#3857=VERTEX_POINT('',#3858);
#3858=CARTESIAN_POINT('',(5.,-0.435,0.17));
#3859=LINE('',#3853,#3715);
#3860=ORIENTED_EDGE('',*,*,#3861,.F.);
#3861=EDGE_CURVE('',#1897,#3857,#3862,.T.);
#3862=LINE('',#1898,#34);
#3863=ORIENTED_EDGE('',*,*,#3864,.T.);
#3864=EDGE_CURVE('',#1902,#3865,#3867,.T.);
#3865=VERTEX_POINT('',#3866);
#3866=CARTESIAN_POINT('',(5.,-0.265,0.17));
#3867=LINE('',#1903,#34);
#3868=ORIENTED_EDGE('',*,*,#3869,.T.);
#3869=EDGE_CURVE('',#3865,#3870,#3872,.T.);
#3870=VERTEX_POINT('',#3871);
#3871=CARTESIAN_POINT('',(5.,-8.5E-02,0.17));
#3872=LINE('',#3866,#3715);
#3873=ORIENTED_EDGE('',*,*,#3874,.F.);
#3874=EDGE_CURVE('',#1918,#3870,#3875,.T.);
#3875=LINE('',#1919,#34);
#3876=ORIENTED_EDGE('',*,*,#3877,.T.);
#3877=EDGE_CURVE('',#1923,#3878,#3880,.T.);
#3878=VERTEX_POINT('',#3879);
#3879=CARTESIAN_POINT('',(5.,8.5E-02,0.17));
#3880=LINE('',#1924,#34);
#3881=ORIENTED_EDGE('',*,*,#3882,.T.);
#3882=EDGE_CURVE('',#3878,#3883,#3885,.T.);
#3883=VERTEX_POINT('',#3884);
#3884=CARTESIAN_POINT('',(5.,0.265,0.17));
#3885=LINE('',#3879,#3715);
#3886=ORIENTED_EDGE('',*,*,#3887,.F.);
#3887=EDGE_CURVE('',#1939,#3883,#3888,.T.);
#3888=LINE('',#1940,#34);
#3889=ORIENTED_EDGE('',*,*,#3890,.T.);
#3890=EDGE_CURVE('',#1944,#3891,#3893,.T.);
#3891=VERTEX_POINT('',#3892);
#3892=CARTESIAN_POINT('',(5.,0.435,0.17));
#3893=LINE('',#1945,#34);
#3894=ORIENTED_EDGE('',*,*,#3895,.T.);
#3895=EDGE_CURVE('',#3891,#3896,#3898,.T.);
#3896=VERTEX_POINT('',#3897);
#3897=CARTESIAN_POINT('',(5.,0.615,0.17));
#3898=LINE('',#3892,#3715);
#3899=ORIENTED_EDGE('',*,*,#3900,.F.);
#3900=EDGE_CURVE('',#1960,#3896,#3901,.T.);
#3901=LINE('',#1961,#34);
#3902=ORIENTED_EDGE('',*,*,#3903,.T.);
#3903=EDGE_CURVE('',#1965,#3904,#3906,.T.);
#3904=VERTEX_POINT('',#3905);
#3905=CARTESIAN_POINT('',(5.,0.785,0.17));
#3906=LINE('',#1966,#34);
#3907=ORIENTED_EDGE('',*,*,#3908,.T.);
#3908=EDGE_CURVE('',#3904,#3909,#3911,.T.);
#3909=VERTEX_POINT('',#3910);
#3910=CARTESIAN_POINT('',(5.,0.965,0.17));
#3911=LINE('',#3905,#3715);
#3912=ORIENTED_EDGE('',*,*,#3913,.F.);
#3913=EDGE_CURVE('',#1981,#3909,#3914,.T.);
#3914=LINE('',#1982,#34);
#3915=ORIENTED_EDGE('',*,*,#3916,.T.);
#3916=EDGE_CURVE('',#1986,#3917,#3919,.T.);
#3917=VERTEX_POINT('',#3918);
#3918=CARTESIAN_POINT('',(5.,1.135,0.17));
#3919=LINE('',#1987,#34);
#3920=ORIENTED_EDGE('',*,*,#3921,.T.);
#3921=EDGE_CURVE('',#3917,#3922,#3924,.T.);
#3922=VERTEX_POINT('',#3923);
#3923=CARTESIAN_POINT('',(5.,1.315,0.17));
#3924=LINE('',#3918,#3715);
#3925=ORIENTED_EDGE('',*,*,#3926,.F.);
#3926=EDGE_CURVE('',#2002,#3922,#3927,.T.);
#3927=LINE('',#2003,#34);
#3928=ORIENTED_EDGE('',*,*,#3929,.T.);
#3929=EDGE_CURVE('',#2007,#3930,#3932,.T.);
#3930=VERTEX_POINT('',#3931);
#3931=CARTESIAN_POINT('',(5.,1.485,0.17));
#3932=LINE('',#2008,#34);
#3933=ORIENTED_EDGE('',*,*,#3934,.T.);
#3934=EDGE_CURVE('',#3930,#3935,#3937,.T.);
#3935=VERTEX_POINT('',#3936);
#3936=CARTESIAN_POINT('',(5.,1.665,0.17));
#3937=LINE('',#3931,#3715);
#3938=ORIENTED_EDGE('',*,*,#3939,.F.);
#3939=EDGE_CURVE('',#2023,#3935,#3940,.T.);
#3940=LINE('',#2024,#34);
#3941=ORIENTED_EDGE('',*,*,#3942,.T.);
#3942=EDGE_CURVE('',#2028,#3943,#3945,.T.);
#3943=VERTEX_POINT('',#3944);
#3944=CARTESIAN_POINT('',(5.,1.835,0.17));
#3945=LINE('',#2029,#34);
#3946=ORIENTED_EDGE('',*,*,#3947,.T.);
#3947=EDGE_CURVE('',#3943,#3948,#3950,.T.);
#3948=VERTEX_POINT('',#3949);
#3949=CARTESIAN_POINT('',(5.,2.015,0.17));
#3950=LINE('',#3944,#3715);
#3951=ORIENTED_EDGE('',*,*,#3952,.F.);
#3952=EDGE_CURVE('',#2044,#3948,#3953,.T.);
#3953=LINE('',#2045,#34);
#3954=ORIENTED_EDGE('',*,*,#3955,.T.);
#3955=EDGE_CURVE('',#2049,#3956,#3958,.T.);
#3956=VERTEX_POINT('',#3957);
#3957=CARTESIAN_POINT('',(5.,2.185,0.17));
#3958=LINE('',#2050,#34);
#3959=ORIENTED_EDGE('',*,*,#3960,.T.);
#3960=EDGE_CURVE('',#3956,#3961,#3963,.T.);
#3961=VERTEX_POINT('',#3962);
#3962=CARTESIAN_POINT('',(5.,2.365,0.17));
#3963=LINE('',#3957,#3715);
#3964=ORIENTED_EDGE('',*,*,#3965,.F.);
#3965=EDGE_CURVE('',#2065,#3961,#3966,.T.);
#3966=LINE('',#2066,#34);
#3967=ORIENTED_EDGE('',*,*,#3968,.T.);
#3968=EDGE_CURVE('',#2070,#3969,#3971,.T.);
#3969=VERTEX_POINT('',#3970);
#3970=CARTESIAN_POINT('',(5.,2.535,0.17));
#3971=LINE('',#2071,#34);
#3972=ORIENTED_EDGE('',*,*,#3973,.T.);
#3973=EDGE_CURVE('',#3969,#3974,#3976,.T.);
#3974=VERTEX_POINT('',#3975);
#3975=CARTESIAN_POINT('',(5.,2.715,0.17));
#3976=LINE('',#3970,#3715);
#3977=ORIENTED_EDGE('',*,*,#3978,.F.);
#3978=EDGE_CURVE('',#2086,#3974,#3979,.T.);
#3979=LINE('',#2087,#34);
#3980=ORIENTED_EDGE('',*,*,#3981,.T.);
#3981=EDGE_CURVE('',#2091,#3982,#3984,.T.);
#3982=VERTEX_POINT('',#3983);
#3983=CARTESIAN_POINT('',(5.,2.885,0.17));
#3984=LINE('',#2092,#34);
#3985=ORIENTED_EDGE('',*,*,#3986,.T.);
#3986=EDGE_CURVE('',#3982,#3987,#3989,.T.);
#3987=VERTEX_POINT('',#3988);
#3988=CARTESIAN_POINT('',(5.,3.065,0.17));
#3989=LINE('',#3983,#3715);
#3990=ORIENTED_EDGE('',*,*,#3991,.F.);
#3991=EDGE_CURVE('',#2107,#3987,#3992,.T.);
#3992=LINE('',#2108,#34);
#3993=ORIENTED_EDGE('',*,*,#3994,.T.);
#3994=EDGE_CURVE('',#2112,#3995,#3997,.T.);
#3995=VERTEX_POINT('',#3996);
#3996=CARTESIAN_POINT('',(5.,3.235,0.17));
#3997=LINE('',#2113,#34);
#3998=ORIENTED_EDGE('',*,*,#3999,.T.);
#3999=EDGE_CURVE('',#3995,#4000,#4002,.T.);
#4000=VERTEX_POINT('',#4001);
#4001=CARTESIAN_POINT('',(5.,3.415,0.17));
#4002=LINE('',#3996,#3715);
#4003=ORIENTED_EDGE('',*,*,#4004,.F.);
#4004=EDGE_CURVE('',#2128,#4000,#4005,.T.);
#4005=LINE('',#2129,#34);
#4006=ORIENTED_EDGE('',*,*,#4007,.T.);
#4007=EDGE_CURVE('',#2133,#4008,#4010,.T.);
#4008=VERTEX_POINT('',#4009);
#4009=CARTESIAN_POINT('',(5.,3.585,0.17));
#4010=LINE('',#2134,#34);
#4011=ORIENTED_EDGE('',*,*,#4012,.T.);
#4012=EDGE_CURVE('',#4008,#4013,#4015,.T.);
#4013=VERTEX_POINT('',#4014);
#4014=CARTESIAN_POINT('',(5.,3.765,0.17));
#4015=LINE('',#4009,#3715);
#4016=ORIENTED_EDGE('',*,*,#4017,.F.);
#4017=EDGE_CURVE('',#2149,#4013,#4018,.T.);
#4018=LINE('',#2150,#34);
#4019=ORIENTED_EDGE('',*,*,#4020,.T.);
#4020=EDGE_CURVE('',#2154,#4021,#4023,.T.);
#4021=VERTEX_POINT('',#4022);
#4022=CARTESIAN_POINT('',(5.,3.935,0.17));
#4023=LINE('',#2155,#34);
#4024=ORIENTED_EDGE('',*,*,#4025,.T.);
#4025=EDGE_CURVE('',#4021,#4026,#4028,.T.);
#4026=VERTEX_POINT('',#4027);
#4027=CARTESIAN_POINT('',(5.,4.115,0.17));
#4028=LINE('',#4022,#3715);
#4029=ORIENTED_EDGE('',*,*,#4030,.F.);
#4030=EDGE_CURVE('',#2170,#4026,#4031,.T.);
#4031=LINE('',#2171,#34);
#4032=ORIENTED_EDGE('',*,*,#4033,.T.);
#4033=EDGE_CURVE('',#2175,#4034,#4036,.T.);
#4034=VERTEX_POINT('',#4035);
#4035=CARTESIAN_POINT('',(5.,4.285,0.17));
#4036=LINE('',#2176,#34);
#4037=ORIENTED_EDGE('',*,*,#4038,.T.);
#4038=EDGE_CURVE('',#4034,#4039,#4041,.T.);
#4039=VERTEX_POINT('',#4040);
#4040=CARTESIAN_POINT('',(5.,4.465,0.17));
#4041=LINE('',#4035,#3715);
#4042=ORIENTED_EDGE('',*,*,#4043,.F.);
#4043=EDGE_CURVE('',#2191,#4039,#4044,.T.);
#4044=LINE('',#2192,#34);
#4045=ORIENTED_EDGE('',*,*,#580,.T.);
#4046=PLANE('',#4047);
#4047=AXIS2_PLACEMENT_3D('',#1640,#541,#13);
#4048=ADVANCED_FACE('',(#4049),#4052,.T.);
#4049=FACE_BOUND('',#4050,.T.);
#4050=EDGE_LOOP('',(#4051));
#4051=ORIENTED_EDGE('',*,*,#562,.T.);
#4052=PLANE('',#4053);
#4053=AXIS2_PLACEMENT_3D('',#567,#13,#14);
#4054=ADVANCED_FACE('',(#4055),#4060,.F.);
#4055=FACE_BOUND('',#4056,.F.);
#4056=EDGE_LOOP('',(#1065,#1070,#1075,#4057));
#4057=ORIENTED_EDGE('',*,*,#4058,.F.);
#4058=EDGE_CURVE('',#1063,#575,#4059,.T.);
#4059=LINE('',#1064,#598);
#4060=PLANE('',#4061);
#4061=AXIS2_PLACEMENT_3D('',#1064,#3027,#599);
#4062=ADVANCED_FACE('',(#4063),#4068,.F.);
#4063=FACE_BOUND('',#4064,.F.);
#4064=EDGE_LOOP('',(#1046,#1051,#1056,#4065));
#4065=ORIENTED_EDGE('',*,*,#4066,.F.);
#4066=EDGE_CURVE('',#1044,#1058,#4067,.T.);
#4067=LINE('',#1045,#598);
#4068=PLANE('',#4069);
#4069=AXIS2_PLACEMENT_3D('',#1045,#3027,#599);
#4070=ADVANCED_FACE('',(#4071),#4076,.F.);
#4071=FACE_BOUND('',#4072,.F.);
#4072=EDGE_LOOP('',(#1027,#1032,#1037,#4073));
#4073=ORIENTED_EDGE('',*,*,#4074,.F.);
#4074=EDGE_CURVE('',#1025,#1039,#4075,.T.);
#4075=LINE('',#1026,#598);
#4076=PLANE('',#4077);
#4077=AXIS2_PLACEMENT_3D('',#1026,#3027,#599);
#4078=ADVANCED_FACE('',(#4079),#4084,.F.);
#4079=FACE_BOUND('',#4080,.F.);
#4080=EDGE_LOOP('',(#1008,#1013,#1018,#4081));
#4081=ORIENTED_EDGE('',*,*,#4082,.F.);
#4082=EDGE_CURVE('',#1006,#1020,#4083,.T.);
#4083=LINE('',#1007,#598);
#4084=PLANE('',#4085);
#4085=AXIS2_PLACEMENT_3D('',#1007,#3027,#599);
#4086=ADVANCED_FACE('',(#4087),#4092,.F.);
#4087=FACE_BOUND('',#4088,.F.);
#4088=EDGE_LOOP('',(#989,#994,#999,#4089));
#4089=ORIENTED_EDGE('',*,*,#4090,.F.);
#4090=EDGE_CURVE('',#987,#1001,#4091,.T.);
#4091=LINE('',#988,#598);
#4092=PLANE('',#4093);
#4093=AXIS2_PLACEMENT_3D('',#988,#3027,#599);
#4094=ADVANCED_FACE('',(#4095),#4100,.F.);
#4095=FACE_BOUND('',#4096,.F.);
#4096=EDGE_LOOP('',(#970,#975,#980,#4097));
#4097=ORIENTED_EDGE('',*,*,#4098,.F.);
#4098=EDGE_CURVE('',#968,#982,#4099,.T.);
#4099=LINE('',#969,#598);
#4100=PLANE('',#4101);
#4101=AXIS2_PLACEMENT_3D('',#969,#3027,#599);
#4102=ADVANCED_FACE('',(#4103),#4108,.F.);
#4103=FACE_BOUND('',#4104,.F.);
#4104=EDGE_LOOP('',(#951,#956,#961,#4105));
#4105=ORIENTED_EDGE('',*,*,#4106,.F.);
#4106=EDGE_CURVE('',#949,#963,#4107,.T.);
#4107=LINE('',#950,#598);
#4108=PLANE('',#4109);
#4109=AXIS2_PLACEMENT_3D('',#950,#3027,#599);
#4110=ADVANCED_FACE('',(#4111),#4116,.F.);
#4111=FACE_BOUND('',#4112,.F.);
#4112=EDGE_LOOP('',(#932,#937,#942,#4113));
#4113=ORIENTED_EDGE('',*,*,#4114,.F.);
#4114=EDGE_CURVE('',#930,#944,#4115,.T.);
#4115=LINE('',#931,#598);
#4116=PLANE('',#4117);
#4117=AXIS2_PLACEMENT_3D('',#931,#3027,#599);
#4118=ADVANCED_FACE('',(#4119),#4124,.F.);
#4119=FACE_BOUND('',#4120,.F.);
#4120=EDGE_LOOP('',(#913,#918,#923,#4121));
#4121=ORIENTED_EDGE('',*,*,#4122,.F.);
#4122=EDGE_CURVE('',#911,#925,#4123,.T.);
#4123=LINE('',#912,#598);
#4124=PLANE('',#4125);
#4125=AXIS2_PLACEMENT_3D('',#912,#3027,#599);
#4126=ADVANCED_FACE('',(#4127),#4132,.F.);
#4127=FACE_BOUND('',#4128,.F.);
#4128=EDGE_LOOP('',(#894,#899,#904,#4129));
#4129=ORIENTED_EDGE('',*,*,#4130,.F.);
#4130=EDGE_CURVE('',#892,#906,#4131,.T.);
#4131=LINE('',#893,#598);
#4132=PLANE('',#4133);
#4133=AXIS2_PLACEMENT_3D('',#893,#3027,#599);
#4134=ADVANCED_FACE('',(#4135),#4140,.F.);
#4135=FACE_BOUND('',#4136,.F.);
#4136=EDGE_LOOP('',(#875,#880,#885,#4137));
#4137=ORIENTED_EDGE('',*,*,#4138,.F.);
#4138=EDGE_CURVE('',#873,#887,#4139,.T.);
#4139=LINE('',#874,#598);
#4140=PLANE('',#4141);
#4141=AXIS2_PLACEMENT_3D('',#874,#3027,#599);
#4142=ADVANCED_FACE('',(#4143),#4148,.F.);
#4143=FACE_BOUND('',#4144,.F.);
#4144=EDGE_LOOP('',(#856,#861,#866,#4145));
#4145=ORIENTED_EDGE('',*,*,#4146,.F.);
#4146=EDGE_CURVE('',#854,#868,#4147,.T.);
#4147=LINE('',#855,#598);
#4148=PLANE('',#4149);
#4149=AXIS2_PLACEMENT_3D('',#855,#3027,#599);
#4150=ADVANCED_FACE('',(#4151),#4156,.F.);
#4151=FACE_BOUND('',#4152,.F.);
#4152=EDGE_LOOP('',(#837,#842,#847,#4153));
#4153=ORIENTED_EDGE('',*,*,#4154,.F.);
#4154=EDGE_CURVE('',#835,#849,#4155,.T.);
#4155=LINE('',#836,#598);
#4156=PLANE('',#4157);
#4157=AXIS2_PLACEMENT_3D('',#836,#3027,#599);
#4158=ADVANCED_FACE('',(#4159),#4164,.F.);
#4159=FACE_BOUND('',#4160,.F.);
#4160=EDGE_LOOP('',(#818,#823,#828,#4161));
#4161=ORIENTED_EDGE('',*,*,#4162,.F.);
#4162=EDGE_CURVE('',#816,#830,#4163,.T.);
#4163=LINE('',#817,#598);
#4164=PLANE('',#4165);
#4165=AXIS2_PLACEMENT_3D('',#817,#3027,#599);
#4166=ADVANCED_FACE('',(#4167),#4172,.F.);
#4167=FACE_BOUND('',#4168,.F.);
#4168=EDGE_LOOP('',(#799,#804,#809,#4169));
#4169=ORIENTED_EDGE('',*,*,#4170,.F.);
#4170=EDGE_CURVE('',#797,#811,#4171,.T.);
#4171=LINE('',#798,#598);
#4172=PLANE('',#4173);
#4173=AXIS2_PLACEMENT_3D('',#798,#3027,#599);
#4174=ADVANCED_FACE('',(#4175),#4180,.F.);
#4175=FACE_BOUND('',#4176,.F.);
#4176=EDGE_LOOP('',(#780,#785,#790,#4177));
#4177=ORIENTED_EDGE('',*,*,#4178,.F.);
#4178=EDGE_CURVE('',#778,#792,#4179,.T.);
#4179=LINE('',#779,#598);
#4180=PLANE('',#4181);
#4181=AXIS2_PLACEMENT_3D('',#779,#3027,#599);
#4182=ADVANCED_FACE('',(#4183),#4188,.F.);
#4183=FACE_BOUND('',#4184,.F.);
#4184=EDGE_LOOP('',(#761,#766,#771,#4185));
#4185=ORIENTED_EDGE('',*,*,#4186,.F.);
#4186=EDGE_CURVE('',#759,#773,#4187,.T.);
#4187=LINE('',#760,#598);
#4188=PLANE('',#4189);
#4189=AXIS2_PLACEMENT_3D('',#760,#3027,#599);
#4190=ADVANCED_FACE('',(#4191),#4196,.F.);
#4191=FACE_BOUND('',#4192,.F.);
#4192=EDGE_LOOP('',(#742,#747,#752,#4193));
#4193=ORIENTED_EDGE('',*,*,#4194,.F.);
#4194=EDGE_CURVE('',#740,#754,#4195,.T.);
#4195=LINE('',#741,#598);
#4196=PLANE('',#4197);
#4197=AXIS2_PLACEMENT_3D('',#741,#3027,#599);
#4198=ADVANCED_FACE('',(#4199),#4204,.F.);
#4199=FACE_BOUND('',#4200,.F.);
#4200=EDGE_LOOP('',(#723,#728,#733,#4201));
#4201=ORIENTED_EDGE('',*,*,#4202,.F.);
#4202=EDGE_CURVE('',#721,#735,#4203,.T.);
#4203=LINE('',#722,#598);
#4204=PLANE('',#4205);
#4205=AXIS2_PLACEMENT_3D('',#722,#3027,#599);
#4206=ADVANCED_FACE('',(#4207),#4212,.F.);
#4207=FACE_BOUND('',#4208,.F.);
#4208=EDGE_LOOP('',(#704,#709,#714,#4209));
#4209=ORIENTED_EDGE('',*,*,#4210,.F.);
#4210=EDGE_CURVE('',#702,#716,#4211,.T.);
#4211=LINE('',#703,#598);
#4212=PLANE('',#4213);
#4213=AXIS2_PLACEMENT_3D('',#703,#3027,#599);
#4214=ADVANCED_FACE('',(#4215),#4220,.F.);
#4215=FACE_BOUND('',#4216,.F.);
#4216=EDGE_LOOP('',(#685,#690,#695,#4217));
#4217=ORIENTED_EDGE('',*,*,#4218,.F.);
#4218=EDGE_CURVE('',#683,#697,#4219,.T.);
#4219=LINE('',#684,#598);
#4220=PLANE('',#4221);
#4221=AXIS2_PLACEMENT_3D('',#684,#3027,#599);
#4222=ADVANCED_FACE('',(#4223),#4228,.F.);
#4223=FACE_BOUND('',#4224,.F.);
#4224=EDGE_LOOP('',(#666,#671,#676,#4225));
#4225=ORIENTED_EDGE('',*,*,#4226,.F.);
#4226=EDGE_CURVE('',#664,#678,#4227,.T.);
#4227=LINE('',#665,#598);
#4228=PLANE('',#4229);
#4229=AXIS2_PLACEMENT_3D('',#665,#3027,#599);
#4230=ADVANCED_FACE('',(#4231),#4236,.F.);
#4231=FACE_BOUND('',#4232,.F.);
#4232=EDGE_LOOP('',(#647,#652,#657,#4233));
#4233=ORIENTED_EDGE('',*,*,#4234,.F.);
#4234=EDGE_CURVE('',#645,#659,#4235,.T.);
#4235=LINE('',#646,#598);
#4236=PLANE('',#4237);
#4237=AXIS2_PLACEMENT_3D('',#646,#3027,#599);
#4238=ADVANCED_FACE('',(#4239),#4244,.F.);
#4239=FACE_BOUND('',#4240,.F.);
#4240=EDGE_LOOP('',(#628,#633,#638,#4241));
#4241=ORIENTED_EDGE('',*,*,#4242,.F.);
#4242=EDGE_CURVE('',#626,#640,#4243,.T.);
#4243=LINE('',#627,#598);
#4244=PLANE('',#4245);
#4245=AXIS2_PLACEMENT_3D('',#627,#3027,#599);
#4246=ADVANCED_FACE('',(#4247),#4252,.F.);
#4247=FACE_BOUND('',#4248,.F.);
#4248=EDGE_LOOP('',(#609,#614,#619,#4249));
#4249=ORIENTED_EDGE('',*,*,#4250,.F.);
#4250=EDGE_CURVE('',#607,#621,#4251,.T.);
#4251=LINE('',#608,#598);
#4252=PLANE('',#4253);
#4253=AXIS2_PLACEMENT_3D('',#608,#3027,#599);
#4254=ADVANCED_FACE('',(#4255),#4260,.F.);
#4255=FACE_BOUND('',#4256,.F.);
#4256=EDGE_LOOP('',(#588,#593,#600,#4257));
#4257=ORIENTED_EDGE('',*,*,#4258,.F.);
#4258=EDGE_CURVE('',#586,#602,#4259,.T.);
#4259=LINE('',#587,#598);
#4260=PLANE('',#4261);
#4261=AXIS2_PLACEMENT_3D('',#587,#3027,#599);
#4262=ADVANCED_FACE('',(#4263),#4269,.F.);
#4263=FACE_BOUND('',#4264,.F.);
#4264=EDGE_LOOP('',(#4265,#4266,#4267,#4268));
#4265=ORIENTED_EDGE('',*,*,#3003,.T.);
#4266=ORIENTED_EDGE('',*,*,#2998,.T.);
#4267=ORIENTED_EDGE('',*,*,#3321,.T.);
#4268=ORIENTED_EDGE('',*,*,#3010,.T.);
#4269=PLANE('',#4270);
#4270=AXIS2_PLACEMENT_3D('',#4271,#13,#4272);
#4271=CARTESIAN_POINT('',(-4.818850830335,-4.375,0.));
#4272=DIRECTION('',(1.110223024625E-16,1.,0.));
#4273=ADVANCED_FACE('',(#4274),#4282,.F.);
#4274=FACE_BOUND('',#4275,.F.);
#4275=EDGE_LOOP('',(#4276,#4277,#4278,#4281));
#4276=ORIENTED_EDGE('',*,*,#1097,.T.);
#4277=ORIENTED_EDGE('',*,*,#1090,.T.);
#4278=ORIENTED_EDGE('',*,*,#4279,.T.);
#4279=EDGE_CURVE('',#1086,#1107,#4280,.T.);
#4280=LINE('',#1087,#3344);
#4281=ORIENTED_EDGE('',*,*,#1106,.T.);
#4282=PLANE('',#4283);
#4283=AXIS2_PLACEMENT_3D('',#4284,#13,#4285);
#4284=CARTESIAN_POINT('',(-4.375,-4.818850830335,0.));
#4285=DIRECTION('',(-1.,1.224646799147E-16,0.));
#4286=ADVANCED_FACE('',(#4287),#4293,.F.);
#4287=FACE_BOUND('',#4288,.F.);
#4288=EDGE_LOOP('',(#4289,#4290,#4291,#4292));
#4289=ORIENTED_EDGE('',*,*,#2987,.T.);
#4290=ORIENTED_EDGE('',*,*,#2982,.T.);
#4291=ORIENTED_EDGE('',*,*,#3310,.T.);
#4292=ORIENTED_EDGE('',*,*,#2994,.T.);
#4293=PLANE('',#4294);
#4294=AXIS2_PLACEMENT_3D('',#4295,#13,#4272);
#4295=CARTESIAN_POINT('',(-4.818850830335,-4.025,0.));
#4296=ADVANCED_FACE('',(#4297),#4305,.F.);
#4297=FACE_BOUND('',#4298,.F.);
#4298=EDGE_LOOP('',(#4299,#4300,#4301,#4304));
#4299=ORIENTED_EDGE('',*,*,#1122,.T.);
#4300=ORIENTED_EDGE('',*,*,#1117,.T.);
#4301=ORIENTED_EDGE('',*,*,#4302,.T.);
#4302=EDGE_CURVE('',#1114,#1130,#4303,.T.);
#4303=LINE('',#1115,#3344);
#4304=ORIENTED_EDGE('',*,*,#1129,.T.);
#4305=PLANE('',#4306);
#4306=AXIS2_PLACEMENT_3D('',#4307,#13,#4285);
#4307=CARTESIAN_POINT('',(-4.025,-4.818850830335,0.));
#4308=ADVANCED_FACE('',(#4309),#4315,.F.);
#4309=FACE_BOUND('',#4310,.F.);
#4310=EDGE_LOOP('',(#4311,#4312,#4313,#4314));
#4311=ORIENTED_EDGE('',*,*,#2971,.T.);
#4312=ORIENTED_EDGE('',*,*,#2966,.T.);
#4313=ORIENTED_EDGE('',*,*,#3299,.T.);
#4314=ORIENTED_EDGE('',*,*,#2978,.T.);
#4315=PLANE('',#4316);
#4316=AXIS2_PLACEMENT_3D('',#4317,#13,#4272);
#4317=CARTESIAN_POINT('',(-4.818850830335,-3.675,0.));
#4318=ADVANCED_FACE('',(#4319),#4327,.F.);
#4319=FACE_BOUND('',#4320,.F.);
#4320=EDGE_LOOP('',(#4321,#4322,#4323,#4326));
#4321=ORIENTED_EDGE('',*,*,#1143,.T.);
#4322=ORIENTED_EDGE('',*,*,#1138,.T.);
#4323=ORIENTED_EDGE('',*,*,#4324,.T.);
#4324=EDGE_CURVE('',#1135,#1151,#4325,.T.);
#4325=LINE('',#1136,#3344);
#4326=ORIENTED_EDGE('',*,*,#1150,.T.);
#4327=PLANE('',#4328);
#4328=AXIS2_PLACEMENT_3D('',#4329,#13,#4285);
#4329=CARTESIAN_POINT('',(-3.675,-4.818850830335,0.));
#4330=ADVANCED_FACE('',(#4331),#4337,.F.);
#4331=FACE_BOUND('',#4332,.F.);
#4332=EDGE_LOOP('',(#4333,#4334,#4335,#4336));
#4333=ORIENTED_EDGE('',*,*,#2955,.T.);
#4334=ORIENTED_EDGE('',*,*,#2950,.T.);
#4335=ORIENTED_EDGE('',*,*,#3288,.T.);
#4336=ORIENTED_EDGE('',*,*,#2962,.T.);
#4337=PLANE('',#4338);
#4338=AXIS2_PLACEMENT_3D('',#4339,#13,#4272);
#4339=CARTESIAN_POINT('',(-4.818850830335,-3.325,0.));
#4340=ADVANCED_FACE('',(#4341),#4349,.F.);
#4341=FACE_BOUND('',#4342,.F.);
#4342=EDGE_LOOP('',(#4343,#4344,#4345,#4348));
#4343=ORIENTED_EDGE('',*,*,#1164,.T.);
#4344=ORIENTED_EDGE('',*,*,#1159,.T.);
#4345=ORIENTED_EDGE('',*,*,#4346,.T.);
#4346=EDGE_CURVE('',#1156,#1172,#4347,.T.);
#4347=LINE('',#1157,#3344);
#4348=ORIENTED_EDGE('',*,*,#1171,.T.);
#4349=PLANE('',#4350);
#4350=AXIS2_PLACEMENT_3D('',#4351,#13,#4285);
#4351=CARTESIAN_POINT('',(-3.325,-4.818850830335,0.));
#4352=ADVANCED_FACE('',(#4353),#4359,.F.);
#4353=FACE_BOUND('',#4354,.F.);
#4354=EDGE_LOOP('',(#4355,#4356,#4357,#4358));
#4355=ORIENTED_EDGE('',*,*,#2939,.T.);
#4356=ORIENTED_EDGE('',*,*,#2934,.T.);
#4357=ORIENTED_EDGE('',*,*,#3277,.T.);
#4358=ORIENTED_EDGE('',*,*,#2946,.T.);
#4359=PLANE('',#4360);
#4360=AXIS2_PLACEMENT_3D('',#4361,#13,#4272);
#4361=CARTESIAN_POINT('',(-4.818850830335,-2.975,0.));
#4362=ADVANCED_FACE('',(#4363),#4371,.F.);
#4363=FACE_BOUND('',#4364,.F.);
#4364=EDGE_LOOP('',(#4365,#4366,#4367,#4370));
#4365=ORIENTED_EDGE('',*,*,#1185,.T.);
#4366=ORIENTED_EDGE('',*,*,#1180,.T.);
#4367=ORIENTED_EDGE('',*,*,#4368,.T.);
#4368=EDGE_CURVE('',#1177,#1193,#4369,.T.);
#4369=LINE('',#1178,#3344);
#4370=ORIENTED_EDGE('',*,*,#1192,.T.);
#4371=PLANE('',#4372);
#4372=AXIS2_PLACEMENT_3D('',#4373,#13,#4285);
#4373=CARTESIAN_POINT('',(-2.975,-4.818850830335,0.));
#4374=ADVANCED_FACE('',(#4375),#4381,.F.);
#4375=FACE_BOUND('',#4376,.F.);
#4376=EDGE_LOOP('',(#4377,#4378,#4379,#4380));
#4377=ORIENTED_EDGE('',*,*,#2923,.T.);
#4378=ORIENTED_EDGE('',*,*,#2918,.T.);
#4379=ORIENTED_EDGE('',*,*,#3266,.T.);
#4380=ORIENTED_EDGE('',*,*,#2930,.T.);
#4381=PLANE('',#4382);
#4382=AXIS2_PLACEMENT_3D('',#4383,#13,#4272);
#4383=CARTESIAN_POINT('',(-4.818850830335,-2.625,0.));
#4384=ADVANCED_FACE('',(#4385),#4393,.F.);
#4385=FACE_BOUND('',#4386,.F.);
#4386=EDGE_LOOP('',(#4387,#4388,#4389,#4392));
#4387=ORIENTED_EDGE('',*,*,#1206,.T.);
#4388=ORIENTED_EDGE('',*,*,#1201,.T.);
#4389=ORIENTED_EDGE('',*,*,#4390,.T.);
#4390=EDGE_CURVE('',#1198,#1214,#4391,.T.);
#4391=LINE('',#1199,#3344);
#4392=ORIENTED_EDGE('',*,*,#1213,.T.);
#4393=PLANE('',#4394);
#4394=AXIS2_PLACEMENT_3D('',#4395,#13,#4285);
#4395=CARTESIAN_POINT('',(-2.625,-4.818850830335,0.));
#4396=ADVANCED_FACE('',(#4397),#4403,.F.);
#4397=FACE_BOUND('',#4398,.F.);
#4398=EDGE_LOOP('',(#4399,#4400,#4401,#4402));
#4399=ORIENTED_EDGE('',*,*,#2907,.T.);
#4400=ORIENTED_EDGE('',*,*,#2902,.T.);
#4401=ORIENTED_EDGE('',*,*,#3255,.T.);
#4402=ORIENTED_EDGE('',*,*,#2914,.T.);
#4403=PLANE('',#4404);
#4404=AXIS2_PLACEMENT_3D('',#4405,#13,#4272);
#4405=CARTESIAN_POINT('',(-4.818850830335,-2.275,0.));
#4406=ADVANCED_FACE('',(#4407),#4415,.F.);
#4407=FACE_BOUND('',#4408,.F.);
#4408=EDGE_LOOP('',(#4409,#4410,#4411,#4414));
#4409=ORIENTED_EDGE('',*,*,#1227,.T.);
#4410=ORIENTED_EDGE('',*,*,#1222,.T.);
#4411=ORIENTED_EDGE('',*,*,#4412,.T.);
#4412=EDGE_CURVE('',#1219,#1235,#4413,.T.);
#4413=LINE('',#1220,#3344);
#4414=ORIENTED_EDGE('',*,*,#1234,.T.);
#4415=PLANE('',#4416);
#4416=AXIS2_PLACEMENT_3D('',#4417,#13,#4285);
#4417=CARTESIAN_POINT('',(-2.275,-4.818850830335,0.));
#4418=ADVANCED_FACE('',(#4419),#4425,.F.);
#4419=FACE_BOUND('',#4420,.F.);
#4420=EDGE_LOOP('',(#4421,#4422,#4423,#4424));
#4421=ORIENTED_EDGE('',*,*,#2891,.T.);
#4422=ORIENTED_EDGE('',*,*,#2886,.T.);
#4423=ORIENTED_EDGE('',*,*,#3244,.T.);
#4424=ORIENTED_EDGE('',*,*,#2898,.T.);
#4425=PLANE('',#4426);
#4426=AXIS2_PLACEMENT_3D('',#4427,#13,#4272);
#4427=CARTESIAN_POINT('',(-4.818850830335,-1.925,0.));
#4428=ADVANCED_FACE('',(#4429),#4437,.F.);
#4429=FACE_BOUND('',#4430,.F.);
#4430=EDGE_LOOP('',(#4431,#4432,#4433,#4436));
#4431=ORIENTED_EDGE('',*,*,#1248,.T.);
#4432=ORIENTED_EDGE('',*,*,#1243,.T.);
#4433=ORIENTED_EDGE('',*,*,#4434,.T.);
#4434=EDGE_CURVE('',#1240,#1256,#4435,.T.);
#4435=LINE('',#1241,#3344);
#4436=ORIENTED_EDGE('',*,*,#1255,.T.);
#4437=PLANE('',#4438);
#4438=AXIS2_PLACEMENT_3D('',#4439,#13,#4285);
#4439=CARTESIAN_POINT('',(-1.925,-4.818850830335,0.));
#4440=ADVANCED_FACE('',(#4441),#4447,.F.);
#4441=FACE_BOUND('',#4442,.F.);
#4442=EDGE_LOOP('',(#4443,#4444,#4445,#4446));
#4443=ORIENTED_EDGE('',*,*,#2875,.T.);
#4444=ORIENTED_EDGE('',*,*,#2870,.T.);
#4445=ORIENTED_EDGE('',*,*,#3233,.T.);
#4446=ORIENTED_EDGE('',*,*,#2882,.T.);
#4447=PLANE('',#4448);
#4448=AXIS2_PLACEMENT_3D('',#4449,#13,#4272);
#4449=CARTESIAN_POINT('',(-4.818850830335,-1.575,0.));
#4450=ADVANCED_FACE('',(#4451),#4459,.F.);
#4451=FACE_BOUND('',#4452,.F.);
#4452=EDGE_LOOP('',(#4453,#4454,#4455,#4458));
#4453=ORIENTED_EDGE('',*,*,#1269,.T.);
#4454=ORIENTED_EDGE('',*,*,#1264,.T.);
#4455=ORIENTED_EDGE('',*,*,#4456,.T.);
#4456=EDGE_CURVE('',#1261,#1277,#4457,.T.);
#4457=LINE('',#1262,#3344);
#4458=ORIENTED_EDGE('',*,*,#1276,.T.);
#4459=PLANE('',#4460);
#4460=AXIS2_PLACEMENT_3D('',#4461,#13,#4285);
#4461=CARTESIAN_POINT('',(-1.575,-4.818850830335,0.));
#4462=ADVANCED_FACE('',(#4463),#4469,.F.);
#4463=FACE_BOUND('',#4464,.F.);
#4464=EDGE_LOOP('',(#4465,#4466,#4467,#4468));
#4465=ORIENTED_EDGE('',*,*,#2859,.T.);
#4466=ORIENTED_EDGE('',*,*,#2854,.T.);
#4467=ORIENTED_EDGE('',*,*,#3222,.T.);
#4468=ORIENTED_EDGE('',*,*,#2866,.T.);
#4469=PLANE('',#4470);
#4470=AXIS2_PLACEMENT_3D('',#4471,#13,#4272);
#4471=CARTESIAN_POINT('',(-4.818850830335,-1.225,0.));
#4472=ADVANCED_FACE('',(#4473),#4481,.F.);
#4473=FACE_BOUND('',#4474,.F.);
#4474=EDGE_LOOP('',(#4475,#4476,#4477,#4480));
#4475=ORIENTED_EDGE('',*,*,#1290,.T.);
#4476=ORIENTED_EDGE('',*,*,#1285,.T.);
#4477=ORIENTED_EDGE('',*,*,#4478,.T.);
#4478=EDGE_CURVE('',#1282,#1298,#4479,.T.);
#4479=LINE('',#1283,#3344);
#4480=ORIENTED_EDGE('',*,*,#1297,.T.);
#4481=PLANE('',#4482);
#4482=AXIS2_PLACEMENT_3D('',#4483,#13,#4285);
#4483=CARTESIAN_POINT('',(-1.225,-4.818850830335,0.));
#4484=ADVANCED_FACE('',(#4485),#4491,.F.);
#4485=FACE_BOUND('',#4486,.F.);
#4486=EDGE_LOOP('',(#4487,#4488,#4489,#4490));
#4487=ORIENTED_EDGE('',*,*,#2843,.T.);
#4488=ORIENTED_EDGE('',*,*,#2838,.T.);
#4489=ORIENTED_EDGE('',*,*,#3211,.T.);
#4490=ORIENTED_EDGE('',*,*,#2850,.T.);
#4491=PLANE('',#4492);
#4492=AXIS2_PLACEMENT_3D('',#4493,#13,#4272);
#4493=CARTESIAN_POINT('',(-4.818850830335,-0.875,0.));
#4494=ADVANCED_FACE('',(#4495),#4503,.F.);
#4495=FACE_BOUND('',#4496,.F.);
#4496=EDGE_LOOP('',(#4497,#4498,#4499,#4502));
#4497=ORIENTED_EDGE('',*,*,#1311,.T.);
#4498=ORIENTED_EDGE('',*,*,#1306,.T.);
#4499=ORIENTED_EDGE('',*,*,#4500,.T.);
#4500=EDGE_CURVE('',#1303,#1319,#4501,.T.);
#4501=LINE('',#1304,#3344);
#4502=ORIENTED_EDGE('',*,*,#1318,.T.);
#4503=PLANE('',#4504);
#4504=AXIS2_PLACEMENT_3D('',#4505,#13,#4285);
#4505=CARTESIAN_POINT('',(-0.875,-4.818850830335,0.));
#4506=ADVANCED_FACE('',(#4507),#4513,.F.);
#4507=FACE_BOUND('',#4508,.F.);
#4508=EDGE_LOOP('',(#4509,#4510,#4511,#4512));
#4509=ORIENTED_EDGE('',*,*,#2827,.T.);
#4510=ORIENTED_EDGE('',*,*,#2822,.T.);
#4511=ORIENTED_EDGE('',*,*,#3200,.T.);
#4512=ORIENTED_EDGE('',*,*,#2834,.T.);
#4513=PLANE('',#4514);
#4514=AXIS2_PLACEMENT_3D('',#4515,#13,#4272);
#4515=CARTESIAN_POINT('',(-4.818850830335,-0.525,0.));
#4516=ADVANCED_FACE('',(#4517),#4525,.F.);
#4517=FACE_BOUND('',#4518,.F.);
#4518=EDGE_LOOP('',(#4519,#4520,#4521,#4524));
#4519=ORIENTED_EDGE('',*,*,#1332,.T.);
#4520=ORIENTED_EDGE('',*,*,#1327,.T.);
#4521=ORIENTED_EDGE('',*,*,#4522,.T.);
#4522=EDGE_CURVE('',#1324,#1340,#4523,.T.);
#4523=LINE('',#1325,#3344);
#4524=ORIENTED_EDGE('',*,*,#1339,.T.);
#4525=PLANE('',#4526);
#4526=AXIS2_PLACEMENT_3D('',#4527,#13,#4285);
#4527=CARTESIAN_POINT('',(-0.525,-4.818850830335,0.));
#4528=ADVANCED_FACE('',(#4529),#4535,.F.);
#4529=FACE_BOUND('',#4530,.F.);
#4530=EDGE_LOOP('',(#4531,#4532,#4533,#4534));
#4531=ORIENTED_EDGE('',*,*,#2811,.T.);
#4532=ORIENTED_EDGE('',*,*,#2806,.T.);
#4533=ORIENTED_EDGE('',*,*,#3189,.T.);
#4534=ORIENTED_EDGE('',*,*,#2818,.T.);
#4535=PLANE('',#4536);
#4536=AXIS2_PLACEMENT_3D('',#4537,#13,#4272);
#4537=CARTESIAN_POINT('',(-4.818850830335,-0.175,0.));
#4538=ADVANCED_FACE('',(#4539),#4547,.F.);
#4539=FACE_BOUND('',#4540,.F.);
#4540=EDGE_LOOP('',(#4541,#4542,#4543,#4546));
#4541=ORIENTED_EDGE('',*,*,#1353,.T.);
#4542=ORIENTED_EDGE('',*,*,#1348,.T.);
#4543=ORIENTED_EDGE('',*,*,#4544,.T.);
#4544=EDGE_CURVE('',#1345,#1361,#4545,.T.);
#4545=LINE('',#1346,#3344);
#4546=ORIENTED_EDGE('',*,*,#1360,.T.);
#4547=PLANE('',#4548);
#4548=AXIS2_PLACEMENT_3D('',#4549,#13,#4285);
#4549=CARTESIAN_POINT('',(-0.175,-4.818850830335,0.));
#4550=ADVANCED_FACE('',(#4551),#4557,.F.);
#4551=FACE_BOUND('',#4552,.F.);
#4552=EDGE_LOOP('',(#4553,#4554,#4555,#4556));
#4553=ORIENTED_EDGE('',*,*,#2795,.T.);
#4554=ORIENTED_EDGE('',*,*,#2790,.T.);
#4555=ORIENTED_EDGE('',*,*,#3178,.T.);
#4556=ORIENTED_EDGE('',*,*,#2802,.T.);
#4557=PLANE('',#4558);
#4558=AXIS2_PLACEMENT_3D('',#4559,#13,#4272);
#4559=CARTESIAN_POINT('',(-4.818850830335,0.175,0.));
#4560=ADVANCED_FACE('',(#4561),#4569,.F.);
#4561=FACE_BOUND('',#4562,.F.);
#4562=EDGE_LOOP('',(#4563,#4564,#4565,#4568));
#4563=ORIENTED_EDGE('',*,*,#1374,.T.);
#4564=ORIENTED_EDGE('',*,*,#1369,.T.);
#4565=ORIENTED_EDGE('',*,*,#4566,.T.);
#4566=EDGE_CURVE('',#1366,#1382,#4567,.T.);
#4567=LINE('',#1367,#3344);
#4568=ORIENTED_EDGE('',*,*,#1381,.T.);
#4569=PLANE('',#4570);
#4570=AXIS2_PLACEMENT_3D('',#4571,#13,#4285);
#4571=CARTESIAN_POINT('',(0.175,-4.818850830335,0.));
#4572=ADVANCED_FACE('',(#4573),#4579,.F.);
#4573=FACE_BOUND('',#4574,.F.);
#4574=EDGE_LOOP('',(#4575,#4576,#4577,#4578));
#4575=ORIENTED_EDGE('',*,*,#2779,.T.);
#4576=ORIENTED_EDGE('',*,*,#2774,.T.);
#4577=ORIENTED_EDGE('',*,*,#3167,.T.);
#4578=ORIENTED_EDGE('',*,*,#2786,.T.);
#4579=PLANE('',#4580);
#4580=AXIS2_PLACEMENT_3D('',#4581,#13,#4272);
#4581=CARTESIAN_POINT('',(-4.818850830335,0.525,0.));
#4582=ADVANCED_FACE('',(#4583),#4591,.F.);
#4583=FACE_BOUND('',#4584,.F.);
#4584=EDGE_LOOP('',(#4585,#4586,#4587,#4590));
#4585=ORIENTED_EDGE('',*,*,#1395,.T.);
#4586=ORIENTED_EDGE('',*,*,#1390,.T.);
#4587=ORIENTED_EDGE('',*,*,#4588,.T.);
#4588=EDGE_CURVE('',#1387,#1403,#4589,.T.);
#4589=LINE('',#1388,#3344);
#4590=ORIENTED_EDGE('',*,*,#1402,.T.);
#4591=PLANE('',#4592);
#4592=AXIS2_PLACEMENT_3D('',#4593,#13,#4285);
#4593=CARTESIAN_POINT('',(0.525,-4.818850830335,0.));
#4594=ADVANCED_FACE('',(#4595),#4601,.F.);
#4595=FACE_BOUND('',#4596,.F.);
#4596=EDGE_LOOP('',(#4597,#4598,#4599,#4600));
#4597=ORIENTED_EDGE('',*,*,#2763,.T.);
#4598=ORIENTED_EDGE('',*,*,#2758,.T.);
#4599=ORIENTED_EDGE('',*,*,#3156,.T.);
#4600=ORIENTED_EDGE('',*,*,#2770,.T.);
#4601=PLANE('',#4602);
#4602=AXIS2_PLACEMENT_3D('',#4603,#13,#4272);
#4603=CARTESIAN_POINT('',(-4.818850830335,0.875,0.));
#4604=ADVANCED_FACE('',(#4605),#4613,.F.);
#4605=FACE_BOUND('',#4606,.F.);
#4606=EDGE_LOOP('',(#4607,#4608,#4609,#4612));
#4607=ORIENTED_EDGE('',*,*,#1416,.T.);
#4608=ORIENTED_EDGE('',*,*,#1411,.T.);
#4609=ORIENTED_EDGE('',*,*,#4610,.T.);
#4610=EDGE_CURVE('',#1408,#1424,#4611,.T.);
#4611=LINE('',#1409,#3344);
#4612=ORIENTED_EDGE('',*,*,#1423,.T.);
#4613=PLANE('',#4614);
#4614=AXIS2_PLACEMENT_3D('',#4615,#13,#4285);
#4615=CARTESIAN_POINT('',(0.875,-4.818850830335,0.));
#4616=ADVANCED_FACE('',(#4617),#4623,.F.);
#4617=FACE_BOUND('',#4618,.F.);
#4618=EDGE_LOOP('',(#4619,#4620,#4621,#4622));
#4619=ORIENTED_EDGE('',*,*,#2747,.T.);
#4620=ORIENTED_EDGE('',*,*,#2742,.T.);
#4621=ORIENTED_EDGE('',*,*,#3145,.T.);
#4622=ORIENTED_EDGE('',*,*,#2754,.T.);
#4623=PLANE('',#4624);
#4624=AXIS2_PLACEMENT_3D('',#4625,#13,#4272);
#4625=CARTESIAN_POINT('',(-4.818850830335,1.225,0.));
#4626=ADVANCED_FACE('',(#4627),#4635,.F.);
#4627=FACE_BOUND('',#4628,.F.);
#4628=EDGE_LOOP('',(#4629,#4630,#4631,#4634));
#4629=ORIENTED_EDGE('',*,*,#1437,.T.);
#4630=ORIENTED_EDGE('',*,*,#1432,.T.);
#4631=ORIENTED_EDGE('',*,*,#4632,.T.);
#4632=EDGE_CURVE('',#1429,#1445,#4633,.T.);
#4633=LINE('',#1430,#3344);
#4634=ORIENTED_EDGE('',*,*,#1444,.T.);
#4635=PLANE('',#4636);
#4636=AXIS2_PLACEMENT_3D('',#4637,#13,#4285);
#4637=CARTESIAN_POINT('',(1.225,-4.818850830335,0.));
#4638=ADVANCED_FACE('',(#4639),#4645,.F.);
#4639=FACE_BOUND('',#4640,.F.);
#4640=EDGE_LOOP('',(#4641,#4642,#4643,#4644));
#4641=ORIENTED_EDGE('',*,*,#2731,.T.);
#4642=ORIENTED_EDGE('',*,*,#2726,.T.);
#4643=ORIENTED_EDGE('',*,*,#3134,.T.);
#4644=ORIENTED_EDGE('',*,*,#2738,.T.);
#4645=PLANE('',#4646);
#4646=AXIS2_PLACEMENT_3D('',#4647,#13,#4272);
#4647=CARTESIAN_POINT('',(-4.818850830335,1.575,0.));
#4648=ADVANCED_FACE('',(#4649),#4657,.F.);
#4649=FACE_BOUND('',#4650,.F.);
#4650=EDGE_LOOP('',(#4651,#4652,#4653,#4656));
#4651=ORIENTED_EDGE('',*,*,#1458,.T.);
#4652=ORIENTED_EDGE('',*,*,#1453,.T.);
#4653=ORIENTED_EDGE('',*,*,#4654,.T.);
#4654=EDGE_CURVE('',#1450,#1466,#4655,.T.);
#4655=LINE('',#1451,#3344);
#4656=ORIENTED_EDGE('',*,*,#1465,.T.);
#4657=PLANE('',#4658);
#4658=AXIS2_PLACEMENT_3D('',#4659,#13,#4285);
#4659=CARTESIAN_POINT('',(1.575,-4.818850830335,0.));
#4660=ADVANCED_FACE('',(#4661),#4667,.F.);
#4661=FACE_BOUND('',#4662,.F.);
#4662=EDGE_LOOP('',(#4663,#4664,#4665,#4666));
#4663=ORIENTED_EDGE('',*,*,#2715,.T.);
#4664=ORIENTED_EDGE('',*,*,#2710,.T.);
#4665=ORIENTED_EDGE('',*,*,#3123,.T.);
#4666=ORIENTED_EDGE('',*,*,#2722,.T.);
#4667=PLANE('',#4668);
#4668=AXIS2_PLACEMENT_3D('',#4669,#13,#4272);
#4669=CARTESIAN_POINT('',(-4.818850830335,1.925,0.));
#4670=ADVANCED_FACE('',(#4671),#4679,.F.);
#4671=FACE_BOUND('',#4672,.F.);
#4672=EDGE_LOOP('',(#4673,#4674,#4675,#4678));
#4673=ORIENTED_EDGE('',*,*,#1479,.T.);
#4674=ORIENTED_EDGE('',*,*,#1474,.T.);
#4675=ORIENTED_EDGE('',*,*,#4676,.T.);
#4676=EDGE_CURVE('',#1471,#1487,#4677,.T.);
#4677=LINE('',#1472,#3344);
#4678=ORIENTED_EDGE('',*,*,#1486,.T.);
#4679=PLANE('',#4680);
#4680=AXIS2_PLACEMENT_3D('',#4681,#13,#4285);
#4681=CARTESIAN_POINT('',(1.925,-4.818850830335,0.));
#4682=ADVANCED_FACE('',(#4683),#4689,.F.);
#4683=FACE_BOUND('',#4684,.F.);
#4684=EDGE_LOOP('',(#4685,#4686,#4687,#4688));
#4685=ORIENTED_EDGE('',*,*,#2699,.T.);
#4686=ORIENTED_EDGE('',*,*,#2694,.T.);
#4687=ORIENTED_EDGE('',*,*,#3112,.T.);
#4688=ORIENTED_EDGE('',*,*,#2706,.T.);
#4689=PLANE('',#4690);
#4690=AXIS2_PLACEMENT_3D('',#4691,#13,#4272);
#4691=CARTESIAN_POINT('',(-4.818850830335,2.275,0.));
#4692=ADVANCED_FACE('',(#4693),#4701,.F.);
#4693=FACE_BOUND('',#4694,.F.);
#4694=EDGE_LOOP('',(#4695,#4696,#4697,#4700));
#4695=ORIENTED_EDGE('',*,*,#1500,.T.);
#4696=ORIENTED_EDGE('',*,*,#1495,.T.);
#4697=ORIENTED_EDGE('',*,*,#4698,.T.);
#4698=EDGE_CURVE('',#1492,#1508,#4699,.T.);
#4699=LINE('',#1493,#3344);
#4700=ORIENTED_EDGE('',*,*,#1507,.T.);
#4701=PLANE('',#4702);
#4702=AXIS2_PLACEMENT_3D('',#4703,#13,#4285);
#4703=CARTESIAN_POINT('',(2.275,-4.818850830335,0.));
#4704=ADVANCED_FACE('',(#4705),#4711,.F.);
#4705=FACE_BOUND('',#4706,.F.);
#4706=EDGE_LOOP('',(#4707,#4708,#4709,#4710));
#4707=ORIENTED_EDGE('',*,*,#2683,.T.);
#4708=ORIENTED_EDGE('',*,*,#2678,.T.);
#4709=ORIENTED_EDGE('',*,*,#3101,.T.);
#4710=ORIENTED_EDGE('',*,*,#2690,.T.);
#4711=PLANE('',#4712);
#4712=AXIS2_PLACEMENT_3D('',#4713,#13,#4272);
#4713=CARTESIAN_POINT('',(-4.818850830335,2.625,0.));
#4714=ADVANCED_FACE('',(#4715),#4723,.F.);
#4715=FACE_BOUND('',#4716,.F.);
#4716=EDGE_LOOP('',(#4717,#4718,#4719,#4722));
#4717=ORIENTED_EDGE('',*,*,#1521,.T.);
#4718=ORIENTED_EDGE('',*,*,#1516,.T.);
#4719=ORIENTED_EDGE('',*,*,#4720,.T.);
#4720=EDGE_CURVE('',#1513,#1529,#4721,.T.);
#4721=LINE('',#1514,#3344);
#4722=ORIENTED_EDGE('',*,*,#1528,.T.);
#4723=PLANE('',#4724);
#4724=AXIS2_PLACEMENT_3D('',#4725,#13,#4285);
#4725=CARTESIAN_POINT('',(2.625,-4.818850830335,0.));
#4726=ADVANCED_FACE('',(#4727),#4733,.F.);
#4727=FACE_BOUND('',#4728,.F.);
#4728=EDGE_LOOP('',(#4729,#4730,#4731,#4732));
#4729=ORIENTED_EDGE('',*,*,#2667,.T.);
#4730=ORIENTED_EDGE('',*,*,#2662,.T.);
#4731=ORIENTED_EDGE('',*,*,#3090,.T.);
#4732=ORIENTED_EDGE('',*,*,#2674,.T.);
#4733=PLANE('',#4734);
#4734=AXIS2_PLACEMENT_3D('',#4735,#13,#4272);
#4735=CARTESIAN_POINT('',(-4.818850830335,2.975,0.));
#4736=ADVANCED_FACE('',(#4737),#4745,.F.);
#4737=FACE_BOUND('',#4738,.F.);
#4738=EDGE_LOOP('',(#4739,#4740,#4741,#4744));
#4739=ORIENTED_EDGE('',*,*,#1542,.T.);
#4740=ORIENTED_EDGE('',*,*,#1537,.T.);
#4741=ORIENTED_EDGE('',*,*,#4742,.T.);
#4742=EDGE_CURVE('',#1534,#1550,#4743,.T.);
#4743=LINE('',#1535,#3344);
#4744=ORIENTED_EDGE('',*,*,#1549,.T.);
#4745=PLANE('',#4746);
#4746=AXIS2_PLACEMENT_3D('',#4747,#13,#4285);
#4747=CARTESIAN_POINT('',(2.975,-4.818850830335,0.));
#4748=ADVANCED_FACE('',(#4749),#4755,.F.);
#4749=FACE_BOUND('',#4750,.F.);
#4750=EDGE_LOOP('',(#4751,#4752,#4753,#4754));
#4751=ORIENTED_EDGE('',*,*,#2651,.T.);
#4752=ORIENTED_EDGE('',*,*,#2646,.T.);
#4753=ORIENTED_EDGE('',*,*,#3079,.T.);
#4754=ORIENTED_EDGE('',*,*,#2658,.T.);
#4755=PLANE('',#4756);
#4756=AXIS2_PLACEMENT_3D('',#4757,#13,#4272);
#4757=CARTESIAN_POINT('',(-4.818850830335,3.325,0.));
#4758=ADVANCED_FACE('',(#4759),#4767,.F.);
#4759=FACE_BOUND('',#4760,.F.);
#4760=EDGE_LOOP('',(#4761,#4762,#4763,#4766));
#4761=ORIENTED_EDGE('',*,*,#1563,.T.);
#4762=ORIENTED_EDGE('',*,*,#1558,.T.);
#4763=ORIENTED_EDGE('',*,*,#4764,.T.);
#4764=EDGE_CURVE('',#1555,#1571,#4765,.T.);
#4765=LINE('',#1556,#3344);
#4766=ORIENTED_EDGE('',*,*,#1570,.T.);
#4767=PLANE('',#4768);
#4768=AXIS2_PLACEMENT_3D('',#4769,#13,#4285);
#4769=CARTESIAN_POINT('',(3.325,-4.818850830335,0.));
#4770=ADVANCED_FACE('',(#4771),#4777,.F.);
#4771=FACE_BOUND('',#4772,.F.);
#4772=EDGE_LOOP('',(#4773,#4774,#4775,#4776));
#4773=ORIENTED_EDGE('',*,*,#2635,.T.);
#4774=ORIENTED_EDGE('',*,*,#2630,.T.);
#4775=ORIENTED_EDGE('',*,*,#3068,.T.);
#4776=ORIENTED_EDGE('',*,*,#2642,.T.);
#4777=PLANE('',#4778);
#4778=AXIS2_PLACEMENT_3D('',#4779,#13,#4272);
#4779=CARTESIAN_POINT('',(-4.818850830335,3.675,0.));
#4780=ADVANCED_FACE('',(#4781),#4789,.F.);
#4781=FACE_BOUND('',#4782,.F.);
#4782=EDGE_LOOP('',(#4783,#4784,#4785,#4788));
#4783=ORIENTED_EDGE('',*,*,#1584,.T.);
#4784=ORIENTED_EDGE('',*,*,#1579,.T.);
#4785=ORIENTED_EDGE('',*,*,#4786,.T.);
#4786=EDGE_CURVE('',#1576,#1592,#4787,.T.);
#4787=LINE('',#1577,#3344);
#4788=ORIENTED_EDGE('',*,*,#1591,.T.);
#4789=PLANE('',#4790);
#4790=AXIS2_PLACEMENT_3D('',#4791,#13,#4285);
#4791=CARTESIAN_POINT('',(3.675,-4.818850830335,0.));
#4792=ADVANCED_FACE('',(#4793),#4799,.F.);
#4793=FACE_BOUND('',#4794,.F.);
#4794=EDGE_LOOP('',(#4795,#4796,#4797,#4798));
#4795=ORIENTED_EDGE('',*,*,#2619,.T.);
#4796=ORIENTED_EDGE('',*,*,#2614,.T.);
#4797=ORIENTED_EDGE('',*,*,#3057,.T.);
#4798=ORIENTED_EDGE('',*,*,#2626,.T.);
#4799=PLANE('',#4800);
#4800=AXIS2_PLACEMENT_3D('',#4801,#13,#4272);
#4801=CARTESIAN_POINT('',(-4.818850830335,4.025,0.));
#4802=ADVANCED_FACE('',(#4803),#4811,.F.);
#4803=FACE_BOUND('',#4804,.F.);
#4804=EDGE_LOOP('',(#4805,#4806,#4807,#4810));
#4805=ORIENTED_EDGE('',*,*,#1605,.T.);
#4806=ORIENTED_EDGE('',*,*,#1600,.T.);
#4807=ORIENTED_EDGE('',*,*,#4808,.T.);
#4808=EDGE_CURVE('',#1597,#1613,#4809,.T.);
#4809=LINE('',#1598,#3344);
#4810=ORIENTED_EDGE('',*,*,#1612,.T.);
#4811=PLANE('',#4812);
#4812=AXIS2_PLACEMENT_3D('',#4813,#13,#4285);
#4813=CARTESIAN_POINT('',(4.025,-4.818850830335,0.));
#4814=ADVANCED_FACE('',(#4815),#4821,.F.);
#4815=FACE_BOUND('',#4816,.F.);
#4816=EDGE_LOOP('',(#4817,#4818,#4819,#4820));
#4817=ORIENTED_EDGE('',*,*,#2600,.T.);
#4818=ORIENTED_EDGE('',*,*,#2593,.T.);
#4819=ORIENTED_EDGE('',*,*,#3045,.T.);
#4820=ORIENTED_EDGE('',*,*,#2608,.T.);
#4821=PLANE('',#4822);
#4822=AXIS2_PLACEMENT_3D('',#4823,#13,#4272);
#4823=CARTESIAN_POINT('',(-4.818850830335,4.375,0.));
#4824=ADVANCED_FACE('',(#4825),#4833,.F.);
#4825=FACE_BOUND('',#4826,.F.);
#4826=EDGE_LOOP('',(#4827,#4828,#4829,#4832));
#4827=ORIENTED_EDGE('',*,*,#1626,.T.);
#4828=ORIENTED_EDGE('',*,*,#1621,.T.);
#4829=ORIENTED_EDGE('',*,*,#4830,.T.);
#4830=EDGE_CURVE('',#1618,#1634,#4831,.T.);
#4831=LINE('',#1619,#3344);
#4832=ORIENTED_EDGE('',*,*,#1633,.T.);
#4833=PLANE('',#4834);
#4834=AXIS2_PLACEMENT_3D('',#4835,#13,#4285);
#4835=CARTESIAN_POINT('',(4.375,-4.818850830335,0.));
#4836=ADVANCED_FACE('',(#4837),#4843,.F.);
#4837=FACE_BOUND('',#4838,.F.);
#4838=EDGE_LOOP('',(#4839,#4840,#4841,#4842));
#4839=ORIENTED_EDGE('',*,*,#2582,.T.);
#4840=ORIENTED_EDGE('',*,*,#2577,.T.);
#4841=ORIENTED_EDGE('',*,*,#4058,.T.);
#4842=ORIENTED_EDGE('',*,*,#2589,.T.);
#4843=PLANE('',#4844);
#4844=AXIS2_PLACEMENT_3D('',#4845,#13,#14);
#4845=CARTESIAN_POINT('',(-4.375,4.818850830335,0.));
#4846=ADVANCED_FACE('',(#4847),#4855,.F.);
#4847=FACE_BOUND('',#4848,.F.);
#4848=EDGE_LOOP('',(#4849,#4850,#4851,#4854));
#4849=ORIENTED_EDGE('',*,*,#1654,.T.);
#4850=ORIENTED_EDGE('',*,*,#1647,.T.);
#4851=ORIENTED_EDGE('',*,*,#4852,.T.);
#4852=EDGE_CURVE('',#1643,#1664,#4853,.T.);
#4853=LINE('',#1644,#3715);
#4854=ORIENTED_EDGE('',*,*,#1663,.T.);
#4855=PLANE('',#4856);
#4856=AXIS2_PLACEMENT_3D('',#4857,#13,#4858);
#4857=CARTESIAN_POINT('',(4.818850830335,-4.375,0.));
#4858=DIRECTION('',(-2.22044604925E-16,-1.,0.));
#4859=ADVANCED_FACE('',(#4860),#4866,.F.);
#4860=FACE_BOUND('',#4861,.F.);
#4861=EDGE_LOOP('',(#4862,#4863,#4864,#4865));
#4862=ORIENTED_EDGE('',*,*,#2567,.T.);
#4863=ORIENTED_EDGE('',*,*,#2562,.T.);
#4864=ORIENTED_EDGE('',*,*,#4066,.T.);
#4865=ORIENTED_EDGE('',*,*,#2574,.T.);
#4866=PLANE('',#4867);
#4867=AXIS2_PLACEMENT_3D('',#4868,#13,#14);
#4868=CARTESIAN_POINT('',(-4.025,4.818850830335,0.));
#4869=ADVANCED_FACE('',(#4870),#4878,.F.);
#4870=FACE_BOUND('',#4871,.F.);
#4871=EDGE_LOOP('',(#4872,#4873,#4874,#4877));
#4872=ORIENTED_EDGE('',*,*,#1679,.T.);
#4873=ORIENTED_EDGE('',*,*,#1674,.T.);
#4874=ORIENTED_EDGE('',*,*,#4875,.T.);
#4875=EDGE_CURVE('',#1671,#1687,#4876,.T.);
#4876=LINE('',#1672,#3715);
#4877=ORIENTED_EDGE('',*,*,#1686,.T.);
#4878=PLANE('',#4879);
#4879=AXIS2_PLACEMENT_3D('',#4880,#13,#4858);
#4880=CARTESIAN_POINT('',(4.818850830335,-4.025,0.));
#4881=ADVANCED_FACE('',(#4882),#4888,.F.);
#4882=FACE_BOUND('',#4883,.F.);
#4883=EDGE_LOOP('',(#4884,#4885,#4886,#4887));
#4884=ORIENTED_EDGE('',*,*,#2552,.T.);
#4885=ORIENTED_EDGE('',*,*,#2547,.T.);
#4886=ORIENTED_EDGE('',*,*,#4074,.T.);
#4887=ORIENTED_EDGE('',*,*,#2559,.T.);
#4888=PLANE('',#4889);
#4889=AXIS2_PLACEMENT_3D('',#4890,#13,#14);
#4890=CARTESIAN_POINT('',(-3.675,4.818850830335,0.));
#4891=ADVANCED_FACE('',(#4892),#4900,.F.);
#4892=FACE_BOUND('',#4893,.F.);
#4893=EDGE_LOOP('',(#4894,#4895,#4896,#4899));
#4894=ORIENTED_EDGE('',*,*,#1700,.T.);
#4895=ORIENTED_EDGE('',*,*,#1695,.T.);
#4896=ORIENTED_EDGE('',*,*,#4897,.T.);
#4897=EDGE_CURVE('',#1692,#1708,#4898,.T.);
#4898=LINE('',#1693,#3715);
#4899=ORIENTED_EDGE('',*,*,#1707,.T.);
#4900=PLANE('',#4901);
#4901=AXIS2_PLACEMENT_3D('',#4902,#13,#4858);
#4902=CARTESIAN_POINT('',(4.818850830335,-3.675,0.));
#4903=ADVANCED_FACE('',(#4904),#4910,.F.);
#4904=FACE_BOUND('',#4905,.F.);
#4905=EDGE_LOOP('',(#4906,#4907,#4908,#4909));
#4906=ORIENTED_EDGE('',*,*,#2537,.T.);
#4907=ORIENTED_EDGE('',*,*,#2532,.T.);
#4908=ORIENTED_EDGE('',*,*,#4082,.T.);
#4909=ORIENTED_EDGE('',*,*,#2544,.T.);
#4910=PLANE('',#4911);
#4911=AXIS2_PLACEMENT_3D('',#4912,#13,#14);
#4912=CARTESIAN_POINT('',(-3.325,4.818850830335,0.));
#4913=ADVANCED_FACE('',(#4914),#4922,.F.);
#4914=FACE_BOUND('',#4915,.F.);
#4915=EDGE_LOOP('',(#4916,#4917,#4918,#4921));
#4916=ORIENTED_EDGE('',*,*,#1721,.T.);
#4917=ORIENTED_EDGE('',*,*,#1716,.T.);
#4918=ORIENTED_EDGE('',*,*,#4919,.T.);
#4919=EDGE_CURVE('',#1713,#1729,#4920,.T.);
#4920=LINE('',#1714,#3715);
#4921=ORIENTED_EDGE('',*,*,#1728,.T.);
#4922=PLANE('',#4923);
#4923=AXIS2_PLACEMENT_3D('',#4924,#13,#4858);
#4924=CARTESIAN_POINT('',(4.818850830335,-3.325,0.));
#4925=ADVANCED_FACE('',(#4926),#4932,.F.);
#4926=FACE_BOUND('',#4927,.F.);
#4927=EDGE_LOOP('',(#4928,#4929,#4930,#4931));
#4928=ORIENTED_EDGE('',*,*,#2522,.T.);
#4929=ORIENTED_EDGE('',*,*,#2517,.T.);
#4930=ORIENTED_EDGE('',*,*,#4090,.T.);
#4931=ORIENTED_EDGE('',*,*,#2529,.T.);
#4932=PLANE('',#4933);
#4933=AXIS2_PLACEMENT_3D('',#4934,#13,#14);
#4934=CARTESIAN_POINT('',(-2.975,4.818850830335,0.));
#4935=ADVANCED_FACE('',(#4936),#4944,.F.);
#4936=FACE_BOUND('',#4937,.F.);
#4937=EDGE_LOOP('',(#4938,#4939,#4940,#4943));
#4938=ORIENTED_EDGE('',*,*,#1742,.T.);
#4939=ORIENTED_EDGE('',*,*,#1737,.T.);
#4940=ORIENTED_EDGE('',*,*,#4941,.T.);
#4941=EDGE_CURVE('',#1734,#1750,#4942,.T.);
#4942=LINE('',#1735,#3715);
#4943=ORIENTED_EDGE('',*,*,#1749,.T.);
#4944=PLANE('',#4945);
#4945=AXIS2_PLACEMENT_3D('',#4946,#13,#4858);
#4946=CARTESIAN_POINT('',(4.818850830335,-2.975,0.));
#4947=ADVANCED_FACE('',(#4948),#4954,.F.);
#4948=FACE_BOUND('',#4949,.F.);
#4949=EDGE_LOOP('',(#4950,#4951,#4952,#4953));
#4950=ORIENTED_EDGE('',*,*,#2507,.T.);
#4951=ORIENTED_EDGE('',*,*,#2502,.T.);
#4952=ORIENTED_EDGE('',*,*,#4098,.T.);
#4953=ORIENTED_EDGE('',*,*,#2514,.T.);
#4954=PLANE('',#4955);
#4955=AXIS2_PLACEMENT_3D('',#4956,#13,#14);
#4956=CARTESIAN_POINT('',(-2.625,4.818850830335,0.));
#4957=ADVANCED_FACE('',(#4958),#4966,.F.);
#4958=FACE_BOUND('',#4959,.F.);
#4959=EDGE_LOOP('',(#4960,#4961,#4962,#4965));
#4960=ORIENTED_EDGE('',*,*,#1763,.T.);
#4961=ORIENTED_EDGE('',*,*,#1758,.T.);
#4962=ORIENTED_EDGE('',*,*,#4963,.T.);
#4963=EDGE_CURVE('',#1755,#1771,#4964,.T.);
#4964=LINE('',#1756,#3715);
#4965=ORIENTED_EDGE('',*,*,#1770,.T.);
#4966=PLANE('',#4967);
#4967=AXIS2_PLACEMENT_3D('',#4968,#13,#4858);
#4968=CARTESIAN_POINT('',(4.818850830335,-2.625,0.));
#4969=ADVANCED_FACE('',(#4970),#4976,.F.);
#4970=FACE_BOUND('',#4971,.F.);
#4971=EDGE_LOOP('',(#4972,#4973,#4974,#4975));
#4972=ORIENTED_EDGE('',*,*,#2492,.T.);
#4973=ORIENTED_EDGE('',*,*,#2487,.T.);
#4974=ORIENTED_EDGE('',*,*,#4106,.T.);
#4975=ORIENTED_EDGE('',*,*,#2499,.T.);
#4976=PLANE('',#4977);
#4977=AXIS2_PLACEMENT_3D('',#4978,#13,#14);
#4978=CARTESIAN_POINT('',(-2.275,4.818850830335,0.));
#4979=ADVANCED_FACE('',(#4980),#4988,.F.);
#4980=FACE_BOUND('',#4981,.F.);
#4981=EDGE_LOOP('',(#4982,#4983,#4984,#4987));
#4982=ORIENTED_EDGE('',*,*,#1784,.T.);
#4983=ORIENTED_EDGE('',*,*,#1779,.T.);
#4984=ORIENTED_EDGE('',*,*,#4985,.T.);
#4985=EDGE_CURVE('',#1776,#1792,#4986,.T.);
#4986=LINE('',#1777,#3715);
#4987=ORIENTED_EDGE('',*,*,#1791,.T.);
#4988=PLANE('',#4989);
#4989=AXIS2_PLACEMENT_3D('',#4990,#13,#4858);
#4990=CARTESIAN_POINT('',(4.818850830335,-2.275,0.));
#4991=ADVANCED_FACE('',(#4992),#4998,.F.);
#4992=FACE_BOUND('',#4993,.F.);
#4993=EDGE_LOOP('',(#4994,#4995,#4996,#4997));
#4994=ORIENTED_EDGE('',*,*,#2477,.T.);
#4995=ORIENTED_EDGE('',*,*,#2472,.T.);
#4996=ORIENTED_EDGE('',*,*,#4114,.T.);
#4997=ORIENTED_EDGE('',*,*,#2484,.T.);
#4998=PLANE('',#4999);
#4999=AXIS2_PLACEMENT_3D('',#5000,#13,#14);
#5000=CARTESIAN_POINT('',(-1.925,4.818850830335,0.));
#5001=ADVANCED_FACE('',(#5002),#5010,.F.);
#5002=FACE_BOUND('',#5003,.F.);
#5003=EDGE_LOOP('',(#5004,#5005,#5006,#5009));
#5004=ORIENTED_EDGE('',*,*,#1805,.T.);
#5005=ORIENTED_EDGE('',*,*,#1800,.T.);
#5006=ORIENTED_EDGE('',*,*,#5007,.T.);
#5007=EDGE_CURVE('',#1797,#1813,#5008,.T.);
#5008=LINE('',#1798,#3715);
#5009=ORIENTED_EDGE('',*,*,#1812,.T.);
#5010=PLANE('',#5011);
#5011=AXIS2_PLACEMENT_3D('',#5012,#13,#4858);
#5012=CARTESIAN_POINT('',(4.818850830335,-1.925,0.));
#5013=ADVANCED_FACE('',(#5014),#5020,.F.);
#5014=FACE_BOUND('',#5015,.F.);
#5015=EDGE_LOOP('',(#5016,#5017,#5018,#5019));
#5016=ORIENTED_EDGE('',*,*,#2462,.T.);
#5017=ORIENTED_EDGE('',*,*,#2457,.T.);
#5018=ORIENTED_EDGE('',*,*,#4122,.T.);
#5019=ORIENTED_EDGE('',*,*,#2469,.T.);
#5020=PLANE('',#5021);
#5021=AXIS2_PLACEMENT_3D('',#5022,#13,#14);
#5022=CARTESIAN_POINT('',(-1.575,4.818850830335,0.));
#5023=ADVANCED_FACE('',(#5024),#5032,.F.);
#5024=FACE_BOUND('',#5025,.F.);
#5025=EDGE_LOOP('',(#5026,#5027,#5028,#5031));
#5026=ORIENTED_EDGE('',*,*,#1826,.T.);
#5027=ORIENTED_EDGE('',*,*,#1821,.T.);
#5028=ORIENTED_EDGE('',*,*,#5029,.T.);
#5029=EDGE_CURVE('',#1818,#1834,#5030,.T.);
#5030=LINE('',#1819,#3715);
#5031=ORIENTED_EDGE('',*,*,#1833,.T.);
#5032=PLANE('',#5033);
#5033=AXIS2_PLACEMENT_3D('',#5034,#13,#4858);
#5034=CARTESIAN_POINT('',(4.818850830335,-1.575,0.));
#5035=ADVANCED_FACE('',(#5036),#5042,.F.);
#5036=FACE_BOUND('',#5037,.F.);
#5037=EDGE_LOOP('',(#5038,#5039,#5040,#5041));
#5038=ORIENTED_EDGE('',*,*,#2447,.T.);
#5039=ORIENTED_EDGE('',*,*,#2442,.T.);
#5040=ORIENTED_EDGE('',*,*,#4130,.T.);
#5041=ORIENTED_EDGE('',*,*,#2454,.T.);
#5042=PLANE('',#5043);
#5043=AXIS2_PLACEMENT_3D('',#5044,#13,#14);
#5044=CARTESIAN_POINT('',(-1.225,4.818850830335,0.));
#5045=ADVANCED_FACE('',(#5046),#5054,.F.);
#5046=FACE_BOUND('',#5047,.F.);
#5047=EDGE_LOOP('',(#5048,#5049,#5050,#5053));
#5048=ORIENTED_EDGE('',*,*,#1847,.T.);
#5049=ORIENTED_EDGE('',*,*,#1842,.T.);
#5050=ORIENTED_EDGE('',*,*,#5051,.T.);
#5051=EDGE_CURVE('',#1839,#1855,#5052,.T.);
#5052=LINE('',#1840,#3715);
#5053=ORIENTED_EDGE('',*,*,#1854,.T.);
#5054=PLANE('',#5055);
#5055=AXIS2_PLACEMENT_3D('',#5056,#13,#4858);
#5056=CARTESIAN_POINT('',(4.818850830335,-1.225,0.));
#5057=ADVANCED_FACE('',(#5058),#5064,.F.);
#5058=FACE_BOUND('',#5059,.F.);
#5059=EDGE_LOOP('',(#5060,#5061,#5062,#5063));
#5060=ORIENTED_EDGE('',*,*,#2432,.T.);
#5061=ORIENTED_EDGE('',*,*,#2427,.T.);
#5062=ORIENTED_EDGE('',*,*,#4138,.T.);
#5063=ORIENTED_EDGE('',*,*,#2439,.T.);
#5064=PLANE('',#5065);
#5065=AXIS2_PLACEMENT_3D('',#5066,#13,#14);
#5066=CARTESIAN_POINT('',(-0.875,4.818850830335,0.));
#5067=ADVANCED_FACE('',(#5068),#5076,.F.);
#5068=FACE_BOUND('',#5069,.F.);
#5069=EDGE_LOOP('',(#5070,#5071,#5072,#5075));
#5070=ORIENTED_EDGE('',*,*,#1868,.T.);
#5071=ORIENTED_EDGE('',*,*,#1863,.T.);
#5072=ORIENTED_EDGE('',*,*,#5073,.T.);
#5073=EDGE_CURVE('',#1860,#1876,#5074,.T.);
#5074=LINE('',#1861,#3715);
#5075=ORIENTED_EDGE('',*,*,#1875,.T.);
#5076=PLANE('',#5077);
#5077=AXIS2_PLACEMENT_3D('',#5078,#13,#4858);
#5078=CARTESIAN_POINT('',(4.818850830335,-0.875,0.));
#5079=ADVANCED_FACE('',(#5080),#5086,.F.);
#5080=FACE_BOUND('',#5081,.F.);
#5081=EDGE_LOOP('',(#5082,#5083,#5084,#5085));
#5082=ORIENTED_EDGE('',*,*,#2417,.T.);
#5083=ORIENTED_EDGE('',*,*,#2412,.T.);
#5084=ORIENTED_EDGE('',*,*,#4146,.T.);
#5085=ORIENTED_EDGE('',*,*,#2424,.T.);
#5086=PLANE('',#5087);
#5087=AXIS2_PLACEMENT_3D('',#5088,#13,#14);
#5088=CARTESIAN_POINT('',(-0.525,4.818850830335,0.));
#5089=ADVANCED_FACE('',(#5090),#5098,.F.);
#5090=FACE_BOUND('',#5091,.F.);
#5091=EDGE_LOOP('',(#5092,#5093,#5094,#5097));
#5092=ORIENTED_EDGE('',*,*,#1889,.T.);
#5093=ORIENTED_EDGE('',*,*,#1884,.T.);
#5094=ORIENTED_EDGE('',*,*,#5095,.T.);
#5095=EDGE_CURVE('',#1881,#1897,#5096,.T.);
#5096=LINE('',#1882,#3715);
#5097=ORIENTED_EDGE('',*,*,#1896,.T.);
#5098=PLANE('',#5099);
#5099=AXIS2_PLACEMENT_3D('',#5100,#13,#4858);
#5100=CARTESIAN_POINT('',(4.818850830335,-0.525,0.));
#5101=ADVANCED_FACE('',(#5102),#5108,.F.);
#5102=FACE_BOUND('',#5103,.F.);
#5103=EDGE_LOOP('',(#5104,#5105,#5106,#5107));
#5104=ORIENTED_EDGE('',*,*,#2402,.T.);
#5105=ORIENTED_EDGE('',*,*,#2397,.T.);
#5106=ORIENTED_EDGE('',*,*,#4154,.T.);
#5107=ORIENTED_EDGE('',*,*,#2409,.T.);
#5108=PLANE('',#5109);
#5109=AXIS2_PLACEMENT_3D('',#5110,#13,#14);
#5110=CARTESIAN_POINT('',(-0.175,4.818850830335,0.));
#5111=ADVANCED_FACE('',(#5112),#5120,.F.);
#5112=FACE_BOUND('',#5113,.F.);
#5113=EDGE_LOOP('',(#5114,#5115,#5116,#5119));
#5114=ORIENTED_EDGE('',*,*,#1910,.T.);
#5115=ORIENTED_EDGE('',*,*,#1905,.T.);
#5116=ORIENTED_EDGE('',*,*,#5117,.T.);
#5117=EDGE_CURVE('',#1902,#1918,#5118,.T.);
#5118=LINE('',#1903,#3715);
#5119=ORIENTED_EDGE('',*,*,#1917,.T.);
#5120=PLANE('',#5121);
#5121=AXIS2_PLACEMENT_3D('',#5122,#13,#4858);
#5122=CARTESIAN_POINT('',(4.818850830335,-0.175,0.));
#5123=ADVANCED_FACE('',(#5124),#5130,.F.);
#5124=FACE_BOUND('',#5125,.F.);
#5125=EDGE_LOOP('',(#5126,#5127,#5128,#5129));
#5126=ORIENTED_EDGE('',*,*,#2387,.T.);
#5127=ORIENTED_EDGE('',*,*,#2382,.T.);
#5128=ORIENTED_EDGE('',*,*,#4162,.T.);
#5129=ORIENTED_EDGE('',*,*,#2394,.T.);
#5130=PLANE('',#5131);
#5131=AXIS2_PLACEMENT_3D('',#5132,#13,#14);
#5132=CARTESIAN_POINT('',(0.175,4.818850830335,0.));
#5133=ADVANCED_FACE('',(#5134),#5142,.F.);
#5134=FACE_BOUND('',#5135,.F.);
#5135=EDGE_LOOP('',(#5136,#5137,#5138,#5141));
#5136=ORIENTED_EDGE('',*,*,#1931,.T.);
#5137=ORIENTED_EDGE('',*,*,#1926,.T.);
#5138=ORIENTED_EDGE('',*,*,#5139,.T.);
#5139=EDGE_CURVE('',#1923,#1939,#5140,.T.);
#5140=LINE('',#1924,#3715);
#5141=ORIENTED_EDGE('',*,*,#1938,.T.);
#5142=PLANE('',#5143);
#5143=AXIS2_PLACEMENT_3D('',#5144,#13,#4858);
#5144=CARTESIAN_POINT('',(4.818850830335,0.175,0.));
#5145=ADVANCED_FACE('',(#5146),#5152,.F.);
#5146=FACE_BOUND('',#5147,.F.);
#5147=EDGE_LOOP('',(#5148,#5149,#5150,#5151));
#5148=ORIENTED_EDGE('',*,*,#2372,.T.);
#5149=ORIENTED_EDGE('',*,*,#2367,.T.);
#5150=ORIENTED_EDGE('',*,*,#4170,.T.);
#5151=ORIENTED_EDGE('',*,*,#2379,.T.);
#5152=PLANE('',#5153);
#5153=AXIS2_PLACEMENT_3D('',#5154,#13,#14);
#5154=CARTESIAN_POINT('',(0.525,4.818850830335,0.));
#5155=ADVANCED_FACE('',(#5156),#5164,.F.);
#5156=FACE_BOUND('',#5157,.F.);
#5157=EDGE_LOOP('',(#5158,#5159,#5160,#5163));
#5158=ORIENTED_EDGE('',*,*,#1952,.T.);
#5159=ORIENTED_EDGE('',*,*,#1947,.T.);
#5160=ORIENTED_EDGE('',*,*,#5161,.T.);
#5161=EDGE_CURVE('',#1944,#1960,#5162,.T.);
#5162=LINE('',#1945,#3715);
#5163=ORIENTED_EDGE('',*,*,#1959,.T.);
#5164=PLANE('',#5165);
#5165=AXIS2_PLACEMENT_3D('',#5166,#13,#4858);
#5166=CARTESIAN_POINT('',(4.818850830335,0.525,0.));
#5167=ADVANCED_FACE('',(#5168),#5174,.F.);
#5168=FACE_BOUND('',#5169,.F.);
#5169=EDGE_LOOP('',(#5170,#5171,#5172,#5173));
#5170=ORIENTED_EDGE('',*,*,#2357,.T.);
#5171=ORIENTED_EDGE('',*,*,#2352,.T.);
#5172=ORIENTED_EDGE('',*,*,#4178,.T.);
#5173=ORIENTED_EDGE('',*,*,#2364,.T.);
#5174=PLANE('',#5175);
#5175=AXIS2_PLACEMENT_3D('',#5176,#13,#14);
#5176=CARTESIAN_POINT('',(0.875,4.818850830335,0.));
#5177=ADVANCED_FACE('',(#5178),#5186,.F.);
#5178=FACE_BOUND('',#5179,.F.);
#5179=EDGE_LOOP('',(#5180,#5181,#5182,#5185));
#5180=ORIENTED_EDGE('',*,*,#1973,.T.);
#5181=ORIENTED_EDGE('',*,*,#1968,.T.);
#5182=ORIENTED_EDGE('',*,*,#5183,.T.);
#5183=EDGE_CURVE('',#1965,#1981,#5184,.T.);
#5184=LINE('',#1966,#3715);
#5185=ORIENTED_EDGE('',*,*,#1980,.T.);
#5186=PLANE('',#5187);
#5187=AXIS2_PLACEMENT_3D('',#5188,#13,#4858);
#5188=CARTESIAN_POINT('',(4.818850830335,0.875,0.));
#5189=ADVANCED_FACE('',(#5190),#5196,.F.);
#5190=FACE_BOUND('',#5191,.F.);
#5191=EDGE_LOOP('',(#5192,#5193,#5194,#5195));
#5192=ORIENTED_EDGE('',*,*,#2342,.T.);
#5193=ORIENTED_EDGE('',*,*,#2337,.T.);
#5194=ORIENTED_EDGE('',*,*,#4186,.T.);
#5195=ORIENTED_EDGE('',*,*,#2349,.T.);
#5196=PLANE('',#5197);
#5197=AXIS2_PLACEMENT_3D('',#5198,#13,#14);
#5198=CARTESIAN_POINT('',(1.225,4.818850830335,0.));
#5199=ADVANCED_FACE('',(#5200),#5208,.F.);
#5200=FACE_BOUND('',#5201,.F.);
#5201=EDGE_LOOP('',(#5202,#5203,#5204,#5207));
#5202=ORIENTED_EDGE('',*,*,#1994,.T.);
#5203=ORIENTED_EDGE('',*,*,#1989,.T.);
#5204=ORIENTED_EDGE('',*,*,#5205,.T.);
#5205=EDGE_CURVE('',#1986,#2002,#5206,.T.);
#5206=LINE('',#1987,#3715);
#5207=ORIENTED_EDGE('',*,*,#2001,.T.);
#5208=PLANE('',#5209);
#5209=AXIS2_PLACEMENT_3D('',#5210,#13,#4858);
#5210=CARTESIAN_POINT('',(4.818850830335,1.225,0.));
#5211=ADVANCED_FACE('',(#5212),#5218,.F.);
#5212=FACE_BOUND('',#5213,.F.);
#5213=EDGE_LOOP('',(#5214,#5215,#5216,#5217));
#5214=ORIENTED_EDGE('',*,*,#2327,.T.);
#5215=ORIENTED_EDGE('',*,*,#2322,.T.);
#5216=ORIENTED_EDGE('',*,*,#4194,.T.);
#5217=ORIENTED_EDGE('',*,*,#2334,.T.);
#5218=PLANE('',#5219);
#5219=AXIS2_PLACEMENT_3D('',#5220,#13,#14);
#5220=CARTESIAN_POINT('',(1.575,4.818850830335,0.));
#5221=ADVANCED_FACE('',(#5222),#5230,.F.);
#5222=FACE_BOUND('',#5223,.F.);
#5223=EDGE_LOOP('',(#5224,#5225,#5226,#5229));
#5224=ORIENTED_EDGE('',*,*,#2015,.T.);
#5225=ORIENTED_EDGE('',*,*,#2010,.T.);
#5226=ORIENTED_EDGE('',*,*,#5227,.T.);
#5227=EDGE_CURVE('',#2007,#2023,#5228,.T.);
#5228=LINE('',#2008,#3715);
#5229=ORIENTED_EDGE('',*,*,#2022,.T.);
#5230=PLANE('',#5231);
#5231=AXIS2_PLACEMENT_3D('',#5232,#13,#4858);
#5232=CARTESIAN_POINT('',(4.818850830335,1.575,0.));
#5233=ADVANCED_FACE('',(#5234),#5240,.F.);
#5234=FACE_BOUND('',#5235,.F.);
#5235=EDGE_LOOP('',(#5236,#5237,#5238,#5239));
#5236=ORIENTED_EDGE('',*,*,#2312,.T.);
#5237=ORIENTED_EDGE('',*,*,#2307,.T.);
#5238=ORIENTED_EDGE('',*,*,#4202,.T.);
#5239=ORIENTED_EDGE('',*,*,#2319,.T.);
#5240=PLANE('',#5241);
#5241=AXIS2_PLACEMENT_3D('',#5242,#13,#14);
#5242=CARTESIAN_POINT('',(1.925,4.818850830335,0.));
#5243=ADVANCED_FACE('',(#5244),#5252,.F.);
#5244=FACE_BOUND('',#5245,.F.);
#5245=EDGE_LOOP('',(#5246,#5247,#5248,#5251));
#5246=ORIENTED_EDGE('',*,*,#2036,.T.);
#5247=ORIENTED_EDGE('',*,*,#2031,.T.);
#5248=ORIENTED_EDGE('',*,*,#5249,.T.);
#5249=EDGE_CURVE('',#2028,#2044,#5250,.T.);
#5250=LINE('',#2029,#3715);
#5251=ORIENTED_EDGE('',*,*,#2043,.T.);
#5252=PLANE('',#5253);
#5253=AXIS2_PLACEMENT_3D('',#5254,#13,#4858);
#5254=CARTESIAN_POINT('',(4.818850830335,1.925,0.));
#5255=ADVANCED_FACE('',(#5256),#5262,.F.);
#5256=FACE_BOUND('',#5257,.F.);
#5257=EDGE_LOOP('',(#5258,#5259,#5260,#5261));
#5258=ORIENTED_EDGE('',*,*,#2297,.T.);
#5259=ORIENTED_EDGE('',*,*,#2292,.T.);
#5260=ORIENTED_EDGE('',*,*,#4210,.T.);
#5261=ORIENTED_EDGE('',*,*,#2304,.T.);
#5262=PLANE('',#5263);
#5263=AXIS2_PLACEMENT_3D('',#5264,#13,#14);
#5264=CARTESIAN_POINT('',(2.275,4.818850830335,0.));
#5265=ADVANCED_FACE('',(#5266),#5274,.F.);
#5266=FACE_BOUND('',#5267,.F.);
#5267=EDGE_LOOP('',(#5268,#5269,#5270,#5273));
#5268=ORIENTED_EDGE('',*,*,#2057,.T.);
#5269=ORIENTED_EDGE('',*,*,#2052,.T.);
#5270=ORIENTED_EDGE('',*,*,#5271,.T.);
#5271=EDGE_CURVE('',#2049,#2065,#5272,.T.);
#5272=LINE('',#2050,#3715);
#5273=ORIENTED_EDGE('',*,*,#2064,.T.);
#5274=PLANE('',#5275);
#5275=AXIS2_PLACEMENT_3D('',#5276,#13,#4858);
#5276=CARTESIAN_POINT('',(4.818850830335,2.275,0.));
#5277=ADVANCED_FACE('',(#5278),#5284,.F.);
#5278=FACE_BOUND('',#5279,.F.);
#5279=EDGE_LOOP('',(#5280,#5281,#5282,#5283));
#5280=ORIENTED_EDGE('',*,*,#2282,.T.);
#5281=ORIENTED_EDGE('',*,*,#2277,.T.);
#5282=ORIENTED_EDGE('',*,*,#4218,.T.);
#5283=ORIENTED_EDGE('',*,*,#2289,.T.);
#5284=PLANE('',#5285);
#5285=AXIS2_PLACEMENT_3D('',#5286,#13,#14);
#5286=CARTESIAN_POINT('',(2.625,4.818850830335,0.));
#5287=ADVANCED_FACE('',(#5288),#5296,.F.);
#5288=FACE_BOUND('',#5289,.F.);
#5289=EDGE_LOOP('',(#5290,#5291,#5292,#5295));
#5290=ORIENTED_EDGE('',*,*,#2078,.T.);
#5291=ORIENTED_EDGE('',*,*,#2073,.T.);
#5292=ORIENTED_EDGE('',*,*,#5293,.T.);
#5293=EDGE_CURVE('',#2070,#2086,#5294,.T.);
#5294=LINE('',#2071,#3715);
#5295=ORIENTED_EDGE('',*,*,#2085,.T.);
#5296=PLANE('',#5297);
#5297=AXIS2_PLACEMENT_3D('',#5298,#13,#4858);
#5298=CARTESIAN_POINT('',(4.818850830335,2.625,0.));
#5299=ADVANCED_FACE('',(#5300),#5306,.F.);
#5300=FACE_BOUND('',#5301,.F.);
#5301=EDGE_LOOP('',(#5302,#5303,#5304,#5305));
#5302=ORIENTED_EDGE('',*,*,#2267,.T.);
#5303=ORIENTED_EDGE('',*,*,#2262,.T.);
#5304=ORIENTED_EDGE('',*,*,#4226,.T.);
#5305=ORIENTED_EDGE('',*,*,#2274,.T.);
#5306=PLANE('',#5307);
#5307=AXIS2_PLACEMENT_3D('',#5308,#13,#14);
#5308=CARTESIAN_POINT('',(2.975,4.818850830335,0.));
#5309=ADVANCED_FACE('',(#5310),#5318,.F.);
#5310=FACE_BOUND('',#5311,.F.);
#5311=EDGE_LOOP('',(#5312,#5313,#5314,#5317));
#5312=ORIENTED_EDGE('',*,*,#2099,.T.);
#5313=ORIENTED_EDGE('',*,*,#2094,.T.);
#5314=ORIENTED_EDGE('',*,*,#5315,.T.);
#5315=EDGE_CURVE('',#2091,#2107,#5316,.T.);
#5316=LINE('',#2092,#3715);
#5317=ORIENTED_EDGE('',*,*,#2106,.T.);
#5318=PLANE('',#5319);
#5319=AXIS2_PLACEMENT_3D('',#5320,#13,#4858);
#5320=CARTESIAN_POINT('',(4.818850830335,2.975,0.));
#5321=ADVANCED_FACE('',(#5322),#5328,.F.);
#5322=FACE_BOUND('',#5323,.F.);
#5323=EDGE_LOOP('',(#5324,#5325,#5326,#5327));
#5324=ORIENTED_EDGE('',*,*,#2252,.T.);
#5325=ORIENTED_EDGE('',*,*,#2247,.T.);
#5326=ORIENTED_EDGE('',*,*,#4234,.T.);
#5327=ORIENTED_EDGE('',*,*,#2259,.T.);
#5328=PLANE('',#5329);
#5329=AXIS2_PLACEMENT_3D('',#5330,#13,#14);
#5330=CARTESIAN_POINT('',(3.325,4.818850830335,0.));
#5331=ADVANCED_FACE('',(#5332),#5340,.F.);
#5332=FACE_BOUND('',#5333,.F.);
#5333=EDGE_LOOP('',(#5334,#5335,#5336,#5339));
#5334=ORIENTED_EDGE('',*,*,#2120,.T.);
#5335=ORIENTED_EDGE('',*,*,#2115,.T.);
#5336=ORIENTED_EDGE('',*,*,#5337,.T.);
#5337=EDGE_CURVE('',#2112,#2128,#5338,.T.);
#5338=LINE('',#2113,#3715);
#5339=ORIENTED_EDGE('',*,*,#2127,.T.);
#5340=PLANE('',#5341);
#5341=AXIS2_PLACEMENT_3D('',#5342,#13,#4858);
#5342=CARTESIAN_POINT('',(4.818850830335,3.325,0.));
#5343=ADVANCED_FACE('',(#5344),#5350,.F.);
#5344=FACE_BOUND('',#5345,.F.);
#5345=EDGE_LOOP('',(#5346,#5347,#5348,#5349));
#5346=ORIENTED_EDGE('',*,*,#2237,.T.);
#5347=ORIENTED_EDGE('',*,*,#2232,.T.);
#5348=ORIENTED_EDGE('',*,*,#4242,.T.);
#5349=ORIENTED_EDGE('',*,*,#2244,.T.);
#5350=PLANE('',#5351);
#5351=AXIS2_PLACEMENT_3D('',#5352,#13,#14);
#5352=CARTESIAN_POINT('',(3.675,4.818850830335,0.));
#5353=ADVANCED_FACE('',(#5354),#5362,.F.);
#5354=FACE_BOUND('',#5355,.F.);
#5355=EDGE_LOOP('',(#5356,#5357,#5358,#5361));
#5356=ORIENTED_EDGE('',*,*,#2141,.T.);
#5357=ORIENTED_EDGE('',*,*,#2136,.T.);
#5358=ORIENTED_EDGE('',*,*,#5359,.T.);
#5359=EDGE_CURVE('',#2133,#2149,#5360,.T.);
#5360=LINE('',#2134,#3715);
#5361=ORIENTED_EDGE('',*,*,#2148,.T.);
#5362=PLANE('',#5363);
#5363=AXIS2_PLACEMENT_3D('',#5364,#13,#4858);
#5364=CARTESIAN_POINT('',(4.818850830335,3.675,0.));
#5365=ADVANCED_FACE('',(#5366),#5372,.F.);
#5366=FACE_BOUND('',#5367,.F.);
#5367=EDGE_LOOP('',(#5368,#5369,#5370,#5371));
#5368=ORIENTED_EDGE('',*,*,#2222,.T.);
#5369=ORIENTED_EDGE('',*,*,#2217,.T.);
#5370=ORIENTED_EDGE('',*,*,#4250,.T.);
#5371=ORIENTED_EDGE('',*,*,#2229,.T.);
#5372=PLANE('',#5373);
#5373=AXIS2_PLACEMENT_3D('',#5374,#13,#14);
#5374=CARTESIAN_POINT('',(4.025,4.818850830335,0.));
#5375=ADVANCED_FACE('',(#5376),#5384,.F.);
#5376=FACE_BOUND('',#5377,.F.);
#5377=EDGE_LOOP('',(#5378,#5379,#5380,#5383));
#5378=ORIENTED_EDGE('',*,*,#2162,.T.);
#5379=ORIENTED_EDGE('',*,*,#2157,.T.);
#5380=ORIENTED_EDGE('',*,*,#5381,.T.);
#5381=EDGE_CURVE('',#2154,#2170,#5382,.T.);
#5382=LINE('',#2155,#3715);
#5383=ORIENTED_EDGE('',*,*,#2169,.T.);
#5384=PLANE('',#5385);
#5385=AXIS2_PLACEMENT_3D('',#5386,#13,#4858);
#5386=CARTESIAN_POINT('',(4.818850830335,4.025,0.));
#5387=ADVANCED_FACE('',(#5388),#5394,.F.);
#5388=FACE_BOUND('',#5389,.F.);
#5389=EDGE_LOOP('',(#5390,#5391,#5392,#5393));
#5390=ORIENTED_EDGE('',*,*,#2204,.T.);
#5391=ORIENTED_EDGE('',*,*,#2197,.T.);
#5392=ORIENTED_EDGE('',*,*,#4258,.T.);
#5393=ORIENTED_EDGE('',*,*,#2212,.T.);
#5394=PLANE('',#5395);
#5395=AXIS2_PLACEMENT_3D('',#5396,#13,#14);
#5396=CARTESIAN_POINT('',(4.375,4.818850830335,0.));
#5397=ADVANCED_FACE('',(#5398),#5406,.F.);
#5398=FACE_BOUND('',#5399,.F.);
#5399=EDGE_LOOP('',(#5400,#5401,#5402,#5405));
#5400=ORIENTED_EDGE('',*,*,#2183,.T.);
#5401=ORIENTED_EDGE('',*,*,#2178,.T.);
#5402=ORIENTED_EDGE('',*,*,#5403,.T.);
#5403=EDGE_CURVE('',#2175,#2191,#5404,.T.);
#5404=LINE('',#2176,#3715);
#5405=ORIENTED_EDGE('',*,*,#2190,.T.);
#5406=PLANE('',#5407);
#5407=AXIS2_PLACEMENT_3D('',#5408,#13,#4858);
#5408=CARTESIAN_POINT('',(4.818850830335,4.375,0.));
#5409=ADVANCED_FACE('',(#5410),#5416,.F.);
#5410=FACE_BOUND('',#5411,.F.);
#5411=EDGE_LOOP('',(#5412,#5413,#5414,#5415));
#5412=ORIENTED_EDGE('',*,*,#3015,.T.);
#5413=ORIENTED_EDGE('',*,*,#3034,.T.);
#5414=ORIENTED_EDGE('',*,*,#3029,.T.);
#5415=ORIENTED_EDGE('',*,*,#3022,.T.);
#5416=PLANE('',#5417);
#5417=AXIS2_PLACEMENT_3D('',#12,#13,#541);
#5418=ADVANCED_FACE('',(#5419),#5425,.F.);
#5419=FACE_BOUND('',#5420,.F.);
#5420=EDGE_LOOP('',(#5421,#5422,#5423,#5424));
#5421=ORIENTED_EDGE('',*,*,#3697,.T.);
#5422=ORIENTED_EDGE('',*,*,#3692,.T.);
#5423=ORIENTED_EDGE('',*,*,#3687,.F.);
#5424=ORIENTED_EDGE('',*,*,#4279,.F.);
#5425=PLANE('',#5426);
#5426=AXIS2_PLACEMENT_3D('',#1087,#5427,#3345);
#5427=DIRECTION('',(1.224646799147E-16,1.,0.));
#5428=ADVANCED_FACE('',(#5429),#5435,.F.);
#5429=FACE_BOUND('',#5430,.F.);
#5430=EDGE_LOOP('',(#5431,#5432,#5433,#5434));
#5431=ORIENTED_EDGE('',*,*,#3683,.T.);
#5432=ORIENTED_EDGE('',*,*,#3678,.T.);
#5433=ORIENTED_EDGE('',*,*,#3673,.F.);
#5434=ORIENTED_EDGE('',*,*,#4302,.F.);
#5435=PLANE('',#5436);
#5436=AXIS2_PLACEMENT_3D('',#1115,#5427,#3345);
#5437=ADVANCED_FACE('',(#5438),#5444,.F.);
#5438=FACE_BOUND('',#5439,.F.);
#5439=EDGE_LOOP('',(#5440,#5441,#5442,#5443));
#5440=ORIENTED_EDGE('',*,*,#3669,.T.);
#5441=ORIENTED_EDGE('',*,*,#3664,.T.);
#5442=ORIENTED_EDGE('',*,*,#3659,.F.);
#5443=ORIENTED_EDGE('',*,*,#4324,.F.);
#5444=PLANE('',#5445);
#5445=AXIS2_PLACEMENT_3D('',#1136,#5427,#3345);
#5446=ADVANCED_FACE('',(#5447),#5453,.F.);
#5447=FACE_BOUND('',#5448,.F.);
#5448=EDGE_LOOP('',(#5449,#5450,#5451,#5452));
#5449=ORIENTED_EDGE('',*,*,#3655,.T.);
#5450=ORIENTED_EDGE('',*,*,#3650,.T.);
#5451=ORIENTED_EDGE('',*,*,#3645,.F.);
#5452=ORIENTED_EDGE('',*,*,#4346,.F.);
#5453=PLANE('',#5454);
#5454=AXIS2_PLACEMENT_3D('',#1157,#5427,#3345);
#5455=ADVANCED_FACE('',(#5456),#5462,.F.);
#5456=FACE_BOUND('',#5457,.F.);
#5457=EDGE_LOOP('',(#5458,#5459,#5460,#5461));
#5458=ORIENTED_EDGE('',*,*,#3641,.T.);
#5459=ORIENTED_EDGE('',*,*,#3636,.T.);
#5460=ORIENTED_EDGE('',*,*,#3631,.F.);
#5461=ORIENTED_EDGE('',*,*,#4368,.F.);
#5462=PLANE('',#5463);
#5463=AXIS2_PLACEMENT_3D('',#1178,#5427,#3345);
#5464=ADVANCED_FACE('',(#5465),#5471,.F.);
#5465=FACE_BOUND('',#5466,.F.);
#5466=EDGE_LOOP('',(#5467,#5468,#5469,#5470));
#5467=ORIENTED_EDGE('',*,*,#3627,.T.);
#5468=ORIENTED_EDGE('',*,*,#3622,.T.);
#5469=ORIENTED_EDGE('',*,*,#3617,.F.);
#5470=ORIENTED_EDGE('',*,*,#4390,.F.);
#5471=PLANE('',#5472);
#5472=AXIS2_PLACEMENT_3D('',#1199,#5427,#3345);
#5473=ADVANCED_FACE('',(#5474),#5480,.F.);
#5474=FACE_BOUND('',#5475,.F.);
#5475=EDGE_LOOP('',(#5476,#5477,#5478,#5479));
#5476=ORIENTED_EDGE('',*,*,#3613,.T.);
#5477=ORIENTED_EDGE('',*,*,#3608,.T.);
#5478=ORIENTED_EDGE('',*,*,#3603,.F.);
#5479=ORIENTED_EDGE('',*,*,#4412,.F.);
#5480=PLANE('',#5481);
#5481=AXIS2_PLACEMENT_3D('',#1220,#5427,#3345);
#5482=ADVANCED_FACE('',(#5483),#5489,.F.);
#5483=FACE_BOUND('',#5484,.F.);
#5484=EDGE_LOOP('',(#5485,#5486,#5487,#5488));
#5485=ORIENTED_EDGE('',*,*,#3599,.T.);
#5486=ORIENTED_EDGE('',*,*,#3594,.T.);
#5487=ORIENTED_EDGE('',*,*,#3589,.F.);
#5488=ORIENTED_EDGE('',*,*,#4434,.F.);
#5489=PLANE('',#5490);
#5490=AXIS2_PLACEMENT_3D('',#1241,#5427,#3345);
#5491=ADVANCED_FACE('',(#5492),#5498,.F.);
#5492=FACE_BOUND('',#5493,.F.);
#5493=EDGE_LOOP('',(#5494,#5495,#5496,#5497));
#5494=ORIENTED_EDGE('',*,*,#3585,.T.);
#5495=ORIENTED_EDGE('',*,*,#3580,.T.);
#5496=ORIENTED_EDGE('',*,*,#3575,.F.);
#5497=ORIENTED_EDGE('',*,*,#4456,.F.);
#5498=PLANE('',#5499);
#5499=AXIS2_PLACEMENT_3D('',#1262,#5427,#3345);
#5500=ADVANCED_FACE('',(#5501),#5507,.F.);
#5501=FACE_BOUND('',#5502,.F.);
#5502=EDGE_LOOP('',(#5503,#5504,#5505,#5506));
#5503=ORIENTED_EDGE('',*,*,#3571,.T.);
#5504=ORIENTED_EDGE('',*,*,#3566,.T.);
#5505=ORIENTED_EDGE('',*,*,#3561,.F.);
#5506=ORIENTED_EDGE('',*,*,#4478,.F.);
#5507=PLANE('',#5508);
#5508=AXIS2_PLACEMENT_3D('',#1283,#5427,#3345);
#5509=ADVANCED_FACE('',(#5510),#5516,.F.);
#5510=FACE_BOUND('',#5511,.F.);
#5511=EDGE_LOOP('',(#5512,#5513,#5514,#5515));
#5512=ORIENTED_EDGE('',*,*,#3557,.T.);
#5513=ORIENTED_EDGE('',*,*,#3552,.T.);
#5514=ORIENTED_EDGE('',*,*,#3547,.F.);
#5515=ORIENTED_EDGE('',*,*,#4500,.F.);
#5516=PLANE('',#5517);
#5517=AXIS2_PLACEMENT_3D('',#1304,#5427,#3345);
#5518=ADVANCED_FACE('',(#5519),#5525,.F.);
#5519=FACE_BOUND('',#5520,.F.);
#5520=EDGE_LOOP('',(#5521,#5522,#5523,#5524));
#5521=ORIENTED_EDGE('',*,*,#3543,.T.);
#5522=ORIENTED_EDGE('',*,*,#3538,.T.);
#5523=ORIENTED_EDGE('',*,*,#3533,.F.);
#5524=ORIENTED_EDGE('',*,*,#4522,.F.);
#5525=PLANE('',#5526);
#5526=AXIS2_PLACEMENT_3D('',#1325,#5427,#3345);
#5527=ADVANCED_FACE('',(#5528),#5534,.F.);
#5528=FACE_BOUND('',#5529,.F.);
#5529=EDGE_LOOP('',(#5530,#5531,#5532,#5533));
#5530=ORIENTED_EDGE('',*,*,#3529,.T.);
#5531=ORIENTED_EDGE('',*,*,#3524,.T.);
#5532=ORIENTED_EDGE('',*,*,#3519,.F.);
#5533=ORIENTED_EDGE('',*,*,#4544,.F.);
#5534=PLANE('',#5535);
#5535=AXIS2_PLACEMENT_3D('',#1346,#5427,#3345);
#5536=ADVANCED_FACE('',(#5537),#5543,.F.);
#5537=FACE_BOUND('',#5538,.F.);
#5538=EDGE_LOOP('',(#5539,#5540,#5541,#5542));
#5539=ORIENTED_EDGE('',*,*,#3515,.T.);
#5540=ORIENTED_EDGE('',*,*,#3510,.T.);
#5541=ORIENTED_EDGE('',*,*,#3505,.F.);
#5542=ORIENTED_EDGE('',*,*,#4566,.F.);
#5543=PLANE('',#5544);
#5544=AXIS2_PLACEMENT_3D('',#1367,#5427,#3345);
#5545=ADVANCED_FACE('',(#5546),#5552,.F.);
#5546=FACE_BOUND('',#5547,.F.);
#5547=EDGE_LOOP('',(#5548,#5549,#5550,#5551));
#5548=ORIENTED_EDGE('',*,*,#3501,.T.);
#5549=ORIENTED_EDGE('',*,*,#3496,.T.);
#5550=ORIENTED_EDGE('',*,*,#3491,.F.);
#5551=ORIENTED_EDGE('',*,*,#4588,.F.);
#5552=PLANE('',#5553);
#5553=AXIS2_PLACEMENT_3D('',#1388,#5427,#3345);
#5554=ADVANCED_FACE('',(#5555),#5561,.F.);
#5555=FACE_BOUND('',#5556,.F.);
#5556=EDGE_LOOP('',(#5557,#5558,#5559,#5560));
#5557=ORIENTED_EDGE('',*,*,#3487,.T.);
#5558=ORIENTED_EDGE('',*,*,#3482,.T.);
#5559=ORIENTED_EDGE('',*,*,#3477,.F.);
#5560=ORIENTED_EDGE('',*,*,#4610,.F.);
#5561=PLANE('',#5562);
#5562=AXIS2_PLACEMENT_3D('',#1409,#5427,#3345);
#5563=ADVANCED_FACE('',(#5564),#5570,.F.);
#5564=FACE_BOUND('',#5565,.F.);
#5565=EDGE_LOOP('',(#5566,#5567,#5568,#5569));
#5566=ORIENTED_EDGE('',*,*,#3473,.T.);
#5567=ORIENTED_EDGE('',*,*,#3468,.T.);
#5568=ORIENTED_EDGE('',*,*,#3463,.F.);
#5569=ORIENTED_EDGE('',*,*,#4632,.F.);
#5570=PLANE('',#5571);
#5571=AXIS2_PLACEMENT_3D('',#1430,#5427,#3345);
#5572=ADVANCED_FACE('',(#5573),#5579,.F.);
#5573=FACE_BOUND('',#5574,.F.);
#5574=EDGE_LOOP('',(#5575,#5576,#5577,#5578));
#5575=ORIENTED_EDGE('',*,*,#3459,.T.);
#5576=ORIENTED_EDGE('',*,*,#3454,.T.);
#5577=ORIENTED_EDGE('',*,*,#3449,.F.);
#5578=ORIENTED_EDGE('',*,*,#4654,.F.);
#5579=PLANE('',#5580);
#5580=AXIS2_PLACEMENT_3D('',#1451,#5427,#3345);
#5581=ADVANCED_FACE('',(#5582),#5588,.F.);
#5582=FACE_BOUND('',#5583,.F.);
#5583=EDGE_LOOP('',(#5584,#5585,#5586,#5587));
#5584=ORIENTED_EDGE('',*,*,#3445,.T.);
#5585=ORIENTED_EDGE('',*,*,#3440,.T.);
#5586=ORIENTED_EDGE('',*,*,#3435,.F.);
#5587=ORIENTED_EDGE('',*,*,#4676,.F.);
#5588=PLANE('',#5589);
#5589=AXIS2_PLACEMENT_3D('',#1472,#5427,#3345);
#5590=ADVANCED_FACE('',(#5591),#5597,.F.);
#5591=FACE_BOUND('',#5592,.F.);
#5592=EDGE_LOOP('',(#5593,#5594,#5595,#5596));
#5593=ORIENTED_EDGE('',*,*,#3431,.T.);
#5594=ORIENTED_EDGE('',*,*,#3426,.T.);
#5595=ORIENTED_EDGE('',*,*,#3421,.F.);
#5596=ORIENTED_EDGE('',*,*,#4698,.F.);
#5597=PLANE('',#5598);
#5598=AXIS2_PLACEMENT_3D('',#1493,#5427,#3345);
#5599=ADVANCED_FACE('',(#5600),#5606,.F.);
#5600=FACE_BOUND('',#5601,.F.);
#5601=EDGE_LOOP('',(#5602,#5603,#5604,#5605));
#5602=ORIENTED_EDGE('',*,*,#3417,.T.);
#5603=ORIENTED_EDGE('',*,*,#3412,.T.);
#5604=ORIENTED_EDGE('',*,*,#3407,.F.);
#5605=ORIENTED_EDGE('',*,*,#4720,.F.);
#5606=PLANE('',#5607);
#5607=AXIS2_PLACEMENT_3D('',#1514,#5427,#3345);
#5608=ADVANCED_FACE('',(#5609),#5615,.F.);
#5609=FACE_BOUND('',#5610,.F.);
#5610=EDGE_LOOP('',(#5611,#5612,#5613,#5614));
#5611=ORIENTED_EDGE('',*,*,#3403,.T.);
#5612=ORIENTED_EDGE('',*,*,#3398,.T.);
#5613=ORIENTED_EDGE('',*,*,#3393,.F.);
#5614=ORIENTED_EDGE('',*,*,#4742,.F.);
#5615=PLANE('',#5616);
#5616=AXIS2_PLACEMENT_3D('',#1535,#5427,#3345);
#5617=ADVANCED_FACE('',(#5618),#5624,.F.);
#5618=FACE_BOUND('',#5619,.F.);
#5619=EDGE_LOOP('',(#5620,#5621,#5622,#5623));
#5620=ORIENTED_EDGE('',*,*,#3389,.T.);
#5621=ORIENTED_EDGE('',*,*,#3384,.T.);
#5622=ORIENTED_EDGE('',*,*,#3379,.F.);
#5623=ORIENTED_EDGE('',*,*,#4764,.F.);
#5624=PLANE('',#5625);
#5625=AXIS2_PLACEMENT_3D('',#1556,#5427,#3345);
#5626=ADVANCED_FACE('',(#5627),#5633,.F.);
#5627=FACE_BOUND('',#5628,.F.);
#5628=EDGE_LOOP('',(#5629,#5630,#5631,#5632));
#5629=ORIENTED_EDGE('',*,*,#3375,.T.);
#5630=ORIENTED_EDGE('',*,*,#3370,.T.);
#5631=ORIENTED_EDGE('',*,*,#3365,.F.);
#5632=ORIENTED_EDGE('',*,*,#4786,.F.);
#5633=PLANE('',#5634);
#5634=AXIS2_PLACEMENT_3D('',#1577,#5427,#3345);
#5635=ADVANCED_FACE('',(#5636),#5642,.F.);
#5636=FACE_BOUND('',#5637,.F.);
#5637=EDGE_LOOP('',(#5638,#5639,#5640,#5641));
#5638=ORIENTED_EDGE('',*,*,#3361,.T.);
#5639=ORIENTED_EDGE('',*,*,#3356,.T.);
#5640=ORIENTED_EDGE('',*,*,#3351,.F.);
#5641=ORIENTED_EDGE('',*,*,#4808,.F.);
#5642=PLANE('',#5643);
#5643=AXIS2_PLACEMENT_3D('',#1598,#5427,#3345);
#5644=ADVANCED_FACE('',(#5645),#5651,.F.);
#5645=FACE_BOUND('',#5646,.F.);
#5646=EDGE_LOOP('',(#5647,#5648,#5649,#5650));
#5647=ORIENTED_EDGE('',*,*,#3347,.T.);
#5648=ORIENTED_EDGE('',*,*,#3340,.T.);
#5649=ORIENTED_EDGE('',*,*,#3335,.F.);
#5650=ORIENTED_EDGE('',*,*,#4830,.F.);
#5651=PLANE('',#5652);
#5652=AXIS2_PLACEMENT_3D('',#1619,#5427,#3345);
#5653=ADVANCED_FACE('',(#5654),#5657,.F.);
#5654=FACE_BOUND('',#5655,.F.);
#5655=EDGE_LOOP('',(#4032,#4037,#4042,#5656));
#5656=ORIENTED_EDGE('',*,*,#5403,.F.);
#5657=PLANE('',#5658);
#5658=AXIS2_PLACEMENT_3D('',#2176,#5659,#3716);
#5659=DIRECTION('',(-1.,2.22044604925E-16,0.));
#5660=ADVANCED_FACE('',(#5661),#5664,.F.);
#5661=FACE_BOUND('',#5662,.F.);
#5662=EDGE_LOOP('',(#4019,#4024,#4029,#5663));
#5663=ORIENTED_EDGE('',*,*,#5381,.F.);
#5664=PLANE('',#5665);
#5665=AXIS2_PLACEMENT_3D('',#2155,#5659,#3716);
#5666=ADVANCED_FACE('',(#5667),#5670,.F.);
#5667=FACE_BOUND('',#5668,.F.);
#5668=EDGE_LOOP('',(#4006,#4011,#4016,#5669));
#5669=ORIENTED_EDGE('',*,*,#5359,.F.);
#5670=PLANE('',#5671);
#5671=AXIS2_PLACEMENT_3D('',#2134,#5659,#3716);
#5672=ADVANCED_FACE('',(#5673),#5676,.F.);
#5673=FACE_BOUND('',#5674,.F.);
#5674=EDGE_LOOP('',(#3993,#3998,#4003,#5675));
#5675=ORIENTED_EDGE('',*,*,#5337,.F.);
#5676=PLANE('',#5677);
#5677=AXIS2_PLACEMENT_3D('',#2113,#5659,#3716);
#5678=ADVANCED_FACE('',(#5679),#5682,.F.);
#5679=FACE_BOUND('',#5680,.F.);
#5680=EDGE_LOOP('',(#3980,#3985,#3990,#5681));
#5681=ORIENTED_EDGE('',*,*,#5315,.F.);
#5682=PLANE('',#5683);
#5683=AXIS2_PLACEMENT_3D('',#2092,#5659,#3716);
#5684=ADVANCED_FACE('',(#5685),#5688,.F.);
#5685=FACE_BOUND('',#5686,.F.);
#5686=EDGE_LOOP('',(#3967,#3972,#3977,#5687));
#5687=ORIENTED_EDGE('',*,*,#5293,.F.);
#5688=PLANE('',#5689);
#5689=AXIS2_PLACEMENT_3D('',#2071,#5659,#3716);
#5690=ADVANCED_FACE('',(#5691),#5694,.F.);
#5691=FACE_BOUND('',#5692,.F.);
#5692=EDGE_LOOP('',(#3954,#3959,#3964,#5693));
#5693=ORIENTED_EDGE('',*,*,#5271,.F.);
#5694=PLANE('',#5695);
#5695=AXIS2_PLACEMENT_3D('',#2050,#5659,#3716);
#5696=ADVANCED_FACE('',(#5697),#5700,.F.);
#5697=FACE_BOUND('',#5698,.F.);
#5698=EDGE_LOOP('',(#3941,#3946,#3951,#5699));
#5699=ORIENTED_EDGE('',*,*,#5249,.F.);
#5700=PLANE('',#5701);
#5701=AXIS2_PLACEMENT_3D('',#2029,#5659,#3716);
#5702=ADVANCED_FACE('',(#5703),#5706,.F.);
#5703=FACE_BOUND('',#5704,.F.);
#5704=EDGE_LOOP('',(#3928,#3933,#3938,#5705));
#5705=ORIENTED_EDGE('',*,*,#5227,.F.);
#5706=PLANE('',#5707);
#5707=AXIS2_PLACEMENT_3D('',#2008,#5659,#3716);
#5708=ADVANCED_FACE('',(#5709),#5712,.F.);
#5709=FACE_BOUND('',#5710,.F.);
#5710=EDGE_LOOP('',(#3915,#3920,#3925,#5711));
#5711=ORIENTED_EDGE('',*,*,#5205,.F.);
#5712=PLANE('',#5713);
#5713=AXIS2_PLACEMENT_3D('',#1987,#5659,#3716);
#5714=ADVANCED_FACE('',(#5715),#5718,.F.);
#5715=FACE_BOUND('',#5716,.F.);
#5716=EDGE_LOOP('',(#3902,#3907,#3912,#5717));
#5717=ORIENTED_EDGE('',*,*,#5183,.F.);
#5718=PLANE('',#5719);
#5719=AXIS2_PLACEMENT_3D('',#1966,#5659,#3716);
#5720=ADVANCED_FACE('',(#5721),#5724,.F.);
#5721=FACE_BOUND('',#5722,.F.);
#5722=EDGE_LOOP('',(#3889,#3894,#3899,#5723));
#5723=ORIENTED_EDGE('',*,*,#5161,.F.);
#5724=PLANE('',#5725);
#5725=AXIS2_PLACEMENT_3D('',#1945,#5659,#3716);
#5726=ADVANCED_FACE('',(#5727),#5730,.F.);
#5727=FACE_BOUND('',#5728,.F.);
#5728=EDGE_LOOP('',(#3876,#3881,#3886,#5729));
#5729=ORIENTED_EDGE('',*,*,#5139,.F.);
#5730=PLANE('',#5731);
#5731=AXIS2_PLACEMENT_3D('',#1924,#5659,#3716);
#5732=ADVANCED_FACE('',(#5733),#5736,.F.);
#5733=FACE_BOUND('',#5734,.F.);
#5734=EDGE_LOOP('',(#3863,#3868,#3873,#5735));
#5735=ORIENTED_EDGE('',*,*,#5117,.F.);
#5736=PLANE('',#5737);
#5737=AXIS2_PLACEMENT_3D('',#1903,#5659,#3716);
#5738=ADVANCED_FACE('',(#5739),#5742,.F.);
#5739=FACE_BOUND('',#5740,.F.);
#5740=EDGE_LOOP('',(#3850,#3855,#3860,#5741));
#5741=ORIENTED_EDGE('',*,*,#5095,.F.);
#5742=PLANE('',#5743);
#5743=AXIS2_PLACEMENT_3D('',#1882,#5659,#3716);
#5744=ADVANCED_FACE('',(#5745),#5748,.F.);
#5745=FACE_BOUND('',#5746,.F.);
#5746=EDGE_LOOP('',(#3837,#3842,#3847,#5747));
#5747=ORIENTED_EDGE('',*,*,#5073,.F.);
#5748=PLANE('',#5749);
#5749=AXIS2_PLACEMENT_3D('',#1861,#5659,#3716);
#5750=ADVANCED_FACE('',(#5751),#5754,.F.);
#5751=FACE_BOUND('',#5752,.F.);
#5752=EDGE_LOOP('',(#3824,#3829,#3834,#5753));
#5753=ORIENTED_EDGE('',*,*,#5051,.F.);
#5754=PLANE('',#5755);
#5755=AXIS2_PLACEMENT_3D('',#1840,#5659,#3716);
#5756=ADVANCED_FACE('',(#5757),#5760,.F.);
#5757=FACE_BOUND('',#5758,.F.);
#5758=EDGE_LOOP('',(#3811,#3816,#3821,#5759));
#5759=ORIENTED_EDGE('',*,*,#5029,.F.);
#5760=PLANE('',#5761);
#5761=AXIS2_PLACEMENT_3D('',#1819,#5659,#3716);
#5762=ADVANCED_FACE('',(#5763),#5766,.F.);
#5763=FACE_BOUND('',#5764,.F.);
#5764=EDGE_LOOP('',(#3798,#3803,#3808,#5765));
#5765=ORIENTED_EDGE('',*,*,#5007,.F.);
#5766=PLANE('',#5767);
#5767=AXIS2_PLACEMENT_3D('',#1798,#5659,#3716);
#5768=ADVANCED_FACE('',(#5769),#5772,.F.);
#5769=FACE_BOUND('',#5770,.F.);
#5770=EDGE_LOOP('',(#3785,#3790,#3795,#5771));
#5771=ORIENTED_EDGE('',*,*,#4985,.F.);
#5772=PLANE('',#5773);
#5773=AXIS2_PLACEMENT_3D('',#1777,#5659,#3716);
#5774=ADVANCED_FACE('',(#5775),#5778,.F.);
#5775=FACE_BOUND('',#5776,.F.);
#5776=EDGE_LOOP('',(#3772,#3777,#3782,#5777));
#5777=ORIENTED_EDGE('',*,*,#4963,.F.);
#5778=PLANE('',#5779);
#5779=AXIS2_PLACEMENT_3D('',#1756,#5659,#3716);
#5780=ADVANCED_FACE('',(#5781),#5784,.F.);
#5781=FACE_BOUND('',#5782,.F.);
#5782=EDGE_LOOP('',(#3759,#3764,#3769,#5783));
#5783=ORIENTED_EDGE('',*,*,#4941,.F.);
#5784=PLANE('',#5785);
#5785=AXIS2_PLACEMENT_3D('',#1735,#5659,#3716);
#5786=ADVANCED_FACE('',(#5787),#5790,.F.);
#5787=FACE_BOUND('',#5788,.F.);
#5788=EDGE_LOOP('',(#3746,#3751,#3756,#5789));
#5789=ORIENTED_EDGE('',*,*,#4919,.F.);
#5790=PLANE('',#5791);
#5791=AXIS2_PLACEMENT_3D('',#1714,#5659,#3716);
#5792=ADVANCED_FACE('',(#5793),#5796,.F.);
#5793=FACE_BOUND('',#5794,.F.);
#5794=EDGE_LOOP('',(#3733,#3738,#3743,#5795));
#5795=ORIENTED_EDGE('',*,*,#4897,.F.);
#5796=PLANE('',#5797);
#5797=AXIS2_PLACEMENT_3D('',#1693,#5659,#3716);
#5798=ADVANCED_FACE('',(#5799),#5802,.F.);
#5799=FACE_BOUND('',#5800,.F.);
#5800=EDGE_LOOP('',(#3720,#3725,#3730,#5801));
#5801=ORIENTED_EDGE('',*,*,#4875,.F.);
#5802=PLANE('',#5803);
#5803=AXIS2_PLACEMENT_3D('',#1672,#5659,#3716);
#5804=ADVANCED_FACE('',(#5805),#5808,.F.);
#5805=FACE_BOUND('',#5806,.F.);
#5806=EDGE_LOOP('',(#3705,#3710,#3717,#5807));
#5807=ORIENTED_EDGE('',*,*,#4852,.F.);
#5808=PLANE('',#5809);
#5809=AXIS2_PLACEMENT_3D('',#1644,#5659,#3716);
#5810=( GEOMETRIC_REPRESENTATION_CONTEXT(3) GLOBAL_UNCERTAINTY_ASSIGNED_CONTEXT((#5814)) GLOBAL_UNIT_ASSIGNED_CONTEXT((#5811,#5812,#5813)) REPRESENTATION_CONTEXT('Context #1','3D Context with UNIT and UNCERTAINTY') );
#5811=( LENGTH_UNIT() NAMED_UNIT(*) SI_UNIT(.MILLI.,.METRE.) );
#5812=( NAMED_UNIT(*) PLANE_ANGLE_UNIT() SI_UNIT($,.RADIAN.) );
#5813=( NAMED_UNIT(*) SI_UNIT($,.STERADIAN.) SOLID_ANGLE_UNIT() );
#5814=UNCERTAINTY_MEASURE_WITH_UNIT(LENGTH_MEASURE(1.E-07),#5811,'distance_accuracy_value','confusion accuracy');
#5815=PRODUCT_RELATED_PRODUCT_CATEGORY('part',$,(#7));
#5816=MECHANICAL_DESIGN_GEOMETRIC_PRESENTATION_REPRESENTATION('',(#5817,#5827,#5828,#5829,#5830,#5839,#5840,#5841,#5842,#5843,#5844,#5845,#5846,#5847,#5848,#5849,#5850,#5851,#5852,#5853,#5854,#5855,#5856,#5857,#5858,#5859,#5860,#5861,#5862,#5863,#5864,#5865,#5866,#5875,#5876,#5877,#5878,#5879,#5880,#5881,#5882,#5883,#5884,#5885,#5886,#5887,#5888,#5889,#5890,#5891,#5892,#5893,#5894,#5895,#5896,#5897,#5898,#5899,#5900,#5901,#5902,#5903,#5904,#5905,#5906,#5907,#5908,#5909,#5910,#5911,#5912,#5913,#5914,#5915,#5916,#5917,#5918,#5919,#5920,#5921,#5922,#5923,#5924,#5925,#5926,#5927,#5928,#5929,#5930,#5931,#5932,#5933,#5934,#5935,#5936,#5937,#5938,#5939,#5940,#5941,#5942,#5943,#5944,#5945,#5946,#5947,#5948,#5949,#5950,#5951,#5952,#5953,#5954,#5955,#5956,#5957,#5958,#5959,#5960,#5961,#5962,#5963,#5964,#5965,#5966,#5967,#5968,#5969,#5970,#5971,#5972,#5973,#5974,#5975,#5976,#5977,#5978,#5979,#5980,#5981,#5982,#5983,#5984,#5985,#5986,#5987,#5988,#5989,#5990,#5991,#5992,#5993,#5994,#5995,#5996,#5997,#5998,#5999,#6000,#6001,#6002,#6003,#6004,#6005,#6006,#6007,#6008,#6009,#6010,#6011,#6012,#6013,#6014,#6015,#6016,#6017,#6018,#6019,#6020,#6021,#6022,#6023,#6024,#6025,#6026,#6027,#6028,#6029,#6030,#6031,#6032,#6033,#6034,#6035,#6036,#6037,#6038,#6039,#6040,#6041,#6042,#6043,#6044,#6045,#6046,#6047,#6048,#6049,#6050,#6051,#6052,#6053,#6054,#6055,#6056,#6057),#5810);
#5817=STYLED_ITEM('color',(#5818),#17);
#5818=PRESENTATION_STYLE_ASSIGNMENT((#5819,#5825));
#5819=SURFACE_STYLE_USAGE(.BOTH.,#5820);
#5820=SURFACE_SIDE_STYLE('',(#5821));
#5821=SURFACE_STYLE_FILL_AREA(#5822);
#5822=FILL_AREA_STYLE('',(#5823));
#5823=FILL_AREA_STYLE_COLOUR('',#5824);
#5824=COLOUR_RGB('',0.147999998088,0.145000001626,0.145000001626);
#5825=CURVE_STYLE('',#5826,POSITIVE_LENGTH_MEASURE(0.1),#5824);
#5826=DRAUGHTING_PRE_DEFINED_CURVE_FONT('continuous');
#5827=STYLED_ITEM('color',(#5818),#542);
#5828=STYLED_ITEM('color',(#5818),#570);
#5829=STYLED_ITEM('color',(#5818),#1080);
#5830=STYLED_ITEM('color',(#5831),#3038);
#5831=PRESENTATION_STYLE_ASSIGNMENT((#5832,#5838));
#5832=SURFACE_STYLE_USAGE(.BOTH.,#5833);
#5833=SURFACE_SIDE_STYLE('',(#5834));
#5834=SURFACE_STYLE_FILL_AREA(#5835);
#5835=FILL_AREA_STYLE('',(#5836));
#5836=FILL_AREA_STYLE_COLOUR('',#5837);
#5837=COLOUR_RGB('',0.823999987314,0.819999987296,0.781000009244);
#5838=CURVE_STYLE('',#5826,POSITIVE_LENGTH_MEASURE(0.1),#5837);
#5839=STYLED_ITEM('color',(#5831),#3050);
#5840=STYLED_ITEM('color',(#5831),#3061);
#5841=STYLED_ITEM('color',(#5831),#3072);
#5842=STYLED_ITEM('color',(#5831),#3083);
#5843=STYLED_ITEM('color',(#5831),#3094);
#5844=STYLED_ITEM('color',(#5831),#3105);
#5845=STYLED_ITEM('color',(#5831),#3116);
#5846=STYLED_ITEM('color',(#5831),#3127);
#5847=STYLED_ITEM('color',(#5831),#3138);
#5848=STYLED_ITEM('color',(#5831),#3149);
#5849=STYLED_ITEM('color',(#5831),#3160);
#5850=STYLED_ITEM('color',(#5831),#3171);
#5851=STYLED_ITEM('color',(#5831),#3182);
#5852=STYLED_ITEM('color',(#5831),#3193);
#5853=STYLED_ITEM('color',(#5831),#3204);
#5854=STYLED_ITEM('color',(#5831),#3215);
#5855=STYLED_ITEM('color',(#5831),#3226);
#5856=STYLED_ITEM('color',(#5831),#3237);
#5857=STYLED_ITEM('color',(#5831),#3248);
#5858=STYLED_ITEM('color',(#5831),#3259);
#5859=STYLED_ITEM('color',(#5831),#3270);
#5860=STYLED_ITEM('color',(#5831),#3281);
#5861=STYLED_ITEM('color',(#5831),#3292);
#5862=STYLED_ITEM('color',(#5831),#3303);
#5863=STYLED_ITEM('color',(#5831),#3314);
#5864=STYLED_ITEM('color',(#5818),#3325);
#5865=STYLED_ITEM('color',(#5818),#3701);
#5866=STYLED_ITEM('color',(#5867),#4048);
#5867=PRESENTATION_STYLE_ASSIGNMENT((#5868,#5874));
#5868=SURFACE_STYLE_USAGE(.BOTH.,#5869);
#5869=SURFACE_SIDE_STYLE('',(#5870));
#5870=SURFACE_STYLE_FILL_AREA(#5871);
#5871=FILL_AREA_STYLE('',(#5872));
#5872=FILL_AREA_STYLE_COLOUR('',#5873);
#5873=COLOUR_RGB('',0.690999998585,0.664000007176,0.597999987832);
#5874=CURVE_STYLE('',#5826,POSITIVE_LENGTH_MEASURE(0.1),#5873);
#5875=STYLED_ITEM('color',(#5831),#4054);
#5876=STYLED_ITEM('color',(#5831),#4062);
#5877=STYLED_ITEM('color',(#5831),#4070);
#5878=STYLED_ITEM('color',(#5831),#4078);
#5879=STYLED_ITEM('color',(#5831),#4086);
#5880=STYLED_ITEM('color',(#5831),#4094);
#5881=STYLED_ITEM('color',(#5831),#4102);
#5882=STYLED_ITEM('color',(#5831),#4110);
#5883=STYLED_ITEM('color',(#5831),#4118);
#5884=STYLED_ITEM('color',(#5831),#4126);
#5885=STYLED_ITEM('color',(#5831),#4134);
#5886=STYLED_ITEM('color',(#5831),#4142);
#5887=STYLED_ITEM('color',(#5831),#4150);
#5888=STYLED_ITEM('color',(#5831),#4158);
#5889=STYLED_ITEM('color',(#5831),#4166);
#5890=STYLED_ITEM('color',(#5831),#4174);
#5891=STYLED_ITEM('color',(#5831),#4182);
#5892=STYLED_ITEM('color',(#5831),#4190);
#5893=STYLED_ITEM('color',(#5831),#4198);
#5894=STYLED_ITEM('color',(#5831),#4206);
#5895=STYLED_ITEM('color',(#5831),#4214);
#5896=STYLED_ITEM('color',(#5831),#4222);
#5897=STYLED_ITEM('color',(#5831),#4230);
#5898=STYLED_ITEM('color',(#5831),#4238);
#5899=STYLED_ITEM('color',(#5831),#4246);
#5900=STYLED_ITEM('color',(#5831),#4254);
#5901=STYLED_ITEM('color',(#5831),#4262);
#5902=STYLED_ITEM('color',(#5831),#4273);
#5903=STYLED_ITEM('color',(#5831),#4286);
#5904=STYLED_ITEM('color',(#5831),#4296);
#5905=STYLED_ITEM('color',(#5831),#4308);
#5906=STYLED_ITEM('color',(#5831),#4318);
#5907=STYLED_ITEM('color',(#5831),#4330);
#5908=STYLED_ITEM('color',(#5831),#4340);
#5909=STYLED_ITEM('color',(#5831),#4352);
#5910=STYLED_ITEM('color',(#5831),#4362);
#5911=STYLED_ITEM('color',(#5831),#4374);
#5912=STYLED_ITEM('color',(#5831),#4384);
#5913=STYLED_ITEM('color',(#5831),#4396);
#5914=STYLED_ITEM('color',(#5831),#4406);
#5915=STYLED_ITEM('color',(#5831),#4418);
#5916=STYLED_ITEM('color',(#5831),#4428);
#5917=STYLED_ITEM('color',(#5831),#4440);
#5918=STYLED_ITEM('color',(#5831),#4450);
#5919=STYLED_ITEM('color',(#5831),#4462);
#5920=STYLED_ITEM('color',(#5831),#4472);
#5921=STYLED_ITEM('color',(#5831),#4484);
#5922=STYLED_ITEM('color',(#5831),#4494);
#5923=STYLED_ITEM('color',(#5831),#4506);
#5924=STYLED_ITEM('color',(#5831),#4516);
#5925=STYLED_ITEM('color',(#5831),#4528);
#5926=STYLED_ITEM('color',(#5831),#4538);
#5927=STYLED_ITEM('color',(#5831),#4550);
#5928=STYLED_ITEM('color',(#5831),#4560);
#5929=STYLED_ITEM('color',(#5831),#4572);
#5930=STYLED_ITEM('color',(#5831),#4582);
#5931=STYLED_ITEM('color',(#5831),#4594);
#5932=STYLED_ITEM('color',(#5831),#4604);
#5933=STYLED_ITEM('color',(#5831),#4616);
#5934=STYLED_ITEM('color',(#5831),#4626);
#5935=STYLED_ITEM('color',(#5831),#4638);
#5936=STYLED_ITEM('color',(#5831),#4648);
#5937=STYLED_ITEM('color',(#5831),#4660);
#5938=STYLED_ITEM('color',(#5831),#4670);
#5939=STYLED_ITEM('color',(#5831),#4682);
#5940=STYLED_ITEM('color',(#5831),#4692);
#5941=STYLED_ITEM('color',(#5831),#4704);
#5942=STYLED_ITEM('color',(#5831),#4714);
#5943=STYLED_ITEM('color',(#5831),#4726);
#5944=STYLED_ITEM('color',(#5831),#4736);
#5945=STYLED_ITEM('color',(#5831),#4748);
#5946=STYLED_ITEM('color',(#5831),#4758);
#5947=STYLED_ITEM('color',(#5831),#4770);
#5948=STYLED_ITEM('color',(#5831),#4780);
#5949=STYLED_ITEM('color',(#5831),#4792);
#5950=STYLED_ITEM('color',(#5831),#4802);
#5951=STYLED_ITEM('color',(#5831),#4814);
#5952=STYLED_ITEM('color',(#5831),#4824);
#5953=STYLED_ITEM('color',(#5831),#4836);
#5954=STYLED_ITEM('color',(#5831),#4846);
#5955=STYLED_ITEM('color',(#5831),#4859);
#5956=STYLED_ITEM('color',(#5831),#4869);
#5957=STYLED_ITEM('color',(#5831),#4881);
#5958=STYLED_ITEM('color',(#5831),#4891);
#5959=STYLED_ITEM('color',(#5831),#4903);
#5960=STYLED_ITEM('color',(#5831),#4913);
#5961=STYLED_ITEM('color',(#5831),#4925);
#5962=STYLED_ITEM('color',(#5831),#4935);
#5963=STYLED_ITEM('color',(#5831),#4947);
#5964=STYLED_ITEM('color',(#5831),#4957);
#5965=STYLED_ITEM('color',(#5831),#4969);
#5966=STYLED_ITEM('color',(#5831),#4979);
#5967=STYLED_ITEM('color',(#5831),#4991);
#5968=STYLED_ITEM('color',(#5831),#5001);
#5969=STYLED_ITEM('color',(#5831),#5013);
#5970=STYLED_ITEM('color',(#5831),#5023);
#5971=STYLED_ITEM('color',(#5831),#5035);
#5972=STYLED_ITEM('color',(#5831),#5045);
#5973=STYLED_ITEM('color',(#5831),#5057);
#5974=STYLED_ITEM('color',(#5831),#5067);
#5975=STYLED_ITEM('color',(#5831),#5079);
#5976=STYLED_ITEM('color',(#5831),#5089);
#5977=STYLED_ITEM('color',(#5831),#5101);
#5978=STYLED_ITEM('color',(#5831),#5111);
#5979=STYLED_ITEM('color',(#5831),#5123);
#5980=STYLED_ITEM('color',(#5831),#5133);
#5981=STYLED_ITEM('color',(#5831),#5145);
#5982=STYLED_ITEM('color',(#5831),#5155);
#5983=STYLED_ITEM('color',(#5831),#5167);
#5984=STYLED_ITEM('color',(#5831),#5177);
#5985=STYLED_ITEM('color',(#5831),#5189);
#5986=STYLED_ITEM('color',(#5831),#5199);
#5987=STYLED_ITEM('color',(#5831),#5211);
#5988=STYLED_ITEM('color',(#5831),#5221);
#5989=STYLED_ITEM('color',(#5831),#5233);
#5990=STYLED_ITEM('color',(#5831),#5243);
#5991=STYLED_ITEM('color',(#5831),#5255);
#5992=STYLED_ITEM('color',(#5831),#5265);
#5993=STYLED_ITEM('color',(#5831),#5277);
#5994=STYLED_ITEM('color',(#5831),#5287);
#5995=STYLED_ITEM('color',(#5831),#5299);
#5996=STYLED_ITEM('color',(#5831),#5309);
#5997=STYLED_ITEM('color',(#5831),#5321);
#5998=STYLED_ITEM('color',(#5831),#5331);
#5999=STYLED_ITEM('color',(#5831),#5343);
#6000=STYLED_ITEM('color',(#5831),#5353);
#6001=STYLED_ITEM('color',(#5831),#5365);
#6002=STYLED_ITEM('color',(#5831),#5375);
#6003=STYLED_ITEM('color',(#5831),#5387);
#6004=STYLED_ITEM('color',(#5831),#5397);
#6005=STYLED_ITEM('color',(#5831),#5409);
#6006=STYLED_ITEM('color',(#5831),#5418);
#6007=STYLED_ITEM('color',(#5831),#5428);
#6008=STYLED_ITEM('color',(#5831),#5437);
#6009=STYLED_ITEM('color',(#5831),#5446);
#6010=STYLED_ITEM('color',(#5831),#5455);
#6011=STYLED_ITEM('color',(#5831),#5464);
#6012=STYLED_ITEM('color',(#5831),#5473);
#6013=STYLED_ITEM('color',(#5831),#5482);
#6014=STYLED_ITEM('color',(#5831),#5491);
#6015=STYLED_ITEM('color',(#5831),#5500);
#6016=STYLED_ITEM('color',(#5831),#5509);
#6017=STYLED_ITEM('color',(#5831),#5518);
#6018=STYLED_ITEM('color',(#5831),#5527);
#6019=STYLED_ITEM('color',(#5831),#5536);
#6020=STYLED_ITEM('color',(#5831),#5545);
#6021=STYLED_ITEM('color',(#5831),#5554);
#6022=STYLED_ITEM('color',(#5831),#5563);
#6023=STYLED_ITEM('color',(#5831),#5572);
#6024=STYLED_ITEM('color',(#5831),#5581);
#6025=STYLED_ITEM('color',(#5831),#5590);
#6026=STYLED_ITEM('color',(#5831),#5599);
#6027=STYLED_ITEM('color',(#5831),#5608);
#6028=STYLED_ITEM('color',(#5831),#5617);
#6029=STYLED_ITEM('color',(#5831),#5626);
#6030=STYLED_ITEM('color',(#5831),#5635);
#6031=STYLED_ITEM('color',(#5831),#5644);
#6032=STYLED_ITEM('color',(#5831),#5653);
#6033=STYLED_ITEM('color',(#5831),#5660);
#6034=STYLED_ITEM('color',(#5831),#5666);
#6035=STYLED_ITEM('color',(#5831),#5672);
#6036=STYLED_ITEM('color',(#5831),#5678);
#6037=STYLED_ITEM('color',(#5831),#5684);
#6038=STYLED_ITEM('color',(#5831),#5690);
#6039=STYLED_ITEM('color',(#5831),#5696);
#6040=STYLED_ITEM('color',(#5831),#5702);
#6041=STYLED_ITEM('color',(#5831),#5708);
#6042=STYLED_ITEM('color',(#5831),#5714);
#6043=STYLED_ITEM('color',(#5831),#5720);
#6044=STYLED_ITEM('color',(#5831),#5726);
#6045=STYLED_ITEM('color',(#5831),#5732);
#6046=STYLED_ITEM('color',(#5831),#5738);
#6047=STYLED_ITEM('color',(#5831),#5744);
#6048=STYLED_ITEM('color',(#5831),#5750);
#6049=STYLED_ITEM('color',(#5831),#5756);
#6050=STYLED_ITEM('color',(#5831),#5762);
#6051=STYLED_ITEM('color',(#5831),#5768);
#6052=STYLED_ITEM('color',(#5831),#5774);
#6053=STYLED_ITEM('color',(#5831),#5780);
#6054=STYLED_ITEM('color',(#5831),#5786);
#6055=STYLED_ITEM('color',(#5831),#5792);
#6056=STYLED_ITEM('color',(#5831),#5798);
#6057=STYLED_ITEM('color',(#5831),#5804);
ENDSEC;
END-ISO-10303-21;
