ISO-10303-21;
HEADER;
FILE_DESCRIPTION(('Creo Elements/Direct Modeling STEP Export'),'2;1');
FILE_NAME('FH34SRJ-5S-0.5SH.stp','2015-09-26T16:02:57',(''),(''),
'Creo Elements/Direct Modeling STEP processor for AP214 (Solid Model)',
'Creo Elements/Direct Modeling 18.1E  22-Nov-2013 (C) Parametric Technol
ogy GmbH','');
FILE_SCHEMA(('AUTOMOTIVE_DESIGN { 1 0 10303 214 1 1 1 1 }'));
ENDSEC;
DATA;
#10=CARTESIAN_POINT('',(-2.1,0.949999999999999,0.674999999999999));
#20=DIRECTION('',(0.707106781186548,0.707106781186548,
-2.37238823896336E-16));
#30=DIRECTION('',(-0.707106781186548,0.707106781186548,
-1.09668811628278E-16));
#40=AXIS2_PLACEMENT_3D('',#10,#20,#30);
#50=PLANE('',#40);
#60=CARTESIAN_POINT('',(-2.15,0.999999999999999,0.309999999999998));
#70=DIRECTION('',(2.28983498828939E-16,3.09434442642356E-16,1.));
#80=VECTOR('',#70,1.);
#90=LINE('',#60,#80);
#100=CARTESIAN_POINT('',(-2.15,0.999999999999998,0.309999999999999));
#110=VERTEX_POINT('',#100);
#120=CARTESIAN_POINT('',(-2.15,0.999999999999999,0.999999999999999));
#130=VERTEX_POINT('',#120);
#140=EDGE_CURVE('',#110,#130,#90,.T.);
#150=ORIENTED_EDGE('',*,*,#140,.T.);
#160=CARTESIAN_POINT('',(-2.15,0.999999999999999,0.309999999999999));
#170=DIRECTION('',(0.707106781186543,-0.707106781186552,
1.97215226305253E-30));
#180=VECTOR('',#170,1.);
#190=LINE('',#160,#180);
#200=CARTESIAN_POINT('',(-2.05,0.899999999999999,0.309999999999999));
#210=VERTEX_POINT('',#200);
#220=EDGE_CURVE('',#110,#210,#190,.T.);
#230=ORIENTED_EDGE('',*,*,#220,.F.);
#240=CARTESIAN_POINT('',(-2.05,0.899999999999999,0.309999999999999));
#250=DIRECTION('',(2.28983498828939E-16,1.24245477637889E-16,1.));
#260=VECTOR('',#250,1.);
#270=LINE('',#240,#260);
#280=CARTESIAN_POINT('',(-2.05,0.899999999999999,0.84000000000001));
#290=VERTEX_POINT('',#280);
#300=EDGE_CURVE('',#210,#290,#270,.T.);
#310=ORIENTED_EDGE('',*,*,#300,.F.);
#320=CARTESIAN_POINT('',(-2.05,0.899999999999999,0.840000000000009));
#330=DIRECTION('',(2.28983498828939E-16,5.55111512312472E-17,1.));
#340=VECTOR('',#330,1.);
#350=LINE('',#320,#340);
#360=CARTESIAN_POINT('',(-2.05,0.899999999999997,0.999999999999999));
#370=VERTEX_POINT('',#360);
#380=EDGE_CURVE('',#290,#370,#350,.T.);
#390=ORIENTED_EDGE('',*,*,#380,.F.);
#400=CARTESIAN_POINT('',(-2.05,0.899999999999995,0.999999999999999));
#410=DIRECTION('',(-0.707106781186563,0.707106781186532,
7.17370385685358E-30));
#420=VECTOR('',#410,1.);
#430=LINE('',#400,#420);
#440=EDGE_CURVE('',#370,#130,#430,.T.);
#450=ORIENTED_EDGE('',*,*,#440,.F.);
#460=EDGE_LOOP('',(#450,#390,#310,#230,#150));
#470=FACE_OUTER_BOUND('',#460,.T.);
#480=ADVANCED_FACE('',(#470),#50,.T.);
#490=CARTESIAN_POINT('',(-43.4266243888419,-1.49386726829363,
1.00000000000001));
#500=DIRECTION('',(2.28983498828939E-16,2.28983498828939E-16,1.));
#510=DIRECTION('',(2.08005240798215E-46,-1.,2.28983498828939E-16));
#520=AXIS2_PLACEMENT_3D('',#490,#500,#510);
#530=PLANE('',#520);
#540=CARTESIAN_POINT('',(2.05,0.900000000000034,0.999999999999998));
#550=DIRECTION('',(2.08005240798215E-46,-1.,2.28983498828939E-16));
#560=VECTOR('',#550,1.);
#570=LINE('',#540,#560);
#580=CARTESIAN_POINT('',(2.05000000000001,0.900000000000007,
0.999999999999998));
#590=VERTEX_POINT('',#580);
#600=CARTESIAN_POINT('',(2.05,-0.020000000000001,0.999999999999998));
#610=VERTEX_POINT('',#600);
#620=EDGE_CURVE('',#590,#610,#570,.T.);
#630=ORIENTED_EDGE('',*,*,#620,.T.);
#640=CARTESIAN_POINT('',(2.14999999999996,0.999999999999999,
0.999999999999998));
#650=DIRECTION('',(-0.707106781186525,-0.707106781186569,
3.23831569603529E-16));
#660=VECTOR('',#650,1.);
#670=LINE('',#640,#660);
#680=CARTESIAN_POINT('',(2.15,0.999999999999999,0.999999999999998));
#690=VERTEX_POINT('',#680);
#700=EDGE_CURVE('',#690,#590,#670,.T.);
#710=ORIENTED_EDGE('',*,*,#700,.T.);
#720=CARTESIAN_POINT('',(2.25,0.999999999999999,0.999999999999998));
#730=DIRECTION('',(-1.,5.24334427359425E-32,2.28983498828939E-16));
#740=VECTOR('',#730,1.);
#750=LINE('',#720,#740);
#760=CARTESIAN_POINT('',(2.25,0.999999999999999,0.999999999999998));
#770=VERTEX_POINT('',#760);
#780=EDGE_CURVE('',#770,#690,#750,.T.);
#790=ORIENTED_EDGE('',*,*,#780,.T.);
#800=CARTESIAN_POINT('',(2.25,0.999999999999999,0.999999999999998));
#810=DIRECTION('',(-2.54222752659113E-32,-1.,1.17961196366423E-16));
#820=VECTOR('',#810,1.);
#830=LINE('',#800,#820);
#840=CARTESIAN_POINT('',(2.25,-1.,0.999999999999999));
#850=VERTEX_POINT('',#840);
#860=EDGE_CURVE('',#770,#850,#830,.T.);
#870=ORIENTED_EDGE('',*,*,#860,.F.);
#880=CARTESIAN_POINT('',(1.8525,-1.,0.999999999999999));
#890=DIRECTION('',(1.,-5.24334427359425E-32,-2.28983498828939E-16));
#900=VECTOR('',#890,1.);
#910=LINE('',#880,#900);
#920=CARTESIAN_POINT('',(1.8525,-1.,0.999999999999999));
#930=VERTEX_POINT('',#920);
#940=EDGE_CURVE('',#930,#850,#910,.T.);
#950=ORIENTED_EDGE('',*,*,#940,.T.);
#960=CARTESIAN_POINT('',(1.8525,-1.,0.999999999999999));
#970=DIRECTION('',(-3.38963670212152E-32,-1.,8.09537622122515E-17));
#980=VECTOR('',#970,1.);
#990=LINE('',#960,#980);
#1000=CARTESIAN_POINT('',(1.8525,-1.75,0.999999999999999));
#1010=VERTEX_POINT('',#1000);
#1020=EDGE_CURVE('',#930,#1010,#990,.T.);
#1030=ORIENTED_EDGE('',*,*,#1020,.F.);
#1040=CARTESIAN_POINT('',(1.7025,-1.9,0.999999999999999));
#1050=DIRECTION('',(0.707106781186546,0.707106781186549,
-3.23831569603529E-16));
#1060=VECTOR('',#1050,1.);
#1070=LINE('',#1040,#1060);
#1080=CARTESIAN_POINT('',(1.7025,-1.9,0.999999999999999));
#1090=VERTEX_POINT('',#1080);
#1100=EDGE_CURVE('',#1090,#1010,#1070,.T.);
#1110=ORIENTED_EDGE('',*,*,#1100,.T.);
#1120=CARTESIAN_POINT('',(1.7025,-1.9,0.999999999999999));
#1130=DIRECTION('',(-1.,5.24334427359425E-32,2.28983498828939E-16));
#1140=VECTOR('',#1130,1.);
#1150=LINE('',#1120,#1140);
#1160=CARTESIAN_POINT('',(1.635,-1.9,0.999999999999999));
#1170=VERTEX_POINT('',#1160);
#1180=EDGE_CURVE('',#1090,#1170,#1150,.T.);
#1190=ORIENTED_EDGE('',*,*,#1180,.F.);
#1200=CARTESIAN_POINT('',(1.535,-1.8,0.999999999999999));
#1210=DIRECTION('',(0.707106781186552,-0.707106781186543,
-2.12006368278147E-30));
#1220=VECTOR('',#1210,1.);
#1230=LINE('',#1200,#1220);
#1240=CARTESIAN_POINT('',(1.535,-1.8,0.999999999999999));
#1250=VERTEX_POINT('',#1240);
#1260=EDGE_CURVE('',#1250,#1170,#1230,.T.);
#1270=ORIENTED_EDGE('',*,*,#1260,.T.);
#1280=CARTESIAN_POINT('',(1.535,-1.8,0.999999999999999));
#1290=DIRECTION('',(-1.,5.24334427359425E-32,2.28983498828939E-16));
#1300=VECTOR('',#1290,1.);
#1310=LINE('',#1280,#1300);
#1320=CARTESIAN_POINT('',(-1.535,-1.8,1.));
#1330=VERTEX_POINT('',#1320);
#1340=EDGE_CURVE('',#1250,#1330,#1310,.T.);
#1350=ORIENTED_EDGE('',*,*,#1340,.F.);
#1360=CARTESIAN_POINT('',(-1.635,-1.9,1.));
#1370=DIRECTION('',(0.707106781186552,0.707106781186543,
-3.23831569603529E-16));
#1380=VECTOR('',#1370,1.);
#1390=LINE('',#1360,#1380);
#1400=CARTESIAN_POINT('',(-1.635,-1.9,1.));
#1410=VERTEX_POINT('',#1400);
#1420=EDGE_CURVE('',#1410,#1330,#1390,.T.);
#1430=ORIENTED_EDGE('',*,*,#1420,.T.);
#1440=CARTESIAN_POINT('',(-1.7025,-1.9,1.));
#1450=DIRECTION('',(1.,-5.24334427359425E-32,-2.28983498828939E-16));
#1460=VECTOR('',#1450,1.);
#1470=LINE('',#1440,#1460);
#1480=CARTESIAN_POINT('',(-1.7025,-1.9,1.));
#1490=VERTEX_POINT('',#1480);
#1500=EDGE_CURVE('',#1490,#1410,#1470,.T.);
#1510=ORIENTED_EDGE('',*,*,#1500,.T.);
#1520=CARTESIAN_POINT('',(-1.8525,-1.75,1.));
#1530=DIRECTION('',(0.707106781186548,-0.707106781186548,0.));
#1540=VECTOR('',#1530,1.);
#1550=LINE('',#1520,#1540);
#1560=CARTESIAN_POINT('',(-1.8525,-1.75,1.));
#1570=VERTEX_POINT('',#1560);
#1580=EDGE_CURVE('',#1570,#1490,#1550,.T.);
#1590=ORIENTED_EDGE('',*,*,#1580,.T.);
#1600=CARTESIAN_POINT('',(-1.8525,-1.,1.));
#1610=DIRECTION('',(2.08005240798215E-46,-1.,2.28983498828939E-16));
#1620=VECTOR('',#1610,1.);
#1630=LINE('',#1600,#1620);
#1640=CARTESIAN_POINT('',(-1.8525,-1.,1.));
#1650=VERTEX_POINT('',#1640);
#1660=EDGE_CURVE('',#1650,#1570,#1630,.T.);
#1670=ORIENTED_EDGE('',*,*,#1660,.T.);
#1680=CARTESIAN_POINT('',(-1.8525,-1.,1.));
#1690=DIRECTION('',(-1.,5.24334427359425E-32,2.28983498828939E-16));
#1700=VECTOR('',#1690,1.);
#1710=LINE('',#1680,#1700);
#1720=CARTESIAN_POINT('',(-2.25,-1.,1.));
#1730=VERTEX_POINT('',#1720);
#1740=EDGE_CURVE('',#1650,#1730,#1710,.T.);
#1750=ORIENTED_EDGE('',*,*,#1740,.F.);
#1760=CARTESIAN_POINT('',(-2.25,0.999999999999999,0.999999999999999));
#1770=DIRECTION('',(2.08005240798215E-46,-1.,2.28983498828939E-16));
#1780=VECTOR('',#1770,1.);
#1790=LINE('',#1760,#1780);
#1800=CARTESIAN_POINT('',(-2.25,0.999999999999999,0.999999999999999));
#1810=VERTEX_POINT('',#1800);
#1820=EDGE_CURVE('',#1810,#1730,#1790,.T.);
#1830=ORIENTED_EDGE('',*,*,#1820,.T.);
#1840=CARTESIAN_POINT('',(-2.25,0.999999999999999,0.999999999999999));
#1850=DIRECTION('',(1.,-5.24334427359425E-32,-2.28983498828939E-16));
#1860=VECTOR('',#1850,1.);
#1870=LINE('',#1840,#1860);
#1880=EDGE_CURVE('',#1810,#130,#1870,.T.);
#1890=ORIENTED_EDGE('',*,*,#1880,.F.);
#1900=ORIENTED_EDGE('',*,*,#440,.T.);
#1910=CARTESIAN_POINT('',(-2.05,0.899999999999999,0.999999999999999));
#1920=DIRECTION('',(-2.76329078977297E-32,-1.,1.08307083108813E-16));
#1930=VECTOR('',#1920,1.);
#1940=LINE('',#1910,#1930);
#1950=CARTESIAN_POINT('',(-2.05,-0.020000000000001,0.999999999999999));
#1960=VERTEX_POINT('',#1950);
#1970=EDGE_CURVE('',#370,#1960,#1940,.T.);
#1980=ORIENTED_EDGE('',*,*,#1970,.F.);
#1990=CARTESIAN_POINT('',(2.05,-0.0200000000000009,0.999999999999998));
#2000=DIRECTION('',(-1.,5.24334427359425E-32,2.28983498828939E-16));
#2010=VECTOR('',#2000,1.);
#2020=LINE('',#1990,#2010);
#2030=EDGE_CURVE('',#610,#1960,#2020,.T.);
#2040=ORIENTED_EDGE('',*,*,#2030,.T.);
#2050=EDGE_LOOP('',(#2040,#1980,#1900,#1890,#1830,#1750,#1670,#1590,
#1510,#1430,#1350,#1270,#1190,#1110,#1030,#950,#870,#790,#710,#630));
#2060=FACE_OUTER_BOUND('',#2050,.T.);
#2070=ADVANCED_FACE('',(#2060),#530,.T.);
#2080=CARTESIAN_POINT('',(6.05,-0.020000000000001,1.05));
#2090=DIRECTION('',(-2.80414647586396E-32,-1.,1.06522863446701E-16));
#2100=DIRECTION('',(-2.28983498828939E-16,-1.06522863446701E-16,-1.));
#2110=AXIS2_PLACEMENT_3D('',#2080,#2090,#2100);
#2120=PLANE('',#2110);
#2130=CARTESIAN_POINT('',(-2.05,-0.020000000000001,0.999999999999999));
#2140=DIRECTION('',(-2.28983498828939E-16,-2.28983498828939E-16,-1.));
#2150=VECTOR('',#2140,1.);
#2160=LINE('',#2130,#2150);
#2170=CARTESIAN_POINT('',(-2.05,-0.020000000000001,0.84000000000001));
#2180=VERTEX_POINT('',#2170);
#2190=EDGE_CURVE('',#1960,#2180,#2160,.T.);
#2200=ORIENTED_EDGE('',*,*,#2190,.F.);
#2210=CARTESIAN_POINT('',(-2.05,-0.020000000000001,0.84000000000001));
#2220=DIRECTION('',(1.,-5.24334427359425E-32,-2.28983498828939E-16));
#2230=VECTOR('',#2220,1.);
#2240=LINE('',#2210,#2230);
#2250=CARTESIAN_POINT('',(2.05,-0.020000000000001,0.840000000000008));
#2260=VERTEX_POINT('',#2250);
#2270=EDGE_CURVE('',#2180,#2260,#2240,.T.);
#2280=ORIENTED_EDGE('',*,*,#2270,.F.);
#2290=CARTESIAN_POINT('',(2.05,-0.020000000000001,0.999999999999998));
#2300=DIRECTION('',(-2.28983498828939E-16,-2.28983498828939E-16,-1.));
#2310=VECTOR('',#2300,1.);
#2320=LINE('',#2290,#2310);
#2330=EDGE_CURVE('',#610,#2260,#2320,.T.);
#2340=ORIENTED_EDGE('',*,*,#2330,.T.);
#2350=ORIENTED_EDGE('',*,*,#2030,.F.);
#2360=EDGE_LOOP('',(#2350,#2340,#2280,#2200));
#2370=FACE_OUTER_BOUND('',#2360,.T.);
#2380=ADVANCED_FACE('',(#2370),#2120,.F.);
#2390=CARTESIAN_POINT('',(-2.05,0.694862999999999,0.841613999999999));
#2400=DIRECTION('',(1.,-5.24334427359425E-32,-2.28983498828939E-16));
#2410=DIRECTION('',(2.80414647586396E-32,1.,-1.06522863446701E-16));
#2420=AXIS2_PLACEMENT_3D('',#2390,#2400,#2410);
#2430=PLANE('',#2420);
#2440=CARTESIAN_POINT('',(-2.05,-0.020000000000001,0.84000000000001));
#2450=DIRECTION('',(2.80646720836318E-32,1.,-1.06421514113186E-16));
#2460=VECTOR('',#2450,1.);
#2470=LINE('',#2440,#2460);
#2480=EDGE_CURVE('',#2180,#290,#2470,.T.);
#2490=ORIENTED_EDGE('',*,*,#2480,.T.);
#2500=ORIENTED_EDGE('',*,*,#2190,.T.);
#2510=ORIENTED_EDGE('',*,*,#1970,.T.);
#2520=ORIENTED_EDGE('',*,*,#380,.T.);
#2530=EDGE_LOOP('',(#2520,#2510,#2500,#2490));
#2540=FACE_OUTER_BOUND('',#2530,.T.);
#2550=ADVANCED_FACE('',(#2540),#2430,.T.);
#2560=CARTESIAN_POINT('',(-6.075,-0.069999999999794,0.840000000000011));
#2570=DIRECTION('',(2.28983498828939E-16,2.28983498828939E-16,1.));
#2580=DIRECTION('',(-2.08005240798215E-46,1.,-2.28983498828939E-16));
#2590=AXIS2_PLACEMENT_3D('',#2560,#2570,#2580);
#2600=PLANE('',#2590);
#2610=CARTESIAN_POINT('',(2.02,0.899999999999998,0.840000000000009));
#2620=DIRECTION('',(2.08005240798215E-46,-1.,2.28983498828939E-16));
#2630=VECTOR('',#2620,1.);
#2640=LINE('',#2610,#2630);
#2650=CARTESIAN_POINT('',(2.02,0.899999999999998,0.840000000000009));
#2660=VERTEX_POINT('',#2650);
#2670=CARTESIAN_POINT('',(2.02,0.46,0.840000000000009));
#2680=VERTEX_POINT('',#2670);
#2690=EDGE_CURVE('',#2660,#2680,#2640,.T.);
#2700=ORIENTED_EDGE('',*,*,#2690,.T.);
#2710=CARTESIAN_POINT('',(2.05,0.899999999999998,0.840000000000009));
#2720=DIRECTION('',(-1.,5.24334427359425E-32,2.28983498828939E-16));
#2730=VECTOR('',#2720,1.);
#2740=LINE('',#2710,#2730);
#2750=CARTESIAN_POINT('',(2.05,0.899999999999999,0.840000000000009));
#2760=VERTEX_POINT('',#2750);
#2770=EDGE_CURVE('',#2760,#2660,#2740,.T.);
#2780=ORIENTED_EDGE('',*,*,#2770,.T.);
#2790=CARTESIAN_POINT('',(2.05,-0.020000000000001,0.840000000000009));
#2800=DIRECTION('',(-2.08005240798215E-46,1.,-2.28983498828939E-16));
#2810=VECTOR('',#2800,1.);
#2820=LINE('',#2790,#2810);
#2830=EDGE_CURVE('',#2260,#2760,#2820,.T.);
#2840=ORIENTED_EDGE('',*,*,#2830,.T.);
#2850=ORIENTED_EDGE('',*,*,#2270,.T.);
#2860=ORIENTED_EDGE('',*,*,#2480,.F.);
#2870=CARTESIAN_POINT('',(-2.05,0.899999999999999,0.84000000000001));
#2880=DIRECTION('',(1.,-5.24334427359425E-32,-2.28983498828939E-16));
#2890=VECTOR('',#2880,1.);
#2900=LINE('',#2870,#2890);
#2910=CARTESIAN_POINT('',(-2.02,0.899999999999999,0.840000000000009));
#2920=VERTEX_POINT('',#2910);
#2930=EDGE_CURVE('',#290,#2920,#2900,.T.);
#2940=ORIENTED_EDGE('',*,*,#2930,.F.);
#2950=CARTESIAN_POINT('',(-2.02,0.899999999999999,0.840000000000009));
#2960=DIRECTION('',(2.08005240798215E-46,-1.,2.28983498828939E-16));
#2970=VECTOR('',#2960,1.);
#2980=LINE('',#2950,#2970);
#2990=CARTESIAN_POINT('',(-2.02,0.460000000000001,0.840000000000009));
#3000=VERTEX_POINT('',#2990);
#3010=EDGE_CURVE('',#2920,#3000,#2980,.T.);
#3020=ORIENTED_EDGE('',*,*,#3010,.F.);
#3030=CARTESIAN_POINT('',(2.02,0.46,0.840000000000009));
#3040=DIRECTION('',(-1.,5.24334427359425E-32,2.28983498828939E-16));
#3050=VECTOR('',#3040,1.);
#3060=LINE('',#3030,#3050);
#3070=EDGE_CURVE('',#2680,#3000,#3060,.T.);
#3080=ORIENTED_EDGE('',*,*,#3070,.T.);
#3090=EDGE_LOOP('',(#3080,#3020,#2940,#2860,#2850,#2840,#2780,#2700));
#3100=FACE_OUTER_BOUND('',#3090,.T.);
#3110=ADVANCED_FACE('',(#3100),#2600,.T.);
#3120=CARTESIAN_POINT('',(4.5,0.460000000000001,0.889999999999998));
#3130=DIRECTION('',(2.80414647586396E-32,1.,-1.06522863446701E-16));
#3140=DIRECTION('',(2.28983498828939E-16,1.06522863446701E-16,1.));
#3150=AXIS2_PLACEMENT_3D('',#3120,#3130,#3140);
#3160=PLANE('',#3150);
#3170=CARTESIAN_POINT('',(2.02,0.460000000000001,0.840000000000009));
#3180=DIRECTION('',(2.28983498828939E-16,2.28983498828939E-16,1.));
#3190=VECTOR('',#3180,1.);
#3200=LINE('',#3170,#3190);
#3210=CARTESIAN_POINT('',(2.02,0.460000000000001,0.889999999999998));
#3220=VERTEX_POINT('',#3210);
#3230=EDGE_CURVE('',#2680,#3220,#3200,.T.);
#3240=ORIENTED_EDGE('',*,*,#3230,.T.);
#3250=ORIENTED_EDGE('',*,*,#3070,.F.);
#3260=CARTESIAN_POINT('',(-2.02,0.46,0.840000000000009));
#3270=DIRECTION('',(2.28983498828939E-16,2.28983498828939E-16,1.));
#3280=VECTOR('',#3270,1.);
#3290=LINE('',#3260,#3280);
#3300=CARTESIAN_POINT('',(-2.02,0.46,0.89));
#3310=VERTEX_POINT('',#3300);
#3320=EDGE_CURVE('',#3000,#3310,#3290,.T.);
#3330=ORIENTED_EDGE('',*,*,#3320,.F.);
#3340=CARTESIAN_POINT('',(-2.02,0.46,0.889999999999999));
#3350=DIRECTION('',(1.,-5.24334427359425E-32,-2.28983498828939E-16));
#3360=VECTOR('',#3350,1.);
#3370=LINE('',#3340,#3360);
#3380=EDGE_CURVE('',#3310,#3220,#3370,.T.);
#3390=ORIENTED_EDGE('',*,*,#3380,.F.);
#3400=EDGE_LOOP('',(#3390,#3330,#3250,#3240));
#3410=FACE_OUTER_BOUND('',#3400,.T.);
#3420=ADVANCED_FACE('',(#3410),#3160,.F.);
#3430=CARTESIAN_POINT('',(3.,0.51,0.889999999999998));
#3440=DIRECTION('',(-1.,5.24334427359425E-32,2.28983498828939E-16));
#3450=DIRECTION('',(2.80414647586396E-32,1.,-1.06522863446701E-16));
#3460=AXIS2_PLACEMENT_3D('',#3430,#3440,#3450);
#3470=CYLINDRICAL_SURFACE('',#3460,0.05);
#3480=CARTESIAN_POINT('',(2.02,0.51,0.889999999999999));
#3490=DIRECTION('',(0.707106781186548,7.5323039094571E-17,
0.707106781186547));
#3500=DIRECTION('',(0.707106781186547,-7.53230390945711E-17,
-0.707106781186548));
#3510=AXIS2_PLACEMENT_3D('',#3480,#3490,#3500);
#3520=ELLIPSE('',#3510,0.0707106781186547,0.05);
#3530=CARTESIAN_POINT('',(1.97,0.510000000000005,0.939999999999999));
#3540=VERTEX_POINT('',#3530);
#3550=EDGE_CURVE('',#3540,#3220,#3520,.T.);
#3560=ORIENTED_EDGE('',*,*,#3550,.F.);
#3570=ORIENTED_EDGE('',*,*,#3380,.T.);
#3580=CARTESIAN_POINT('',(-2.02,0.51,0.89));
#3590=DIRECTION('',(0.707106781186548,-7.5323039094571E-17,
-0.707106781186547));
#3600=DIRECTION('',(0.707106781186547,7.53230390945711E-17,
0.707106781186548));
#3610=AXIS2_PLACEMENT_3D('',#3580,#3590,#3600);
#3620=ELLIPSE('',#3610,0.0707106781186547,0.05);
#3630=CARTESIAN_POINT('',(-1.97,0.510000000000005,0.939999999999999));
#3640=VERTEX_POINT('',#3630);
#3650=EDGE_CURVE('',#3640,#3310,#3620,.T.);
#3660=ORIENTED_EDGE('',*,*,#3650,.T.);
#3670=CARTESIAN_POINT('',(1.97,0.510000000000001,0.939999999999999));
#3680=DIRECTION('',(-1.,5.24334427359425E-32,2.28983498828939E-16));
#3690=VECTOR('',#3680,1.);
#3700=LINE('',#3670,#3690);
#3710=EDGE_CURVE('',#3540,#3640,#3700,.T.);
#3720=ORIENTED_EDGE('',*,*,#3710,.T.);
#3730=EDGE_LOOP('',(#3720,#3660,#3570,#3560));
#3740=FACE_OUTER_BOUND('',#3730,.T.);
#3750=ADVANCED_FACE('',(#3740),#3470,.T.);
#3760=CARTESIAN_POINT('',(8.,0.533724317761256,0.939999999999997));
#3770=DIRECTION('',(-2.28983498828939E-16,-2.28983498828939E-16,-1.));
#3780=DIRECTION('',(-2.08005240798215E-46,1.,-2.28983498828939E-16));
#3790=AXIS2_PLACEMENT_3D('',#3760,#3770,#3780);
#3800=PLANE('',#3790);
#3810=CARTESIAN_POINT('',(-1.97,1.9,0.939999999999999));
#3820=DIRECTION('',(2.08005240798215E-46,-1.,2.28983498828939E-16));
#3830=VECTOR('',#3820,1.);
#3840=LINE('',#3810,#3830);
#3850=CARTESIAN_POINT('',(-1.97,1.9,0.939999999999999));
#3860=VERTEX_POINT('',#3850);
#3870=EDGE_CURVE('',#3860,#3640,#3840,.T.);
#3880=ORIENTED_EDGE('',*,*,#3870,.T.);
#3890=CARTESIAN_POINT('',(-1.97,1.9,0.939999999999998));
#3900=DIRECTION('',(1.,-5.24334427359425E-32,-2.28983498828939E-16));
#3910=VECTOR('',#3900,1.);
#3920=LINE('',#3890,#3910);
#3930=CARTESIAN_POINT('',(1.97,1.9,0.939999999999998));
#3940=VERTEX_POINT('',#3930);
#3950=EDGE_CURVE('',#3860,#3940,#3920,.T.);
#3960=ORIENTED_EDGE('',*,*,#3950,.F.);
#3970=CARTESIAN_POINT('',(1.97,1.9,0.939999999999999));
#3980=DIRECTION('',(-2.74341099991852E-32,-1.,1.09175258761475E-16));
#3990=VECTOR('',#3980,1.);
#4000=LINE('',#3970,#3990);
#4010=EDGE_CURVE('',#3940,#3540,#4000,.T.);
#4020=ORIENTED_EDGE('',*,*,#4010,.F.);
#4030=ORIENTED_EDGE('',*,*,#3710,.F.);
#4040=EDGE_LOOP('',(#4030,#4020,#3960,#3880));
#4050=FACE_OUTER_BOUND('',#4040,.T.);
#4060=ADVANCED_FACE('',(#4050),#3800,.F.);
#4070=CARTESIAN_POINT('',(-1.995,1.60372431776126,0.914999999999999));
#4080=DIRECTION('',(-0.707106781186548,7.5323039094571E-17,
0.707106781186547));
#4090=DIRECTION('',(0.707106781186547,7.53230390945711E-17,
0.707106781186548));
#4100=AXIS2_PLACEMENT_3D('',#4070,#4080,#4090);
#4110=PLANE('',#4100);
#4120=ORIENTED_EDGE('',*,*,#3650,.F.);
#4130=CARTESIAN_POINT('',(-2.02,0.46,0.890000000000001));
#4140=DIRECTION('',(-2.08005240798215E-46,1.,-2.28983498828939E-16));
#4150=VECTOR('',#4140,1.);
#4160=LINE('',#4130,#4150);
#4170=CARTESIAN_POINT('',(-2.02,1.9,0.89));
#4180=VERTEX_POINT('',#4170);
#4190=EDGE_CURVE('',#3310,#4180,#4160,.T.);
#4200=ORIENTED_EDGE('',*,*,#4190,.F.);
#4210=CARTESIAN_POINT('',(-2.02,1.9,0.89));
#4220=DIRECTION('',(0.707106781186552,1.61915784801764E-16,
0.707106781186543));
#4230=VECTOR('',#4220,1.);
#4240=LINE('',#4210,#4230);
#4250=EDGE_CURVE('',#4180,#3860,#4240,.T.);
#4260=ORIENTED_EDGE('',*,*,#4250,.F.);
#4270=ORIENTED_EDGE('',*,*,#3870,.F.);
#4280=EDGE_LOOP('',(#4270,#4260,#4200,#4120));
#4290=FACE_OUTER_BOUND('',#4280,.T.);
#4300=ADVANCED_FACE('',(#4290),#4110,.T.);
#4310=CARTESIAN_POINT('',(-2.02,1.04560231776126,-0.794708000000001));
#4320=DIRECTION('',(1.,-5.24334427359425E-32,-2.28983498828939E-16));
#4330=DIRECTION('',(2.80414647586396E-32,1.,-1.06522863446701E-16));
#4340=AXIS2_PLACEMENT_3D('',#4310,#4320,#4330);
#4350=PLANE('',#4340);
#4360=ORIENTED_EDGE('',*,*,#3010,.T.);
#4370=CARTESIAN_POINT('',(-2.02,0.899999999999999,0.309999999999999));
#4380=DIRECTION('',(2.28983498828939E-16,1.24245477637889E-16,1.));
#4390=VECTOR('',#4380,1.);
#4400=LINE('',#4370,#4390);
#4410=CARTESIAN_POINT('',(-2.02,0.899999999999999,0.309999999999999));
#4420=VERTEX_POINT('',#4410);
#4430=EDGE_CURVE('',#4420,#2920,#4400,.T.);
#4440=ORIENTED_EDGE('',*,*,#4430,.T.);
#4450=CARTESIAN_POINT('',(-2.02,0.899999999999999,0.309999999999999));
#4460=DIRECTION('',(-2.08005240798215E-46,1.,-2.28983498828939E-16));
#4470=VECTOR('',#4460,1.);
#4480=LINE('',#4450,#4470);
#4490=CARTESIAN_POINT('',(-2.02,0.999999999999999,0.309999999999999));
#4500=VERTEX_POINT('',#4490);
#4510=EDGE_CURVE('',#4420,#4500,#4480,.T.);
#4520=ORIENTED_EDGE('',*,*,#4510,.F.);
#4530=CARTESIAN_POINT('',(-2.02,0.999999999999999,0.309999999999999));
#4540=DIRECTION('',(3.91111927167868E-32,1.,-5.81799565789152E-17));
#4550=VECTOR('',#4540,1.);
#4560=LINE('',#4530,#4550);
#4570=CARTESIAN_POINT('',(-2.02,1.65,0.309999999999999));
#4580=VERTEX_POINT('',#4570);
#4590=EDGE_CURVE('',#4500,#4580,#4560,.T.);
#4600=ORIENTED_EDGE('',*,*,#4590,.F.);
#4610=CARTESIAN_POINT('',(-2.02,1.65,0.469999999999999));
#4620=DIRECTION('',(-2.28983498828939E-16,-2.28983498828939E-16,-1.));
#4630=VECTOR('',#4620,1.);
#4640=LINE('',#4610,#4630);
#4650=CARTESIAN_POINT('',(-2.02,1.65,0.47));
#4660=VERTEX_POINT('',#4650);
#4670=EDGE_CURVE('',#4660,#4580,#4640,.T.);
#4680=ORIENTED_EDGE('',*,*,#4670,.T.);
#4690=CARTESIAN_POINT('',(-2.02,1.9,0.599999999999998));
#4700=DIRECTION('',(-1.05642163830589E-16,-0.887216801234595,
-0.461352736641989));
#4710=VECTOR('',#4700,1.);
#4720=LINE('',#4690,#4710);
#4730=CARTESIAN_POINT('',(-2.02,1.9,0.599999999999998));
#4740=VERTEX_POINT('',#4730);
#4750=EDGE_CURVE('',#4740,#4660,#4720,.T.);
#4760=ORIENTED_EDGE('',*,*,#4750,.T.);
#4770=CARTESIAN_POINT('',(-2.02,1.9,0.890000000000001));
#4780=DIRECTION('',(-2.28983498828939E-16,-2.28983498828939E-16,-1.));
#4790=VECTOR('',#4780,1.);
#4800=LINE('',#4770,#4790);
#4810=EDGE_CURVE('',#4180,#4740,#4800,.T.);
#4820=ORIENTED_EDGE('',*,*,#4810,.T.);
#4830=ORIENTED_EDGE('',*,*,#4190,.T.);
#4840=ORIENTED_EDGE('',*,*,#3320,.T.);
#4850=EDGE_LOOP('',(#4840,#4830,#4820,#4760,#4680,#4600,#4520,#4440,
#4360));
#4860=FACE_OUTER_BOUND('',#4850,.T.);
#4870=ADVANCED_FACE('',(#4860),#4350,.F.);
#4880=CARTESIAN_POINT('',(-1.,0.899999999999999,0.289999999999999));
#4890=DIRECTION('',(-2.80414647586396E-32,-1.,1.06522863446701E-16));
#4900=DIRECTION('',(-1.,5.24334427359425E-32,2.28983498828939E-16));
#4910=AXIS2_PLACEMENT_3D('',#4880,#4890,#4900);
#4920=PLANE('',#4910);
#4930=ORIENTED_EDGE('',*,*,#2930,.T.);
#4940=ORIENTED_EDGE('',*,*,#300,.T.);
#4950=CARTESIAN_POINT('',(-2.05,0.899999999999999,0.309999999999999));
#4960=DIRECTION('',(1.,-5.24334427359425E-32,-2.28983498828939E-16));
#4970=VECTOR('',#4960,1.);
#4980=LINE('',#4950,#4970);
#4990=EDGE_CURVE('',#210,#4420,#4980,.T.);
#5000=ORIENTED_EDGE('',*,*,#4990,.F.);
#5010=ORIENTED_EDGE('',*,*,#4430,.F.);
#5020=EDGE_LOOP('',(#5010,#5000,#4940,#4930));
#5030=FACE_OUTER_BOUND('',#5020,.T.);
#5040=ADVANCED_FACE('',(#5030),#4920,.F.);
#5050=CARTESIAN_POINT('',(-2.05,0.289999999999999,0.309999999999999));
#5060=DIRECTION('',(2.28983498828939E-16,1.06522863446701E-16,1.));
#5070=DIRECTION('',(2.80414647586396E-32,1.,-1.06522863446701E-16));
#5080=AXIS2_PLACEMENT_3D('',#5050,#5060,#5070);
#5090=PLANE('',#5080);
#5100=ORIENTED_EDGE('',*,*,#4990,.T.);
#5110=ORIENTED_EDGE('',*,*,#220,.T.);
#5120=CARTESIAN_POINT('',(-2.02,0.999999999999999,0.309999999999999));
#5130=DIRECTION('',(-1.,5.24334427359425E-32,2.28983498828939E-16));
#5140=VECTOR('',#5130,1.);
#5150=LINE('',#5120,#5140);
#5160=EDGE_CURVE('',#4500,#110,#5150,.T.);
#5170=ORIENTED_EDGE('',*,*,#5160,.T.);
#5180=ORIENTED_EDGE('',*,*,#4510,.T.);
#5190=EDGE_LOOP('',(#5180,#5170,#5110,#5100));
#5200=FACE_OUTER_BOUND('',#5190,.T.);
#5210=ADVANCED_FACE('',(#5200),#5090,.T.);
#5220=CARTESIAN_POINT('',(4.075,0.999999999999999,0.309999999999998));
#5230=DIRECTION('',(2.80414647586396E-32,1.,-1.06522863446701E-16));
#5240=DIRECTION('',(-2.28983498828939E-16,-1.06522863446701E-16,-1.));
#5250=AXIS2_PLACEMENT_3D('',#5220,#5230,#5240);
#5260=PLANE('',#5250);
#5270=CARTESIAN_POINT('',(-1.075,0.999999999999999,0.309999999999999));
#5280=DIRECTION('',(-1.,5.24334427359425E-32,2.28983498828939E-16));
#5290=VECTOR('',#5280,1.);
#5300=LINE('',#5270,#5290);
#5310=CARTESIAN_POINT('',(-1.075,0.999999999999999,0.309999999999999));
#5320=VERTEX_POINT('',#5310);
#5330=EDGE_CURVE('',#5320,#4500,#5300,.T.);
#5340=ORIENTED_EDGE('',*,*,#5330,.F.);
#5350=ORIENTED_EDGE('',*,*,#5160,.F.);
#5360=ORIENTED_EDGE('',*,*,#140,.F.);
#5370=ORIENTED_EDGE('',*,*,#1880,.T.);
#5380=CARTESIAN_POINT('',(-2.25,0.999999999999999,0.0799999999999991));
#5390=DIRECTION('',(2.28983498828939E-16,4.79688752487504E-17,1.));
#5400=VECTOR('',#5390,1.);
#5410=LINE('',#5380,#5400);
#5420=CARTESIAN_POINT('',(-2.25,0.999999999999999,0.0799999999999991));
#5430=VERTEX_POINT('',#5420);
#5440=EDGE_CURVE('',#5430,#1810,#5410,.T.);
#5450=ORIENTED_EDGE('',*,*,#5440,.T.);
#5460=CARTESIAN_POINT('',(-2.25,0.999999999999999,0.0799999999999991));
#5470=DIRECTION('',(1.,-5.24334427359425E-32,-2.28983498828939E-16));
#5480=VECTOR('',#5470,1.);
#5490=LINE('',#5460,#5480);
#5500=CARTESIAN_POINT('',(-1.7025,0.999999999999999,0.079999999999999));
#5510=VERTEX_POINT('',#5500);
#5520=EDGE_CURVE('',#5430,#5510,#5490,.T.);
#5530=ORIENTED_EDGE('',*,*,#5520,.F.);
#5540=CARTESIAN_POINT('',(-1.7025,0.999999999999999,0.029999999999999));
#5550=DIRECTION('',(2.28983498828939E-16,2.28983498828939E-16,1.));
#5560=VECTOR('',#5550,1.);
#5570=LINE('',#5540,#5560);
#5580=CARTESIAN_POINT('',(-1.7025,0.999999999999999,0.029999999999999));
#5590=VERTEX_POINT('',#5580);
#5600=EDGE_CURVE('',#5590,#5510,#5570,.T.);
#5610=ORIENTED_EDGE('',*,*,#5600,.T.);
#5620=CARTESIAN_POINT('',(-1.7025,0.999999999999999,0.029999999999999));
#5630=DIRECTION('',(1.,-5.24334427359425E-32,-2.28983498828939E-16));
#5640=VECTOR('',#5630,1.);
#5650=LINE('',#5620,#5640);
#5660=CARTESIAN_POINT('',(-1.2,0.999999999999999,0.0299999999999989));
#5670=VERTEX_POINT('',#5660);
#5680=EDGE_CURVE('',#5590,#5670,#5650,.T.);
#5690=ORIENTED_EDGE('',*,*,#5680,.F.);
#5700=CARTESIAN_POINT('',(-1.15,0.999999999999999,0.0799999999999989));
#5710=DIRECTION('',(-0.707106781186547,-1.61915784801765E-16,
-0.707106781186548));
#5720=VECTOR('',#5710,1.);
#5730=LINE('',#5700,#5720);
#5740=CARTESIAN_POINT('',(-1.15,0.999999999999999,0.0799999999999989));
#5750=VERTEX_POINT('',#5740);
#5760=EDGE_CURVE('',#5750,#5670,#5730,.T.);
#5770=ORIENTED_EDGE('',*,*,#5760,.T.);
#5780=CARTESIAN_POINT('',(-1.15,0.999999999999999,0.0799999999999989));
#5790=DIRECTION('',(1.,-5.24334427359425E-32,-2.28983498828939E-16));
#5800=VECTOR('',#5790,1.);
#5810=LINE('',#5780,#5800);
#5820=CARTESIAN_POINT('',(-1.075,0.999999999999999,0.0799999999999989));
#5830=VERTEX_POINT('',#5820);
#5840=EDGE_CURVE('',#5750,#5830,#5810,.T.);
#5850=ORIENTED_EDGE('',*,*,#5840,.F.);
#5860=CARTESIAN_POINT('',(-1.075,0.999999999999999,0.0799999999999989));
#5870=DIRECTION('',(2.28983498828939E-16,2.28983498828939E-16,1.));
#5880=VECTOR('',#5870,1.);
#5890=LINE('',#5860,#5880);
#5900=EDGE_CURVE('',#5830,#5320,#5890,.T.);
#5910=ORIENTED_EDGE('',*,*,#5900,.F.);
#5920=EDGE_LOOP('',(#5910,#5850,#5770,#5690,#5610,#5530,#5450,#5370,
#5360,#5350,#5340));
#5930=FACE_OUTER_BOUND('',#5920,.T.);
#5940=ADVANCED_FACE('',(#5930),#5260,.T.);
#5950=CARTESIAN_POINT('',(-1.075,3.62470223605639,-0.833697738615912));
#5960=DIRECTION('',(1.,-5.24334427359425E-32,-2.28983498828939E-16));
#5970=DIRECTION('',(-2.08005240798215E-46,1.,-2.28983498828939E-16));
#5980=AXIS2_PLACEMENT_3D('',#5950,#5960,#5970);
#5990=PLANE('',#5980);
#6000=CARTESIAN_POINT('',(-1.075,0.999999999999999,0.309999999999999));
#6010=DIRECTION('',(-2.08005240798215E-46,1.,-2.28983498828939E-16));
#6020=VECTOR('',#6010,1.);
#6030=LINE('',#6000,#6020);
#6040=CARTESIAN_POINT('',(-1.075,1.35,0.309999999999999));
#6050=VERTEX_POINT('',#6040);
#6060=EDGE_CURVE('',#5320,#6050,#6030,.T.);
#6070=ORIENTED_EDGE('',*,*,#6060,.T.);
#6080=ORIENTED_EDGE('',*,*,#5900,.T.);
#6090=CARTESIAN_POINT('',(-1.075,0.999999999999999,0.0786607773540646));
#6100=DIRECTION('',(2.28983498828939E-16,2.28983498828939E-16,1.));
#6110=VECTOR('',#6100,1.);
#6120=LINE('',#6090,#6110);
#6130=CARTESIAN_POINT('',(-1.075,0.999999999999999,0.0786607773540645));
#6140=VERTEX_POINT('',#6130);
#6150=EDGE_CURVE('',#6140,#5830,#6120,.T.);
#6160=ORIENTED_EDGE('',*,*,#6150,.T.);
#6170=CARTESIAN_POINT('',(-1.075,0.943186633611,0.0654115469993396));
#6180=DIRECTION('',(5.20049491518197E-17,0.973868596229247,
0.227112212966358));
#6190=VECTOR('',#6180,1.);
#6200=LINE('',#6170,#6190);
#6210=CARTESIAN_POINT('',(-1.075,0.943186633610998,0.0654115469993388));
#6220=VERTEX_POINT('',#6210);
#6230=EDGE_CURVE('',#6220,#6140,#6200,.T.);
#6240=ORIENTED_EDGE('',*,*,#6230,.T.);
#6250=CARTESIAN_POINT('',(-1.075,0.949999999999987,0.0361954891124608));
#6260=DIRECTION('',(-1.,5.24334427359425E-32,2.28983498828939E-16));
#6270=DIRECTION('',(-3.98282312499283E-29,-1.,-1.7370595702578E-13));
#6280=AXIS2_PLACEMENT_3D('',#6250,#6260,#6270);
#6290=CIRCLE('',#6280,0.0299999999999999);
#6300=CARTESIAN_POINT('',(-1.075,0.919999999999986,0.0361954891124583));
#6310=VERTEX_POINT('',#6300);
#6320=EDGE_CURVE('',#6310,#6220,#6290,.T.);
#6330=ORIENTED_EDGE('',*,*,#6320,.T.);
#6340=CARTESIAN_POINT('',(-1.075,0.919999999999986,0.036195489112461));
#6350=DIRECTION('',(-2.28983498828939E-16,-2.28983498828939E-16,-1.));
#6360=VECTOR('',#6350,1.);
#6370=LINE('',#6340,#6360);
#6380=CARTESIAN_POINT('',(-1.075,0.919999999999986,-9.99200722162641E-16
));
#6390=VERTEX_POINT('',#6380);
#6400=EDGE_CURVE('',#6310,#6390,#6370,.T.);
#6410=ORIENTED_EDGE('',*,*,#6400,.F.);
#6420=CARTESIAN_POINT('',(-1.075,1.24999999999999,-1.11022302462516E-15)
);
#6430=DIRECTION('',(2.08005240798215E-46,-1.,2.28983498828939E-16));
#6440=VECTOR('',#6430,1.);
#6450=LINE('',#6420,#6440);
#6460=CARTESIAN_POINT('',(-1.075,1.24999999999999,-1.33226762955019E-15)
);
#6470=VERTEX_POINT('',#6460);
#6480=EDGE_CURVE('',#6470,#6390,#6450,.T.);
#6490=ORIENTED_EDGE('',*,*,#6480,.T.);
#6500=CARTESIAN_POINT('',(-1.075,1.29999999999999,0.0499999999999998));
#6510=DIRECTION('',(-1.61915784801753E-16,-0.707106781186596,
-0.707106781186499));
#6520=VECTOR('',#6510,1.);
#6530=LINE('',#6500,#6520);
#6540=CARTESIAN_POINT('',(-1.075,1.29999999999999,0.0499999999999998));
#6550=VERTEX_POINT('',#6540);
#6560=EDGE_CURVE('',#6550,#6470,#6530,.T.);
#6570=ORIENTED_EDGE('',*,*,#6560,.T.);
#6580=CARTESIAN_POINT('',(-1.075,1.29999999999999,0.0499999999999998));
#6590=DIRECTION('',(2.28983498828939E-16,2.28983498828939E-16,1.));
#6600=VECTOR('',#6590,1.);
#6610=LINE('',#6580,#6600);
#6620=CARTESIAN_POINT('',(-1.075,1.3,0.109999999999995));
#6630=VERTEX_POINT('',#6620);
#6640=EDGE_CURVE('',#6550,#6630,#6610,.T.);
#6650=ORIENTED_EDGE('',*,*,#6640,.F.);
#6660=CARTESIAN_POINT('',(-1.075,1.35,0.109999999999999));
#6670=DIRECTION('',(1.,-5.24334427359425E-32,-2.28983498828939E-16));
#6680=DIRECTION('',(2.28983498828939E-16,2.44942954807922E-15,1.));
#6690=AXIS2_PLACEMENT_3D('',#6660,#6670,#6680);
#6700=CIRCLE('',#6690,0.0500000000000007);
#6710=CARTESIAN_POINT('',(-1.075,1.35,0.16));
#6720=VERTEX_POINT('',#6710);
#6730=EDGE_CURVE('',#6720,#6630,#6700,.T.);
#6740=ORIENTED_EDGE('',*,*,#6730,.T.);
#6750=CARTESIAN_POINT('',(-1.075,1.35,0.309999999999999));
#6760=DIRECTION('',(-2.28983498828939E-16,-2.28983498828939E-16,-1.));
#6770=VECTOR('',#6760,1.);
#6780=LINE('',#6750,#6770);
#6790=EDGE_CURVE('',#6050,#6720,#6780,.T.);
#6800=ORIENTED_EDGE('',*,*,#6790,.T.);
#6810=EDGE_LOOP('',(#6800,#6740,#6650,#6570,#6490,#6410,#6330,#6240,
#6160,#6080,#6070));
#6820=FACE_OUTER_BOUND('',#6810,.T.);
#6830=ADVANCED_FACE('',(#6820),#5990,.F.);
#6840=CARTESIAN_POINT('',(-1.075,1.35,0.310000000000001));
#6850=DIRECTION('',(-2.08005240798215E-46,1.,-2.28983498828939E-16));
#6860=DIRECTION('',(-2.28983498828939E-16,-2.28983498828939E-16,-1.));
#6870=AXIS2_PLACEMENT_3D('',#6840,#6850,#6860);
#6880=PLANE('',#6870);
#6890=ORIENTED_EDGE('',*,*,#6790,.F.);
#6900=CARTESIAN_POINT('',(-1.075,1.35,0.16));
#6910=DIRECTION('',(1.,-5.24334427359425E-32,-2.28983498828939E-16));
#6920=VECTOR('',#6910,1.);
#6930=LINE('',#6900,#6920);
#6940=CARTESIAN_POINT('',(-0.925,1.35,0.16));
#6950=VERTEX_POINT('',#6940);
#6960=EDGE_CURVE('',#6720,#6950,#6930,.T.);
#6970=ORIENTED_EDGE('',*,*,#6960,.F.);
#6980=CARTESIAN_POINT('',(-0.925,1.35,0.16));
#6990=DIRECTION('',(2.28983498828939E-16,2.28983498828939E-16,1.));
#7000=VECTOR('',#6990,1.);
#7010=LINE('',#6980,#7000);
#7020=CARTESIAN_POINT('',(-0.925,1.35,0.309999999999999));
#7030=VERTEX_POINT('',#7020);
#7040=EDGE_CURVE('',#6950,#7030,#7010,.T.);
#7050=ORIENTED_EDGE('',*,*,#7040,.F.);
#7060=CARTESIAN_POINT('',(-1.075,1.35,0.309999999999999));
#7070=DIRECTION('',(1.,-5.24334427359425E-32,-2.28983498828939E-16));
#7080=VECTOR('',#7070,1.);
#7090=LINE('',#7060,#7080);
#7100=EDGE_CURVE('',#6050,#7030,#7090,.T.);
#7110=ORIENTED_EDGE('',*,*,#7100,.T.);
#7120=EDGE_LOOP('',(#7110,#7050,#6970,#6890));
#7130=FACE_OUTER_BOUND('',#7120,.T.);
#7140=ADVANCED_FACE('',(#7130),#6880,.T.);
#7150=CARTESIAN_POINT('',(2.6,1.67372431776126,0.309999999999998));
#7160=DIRECTION('',(2.28983498828939E-16,1.06522863446701E-16,1.));
#7170=DIRECTION('',(-1.,5.24334427359425E-32,2.28983498828939E-16));
#7180=AXIS2_PLACEMENT_3D('',#7150,#7160,#7170);
#7190=PLANE('',#7180);
#7200=ORIENTED_EDGE('',*,*,#4590,.T.);
#7210=ORIENTED_EDGE('',*,*,#5330,.T.);
#7220=ORIENTED_EDGE('',*,*,#6060,.F.);
#7230=ORIENTED_EDGE('',*,*,#7100,.F.);
#7240=CARTESIAN_POINT('',(-0.925,1.35,0.309999999999999));
#7250=DIRECTION('',(-7.26350721883192E-32,-1.,-8.82230796353943E-17));
#7260=VECTOR('',#7250,1.);
#7270=LINE('',#7240,#7260);
#7280=CARTESIAN_POINT('',(-0.925,0.999999999999999,0.309999999999999));
#7290=VERTEX_POINT('',#7280);
#7300=EDGE_CURVE('',#7030,#7290,#7270,.T.);
#7310=ORIENTED_EDGE('',*,*,#7300,.F.);
#7320=CARTESIAN_POINT('',(-0.575,0.999999999999999,0.309999999999999));
#7330=DIRECTION('',(-1.,5.24334427359425E-32,2.28983498828939E-16));
#7340=VECTOR('',#7330,1.);
#7350=LINE('',#7320,#7340);
#7360=CARTESIAN_POINT('',(-0.575,0.999999999999999,0.309999999999999));
#7370=VERTEX_POINT('',#7360);
#7380=EDGE_CURVE('',#7370,#7290,#7350,.T.);
#7390=ORIENTED_EDGE('',*,*,#7380,.T.);
#7400=CARTESIAN_POINT('',(-0.575,0.999999999999999,0.309999999999999));
#7410=DIRECTION('',(7.26350721883192E-32,1.,8.82230796353943E-17));
#7420=VECTOR('',#7410,1.);
#7430=LINE('',#7400,#7420);
#7440=CARTESIAN_POINT('',(-0.575,1.35,0.309999999999999));
#7450=VERTEX_POINT('',#7440);
#7460=EDGE_CURVE('',#7370,#7450,#7430,.T.);
#7470=ORIENTED_EDGE('',*,*,#7460,.F.);
#7480=CARTESIAN_POINT('',(-0.425,1.35,0.309999999999999));
#7490=DIRECTION('',(-1.,5.24334427359425E-32,2.28983498828939E-16));
#7500=VECTOR('',#7490,1.);
#7510=LINE('',#7480,#7500);
#7520=CARTESIAN_POINT('',(-0.425,1.35,0.309999999999999));
#7530=VERTEX_POINT('',#7520);
#7540=EDGE_CURVE('',#7530,#7450,#7510,.T.);
#7550=ORIENTED_EDGE('',*,*,#7540,.T.);
#7560=CARTESIAN_POINT('',(-0.425,0.999999999999999,0.309999999999999));
#7570=DIRECTION('',(7.26350721883192E-32,1.,8.82230796353942E-17));
#7580=VECTOR('',#7570,1.);
#7590=LINE('',#7560,#7580);
#7600=CARTESIAN_POINT('',(-0.425,0.999999999999999,0.309999999999999));
#7610=VERTEX_POINT('',#7600);
#7620=EDGE_CURVE('',#7610,#7530,#7590,.T.);
#7630=ORIENTED_EDGE('',*,*,#7620,.T.);
#7640=CARTESIAN_POINT('',(-0.0750000000000002,0.999999999999999,
0.309999999999999));
#7650=DIRECTION('',(-1.,5.24334427359425E-32,2.28983498828939E-16));
#7660=VECTOR('',#7650,1.);
#7670=LINE('',#7640,#7660);
#7680=CARTESIAN_POINT('',(-0.0750000000000002,0.999999999999999,
0.309999999999999));
#7690=VERTEX_POINT('',#7680);
#7700=EDGE_CURVE('',#7690,#7610,#7670,.T.);
#7710=ORIENTED_EDGE('',*,*,#7700,.T.);
#7720=CARTESIAN_POINT('',(-0.0750000000000002,0.999999999999999,
0.309999999999999));
#7730=DIRECTION('',(7.26350721883194E-32,1.,8.82230796353952E-17));
#7740=VECTOR('',#7730,1.);
#7750=LINE('',#7720,#7740);
#7760=CARTESIAN_POINT('',(-0.0750000000000002,1.34999999999999,
0.309999999999999));
#7770=VERTEX_POINT('',#7760);
#7780=EDGE_CURVE('',#7690,#7770,#7750,.T.);
#7790=ORIENTED_EDGE('',*,*,#7780,.F.);
#7800=CARTESIAN_POINT('',(0.0750000000000002,1.34999999999999,
0.309999999999999));
#7810=DIRECTION('',(-1.,5.24334427359425E-32,2.28983498828939E-16));
#7820=VECTOR('',#7810,1.);
#7830=LINE('',#7800,#7820);
#7840=CARTESIAN_POINT('',(0.0750000000000002,1.34999999999999,
0.309999999999999));
#7850=VERTEX_POINT('',#7840);
#7860=EDGE_CURVE('',#7850,#7770,#7830,.T.);
#7870=ORIENTED_EDGE('',*,*,#7860,.T.);
#7880=CARTESIAN_POINT('',(0.0750000000000002,1.34999999999999,
0.309999999999999));
#7890=DIRECTION('',(-7.26350721883194E-32,-1.,-8.82230796353952E-17));
#7900=VECTOR('',#7890,1.);
#7910=LINE('',#7880,#7900);
#7920=CARTESIAN_POINT('',(0.0750000000000002,0.999999999999999,
0.309999999999999));
#7930=VERTEX_POINT('',#7920);
#7940=EDGE_CURVE('',#7850,#7930,#7910,.T.);
#7950=ORIENTED_EDGE('',*,*,#7940,.F.);
#7960=CARTESIAN_POINT('',(0.425,0.999999999999999,0.309999999999998));
#7970=DIRECTION('',(-1.,5.24334427359425E-32,2.28983498828939E-16));
#7980=VECTOR('',#7970,1.);
#7990=LINE('',#7960,#7980);
#8000=CARTESIAN_POINT('',(0.425,0.999999999999999,0.309999999999998));
#8010=VERTEX_POINT('',#8000);
#8020=EDGE_CURVE('',#8010,#7930,#7990,.T.);
#8030=ORIENTED_EDGE('',*,*,#8020,.T.);
#8040=CARTESIAN_POINT('',(0.425,0.999999999999999,0.309999999999999));
#8050=DIRECTION('',(7.26350721883192E-32,1.,8.82230796353943E-17));
#8060=VECTOR('',#8050,1.);
#8070=LINE('',#8040,#8060);
#8080=CARTESIAN_POINT('',(0.425,1.35,0.309999999999999));
#8090=VERTEX_POINT('',#8080);
#8100=EDGE_CURVE('',#8010,#8090,#8070,.T.);
#8110=ORIENTED_EDGE('',*,*,#8100,.F.);
#8120=CARTESIAN_POINT('',(0.575,1.35,0.309999999999999));
#8130=DIRECTION('',(-1.,5.24334427359425E-32,2.28983498828939E-16));
#8140=VECTOR('',#8130,1.);
#8150=LINE('',#8120,#8140);
#8160=CARTESIAN_POINT('',(0.575,1.35,0.309999999999999));
#8170=VERTEX_POINT('',#8160);
#8180=EDGE_CURVE('',#8170,#8090,#8150,.T.);
#8190=ORIENTED_EDGE('',*,*,#8180,.T.);
#8200=CARTESIAN_POINT('',(0.575,1.35,0.309999999999999));
#8210=DIRECTION('',(-7.26350721883192E-32,-1.,-8.82230796353943E-17));
#8220=VECTOR('',#8210,1.);
#8230=LINE('',#8200,#8220);
#8240=CARTESIAN_POINT('',(0.575,0.999999999999999,0.309999999999998));
#8250=VERTEX_POINT('',#8240);
#8260=EDGE_CURVE('',#8170,#8250,#8230,.T.);
#8270=ORIENTED_EDGE('',*,*,#8260,.F.);
#8280=CARTESIAN_POINT('',(0.925,0.999999999999999,0.309999999999998));
#8290=DIRECTION('',(-1.,5.24334427359425E-32,2.28983498828939E-16));
#8300=VECTOR('',#8290,1.);
#8310=LINE('',#8280,#8300);
#8320=CARTESIAN_POINT('',(0.925,0.999999999999999,0.309999999999998));
#8330=VERTEX_POINT('',#8320);
#8340=EDGE_CURVE('',#8330,#8250,#8310,.T.);
#8350=ORIENTED_EDGE('',*,*,#8340,.T.);
#8360=CARTESIAN_POINT('',(0.925,0.999999999999999,0.309999999999998));
#8370=DIRECTION('',(7.26350721883194E-32,1.,8.82230796353952E-17));
#8380=VECTOR('',#8370,1.);
#8390=LINE('',#8360,#8380);
#8400=CARTESIAN_POINT('',(0.925,1.35,0.309999999999998));
#8410=VERTEX_POINT('',#8400);
#8420=EDGE_CURVE('',#8330,#8410,#8390,.T.);
#8430=ORIENTED_EDGE('',*,*,#8420,.F.);
#8440=CARTESIAN_POINT('',(1.075,1.35,0.309999999999998));
#8450=DIRECTION('',(-1.,5.24334427359425E-32,2.28983498828939E-16));
#8460=VECTOR('',#8450,1.);
#8470=LINE('',#8440,#8460);
#8480=CARTESIAN_POINT('',(1.075,1.35,0.309999999999998));
#8490=VERTEX_POINT('',#8480);
#8500=EDGE_CURVE('',#8490,#8410,#8470,.T.);
#8510=ORIENTED_EDGE('',*,*,#8500,.T.);
#8520=CARTESIAN_POINT('',(1.075,0.999999999999999,0.309999999999998));
#8530=DIRECTION('',(7.26350721883192E-32,1.,8.82230796353942E-17));
#8540=VECTOR('',#8530,1.);
#8550=LINE('',#8520,#8540);
#8560=CARTESIAN_POINT('',(1.075,0.999999999999999,0.309999999999998));
#8570=VERTEX_POINT('',#8560);
#8580=EDGE_CURVE('',#8570,#8490,#8550,.T.);
#8590=ORIENTED_EDGE('',*,*,#8580,.T.);
#8600=CARTESIAN_POINT('',(1.075,0.999999999999999,0.309999999999998));
#8610=DIRECTION('',(1.,-5.24334427359425E-32,-2.28983498828939E-16));
#8620=VECTOR('',#8610,1.);
#8630=LINE('',#8600,#8620);
#8640=CARTESIAN_POINT('',(2.02,0.999999999999999,0.309999999999998));
#8650=VERTEX_POINT('',#8640);
#8660=EDGE_CURVE('',#8570,#8650,#8630,.T.);
#8670=ORIENTED_EDGE('',*,*,#8660,.F.);
#8680=CARTESIAN_POINT('',(2.02,0.999999999999999,0.309999999999998));
#8690=DIRECTION('',(-2.08005240798215E-46,1.,-2.28983498828939E-16));
#8700=VECTOR('',#8690,1.);
#8710=LINE('',#8680,#8700);
#8720=CARTESIAN_POINT('',(2.02,1.65,0.309999999999998));
#8730=VERTEX_POINT('',#8720);
#8740=EDGE_CURVE('',#8650,#8730,#8710,.T.);
#8750=ORIENTED_EDGE('',*,*,#8740,.F.);
#8760=CARTESIAN_POINT('',(-2.02,1.65,0.309999999999999));
#8770=DIRECTION('',(1.,-5.24334427359425E-32,-2.28983498828939E-16));
#8780=VECTOR('',#8770,1.);
#8790=LINE('',#8760,#8780);
#8800=EDGE_CURVE('',#4580,#8730,#8790,.T.);
#8810=ORIENTED_EDGE('',*,*,#8800,.T.);
#8820=EDGE_LOOP('',(#8810,#8750,#8670,#8590,#8510,#8430,#8350,#8270,
#8190,#8110,#8030,#7950,#7870,#7790,#7710,#7630,#7550,#7470,#7390,#7310,
#7230,#7220,#7210,#7200));
#8830=FACE_OUTER_BOUND('',#8820,.T.);
#8840=ADVANCED_FACE('',(#8830),#7190,.F.);
#8850=CARTESIAN_POINT('',(0.,1.65,0.469999999999998));
#8860=DIRECTION('',(2.80414647586396E-32,1.,-1.06522863446701E-16));
#8870=DIRECTION('',(2.28983498828939E-16,1.06522863446701E-16,1.));
#8880=AXIS2_PLACEMENT_3D('',#8850,#8860,#8870);
#8890=PLANE('',#8880);
#8900=ORIENTED_EDGE('',*,*,#4670,.F.);
#8910=ORIENTED_EDGE('',*,*,#8800,.F.);
#8920=CARTESIAN_POINT('',(2.02,1.65,0.469999999999998));
#8930=DIRECTION('',(-2.28983498828939E-16,-2.28983498828939E-16,-1.));
#8940=VECTOR('',#8930,1.);
#8950=LINE('',#8920,#8940);
#8960=CARTESIAN_POINT('',(2.02,1.65,0.47));
#8970=VERTEX_POINT('',#8960);
#8980=EDGE_CURVE('',#8970,#8730,#8950,.T.);
#8990=ORIENTED_EDGE('',*,*,#8980,.T.);
#9000=CARTESIAN_POINT('',(-2.02,1.65,0.469999999999999));
#9010=DIRECTION('',(1.,-5.24334427359425E-32,-2.28983498828939E-16));
#9020=VECTOR('',#9010,1.);
#9030=LINE('',#9000,#9020);
#9040=EDGE_CURVE('',#4660,#8970,#9030,.T.);
#9050=ORIENTED_EDGE('',*,*,#9040,.T.);
#9060=EDGE_LOOP('',(#9050,#8990,#8910,#8900));
#9070=FACE_OUTER_BOUND('',#9060,.T.);
#9080=ADVANCED_FACE('',(#9070),#8890,.T.);
#9090=CARTESIAN_POINT('',(-5.9,1.9,0.6));
#9100=DIRECTION('',(2.03158007366517E-16,-0.461352736641989,
0.887216801234595));
#9110=DIRECTION('',(-1.05642163830589E-16,-0.887216801234595,
-0.461352736641989));
#9120=AXIS2_PLACEMENT_3D('',#9090,#9100,#9110);
#9130=PLANE('',#9120);
#9140=ORIENTED_EDGE('',*,*,#4750,.F.);
#9150=ORIENTED_EDGE('',*,*,#9040,.F.);
#9160=CARTESIAN_POINT('',(2.02,1.65,0.469999999999998));
#9170=DIRECTION('',(1.05642163830589E-16,0.887216801234595,
0.461352736641989));
#9180=VECTOR('',#9170,1.);
#9190=LINE('',#9160,#9180);
#9200=CARTESIAN_POINT('',(2.02,1.9,0.599999999999997));
#9210=VERTEX_POINT('',#9200);
#9220=EDGE_CURVE('',#8970,#9210,#9190,.T.);
#9230=ORIENTED_EDGE('',*,*,#9220,.F.);
#9240=CARTESIAN_POINT('',(-2.02,1.9,0.599999999999999));
#9250=DIRECTION('',(1.,-5.24334427359425E-32,-2.28983498828939E-16));
#9260=VECTOR('',#9250,1.);
#9270=LINE('',#9240,#9260);
#9280=EDGE_CURVE('',#4740,#9210,#9270,.T.);
#9290=ORIENTED_EDGE('',*,*,#9280,.T.);
#9300=EDGE_LOOP('',(#9290,#9230,#9150,#9140));
#9310=FACE_OUTER_BOUND('',#9300,.T.);
#9320=ADVANCED_FACE('',(#9310),#9130,.F.);
#9330=CARTESIAN_POINT('',(7.42,1.9,0.939999999999997));
#9340=DIRECTION('',(6.75318141499484E-18,-1.,1.06522863446701E-16));
#9350=DIRECTION('',(-1.,-6.75318141499482E-18,2.28983498828939E-16));
#9360=AXIS2_PLACEMENT_3D('',#9330,#9340,#9350);
#9370=PLANE('',#9360);
#9380=ORIENTED_EDGE('',*,*,#4250,.T.);
#9390=ORIENTED_EDGE('',*,*,#4810,.F.);
#9400=ORIENTED_EDGE('',*,*,#9280,.F.);
#9410=CARTESIAN_POINT('',(2.02,1.9,0.889999999999999));
#9420=DIRECTION('',(-2.28983498828939E-16,-2.28983498828939E-16,-1.));
#9430=VECTOR('',#9420,1.);
#9440=LINE('',#9410,#9430);
#9450=CARTESIAN_POINT('',(2.02,1.9,0.889999999999999));
#9460=VERTEX_POINT('',#9450);
#9470=EDGE_CURVE('',#9460,#9210,#9440,.T.);
#9480=ORIENTED_EDGE('',*,*,#9470,.T.);
#9490=CARTESIAN_POINT('',(1.97,1.9,0.939999999999998));
#9500=DIRECTION('',(0.707106781186549,-1.61915784801764E-16,
-0.707106781186546));
#9510=VECTOR('',#9500,1.);
#9520=LINE('',#9490,#9510);
#9530=EDGE_CURVE('',#3940,#9460,#9520,.T.);
#9540=ORIENTED_EDGE('',*,*,#9530,.T.);
#9550=ORIENTED_EDGE('',*,*,#3950,.T.);
#9560=EDGE_LOOP('',(#9550,#9540,#9480,#9400,#9390,#9380));
#9570=FACE_OUTER_BOUND('',#9560,.T.);
#9580=ADVANCED_FACE('',(#9570),#9370,.F.);
#9590=CARTESIAN_POINT('',(2.02,1.04560231776126,-0.794708000000002));
#9600=DIRECTION('',(1.,-5.24334427359425E-32,-2.28983498828939E-16));
#9610=DIRECTION('',(2.80414647586396E-32,1.,-1.06522863446701E-16));
#9620=AXIS2_PLACEMENT_3D('',#9590,#9600,#9610);
#9630=PLANE('',#9620);
#9640=ORIENTED_EDGE('',*,*,#3230,.F.);
#9650=CARTESIAN_POINT('',(2.02,0.46,0.889999999999999));
#9660=DIRECTION('',(2.64815367353244E-32,1.,-1.13335267097152E-16));
#9670=VECTOR('',#9660,1.);
#9680=LINE('',#9650,#9670);
#9690=EDGE_CURVE('',#3220,#9460,#9680,.T.);
#9700=ORIENTED_EDGE('',*,*,#9690,.F.);
#9710=ORIENTED_EDGE('',*,*,#9470,.F.);
#9720=ORIENTED_EDGE('',*,*,#9220,.T.);
#9730=ORIENTED_EDGE('',*,*,#8980,.F.);
#9740=ORIENTED_EDGE('',*,*,#8740,.T.);
#9750=CARTESIAN_POINT('',(2.02,0.899999999999998,0.309999999999998));
#9760=DIRECTION('',(-2.08005240798215E-46,1.,-2.28983498828939E-16));
#9770=VECTOR('',#9760,1.);
#9780=LINE('',#9750,#9770);
#9790=CARTESIAN_POINT('',(2.02,0.899999999999998,0.309999999999998));
#9800=VERTEX_POINT('',#9790);
#9810=EDGE_CURVE('',#9800,#8650,#9780,.T.);
#9820=ORIENTED_EDGE('',*,*,#9810,.T.);
#9830=CARTESIAN_POINT('',(2.02,0.899999999999998,0.309999999999998));
#9840=DIRECTION('',(2.28983498828939E-16,1.24245477637888E-16,1.));
#9850=VECTOR('',#9840,1.);
#9860=LINE('',#9830,#9850);
#9870=EDGE_CURVE('',#9800,#2660,#9860,.T.);
#9880=ORIENTED_EDGE('',*,*,#9870,.F.);
#9890=ORIENTED_EDGE('',*,*,#2690,.F.);
#9900=EDGE_LOOP('',(#9890,#9880,#9820,#9740,#9730,#9720,#9710,#9700,
#9640));
#9910=FACE_OUTER_BOUND('',#9900,.T.);
#9920=ADVANCED_FACE('',(#9910),#9630,.T.);
#9930=CARTESIAN_POINT('',(1.995,1.60372431776126,0.914999999999998));
#9940=DIRECTION('',(-0.707106781186548,-7.5323039094571E-17,
-0.707106781186547));
#9950=DIRECTION('',(-0.707106781186547,7.53230390945712E-17,
0.707106781186548));
#9960=AXIS2_PLACEMENT_3D('',#9930,#9940,#9950);
#9970=PLANE('',#9960);
#9980=ORIENTED_EDGE('',*,*,#4010,.T.);
#9990=ORIENTED_EDGE('',*,*,#9530,.F.);
#10000=ORIENTED_EDGE('',*,*,#9690,.T.);
#10010=ORIENTED_EDGE('',*,*,#3550,.T.);
#10020=EDGE_LOOP('',(#10010,#10000,#9990,#9980));
#10030=FACE_OUTER_BOUND('',#10020,.T.);
#10040=ADVANCED_FACE('',(#10030),#9970,.F.);
#10050=CARTESIAN_POINT('',(2.05,0.289999999999999,0.309999999999998));
#10060=DIRECTION('',(-2.28983498828939E-16,-1.06522863446701E-16,-1.));
#10070=DIRECTION('',(2.80414647586396E-32,1.,-1.06522863446701E-16));
#10080=AXIS2_PLACEMENT_3D('',#10050,#10060,#10070);
#10090=PLANE('',#10080);
#10100=CARTESIAN_POINT('',(2.05,0.899999999999998,0.309999999999998));
#10110=DIRECTION('',(-1.,5.24334427359425E-32,2.28983498828939E-16));
#10120=VECTOR('',#10110,1.);
#10130=LINE('',#10100,#10120);
#10140=CARTESIAN_POINT('',(2.05,0.899999999999998,0.309999999999998));
#10150=VERTEX_POINT('',#10140);
#10160=EDGE_CURVE('',#10150,#9800,#10130,.T.);
#10170=ORIENTED_EDGE('',*,*,#10160,.F.);
#10180=ORIENTED_EDGE('',*,*,#9810,.F.);
#10190=CARTESIAN_POINT('',(2.02,0.999999999999999,0.309999999999998));
#10200=DIRECTION('',(1.,-5.24334427359425E-32,-2.28983498828939E-16));
#10210=VECTOR('',#10200,1.);
#10220=LINE('',#10190,#10210);
#10230=CARTESIAN_POINT('',(2.15,0.999999999999999,0.309999999999998));
#10240=VERTEX_POINT('',#10230);
#10250=EDGE_CURVE('',#8650,#10240,#10220,.T.);
#10260=ORIENTED_EDGE('',*,*,#10250,.F.);
#10270=CARTESIAN_POINT('',(2.05,0.899999999999998,0.309999999999998));
#10280=DIRECTION('',(0.707106781186547,0.707106781186547,
-3.23831569603529E-16));
#10290=VECTOR('',#10280,1.);
#10300=LINE('',#10270,#10290);
#10310=EDGE_CURVE('',#10150,#10240,#10300,.T.);
#10320=ORIENTED_EDGE('',*,*,#10310,.T.);
#10330=EDGE_LOOP('',(#10320,#10260,#10180,#10170));
#10340=FACE_OUTER_BOUND('',#10330,.T.);
#10350=ADVANCED_FACE('',(#10340),#10090,.F.);
#10360=CARTESIAN_POINT('',(2.1,0.949999999999999,0.674999999999998));
#10370=DIRECTION('',(0.707106781186548,-0.707106781186548,
-8.65927457071936E-17));
#10380=DIRECTION('',(0.707106781186548,0.707106781186548,
-4.33500381231807E-16));
#10390=AXIS2_PLACEMENT_3D('',#10360,#10370,#10380);
#10400=PLANE('',#10390);
#10410=ORIENTED_EDGE('',*,*,#700,.F.);
#10420=CARTESIAN_POINT('',(2.05,0.899999999999999,0.840000000000008));
#10430=DIRECTION('',(1.61676227961047E-15,1.79023462720817E-15,1.));
#10440=VECTOR('',#10430,1.);
#10450=LINE('',#10420,#10440);
#10460=EDGE_CURVE('',#2760,#590,#10450,.T.);
#10470=ORIENTED_EDGE('',*,*,#10460,.T.);
#10480=CARTESIAN_POINT('',(2.05,0.899999999999998,0.309999999999998));
#10490=DIRECTION('',(6.47935583593141E-16,6.47935583593141E-16,1.));
#10500=VECTOR('',#10490,1.);
#10510=LINE('',#10480,#10500);
#10520=EDGE_CURVE('',#10150,#2760,#10510,.T.);
#10530=ORIENTED_EDGE('',*,*,#10520,.T.);
#10540=ORIENTED_EDGE('',*,*,#10310,.F.);
#10550=CARTESIAN_POINT('',(2.15,0.999999999999999,0.309999999999998));
#10560=DIRECTION('',(2.28983498828939E-16,6.80816112021047E-17,1.));
#10570=VECTOR('',#10560,1.);
#10580=LINE('',#10550,#10570);
#10590=EDGE_CURVE('',#10240,#690,#10580,.T.);
#10600=ORIENTED_EDGE('',*,*,#10590,.F.);
#10610=EDGE_LOOP('',(#10600,#10540,#10530,#10470,#10410));
#10620=FACE_OUTER_BOUND('',#10610,.T.);
#10630=ADVANCED_FACE('',(#10620),#10400,.F.);
#10640=CARTESIAN_POINT('',(1.075,0.999999999999999,0.309999999999998));
#10650=DIRECTION('',(2.80414647586396E-32,1.,-1.06522863446701E-16));
#10660=DIRECTION('',(-2.28983498828939E-16,-1.06522863446701E-16,-1.));
#10670=AXIS2_PLACEMENT_3D('',#10640,#10650,#10660);
#10680=PLANE('',#10670);
#10690=CARTESIAN_POINT('',(1.15000000000004,0.999999999999999,
0.0799999999999983));
#10700=DIRECTION('',(-1.,5.24334427359425E-32,2.28983498828939E-16));
#10710=VECTOR('',#10700,1.);
#10720=LINE('',#10690,#10710);
#10730=CARTESIAN_POINT('',(1.15,0.999999999999999,0.0799999999999983));
#10740=VERTEX_POINT('',#10730);
#10750=CARTESIAN_POINT('',(1.075,0.999999999999999,0.0799999999999983));
#10760=VERTEX_POINT('',#10750);
#10770=EDGE_CURVE('',#10740,#10760,#10720,.T.);
#10780=ORIENTED_EDGE('',*,*,#10770,.T.);
#10790=CARTESIAN_POINT('',(1.20000000000004,0.999999999999999,
0.0299999999999984));
#10800=DIRECTION('',(-0.707106781186562,1.61915784801761E-16,
0.707106781186533));
#10810=VECTOR('',#10800,1.);
#10820=LINE('',#10790,#10810);
#10830=CARTESIAN_POINT('',(1.20000000000002,0.999999999999999,
0.0299999999999984));
#10840=VERTEX_POINT('',#10830);
#10850=EDGE_CURVE('',#10840,#10740,#10820,.T.);
#10860=ORIENTED_EDGE('',*,*,#10850,.T.);
#10870=CARTESIAN_POINT('',(1.7025,0.999999999999999,0.0299999999999983))
;
#10880=DIRECTION('',(-1.,5.24334427359425E-32,2.28983498828939E-16));
#10890=VECTOR('',#10880,1.);
#10900=LINE('',#10870,#10890);
#10910=CARTESIAN_POINT('',(1.7025,0.999999999999999,0.0299999999999983))
;
#10920=VERTEX_POINT('',#10910);
#10930=EDGE_CURVE('',#10920,#10840,#10900,.T.);
#10940=ORIENTED_EDGE('',*,*,#10930,.T.);
#10950=CARTESIAN_POINT('',(1.7025,0.999999999999999,0.0299999999999983))
;
#10960=DIRECTION('',(2.28983498828939E-16,2.28983498828939E-16,1.));
#10970=VECTOR('',#10960,1.);
#10980=LINE('',#10950,#10970);
#10990=CARTESIAN_POINT('',(1.7025,0.999999999999999,0.0799999999999982))
;
#11000=VERTEX_POINT('',#10990);
#11010=EDGE_CURVE('',#10920,#11000,#10980,.T.);
#11020=ORIENTED_EDGE('',*,*,#11010,.F.);
#11030=CARTESIAN_POINT('',(2.25,0.999999999999999,0.0799999999999981));
#11040=DIRECTION('',(-1.,5.24334427359425E-32,2.28983498828939E-16));
#11050=VECTOR('',#11040,1.);
#11060=LINE('',#11030,#11050);
#11070=CARTESIAN_POINT('',(2.25,0.999999999999999,0.079999999999998));
#11080=VERTEX_POINT('',#11070);
#11090=EDGE_CURVE('',#11080,#11000,#11060,.T.);
#11100=ORIENTED_EDGE('',*,*,#11090,.T.);
#11110=CARTESIAN_POINT('',(2.25,0.999999999999999,0.0799999999999979));
#11120=DIRECTION('',(2.28983498828939E-16,1.08307083108813E-16,1.));
#11130=VECTOR('',#11120,1.);
#11140=LINE('',#11110,#11130);
#11150=EDGE_CURVE('',#11080,#770,#11140,.T.);
#11160=ORIENTED_EDGE('',*,*,#11150,.F.);
#11170=ORIENTED_EDGE('',*,*,#780,.F.);
#11180=ORIENTED_EDGE('',*,*,#10590,.T.);
#11190=ORIENTED_EDGE('',*,*,#10250,.T.);
#11200=ORIENTED_EDGE('',*,*,#8660,.T.);
#11210=CARTESIAN_POINT('',(1.075,0.999999999999999,0.0799999999999983));
#11220=DIRECTION('',(2.28983498828939E-16,-1.23693326113125E-17,1.));
#11230=VECTOR('',#11220,1.);
#11240=LINE('',#11210,#11230);
#11250=EDGE_CURVE('',#10760,#8570,#11240,.T.);
#11260=ORIENTED_EDGE('',*,*,#11250,.T.);
#11270=EDGE_LOOP('',(#11260,#11200,#11190,#11180,#11170,#11160,#11100,
#11020,#10940,#10860,#10780));
#11280=FACE_OUTER_BOUND('',#11270,.T.);
#11290=ADVANCED_FACE('',(#11280),#10680,.T.);
#11300=CARTESIAN_POINT('',(1.075,1.24577907539775,0.170500231015464));
#11310=DIRECTION('',(1.,-5.24334427359425E-32,-2.28983498828939E-16));
#11320=DIRECTION('',(5.24334427359425E-32,1.,0.));
#11330=AXIS2_PLACEMENT_3D('',#11300,#11310,#11320);
#11340=PLANE('',#11330);
#11350=ORIENTED_EDGE('',*,*,#11250,.F.);
#11360=ORIENTED_EDGE('',*,*,#8580,.F.);
#11370=CARTESIAN_POINT('',(1.075,1.35,0.309999999999998));
#11380=DIRECTION('',(-2.28983498828939E-16,-2.28983498828939E-16,-1.));
#11390=VECTOR('',#11380,1.);
#11400=LINE('',#11370,#11390);
#11410=CARTESIAN_POINT('',(1.075,1.35,0.159999999999998));
#11420=VERTEX_POINT('',#11410);
#11430=EDGE_CURVE('',#8490,#11420,#11400,.T.);
#11440=ORIENTED_EDGE('',*,*,#11430,.F.);
#11450=CARTESIAN_POINT('',(1.075,1.35,0.109999999999997));
#11460=DIRECTION('',(-1.,5.24334427359425E-32,2.28983498828939E-16));
#11470=DIRECTION('',(-6.60979156913691E-30,-1.,-2.86368151414247E-14));
#11480=AXIS2_PLACEMENT_3D('',#11450,#11460,#11470);
#11490=CIRCLE('',#11480,0.0500000000000007);
#11500=CARTESIAN_POINT('',(1.075,1.29999999999999,0.109999999999997));
#11510=VERTEX_POINT('',#11500);
#11520=EDGE_CURVE('',#11510,#11420,#11490,.T.);
#11530=ORIENTED_EDGE('',*,*,#11520,.T.);
#11540=CARTESIAN_POINT('',(1.075,1.29999999999999,0.0499999999999993));
#11550=DIRECTION('',(2.28983498828939E-16,2.28983498828939E-16,1.));
#11560=VECTOR('',#11550,1.);
#11570=LINE('',#11540,#11560);
#11580=CARTESIAN_POINT('',(1.075,1.29999999999999,0.0499999999999993));
#11590=VERTEX_POINT('',#11580);
#11600=EDGE_CURVE('',#11590,#11510,#11570,.T.);
#11610=ORIENTED_EDGE('',*,*,#11600,.T.);
#11620=CARTESIAN_POINT('',(1.075,1.24999999999999,-1.55431223447522E-15)
);
#11630=DIRECTION('',(1.61915784801753E-16,0.707106781186598,
0.707106781186497));
#11640=VECTOR('',#11630,1.);
#11650=LINE('',#11620,#11640);
#11660=CARTESIAN_POINT('',(1.075,1.24999999999999,-1.66533453693773E-15)
);
#11670=VERTEX_POINT('',#11660);
#11680=EDGE_CURVE('',#11670,#11590,#11650,.T.);
#11690=ORIENTED_EDGE('',*,*,#11680,.T.);
#11700=CARTESIAN_POINT('',(1.075,1.24999999999999,-1.66533453693773E-15)
);
#11710=DIRECTION('',(2.08005240798215E-46,-1.,2.28983498828939E-16));
#11720=VECTOR('',#11710,1.);
#11730=LINE('',#11700,#11720);
#11740=CARTESIAN_POINT('',(1.075,0.919999999999985,-1.55431223447522E-15
));
#11750=VERTEX_POINT('',#11740);
#11760=EDGE_CURVE('',#11670,#11750,#11730,.T.);
#11770=ORIENTED_EDGE('',*,*,#11760,.F.);
#11780=CARTESIAN_POINT('',(1.075,0.919999999999986,0.0361954891124542));
#11790=DIRECTION('',(-2.28983498828939E-16,-2.28983498828939E-16,-1.));
#11800=VECTOR('',#11790,1.);
#11810=LINE('',#11780,#11800);
#11820=CARTESIAN_POINT('',(1.075,0.919999999999988,0.0361954891124604));
#11830=VERTEX_POINT('',#11820);
#11840=EDGE_CURVE('',#11830,#11750,#11810,.T.);
#11850=ORIENTED_EDGE('',*,*,#11840,.T.);
#11860=CARTESIAN_POINT('',(1.075,0.949999999999988,0.0361954891124603));
#11870=DIRECTION('',(1.,-5.24334427359425E-32,-2.28983498828939E-16));
#11880=DIRECTION('',(2.22999838564195E-16,-0.227112212966457,
0.973868596229224));
#11890=AXIS2_PLACEMENT_3D('',#11860,#11870,#11880);
#11900=CIRCLE('',#11890,0.0299999999999999);
#11910=CARTESIAN_POINT('',(1.075,0.943186633610997,0.0654115469993376));
#11920=VERTEX_POINT('',#11910);
#11930=EDGE_CURVE('',#11920,#11830,#11900,.T.);
#11940=ORIENTED_EDGE('',*,*,#11930,.T.);
#11950=CARTESIAN_POINT('',(1.075,0.999999999999999,0.078660777354063));
#11960=DIRECTION('',(-5.20049491518194E-17,-0.973868596229247,
-0.227112212966356));
#11970=VECTOR('',#11960,1.);
#11980=LINE('',#11950,#11970);
#11990=CARTESIAN_POINT('',(1.075,0.999999999999999,0.0786607773540631));
#12000=VERTEX_POINT('',#11990);
#12010=EDGE_CURVE('',#12000,#11920,#11980,.T.);
#12020=ORIENTED_EDGE('',*,*,#12010,.T.);
#12030=CARTESIAN_POINT('',(1.075,0.999999999999999,0.0786607773540633));
#12040=DIRECTION('',(2.28983498828939E-16,2.28983498828939E-16,1.));
#12050=VECTOR('',#12040,1.);
#12060=LINE('',#12030,#12050);
#12070=EDGE_CURVE('',#12000,#10760,#12060,.T.);
#12080=ORIENTED_EDGE('',*,*,#12070,.F.);
#12090=EDGE_LOOP('',(#12080,#12020,#11940,#11850,#11770,#11690,#11610,
#11530,#11440,#11360,#11350));
#12100=FACE_OUTER_BOUND('',#12090,.T.);
#12110=ADVANCED_FACE('',(#12100),#11340,.T.);
#12120=CARTESIAN_POINT('',(1.075,0.999999999999999,0.0786607773540633));
#12130=DIRECTION('',(2.80414647586396E-32,1.,-1.06522863446701E-16));
#12140=DIRECTION('',(-2.28983498828939E-16,-1.06522863446701E-16,-1.));
#12150=AXIS2_PLACEMENT_3D('',#12120,#12130,#12140);
#12160=PLANE('',#12150);
#12170=ORIENTED_EDGE('',*,*,#12070,.T.);
#12180=CARTESIAN_POINT('',(0.925,0.999999999999999,0.0786607773540634));
#12190=DIRECTION('',(1.,-5.24334427359425E-32,-2.28983498828939E-16));
#12200=VECTOR('',#12190,1.);
#12210=LINE('',#12180,#12200);
#12220=CARTESIAN_POINT('',(0.925,0.999999999999999,0.0786607773540638));
#12230=VERTEX_POINT('',#12220);
#12240=EDGE_CURVE('',#12230,#12000,#12210,.T.);
#12250=ORIENTED_EDGE('',*,*,#12240,.T.);
#12260=CARTESIAN_POINT('',(0.925,0.999999999999999,0.0786607773540642));
#12270=DIRECTION('',(2.28983498828939E-16,2.28983498828939E-16,1.));
#12280=VECTOR('',#12270,1.);
#12290=LINE('',#12260,#12280);
#12300=CARTESIAN_POINT('',(0.925,0.999999999999999,0.0799999999999984));
#12310=VERTEX_POINT('',#12300);
#12320=EDGE_CURVE('',#12230,#12310,#12290,.T.);
#12330=ORIENTED_EDGE('',*,*,#12320,.F.);
#12340=CARTESIAN_POINT('',(1.075,0.999999999999999,0.0799999999999983));
#12350=DIRECTION('',(-1.,5.24334427359425E-32,2.28983498828939E-16));
#12360=VECTOR('',#12350,1.);
#12370=LINE('',#12340,#12360);
#12380=EDGE_CURVE('',#10760,#12310,#12370,.T.);
#12390=ORIENTED_EDGE('',*,*,#12380,.T.);
#12400=EDGE_LOOP('',(#12390,#12330,#12250,#12170));
#12410=FACE_OUTER_BOUND('',#12400,.T.);
#12420=ADVANCED_FACE('',(#12410),#12160,.F.);
#12430=CARTESIAN_POINT('',(0.9125,0.999999999999999,0.0799999999999984))
;
#12440=DIRECTION('',(-2.28983498828939E-16,-2.28983498828939E-16,-1.));
#12450=DIRECTION('',(2.08005240798215E-46,-1.,2.28983498828939E-16));
#12460=AXIS2_PLACEMENT_3D('',#12430,#12440,#12450);
#12470=PLANE('',#12460);
#12480=CARTESIAN_POINT('',(1.15,0.999999999999999,0.0799999999999983));
#12490=DIRECTION('',(2.08005240798215E-46,-1.,2.28983498828939E-16));
#12500=VECTOR('',#12490,1.);
#12510=LINE('',#12480,#12500);
#12520=CARTESIAN_POINT('',(1.15,0.919999999999998,0.0799999999999982));
#12530=VERTEX_POINT('',#12520);
#12540=EDGE_CURVE('',#10740,#12530,#12510,.T.);
#12550=ORIENTED_EDGE('',*,*,#12540,.T.);
#12560=ORIENTED_EDGE('',*,*,#10770,.F.);
#12570=ORIENTED_EDGE('',*,*,#12380,.F.);
#12580=CARTESIAN_POINT('',(0.85,0.999999999999999,0.0799999999999984));
#12590=DIRECTION('',(1.,-5.24334427359425E-32,-2.28983498828939E-16));
#12600=VECTOR('',#12590,1.);
#12610=LINE('',#12580,#12600);
#12620=CARTESIAN_POINT('',(0.850000000000009,0.999999999999999,
0.0800000000000068));
#12630=VERTEX_POINT('',#12620);
#12640=EDGE_CURVE('',#12630,#12310,#12610,.T.);
#12650=ORIENTED_EDGE('',*,*,#12640,.T.);
#12660=CARTESIAN_POINT('',(0.850000000000001,1.,0.0799999999999982));
#12670=DIRECTION('',(-5.5511151231255E-15,-1.,2.2898349882894E-16));
#12680=VECTOR('',#12670,1.);
#12690=LINE('',#12660,#12680);
#12700=CARTESIAN_POINT('',(0.85,0.919999999999997,0.0799999999999982));
#12710=VERTEX_POINT('',#12700);
#12720=EDGE_CURVE('',#12630,#12710,#12690,.T.);
#12730=ORIENTED_EDGE('',*,*,#12720,.F.);
#12740=CARTESIAN_POINT('',(0.850000000000001,0.919999999999999,
0.0799999999999985));
#12750=DIRECTION('',(1.,-5.24334427359425E-32,-2.28983498828939E-16));
#12760=VECTOR('',#12750,1.);
#12770=LINE('',#12740,#12760);
#12780=EDGE_CURVE('',#12710,#12530,#12770,.T.);
#12790=ORIENTED_EDGE('',*,*,#12780,.F.);
#12800=EDGE_LOOP('',(#12790,#12730,#12650,#12570,#12560,#12550));
#12810=FACE_OUTER_BOUND('',#12800,.T.);
#12820=ADVANCED_FACE('',(#12810),#12470,.T.);
#12830=CARTESIAN_POINT('',(0.9125,0.919999999999999,0.0799999999999985))
;
#12840=DIRECTION('',(-2.23289333142184E-16,0.221621103588969,
-0.97513285579146));
#12850=DIRECTION('',(-5.07475757141328E-17,-0.97513285579146,
-0.221621103588969));
#12860=AXIS2_PLACEMENT_3D('',#12830,#12840,#12850);
#12870=PLANE('',#12860);
#12880=CARTESIAN_POINT('',(1.15,0.919999999999999,0.0799999999999984));
#12890=DIRECTION('',(0.216371161203961,-0.952033109297413,
-0.216371161203958));
#12900=VECTOR('',#12890,1.);
#12910=LINE('',#12880,#12900);
#12920=CARTESIAN_POINT('',(1.2,0.699999999999999,0.0299999999999985));
#12930=VERTEX_POINT('',#12920);
#12940=EDGE_CURVE('',#12530,#12930,#12910,.T.);
#12950=ORIENTED_EDGE('',*,*,#12940,.T.);
#12960=ORIENTED_EDGE('',*,*,#12780,.T.);
#12970=CARTESIAN_POINT('',(0.8,0.7,0.0299999999999986));
#12980=DIRECTION('',(0.216371161203962,0.952033109297413,
0.216371161203958));
#12990=VECTOR('',#12980,1.);
#13000=LINE('',#12970,#12990);
#13010=CARTESIAN_POINT('',(0.8,0.699999999999998,0.0299999999999986));
#13020=VERTEX_POINT('',#13010);
#13030=EDGE_CURVE('',#13020,#12710,#13000,.T.);
#13040=ORIENTED_EDGE('',*,*,#13030,.T.);
#13050=CARTESIAN_POINT('',(1.2,0.7,0.0299999999999985));
#13060=DIRECTION('',(-1.,5.24334427359425E-32,2.28983498828939E-16));
#13070=VECTOR('',#13060,1.);
#13080=LINE('',#13050,#13070);
#13090=EDGE_CURVE('',#12930,#13020,#13080,.T.);
#13100=ORIENTED_EDGE('',*,*,#13090,.T.);
#13110=EDGE_LOOP('',(#13100,#13040,#12960,#12950));
#13120=FACE_OUTER_BOUND('',#13110,.T.);
#13130=ADVANCED_FACE('',(#13120),#12870,.T.);
#13140=CARTESIAN_POINT('',(-45.8525,0.999999999999999,0.0300000000000091
));
#13150=DIRECTION('',(-2.28983498828939E-16,-1.06522863446701E-16,-1.));
#13160=DIRECTION('',(-2.80414647586396E-32,-1.,1.06522863446701E-16));
#13170=AXIS2_PLACEMENT_3D('',#13140,#13150,#13160);
#13180=PLANE('',#13170);
#13190=CARTESIAN_POINT('',(1.7025,-1.9,0.0299999999999986));
#13200=DIRECTION('',(2.62989054474945E-32,1.,-1.14132841109095E-16));
#13210=VECTOR('',#13200,1.);
#13220=LINE('',#13190,#13210);
#13230=CARTESIAN_POINT('',(1.7025,-1.9,0.0299999999999986));
#13240=VERTEX_POINT('',#13230);
#13250=EDGE_CURVE('',#13240,#10920,#13220,.T.);
#13260=ORIENTED_EDGE('',*,*,#13250,.F.);
#13270=ORIENTED_EDGE('',*,*,#10930,.F.);
#13280=CARTESIAN_POINT('',(1.2,0.7,0.0299999999999985));
#13290=DIRECTION('',(-2.08005240798215E-46,1.,-2.28983498828939E-16));
#13300=VECTOR('',#13290,1.);
#13310=LINE('',#13280,#13300);
#13320=EDGE_CURVE('',#12930,#10840,#13310,.T.);
#13330=ORIENTED_EDGE('',*,*,#13320,.T.);
#13340=ORIENTED_EDGE('',*,*,#13090,.F.);
#13350=CARTESIAN_POINT('',(0.8,0.699999999999997,0.0299999999999985));
#13360=DIRECTION('',(8.47409175530375E-32,1.,1.41090842712776E-16));
#13370=VECTOR('',#13360,1.);
#13380=LINE('',#13350,#13370);
#13390=CARTESIAN_POINT('',(0.800000000000016,0.999999999999999,
0.0299999999999985));
#13400=VERTEX_POINT('',#13390);
#13410=EDGE_CURVE('',#13020,#13400,#13380,.T.);
#13420=ORIENTED_EDGE('',*,*,#13410,.F.);
#13430=CARTESIAN_POINT('',(0.800000000000034,0.999999999999999,
0.0299999999999985));
#13440=DIRECTION('',(-1.,5.24334427359425E-32,2.28983498828939E-16));
#13450=VECTOR('',#13440,1.);
#13460=LINE('',#13430,#13450);
#13470=CARTESIAN_POINT('',(0.7,0.999999999999998,0.0299999999999985));
#13480=VERTEX_POINT('',#13470);
#13490=EDGE_CURVE('',#13400,#13480,#13460,.T.);
#13500=ORIENTED_EDGE('',*,*,#13490,.F.);
#13510=CARTESIAN_POINT('',(0.7,0.999999999999998,0.0299999999999985));
#13520=DIRECTION('',(-8.4740917553038E-32,-1.,-1.41090842712778E-16));
#13530=VECTOR('',#13520,1.);
#13540=LINE('',#13510,#13530);
#13550=CARTESIAN_POINT('',(0.700000000000003,0.7,0.0299999999999986));
#13560=VERTEX_POINT('',#13550);
#13570=EDGE_CURVE('',#13480,#13560,#13540,.T.);
#13580=ORIENTED_EDGE('',*,*,#13570,.F.);
#13590=CARTESIAN_POINT('',(0.299999999999997,0.699999999999999,
0.0299999999999987));
#13600=DIRECTION('',(1.,-5.24334427359425E-32,-2.28983498828939E-16));
#13610=VECTOR('',#13600,1.);
#13620=LINE('',#13590,#13610);
#13630=CARTESIAN_POINT('',(0.3,0.699999999999998,0.0299999999999987));
#13640=VERTEX_POINT('',#13630);
#13650=EDGE_CURVE('',#13640,#13560,#13620,.T.);
#13660=ORIENTED_EDGE('',*,*,#13650,.T.);
#13670=CARTESIAN_POINT('',(0.3,0.699999999999997,0.0299999999999986));
#13680=DIRECTION('',(8.47409175530376E-32,1.,1.41090842712777E-16));
#13690=VECTOR('',#13680,1.);
#13700=LINE('',#13670,#13690);
#13710=CARTESIAN_POINT('',(0.300000000000016,0.999999999999999,
0.0299999999999986));
#13720=VERTEX_POINT('',#13710);
#13730=EDGE_CURVE('',#13640,#13720,#13700,.T.);
#13740=ORIENTED_EDGE('',*,*,#13730,.F.);
#13750=CARTESIAN_POINT('',(0.300000000000034,0.999999999999999,
0.0299999999999986));
#13760=DIRECTION('',(-1.,5.24334427359425E-32,2.28983498828939E-16));
#13770=VECTOR('',#13760,1.);
#13780=LINE('',#13750,#13770);
#13790=CARTESIAN_POINT('',(0.2,0.999999999999998,0.0299999999999986));
#13800=VERTEX_POINT('',#13790);
#13810=EDGE_CURVE('',#13720,#13800,#13780,.T.);
#13820=ORIENTED_EDGE('',*,*,#13810,.F.);
#13830=CARTESIAN_POINT('',(0.2,0.999999999999998,0.0299999999999986));
#13840=DIRECTION('',(-8.4740917553038E-32,-1.,-1.41090842712779E-16));
#13850=VECTOR('',#13840,1.);
#13860=LINE('',#13830,#13850);
#13870=CARTESIAN_POINT('',(0.200000000000003,0.7,0.0299999999999987));
#13880=VERTEX_POINT('',#13870);
#13890=EDGE_CURVE('',#13800,#13880,#13860,.T.);
#13900=ORIENTED_EDGE('',*,*,#13890,.F.);
#13910=CARTESIAN_POINT('',(-0.200000000000003,0.699999999999999,
0.0299999999999988));
#13920=DIRECTION('',(1.,-5.24334427359425E-32,-2.28983498828939E-16));
#13930=VECTOR('',#13920,1.);
#13940=LINE('',#13910,#13930);
#13950=CARTESIAN_POINT('',(-0.2,0.699999999999998,0.0299999999999988));
#13960=VERTEX_POINT('',#13950);
#13970=EDGE_CURVE('',#13960,#13880,#13940,.T.);
#13980=ORIENTED_EDGE('',*,*,#13970,.T.);
#13990=CARTESIAN_POINT('',(-0.2,0.699999999999997,0.0299999999999987));
#14000=DIRECTION('',(8.47409175530375E-32,1.,1.41090842712776E-16));
#14010=VECTOR('',#14000,1.);
#14020=LINE('',#13990,#14010);
#14030=CARTESIAN_POINT('',(-0.199999999999984,0.999999999999999,
0.0299999999999987));
#14040=VERTEX_POINT('',#14030);
#14050=EDGE_CURVE('',#13960,#14040,#14020,.T.);
#14060=ORIENTED_EDGE('',*,*,#14050,.F.);
#14070=CARTESIAN_POINT('',(-0.199999999999965,0.999999999999999,
0.0299999999999987));
#14080=DIRECTION('',(-1.,5.24334427359425E-32,2.28983498828939E-16));
#14090=VECTOR('',#14080,1.);
#14100=LINE('',#14070,#14090);
#14110=CARTESIAN_POINT('',(-0.3,0.999999999999998,0.0299999999999987));
#14120=VERTEX_POINT('',#14110);
#14130=EDGE_CURVE('',#14040,#14120,#14100,.T.);
#14140=ORIENTED_EDGE('',*,*,#14130,.F.);
#14150=CARTESIAN_POINT('',(-0.3,0.999999999999998,0.0299999999999987));
#14160=DIRECTION('',(-8.4740917553038E-32,-1.,-1.41090842712778E-16));
#14170=VECTOR('',#14160,1.);
#14180=LINE('',#14150,#14170);
#14190=CARTESIAN_POINT('',(-0.299999999999997,0.7,0.0299999999999988));
#14200=VERTEX_POINT('',#14190);
#14210=EDGE_CURVE('',#14120,#14200,#14180,.T.);
#14220=ORIENTED_EDGE('',*,*,#14210,.F.);
#14230=CARTESIAN_POINT('',(-0.700000000000003,0.699999999999999,
0.0299999999999989));
#14240=DIRECTION('',(1.,-5.24334427359425E-32,-2.28983498828939E-16));
#14250=VECTOR('',#14240,1.);
#14260=LINE('',#14230,#14250);
#14270=CARTESIAN_POINT('',(-0.7,0.699999999999998,0.0299999999999989));
#14280=VERTEX_POINT('',#14270);
#14290=EDGE_CURVE('',#14280,#14200,#14260,.T.);
#14300=ORIENTED_EDGE('',*,*,#14290,.T.);
#14310=CARTESIAN_POINT('',(-0.7,0.699999999999997,0.0299999999999988));
#14320=DIRECTION('',(8.47409175530376E-32,1.,1.41090842712777E-16));
#14330=VECTOR('',#14320,1.);
#14340=LINE('',#14310,#14330);
#14350=CARTESIAN_POINT('',(-0.699999999999984,0.999999999999999,
0.0299999999999988));
#14360=VERTEX_POINT('',#14350);
#14370=EDGE_CURVE('',#14280,#14360,#14340,.T.);
#14380=ORIENTED_EDGE('',*,*,#14370,.F.);
#14390=CARTESIAN_POINT('',(-0.699999999999965,0.999999999999999,
0.0299999999999988));
#14400=DIRECTION('',(-1.,5.24334427359425E-32,2.28983498828939E-16));
#14410=VECTOR('',#14400,1.);
#14420=LINE('',#14390,#14410);
#14430=CARTESIAN_POINT('',(-0.8,0.999999999999998,0.0299999999999988));
#14440=VERTEX_POINT('',#14430);
#14450=EDGE_CURVE('',#14360,#14440,#14420,.T.);
#14460=ORIENTED_EDGE('',*,*,#14450,.F.);
#14470=CARTESIAN_POINT('',(-0.8,0.999999999999998,0.0299999999999988));
#14480=DIRECTION('',(-8.47409175530383E-32,-1.,-1.4109084271278E-16));
#14490=VECTOR('',#14480,1.);
#14500=LINE('',#14470,#14490);
#14510=CARTESIAN_POINT('',(-0.799999999999997,0.7,0.0299999999999989));
#14520=VERTEX_POINT('',#14510);
#14530=EDGE_CURVE('',#14440,#14520,#14500,.T.);
#14540=ORIENTED_EDGE('',*,*,#14530,.F.);
#14550=CARTESIAN_POINT('',(-1.2,0.699999999999999,0.029999999999999));
#14560=DIRECTION('',(1.,-5.24334427359425E-32,-2.28983498828939E-16));
#14570=VECTOR('',#14560,1.);
#14580=LINE('',#14550,#14570);
#14590=CARTESIAN_POINT('',(-1.2,0.699999999999999,0.0299999999999989));
#14600=VERTEX_POINT('',#14590);
#14610=EDGE_CURVE('',#14600,#14520,#14580,.T.);
#14620=ORIENTED_EDGE('',*,*,#14610,.T.);
#14630=CARTESIAN_POINT('',(-1.2,0.699999999999999,0.0299999999999989));
#14640=DIRECTION('',(8.47409175530387E-32,1.,1.41090842712781E-16));
#14650=VECTOR('',#14640,1.);
#14660=LINE('',#14630,#14650);
#14670=EDGE_CURVE('',#14600,#5670,#14660,.T.);
#14680=ORIENTED_EDGE('',*,*,#14670,.F.);
#14690=ORIENTED_EDGE('',*,*,#5680,.T.);
#14700=CARTESIAN_POINT('',(-1.7025,-1.9,0.0299999999999994));
#14710=DIRECTION('',(2.62989054474945E-32,1.,-1.14132841109095E-16));
#14720=VECTOR('',#14710,1.);
#14730=LINE('',#14700,#14720);
#14740=CARTESIAN_POINT('',(-1.7025,-1.9,0.0299999999999991));
#14750=VERTEX_POINT('',#14740);
#14760=EDGE_CURVE('',#14750,#5590,#14730,.T.);
#14770=ORIENTED_EDGE('',*,*,#14760,.T.);
#14780=CARTESIAN_POINT('',(-1.7025,-1.9,0.0299999999999987));
#14790=DIRECTION('',(1.,-5.24334427359425E-32,-2.28983498828939E-16));
#14800=VECTOR('',#14790,1.);
#14810=LINE('',#14780,#14800);
#14820=EDGE_CURVE('',#14750,#13240,#14810,.T.);
#14830=ORIENTED_EDGE('',*,*,#14820,.F.);
#14840=EDGE_LOOP('',(#14830,#14770,#14690,#14680,#14620,#14540,#14460,
#14380,#14300,#14220,#14140,#14060,#13980,#13900,#13820,#13740,#13660,
#13580,#13500,#13420,#13340,#13330,#13270,#13260));
#14850=FACE_OUTER_BOUND('',#14840,.T.);
#14860=ADVANCED_FACE('',(#14850),#13180,.T.);
#14870=CARTESIAN_POINT('',(-24.635,-1.9,1.05));
#14880=DIRECTION('',(2.08005240798215E-46,-1.,2.28983498828939E-16));
#14890=DIRECTION('',(-1.,5.24334427359425E-32,2.28983498828939E-16));
#14900=AXIS2_PLACEMENT_3D('',#14870,#14880,#14890);
#14910=PLANE('',#14900);
#14920=CARTESIAN_POINT('',(1.635,-1.9,0.999999999999999));
#14930=DIRECTION('',(-2.28983498828939E-16,-2.28983498828939E-16,-1.));
#14940=VECTOR('',#14930,1.);
#14950=LINE('',#14920,#14940);
#14960=CARTESIAN_POINT('',(1.635,-1.9,0.100000000000002));
#14970=VERTEX_POINT('',#14960);
#14980=EDGE_CURVE('',#1170,#14970,#14950,.T.);
#14990=ORIENTED_EDGE('',*,*,#14980,.T.);
#15000=ORIENTED_EDGE('',*,*,#1180,.T.);
#15010=CARTESIAN_POINT('',(1.7025,-1.9,0.999999999999999));
#15020=DIRECTION('',(-2.28983498828939E-16,-2.28983498828939E-16,-1.));
#15030=VECTOR('',#15020,1.);
#15040=LINE('',#15010,#15030);
#15050=CARTESIAN_POINT('',(1.7025,-1.9,0.13));
#15060=VERTEX_POINT('',#15050);
#15070=EDGE_CURVE('',#1090,#15060,#15040,.T.);
#15080=ORIENTED_EDGE('',*,*,#15070,.F.);
#15090=CARTESIAN_POINT('',(1.7025,-1.9,0.129999999999999));
#15100=DIRECTION('',(-2.28983498828939E-16,-2.28983498828939E-16,-1.));
#15110=VECTOR('',#15100,1.);
#15120=LINE('',#15090,#15110);
#15130=EDGE_CURVE('',#15060,#13240,#15120,.T.);
#15140=ORIENTED_EDGE('',*,*,#15130,.F.);
#15150=ORIENTED_EDGE('',*,*,#14820,.T.);
#15160=CARTESIAN_POINT('',(-1.7025,-1.9,0.130000000000005));
#15170=DIRECTION('',(-2.28983498828939E-16,-2.28983498828939E-16,-1.));
#15180=VECTOR('',#15170,1.);
#15190=LINE('',#15160,#15180);
#15200=CARTESIAN_POINT('',(-1.7025,-1.9,0.130000000000002));
#15210=VERTEX_POINT('',#15200);
#15220=EDGE_CURVE('',#15210,#14750,#15190,.T.);
#15230=ORIENTED_EDGE('',*,*,#15220,.T.);
#15240=CARTESIAN_POINT('',(-1.7025,-1.9,1.));
#15250=DIRECTION('',(-2.28983498828939E-16,-2.28983498828939E-16,-1.));
#15260=VECTOR('',#15250,1.);
#15270=LINE('',#15240,#15260);
#15280=EDGE_CURVE('',#1490,#15210,#15270,.T.);
#15290=ORIENTED_EDGE('',*,*,#15280,.T.);
#15300=ORIENTED_EDGE('',*,*,#1500,.F.);
#15310=CARTESIAN_POINT('',(-1.635,-1.9,1.));
#15320=DIRECTION('',(-2.28983498828939E-16,-2.28983498828939E-16,-1.));
#15330=VECTOR('',#15320,1.);
#15340=LINE('',#15310,#15330);
#15350=CARTESIAN_POINT('',(-1.635,-1.9,0.0999999999999992));
#15360=VERTEX_POINT('',#15350);
#15370=EDGE_CURVE('',#1410,#15360,#15340,.T.);
#15380=ORIENTED_EDGE('',*,*,#15370,.F.);
#15390=CARTESIAN_POINT('',(1.635,-1.9,0.0999999999999989));
#15400=DIRECTION('',(-1.,5.24334427359425E-32,2.28983498828939E-16));
#15410=VECTOR('',#15400,1.);
#15420=LINE('',#15390,#15410);
#15430=EDGE_CURVE('',#14970,#15360,#15420,.T.);
#15440=ORIENTED_EDGE('',*,*,#15430,.T.);
#15450=EDGE_LOOP('',(#15440,#15380,#15300,#15290,#15230,#15150,#15140,
#15080,#15000,#14990));
#15460=FACE_OUTER_BOUND('',#15450,.T.);
#15470=ADVANCED_FACE('',(#15460),#14910,.T.);
#15480=CARTESIAN_POINT('',(5.515,-1.63,0.299999999999997));
#15490=DIRECTION('',(-1.84001337641242E-16,0.595227550625737,
-0.803557193344746));
#15500=DIRECTION('',(1.36297287141661E-16,0.803557193344746,
0.595227550625737));
#15510=AXIS2_PLACEMENT_3D('',#15480,#15490,#15500);
#15520=PLANE('',#15510);
#15530=CARTESIAN_POINT('',(-1.515,-1.78,0.188888888888889));
#15540=DIRECTION('',(-0.626384365641348,-0.626384365641348,
-0.46398841899359));
#15550=VECTOR('',#15540,1.);
#15560=LINE('',#15530,#15550);
#15570=CARTESIAN_POINT('',(-1.515,-1.78,0.188888888888889));
#15580=VERTEX_POINT('',#15570);
#15590=EDGE_CURVE('',#15580,#15360,#15560,.T.);
#15600=ORIENTED_EDGE('',*,*,#15590,.T.);
#15610=CARTESIAN_POINT('',(-1.515,-1.78,0.18888888888889));
#15620=DIRECTION('',(1.36297287141661E-16,0.803557193344746,
0.595227550625737));
#15630=VECTOR('',#15620,1.);
#15640=LINE('',#15610,#15630);
#15650=CARTESIAN_POINT('',(-1.515,-1.63,0.3));
#15660=VERTEX_POINT('',#15650);
#15670=EDGE_CURVE('',#15580,#15660,#15640,.T.);
#15680=ORIENTED_EDGE('',*,*,#15670,.F.);
#15690=CARTESIAN_POINT('',(-1.515,-1.63,0.3));
#15700=DIRECTION('',(1.,-5.24334427359425E-32,-2.28983498828939E-16));
#15710=VECTOR('',#15700,1.);
#15720=LINE('',#15690,#15710);
#15730=CARTESIAN_POINT('',(1.515,-1.63,0.299999999999999));
#15740=VERTEX_POINT('',#15730);
#15750=EDGE_CURVE('',#15660,#15740,#15720,.T.);
#15760=ORIENTED_EDGE('',*,*,#15750,.F.);
#15770=CARTESIAN_POINT('',(1.515,-1.63,0.299999999999998));
#15780=DIRECTION('',(-1.36297287141661E-16,-0.803557193344747,
-0.595227550625736));
#15790=VECTOR('',#15780,1.);
#15800=LINE('',#15770,#15790);
#15810=CARTESIAN_POINT('',(1.515,-1.78,0.188888888888891));
#15820=VERTEX_POINT('',#15810);
#15830=EDGE_CURVE('',#15740,#15820,#15800,.T.);
#15840=ORIENTED_EDGE('',*,*,#15830,.F.);
#15850=CARTESIAN_POINT('',(1.63500000000001,-1.9,0.0999999999999984));
#15860=DIRECTION('',(-0.626384365641347,0.626384365641349,
0.463988418993591));
#15870=VECTOR('',#15860,1.);
#15880=LINE('',#15850,#15870);
#15890=EDGE_CURVE('',#14970,#15820,#15880,.T.);
#15900=ORIENTED_EDGE('',*,*,#15890,.T.);
#15910=ORIENTED_EDGE('',*,*,#15430,.F.);
#15920=EDGE_LOOP('',(#15910,#15900,#15840,#15760,#15680,#15600));
#15930=FACE_OUTER_BOUND('',#15920,.T.);
#15940=ADVANCED_FACE('',(#15930),#15520,.F.);
#15950=CARTESIAN_POINT('',(-1.585,-1.85,0.575));
#15960=DIRECTION('',(-0.707106781186549,0.707106781186546,
6.90253292068385E-31));
#15970=DIRECTION('',(-0.707106781186546,-0.707106781186549,
3.23831569603529E-16));
#15980=AXIS2_PLACEMENT_3D('',#15950,#15960,#15970);
#15990=PLANE('',#15980);
#16000=CARTESIAN_POINT('',(-1.515,-1.78,0.893333333333333));
#16010=DIRECTION('',(-2.28983498828939E-16,-2.28983498828939E-16,-1.));
#16020=VECTOR('',#16010,1.);
#16030=LINE('',#16000,#16020);
#16040=CARTESIAN_POINT('',(-1.515,-1.78,0.893333333333333));
#16050=VERTEX_POINT('',#16040);
#16060=EDGE_CURVE('',#16050,#15580,#16030,.T.);
#16070=ORIENTED_EDGE('',*,*,#16060,.F.);
#16080=ORIENTED_EDGE('',*,*,#15590,.F.);
#16090=ORIENTED_EDGE('',*,*,#15370,.T.);
#16100=ORIENTED_EDGE('',*,*,#1420,.F.);
#16110=CARTESIAN_POINT('',(-1.535,-1.8,1.));
#16120=DIRECTION('',(-2.28983498828939E-16,-2.28983498828939E-16,-1.));
#16130=VECTOR('',#16120,1.);
#16140=LINE('',#16110,#16130);
#16150=CARTESIAN_POINT('',(-1.535,-1.8,0.919999999999999));
#16160=VERTEX_POINT('',#16150);
#16170=EDGE_CURVE('',#1330,#16160,#16140,.T.);
#16180=ORIENTED_EDGE('',*,*,#16170,.F.);
#16190=CARTESIAN_POINT('',(-1.515,-1.78,0.893333333333333));
#16200=DIRECTION('',(-0.514495755427525,-0.514495755427525,
0.685994340570037));
#16210=VECTOR('',#16200,1.);
#16220=LINE('',#16190,#16210);
#16230=EDGE_CURVE('',#16050,#16160,#16220,.T.);
#16240=ORIENTED_EDGE('',*,*,#16230,.T.);
#16250=EDGE_LOOP('',(#16240,#16180,#16100,#16090,#16080,#16070));
#16260=FACE_OUTER_BOUND('',#16250,.T.);
#16270=ADVANCED_FACE('',(#16260),#15990,.F.);
#16280=CARTESIAN_POINT('',(5.535,-1.65,0.719999999999997));
#16290=DIRECTION('',(1.37390099297363E-16,0.8,0.6));
#16300=DIRECTION('',(1.83186799063151E-16,-0.6,0.8));
#16310=AXIS2_PLACEMENT_3D('',#16280,#16290,#16300);
#16320=PLANE('',#16310);
#16330=CARTESIAN_POINT('',(1.515,-1.78,0.893333333333333));
#16340=DIRECTION('',(-1.83186799063151E-16,0.599999999999999,
-0.800000000000001));
#16350=VECTOR('',#16340,1.);
#16360=LINE('',#16330,#16350);
#16370=CARTESIAN_POINT('',(1.515,-1.78,0.893333333333332));
#16380=VERTEX_POINT('',#16370);
#16390=CARTESIAN_POINT('',(1.515,-1.65,0.719999999999999));
#16400=VERTEX_POINT('',#16390);
#16410=EDGE_CURVE('',#16380,#16400,#16360,.T.);
#16420=ORIENTED_EDGE('',*,*,#16410,.F.);
#16430=CARTESIAN_POINT('',(1.515,-1.65,0.719999999999999));
#16440=DIRECTION('',(-1.,5.24334427359425E-32,2.28983498828939E-16));
#16450=VECTOR('',#16440,1.);
#16460=LINE('',#16430,#16450);
#16470=CARTESIAN_POINT('',(-1.515,-1.65,0.719999999999999));
#16480=VERTEX_POINT('',#16470);
#16490=EDGE_CURVE('',#16400,#16480,#16460,.T.);
#16500=ORIENTED_EDGE('',*,*,#16490,.F.);
#16510=CARTESIAN_POINT('',(-1.515,-1.65,0.72));
#16520=DIRECTION('',(1.83186799063151E-16,-0.599999999999999,0.8));
#16530=VECTOR('',#16520,1.);
#16540=LINE('',#16510,#16530);
#16550=EDGE_CURVE('',#16480,#16050,#16540,.T.);
#16560=ORIENTED_EDGE('',*,*,#16550,.F.);
#16570=ORIENTED_EDGE('',*,*,#16230,.F.);
#16580=CARTESIAN_POINT('',(-1.535,-1.8,0.919999999999999));
#16590=DIRECTION('',(1.,-5.24334427359425E-32,-2.28983498828939E-16));
#16600=VECTOR('',#16590,1.);
#16610=LINE('',#16580,#16600);
#16620=CARTESIAN_POINT('',(1.535,-1.8,0.919999999999999));
#16630=VERTEX_POINT('',#16620);
#16640=EDGE_CURVE('',#16160,#16630,#16610,.T.);
#16650=ORIENTED_EDGE('',*,*,#16640,.F.);
#16660=CARTESIAN_POINT('',(1.515,-1.78,0.893333333333331));
#16670=DIRECTION('',(0.514495755427534,-0.514495755427523,
0.685994340570032));
#16680=VECTOR('',#16670,1.);
#16690=LINE('',#16660,#16680);
#16700=EDGE_CURVE('',#16380,#16630,#16690,.T.);
#16710=ORIENTED_EDGE('',*,*,#16700,.T.);
#16720=EDGE_LOOP('',(#16710,#16650,#16570,#16560,#16500,#16420));
#16730=FACE_OUTER_BOUND('',#16720,.T.);
#16740=ADVANCED_FACE('',(#16730),#16320,.F.);
#16750=CARTESIAN_POINT('',(1.585,-1.85,0.574999999999999));
#16760=DIRECTION('',(-0.707106781186549,-0.707106781186546,
3.23831569603529E-16));
#16770=DIRECTION('',(0.707106781186546,-0.707106781186549,
6.90253292068385E-31));
#16780=AXIS2_PLACEMENT_3D('',#16750,#16760,#16770);
#16790=PLANE('',#16780);
#16800=CARTESIAN_POINT('',(1.535,-1.8,0.999999999999999));
#16810=DIRECTION('',(-2.28983498828939E-16,-2.28983498828939E-16,-1.));
#16820=VECTOR('',#16810,1.);
#16830=LINE('',#16800,#16820);
#16840=EDGE_CURVE('',#1250,#16630,#16830,.T.);
#16850=ORIENTED_EDGE('',*,*,#16840,.T.);
#16860=ORIENTED_EDGE('',*,*,#1260,.F.);
#16870=ORIENTED_EDGE('',*,*,#14980,.F.);
#16880=ORIENTED_EDGE('',*,*,#15890,.F.);
#16890=CARTESIAN_POINT('',(1.515,-1.78,0.188888888888889));
#16900=DIRECTION('',(2.28983498828939E-16,2.28983498828939E-16,1.));
#16910=VECTOR('',#16900,1.);
#16920=LINE('',#16890,#16910);
#16930=EDGE_CURVE('',#15820,#16380,#16920,.T.);
#16940=ORIENTED_EDGE('',*,*,#16930,.F.);
#16950=ORIENTED_EDGE('',*,*,#16700,.F.);
#16960=EDGE_LOOP('',(#16950,#16940,#16880,#16870,#16860,#16850));
#16970=FACE_OUTER_BOUND('',#16960,.T.);
#16980=ADVANCED_FACE('',(#16970),#16790,.T.);
#16990=CARTESIAN_POINT('',(20.035,-1.8,0.919999999999994));
#17000=DIRECTION('',(2.80414647586396E-32,1.,-1.06522863446701E-16));
#17010=DIRECTION('',(2.28983498828939E-16,1.06522863446701E-16,1.));
#17020=AXIS2_PLACEMENT_3D('',#16990,#17000,#17010);
#17030=PLANE('',#17020);
#17040=ORIENTED_EDGE('',*,*,#16640,.T.);
#17050=ORIENTED_EDGE('',*,*,#16170,.T.);
#17060=ORIENTED_EDGE('',*,*,#1340,.T.);
#17070=ORIENTED_EDGE('',*,*,#16840,.F.);
#17080=EDGE_LOOP('',(#17070,#17060,#17050,#17040));
#17090=FACE_OUTER_BOUND('',#17080,.T.);
#17100=ADVANCED_FACE('',(#17090),#17030,.F.);
#17110=CARTESIAN_POINT('',(1.515,-1.8,1.05));
#17120=DIRECTION('',(-1.,5.24334427359425E-32,2.28983498828939E-16));
#17130=DIRECTION('',(-2.08005240798215E-46,1.,-2.28983498828939E-16));
#17140=AXIS2_PLACEMENT_3D('',#17110,#17120,#17130);
#17150=PLANE('',#17140);
#17160=ORIENTED_EDGE('',*,*,#16930,.T.);
#17170=ORIENTED_EDGE('',*,*,#15830,.T.);
#17180=CARTESIAN_POINT('',(1.515,-1.20000000000001,0.299999999999998));
#17190=DIRECTION('',(2.08005240798215E-46,-1.,2.28983498828939E-16));
#17200=VECTOR('',#17190,1.);
#17210=LINE('',#17180,#17200);
#17220=CARTESIAN_POINT('',(1.515,-1.2,0.299999999999999));
#17230=VERTEX_POINT('',#17220);
#17240=EDGE_CURVE('',#17230,#15740,#17210,.T.);
#17250=ORIENTED_EDGE('',*,*,#17240,.T.);
#17260=CARTESIAN_POINT('',(1.515,-0.7,0.329999999999999));
#17270=DIRECTION('',(-1.37143462837653E-17,-0.998204845465779,
-0.0598922907279466));
#17280=VECTOR('',#17270,1.);
#17290=LINE('',#17260,#17280);
#17300=CARTESIAN_POINT('',(1.515,-0.700000000000002,0.329999999999999));
#17310=VERTEX_POINT('',#17300);
#17320=EDGE_CURVE('',#17310,#17230,#17290,.T.);
#17330=ORIENTED_EDGE('',*,*,#17320,.T.);
#17340=CARTESIAN_POINT('',(1.515,-0.700000000000002,0.329999999999999));
#17350=DIRECTION('',(-2.08005240798215E-46,1.,-2.28983498828939E-16));
#17360=VECTOR('',#17350,1.);
#17370=LINE('',#17340,#17360);
#17380=CARTESIAN_POINT('',(1.515,-0.600000000000002,0.329999999999999));
#17390=VERTEX_POINT('',#17380);
#17400=EDGE_CURVE('',#17310,#17390,#17370,.T.);
#17410=ORIENTED_EDGE('',*,*,#17400,.F.);
#17420=CARTESIAN_POINT('',(1.515,-0.600000000000002,0.329999999999999));
#17430=DIRECTION('',(2.28983498828939E-16,2.28983498828939E-16,1.));
#17440=VECTOR('',#17430,1.);
#17450=LINE('',#17420,#17440);
#17460=CARTESIAN_POINT('',(1.515,-0.600000000000002,0.689999999999999));
#17470=VERTEX_POINT('',#17460);
#17480=EDGE_CURVE('',#17390,#17470,#17450,.T.);
#17490=ORIENTED_EDGE('',*,*,#17480,.F.);
#17500=CARTESIAN_POINT('',(1.515,-0.600000000000002,0.689999999999999));
#17510=DIRECTION('',(-6.35556881647788E-32,-1.,-4.85722573273505E-17));
#17520=VECTOR('',#17510,1.);
#17530=LINE('',#17500,#17520);
#17540=CARTESIAN_POINT('',(1.515,-0.700000000000001,0.689999999999999));
#17550=VERTEX_POINT('',#17540);
#17560=EDGE_CURVE('',#17470,#17550,#17530,.T.);
#17570=ORIENTED_EDGE('',*,*,#17560,.F.);
#17580=CARTESIAN_POINT('',(1.515,-1.1,0.719999999999999));
#17590=DIRECTION('',(-1.71256640256046E-17,0.997199309888456,
-0.0747899482416343));
#17600=VECTOR('',#17590,1.);
#17610=LINE('',#17580,#17600);
#17620=CARTESIAN_POINT('',(1.515,-1.1,0.719999999999999));
#17630=VERTEX_POINT('',#17620);
#17640=EDGE_CURVE('',#17630,#17550,#17610,.T.);
#17650=ORIENTED_EDGE('',*,*,#17640,.T.);
#17660=CARTESIAN_POINT('',(1.515,-1.1,0.719999999999999));
#17670=DIRECTION('',(-2.88889491658084E-32,-1.,1.02821791485171E-16));
#17680=VECTOR('',#17670,1.);
#17690=LINE('',#17660,#17680);
#17700=EDGE_CURVE('',#17630,#16400,#17690,.T.);
#17710=ORIENTED_EDGE('',*,*,#17700,.F.);
#17720=ORIENTED_EDGE('',*,*,#16410,.T.);
#17730=EDGE_LOOP('',(#17720,#17710,#17650,#17570,#17490,#17410,#17330,
#17250,#17170,#17160));
#17740=FACE_OUTER_BOUND('',#17730,.T.);
#17750=ADVANCED_FACE('',(#17740),#17150,.T.);
#17760=COLOUR_RGB('',1.,0.,1.);
#17770=FILL_AREA_STYLE_COLOUR('',#17760);
#17780=FILL_AREA_STYLE('',(#17770));
#17790=SURFACE_STYLE_FILL_AREA(#17780);
#17800=SURFACE_SIDE_STYLE('',(#17790));
#17810=SURFACE_STYLE_USAGE(.BOTH.,#17800);
#17820=PRESENTATION_STYLE_ASSIGNMENT((#17810));
#17830=CARTESIAN_POINT('',(7.5875,-0.0700000000000011,0.299999999999997)
);
#17840=DIRECTION('',(-2.28983498828939E-16,-2.28983498828939E-16,-1.));
#17850=DIRECTION('',(2.08005240798215E-46,-1.,2.28983498828939E-16));
#17860=AXIS2_PLACEMENT_3D('',#17830,#17840,#17850);
#17870=PLANE('',#17860);
#17880=CARTESIAN_POINT('',(-1.515,-1.2,0.299999999999999));
#17890=DIRECTION('',(2.08005240798215E-46,-1.,2.28983498828939E-16));
#17900=VECTOR('',#17890,1.);
#17910=LINE('',#17880,#17900);
#17920=CARTESIAN_POINT('',(-1.515,-1.2,0.299999999999999));
#17930=VERTEX_POINT('',#17920);
#17940=EDGE_CURVE('',#17930,#15660,#17910,.T.);
#17950=ORIENTED_EDGE('',*,*,#17940,.T.);
#17960=CARTESIAN_POINT('',(-1.515,-1.2,0.299999999999999));
#17970=DIRECTION('',(1.,-5.24334427359425E-32,-2.28983498828939E-16));
#17980=VECTOR('',#17970,1.);
#17990=LINE('',#17960,#17980);
#18000=EDGE_CURVE('',#17930,#17230,#17990,.T.);
#18010=ORIENTED_EDGE('',*,*,#18000,.F.);
#18020=ORIENTED_EDGE('',*,*,#17240,.F.);
#18030=ORIENTED_EDGE('',*,*,#15750,.T.);
#18040=EDGE_LOOP('',(#18030,#18020,#18010,#17950));
#18050=FACE_OUTER_BOUND('',#18040,.T.);
#18060=ADVANCED_FACE('',(#18050),#17870,.F.);
#18070=CARTESIAN_POINT('',(-1.515,-1.8,1.05));
#18080=DIRECTION('',(-1.,5.24334427359425E-32,2.28983498828939E-16));
#18090=DIRECTION('',(-2.08005240798215E-46,1.,-2.28983498828939E-16));
#18100=AXIS2_PLACEMENT_3D('',#18070,#18080,#18090);
#18110=PLANE('',#18100);
#18120=ORIENTED_EDGE('',*,*,#16550,.T.);
#18130=CARTESIAN_POINT('',(-1.515,-1.65,0.72));
#18140=DIRECTION('',(2.88889491658084E-32,1.,-1.02821791485171E-16));
#18150=VECTOR('',#18140,1.);
#18160=LINE('',#18130,#18150);
#18170=CARTESIAN_POINT('',(-1.515,-1.1,0.719999999999999));
#18180=VERTEX_POINT('',#18170);
#18190=EDGE_CURVE('',#16480,#18180,#18160,.T.);
#18200=ORIENTED_EDGE('',*,*,#18190,.F.);
#18210=CARTESIAN_POINT('',(-1.515,-0.7,0.689999999999999));
#18220=DIRECTION('',(1.71256640256046E-17,-0.997199309888456,
0.0747899482416343));
#18230=VECTOR('',#18220,1.);
#18240=LINE('',#18210,#18230);
#18250=CARTESIAN_POINT('',(-1.515,-0.700000000000002,0.689999999999999))
;
#18260=VERTEX_POINT('',#18250);
#18270=EDGE_CURVE('',#18260,#18180,#18240,.T.);
#18280=ORIENTED_EDGE('',*,*,#18270,.T.);
#18290=CARTESIAN_POINT('',(-1.515,-0.600000000000002,0.689999999999999))
;
#18300=DIRECTION('',(2.08005240798215E-46,-1.,2.28983498828939E-16));
#18310=VECTOR('',#18300,1.);
#18320=LINE('',#18290,#18310);
#18330=CARTESIAN_POINT('',(-1.515,-0.600000000000002,0.689999999999999))
;
#18340=VERTEX_POINT('',#18330);
#18350=EDGE_CURVE('',#18340,#18260,#18320,.T.);
#18360=ORIENTED_EDGE('',*,*,#18350,.T.);
#18370=CARTESIAN_POINT('',(-1.515,-0.600000000000002,0.329999999999999))
;
#18380=DIRECTION('',(2.28983498828939E-16,2.28983498828939E-16,1.));
#18390=VECTOR('',#18380,1.);
#18400=LINE('',#18370,#18390);
#18410=CARTESIAN_POINT('',(-1.515,-0.600000000000002,0.329999999999999))
;
#18420=VERTEX_POINT('',#18410);
#18430=EDGE_CURVE('',#18420,#18340,#18400,.T.);
#18440=ORIENTED_EDGE('',*,*,#18430,.T.);
#18450=CARTESIAN_POINT('',(-1.515,-0.7,0.329999999999999));
#18460=DIRECTION('',(-2.08005240798215E-46,1.,-2.28983498828939E-16));
#18470=VECTOR('',#18460,1.);
#18480=LINE('',#18450,#18470);
#18490=CARTESIAN_POINT('',(-1.515,-0.700000000000001,0.329999999999999))
;
#18500=VERTEX_POINT('',#18490);
#18510=EDGE_CURVE('',#18500,#18420,#18480,.T.);
#18520=ORIENTED_EDGE('',*,*,#18510,.T.);
#18530=CARTESIAN_POINT('',(-1.515,-1.20000000000001,0.299999999999999));
#18540=DIRECTION('',(1.37143462837653E-17,0.998204845465779,
0.0598922907279466));
#18550=VECTOR('',#18540,1.);
#18560=LINE('',#18530,#18550);
#18570=EDGE_CURVE('',#17930,#18500,#18560,.T.);
#18580=ORIENTED_EDGE('',*,*,#18570,.T.);
#18590=ORIENTED_EDGE('',*,*,#17940,.F.);
#18600=ORIENTED_EDGE('',*,*,#15670,.T.);
#18610=ORIENTED_EDGE('',*,*,#16060,.T.);
#18620=EDGE_LOOP('',(#18610,#18600,#18590,#18580,#18520,#18440,#18360,
#18280,#18200,#18120));
#18630=FACE_OUTER_BOUND('',#18620,.T.);
#18640=ADVANCED_FACE('',(#18630),#18110,.F.);
#18650=COLOUR_RGB('',1.,0.,1.);
#18660=FILL_AREA_STYLE_COLOUR('',#18650);
#18670=FILL_AREA_STYLE('',(#18660));
#18680=SURFACE_STYLE_FILL_AREA(#18670);
#18690=SURFACE_SIDE_STYLE('',(#18680));
#18700=SURFACE_STYLE_USAGE(.BOTH.,#18690);
#18710=PRESENTATION_STYLE_ASSIGNMENT((#18700));
#18720=CARTESIAN_POINT('',(-8.535,-1.2,0.720000000000001));
#18730=DIRECTION('',(-2.28983498828939E-16,-1.06522863446701E-16,-1.));
#18740=DIRECTION('',(-2.80414647586396E-32,-1.,1.06522863446701E-16));
#18750=AXIS2_PLACEMENT_3D('',#18720,#18730,#18740);
#18760=PLANE('',#18750);
#18770=ORIENTED_EDGE('',*,*,#17700,.T.);
#18780=CARTESIAN_POINT('',(-1.515,-1.1,0.72));
#18790=DIRECTION('',(1.,-5.24334427359425E-32,-2.28983498828939E-16));
#18800=VECTOR('',#18790,1.);
#18810=LINE('',#18780,#18800);
#18820=EDGE_CURVE('',#18180,#17630,#18810,.T.);
#18830=ORIENTED_EDGE('',*,*,#18820,.T.);
#18840=ORIENTED_EDGE('',*,*,#18190,.T.);
#18850=ORIENTED_EDGE('',*,*,#16490,.T.);
#18860=EDGE_LOOP('',(#18850,#18840,#18830,#18770));
#18870=FACE_OUTER_BOUND('',#18860,.T.);
#18880=ADVANCED_FACE('',(#18870),#18760,.T.);
#18890=CARTESIAN_POINT('',(8.515,-0.700000000000002,0.689999999999997));
#18900=DIRECTION('',(2.28342187008062E-16,0.0747899482416343,
0.997199309888456));
#18910=DIRECTION('',(1.71256640256046E-17,-0.997199309888456,
0.0747899482416343));
#18920=AXIS2_PLACEMENT_3D('',#18890,#18900,#18910);
#18930=PLANE('',#18920);
#18940=ORIENTED_EDGE('',*,*,#18270,.F.);
#18950=ORIENTED_EDGE('',*,*,#18820,.F.);
#18960=ORIENTED_EDGE('',*,*,#17640,.F.);
#18970=CARTESIAN_POINT('',(-1.515,-0.700000000000002,0.689999999999999))
;
#18980=DIRECTION('',(1.,-5.24334427359425E-32,-2.28983498828939E-16));
#18990=VECTOR('',#18980,1.);
#19000=LINE('',#18970,#18990);
#19010=EDGE_CURVE('',#18260,#17550,#19000,.T.);
#19020=ORIENTED_EDGE('',*,*,#19010,.T.);
#19030=EDGE_LOOP('',(#19020,#18960,#18950,#18940));
#19040=FACE_OUTER_BOUND('',#19030,.T.);
#19050=ADVANCED_FACE('',(#19040),#18930,.F.);
#19060=CARTESIAN_POINT('',(-5.535,-0.600000000000002,0.69));
#19070=DIRECTION('',(-2.28983498828939E-16,-6.4889500023258E-17,-1.));
#19080=DIRECTION('',(-3.75748179833564E-32,-1.,6.4889500023258E-17));
#19090=AXIS2_PLACEMENT_3D('',#19060,#19070,#19080);
#19100=PLANE('',#19090);
#19110=ORIENTED_EDGE('',*,*,#18350,.F.);
#19120=ORIENTED_EDGE('',*,*,#19010,.F.);
#19130=ORIENTED_EDGE('',*,*,#17560,.T.);
#19140=CARTESIAN_POINT('',(-1.515,-0.600000000000002,0.689999999999999))
;
#19150=DIRECTION('',(1.,-5.24334427359425E-32,-2.28983498828939E-16));
#19160=VECTOR('',#19150,1.);
#19170=LINE('',#19140,#19160);
#19180=EDGE_CURVE('',#18340,#17470,#19170,.T.);
#19190=ORIENTED_EDGE('',*,*,#19180,.T.);
#19200=EDGE_LOOP('',(#19190,#19130,#19120,#19110));
#19210=FACE_OUTER_BOUND('',#19200,.T.);
#19220=ADVANCED_FACE('',(#19210),#19100,.T.);
#19230=CARTESIAN_POINT('',(-17.3707195148812,-0.600000000000002,
0.487455497580433));
#19240=DIRECTION('',(-2.80414647586396E-32,-1.,1.06522863446701E-16));
#19250=DIRECTION('',(-2.28983498828939E-16,-1.06522863446701E-16,-1.));
#19260=AXIS2_PLACEMENT_3D('',#19230,#19240,#19250);
#19270=PLANE('',#19260);
#19280=ORIENTED_EDGE('',*,*,#18430,.F.);
#19290=ORIENTED_EDGE('',*,*,#19180,.F.);
#19300=ORIENTED_EDGE('',*,*,#17480,.T.);
#19310=CARTESIAN_POINT('',(-1.515,-0.600000000000002,0.329999999999999))
;
#19320=DIRECTION('',(1.,-5.24334427359425E-32,-2.28983498828939E-16));
#19330=VECTOR('',#19320,1.);
#19340=LINE('',#19310,#19330);
#19350=EDGE_CURVE('',#18420,#17390,#19340,.T.);
#19360=ORIENTED_EDGE('',*,*,#19350,.T.);
#19370=EDGE_LOOP('',(#19360,#19300,#19290,#19280));
#19380=FACE_OUTER_BOUND('',#19370,.T.);
#19390=ADVANCED_FACE('',(#19380),#19270,.T.);
#19400=CARTESIAN_POINT('',(8.335,-0.600000000000002,0.329999999999997));
#19410=DIRECTION('',(-2.28983498828939E-16,-1.06522863446701E-16,-1.));
#19420=DIRECTION('',(-1.,5.24334427359425E-32,2.28983498828939E-16));
#19430=AXIS2_PLACEMENT_3D('',#19400,#19410,#19420);
#19440=PLANE('',#19430);
#19450=ORIENTED_EDGE('',*,*,#18510,.F.);
#19460=ORIENTED_EDGE('',*,*,#19350,.F.);
#19470=ORIENTED_EDGE('',*,*,#17400,.T.);
#19480=CARTESIAN_POINT('',(-1.515,-0.700000000000002,0.329999999999999))
;
#19490=DIRECTION('',(1.,-5.24334427359425E-32,-2.28983498828939E-16));
#19500=VECTOR('',#19490,1.);
#19510=LINE('',#19480,#19500);
#19520=EDGE_CURVE('',#18500,#17310,#19510,.T.);
#19530=ORIENTED_EDGE('',*,*,#19520,.T.);
#19540=EDGE_LOOP('',(#19530,#19470,#19460,#19450));
#19550=FACE_OUTER_BOUND('',#19540,.T.);
#19560=ADVANCED_FACE('',(#19550),#19440,.F.);
#19570=CARTESIAN_POINT('',(8.535,-1.2,0.299999999999997));
#19580=DIRECTION('',(-2.28572438062754E-16,0.0598922907279467,
-0.998204845465779));
#19590=DIRECTION('',(1.37143462837653E-17,0.998204845465779,
0.0598922907279467));
#19600=AXIS2_PLACEMENT_3D('',#19570,#19580,#19590);
#19610=PLANE('',#19600);
#19620=ORIENTED_EDGE('',*,*,#18570,.F.);
#19630=ORIENTED_EDGE('',*,*,#19520,.F.);
#19640=ORIENTED_EDGE('',*,*,#17320,.F.);
#19650=ORIENTED_EDGE('',*,*,#18000,.T.);
#19660=EDGE_LOOP('',(#19650,#19640,#19630,#19620));
#19670=FACE_OUTER_BOUND('',#19660,.T.);
#19680=ADVANCED_FACE('',(#19670),#19610,.F.);
#19690=CARTESIAN_POINT('',(1.7775,-1.825,0.614999999999998));
#19700=DIRECTION('',(0.707106781186551,-0.707106781186544,
-1.60237371373018E-30));
#19710=DIRECTION('',(0.707106781186544,0.707106781186551,
-3.23831569603529E-16));
#19720=AXIS2_PLACEMENT_3D('',#19690,#19700,#19710);
#19730=PLANE('',#19720);
#19740=ORIENTED_EDGE('',*,*,#1100,.F.);
#19750=CARTESIAN_POINT('',(1.8525,-1.75,0.999999999999999));
#19760=DIRECTION('',(-2.28983498828939E-16,-2.28983498828939E-16,-1.));
#19770=VECTOR('',#19760,1.);
#19780=LINE('',#19750,#19770);
#19790=CARTESIAN_POINT('',(1.8525,-1.75,0.179999999999999));
#19800=VERTEX_POINT('',#19790);
#19810=EDGE_CURVE('',#1010,#19800,#19780,.T.);
#19820=ORIENTED_EDGE('',*,*,#19810,.F.);
#19830=CARTESIAN_POINT('',(1.8525,-1.75,0.179999999999999));
#19840=DIRECTION('',(-0.707106781186543,-0.707106781186552,
3.23831569603529E-16));
#19850=VECTOR('',#19840,1.);
#19860=LINE('',#19830,#19850);
#19870=CARTESIAN_POINT('',(1.7525,-1.85,0.179999999999998));
#19880=VERTEX_POINT('',#19870);
#19890=EDGE_CURVE('',#19800,#19880,#19860,.T.);
#19900=ORIENTED_EDGE('',*,*,#19890,.F.);
#19910=CARTESIAN_POINT('',(1.7525,-1.85,0.179999999999999));
#19920=DIRECTION('',(-0.577350269189624,-0.577350269189631,
-0.577350269189622));
#19930=VECTOR('',#19920,1.);
#19940=LINE('',#19910,#19930);
#19950=EDGE_CURVE('',#19880,#15060,#19940,.T.);
#19960=ORIENTED_EDGE('',*,*,#19950,.F.);
#19970=ORIENTED_EDGE('',*,*,#15070,.T.);
#19980=EDGE_LOOP('',(#19970,#19960,#19900,#19820,#19740));
#19990=FACE_OUTER_BOUND('',#19980,.T.);
#20000=ADVANCED_FACE('',(#19990),#19730,.T.);
#20010=CARTESIAN_POINT('',(1.8525,0.0749362304206369,0.402847335292078))
;
#20020=DIRECTION('',(1.,-5.24334427359425E-32,-2.28983498828939E-16));
#20030=DIRECTION('',(2.80414647586396E-32,1.,-1.06522863446701E-16));
#20040=AXIS2_PLACEMENT_3D('',#20010,#20020,#20030);
#20050=PLANE('',#20040);
#20060=CARTESIAN_POINT('',(1.8525,-0.800000000000001,0.179999999999998))
;
#20070=DIRECTION('',(1.37390099297363E-16,-0.8,0.6));
#20080=VECTOR('',#20070,1.);
#20090=LINE('',#20060,#20080);
#20100=CARTESIAN_POINT('',(1.8525,-0.800000000000002,0.179999999999998))
;
#20110=VERTEX_POINT('',#20100);
#20120=CARTESIAN_POINT('',(1.8525,-1.,0.329999999999998));
#20130=VERTEX_POINT('',#20120);
#20140=EDGE_CURVE('',#20110,#20130,#20090,.T.);
#20150=ORIENTED_EDGE('',*,*,#20140,.T.);
#20160=CARTESIAN_POINT('',(1.8525,-0.800000000000002,0.179999999999999))
;
#20170=DIRECTION('',(-2.67602897535908E-32,-1.,1.12117917289449E-16));
#20180=VECTOR('',#20170,1.);
#20190=LINE('',#20160,#20180);
#20200=EDGE_CURVE('',#20110,#19800,#20190,.T.);
#20210=ORIENTED_EDGE('',*,*,#20200,.F.);
#20220=ORIENTED_EDGE('',*,*,#19810,.T.);
#20230=ORIENTED_EDGE('',*,*,#1020,.T.);
#20240=CARTESIAN_POINT('',(1.8525,-1.,0.329999999999999));
#20250=DIRECTION('',(2.28983498828939E-16,2.28983498828939E-16,1.));
#20260=VECTOR('',#20250,1.);
#20270=LINE('',#20240,#20260);
#20280=EDGE_CURVE('',#20130,#930,#20270,.T.);
#20290=ORIENTED_EDGE('',*,*,#20280,.T.);
#20300=EDGE_LOOP('',(#20290,#20230,#20220,#20210,#20150));
#20310=FACE_OUTER_BOUND('',#20300,.T.);
#20320=ADVANCED_FACE('',(#20310),#20050,.T.);
#20330=CARTESIAN_POINT('',(2.05,-1.,0.329999999999999));
#20340=DIRECTION('',(2.80414647586396E-32,1.,-1.06522863446701E-16));
#20350=DIRECTION('',(2.28983498828939E-16,1.06522863446701E-16,1.));
#20360=AXIS2_PLACEMENT_3D('',#20330,#20340,#20350);
#20370=PLANE('',#20360);
#20380=ORIENTED_EDGE('',*,*,#940,.F.);
#20390=CARTESIAN_POINT('',(2.25,-1.,0.329999999999998));
#20400=DIRECTION('',(2.28983498828939E-16,2.28983498828939E-16,1.));
#20410=VECTOR('',#20400,1.);
#20420=LINE('',#20390,#20410);
#20430=CARTESIAN_POINT('',(2.25,-1.,0.329999999999998));
#20440=VERTEX_POINT('',#20430);
#20450=EDGE_CURVE('',#20440,#850,#20420,.T.);
#20460=ORIENTED_EDGE('',*,*,#20450,.T.);
#20470=CARTESIAN_POINT('',(1.8525,-1.,0.329999999999998));
#20480=DIRECTION('',(1.,-5.24334427359425E-32,-2.28983498828939E-16));
#20490=VECTOR('',#20480,1.);
#20500=LINE('',#20470,#20490);
#20510=EDGE_CURVE('',#20130,#20440,#20500,.T.);
#20520=ORIENTED_EDGE('',*,*,#20510,.T.);
#20530=ORIENTED_EDGE('',*,*,#20280,.F.);
#20540=EDGE_LOOP('',(#20530,#20520,#20460,#20380));
#20550=FACE_OUTER_BOUND('',#20540,.T.);
#20560=CARTESIAN_POINT('',(1.865,-1.,0.51));
#20570=DIRECTION('',(2.28983498828939E-16,2.28983498828939E-16,1.));
#20580=VECTOR('',#20570,1.);
#20590=LINE('',#20560,#20580);
#20600=CARTESIAN_POINT('',(1.865,-1.,0.509999999999999));
#20610=VERTEX_POINT('',#20600);
#20620=CARTESIAN_POINT('',(1.865,-1.,0.819999999999999));
#20630=VERTEX_POINT('',#20620);
#20640=EDGE_CURVE('',#20610,#20630,#20590,.T.);
#20650=ORIENTED_EDGE('',*,*,#20640,.T.);
#20660=CARTESIAN_POINT('',(2.015,-1.,0.51));
#20670=DIRECTION('',(-1.,5.24334427359425E-32,2.28983498828939E-16));
#20680=VECTOR('',#20670,1.);
#20690=LINE('',#20660,#20680);
#20700=CARTESIAN_POINT('',(2.015,-1.,0.509999999999999));
#20710=VERTEX_POINT('',#20700);
#20720=EDGE_CURVE('',#20710,#20610,#20690,.T.);
#20730=ORIENTED_EDGE('',*,*,#20720,.T.);
#20740=CARTESIAN_POINT('',(2.015,-1.,0.509999999999999));
#20750=DIRECTION('',(2.28983498828939E-16,2.28983498828939E-16,1.));
#20760=VECTOR('',#20750,1.);
#20770=LINE('',#20740,#20760);
#20780=CARTESIAN_POINT('',(2.015,-1.,0.819999999999999));
#20790=VERTEX_POINT('',#20780);
#20800=EDGE_CURVE('',#20710,#20790,#20770,.T.);
#20810=ORIENTED_EDGE('',*,*,#20800,.F.);
#20820=CARTESIAN_POINT('',(1.865,-1.,0.819999999999999));
#20830=DIRECTION('',(1.,-5.24334427359425E-32,-2.28983498828939E-16));
#20840=VECTOR('',#20830,1.);
#20850=LINE('',#20820,#20840);
#20860=EDGE_CURVE('',#20630,#20790,#20850,.T.);
#20870=ORIENTED_EDGE('',*,*,#20860,.T.);
#20880=EDGE_LOOP('',(#20870,#20810,#20730,#20650));
#20890=FACE_BOUND('',#20880,.T.);
#20900=ADVANCED_FACE('',(#20550,#20890),#20370,.F.);
#20910=CARTESIAN_POINT('',(2.25,0.694862999999999,0.841613999999998));
#20920=DIRECTION('',(1.,-5.24334427359425E-32,-2.28983498828939E-16));
#20930=DIRECTION('',(2.80414647586396E-32,1.,-1.06522863446701E-16));
#20940=AXIS2_PLACEMENT_3D('',#20910,#20920,#20930);
#20950=PLANE('',#20940);
#20960=ORIENTED_EDGE('',*,*,#11150,.T.);
#20970=CARTESIAN_POINT('',(2.25,0.999999999999999,0.0799999999999981));
#20980=DIRECTION('',(-2.82469725176793E-32,-1.,1.05625384981699E-16));
#20990=VECTOR('',#20980,1.);
#21000=LINE('',#20970,#20990);
#21010=CARTESIAN_POINT('',(2.25,-0.800000000000002,0.0799999999999983));
#21020=VERTEX_POINT('',#21010);
#21030=EDGE_CURVE('',#11080,#21020,#21000,.T.);
#21040=ORIENTED_EDGE('',*,*,#21030,.F.);
#21050=CARTESIAN_POINT('',(2.25,-0.800000000000002,0.179999999999997));
#21060=DIRECTION('',(-2.28983498828939E-16,-2.28983498828939E-16,-1.));
#21070=VECTOR('',#21060,1.);
#21080=LINE('',#21050,#21070);
#21090=CARTESIAN_POINT('',(2.25,-0.800000000000002,0.179999999999998));
#21100=VERTEX_POINT('',#21090);
#21110=EDGE_CURVE('',#21100,#21020,#21080,.T.);
#21120=ORIENTED_EDGE('',*,*,#21110,.T.);
#21130=CARTESIAN_POINT('',(2.25,-1.,0.329999999999997));
#21140=DIRECTION('',(-1.37390099297363E-16,0.8,-0.6));
#21150=VECTOR('',#21140,1.);
#21160=LINE('',#21130,#21150);
#21170=EDGE_CURVE('',#20440,#21100,#21160,.T.);
#21180=ORIENTED_EDGE('',*,*,#21170,.T.);
#21190=ORIENTED_EDGE('',*,*,#20450,.F.);
#21200=ORIENTED_EDGE('',*,*,#860,.T.);
#21210=EDGE_LOOP('',(#21200,#21190,#21180,#21120,#21040,#20960));
#21220=FACE_OUTER_BOUND('',#21210,.T.);
#21230=ADVANCED_FACE('',(#21220),#20950,.T.);
#21240=CARTESIAN_POINT('',(2.25,0.999999999999999,0.0799999999999981));
#21250=DIRECTION('',(2.28983498828939E-16,1.06522863446701E-16,1.));
#21260=DIRECTION('',(-2.80414647586396E-32,-1.,1.06522863446701E-16));
#21270=AXIS2_PLACEMENT_3D('',#21240,#21250,#21260);
#21280=PLANE('',#21270);
#21290=ORIENTED_EDGE('',*,*,#21030,.T.);
#21300=ORIENTED_EDGE('',*,*,#11090,.F.);
#21310=CARTESIAN_POINT('',(1.7025,0.999999999999999,0.0799999999999975))
;
#21320=DIRECTION('',(-2.82469725176793E-32,-1.,1.05625384981699E-16));
#21330=VECTOR('',#21320,1.);
#21340=LINE('',#21310,#21330);
#21350=CARTESIAN_POINT('',(1.7025,-0.800000000000002,0.0799999999999982)
);
#21360=VERTEX_POINT('',#21350);
#21370=EDGE_CURVE('',#11000,#21360,#21340,.T.);
#21380=ORIENTED_EDGE('',*,*,#21370,.F.);
#21390=CARTESIAN_POINT('',(2.25,-0.800000000000002,0.0799999999999983));
#21400=DIRECTION('',(-1.,5.24334427359425E-32,2.28983498828939E-16));
#21410=VECTOR('',#21400,1.);
#21420=LINE('',#21390,#21410);
#21430=EDGE_CURVE('',#21020,#21360,#21420,.T.);
#21440=ORIENTED_EDGE('',*,*,#21430,.T.);
#21450=EDGE_LOOP('',(#21440,#21380,#21300,#21290));
#21460=FACE_OUTER_BOUND('',#21450,.T.);
#21470=ADVANCED_FACE('',(#21460),#21280,.F.);
#21480=CARTESIAN_POINT('',(1.68367832868971,-0.800000000000002,
0.556369515364617));
#21490=DIRECTION('',(2.80414647586396E-32,1.,-1.06522863446701E-16));
#21500=DIRECTION('',(-2.28983498828939E-16,-1.06522863446701E-16,-1.));
#21510=AXIS2_PLACEMENT_3D('',#21480,#21490,#21500);
#21520=PLANE('',#21510);
#21530=CARTESIAN_POINT('',(1.8525,-0.800000000000002,0.179999999999998))
;
#21540=DIRECTION('',(-1.,1.32354720603153E-30,5.78009862195477E-15));
#21550=VECTOR('',#21540,1.);
#21560=LINE('',#21530,#21550);
#21570=CARTESIAN_POINT('',(1.7525,-0.800000000000002,0.179999999999999))
;
#21580=VERTEX_POINT('',#21570);
#21590=EDGE_CURVE('',#20110,#21580,#21560,.T.);
#21600=ORIENTED_EDGE('',*,*,#21590,.T.);
#21610=CARTESIAN_POINT('',(1.8525,-0.800000000000002,0.179999999999998))
;
#21620=DIRECTION('',(1.,-5.24334427359425E-32,-2.28983498828939E-16));
#21630=VECTOR('',#21620,1.);
#21640=LINE('',#21610,#21630);
#21650=EDGE_CURVE('',#20110,#21100,#21640,.T.);
#21660=ORIENTED_EDGE('',*,*,#21650,.F.);
#21670=ORIENTED_EDGE('',*,*,#21110,.F.);
#21680=ORIENTED_EDGE('',*,*,#21430,.F.);
#21690=CARTESIAN_POINT('',(1.7025,-0.800000000000002,0.129999999999998))
;
#21700=DIRECTION('',(-2.28983498828939E-16,-2.28983498828939E-16,-1.));
#21710=VECTOR('',#21700,1.);
#21720=LINE('',#21690,#21710);
#21730=CARTESIAN_POINT('',(1.7025,-0.800000000000002,0.129999999999999))
;
#21740=VERTEX_POINT('',#21730);
#21750=EDGE_CURVE('',#21740,#21360,#21720,.T.);
#21760=ORIENTED_EDGE('',*,*,#21750,.T.);
#21770=CARTESIAN_POINT('',(1.7525,-0.800000000000002,0.179999999999999))
;
#21780=DIRECTION('',(-0.707106781186548,-1.61915784801764E-16,
-0.707106781186547));
#21790=VECTOR('',#21780,1.);
#21800=LINE('',#21770,#21790);
#21810=EDGE_CURVE('',#21580,#21740,#21800,.T.);
#21820=ORIENTED_EDGE('',*,*,#21810,.T.);
#21830=EDGE_LOOP('',(#21820,#21760,#21680,#21670,#21660,#21600));
#21840=FACE_OUTER_BOUND('',#21830,.T.);
#21850=ADVANCED_FACE('',(#21840),#21520,.F.);
#21860=CARTESIAN_POINT('',(1.7275,-1.35,0.154999999999999));
#21870=DIRECTION('',(0.707106781186547,-7.53230390945712E-17,
-0.707106781186548));
#21880=DIRECTION('',(-0.707106781186548,-7.5323039094571E-17,
-0.707106781186547));
#21890=AXIS2_PLACEMENT_3D('',#21860,#21870,#21880);
#21900=PLANE('',#21890);
#21910=CARTESIAN_POINT('',(1.7525,-1.85000000000001,0.179999999999999));
#21920=DIRECTION('',(2.42116907294393E-32,1.,-1.23247972674163E-16));
#21930=VECTOR('',#21920,1.);
#21940=LINE('',#21910,#21930);
#21950=EDGE_CURVE('',#19880,#21580,#21940,.T.);
#21960=ORIENTED_EDGE('',*,*,#21950,.F.);
#21970=ORIENTED_EDGE('',*,*,#21810,.F.);
#21980=CARTESIAN_POINT('',(1.7025,-0.800000000000002,0.129999999999999))
;
#21990=DIRECTION('',(-2.31111593326467E-32,-1.,1.28054132953925E-16));
#22000=VECTOR('',#21990,1.);
#22010=LINE('',#21980,#22000);
#22020=EDGE_CURVE('',#21740,#15060,#22010,.T.);
#22030=ORIENTED_EDGE('',*,*,#22020,.F.);
#22040=ORIENTED_EDGE('',*,*,#19950,.T.);
#22050=EDGE_LOOP('',(#22040,#22030,#21970,#21960));
#22060=FACE_OUTER_BOUND('',#22050,.T.);
#22070=ADVANCED_FACE('',(#22060),#21900,.T.);
#22080=CARTESIAN_POINT('',(1.7025,-1.9,0.179999999999999));
#22090=DIRECTION('',(-2.28983498828939E-16,-1.06522863446701E-16,-1.));
#22100=DIRECTION('',(-1.,5.24334427359425E-32,2.28983498828939E-16));
#22110=AXIS2_PLACEMENT_3D('',#22080,#22090,#22100);
#22120=PLANE('',#22110);
#22130=ORIENTED_EDGE('',*,*,#21590,.F.);
#22140=ORIENTED_EDGE('',*,*,#21950,.T.);
#22150=ORIENTED_EDGE('',*,*,#19890,.T.);
#22160=ORIENTED_EDGE('',*,*,#20200,.T.);
#22170=EDGE_LOOP('',(#22160,#22150,#22140,#22130));
#22180=FACE_OUTER_BOUND('',#22170,.T.);
#22190=ADVANCED_FACE('',(#22180),#22120,.T.);
#22200=CARTESIAN_POINT('',(1.7025,-1.9,0.0299999999999979));
#22210=DIRECTION('',(1.,-5.24334427359425E-32,-2.28983498828939E-16));
#22220=DIRECTION('',(-2.28983498828939E-16,-1.06522863446701E-16,-1.));
#22230=AXIS2_PLACEMENT_3D('',#22200,#22210,#22220);
#22240=PLANE('',#22230);
#22250=ORIENTED_EDGE('',*,*,#22020,.T.);
#22260=ORIENTED_EDGE('',*,*,#21750,.F.);
#22270=ORIENTED_EDGE('',*,*,#21370,.T.);
#22280=ORIENTED_EDGE('',*,*,#11010,.T.);
#22290=ORIENTED_EDGE('',*,*,#13250,.T.);
#22300=ORIENTED_EDGE('',*,*,#15130,.T.);
#22310=EDGE_LOOP('',(#22300,#22290,#22280,#22270,#22260,#22250));
#22320=FACE_OUTER_BOUND('',#22310,.T.);
#22330=ADVANCED_FACE('',(#22320),#22240,.T.);
#22340=CARTESIAN_POINT('',(2.05,-0.800000000000002,0.179999999999998));
#22350=DIRECTION('',(1.83186799063151E-16,0.6,0.8));
#22360=DIRECTION('',(1.37390099297363E-16,-0.8,0.6));
#22370=AXIS2_PLACEMENT_3D('',#22340,#22350,#22360);
#22380=PLANE('',#22370);
#22390=ORIENTED_EDGE('',*,*,#21650,.T.);
#22400=ORIENTED_EDGE('',*,*,#20140,.F.);
#22410=ORIENTED_EDGE('',*,*,#20510,.F.);
#22420=ORIENTED_EDGE('',*,*,#21170,.F.);
#22430=EDGE_LOOP('',(#22420,#22410,#22400,#22390));
#22440=FACE_OUTER_BOUND('',#22430,.T.);
#22450=ADVANCED_FACE('',(#22440),#22380,.F.);
#22460=CARTESIAN_POINT('',(2.015,0.799999999999999,0.819999999999998));
#22470=DIRECTION('',(2.28983498828939E-16,2.28983498828939E-16,1.));
#22480=DIRECTION('',(2.08005240798215E-46,-1.,2.28983498828939E-16));
#22490=AXIS2_PLACEMENT_3D('',#22460,#22470,#22480);
#22500=PLANE('',#22490);
#22510=CARTESIAN_POINT('',(1.865,-1.9,0.819999999999999));
#22520=DIRECTION('',(1.,-5.24334427359425E-32,-2.28983498828939E-16));
#22530=VECTOR('',#22520,1.);
#22540=LINE('',#22510,#22530);
#22550=CARTESIAN_POINT('',(1.865,-1.9,0.819999999999999));
#22560=VERTEX_POINT('',#22550);
#22570=CARTESIAN_POINT('',(2.015,-1.9,0.819999999999999));
#22580=VERTEX_POINT('',#22570);
#22590=EDGE_CURVE('',#22560,#22580,#22540,.T.);
#22600=ORIENTED_EDGE('',*,*,#22590,.T.);
#22610=CARTESIAN_POINT('',(1.865,-1.,0.819999999999999));
#22620=DIRECTION('',(2.08005240798215E-46,-1.,2.28983498828939E-16));
#22630=VECTOR('',#22620,1.);
#22640=LINE('',#22610,#22630);
#22650=EDGE_CURVE('',#20630,#22560,#22640,.T.);
#22660=ORIENTED_EDGE('',*,*,#22650,.T.);
#22670=ORIENTED_EDGE('',*,*,#20860,.F.);
#22680=CARTESIAN_POINT('',(2.015,-1.,0.819999999999999));
#22690=DIRECTION('',(2.08005240798215E-46,-1.,2.28983498828939E-16));
#22700=VECTOR('',#22690,1.);
#22710=LINE('',#22680,#22700);
#22720=EDGE_CURVE('',#20790,#22580,#22710,.T.);
#22730=ORIENTED_EDGE('',*,*,#22720,.F.);
#22740=EDGE_LOOP('',(#22730,#22670,#22660,#22600));
#22750=FACE_OUTER_BOUND('',#22740,.T.);
#22760=ADVANCED_FACE('',(#22750),#22500,.T.);
#22770=CARTESIAN_POINT('',(2.015,-1.22889738369333,0.397842849918335));
#22780=DIRECTION('',(1.,-5.24334427359425E-32,-2.28983498828939E-16));
#22790=DIRECTION('',(-2.08005240798215E-46,1.,-2.28983498828939E-16));
#22800=AXIS2_PLACEMENT_3D('',#22770,#22780,#22790);
#22810=PLANE('',#22800);
#22820=CARTESIAN_POINT('',(2.015,-1.15,0.0678271361313567));
#22830=DIRECTION('',(1.,-5.24334427359425E-32,-2.28983498828939E-16));
#22840=DIRECTION('',(-2.28757676783042E-16,0.044400613621414,
-0.999013806466178));
#22850=AXIS2_PLACEMENT_3D('',#22820,#22830,#22840);
#22860=CIRCLE('',#22850,0.0500000000000043);
#22870=CARTESIAN_POINT('',(2.015,-1.14777996931894,0.0178764458080432));
#22880=VERTEX_POINT('',#22870);
#22890=CARTESIAN_POINT('',(2.015,-1.1,0.0678271361313423));
#22900=VERTEX_POINT('',#22890);
#22910=EDGE_CURVE('',#22880,#22900,#22860,.T.);
#22920=ORIENTED_EDGE('',*,*,#22910,.T.);
#22930=CARTESIAN_POINT('',(2.015,-1.55,-1.77635683940025E-15));
#22940=DIRECTION('',(1.01670078570251E-17,0.999013806466209,
0.0444006136207234));
#22950=VECTOR('',#22940,1.);
#22960=LINE('',#22930,#22950);
#22970=CARTESIAN_POINT('',(2.015,-1.55,-2.1094237467878E-15));
#22980=VERTEX_POINT('',#22970);
#22990=EDGE_CURVE('',#22980,#22880,#22960,.T.);
#23000=ORIENTED_EDGE('',*,*,#22990,.T.);
#23010=CARTESIAN_POINT('',(2.015,-1.59999999999999,0.0499999999999988));
#23020=DIRECTION('',(-1.61915784801771E-16,0.70710678118652,
-0.707106781186575));
#23030=VECTOR('',#23020,1.);
#23040=LINE('',#23010,#23030);
#23050=CARTESIAN_POINT('',(2.015,-1.6,0.0499999999999953));
#23060=VERTEX_POINT('',#23050);
#23070=EDGE_CURVE('',#23060,#22980,#23040,.T.);
#23080=ORIENTED_EDGE('',*,*,#23070,.T.);
#23090=CARTESIAN_POINT('',(2.015,-1.59999999999999,0.119999999999934));
#23100=DIRECTION('',(-2.28983498828939E-16,-2.28983498828939E-16,-1.));
#23110=VECTOR('',#23100,1.);
#23120=LINE('',#23090,#23110);
#23130=CARTESIAN_POINT('',(2.015,-1.59999999999999,0.119999999999967));
#23140=VERTEX_POINT('',#23130);
#23150=EDGE_CURVE('',#23140,#23060,#23120,.T.);
#23160=ORIENTED_EDGE('',*,*,#23150,.T.);
#23170=CARTESIAN_POINT('',(2.015,-1.65,0.119999999999999));
#23180=DIRECTION('',(-1.,5.24334427359425E-32,2.28983498828939E-16));
#23190=DIRECTION('',(2.28983498828939E-16,1.15692178059846E-13,1.));
#23200=AXIS2_PLACEMENT_3D('',#23170,#23180,#23190);
#23210=CIRCLE('',#23200,0.0499999999999998);
#23220=CARTESIAN_POINT('',(2.015,-1.65,0.169999999999999));
#23230=VERTEX_POINT('',#23220);
#23240=EDGE_CURVE('',#23230,#23140,#23210,.T.);
#23250=ORIENTED_EDGE('',*,*,#23240,.T.);
#23260=CARTESIAN_POINT('',(2.015,-1.82499999999999,0.169999999999998));
#23270=DIRECTION('',(-2.08005240798215E-46,1.,-2.28983498828939E-16));
#23280=VECTOR('',#23270,1.);
#23290=LINE('',#23260,#23280);
#23300=CARTESIAN_POINT('',(2.015,-1.82499999999999,0.169999999999998));
#23310=VERTEX_POINT('',#23300);
#23320=EDGE_CURVE('',#23310,#23230,#23290,.T.);
#23330=ORIENTED_EDGE('',*,*,#23320,.T.);
#23340=CARTESIAN_POINT('',(2.015,-1.82499999999999,0.169999999999998));
#23350=DIRECTION('',(2.28983498828939E-16,2.28983498828939E-16,1.));
#23360=VECTOR('',#23350,1.);
#23370=LINE('',#23340,#23360);
#23380=CARTESIAN_POINT('',(2.015,-1.82499999999999,0.369999999999999));
#23390=VERTEX_POINT('',#23380);
#23400=EDGE_CURVE('',#23310,#23390,#23370,.T.);
#23410=ORIENTED_EDGE('',*,*,#23400,.F.);
#23420=CARTESIAN_POINT('',(2.015,-1.82499999999999,0.369999999999999));
#23430=DIRECTION('',(-2.08005240798215E-46,1.,-2.28983498828939E-16));
#23440=VECTOR('',#23430,1.);
#23450=LINE('',#23420,#23440);
#23460=CARTESIAN_POINT('',(2.015,-1.79999999999999,0.369999999999999));
#23470=VERTEX_POINT('',#23460);
#23480=EDGE_CURVE('',#23390,#23470,#23450,.T.);
#23490=ORIENTED_EDGE('',*,*,#23480,.F.);
#23500=CARTESIAN_POINT('',(2.015,-1.79999999999998,0.419999999999999));
#23510=DIRECTION('',(-1.,5.24334427359425E-32,2.28983498828939E-16));
#23520=DIRECTION('',(-2.046493158906E-28,1.,-8.93958518322131E-13));
#23530=AXIS2_PLACEMENT_3D('',#23500,#23510,#23520);
#23540=CIRCLE('',#23530,0.0499999999999972);
#23550=CARTESIAN_POINT('',(2.015,-1.74999999999998,0.419999999999976));
#23560=VERTEX_POINT('',#23550);
#23570=EDGE_CURVE('',#23560,#23470,#23540,.T.);
#23580=ORIENTED_EDGE('',*,*,#23570,.T.);
#23590=CARTESIAN_POINT('',(2.015,-1.74999999999999,0.470000000000061));
#23600=DIRECTION('',(-2.28983498828939E-16,-2.28983498828939E-16,-1.));
#23610=VECTOR('',#23600,1.);
#23620=LINE('',#23590,#23610);
#23630=CARTESIAN_POINT('',(2.015,-1.74999999999999,0.47000000000003));
#23640=VERTEX_POINT('',#23630);
#23650=EDGE_CURVE('',#23640,#23560,#23620,.T.);
#23660=ORIENTED_EDGE('',*,*,#23650,.T.);
#23670=CARTESIAN_POINT('',(2.015,-1.79999999999998,0.47));
#23680=DIRECTION('',(-1.,5.24334427359425E-32,2.28983498828939E-16));
#23690=DIRECTION('',(2.28983498828939E-16,-1.75345848951736E-14,1.));
#23700=AXIS2_PLACEMENT_3D('',#23670,#23680,#23690);
#23710=CIRCLE('',#23700,0.0499999999999998);
#23720=CARTESIAN_POINT('',(2.015,-1.79999999999998,0.52));
#23730=VERTEX_POINT('',#23720);
#23740=EDGE_CURVE('',#23730,#23640,#23710,.T.);
#23750=ORIENTED_EDGE('',*,*,#23740,.T.);
#23760=CARTESIAN_POINT('',(2.015,-1.79999999999998,0.52));
#23770=DIRECTION('',(2.08005240798215E-46,-1.,2.28983498828939E-16));
#23780=VECTOR('',#23770,1.);
#23790=LINE('',#23760,#23780);
#23800=CARTESIAN_POINT('',(2.015,-1.9,0.52));
#23810=VERTEX_POINT('',#23800);
#23820=EDGE_CURVE('',#23730,#23810,#23790,.T.);
#23830=ORIENTED_EDGE('',*,*,#23820,.F.);
#23840=CARTESIAN_POINT('',(2.015,-1.9,0.819999999999999));
#23850=DIRECTION('',(-2.28983498828939E-16,-2.28983498828939E-16,-1.));
#23860=VECTOR('',#23850,1.);
#23870=LINE('',#23840,#23860);
#23880=EDGE_CURVE('',#22580,#23810,#23870,.T.);
#23890=ORIENTED_EDGE('',*,*,#23880,.T.);
#23900=ORIENTED_EDGE('',*,*,#22720,.T.);
#23910=ORIENTED_EDGE('',*,*,#20800,.T.);
#23920=CARTESIAN_POINT('',(2.015,-1.05,0.509999999999999));
#23930=DIRECTION('',(-2.08005240798215E-46,1.,-2.28983498828939E-16));
#23940=VECTOR('',#23930,1.);
#23950=LINE('',#23920,#23940);
#23960=CARTESIAN_POINT('',(2.015,-1.05,0.509999999999999));
#23970=VERTEX_POINT('',#23960);
#23980=EDGE_CURVE('',#23970,#20710,#23950,.T.);
#23990=ORIENTED_EDGE('',*,*,#23980,.T.);
#24000=CARTESIAN_POINT('',(2.015,-1.05,0.459999999999999));
#24010=DIRECTION('',(-1.,5.24334427359425E-32,2.28983498828939E-16));
#24020=DIRECTION('',(2.08005240798215E-46,-1.,2.28983498828939E-16));
#24030=AXIS2_PLACEMENT_3D('',#24000,#24010,#24020);
#24040=CIRCLE('',#24030,0.05);
#24050=CARTESIAN_POINT('',(2.015,-1.09999999999999,0.459999999999999));
#24060=VERTEX_POINT('',#24050);
#24070=EDGE_CURVE('',#24060,#23970,#24040,.T.);
#24080=ORIENTED_EDGE('',*,*,#24070,.T.);
#24090=CARTESIAN_POINT('',(2.015,-1.1,0.067827136131328));
#24100=DIRECTION('',(2.28983498828939E-16,2.28983498828939E-16,1.));
#24110=VECTOR('',#24100,1.);
#24120=LINE('',#24090,#24110);
#24130=EDGE_CURVE('',#22900,#24060,#24120,.T.);
#24140=ORIENTED_EDGE('',*,*,#24130,.T.);
#24150=EDGE_LOOP('',(#24140,#24080,#23990,#23910,#23900,#23890,#23830,
#23750,#23660,#23580,#23490,#23410,#23330,#23250,#23160,#23080,#23000,
#22920));
#24160=FACE_OUTER_BOUND('',#24150,.T.);
#24170=ADVANCED_FACE('',(#24160),#22810,.T.);
#24180=CARTESIAN_POINT('',(2.015,-1.09999999999999,0.46));
#24190=DIRECTION('',(-5.24334427359425E-32,-1.,1.20063931733229E-47));
#24200=DIRECTION('',(2.28983498828939E-16,0.,1.));
#24210=AXIS2_PLACEMENT_3D('',#24180,#24190,#24200);
#24220=PLANE('',#24210);
#24230=ORIENTED_EDGE('',*,*,#24130,.F.);
#24240=CARTESIAN_POINT('',(2.015,-1.1,0.459999999999999));
#24250=DIRECTION('',(-1.,5.24334427359425E-32,2.28983498828939E-16));
#24260=VECTOR('',#24250,1.);
#24270=LINE('',#24240,#24260);
#24280=CARTESIAN_POINT('',(1.865,-1.09999999999999,0.459999999999999));
#24290=VERTEX_POINT('',#24280);
#24300=EDGE_CURVE('',#24060,#24290,#24270,.T.);
#24310=ORIENTED_EDGE('',*,*,#24300,.F.);
#24320=CARTESIAN_POINT('',(1.865,-1.09999999999999,0.0678271361313567));
#24330=DIRECTION('',(2.28983498828939E-16,2.28983498828939E-16,1.));
#24340=VECTOR('',#24330,1.);
#24350=LINE('',#24320,#24340);
#24360=CARTESIAN_POINT('',(1.865,-1.1,0.0678271361313567));
#24370=VERTEX_POINT('',#24360);
#24380=EDGE_CURVE('',#24370,#24290,#24350,.T.);
#24390=ORIENTED_EDGE('',*,*,#24380,.T.);
#24400=CARTESIAN_POINT('',(1.865,-1.1,0.0678271361313567));
#24410=DIRECTION('',(1.,-5.24334427359425E-32,-2.28983498828939E-16));
#24420=VECTOR('',#24410,1.);
#24430=LINE('',#24400,#24420);
#24440=EDGE_CURVE('',#24370,#22900,#24430,.T.);
#24450=ORIENTED_EDGE('',*,*,#24440,.F.);
#24460=EDGE_LOOP('',(#24450,#24390,#24310,#24230));
#24470=FACE_OUTER_BOUND('',#24460,.T.);
#24480=ADVANCED_FACE('',(#24470),#24220,.F.);
#24490=CARTESIAN_POINT('',(2.015,-1.15,0.0678271361313567));
#24500=DIRECTION('',(-1.,5.24334427359425E-32,2.28983498828939E-16));
#24510=DIRECTION('',(-5.24334427359425E-32,-1.,0.));
#24520=AXIS2_PLACEMENT_3D('',#24490,#24500,#24510);
#24530=CYLINDRICAL_SURFACE('',#24520,0.0500000000000043);
#24540=ORIENTED_EDGE('',*,*,#22910,.F.);
#24550=ORIENTED_EDGE('',*,*,#24440,.T.);
#24560=CARTESIAN_POINT('',(1.865,-1.15,0.0678271361313567));
#24570=DIRECTION('',(-1.,5.24334427359425E-32,2.28983498828939E-16));
#24580=DIRECTION('',(-1.30162049361456E-28,1.,-5.68663172106861E-13));
#24590=AXIS2_PLACEMENT_3D('',#24560,#24570,#24580);
#24600=CIRCLE('',#24590,0.0500000000000043);
#24610=CARTESIAN_POINT('',(1.865,-1.14777996931894,0.0178764458080463));
#24620=VERTEX_POINT('',#24610);
#24630=EDGE_CURVE('',#24370,#24620,#24600,.T.);
#24640=ORIENTED_EDGE('',*,*,#24630,.F.);
#24650=CARTESIAN_POINT('',(2.015,-1.14777996931895,0.0178764458080426));
#24660=DIRECTION('',(-1.,5.24334427359425E-32,2.28983498828939E-16));
#24670=VECTOR('',#24660,1.);
#24680=LINE('',#24650,#24670);
#24690=EDGE_CURVE('',#22880,#24620,#24680,.T.);
#24700=ORIENTED_EDGE('',*,*,#24690,.T.);
#24710=EDGE_LOOP('',(#24700,#24640,#24550,#24540));
#24720=FACE_OUTER_BOUND('',#24710,.T.);
#24730=ADVANCED_FACE('',(#24720),#24530,.T.);
#24740=CARTESIAN_POINT('',(2.015,-1.14777996931895,0.0178764458080457));
#24750=DIRECTION('',(2.28757676783049E-16,-0.0444006136207235,
0.999013806466209));
#24760=DIRECTION('',(1.01670078570252E-17,0.999013806466209,
0.0444006136207235));
#24770=AXIS2_PLACEMENT_3D('',#24740,#24750,#24760);
#24780=PLANE('',#24770);
#24790=ORIENTED_EDGE('',*,*,#22990,.F.);
#24800=ORIENTED_EDGE('',*,*,#24690,.F.);
#24810=CARTESIAN_POINT('',(1.865,-1.14777996931893,0.0178764458080467));
#24820=DIRECTION('',(-1.01670078570251E-17,-0.999013806466209,
-0.0444006136207234));
#24830=VECTOR('',#24820,1.);
#24840=LINE('',#24810,#24830);
#24850=CARTESIAN_POINT('',(1.865,-1.55,-3.77475828372553E-15));
#24860=VERTEX_POINT('',#24850);
#24870=EDGE_CURVE('',#24620,#24860,#24840,.T.);
#24880=ORIENTED_EDGE('',*,*,#24870,.F.);
#24890=CARTESIAN_POINT('',(1.865,-1.55,-2.1094237467878E-15));
#24900=DIRECTION('',(1.,-5.24334427359425E-32,-2.28983498828939E-16));
#24910=VECTOR('',#24900,1.);
#24920=LINE('',#24890,#24910);
#24930=EDGE_CURVE('',#24860,#22980,#24920,.T.);
#24940=ORIENTED_EDGE('',*,*,#24930,.F.);
#24950=EDGE_LOOP('',(#24940,#24880,#24800,#24790));
#24960=FACE_OUTER_BOUND('',#24950,.T.);
#24970=ADVANCED_FACE('',(#24960),#24780,.F.);
#24980=CARTESIAN_POINT('',(2.015,-1.55,-2.1094237467878E-15));
#24990=DIRECTION('',(1.61915784801759E-16,0.707106781186573,
0.707106781186522));
#25000=DIRECTION('',(-1.6191578480177E-16,0.707106781186522,
-0.707106781186573));
#25010=AXIS2_PLACEMENT_3D('',#24980,#24990,#25000);
#25020=PLANE('',#25010);
#25030=ORIENTED_EDGE('',*,*,#23070,.F.);
#25040=ORIENTED_EDGE('',*,*,#24930,.T.);
#25050=CARTESIAN_POINT('',(1.865,-1.54999999999999,-1.77635683940025E-15
));
#25060=DIRECTION('',(1.6191578480177E-16,-0.707106781186523,
0.707106781186572));
#25070=VECTOR('',#25060,1.);
#25080=LINE('',#25050,#25070);
#25090=CARTESIAN_POINT('',(1.865,-1.59999999999999,0.0499999999999988));
#25100=VERTEX_POINT('',#25090);
#25110=EDGE_CURVE('',#24860,#25100,#25080,.T.);
#25120=ORIENTED_EDGE('',*,*,#25110,.F.);
#25130=CARTESIAN_POINT('',(1.865,-1.59999999999999,0.0499999999999988));
#25140=DIRECTION('',(1.,-5.24334427359425E-32,-2.28983498828939E-16));
#25150=VECTOR('',#25140,1.);
#25160=LINE('',#25130,#25150);
#25170=EDGE_CURVE('',#25100,#23060,#25160,.T.);
#25180=ORIENTED_EDGE('',*,*,#25170,.F.);
#25190=EDGE_LOOP('',(#25180,#25120,#25040,#25030));
#25200=FACE_OUTER_BOUND('',#25190,.T.);
#25210=ADVANCED_FACE('',(#25200),#25020,.F.);
#25220=CARTESIAN_POINT('',(2.015,-1.59999999999999,0.0499999999999988));
#25230=DIRECTION('',(5.24334427359425E-32,1.,-1.20063931733229E-47));
#25240=DIRECTION('',(-2.28983498828939E-16,0.,-1.));
#25250=AXIS2_PLACEMENT_3D('',#25220,#25230,#25240);
#25260=PLANE('',#25250);
#25270=ORIENTED_EDGE('',*,*,#23150,.F.);
#25280=ORIENTED_EDGE('',*,*,#25170,.T.);
#25290=CARTESIAN_POINT('',(1.865,-1.59999999999999,0.119999999999999));
#25300=DIRECTION('',(-2.28983498828939E-16,-2.28983498828939E-16,-1.));
#25310=VECTOR('',#25300,1.);
#25320=LINE('',#25290,#25310);
#25330=CARTESIAN_POINT('',(1.865,-1.6,0.119999999999967));
#25340=VERTEX_POINT('',#25330);
#25350=EDGE_CURVE('',#25340,#25100,#25320,.T.);
#25360=ORIENTED_EDGE('',*,*,#25350,.T.);
#25370=CARTESIAN_POINT('',(1.865,-1.6,0.119999999999999));
#25380=DIRECTION('',(1.,-5.24334427359425E-32,-2.28983498828939E-16));
#25390=VECTOR('',#25380,1.);
#25400=LINE('',#25370,#25390);
#25410=EDGE_CURVE('',#25340,#23140,#25400,.T.);
#25420=ORIENTED_EDGE('',*,*,#25410,.F.);
#25430=EDGE_LOOP('',(#25420,#25360,#25280,#25270));
#25440=FACE_OUTER_BOUND('',#25430,.T.);
#25450=ADVANCED_FACE('',(#25440),#25260,.F.);
#25460=CARTESIAN_POINT('',(2.015,-1.65,0.119999999999999));
#25470=DIRECTION('',(-1.,5.24334427359425E-32,2.28983498828939E-16));
#25480=DIRECTION('',(-5.24334427359425E-32,-1.,0.));
#25490=AXIS2_PLACEMENT_3D('',#25460,#25470,#25480);
#25500=CYLINDRICAL_SURFACE('',#25490,0.0499999999999998);
#25510=ORIENTED_EDGE('',*,*,#23240,.F.);
#25520=ORIENTED_EDGE('',*,*,#25410,.T.);
#25530=CARTESIAN_POINT('',(1.865,-1.65,0.119999999999999));
#25540=DIRECTION('',(1.,-5.24334427359425E-32,-2.28983498828939E-16));
#25550=DIRECTION('',(-2.95406838589893E-28,1.,-1.29030813811327E-12));
#25560=AXIS2_PLACEMENT_3D('',#25530,#25540,#25550);
#25570=CIRCLE('',#25560,0.0499999999999998);
#25580=CARTESIAN_POINT('',(1.865,-1.65,0.169999999999998));
#25590=VERTEX_POINT('',#25580);
#25600=EDGE_CURVE('',#25340,#25590,#25570,.T.);
#25610=ORIENTED_EDGE('',*,*,#25600,.F.);
#25620=CARTESIAN_POINT('',(2.015,-1.65,0.169999999999999));
#25630=DIRECTION('',(-1.,5.24334427359425E-32,2.28983498828939E-16));
#25640=VECTOR('',#25630,1.);
#25650=LINE('',#25620,#25640);
#25660=EDGE_CURVE('',#23230,#25590,#25650,.T.);
#25670=ORIENTED_EDGE('',*,*,#25660,.T.);
#25680=EDGE_LOOP('',(#25670,#25610,#25520,#25510));
#25690=FACE_OUTER_BOUND('',#25680,.T.);
#25700=ADVANCED_FACE('',(#25690),#25500,.F.);
#25710=CARTESIAN_POINT('',(2.015,-1.65,0.169999999999998));
#25720=DIRECTION('',(2.28983498828939E-16,-1.20063931733229E-47,1.));
#25730=DIRECTION('',(5.24334427359425E-32,1.,0.));
#25740=AXIS2_PLACEMENT_3D('',#25710,#25720,#25730);
#25750=PLANE('',#25740);
#25760=ORIENTED_EDGE('',*,*,#23320,.F.);
#25770=ORIENTED_EDGE('',*,*,#25660,.F.);
#25780=CARTESIAN_POINT('',(1.865,-1.82499999999999,0.169999999999998));
#25790=DIRECTION('',(-2.08005240798215E-46,1.,-2.28983498828939E-16));
#25800=VECTOR('',#25790,1.);
#25810=LINE('',#25780,#25800);
#25820=CARTESIAN_POINT('',(1.865,-1.82499999999999,0.169999999999998));
#25830=VERTEX_POINT('',#25820);
#25840=EDGE_CURVE('',#25830,#25590,#25810,.T.);
#25850=ORIENTED_EDGE('',*,*,#25840,.T.);
#25860=CARTESIAN_POINT('',(1.865,-1.82499999999999,0.169999999999998));
#25870=DIRECTION('',(1.,-5.24334427359425E-32,-2.28983498828939E-16));
#25880=VECTOR('',#25870,1.);
#25890=LINE('',#25860,#25880);
#25900=EDGE_CURVE('',#25830,#23310,#25890,.T.);
#25910=ORIENTED_EDGE('',*,*,#25900,.F.);
#25920=EDGE_LOOP('',(#25910,#25850,#25770,#25760));
#25930=FACE_OUTER_BOUND('',#25920,.T.);
#25940=ADVANCED_FACE('',(#25930),#25750,.F.);
#25950=CARTESIAN_POINT('',(2.015,-1.82499999999999,0.169999999999998));
#25960=DIRECTION('',(5.24334427359425E-32,1.,-1.20063931733229E-47));
#25970=DIRECTION('',(-2.28983498828939E-16,0.,-1.));
#25980=AXIS2_PLACEMENT_3D('',#25950,#25960,#25970);
#25990=PLANE('',#25980);
#26000=ORIENTED_EDGE('',*,*,#23400,.T.);
#26010=ORIENTED_EDGE('',*,*,#25900,.T.);
#26020=CARTESIAN_POINT('',(1.865,-1.82499999999999,0.169999999999998));
#26030=DIRECTION('',(2.28983498828939E-16,2.28983498828939E-16,1.));
#26040=VECTOR('',#26030,1.);
#26050=LINE('',#26020,#26040);
#26060=CARTESIAN_POINT('',(1.865,-1.82499999999999,0.369999999999999));
#26070=VERTEX_POINT('',#26060);
#26080=EDGE_CURVE('',#25830,#26070,#26050,.T.);
#26090=ORIENTED_EDGE('',*,*,#26080,.F.);
#26100=CARTESIAN_POINT('',(1.865,-1.82499999999999,0.369999999999999));
#26110=DIRECTION('',(1.,-5.24334427359425E-32,-2.28983498828939E-16));
#26120=VECTOR('',#26110,1.);
#26130=LINE('',#26100,#26120);
#26140=EDGE_CURVE('',#26070,#23390,#26130,.T.);
#26150=ORIENTED_EDGE('',*,*,#26140,.F.);
#26160=EDGE_LOOP('',(#26150,#26090,#26010,#26000));
#26170=FACE_OUTER_BOUND('',#26160,.T.);
#26180=ADVANCED_FACE('',(#26170),#25990,.F.);
#26190=CARTESIAN_POINT('',(2.015,-1.82499999999999,0.369999999999999));
#26200=DIRECTION('',(-2.28983498828939E-16,1.20063931733229E-47,-1.));
#26210=DIRECTION('',(-5.24334427359425E-32,-1.,0.));
#26220=AXIS2_PLACEMENT_3D('',#26190,#26200,#26210);
#26230=PLANE('',#26220);
#26240=ORIENTED_EDGE('',*,*,#23480,.T.);
#26250=ORIENTED_EDGE('',*,*,#26140,.T.);
#26260=CARTESIAN_POINT('',(1.865,-1.82499999999999,0.369999999999999));
#26270=DIRECTION('',(-2.08005240798215E-46,1.,-2.28983498828939E-16));
#26280=VECTOR('',#26270,1.);
#26290=LINE('',#26260,#26280);
#26300=CARTESIAN_POINT('',(1.865,-1.79999999999999,0.370000000000002));
#26310=VERTEX_POINT('',#26300);
#26320=EDGE_CURVE('',#26070,#26310,#26290,.T.);
#26330=ORIENTED_EDGE('',*,*,#26320,.F.);
#26340=CARTESIAN_POINT('',(1.865,-1.79999999999998,0.370000000000002));
#26350=DIRECTION('',(1.,-5.24334427359425E-32,-2.28983498828939E-16));
#26360=VECTOR('',#26350,1.);
#26370=LINE('',#26340,#26360);
#26380=EDGE_CURVE('',#26310,#23470,#26370,.T.);
#26390=ORIENTED_EDGE('',*,*,#26380,.F.);
#26400=EDGE_LOOP('',(#26390,#26330,#26250,#26240));
#26410=FACE_OUTER_BOUND('',#26400,.T.);
#26420=ADVANCED_FACE('',(#26410),#26230,.F.);
#26430=CARTESIAN_POINT('',(2.015,-1.79999999999998,0.419999999999999));
#26440=DIRECTION('',(-1.,5.24334427359425E-32,2.28983498828939E-16));
#26450=DIRECTION('',(-5.24334427359425E-32,-1.,0.));
#26460=AXIS2_PLACEMENT_3D('',#26430,#26440,#26450);
#26470=CYLINDRICAL_SURFACE('',#26460,0.0499999999999972);
#26480=ORIENTED_EDGE('',*,*,#23570,.F.);
#26490=ORIENTED_EDGE('',*,*,#26380,.T.);
#26500=CARTESIAN_POINT('',(1.865,-1.79999999999998,0.419999999999999));
#26510=DIRECTION('',(1.,-5.24334427359425E-32,-2.28983498828939E-16));
#26520=DIRECTION('',(-2.28983498828939E-16,-3.46618567181897E-13,-1.));
#26530=AXIS2_PLACEMENT_3D('',#26500,#26510,#26520);
#26540=CIRCLE('',#26530,0.0499999999999972);
#26550=CARTESIAN_POINT('',(1.865,-1.74999999999999,0.419999999999977));
#26560=VERTEX_POINT('',#26550);
#26570=EDGE_CURVE('',#26310,#26560,#26540,.T.);
#26580=ORIENTED_EDGE('',*,*,#26570,.F.);
#26590=CARTESIAN_POINT('',(2.015,-1.74999999999998,0.419999999999999));
#26600=DIRECTION('',(-1.,5.24334427359425E-32,2.28983498828939E-16));
#26610=VECTOR('',#26600,1.);
#26620=LINE('',#26590,#26610);
#26630=EDGE_CURVE('',#23560,#26560,#26620,.T.);
#26640=ORIENTED_EDGE('',*,*,#26630,.T.);
#26650=EDGE_LOOP('',(#26640,#26580,#26490,#26480));
#26660=FACE_OUTER_BOUND('',#26650,.T.);
#26670=ADVANCED_FACE('',(#26660),#26470,.F.);
#26680=CARTESIAN_POINT('',(2.015,-1.74999999999999,0.419999999999999));
#26690=DIRECTION('',(5.24334427359425E-32,1.,-1.20063931733229E-47));
#26700=DIRECTION('',(-2.28983498828939E-16,0.,-1.));
#26710=AXIS2_PLACEMENT_3D('',#26680,#26690,#26700);
#26720=PLANE('',#26710);
#26730=ORIENTED_EDGE('',*,*,#23650,.F.);
#26740=ORIENTED_EDGE('',*,*,#26630,.F.);
#26750=CARTESIAN_POINT('',(1.865,-1.74999999999999,0.47));
#26760=DIRECTION('',(-2.28983498828939E-16,-2.28983498828939E-16,-1.));
#26770=VECTOR('',#26760,1.);
#26780=LINE('',#26750,#26770);
#26790=CARTESIAN_POINT('',(1.865,-1.74999999999998,0.470000000000031));
#26800=VERTEX_POINT('',#26790);
#26810=EDGE_CURVE('',#26800,#26560,#26780,.T.);
#26820=ORIENTED_EDGE('',*,*,#26810,.T.);
#26830=CARTESIAN_POINT('',(1.865,-1.74999999999998,0.47));
#26840=DIRECTION('',(1.,-5.24334427359425E-32,-2.28983498828939E-16));
#26850=VECTOR('',#26840,1.);
#26860=LINE('',#26830,#26850);
#26870=EDGE_CURVE('',#26800,#23640,#26860,.T.);
#26880=ORIENTED_EDGE('',*,*,#26870,.F.);
#26890=EDGE_LOOP('',(#26880,#26820,#26740,#26730));
#26900=FACE_OUTER_BOUND('',#26890,.T.);
#26910=ADVANCED_FACE('',(#26900),#26720,.F.);
#26920=CARTESIAN_POINT('',(2.015,-1.79999999999998,0.47));
#26930=DIRECTION('',(-1.,5.24334427359425E-32,2.28983498828939E-16));
#26940=DIRECTION('',(-5.24334427359425E-32,-1.,0.));
#26950=AXIS2_PLACEMENT_3D('',#26920,#26930,#26940);
#26960=CYLINDRICAL_SURFACE('',#26950,0.0499999999999998);
#26970=ORIENTED_EDGE('',*,*,#23740,.F.);
#26980=ORIENTED_EDGE('',*,*,#26870,.T.);
#26990=CARTESIAN_POINT('',(1.865,-1.79999999999998,0.47));
#27000=DIRECTION('',(1.,-5.24334427359425E-32,-2.28983498828939E-16));
#27010=DIRECTION('',(2.80661918935665E-28,1.,1.22545723568735E-12));
#27020=AXIS2_PLACEMENT_3D('',#26990,#27000,#27010);
#27030=CIRCLE('',#27020,0.0499999999999998);
#27040=CARTESIAN_POINT('',(1.865,-1.79999999999998,0.52));
#27050=VERTEX_POINT('',#27040);
#27060=EDGE_CURVE('',#26800,#27050,#27030,.T.);
#27070=ORIENTED_EDGE('',*,*,#27060,.F.);
#27080=CARTESIAN_POINT('',(2.015,-1.79999999999998,0.52));
#27090=DIRECTION('',(-1.,5.24334427359425E-32,2.28983498828939E-16));
#27100=VECTOR('',#27090,1.);
#27110=LINE('',#27080,#27100);
#27120=EDGE_CURVE('',#23730,#27050,#27110,.T.);
#27130=ORIENTED_EDGE('',*,*,#27120,.T.);
#27140=EDGE_LOOP('',(#27130,#27070,#26980,#26970));
#27150=FACE_OUTER_BOUND('',#27140,.T.);
#27160=ADVANCED_FACE('',(#27150),#26960,.F.);
#27170=CARTESIAN_POINT('',(2.015,-1.79999999999998,0.52));
#27180=DIRECTION('',(2.28983498828939E-16,-1.20063931733229E-47,1.));
#27190=DIRECTION('',(5.24334427359425E-32,1.,0.));
#27200=AXIS2_PLACEMENT_3D('',#27170,#27180,#27190);
#27210=PLANE('',#27200);
#27220=ORIENTED_EDGE('',*,*,#23820,.T.);
#27230=ORIENTED_EDGE('',*,*,#27120,.F.);
#27240=CARTESIAN_POINT('',(1.865,-1.79999999999998,0.52));
#27250=DIRECTION('',(-1.27111376329533E-31,-1.,-3.26128013483533E-16));
#27260=VECTOR('',#27250,1.);
#27270=LINE('',#27240,#27260);
#27280=CARTESIAN_POINT('',(1.865,-1.9,0.519999999999999));
#27290=VERTEX_POINT('',#27280);
#27300=EDGE_CURVE('',#27050,#27290,#27270,.T.);
#27310=ORIENTED_EDGE('',*,*,#27300,.F.);
#27320=CARTESIAN_POINT('',(1.865,-1.9,0.519999999999999));
#27330=DIRECTION('',(1.,-5.24334427359425E-32,-2.28983498828939E-16));
#27340=VECTOR('',#27330,1.);
#27350=LINE('',#27320,#27340);
#27360=EDGE_CURVE('',#27290,#23810,#27350,.T.);
#27370=ORIENTED_EDGE('',*,*,#27360,.F.);
#27380=EDGE_LOOP('',(#27370,#27310,#27230,#27220));
#27390=FACE_OUTER_BOUND('',#27380,.T.);
#27400=ADVANCED_FACE('',(#27390),#27210,.F.);
#27410=CARTESIAN_POINT('',(2.015,-1.9,0.519999999999999));
#27420=DIRECTION('',(5.24334427359425E-32,1.,-1.20063931733229E-47));
#27430=DIRECTION('',(-2.28983498828939E-16,0.,-1.));
#27440=AXIS2_PLACEMENT_3D('',#27410,#27420,#27430);
#27450=PLANE('',#27440);
#27460=ORIENTED_EDGE('',*,*,#23880,.F.);
#27470=ORIENTED_EDGE('',*,*,#27360,.T.);
#27480=CARTESIAN_POINT('',(1.865,-1.9,0.819999999999999));
#27490=DIRECTION('',(-2.28983498828939E-16,-2.28983498828939E-16,-1.));
#27500=VECTOR('',#27490,1.);
#27510=LINE('',#27480,#27500);
#27520=EDGE_CURVE('',#22560,#27290,#27510,.T.);
#27530=ORIENTED_EDGE('',*,*,#27520,.T.);
#27540=ORIENTED_EDGE('',*,*,#22590,.F.);
#27550=EDGE_LOOP('',(#27540,#27530,#27470,#27460));
#27560=FACE_OUTER_BOUND('',#27550,.T.);
#27570=ADVANCED_FACE('',(#27560),#27450,.F.);
#27580=CARTESIAN_POINT('',(1.865,-1.464196,0.375201));
#27590=DIRECTION('',(1.,-5.24334427359425E-32,-2.28983498828939E-16));
#27600=DIRECTION('',(5.24334427359425E-32,1.,0.));
#27610=AXIS2_PLACEMENT_3D('',#27580,#27590,#27600);
#27620=PLANE('',#27610);
#27630=CARTESIAN_POINT('',(1.865,-1.05,0.459999999999999));
#27640=DIRECTION('',(1.,-5.24334427359425E-32,-2.28983498828939E-16));
#27650=DIRECTION('',(2.28983498828939E-16,-4.21190859967169E-15,1.));
#27660=AXIS2_PLACEMENT_3D('',#27630,#27640,#27650);
#27670=CIRCLE('',#27660,0.05);
#27680=CARTESIAN_POINT('',(1.865,-1.05,0.509999999999999));
#27690=VERTEX_POINT('',#27680);
#27700=EDGE_CURVE('',#27690,#24290,#27670,.T.);
#27710=ORIENTED_EDGE('',*,*,#27700,.T.);
#27720=CARTESIAN_POINT('',(1.865,-1.05,0.509999999999999));
#27730=DIRECTION('',(-2.08005240798215E-46,1.,-2.28983498828939E-16));
#27740=VECTOR('',#27730,1.);
#27750=LINE('',#27720,#27740);
#27760=EDGE_CURVE('',#27690,#20610,#27750,.T.);
#27770=ORIENTED_EDGE('',*,*,#27760,.F.);
#27780=ORIENTED_EDGE('',*,*,#20640,.F.);
#27790=ORIENTED_EDGE('',*,*,#22650,.F.);
#27800=ORIENTED_EDGE('',*,*,#27520,.F.);
#27810=ORIENTED_EDGE('',*,*,#27300,.T.);
#27820=ORIENTED_EDGE('',*,*,#27060,.T.);
#27830=ORIENTED_EDGE('',*,*,#26810,.F.);
#27840=ORIENTED_EDGE('',*,*,#26570,.T.);
#27850=ORIENTED_EDGE('',*,*,#26320,.T.);
#27860=ORIENTED_EDGE('',*,*,#26080,.T.);
#27870=ORIENTED_EDGE('',*,*,#25840,.F.);
#27880=ORIENTED_EDGE('',*,*,#25600,.T.);
#27890=ORIENTED_EDGE('',*,*,#25350,.F.);
#27900=ORIENTED_EDGE('',*,*,#25110,.T.);
#27910=ORIENTED_EDGE('',*,*,#24870,.T.);
#27920=ORIENTED_EDGE('',*,*,#24630,.T.);
#27930=ORIENTED_EDGE('',*,*,#24380,.F.);
#27940=EDGE_LOOP('',(#27930,#27920,#27910,#27900,#27890,#27880,#27870,
#27860,#27850,#27840,#27830,#27820,#27810,#27800,#27790,#27780,#27770,
#27710));
#27950=FACE_OUTER_BOUND('',#27940,.T.);
#27960=ADVANCED_FACE('',(#27950),#27620,.F.);
#27970=CARTESIAN_POINT('',(2.015,-1.05,0.459999999999999));
#27980=DIRECTION('',(-1.,5.24334427359425E-32,2.28983498828939E-16));
#27990=DIRECTION('',(-2.08005240798215E-46,1.,-2.28983498828939E-16));
#28000=AXIS2_PLACEMENT_3D('',#27970,#27980,#27990);
#28010=CYLINDRICAL_SURFACE('',#28000,0.05);
#28020=ORIENTED_EDGE('',*,*,#27700,.F.);
#28030=ORIENTED_EDGE('',*,*,#24300,.T.);
#28040=ORIENTED_EDGE('',*,*,#24070,.F.);
#28050=CARTESIAN_POINT('',(1.865,-1.05,0.509999999999999));
#28060=DIRECTION('',(1.,-5.24334427359425E-32,-2.28983498828939E-16));
#28070=VECTOR('',#28060,1.);
#28080=LINE('',#28050,#28070);
#28090=EDGE_CURVE('',#27690,#23970,#28080,.T.);
#28100=ORIENTED_EDGE('',*,*,#28090,.T.);
#28110=EDGE_LOOP('',(#28100,#28040,#28030,#28020));
#28120=FACE_OUTER_BOUND('',#28110,.T.);
#28130=ADVANCED_FACE('',(#28120),#28010,.F.);
#28140=CARTESIAN_POINT('',(2.015,-1.1,0.509999999999999));
#28150=DIRECTION('',(-2.28983498828939E-16,-2.28983498828939E-16,-1.));
#28160=DIRECTION('',(-2.08005240798215E-46,1.,-2.28983498828939E-16));
#28170=AXIS2_PLACEMENT_3D('',#28140,#28150,#28160);
#28180=PLANE('',#28170);
#28190=ORIENTED_EDGE('',*,*,#23980,.F.);
#28200=ORIENTED_EDGE('',*,*,#20720,.F.);
#28210=ORIENTED_EDGE('',*,*,#27760,.T.);
#28220=ORIENTED_EDGE('',*,*,#28090,.F.);
#28230=EDGE_LOOP('',(#28220,#28210,#28200,#28190));
#28240=FACE_OUTER_BOUND('',#28230,.T.);
#28250=ADVANCED_FACE('',(#28240),#28180,.T.);
#28260=CARTESIAN_POINT('',(-1.7025,-1.9,0.0299999999999997));
#28270=DIRECTION('',(1.,-5.24334427359425E-32,-2.28983498828939E-16));
#28280=DIRECTION('',(-2.28983498828939E-16,-1.06522863446701E-16,-1.));
#28290=AXIS2_PLACEMENT_3D('',#28260,#28270,#28280);
#28300=PLANE('',#28290);
#28310=ORIENTED_EDGE('',*,*,#15220,.F.);
#28320=ORIENTED_EDGE('',*,*,#14760,.F.);
#28330=ORIENTED_EDGE('',*,*,#5600,.F.);
#28340=CARTESIAN_POINT('',(-1.7025,0.999999999999999,0.079999999999999))
;
#28350=DIRECTION('',(-2.82469725176793E-32,-1.,1.05625384981699E-16));
#28360=VECTOR('',#28350,1.);
#28370=LINE('',#28340,#28360);
#28380=CARTESIAN_POINT('',(-1.7025,-0.800000000000002,0.0799999999999992
));
#28390=VERTEX_POINT('',#28380);
#28400=EDGE_CURVE('',#5510,#28390,#28370,.T.);
#28410=ORIENTED_EDGE('',*,*,#28400,.F.);
#28420=CARTESIAN_POINT('',(-1.7025,-0.800000000000002,0.129999999999999)
);
#28430=DIRECTION('',(-2.28983498828939E-16,-2.28983498828939E-16,-1.));
#28440=VECTOR('',#28430,1.);
#28450=LINE('',#28420,#28440);
#28460=CARTESIAN_POINT('',(-1.7025,-0.800000000000002,0.129999999999999)
);
#28470=VERTEX_POINT('',#28460);
#28480=EDGE_CURVE('',#28470,#28390,#28450,.T.);
#28490=ORIENTED_EDGE('',*,*,#28480,.T.);
#28500=CARTESIAN_POINT('',(-1.7025,-0.800000000000002,0.129999999999999)
);
#28510=DIRECTION('',(-4.62223186652934E-32,-1.,2.71247670789112E-17));
#28520=VECTOR('',#28510,1.);
#28530=LINE('',#28500,#28520);
#28540=EDGE_CURVE('',#28470,#15210,#28530,.T.);
#28550=ORIENTED_EDGE('',*,*,#28540,.F.);
#28560=EDGE_LOOP('',(#28550,#28490,#28410,#28330,#28320,#28310));
#28570=FACE_OUTER_BOUND('',#28560,.T.);
#28580=ADVANCED_FACE('',(#28570),#28300,.F.);
#28590=CARTESIAN_POINT('',(-1.7275,-1.35,0.155));
#28600=DIRECTION('',(0.707106781186547,7.53230390945711E-17,
0.707106781186548));
#28610=DIRECTION('',(0.707106781186548,-7.5323039094571E-17,
-0.707106781186547));
#28620=AXIS2_PLACEMENT_3D('',#28590,#28600,#28610);
#28630=PLANE('',#28620);
#28640=CARTESIAN_POINT('',(-1.7525,-1.85,0.179999999999999));
#28650=DIRECTION('',(0.57735026918963,-0.577350269189631,
-0.577350269189616));
#28660=VECTOR('',#28650,1.);
#28670=LINE('',#28640,#28660);
#28680=CARTESIAN_POINT('',(-1.7525,-1.85,0.179999999999999));
#28690=VERTEX_POINT('',#28680);
#28700=EDGE_CURVE('',#28690,#15210,#28670,.T.);
#28710=ORIENTED_EDGE('',*,*,#28700,.F.);
#28720=ORIENTED_EDGE('',*,*,#28540,.T.);
#28730=CARTESIAN_POINT('',(-1.7025,-0.800000000000002,0.129999999999999)
);
#28740=DIRECTION('',(-0.707106781186553,1.61915784801763E-16,
0.707106781186542));
#28750=VECTOR('',#28740,1.);
#28760=LINE('',#28730,#28750);
#28770=CARTESIAN_POINT('',(-1.7525,-0.800000000000002,0.179999999999999)
);
#28780=VERTEX_POINT('',#28770);
#28790=EDGE_CURVE('',#28470,#28780,#28760,.T.);
#28800=ORIENTED_EDGE('',*,*,#28790,.F.);
#28810=CARTESIAN_POINT('',(-1.7525,-1.85000000000001,0.18));
#28820=DIRECTION('',(2.42116907294393E-32,1.,-1.23247972674162E-16));
#28830=VECTOR('',#28820,1.);
#28840=LINE('',#28810,#28830);
#28850=EDGE_CURVE('',#28690,#28780,#28840,.T.);
#28860=ORIENTED_EDGE('',*,*,#28850,.T.);
#28870=EDGE_LOOP('',(#28860,#28800,#28720,#28710));
#28880=FACE_OUTER_BOUND('',#28870,.T.);
#28890=ADVANCED_FACE('',(#28880),#28630,.F.);
#28900=CARTESIAN_POINT('',(-1.7025,-1.9,0.18));
#28910=DIRECTION('',(2.28983498828939E-16,1.06522863446701E-16,1.));
#28920=DIRECTION('',(1.,-5.24334427359425E-32,-2.28983498828939E-16));
#28930=AXIS2_PLACEMENT_3D('',#28900,#28910,#28920);
#28940=PLANE('',#28930);
#28950=CARTESIAN_POINT('',(-1.8525,-0.800000000000001,0.179999999999999)
);
#28960=DIRECTION('',(-2.67602897535909E-32,-1.,1.12117917289449E-16));
#28970=VECTOR('',#28960,1.);
#28980=LINE('',#28950,#28970);
#28990=CARTESIAN_POINT('',(-1.8525,-0.800000000000002,0.179999999999999)
);
#29000=VERTEX_POINT('',#28990);
#29010=CARTESIAN_POINT('',(-1.8525,-1.75,0.18));
#29020=VERTEX_POINT('',#29010);
#29030=EDGE_CURVE('',#29000,#29020,#28980,.T.);
#29040=ORIENTED_EDGE('',*,*,#29030,.F.);
#29050=CARTESIAN_POINT('',(-1.7525,-1.85000000000001,0.18));
#29060=DIRECTION('',(-0.707106781186544,0.707106781186551,
-1.42981039071308E-30));
#29070=VECTOR('',#29060,1.);
#29080=LINE('',#29050,#29070);
#29090=EDGE_CURVE('',#28690,#29020,#29080,.T.);
#29100=ORIENTED_EDGE('',*,*,#29090,.T.);
#29110=ORIENTED_EDGE('',*,*,#28850,.F.);
#29120=CARTESIAN_POINT('',(-1.8525,-0.800000000000002,0.18));
#29130=DIRECTION('',(1.,-5.24334427359425E-32,-2.28983498828939E-16));
#29140=VECTOR('',#29130,1.);
#29150=LINE('',#29120,#29140);
#29160=EDGE_CURVE('',#29000,#28780,#29150,.T.);
#29170=ORIENTED_EDGE('',*,*,#29160,.T.);
#29180=EDGE_LOOP('',(#29170,#29110,#29100,#29040));
#29190=FACE_OUTER_BOUND('',#29180,.T.);
#29200=ADVANCED_FACE('',(#29190),#28940,.F.);
#29210=CARTESIAN_POINT('',(-1.68367832868971,-0.800000000000002,
0.556369515364617));
#29220=DIRECTION('',(-2.80414647586396E-32,-1.,1.06522863446701E-16));
#29230=DIRECTION('',(-2.28983498828939E-16,-1.06522863446701E-16,-1.));
#29240=AXIS2_PLACEMENT_3D('',#29210,#29220,#29230);
#29250=PLANE('',#29240);
#29260=ORIENTED_EDGE('',*,*,#28790,.T.);
#29270=ORIENTED_EDGE('',*,*,#28480,.F.);
#29280=CARTESIAN_POINT('',(-2.25,-0.800000000000002,0.0799999999999995))
;
#29290=DIRECTION('',(1.,-5.24334427359425E-32,-2.28983498828939E-16));
#29300=VECTOR('',#29290,1.);
#29310=LINE('',#29280,#29300);
#29320=CARTESIAN_POINT('',(-2.25,-0.800000000000002,0.0799999999999993))
;
#29330=VERTEX_POINT('',#29320);
#29340=EDGE_CURVE('',#29330,#28390,#29310,.T.);
#29350=ORIENTED_EDGE('',*,*,#29340,.T.);
#29360=CARTESIAN_POINT('',(-2.25,-0.800000000000002,0.179999999999999));
#29370=DIRECTION('',(-2.28983498828939E-16,-2.28983498828939E-16,-1.));
#29380=VECTOR('',#29370,1.);
#29390=LINE('',#29360,#29380);
#29400=CARTESIAN_POINT('',(-2.25,-0.800000000000002,0.179999999999999));
#29410=VERTEX_POINT('',#29400);
#29420=EDGE_CURVE('',#29410,#29330,#29390,.T.);
#29430=ORIENTED_EDGE('',*,*,#29420,.T.);
#29440=CARTESIAN_POINT('',(-1.8525,-0.800000000000002,0.179999999999999)
);
#29450=DIRECTION('',(-1.,5.24334427359425E-32,2.28983498828939E-16));
#29460=VECTOR('',#29450,1.);
#29470=LINE('',#29440,#29460);
#29480=EDGE_CURVE('',#29000,#29410,#29470,.T.);
#29490=ORIENTED_EDGE('',*,*,#29480,.T.);
#29500=ORIENTED_EDGE('',*,*,#29160,.F.);
#29510=EDGE_LOOP('',(#29500,#29490,#29430,#29350,#29270,#29260));
#29520=FACE_OUTER_BOUND('',#29510,.T.);
#29530=ADVANCED_FACE('',(#29520),#29250,.T.);
#29540=CARTESIAN_POINT('',(-2.25,0.999999999999999,0.0799999999999991));
#29550=DIRECTION('',(-2.28983498828939E-16,-1.06522863446701E-16,-1.));
#29560=DIRECTION('',(-2.80414647586396E-32,-1.,1.06522863446701E-16));
#29570=AXIS2_PLACEMENT_3D('',#29540,#29550,#29560);
#29580=PLANE('',#29570);
#29590=ORIENTED_EDGE('',*,*,#29340,.F.);
#29600=ORIENTED_EDGE('',*,*,#28400,.T.);
#29610=ORIENTED_EDGE('',*,*,#5520,.T.);
#29620=CARTESIAN_POINT('',(-2.25,0.999999999999999,0.0799999999999989));
#29630=DIRECTION('',(-2.82469725176793E-32,-1.,1.05625384981699E-16));
#29640=VECTOR('',#29630,1.);
#29650=LINE('',#29620,#29640);
#29660=EDGE_CURVE('',#5430,#29330,#29650,.T.);
#29670=ORIENTED_EDGE('',*,*,#29660,.F.);
#29680=EDGE_LOOP('',(#29670,#29610,#29600,#29590));
#29690=FACE_OUTER_BOUND('',#29680,.T.);
#29700=ADVANCED_FACE('',(#29690),#29580,.T.);
#29710=CARTESIAN_POINT('',(-2.25,0.694862999999999,0.841613999999999));
#29720=DIRECTION('',(1.,-5.24334427359425E-32,-2.28983498828939E-16));
#29730=DIRECTION('',(2.80414647586396E-32,1.,-1.06522863446701E-16));
#29740=AXIS2_PLACEMENT_3D('',#29710,#29720,#29730);
#29750=PLANE('',#29740);
#29760=ORIENTED_EDGE('',*,*,#1820,.F.);
#29770=CARTESIAN_POINT('',(-2.25,-1.,0.329999999999999));
#29780=DIRECTION('',(2.28983498828939E-16,2.28983498828939E-16,1.));
#29790=VECTOR('',#29780,1.);
#29800=LINE('',#29770,#29790);
#29810=CARTESIAN_POINT('',(-2.25,-1.,0.33));
#29820=VERTEX_POINT('',#29810);
#29830=EDGE_CURVE('',#29820,#1730,#29800,.T.);
#29840=ORIENTED_EDGE('',*,*,#29830,.T.);
#29850=CARTESIAN_POINT('',(-2.25,-0.800000000000002,0.179999999999999));
#29860=DIRECTION('',(1.37390099297363E-16,-0.8,0.6));
#29870=VECTOR('',#29860,1.);
#29880=LINE('',#29850,#29870);
#29890=EDGE_CURVE('',#29410,#29820,#29880,.T.);
#29900=ORIENTED_EDGE('',*,*,#29890,.T.);
#29910=ORIENTED_EDGE('',*,*,#29420,.F.);
#29920=ORIENTED_EDGE('',*,*,#29660,.T.);
#29930=ORIENTED_EDGE('',*,*,#5440,.F.);
#29940=EDGE_LOOP('',(#29930,#29920,#29910,#29900,#29840,#29760));
#29950=FACE_OUTER_BOUND('',#29940,.T.);
#29960=ADVANCED_FACE('',(#29950),#29750,.F.);
#29970=CARTESIAN_POINT('',(-2.05,-1.,0.33));
#29980=DIRECTION('',(-2.80414647586396E-32,-1.,1.06522863446701E-16));
#29990=DIRECTION('',(2.28983498828939E-16,1.06522863446701E-16,1.));
#30000=AXIS2_PLACEMENT_3D('',#29970,#29980,#29990);
#30010=PLANE('',#30000);
#30020=CARTESIAN_POINT('',(-1.8525,-1.,0.33));
#30030=DIRECTION('',(2.28983498828939E-16,2.28983498828939E-16,1.));
#30040=VECTOR('',#30030,1.);
#30050=LINE('',#30020,#30040);
#30060=CARTESIAN_POINT('',(-1.8525,-1.,0.33));
#30070=VERTEX_POINT('',#30060);
#30080=EDGE_CURVE('',#30070,#1650,#30050,.T.);
#30090=ORIENTED_EDGE('',*,*,#30080,.T.);
#30100=CARTESIAN_POINT('',(-1.8525,-1.,0.33));
#30110=DIRECTION('',(-1.,5.24334427359425E-32,2.28983498828939E-16));
#30120=VECTOR('',#30110,1.);
#30130=LINE('',#30100,#30120);
#30140=EDGE_CURVE('',#30070,#29820,#30130,.T.);
#30150=ORIENTED_EDGE('',*,*,#30140,.F.);
#30160=ORIENTED_EDGE('',*,*,#29830,.F.);
#30170=ORIENTED_EDGE('',*,*,#1740,.T.);
#30180=EDGE_LOOP('',(#30170,#30160,#30150,#30090));
#30190=FACE_OUTER_BOUND('',#30180,.T.);
#30200=CARTESIAN_POINT('',(-2.015,-1.,0.819999999999999));
#30210=DIRECTION('',(1.,-5.24334427359425E-32,-2.28983498828939E-16));
#30220=VECTOR('',#30210,1.);
#30230=LINE('',#30200,#30220);
#30240=CARTESIAN_POINT('',(-2.015,-1.,0.819999999999999));
#30250=VERTEX_POINT('',#30240);
#30260=CARTESIAN_POINT('',(-1.865,-1.,0.819999999999999));
#30270=VERTEX_POINT('',#30260);
#30280=EDGE_CURVE('',#30250,#30270,#30230,.T.);
#30290=ORIENTED_EDGE('',*,*,#30280,.T.);
#30300=CARTESIAN_POINT('',(-2.015,-1.,0.82));
#30310=DIRECTION('',(-2.28983498828939E-16,-2.28983498828939E-16,-1.));
#30320=VECTOR('',#30310,1.);
#30330=LINE('',#30300,#30320);
#30340=CARTESIAN_POINT('',(-2.015,-1.,0.51));
#30350=VERTEX_POINT('',#30340);
#30360=EDGE_CURVE('',#30250,#30350,#30330,.T.);
#30370=ORIENTED_EDGE('',*,*,#30360,.F.);
#30380=CARTESIAN_POINT('',(-1.865,-1.,0.51));
#30390=DIRECTION('',(-1.,5.24334427359425E-32,2.28983498828939E-16));
#30400=VECTOR('',#30390,1.);
#30410=LINE('',#30380,#30400);
#30420=CARTESIAN_POINT('',(-1.865,-1.,0.51));
#30430=VERTEX_POINT('',#30420);
#30440=EDGE_CURVE('',#30430,#30350,#30410,.T.);
#30450=ORIENTED_EDGE('',*,*,#30440,.T.);
#30460=CARTESIAN_POINT('',(-1.865,-1.,0.819999999999999));
#30470=DIRECTION('',(-2.28983498828939E-16,-2.28983498828939E-16,-1.));
#30480=VECTOR('',#30470,1.);
#30490=LINE('',#30460,#30480);
#30500=EDGE_CURVE('',#30270,#30430,#30490,.T.);
#30510=ORIENTED_EDGE('',*,*,#30500,.T.);
#30520=EDGE_LOOP('',(#30510,#30450,#30370,#30290));
#30530=FACE_BOUND('',#30520,.T.);
#30540=ADVANCED_FACE('',(#30190,#30530),#30010,.T.);
#30550=CARTESIAN_POINT('',(-1.8525,0.0749362304206369,0.402847335292078)
);
#30560=DIRECTION('',(1.,-5.24334427359425E-32,-2.28983498828939E-16));
#30570=DIRECTION('',(2.80414647586396E-32,1.,-1.06522863446701E-16));
#30580=AXIS2_PLACEMENT_3D('',#30550,#30560,#30570);
#30590=PLANE('',#30580);
#30600=ORIENTED_EDGE('',*,*,#30080,.F.);
#30610=ORIENTED_EDGE('',*,*,#1660,.F.);
#30620=CARTESIAN_POINT('',(-1.8525,-1.75,1.));
#30630=DIRECTION('',(-2.28983498828939E-16,-2.28983498828939E-16,-1.));
#30640=VECTOR('',#30630,1.);
#30650=LINE('',#30620,#30640);
#30660=EDGE_CURVE('',#1570,#29020,#30650,.T.);
#30670=ORIENTED_EDGE('',*,*,#30660,.F.);
#30680=ORIENTED_EDGE('',*,*,#29030,.T.);
#30690=CARTESIAN_POINT('',(-1.8525,-1.,0.33));
#30700=DIRECTION('',(-1.37390099297363E-16,0.8,-0.600000000000001));
#30710=VECTOR('',#30700,1.);
#30720=LINE('',#30690,#30710);
#30730=EDGE_CURVE('',#30070,#29000,#30720,.T.);
#30740=ORIENTED_EDGE('',*,*,#30730,.T.);
#30750=EDGE_LOOP('',(#30740,#30680,#30670,#30610,#30600));
#30760=FACE_OUTER_BOUND('',#30750,.T.);
#30770=ADVANCED_FACE('',(#30760),#30590,.F.);
#30780=CARTESIAN_POINT('',(-2.05,-0.800000000000002,0.179999999999999));
#30790=DIRECTION('',(-1.83186799063151E-16,-0.6,-0.8));
#30800=DIRECTION('',(1.37390099297363E-16,-0.8,0.6));
#30810=AXIS2_PLACEMENT_3D('',#30780,#30790,#30800);
#30820=PLANE('',#30810);
#30830=ORIENTED_EDGE('',*,*,#29890,.F.);
#30840=ORIENTED_EDGE('',*,*,#30140,.T.);
#30850=ORIENTED_EDGE('',*,*,#30730,.F.);
#30860=ORIENTED_EDGE('',*,*,#29480,.F.);
#30870=EDGE_LOOP('',(#30860,#30850,#30840,#30830));
#30880=FACE_OUTER_BOUND('',#30870,.T.);
#30890=ADVANCED_FACE('',(#30880),#30820,.T.);
#30900=CARTESIAN_POINT('',(-1.7775,-1.825,0.615));
#30910=DIRECTION('',(0.707106781186551,0.707106781186544,
-3.23831569603529E-16));
#30920=DIRECTION('',(-0.707106781186544,0.707106781186551,
-1.60237371373018E-30));
#30930=AXIS2_PLACEMENT_3D('',#30900,#30910,#30920);
#30940=PLANE('',#30930);
#30950=ORIENTED_EDGE('',*,*,#15280,.F.);
#30960=ORIENTED_EDGE('',*,*,#28700,.T.);
#30970=ORIENTED_EDGE('',*,*,#29090,.F.);
#30980=ORIENTED_EDGE('',*,*,#30660,.T.);
#30990=ORIENTED_EDGE('',*,*,#1580,.F.);
#31000=EDGE_LOOP('',(#30990,#30980,#30970,#30960,#30950));
#31010=FACE_OUTER_BOUND('',#31000,.T.);
#31020=ADVANCED_FACE('',(#31010),#30940,.F.);
#31030=CARTESIAN_POINT('',(-1.865,-1.464196,0.375201));
#31040=DIRECTION('',(1.,-5.24334427359425E-32,-2.28983498828939E-16));
#31050=DIRECTION('',(5.24334427359425E-32,1.,0.));
#31060=AXIS2_PLACEMENT_3D('',#31030,#31040,#31050);
#31070=PLANE('',#31060);
#31080=CARTESIAN_POINT('',(-1.865,-1.9,0.819999999999999));
#31090=DIRECTION('',(5.20803555794714E-32,1.,-1.54197642309098E-18));
#31100=VECTOR('',#31090,1.);
#31110=LINE('',#31080,#31100);
#31120=CARTESIAN_POINT('',(-1.865,-1.9,0.819999999999999));
#31130=VERTEX_POINT('',#31120);
#31140=EDGE_CURVE('',#31130,#30270,#31110,.T.);
#31150=ORIENTED_EDGE('',*,*,#31140,.F.);
#31160=ORIENTED_EDGE('',*,*,#30500,.F.);
#31170=CARTESIAN_POINT('',(-1.865,-1.,0.51));
#31180=DIRECTION('',(2.08005240798215E-46,-1.,2.28983498828939E-16));
#31190=VECTOR('',#31180,1.);
#31200=LINE('',#31170,#31190);
#31210=CARTESIAN_POINT('',(-1.865,-1.05,0.51));
#31220=VERTEX_POINT('',#31210);
#31230=EDGE_CURVE('',#30430,#31220,#31200,.T.);
#31240=ORIENTED_EDGE('',*,*,#31230,.F.);
#31250=CARTESIAN_POINT('',(-1.865,-1.05,0.46));
#31260=DIRECTION('',(-1.,5.24334427359425E-32,2.28983498828939E-16));
#31270=DIRECTION('',(2.08005240798215E-46,-1.,2.28983498828939E-16));
#31280=AXIS2_PLACEMENT_3D('',#31250,#31260,#31270);
#31290=CIRCLE('',#31280,0.05);
#31300=CARTESIAN_POINT('',(-1.865,-1.1,0.46));
#31310=VERTEX_POINT('',#31300);
#31320=EDGE_CURVE('',#31310,#31220,#31290,.T.);
#31330=ORIENTED_EDGE('',*,*,#31320,.T.);
#31340=CARTESIAN_POINT('',(-1.865,-1.09999999999999,0.46));
#31350=DIRECTION('',(-2.28983498828939E-16,-2.28983498828939E-16,-1.));
#31360=VECTOR('',#31350,1.);
#31370=LINE('',#31340,#31360);
#31380=CARTESIAN_POINT('',(-1.865,-1.1,0.0678271361313434));
#31390=VERTEX_POINT('',#31380);
#31400=EDGE_CURVE('',#31310,#31390,#31370,.T.);
#31410=ORIENTED_EDGE('',*,*,#31400,.F.);
#31420=CARTESIAN_POINT('',(-1.865,-1.15,0.0678271361313576));
#31430=DIRECTION('',(1.,-5.24334427359425E-32,-2.28983498828939E-16));
#31440=DIRECTION('',(-2.28757676783042E-16,0.044400613621414,
-0.999013806466178));
#31450=AXIS2_PLACEMENT_3D('',#31420,#31430,#31440);
#31460=CIRCLE('',#31450,0.0500000000000043);
#31470=CARTESIAN_POINT('',(-1.865,-1.14777996931894,0.0178764458080471))
;
#31480=VERTEX_POINT('',#31470);
#31490=EDGE_CURVE('',#31480,#31390,#31460,.T.);
#31500=ORIENTED_EDGE('',*,*,#31490,.T.);
#31510=CARTESIAN_POINT('',(-1.865,-1.54999999999999,
-8.88178419700125E-16));
#31520=DIRECTION('',(1.01670078570251E-17,0.999013806466209,
0.0444006136207234));
#31530=VECTOR('',#31520,1.);
#31540=LINE('',#31510,#31530);
#31550=CARTESIAN_POINT('',(-1.865,-1.55,-2.88657986402541E-15));
#31560=VERTEX_POINT('',#31550);
#31570=EDGE_CURVE('',#31560,#31480,#31540,.T.);
#31580=ORIENTED_EDGE('',*,*,#31570,.T.);
#31590=CARTESIAN_POINT('',(-1.865,-1.59999999999999,0.0499999999999997))
;
#31600=DIRECTION('',(-1.6191578480177E-16,0.707106781186523,
-0.707106781186572));
#31610=VECTOR('',#31600,1.);
#31620=LINE('',#31590,#31610);
#31630=CARTESIAN_POINT('',(-1.865,-1.59999999999999,0.0499999999999997))
;
#31640=VERTEX_POINT('',#31630);
#31650=EDGE_CURVE('',#31640,#31560,#31620,.T.);
#31660=ORIENTED_EDGE('',*,*,#31650,.T.);
#31670=CARTESIAN_POINT('',(-1.865,-1.59999999999999,0.119999999999935));
#31680=DIRECTION('',(-2.28983498828939E-16,-2.28983498828939E-16,-1.));
#31690=VECTOR('',#31680,1.);
#31700=LINE('',#31670,#31690);
#31710=CARTESIAN_POINT('',(-1.865,-1.6,0.119999999999968));
#31720=VERTEX_POINT('',#31710);
#31730=EDGE_CURVE('',#31720,#31640,#31700,.T.);
#31740=ORIENTED_EDGE('',*,*,#31730,.T.);
#31750=CARTESIAN_POINT('',(-1.865,-1.65,0.12));
#31760=DIRECTION('',(-1.,5.24334427359425E-32,2.28983498828939E-16));
#31770=DIRECTION('',(2.28983498828939E-16,1.15692178059846E-13,1.));
#31780=AXIS2_PLACEMENT_3D('',#31750,#31760,#31770);
#31790=CIRCLE('',#31780,0.0499999999999998);
#31800=CARTESIAN_POINT('',(-1.865,-1.65,0.169999999999999));
#31810=VERTEX_POINT('',#31800);
#31820=EDGE_CURVE('',#31810,#31720,#31790,.T.);
#31830=ORIENTED_EDGE('',*,*,#31820,.T.);
#31840=CARTESIAN_POINT('',(-1.865,-1.82499999999999,0.169999999999999));
#31850=DIRECTION('',(-2.08005240798215E-46,1.,-2.28983498828939E-16));
#31860=VECTOR('',#31850,1.);
#31870=LINE('',#31840,#31860);
#31880=CARTESIAN_POINT('',(-1.865,-1.82499999999999,0.169999999999999));
#31890=VERTEX_POINT('',#31880);
#31900=EDGE_CURVE('',#31890,#31810,#31870,.T.);
#31910=ORIENTED_EDGE('',*,*,#31900,.T.);
#31920=CARTESIAN_POINT('',(-1.865,-1.82499999999999,0.169999999999999));
#31930=DIRECTION('',(2.28983498828939E-16,2.28983498828939E-16,1.));
#31940=VECTOR('',#31930,1.);
#31950=LINE('',#31920,#31940);
#31960=CARTESIAN_POINT('',(-1.865,-1.82499999999999,0.37));
#31970=VERTEX_POINT('',#31960);
#31980=EDGE_CURVE('',#31890,#31970,#31950,.T.);
#31990=ORIENTED_EDGE('',*,*,#31980,.F.);
#32000=CARTESIAN_POINT('',(-1.865,-1.82499999999999,0.37));
#32010=DIRECTION('',(-2.08005240798215E-46,1.,-2.28983498828939E-16));
#32020=VECTOR('',#32010,1.);
#32030=LINE('',#32000,#32020);
#32040=CARTESIAN_POINT('',(-1.865,-1.79999999999999,0.370000000000002));
#32050=VERTEX_POINT('',#32040);
#32060=EDGE_CURVE('',#31970,#32050,#32030,.T.);
#32070=ORIENTED_EDGE('',*,*,#32060,.F.);
#32080=CARTESIAN_POINT('',(-1.865,-1.79999999999998,0.42));
#32090=DIRECTION('',(-1.,5.24334427359425E-32,2.28983498828939E-16));
#32100=DIRECTION('',(-2.046493158906E-28,1.,-8.93958518322131E-13));
#32110=AXIS2_PLACEMENT_3D('',#32080,#32090,#32100);
#32120=CIRCLE('',#32110,0.0499999999999972);
#32130=CARTESIAN_POINT('',(-1.865,-1.74999999999999,0.419999999999977));
#32140=VERTEX_POINT('',#32130);
#32150=EDGE_CURVE('',#32140,#32050,#32120,.T.);
#32160=ORIENTED_EDGE('',*,*,#32150,.T.);
#32170=CARTESIAN_POINT('',(-1.865,-1.74999999999999,0.470000000000062));
#32180=DIRECTION('',(-2.28983498828939E-16,-2.28983498828939E-16,-1.));
#32190=VECTOR('',#32180,1.);
#32200=LINE('',#32170,#32190);
#32210=CARTESIAN_POINT('',(-1.865,-1.74999999999998,0.470000000000031));
#32220=VERTEX_POINT('',#32210);
#32230=EDGE_CURVE('',#32220,#32140,#32200,.T.);
#32240=ORIENTED_EDGE('',*,*,#32230,.T.);
#32250=CARTESIAN_POINT('',(-1.865,-1.79999999999998,0.470000000000001));
#32260=DIRECTION('',(-1.,5.24334427359425E-32,2.28983498828939E-16));
#32270=DIRECTION('',(2.28983498828939E-16,-1.75345848951736E-14,1.));
#32280=AXIS2_PLACEMENT_3D('',#32250,#32260,#32270);
#32290=CIRCLE('',#32280,0.0499999999999998);
#32300=CARTESIAN_POINT('',(-1.865,-1.79999999999998,0.52));
#32310=VERTEX_POINT('',#32300);
#32320=EDGE_CURVE('',#32310,#32220,#32290,.T.);
#32330=ORIENTED_EDGE('',*,*,#32320,.T.);
#32340=CARTESIAN_POINT('',(-1.865,-1.79999999999998,0.520000000000001));
#32350=DIRECTION('',(2.08005240798215E-46,-1.,2.28983498828939E-16));
#32360=VECTOR('',#32350,1.);
#32370=LINE('',#32340,#32360);
#32380=CARTESIAN_POINT('',(-1.865,-1.9,0.52));
#32390=VERTEX_POINT('',#32380);
#32400=EDGE_CURVE('',#32310,#32390,#32370,.T.);
#32410=ORIENTED_EDGE('',*,*,#32400,.F.);
#32420=CARTESIAN_POINT('',(-1.865,-1.9,0.82));
#32430=DIRECTION('',(-2.28983498828939E-16,-2.28983498828939E-16,-1.));
#32440=VECTOR('',#32430,1.);
#32450=LINE('',#32420,#32440);
#32460=EDGE_CURVE('',#31130,#32390,#32450,.T.);
#32470=ORIENTED_EDGE('',*,*,#32460,.T.);
#32480=EDGE_LOOP('',(#32470,#32410,#32330,#32240,#32160,#32070,#31990,
#31910,#31830,#31740,#31660,#31580,#31500,#31410,#31330,#31240,#31160,
#31150));
#32490=FACE_OUTER_BOUND('',#32480,.T.);
#32500=ADVANCED_FACE('',(#32490),#31070,.T.);
#32510=CARTESIAN_POINT('',(-2.015,-1.9,0.52));
#32520=DIRECTION('',(-5.24334427359425E-32,-1.,1.20063931733229E-47));
#32530=DIRECTION('',(2.28983498828939E-16,0.,1.));
#32540=AXIS2_PLACEMENT_3D('',#32510,#32520,#32530);
#32550=PLANE('',#32540);
#32560=CARTESIAN_POINT('',(-1.865,-1.9,0.819999999999999));
#32570=DIRECTION('',(-1.,5.24334427359425E-32,2.28983498828939E-16));
#32580=VECTOR('',#32570,1.);
#32590=LINE('',#32560,#32580);
#32600=CARTESIAN_POINT('',(-2.015,-1.9,0.819999999999999));
#32610=VERTEX_POINT('',#32600);
#32620=EDGE_CURVE('',#31130,#32610,#32590,.T.);
#32630=ORIENTED_EDGE('',*,*,#32620,.T.);
#32640=ORIENTED_EDGE('',*,*,#32460,.F.);
#32650=CARTESIAN_POINT('',(-1.865,-1.9,0.520000000000001));
#32660=DIRECTION('',(-1.,5.24334427359425E-32,2.28983498828939E-16));
#32670=VECTOR('',#32660,1.);
#32680=LINE('',#32650,#32670);
#32690=CARTESIAN_POINT('',(-2.015,-1.9,0.52));
#32700=VERTEX_POINT('',#32690);
#32710=EDGE_CURVE('',#32390,#32700,#32680,.T.);
#32720=ORIENTED_EDGE('',*,*,#32710,.F.);
#32730=CARTESIAN_POINT('',(-2.015,-1.9,0.819999999999999));
#32740=DIRECTION('',(-2.28983498828939E-16,-2.28983498828939E-16,-1.));
#32750=VECTOR('',#32740,1.);
#32760=LINE('',#32730,#32750);
#32770=EDGE_CURVE('',#32610,#32700,#32760,.T.);
#32780=ORIENTED_EDGE('',*,*,#32770,.T.);
#32790=EDGE_LOOP('',(#32780,#32720,#32640,#32630));
#32800=FACE_OUTER_BOUND('',#32790,.T.);
#32810=ADVANCED_FACE('',(#32800),#32550,.T.);
#32820=CARTESIAN_POINT('',(-2.015,-1.464196,0.375201));
#32830=DIRECTION('',(1.,-5.24334427359425E-32,-2.28983498828939E-16));
#32840=DIRECTION('',(5.24334427359425E-32,1.,0.));
#32850=AXIS2_PLACEMENT_3D('',#32820,#32830,#32840);
#32860=PLANE('',#32850);
#32870=CARTESIAN_POINT('',(-2.015,-1.05,0.46));
#32880=DIRECTION('',(1.,-5.24334427359425E-32,-2.28983498828939E-16));
#32890=DIRECTION('',(2.28983498828939E-16,-4.21190859967169E-15,1.));
#32900=AXIS2_PLACEMENT_3D('',#32870,#32880,#32890);
#32910=CIRCLE('',#32900,0.05);
#32920=CARTESIAN_POINT('',(-2.015,-1.05,0.51));
#32930=VERTEX_POINT('',#32920);
#32940=CARTESIAN_POINT('',(-2.015,-1.1,0.46));
#32950=VERTEX_POINT('',#32940);
#32960=EDGE_CURVE('',#32930,#32950,#32910,.T.);
#32970=ORIENTED_EDGE('',*,*,#32960,.T.);
#32980=CARTESIAN_POINT('',(-2.015,-1.,0.51));
#32990=DIRECTION('',(-2.54222752659114E-31,-1.,-8.81239525796212E-16));
#33000=VECTOR('',#32990,1.);
#33010=LINE('',#32980,#33000);
#33020=EDGE_CURVE('',#30350,#32930,#33010,.T.);
#33030=ORIENTED_EDGE('',*,*,#33020,.T.);
#33040=ORIENTED_EDGE('',*,*,#30360,.T.);
#33050=CARTESIAN_POINT('',(-2.015,-1.9,0.82));
#33060=DIRECTION('',(5.64939450353588E-32,1.,1.77327288655402E-17));
#33070=VECTOR('',#33060,1.);
#33080=LINE('',#33050,#33070);
#33090=EDGE_CURVE('',#32610,#30250,#33080,.T.);
#33100=ORIENTED_EDGE('',*,*,#33090,.T.);
#33110=ORIENTED_EDGE('',*,*,#32770,.F.);
#33120=CARTESIAN_POINT('',(-2.015,-1.79999999999998,0.520000000000001));
#33130=DIRECTION('',(-1.27111376329533E-31,-1.,-3.26128013483533E-16));
#33140=VECTOR('',#33130,1.);
#33150=LINE('',#33120,#33140);
#33160=CARTESIAN_POINT('',(-2.015,-1.79999999999998,0.520000000000001));
#33170=VERTEX_POINT('',#33160);
#33180=EDGE_CURVE('',#33170,#32700,#33150,.T.);
#33190=ORIENTED_EDGE('',*,*,#33180,.T.);
#33200=CARTESIAN_POINT('',(-2.015,-1.79999999999998,0.470000000000001));
#33210=DIRECTION('',(1.,-5.24334427359425E-32,-2.28983498828939E-16));
#33220=DIRECTION('',(2.80661918935665E-28,1.,1.22545723568735E-12));
#33230=AXIS2_PLACEMENT_3D('',#33200,#33210,#33220);
#33240=CIRCLE('',#33230,0.0499999999999998);
#33250=CARTESIAN_POINT('',(-2.015,-1.74999999999998,0.470000000000001));
#33260=VERTEX_POINT('',#33250);
#33270=EDGE_CURVE('',#33260,#33170,#33240,.T.);
#33280=ORIENTED_EDGE('',*,*,#33270,.T.);
#33290=CARTESIAN_POINT('',(-2.015,-1.74999999999999,0.470000000000001));
#33300=DIRECTION('',(-2.28983498828939E-16,-2.28983498828939E-16,-1.));
#33310=VECTOR('',#33300,1.);
#33320=LINE('',#33290,#33310);
#33330=CARTESIAN_POINT('',(-2.015,-1.74999999999998,0.419999999999977));
#33340=VERTEX_POINT('',#33330);
#33350=EDGE_CURVE('',#33260,#33340,#33320,.T.);
#33360=ORIENTED_EDGE('',*,*,#33350,.F.);
#33370=CARTESIAN_POINT('',(-2.015,-1.79999999999998,0.42));
#33380=DIRECTION('',(1.,-5.24334427359425E-32,-2.28983498828939E-16));
#33390=DIRECTION('',(-2.28983498828939E-16,-3.46618567181897E-13,-1.));
#33400=AXIS2_PLACEMENT_3D('',#33370,#33380,#33390);
#33410=CIRCLE('',#33400,0.0499999999999972);
#33420=CARTESIAN_POINT('',(-2.015,-1.79999999999999,0.37));
#33430=VERTEX_POINT('',#33420);
#33440=EDGE_CURVE('',#33430,#33340,#33410,.T.);
#33450=ORIENTED_EDGE('',*,*,#33440,.T.);
#33460=CARTESIAN_POINT('',(-2.015,-1.82499999999999,0.37));
#33470=DIRECTION('',(-2.08005240798215E-46,1.,-2.28983498828939E-16));
#33480=VECTOR('',#33470,1.);
#33490=LINE('',#33460,#33480);
#33500=CARTESIAN_POINT('',(-2.015,-1.82499999999999,0.37));
#33510=VERTEX_POINT('',#33500);
#33520=EDGE_CURVE('',#33510,#33430,#33490,.T.);
#33530=ORIENTED_EDGE('',*,*,#33520,.T.);
#33540=CARTESIAN_POINT('',(-2.015,-1.82499999999999,0.169999999999999));
#33550=DIRECTION('',(2.28983498828939E-16,2.28983498828939E-16,1.));
#33560=VECTOR('',#33550,1.);
#33570=LINE('',#33540,#33560);
#33580=CARTESIAN_POINT('',(-2.015,-1.82499999999999,0.169999999999999));
#33590=VERTEX_POINT('',#33580);
#33600=EDGE_CURVE('',#33590,#33510,#33570,.T.);
#33610=ORIENTED_EDGE('',*,*,#33600,.T.);
#33620=CARTESIAN_POINT('',(-2.015,-1.82499999999999,0.169999999999999));
#33630=DIRECTION('',(-2.08005240798215E-46,1.,-2.28983498828939E-16));
#33640=VECTOR('',#33630,1.);
#33650=LINE('',#33620,#33640);
#33660=CARTESIAN_POINT('',(-2.015,-1.65,0.17));
#33670=VERTEX_POINT('',#33660);
#33680=EDGE_CURVE('',#33590,#33670,#33650,.T.);
#33690=ORIENTED_EDGE('',*,*,#33680,.F.);
#33700=CARTESIAN_POINT('',(-2.015,-1.65,0.12));
#33710=DIRECTION('',(1.,-5.24334427359425E-32,-2.28983498828939E-16));
#33720=DIRECTION('',(-2.95406838589893E-28,1.,-1.29030813811327E-12));
#33730=AXIS2_PLACEMENT_3D('',#33700,#33710,#33720);
#33740=CIRCLE('',#33730,0.0499999999999998);
#33750=CARTESIAN_POINT('',(-2.015,-1.59999999999999,0.119999999999968));
#33760=VERTEX_POINT('',#33750);
#33770=EDGE_CURVE('',#33760,#33670,#33740,.T.);
#33780=ORIENTED_EDGE('',*,*,#33770,.T.);
#33790=CARTESIAN_POINT('',(-2.015,-1.59999999999999,0.12));
#33800=DIRECTION('',(-2.28983498828939E-16,-2.28983498828939E-16,-1.));
#33810=VECTOR('',#33800,1.);
#33820=LINE('',#33790,#33810);
#33830=CARTESIAN_POINT('',(-2.015,-1.6,0.049999999999996));
#33840=VERTEX_POINT('',#33830);
#33850=EDGE_CURVE('',#33760,#33840,#33820,.T.);
#33860=ORIENTED_EDGE('',*,*,#33850,.F.);
#33870=CARTESIAN_POINT('',(-2.015,-1.54999999999999,
-8.88178419700125E-16));
#33880=DIRECTION('',(1.6191578480177E-16,-0.707106781186523,
0.707106781186572));
#33890=VECTOR('',#33880,1.);
#33900=LINE('',#33870,#33890);
#33910=CARTESIAN_POINT('',(-2.015,-1.55,-1.22124532708767E-15));
#33920=VERTEX_POINT('',#33910);
#33930=EDGE_CURVE('',#33920,#33840,#33900,.T.);
#33940=ORIENTED_EDGE('',*,*,#33930,.T.);
#33950=CARTESIAN_POINT('',(-2.015,-1.14777996931893,0.0178764458080476))
;
#33960=DIRECTION('',(-1.01670078570251E-17,-0.999013806466209,
-0.0444006136207234));
#33970=VECTOR('',#33960,1.);
#33980=LINE('',#33950,#33970);
#33990=CARTESIAN_POINT('',(-2.015,-1.14777996931894,0.017876445808044));
#34000=VERTEX_POINT('',#33990);
#34010=EDGE_CURVE('',#34000,#33920,#33980,.T.);
#34020=ORIENTED_EDGE('',*,*,#34010,.T.);
#34030=CARTESIAN_POINT('',(-2.015,-1.15,0.0678271361313576));
#34040=DIRECTION('',(-1.,5.24334427359425E-32,2.28983498828939E-16));
#34050=DIRECTION('',(-1.30162049361456E-28,1.,-5.68663172106861E-13));
#34060=AXIS2_PLACEMENT_3D('',#34030,#34040,#34050);
#34070=CIRCLE('',#34060,0.0500000000000043);
#34080=CARTESIAN_POINT('',(-2.015,-1.1,0.0678271361313576));
#34090=VERTEX_POINT('',#34080);
#34100=EDGE_CURVE('',#34090,#34000,#34070,.T.);
#34110=ORIENTED_EDGE('',*,*,#34100,.T.);
#34120=CARTESIAN_POINT('',(-2.015,-1.1,0.46));
#34130=DIRECTION('',(-2.28983498828939E-16,-2.28983498828939E-16,-1.));
#34140=VECTOR('',#34130,1.);
#34150=LINE('',#34120,#34140);
#34160=EDGE_CURVE('',#32950,#34090,#34150,.T.);
#34170=ORIENTED_EDGE('',*,*,#34160,.T.);
#34180=EDGE_LOOP('',(#34170,#34110,#34020,#33940,#33860,#33780,#33690,
#33610,#33530,#33450,#33360,#33280,#33190,#33110,#33100,#33040,#33030,
#32970));
#34190=FACE_OUTER_BOUND('',#34180,.T.);
#34200=ADVANCED_FACE('',(#34190),#32860,.F.);
#34210=CARTESIAN_POINT('',(-2.015,-1.09999999999999,0.460000000000001));
#34220=DIRECTION('',(5.24334427359425E-32,1.,-1.20063931733229E-47));
#34230=DIRECTION('',(-2.28983498828939E-16,0.,-1.));
#34240=AXIS2_PLACEMENT_3D('',#34210,#34220,#34230);
#34250=PLANE('',#34240);
#34260=CARTESIAN_POINT('',(-2.015,-1.1,0.0678271361313576));
#34270=DIRECTION('',(1.,-5.24334427359425E-32,-2.28983498828939E-16));
#34280=VECTOR('',#34270,1.);
#34290=LINE('',#34260,#34280);
#34300=EDGE_CURVE('',#34090,#31390,#34290,.T.);
#34310=ORIENTED_EDGE('',*,*,#34300,.F.);
#34320=ORIENTED_EDGE('',*,*,#31400,.T.);
#34330=CARTESIAN_POINT('',(-1.865,-1.1,0.46));
#34340=DIRECTION('',(-1.,5.24334427359425E-32,2.28983498828939E-16));
#34350=VECTOR('',#34340,1.);
#34360=LINE('',#34330,#34350);
#34370=EDGE_CURVE('',#31310,#32950,#34360,.T.);
#34380=ORIENTED_EDGE('',*,*,#34370,.F.);
#34390=ORIENTED_EDGE('',*,*,#34160,.F.);
#34400=EDGE_LOOP('',(#34390,#34380,#34320,#34310));
#34410=FACE_OUTER_BOUND('',#34400,.T.);
#34420=ADVANCED_FACE('',(#34410),#34250,.T.);
#34430=CARTESIAN_POINT('',(-2.015,-1.15,0.0678271361313576));
#34440=DIRECTION('',(-1.,5.24334427359425E-32,2.28983498828939E-16));
#34450=DIRECTION('',(-5.24334427359425E-32,-1.,0.));
#34460=AXIS2_PLACEMENT_3D('',#34430,#34440,#34450);
#34470=CYLINDRICAL_SURFACE('',#34460,0.0500000000000043);
#34480=CARTESIAN_POINT('',(-1.865,-1.14777996931895,0.0178764458080435))
;
#34490=DIRECTION('',(-1.,5.24334427359425E-32,2.28983498828939E-16));
#34500=VECTOR('',#34490,1.);
#34510=LINE('',#34480,#34500);
#34520=EDGE_CURVE('',#31480,#34000,#34510,.T.);
#34530=ORIENTED_EDGE('',*,*,#34520,.T.);
#34540=ORIENTED_EDGE('',*,*,#31490,.F.);
#34550=ORIENTED_EDGE('',*,*,#34300,.T.);
#34560=ORIENTED_EDGE('',*,*,#34100,.F.);
#34570=EDGE_LOOP('',(#34560,#34550,#34540,#34530));
#34580=FACE_OUTER_BOUND('',#34570,.T.);
#34590=ADVANCED_FACE('',(#34580),#34470,.T.);
#34600=CARTESIAN_POINT('',(-2.015,-1.14777996931895,0.0178764458080466))
;
#34610=DIRECTION('',(-2.28757676783049E-16,0.0444006136207235,
-0.999013806466209));
#34620=DIRECTION('',(-1.01670078570252E-17,-0.999013806466209,
-0.0444006136207235));
#34630=AXIS2_PLACEMENT_3D('',#34600,#34610,#34620);
#34640=PLANE('',#34630);
#34650=CARTESIAN_POINT('',(-1.865,-1.55,-1.33226762955019E-15));
#34660=DIRECTION('',(-1.,5.24334427359425E-32,2.28983498828939E-16));
#34670=VECTOR('',#34660,1.);
#34680=LINE('',#34650,#34670);
#34690=EDGE_CURVE('',#31560,#33920,#34680,.T.);
#34700=ORIENTED_EDGE('',*,*,#34690,.T.);
#34710=ORIENTED_EDGE('',*,*,#31570,.F.);
#34720=ORIENTED_EDGE('',*,*,#34520,.F.);
#34730=ORIENTED_EDGE('',*,*,#34010,.F.);
#34740=EDGE_LOOP('',(#34730,#34720,#34710,#34700));
#34750=FACE_OUTER_BOUND('',#34740,.T.);
#34760=ADVANCED_FACE('',(#34750),#34640,.T.);
#34770=CARTESIAN_POINT('',(-2.015,-1.55,-1.22124532708767E-15));
#34780=DIRECTION('',(-1.61915784801759E-16,-0.707106781186573,
-0.707106781186522));
#34790=DIRECTION('',(1.6191578480177E-16,-0.707106781186522,
0.707106781186573));
#34800=AXIS2_PLACEMENT_3D('',#34770,#34780,#34790);
#34810=PLANE('',#34800);
#34820=CARTESIAN_POINT('',(-1.865,-1.6,0.049999999999996));
#34830=DIRECTION('',(-1.,5.24334427359425E-32,2.28983498828939E-16));
#34840=VECTOR('',#34830,1.);
#34850=LINE('',#34820,#34840);
#34860=EDGE_CURVE('',#31640,#33840,#34850,.T.);
#34870=ORIENTED_EDGE('',*,*,#34860,.T.);
#34880=ORIENTED_EDGE('',*,*,#31650,.F.);
#34890=ORIENTED_EDGE('',*,*,#34690,.F.);
#34900=ORIENTED_EDGE('',*,*,#33930,.F.);
#34910=EDGE_LOOP('',(#34900,#34890,#34880,#34870));
#34920=FACE_OUTER_BOUND('',#34910,.T.);
#34930=ADVANCED_FACE('',(#34920),#34810,.T.);
#34940=CARTESIAN_POINT('',(-2.015,-1.59999999999999,0.0499999999999997))
;
#34950=DIRECTION('',(-5.24334427359425E-32,-1.,1.20063931733229E-47));
#34960=DIRECTION('',(2.28983498828939E-16,0.,1.));
#34970=AXIS2_PLACEMENT_3D('',#34940,#34950,#34960);
#34980=PLANE('',#34970);
#34990=CARTESIAN_POINT('',(-2.015,-1.6,0.12));
#35000=DIRECTION('',(1.,-5.24334427359425E-32,-2.28983498828939E-16));
#35010=VECTOR('',#35000,1.);
#35020=LINE('',#34990,#35010);
#35030=EDGE_CURVE('',#33760,#31720,#35020,.T.);
#35040=ORIENTED_EDGE('',*,*,#35030,.F.);
#35050=ORIENTED_EDGE('',*,*,#31730,.F.);
#35060=ORIENTED_EDGE('',*,*,#34860,.F.);
#35070=ORIENTED_EDGE('',*,*,#33850,.T.);
#35080=EDGE_LOOP('',(#35070,#35060,#35050,#35040));
#35090=FACE_OUTER_BOUND('',#35080,.T.);
#35100=ADVANCED_FACE('',(#35090),#34980,.T.);
#35110=CARTESIAN_POINT('',(-2.015,-1.65,0.12));
#35120=DIRECTION('',(-1.,5.24334427359425E-32,2.28983498828939E-16));
#35130=DIRECTION('',(-5.24334427359425E-32,-1.,0.));
#35140=AXIS2_PLACEMENT_3D('',#35110,#35120,#35130);
#35150=CYLINDRICAL_SURFACE('',#35140,0.0499999999999998);
#35160=CARTESIAN_POINT('',(-1.865,-1.65,0.17));
#35170=DIRECTION('',(-1.,5.24334427359425E-32,2.28983498828939E-16));
#35180=VECTOR('',#35170,1.);
#35190=LINE('',#35160,#35180);
#35200=EDGE_CURVE('',#31810,#33670,#35190,.T.);
#35210=ORIENTED_EDGE('',*,*,#35200,.T.);
#35220=ORIENTED_EDGE('',*,*,#31820,.F.);
#35230=ORIENTED_EDGE('',*,*,#35030,.T.);
#35240=ORIENTED_EDGE('',*,*,#33770,.F.);
#35250=EDGE_LOOP('',(#35240,#35230,#35220,#35210));
#35260=FACE_OUTER_BOUND('',#35250,.T.);
#35270=ADVANCED_FACE('',(#35260),#35150,.F.);
#35280=CARTESIAN_POINT('',(-2.015,-1.65,0.169999999999999));
#35290=DIRECTION('',(-2.28983498828939E-16,1.20063931733229E-47,-1.));
#35300=DIRECTION('',(-5.24334427359425E-32,-1.,0.));
#35310=AXIS2_PLACEMENT_3D('',#35280,#35290,#35300);
#35320=PLANE('',#35310);
#35330=CARTESIAN_POINT('',(-1.865,-1.82499999999999,0.169999999999999));
#35340=DIRECTION('',(-1.,5.24334427359425E-32,2.28983498828939E-16));
#35350=VECTOR('',#35340,1.);
#35360=LINE('',#35330,#35350);
#35370=EDGE_CURVE('',#31890,#33590,#35360,.T.);
#35380=ORIENTED_EDGE('',*,*,#35370,.T.);
#35390=ORIENTED_EDGE('',*,*,#31900,.F.);
#35400=ORIENTED_EDGE('',*,*,#35200,.F.);
#35410=ORIENTED_EDGE('',*,*,#33680,.T.);
#35420=EDGE_LOOP('',(#35410,#35400,#35390,#35380));
#35430=FACE_OUTER_BOUND('',#35420,.T.);
#35440=ADVANCED_FACE('',(#35430),#35320,.T.);
#35450=CARTESIAN_POINT('',(-2.015,-1.82499999999999,0.169999999999999));
#35460=DIRECTION('',(-5.24334427359425E-32,-1.,1.20063931733229E-47));
#35470=DIRECTION('',(2.28983498828939E-16,0.,1.));
#35480=AXIS2_PLACEMENT_3D('',#35450,#35460,#35470);
#35490=PLANE('',#35480);
#35500=CARTESIAN_POINT('',(-1.865,-1.82499999999999,0.37));
#35510=DIRECTION('',(-1.,5.24334427359425E-32,2.28983498828939E-16));
#35520=VECTOR('',#35510,1.);
#35530=LINE('',#35500,#35520);
#35540=EDGE_CURVE('',#31970,#33510,#35530,.T.);
#35550=ORIENTED_EDGE('',*,*,#35540,.T.);
#35560=ORIENTED_EDGE('',*,*,#31980,.T.);
#35570=ORIENTED_EDGE('',*,*,#35370,.F.);
#35580=ORIENTED_EDGE('',*,*,#33600,.F.);
#35590=EDGE_LOOP('',(#35580,#35570,#35560,#35550));
#35600=FACE_OUTER_BOUND('',#35590,.T.);
#35610=ADVANCED_FACE('',(#35600),#35490,.T.);
#35620=CARTESIAN_POINT('',(-2.015,-1.82499999999999,0.37));
#35630=DIRECTION('',(2.28983498828939E-16,-1.20063931733229E-47,1.));
#35640=DIRECTION('',(5.24334427359425E-32,1.,0.));
#35650=AXIS2_PLACEMENT_3D('',#35620,#35630,#35640);
#35660=PLANE('',#35650);
#35670=CARTESIAN_POINT('',(-2.015,-1.79999999999998,0.370000000000003));
#35680=DIRECTION('',(1.,-5.24334427359425E-32,-2.28983498828939E-16));
#35690=VECTOR('',#35680,1.);
#35700=LINE('',#35670,#35690);
#35710=EDGE_CURVE('',#33430,#32050,#35700,.T.);
#35720=ORIENTED_EDGE('',*,*,#35710,.F.);
#35730=ORIENTED_EDGE('',*,*,#32060,.T.);
#35740=ORIENTED_EDGE('',*,*,#35540,.F.);
#35750=ORIENTED_EDGE('',*,*,#33520,.F.);
#35760=EDGE_LOOP('',(#35750,#35740,#35730,#35720));
#35770=FACE_OUTER_BOUND('',#35760,.T.);
#35780=ADVANCED_FACE('',(#35770),#35660,.T.);
#35790=CARTESIAN_POINT('',(-2.015,-1.79999999999998,0.42));
#35800=DIRECTION('',(-1.,5.24334427359425E-32,2.28983498828939E-16));
#35810=DIRECTION('',(-5.24334427359425E-32,-1.,0.));
#35820=AXIS2_PLACEMENT_3D('',#35790,#35800,#35810);
#35830=CYLINDRICAL_SURFACE('',#35820,0.0499999999999972);
#35840=CARTESIAN_POINT('',(-1.865,-1.74999999999998,0.42));
#35850=DIRECTION('',(-1.,5.24334427359425E-32,2.28983498828939E-16));
#35860=VECTOR('',#35850,1.);
#35870=LINE('',#35840,#35860);
#35880=EDGE_CURVE('',#32140,#33340,#35870,.T.);
#35890=ORIENTED_EDGE('',*,*,#35880,.T.);
#35900=ORIENTED_EDGE('',*,*,#32150,.F.);
#35910=ORIENTED_EDGE('',*,*,#35710,.T.);
#35920=ORIENTED_EDGE('',*,*,#33440,.F.);
#35930=EDGE_LOOP('',(#35920,#35910,#35900,#35890));
#35940=FACE_OUTER_BOUND('',#35930,.T.);
#35950=ADVANCED_FACE('',(#35940),#35830,.F.);
#35960=CARTESIAN_POINT('',(-2.015,-1.74999999999999,0.42));
#35970=DIRECTION('',(-5.24334427359425E-32,-1.,1.20063931733229E-47));
#35980=DIRECTION('',(2.28983498828939E-16,0.,1.));
#35990=AXIS2_PLACEMENT_3D('',#35960,#35970,#35980);
#36000=PLANE('',#35990);
#36010=CARTESIAN_POINT('',(-2.015,-1.74999999999998,0.470000000000001));
#36020=DIRECTION('',(1.,-5.24334427359425E-32,-2.28983498828939E-16));
#36030=VECTOR('',#36020,1.);
#36040=LINE('',#36010,#36030);
#36050=EDGE_CURVE('',#33260,#32220,#36040,.T.);
#36060=ORIENTED_EDGE('',*,*,#36050,.F.);
#36070=ORIENTED_EDGE('',*,*,#32230,.F.);
#36080=ORIENTED_EDGE('',*,*,#35880,.F.);
#36090=ORIENTED_EDGE('',*,*,#33350,.T.);
#36100=EDGE_LOOP('',(#36090,#36080,#36070,#36060));
#36110=FACE_OUTER_BOUND('',#36100,.T.);
#36120=ADVANCED_FACE('',(#36110),#36000,.T.);
#36130=CARTESIAN_POINT('',(-2.015,-1.79999999999998,0.470000000000001));
#36140=DIRECTION('',(-1.,5.24334427359425E-32,2.28983498828939E-16));
#36150=DIRECTION('',(-5.24334427359425E-32,-1.,0.));
#36160=AXIS2_PLACEMENT_3D('',#36130,#36140,#36150);
#36170=CYLINDRICAL_SURFACE('',#36160,0.0499999999999998);
#36180=CARTESIAN_POINT('',(-1.865,-1.79999999999998,0.52));
#36190=DIRECTION('',(-1.,5.24334427359425E-32,2.28983498828939E-16));
#36200=VECTOR('',#36190,1.);
#36210=LINE('',#36180,#36200);
#36220=EDGE_CURVE('',#32310,#33170,#36210,.T.);
#36230=ORIENTED_EDGE('',*,*,#36220,.T.);
#36240=ORIENTED_EDGE('',*,*,#32320,.F.);
#36250=ORIENTED_EDGE('',*,*,#36050,.T.);
#36260=ORIENTED_EDGE('',*,*,#33270,.F.);
#36270=EDGE_LOOP('',(#36260,#36250,#36240,#36230));
#36280=FACE_OUTER_BOUND('',#36270,.T.);
#36290=ADVANCED_FACE('',(#36280),#36170,.F.);
#36300=CARTESIAN_POINT('',(-2.015,-1.79999999999998,0.520000000000001));
#36310=DIRECTION('',(-2.28983498828939E-16,1.20063931733229E-47,-1.));
#36320=DIRECTION('',(-5.24334427359425E-32,-1.,0.));
#36330=AXIS2_PLACEMENT_3D('',#36300,#36310,#36320);
#36340=PLANE('',#36330);
#36350=ORIENTED_EDGE('',*,*,#32710,.T.);
#36360=ORIENTED_EDGE('',*,*,#32400,.T.);
#36370=ORIENTED_EDGE('',*,*,#36220,.F.);
#36380=ORIENTED_EDGE('',*,*,#33180,.F.);
#36390=EDGE_LOOP('',(#36380,#36370,#36360,#36350));
#36400=FACE_OUTER_BOUND('',#36390,.T.);
#36410=ADVANCED_FACE('',(#36400),#36340,.T.);
#36420=CARTESIAN_POINT('',(-2.015,-1.05,0.46));
#36430=DIRECTION('',(1.,-5.24334427359425E-32,-2.28983498828939E-16));
#36440=DIRECTION('',(-2.08005240798215E-46,1.,-2.28983498828939E-16));
#36450=AXIS2_PLACEMENT_3D('',#36420,#36430,#36440);
#36460=CYLINDRICAL_SURFACE('',#36450,0.05);
#36470=CARTESIAN_POINT('',(-2.015,-1.05,0.51));
#36480=DIRECTION('',(1.,-5.24334427359425E-32,-2.28983498828939E-16));
#36490=VECTOR('',#36480,1.);
#36500=LINE('',#36470,#36490);
#36510=EDGE_CURVE('',#32930,#31220,#36500,.T.);
#36520=ORIENTED_EDGE('',*,*,#36510,.T.);
#36530=ORIENTED_EDGE('',*,*,#32960,.F.);
#36540=ORIENTED_EDGE('',*,*,#34370,.T.);
#36550=ORIENTED_EDGE('',*,*,#31320,.F.);
#36560=EDGE_LOOP('',(#36550,#36540,#36530,#36520));
#36570=FACE_OUTER_BOUND('',#36560,.T.);
#36580=ADVANCED_FACE('',(#36570),#36460,.F.);
#36590=CARTESIAN_POINT('',(-2.015,-1.1,0.51));
#36600=DIRECTION('',(2.28983498828939E-16,2.28983498828939E-16,1.));
#36610=DIRECTION('',(-2.08005240798215E-46,1.,-2.28983498828939E-16));
#36620=AXIS2_PLACEMENT_3D('',#36590,#36600,#36610);
#36630=PLANE('',#36620);
#36640=ORIENTED_EDGE('',*,*,#36510,.F.);
#36650=ORIENTED_EDGE('',*,*,#31230,.T.);
#36660=ORIENTED_EDGE('',*,*,#30440,.F.);
#36670=ORIENTED_EDGE('',*,*,#33020,.F.);
#36680=EDGE_LOOP('',(#36670,#36660,#36650,#36640));
#36690=FACE_OUTER_BOUND('',#36680,.T.);
#36700=ADVANCED_FACE('',(#36690),#36630,.F.);
#36710=CARTESIAN_POINT('',(-2.015,-1.9,0.819999999999999));
#36720=DIRECTION('',(2.28983498828939E-16,-1.20063931733229E-47,1.));
#36730=DIRECTION('',(5.24334427359425E-32,1.,0.));
#36740=AXIS2_PLACEMENT_3D('',#36710,#36720,#36730);
#36750=PLANE('',#36740);
#36760=ORIENTED_EDGE('',*,*,#30280,.F.);
#36770=ORIENTED_EDGE('',*,*,#31140,.T.);
#36780=ORIENTED_EDGE('',*,*,#32620,.F.);
#36790=ORIENTED_EDGE('',*,*,#33090,.F.);
#36800=EDGE_LOOP('',(#36790,#36780,#36770,#36760));
#36810=FACE_OUTER_BOUND('',#36800,.T.);
#36820=ADVANCED_FACE('',(#36810),#36750,.T.);
#36830=CARTESIAN_POINT('',(1.175,0.849999999999999,0.0549999999999984));
#36840=DIRECTION('',(0.707106781186543,7.53230390945715E-17,
0.707106781186552));
#36850=DIRECTION('',(-0.707106781186552,1.61915784801764E-16,
0.707106781186543));
#36860=AXIS2_PLACEMENT_3D('',#36830,#36840,#36850);
#36870=PLANE('',#36860);
#36880=ORIENTED_EDGE('',*,*,#10850,.F.);
#36890=ORIENTED_EDGE('',*,*,#12540,.F.);
#36900=ORIENTED_EDGE('',*,*,#12940,.F.);
#36910=ORIENTED_EDGE('',*,*,#13320,.F.);
#36920=EDGE_LOOP('',(#36910,#36900,#36890,#36880));
#36930=FACE_OUTER_BOUND('',#36920,.T.);
#36940=ADVANCED_FACE('',(#36930),#36870,.F.);
#36950=CARTESIAN_POINT('',(0.825,0.849999999999999,0.0549999999999985));
#36960=DIRECTION('',(0.707106781186543,-7.53230390945715E-17,
-0.707106781186552));
#36970=DIRECTION('',(-0.707106781186552,6.23130444540118E-16,
-0.707106781186543));
#36980=AXIS2_PLACEMENT_3D('',#36950,#36960,#36970);
#36990=PLANE('',#36980);
#37000=CARTESIAN_POINT('',(0.850000000000035,0.999999999999999,
0.0799999999999984));
#37010=DIRECTION('',(-0.707106781186553,-1.61915784801763E-16,
-0.707106781186542));
#37020=VECTOR('',#37010,1.);
#37030=LINE('',#37000,#37020);
#37040=EDGE_CURVE('',#12630,#13400,#37030,.T.);
#37050=ORIENTED_EDGE('',*,*,#37040,.F.);
#37060=ORIENTED_EDGE('',*,*,#13410,.T.);
#37070=ORIENTED_EDGE('',*,*,#13030,.F.);
#37080=ORIENTED_EDGE('',*,*,#12720,.T.);
#37090=EDGE_LOOP('',(#37080,#37070,#37060,#37050));
#37100=FACE_OUTER_BOUND('',#37090,.T.);
#37110=ADVANCED_FACE('',(#37100),#36990,.T.);
#37120=CARTESIAN_POINT('',(4.575,0.999999999999999,0.309999999999998));
#37130=DIRECTION('',(2.80414647586396E-32,1.,-1.06522863446701E-16));
#37140=DIRECTION('',(-2.28983498828939E-16,-1.06522863446701E-16,-1.));
#37150=AXIS2_PLACEMENT_3D('',#37120,#37130,#37140);
#37160=PLANE('',#37150);
#37170=ORIENTED_EDGE('',*,*,#8340,.F.);
#37180=CARTESIAN_POINT('',(0.575,0.999999999999999,0.0799999999999985));
#37190=DIRECTION('',(2.28983498828939E-16,-1.23693326113125E-17,1.));
#37200=VECTOR('',#37190,1.);
#37210=LINE('',#37180,#37200);
#37220=CARTESIAN_POINT('',(0.575,0.999999999999999,0.0799999999999985));
#37230=VERTEX_POINT('',#37220);
#37240=EDGE_CURVE('',#37230,#8250,#37210,.T.);
#37250=ORIENTED_EDGE('',*,*,#37240,.T.);
#37260=CARTESIAN_POINT('',(0.575,0.999999999999999,0.0799999999999985));
#37270=DIRECTION('',(1.,-5.24334427359425E-32,-2.28983498828939E-16));
#37280=VECTOR('',#37270,1.);
#37290=LINE('',#37260,#37280);
#37300=CARTESIAN_POINT('',(0.650000000000007,0.999999999999999,
0.07999999999999));
#37310=VERTEX_POINT('',#37300);
#37320=EDGE_CURVE('',#37230,#37310,#37290,.T.);
#37330=ORIENTED_EDGE('',*,*,#37320,.F.);
#37340=CARTESIAN_POINT('',(0.700000000000032,0.999999999999999,
0.0299999999999985));
#37350=DIRECTION('',(-0.707106781186547,1.61915784801765E-16,
0.707106781186548));
#37360=VECTOR('',#37350,1.);
#37370=LINE('',#37340,#37360);
#37380=EDGE_CURVE('',#13480,#37310,#37370,.T.);
#37390=ORIENTED_EDGE('',*,*,#37380,.T.);
#37400=ORIENTED_EDGE('',*,*,#13490,.T.);
#37410=ORIENTED_EDGE('',*,*,#37040,.T.);
#37420=ORIENTED_EDGE('',*,*,#12640,.F.);
#37430=CARTESIAN_POINT('',(0.925,0.999999999999999,0.0799999999999984));
#37440=DIRECTION('',(2.28983498828939E-16,2.28983498828939E-16,1.));
#37450=VECTOR('',#37440,1.);
#37460=LINE('',#37430,#37450);
#37470=EDGE_CURVE('',#12310,#8330,#37460,.T.);
#37480=ORIENTED_EDGE('',*,*,#37470,.F.);
#37490=EDGE_LOOP('',(#37480,#37420,#37410,#37400,#37390,#37330,#37250,
#37170));
#37500=FACE_OUTER_BOUND('',#37490,.T.);
#37510=ADVANCED_FACE('',(#37500),#37160,.T.);
#37520=CARTESIAN_POINT('',(0.925,1.24577907539775,0.170500231015464));
#37530=DIRECTION('',(1.,-5.24334427359425E-32,-2.28983498828939E-16));
#37540=DIRECTION('',(5.24334427359425E-32,1.,0.));
#37550=AXIS2_PLACEMENT_3D('',#37520,#37530,#37540);
#37560=PLANE('',#37550);
#37570=ORIENTED_EDGE('',*,*,#12320,.T.);
#37580=CARTESIAN_POINT('',(0.925,0.943186633610999,0.0654115469993389));
#37590=DIRECTION('',(5.20049491518198E-17,0.973868596229247,
0.227112212966358));
#37600=VECTOR('',#37590,1.);
#37610=LINE('',#37580,#37600);
#37620=CARTESIAN_POINT('',(0.925,0.943186633610998,0.0654115469993379));
#37630=VERTEX_POINT('',#37620);
#37640=EDGE_CURVE('',#37630,#12230,#37610,.T.);
#37650=ORIENTED_EDGE('',*,*,#37640,.T.);
#37660=CARTESIAN_POINT('',(0.925,0.949999999999988,0.0361954891124604));
#37670=DIRECTION('',(-1.,5.24334427359425E-32,2.28983498828939E-16));
#37680=DIRECTION('',(-9.66046460104643E-29,-1.,-4.21655765858732E-13));
#37690=AXIS2_PLACEMENT_3D('',#37660,#37670,#37680);
#37700=CIRCLE('',#37690,0.0299999999999999);
#37710=CARTESIAN_POINT('',(0.925,0.919999999999985,0.0361954891124542));
#37720=VERTEX_POINT('',#37710);
#37730=EDGE_CURVE('',#37720,#37630,#37700,.T.);
#37740=ORIENTED_EDGE('',*,*,#37730,.T.);
#37750=CARTESIAN_POINT('',(0.925,0.919999999999985,0.0361954891124605));
#37760=DIRECTION('',(-2.28983498828939E-16,-2.28983498828939E-16,-1.));
#37770=VECTOR('',#37760,1.);
#37780=LINE('',#37750,#37770);
#37790=CARTESIAN_POINT('',(0.925,0.919999999999985,-1.4432899320127E-15)
);
#37800=VERTEX_POINT('',#37790);
#37810=EDGE_CURVE('',#37720,#37800,#37780,.T.);
#37820=ORIENTED_EDGE('',*,*,#37810,.F.);
#37830=CARTESIAN_POINT('',(0.925,1.24999999999999,-1.4432899320127E-15))
;
#37840=DIRECTION('',(-7.70371977754891E-32,-1.,-1.07447720754441E-16));
#37850=VECTOR('',#37840,1.);
#37860=LINE('',#37830,#37850);
#37870=CARTESIAN_POINT('',(0.925,1.24999999999999,-1.88737914186277E-15)
);
#37880=VERTEX_POINT('',#37870);
#37890=EDGE_CURVE('',#37880,#37800,#37860,.T.);
#37900=ORIENTED_EDGE('',*,*,#37890,.T.);
#37910=CARTESIAN_POINT('',(0.925,1.29999999999999,0.0499999999999994));
#37920=DIRECTION('',(-1.61915784801753E-16,-0.707106781186599,
-0.707106781186497));
#37930=VECTOR('',#37920,1.);
#37940=LINE('',#37910,#37930);
#37950=CARTESIAN_POINT('',(0.925,1.29999999999999,0.049999999999999));
#37960=VERTEX_POINT('',#37950);
#37970=EDGE_CURVE('',#37960,#37880,#37940,.T.);
#37980=ORIENTED_EDGE('',*,*,#37970,.T.);
#37990=CARTESIAN_POINT('',(0.925,1.29999999999999,0.0499999999999994));
#38000=DIRECTION('',(2.28983498828939E-16,2.28983498828939E-16,1.));
#38010=VECTOR('',#38000,1.);
#38020=LINE('',#37990,#38010);
#38030=CARTESIAN_POINT('',(0.925,1.29999999999999,0.109999999999997));
#38040=VERTEX_POINT('',#38030);
#38050=EDGE_CURVE('',#37960,#38040,#38020,.T.);
#38060=ORIENTED_EDGE('',*,*,#38050,.F.);
#38070=CARTESIAN_POINT('',(0.925,1.35,0.109999999999997));
#38080=DIRECTION('',(1.,-5.24334427359425E-32,-2.28983498828939E-16));
#38090=DIRECTION('',(2.28983498828939E-16,-1.97550309444236E-14,1.));
#38100=AXIS2_PLACEMENT_3D('',#38070,#38080,#38090);
#38110=CIRCLE('',#38100,0.0500000000000007);
#38120=CARTESIAN_POINT('',(0.925,1.35,0.159999999999999));
#38130=VERTEX_POINT('',#38120);
#38140=EDGE_CURVE('',#38130,#38040,#38110,.T.);
#38150=ORIENTED_EDGE('',*,*,#38140,.T.);
#38160=CARTESIAN_POINT('',(0.925,1.34999999999999,0.309999999999999));
#38170=DIRECTION('',(-2.28983498828939E-16,-2.28983498828939E-16,-1.));
#38180=VECTOR('',#38170,1.);
#38190=LINE('',#38160,#38180);
#38200=EDGE_CURVE('',#8410,#38130,#38190,.T.);
#38210=ORIENTED_EDGE('',*,*,#38200,.T.);
#38220=ORIENTED_EDGE('',*,*,#8420,.T.);
#38230=ORIENTED_EDGE('',*,*,#37470,.T.);
#38240=EDGE_LOOP('',(#38230,#38220,#38210,#38150,#38060,#37980,#37900,
#37820,#37740,#37650,#37570));
#38250=FACE_OUTER_BOUND('',#38240,.T.);
#38260=ADVANCED_FACE('',(#38250),#37560,.F.);
#38270=CARTESIAN_POINT('',(0.925,0.943186633610998,0.0654115469993374));
#38280=DIRECTION('',(2.229998385642E-16,-0.227112212966356,
0.973868596229247));
#38290=DIRECTION('',(5.20049491518193E-17,0.973868596229247,
0.227112212966356));
#38300=AXIS2_PLACEMENT_3D('',#38270,#38280,#38290);
#38310=PLANE('',#38300);
#38320=ORIENTED_EDGE('',*,*,#37640,.F.);
#38330=ORIENTED_EDGE('',*,*,#12240,.F.);
#38340=ORIENTED_EDGE('',*,*,#12010,.F.);
#38350=CARTESIAN_POINT('',(1.075,0.943186633610997,0.0654115469993375));
#38360=DIRECTION('',(-1.,5.24334427359425E-32,2.28983498828939E-16));
#38370=VECTOR('',#38360,1.);
#38380=LINE('',#38350,#38370);
#38390=EDGE_CURVE('',#11920,#37630,#38380,.T.);
#38400=ORIENTED_EDGE('',*,*,#38390,.F.);
#38410=EDGE_LOOP('',(#38400,#38340,#38330,#38320));
#38420=FACE_OUTER_BOUND('',#38410,.T.);
#38430=ADVANCED_FACE('',(#38420),#38310,.T.);
#38440=CARTESIAN_POINT('',(0.925,0.949999999999988,0.0361954891124604));
#38450=DIRECTION('',(1.,-5.24334427359425E-32,-2.28983498828939E-16));
#38460=DIRECTION('',(-2.08005240798215E-46,1.,-2.28983498828939E-16));
#38470=AXIS2_PLACEMENT_3D('',#38440,#38450,#38460);
#38480=CYLINDRICAL_SURFACE('',#38470,0.0299999999999999);
#38490=ORIENTED_EDGE('',*,*,#37730,.F.);
#38500=ORIENTED_EDGE('',*,*,#38390,.T.);
#38510=ORIENTED_EDGE('',*,*,#11930,.F.);
#38520=CARTESIAN_POINT('',(0.925,0.919999999999988,0.0361954891124605));
#38530=DIRECTION('',(1.,-5.24334427359425E-32,-2.28983498828939E-16));
#38540=VECTOR('',#38530,1.);
#38550=LINE('',#38520,#38540);
#38560=EDGE_CURVE('',#37720,#11830,#38550,.T.);
#38570=ORIENTED_EDGE('',*,*,#38560,.T.);
#38580=EDGE_LOOP('',(#38570,#38510,#38500,#38490));
#38590=FACE_OUTER_BOUND('',#38580,.T.);
#38600=ADVANCED_FACE('',(#38590),#38480,.T.);
#38610=CARTESIAN_POINT('',(0.925,0.919999999999985,-1.4432899320127E-15)
);
#38620=DIRECTION('',(2.08005240798215E-46,-1.,2.28983498828939E-16));
#38630=DIRECTION('',(2.28983498828939E-16,2.28983498828939E-16,1.));
#38640=AXIS2_PLACEMENT_3D('',#38610,#38620,#38630);
#38650=PLANE('',#38640);
#38660=ORIENTED_EDGE('',*,*,#38560,.F.);
#38670=ORIENTED_EDGE('',*,*,#11840,.F.);
#38680=CARTESIAN_POINT('',(1.075,0.919999999999986,-1.55431223447522E-15
));
#38690=DIRECTION('',(-1.,5.24334427359425E-32,2.28983498828939E-16));
#38700=VECTOR('',#38690,1.);
#38710=LINE('',#38680,#38700);
#38720=EDGE_CURVE('',#11750,#37800,#38710,.T.);
#38730=ORIENTED_EDGE('',*,*,#38720,.F.);
#38740=ORIENTED_EDGE('',*,*,#37810,.T.);
#38750=EDGE_LOOP('',(#38740,#38730,#38670,#38660));
#38760=FACE_OUTER_BOUND('',#38750,.T.);
#38770=ADVANCED_FACE('',(#38760),#38650,.T.);
#38780=CARTESIAN_POINT('',(0.925,1.24999999999999,-1.55431223447522E-15)
);
#38790=DIRECTION('',(-2.28983498828939E-16,-2.28983498828939E-16,-1.));
#38800=DIRECTION('',(2.08005240798215E-46,-1.,2.28983498828939E-16));
#38810=AXIS2_PLACEMENT_3D('',#38780,#38790,#38800);
#38820=PLANE('',#38810);
#38830=ORIENTED_EDGE('',*,*,#37890,.F.);
#38840=ORIENTED_EDGE('',*,*,#38720,.T.);
#38850=ORIENTED_EDGE('',*,*,#11760,.T.);
#38860=CARTESIAN_POINT('',(1.075,1.24999999999999,-1.66533453693773E-15)
);
#38870=DIRECTION('',(-1.,5.24334427359425E-32,2.28983498828939E-16));
#38880=VECTOR('',#38870,1.);
#38890=LINE('',#38860,#38880);
#38900=EDGE_CURVE('',#11670,#37880,#38890,.T.);
#38910=ORIENTED_EDGE('',*,*,#38900,.F.);
#38920=EDGE_LOOP('',(#38910,#38850,#38840,#38830));
#38930=FACE_OUTER_BOUND('',#38920,.T.);
#38940=ADVANCED_FACE('',(#38930),#38820,.T.);
#38950=CARTESIAN_POINT('',(0.925,1.29999999999999,0.0499999999999994));
#38960=DIRECTION('',(-1.61915784801776E-16,0.707106781186497,
-0.707106781186598));
#38970=DIRECTION('',(-1.61915784801753E-16,-0.707106781186598,
-0.707106781186497));
#38980=AXIS2_PLACEMENT_3D('',#38950,#38960,#38970);
#38990=PLANE('',#38980);
#39000=ORIENTED_EDGE('',*,*,#37970,.F.);
#39010=ORIENTED_EDGE('',*,*,#38900,.T.);
#39020=ORIENTED_EDGE('',*,*,#11680,.F.);
#39030=CARTESIAN_POINT('',(1.075,1.29999999999999,0.0499999999999993));
#39040=DIRECTION('',(-1.,5.24334427359425E-32,2.28983498828939E-16));
#39050=VECTOR('',#39040,1.);
#39060=LINE('',#39030,#39050);
#39070=EDGE_CURVE('',#11590,#37960,#39060,.T.);
#39080=ORIENTED_EDGE('',*,*,#39070,.F.);
#39090=EDGE_LOOP('',(#39080,#39020,#39010,#39000));
#39100=FACE_OUTER_BOUND('',#39090,.T.);
#39110=ADVANCED_FACE('',(#39100),#38990,.T.);
#39120=CARTESIAN_POINT('',(0.925,1.29999999999999,0.109999999999997));
#39130=DIRECTION('',(-2.08005240798215E-46,1.,-2.28983498828939E-16));
#39140=DIRECTION('',(-2.28983498828939E-16,-2.28983498828939E-16,-1.));
#39150=AXIS2_PLACEMENT_3D('',#39120,#39130,#39140);
#39160=PLANE('',#39150);
#39170=ORIENTED_EDGE('',*,*,#38050,.T.);
#39180=ORIENTED_EDGE('',*,*,#39070,.T.);
#39190=ORIENTED_EDGE('',*,*,#11600,.F.);
#39200=CARTESIAN_POINT('',(1.075,1.29999999999999,0.109999999999997));
#39210=DIRECTION('',(-1.,5.24334427359425E-32,2.28983498828939E-16));
#39220=VECTOR('',#39210,1.);
#39230=LINE('',#39200,#39220);
#39240=EDGE_CURVE('',#11510,#38040,#39230,.T.);
#39250=ORIENTED_EDGE('',*,*,#39240,.F.);
#39260=EDGE_LOOP('',(#39250,#39190,#39180,#39170));
#39270=FACE_OUTER_BOUND('',#39260,.T.);
#39280=ADVANCED_FACE('',(#39270),#39160,.T.);
#39290=CARTESIAN_POINT('',(0.925,1.35,0.109999999999997));
#39300=DIRECTION('',(1.,-5.24334427359425E-32,-2.28983498828939E-16));
#39310=DIRECTION('',(-2.08005240798215E-46,1.,-2.28983498828939E-16));
#39320=AXIS2_PLACEMENT_3D('',#39290,#39300,#39310);
#39330=CYLINDRICAL_SURFACE('',#39320,0.0500000000000007);
#39340=ORIENTED_EDGE('',*,*,#38140,.F.);
#39350=ORIENTED_EDGE('',*,*,#39240,.T.);
#39360=ORIENTED_EDGE('',*,*,#11520,.F.);
#39370=CARTESIAN_POINT('',(0.925,1.35,0.159999999999998));
#39380=DIRECTION('',(1.,-5.24334427359425E-32,-2.28983498828939E-16));
#39390=VECTOR('',#39380,1.);
#39400=LINE('',#39370,#39390);
#39410=EDGE_CURVE('',#38130,#11420,#39400,.T.);
#39420=ORIENTED_EDGE('',*,*,#39410,.T.);
#39430=EDGE_LOOP('',(#39420,#39360,#39350,#39340));
#39440=FACE_OUTER_BOUND('',#39430,.T.);
#39450=ADVANCED_FACE('',(#39440),#39330,.F.);
#39460=CARTESIAN_POINT('',(0.925,1.35,0.31));
#39470=DIRECTION('',(-2.08005240798215E-46,1.,-2.28983498828939E-16));
#39480=DIRECTION('',(-2.28983498828939E-16,-2.28983498828939E-16,-1.));
#39490=AXIS2_PLACEMENT_3D('',#39460,#39470,#39480);
#39500=PLANE('',#39490);
#39510=ORIENTED_EDGE('',*,*,#38200,.F.);
#39520=ORIENTED_EDGE('',*,*,#39410,.F.);
#39530=ORIENTED_EDGE('',*,*,#11430,.T.);
#39540=ORIENTED_EDGE('',*,*,#8500,.F.);
#39550=EDGE_LOOP('',(#39540,#39530,#39520,#39510));
#39560=FACE_OUTER_BOUND('',#39550,.T.);
#39570=ADVANCED_FACE('',(#39560),#39500,.T.);
#39580=CARTESIAN_POINT('',(0.575,1.24577907539775,0.170500231015465));
#39590=DIRECTION('',(1.,-5.24334427359425E-32,-2.28983498828939E-16));
#39600=DIRECTION('',(5.24334427359425E-32,1.,0.));
#39610=AXIS2_PLACEMENT_3D('',#39580,#39590,#39600);
#39620=PLANE('',#39610);
#39630=ORIENTED_EDGE('',*,*,#37240,.F.);
#39640=ORIENTED_EDGE('',*,*,#8260,.T.);
#39650=CARTESIAN_POINT('',(0.575,1.35,0.159999999999999));
#39660=DIRECTION('',(2.28983498828939E-16,2.28983498828939E-16,1.));
#39670=VECTOR('',#39660,1.);
#39680=LINE('',#39650,#39670);
#39690=CARTESIAN_POINT('',(0.575,1.35,0.159999999999999));
#39700=VERTEX_POINT('',#39690);
#39710=EDGE_CURVE('',#39700,#8170,#39680,.T.);
#39720=ORIENTED_EDGE('',*,*,#39710,.T.);
#39730=CARTESIAN_POINT('',(0.575,1.35,0.109999999999999));
#39740=DIRECTION('',(-1.,5.24334427359425E-32,2.28983498828939E-16));
#39750=DIRECTION('',(-3.55911853722757E-29,-1.,-1.55202239948691E-13));
#39760=AXIS2_PLACEMENT_3D('',#39730,#39740,#39750);
#39770=CIRCLE('',#39760,0.0500000000000007);
#39780=CARTESIAN_POINT('',(0.575,1.29999999999999,0.109999999999995));
#39790=VERTEX_POINT('',#39780);
#39800=EDGE_CURVE('',#39790,#39700,#39770,.T.);
#39810=ORIENTED_EDGE('',*,*,#39800,.T.);
#39820=CARTESIAN_POINT('',(0.575,1.29999999999999,0.049999999999998));
#39830=DIRECTION('',(2.28983498828939E-16,2.28983498828939E-16,1.));
#39840=VECTOR('',#39830,1.);
#39850=LINE('',#39820,#39840);
#39860=CARTESIAN_POINT('',(0.575,1.29999999999999,0.0499999999999992));
#39870=VERTEX_POINT('',#39860);
#39880=EDGE_CURVE('',#39870,#39790,#39850,.T.);
#39890=ORIENTED_EDGE('',*,*,#39880,.T.);
#39900=CARTESIAN_POINT('',(0.575,1.24999999999999,-1.33226762955019E-15)
);
#39910=DIRECTION('',(1.61915784801753E-16,0.707106781186599,
0.707106781186496));
#39920=VECTOR('',#39910,1.);
#39930=LINE('',#39900,#39920);
#39940=CARTESIAN_POINT('',(0.575,1.24999999999999,-1.55431223447522E-15)
);
#39950=VERTEX_POINT('',#39940);
#39960=EDGE_CURVE('',#39950,#39870,#39930,.T.);
#39970=ORIENTED_EDGE('',*,*,#39960,.T.);
#39980=CARTESIAN_POINT('',(0.575,0.919999999999986,-1.33226762955019E-15
));
#39990=DIRECTION('',(7.70371977754891E-32,1.,1.0744772075444E-16));
#40000=VECTOR('',#39990,1.);
#40010=LINE('',#39980,#40000);
#40020=CARTESIAN_POINT('',(0.575,0.919999999999986,-1.33226762955019E-15
));
#40030=VERTEX_POINT('',#40020);
#40040=EDGE_CURVE('',#40030,#39950,#40010,.T.);
#40050=ORIENTED_EDGE('',*,*,#40040,.T.);
#40060=CARTESIAN_POINT('',(0.575,0.919999999999986,0.0361954891124541));
#40070=DIRECTION('',(-2.28983498828939E-16,-2.28983498828939E-16,-1.));
#40080=VECTOR('',#40070,1.);
#40090=LINE('',#40060,#40080);
#40100=CARTESIAN_POINT('',(0.575,0.919999999999987,0.0361954891124573));
#40110=VERTEX_POINT('',#40100);
#40120=EDGE_CURVE('',#40110,#40030,#40090,.T.);
#40130=ORIENTED_EDGE('',*,*,#40120,.T.);
#40140=CARTESIAN_POINT('',(0.575,0.949999999999987,0.0361954891124605));
#40150=DIRECTION('',(1.,-5.24334427359425E-32,-2.28983498828939E-16));
#40160=DIRECTION('',(2.22999838564206E-16,-0.227112212966245,
0.973868596229273));
#40170=AXIS2_PLACEMENT_3D('',#40140,#40150,#40160);
#40180=CIRCLE('',#40170,0.0299999999999999);
#40190=CARTESIAN_POINT('',(0.575,0.943186633610998,0.0654115469993388));
#40200=VERTEX_POINT('',#40190);
#40210=EDGE_CURVE('',#40200,#40110,#40180,.T.);
#40220=ORIENTED_EDGE('',*,*,#40210,.T.);
#40230=CARTESIAN_POINT('',(0.575,0.999999999999999,0.0786607773540642));
#40240=DIRECTION('',(-5.20049491518194E-17,-0.973868596229247,
-0.227112212966356));
#40250=VECTOR('',#40240,1.);
#40260=LINE('',#40230,#40250);
#40270=CARTESIAN_POINT('',(0.575,0.999999999999999,0.0786607773540642));
#40280=VERTEX_POINT('',#40270);
#40290=EDGE_CURVE('',#40280,#40200,#40260,.T.);
#40300=ORIENTED_EDGE('',*,*,#40290,.T.);
#40310=CARTESIAN_POINT('',(0.575,0.999999999999999,0.0786607773540635));
#40320=DIRECTION('',(2.28983498828939E-16,2.28983498828939E-16,1.));
#40330=VECTOR('',#40320,1.);
#40340=LINE('',#40310,#40330);
#40350=EDGE_CURVE('',#40280,#37230,#40340,.T.);
#40360=ORIENTED_EDGE('',*,*,#40350,.F.);
#40370=EDGE_LOOP('',(#40360,#40300,#40220,#40130,#40050,#39970,#39890,
#39810,#39720,#39640,#39630));
#40380=FACE_OUTER_BOUND('',#40370,.T.);
#40390=ADVANCED_FACE('',(#40380),#39620,.T.);
#40400=CARTESIAN_POINT('',(0.575,0.999999999999999,0.0786607773540635));
#40410=DIRECTION('',(2.80414647586396E-32,1.,-1.06522863446701E-16));
#40420=DIRECTION('',(-2.28983498828939E-16,-1.06522863446701E-16,-1.));
#40430=AXIS2_PLACEMENT_3D('',#40400,#40410,#40420);
#40440=PLANE('',#40430);
#40450=ORIENTED_EDGE('',*,*,#40350,.T.);
#40460=CARTESIAN_POINT('',(0.425,0.999999999999999,0.0786607773540635));
#40470=DIRECTION('',(1.,-5.24334427359425E-32,-2.28983498828939E-16));
#40480=VECTOR('',#40470,1.);
#40490=LINE('',#40460,#40480);
#40500=CARTESIAN_POINT('',(0.425,0.999999999999999,0.0786607773540642));
#40510=VERTEX_POINT('',#40500);
#40520=EDGE_CURVE('',#40510,#40280,#40490,.T.);
#40530=ORIENTED_EDGE('',*,*,#40520,.T.);
#40540=CARTESIAN_POINT('',(0.425,0.999999999999999,0.0786607773540643));
#40550=DIRECTION('',(2.28983498828939E-16,2.28983498828939E-16,1.));
#40560=VECTOR('',#40550,1.);
#40570=LINE('',#40540,#40560);
#40580=CARTESIAN_POINT('',(0.425,0.999999999999999,0.0799999999999985));
#40590=VERTEX_POINT('',#40580);
#40600=EDGE_CURVE('',#40510,#40590,#40570,.T.);
#40610=ORIENTED_EDGE('',*,*,#40600,.F.);
#40620=CARTESIAN_POINT('',(0.575,0.999999999999999,0.0799999999999985));
#40630=DIRECTION('',(-1.,5.24334427359425E-32,2.28983498828939E-16));
#40640=VECTOR('',#40630,1.);
#40650=LINE('',#40620,#40640);
#40660=EDGE_CURVE('',#37230,#40590,#40650,.T.);
#40670=ORIENTED_EDGE('',*,*,#40660,.T.);
#40680=EDGE_LOOP('',(#40670,#40610,#40530,#40450));
#40690=FACE_OUTER_BOUND('',#40680,.T.);
#40700=ADVANCED_FACE('',(#40690),#40440,.F.);
#40710=CARTESIAN_POINT('',(0.4125,0.999999999999999,0.0799999999999985))
;
#40720=DIRECTION('',(-2.28983498828939E-16,-2.28983498828939E-16,-1.));
#40730=DIRECTION('',(2.08005240798215E-46,-1.,2.28983498828939E-16));
#40740=AXIS2_PLACEMENT_3D('',#40710,#40720,#40730);
#40750=PLANE('',#40740);
#40760=CARTESIAN_POINT('',(0.65,0.919999999999995,0.0799999999999983));
#40770=DIRECTION('',(-5.5511151231256E-15,1.,-2.28983498828938E-16));
#40780=VECTOR('',#40770,1.);
#40790=LINE('',#40760,#40780);
#40800=CARTESIAN_POINT('',(0.649999999999999,0.919999999999997,
0.0799999999999985));
#40810=VERTEX_POINT('',#40800);
#40820=EDGE_CURVE('',#40810,#37310,#40790,.T.);
#40830=ORIENTED_EDGE('',*,*,#40820,.F.);
#40840=ORIENTED_EDGE('',*,*,#37320,.T.);
#40850=ORIENTED_EDGE('',*,*,#40660,.F.);
#40860=CARTESIAN_POINT('',(0.35,0.999999999999999,0.0799999999999985));
#40870=DIRECTION('',(1.,-5.24334427359425E-32,-2.28983498828939E-16));
#40880=VECTOR('',#40870,1.);
#40890=LINE('',#40860,#40880);
#40900=CARTESIAN_POINT('',(0.350000000000009,0.999999999999999,
0.080000000000007));
#40910=VERTEX_POINT('',#40900);
#40920=EDGE_CURVE('',#40910,#40590,#40890,.T.);
#40930=ORIENTED_EDGE('',*,*,#40920,.T.);
#40940=CARTESIAN_POINT('',(0.350000000000001,1.,0.0799999999999983));
#40950=DIRECTION('',(-5.55111512312552E-15,-1.,2.2898349882894E-16));
#40960=VECTOR('',#40950,1.);
#40970=LINE('',#40940,#40960);
#40980=CARTESIAN_POINT('',(0.35,0.919999999999997,0.0799999999999983));
#40990=VERTEX_POINT('',#40980);
#41000=EDGE_CURVE('',#40910,#40990,#40970,.T.);
#41010=ORIENTED_EDGE('',*,*,#41000,.F.);
#41020=CARTESIAN_POINT('',(0.350000000000001,0.919999999999999,
0.0799999999999986));
#41030=DIRECTION('',(1.,-5.24334427359425E-32,-2.28983498828939E-16));
#41040=VECTOR('',#41030,1.);
#41050=LINE('',#41020,#41040);
#41060=EDGE_CURVE('',#40990,#40810,#41050,.T.);
#41070=ORIENTED_EDGE('',*,*,#41060,.F.);
#41080=EDGE_LOOP('',(#41070,#41010,#40930,#40850,#40840,#40830));
#41090=FACE_OUTER_BOUND('',#41080,.T.);
#41100=ADVANCED_FACE('',(#41090),#40750,.T.);
#41110=CARTESIAN_POINT('',(0.4125,0.919999999999999,0.0799999999999986))
;
#41120=DIRECTION('',(-2.23289333142184E-16,0.221621103588969,
-0.97513285579146));
#41130=DIRECTION('',(-5.07475757141328E-17,-0.97513285579146,
-0.221621103588969));
#41140=AXIS2_PLACEMENT_3D('',#41110,#41120,#41130);
#41150=PLANE('',#41140);
#41160=CARTESIAN_POINT('',(0.649999999999999,0.919999999999999,
0.0799999999999985));
#41170=DIRECTION('',(0.216371161203961,-0.952033109297413,
-0.216371161203958));
#41180=VECTOR('',#41170,1.);
#41190=LINE('',#41160,#41180);
#41200=EDGE_CURVE('',#40810,#13560,#41190,.T.);
#41210=ORIENTED_EDGE('',*,*,#41200,.T.);
#41220=ORIENTED_EDGE('',*,*,#41060,.T.);
#41230=CARTESIAN_POINT('',(0.3,0.699999999999999,0.0299999999999985));
#41240=DIRECTION('',(0.216371161203961,0.952033109297413,
0.216371161203958));
#41250=VECTOR('',#41240,1.);
#41260=LINE('',#41230,#41250);
#41270=EDGE_CURVE('',#13640,#40990,#41260,.T.);
#41280=ORIENTED_EDGE('',*,*,#41270,.T.);
#41290=ORIENTED_EDGE('',*,*,#13650,.F.);
#41300=EDGE_LOOP('',(#41290,#41280,#41220,#41210));
#41310=FACE_OUTER_BOUND('',#41300,.T.);
#41320=ADVANCED_FACE('',(#41310),#41150,.T.);
#41330=CARTESIAN_POINT('',(0.675,0.849999999999999,0.0549999999999985));
#41340=DIRECTION('',(-0.707106781186543,-7.53230390945714E-17,
-0.707106781186552));
#41350=DIRECTION('',(0.707106781186552,6.23130444540118E-16,
-0.707106781186543));
#41360=AXIS2_PLACEMENT_3D('',#41330,#41340,#41350);
#41370=PLANE('',#41360);
#41380=ORIENTED_EDGE('',*,*,#41200,.F.);
#41390=ORIENTED_EDGE('',*,*,#13570,.T.);
#41400=ORIENTED_EDGE('',*,*,#37380,.F.);
#41410=ORIENTED_EDGE('',*,*,#40820,.T.);
#41420=EDGE_LOOP('',(#41410,#41400,#41390,#41380));
#41430=FACE_OUTER_BOUND('',#41420,.T.);
#41440=ADVANCED_FACE('',(#41430),#41370,.T.);
#41450=CARTESIAN_POINT('',(0.325,0.849999999999999,0.0549999999999986));
#41460=DIRECTION('',(0.707106781186543,-7.53230390945715E-17,
-0.707106781186552));
#41470=DIRECTION('',(-0.707106781186552,6.23130444540118E-16,
-0.707106781186543));
#41480=AXIS2_PLACEMENT_3D('',#41450,#41460,#41470);
#41490=PLANE('',#41480);
#41500=CARTESIAN_POINT('',(0.350000000000035,0.999999999999999,
0.0799999999999985));
#41510=DIRECTION('',(-0.707106781186553,-1.61915784801763E-16,
-0.707106781186542));
#41520=VECTOR('',#41510,1.);
#41530=LINE('',#41500,#41520);
#41540=EDGE_CURVE('',#40910,#13720,#41530,.T.);
#41550=ORIENTED_EDGE('',*,*,#41540,.F.);
#41560=ORIENTED_EDGE('',*,*,#13730,.T.);
#41570=ORIENTED_EDGE('',*,*,#41270,.F.);
#41580=ORIENTED_EDGE('',*,*,#41000,.T.);
#41590=EDGE_LOOP('',(#41580,#41570,#41560,#41550));
#41600=FACE_OUTER_BOUND('',#41590,.T.);
#41610=ADVANCED_FACE('',(#41600),#41490,.T.);
#41620=CARTESIAN_POINT('',(4.075,0.999999999999999,0.309999999999998));
#41630=DIRECTION('',(2.80414647586396E-32,1.,-1.06522863446701E-16));
#41640=DIRECTION('',(-2.28983498828939E-16,-1.06522863446701E-16,-1.));
#41650=AXIS2_PLACEMENT_3D('',#41620,#41630,#41640);
#41660=PLANE('',#41650);
#41670=ORIENTED_EDGE('',*,*,#8020,.F.);
#41680=CARTESIAN_POINT('',(0.0750000000000002,0.999999999999999,
0.0799999999999986));
#41690=DIRECTION('',(2.28983498828939E-16,-1.23693326113125E-17,1.));
#41700=VECTOR('',#41690,1.);
#41710=LINE('',#41680,#41700);
#41720=CARTESIAN_POINT('',(0.0750000000000002,0.999999999999999,
0.0799999999999986));
#41730=VERTEX_POINT('',#41720);
#41740=EDGE_CURVE('',#41730,#7930,#41710,.T.);
#41750=ORIENTED_EDGE('',*,*,#41740,.T.);
#41760=CARTESIAN_POINT('',(0.0749999999999997,0.999999999999999,
0.0799999999999986));
#41770=DIRECTION('',(1.,-5.24334427359425E-32,-2.28983498828939E-16));
#41780=VECTOR('',#41770,1.);
#41790=LINE('',#41760,#41780);
#41800=CARTESIAN_POINT('',(0.150000000000007,0.999999999999999,
0.0799999999999901));
#41810=VERTEX_POINT('',#41800);
#41820=EDGE_CURVE('',#41730,#41810,#41790,.T.);
#41830=ORIENTED_EDGE('',*,*,#41820,.F.);
#41840=CARTESIAN_POINT('',(0.200000000000032,0.999999999999999,
0.0299999999999986));
#41850=DIRECTION('',(-0.707106781186547,1.61915784801765E-16,
0.707106781186548));
#41860=VECTOR('',#41850,1.);
#41870=LINE('',#41840,#41860);
#41880=EDGE_CURVE('',#13800,#41810,#41870,.T.);
#41890=ORIENTED_EDGE('',*,*,#41880,.T.);
#41900=ORIENTED_EDGE('',*,*,#13810,.T.);
#41910=ORIENTED_EDGE('',*,*,#41540,.T.);
#41920=ORIENTED_EDGE('',*,*,#40920,.F.);
#41930=CARTESIAN_POINT('',(0.425,0.999999999999999,0.0799999999999985));
#41940=DIRECTION('',(2.28983498828939E-16,2.28983498828939E-16,1.));
#41950=VECTOR('',#41940,1.);
#41960=LINE('',#41930,#41950);
#41970=EDGE_CURVE('',#40590,#8010,#41960,.T.);
#41980=ORIENTED_EDGE('',*,*,#41970,.F.);
#41990=EDGE_LOOP('',(#41980,#41920,#41910,#41900,#41890,#41830,#41750,
#41670));
#42000=FACE_OUTER_BOUND('',#41990,.T.);
#42010=ADVANCED_FACE('',(#42000),#41660,.T.);
#42020=CARTESIAN_POINT('',(0.425,1.24577907539775,0.170500231015465));
#42030=DIRECTION('',(1.,-5.24334427359425E-32,-2.28983498828939E-16));
#42040=DIRECTION('',(5.24334427359425E-32,1.,0.));
#42050=AXIS2_PLACEMENT_3D('',#42020,#42030,#42040);
#42060=PLANE('',#42050);
#42070=ORIENTED_EDGE('',*,*,#40600,.T.);
#42080=CARTESIAN_POINT('',(0.425,0.943186633610999,0.065411546999339));
#42090=DIRECTION('',(5.20049491518198E-17,0.973868596229247,
0.227112212966358));
#42100=VECTOR('',#42090,1.);
#42110=LINE('',#42080,#42100);
#42120=CARTESIAN_POINT('',(0.425,0.943186633610998,0.0654115469993388));
#42130=VERTEX_POINT('',#42120);
#42140=EDGE_CURVE('',#42130,#40510,#42110,.T.);
#42150=ORIENTED_EDGE('',*,*,#42140,.T.);
#42160=CARTESIAN_POINT('',(0.425,0.949999999999987,0.0361954891124605));
#42170=DIRECTION('',(-1.,5.24334427359425E-32,2.28983498828939E-16));
#42180=DIRECTION('',(-4.99971413562929E-29,-1.,-2.18114878010786E-13));
#42190=AXIS2_PLACEMENT_3D('',#42160,#42170,#42180);
#42200=CIRCLE('',#42190,0.0299999999999999);
#42210=CARTESIAN_POINT('',(0.425,0.919999999999987,0.0361954891124606));
#42220=VERTEX_POINT('',#42210);
#42230=EDGE_CURVE('',#42220,#42130,#42200,.T.);
#42240=ORIENTED_EDGE('',*,*,#42230,.T.);
#42250=CARTESIAN_POINT('',(0.425,0.919999999999986,0.0361954891124606));
#42260=DIRECTION('',(-2.28983498828939E-16,-2.28983498828939E-16,-1.));
#42270=VECTOR('',#42260,1.);
#42280=LINE('',#42250,#42270);
#42290=CARTESIAN_POINT('',(0.425,0.919999999999986,-1.33226762955019E-15
));
#42300=VERTEX_POINT('',#42290);
#42310=EDGE_CURVE('',#42220,#42300,#42280,.T.);
#42320=ORIENTED_EDGE('',*,*,#42310,.F.);
#42330=CARTESIAN_POINT('',(0.425,1.24999999999999,-1.33226762955019E-15)
);
#42340=DIRECTION('',(-7.70371977754894E-32,-1.,-1.07447720754442E-16));
#42350=VECTOR('',#42340,1.);
#42360=LINE('',#42330,#42350);
#42370=CARTESIAN_POINT('',(0.425,1.24999999999999,-1.11022302462516E-15)
);
#42380=VERTEX_POINT('',#42370);
#42390=EDGE_CURVE('',#42380,#42300,#42360,.T.);
#42400=ORIENTED_EDGE('',*,*,#42390,.T.);
#42410=CARTESIAN_POINT('',(0.425,1.29999999999999,0.0499999999999995));
#42420=DIRECTION('',(-1.61915784801753E-16,-0.707106781186599,
-0.707106781186497));
#42430=VECTOR('',#42420,1.);
#42440=LINE('',#42410,#42430);
#42450=CARTESIAN_POINT('',(0.425,1.29999999999999,0.0499999999999995));
#42460=VERTEX_POINT('',#42450);
#42470=EDGE_CURVE('',#42460,#42380,#42440,.T.);
#42480=ORIENTED_EDGE('',*,*,#42470,.T.);
#42490=CARTESIAN_POINT('',(0.425,1.29999999999999,0.0499999999999995));
#42500=DIRECTION('',(2.28983498828939E-16,2.28983498828939E-16,1.));
#42510=VECTOR('',#42500,1.);
#42520=LINE('',#42490,#42510);
#42530=CARTESIAN_POINT('',(0.425,1.29999999999999,0.109999999999999));
#42540=VERTEX_POINT('',#42530);
#42550=EDGE_CURVE('',#42460,#42540,#42520,.T.);
#42560=ORIENTED_EDGE('',*,*,#42550,.F.);
#42570=CARTESIAN_POINT('',(0.425,1.35,0.109999999999999));
#42580=DIRECTION('',(1.,-5.24334427359425E-32,-2.28983498828939E-16));
#42590=DIRECTION('',(2.28983498828939E-16,2.28983498828939E-16,1.));
#42600=AXIS2_PLACEMENT_3D('',#42570,#42580,#42590);
#42610=CIRCLE('',#42600,0.0500000000000007);
#42620=CARTESIAN_POINT('',(0.425,1.35,0.159999999999999));
#42630=VERTEX_POINT('',#42620);
#42640=EDGE_CURVE('',#42630,#42540,#42610,.T.);
#42650=ORIENTED_EDGE('',*,*,#42640,.T.);
#42660=CARTESIAN_POINT('',(0.425,1.35,0.309999999999999));
#42670=DIRECTION('',(-2.28983498828939E-16,-2.28983498828939E-16,-1.));
#42680=VECTOR('',#42670,1.);
#42690=LINE('',#42660,#42680);
#42700=EDGE_CURVE('',#8090,#42630,#42690,.T.);
#42710=ORIENTED_EDGE('',*,*,#42700,.T.);
#42720=ORIENTED_EDGE('',*,*,#8100,.T.);
#42730=ORIENTED_EDGE('',*,*,#41970,.T.);
#42740=EDGE_LOOP('',(#42730,#42720,#42710,#42650,#42560,#42480,#42400,
#42320,#42240,#42150,#42070));
#42750=FACE_OUTER_BOUND('',#42740,.T.);
#42760=ADVANCED_FACE('',(#42750),#42060,.F.);
#42770=CARTESIAN_POINT('',(0.425,0.943186633610997,0.0654115469993385));
#42780=DIRECTION('',(2.229998385642E-16,-0.227112212966356,
0.973868596229247));
#42790=DIRECTION('',(5.20049491518193E-17,0.973868596229247,
0.227112212966356));
#42800=AXIS2_PLACEMENT_3D('',#42770,#42780,#42790);
#42810=PLANE('',#42800);
#42820=ORIENTED_EDGE('',*,*,#42140,.F.);
#42830=ORIENTED_EDGE('',*,*,#40520,.F.);
#42840=ORIENTED_EDGE('',*,*,#40290,.F.);
#42850=CARTESIAN_POINT('',(0.575,0.943186633610997,0.065411546999338));
#42860=DIRECTION('',(-1.,5.24334427359425E-32,2.28983498828939E-16));
#42870=VECTOR('',#42860,1.);
#42880=LINE('',#42850,#42870);
#42890=EDGE_CURVE('',#40200,#42130,#42880,.T.);
#42900=ORIENTED_EDGE('',*,*,#42890,.F.);
#42910=EDGE_LOOP('',(#42900,#42840,#42830,#42820));
#42920=FACE_OUTER_BOUND('',#42910,.T.);
#42930=ADVANCED_FACE('',(#42920),#42810,.T.);
#42940=CARTESIAN_POINT('',(0.425,0.949999999999987,0.0361954891124605));
#42950=DIRECTION('',(1.,-5.24334427359425E-32,-2.28983498828939E-16));
#42960=DIRECTION('',(-2.08005240798215E-46,1.,-2.28983498828939E-16));
#42970=AXIS2_PLACEMENT_3D('',#42940,#42950,#42960);
#42980=CYLINDRICAL_SURFACE('',#42970,0.0299999999999999);
#42990=ORIENTED_EDGE('',*,*,#42230,.F.);
#43000=ORIENTED_EDGE('',*,*,#42890,.T.);
#43010=ORIENTED_EDGE('',*,*,#40210,.F.);
#43020=CARTESIAN_POINT('',(0.425,0.919999999999987,0.0361954891124606));
#43030=DIRECTION('',(1.,-5.24334427359425E-32,-2.28983498828939E-16));
#43040=VECTOR('',#43030,1.);
#43050=LINE('',#43020,#43040);
#43060=EDGE_CURVE('',#42220,#40110,#43050,.T.);
#43070=ORIENTED_EDGE('',*,*,#43060,.T.);
#43080=EDGE_LOOP('',(#43070,#43010,#43000,#42990));
#43090=FACE_OUTER_BOUND('',#43080,.T.);
#43100=ADVANCED_FACE('',(#43090),#42980,.T.);
#43110=CARTESIAN_POINT('',(0.425,0.919999999999986,-1.33226762955019E-15
));
#43120=DIRECTION('',(2.08005240798215E-46,-1.,2.28983498828939E-16));
#43130=DIRECTION('',(2.28983498828939E-16,2.28983498828939E-16,1.));
#43140=AXIS2_PLACEMENT_3D('',#43110,#43120,#43130);
#43150=PLANE('',#43140);
#43160=ORIENTED_EDGE('',*,*,#43060,.F.);
#43170=ORIENTED_EDGE('',*,*,#40120,.F.);
#43180=CARTESIAN_POINT('',(0.575,0.919999999999986,-1.33226762955019E-15
));
#43190=DIRECTION('',(-1.,5.24334427359425E-32,2.28983498828939E-16));
#43200=VECTOR('',#43190,1.);
#43210=LINE('',#43180,#43200);
#43220=EDGE_CURVE('',#40030,#42300,#43210,.T.);
#43230=ORIENTED_EDGE('',*,*,#43220,.F.);
#43240=ORIENTED_EDGE('',*,*,#42310,.T.);
#43250=EDGE_LOOP('',(#43240,#43230,#43170,#43160));
#43260=FACE_OUTER_BOUND('',#43250,.T.);
#43270=ADVANCED_FACE('',(#43260),#43150,.T.);
#43280=CARTESIAN_POINT('',(0.425,1.24999999999999,-1.4432899320127E-15))
;
#43290=DIRECTION('',(-2.28983498828939E-16,-2.28983498828939E-16,-1.));
#43300=DIRECTION('',(2.08005240798215E-46,-1.,2.28983498828939E-16));
#43310=AXIS2_PLACEMENT_3D('',#43280,#43290,#43300);
#43320=PLANE('',#43310);
#43330=ORIENTED_EDGE('',*,*,#42390,.F.);
#43340=ORIENTED_EDGE('',*,*,#43220,.T.);
#43350=ORIENTED_EDGE('',*,*,#40040,.F.);
#43360=CARTESIAN_POINT('',(0.575,1.24999999999999,-8.88178419700125E-16)
);
#43370=DIRECTION('',(-1.,5.24334427359425E-32,2.28983498828939E-16));
#43380=VECTOR('',#43370,1.);
#43390=LINE('',#43360,#43380);
#43400=EDGE_CURVE('',#39950,#42380,#43390,.T.);
#43410=ORIENTED_EDGE('',*,*,#43400,.F.);
#43420=EDGE_LOOP('',(#43410,#43350,#43340,#43330));
#43430=FACE_OUTER_BOUND('',#43420,.T.);
#43440=ADVANCED_FACE('',(#43430),#43320,.T.);
#43450=CARTESIAN_POINT('',(0.425,1.29999999999999,0.0499999999999995));
#43460=DIRECTION('',(-1.61915784801776E-16,0.707106781186497,
-0.707106781186598));
#43470=DIRECTION('',(-1.61915784801753E-16,-0.707106781186598,
-0.707106781186497));
#43480=AXIS2_PLACEMENT_3D('',#43450,#43460,#43470);
#43490=PLANE('',#43480);
#43500=ORIENTED_EDGE('',*,*,#42470,.F.);
#43510=ORIENTED_EDGE('',*,*,#43400,.T.);
#43520=ORIENTED_EDGE('',*,*,#39960,.F.);
#43530=CARTESIAN_POINT('',(0.575,1.29999999999999,0.0499999999999995));
#43540=DIRECTION('',(-1.,5.24334427359425E-32,2.28983498828939E-16));
#43550=VECTOR('',#43540,1.);
#43560=LINE('',#43530,#43550);
#43570=EDGE_CURVE('',#39870,#42460,#43560,.T.);
#43580=ORIENTED_EDGE('',*,*,#43570,.F.);
#43590=EDGE_LOOP('',(#43580,#43520,#43510,#43500));
#43600=FACE_OUTER_BOUND('',#43590,.T.);
#43610=ADVANCED_FACE('',(#43600),#43490,.T.);
#43620=CARTESIAN_POINT('',(0.425,1.29999999999999,0.109999999999999));
#43630=DIRECTION('',(-2.08005240798215E-46,1.,-2.28983498828939E-16));
#43640=DIRECTION('',(-2.28983498828939E-16,-2.28983498828939E-16,-1.));
#43650=AXIS2_PLACEMENT_3D('',#43620,#43630,#43640);
#43660=PLANE('',#43650);
#43670=ORIENTED_EDGE('',*,*,#42550,.T.);
#43680=ORIENTED_EDGE('',*,*,#43570,.T.);
#43690=ORIENTED_EDGE('',*,*,#39880,.F.);
#43700=CARTESIAN_POINT('',(0.575,1.29999999999999,0.109999999999999));
#43710=DIRECTION('',(-1.,5.24334427359425E-32,2.28983498828939E-16));
#43720=VECTOR('',#43710,1.);
#43730=LINE('',#43700,#43720);
#43740=EDGE_CURVE('',#39790,#42540,#43730,.T.);
#43750=ORIENTED_EDGE('',*,*,#43740,.F.);
#43760=EDGE_LOOP('',(#43750,#43690,#43680,#43670));
#43770=FACE_OUTER_BOUND('',#43760,.T.);
#43780=ADVANCED_FACE('',(#43770),#43660,.T.);
#43790=CARTESIAN_POINT('',(0.425,1.35,0.109999999999999));
#43800=DIRECTION('',(1.,-5.24334427359425E-32,-2.28983498828939E-16));
#43810=DIRECTION('',(-2.08005240798215E-46,1.,-2.28983498828939E-16));
#43820=AXIS2_PLACEMENT_3D('',#43790,#43800,#43810);
#43830=CYLINDRICAL_SURFACE('',#43820,0.0500000000000007);
#43840=ORIENTED_EDGE('',*,*,#42640,.F.);
#43850=ORIENTED_EDGE('',*,*,#43740,.T.);
#43860=ORIENTED_EDGE('',*,*,#39800,.F.);
#43870=CARTESIAN_POINT('',(0.425,1.35,0.159999999999999));
#43880=DIRECTION('',(1.,-5.24334427359425E-32,-2.28983498828939E-16));
#43890=VECTOR('',#43880,1.);
#43900=LINE('',#43870,#43890);
#43910=EDGE_CURVE('',#42630,#39700,#43900,.T.);
#43920=ORIENTED_EDGE('',*,*,#43910,.T.);
#43930=EDGE_LOOP('',(#43920,#43860,#43850,#43840));
#43940=FACE_OUTER_BOUND('',#43930,.T.);
#43950=ADVANCED_FACE('',(#43940),#43830,.F.);
#43960=CARTESIAN_POINT('',(0.425,1.35,0.310000000000001));
#43970=DIRECTION('',(-2.08005240798215E-46,1.,-2.28983498828939E-16));
#43980=DIRECTION('',(-2.28983498828939E-16,-2.28983498828939E-16,-1.));
#43990=AXIS2_PLACEMENT_3D('',#43960,#43970,#43980);
#44000=PLANE('',#43990);
#44010=ORIENTED_EDGE('',*,*,#42700,.F.);
#44020=ORIENTED_EDGE('',*,*,#43910,.F.);
#44030=ORIENTED_EDGE('',*,*,#39710,.F.);
#44040=ORIENTED_EDGE('',*,*,#8180,.F.);
#44050=EDGE_LOOP('',(#44040,#44030,#44020,#44010));
#44060=FACE_OUTER_BOUND('',#44050,.T.);
#44070=ADVANCED_FACE('',(#44060),#44000,.T.);
#44080=CARTESIAN_POINT('',(0.0750000000000002,1.24577907539775,
0.170500231015465));
#44090=DIRECTION('',(1.,-5.24334427359425E-32,-2.28983498828939E-16));
#44100=DIRECTION('',(5.24334427359425E-32,1.,0.));
#44110=AXIS2_PLACEMENT_3D('',#44080,#44090,#44100);
#44120=PLANE('',#44110);
#44130=ORIENTED_EDGE('',*,*,#41740,.F.);
#44140=ORIENTED_EDGE('',*,*,#7940,.T.);
#44150=CARTESIAN_POINT('',(0.0750000000000002,1.34999999999999,
0.159999999999999));
#44160=DIRECTION('',(2.28983498828939E-16,2.28983498828939E-16,1.));
#44170=VECTOR('',#44160,1.);
#44180=LINE('',#44150,#44170);
#44190=CARTESIAN_POINT('',(0.0750000000000002,1.34999999999999,
0.159999999999999));
#44200=VERTEX_POINT('',#44190);
#44210=EDGE_CURVE('',#44200,#7850,#44180,.T.);
#44220=ORIENTED_EDGE('',*,*,#44210,.T.);
#44230=CARTESIAN_POINT('',(0.0750000000000002,1.34999999999999,
0.109999999999999));
#44240=DIRECTION('',(-1.,5.24334427359425E-32,2.28983498828939E-16));
#44250=DIRECTION('',(-6.60979156913691E-30,-1.,-2.86368151414247E-14));
#44260=AXIS2_PLACEMENT_3D('',#44230,#44240,#44250);
#44270=CIRCLE('',#44260,0.0500000000000007);
#44280=CARTESIAN_POINT('',(0.0750000000000002,1.29999999999999,
0.109999999999998));
#44290=VERTEX_POINT('',#44280);
#44300=EDGE_CURVE('',#44290,#44200,#44270,.T.);
#44310=ORIENTED_EDGE('',*,*,#44300,.T.);
#44320=CARTESIAN_POINT('',(0.0750000000000002,1.29999999999999,
0.0499999999999985));
#44330=DIRECTION('',(2.28983498828939E-16,2.28983498828939E-16,1.));
#44340=VECTOR('',#44330,1.);
#44350=LINE('',#44320,#44340);
#44360=CARTESIAN_POINT('',(0.0750000000000002,1.29999999999999,
0.0499999999999994));
#44370=VERTEX_POINT('',#44360);
#44380=EDGE_CURVE('',#44370,#44290,#44350,.T.);
#44390=ORIENTED_EDGE('',*,*,#44380,.T.);
#44400=CARTESIAN_POINT('',(0.0750000000000002,1.24999999999999,
-1.22124532708767E-15));
#44410=DIRECTION('',(1.61915784801753E-16,0.707106781186599,
0.707106781186496));
#44420=VECTOR('',#44410,1.);
#44430=LINE('',#44400,#44420);
#44440=CARTESIAN_POINT('',(0.0750000000000002,1.24999999999999,
-1.4432899320127E-15));
#44450=VERTEX_POINT('',#44440);
#44460=EDGE_CURVE('',#44450,#44370,#44430,.T.);
#44470=ORIENTED_EDGE('',*,*,#44460,.T.);
#44480=CARTESIAN_POINT('',(0.0750000000000002,0.919999999999985,
-1.22124532708767E-15));
#44490=DIRECTION('',(7.70371977754889E-32,1.,1.0744772075444E-16));
#44500=VECTOR('',#44490,1.);
#44510=LINE('',#44480,#44500);
#44520=CARTESIAN_POINT('',(0.0750000000000002,0.919999999999985,
-1.22124532708767E-15));
#44530=VERTEX_POINT('',#44520);
#44540=EDGE_CURVE('',#44530,#44450,#44510,.T.);
#44550=ORIENTED_EDGE('',*,*,#44540,.T.);
#44560=CARTESIAN_POINT('',(0.0750000000000002,0.919999999999985,
0.0361954891124481));
#44570=DIRECTION('',(-2.28983498828939E-16,-2.28983498828939E-16,-1.));
#44580=VECTOR('',#44570,1.);
#44590=LINE('',#44560,#44580);
#44600=CARTESIAN_POINT('',(0.0750000000000002,0.919999999999987,
0.0361954891124543));
#44610=VERTEX_POINT('',#44600);
#44620=EDGE_CURVE('',#44610,#44530,#44590,.T.);
#44630=ORIENTED_EDGE('',*,*,#44620,.T.);
#44640=CARTESIAN_POINT('',(0.0750000000000002,0.949999999999987,
0.0361954891124606));
#44650=DIRECTION('',(1.,-5.24334427359425E-32,-2.28983498828939E-16));
#44660=DIRECTION('',(2.22999838564206E-16,-0.227112212966245,
0.973868596229273));
#44670=AXIS2_PLACEMENT_3D('',#44640,#44650,#44660);
#44680=CIRCLE('',#44670,0.0299999999999999);
#44690=CARTESIAN_POINT('',(0.0750000000000002,0.943186633610998,
0.0654115469993389));
#44700=VERTEX_POINT('',#44690);
#44710=EDGE_CURVE('',#44700,#44610,#44680,.T.);
#44720=ORIENTED_EDGE('',*,*,#44710,.T.);
#44730=CARTESIAN_POINT('',(0.0750000000000002,0.999999999999999,
0.0786607773540644));
#44740=DIRECTION('',(-5.20049491518198E-17,-0.973868596229247,
-0.227112212966358));
#44750=VECTOR('',#44740,1.);
#44760=LINE('',#44730,#44750);
#44770=CARTESIAN_POINT('',(0.0750000000000002,0.999999999999999,
0.0786607773540643));
#44780=VERTEX_POINT('',#44770);
#44790=EDGE_CURVE('',#44780,#44700,#44760,.T.);
#44800=ORIENTED_EDGE('',*,*,#44790,.T.);
#44810=CARTESIAN_POINT('',(0.0750000000000002,0.999999999999999,
0.0786607773540636));
#44820=DIRECTION('',(2.28983498828939E-16,2.28983498828939E-16,1.));
#44830=VECTOR('',#44820,1.);
#44840=LINE('',#44810,#44830);
#44850=EDGE_CURVE('',#44780,#41730,#44840,.T.);
#44860=ORIENTED_EDGE('',*,*,#44850,.F.);
#44870=EDGE_LOOP('',(#44860,#44800,#44720,#44630,#44550,#44470,#44390,
#44310,#44220,#44140,#44130));
#44880=FACE_OUTER_BOUND('',#44870,.T.);
#44890=ADVANCED_FACE('',(#44880),#44120,.T.);
#44900=CARTESIAN_POINT('',(0.0750000000000002,0.999999999999999,
0.0786607773540636));
#44910=DIRECTION('',(2.80414647586396E-32,1.,-1.06522863446701E-16));
#44920=DIRECTION('',(-2.28983498828939E-16,-1.06522863446701E-16,-1.));
#44930=AXIS2_PLACEMENT_3D('',#44900,#44910,#44920);
#44940=PLANE('',#44930);
#44950=ORIENTED_EDGE('',*,*,#44850,.T.);
#44960=CARTESIAN_POINT('',(-0.0750000000000002,0.999999999999999,
0.0786607773540636));
#44970=DIRECTION('',(1.,-5.24334427359425E-32,-2.28983498828939E-16));
#44980=VECTOR('',#44970,1.);
#44990=LINE('',#44960,#44980);
#45000=CARTESIAN_POINT('',(-0.0750000000000002,0.999999999999999,
0.0786607773540641));
#45010=VERTEX_POINT('',#45000);
#45020=EDGE_CURVE('',#45010,#44780,#44990,.T.);
#45030=ORIENTED_EDGE('',*,*,#45020,.T.);
#45040=CARTESIAN_POINT('',(-0.0750000000000002,0.999999999999999,
0.0786607773540644));
#45050=DIRECTION('',(2.28983498828939E-16,2.28983498828939E-16,1.));
#45060=VECTOR('',#45050,1.);
#45070=LINE('',#45040,#45060);
#45080=CARTESIAN_POINT('',(-0.0750000000000002,0.999999999999999,
0.0799999999999986));
#45090=VERTEX_POINT('',#45080);
#45100=EDGE_CURVE('',#45010,#45090,#45070,.T.);
#45110=ORIENTED_EDGE('',*,*,#45100,.F.);
#45120=CARTESIAN_POINT('',(0.0750000000000002,0.999999999999999,
0.0799999999999986));
#45130=DIRECTION('',(-1.,5.24334427359425E-32,2.28983498828939E-16));
#45140=VECTOR('',#45130,1.);
#45150=LINE('',#45120,#45140);
#45160=EDGE_CURVE('',#41730,#45090,#45150,.T.);
#45170=ORIENTED_EDGE('',*,*,#45160,.T.);
#45180=EDGE_LOOP('',(#45170,#45110,#45030,#44950));
#45190=FACE_OUTER_BOUND('',#45180,.T.);
#45200=ADVANCED_FACE('',(#45190),#44940,.F.);
#45210=CARTESIAN_POINT('',(-0.0874999999999999,0.999999999999999,
0.0799999999999986));
#45220=DIRECTION('',(-2.28983498828939E-16,-2.28983498828939E-16,-1.));
#45230=DIRECTION('',(2.08005240798215E-46,-1.,2.28983498828939E-16));
#45240=AXIS2_PLACEMENT_3D('',#45210,#45220,#45230);
#45250=PLANE('',#45240);
#45260=CARTESIAN_POINT('',(0.15,0.919999999999996,0.0799999999999984));
#45270=DIRECTION('',(-5.55111512312562E-15,1.,-2.28983498828938E-16));
#45280=VECTOR('',#45270,1.);
#45290=LINE('',#45260,#45280);
#45300=CARTESIAN_POINT('',(0.15,0.919999999999997,0.0799999999999983));
#45310=VERTEX_POINT('',#45300);
#45320=EDGE_CURVE('',#45310,#41810,#45290,.T.);
#45330=ORIENTED_EDGE('',*,*,#45320,.F.);
#45340=ORIENTED_EDGE('',*,*,#41820,.T.);
#45350=ORIENTED_EDGE('',*,*,#45160,.F.);
#45360=CARTESIAN_POINT('',(-0.15,0.999999999999999,0.0799999999999986));
#45370=DIRECTION('',(1.,-5.24334427359425E-32,-2.28983498828939E-16));
#45380=VECTOR('',#45370,1.);
#45390=LINE('',#45360,#45380);
#45400=CARTESIAN_POINT('',(-0.149999999999999,0.999999999999999,
0.0799999999999986));
#45410=VERTEX_POINT('',#45400);
#45420=EDGE_CURVE('',#45410,#45090,#45390,.T.);
#45430=ORIENTED_EDGE('',*,*,#45420,.T.);
#45440=CARTESIAN_POINT('',(-0.149999999999999,1.,0.0799999999999984));
#45450=DIRECTION('',(-5.5511151231255E-15,-1.,2.2898349882894E-16));
#45460=VECTOR('',#45450,1.);
#45470=LINE('',#45440,#45460);
#45480=CARTESIAN_POINT('',(-0.15,0.919999999999997,0.0799999999999984));
#45490=VERTEX_POINT('',#45480);
#45500=EDGE_CURVE('',#45410,#45490,#45470,.T.);
#45510=ORIENTED_EDGE('',*,*,#45500,.F.);
#45520=CARTESIAN_POINT('',(-0.149999999999999,0.919999999999999,
0.0799999999999987));
#45530=DIRECTION('',(1.,-5.24334427359425E-32,-2.28983498828939E-16));
#45540=VECTOR('',#45530,1.);
#45550=LINE('',#45520,#45540);
#45560=EDGE_CURVE('',#45490,#45310,#45550,.T.);
#45570=ORIENTED_EDGE('',*,*,#45560,.F.);
#45580=EDGE_LOOP('',(#45570,#45510,#45430,#45350,#45340,#45330));
#45590=FACE_OUTER_BOUND('',#45580,.T.);
#45600=ADVANCED_FACE('',(#45590),#45250,.T.);
#45610=CARTESIAN_POINT('',(-0.0874999999999999,0.919999999999999,
0.0799999999999987));
#45620=DIRECTION('',(-2.23289333142184E-16,0.221621103588969,
-0.97513285579146));
#45630=DIRECTION('',(-5.07475757141328E-17,-0.97513285579146,
-0.221621103588969));
#45640=AXIS2_PLACEMENT_3D('',#45610,#45620,#45630);
#45650=PLANE('',#45640);
#45660=CARTESIAN_POINT('',(0.149999999999999,0.919999999999999,
0.0799999999999986));
#45670=DIRECTION('',(0.216371161203961,-0.952033109297413,
-0.216371161203958));
#45680=VECTOR('',#45670,1.);
#45690=LINE('',#45660,#45680);
#45700=EDGE_CURVE('',#45310,#13880,#45690,.T.);
#45710=ORIENTED_EDGE('',*,*,#45700,.T.);
#45720=ORIENTED_EDGE('',*,*,#45560,.T.);
#45730=CARTESIAN_POINT('',(-0.2,0.699999999999999,0.0299999999999986));
#45740=DIRECTION('',(0.216371161203961,0.952033109297413,
0.216371161203958));
#45750=VECTOR('',#45740,1.);
#45760=LINE('',#45730,#45750);
#45770=EDGE_CURVE('',#13960,#45490,#45760,.T.);
#45780=ORIENTED_EDGE('',*,*,#45770,.T.);
#45790=ORIENTED_EDGE('',*,*,#13970,.F.);
#45800=EDGE_LOOP('',(#45790,#45780,#45720,#45710));
#45810=FACE_OUTER_BOUND('',#45800,.T.);
#45820=ADVANCED_FACE('',(#45810),#45650,.T.);
#45830=CARTESIAN_POINT('',(0.175,0.849999999999999,0.0549999999999986));
#45840=DIRECTION('',(-0.707106781186543,-7.53230390945714E-17,
-0.707106781186552));
#45850=DIRECTION('',(0.707106781186552,6.23130444540118E-16,
-0.707106781186543));
#45860=AXIS2_PLACEMENT_3D('',#45830,#45840,#45850);
#45870=PLANE('',#45860);
#45880=ORIENTED_EDGE('',*,*,#45700,.F.);
#45890=ORIENTED_EDGE('',*,*,#13890,.T.);
#45900=ORIENTED_EDGE('',*,*,#41880,.F.);
#45910=ORIENTED_EDGE('',*,*,#45320,.T.);
#45920=EDGE_LOOP('',(#45910,#45900,#45890,#45880));
#45930=FACE_OUTER_BOUND('',#45920,.T.);
#45940=ADVANCED_FACE('',(#45930),#45870,.T.);
#45950=CARTESIAN_POINT('',(-0.175,0.849999999999999,0.0549999999999987))
;
#45960=DIRECTION('',(0.707106781186543,-7.53230390945715E-17,
-0.707106781186552));
#45970=DIRECTION('',(-0.707106781186552,6.23130444540118E-16,
-0.707106781186543));
#45980=AXIS2_PLACEMENT_3D('',#45950,#45960,#45970);
#45990=PLANE('',#45980);
#46000=CARTESIAN_POINT('',(-0.149999999999965,0.999999999999999,
0.0799999999999986));
#46010=DIRECTION('',(-0.70710678118655,-1.61915784801764E-16,
-0.707106781186545));
#46020=VECTOR('',#46010,1.);
#46030=LINE('',#46000,#46020);
#46040=EDGE_CURVE('',#45410,#14040,#46030,.T.);
#46050=ORIENTED_EDGE('',*,*,#46040,.F.);
#46060=ORIENTED_EDGE('',*,*,#14050,.T.);
#46070=ORIENTED_EDGE('',*,*,#45770,.F.);
#46080=ORIENTED_EDGE('',*,*,#45500,.T.);
#46090=EDGE_LOOP('',(#46080,#46070,#46060,#46050));
#46100=FACE_OUTER_BOUND('',#46090,.T.);
#46110=ADVANCED_FACE('',(#46100),#45990,.T.);
#46120=CARTESIAN_POINT('',(3.575,0.999999999999999,0.309999999999998));
#46130=DIRECTION('',(2.80414647586396E-32,1.,-1.06522863446701E-16));
#46140=DIRECTION('',(-2.28983498828939E-16,-1.06522863446701E-16,-1.));
#46150=AXIS2_PLACEMENT_3D('',#46120,#46130,#46140);
#46160=PLANE('',#46150);
#46170=ORIENTED_EDGE('',*,*,#7700,.F.);
#46180=CARTESIAN_POINT('',(-0.425,0.999999999999999,0.309999999999999));
#46190=DIRECTION('',(-2.28983498828939E-16,-2.28983498828939E-16,-1.));
#46200=VECTOR('',#46190,1.);
#46210=LINE('',#46180,#46200);
#46220=CARTESIAN_POINT('',(-0.425,0.999999999999999,0.0799999999999987))
;
#46230=VERTEX_POINT('',#46220);
#46240=EDGE_CURVE('',#7610,#46230,#46210,.T.);
#46250=ORIENTED_EDGE('',*,*,#46240,.F.);
#46260=CARTESIAN_POINT('',(-0.425,0.999999999999999,0.0799999999999987))
;
#46270=DIRECTION('',(1.,-5.24334427359425E-32,-2.28983498828939E-16));
#46280=VECTOR('',#46270,1.);
#46290=LINE('',#46260,#46280);
#46300=CARTESIAN_POINT('',(-0.349999999999984,0.999999999999999,
0.0799999999999986));
#46310=VERTEX_POINT('',#46300);
#46320=EDGE_CURVE('',#46230,#46310,#46290,.T.);
#46330=ORIENTED_EDGE('',*,*,#46320,.F.);
#46340=CARTESIAN_POINT('',(-0.299999999999967,0.999999999999999,
0.0299999999999987));
#46350=DIRECTION('',(-0.70710678118655,1.61915784801764E-16,
0.707106781186545));
#46360=VECTOR('',#46350,1.);
#46370=LINE('',#46340,#46360);
#46380=EDGE_CURVE('',#14120,#46310,#46370,.T.);
#46390=ORIENTED_EDGE('',*,*,#46380,.T.);
#46400=ORIENTED_EDGE('',*,*,#14130,.T.);
#46410=ORIENTED_EDGE('',*,*,#46040,.T.);
#46420=ORIENTED_EDGE('',*,*,#45420,.F.);
#46430=CARTESIAN_POINT('',(-0.0750000000000002,0.999999999999999,
0.0799999999999986));
#46440=DIRECTION('',(2.28983498828939E-16,2.28983498828939E-16,1.));
#46450=VECTOR('',#46440,1.);
#46460=LINE('',#46430,#46450);
#46470=EDGE_CURVE('',#45090,#7690,#46460,.T.);
#46480=ORIENTED_EDGE('',*,*,#46470,.F.);
#46490=EDGE_LOOP('',(#46480,#46420,#46410,#46400,#46390,#46330,#46250,
#46170));
#46500=FACE_OUTER_BOUND('',#46490,.T.);
#46510=ADVANCED_FACE('',(#46500),#46160,.T.);
#46520=CARTESIAN_POINT('',(-0.0750000000000002,1.24577907539775,
0.170500231015465));
#46530=DIRECTION('',(1.,-5.24334427359425E-32,-2.28983498828939E-16));
#46540=DIRECTION('',(5.24334427359425E-32,1.,0.));
#46550=AXIS2_PLACEMENT_3D('',#46520,#46530,#46540);
#46560=PLANE('',#46550);
#46570=ORIENTED_EDGE('',*,*,#45100,.T.);
#46580=CARTESIAN_POINT('',(-0.0750000000000002,0.943186633610999,
0.0654115469993392));
#46590=DIRECTION('',(5.20049491518198E-17,0.973868596229247,
0.227112212966358));
#46600=VECTOR('',#46590,1.);
#46610=LINE('',#46580,#46600);
#46620=CARTESIAN_POINT('',(-0.0750000000000002,0.943186633610998,
0.0654115469993385));
#46630=VERTEX_POINT('',#46620);
#46640=EDGE_CURVE('',#46630,#45010,#46610,.T.);
#46650=ORIENTED_EDGE('',*,*,#46640,.T.);
#46660=CARTESIAN_POINT('',(-0.0750000000000002,0.949999999999987,
0.0361954891124606));
#46670=DIRECTION('',(-1.,5.24334427359425E-32,2.28983498828939E-16));
#46680=DIRECTION('',(-9.66046460104643E-29,-1.,-4.21655765858732E-13));
#46690=AXIS2_PLACEMENT_3D('',#46660,#46670,#46680);
#46700=CIRCLE('',#46690,0.0299999999999999);
#46710=CARTESIAN_POINT('',(-0.0750000000000002,0.919999999999985,
0.0361954891124544));
#46720=VERTEX_POINT('',#46710);
#46730=EDGE_CURVE('',#46720,#46630,#46700,.T.);
#46740=ORIENTED_EDGE('',*,*,#46730,.T.);
#46750=CARTESIAN_POINT('',(-0.0750000000000002,0.919999999999985,
0.0361954891124607));
#46760=DIRECTION('',(-2.28983498828939E-16,-2.28983498828939E-16,-1.));
#46770=VECTOR('',#46760,1.);
#46780=LINE('',#46750,#46770);
#46790=CARTESIAN_POINT('',(-0.0750000000000002,0.919999999999985,
-1.22124532708767E-15));
#46800=VERTEX_POINT('',#46790);
#46810=EDGE_CURVE('',#46720,#46800,#46780,.T.);
#46820=ORIENTED_EDGE('',*,*,#46810,.F.);
#46830=CARTESIAN_POINT('',(-0.0750000000000002,1.24999999999999,
-1.22124532708767E-15));
#46840=DIRECTION('',(-7.70371977754891E-32,-1.,-1.07447720754441E-16));
#46850=VECTOR('',#46840,1.);
#46860=LINE('',#46830,#46850);
#46870=CARTESIAN_POINT('',(-0.0750000000000002,1.24999999999999,
-1.33226762955019E-15));
#46880=VERTEX_POINT('',#46870);
#46890=EDGE_CURVE('',#46880,#46800,#46860,.T.);
#46900=ORIENTED_EDGE('',*,*,#46890,.T.);
#46910=CARTESIAN_POINT('',(-0.0750000000000002,1.29999999999999,
0.0499999999999996));
#46920=DIRECTION('',(-1.61915784801753E-16,-0.707106781186599,
-0.707106781186497));
#46930=VECTOR('',#46920,1.);
#46940=LINE('',#46910,#46930);
#46950=CARTESIAN_POINT('',(-0.0750000000000002,1.29999999999999,
0.0499999999999996));
#46960=VERTEX_POINT('',#46950);
#46970=EDGE_CURVE('',#46960,#46880,#46940,.T.);
#46980=ORIENTED_EDGE('',*,*,#46970,.T.);
#46990=CARTESIAN_POINT('',(-0.0750000000000002,1.29999999999999,
0.0499999999999996));
#47000=DIRECTION('',(2.28983498828939E-16,2.28983498828939E-16,1.));
#47010=VECTOR('',#47000,1.);
#47020=LINE('',#46990,#47010);
#47030=CARTESIAN_POINT('',(-0.0750000000000002,1.29999999999999,
0.109999999999998));
#47040=VERTEX_POINT('',#47030);
#47050=EDGE_CURVE('',#46960,#47040,#47020,.T.);
#47060=ORIENTED_EDGE('',*,*,#47050,.F.);
#47070=CARTESIAN_POINT('',(-0.0750000000000002,1.34999999999999,
0.109999999999999));
#47080=DIRECTION('',(1.,-5.24334427359425E-32,-2.28983498828939E-16));
#47090=DIRECTION('',(2.28983498828939E-16,2.28983498828939E-16,1.));
#47100=AXIS2_PLACEMENT_3D('',#47070,#47080,#47090);
#47110=CIRCLE('',#47100,0.0500000000000007);
#47120=CARTESIAN_POINT('',(-0.0750000000000002,1.34999999999999,
0.159999999999999));
#47130=VERTEX_POINT('',#47120);
#47140=EDGE_CURVE('',#47130,#47040,#47110,.T.);
#47150=ORIENTED_EDGE('',*,*,#47140,.T.);
#47160=CARTESIAN_POINT('',(-0.0750000000000002,1.34999999999999,
0.309999999999999));
#47170=DIRECTION('',(-2.28983498828939E-16,-2.28983498828939E-16,-1.));
#47180=VECTOR('',#47170,1.);
#47190=LINE('',#47160,#47180);
#47200=EDGE_CURVE('',#7770,#47130,#47190,.T.);
#47210=ORIENTED_EDGE('',*,*,#47200,.T.);
#47220=ORIENTED_EDGE('',*,*,#7780,.T.);
#47230=ORIENTED_EDGE('',*,*,#46470,.T.);
#47240=EDGE_LOOP('',(#47230,#47220,#47210,#47150,#47060,#46980,#46900,
#46820,#46740,#46650,#46570));
#47250=FACE_OUTER_BOUND('',#47240,.T.);
#47260=ADVANCED_FACE('',(#47250),#46560,.F.);
#47270=CARTESIAN_POINT('',(-0.0750000000000002,0.943186633610997,
0.0654115469993386));
#47280=DIRECTION('',(2.229998385642E-16,-0.227112212966356,
0.973868596229247));
#47290=DIRECTION('',(5.20049491518193E-17,0.973868596229247,
0.227112212966356));
#47300=AXIS2_PLACEMENT_3D('',#47270,#47280,#47290);
#47310=PLANE('',#47300);
#47320=ORIENTED_EDGE('',*,*,#46640,.F.);
#47330=ORIENTED_EDGE('',*,*,#45020,.F.);
#47340=ORIENTED_EDGE('',*,*,#44790,.F.);
#47350=CARTESIAN_POINT('',(0.0750000000000002,0.943186633610997,
0.0654115469993382));
#47360=DIRECTION('',(-1.,5.24334427359425E-32,2.28983498828939E-16));
#47370=VECTOR('',#47360,1.);
#47380=LINE('',#47350,#47370);
#47390=EDGE_CURVE('',#44700,#46630,#47380,.T.);
#47400=ORIENTED_EDGE('',*,*,#47390,.F.);
#47410=EDGE_LOOP('',(#47400,#47340,#47330,#47320));
#47420=FACE_OUTER_BOUND('',#47410,.T.);
#47430=ADVANCED_FACE('',(#47420),#47310,.T.);
#47440=CARTESIAN_POINT('',(-0.0750000000000002,0.949999999999987,
0.0361954891124606));
#47450=DIRECTION('',(1.,-5.24334427359425E-32,-2.28983498828939E-16));
#47460=DIRECTION('',(-2.08005240798215E-46,1.,-2.28983498828939E-16));
#47470=AXIS2_PLACEMENT_3D('',#47440,#47450,#47460);
#47480=CYLINDRICAL_SURFACE('',#47470,0.0299999999999999);
#47490=ORIENTED_EDGE('',*,*,#46730,.F.);
#47500=ORIENTED_EDGE('',*,*,#47390,.T.);
#47510=ORIENTED_EDGE('',*,*,#44710,.F.);
#47520=CARTESIAN_POINT('',(-0.0750000000000002,0.919999999999987,
0.0361954891124607));
#47530=DIRECTION('',(1.,-5.24334427359425E-32,-2.28983498828939E-16));
#47540=VECTOR('',#47530,1.);
#47550=LINE('',#47520,#47540);
#47560=EDGE_CURVE('',#46720,#44610,#47550,.T.);
#47570=ORIENTED_EDGE('',*,*,#47560,.T.);
#47580=EDGE_LOOP('',(#47570,#47510,#47500,#47490));
#47590=FACE_OUTER_BOUND('',#47580,.T.);
#47600=ADVANCED_FACE('',(#47590),#47480,.T.);
#47610=CARTESIAN_POINT('',(-0.0750000000000002,0.919999999999985,
-1.22124532708767E-15));
#47620=DIRECTION('',(2.08005240798215E-46,-1.,2.28983498828939E-16));
#47630=DIRECTION('',(2.28983498828939E-16,2.28983498828939E-16,1.));
#47640=AXIS2_PLACEMENT_3D('',#47610,#47620,#47630);
#47650=PLANE('',#47640);
#47660=ORIENTED_EDGE('',*,*,#47560,.F.);
#47670=ORIENTED_EDGE('',*,*,#44620,.F.);
#47680=CARTESIAN_POINT('',(0.0750000000000002,0.919999999999985,
-1.22124532708767E-15));
#47690=DIRECTION('',(-1.,5.24334427359425E-32,2.28983498828939E-16));
#47700=VECTOR('',#47690,1.);
#47710=LINE('',#47680,#47700);
#47720=EDGE_CURVE('',#44530,#46800,#47710,.T.);
#47730=ORIENTED_EDGE('',*,*,#47720,.F.);
#47740=ORIENTED_EDGE('',*,*,#46810,.T.);
#47750=EDGE_LOOP('',(#47740,#47730,#47670,#47660));
#47760=FACE_OUTER_BOUND('',#47750,.T.);
#47770=ADVANCED_FACE('',(#47760),#47650,.T.);
#47780=CARTESIAN_POINT('',(-0.0750000000000002,1.24999999999999,
-1.33226762955019E-15));
#47790=DIRECTION('',(-2.28983498828939E-16,-2.28983498828939E-16,-1.));
#47800=DIRECTION('',(2.08005240798215E-46,-1.,2.28983498828939E-16));
#47810=AXIS2_PLACEMENT_3D('',#47780,#47790,#47800);
#47820=PLANE('',#47810);
#47830=ORIENTED_EDGE('',*,*,#46890,.F.);
#47840=ORIENTED_EDGE('',*,*,#47720,.T.);
#47850=ORIENTED_EDGE('',*,*,#44540,.F.);
#47860=CARTESIAN_POINT('',(0.0750000000000002,1.24999999999999,
-1.33226762955019E-15));
#47870=DIRECTION('',(-1.,5.24334427359425E-32,2.28983498828939E-16));
#47880=VECTOR('',#47870,1.);
#47890=LINE('',#47860,#47880);
#47900=EDGE_CURVE('',#44450,#46880,#47890,.T.);
#47910=ORIENTED_EDGE('',*,*,#47900,.F.);
#47920=EDGE_LOOP('',(#47910,#47850,#47840,#47830));
#47930=FACE_OUTER_BOUND('',#47920,.T.);
#47940=ADVANCED_FACE('',(#47930),#47820,.T.);
#47950=CARTESIAN_POINT('',(-0.0750000000000002,1.29999999999999,
0.0499999999999996));
#47960=DIRECTION('',(-1.61915784801776E-16,0.707106781186497,
-0.707106781186598));
#47970=DIRECTION('',(-1.61915784801753E-16,-0.707106781186598,
-0.707106781186497));
#47980=AXIS2_PLACEMENT_3D('',#47950,#47960,#47970);
#47990=PLANE('',#47980);
#48000=ORIENTED_EDGE('',*,*,#46970,.F.);
#48010=ORIENTED_EDGE('',*,*,#47900,.T.);
#48020=ORIENTED_EDGE('',*,*,#44460,.F.);
#48030=CARTESIAN_POINT('',(0.0750000000000002,1.29999999999999,
0.0499999999999996));
#48040=DIRECTION('',(-1.,5.24334427359425E-32,2.28983498828939E-16));
#48050=VECTOR('',#48040,1.);
#48060=LINE('',#48030,#48050);
#48070=EDGE_CURVE('',#44370,#46960,#48060,.T.);
#48080=ORIENTED_EDGE('',*,*,#48070,.F.);
#48090=EDGE_LOOP('',(#48080,#48020,#48010,#48000));
#48100=FACE_OUTER_BOUND('',#48090,.T.);
#48110=ADVANCED_FACE('',(#48100),#47990,.T.);
#48120=CARTESIAN_POINT('',(-0.0750000000000002,1.29999999999999,
0.109999999999999));
#48130=DIRECTION('',(-2.08005240798215E-46,1.,-2.28983498828939E-16));
#48140=DIRECTION('',(-2.28983498828939E-16,-2.28983498828939E-16,-1.));
#48150=AXIS2_PLACEMENT_3D('',#48120,#48130,#48140);
#48160=PLANE('',#48150);
#48170=ORIENTED_EDGE('',*,*,#47050,.T.);
#48180=ORIENTED_EDGE('',*,*,#48070,.T.);
#48190=ORIENTED_EDGE('',*,*,#44380,.F.);
#48200=CARTESIAN_POINT('',(0.0750000000000002,1.29999999999999,
0.109999999999999));
#48210=DIRECTION('',(-1.,5.24334427359425E-32,2.28983498828939E-16));
#48220=VECTOR('',#48210,1.);
#48230=LINE('',#48200,#48220);
#48240=EDGE_CURVE('',#44290,#47040,#48230,.T.);
#48250=ORIENTED_EDGE('',*,*,#48240,.F.);
#48260=EDGE_LOOP('',(#48250,#48190,#48180,#48170));
#48270=FACE_OUTER_BOUND('',#48260,.T.);
#48280=ADVANCED_FACE('',(#48270),#48160,.T.);
#48290=CARTESIAN_POINT('',(-0.0750000000000002,1.34999999999999,
0.109999999999999));
#48300=DIRECTION('',(1.,-5.24334427359425E-32,-2.28983498828939E-16));
#48310=DIRECTION('',(-2.08005240798215E-46,1.,-2.28983498828939E-16));
#48320=AXIS2_PLACEMENT_3D('',#48290,#48300,#48310);
#48330=CYLINDRICAL_SURFACE('',#48320,0.0500000000000007);
#48340=ORIENTED_EDGE('',*,*,#47140,.F.);
#48350=ORIENTED_EDGE('',*,*,#48240,.T.);
#48360=ORIENTED_EDGE('',*,*,#44300,.F.);
#48370=CARTESIAN_POINT('',(-0.0750000000000002,1.34999999999999,
0.159999999999999));
#48380=DIRECTION('',(1.,-5.24334427359425E-32,-2.28983498828939E-16));
#48390=VECTOR('',#48380,1.);
#48400=LINE('',#48370,#48390);
#48410=EDGE_CURVE('',#47130,#44200,#48400,.T.);
#48420=ORIENTED_EDGE('',*,*,#48410,.T.);
#48430=EDGE_LOOP('',(#48420,#48360,#48350,#48340));
#48440=FACE_OUTER_BOUND('',#48430,.T.);
#48450=ADVANCED_FACE('',(#48440),#48330,.F.);
#48460=CARTESIAN_POINT('',(-0.0750000000000002,1.34999999999999,
0.310000000000001));
#48470=DIRECTION('',(-2.08005240798215E-46,1.,-2.28983498828939E-16));
#48480=DIRECTION('',(-2.28983498828939E-16,-2.28983498828939E-16,-1.));
#48490=AXIS2_PLACEMENT_3D('',#48460,#48470,#48480);
#48500=PLANE('',#48490);
#48510=ORIENTED_EDGE('',*,*,#47200,.F.);
#48520=ORIENTED_EDGE('',*,*,#48410,.F.);
#48530=ORIENTED_EDGE('',*,*,#44210,.F.);
#48540=ORIENTED_EDGE('',*,*,#7860,.F.);
#48550=EDGE_LOOP('',(#48540,#48530,#48520,#48510));
#48560=FACE_OUTER_BOUND('',#48550,.T.);
#48570=ADVANCED_FACE('',(#48560),#48500,.T.);
#48580=CARTESIAN_POINT('',(-0.425,1.24577907539775,0.170500231015465));
#48590=DIRECTION('',(1.,-5.24334427359425E-32,-2.28983498828939E-16));
#48600=DIRECTION('',(5.24334427359425E-32,1.,0.));
#48610=AXIS2_PLACEMENT_3D('',#48580,#48590,#48600);
#48620=PLANE('',#48610);
#48630=ORIENTED_EDGE('',*,*,#46240,.T.);
#48640=ORIENTED_EDGE('',*,*,#7620,.F.);
#48650=CARTESIAN_POINT('',(-0.425,1.35,0.159999999999999));
#48660=DIRECTION('',(2.28983498828939E-16,2.28983498828939E-16,1.));
#48670=VECTOR('',#48660,1.);
#48680=LINE('',#48650,#48670);
#48690=CARTESIAN_POINT('',(-0.425,1.35,0.159999999999999));
#48700=VERTEX_POINT('',#48690);
#48710=EDGE_CURVE('',#48700,#7530,#48680,.T.);
#48720=ORIENTED_EDGE('',*,*,#48710,.T.);
#48730=CARTESIAN_POINT('',(-0.425,1.35,0.109999999999999));
#48740=DIRECTION('',(-1.,5.24334427359425E-32,2.28983498828939E-16));
#48750=DIRECTION('',(-3.55911853722757E-29,-1.,-1.55202239948691E-13));
#48760=AXIS2_PLACEMENT_3D('',#48730,#48740,#48750);
#48770=CIRCLE('',#48760,0.0500000000000007);
#48780=CARTESIAN_POINT('',(-0.425,1.29999999999999,0.109999999999999));
#48790=VERTEX_POINT('',#48780);
#48800=EDGE_CURVE('',#48790,#48700,#48770,.T.);
#48810=ORIENTED_EDGE('',*,*,#48800,.T.);
#48820=CARTESIAN_POINT('',(-0.425,1.29999999999999,0.0499999999999983));
#48830=DIRECTION('',(2.28983498828939E-16,2.28983498828939E-16,1.));
#48840=VECTOR('',#48830,1.);
#48850=LINE('',#48820,#48840);
#48860=CARTESIAN_POINT('',(-0.425,1.29999999999999,0.0499999999999997));
#48870=VERTEX_POINT('',#48860);
#48880=EDGE_CURVE('',#48870,#48790,#48850,.T.);
#48890=ORIENTED_EDGE('',*,*,#48880,.T.);
#48900=CARTESIAN_POINT('',(-0.425,1.24999999999999,-1.11022302462516E-15
));
#48910=DIRECTION('',(1.61915784801753E-16,0.707106781186599,
0.707106781186496));
#48920=VECTOR('',#48910,1.);
#48930=LINE('',#48900,#48920);
#48940=CARTESIAN_POINT('',(-0.425,1.24999999999999,-1.22124532708767E-15
));
#48950=VERTEX_POINT('',#48940);
#48960=EDGE_CURVE('',#48950,#48870,#48930,.T.);
#48970=ORIENTED_EDGE('',*,*,#48960,.T.);
#48980=CARTESIAN_POINT('',(-0.425,0.919999999999986,
-1.11022302462516E-15));
#48990=DIRECTION('',(7.70371977754891E-32,1.,1.0744772075444E-16));
#49000=VECTOR('',#48990,1.);
#49010=LINE('',#48980,#49000);
#49020=CARTESIAN_POINT('',(-0.425,0.919999999999986,
-1.11022302462516E-15));
#49030=VERTEX_POINT('',#49020);
#49040=EDGE_CURVE('',#49030,#48950,#49010,.T.);
#49050=ORIENTED_EDGE('',*,*,#49040,.T.);
#49060=CARTESIAN_POINT('',(-0.425,0.919999999999986,0.0361954891124543))
;
#49070=DIRECTION('',(-2.28983498828939E-16,-2.28983498828939E-16,-1.));
#49080=VECTOR('',#49070,1.);
#49090=LINE('',#49060,#49080);
#49100=CARTESIAN_POINT('',(-0.425,0.919999999999987,0.0361954891124608))
;
#49110=VERTEX_POINT('',#49100);
#49120=EDGE_CURVE('',#49110,#49030,#49090,.T.);
#49130=ORIENTED_EDGE('',*,*,#49120,.T.);
#49140=CARTESIAN_POINT('',(-0.425,0.949999999999987,0.0361954891124607))
;
#49150=DIRECTION('',(1.,-5.24334427359425E-32,-2.28983498828939E-16));
#49160=DIRECTION('',(2.22999838564206E-16,-0.227112212966245,
0.973868596229273));
#49170=AXIS2_PLACEMENT_3D('',#49140,#49150,#49160);
#49180=CIRCLE('',#49170,0.0299999999999999);
#49190=CARTESIAN_POINT('',(-0.425,0.943186633610996,0.065411546999338));
#49200=VERTEX_POINT('',#49190);
#49210=EDGE_CURVE('',#49200,#49110,#49180,.T.);
#49220=ORIENTED_EDGE('',*,*,#49210,.T.);
#49230=CARTESIAN_POINT('',(-0.425,0.999999999999999,0.0786607773540644))
;
#49240=DIRECTION('',(-5.20049491518194E-17,-0.973868596229247,
-0.227112212966356));
#49250=VECTOR('',#49240,1.);
#49260=LINE('',#49230,#49250);
#49270=CARTESIAN_POINT('',(-0.425,0.999999999999999,0.0786607773540644))
;
#49280=VERTEX_POINT('',#49270);
#49290=EDGE_CURVE('',#49280,#49200,#49260,.T.);
#49300=ORIENTED_EDGE('',*,*,#49290,.T.);
#49310=CARTESIAN_POINT('',(-0.425,0.999999999999999,0.0786607773540637))
;
#49320=DIRECTION('',(2.28983498828939E-16,2.28983498828939E-16,1.));
#49330=VECTOR('',#49320,1.);
#49340=LINE('',#49310,#49330);
#49350=EDGE_CURVE('',#49280,#46230,#49340,.T.);
#49360=ORIENTED_EDGE('',*,*,#49350,.F.);
#49370=EDGE_LOOP('',(#49360,#49300,#49220,#49130,#49050,#48970,#48890,
#48810,#48720,#48640,#48630));
#49380=FACE_OUTER_BOUND('',#49370,.T.);
#49390=ADVANCED_FACE('',(#49380),#48620,.T.);
#49400=CARTESIAN_POINT('',(-0.425,0.999999999999999,0.0786607773540637))
;
#49410=DIRECTION('',(2.80414647586396E-32,1.,-1.06522863446701E-16));
#49420=DIRECTION('',(-2.28983498828939E-16,-1.06522863446701E-16,-1.));
#49430=AXIS2_PLACEMENT_3D('',#49400,#49410,#49420);
#49440=PLANE('',#49430);
#49450=ORIENTED_EDGE('',*,*,#49350,.T.);
#49460=CARTESIAN_POINT('',(-0.575,0.999999999999999,0.0786607773540637))
;
#49470=DIRECTION('',(1.,-5.24334427359425E-32,-2.28983498828939E-16));
#49480=VECTOR('',#49470,1.);
#49490=LINE('',#49460,#49480);
#49500=CARTESIAN_POINT('',(-0.575,0.999999999999999,0.0786607773540644))
;
#49510=VERTEX_POINT('',#49500);
#49520=EDGE_CURVE('',#49510,#49280,#49490,.T.);
#49530=ORIENTED_EDGE('',*,*,#49520,.T.);
#49540=CARTESIAN_POINT('',(-0.575,0.999999999999999,0.0786607773540645))
;
#49550=DIRECTION('',(2.28983498828939E-16,2.28983498828939E-16,1.));
#49560=VECTOR('',#49550,1.);
#49570=LINE('',#49540,#49560);
#49580=CARTESIAN_POINT('',(-0.575,0.999999999999999,0.0799999999999987))
;
#49590=VERTEX_POINT('',#49580);
#49600=EDGE_CURVE('',#49510,#49590,#49570,.T.);
#49610=ORIENTED_EDGE('',*,*,#49600,.F.);
#49620=CARTESIAN_POINT('',(-0.425,0.999999999999999,0.0799999999999987))
;
#49630=DIRECTION('',(-1.,5.24334427359425E-32,2.28983498828939E-16));
#49640=VECTOR('',#49630,1.);
#49650=LINE('',#49620,#49640);
#49660=EDGE_CURVE('',#46230,#49590,#49650,.T.);
#49670=ORIENTED_EDGE('',*,*,#49660,.T.);
#49680=EDGE_LOOP('',(#49670,#49610,#49530,#49450));
#49690=FACE_OUTER_BOUND('',#49680,.T.);
#49700=ADVANCED_FACE('',(#49690),#49440,.F.);
#49710=CARTESIAN_POINT('',(-0.5875,0.999999999999999,0.0799999999999987)
);
#49720=DIRECTION('',(-2.28983498828939E-16,-2.28983498828939E-16,-1.));
#49730=DIRECTION('',(2.08005240798215E-46,-1.,2.28983498828939E-16));
#49740=AXIS2_PLACEMENT_3D('',#49710,#49720,#49730);
#49750=PLANE('',#49740);
#49760=CARTESIAN_POINT('',(-0.35,0.919999999999995,0.0799999999999985));
#49770=DIRECTION('',(-5.5511151231256E-15,1.,-2.28983498828938E-16));
#49780=VECTOR('',#49770,1.);
#49790=LINE('',#49760,#49780);
#49800=CARTESIAN_POINT('',(-0.350000000000001,0.919999999999997,
0.0799999999999987));
#49810=VERTEX_POINT('',#49800);
#49820=EDGE_CURVE('',#49810,#46310,#49790,.T.);
#49830=ORIENTED_EDGE('',*,*,#49820,.F.);
#49840=ORIENTED_EDGE('',*,*,#46320,.T.);
#49850=ORIENTED_EDGE('',*,*,#49660,.F.);
#49860=CARTESIAN_POINT('',(-0.65,0.999999999999999,0.0799999999999987));
#49870=DIRECTION('',(1.,-5.24334427359425E-32,-2.28983498828939E-16));
#49880=VECTOR('',#49870,1.);
#49890=LINE('',#49860,#49880);
#49900=CARTESIAN_POINT('',(-0.649999999999991,0.999999999999999,
0.0800000000000072));
#49910=VERTEX_POINT('',#49900);
#49920=EDGE_CURVE('',#49910,#49590,#49890,.T.);
#49930=ORIENTED_EDGE('',*,*,#49920,.T.);
#49940=CARTESIAN_POINT('',(-0.649999999999999,1.,0.0799999999999985));
#49950=DIRECTION('',(-5.55111512312544E-15,-1.,2.2898349882894E-16));
#49960=VECTOR('',#49950,1.);
#49970=LINE('',#49940,#49960);
#49980=CARTESIAN_POINT('',(-0.65,0.919999999999997,0.0799999999999984));
#49990=VERTEX_POINT('',#49980);
#50000=EDGE_CURVE('',#49910,#49990,#49970,.T.);
#50010=ORIENTED_EDGE('',*,*,#50000,.F.);
#50020=CARTESIAN_POINT('',(-0.649999999999999,0.919999999999999,
0.0799999999999989));
#50030=DIRECTION('',(1.,-5.24334427359425E-32,-2.28983498828939E-16));
#50040=VECTOR('',#50030,1.);
#50050=LINE('',#50020,#50040);
#50060=EDGE_CURVE('',#49990,#49810,#50050,.T.);
#50070=ORIENTED_EDGE('',*,*,#50060,.F.);
#50080=EDGE_LOOP('',(#50070,#50010,#49930,#49850,#49840,#49830));
#50090=FACE_OUTER_BOUND('',#50080,.T.);
#50100=ADVANCED_FACE('',(#50090),#49750,.T.);
#50110=CARTESIAN_POINT('',(-0.5875,0.919999999999999,0.0799999999999989)
);
#50120=DIRECTION('',(-2.23289333142184E-16,0.221621103588969,
-0.97513285579146));
#50130=DIRECTION('',(-5.07475757141328E-17,-0.97513285579146,
-0.221621103588969));
#50140=AXIS2_PLACEMENT_3D('',#50110,#50120,#50130);
#50150=PLANE('',#50140);
#50160=CARTESIAN_POINT('',(-0.350000000000001,0.919999999999999,
0.0799999999999987));
#50170=DIRECTION('',(0.216371161203961,-0.952033109297413,
-0.216371161203958));
#50180=VECTOR('',#50170,1.);
#50190=LINE('',#50160,#50180);
#50200=EDGE_CURVE('',#49810,#14200,#50190,.T.);
#50210=ORIENTED_EDGE('',*,*,#50200,.T.);
#50220=ORIENTED_EDGE('',*,*,#50060,.T.);
#50230=CARTESIAN_POINT('',(-0.7,0.699999999999999,0.0299999999999987));
#50240=DIRECTION('',(0.216371161203963,0.952033109297413,
0.216371161203958));
#50250=VECTOR('',#50240,1.);
#50260=LINE('',#50230,#50250);
#50270=EDGE_CURVE('',#14280,#49990,#50260,.T.);
#50280=ORIENTED_EDGE('',*,*,#50270,.T.);
#50290=ORIENTED_EDGE('',*,*,#14290,.F.);
#50300=EDGE_LOOP('',(#50290,#50280,#50220,#50210));
#50310=FACE_OUTER_BOUND('',#50300,.T.);
#50320=ADVANCED_FACE('',(#50310),#50150,.T.);
#50330=CARTESIAN_POINT('',(-0.325,0.849999999999999,0.0549999999999987))
;
#50340=DIRECTION('',(-0.707106781186543,-7.53230390945714E-17,
-0.707106781186552));
#50350=DIRECTION('',(0.707106781186552,6.23130444540118E-16,
-0.707106781186543));
#50360=AXIS2_PLACEMENT_3D('',#50330,#50340,#50350);
#50370=PLANE('',#50360);
#50380=ORIENTED_EDGE('',*,*,#50200,.F.);
#50390=ORIENTED_EDGE('',*,*,#14210,.T.);
#50400=ORIENTED_EDGE('',*,*,#46380,.F.);
#50410=ORIENTED_EDGE('',*,*,#49820,.T.);
#50420=EDGE_LOOP('',(#50410,#50400,#50390,#50380));
#50430=FACE_OUTER_BOUND('',#50420,.T.);
#50440=ADVANCED_FACE('',(#50430),#50370,.T.);
#50450=CARTESIAN_POINT('',(-0.675,0.849999999999999,0.0549999999999988))
;
#50460=DIRECTION('',(0.707106781186543,-7.53230390945715E-17,
-0.707106781186552));
#50470=DIRECTION('',(-0.707106781186552,6.23130444540118E-16,
-0.707106781186543));
#50480=AXIS2_PLACEMENT_3D('',#50450,#50460,#50470);
#50490=PLANE('',#50480);
#50500=CARTESIAN_POINT('',(-0.649999999999965,0.999999999999999,
0.0799999999999987));
#50510=DIRECTION('',(-0.70710678118655,-1.61915784801764E-16,
-0.707106781186545));
#50520=VECTOR('',#50510,1.);
#50530=LINE('',#50500,#50520);
#50540=EDGE_CURVE('',#49910,#14360,#50530,.T.);
#50550=ORIENTED_EDGE('',*,*,#50540,.F.);
#50560=ORIENTED_EDGE('',*,*,#14370,.T.);
#50570=ORIENTED_EDGE('',*,*,#50270,.F.);
#50580=ORIENTED_EDGE('',*,*,#50000,.T.);
#50590=EDGE_LOOP('',(#50580,#50570,#50560,#50550));
#50600=FACE_OUTER_BOUND('',#50590,.T.);
#50610=ADVANCED_FACE('',(#50600),#50490,.T.);
#50620=CARTESIAN_POINT('',(3.075,0.999999999999999,0.309999999999998));
#50630=DIRECTION('',(2.80414647586396E-32,1.,-1.06522863446701E-16));
#50640=DIRECTION('',(-2.28983498828939E-16,-1.06522863446701E-16,-1.));
#50650=AXIS2_PLACEMENT_3D('',#50620,#50630,#50640);
#50660=PLANE('',#50650);
#50670=ORIENTED_EDGE('',*,*,#7380,.F.);
#50680=CARTESIAN_POINT('',(-0.925,0.999999999999999,0.0799999999999989))
;
#50690=DIRECTION('',(2.28983498828939E-16,-1.23693326113125E-17,1.));
#50700=VECTOR('',#50690,1.);
#50710=LINE('',#50680,#50700);
#50720=CARTESIAN_POINT('',(-0.925,0.999999999999999,0.0799999999999989))
;
#50730=VERTEX_POINT('',#50720);
#50740=EDGE_CURVE('',#50730,#7290,#50710,.T.);
#50750=ORIENTED_EDGE('',*,*,#50740,.T.);
#50760=CARTESIAN_POINT('',(-0.925000000000001,0.999999999999999,
0.0799999999999989));
#50770=DIRECTION('',(1.,-5.24334427359425E-32,-2.28983498828939E-16));
#50780=VECTOR('',#50770,1.);
#50790=LINE('',#50760,#50780);
#50800=CARTESIAN_POINT('',(-0.850000000000001,0.999999999999998,
0.0799999999999987));
#50810=VERTEX_POINT('',#50800);
#50820=EDGE_CURVE('',#50730,#50810,#50790,.T.);
#50830=ORIENTED_EDGE('',*,*,#50820,.F.);
#50840=CARTESIAN_POINT('',(-0.799999999999968,0.999999999999999,
0.0299999999999988));
#50850=DIRECTION('',(-0.707106781186547,1.61915784801765E-16,
0.707106781186548));
#50860=VECTOR('',#50850,1.);
#50870=LINE('',#50840,#50860);
#50880=EDGE_CURVE('',#14440,#50810,#50870,.T.);
#50890=ORIENTED_EDGE('',*,*,#50880,.T.);
#50900=ORIENTED_EDGE('',*,*,#14450,.T.);
#50910=ORIENTED_EDGE('',*,*,#50540,.T.);
#50920=ORIENTED_EDGE('',*,*,#49920,.F.);
#50930=CARTESIAN_POINT('',(-0.575,0.999999999999999,0.0799999999999987))
;
#50940=DIRECTION('',(2.28983498828939E-16,2.28983498828939E-16,1.));
#50950=VECTOR('',#50940,1.);
#50960=LINE('',#50930,#50950);
#50970=EDGE_CURVE('',#49590,#7370,#50960,.T.);
#50980=ORIENTED_EDGE('',*,*,#50970,.F.);
#50990=EDGE_LOOP('',(#50980,#50920,#50910,#50900,#50890,#50830,#50750,
#50670));
#51000=FACE_OUTER_BOUND('',#50990,.T.);
#51010=ADVANCED_FACE('',(#51000),#50660,.T.);
#51020=CARTESIAN_POINT('',(-0.575,1.24577907539775,0.170500231015465));
#51030=DIRECTION('',(1.,-5.24334427359425E-32,-2.28983498828939E-16));
#51040=DIRECTION('',(5.24334427359425E-32,1.,0.));
#51050=AXIS2_PLACEMENT_3D('',#51020,#51030,#51040);
#51060=PLANE('',#51050);
#51070=ORIENTED_EDGE('',*,*,#49600,.T.);
#51080=CARTESIAN_POINT('',(-0.575,0.943186633610999,0.0654115469993393))
;
#51090=DIRECTION('',(5.20049491518198E-17,0.973868596229247,
0.227112212966358));
#51100=VECTOR('',#51090,1.);
#51110=LINE('',#51080,#51100);
#51120=CARTESIAN_POINT('',(-0.575,0.943186633610998,0.0654115469993386))
;
#51130=VERTEX_POINT('',#51120);
#51140=EDGE_CURVE('',#51130,#49510,#51110,.T.);
#51150=ORIENTED_EDGE('',*,*,#51140,.T.);
#51160=CARTESIAN_POINT('',(-0.575,0.949999999999987,0.0361954891124607))
;
#51170=DIRECTION('',(-1.,5.24334427359425E-32,2.28983498828939E-16));
#51180=DIRECTION('',(-4.99971413562929E-29,-1.,-2.18114878010786E-13));
#51190=AXIS2_PLACEMENT_3D('',#51160,#51170,#51180);
#51200=CIRCLE('',#51190,0.0299999999999999);
#51210=CARTESIAN_POINT('',(-0.575,0.919999999999986,0.0361954891124575))
;
#51220=VERTEX_POINT('',#51210);
#51230=EDGE_CURVE('',#51220,#51130,#51200,.T.);
#51240=ORIENTED_EDGE('',*,*,#51230,.T.);
#51250=CARTESIAN_POINT('',(-0.575,0.919999999999986,0.0361954891124608))
;
#51260=DIRECTION('',(-2.28983498828939E-16,-2.28983498828939E-16,-1.));
#51270=VECTOR('',#51260,1.);
#51280=LINE('',#51250,#51270);
#51290=CARTESIAN_POINT('',(-0.575,0.919999999999986,
-1.11022302462516E-15));
#51300=VERTEX_POINT('',#51290);
#51310=EDGE_CURVE('',#51220,#51300,#51280,.T.);
#51320=ORIENTED_EDGE('',*,*,#51310,.F.);
#51330=CARTESIAN_POINT('',(-0.575,1.24999999999999,-1.11022302462516E-15
));
#51340=DIRECTION('',(-7.70371977754894E-32,-1.,-1.07447720754442E-16));
#51350=VECTOR('',#51340,1.);
#51360=LINE('',#51330,#51350);
#51370=CARTESIAN_POINT('',(-0.575,1.24999999999999,-8.88178419700125E-16
));
#51380=VERTEX_POINT('',#51370);
#51390=EDGE_CURVE('',#51380,#51300,#51360,.T.);
#51400=ORIENTED_EDGE('',*,*,#51390,.T.);
#51410=CARTESIAN_POINT('',(-0.575,1.29999999999999,0.0499999999999997));
#51420=DIRECTION('',(-1.61915784801753E-16,-0.707106781186599,
-0.707106781186497));
#51430=VECTOR('',#51420,1.);
#51440=LINE('',#51410,#51430);
#51450=CARTESIAN_POINT('',(-0.575,1.29999999999999,0.0499999999999997));
#51460=VERTEX_POINT('',#51450);
#51470=EDGE_CURVE('',#51460,#51380,#51440,.T.);
#51480=ORIENTED_EDGE('',*,*,#51470,.T.);
#51490=CARTESIAN_POINT('',(-0.575,1.29999999999999,0.0499999999999997));
#51500=DIRECTION('',(2.28983498828939E-16,2.28983498828939E-16,1.));
#51510=VECTOR('',#51500,1.);
#51520=LINE('',#51490,#51510);
#51530=CARTESIAN_POINT('',(-0.575,1.29999999999999,0.109999999999995));
#51540=VERTEX_POINT('',#51530);
#51550=EDGE_CURVE('',#51460,#51540,#51520,.T.);
#51560=ORIENTED_EDGE('',*,*,#51550,.F.);
#51570=CARTESIAN_POINT('',(-0.575,1.35,0.109999999999999));
#51580=DIRECTION('',(1.,-5.24334427359425E-32,-2.28983498828939E-16));
#51590=DIRECTION('',(2.28983498828939E-16,2.28983498828939E-16,1.));
#51600=AXIS2_PLACEMENT_3D('',#51570,#51580,#51590);
#51610=CIRCLE('',#51600,0.0500000000000007);
#51620=CARTESIAN_POINT('',(-0.575,1.35,0.159999999999999));
#51630=VERTEX_POINT('',#51620);
#51640=EDGE_CURVE('',#51630,#51540,#51610,.T.);
#51650=ORIENTED_EDGE('',*,*,#51640,.T.);
#51660=CARTESIAN_POINT('',(-0.575,1.35,0.309999999999999));
#51670=DIRECTION('',(-2.28983498828939E-16,-2.28983498828939E-16,-1.));
#51680=VECTOR('',#51670,1.);
#51690=LINE('',#51660,#51680);
#51700=EDGE_CURVE('',#7450,#51630,#51690,.T.);
#51710=ORIENTED_EDGE('',*,*,#51700,.T.);
#51720=ORIENTED_EDGE('',*,*,#7460,.T.);
#51730=ORIENTED_EDGE('',*,*,#50970,.T.);
#51740=EDGE_LOOP('',(#51730,#51720,#51710,#51650,#51560,#51480,#51400,
#51320,#51240,#51150,#51070));
#51750=FACE_OUTER_BOUND('',#51740,.T.);
#51760=ADVANCED_FACE('',(#51750),#51060,.F.);
#51770=CARTESIAN_POINT('',(-0.575,0.943186633610997,0.0654115469993387))
;
#51780=DIRECTION('',(2.229998385642E-16,-0.227112212966356,
0.973868596229247));
#51790=DIRECTION('',(5.20049491518193E-17,0.973868596229247,
0.227112212966356));
#51800=AXIS2_PLACEMENT_3D('',#51770,#51780,#51790);
#51810=PLANE('',#51800);
#51820=ORIENTED_EDGE('',*,*,#51140,.F.);
#51830=ORIENTED_EDGE('',*,*,#49520,.F.);
#51840=ORIENTED_EDGE('',*,*,#49290,.F.);
#51850=CARTESIAN_POINT('',(-0.425,0.943186633610997,0.0654115469993383))
;
#51860=DIRECTION('',(-1.,5.24334427359425E-32,2.28983498828939E-16));
#51870=VECTOR('',#51860,1.);
#51880=LINE('',#51850,#51870);
#51890=EDGE_CURVE('',#49200,#51130,#51880,.T.);
#51900=ORIENTED_EDGE('',*,*,#51890,.F.);
#51910=EDGE_LOOP('',(#51900,#51840,#51830,#51820));
#51920=FACE_OUTER_BOUND('',#51910,.T.);
#51930=ADVANCED_FACE('',(#51920),#51810,.T.);
#51940=CARTESIAN_POINT('',(-0.575,0.949999999999987,0.0361954891124607))
;
#51950=DIRECTION('',(1.,-5.24334427359425E-32,-2.28983498828939E-16));
#51960=DIRECTION('',(-2.08005240798215E-46,1.,-2.28983498828939E-16));
#51970=AXIS2_PLACEMENT_3D('',#51940,#51950,#51960);
#51980=CYLINDRICAL_SURFACE('',#51970,0.0299999999999999);
#51990=ORIENTED_EDGE('',*,*,#51230,.F.);
#52000=ORIENTED_EDGE('',*,*,#51890,.T.);
#52010=ORIENTED_EDGE('',*,*,#49210,.F.);
#52020=CARTESIAN_POINT('',(-0.575,0.919999999999987,0.0361954891124608))
;
#52030=DIRECTION('',(1.,-5.24334427359425E-32,-2.28983498828939E-16));
#52040=VECTOR('',#52030,1.);
#52050=LINE('',#52020,#52040);
#52060=EDGE_CURVE('',#51220,#49110,#52050,.T.);
#52070=ORIENTED_EDGE('',*,*,#52060,.T.);
#52080=EDGE_LOOP('',(#52070,#52010,#52000,#51990));
#52090=FACE_OUTER_BOUND('',#52080,.T.);
#52100=ADVANCED_FACE('',(#52090),#51980,.T.);
#52110=CARTESIAN_POINT('',(-0.575,0.919999999999986,
-1.11022302462516E-15));
#52120=DIRECTION('',(2.08005240798215E-46,-1.,2.28983498828939E-16));
#52130=DIRECTION('',(2.28983498828939E-16,2.28983498828939E-16,1.));
#52140=AXIS2_PLACEMENT_3D('',#52110,#52120,#52130);
#52150=PLANE('',#52140);
#52160=ORIENTED_EDGE('',*,*,#52060,.F.);
#52170=ORIENTED_EDGE('',*,*,#49120,.F.);
#52180=CARTESIAN_POINT('',(-0.425,0.919999999999986,
-1.11022302462516E-15));
#52190=DIRECTION('',(-1.,5.24334427359425E-32,2.28983498828939E-16));
#52200=VECTOR('',#52190,1.);
#52210=LINE('',#52180,#52200);
#52220=EDGE_CURVE('',#49030,#51300,#52210,.T.);
#52230=ORIENTED_EDGE('',*,*,#52220,.F.);
#52240=ORIENTED_EDGE('',*,*,#51310,.T.);
#52250=EDGE_LOOP('',(#52240,#52230,#52170,#52160));
#52260=FACE_OUTER_BOUND('',#52250,.T.);
#52270=ADVANCED_FACE('',(#52260),#52150,.T.);
#52280=CARTESIAN_POINT('',(-0.575,1.24999999999999,-1.22124532708767E-15
));
#52290=DIRECTION('',(-2.28983498828939E-16,-2.28983498828939E-16,-1.));
#52300=DIRECTION('',(2.08005240798215E-46,-1.,2.28983498828939E-16));
#52310=AXIS2_PLACEMENT_3D('',#52280,#52290,#52300);
#52320=PLANE('',#52310);
#52330=ORIENTED_EDGE('',*,*,#51390,.F.);
#52340=ORIENTED_EDGE('',*,*,#52220,.T.);
#52350=ORIENTED_EDGE('',*,*,#49040,.F.);
#52360=CARTESIAN_POINT('',(-0.425,1.24999999999999,-6.66133814775094E-16
));
#52370=DIRECTION('',(-1.,5.24334427359425E-32,2.28983498828939E-16));
#52380=VECTOR('',#52370,1.);
#52390=LINE('',#52360,#52380);
#52400=EDGE_CURVE('',#48950,#51380,#52390,.T.);
#52410=ORIENTED_EDGE('',*,*,#52400,.F.);
#52420=EDGE_LOOP('',(#52410,#52350,#52340,#52330));
#52430=FACE_OUTER_BOUND('',#52420,.T.);
#52440=ADVANCED_FACE('',(#52430),#52320,.T.);
#52450=CARTESIAN_POINT('',(-0.575,1.29999999999999,0.0499999999999997));
#52460=DIRECTION('',(-1.61915784801776E-16,0.707106781186497,
-0.707106781186598));
#52470=DIRECTION('',(-1.61915784801753E-16,-0.707106781186598,
-0.707106781186497));
#52480=AXIS2_PLACEMENT_3D('',#52450,#52460,#52470);
#52490=PLANE('',#52480);
#52500=ORIENTED_EDGE('',*,*,#51470,.F.);
#52510=ORIENTED_EDGE('',*,*,#52400,.T.);
#52520=ORIENTED_EDGE('',*,*,#48960,.F.);
#52530=CARTESIAN_POINT('',(-0.425,1.29999999999999,0.0499999999999997));
#52540=DIRECTION('',(-1.,5.24334427359425E-32,2.28983498828939E-16));
#52550=VECTOR('',#52540,1.);
#52560=LINE('',#52530,#52550);
#52570=EDGE_CURVE('',#48870,#51460,#52560,.T.);
#52580=ORIENTED_EDGE('',*,*,#52570,.F.);
#52590=EDGE_LOOP('',(#52580,#52520,#52510,#52500));
#52600=FACE_OUTER_BOUND('',#52590,.T.);
#52610=ADVANCED_FACE('',(#52600),#52490,.T.);
#52620=CARTESIAN_POINT('',(-0.575,1.29999999999999,0.109999999999999));
#52630=DIRECTION('',(-2.08005240798215E-46,1.,-2.28983498828939E-16));
#52640=DIRECTION('',(-2.28983498828939E-16,-2.28983498828939E-16,-1.));
#52650=AXIS2_PLACEMENT_3D('',#52620,#52630,#52640);
#52660=PLANE('',#52650);
#52670=ORIENTED_EDGE('',*,*,#51550,.T.);
#52680=ORIENTED_EDGE('',*,*,#52570,.T.);
#52690=ORIENTED_EDGE('',*,*,#48880,.F.);
#52700=CARTESIAN_POINT('',(-0.425,1.29999999999999,0.109999999999999));
#52710=DIRECTION('',(-1.,5.24334427359425E-32,2.28983498828939E-16));
#52720=VECTOR('',#52710,1.);
#52730=LINE('',#52700,#52720);
#52740=EDGE_CURVE('',#48790,#51540,#52730,.T.);
#52750=ORIENTED_EDGE('',*,*,#52740,.F.);
#52760=EDGE_LOOP('',(#52750,#52690,#52680,#52670));
#52770=FACE_OUTER_BOUND('',#52760,.T.);
#52780=ADVANCED_FACE('',(#52770),#52660,.T.);
#52790=CARTESIAN_POINT('',(-0.575,1.35,0.109999999999999));
#52800=DIRECTION('',(1.,-5.24334427359425E-32,-2.28983498828939E-16));
#52810=DIRECTION('',(-2.08005240798215E-46,1.,-2.28983498828939E-16));
#52820=AXIS2_PLACEMENT_3D('',#52790,#52800,#52810);
#52830=CYLINDRICAL_SURFACE('',#52820,0.0500000000000007);
#52840=ORIENTED_EDGE('',*,*,#51640,.F.);
#52850=ORIENTED_EDGE('',*,*,#52740,.T.);
#52860=ORIENTED_EDGE('',*,*,#48800,.F.);
#52870=CARTESIAN_POINT('',(-0.575,1.35,0.159999999999999));
#52880=DIRECTION('',(1.,-5.24334427359425E-32,-2.28983498828939E-16));
#52890=VECTOR('',#52880,1.);
#52900=LINE('',#52870,#52890);
#52910=EDGE_CURVE('',#51630,#48700,#52900,.T.);
#52920=ORIENTED_EDGE('',*,*,#52910,.T.);
#52930=EDGE_LOOP('',(#52920,#52860,#52850,#52840));
#52940=FACE_OUTER_BOUND('',#52930,.T.);
#52950=ADVANCED_FACE('',(#52940),#52830,.F.);
#52960=CARTESIAN_POINT('',(-0.575,1.35,0.310000000000001));
#52970=DIRECTION('',(-2.08005240798215E-46,1.,-2.28983498828939E-16));
#52980=DIRECTION('',(-2.28983498828939E-16,-2.28983498828939E-16,-1.));
#52990=AXIS2_PLACEMENT_3D('',#52960,#52970,#52980);
#53000=PLANE('',#52990);
#53010=ORIENTED_EDGE('',*,*,#51700,.F.);
#53020=ORIENTED_EDGE('',*,*,#52910,.F.);
#53030=ORIENTED_EDGE('',*,*,#48710,.F.);
#53040=ORIENTED_EDGE('',*,*,#7540,.F.);
#53050=EDGE_LOOP('',(#53040,#53030,#53020,#53010));
#53060=FACE_OUTER_BOUND('',#53050,.T.);
#53070=ADVANCED_FACE('',(#53060),#53000,.T.);
#53080=CARTESIAN_POINT('',(-0.925,1.24577907539775,0.170500231015465));
#53090=DIRECTION('',(1.,-5.24334427359425E-32,-2.28983498828939E-16));
#53100=DIRECTION('',(5.24334427359425E-32,1.,0.));
#53110=AXIS2_PLACEMENT_3D('',#53080,#53090,#53100);
#53120=PLANE('',#53110);
#53130=ORIENTED_EDGE('',*,*,#50740,.F.);
#53140=ORIENTED_EDGE('',*,*,#7300,.T.);
#53150=ORIENTED_EDGE('',*,*,#7040,.T.);
#53160=CARTESIAN_POINT('',(-0.925,1.35,0.109999999999999));
#53170=DIRECTION('',(-1.,5.24334427359425E-32,2.28983498828939E-16));
#53180=DIRECTION('',(-6.60979156913691E-30,-1.,-2.86368151414247E-14));
#53190=AXIS2_PLACEMENT_3D('',#53160,#53170,#53180);
#53200=CIRCLE('',#53190,0.0500000000000007);
#53210=CARTESIAN_POINT('',(-0.925,1.29999999999999,0.109999999999998));
#53220=VERTEX_POINT('',#53210);
#53230=EDGE_CURVE('',#53220,#6950,#53200,.T.);
#53240=ORIENTED_EDGE('',*,*,#53230,.T.);
#53250=CARTESIAN_POINT('',(-0.925,1.29999999999999,0.0499999999999994));
#53260=DIRECTION('',(2.28983498828939E-16,2.28983498828939E-16,1.));
#53270=VECTOR('',#53260,1.);
#53280=LINE('',#53250,#53270);
#53290=CARTESIAN_POINT('',(-0.925,1.29999999999999,0.0499999999999995));
#53300=VERTEX_POINT('',#53290);
#53310=EDGE_CURVE('',#53300,#53220,#53280,.T.);
#53320=ORIENTED_EDGE('',*,*,#53310,.T.);
#53330=CARTESIAN_POINT('',(-0.925,1.24999999999999,-9.99200722162641E-16
));
#53340=DIRECTION('',(1.61915784801753E-16,0.707106781186599,
0.707106781186496));
#53350=VECTOR('',#53340,1.);
#53360=LINE('',#53330,#53350);
#53370=CARTESIAN_POINT('',(-0.925,1.24999999999999,-1.22124532708767E-15
));
#53380=VERTEX_POINT('',#53370);
#53390=EDGE_CURVE('',#53380,#53300,#53360,.T.);
#53400=ORIENTED_EDGE('',*,*,#53390,.T.);
#53410=CARTESIAN_POINT('',(-0.925,0.919999999999986,
-9.99200722162641E-16));
#53420=DIRECTION('',(7.70371977754891E-32,1.,1.0744772075444E-16));
#53430=VECTOR('',#53420,1.);
#53440=LINE('',#53410,#53430);
#53450=CARTESIAN_POINT('',(-0.925,0.919999999999986,
-9.99200722162641E-16));
#53460=VERTEX_POINT('',#53450);
#53470=EDGE_CURVE('',#53460,#53380,#53440,.T.);
#53480=ORIENTED_EDGE('',*,*,#53470,.T.);
#53490=CARTESIAN_POINT('',(-0.925,0.919999999999986,0.0361954891124544))
;
#53500=DIRECTION('',(-2.28983498828939E-16,-2.28983498828939E-16,-1.));
#53510=VECTOR('',#53500,1.);
#53520=LINE('',#53490,#53510);
#53530=CARTESIAN_POINT('',(-0.925,0.919999999999987,0.036195489112461));
#53540=VERTEX_POINT('',#53530);
#53550=EDGE_CURVE('',#53540,#53460,#53520,.T.);
#53560=ORIENTED_EDGE('',*,*,#53550,.T.);
#53570=CARTESIAN_POINT('',(-0.925,0.949999999999987,0.0361954891124608))
;
#53580=DIRECTION('',(1.,-5.24334427359425E-32,-2.28983498828939E-16));
#53590=DIRECTION('',(2.22999838564196E-16,-0.227112212966441,
0.973868596229227));
#53600=AXIS2_PLACEMENT_3D('',#53570,#53580,#53590);
#53610=CIRCLE('',#53600,0.0299999999999999);
#53620=CARTESIAN_POINT('',(-0.925,0.943186633610995,0.0654115469993385))
;
#53630=VERTEX_POINT('',#53620);
#53640=EDGE_CURVE('',#53630,#53540,#53610,.T.);
#53650=ORIENTED_EDGE('',*,*,#53640,.T.);
#53660=CARTESIAN_POINT('',(-0.925,0.999999999999999,0.0786607773540635))
;
#53670=DIRECTION('',(-5.20049491518195E-17,-0.973868596229247,
-0.227112212966356));
#53680=VECTOR('',#53670,1.);
#53690=LINE('',#53660,#53680);
#53700=CARTESIAN_POINT('',(-0.925,0.999999999999999,0.0786607773540645))
;
#53710=VERTEX_POINT('',#53700);
#53720=EDGE_CURVE('',#53710,#53630,#53690,.T.);
#53730=ORIENTED_EDGE('',*,*,#53720,.T.);
#53740=CARTESIAN_POINT('',(-0.925,0.999999999999999,0.0786607773540638))
;
#53750=DIRECTION('',(2.28983498828939E-16,2.28983498828939E-16,1.));
#53760=VECTOR('',#53750,1.);
#53770=LINE('',#53740,#53760);
#53780=EDGE_CURVE('',#53710,#50730,#53770,.T.);
#53790=ORIENTED_EDGE('',*,*,#53780,.F.);
#53800=EDGE_LOOP('',(#53790,#53730,#53650,#53560,#53480,#53400,#53320,
#53240,#53150,#53140,#53130));
#53810=FACE_OUTER_BOUND('',#53800,.T.);
#53820=ADVANCED_FACE('',(#53810),#53120,.T.);
#53830=CARTESIAN_POINT('',(-0.925,0.999999999999999,0.0786607773540638))
;
#53840=DIRECTION('',(2.80414647586396E-32,1.,-1.06522863446701E-16));
#53850=DIRECTION('',(-2.28983498828939E-16,-1.06522863446701E-16,-1.));
#53860=AXIS2_PLACEMENT_3D('',#53830,#53840,#53850);
#53870=PLANE('',#53860);
#53880=ORIENTED_EDGE('',*,*,#53780,.T.);
#53890=CARTESIAN_POINT('',(-1.075,0.999999999999999,0.0786607773540638))
;
#53900=DIRECTION('',(1.,-5.24334427359425E-32,-2.28983498828939E-16));
#53910=VECTOR('',#53900,1.);
#53920=LINE('',#53890,#53910);
#53930=EDGE_CURVE('',#6140,#53710,#53920,.T.);
#53940=ORIENTED_EDGE('',*,*,#53930,.T.);
#53950=ORIENTED_EDGE('',*,*,#6150,.F.);
#53960=CARTESIAN_POINT('',(-0.925,0.999999999999999,0.0799999999999989))
;
#53970=DIRECTION('',(-1.,5.24334427359425E-32,2.28983498828939E-16));
#53980=VECTOR('',#53970,1.);
#53990=LINE('',#53960,#53980);
#54000=EDGE_CURVE('',#50730,#5830,#53990,.T.);
#54010=ORIENTED_EDGE('',*,*,#54000,.T.);
#54020=EDGE_LOOP('',(#54010,#53950,#53940,#53880));
#54030=FACE_OUTER_BOUND('',#54020,.T.);
#54040=ADVANCED_FACE('',(#54030),#53870,.F.);
#54050=CARTESIAN_POINT('',(-0.9125,0.999999999999999,0.0799999999999989)
);
#54060=DIRECTION('',(2.28983498828939E-16,2.28983498828939E-16,1.));
#54070=DIRECTION('',(2.08005240798215E-46,-1.,2.28983498828939E-16));
#54080=AXIS2_PLACEMENT_3D('',#54050,#54060,#54070);
#54090=PLANE('',#54080);
#54100=CARTESIAN_POINT('',(-0.85,0.919999999999996,0.0799999999999984));
#54110=DIRECTION('',(-1.11022302462513E-14,1.,-2.28983498828936E-16));
#54120=VECTOR('',#54110,1.);
#54130=LINE('',#54100,#54120);
#54140=CARTESIAN_POINT('',(-0.850000000000001,0.919999999999997,
0.0799999999999989));
#54150=VERTEX_POINT('',#54140);
#54160=EDGE_CURVE('',#54150,#50810,#54130,.T.);
#54170=ORIENTED_EDGE('',*,*,#54160,.F.);
#54180=ORIENTED_EDGE('',*,*,#50820,.T.);
#54190=ORIENTED_EDGE('',*,*,#54000,.F.);
#54200=ORIENTED_EDGE('',*,*,#5840,.T.);
#54210=CARTESIAN_POINT('',(-1.15,0.999999999999998,0.0799999999999984));
#54220=DIRECTION('',(2.08005240798215E-46,-1.,2.28983498828939E-16));
#54230=VECTOR('',#54220,1.);
#54240=LINE('',#54210,#54230);
#54250=CARTESIAN_POINT('',(-1.15,0.919999999999998,0.0799999999999987));
#54260=VERTEX_POINT('',#54250);
#54270=EDGE_CURVE('',#5750,#54260,#54240,.T.);
#54280=ORIENTED_EDGE('',*,*,#54270,.F.);
#54290=CARTESIAN_POINT('',(-1.15,0.919999999999999,0.079999999999999));
#54300=DIRECTION('',(1.,-5.24334427359425E-32,-2.28983498828939E-16));
#54310=VECTOR('',#54300,1.);
#54320=LINE('',#54290,#54310);
#54330=EDGE_CURVE('',#54260,#54150,#54320,.T.);
#54340=ORIENTED_EDGE('',*,*,#54330,.F.);
#54350=EDGE_LOOP('',(#54340,#54280,#54200,#54190,#54180,#54170));
#54360=FACE_OUTER_BOUND('',#54350,.T.);
#54370=ADVANCED_FACE('',(#54360),#54090,.F.);
#54380=CARTESIAN_POINT('',(-1.0875,0.919999999999999,0.079999999999999))
;
#54390=DIRECTION('',(-2.23289333142184E-16,0.221621103588969,
-0.97513285579146));
#54400=DIRECTION('',(-5.07475757141328E-17,-0.97513285579146,
-0.221621103588969));
#54410=AXIS2_PLACEMENT_3D('',#54380,#54390,#54400);
#54420=PLANE('',#54410);
#54430=CARTESIAN_POINT('',(-1.15,0.919999999999996,0.0799999999999985));
#54440=DIRECTION('',(-0.21637116120396,-0.952033109297413,
-0.216371161203958));
#54450=VECTOR('',#54440,1.);
#54460=LINE('',#54430,#54450);
#54470=EDGE_CURVE('',#54260,#14600,#54460,.T.);
#54480=ORIENTED_EDGE('',*,*,#54470,.F.);
#54490=ORIENTED_EDGE('',*,*,#14610,.F.);
#54500=CARTESIAN_POINT('',(-0.850000000000001,0.919999999999999,
0.0799999999999989));
#54510=DIRECTION('',(0.216371161203961,-0.952033109297413,
-0.216371161203958));
#54520=VECTOR('',#54510,1.);
#54530=LINE('',#54500,#54520);
#54540=EDGE_CURVE('',#54150,#14520,#54530,.T.);
#54550=ORIENTED_EDGE('',*,*,#54540,.T.);
#54560=ORIENTED_EDGE('',*,*,#54330,.T.);
#54570=EDGE_LOOP('',(#54560,#54550,#54490,#54480));
#54580=FACE_OUTER_BOUND('',#54570,.T.);
#54590=ADVANCED_FACE('',(#54580),#54420,.T.);
#54600=CARTESIAN_POINT('',(-1.175,0.849999999999999,0.0549999999999989))
;
#54610=DIRECTION('',(0.707106781186543,-7.53230390945715E-17,
-0.707106781186552));
#54620=DIRECTION('',(0.707106781186552,1.61915784801764E-16,
0.707106781186543));
#54630=AXIS2_PLACEMENT_3D('',#54600,#54610,#54620);
#54640=PLANE('',#54630);
#54650=ORIENTED_EDGE('',*,*,#14670,.T.);
#54660=ORIENTED_EDGE('',*,*,#54470,.T.);
#54670=ORIENTED_EDGE('',*,*,#54270,.T.);
#54680=ORIENTED_EDGE('',*,*,#5760,.F.);
#54690=EDGE_LOOP('',(#54680,#54670,#54660,#54650));
#54700=FACE_OUTER_BOUND('',#54690,.T.);
#54710=ADVANCED_FACE('',(#54700),#54640,.T.);
#54720=CARTESIAN_POINT('',(-0.825,0.849999999999999,0.0549999999999988))
;
#54730=DIRECTION('',(-0.707106781186543,-7.53230390945714E-17,
-0.707106781186552));
#54740=DIRECTION('',(0.707106781186552,6.23130444540118E-16,
-0.707106781186543));
#54750=AXIS2_PLACEMENT_3D('',#54720,#54730,#54740);
#54760=PLANE('',#54750);
#54770=ORIENTED_EDGE('',*,*,#54540,.F.);
#54780=ORIENTED_EDGE('',*,*,#14530,.T.);
#54790=ORIENTED_EDGE('',*,*,#50880,.F.);
#54800=ORIENTED_EDGE('',*,*,#54160,.T.);
#54810=EDGE_LOOP('',(#54800,#54790,#54780,#54770));
#54820=FACE_OUTER_BOUND('',#54810,.T.);
#54830=ADVANCED_FACE('',(#54820),#54760,.T.);
#54840=CARTESIAN_POINT('',(-1.075,0.943186633610997,0.0654115469993388))
;
#54850=DIRECTION('',(2.229998385642E-16,-0.227112212966356,
0.973868596229247));
#54860=DIRECTION('',(5.20049491518193E-17,0.973868596229247,
0.227112212966356));
#54870=AXIS2_PLACEMENT_3D('',#54840,#54850,#54860);
#54880=PLANE('',#54870);
#54890=ORIENTED_EDGE('',*,*,#6230,.F.);
#54900=ORIENTED_EDGE('',*,*,#53930,.F.);
#54910=ORIENTED_EDGE('',*,*,#53720,.F.);
#54920=CARTESIAN_POINT('',(-0.925,0.943186633610997,0.0654115469993384))
;
#54930=DIRECTION('',(-1.,5.24334427359425E-32,2.28983498828939E-16));
#54940=VECTOR('',#54930,1.);
#54950=LINE('',#54920,#54940);
#54960=EDGE_CURVE('',#53630,#6220,#54950,.T.);
#54970=ORIENTED_EDGE('',*,*,#54960,.F.);
#54980=EDGE_LOOP('',(#54970,#54910,#54900,#54890));
#54990=FACE_OUTER_BOUND('',#54980,.T.);
#55000=ADVANCED_FACE('',(#54990),#54880,.T.);
#55010=CARTESIAN_POINT('',(-1.075,0.949999999999987,0.0361954891124608))
;
#55020=DIRECTION('',(1.,-5.24334427359425E-32,-2.28983498828939E-16));
#55030=DIRECTION('',(-2.08005240798215E-46,1.,-2.28983498828939E-16));
#55040=AXIS2_PLACEMENT_3D('',#55010,#55020,#55030);
#55050=CYLINDRICAL_SURFACE('',#55040,0.0299999999999999);
#55060=ORIENTED_EDGE('',*,*,#6320,.F.);
#55070=ORIENTED_EDGE('',*,*,#54960,.T.);
#55080=ORIENTED_EDGE('',*,*,#53640,.F.);
#55090=CARTESIAN_POINT('',(-1.075,0.919999999999987,0.036195489112461));
#55100=DIRECTION('',(1.,-5.24334427359425E-32,-2.28983498828939E-16));
#55110=VECTOR('',#55100,1.);
#55120=LINE('',#55090,#55110);
#55130=EDGE_CURVE('',#6310,#53540,#55120,.T.);
#55140=ORIENTED_EDGE('',*,*,#55130,.T.);
#55150=EDGE_LOOP('',(#55140,#55080,#55070,#55060));
#55160=FACE_OUTER_BOUND('',#55150,.T.);
#55170=ADVANCED_FACE('',(#55160),#55050,.T.);
#55180=CARTESIAN_POINT('',(-0.925,0.919999999999986,
-9.99200722162641E-16));
#55190=DIRECTION('',(-2.08005240798215E-46,1.,-2.28983498828939E-16));
#55200=DIRECTION('',(2.28983498828939E-16,2.28983498828939E-16,1.));
#55210=AXIS2_PLACEMENT_3D('',#55180,#55190,#55200);
#55220=PLANE('',#55210);
#55230=ORIENTED_EDGE('',*,*,#53550,.F.);
#55240=CARTESIAN_POINT('',(-0.925,0.919999999999986,
-9.99200722162641E-16));
#55250=DIRECTION('',(-1.,5.24334427359425E-32,2.28983498828939E-16));
#55260=VECTOR('',#55250,1.);
#55270=LINE('',#55240,#55260);
#55280=EDGE_CURVE('',#53460,#6390,#55270,.T.);
#55290=ORIENTED_EDGE('',*,*,#55280,.F.);
#55300=ORIENTED_EDGE('',*,*,#6400,.T.);
#55310=ORIENTED_EDGE('',*,*,#55130,.F.);
#55320=EDGE_LOOP('',(#55310,#55300,#55290,#55230));
#55330=FACE_OUTER_BOUND('',#55320,.T.);
#55340=ADVANCED_FACE('',(#55330),#55220,.F.);
#55350=CARTESIAN_POINT('',(-1.075,1.24999999999999,-1.11022302462516E-15
));
#55360=DIRECTION('',(-2.28983498828939E-16,-2.28983498828939E-16,-1.));
#55370=DIRECTION('',(2.08005240798215E-46,-1.,2.28983498828939E-16));
#55380=AXIS2_PLACEMENT_3D('',#55350,#55360,#55370);
#55390=PLANE('',#55380);
#55400=ORIENTED_EDGE('',*,*,#6480,.F.);
#55410=ORIENTED_EDGE('',*,*,#55280,.T.);
#55420=ORIENTED_EDGE('',*,*,#53470,.F.);
#55430=CARTESIAN_POINT('',(-1.075,1.24999999999999,-1.11022302462516E-15
));
#55440=DIRECTION('',(1.,-5.24334427359425E-32,-2.28983498828939E-16));
#55450=VECTOR('',#55440,1.);
#55460=LINE('',#55430,#55450);
#55470=EDGE_CURVE('',#6470,#53380,#55460,.T.);
#55480=ORIENTED_EDGE('',*,*,#55470,.T.);
#55490=EDGE_LOOP('',(#55480,#55420,#55410,#55400));
#55500=FACE_OUTER_BOUND('',#55490,.T.);
#55510=ADVANCED_FACE('',(#55500),#55390,.T.);
#55520=CARTESIAN_POINT('',(-1.075,1.29999999999999,0.0499999999999998));
#55530=DIRECTION('',(-1.61915784801776E-16,0.707106781186497,
-0.707106781186598));
#55540=DIRECTION('',(-1.61915784801753E-16,-0.707106781186598,
-0.707106781186497));
#55550=AXIS2_PLACEMENT_3D('',#55520,#55530,#55540);
#55560=PLANE('',#55550);
#55570=ORIENTED_EDGE('',*,*,#6560,.F.);
#55580=ORIENTED_EDGE('',*,*,#55470,.F.);
#55590=ORIENTED_EDGE('',*,*,#53390,.F.);
#55600=CARTESIAN_POINT('',(-1.075,1.29999999999999,0.0499999999999994));
#55610=DIRECTION('',(1.,-5.24334427359425E-32,-2.28983498828939E-16));
#55620=VECTOR('',#55610,1.);
#55630=LINE('',#55600,#55620);
#55640=EDGE_CURVE('',#6550,#53300,#55630,.T.);
#55650=ORIENTED_EDGE('',*,*,#55640,.T.);
#55660=EDGE_LOOP('',(#55650,#55590,#55580,#55570));
#55670=FACE_OUTER_BOUND('',#55660,.T.);
#55680=ADVANCED_FACE('',(#55670),#55560,.T.);
#55690=CARTESIAN_POINT('',(-1.075,1.29999999999999,0.109999999999999));
#55700=DIRECTION('',(-2.08005240798215E-46,1.,-2.28983498828939E-16));
#55710=DIRECTION('',(-2.28983498828939E-16,-2.28983498828939E-16,-1.));
#55720=AXIS2_PLACEMENT_3D('',#55690,#55700,#55710);
#55730=PLANE('',#55720);
#55740=ORIENTED_EDGE('',*,*,#6640,.T.);
#55750=ORIENTED_EDGE('',*,*,#55640,.F.);
#55760=ORIENTED_EDGE('',*,*,#53310,.F.);
#55770=CARTESIAN_POINT('',(-0.925,1.29999999999999,0.109999999999999));
#55780=DIRECTION('',(-1.,5.24334427359425E-32,2.28983498828939E-16));
#55790=VECTOR('',#55780,1.);
#55800=LINE('',#55770,#55790);
#55810=EDGE_CURVE('',#53220,#6630,#55800,.T.);
#55820=ORIENTED_EDGE('',*,*,#55810,.F.);
#55830=EDGE_LOOP('',(#55820,#55760,#55750,#55740));
#55840=FACE_OUTER_BOUND('',#55830,.T.);
#55850=ADVANCED_FACE('',(#55840),#55730,.T.);
#55860=CARTESIAN_POINT('',(-1.075,1.35,0.109999999999999));
#55870=DIRECTION('',(1.,-5.24334427359425E-32,-2.28983498828939E-16));
#55880=DIRECTION('',(-2.08005240798215E-46,1.,-2.28983498828939E-16));
#55890=AXIS2_PLACEMENT_3D('',#55860,#55870,#55880);
#55900=CYLINDRICAL_SURFACE('',#55890,0.0500000000000007);
#55910=ORIENTED_EDGE('',*,*,#6730,.F.);
#55920=ORIENTED_EDGE('',*,*,#55810,.T.);
#55930=ORIENTED_EDGE('',*,*,#53230,.F.);
#55940=ORIENTED_EDGE('',*,*,#6960,.T.);
#55950=EDGE_LOOP('',(#55940,#55930,#55920,#55910));
#55960=FACE_OUTER_BOUND('',#55950,.T.);
#55970=ADVANCED_FACE('',(#55960),#55900,.F.);
#55980=CARTESIAN_POINT('',(2.05,0.694862999999999,0.841613999999998));
#55990=DIRECTION('',(1.,-5.24334427359425E-32,-2.28983498828939E-16));
#56000=DIRECTION('',(2.80414647586396E-32,1.,-1.06522863446701E-16));
#56010=AXIS2_PLACEMENT_3D('',#55980,#55990,#56000);
#56020=PLANE('',#56010);
#56030=ORIENTED_EDGE('',*,*,#10460,.F.);
#56040=ORIENTED_EDGE('',*,*,#620,.F.);
#56050=ORIENTED_EDGE('',*,*,#2330,.F.);
#56060=ORIENTED_EDGE('',*,*,#2830,.F.);
#56070=EDGE_LOOP('',(#56060,#56050,#56040,#56030));
#56080=FACE_OUTER_BOUND('',#56070,.T.);
#56090=ADVANCED_FACE('',(#56080),#56020,.F.);
#56100=CARTESIAN_POINT('',(1.,0.899999999999998,0.289999999999998));
#56110=DIRECTION('',(2.80414647586396E-32,1.,-1.06522863446701E-16));
#56120=DIRECTION('',(1.,-5.24334427359425E-32,-2.28983498828939E-16));
#56130=AXIS2_PLACEMENT_3D('',#56100,#56110,#56120);
#56140=PLANE('',#56130);
#56150=ORIENTED_EDGE('',*,*,#9870,.T.);
#56160=ORIENTED_EDGE('',*,*,#10160,.T.);
#56170=ORIENTED_EDGE('',*,*,#10520,.F.);
#56180=ORIENTED_EDGE('',*,*,#2770,.F.);
#56190=EDGE_LOOP('',(#56180,#56170,#56160,#56150));
#56200=FACE_OUTER_BOUND('',#56190,.T.);
#56210=ADVANCED_FACE('',(#56200),#56140,.T.);
#56220=COLOUR_RGB('',1.,1.,1.);
#56230=FILL_AREA_STYLE_COLOUR('',#56220);
#56240=FILL_AREA_STYLE('',(#56230));
#56250=SURFACE_STYLE_FILL_AREA(#56240);
#56260=SURFACE_SIDE_STYLE('',(#56250));
#56270=SURFACE_STYLE_USAGE(.BOTH.,#56260);
#56280=PRESENTATION_STYLE_ASSIGNMENT((#56270));
#56290=CLOSED_SHELL('',(#480,#2070,#2380,#2550,#3110,#3420,#3750,#4060,
#4300,#4870,#5040,#5210,#5940,#6830,#7140,#8840,#9080,#9320,#9580,#9920,
#10040,#10350,#10630,#11290,#12110,#12420,#12820,#13130,#14860,#15470,
#15940,#16270,#16740,#16980,#17100,#17750,#18060,#18640,#18880,#19050,
#19220,#19390,#19560,#19680,#20000,#20320,#20900,#21230,#21470,#21850,
#22070,#22190,#22330,#22450,#22760,#24170,#24480,#24730,#24970,#25210,
#25450,#25700,#25940,#26180,#26420,#26670,#26910,#27160,#27400,#27570,
#27960,#28130,#28250,#28580,#28890,#29200,#29530,#29700,#29960,#30540,
#30770,#30890,#31020,#32500,#32810,#34200,#34420,#34590,#34760,#34930,
#35100,#35270,#35440,#35610,#35780,#35950,#36120,#36290,#36410,#36580,
#36700,#36820,#36940,#37110,#37510,#38260,#38430,#38600,#38770,#38940,
#39110,#39280,#39450,#39570,#40390,#40700,#41100,#41320,#41440,#41610,
#42010,#42760,#42930,#43100,#43270,#43440,#43610,#43780,#43950,#44070,
#44890,#45200,#45600,#45820,#45940,#46110,#46510,#47260,#47430,#47600,
#47770,#47940,#48110,#48280,#48450,#48570,#49390,#49700,#50100,#50320,
#50440,#50610,#51010,#51760,#51930,#52100,#52270,#52440,#52610,#52780,
#52950,#53070,#53820,#54040,#54370,#54590,#54710,#54830,#55000,#55170,
#55340,#55510,#55680,#55850,#55970,#56090,#56210));
#56300=MANIFOLD_SOLID_BREP('',#56290);
#56310=CARTESIAN_POINT('',(0.,0.,0.));
#56320=DIRECTION('',(0.,0.,1.));
#56330=DIRECTION('',(1.,0.,0.));
#56340=AXIS2_PLACEMENT_3D('',#56310,#56320,#56330);
#56350=APPLICATION_CONTEXT(' ');
#56360=APPLICATION_PROTOCOL_DEFINITION(' ','automotive_design',1998,
#56350);
#56370=PRODUCT_CONTEXT('',#56350,'mechanical');
#56380=PRODUCT_DEFINITION_CONTEXT('part definition',#56350,'design');
#56390=PRODUCT('FH34SRJ-5S-0_5SH','FH34SRJ-5S-0_5SH','',(#56370));
#56400=PRODUCT_RELATED_PRODUCT_CATEGORY('part',' ',(#56390));
#56410=PRODUCT_DEFINITION_FORMATION_WITH_SPECIFIED_SOURCE('','',#56390,
.BOUGHT.);
#56420=PRODUCT_DEFINITION('',' ',#56410,#56380);
#56430=PRODUCT_DEFINITION_SHAPE('','',#56420);
#56440=DIMENSIONAL_EXPONENTS(1.,0.,0.,0.,0.,0.,0.);
#56450=DIMENSIONAL_EXPONENTS(0.,0.,0.,0.,0.,0.,0.);
#56460=DIMENSIONAL_EXPONENTS(0.,0.,0.,0.,0.,0.,0.);
#56470=(LENGTH_UNIT() NAMED_UNIT(*) SI_UNIT(.MILLI.,.METRE.));
#56480=(NAMED_UNIT(*) PLANE_ANGLE_UNIT() SI_UNIT($,.RADIAN.));
#56490=(NAMED_UNIT(*) SI_UNIT($,.STERADIAN.) SOLID_ANGLE_UNIT());
#56500=(GEOMETRIC_REPRESENTATION_CONTEXT(3) 
GLOBAL_UNCERTAINTY_ASSIGNED_CONTEXT((#56510)) 
GLOBAL_UNIT_ASSIGNED_CONTEXT((#56470,#56480,#56490)) 
REPRESENTATION_CONTEXT('',''));
#56510=UNCERTAINTY_MEASURE_WITH_UNIT(LENGTH_MEASURE(0.0006),#56470,
'distance_accuracy_value','maximum gap value');
#56520=ADVANCED_BREP_SHAPE_REPRESENTATION('',(#56340,#56300),#56500);
#56530=SHAPE_DEFINITION_REPRESENTATION(#56430,#56520);
#56540=COLOUR_RGB('',0.,1.,1.);
#56550=FILL_AREA_STYLE_COLOUR('',#56540);
#56560=FILL_AREA_STYLE('',(#56550));
#56570=SURFACE_STYLE_FILL_AREA(#56560);
#56580=SURFACE_SIDE_STYLE('',(#56570));
#56590=SURFACE_STYLE_USAGE(.BOTH.,#56580);
#56600=PRESENTATION_STYLE_ASSIGNMENT((#56590));
#56610=STYLED_ITEM('',(#56600),#56300);
#56620=OVER_RIDING_STYLED_ITEM('',(#17820),#17750,#56610);
#56630=OVER_RIDING_STYLED_ITEM('',(#18710),#18640,#56610);
#56640=OVER_RIDING_STYLED_ITEM('',(#56280),#56210,#56610);
#56650=DRAUGHTING_MODEL('',(#56610,#56620,#56630,#56640),#56500);
ENDSEC;
END-ISO-10303-21;
