ISO-10303-21;
HEADER;
/* Generated by software containing ST-Developer
 * from STEP Tools, Inc. (www.steptools.com) 
 */

FILE_DESCRIPTION(
/* description */ (''),
/* implementation_level */ '2;1');

FILE_NAME(
/* name */ 'back.step',
/* time_stamp */ '2026-03-30T11:06:50+02:00',
/* author */ (''),
/* organization */ (''),
/* preprocessor_version */ 'ST-DEVELOPER v20.1',
/* originating_system */ 'Autodesk Translation Framework v14.24.0.0',
/* authorisation */ '');

FILE_SCHEMA (('AUTOMOTIVE_DESIGN { 1 0 10303 214 3 1 1 }'));
ENDSEC;

DATA;
#10=MECHANICAL_DESIGN_GEOMETRIC_PRESENTATION_REPRESENTATION('',(#13),#9637);
#11=SHAPE_REPRESENTATION_RELATIONSHIP('SRR','None',#9644,#12);
#12=ADVANCED_BREP_SHAPE_REPRESENTATION('',(#14),#9636);
#13=STYLED_ITEM('',(#9654),#14);
#14=MANIFOLD_SOLID_BREP('K\X\F6rper1',#4699);
#15=B_SPLINE_SURFACE_WITH_KNOTS('',3,3,((#7421,#7422,#7423,#7424,#7425,
#7426,#7427,#7428,#7429,#7430,#7431,#7432,#7433,#7434,#7435,#7436,#7437,
#7438,#7439,#7440,#7441,#7442,#7443,#7444,#7445,#7446,#7447,#7448,#7449,
#7450,#7451,#7452),(#7453,#7454,#7455,#7456,#7457,#7458,#7459,#7460,#7461,
#7462,#7463,#7464,#7465,#7466,#7467,#7468,#7469,#7470,#7471,#7472,#7473,
#7474,#7475,#7476,#7477,#7478,#7479,#7480,#7481,#7482,#7483,#7484),(#7485,
#7486,#7487,#7488,#7489,#7490,#7491,#7492,#7493,#7494,#7495,#7496,#7497,
#7498,#7499,#7500,#7501,#7502,#7503,#7504,#7505,#7506,#7507,#7508,#7509,
#7510,#7511,#7512,#7513,#7514,#7515,#7516),(#7517,#7518,#7519,#7520,#7521,
#7522,#7523,#7524,#7525,#7526,#7527,#7528,#7529,#7530,#7531,#7532,#7533,
#7534,#7535,#7536,#7537,#7538,#7539,#7540,#7541,#7542,#7543,#7544,#7545,
#7546,#7547,#7548)),.UNSPECIFIED.,.F.,.T.,.F.,(4,4),(4,1,1,1,1,1,1,1,1,
1,1,1,1,1,1,1,1,1,1,1,1,1,1,1,1,2,2,4),(-0.000555822611802289,1.00142431941775),
(0.,0.0978806317230383,0.195761263446077,0.293641895169115,0.391522526892153,
0.538343474476711,0.58728379033823,0.685164422061268,0.783045053784306,
0.831985369645825,0.880925685507345,0.929866001368864,0.978806317230383,
1.07668694895342,1.17456758067646,1.22350789653798,1.2724482123995,1.37032884412254,
1.46820947584557,1.56609010756861,1.66397073929165,1.76185137101469,1.81079168687621,
1.85973200273773,1.88420216066849,1.95761263446077,2.01267987749838,2.067747120536),
 .UNSPECIFIED.);
#16=B_SPLINE_SURFACE_WITH_KNOTS('',3,3,((#7555,#7556,#7557,#7558),(#7559,
#7560,#7561,#7562),(#7563,#7564,#7565,#7566),(#7567,#7568,#7569,#7570)),
 .UNSPECIFIED.,.F.,.F.,.F.,(4,4),(4,4),(0.,1.),(-0.635439297692957,-0.392966652851822),
 .UNSPECIFIED.);
#17=B_SPLINE_SURFACE_WITH_KNOTS('',3,3,((#7608,#7609,#7610,#7611),(#7612,
#7613,#7614,#7615),(#7616,#7617,#7618,#7619),(#7620,#7621,#7622,#7623)),
 .UNSPECIFIED.,.F.,.F.,.F.,(4,4),(4,4),(0.,1.),(0.392966652851822,0.635439297692951),
 .UNSPECIFIED.);
#18=B_SPLINE_SURFACE_WITH_KNOTS('',3,3,((#7630,#7631,#7632,#7633),(#7634,
#7635,#7636,#7637),(#7638,#7639,#7640,#7641),(#7642,#7643,#7644,#7645)),
 .UNSPECIFIED.,.F.,.F.,.F.,(4,4),(4,4),(0.,1.),(0.924979116591564,1.06511446500868),
 .UNSPECIFIED.);
#19=B_SPLINE_SURFACE_WITH_KNOTS('',3,3,((#7654,#7655,#7656,#7657),(#7658,
#7659,#7660,#7661),(#7662,#7663,#7664,#7665),(#7666,#7667,#7668,#7669)),
 .UNSPECIFIED.,.F.,.F.,.F.,(4,4),(4,4),(0.,1.),(-1.06511446500868,-0.924979116591565),
 .UNSPECIFIED.);
#20=B_SPLINE_SURFACE_WITH_KNOTS('',3,3,((#7734,#7735,#7736,#7737,#7738,
#7739,#7740,#7741,#7742,#7743,#7744,#7745,#7746,#7747,#7748,#7749,#7750,
#7751,#7752,#7753,#7754,#7755,#7756,#7757,#7758,#7759,#7760,#7761),(#7762,
#7763,#7764,#7765,#7766,#7767,#7768,#7769,#7770,#7771,#7772,#7773,#7774,
#7775,#7776,#7777,#7778,#7779,#7780,#7781,#7782,#7783,#7784,#7785,#7786,
#7787,#7788,#7789),(#7790,#7791,#7792,#7793,#7794,#7795,#7796,#7797,#7798,
#7799,#7800,#7801,#7802,#7803,#7804,#7805,#7806,#7807,#7808,#7809,#7810,
#7811,#7812,#7813,#7814,#7815,#7816,#7817),(#7818,#7819,#7820,#7821,#7822,
#7823,#7824,#7825,#7826,#7827,#7828,#7829,#7830,#7831,#7832,#7833,#7834,
#7835,#7836,#7837,#7838,#7839,#7840,#7841,#7842,#7843,#7844,#7845)),
 .UNSPECIFIED.,.F.,.T.,.F.,(4,4),(4,1,1,1,1,1,1,1,1,1,1,1,1,1,2,1,1,1,1,
1,2,2,4),(0.,1.00211661714972),(0.,0.0772831478325332,0.154566295665066,
0.2318494434976,0.309132591330133,0.463698886995199,0.618265182660266,0.695548330492799,
0.772831478325332,0.850114626157865,0.927397773990398,1.00468092182293,
1.08196406965546,1.159247217488,1.23653036532053,1.37173329078432,1.41680093260559,
1.59707149989065,1.77734206717571,1.86747735081824,1.95761263446077,2.01267987749838,
2.067747120536),.UNSPECIFIED.);
#21=B_SPLINE_SURFACE_WITH_KNOTS('',3,3,((#8276,#8277,#8278,#8279),(#8280,
#8281,#8282,#8283),(#8284,#8285,#8286,#8287),(#8288,#8289,#8290,#8291)),
 .UNSPECIFIED.,.F.,.F.,.F.,(4,4),(4,4),(0.,1.),(-1.06749263385466,-0.922697097708779),
 .UNSPECIFIED.);
#22=B_SPLINE_SURFACE_WITH_KNOTS('',3,3,((#8321,#8322,#8323,#8324),(#8325,
#8326,#8327,#8328),(#8329,#8330,#8331,#8332),(#8333,#8334,#8335,#8336)),
 .UNSPECIFIED.,.F.,.F.,.F.,(4,4),(4,4),(0.,1.),(-0.637373643916546,-0.384202068090445),
 .UNSPECIFIED.);
#23=B_SPLINE_SURFACE_WITH_KNOTS('',3,3,((#8350,#8351,#8352,#8353),(#8354,
#8355,#8356,#8357),(#8358,#8359,#8360,#8361),(#8362,#8363,#8364,#8365)),
 .UNSPECIFIED.,.F.,.F.,.F.,(4,4),(4,4),(0.,1.),(0.384202068090445,0.637373643916541),
 .UNSPECIFIED.);
#24=B_SPLINE_SURFACE_WITH_KNOTS('',3,3,((#8372,#8373,#8374,#8375),(#8376,
#8377,#8378,#8379),(#8380,#8381,#8382,#8383),(#8384,#8385,#8386,#8387)),
 .UNSPECIFIED.,.F.,.F.,.F.,(4,4),(4,4),(0.,1.),(0.922697097708778,1.06749263385466),
 .UNSPECIFIED.);
#25=B_SPLINE_SURFACE_WITH_KNOTS('',3,1,((#8429,#8430),(#8431,#8432),(#8433,
#8434),(#8435,#8436)),.UNSPECIFIED.,.F.,.F.,.F.,(4,4),(2,2),(-1.,0.),(0.,
0.036),.UNSPECIFIED.);
#26=B_SPLINE_SURFACE_WITH_KNOTS('',3,1,((#8451,#8452),(#8453,#8454),(#8455,
#8456),(#8457,#8458)),.UNSPECIFIED.,.F.,.F.,.F.,(4,4),(2,2),(-1.,0.),(0.,
0.036),.UNSPECIFIED.);
#27=B_SPLINE_SURFACE_WITH_KNOTS('',3,1,((#8470,#8471),(#8472,#8473),(#8474,
#8475),(#8476,#8477)),.UNSPECIFIED.,.F.,.F.,.F.,(4,4),(2,2),(-1.,0.),(0.,
0.036),.UNSPECIFIED.);
#28=B_SPLINE_SURFACE_WITH_KNOTS('',3,1,((#8489,#8490),(#8491,#8492),(#8493,
#8494),(#8495,#8496)),.UNSPECIFIED.,.F.,.F.,.F.,(4,4),(2,2),(-1.,0.),(0.,
0.036),.UNSPECIFIED.);
#29=B_SPLINE_SURFACE_WITH_KNOTS('',3,1,((#8508,#8509),(#8510,#8511),(#8512,
#8513),(#8514,#8515)),.UNSPECIFIED.,.F.,.F.,.F.,(4,4),(2,2),(-1.,0.),(0.,
0.036),.UNSPECIFIED.);
#30=B_SPLINE_SURFACE_WITH_KNOTS('',3,1,((#8527,#8528),(#8529,#8530),(#8531,
#8532),(#8533,#8534)),.UNSPECIFIED.,.F.,.F.,.F.,(4,4),(2,2),(-1.,0.),(0.,
0.036),.UNSPECIFIED.);
#31=B_SPLINE_SURFACE_WITH_KNOTS('',3,1,((#8546,#8547),(#8548,#8549),(#8550,
#8551),(#8552,#8553)),.UNSPECIFIED.,.F.,.F.,.F.,(4,4),(2,2),(-1.,0.),(0.,
0.036),.UNSPECIFIED.);
#32=B_SPLINE_SURFACE_WITH_KNOTS('',3,1,((#8565,#8566),(#8567,#8568),(#8569,
#8570),(#8571,#8572)),.UNSPECIFIED.,.F.,.F.,.F.,(4,4),(2,2),(-1.,0.),(0.,
0.036),.UNSPECIFIED.);
#33=B_SPLINE_SURFACE_WITH_KNOTS('',3,1,((#8584,#8585),(#8586,#8587),(#8588,
#8589),(#8590,#8591)),.UNSPECIFIED.,.F.,.F.,.F.,(4,4),(2,2),(-1.,0.),(0.,
0.036),.UNSPECIFIED.);
#34=B_SPLINE_SURFACE_WITH_KNOTS('',3,1,((#8603,#8604),(#8605,#8606),(#8607,
#8608),(#8609,#8610)),.UNSPECIFIED.,.F.,.F.,.F.,(4,4),(2,2),(-1.,0.),(0.,
0.036),.UNSPECIFIED.);
#35=B_SPLINE_SURFACE_WITH_KNOTS('',3,1,((#8622,#8623),(#8624,#8625),(#8626,
#8627),(#8628,#8629)),.UNSPECIFIED.,.F.,.F.,.F.,(4,4),(2,2),(-1.,0.),(0.,
0.036),.UNSPECIFIED.);
#36=B_SPLINE_SURFACE_WITH_KNOTS('',3,1,((#8641,#8642),(#8643,#8644),(#8645,
#8646),(#8647,#8648)),.UNSPECIFIED.,.F.,.F.,.F.,(4,4),(2,2),(-1.,0.),(0.,
0.036),.UNSPECIFIED.);
#37=B_SPLINE_SURFACE_WITH_KNOTS('',3,1,((#8660,#8661),(#8662,#8663),(#8664,
#8665),(#8666,#8667)),.UNSPECIFIED.,.F.,.F.,.F.,(4,4),(2,2),(-1.,0.),(0.,
0.036),.UNSPECIFIED.);
#38=B_SPLINE_SURFACE_WITH_KNOTS('',3,1,((#8679,#8680),(#8681,#8682),(#8683,
#8684),(#8685,#8686)),.UNSPECIFIED.,.F.,.F.,.F.,(4,4),(2,2),(-1.,0.),(0.,
0.036),.UNSPECIFIED.);
#39=B_SPLINE_SURFACE_WITH_KNOTS('',3,1,((#8698,#8699),(#8700,#8701),(#8702,
#8703),(#8704,#8705)),.UNSPECIFIED.,.F.,.F.,.F.,(4,4),(2,2),(-1.,0.),(0.,
0.036),.UNSPECIFIED.);
#40=B_SPLINE_SURFACE_WITH_KNOTS('',3,1,((#8717,#8718),(#8719,#8720),(#8721,
#8722),(#8723,#8724)),.UNSPECIFIED.,.F.,.F.,.F.,(4,4),(2,2),(-1.,0.),(0.,
0.036),.UNSPECIFIED.);
#41=B_SPLINE_SURFACE_WITH_KNOTS('',3,1,((#8736,#8737),(#8738,#8739),(#8740,
#8741),(#8742,#8743)),.UNSPECIFIED.,.F.,.F.,.F.,(4,4),(2,2),(-1.,0.),(0.,
0.036),.UNSPECIFIED.);
#42=B_SPLINE_SURFACE_WITH_KNOTS('',3,1,((#8755,#8756),(#8757,#8758),(#8759,
#8760),(#8761,#8762)),.UNSPECIFIED.,.F.,.F.,.F.,(4,4),(2,2),(-1.,0.),(0.,
0.036),.UNSPECIFIED.);
#43=B_SPLINE_SURFACE_WITH_KNOTS('',3,1,((#8774,#8775),(#8776,#8777),(#8778,
#8779),(#8780,#8781)),.UNSPECIFIED.,.F.,.F.,.F.,(4,4),(2,2),(-1.,0.),(0.,
0.036),.UNSPECIFIED.);
#44=B_SPLINE_SURFACE_WITH_KNOTS('',3,1,((#8793,#8794),(#8795,#8796),(#8797,
#8798),(#8799,#8800)),.UNSPECIFIED.,.F.,.F.,.F.,(4,4),(2,2),(-1.,0.),(0.,
0.036),.UNSPECIFIED.);
#45=B_SPLINE_SURFACE_WITH_KNOTS('',3,1,((#8812,#8813),(#8814,#8815),(#8816,
#8817),(#8818,#8819)),.UNSPECIFIED.,.F.,.F.,.F.,(4,4),(2,2),(-1.,0.),(0.,
0.036),.UNSPECIFIED.);
#46=B_SPLINE_SURFACE_WITH_KNOTS('',3,1,((#8831,#8832),(#8833,#8834),(#8835,
#8836),(#8837,#8838)),.UNSPECIFIED.,.F.,.F.,.F.,(4,4),(2,2),(-1.,0.),(0.,
0.036),.UNSPECIFIED.);
#47=B_SPLINE_SURFACE_WITH_KNOTS('',3,1,((#8850,#8851),(#8852,#8853),(#8854,
#8855),(#8856,#8857)),.UNSPECIFIED.,.F.,.F.,.F.,(4,4),(2,2),(-1.,0.),(0.,
0.036),.UNSPECIFIED.);
#48=B_SPLINE_SURFACE_WITH_KNOTS('',3,1,((#8869,#8870),(#8871,#8872),(#8873,
#8874),(#8875,#8876)),.UNSPECIFIED.,.F.,.F.,.F.,(4,4),(2,2),(-1.,0.),(0.,
0.036),.UNSPECIFIED.);
#49=B_SPLINE_SURFACE_WITH_KNOTS('',3,1,((#8888,#8889),(#8890,#8891),(#8892,
#8893),(#8894,#8895)),.UNSPECIFIED.,.F.,.F.,.F.,(4,4),(2,2),(-1.,0.),(0.,
0.036),.UNSPECIFIED.);
#50=B_SPLINE_SURFACE_WITH_KNOTS('',3,1,((#8907,#8908),(#8909,#8910),(#8911,
#8912),(#8913,#8914)),.UNSPECIFIED.,.F.,.F.,.F.,(4,4),(2,2),(-1.,0.),(0.,
0.036),.UNSPECIFIED.);
#51=B_SPLINE_SURFACE_WITH_KNOTS('',3,1,((#8926,#8927),(#8928,#8929),(#8930,
#8931),(#8932,#8933)),.UNSPECIFIED.,.F.,.F.,.F.,(4,4),(2,2),(-1.,0.),(0.,
0.036),.UNSPECIFIED.);
#52=B_SPLINE_SURFACE_WITH_KNOTS('',3,1,((#8945,#8946),(#8947,#8948),(#8949,
#8950),(#8951,#8952)),.UNSPECIFIED.,.F.,.F.,.F.,(4,4),(2,2),(-1.,0.),(0.,
0.036),.UNSPECIFIED.);
#53=B_SPLINE_SURFACE_WITH_KNOTS('',3,1,((#8964,#8965),(#8966,#8967),(#8968,
#8969),(#8970,#8971)),.UNSPECIFIED.,.F.,.F.,.F.,(4,4),(2,2),(-1.,0.),(0.,
0.036),.UNSPECIFIED.);
#54=B_SPLINE_SURFACE_WITH_KNOTS('',3,1,((#8983,#8984),(#8985,#8986),(#8987,
#8988),(#8989,#8990)),.UNSPECIFIED.,.F.,.F.,.F.,(4,4),(2,2),(-1.,0.),(0.,
0.036),.UNSPECIFIED.);
#55=B_SPLINE_SURFACE_WITH_KNOTS('',3,1,((#9002,#9003),(#9004,#9005),(#9006,
#9007),(#9008,#9009)),.UNSPECIFIED.,.F.,.F.,.F.,(4,4),(2,2),(-1.,0.),(0.,
0.036),.UNSPECIFIED.);
#56=B_SPLINE_SURFACE_WITH_KNOTS('',3,1,((#9021,#9022),(#9023,#9024),(#9025,
#9026),(#9027,#9028)),.UNSPECIFIED.,.F.,.F.,.F.,(4,4),(2,2),(-1.,0.),(0.,
0.036),.UNSPECIFIED.);
#57=B_SPLINE_SURFACE_WITH_KNOTS('',3,1,((#9040,#9041),(#9042,#9043),(#9044,
#9045),(#9046,#9047)),.UNSPECIFIED.,.F.,.F.,.F.,(4,4),(2,2),(-1.,0.),(0.,
0.036),.UNSPECIFIED.);
#58=B_SPLINE_SURFACE_WITH_KNOTS('',3,1,((#9059,#9060),(#9061,#9062),(#9063,
#9064),(#9065,#9066)),.UNSPECIFIED.,.F.,.F.,.F.,(4,4),(2,2),(-1.,0.),(0.,
0.036),.UNSPECIFIED.);
#59=B_SPLINE_SURFACE_WITH_KNOTS('',3,1,((#9078,#9079),(#9080,#9081),(#9082,
#9083),(#9084,#9085)),.UNSPECIFIED.,.F.,.F.,.F.,(4,4),(2,2),(-1.,0.),(0.,
0.036),.UNSPECIFIED.);
#60=B_SPLINE_SURFACE_WITH_KNOTS('',3,1,((#9097,#9098),(#9099,#9100),(#9101,
#9102),(#9103,#9104)),.UNSPECIFIED.,.F.,.F.,.F.,(4,4),(2,2),(-1.,0.),(0.,
0.036),.UNSPECIFIED.);
#61=B_SPLINE_SURFACE_WITH_KNOTS('',3,1,((#9116,#9117),(#9118,#9119),(#9120,
#9121),(#9122,#9123)),.UNSPECIFIED.,.F.,.F.,.F.,(4,4),(2,2),(-1.,0.),(0.,
0.036),.UNSPECIFIED.);
#62=B_SPLINE_SURFACE_WITH_KNOTS('',3,1,((#9135,#9136),(#9137,#9138),(#9139,
#9140),(#9141,#9142)),.UNSPECIFIED.,.F.,.F.,.F.,(4,4),(2,2),(-1.,0.),(0.,
0.036),.UNSPECIFIED.);
#63=B_SPLINE_SURFACE_WITH_KNOTS('',3,1,((#9154,#9155),(#9156,#9157),(#9158,
#9159),(#9160,#9161)),.UNSPECIFIED.,.F.,.F.,.F.,(4,4),(2,2),(-1.,0.),(0.,
0.036),.UNSPECIFIED.);
#64=B_SPLINE_SURFACE_WITH_KNOTS('',3,1,((#9173,#9174),(#9175,#9176),(#9177,
#9178),(#9179,#9180)),.UNSPECIFIED.,.F.,.F.,.F.,(4,4),(2,2),(-1.,0.),(0.,
0.036),.UNSPECIFIED.);
#65=B_SPLINE_SURFACE_WITH_KNOTS('',3,1,((#9192,#9193),(#9194,#9195),(#9196,
#9197),(#9198,#9199)),.UNSPECIFIED.,.F.,.F.,.F.,(4,4),(2,2),(-1.,0.),(0.,
0.036),.UNSPECIFIED.);
#66=B_SPLINE_SURFACE_WITH_KNOTS('',3,1,((#9211,#9212),(#9213,#9214),(#9215,
#9216),(#9217,#9218)),.UNSPECIFIED.,.F.,.F.,.F.,(4,4),(2,2),(-1.,0.),(0.,
0.036),.UNSPECIFIED.);
#67=B_SPLINE_SURFACE_WITH_KNOTS('',3,1,((#9230,#9231),(#9232,#9233),(#9234,
#9235),(#9236,#9237)),.UNSPECIFIED.,.F.,.F.,.F.,(4,4),(2,2),(-1.,0.),(0.,
0.036),.UNSPECIFIED.);
#68=B_SPLINE_SURFACE_WITH_KNOTS('',3,1,((#9249,#9250),(#9251,#9252),(#9253,
#9254),(#9255,#9256)),.UNSPECIFIED.,.F.,.F.,.F.,(4,4),(2,2),(-1.,0.),(0.,
0.036),.UNSPECIFIED.);
#69=B_SPLINE_SURFACE_WITH_KNOTS('',3,1,((#9268,#9269),(#9270,#9271),(#9272,
#9273),(#9274,#9275)),.UNSPECIFIED.,.F.,.F.,.F.,(4,4),(2,2),(-1.,0.),(0.,
0.036),.UNSPECIFIED.);
#70=B_SPLINE_SURFACE_WITH_KNOTS('',3,1,((#9287,#9288),(#9289,#9290),(#9291,
#9292),(#9293,#9294)),.UNSPECIFIED.,.F.,.F.,.F.,(4,4),(2,2),(-1.,0.),(0.,
0.036),.UNSPECIFIED.);
#71=B_SPLINE_SURFACE_WITH_KNOTS('',3,1,((#9306,#9307),(#9308,#9309),(#9310,
#9311),(#9312,#9313)),.UNSPECIFIED.,.F.,.F.,.F.,(4,4),(2,2),(-1.,0.),(0.,
0.036),.UNSPECIFIED.);
#72=B_SPLINE_SURFACE_WITH_KNOTS('',3,1,((#9325,#9326),(#9327,#9328),(#9329,
#9330),(#9331,#9332)),.UNSPECIFIED.,.F.,.F.,.F.,(4,4),(2,2),(-1.,0.),(0.,
0.036),.UNSPECIFIED.);
#73=B_SPLINE_SURFACE_WITH_KNOTS('',3,1,((#9344,#9345),(#9346,#9347),(#9348,
#9349),(#9350,#9351)),.UNSPECIFIED.,.F.,.F.,.F.,(4,4),(2,2),(-1.,0.),(0.,
0.036),.UNSPECIFIED.);
#74=B_SPLINE_SURFACE_WITH_KNOTS('',3,1,((#9363,#9364),(#9365,#9366),(#9367,
#9368),(#9369,#9370)),.UNSPECIFIED.,.F.,.F.,.F.,(4,4),(2,2),(-1.,0.),(0.,
0.036),.UNSPECIFIED.);
#75=B_SPLINE_SURFACE_WITH_KNOTS('',3,1,((#9382,#9383),(#9384,#9385),(#9386,
#9387),(#9388,#9389)),.UNSPECIFIED.,.F.,.F.,.F.,(4,4),(2,2),(-1.,0.),(0.,
0.036),.UNSPECIFIED.);
#76=B_SPLINE_SURFACE_WITH_KNOTS('',3,1,((#9401,#9402),(#9403,#9404),(#9405,
#9406),(#9407,#9408)),.UNSPECIFIED.,.F.,.F.,.F.,(4,4),(2,2),(-1.,0.),(0.,
0.036),.UNSPECIFIED.);
#77=CONICAL_SURFACE('',#4870,14.8,0.785398163397434);
#78=CONICAL_SURFACE('',#4883,6.3,0.785398163397437);
#79=CONICAL_SURFACE('',#4898,14.85,0.785398163397518);
#80=CONICAL_SURFACE('',#4901,14.85,0.785398163397345);
#81=CONICAL_SURFACE('',#4918,6.3,0.78539816339745);
#82=CONICAL_SURFACE('',#4930,14.8,0.785398163397427);
#83=CONICAL_SURFACE('',#4935,6.3,0.785398163397448);
#84=CONICAL_SURFACE('',#4940,14.8,0.785398163397427);
#85=CONICAL_SURFACE('',#4946,14.8,0.785398163397504);
#86=CONICAL_SURFACE('',#4950,14.8,0.785398163397324);
#87=CONICAL_SURFACE('',#5006,2.25,1.03037682652431);
#88=CONICAL_SURFACE('',#5011,2.25,1.03037682652431);
#89=CONICAL_SURFACE('',#5028,1.25,1.02974425867665);
#90=CONICAL_SURFACE('',#5030,2.75,0.785398163397448);
#91=CONICAL_SURFACE('',#5057,1.25,1.02974425867665);
#92=CONICAL_SURFACE('',#5059,2.75,0.785398163397448);
#93=(
BOUNDED_CURVE()
B_SPLINE_CURVE(2,(#6738,#6739,#6740),.UNSPECIFIED.,.F.,.F.)
B_SPLINE_CURVE_WITH_KNOTS((3,3),(0.135278755840519,0.135794009122147),
 .UNSPECIFIED.)
CURVE()
GEOMETRIC_REPRESENTATION_ITEM()
RATIONAL_B_SPLINE_CURVE((1.00139423287277,1.00139513129051,1.00139601632574))
REPRESENTATION_ITEM('')
);
#94=(
BOUNDED_CURVE()
B_SPLINE_CURVE(2,(#6747,#6748,#6749),.UNSPECIFIED.,.F.,.F.)
B_SPLINE_CURVE_WITH_KNOTS((3,3),(-0.157206387523328,-0.12935264481045),
 .UNSPECIFIED.)
CURVE()
GEOMETRIC_REPRESENTATION_ITEM()
RATIONAL_B_SPLINE_CURVE((1.13040220870589,1.12042410435009,1.10988817100303))
REPRESENTATION_ITEM('')
);
#95=(
BOUNDED_CURVE()
B_SPLINE_CURVE(2,(#7111,#7112,#7113),.UNSPECIFIED.,.F.,.F.)
B_SPLINE_CURVE_WITH_KNOTS((3,3),(0.0427745827372246,0.0846802726081738),
 .UNSPECIFIED.)
CURVE()
GEOMETRIC_REPRESENTATION_ITEM()
RATIONAL_B_SPLINE_CURVE((1.00215556619614,1.00316794078846,1.00409505290233))
REPRESENTATION_ITEM('')
);
#96=(
BOUNDED_CURVE()
B_SPLINE_CURVE(2,(#7116,#7117,#7118),.UNSPECIFIED.,.F.,.F.)
B_SPLINE_CURVE_WITH_KNOTS((3,3),(1.02579054586484,1.0679167190502),
 .UNSPECIFIED.)
CURVE()
GEOMETRIC_REPRESENTATION_ITEM()
RATIONAL_B_SPLINE_CURVE((1.00419327137996,1.00324178715599,1.00220508170899))
REPRESENTATION_ITEM('')
);
#97=(
BOUNDED_CURVE()
B_SPLINE_CURVE(2,(#7400,#7401,#7402),.UNSPECIFIED.,.F.,.F.)
B_SPLINE_CURVE_WITH_KNOTS((3,3),(-1.18152161159164,-1.15366786887876),
 .UNSPECIFIED.)
CURVE()
GEOMETRIC_REPRESENTATION_ITEM()
RATIONAL_B_SPLINE_CURVE((1.10988817100303,1.12042410435009,1.13040220870589))
REPRESENTATION_ITEM('')
);
#98=(
BOUNDED_CURVE()
B_SPLINE_CURVE(2,(#7595,#7596,#7597),.UNSPECIFIED.,.F.,.F.)
B_SPLINE_CURVE_WITH_KNOTS((3,3),(-1.94122569107259,-1.91888691389026),
 .UNSPECIFIED.)
CURVE()
GEOMETRIC_REPRESENTATION_ITEM()
RATIONAL_B_SPLINE_CURVE((1.01045656856964,1.01115881242031,1.01184350933937))
REPRESENTATION_ITEM('')
);
#99=(
BOUNDED_CURVE()
B_SPLINE_CURVE(2,(#7688,#7689,#7690),.UNSPECIFIED.,.F.,.F.)
B_SPLINE_CURVE_WITH_KNOTS((3,3),(-0.174800763065639,-0.152464202504306),
 .UNSPECIFIED.)
CURVE()
GEOMETRIC_REPRESENTATION_ITEM()
RATIONAL_B_SPLINE_CURVE((1.01179056362616,1.01110590253454,1.01040369542947))
REPRESENTATION_ITEM('')
);
#100=(
BOUNDED_CURVE()
B_SPLINE_CURVE(2,(#7730,#7731,#7732),.UNSPECIFIED.,.F.,.F.)
B_SPLINE_CURVE_WITH_KNOTS((3,3),(0.,0.0566582064471771),.UNSPECIFIED.)
CURVE()
GEOMETRIC_REPRESENTATION_ITEM()
RATIONAL_B_SPLINE_CURVE((1.,1.00050748880332,1.))
REPRESENTATION_ITEM('')
);
#101=(
BOUNDED_CURVE()
B_SPLINE_CURVE(2,(#8217,#8218,#8219),.UNSPECIFIED.,.F.,.F.)
B_SPLINE_CURVE_WITH_KNOTS((3,3),(0.135278755889769,0.191820693520678),
 .UNSPECIFIED.)
CURVE()
GEOMETRIC_REPRESENTATION_ITEM()
RATIONAL_B_SPLINE_CURVE((1.00139423283509,1.00149282178271,1.00143025795394))
REPRESENTATION_ITEM('')
);
#102=(
BOUNDED_CURVE()
B_SPLINE_CURVE(2,(#8225,#8226,#8227),.UNSPECIFIED.,.F.,.F.)
B_SPLINE_CURVE_WITH_KNOTS((3,3),(0.147918501199014,0.204460438831151),
 .UNSPECIFIED.)
CURVE()
GEOMETRIC_REPRESENTATION_ITEM()
RATIONAL_B_SPLINE_CURVE((1.00143025812395,1.00149282195967,1.0013942329999))
REPRESENTATION_ITEM('')
);
#103=B_SPLINE_CURVE_WITH_KNOTS('',3,(#6373,#6374,#6375,#6376,#6377,#6378,
#6379,#6380,#6381,#6382,#6383,#6384,#6385,#6386,#6387,#6388,#6389,#6390),
 .UNSPECIFIED.,.F.,.F.,(4,2,2,2,2,2,2,2,4),(0.375947668785642,0.565029405169135,
1.13005881033827,1.69505383752043,2.26004886470259,2.82498908628231,3.38992930786202,
3.95482639992992,4.38176861911636),.UNSPECIFIED.);
#104=B_SPLINE_CURVE_WITH_KNOTS('',3,(#6400,#6401,#6402,#6403,#6404,#6405,
#6406,#6407,#6408,#6409,#6410,#6411,#6412,#6413,#6414,#6415,#6416,#6417,
#6418,#6419,#6420,#6421,#6422,#6423,#6424,#6425,#6426,#6427,#6428,#6429,
#6430,#6431,#6432,#6433,#6434,#6435,#6436,#6437,#6438,#6439,#6440,#6441,
#6442,#6443,#6444,#6445,#6446,#6447,#6448,#6449,#6450,#6451,#6452,#6453,
#6454,#6455,#6456,#6457,#6458,#6459,#6460,#6461,#6462,#6463,#6464,#6465,
#6466,#6467,#6468,#6469,#6470,#6471,#6472,#6473,#6474,#6475,#6476,#6477,
#6478,#6479,#6480,#6481,#6482,#6483,#6484,#6485,#6486,#6487,#6488,#6489,
#6490,#6491,#6492,#6493,#6494,#6495,#6496,#6497,#6498,#6499,#6500,#6501,
#6502,#6503,#6504,#6505,#6506,#6507,#6508,#6509,#6510,#6511,#6512,#6513,
#6514,#6515,#6516,#6517,#6518,#6519,#6520,#6521,#6522,#6523,#6524,#6525,
#6526,#6527,#6528,#6529,#6530,#6531,#6532,#6533,#6534,#6535,#6536,#6537,
#6538,#6539,#6540,#6541,#6542,#6543,#6544,#6545,#6546,#6547,#6548,#6549,
#6550),.UNSPECIFIED.,.F.,.F.,(4,3,3,3,3,3,3,3,3,3,3,3,3,3,3,3,3,3,3,3,3,
3,3,3,3,3,3,3,3,3,3,3,3,3,3,3,3,3,3,3,3,3,3,3,3,3,3,3,3,3,4),(0.,0.0186430210972119,
0.0384524237536685,0.0578707641791121,0.0778756979510752,0.0978806317230383,
0.117035929052986,0.136988467111379,0.157390515800634,0.178533509433267,
0.195761263446077,0.215029607357196,0.234848122574775,0.254887168443847,
0.275103961944021,0.293641895169115,0.321724968611663,0.349778054225443,
0.377835071246705,0.391522526892153,0.429667500114064,0.467898775120953,
0.506296160129615,0.538343474476711,0.556851481525845,0.575167724659649,
0.58728379033823,0.612211784184846,0.636912967191335,0.661344261683299,
0.685164422061268,0.709634579992028,0.733303276600646,0.756916003409728,
0.780488923313567,0.783045053784306,0.803215125367336,0.823171621118217,
0.831985369645825,0.856455527576585,0.879107411748344,0.880925685507345,
0.899299216424962,0.91752722962457,0.929866001368864,0.947182297170091,
0.964507243417292,0.978806317230383,1.00097132933452,1.02339675269966,1.03387356020916),
 .UNSPECIFIED.);
#105=B_SPLINE_CURVE_WITH_KNOTS('',3,(#6551,#6552,#6553,#6554,#6555,#6556,
#6557,#6558,#6559,#6560,#6561,#6562,#6563,#6564,#6565,#6566,#6567,#6568,
#6569,#6570,#6571,#6572,#6573,#6574,#6575,#6576,#6577,#6578,#6579,#6580,
#6581,#6582,#6583,#6584,#6585,#6586,#6587,#6588,#6589,#6590,#6591,#6592,
#6593,#6594,#6595,#6596,#6597,#6598,#6599,#6600,#6601,#6602,#6603,#6604,
#6605,#6606,#6607,#6608,#6609,#6610,#6611,#6612,#6613,#6614,#6615,#6616,
#6617,#6618,#6619,#6620,#6621,#6622,#6623,#6624,#6625,#6626,#6627,#6628,
#6629,#6630,#6631,#6632,#6633,#6634,#6635,#6636,#6637,#6638,#6639,#6640,
#6641,#6642,#6643,#6644,#6645,#6646,#6647,#6648,#6649,#6650,#6651,#6652,
#6653,#6654,#6655,#6656,#6657,#6658,#6659,#6660,#6661,#6662,#6663,#6664,
#6665,#6666,#6667,#6668,#6669,#6670,#6671,#6672,#6673,#6674,#6675,#6676,
#6677,#6678,#6679,#6680,#6681,#6682,#6683,#6684,#6685,#6686,#6687,#6688,
#6689,#6690,#6691,#6692,#6693,#6694,#6695,#6696,#6697,#6698,#6699,#6700,
#6701,#6702,#6703,#6704,#6705,#6706,#6707,#6708,#6709,#6710),
 .UNSPECIFIED.,.F.,.F.,(4,3,3,3,3,3,3,3,3,3,3,3,3,3,3,3,3,3,3,3,3,3,3,3,
3,3,3,3,3,3,3,3,3,3,3,3,3,3,3,3,3,3,3,3,3,3,3,3,3,3,3,3,3,4),(1.033873560268,
1.05551073086155,1.07668694895342,1.09513570542428,1.11355074150022,1.13198169204189,
1.15044519799803,1.16900762701856,1.17456758067646,1.19516987143634,1.21599085530091,
1.22350789653798,1.24033141260019,1.2573766572724,1.2724482123995,1.29507991090716,
1.31774470436637,1.34044608737055,1.36324862457881,1.37032884412254,1.39512220982455,
1.42004872931804,1.44528130056982,1.46820947584557,1.48932740226167,1.5109036013662,
1.53263868373015,1.55443493289436,1.56609010756861,1.59364272460796,1.62114733803786,
1.64863552843669,1.66397073929165,1.70488684549907,1.74539554759499,1.76185137101469,
1.78973627295935,1.81079168687621,1.82826419184328,1.84549230648343,1.85973200273773,
1.87907094206,1.88420216066849,1.90728599071155,1.92994298519874,1.95202961854778,
1.95761263446077,1.97730472073936,1.99631518866511,2.01267987749838,2.02983661925705,
2.04680954987622,2.0635785256865,2.067747120536),.UNSPECIFIED.);
#106=B_SPLINE_CURVE_WITH_KNOTS('',3,(#6958,#6959,#6960,#6961,#6962,#6963),
 .UNSPECIFIED.,.F.,.F.,(4,2,4),(-1.10867232353522,-1.09211766228344,-1.0321702235997),
 .UNSPECIFIED.);
#107=B_SPLINE_CURVE_WITH_KNOTS('',3,(#6978,#6979,#6980,#6981,#6982,#6983),
 .UNSPECIFIED.,.F.,.F.,(4,2,4),(-1.0321702235997,-0.972222784915957,-0.955668123664177),
 .UNSPECIFIED.);
#108=B_SPLINE_CURVE_WITH_KNOTS('',3,(#7011,#7012,#7013,#7014),
 .UNSPECIFIED.,.F.,.F.,(4,4),(-0.984637320706978,-0.973121545158005),
 .UNSPECIFIED.);
#109=B_SPLINE_CURVE_WITH_KNOTS('',3,(#7053,#7054,#7055,#7056,#7057,#7058,
#7059,#7060),.UNSPECIFIED.,.F.,.F.,(4,2,2,4),(-0.376771327643094,-0.30422909566974,
-0.206813660409779,-0.116619389900754),.UNSPECIFIED.);
#110=B_SPLINE_CURVE_WITH_KNOTS('',3,(#7091,#7092,#7093,#7094,#7095,#7096,
#7097,#7098,#7099,#7100),.UNSPECIFIED.,.F.,.F.,(4,2,2,2,4),(0.0507021590332337,
0.0614562077621381,0.122912415524276,0.18524725136552,0.247582087206763),
 .UNSPECIFIED.);
#111=B_SPLINE_CURVE_WITH_KNOTS('',3,(#7140,#7141,#7142,#7143),
 .UNSPECIFIED.,.F.,.F.,(4,4),(0.392966653023937,0.635439297692957),
 .UNSPECIFIED.);
#112=B_SPLINE_CURVE_WITH_KNOTS('',3,(#7144,#7145,#7146,#7147),
 .UNSPECIFIED.,.F.,.F.,(4,4),(-0.635439297692951,-0.392966653023938),
 .UNSPECIFIED.);
#113=B_SPLINE_CURVE_WITH_KNOTS('',3,(#7149,#7150,#7151,#7152,#7153,#7154,
#7155,#7156,#7157,#7158,#7159,#7160,#7161,#7162,#7163,#7164,#7165,#7166,
#7167,#7168,#7169,#7170,#7171,#7172,#7173,#7174,#7175,#7176,#7177,#7178,
#7179,#7180,#7181,#7182,#7183,#7184,#7185,#7186,#7187,#7188,#7189,#7190,
#7191,#7192,#7193,#7194,#7195,#7196,#7197,#7198,#7199,#7200,#7201,#7202,
#7203,#7204,#7205,#7206,#7207,#7208,#7209,#7210,#7211,#7212,#7213,#7214,
#7215,#7216,#7217,#7218,#7219,#7220,#7221,#7222,#7223,#7224,#7225,#7226,
#7227,#7228,#7229,#7230,#7231,#7232,#7233,#7234,#7235,#7236,#7237,#7238,
#7239,#7240,#7241,#7242,#7243,#7244,#7245,#7246,#7247,#7248,#7249,#7250,
#7251,#7252,#7253,#7254,#7255,#7256,#7257,#7258,#7259,#7260,#7261,#7262,
#7263,#7264,#7265,#7266,#7267,#7268,#7269,#7270,#7271,#7272,#7273,#7274,
#7275,#7276,#7277,#7278,#7279,#7280,#7281,#7282,#7283,#7284,#7285,#7286,
#7287,#7288,#7289,#7290,#7291,#7292,#7293,#7294,#7295,#7296,#7297,#7298,
#7299,#7300,#7301,#7302,#7303,#7304,#7305,#7306,#7307,#7308,#7309,#7310,
#7311,#7312,#7313,#7314,#7315,#7316,#7317,#7318,#7319,#7320,#7321,#7322,
#7323,#7324,#7325,#7326,#7327,#7328,#7329,#7330,#7331,#7332,#7333,#7334,
#7335,#7336,#7337,#7338,#7339,#7340,#7341,#7342,#7343,#7344,#7345,#7346,
#7347,#7348,#7349,#7350,#7351,#7352,#7353,#7354,#7355,#7356,#7357,#7358,
#7359,#7360,#7361,#7362,#7363,#7364,#7365,#7366,#7367,#7368,#7369,#7370,
#7371,#7372,#7373,#7374,#7375,#7376,#7377,#7378,#7379,#7380,#7381,#7382,
#7383,#7384,#7385,#7386,#7387,#7388,#7389),.UNSPECIFIED.,.T.,.F.,(4,3,3,
3,3,3,3,3,3,3,3,3,3,3,3,3,3,3,3,3,3,3,3,3,3,3,3,3,3,3,3,3,3,3,3,3,3,3,3,
3,3,3,3,3,3,3,3,3,3,3,3,3,3,3,3,3,3,3,3,3,3,3,3,3,3,3,3,3,3,3,3,3,3,3,3,
3,3,3,3,3,4),(-2.067747120536,-2.04593283935678,-2.01914039259595,-2.01267987749838,
-1.98105582504464,-1.95761263446077,-1.93125554273932,-1.9065383119429,
-1.88420216066849,-1.85973200273773,-1.83357653324235,-1.81079168687621,
-1.7798597176337,-1.76185137101469,-1.72123732406005,-1.68146206003461,
-1.66397073929165,-1.63340562968034,-1.60289506395094,-1.57226783583475,
-1.56609010756861,-1.53709160315281,-1.5080537734171,-1.4791983303407,-1.46820947584557,
-1.44080876901544,-1.41348933800072,-1.3860459700966,-1.37032884412254,
-1.34194466029204,-1.31294680138904,-1.28248767056337,-1.2724482123995,
-1.24470448977082,-1.22350789653798,-1.19727497674091,-1.17456758067646,
-1.13625306900075,-1.10492697648566,-1.07668694895342,-1.04906557991091,
-1.02118213756716,-0.992881884794286,-0.978806317230383,-0.94973622060151,
-0.929866001368864,-0.898918330412309,-0.880925685507345,-0.84302363974141,
-0.831985369645825,-0.797606682659544,-0.783045053784306,-0.753157227923528,
-0.724122944883556,-0.695847677299859,-0.685164422061268,-0.657760330560932,
-0.630394504394895,-0.602838792645189,-0.58728379033823,-0.562813632407471,
-0.538343474476711,-0.501638237580572,-0.465920311034318,-0.428721418963235,
-0.391522526892153,-0.360313391516736,-0.328759665523452,-0.296456147846439,
-0.293641895169115,-0.261414323458909,-0.228298326764798,-0.195761263446077,
-0.170360046860399,-0.144305360268386,-0.116086051910996,-0.0978806317230383,
-0.0693546538244315,-0.0346773269122158,-0.0124068857410163,0.),
 .UNSPECIFIED.);
#114=B_SPLINE_CURVE_WITH_KNOTS('',3,(#7573,#7574,#7575,#7576,#7577,#7578),
 .UNSPECIFIED.,.F.,.F.,(4,2,4),(1.00000012823984E-6,0.209929003610238,0.43876765741876),
 .UNSPECIFIED.);
#115=B_SPLINE_CURVE_WITH_KNOTS('',3,(#7580,#7581,#7582,#7583,#7584,#7585),
 .UNSPECIFIED.,.F.,.F.,(4,2,4),(0.,0.0155806937804021,0.0312802458255033),
 .UNSPECIFIED.);
#116=B_SPLINE_CURVE_WITH_KNOTS('',3,(#7588,#7589,#7590,#7591,#7592,#7593),
 .UNSPECIFIED.,.F.,.F.,(4,2,4),(0.,0.0156998944584878,0.0312809280487584),
 .UNSPECIFIED.);
#117=B_SPLINE_CURVE_WITH_KNOTS('',3,(#7602,#7603,#7604,#7605,#7606,#7607),
 .UNSPECIFIED.,.F.,.F.,(4,2,4),(0.,0.0261225559946655,0.0522450460231333),
 .UNSPECIFIED.);
#118=B_SPLINE_CURVE_WITH_KNOTS('',3,(#7624,#7625,#7626,#7627,#7628,#7629),
 .UNSPECIFIED.,.F.,.F.,(4,2,4),(-0.439113282090616,-0.229019171318666,0.),
 .UNSPECIFIED.);
#119=B_SPLINE_CURVE_WITH_KNOTS('',3,(#7647,#7648,#7649,#7650,#7651,#7652),
 .UNSPECIFIED.,.F.,.F.,(4,2,4),(-0.339578175215854,-0.172258509310964,-9.99678876012489E-7),
 .UNSPECIFIED.);
#120=B_SPLINE_CURVE_WITH_KNOTS('',3,(#7671,#7672,#7673,#7674,#7675,#7676),
 .UNSPECIFIED.,.F.,.F.,(4,2,4),(-0.339546789494065,-0.167305150175851,0.),
 .UNSPECIFIED.);
#121=B_SPLINE_CURVE_WITH_KNOTS('',3,(#7677,#7678,#7679,#7680,#7681,#7682),
 .UNSPECIFIED.,.F.,.F.,(4,2,4),(-0.0522450384245628,-0.0261224862298973,
0.),.UNSPECIFIED.);
#122=B_SPLINE_CURVE_WITH_KNOTS('',3,(#7850,#7851,#7852,#7853,#7854,#7855,
#7856,#7857,#7858,#7859,#7860,#7861,#7862,#7863,#7864,#7865,#7866,#7867,
#7868,#7869,#7870,#7871,#7872,#7873,#7874,#7875,#7876,#7877,#7878,#7879,
#7880,#7881,#7882,#7883,#7884,#7885,#7886,#7887,#7888,#7889,#7890,#7891,
#7892,#7893,#7894,#7895,#7896,#7897,#7898,#7899,#7900,#7901,#7902,#7903,
#7904,#7905,#7906,#7907,#7908,#7909,#7910,#7911,#7912,#7913,#7914,#7915,
#7916,#7917,#7918,#7919,#7920,#7921,#7922,#7923,#7924,#7925,#7926,#7927,
#7928,#7929,#7930,#7931,#7932,#7933,#7934,#7935,#7936,#7937,#7938,#7939,
#7940,#7941,#7942,#7943,#7944,#7945,#7946,#7947,#7948,#7949,#7950,#7951,
#7952,#7953,#7954,#7955,#7956,#7957,#7958,#7959,#7960,#7961,#7962,#7963,
#7964,#7965,#7966,#7967,#7968,#7969,#7970,#7971,#7972,#7973,#7974,#7975,
#7976,#7977,#7978,#7979,#7980,#7981,#7982,#7983,#7984,#7985,#7986,#7987,
#7988,#7989,#7990,#7991,#7992,#7993,#7994,#7995,#7996,#7997,#7998,#7999,
#8000),.UNSPECIFIED.,.F.,.F.,(4,3,3,3,3,3,3,3,3,3,3,3,3,3,3,3,3,3,3,3,3,
3,3,3,3,3,3,3,3,3,3,3,3,3,3,3,3,3,3,3,3,3,3,3,3,3,3,3,3,3,4),(0.,0.0174944215651567,
0.0354015896660957,0.053561732813567,0.0721128121244461,0.0772831478325332,
0.0966039347906664,0.115902279518655,0.135885392693737,0.154566295665066,
0.172098163285572,0.190259513967464,0.208758941157949,0.227662528351925,
0.2318494434976,0.254808416823851,0.277990391311456,0.301339113430154,0.309132591330133,
0.339235723868137,0.370351514649903,0.400460622519541,0.43207975475737,
0.463698886995199,0.48973804226609,0.515817831373848,0.5416633649067,0.567239836132118,
0.592752509396192,0.618265182660266,0.645274171643672,0.672019142722078,
0.695548330492799,0.716717726629645,0.737816771456376,0.758880000901121,
0.772831478325332,0.792252545349807,0.811583844984919,0.830849235571392,
0.850114626157865,0.870214941525726,0.890180061317528,0.910004350258273,
0.927397773990398,0.946934153622317,0.966453095139978,0.986004832443,1.00468092182293,
1.02528888170046,1.033873560268),.UNSPECIFIED.);
#123=B_SPLINE_CURVE_WITH_KNOTS('',3,(#8001,#8002,#8003,#8004,#8005,#8006,
#8007,#8008,#8009,#8010,#8011,#8012,#8013,#8014,#8015,#8016,#8017,#8018,
#8019,#8020,#8021,#8022,#8023,#8024,#8025,#8026,#8027,#8028,#8029,#8030,
#8031,#8032,#8033,#8034,#8035,#8036,#8037,#8038,#8039,#8040,#8041,#8042,
#8043,#8044,#8045,#8046,#8047,#8048,#8049,#8050,#8051,#8052,#8053,#8054,
#8055,#8056,#8057,#8058,#8059,#8060,#8061,#8062,#8063,#8064,#8065,#8066,
#8067,#8068,#8069,#8070,#8071,#8072,#8073,#8074,#8075,#8076,#8077,#8078,
#8079,#8080,#8081,#8082,#8083,#8084,#8085,#8086,#8087,#8088,#8089,#8090,
#8091,#8092,#8093,#8094,#8095,#8096,#8097,#8098,#8099,#8100,#8101,#8102,
#8103,#8104,#8105,#8106,#8107,#8108,#8109,#8110,#8111,#8112,#8113,#8114,
#8115,#8116,#8117,#8118,#8119,#8120,#8121,#8122,#8123,#8124,#8125,#8126,
#8127,#8128,#8129,#8130,#8131,#8132,#8133,#8134,#8135,#8136,#8137,#8138,
#8139,#8140,#8141,#8142,#8143,#8144,#8145,#8146,#8147,#8148,#8149,#8150,
#8151,#8152,#8153,#8154),.UNSPECIFIED.,.F.,.F.,(4,3,3,3,3,3,3,3,3,3,3,3,
3,3,3,3,3,3,3,3,3,3,3,3,3,3,3,3,3,3,3,3,3,3,3,3,3,3,3,3,3,3,3,3,3,3,3,3,
3,3,3,4),(1.03387356034038,1.05439165467253,1.07477793273352,1.08196406965546,
1.10016659835202,1.11832834867551,1.13649428491812,1.15472020728583,1.159247217488,
1.17912616142082,1.19912720804248,1.21941893878254,1.23653036532053,1.26370697789975,
1.29093543952937,1.31819187404069,1.34553759976724,1.37173329078432,1.39157435177505,
1.41159154287049,1.41680093260559,1.44127871437507,1.46628744318145,1.49177440106183,
1.51809867576903,1.54436527911179,1.57071838950122,1.59707149989065,1.62864671682326,
1.66017407425574,1.69167435531343,1.7231598915467,1.75466263936462,1.77734206717571,
1.79759409621407,1.81763263185199,1.83744130942074,1.85678238929248,1.86747735081824,
1.88777801183118,1.90730691681434,1.92639935120889,1.94482474900614,1.95761263446077,
1.97554107110171,1.9930673927381,2.01005560536709,2.01267987749838,2.02850182625871,
2.04414143281977,2.05957314232255,2.067747120536),.UNSPECIFIED.);
#124=B_SPLINE_CURVE_WITH_KNOTS('',3,(#8155,#8156,#8157,#8158,#8159,#8160,
#8161,#8162,#8163,#8164,#8165,#8166,#8167,#8168,#8169,#8170,#8171,#8172,
#8173,#8174,#8175,#8176,#8177,#8178,#8179,#8180,#8181,#8182),
 .UNSPECIFIED.,.T.,.F.,(4,2,2,1,1,1,1,1,2,1,1,1,1,1,1,1,1,1,1,1,1,1,4),
(-2.067747120536,-2.01267987749838,-1.95761263446077,-1.86747735081824,
-1.77734206717571,-1.59707149989065,-1.41680093260559,-1.37173329078432,
-1.23653036532053,-1.159247217488,-1.08196406965546,-1.00468092182293,-0.927397773990398,
-0.850114626157865,-0.772831478325332,-0.695548330492799,-0.618265182660266,
-0.463698886995199,-0.309132591330133,-0.2318494434976,-0.154566295665066,
-0.0772831478325332,0.),.UNSPECIFIED.);
#125=B_SPLINE_CURVE_WITH_KNOTS('',3,(#8197,#8198,#8199,#8200),
 .UNSPECIFIED.,.F.,.F.,(4,4),(0.384202068090445,0.637373643916546),
 .UNSPECIFIED.);
#126=B_SPLINE_CURVE_WITH_KNOTS('',3,(#8202,#8203,#8204,#8205),
 .UNSPECIFIED.,.F.,.F.,(4,4),(-0.637373643916541,-0.384202068090445),
 .UNSPECIFIED.);
#127=B_SPLINE_CURVE_WITH_KNOTS('',3,(#8257,#8258,#8259,#8260,#8261,#8262),
 .UNSPECIFIED.,.F.,.F.,(4,2,4),(0.,0.0209201299384943,0.0416350829785435),
 .UNSPECIFIED.);
#128=B_SPLINE_CURVE_WITH_KNOTS('',3,(#8269,#8270,#8271,#8272,#8273,#8274,
#8275),.UNSPECIFIED.,.F.,.F.,(4,3,4),(0.,0.0348379224678602,0.0696549400704143),
 .UNSPECIFIED.);
#129=B_SPLINE_CURVE_WITH_KNOTS('',3,(#8294,#8295,#8296,#8297,#8298,#8299),
 .UNSPECIFIED.,.F.,.F.,(4,2,4),(-0.341545443608565,-0.168248315831204,0.),
 .UNSPECIFIED.);
#130=B_SPLINE_CURVE_WITH_KNOTS('',3,(#8300,#8301,#8302,#8303,#8304,#8305,
#8306),.UNSPECIFIED.,.F.,.F.,(4,3,4),(-0.0696547451370931,-0.0348168650093375,
0.),.UNSPECIFIED.);
#131=B_SPLINE_CURVE_WITH_KNOTS('',3,(#8314,#8315,#8316,#8317,#8318,#8319),
 .UNSPECIFIED.,.F.,.F.,(4,2,4),(0.,0.0207139318340793,0.0416330304243031),
 .UNSPECIFIED.);
#132=B_SPLINE_CURVE_WITH_KNOTS('',3,(#8338,#8339,#8340,#8341,#8342,#8343),
 .UNSPECIFIED.,.F.,.F.,(4,2,4),(-0.445234910435856,-0.21265589605513,-9.99954853364571E-7),
 .UNSPECIFIED.);
#133=B_SPLINE_CURVE_WITH_KNOTS('',3,(#8344,#8345,#8346,#8347,#8348,#8349),
 .UNSPECIFIED.,.F.,.F.,(4,2,4),(-0.0277308568552341,-0.0138731966408598,
0.),.UNSPECIFIED.);
#134=B_SPLINE_CURVE_WITH_KNOTS('',3,(#8366,#8367,#8368,#8369,#8370,#8371),
 .UNSPECIFIED.,.F.,.F.,(4,2,4),(-0.445632738835978,-0.232787816196918,-9.9999775132753E-7),
 .UNSPECIFIED.);
#135=B_SPLINE_CURVE_WITH_KNOTS('',3,(#8388,#8389,#8390,#8391,#8392,#8393),
 .UNSPECIFIED.,.F.,.F.,(4,2,4),(-0.341577551177653,-0.173314124332667,0.),
 .UNSPECIFIED.);
#136=B_SPLINE_CURVE_WITH_KNOTS('',3,(#8439,#8440,#8441,#8442),
 .UNSPECIFIED.,.F.,.F.,(4,4),(-1.,0.),.UNSPECIFIED.);
#137=B_SPLINE_CURVE_WITH_KNOTS('',3,(#8446,#8447,#8448,#8449),
 .UNSPECIFIED.,.F.,.F.,(4,4),(-1.,0.),.UNSPECIFIED.);
#138=B_SPLINE_CURVE_WITH_KNOTS('',3,(#8460,#8461,#8462,#8463),
 .UNSPECIFIED.,.F.,.F.,(4,4),(-1.,0.),.UNSPECIFIED.);
#139=B_SPLINE_CURVE_WITH_KNOTS('',3,(#8466,#8467,#8468,#8469),
 .UNSPECIFIED.,.F.,.F.,(4,4),(-1.,0.),.UNSPECIFIED.);
#140=B_SPLINE_CURVE_WITH_KNOTS('',3,(#8479,#8480,#8481,#8482),
 .UNSPECIFIED.,.F.,.F.,(4,4),(-1.,0.),.UNSPECIFIED.);
#141=B_SPLINE_CURVE_WITH_KNOTS('',3,(#8485,#8486,#8487,#8488),
 .UNSPECIFIED.,.F.,.F.,(4,4),(-1.,0.),.UNSPECIFIED.);
#142=B_SPLINE_CURVE_WITH_KNOTS('',3,(#8498,#8499,#8500,#8501),
 .UNSPECIFIED.,.F.,.F.,(4,4),(-1.,0.),.UNSPECIFIED.);
#143=B_SPLINE_CURVE_WITH_KNOTS('',3,(#8504,#8505,#8506,#8507),
 .UNSPECIFIED.,.F.,.F.,(4,4),(-1.,0.),.UNSPECIFIED.);
#144=B_SPLINE_CURVE_WITH_KNOTS('',3,(#8517,#8518,#8519,#8520),
 .UNSPECIFIED.,.F.,.F.,(4,4),(-1.,0.),.UNSPECIFIED.);
#145=B_SPLINE_CURVE_WITH_KNOTS('',3,(#8523,#8524,#8525,#8526),
 .UNSPECIFIED.,.F.,.F.,(4,4),(-1.,0.),.UNSPECIFIED.);
#146=B_SPLINE_CURVE_WITH_KNOTS('',3,(#8536,#8537,#8538,#8539),
 .UNSPECIFIED.,.F.,.F.,(4,4),(-1.,0.),.UNSPECIFIED.);
#147=B_SPLINE_CURVE_WITH_KNOTS('',3,(#8542,#8543,#8544,#8545),
 .UNSPECIFIED.,.F.,.F.,(4,4),(-1.,0.),.UNSPECIFIED.);
#148=B_SPLINE_CURVE_WITH_KNOTS('',3,(#8555,#8556,#8557,#8558),
 .UNSPECIFIED.,.F.,.F.,(4,4),(-1.,0.),.UNSPECIFIED.);
#149=B_SPLINE_CURVE_WITH_KNOTS('',3,(#8561,#8562,#8563,#8564),
 .UNSPECIFIED.,.F.,.F.,(4,4),(-1.,0.),.UNSPECIFIED.);
#150=B_SPLINE_CURVE_WITH_KNOTS('',3,(#8574,#8575,#8576,#8577),
 .UNSPECIFIED.,.F.,.F.,(4,4),(-1.,0.),.UNSPECIFIED.);
#151=B_SPLINE_CURVE_WITH_KNOTS('',3,(#8580,#8581,#8582,#8583),
 .UNSPECIFIED.,.F.,.F.,(4,4),(-1.,0.),.UNSPECIFIED.);
#152=B_SPLINE_CURVE_WITH_KNOTS('',3,(#8593,#8594,#8595,#8596),
 .UNSPECIFIED.,.F.,.F.,(4,4),(-1.,0.),.UNSPECIFIED.);
#153=B_SPLINE_CURVE_WITH_KNOTS('',3,(#8599,#8600,#8601,#8602),
 .UNSPECIFIED.,.F.,.F.,(4,4),(-1.,0.),.UNSPECIFIED.);
#154=B_SPLINE_CURVE_WITH_KNOTS('',3,(#8612,#8613,#8614,#8615),
 .UNSPECIFIED.,.F.,.F.,(4,4),(-1.,0.),.UNSPECIFIED.);
#155=B_SPLINE_CURVE_WITH_KNOTS('',3,(#8618,#8619,#8620,#8621),
 .UNSPECIFIED.,.F.,.F.,(4,4),(-1.,0.),.UNSPECIFIED.);
#156=B_SPLINE_CURVE_WITH_KNOTS('',3,(#8631,#8632,#8633,#8634),
 .UNSPECIFIED.,.F.,.F.,(4,4),(-1.,0.),.UNSPECIFIED.);
#157=B_SPLINE_CURVE_WITH_KNOTS('',3,(#8637,#8638,#8639,#8640),
 .UNSPECIFIED.,.F.,.F.,(4,4),(-1.,0.),.UNSPECIFIED.);
#158=B_SPLINE_CURVE_WITH_KNOTS('',3,(#8650,#8651,#8652,#8653),
 .UNSPECIFIED.,.F.,.F.,(4,4),(-1.,0.),.UNSPECIFIED.);
#159=B_SPLINE_CURVE_WITH_KNOTS('',3,(#8656,#8657,#8658,#8659),
 .UNSPECIFIED.,.F.,.F.,(4,4),(-1.,0.),.UNSPECIFIED.);
#160=B_SPLINE_CURVE_WITH_KNOTS('',3,(#8669,#8670,#8671,#8672),
 .UNSPECIFIED.,.F.,.F.,(4,4),(0.,0.162846064196167),.UNSPECIFIED.);
#161=B_SPLINE_CURVE_WITH_KNOTS('',3,(#8675,#8676,#8677,#8678),
 .UNSPECIFIED.,.F.,.F.,(4,4),(0.,0.162846064201819),.UNSPECIFIED.);
#162=B_SPLINE_CURVE_WITH_KNOTS('',3,(#8688,#8689,#8690,#8691),
 .UNSPECIFIED.,.F.,.F.,(4,4),(-1.,0.),.UNSPECIFIED.);
#163=B_SPLINE_CURVE_WITH_KNOTS('',3,(#8694,#8695,#8696,#8697),
 .UNSPECIFIED.,.F.,.F.,(4,4),(-1.,0.),.UNSPECIFIED.);
#164=B_SPLINE_CURVE_WITH_KNOTS('',3,(#8707,#8708,#8709,#8710),
 .UNSPECIFIED.,.F.,.F.,(4,4),(-1.,0.),.UNSPECIFIED.);
#165=B_SPLINE_CURVE_WITH_KNOTS('',3,(#8713,#8714,#8715,#8716),
 .UNSPECIFIED.,.F.,.F.,(4,4),(-1.,0.),.UNSPECIFIED.);
#166=B_SPLINE_CURVE_WITH_KNOTS('',3,(#8726,#8727,#8728,#8729),
 .UNSPECIFIED.,.F.,.F.,(4,4),(0.,0.257706848120009),.UNSPECIFIED.);
#167=B_SPLINE_CURVE_WITH_KNOTS('',3,(#8732,#8733,#8734,#8735),
 .UNSPECIFIED.,.F.,.F.,(4,4),(0.,0.257706848107259),.UNSPECIFIED.);
#168=B_SPLINE_CURVE_WITH_KNOTS('',3,(#8745,#8746,#8747,#8748),
 .UNSPECIFIED.,.F.,.F.,(4,4),(-1.,0.),.UNSPECIFIED.);
#169=B_SPLINE_CURVE_WITH_KNOTS('',3,(#8751,#8752,#8753,#8754),
 .UNSPECIFIED.,.F.,.F.,(4,4),(-1.,0.),.UNSPECIFIED.);
#170=B_SPLINE_CURVE_WITH_KNOTS('',3,(#8764,#8765,#8766,#8767),
 .UNSPECIFIED.,.F.,.F.,(4,4),(-1.,0.),.UNSPECIFIED.);
#171=B_SPLINE_CURVE_WITH_KNOTS('',3,(#8770,#8771,#8772,#8773),
 .UNSPECIFIED.,.F.,.F.,(4,4),(-1.,0.),.UNSPECIFIED.);
#172=B_SPLINE_CURVE_WITH_KNOTS('',3,(#8783,#8784,#8785,#8786),
 .UNSPECIFIED.,.F.,.F.,(4,4),(-1.,0.),.UNSPECIFIED.);
#173=B_SPLINE_CURVE_WITH_KNOTS('',3,(#8789,#8790,#8791,#8792),
 .UNSPECIFIED.,.F.,.F.,(4,4),(-1.,0.),.UNSPECIFIED.);
#174=B_SPLINE_CURVE_WITH_KNOTS('',3,(#8802,#8803,#8804,#8805),
 .UNSPECIFIED.,.F.,.F.,(4,4),(0.,0.0214838427410316),.UNSPECIFIED.);
#175=B_SPLINE_CURVE_WITH_KNOTS('',3,(#8808,#8809,#8810,#8811),
 .UNSPECIFIED.,.F.,.F.,(4,4),(0.,0.0214838427410316),.UNSPECIFIED.);
#176=B_SPLINE_CURVE_WITH_KNOTS('',3,(#8821,#8822,#8823,#8824),
 .UNSPECIFIED.,.F.,.F.,(4,4),(-1.,0.),.UNSPECIFIED.);
#177=B_SPLINE_CURVE_WITH_KNOTS('',3,(#8827,#8828,#8829,#8830),
 .UNSPECIFIED.,.F.,.F.,(4,4),(-1.,0.),.UNSPECIFIED.);
#178=B_SPLINE_CURVE_WITH_KNOTS('',3,(#8840,#8841,#8842,#8843),
 .UNSPECIFIED.,.F.,.F.,(4,4),(-1.,0.),.UNSPECIFIED.);
#179=B_SPLINE_CURVE_WITH_KNOTS('',3,(#8846,#8847,#8848,#8849),
 .UNSPECIFIED.,.F.,.F.,(4,4),(-1.,0.),.UNSPECIFIED.);
#180=B_SPLINE_CURVE_WITH_KNOTS('',3,(#8859,#8860,#8861,#8862),
 .UNSPECIFIED.,.F.,.F.,(4,4),(-1.,0.),.UNSPECIFIED.);
#181=B_SPLINE_CURVE_WITH_KNOTS('',3,(#8865,#8866,#8867,#8868),
 .UNSPECIFIED.,.F.,.F.,(4,4),(-1.,0.),.UNSPECIFIED.);
#182=B_SPLINE_CURVE_WITH_KNOTS('',3,(#8878,#8879,#8880,#8881),
 .UNSPECIFIED.,.F.,.F.,(4,4),(-1.,0.),.UNSPECIFIED.);
#183=B_SPLINE_CURVE_WITH_KNOTS('',3,(#8884,#8885,#8886,#8887),
 .UNSPECIFIED.,.F.,.F.,(4,4),(-1.,0.),.UNSPECIFIED.);
#184=B_SPLINE_CURVE_WITH_KNOTS('',3,(#8897,#8898,#8899,#8900),
 .UNSPECIFIED.,.F.,.F.,(4,4),(-1.,0.),.UNSPECIFIED.);
#185=B_SPLINE_CURVE_WITH_KNOTS('',3,(#8903,#8904,#8905,#8906),
 .UNSPECIFIED.,.F.,.F.,(4,4),(-1.,0.),.UNSPECIFIED.);
#186=B_SPLINE_CURVE_WITH_KNOTS('',3,(#8916,#8917,#8918,#8919),
 .UNSPECIFIED.,.F.,.F.,(4,4),(0.,0.0200472184626277),.UNSPECIFIED.);
#187=B_SPLINE_CURVE_WITH_KNOTS('',3,(#8922,#8923,#8924,#8925),
 .UNSPECIFIED.,.F.,.F.,(4,4),(0.,0.0200472184626277),.UNSPECIFIED.);
#188=B_SPLINE_CURVE_WITH_KNOTS('',3,(#8935,#8936,#8937,#8938),
 .UNSPECIFIED.,.F.,.F.,(4,4),(-1.,0.),.UNSPECIFIED.);
#189=B_SPLINE_CURVE_WITH_KNOTS('',3,(#8941,#8942,#8943,#8944),
 .UNSPECIFIED.,.F.,.F.,(4,4),(-1.,0.),.UNSPECIFIED.);
#190=B_SPLINE_CURVE_WITH_KNOTS('',3,(#8954,#8955,#8956,#8957),
 .UNSPECIFIED.,.F.,.F.,(4,4),(-1.,0.),.UNSPECIFIED.);
#191=B_SPLINE_CURVE_WITH_KNOTS('',3,(#8960,#8961,#8962,#8963),
 .UNSPECIFIED.,.F.,.F.,(4,4),(-1.,0.),.UNSPECIFIED.);
#192=B_SPLINE_CURVE_WITH_KNOTS('',3,(#8973,#8974,#8975,#8976),
 .UNSPECIFIED.,.F.,.F.,(4,4),(-1.,0.),.UNSPECIFIED.);
#193=B_SPLINE_CURVE_WITH_KNOTS('',3,(#8979,#8980,#8981,#8982),
 .UNSPECIFIED.,.F.,.F.,(4,4),(-1.,0.),.UNSPECIFIED.);
#194=B_SPLINE_CURVE_WITH_KNOTS('',3,(#8992,#8993,#8994,#8995),
 .UNSPECIFIED.,.F.,.F.,(4,4),(-1.,0.),.UNSPECIFIED.);
#195=B_SPLINE_CURVE_WITH_KNOTS('',3,(#8998,#8999,#9000,#9001),
 .UNSPECIFIED.,.F.,.F.,(4,4),(-1.,0.),.UNSPECIFIED.);
#196=B_SPLINE_CURVE_WITH_KNOTS('',3,(#9011,#9012,#9013,#9014),
 .UNSPECIFIED.,.F.,.F.,(4,4),(-1.,0.),.UNSPECIFIED.);
#197=B_SPLINE_CURVE_WITH_KNOTS('',3,(#9017,#9018,#9019,#9020),
 .UNSPECIFIED.,.F.,.F.,(4,4),(-1.,0.),.UNSPECIFIED.);
#198=B_SPLINE_CURVE_WITH_KNOTS('',3,(#9030,#9031,#9032,#9033),
 .UNSPECIFIED.,.F.,.F.,(4,4),(-1.,0.),.UNSPECIFIED.);
#199=B_SPLINE_CURVE_WITH_KNOTS('',3,(#9036,#9037,#9038,#9039),
 .UNSPECIFIED.,.F.,.F.,(4,4),(-1.,0.),.UNSPECIFIED.);
#200=B_SPLINE_CURVE_WITH_KNOTS('',3,(#9049,#9050,#9051,#9052),
 .UNSPECIFIED.,.F.,.F.,(4,4),(0.,0.021890061150978),.UNSPECIFIED.);
#201=B_SPLINE_CURVE_WITH_KNOTS('',3,(#9055,#9056,#9057,#9058),
 .UNSPECIFIED.,.F.,.F.,(4,4),(0.,0.0218900611519258),.UNSPECIFIED.);
#202=B_SPLINE_CURVE_WITH_KNOTS('',3,(#9068,#9069,#9070,#9071),
 .UNSPECIFIED.,.F.,.F.,(4,4),(-1.,0.),.UNSPECIFIED.);
#203=B_SPLINE_CURVE_WITH_KNOTS('',3,(#9074,#9075,#9076,#9077),
 .UNSPECIFIED.,.F.,.F.,(4,4),(-1.,0.),.UNSPECIFIED.);
#204=B_SPLINE_CURVE_WITH_KNOTS('',3,(#9087,#9088,#9089,#9090),
 .UNSPECIFIED.,.F.,.F.,(4,4),(-1.,0.),.UNSPECIFIED.);
#205=B_SPLINE_CURVE_WITH_KNOTS('',3,(#9093,#9094,#9095,#9096),
 .UNSPECIFIED.,.F.,.F.,(4,4),(-1.,0.),.UNSPECIFIED.);
#206=B_SPLINE_CURVE_WITH_KNOTS('',3,(#9106,#9107,#9108,#9109),
 .UNSPECIFIED.,.F.,.F.,(4,4),(-1.,0.),.UNSPECIFIED.);
#207=B_SPLINE_CURVE_WITH_KNOTS('',3,(#9112,#9113,#9114,#9115),
 .UNSPECIFIED.,.F.,.F.,(4,4),(-1.,0.),.UNSPECIFIED.);
#208=B_SPLINE_CURVE_WITH_KNOTS('',3,(#9125,#9126,#9127,#9128),
 .UNSPECIFIED.,.F.,.F.,(4,4),(-1.,0.),.UNSPECIFIED.);
#209=B_SPLINE_CURVE_WITH_KNOTS('',3,(#9131,#9132,#9133,#9134),
 .UNSPECIFIED.,.F.,.F.,(4,4),(-1.,0.),.UNSPECIFIED.);
#210=B_SPLINE_CURVE_WITH_KNOTS('',3,(#9144,#9145,#9146,#9147),
 .UNSPECIFIED.,.F.,.F.,(4,4),(-1.,0.),.UNSPECIFIED.);
#211=B_SPLINE_CURVE_WITH_KNOTS('',3,(#9150,#9151,#9152,#9153),
 .UNSPECIFIED.,.F.,.F.,(4,4),(-1.,0.),.UNSPECIFIED.);
#212=B_SPLINE_CURVE_WITH_KNOTS('',3,(#9163,#9164,#9165,#9166),
 .UNSPECIFIED.,.F.,.F.,(4,4),(0.,0.162846064196318),.UNSPECIFIED.);
#213=B_SPLINE_CURVE_WITH_KNOTS('',3,(#9169,#9170,#9171,#9172),
 .UNSPECIFIED.,.F.,.F.,(4,4),(0.,0.162846064200991),.UNSPECIFIED.);
#214=B_SPLINE_CURVE_WITH_KNOTS('',3,(#9182,#9183,#9184,#9185),
 .UNSPECIFIED.,.F.,.F.,(4,4),(-1.,0.),.UNSPECIFIED.);
#215=B_SPLINE_CURVE_WITH_KNOTS('',3,(#9188,#9189,#9190,#9191),
 .UNSPECIFIED.,.F.,.F.,(4,4),(-1.,0.),.UNSPECIFIED.);
#216=B_SPLINE_CURVE_WITH_KNOTS('',3,(#9201,#9202,#9203,#9204),
 .UNSPECIFIED.,.F.,.F.,(4,4),(-1.,0.),.UNSPECIFIED.);
#217=B_SPLINE_CURVE_WITH_KNOTS('',3,(#9207,#9208,#9209,#9210),
 .UNSPECIFIED.,.F.,.F.,(4,4),(-1.,0.),.UNSPECIFIED.);
#218=B_SPLINE_CURVE_WITH_KNOTS('',3,(#9220,#9221,#9222,#9223),
 .UNSPECIFIED.,.F.,.F.,(4,4),(0.,0.253086654685178),.UNSPECIFIED.);
#219=B_SPLINE_CURVE_WITH_KNOTS('',3,(#9226,#9227,#9228,#9229),
 .UNSPECIFIED.,.F.,.F.,(4,4),(0.,0.253086654703941),.UNSPECIFIED.);
#220=B_SPLINE_CURVE_WITH_KNOTS('',3,(#9239,#9240,#9241,#9242),
 .UNSPECIFIED.,.F.,.F.,(4,4),(-1.,0.),.UNSPECIFIED.);
#221=B_SPLINE_CURVE_WITH_KNOTS('',3,(#9245,#9246,#9247,#9248),
 .UNSPECIFIED.,.F.,.F.,(4,4),(-1.,0.),.UNSPECIFIED.);
#222=B_SPLINE_CURVE_WITH_KNOTS('',3,(#9258,#9259,#9260,#9261),
 .UNSPECIFIED.,.F.,.F.,(4,4),(-1.,0.),.UNSPECIFIED.);
#223=B_SPLINE_CURVE_WITH_KNOTS('',3,(#9264,#9265,#9266,#9267),
 .UNSPECIFIED.,.F.,.F.,(4,4),(-1.,0.),.UNSPECIFIED.);
#224=B_SPLINE_CURVE_WITH_KNOTS('',3,(#9277,#9278,#9279,#9280),
 .UNSPECIFIED.,.F.,.F.,(4,4),(-1.,0.),.UNSPECIFIED.);
#225=B_SPLINE_CURVE_WITH_KNOTS('',3,(#9283,#9284,#9285,#9286),
 .UNSPECIFIED.,.F.,.F.,(4,4),(-1.,0.),.UNSPECIFIED.);
#226=B_SPLINE_CURVE_WITH_KNOTS('',3,(#9296,#9297,#9298,#9299),
 .UNSPECIFIED.,.F.,.F.,(4,4),(0.,0.0214838427413479),.UNSPECIFIED.);
#227=B_SPLINE_CURVE_WITH_KNOTS('',3,(#9302,#9303,#9304,#9305),
 .UNSPECIFIED.,.F.,.F.,(4,4),(0.,0.0214838427413479),.UNSPECIFIED.);
#228=B_SPLINE_CURVE_WITH_KNOTS('',3,(#9315,#9316,#9317,#9318),
 .UNSPECIFIED.,.F.,.F.,(4,4),(-1.,0.),.UNSPECIFIED.);
#229=B_SPLINE_CURVE_WITH_KNOTS('',3,(#9321,#9322,#9323,#9324),
 .UNSPECIFIED.,.F.,.F.,(4,4),(-1.,0.),.UNSPECIFIED.);
#230=B_SPLINE_CURVE_WITH_KNOTS('',3,(#9334,#9335,#9336,#9337),
 .UNSPECIFIED.,.F.,.F.,(4,4),(-1.,0.),.UNSPECIFIED.);
#231=B_SPLINE_CURVE_WITH_KNOTS('',3,(#9340,#9341,#9342,#9343),
 .UNSPECIFIED.,.F.,.F.,(4,4),(-1.,0.),.UNSPECIFIED.);
#232=B_SPLINE_CURVE_WITH_KNOTS('',3,(#9353,#9354,#9355,#9356),
 .UNSPECIFIED.,.F.,.F.,(4,4),(-1.,0.),.UNSPECIFIED.);
#233=B_SPLINE_CURVE_WITH_KNOTS('',3,(#9359,#9360,#9361,#9362),
 .UNSPECIFIED.,.F.,.F.,(4,4),(-1.,0.),.UNSPECIFIED.);
#234=B_SPLINE_CURVE_WITH_KNOTS('',3,(#9372,#9373,#9374,#9375),
 .UNSPECIFIED.,.F.,.F.,(4,4),(-1.,0.),.UNSPECIFIED.);
#235=B_SPLINE_CURVE_WITH_KNOTS('',3,(#9378,#9379,#9380,#9381),
 .UNSPECIFIED.,.F.,.F.,(4,4),(-1.,0.),.UNSPECIFIED.);
#236=B_SPLINE_CURVE_WITH_KNOTS('',3,(#9391,#9392,#9393,#9394),
 .UNSPECIFIED.,.F.,.F.,(4,4),(-1.,0.),.UNSPECIFIED.);
#237=B_SPLINE_CURVE_WITH_KNOTS('',3,(#9397,#9398,#9399,#9400),
 .UNSPECIFIED.,.F.,.F.,(4,4),(-1.,0.),.UNSPECIFIED.);
#238=B_SPLINE_CURVE_WITH_KNOTS('',3,(#9409,#9410,#9411,#9412),
 .UNSPECIFIED.,.F.,.F.,(4,4),(0.,0.0200472184626096),.UNSPECIFIED.);
#239=B_SPLINE_CURVE_WITH_KNOTS('',3,(#9413,#9414,#9415,#9416),
 .UNSPECIFIED.,.F.,.F.,(4,4),(0.,0.0200472184626096),.UNSPECIFIED.);
#240=ELLIPSE('',#4753,25.5391042363581,14.9981445636297);
#241=ELLIPSE('',#4877,21.2132034355964,15.);
#242=ELLIPSE('',#4879,25.5316173739893,12.0080143836255);
#243=ELLIPSE('',#4880,25.5316173797362,12.0080143876237);
#244=ELLIPSE('',#4889,8.62670273047588,6.1);
#245=ELLIPSE('',#4897,20.4236151732246,9.83056646151331);
#246=ELLIPSE('',#4922,25.68977886352,12.12512552039);
#247=ELLIPSE('',#4925,25.6897788593557,12.1251255174672);
#248=ELLIPSE('',#4934,1836.29366985211,84.9312160964816);
#249=ELLIPSE('',#4937,1836.30494294919,84.9314789547927);
#250=FACE_BOUND('',#680,.T.);
#251=FACE_BOUND('',#681,.T.);
#252=FACE_BOUND('',#682,.T.);
#253=FACE_BOUND('',#683,.T.);
#254=FACE_BOUND('',#684,.T.);
#255=FACE_BOUND('',#685,.T.);
#256=FACE_BOUND('',#686,.T.);
#257=FACE_BOUND('',#687,.T.);
#258=FACE_BOUND('',#688,.T.);
#259=FACE_BOUND('',#689,.T.);
#260=FACE_BOUND('',#696,.T.);
#261=FACE_BOUND('',#703,.T.);
#262=FACE_BOUND('',#708,.T.);
#263=FACE_BOUND('',#762,.T.);
#264=FACE_BOUND('',#763,.T.);
#265=FACE_BOUND('',#783,.T.);
#266=FACE_BOUND('',#789,.T.);
#267=FACE_BOUND('',#797,.T.);
#268=FACE_BOUND('',#798,.T.);
#269=FACE_BOUND('',#810,.T.);
#270=FACE_BOUND('',#812,.T.);
#271=FACE_BOUND('',#824,.T.);
#272=FACE_BOUND('',#830,.T.);
#273=FACE_BOUND('',#907,.T.);
#274=FACE_BOUND('',#912,.T.);
#275=FACE_BOUND('',#913,.T.);
#276=FACE_BOUND('',#914,.T.);
#277=FACE_BOUND('',#917,.T.);
#278=FACE_BOUND('',#918,.T.);
#279=FACE_BOUND('',#919,.T.);
#280=FACE_BOUND('',#922,.T.);
#281=FACE_BOUND('',#923,.T.);
#282=FACE_BOUND('',#924,.T.);
#283=FACE_BOUND('',#925,.T.);
#284=FACE_BOUND('',#933,.T.);
#285=FACE_BOUND('',#936,.T.);
#286=FACE_BOUND('',#938,.T.);
#287=FACE_BOUND('',#946,.T.);
#288=FACE_BOUND('',#952,.T.);
#289=FACE_BOUND('',#956,.T.);
#290=FACE_BOUND('',#958,.T.);
#291=FACE_BOUND('',#961,.T.);
#292=FACE_BOUND('',#963,.T.);
#293=FACE_BOUND('',#976,.T.);
#294=FACE_BOUND('',#977,.T.);
#295=FACE_BOUND('',#978,.T.);
#296=PLANE('',#4716);
#297=PLANE('',#4717);
#298=PLANE('',#4736);
#299=PLANE('',#4737);
#300=PLANE('',#4738);
#301=PLANE('',#4739);
#302=PLANE('',#4740);
#303=PLANE('',#4741);
#304=PLANE('',#4748);
#305=PLANE('',#4749);
#306=PLANE('',#4750);
#307=PLANE('',#4757);
#308=PLANE('',#4759);
#309=PLANE('',#4762);
#310=PLANE('',#4763);
#311=PLANE('',#4764);
#312=PLANE('',#4770);
#313=PLANE('',#4773);
#314=PLANE('',#4776);
#315=PLANE('',#4785);
#316=PLANE('',#4792);
#317=PLANE('',#4795);
#318=PLANE('',#4797);
#319=PLANE('',#4800);
#320=PLANE('',#4803);
#321=PLANE('',#4812);
#322=PLANE('',#4815);
#323=PLANE('',#4818);
#324=PLANE('',#4824);
#325=PLANE('',#4825);
#326=PLANE('',#4826);
#327=PLANE('',#4829);
#328=PLANE('',#4831);
#329=PLANE('',#4833);
#330=PLANE('',#4835);
#331=PLANE('',#4836);
#332=PLANE('',#4838);
#333=PLANE('',#4842);
#334=PLANE('',#4844);
#335=PLANE('',#4845);
#336=PLANE('',#4848);
#337=PLANE('',#4849);
#338=PLANE('',#4850);
#339=PLANE('',#4851);
#340=PLANE('',#4854);
#341=PLANE('',#4857);
#342=PLANE('',#4860);
#343=PLANE('',#4861);
#344=PLANE('',#4864);
#345=PLANE('',#4875);
#346=PLANE('',#4882);
#347=PLANE('',#4892);
#348=PLANE('',#4893);
#349=PLANE('',#4894);
#350=PLANE('',#4895);
#351=PLANE('',#4896);
#352=PLANE('',#4903);
#353=PLANE('',#4904);
#354=PLANE('',#4905);
#355=PLANE('',#4906);
#356=PLANE('',#4909);
#357=PLANE('',#4910);
#358=PLANE('',#4911);
#359=PLANE('',#4912);
#360=PLANE('',#4915);
#361=PLANE('',#4916);
#362=PLANE('',#4917);
#363=PLANE('',#4928);
#364=PLANE('',#4929);
#365=PLANE('',#4932);
#366=PLANE('',#4933);
#367=PLANE('',#4938);
#368=PLANE('',#4939);
#369=PLANE('',#4941);
#370=PLANE('',#4943);
#371=PLANE('',#4945);
#372=PLANE('',#4953);
#373=PLANE('',#4954);
#374=PLANE('',#4955);
#375=PLANE('',#4956);
#376=PLANE('',#4959);
#377=PLANE('',#4960);
#378=PLANE('',#4961);
#379=PLANE('',#4962);
#380=PLANE('',#4965);
#381=PLANE('',#4966);
#382=PLANE('',#4969);
#383=PLANE('',#4972);
#384=PLANE('',#4973);
#385=PLANE('',#4974);
#386=PLANE('',#4977);
#387=PLANE('',#4978);
#388=PLANE('',#4981);
#389=PLANE('',#4982);
#390=PLANE('',#4986);
#391=PLANE('',#4988);
#392=PLANE('',#4989);
#393=PLANE('',#4994);
#394=PLANE('',#4995);
#395=PLANE('',#4996);
#396=PLANE('',#5000);
#397=PLANE('',#5001);
#398=PLANE('',#5004);
#399=PLANE('',#5005);
#400=PLANE('',#5016);
#401=PLANE('',#5017);
#402=PLANE('',#5019);
#403=PLANE('',#5020);
#404=PLANE('',#5022);
#405=PLANE('',#5024);
#406=PLANE('',#5034);
#407=PLANE('',#5037);
#408=PLANE('',#5040);
#409=PLANE('',#5041);
#410=PLANE('',#5042);
#411=PLANE('',#5043);
#412=PLANE('',#5045);
#413=PLANE('',#5047);
#414=PLANE('',#5048);
#415=PLANE('',#5050);
#416=PLANE('',#5052);
#417=PLANE('',#5065);
#418=PLANE('',#5068);
#419=PLANE('',#5069);
#420=PLANE('',#5070);
#421=FACE_OUTER_BOUND('',#677,.T.);
#422=FACE_OUTER_BOUND('',#678,.T.);
#423=FACE_OUTER_BOUND('',#679,.T.);
#424=FACE_OUTER_BOUND('',#690,.T.);
#425=FACE_OUTER_BOUND('',#691,.T.);
#426=FACE_OUTER_BOUND('',#692,.T.);
#427=FACE_OUTER_BOUND('',#693,.T.);
#428=FACE_OUTER_BOUND('',#694,.T.);
#429=FACE_OUTER_BOUND('',#695,.T.);
#430=FACE_OUTER_BOUND('',#697,.T.);
#431=FACE_OUTER_BOUND('',#698,.T.);
#432=FACE_OUTER_BOUND('',#699,.T.);
#433=FACE_OUTER_BOUND('',#700,.T.);
#434=FACE_OUTER_BOUND('',#701,.T.);
#435=FACE_OUTER_BOUND('',#702,.T.);
#436=FACE_OUTER_BOUND('',#704,.T.);
#437=FACE_OUTER_BOUND('',#705,.T.);
#438=FACE_OUTER_BOUND('',#706,.T.);
#439=FACE_OUTER_BOUND('',#707,.T.);
#440=FACE_OUTER_BOUND('',#709,.T.);
#441=FACE_OUTER_BOUND('',#710,.T.);
#442=FACE_OUTER_BOUND('',#711,.T.);
#443=FACE_OUTER_BOUND('',#712,.T.);
#444=FACE_OUTER_BOUND('',#713,.T.);
#445=FACE_OUTER_BOUND('',#714,.T.);
#446=FACE_OUTER_BOUND('',#715,.T.);
#447=FACE_OUTER_BOUND('',#716,.T.);
#448=FACE_OUTER_BOUND('',#717,.T.);
#449=FACE_OUTER_BOUND('',#718,.T.);
#450=FACE_OUTER_BOUND('',#719,.T.);
#451=FACE_OUTER_BOUND('',#720,.T.);
#452=FACE_OUTER_BOUND('',#721,.T.);
#453=FACE_OUTER_BOUND('',#722,.T.);
#454=FACE_OUTER_BOUND('',#723,.T.);
#455=FACE_OUTER_BOUND('',#724,.T.);
#456=FACE_OUTER_BOUND('',#725,.T.);
#457=FACE_OUTER_BOUND('',#726,.T.);
#458=FACE_OUTER_BOUND('',#727,.T.);
#459=FACE_OUTER_BOUND('',#728,.T.);
#460=FACE_OUTER_BOUND('',#729,.T.);
#461=FACE_OUTER_BOUND('',#730,.T.);
#462=FACE_OUTER_BOUND('',#731,.T.);
#463=FACE_OUTER_BOUND('',#732,.T.);
#464=FACE_OUTER_BOUND('',#733,.T.);
#465=FACE_OUTER_BOUND('',#734,.T.);
#466=FACE_OUTER_BOUND('',#735,.T.);
#467=FACE_OUTER_BOUND('',#736,.T.);
#468=FACE_OUTER_BOUND('',#737,.T.);
#469=FACE_OUTER_BOUND('',#738,.T.);
#470=FACE_OUTER_BOUND('',#739,.T.);
#471=FACE_OUTER_BOUND('',#740,.T.);
#472=FACE_OUTER_BOUND('',#741,.T.);
#473=FACE_OUTER_BOUND('',#742,.T.);
#474=FACE_OUTER_BOUND('',#743,.T.);
#475=FACE_OUTER_BOUND('',#744,.T.);
#476=FACE_OUTER_BOUND('',#745,.T.);
#477=FACE_OUTER_BOUND('',#746,.T.);
#478=FACE_OUTER_BOUND('',#747,.T.);
#479=FACE_OUTER_BOUND('',#748,.T.);
#480=FACE_OUTER_BOUND('',#749,.T.);
#481=FACE_OUTER_BOUND('',#750,.T.);
#482=FACE_OUTER_BOUND('',#751,.T.);
#483=FACE_OUTER_BOUND('',#752,.T.);
#484=FACE_OUTER_BOUND('',#753,.T.);
#485=FACE_OUTER_BOUND('',#754,.T.);
#486=FACE_OUTER_BOUND('',#755,.T.);
#487=FACE_OUTER_BOUND('',#756,.T.);
#488=FACE_OUTER_BOUND('',#757,.T.);
#489=FACE_OUTER_BOUND('',#758,.T.);
#490=FACE_OUTER_BOUND('',#759,.T.);
#491=FACE_OUTER_BOUND('',#760,.T.);
#492=FACE_OUTER_BOUND('',#761,.T.);
#493=FACE_OUTER_BOUND('',#764,.T.);
#494=FACE_OUTER_BOUND('',#765,.T.);
#495=FACE_OUTER_BOUND('',#766,.T.);
#496=FACE_OUTER_BOUND('',#767,.T.);
#497=FACE_OUTER_BOUND('',#768,.T.);
#498=FACE_OUTER_BOUND('',#769,.T.);
#499=FACE_OUTER_BOUND('',#770,.T.);
#500=FACE_OUTER_BOUND('',#771,.T.);
#501=FACE_OUTER_BOUND('',#772,.T.);
#502=FACE_OUTER_BOUND('',#773,.T.);
#503=FACE_OUTER_BOUND('',#774,.T.);
#504=FACE_OUTER_BOUND('',#775,.T.);
#505=FACE_OUTER_BOUND('',#776,.T.);
#506=FACE_OUTER_BOUND('',#777,.T.);
#507=FACE_OUTER_BOUND('',#778,.T.);
#508=FACE_OUTER_BOUND('',#779,.T.);
#509=FACE_OUTER_BOUND('',#780,.T.);
#510=FACE_OUTER_BOUND('',#781,.T.);
#511=FACE_OUTER_BOUND('',#782,.T.);
#512=FACE_OUTER_BOUND('',#784,.T.);
#513=FACE_OUTER_BOUND('',#785,.T.);
#514=FACE_OUTER_BOUND('',#786,.T.);
#515=FACE_OUTER_BOUND('',#787,.T.);
#516=FACE_OUTER_BOUND('',#788,.T.);
#517=FACE_OUTER_BOUND('',#790,.T.);
#518=FACE_OUTER_BOUND('',#791,.T.);
#519=FACE_OUTER_BOUND('',#792,.T.);
#520=FACE_OUTER_BOUND('',#793,.T.);
#521=FACE_OUTER_BOUND('',#794,.T.);
#522=FACE_OUTER_BOUND('',#795,.T.);
#523=FACE_OUTER_BOUND('',#796,.T.);
#524=FACE_OUTER_BOUND('',#799,.T.);
#525=FACE_OUTER_BOUND('',#800,.T.);
#526=FACE_OUTER_BOUND('',#801,.T.);
#527=FACE_OUTER_BOUND('',#802,.T.);
#528=FACE_OUTER_BOUND('',#803,.T.);
#529=FACE_OUTER_BOUND('',#804,.T.);
#530=FACE_OUTER_BOUND('',#805,.T.);
#531=FACE_OUTER_BOUND('',#806,.T.);
#532=FACE_OUTER_BOUND('',#807,.T.);
#533=FACE_OUTER_BOUND('',#808,.T.);
#534=FACE_OUTER_BOUND('',#809,.T.);
#535=FACE_OUTER_BOUND('',#811,.T.);
#536=FACE_OUTER_BOUND('',#813,.T.);
#537=FACE_OUTER_BOUND('',#814,.T.);
#538=FACE_OUTER_BOUND('',#815,.T.);
#539=FACE_OUTER_BOUND('',#816,.T.);
#540=FACE_OUTER_BOUND('',#817,.T.);
#541=FACE_OUTER_BOUND('',#818,.T.);
#542=FACE_OUTER_BOUND('',#819,.T.);
#543=FACE_OUTER_BOUND('',#820,.T.);
#544=FACE_OUTER_BOUND('',#821,.T.);
#545=FACE_OUTER_BOUND('',#822,.T.);
#546=FACE_OUTER_BOUND('',#823,.T.);
#547=FACE_OUTER_BOUND('',#825,.T.);
#548=FACE_OUTER_BOUND('',#826,.T.);
#549=FACE_OUTER_BOUND('',#827,.T.);
#550=FACE_OUTER_BOUND('',#828,.T.);
#551=FACE_OUTER_BOUND('',#829,.T.);
#552=FACE_OUTER_BOUND('',#831,.T.);
#553=FACE_OUTER_BOUND('',#832,.T.);
#554=FACE_OUTER_BOUND('',#833,.T.);
#555=FACE_OUTER_BOUND('',#834,.T.);
#556=FACE_OUTER_BOUND('',#835,.T.);
#557=FACE_OUTER_BOUND('',#836,.T.);
#558=FACE_OUTER_BOUND('',#837,.T.);
#559=FACE_OUTER_BOUND('',#838,.T.);
#560=FACE_OUTER_BOUND('',#839,.T.);
#561=FACE_OUTER_BOUND('',#840,.T.);
#562=FACE_OUTER_BOUND('',#841,.T.);
#563=FACE_OUTER_BOUND('',#842,.T.);
#564=FACE_OUTER_BOUND('',#843,.T.);
#565=FACE_OUTER_BOUND('',#844,.T.);
#566=FACE_OUTER_BOUND('',#845,.T.);
#567=FACE_OUTER_BOUND('',#846,.T.);
#568=FACE_OUTER_BOUND('',#847,.T.);
#569=FACE_OUTER_BOUND('',#848,.T.);
#570=FACE_OUTER_BOUND('',#849,.T.);
#571=FACE_OUTER_BOUND('',#850,.T.);
#572=FACE_OUTER_BOUND('',#851,.T.);
#573=FACE_OUTER_BOUND('',#852,.T.);
#574=FACE_OUTER_BOUND('',#853,.T.);
#575=FACE_OUTER_BOUND('',#854,.T.);
#576=FACE_OUTER_BOUND('',#855,.T.);
#577=FACE_OUTER_BOUND('',#856,.T.);
#578=FACE_OUTER_BOUND('',#857,.T.);
#579=FACE_OUTER_BOUND('',#858,.T.);
#580=FACE_OUTER_BOUND('',#859,.T.);
#581=FACE_OUTER_BOUND('',#860,.T.);
#582=FACE_OUTER_BOUND('',#861,.T.);
#583=FACE_OUTER_BOUND('',#862,.T.);
#584=FACE_OUTER_BOUND('',#863,.T.);
#585=FACE_OUTER_BOUND('',#864,.T.);
#586=FACE_OUTER_BOUND('',#865,.T.);
#587=FACE_OUTER_BOUND('',#866,.T.);
#588=FACE_OUTER_BOUND('',#867,.T.);
#589=FACE_OUTER_BOUND('',#868,.T.);
#590=FACE_OUTER_BOUND('',#869,.T.);
#591=FACE_OUTER_BOUND('',#870,.T.);
#592=FACE_OUTER_BOUND('',#871,.T.);
#593=FACE_OUTER_BOUND('',#872,.T.);
#594=FACE_OUTER_BOUND('',#873,.T.);
#595=FACE_OUTER_BOUND('',#874,.T.);
#596=FACE_OUTER_BOUND('',#875,.T.);
#597=FACE_OUTER_BOUND('',#876,.T.);
#598=FACE_OUTER_BOUND('',#877,.T.);
#599=FACE_OUTER_BOUND('',#878,.T.);
#600=FACE_OUTER_BOUND('',#879,.T.);
#601=FACE_OUTER_BOUND('',#880,.T.);
#602=FACE_OUTER_BOUND('',#881,.T.);
#603=FACE_OUTER_BOUND('',#882,.T.);
#604=FACE_OUTER_BOUND('',#883,.T.);
#605=FACE_OUTER_BOUND('',#884,.T.);
#606=FACE_OUTER_BOUND('',#885,.T.);
#607=FACE_OUTER_BOUND('',#886,.T.);
#608=FACE_OUTER_BOUND('',#887,.T.);
#609=FACE_OUTER_BOUND('',#888,.T.);
#610=FACE_OUTER_BOUND('',#889,.T.);
#611=FACE_OUTER_BOUND('',#890,.T.);
#612=FACE_OUTER_BOUND('',#891,.T.);
#613=FACE_OUTER_BOUND('',#892,.T.);
#614=FACE_OUTER_BOUND('',#893,.T.);
#615=FACE_OUTER_BOUND('',#894,.T.);
#616=FACE_OUTER_BOUND('',#895,.T.);
#617=FACE_OUTER_BOUND('',#896,.T.);
#618=FACE_OUTER_BOUND('',#897,.T.);
#619=FACE_OUTER_BOUND('',#898,.T.);
#620=FACE_OUTER_BOUND('',#899,.T.);
#621=FACE_OUTER_BOUND('',#900,.T.);
#622=FACE_OUTER_BOUND('',#901,.T.);
#623=FACE_OUTER_BOUND('',#902,.T.);
#624=FACE_OUTER_BOUND('',#903,.T.);
#625=FACE_OUTER_BOUND('',#904,.T.);
#626=FACE_OUTER_BOUND('',#905,.T.);
#627=FACE_OUTER_BOUND('',#906,.T.);
#628=FACE_OUTER_BOUND('',#908,.T.);
#629=FACE_OUTER_BOUND('',#909,.T.);
#630=FACE_OUTER_BOUND('',#910,.T.);
#631=FACE_OUTER_BOUND('',#911,.T.);
#632=FACE_OUTER_BOUND('',#915,.T.);
#633=FACE_OUTER_BOUND('',#916,.T.);
#634=FACE_OUTER_BOUND('',#920,.T.);
#635=FACE_OUTER_BOUND('',#921,.T.);
#636=FACE_OUTER_BOUND('',#926,.T.);
#637=FACE_OUTER_BOUND('',#927,.T.);
#638=FACE_OUTER_BOUND('',#928,.T.);
#639=FACE_OUTER_BOUND('',#929,.T.);
#640=FACE_OUTER_BOUND('',#930,.T.);
#641=FACE_OUTER_BOUND('',#931,.T.);
#642=FACE_OUTER_BOUND('',#932,.T.);
#643=FACE_OUTER_BOUND('',#934,.T.);
#644=FACE_OUTER_BOUND('',#935,.T.);
#645=FACE_OUTER_BOUND('',#937,.T.);
#646=FACE_OUTER_BOUND('',#939,.T.);
#647=FACE_OUTER_BOUND('',#940,.T.);
#648=FACE_OUTER_BOUND('',#941,.T.);
#649=FACE_OUTER_BOUND('',#942,.T.);
#650=FACE_OUTER_BOUND('',#943,.T.);
#651=FACE_OUTER_BOUND('',#944,.T.);
#652=FACE_OUTER_BOUND('',#945,.T.);
#653=FACE_OUTER_BOUND('',#947,.T.);
#654=FACE_OUTER_BOUND('',#948,.T.);
#655=FACE_OUTER_BOUND('',#949,.T.);
#656=FACE_OUTER_BOUND('',#950,.T.);
#657=FACE_OUTER_BOUND('',#951,.T.);
#658=FACE_OUTER_BOUND('',#953,.T.);
#659=FACE_OUTER_BOUND('',#954,.T.);
#660=FACE_OUTER_BOUND('',#955,.T.);
#661=FACE_OUTER_BOUND('',#957,.T.);
#662=FACE_OUTER_BOUND('',#959,.T.);
#663=FACE_OUTER_BOUND('',#960,.T.);
#664=FACE_OUTER_BOUND('',#962,.T.);
#665=FACE_OUTER_BOUND('',#964,.T.);
#666=FACE_OUTER_BOUND('',#965,.T.);
#667=FACE_OUTER_BOUND('',#966,.T.);
#668=FACE_OUTER_BOUND('',#967,.T.);
#669=FACE_OUTER_BOUND('',#968,.T.);
#670=FACE_OUTER_BOUND('',#969,.T.);
#671=FACE_OUTER_BOUND('',#970,.T.);
#672=FACE_OUTER_BOUND('',#971,.T.);
#673=FACE_OUTER_BOUND('',#972,.T.);
#674=FACE_OUTER_BOUND('',#973,.T.);
#675=FACE_OUTER_BOUND('',#974,.T.);
#676=FACE_OUTER_BOUND('',#975,.T.);
#677=EDGE_LOOP('',(#3018,#3019,#3020,#3021));
#678=EDGE_LOOP('',(#3022,#3023,#3024,#3025));
#679=EDGE_LOOP('',(#3026,#3027,#3028,#3029));
#680=EDGE_LOOP('',(#3030,#3031,#3032,#3033,#3034));
#681=EDGE_LOOP('',(#3035,#3036,#3037,#3038));
#682=EDGE_LOOP('',(#3039,#3040,#3041,#3042));
#683=EDGE_LOOP('',(#3043,#3044,#3045,#3046));
#684=EDGE_LOOP('',(#3047,#3048,#3049,#3050));
#685=EDGE_LOOP('',(#3051));
#686=EDGE_LOOP('',(#3052,#3053,#3054,#3055,#3056));
#687=EDGE_LOOP('',(#3057,#3058,#3059,#3060));
#688=EDGE_LOOP('',(#3061,#3062,#3063,#3064));
#689=EDGE_LOOP('',(#3065,#3066,#3067,#3068,#3069,#3070,#3071,#3072,#3073,
#3074,#3075,#3076,#3077));
#690=EDGE_LOOP('',(#3078,#3079,#3080,#3081));
#691=EDGE_LOOP('',(#3082,#3083,#3084,#3085));
#692=EDGE_LOOP('',(#3086,#3087,#3088,#3089));
#693=EDGE_LOOP('',(#3090,#3091,#3092,#3093));
#694=EDGE_LOOP('',(#3094,#3095,#3096,#3097,#3098,#3099));
#695=EDGE_LOOP('',(#3100,#3101,#3102,#3103,#3104,#3105,#3106,#3107,#3108,
#3109,#3110));
#696=EDGE_LOOP('',(#3111,#3112,#3113,#3114));
#697=EDGE_LOOP('',(#3115,#3116,#3117,#3118));
#698=EDGE_LOOP('',(#3119,#3120,#3121,#3122));
#699=EDGE_LOOP('',(#3123,#3124,#3125,#3126,#3127));
#700=EDGE_LOOP('',(#3128,#3129,#3130,#3131,#3132,#3133));
#701=EDGE_LOOP('',(#3134,#3135,#3136,#3137,#3138));
#702=EDGE_LOOP('',(#3139,#3140,#3141,#3142));
#703=EDGE_LOOP('',(#3143));
#704=EDGE_LOOP('',(#3144,#3145,#3146,#3147,#3148,#3149));
#705=EDGE_LOOP('',(#3150,#3151,#3152));
#706=EDGE_LOOP('',(#3153,#3154,#3155,#3156,#3157));
#707=EDGE_LOOP('',(#3158,#3159,#3160,#3161));
#708=EDGE_LOOP('',(#3162));
#709=EDGE_LOOP('',(#3163,#3164,#3165,#3166,#3167,#3168,#3169,#3170));
#710=EDGE_LOOP('',(#3171,#3172,#3173,#3174));
#711=EDGE_LOOP('',(#3175,#3176,#3177,#3178));
#712=EDGE_LOOP('',(#3179,#3180,#3181,#3182));
#713=EDGE_LOOP('',(#3183,#3184,#3185,#3186,#3187,#3188,#3189,#3190));
#714=EDGE_LOOP('',(#3191,#3192,#3193,#3194,#3195,#3196,#3197,#3198));
#715=EDGE_LOOP('',(#3199,#3200,#3201,#3202));
#716=EDGE_LOOP('',(#3203,#3204,#3205,#3206,#3207,#3208,#3209,#3210));
#717=EDGE_LOOP('',(#3211,#3212,#3213,#3214));
#718=EDGE_LOOP('',(#3215,#3216,#3217,#3218));
#719=EDGE_LOOP('',(#3219,#3220,#3221,#3222));
#720=EDGE_LOOP('',(#3223,#3224,#3225,#3226));
#721=EDGE_LOOP('',(#3227,#3228,#3229,#3230));
#722=EDGE_LOOP('',(#3231,#3232,#3233,#3234,#3235,#3236,#3237,#3238));
#723=EDGE_LOOP('',(#3239,#3240,#3241,#3242,#3243,#3244,#3245,#3246));
#724=EDGE_LOOP('',(#3247,#3248,#3249,#3250));
#725=EDGE_LOOP('',(#3251,#3252,#3253,#3254,#3255,#3256));
#726=EDGE_LOOP('',(#3257,#3258,#3259,#3260));
#727=EDGE_LOOP('',(#3261,#3262,#3263,#3264,#3265,#3266,#3267,#3268));
#728=EDGE_LOOP('',(#3269,#3270,#3271,#3272));
#729=EDGE_LOOP('',(#3273,#3274,#3275,#3276));
#730=EDGE_LOOP('',(#3277,#3278,#3279,#3280));
#731=EDGE_LOOP('',(#3281,#3282,#3283));
#732=EDGE_LOOP('',(#3284,#3285,#3286,#3287));
#733=EDGE_LOOP('',(#3288,#3289,#3290,#3291));
#734=EDGE_LOOP('',(#3292,#3293,#3294));
#735=EDGE_LOOP('',(#3295,#3296,#3297,#3298));
#736=EDGE_LOOP('',(#3299,#3300,#3301,#3302));
#737=EDGE_LOOP('',(#3303,#3304,#3305,#3306));
#738=EDGE_LOOP('',(#3307,#3308,#3309,#3310));
#739=EDGE_LOOP('',(#3311,#3312,#3313,#3314));
#740=EDGE_LOOP('',(#3315,#3316,#3317,#3318,#3319,#3320,#3321));
#741=EDGE_LOOP('',(#3322,#3323,#3324,#3325,#3326));
#742=EDGE_LOOP('',(#3327,#3328,#3329,#3330,#3331,#3332));
#743=EDGE_LOOP('',(#3333,#3334,#3335,#3336));
#744=EDGE_LOOP('',(#3337,#3338,#3339,#3340));
#745=EDGE_LOOP('',(#3341,#3342,#3343,#3344));
#746=EDGE_LOOP('',(#3345,#3346,#3347,#3348));
#747=EDGE_LOOP('',(#3349,#3350,#3351,#3352,#3353,#3354,#3355,#3356));
#748=EDGE_LOOP('',(#3357,#3358,#3359,#3360));
#749=EDGE_LOOP('',(#3361,#3362,#3363,#3364,#3365,#3366,#3367,#3368,#3369));
#750=EDGE_LOOP('',(#3370,#3371,#3372,#3373,#3374,#3375,#3376,#3377));
#751=EDGE_LOOP('',(#3378,#3379,#3380,#3381));
#752=EDGE_LOOP('',(#3382,#3383,#3384,#3385));
#753=EDGE_LOOP('',(#3386,#3387,#3388,#3389,#3390,#3391,#3392,#3393));
#754=EDGE_LOOP('',(#3394,#3395,#3396,#3397,#3398,#3399,#3400,#3401));
#755=EDGE_LOOP('',(#3402,#3403,#3404,#3405));
#756=EDGE_LOOP('',(#3406,#3407,#3408,#3409));
#757=EDGE_LOOP('',(#3410,#3411,#3412,#3413,#3414,#3415,#3416,#3417,#3418));
#758=EDGE_LOOP('',(#3419,#3420,#3421,#3422,#3423,#3424,#3425,#3426,#3427,
#3428,#3429,#3430,#3431,#3432,#3433));
#759=EDGE_LOOP('',(#3434,#3435,#3436,#3437,#3438,#3439));
#760=EDGE_LOOP('',(#3440,#3441,#3442,#3443,#3444));
#761=EDGE_LOOP('',(#3445,#3446,#3447,#3448,#3449,#3450,#3451,#3452));
#762=EDGE_LOOP('',(#3453,#3454,#3455,#3456,#3457,#3458));
#763=EDGE_LOOP('',(#3459));
#764=EDGE_LOOP('',(#3460,#3461,#3462,#3463,#3464));
#765=EDGE_LOOP('',(#3465,#3466,#3467,#3468,#3469,#3470));
#766=EDGE_LOOP('',(#3471,#3472,#3473,#3474,#3475,#3476,#3477,#3478,#3479,
#3480,#3481,#3482,#3483));
#767=EDGE_LOOP('',(#3484,#3485,#3486,#3487,#3488));
#768=EDGE_LOOP('',(#3489,#3490,#3491,#3492,#3493,#3494));
#769=EDGE_LOOP('',(#3495,#3496,#3497,#3498,#3499));
#770=EDGE_LOOP('',(#3500,#3501,#3502,#3503,#3504,#3505));
#771=EDGE_LOOP('',(#3506,#3507,#3508,#3509,#3510,#3511));
#772=EDGE_LOOP('',(#3512,#3513,#3514,#3515));
#773=EDGE_LOOP('',(#3516,#3517,#3518,#3519));
#774=EDGE_LOOP('',(#3520,#3521,#3522,#3523,#3524,#3525));
#775=EDGE_LOOP('',(#3526,#3527,#3528,#3529));
#776=EDGE_LOOP('',(#3530,#3531,#3532,#3533));
#777=EDGE_LOOP('',(#3534,#3535,#3536,#3537));
#778=EDGE_LOOP('',(#3538,#3539,#3540,#3541,#3542,#3543));
#779=EDGE_LOOP('',(#3544,#3545,#3546,#3547,#3548));
#780=EDGE_LOOP('',(#3549,#3550,#3551,#3552,#3553));
#781=EDGE_LOOP('',(#3554,#3555,#3556,#3557));
#782=EDGE_LOOP('',(#3558));
#783=EDGE_LOOP('',(#3559));
#784=EDGE_LOOP('',(#3560,#3561,#3562,#3563));
#785=EDGE_LOOP('',(#3564,#3565,#3566,#3567));
#786=EDGE_LOOP('',(#3568,#3569,#3570,#3571,#3572));
#787=EDGE_LOOP('',(#3573,#3574,#3575,#3576,#3577));
#788=EDGE_LOOP('',(#3578,#3579,#3580,#3581,#3582,#3583));
#789=EDGE_LOOP('',(#3584));
#790=EDGE_LOOP('',(#3585,#3586,#3587,#3588));
#791=EDGE_LOOP('',(#3589,#3590,#3591));
#792=EDGE_LOOP('',(#3592,#3593,#3594,#3595));
#793=EDGE_LOOP('',(#3596,#3597,#3598,#3599));
#794=EDGE_LOOP('',(#3600,#3601,#3602,#3603));
#795=EDGE_LOOP('',(#3604,#3605,#3606,#3607,#3608));
#796=EDGE_LOOP('',(#3609,#3610,#3611,#3612,#3613,#3614,#3615,#3616));
#797=EDGE_LOOP('',(#3617,#3618,#3619,#3620,#3621,#3622));
#798=EDGE_LOOP('',(#3623));
#799=EDGE_LOOP('',(#3624,#3625,#3626,#3627,#3628));
#800=EDGE_LOOP('',(#3629,#3630,#3631));
#801=EDGE_LOOP('',(#3632,#3633,#3634));
#802=EDGE_LOOP('',(#3635,#3636,#3637,#3638));
#803=EDGE_LOOP('',(#3639,#3640,#3641,#3642,#3643,#3644));
#804=EDGE_LOOP('',(#3645,#3646,#3647,#3648));
#805=EDGE_LOOP('',(#3649,#3650,#3651,#3652,#3653));
#806=EDGE_LOOP('',(#3654,#3655,#3656,#3657));
#807=EDGE_LOOP('',(#3658,#3659,#3660,#3661));
#808=EDGE_LOOP('',(#3662,#3663,#3664));
#809=EDGE_LOOP('',(#3665,#3666,#3667,#3668,#3669));
#810=EDGE_LOOP('',(#3670));
#811=EDGE_LOOP('',(#3671,#3672,#3673,#3674));
#812=EDGE_LOOP('',(#3675));
#813=EDGE_LOOP('',(#3676,#3677,#3678,#3679));
#814=EDGE_LOOP('',(#3680,#3681,#3682,#3683,#3684,#3685));
#815=EDGE_LOOP('',(#3686,#3687,#3688,#3689));
#816=EDGE_LOOP('',(#3690,#3691,#3692,#3693,#3694,#3695));
#817=EDGE_LOOP('',(#3696,#3697,#3698,#3699));
#818=EDGE_LOOP('',(#3700,#3701,#3702,#3703));
#819=EDGE_LOOP('',(#3704,#3705,#3706,#3707));
#820=EDGE_LOOP('',(#3708,#3709,#3710,#3711));
#821=EDGE_LOOP('',(#3712,#3713,#3714,#3715,#3716));
#822=EDGE_LOOP('',(#3717,#3718,#3719,#3720,#3721));
#823=EDGE_LOOP('',(#3722));
#824=EDGE_LOOP('',(#3723));
#825=EDGE_LOOP('',(#3724,#3725,#3726,#3727));
#826=EDGE_LOOP('',(#3728,#3729,#3730,#3731));
#827=EDGE_LOOP('',(#3732,#3733,#3734,#3735,#3736));
#828=EDGE_LOOP('',(#3737,#3738,#3739,#3740,#3741));
#829=EDGE_LOOP('',(#3742,#3743,#3744,#3745,#3746,#3747));
#830=EDGE_LOOP('',(#3748));
#831=EDGE_LOOP('',(#3749,#3750,#3751,#3752));
#832=EDGE_LOOP('',(#3753,#3754,#3755,#3756,#3757));
#833=EDGE_LOOP('',(#3758,#3759,#3760,#3761));
#834=EDGE_LOOP('',(#3762,#3763,#3764,#3765));
#835=EDGE_LOOP('',(#3766,#3767,#3768,#3769));
#836=EDGE_LOOP('',(#3770,#3771,#3772,#3773));
#837=EDGE_LOOP('',(#3774,#3775,#3776,#3777));
#838=EDGE_LOOP('',(#3778,#3779,#3780,#3781));
#839=EDGE_LOOP('',(#3782,#3783,#3784,#3785));
#840=EDGE_LOOP('',(#3786,#3787,#3788,#3789));
#841=EDGE_LOOP('',(#3790,#3791,#3792,#3793));
#842=EDGE_LOOP('',(#3794,#3795,#3796,#3797));
#843=EDGE_LOOP('',(#3798,#3799,#3800,#3801));
#844=EDGE_LOOP('',(#3802,#3803,#3804,#3805));
#845=EDGE_LOOP('',(#3806,#3807,#3808,#3809));
#846=EDGE_LOOP('',(#3810,#3811,#3812,#3813));
#847=EDGE_LOOP('',(#3814,#3815,#3816,#3817));
#848=EDGE_LOOP('',(#3818,#3819,#3820,#3821));
#849=EDGE_LOOP('',(#3822,#3823,#3824,#3825));
#850=EDGE_LOOP('',(#3826,#3827,#3828,#3829));
#851=EDGE_LOOP('',(#3830,#3831,#3832,#3833));
#852=EDGE_LOOP('',(#3834,#3835,#3836,#3837));
#853=EDGE_LOOP('',(#3838,#3839,#3840,#3841));
#854=EDGE_LOOP('',(#3842,#3843,#3844,#3845));
#855=EDGE_LOOP('',(#3846,#3847,#3848,#3849));
#856=EDGE_LOOP('',(#3850,#3851,#3852,#3853));
#857=EDGE_LOOP('',(#3854,#3855,#3856,#3857));
#858=EDGE_LOOP('',(#3858,#3859,#3860,#3861));
#859=EDGE_LOOP('',(#3862,#3863,#3864,#3865));
#860=EDGE_LOOP('',(#3866,#3867,#3868,#3869));
#861=EDGE_LOOP('',(#3870,#3871,#3872,#3873));
#862=EDGE_LOOP('',(#3874,#3875,#3876,#3877));
#863=EDGE_LOOP('',(#3878,#3879,#3880,#3881));
#864=EDGE_LOOP('',(#3882,#3883,#3884,#3885));
#865=EDGE_LOOP('',(#3886,#3887,#3888,#3889));
#866=EDGE_LOOP('',(#3890,#3891,#3892,#3893));
#867=EDGE_LOOP('',(#3894,#3895,#3896,#3897));
#868=EDGE_LOOP('',(#3898,#3899,#3900,#3901));
#869=EDGE_LOOP('',(#3902,#3903,#3904,#3905));
#870=EDGE_LOOP('',(#3906,#3907,#3908,#3909));
#871=EDGE_LOOP('',(#3910,#3911,#3912,#3913));
#872=EDGE_LOOP('',(#3914,#3915,#3916,#3917));
#873=EDGE_LOOP('',(#3918,#3919,#3920,#3921));
#874=EDGE_LOOP('',(#3922,#3923,#3924,#3925));
#875=EDGE_LOOP('',(#3926,#3927,#3928,#3929));
#876=EDGE_LOOP('',(#3930,#3931,#3932,#3933));
#877=EDGE_LOOP('',(#3934,#3935,#3936,#3937));
#878=EDGE_LOOP('',(#3938,#3939,#3940,#3941));
#879=EDGE_LOOP('',(#3942,#3943,#3944,#3945));
#880=EDGE_LOOP('',(#3946,#3947,#3948,#3949));
#881=EDGE_LOOP('',(#3950,#3951,#3952,#3953));
#882=EDGE_LOOP('',(#3954,#3955,#3956,#3957));
#883=EDGE_LOOP('',(#3958,#3959,#3960,#3961));
#884=EDGE_LOOP('',(#3962,#3963,#3964,#3965));
#885=EDGE_LOOP('',(#3966,#3967,#3968,#3969,#3970,#3971,#3972,#3973,#3974,
#3975,#3976,#3977,#3978,#3979,#3980,#3981,#3982,#3983,#3984,#3985,#3986,
#3987,#3988,#3989,#3990,#3991,#3992,#3993,#3994,#3995,#3996,#3997,#3998,
#3999,#4000,#4001,#4002,#4003,#4004,#4005,#4006,#4007,#4008,#4009,#4010,
#4011,#4012,#4013,#4014,#4015,#4016,#4017));
#886=EDGE_LOOP('',(#4018,#4019,#4020,#4021));
#887=EDGE_LOOP('',(#4022,#4023,#4024,#4025));
#888=EDGE_LOOP('',(#4026,#4027,#4028,#4029));
#889=EDGE_LOOP('',(#4030,#4031,#4032,#4033));
#890=EDGE_LOOP('',(#4034,#4035,#4036,#4037));
#891=EDGE_LOOP('',(#4038,#4039,#4040,#4041,#4042,#4043,#4044,#4045));
#892=EDGE_LOOP('',(#4046,#4047,#4048,#4049,#4050,#4051));
#893=EDGE_LOOP('',(#4052,#4053,#4054,#4055));
#894=EDGE_LOOP('',(#4056,#4057,#4058,#4059,#4060,#4061,#4062,#4063));
#895=EDGE_LOOP('',(#4064,#4065,#4066,#4067,#4068,#4069,#4070,#4071));
#896=EDGE_LOOP('',(#4072,#4073,#4074,#4075));
#897=EDGE_LOOP('',(#4076,#4077,#4078,#4079));
#898=EDGE_LOOP('',(#4080,#4081,#4082,#4083,#4084,#4085,#4086,#4087));
#899=EDGE_LOOP('',(#4088,#4089,#4090));
#900=EDGE_LOOP('',(#4091,#4092,#4093,#4094));
#901=EDGE_LOOP('',(#4095,#4096,#4097,#4098));
#902=EDGE_LOOP('',(#4099,#4100,#4101,#4102));
#903=EDGE_LOOP('',(#4103,#4104,#4105,#4106));
#904=EDGE_LOOP('',(#4107,#4108,#4109,#4110));
#905=EDGE_LOOP('',(#4111,#4112,#4113,#4114));
#906=EDGE_LOOP('',(#4115,#4116,#4117,#4118,#4119,#4120));
#907=EDGE_LOOP('',(#4121));
#908=EDGE_LOOP('',(#4122,#4123,#4124,#4125));
#909=EDGE_LOOP('',(#4126));
#910=EDGE_LOOP('',(#4127,#4128,#4129,#4130));
#911=EDGE_LOOP('',(#4131,#4132,#4133,#4134,#4135,#4136,#4137));
#912=EDGE_LOOP('',(#4138));
#913=EDGE_LOOP('',(#4139));
#914=EDGE_LOOP('',(#4140));
#915=EDGE_LOOP('',(#4141,#4142,#4143,#4144));
#916=EDGE_LOOP('',(#4145,#4146,#4147,#4148));
#917=EDGE_LOOP('',(#4149,#4150,#4151,#4152,#4153,#4154,#4155,#4156,#4157,
#4158,#4159,#4160,#4161,#4162,#4163,#4164,#4165,#4166,#4167,#4168,#4169,
#4170,#4171,#4172,#4173,#4174,#4175,#4176,#4177,#4178,#4179,#4180,#4181,
#4182,#4183,#4184,#4185,#4186,#4187,#4188,#4189,#4190,#4191,#4192,#4193,
#4194,#4195,#4196,#4197,#4198,#4199,#4200));
#918=EDGE_LOOP('',(#4201));
#919=EDGE_LOOP('',(#4202));
#920=EDGE_LOOP('',(#4203,#4204,#4205,#4206));
#921=EDGE_LOOP('',(#4207,#4208,#4209,#4210));
#922=EDGE_LOOP('',(#4211,#4212,#4213,#4214));
#923=EDGE_LOOP('',(#4215,#4216,#4217,#4218));
#924=EDGE_LOOP('',(#4219,#4220,#4221,#4222));
#925=EDGE_LOOP('',(#4223,#4224,#4225,#4226));
#926=EDGE_LOOP('',(#4227,#4228,#4229,#4230,#4231));
#927=EDGE_LOOP('',(#4232,#4233,#4234,#4235));
#928=EDGE_LOOP('',(#4236,#4237,#4238,#4239,#4240));
#929=EDGE_LOOP('',(#4241,#4242,#4243,#4244));
#930=EDGE_LOOP('',(#4245,#4246,#4247,#4248,#4249));
#931=EDGE_LOOP('',(#4250));
#932=EDGE_LOOP('',(#4251,#4252,#4253,#4254));
#933=EDGE_LOOP('',(#4255));
#934=EDGE_LOOP('',(#4256,#4257,#4258,#4259));
#935=EDGE_LOOP('',(#4260,#4261,#4262,#4263,#4264,#4265));
#936=EDGE_LOOP('',(#4266));
#937=EDGE_LOOP('',(#4267,#4268,#4269,#4270,#4271,#4272));
#938=EDGE_LOOP('',(#4273));
#939=EDGE_LOOP('',(#4274,#4275,#4276,#4277));
#940=EDGE_LOOP('',(#4278,#4279,#4280,#4281));
#941=EDGE_LOOP('',(#4282,#4283,#4284,#4285));
#942=EDGE_LOOP('',(#4286,#4287,#4288));
#943=EDGE_LOOP('',(#4289,#4290,#4291,#4292));
#944=EDGE_LOOP('',(#4293,#4294,#4295,#4296));
#945=EDGE_LOOP('',(#4297,#4298,#4299,#4300));
#946=EDGE_LOOP('',(#4301,#4302,#4303,#4304));
#947=EDGE_LOOP('',(#4305));
#948=EDGE_LOOP('',(#4306,#4307,#4308,#4309));
#949=EDGE_LOOP('',(#4310));
#950=EDGE_LOOP('',(#4311,#4312,#4313,#4314));
#951=EDGE_LOOP('',(#4315));
#952=EDGE_LOOP('',(#4316));
#953=EDGE_LOOP('',(#4317));
#954=EDGE_LOOP('',(#4318));
#955=EDGE_LOOP('',(#4319,#4320,#4321,#4322));
#956=EDGE_LOOP('',(#4323));
#957=EDGE_LOOP('',(#4324,#4325,#4326,#4327));
#958=EDGE_LOOP('',(#4328));
#959=EDGE_LOOP('',(#4329,#4330,#4331,#4332));
#960=EDGE_LOOP('',(#4333,#4334,#4335,#4336));
#961=EDGE_LOOP('',(#4337));
#962=EDGE_LOOP('',(#4338,#4339,#4340,#4341));
#963=EDGE_LOOP('',(#4342));
#964=EDGE_LOOP('',(#4343,#4344,#4345,#4346));
#965=EDGE_LOOP('',(#4347,#4348,#4349,#4350));
#966=EDGE_LOOP('',(#4351,#4352,#4353,#4354));
#967=EDGE_LOOP('',(#4355,#4356,#4357));
#968=EDGE_LOOP('',(#4358,#4359,#4360,#4361));
#969=EDGE_LOOP('',(#4362,#4363,#4364,#4365));
#970=EDGE_LOOP('',(#4366,#4367,#4368,#4369));
#971=EDGE_LOOP('',(#4370));
#972=EDGE_LOOP('',(#4371,#4372,#4373,#4374));
#973=EDGE_LOOP('',(#4375));
#974=EDGE_LOOP('',(#4376,#4377,#4378,#4379));
#975=EDGE_LOOP('',(#4380,#4381,#4382,#4383,#4384,#4385,#4386));
#976=EDGE_LOOP('',(#4387));
#977=EDGE_LOOP('',(#4388));
#978=EDGE_LOOP('',(#4389));
#979=CIRCLE('',#4714,6.1);
#980=CIRCLE('',#4715,6.1);
#981=CIRCLE('',#4718,6.5);
#982=CIRCLE('',#4719,15.);
#983=CIRCLE('',#4720,1.55);
#984=CIRCLE('',#4721,1.55);
#985=CIRCLE('',#4722,1.54999999999999);
#986=CIRCLE('',#4723,1.55000000000001);
#987=CIRCLE('',#4724,1.55);
#988=CIRCLE('',#4725,1.55);
#989=CIRCLE('',#4726,1.55);
#990=CIRCLE('',#4727,1.55);
#991=CIRCLE('',#4728,11.1);
#992=CIRCLE('',#4729,15.);
#993=CIRCLE('',#4730,6.1);
#994=CIRCLE('',#4731,6.1);
#995=CIRCLE('',#4732,9.91710548795646);
#996=CIRCLE('',#4733,9.91710548795646);
#997=CIRCLE('',#4734,9.91710548795646);
#998=CIRCLE('',#4735,9.91710548795646);
#999=CIRCLE('',#4742,9.91710548795646);
#1000=CIRCLE('',#4743,9.91710548795646);
#1001=CIRCLE('',#4744,9.91710548795646);
#1002=CIRCLE('',#4745,9.91710548795646);
#1003=CIRCLE('',#4746,2.98866343026644);
#1004=CIRCLE('',#4747,2.98866343026644);
#1005=CIRCLE('',#4751,14.9981445636297);
#1006=CIRCLE('',#4754,15.);
#1007=CIRCLE('',#4756,2.75);
#1008=CIRCLE('',#4758,1.65);
#1009=CIRCLE('',#4760,6.09999999999999);
#1010=CIRCLE('',#4761,15.);
#1011=CIRCLE('',#4765,1.65);
#1012=CIRCLE('',#4767,6.1);
#1013=CIRCLE('',#4768,6.1);
#1014=CIRCLE('',#4769,6.1);
#1015=CIRCLE('',#4771,2.8);
#1016=CIRCLE('',#4772,2.8);
#1017=CIRCLE('',#4774,1.55);
#1018=CIRCLE('',#4775,2.8);
#1019=CIRCLE('',#4777,2.8);
#1020=CIRCLE('',#4778,1.55);
#1021=CIRCLE('',#4780,2.8);
#1022=CIRCLE('',#4781,2.8);
#1023=CIRCLE('',#4783,2.8);
#1024=CIRCLE('',#4784,2.8);
#1025=CIRCLE('',#4786,2.8);
#1026=CIRCLE('',#4787,2.79999999999999);
#1027=CIRCLE('',#4789,2.8);
#1028=CIRCLE('',#4790,2.8);
#1029=CIRCLE('',#4791,2.8);
#1030=CIRCLE('',#4793,2.79999999999999);
#1031=CIRCLE('',#4794,1.54999999999999);
#1032=CIRCLE('',#4796,1.55000000000001);
#1033=CIRCLE('',#4798,2.8);
#1034=CIRCLE('',#4799,2.8);
#1035=CIRCLE('',#4801,1.55);
#1036=CIRCLE('',#4802,2.8);
#1037=CIRCLE('',#4804,2.8);
#1038=CIRCLE('',#4805,1.55);
#1039=CIRCLE('',#4807,2.8);
#1040=CIRCLE('',#4808,2.8);
#1041=CIRCLE('',#4810,2.8);
#1042=CIRCLE('',#4811,2.8);
#1043=CIRCLE('',#4813,2.8);
#1044=CIRCLE('',#4814,2.8);
#1045=CIRCLE('',#4816,1.55);
#1046=CIRCLE('',#4817,2.8);
#1047=CIRCLE('',#4819,2.8);
#1048=CIRCLE('',#4820,1.55);
#1049=CIRCLE('',#4822,2.8);
#1050=CIRCLE('',#4823,2.8);
#1051=CIRCLE('',#4828,2.79999999999999);
#1052=CIRCLE('',#4830,2.8);
#1053=CIRCLE('',#4834,2.79999999999999);
#1054=CIRCLE('',#4837,2.5);
#1055=CIRCLE('',#4840,2.8);
#1056=CIRCLE('',#4841,2.8);
#1057=CIRCLE('',#4843,2.8);
#1058=CIRCLE('',#4846,2.5);
#1059=CIRCLE('',#4847,2.5);
#1060=CIRCLE('',#4853,2.79999999999999);
#1061=CIRCLE('',#4856,2.8);
#1062=CIRCLE('',#4865,2.5);
#1063=CIRCLE('',#4867,2.5);
#1064=CIRCLE('',#4868,2.5);
#1065=CIRCLE('',#4869,2.5);
#1066=CIRCLE('',#4871,51.5146347074963);
#1067=CIRCLE('',#4872,14.6);
#1068=CIRCLE('',#4873,51.5146347068557);
#1069=CIRCLE('',#4874,15.);
#1070=CIRCLE('',#4878,15.);
#1071=CIRCLE('',#4881,15.);
#1072=CIRCLE('',#4884,26.2799313148192);
#1073=CIRCLE('',#4885,6.49999999999999);
#1074=CIRCLE('',#4886,26.2799313147583);
#1075=CIRCLE('',#4887,6.1);
#1076=CIRCLE('',#4890,6.09999999999999);
#1077=CIRCLE('',#4891,6.1);
#1078=CIRCLE('',#4899,14.7);
#1079=CIRCLE('',#4900,59.7408849110278);
#1080=CIRCLE('',#4902,14.7);
#1081=CIRCLE('',#4907,1.65);
#1082=CIRCLE('',#4913,1.65);
#1083=CIRCLE('',#4920,15.);
#1084=CIRCLE('',#4921,15.);
#1085=CIRCLE('',#4923,15.);
#1086=CIRCLE('',#4924,15.);
#1087=CIRCLE('',#4927,2.75);
#1088=CIRCLE('',#4931,14.6);
#1089=CIRCLE('',#4936,6.5);
#1090=CIRCLE('',#4942,1.65);
#1091=CIRCLE('',#4944,1.65);
#1092=CIRCLE('',#4947,27.1482963325082);
#1093=CIRCLE('',#4948,14.6);
#1094=CIRCLE('',#4949,59.693159707907);
#1095=CIRCLE('',#4951,14.6);
#1096=CIRCLE('',#4952,27.148296333594);
#1097=CIRCLE('',#4957,1.65);
#1098=CIRCLE('',#4963,1.65);
#1099=CIRCLE('',#4968,2.98866343026644);
#1100=CIRCLE('',#4971,2.98866343026644);
#1101=CIRCLE('',#4990,2.7);
#1102=CIRCLE('',#4992,9.);
#1103=CIRCLE('',#4993,9.);
#1104=CIRCLE('',#4997,2.7);
#1105=CIRCLE('',#4998,2.7);
#1106=CIRCLE('',#4999,2.99999999999999);
#1107=CIRCLE('',#5002,2.);
#1108=CIRCLE('',#5003,2.);
#1109=CIRCLE('',#5007,2.);
#1110=CIRCLE('',#5008,2.5);
#1111=CIRCLE('',#5009,2.5);
#1112=CIRCLE('',#5012,2.);
#1113=CIRCLE('',#5015,2.5);
#1114=CIRCLE('',#5018,2.7);
#1115=CIRCLE('',#5021,2.7);
#1116=CIRCLE('',#5023,2.7);
#1117=CIRCLE('',#5026,2.7);
#1118=CIRCLE('',#5029,2.5);
#1119=CIRCLE('',#5031,2.5);
#1120=CIRCLE('',#5036,2.7);
#1121=CIRCLE('',#5039,11.1);
#1122=CIRCLE('',#5044,2.7);
#1123=CIRCLE('',#5046,2.7);
#1124=CIRCLE('',#5049,2.7);
#1125=CIRCLE('',#5051,2.7);
#1126=CIRCLE('',#5054,2.7);
#1127=CIRCLE('',#5056,2.7);
#1128=CIRCLE('',#5058,2.5);
#1129=CIRCLE('',#5060,2.5);
#1130=CIRCLE('',#5061,3.);
#1131=CIRCLE('',#5064,2.7);
#1132=CIRCLE('',#5067,2.7);
#1133=LINE('',#6168,#1508);
#1134=LINE('',#6172,#1509);
#1135=LINE('',#6177,#1510);
#1136=LINE('',#6179,#1511);
#1137=LINE('',#6181,#1512);
#1138=LINE('',#6182,#1513);
#1139=LINE('',#6186,#1514);
#1140=LINE('',#6188,#1515);
#1141=LINE('',#6190,#1516);
#1142=LINE('',#6191,#1517);
#1143=LINE('',#6196,#1518);
#1144=LINE('',#6200,#1519);
#1145=LINE('',#6201,#1520);
#1146=LINE('',#6204,#1521);
#1147=LINE('',#6208,#1522);
#1148=LINE('',#6214,#1523);
#1149=LINE('',#6217,#1524);
#1150=LINE('',#6220,#1525);
#1151=LINE('',#6224,#1526);
#1152=LINE('',#6230,#1527);
#1153=LINE('',#6233,#1528);
#1154=LINE('',#6238,#1529);
#1155=LINE('',#6242,#1530);
#1156=LINE('',#6247,#1531);
#1157=LINE('',#6249,#1532);
#1158=LINE('',#6250,#1533);
#1159=LINE('',#6253,#1534);
#1160=LINE('',#6255,#1535);
#1161=LINE('',#6257,#1536);
#1162=LINE('',#6258,#1537);
#1163=LINE('',#6261,#1538);
#1164=LINE('',#6263,#1539);
#1165=LINE('',#6265,#1540);
#1166=LINE('',#6269,#1541);
#1167=LINE('',#6273,#1542);
#1168=LINE('',#6277,#1543);
#1169=LINE('',#6279,#1544);
#1170=LINE('',#6281,#1545);
#1171=LINE('',#6284,#1546);
#1172=LINE('',#6287,#1547);
#1173=LINE('',#6289,#1548);
#1174=LINE('',#6290,#1549);
#1175=LINE('',#6293,#1550);
#1176=LINE('',#6295,#1551);
#1177=LINE('',#6296,#1552);
#1178=LINE('',#6299,#1553);
#1179=LINE('',#6301,#1554);
#1180=LINE('',#6302,#1555);
#1181=LINE('',#6305,#1556);
#1182=LINE('',#6307,#1557);
#1183=LINE('',#6308,#1558);
#1184=LINE('',#6311,#1559);
#1185=LINE('',#6313,#1560);
#1186=LINE('',#6315,#1561);
#1187=LINE('',#6317,#1562);
#1188=LINE('',#6318,#1563);
#1189=LINE('',#6321,#1564);
#1190=LINE('',#6325,#1565);
#1191=LINE('',#6327,#1566);
#1192=LINE('',#6329,#1567);
#1193=LINE('',#6333,#1568);
#1194=LINE('',#6337,#1569);
#1195=LINE('',#6343,#1570);
#1196=LINE('',#6346,#1571);
#1197=LINE('',#6349,#1572);
#1198=LINE('',#6351,#1573);
#1199=LINE('',#6352,#1574);
#1200=LINE('',#6355,#1575);
#1201=LINE('',#6357,#1576);
#1202=LINE('',#6358,#1577);
#1203=LINE('',#6362,#1578);
#1204=LINE('',#6365,#1579);
#1205=LINE('',#6366,#1580);
#1206=LINE('',#6369,#1581);
#1207=LINE('',#6393,#1582);
#1208=LINE('',#6398,#1583);
#1209=LINE('',#6714,#1584);
#1210=LINE('',#6716,#1585);
#1211=LINE('',#6718,#1586);
#1212=LINE('',#6719,#1587);
#1213=LINE('',#6725,#1588);
#1214=LINE('',#6729,#1589);
#1215=LINE('',#6733,#1590);
#1216=LINE('',#6734,#1591);
#1217=LINE('',#6737,#1592);
#1218=LINE('',#6743,#1593);
#1219=LINE('',#6745,#1594);
#1220=LINE('',#6750,#1595);
#1221=LINE('',#6753,#1596);
#1222=LINE('',#6754,#1597);
#1223=LINE('',#6759,#1598);
#1224=LINE('',#6761,#1599);
#1225=LINE('',#6766,#1600);
#1226=LINE('',#6773,#1601);
#1227=LINE('',#6776,#1602);
#1228=LINE('',#6780,#1603);
#1229=LINE('',#6784,#1604);
#1230=LINE('',#6789,#1605);
#1231=LINE('',#6793,#1606);
#1232=LINE('',#6796,#1607);
#1233=LINE('',#6798,#1608);
#1234=LINE('',#6802,#1609);
#1235=LINE('',#6805,#1610);
#1236=LINE('',#6807,#1611);
#1237=LINE('',#6809,#1612);
#1238=LINE('',#6813,#1613);
#1239=LINE('',#6816,#1614);
#1240=LINE('',#6820,#1615);
#1241=LINE('',#6824,#1616);
#1242=LINE('',#6828,#1617);
#1243=LINE('',#6832,#1618);
#1244=LINE('',#6836,#1619);
#1245=LINE('',#6839,#1620);
#1246=LINE('',#6843,#1621);
#1247=LINE('',#6847,#1622);
#1248=LINE('',#6851,#1623);
#1249=LINE('',#6854,#1624);
#1250=LINE('',#6860,#1625);
#1251=LINE('',#6863,#1626);
#1252=LINE('',#6867,#1627);
#1253=LINE('',#6871,#1628);
#1254=LINE('',#6876,#1629);
#1255=LINE('',#6880,#1630);
#1256=LINE('',#6883,#1631);
#1257=LINE('',#6885,#1632);
#1258=LINE('',#6889,#1633);
#1259=LINE('',#6892,#1634);
#1260=LINE('',#6894,#1635);
#1261=LINE('',#6896,#1636);
#1262=LINE('',#6900,#1637);
#1263=LINE('',#6903,#1638);
#1264=LINE('',#6907,#1639);
#1265=LINE('',#6911,#1640);
#1266=LINE('',#6916,#1641);
#1267=LINE('',#6920,#1642);
#1268=LINE('',#6922,#1643);
#1269=LINE('',#6924,#1644);
#1270=LINE('',#6929,#1645);
#1271=LINE('',#6933,#1646);
#1272=LINE('',#6936,#1647);
#1273=LINE('',#6938,#1648);
#1274=LINE('',#6942,#1649);
#1275=LINE('',#6945,#1650);
#1276=LINE('',#6948,#1651);
#1277=LINE('',#6949,#1652);
#1278=LINE('',#6951,#1653);
#1279=LINE('',#6952,#1654);
#1280=LINE('',#6954,#1655);
#1281=LINE('',#6966,#1656);
#1282=LINE('',#6969,#1657);
#1283=LINE('',#6972,#1658);
#1284=LINE('',#6975,#1659);
#1285=LINE('',#6976,#1660);
#1286=LINE('',#6986,#1661);
#1287=LINE('',#6989,#1662);
#1288=LINE('',#6991,#1663);
#1289=LINE('',#6992,#1664);
#1290=LINE('',#6998,#1665);
#1291=LINE('',#7000,#1666);
#1292=LINE('',#7001,#1667);
#1293=LINE('',#7003,#1668);
#1294=LINE('',#7005,#1669);
#1295=LINE('',#7007,#1670);
#1296=LINE('',#7008,#1671);
#1297=LINE('',#7019,#1672);
#1298=LINE('',#7020,#1673);
#1299=LINE('',#7023,#1674);
#1300=LINE('',#7024,#1675);
#1301=LINE('',#7027,#1676);
#1302=LINE('',#7029,#1677);
#1303=LINE('',#7034,#1678);
#1304=LINE('',#7036,#1679);
#1305=LINE('',#7038,#1680);
#1306=LINE('',#7041,#1681);
#1307=LINE('',#7042,#1682);
#1308=LINE('',#7046,#1683);
#1309=LINE('',#7047,#1684);
#1310=LINE('',#7048,#1685);
#1311=LINE('',#7050,#1686);
#1312=LINE('',#7052,#1687);
#1313=LINE('',#7063,#1688);
#1314=LINE('',#7064,#1689);
#1315=LINE('',#7066,#1690);
#1316=LINE('',#7068,#1691);
#1317=LINE('',#7069,#1692);
#1318=LINE('',#7071,#1693);
#1319=LINE('',#7073,#1694);
#1320=LINE('',#7074,#1695);
#1321=LINE('',#7076,#1696);
#1322=LINE('',#7078,#1697);
#1323=LINE('',#7079,#1698);
#1324=LINE('',#7083,#1699);
#1325=LINE('',#7088,#1700);
#1326=LINE('',#7121,#1701);
#1327=LINE('',#7122,#1702);
#1328=LINE('',#7123,#1703);
#1329=LINE('',#7125,#1704);
#1330=LINE('',#7126,#1705);
#1331=LINE('',#7128,#1706);
#1332=LINE('',#7391,#1707);
#1333=LINE('',#7406,#1708);
#1334=LINE('',#7411,#1709);
#1335=LINE('',#7413,#1710);
#1336=LINE('',#7415,#1711);
#1337=LINE('',#7417,#1712);
#1338=LINE('',#7418,#1713);
#1339=LINE('',#7420,#1714);
#1340=LINE('',#7549,#1715);
#1341=LINE('',#7551,#1716);
#1342=LINE('',#7553,#1717);
#1343=LINE('',#7601,#1718);
#1344=LINE('',#7685,#1719);
#1345=LINE('',#7693,#1720);
#1346=LINE('',#7695,#1721);
#1347=LINE('',#7696,#1722);
#1348=LINE('',#7699,#1723);
#1349=LINE('',#7700,#1724);
#1350=LINE('',#7703,#1725);
#1351=LINE('',#7704,#1726);
#1352=LINE('',#7709,#1727);
#1353=LINE('',#7712,#1728);
#1354=LINE('',#7713,#1729);
#1355=LINE('',#7716,#1730);
#1356=LINE('',#7717,#1731);
#1357=LINE('',#7719,#1732);
#1358=LINE('',#7724,#1733);
#1359=LINE('',#7726,#1734);
#1360=LINE('',#7733,#1735);
#1361=LINE('',#7848,#1736);
#1362=LINE('',#8185,#1737);
#1363=LINE('',#8186,#1738);
#1364=LINE('',#8189,#1739);
#1365=LINE('',#8212,#1740);
#1366=LINE('',#8215,#1741);
#1367=LINE('',#8220,#1742);
#1368=LINE('',#8224,#1743);
#1369=LINE('',#8228,#1744);
#1370=LINE('',#8232,#1745);
#1371=LINE('',#8234,#1746);
#1372=LINE('',#8236,#1747);
#1373=LINE('',#8243,#1748);
#1374=LINE('',#8244,#1749);
#1375=LINE('',#8246,#1750);
#1376=LINE('',#8268,#1751);
#1377=LINE('',#8320,#1752);
#1378=LINE('',#8396,#1753);
#1379=LINE('',#8398,#1754);
#1380=LINE('',#8399,#1755);
#1381=LINE('',#8402,#1756);
#1382=LINE('',#8403,#1757);
#1383=LINE('',#8406,#1758);
#1384=LINE('',#8407,#1759);
#1385=LINE('',#8412,#1760);
#1386=LINE('',#8415,#1761);
#1387=LINE('',#8416,#1762);
#1388=LINE('',#8419,#1763);
#1389=LINE('',#8420,#1764);
#1390=LINE('',#8422,#1765);
#1391=LINE('',#8427,#1766);
#1392=LINE('',#8444,#1767);
#1393=LINE('',#8450,#1768);
#1394=LINE('',#8465,#1769);
#1395=LINE('',#8484,#1770);
#1396=LINE('',#8503,#1771);
#1397=LINE('',#8522,#1772);
#1398=LINE('',#8541,#1773);
#1399=LINE('',#8560,#1774);
#1400=LINE('',#8579,#1775);
#1401=LINE('',#8598,#1776);
#1402=LINE('',#8617,#1777);
#1403=LINE('',#8636,#1778);
#1404=LINE('',#8655,#1779);
#1405=LINE('',#8674,#1780);
#1406=LINE('',#8693,#1781);
#1407=LINE('',#8712,#1782);
#1408=LINE('',#8731,#1783);
#1409=LINE('',#8750,#1784);
#1410=LINE('',#8769,#1785);
#1411=LINE('',#8788,#1786);
#1412=LINE('',#8807,#1787);
#1413=LINE('',#8826,#1788);
#1414=LINE('',#8845,#1789);
#1415=LINE('',#8864,#1790);
#1416=LINE('',#8883,#1791);
#1417=LINE('',#8902,#1792);
#1418=LINE('',#8921,#1793);
#1419=LINE('',#8940,#1794);
#1420=LINE('',#8959,#1795);
#1421=LINE('',#8978,#1796);
#1422=LINE('',#8997,#1797);
#1423=LINE('',#9016,#1798);
#1424=LINE('',#9035,#1799);
#1425=LINE('',#9054,#1800);
#1426=LINE('',#9073,#1801);
#1427=LINE('',#9092,#1802);
#1428=LINE('',#9111,#1803);
#1429=LINE('',#9130,#1804);
#1430=LINE('',#9149,#1805);
#1431=LINE('',#9168,#1806);
#1432=LINE('',#9187,#1807);
#1433=LINE('',#9206,#1808);
#1434=LINE('',#9225,#1809);
#1435=LINE('',#9244,#1810);
#1436=LINE('',#9263,#1811);
#1437=LINE('',#9282,#1812);
#1438=LINE('',#9301,#1813);
#1439=LINE('',#9320,#1814);
#1440=LINE('',#9339,#1815);
#1441=LINE('',#9358,#1816);
#1442=LINE('',#9377,#1817);
#1443=LINE('',#9396,#1818);
#1444=LINE('',#9420,#1819);
#1445=LINE('',#9423,#1820);
#1446=LINE('',#9426,#1821);
#1447=LINE('',#9427,#1822);
#1448=LINE('',#9431,#1823);
#1449=LINE('',#9433,#1824);
#1450=LINE('',#9436,#1825);
#1451=LINE('',#9438,#1826);
#1452=LINE('',#9440,#1827);
#1453=LINE('',#9443,#1828);
#1454=LINE('',#9446,#1829);
#1455=LINE('',#9450,#1830);
#1456=LINE('',#9452,#1831);
#1457=LINE('',#9453,#1832);
#1458=LINE('',#9455,#1833);
#1459=LINE('',#9456,#1834);
#1460=LINE('',#9458,#1835);
#1461=LINE('',#9460,#1836);
#1462=LINE('',#9463,#1837);
#1463=LINE('',#9470,#1838);
#1464=LINE('',#9475,#1839);
#1465=LINE('',#9477,#1840);
#1466=LINE('',#9478,#1841);
#1467=LINE('',#9481,#1842);
#1468=LINE('',#9483,#1843);
#1469=LINE('',#9485,#1844);
#1470=LINE('',#9487,#1845);
#1471=LINE('',#9488,#1846);
#1472=LINE('',#9497,#1847);
#1473=LINE('',#9498,#1848);
#1474=LINE('',#9501,#1849);
#1475=LINE('',#9502,#1850);
#1476=LINE('',#9509,#1851);
#1477=LINE('',#9510,#1852);
#1478=LINE('',#9513,#1853);
#1479=LINE('',#9514,#1854);
#1480=LINE('',#9519,#1855);
#1481=LINE('',#9524,#1856);
#1482=LINE('',#9528,#1857);
#1483=LINE('',#9530,#1858);
#1484=LINE('',#9533,#1859);
#1485=LINE('',#9537,#1860);
#1486=LINE('',#9542,#1861);
#1487=LINE('',#9546,#1862);
#1488=LINE('',#9553,#1863);
#1489=LINE('',#9555,#1864);
#1490=LINE('',#9559,#1865);
#1491=LINE('',#9564,#1866);
#1492=LINE('',#9566,#1867);
#1493=LINE('',#9568,#1868);
#1494=LINE('',#9573,#1869);
#1495=LINE('',#9577,#1870);
#1496=LINE('',#9583,#1871);
#1497=LINE('',#9587,#1872);
#1498=LINE('',#9592,#1873);
#1499=LINE('',#9596,#1874);
#1500=LINE('',#9602,#1875);
#1501=LINE('',#9607,#1876);
#1502=LINE('',#9611,#1877);
#1503=LINE('',#9617,#1878);
#1504=LINE('',#9620,#1879);
#1505=LINE('',#9624,#1880);
#1506=LINE('',#9628,#1881);
#1507=LINE('',#9632,#1882);
#1508=VECTOR('',#5075,6.1);
#1509=VECTOR('',#5078,10.);
#1510=VECTOR('',#5083,10.);
#1511=VECTOR('',#5084,10.);
#1512=VECTOR('',#5085,10.);
#1513=VECTOR('',#5086,10.);
#1514=VECTOR('',#5089,10.);
#1515=VECTOR('',#5090,10.);
#1516=VECTOR('',#5091,10.);
#1517=VECTOR('',#5092,10.);
#1518=VECTOR('',#5095,10.);
#1519=VECTOR('',#5098,10.);
#1520=VECTOR('',#5099,10.);
#1521=VECTOR('',#5100,10.);
#1522=VECTOR('',#5103,10.);
#1523=VECTOR('',#5108,10.);
#1524=VECTOR('',#5111,10.);
#1525=VECTOR('',#5112,10.);
#1526=VECTOR('',#5115,10.);
#1527=VECTOR('',#5120,10.);
#1528=VECTOR('',#5123,10.);
#1529=VECTOR('',#5126,10.);
#1530=VECTOR('',#5129,10.);
#1531=VECTOR('',#5134,10.);
#1532=VECTOR('',#5135,10.);
#1533=VECTOR('',#5136,10.);
#1534=VECTOR('',#5137,10.);
#1535=VECTOR('',#5138,10.);
#1536=VECTOR('',#5139,10.);
#1537=VECTOR('',#5140,10.);
#1538=VECTOR('',#5141,10.);
#1539=VECTOR('',#5142,10.);
#1540=VECTOR('',#5143,10.);
#1541=VECTOR('',#5146,10.);
#1542=VECTOR('',#5149,10.);
#1543=VECTOR('',#5152,10.);
#1544=VECTOR('',#5153,10.);
#1545=VECTOR('',#5154,10.);
#1546=VECTOR('',#5157,10.);
#1547=VECTOR('',#5160,10.);
#1548=VECTOR('',#5161,10.);
#1549=VECTOR('',#5162,10.);
#1550=VECTOR('',#5165,10.);
#1551=VECTOR('',#5166,10.);
#1552=VECTOR('',#5167,10.);
#1553=VECTOR('',#5170,10.);
#1554=VECTOR('',#5171,10.);
#1555=VECTOR('',#5172,10.);
#1556=VECTOR('',#5175,10.);
#1557=VECTOR('',#5176,10.);
#1558=VECTOR('',#5177,10.);
#1559=VECTOR('',#5180,10.);
#1560=VECTOR('',#5181,10.);
#1561=VECTOR('',#5182,10.);
#1562=VECTOR('',#5183,10.);
#1563=VECTOR('',#5184,10.);
#1564=VECTOR('',#5187,10.);
#1565=VECTOR('',#5190,10.);
#1566=VECTOR('',#5191,10.);
#1567=VECTOR('',#5192,10.);
#1568=VECTOR('',#5195,10.);
#1569=VECTOR('',#5198,10.);
#1570=VECTOR('',#5203,10.);
#1571=VECTOR('',#5206,10.);
#1572=VECTOR('',#5209,10.);
#1573=VECTOR('',#5210,10.);
#1574=VECTOR('',#5211,10.);
#1575=VECTOR('',#5214,10.);
#1576=VECTOR('',#5215,10.);
#1577=VECTOR('',#5216,10.);
#1578=VECTOR('',#5219,10.);
#1579=VECTOR('',#5222,10.);
#1580=VECTOR('',#5223,10.);
#1581=VECTOR('',#5226,10.);
#1582=VECTOR('',#5231,10.);
#1583=VECTOR('',#5236,2.75);
#1584=VECTOR('',#5239,10.);
#1585=VECTOR('',#5240,10.);
#1586=VECTOR('',#5241,10.);
#1587=VECTOR('',#5242,10.);
#1588=VECTOR('',#5247,10.);
#1589=VECTOR('',#5250,10.);
#1590=VECTOR('',#5253,10.);
#1591=VECTOR('',#5254,10.);
#1592=VECTOR('',#5257,10.);
#1593=VECTOR('',#5260,10.);
#1594=VECTOR('',#5261,10.);
#1595=VECTOR('',#5262,10.);
#1596=VECTOR('',#5265,10.);
#1597=VECTOR('',#5266,10.);
#1598=VECTOR('',#5271,10.);
#1599=VECTOR('',#5272,6.1);
#1600=VECTOR('',#5277,10.);
#1601=VECTOR('',#5284,10.);
#1602=VECTOR('',#5287,10.);
#1603=VECTOR('',#5290,10.);
#1604=VECTOR('',#5293,10.);
#1605=VECTOR('',#5298,10.);
#1606=VECTOR('',#5301,10.);
#1607=VECTOR('',#5306,10.);
#1608=VECTOR('',#5307,10.);
#1609=VECTOR('',#5310,10.);
#1610=VECTOR('',#5313,10.);
#1611=VECTOR('',#5316,10.);
#1612=VECTOR('',#5317,10.);
#1613=VECTOR('',#5320,10.);
#1614=VECTOR('',#5323,10.);
#1615=VECTOR('',#5326,10.);
#1616=VECTOR('',#5329,10.);
#1617=VECTOR('',#5334,10.);
#1618=VECTOR('',#5337,10.);
#1619=VECTOR('',#5340,10.);
#1620=VECTOR('',#5343,10.);
#1621=VECTOR('',#5346,10.);
#1622=VECTOR('',#5349,10.);
#1623=VECTOR('',#5354,10.);
#1624=VECTOR('',#5357,10.);
#1625=VECTOR('',#5362,10.);
#1626=VECTOR('',#5365,10.);
#1627=VECTOR('',#5368,10.);
#1628=VECTOR('',#5371,10.);
#1629=VECTOR('',#5376,10.);
#1630=VECTOR('',#5379,10.);
#1631=VECTOR('',#5384,10.);
#1632=VECTOR('',#5385,10.);
#1633=VECTOR('',#5388,10.);
#1634=VECTOR('',#5391,10.);
#1635=VECTOR('',#5394,10.);
#1636=VECTOR('',#5395,10.);
#1637=VECTOR('',#5398,10.);
#1638=VECTOR('',#5401,10.);
#1639=VECTOR('',#5404,10.);
#1640=VECTOR('',#5407,10.);
#1641=VECTOR('',#5412,10.);
#1642=VECTOR('',#5415,10.);
#1643=VECTOR('',#5416,10.);
#1644=VECTOR('',#5417,10.);
#1645=VECTOR('',#5422,10.);
#1646=VECTOR('',#5425,10.);
#1647=VECTOR('',#5430,10.);
#1648=VECTOR('',#5431,10.);
#1649=VECTOR('',#5434,10.);
#1650=VECTOR('',#5437,10.);
#1651=VECTOR('',#5440,10.);
#1652=VECTOR('',#5441,10.);
#1653=VECTOR('',#5444,10.);
#1654=VECTOR('',#5445,10.);
#1655=VECTOR('',#5448,10.);
#1656=VECTOR('',#5453,10.);
#1657=VECTOR('',#5456,10.);
#1658=VECTOR('',#5459,10.);
#1659=VECTOR('',#5462,10.);
#1660=VECTOR('',#5463,10.);
#1661=VECTOR('',#5468,10.);
#1662=VECTOR('',#5471,10.);
#1663=VECTOR('',#5474,10.);
#1664=VECTOR('',#5475,10.);
#1665=VECTOR('',#5480,10.);
#1666=VECTOR('',#5481,10.);
#1667=VECTOR('',#5482,10.);
#1668=VECTOR('',#5485,10.);
#1669=VECTOR('',#5486,10.);
#1670=VECTOR('',#5487,10.);
#1671=VECTOR('',#5488,10.);
#1672=VECTOR('',#5499,10.);
#1673=VECTOR('',#5500,10.);
#1674=VECTOR('',#5503,10.);
#1675=VECTOR('',#5504,10.);
#1676=VECTOR('',#5507,10.);
#1677=VECTOR('',#5508,10.);
#1678=VECTOR('',#5515,10.);
#1679=VECTOR('',#5518,10.);
#1680=VECTOR('',#5521,10.);
#1681=VECTOR('',#5524,10.);
#1682=VECTOR('',#5525,10.);
#1683=VECTOR('',#5530,10.);
#1684=VECTOR('',#5531,10.);
#1685=VECTOR('',#5532,10.);
#1686=VECTOR('',#5535,10.);
#1687=VECTOR('',#5538,10.);
#1688=VECTOR('',#5543,10.);
#1689=VECTOR('',#5544,10.);
#1690=VECTOR('',#5547,10.);
#1691=VECTOR('',#5550,10.);
#1692=VECTOR('',#5551,10.);
#1693=VECTOR('',#5554,10.);
#1694=VECTOR('',#5557,10.);
#1695=VECTOR('',#5558,10.);
#1696=VECTOR('',#5561,10.);
#1697=VECTOR('',#5564,10.);
#1698=VECTOR('',#5565,10.);
#1699=VECTOR('',#5570,10.);
#1700=VECTOR('',#5575,2.5);
#1701=VECTOR('',#5592,10.);
#1702=VECTOR('',#5593,10.);
#1703=VECTOR('',#5594,10.);
#1704=VECTOR('',#5597,10.);
#1705=VECTOR('',#5598,10.);
#1706=VECTOR('',#5599,10.);
#1707=VECTOR('',#5612,10.);
#1708=VECTOR('',#5625,10.);
#1709=VECTOR('',#5630,10.);
#1710=VECTOR('',#5631,6.1);
#1711=VECTOR('',#5634,10.);
#1712=VECTOR('',#5637,10.);
#1713=VECTOR('',#5638,9.99999999999999);
#1714=VECTOR('',#5641,10.);
#1715=VECTOR('',#5642,10.);
#1716=VECTOR('',#5645,10.);
#1717=VECTOR('',#5648,10.);
#1718=VECTOR('',#5657,10.);
#1719=VECTOR('',#5662,10.);
#1720=VECTOR('',#5667,10.);
#1721=VECTOR('',#5668,10.);
#1722=VECTOR('',#5669,10.);
#1723=VECTOR('',#5672,10.);
#1724=VECTOR('',#5673,10.);
#1725=VECTOR('',#5676,10.);
#1726=VECTOR('',#5677,10.);
#1727=VECTOR('',#5684,1.65);
#1728=VECTOR('',#5687,10.);
#1729=VECTOR('',#5688,10.);
#1730=VECTOR('',#5691,10.);
#1731=VECTOR('',#5692,10.);
#1732=VECTOR('',#5695,10.);
#1733=VECTOR('',#5702,1.65);
#1734=VECTOR('',#5705,10.);
#1735=VECTOR('',#5712,10.);
#1736=VECTOR('',#5713,10.);
#1737=VECTOR('',#5716,10.);
#1738=VECTOR('',#5717,10.);
#1739=VECTOR('',#5720,10.);
#1740=VECTOR('',#5735,2.75);
#1741=VECTOR('',#5738,10.);
#1742=VECTOR('',#5739,10.);
#1743=VECTOR('',#5742,9.99999999999999);
#1744=VECTOR('',#5743,10.);
#1745=VECTOR('',#5750,10.);
#1746=VECTOR('',#5753,10.);
#1747=VECTOR('',#5754,10.);
#1748=VECTOR('',#5765,10.);
#1749=VECTOR('',#5766,10.);
#1750=VECTOR('',#5769,10.);
#1751=VECTOR('',#5788,10.);
#1752=VECTOR('',#5797,10.);
#1753=VECTOR('',#5800,10.);
#1754=VECTOR('',#5801,10.);
#1755=VECTOR('',#5802,10.);
#1756=VECTOR('',#5805,10.);
#1757=VECTOR('',#5806,10.);
#1758=VECTOR('',#5809,10.);
#1759=VECTOR('',#5810,10.);
#1760=VECTOR('',#5817,1.65);
#1761=VECTOR('',#5820,10.);
#1762=VECTOR('',#5821,10.);
#1763=VECTOR('',#5824,10.);
#1764=VECTOR('',#5825,10.);
#1765=VECTOR('',#5828,10.);
#1766=VECTOR('',#5835,1.65);
#1767=VECTOR('',#5838,10.);
#1768=VECTOR('',#5839,10.);
#1769=VECTOR('',#5840,10.);
#1770=VECTOR('',#5841,10.);
#1771=VECTOR('',#5842,10.);
#1772=VECTOR('',#5843,10.);
#1773=VECTOR('',#5844,10.);
#1774=VECTOR('',#5845,10.);
#1775=VECTOR('',#5846,10.);
#1776=VECTOR('',#5847,10.);
#1777=VECTOR('',#5848,10.);
#1778=VECTOR('',#5849,10.);
#1779=VECTOR('',#5850,10.);
#1780=VECTOR('',#5851,10.);
#1781=VECTOR('',#5852,10.);
#1782=VECTOR('',#5853,10.);
#1783=VECTOR('',#5854,10.);
#1784=VECTOR('',#5855,10.);
#1785=VECTOR('',#5856,10.);
#1786=VECTOR('',#5857,10.);
#1787=VECTOR('',#5858,10.);
#1788=VECTOR('',#5859,10.);
#1789=VECTOR('',#5860,10.);
#1790=VECTOR('',#5861,10.);
#1791=VECTOR('',#5862,10.);
#1792=VECTOR('',#5863,10.);
#1793=VECTOR('',#5864,10.);
#1794=VECTOR('',#5865,10.);
#1795=VECTOR('',#5866,10.);
#1796=VECTOR('',#5867,10.);
#1797=VECTOR('',#5868,10.);
#1798=VECTOR('',#5869,10.);
#1799=VECTOR('',#5870,10.);
#1800=VECTOR('',#5871,10.);
#1801=VECTOR('',#5872,10.);
#1802=VECTOR('',#5873,10.);
#1803=VECTOR('',#5874,10.);
#1804=VECTOR('',#5875,10.);
#1805=VECTOR('',#5876,10.);
#1806=VECTOR('',#5877,10.);
#1807=VECTOR('',#5878,10.);
#1808=VECTOR('',#5879,10.);
#1809=VECTOR('',#5880,10.);
#1810=VECTOR('',#5881,10.);
#1811=VECTOR('',#5882,10.);
#1812=VECTOR('',#5883,10.);
#1813=VECTOR('',#5884,10.);
#1814=VECTOR('',#5885,10.);
#1815=VECTOR('',#5886,10.);
#1816=VECTOR('',#5887,10.);
#1817=VECTOR('',#5888,10.);
#1818=VECTOR('',#5889,10.);
#1819=VECTOR('',#5894,10.);
#1820=VECTOR('',#5897,10.);
#1821=VECTOR('',#5900,10.);
#1822=VECTOR('',#5901,10.);
#1823=VECTOR('',#5906,10.);
#1824=VECTOR('',#5909,10.);
#1825=VECTOR('',#5914,10.);
#1826=VECTOR('',#5917,10.);
#1827=VECTOR('',#5920,10.);
#1828=VECTOR('',#5925,10.);
#1829=VECTOR('',#5930,10.);
#1830=VECTOR('',#5937,10.);
#1831=VECTOR('',#5940,10.);
#1832=VECTOR('',#5941,10.);
#1833=VECTOR('',#5944,10.);
#1834=VECTOR('',#5945,10.);
#1835=VECTOR('',#5948,10.);
#1836=VECTOR('',#5951,10.);
#1837=VECTOR('',#5956,10.);
#1838=VECTOR('',#5963,9.);
#1839=VECTOR('',#5970,10.);
#1840=VECTOR('',#5971,10.);
#1841=VECTOR('',#5972,10.);
#1842=VECTOR('',#5975,10.);
#1843=VECTOR('',#5976,10.);
#1844=VECTOR('',#5977,10.);
#1845=VECTOR('',#5978,10.);
#1846=VECTOR('',#5979,10.);
#1847=VECTOR('',#5988,10.);
#1848=VECTOR('',#5989,10.);
#1849=VECTOR('',#5992,10.);
#1850=VECTOR('',#5993,10.);
#1851=VECTOR('',#6000,10.);
#1852=VECTOR('',#6001,10.);
#1853=VECTOR('',#6004,10.);
#1854=VECTOR('',#6005,10.);
#1855=VECTOR('',#6010,2.25);
#1856=VECTOR('',#6017,2.);
#1857=VECTOR('',#6022,2.25);
#1858=VECTOR('',#6025,2.);
#1859=VECTOR('',#6028,2.5);
#1860=VECTOR('',#6035,10.);
#1861=VECTOR('',#6042,10.);
#1862=VECTOR('',#6047,10.);
#1863=VECTOR('',#6056,2.7);
#1864=VECTOR('',#6059,2.7);
#1865=VECTOR('',#6062,1.25);
#1866=VECTOR('',#6069,2.75);
#1867=VECTOR('',#6072,2.5);
#1868=VECTOR('',#6075,2.7);
#1869=VECTOR('',#6082,2.7);
#1870=VECTOR('',#6087,11.);
#1871=VECTOR('',#6098,10.);
#1872=VECTOR('',#6103,10.);
#1873=VECTOR('',#6110,10.);
#1874=VECTOR('',#6115,10.);
#1875=VECTOR('',#6122,2.7);
#1876=VECTOR('',#6129,2.7);
#1877=VECTOR('',#6132,1.25);
#1878=VECTOR('',#6139,2.75);
#1879=VECTOR('',#6144,2.5);
#1880=VECTOR('',#6149,2.7);
#1881=VECTOR('',#6154,2.7);
#1882=VECTOR('',#6161,10.);
#1883=VERTEX_POINT('',#6166);
#1884=VERTEX_POINT('',#6167);
#1885=VERTEX_POINT('',#6169);
#1886=VERTEX_POINT('',#6171);
#1887=VERTEX_POINT('',#6175);
#1888=VERTEX_POINT('',#6176);
#1889=VERTEX_POINT('',#6178);
#1890=VERTEX_POINT('',#6180);
#1891=VERTEX_POINT('',#6184);
#1892=VERTEX_POINT('',#6185);
#1893=VERTEX_POINT('',#6187);
#1894=VERTEX_POINT('',#6189);
#1895=VERTEX_POINT('',#6192);
#1896=VERTEX_POINT('',#6193);
#1897=VERTEX_POINT('',#6195);
#1898=VERTEX_POINT('',#6197);
#1899=VERTEX_POINT('',#6199);
#1900=VERTEX_POINT('',#6202);
#1901=VERTEX_POINT('',#6203);
#1902=VERTEX_POINT('',#6205);
#1903=VERTEX_POINT('',#6207);
#1904=VERTEX_POINT('',#6210);
#1905=VERTEX_POINT('',#6211);
#1906=VERTEX_POINT('',#6213);
#1907=VERTEX_POINT('',#6215);
#1908=VERTEX_POINT('',#6218);
#1909=VERTEX_POINT('',#6219);
#1910=VERTEX_POINT('',#6221);
#1911=VERTEX_POINT('',#6223);
#1912=VERTEX_POINT('',#6226);
#1913=VERTEX_POINT('',#6227);
#1914=VERTEX_POINT('',#6229);
#1915=VERTEX_POINT('',#6231);
#1916=VERTEX_POINT('',#6234);
#1917=VERTEX_POINT('',#6236);
#1918=VERTEX_POINT('',#6237);
#1919=VERTEX_POINT('',#6239);
#1920=VERTEX_POINT('',#6241);
#1921=VERTEX_POINT('',#6243);
#1922=VERTEX_POINT('',#6246);
#1923=VERTEX_POINT('',#6248);
#1924=VERTEX_POINT('',#6251);
#1925=VERTEX_POINT('',#6252);
#1926=VERTEX_POINT('',#6254);
#1927=VERTEX_POINT('',#6256);
#1928=VERTEX_POINT('',#6259);
#1929=VERTEX_POINT('',#6260);
#1930=VERTEX_POINT('',#6262);
#1931=VERTEX_POINT('',#6264);
#1932=VERTEX_POINT('',#6266);
#1933=VERTEX_POINT('',#6268);
#1934=VERTEX_POINT('',#6270);
#1935=VERTEX_POINT('',#6272);
#1936=VERTEX_POINT('',#6274);
#1937=VERTEX_POINT('',#6276);
#1938=VERTEX_POINT('',#6278);
#1939=VERTEX_POINT('',#6280);
#1940=VERTEX_POINT('',#6282);
#1941=VERTEX_POINT('',#6286);
#1942=VERTEX_POINT('',#6288);
#1943=VERTEX_POINT('',#6292);
#1944=VERTEX_POINT('',#6294);
#1945=VERTEX_POINT('',#6298);
#1946=VERTEX_POINT('',#6300);
#1947=VERTEX_POINT('',#6304);
#1948=VERTEX_POINT('',#6306);
#1949=VERTEX_POINT('',#6310);
#1950=VERTEX_POINT('',#6312);
#1951=VERTEX_POINT('',#6314);
#1952=VERTEX_POINT('',#6316);
#1953=VERTEX_POINT('',#6320);
#1954=VERTEX_POINT('',#6322);
#1955=VERTEX_POINT('',#6324);
#1956=VERTEX_POINT('',#6326);
#1957=VERTEX_POINT('',#6328);
#1958=VERTEX_POINT('',#6330);
#1959=VERTEX_POINT('',#6332);
#1960=VERTEX_POINT('',#6334);
#1961=VERTEX_POINT('',#6336);
#1962=VERTEX_POINT('',#6339);
#1963=VERTEX_POINT('',#6340);
#1964=VERTEX_POINT('',#6342);
#1965=VERTEX_POINT('',#6344);
#1966=VERTEX_POINT('',#6348);
#1967=VERTEX_POINT('',#6350);
#1968=VERTEX_POINT('',#6354);
#1969=VERTEX_POINT('',#6356);
#1970=VERTEX_POINT('',#6360);
#1971=VERTEX_POINT('',#6361);
#1972=VERTEX_POINT('',#6363);
#1973=VERTEX_POINT('',#6368);
#1974=VERTEX_POINT('',#6370);
#1975=VERTEX_POINT('',#6372);
#1976=VERTEX_POINT('',#6391);
#1977=VERTEX_POINT('',#6395);
#1978=VERTEX_POINT('',#6397);
#1979=VERTEX_POINT('',#6399);
#1980=VERTEX_POINT('',#6712);
#1981=VERTEX_POINT('',#6713);
#1982=VERTEX_POINT('',#6715);
#1983=VERTEX_POINT('',#6717);
#1984=VERTEX_POINT('',#6720);
#1985=VERTEX_POINT('',#6723);
#1986=VERTEX_POINT('',#6724);
#1987=VERTEX_POINT('',#6726);
#1988=VERTEX_POINT('',#6728);
#1989=VERTEX_POINT('',#6730);
#1990=VERTEX_POINT('',#6732);
#1991=VERTEX_POINT('',#6736);
#1992=VERTEX_POINT('',#6742);
#1993=VERTEX_POINT('',#6744);
#1994=VERTEX_POINT('',#6746);
#1995=VERTEX_POINT('',#6752);
#1996=VERTEX_POINT('',#6755);
#1997=VERTEX_POINT('',#6758);
#1998=VERTEX_POINT('',#6760);
#1999=VERTEX_POINT('',#6763);
#2000=VERTEX_POINT('',#6765);
#2001=VERTEX_POINT('',#6769);
#2002=VERTEX_POINT('',#6770);
#2003=VERTEX_POINT('',#6772);
#2004=VERTEX_POINT('',#6774);
#2005=VERTEX_POINT('',#6778);
#2006=VERTEX_POINT('',#6779);
#2007=VERTEX_POINT('',#6781);
#2008=VERTEX_POINT('',#6783);
#2009=VERTEX_POINT('',#6787);
#2010=VERTEX_POINT('',#6788);
#2011=VERTEX_POINT('',#6790);
#2012=VERTEX_POINT('',#6792);
#2013=VERTEX_POINT('',#6797);
#2014=VERTEX_POINT('',#6799);
#2015=VERTEX_POINT('',#6801);
#2016=VERTEX_POINT('',#6803);
#2017=VERTEX_POINT('',#6808);
#2018=VERTEX_POINT('',#6810);
#2019=VERTEX_POINT('',#6812);
#2020=VERTEX_POINT('',#6814);
#2021=VERTEX_POINT('',#6818);
#2022=VERTEX_POINT('',#6819);
#2023=VERTEX_POINT('',#6821);
#2024=VERTEX_POINT('',#6823);
#2025=VERTEX_POINT('',#6827);
#2026=VERTEX_POINT('',#6829);
#2027=VERTEX_POINT('',#6831);
#2028=VERTEX_POINT('',#6833);
#2029=VERTEX_POINT('',#6835);
#2030=VERTEX_POINT('',#6837);
#2031=VERTEX_POINT('',#6841);
#2032=VERTEX_POINT('',#6842);
#2033=VERTEX_POINT('',#6844);
#2034=VERTEX_POINT('',#6846);
#2035=VERTEX_POINT('',#6850);
#2036=VERTEX_POINT('',#6852);
#2037=VERTEX_POINT('',#6856);
#2038=VERTEX_POINT('',#6857);
#2039=VERTEX_POINT('',#6859);
#2040=VERTEX_POINT('',#6861);
#2041=VERTEX_POINT('',#6865);
#2042=VERTEX_POINT('',#6866);
#2043=VERTEX_POINT('',#6868);
#2044=VERTEX_POINT('',#6870);
#2045=VERTEX_POINT('',#6874);
#2046=VERTEX_POINT('',#6875);
#2047=VERTEX_POINT('',#6877);
#2048=VERTEX_POINT('',#6879);
#2049=VERTEX_POINT('',#6884);
#2050=VERTEX_POINT('',#6886);
#2051=VERTEX_POINT('',#6888);
#2052=VERTEX_POINT('',#6890);
#2053=VERTEX_POINT('',#6895);
#2054=VERTEX_POINT('',#6897);
#2055=VERTEX_POINT('',#6899);
#2056=VERTEX_POINT('',#6901);
#2057=VERTEX_POINT('',#6905);
#2058=VERTEX_POINT('',#6906);
#2059=VERTEX_POINT('',#6908);
#2060=VERTEX_POINT('',#6910);
#2061=VERTEX_POINT('',#6914);
#2062=VERTEX_POINT('',#6915);
#2063=VERTEX_POINT('',#6917);
#2064=VERTEX_POINT('',#6919);
#2065=VERTEX_POINT('',#6921);
#2066=VERTEX_POINT('',#6923);
#2067=VERTEX_POINT('',#6927);
#2068=VERTEX_POINT('',#6928);
#2069=VERTEX_POINT('',#6930);
#2070=VERTEX_POINT('',#6932);
#2071=VERTEX_POINT('',#6937);
#2072=VERTEX_POINT('',#6939);
#2073=VERTEX_POINT('',#6941);
#2074=VERTEX_POINT('',#6943);
#2075=VERTEX_POINT('',#6947);
#2076=VERTEX_POINT('',#6956);
#2077=VERTEX_POINT('',#6957);
#2078=VERTEX_POINT('',#6964);
#2079=VERTEX_POINT('',#6968);
#2080=VERTEX_POINT('',#6970);
#2081=VERTEX_POINT('',#6974);
#2082=VERTEX_POINT('',#6985);
#2083=VERTEX_POINT('',#6987);
#2084=VERTEX_POINT('',#6994);
#2085=VERTEX_POINT('',#6995);
#2086=VERTEX_POINT('',#6997);
#2087=VERTEX_POINT('',#6999);
#2088=VERTEX_POINT('',#7004);
#2089=VERTEX_POINT('',#7006);
#2090=VERTEX_POINT('',#7010);
#2091=VERTEX_POINT('',#7022);
#2092=VERTEX_POINT('',#7026);
#2093=VERTEX_POINT('',#7028);
#2094=VERTEX_POINT('',#7030);
#2095=VERTEX_POINT('',#7040);
#2096=VERTEX_POINT('',#7044);
#2097=VERTEX_POINT('',#7081);
#2098=VERTEX_POINT('',#7085);
#2099=VERTEX_POINT('',#7086);
#2100=VERTEX_POINT('',#7089);
#2101=VERTEX_POINT('',#7103);
#2102=VERTEX_POINT('',#7104);
#2103=VERTEX_POINT('',#7106);
#2104=VERTEX_POINT('',#7108);
#2105=VERTEX_POINT('',#7110);
#2106=VERTEX_POINT('',#7114);
#2107=VERTEX_POINT('',#7120);
#2108=VERTEX_POINT('',#7127);
#2109=VERTEX_POINT('',#7130);
#2110=VERTEX_POINT('',#7131);
#2111=VERTEX_POINT('',#7133);
#2112=VERTEX_POINT('',#7135);
#2113=VERTEX_POINT('',#7137);
#2114=VERTEX_POINT('',#7139);
#2115=VERTEX_POINT('',#7148);
#2116=VERTEX_POINT('',#7393);
#2117=VERTEX_POINT('',#7395);
#2118=VERTEX_POINT('',#7397);
#2119=VERTEX_POINT('',#7399);
#2120=VERTEX_POINT('',#7405);
#2121=VERTEX_POINT('',#7407);
#2122=VERTEX_POINT('',#7409);
#2123=VERTEX_POINT('',#7412);
#2124=VERTEX_POINT('',#7571);
#2125=VERTEX_POINT('',#7572);
#2126=VERTEX_POINT('',#7587);
#2127=VERTEX_POINT('',#7594);
#2128=VERTEX_POINT('',#7598);
#2129=VERTEX_POINT('',#7600);
#2130=VERTEX_POINT('',#7646);
#2131=VERTEX_POINT('',#7670);
#2132=VERTEX_POINT('',#7684);
#2133=VERTEX_POINT('',#7686);
#2134=VERTEX_POINT('',#7692);
#2135=VERTEX_POINT('',#7694);
#2136=VERTEX_POINT('',#7698);
#2137=VERTEX_POINT('',#7702);
#2138=VERTEX_POINT('',#7706);
#2139=VERTEX_POINT('',#7711);
#2140=VERTEX_POINT('',#7715);
#2141=VERTEX_POINT('',#7721);
#2142=VERTEX_POINT('',#7846);
#2143=VERTEX_POINT('',#7847);
#2144=VERTEX_POINT('',#7849);
#2145=VERTEX_POINT('',#8184);
#2146=VERTEX_POINT('',#8188);
#2147=VERTEX_POINT('',#8191);
#2148=VERTEX_POINT('',#8192);
#2149=VERTEX_POINT('',#8194);
#2150=VERTEX_POINT('',#8196);
#2151=VERTEX_POINT('',#8201);
#2152=VERTEX_POINT('',#8206);
#2153=VERTEX_POINT('',#8210);
#2154=VERTEX_POINT('',#8214);
#2155=VERTEX_POINT('',#8216);
#2156=VERTEX_POINT('',#8222);
#2157=VERTEX_POINT('',#8223);
#2158=VERTEX_POINT('',#8235);
#2159=VERTEX_POINT('',#8239);
#2160=VERTEX_POINT('',#8249);
#2161=VERTEX_POINT('',#8252);
#2162=VERTEX_POINT('',#8256);
#2163=VERTEX_POINT('',#8263);
#2164=VERTEX_POINT('',#8265);
#2165=VERTEX_POINT('',#8267);
#2166=VERTEX_POINT('',#8292);
#2167=VERTEX_POINT('',#8293);
#2168=VERTEX_POINT('',#8309);
#2169=VERTEX_POINT('',#8310);
#2170=VERTEX_POINT('',#8312);
#2171=VERTEX_POINT('',#8337);
#2172=VERTEX_POINT('',#8395);
#2173=VERTEX_POINT('',#8397);
#2174=VERTEX_POINT('',#8401);
#2175=VERTEX_POINT('',#8405);
#2176=VERTEX_POINT('',#8409);
#2177=VERTEX_POINT('',#8414);
#2178=VERTEX_POINT('',#8418);
#2179=VERTEX_POINT('',#8424);
#2180=VERTEX_POINT('',#8437);
#2181=VERTEX_POINT('',#8438);
#2182=VERTEX_POINT('',#8443);
#2183=VERTEX_POINT('',#8445);
#2184=VERTEX_POINT('',#8459);
#2185=VERTEX_POINT('',#8464);
#2186=VERTEX_POINT('',#8478);
#2187=VERTEX_POINT('',#8483);
#2188=VERTEX_POINT('',#8497);
#2189=VERTEX_POINT('',#8502);
#2190=VERTEX_POINT('',#8516);
#2191=VERTEX_POINT('',#8521);
#2192=VERTEX_POINT('',#8535);
#2193=VERTEX_POINT('',#8540);
#2194=VERTEX_POINT('',#8554);
#2195=VERTEX_POINT('',#8559);
#2196=VERTEX_POINT('',#8573);
#2197=VERTEX_POINT('',#8578);
#2198=VERTEX_POINT('',#8592);
#2199=VERTEX_POINT('',#8597);
#2200=VERTEX_POINT('',#8611);
#2201=VERTEX_POINT('',#8616);
#2202=VERTEX_POINT('',#8630);
#2203=VERTEX_POINT('',#8635);
#2204=VERTEX_POINT('',#8649);
#2205=VERTEX_POINT('',#8654);
#2206=VERTEX_POINT('',#8668);
#2207=VERTEX_POINT('',#8673);
#2208=VERTEX_POINT('',#8687);
#2209=VERTEX_POINT('',#8692);
#2210=VERTEX_POINT('',#8706);
#2211=VERTEX_POINT('',#8711);
#2212=VERTEX_POINT('',#8725);
#2213=VERTEX_POINT('',#8730);
#2214=VERTEX_POINT('',#8744);
#2215=VERTEX_POINT('',#8749);
#2216=VERTEX_POINT('',#8763);
#2217=VERTEX_POINT('',#8768);
#2218=VERTEX_POINT('',#8782);
#2219=VERTEX_POINT('',#8787);
#2220=VERTEX_POINT('',#8801);
#2221=VERTEX_POINT('',#8806);
#2222=VERTEX_POINT('',#8820);
#2223=VERTEX_POINT('',#8825);
#2224=VERTEX_POINT('',#8839);
#2225=VERTEX_POINT('',#8844);
#2226=VERTEX_POINT('',#8858);
#2227=VERTEX_POINT('',#8863);
#2228=VERTEX_POINT('',#8877);
#2229=VERTEX_POINT('',#8882);
#2230=VERTEX_POINT('',#8896);
#2231=VERTEX_POINT('',#8901);
#2232=VERTEX_POINT('',#8915);
#2233=VERTEX_POINT('',#8920);
#2234=VERTEX_POINT('',#8934);
#2235=VERTEX_POINT('',#8939);
#2236=VERTEX_POINT('',#8953);
#2237=VERTEX_POINT('',#8958);
#2238=VERTEX_POINT('',#8972);
#2239=VERTEX_POINT('',#8977);
#2240=VERTEX_POINT('',#8991);
#2241=VERTEX_POINT('',#8996);
#2242=VERTEX_POINT('',#9010);
#2243=VERTEX_POINT('',#9015);
#2244=VERTEX_POINT('',#9029);
#2245=VERTEX_POINT('',#9034);
#2246=VERTEX_POINT('',#9048);
#2247=VERTEX_POINT('',#9053);
#2248=VERTEX_POINT('',#9067);
#2249=VERTEX_POINT('',#9072);
#2250=VERTEX_POINT('',#9086);
#2251=VERTEX_POINT('',#9091);
#2252=VERTEX_POINT('',#9105);
#2253=VERTEX_POINT('',#9110);
#2254=VERTEX_POINT('',#9124);
#2255=VERTEX_POINT('',#9129);
#2256=VERTEX_POINT('',#9143);
#2257=VERTEX_POINT('',#9148);
#2258=VERTEX_POINT('',#9162);
#2259=VERTEX_POINT('',#9167);
#2260=VERTEX_POINT('',#9181);
#2261=VERTEX_POINT('',#9186);
#2262=VERTEX_POINT('',#9200);
#2263=VERTEX_POINT('',#9205);
#2264=VERTEX_POINT('',#9219);
#2265=VERTEX_POINT('',#9224);
#2266=VERTEX_POINT('',#9238);
#2267=VERTEX_POINT('',#9243);
#2268=VERTEX_POINT('',#9257);
#2269=VERTEX_POINT('',#9262);
#2270=VERTEX_POINT('',#9276);
#2271=VERTEX_POINT('',#9281);
#2272=VERTEX_POINT('',#9295);
#2273=VERTEX_POINT('',#9300);
#2274=VERTEX_POINT('',#9314);
#2275=VERTEX_POINT('',#9319);
#2276=VERTEX_POINT('',#9333);
#2277=VERTEX_POINT('',#9338);
#2278=VERTEX_POINT('',#9352);
#2279=VERTEX_POINT('',#9357);
#2280=VERTEX_POINT('',#9371);
#2281=VERTEX_POINT('',#9376);
#2282=VERTEX_POINT('',#9390);
#2283=VERTEX_POINT('',#9395);
#2284=VERTEX_POINT('',#9419);
#2285=VERTEX_POINT('',#9421);
#2286=VERTEX_POINT('',#9425);
#2287=VERTEX_POINT('',#9429);
#2288=VERTEX_POINT('',#9464);
#2289=VERTEX_POINT('',#9467);
#2290=VERTEX_POINT('',#9469);
#2291=VERTEX_POINT('',#9474);
#2292=VERTEX_POINT('',#9476);
#2293=VERTEX_POINT('',#9480);
#2294=VERTEX_POINT('',#9482);
#2295=VERTEX_POINT('',#9484);
#2296=VERTEX_POINT('',#9486);
#2297=VERTEX_POINT('',#9489);
#2298=VERTEX_POINT('',#9491);
#2299=VERTEX_POINT('',#9493);
#2300=VERTEX_POINT('',#9496);
#2301=VERTEX_POINT('',#9500);
#2302=VERTEX_POINT('',#9503);
#2303=VERTEX_POINT('',#9505);
#2304=VERTEX_POINT('',#9508);
#2305=VERTEX_POINT('',#9512);
#2306=VERTEX_POINT('',#9516);
#2307=VERTEX_POINT('',#9518);
#2308=VERTEX_POINT('',#9520);
#2309=VERTEX_POINT('',#9526);
#2310=VERTEX_POINT('',#9532);
#2311=VERTEX_POINT('',#9538);
#2312=VERTEX_POINT('',#9543);
#2313=VERTEX_POINT('',#9547);
#2314=VERTEX_POINT('',#9551);
#2315=VERTEX_POINT('',#9557);
#2316=VERTEX_POINT('',#9558);
#2317=VERTEX_POINT('',#9562);
#2318=VERTEX_POINT('',#9571);
#2319=VERTEX_POINT('',#9576);
#2320=VERTEX_POINT('',#9584);
#2321=VERTEX_POINT('',#9588);
#2322=VERTEX_POINT('',#9593);
#2323=VERTEX_POINT('',#9597);
#2324=VERTEX_POINT('',#9601);
#2325=VERTEX_POINT('',#9605);
#2326=VERTEX_POINT('',#9609);
#2327=VERTEX_POINT('',#9610);
#2328=VERTEX_POINT('',#9614);
#2329=VERTEX_POINT('',#9616);
#2330=VERTEX_POINT('',#9622);
#2331=VERTEX_POINT('',#9627);
#2332=EDGE_CURVE('',#1883,#1884,#1133,.T.);
#2333=EDGE_CURVE('',#1885,#1883,#979,.T.);
#2334=EDGE_CURVE('',#1885,#1886,#1134,.T.);
#2335=EDGE_CURVE('',#1886,#1884,#980,.T.);
#2336=EDGE_CURVE('',#1887,#1888,#1135,.T.);
#2337=EDGE_CURVE('',#1889,#1887,#1136,.T.);
#2338=EDGE_CURVE('',#1890,#1889,#1137,.T.);
#2339=EDGE_CURVE('',#1888,#1890,#1138,.T.);
#2340=EDGE_CURVE('',#1891,#1892,#1139,.T.);
#2341=EDGE_CURVE('',#1893,#1891,#1140,.T.);
#2342=EDGE_CURVE('',#1894,#1893,#1141,.T.);
#2343=EDGE_CURVE('',#1892,#1894,#1142,.T.);
#2344=EDGE_CURVE('',#1895,#1896,#981,.T.);
#2345=EDGE_CURVE('',#1895,#1897,#1143,.T.);
#2346=EDGE_CURVE('',#1897,#1898,#982,.T.);
#2347=EDGE_CURVE('',#1899,#1898,#1144,.F.);
#2348=EDGE_CURVE('',#1899,#1896,#1145,.T.);
#2349=EDGE_CURVE('',#1900,#1901,#1146,.T.);
#2350=EDGE_CURVE('',#1901,#1902,#983,.T.);
#2351=EDGE_CURVE('',#1902,#1903,#1147,.T.);
#2352=EDGE_CURVE('',#1903,#1900,#984,.T.);
#2353=EDGE_CURVE('',#1904,#1905,#985,.T.);
#2354=EDGE_CURVE('',#1905,#1906,#1148,.T.);
#2355=EDGE_CURVE('',#1906,#1907,#986,.T.);
#2356=EDGE_CURVE('',#1907,#1904,#1149,.T.);
#2357=EDGE_CURVE('',#1908,#1909,#1150,.T.);
#2358=EDGE_CURVE('',#1909,#1910,#987,.T.);
#2359=EDGE_CURVE('',#1910,#1911,#1151,.T.);
#2360=EDGE_CURVE('',#1911,#1908,#988,.T.);
#2361=EDGE_CURVE('',#1912,#1913,#989,.T.);
#2362=EDGE_CURVE('',#1913,#1914,#1152,.T.);
#2363=EDGE_CURVE('',#1914,#1915,#990,.T.);
#2364=EDGE_CURVE('',#1915,#1912,#1153,.T.);
#2365=EDGE_CURVE('',#1916,#1916,#991,.F.);
#2366=EDGE_CURVE('',#1917,#1918,#1154,.T.);
#2367=EDGE_CURVE('',#1918,#1919,#992,.T.);
#2368=EDGE_CURVE('',#1919,#1920,#1155,.T.);
#2369=EDGE_CURVE('',#1920,#1921,#993,.T.);
#2370=EDGE_CURVE('',#1921,#1917,#994,.T.);
#2371=EDGE_CURVE('',#1922,#1887,#1156,.T.);
#2372=EDGE_CURVE('',#1888,#1923,#1157,.T.);
#2373=EDGE_CURVE('',#1923,#1922,#1158,.T.);
#2374=EDGE_CURVE('',#1924,#1925,#1159,.T.);
#2375=EDGE_CURVE('',#1925,#1926,#1160,.T.);
#2376=EDGE_CURVE('',#1926,#1927,#1161,.T.);
#2377=EDGE_CURVE('',#1927,#1924,#1162,.T.);
#2378=EDGE_CURVE('',#1928,#1929,#1163,.T.);
#2379=EDGE_CURVE('',#1929,#1930,#1164,.T.);
#2380=EDGE_CURVE('',#1930,#1931,#1165,.T.);
#2381=EDGE_CURVE('',#1931,#1932,#995,.T.);
#2382=EDGE_CURVE('',#1932,#1933,#1166,.T.);
#2383=EDGE_CURVE('',#1933,#1934,#996,.T.);
#2384=EDGE_CURVE('',#1934,#1935,#1167,.T.);
#2385=EDGE_CURVE('',#1935,#1936,#997,.T.);
#2386=EDGE_CURVE('',#1936,#1937,#1168,.T.);
#2387=EDGE_CURVE('',#1937,#1938,#1169,.T.);
#2388=EDGE_CURVE('',#1938,#1939,#1170,.T.);
#2389=EDGE_CURVE('',#1939,#1940,#998,.T.);
#2390=EDGE_CURVE('',#1940,#1928,#1171,.T.);
#2391=EDGE_CURVE('',#1941,#1925,#1172,.T.);
#2392=EDGE_CURVE('',#1942,#1941,#1173,.T.);
#2393=EDGE_CURVE('',#1926,#1942,#1174,.T.);
#2394=EDGE_CURVE('',#1943,#1923,#1175,.T.);
#2395=EDGE_CURVE('',#1944,#1943,#1176,.T.);
#2396=EDGE_CURVE('',#1922,#1944,#1177,.T.);
#2397=EDGE_CURVE('',#1945,#1927,#1178,.T.);
#2398=EDGE_CURVE('',#1946,#1945,#1179,.T.);
#2399=EDGE_CURVE('',#1924,#1946,#1180,.T.);
#2400=EDGE_CURVE('',#1947,#1929,#1181,.T.);
#2401=EDGE_CURVE('',#1948,#1947,#1182,.T.);
#2402=EDGE_CURVE('',#1930,#1948,#1183,.T.);
#2403=EDGE_CURVE('',#1949,#1940,#1184,.T.);
#2404=EDGE_CURVE('',#1950,#1949,#1185,.T.);
#2405=EDGE_CURVE('',#1951,#1950,#1186,.T.);
#2406=EDGE_CURVE('',#1952,#1951,#1187,.T.);
#2407=EDGE_CURVE('',#1928,#1952,#1188,.T.);
#2408=EDGE_CURVE('',#1950,#1953,#1189,.T.);
#2409=EDGE_CURVE('',#1954,#1949,#999,.T.);
#2410=EDGE_CURVE('',#1955,#1954,#1190,.T.);
#2411=EDGE_CURVE('',#1955,#1956,#1191,.T.);
#2412=EDGE_CURVE('',#1956,#1957,#1192,.T.);
#2413=EDGE_CURVE('',#1958,#1957,#1000,.T.);
#2414=EDGE_CURVE('',#1959,#1958,#1193,.T.);
#2415=EDGE_CURVE('',#1960,#1959,#1001,.T.);
#2416=EDGE_CURVE('',#1961,#1960,#1194,.T.);
#2417=EDGE_CURVE('',#1953,#1961,#1002,.T.);
#2418=EDGE_CURVE('',#1962,#1963,#1003,.T.);
#2419=EDGE_CURVE('',#1963,#1964,#1195,.T.);
#2420=EDGE_CURVE('',#1964,#1965,#1004,.T.);
#2421=EDGE_CURVE('',#1965,#1962,#1196,.T.);
#2422=EDGE_CURVE('',#1966,#1955,#1197,.T.);
#2423=EDGE_CURVE('',#1967,#1966,#1198,.T.);
#2424=EDGE_CURVE('',#1956,#1967,#1199,.T.);
#2425=EDGE_CURVE('',#1968,#1937,#1200,.T.);
#2426=EDGE_CURVE('',#1969,#1968,#1201,.T.);
#2427=EDGE_CURVE('',#1938,#1969,#1202,.T.);
#2428=EDGE_CURVE('',#1970,#1971,#1203,.T.);
#2429=EDGE_CURVE('',#1971,#1972,#1005,.T.);
#2430=EDGE_CURVE('',#1884,#1972,#1204,.T.);
#2431=EDGE_CURVE('',#1886,#1970,#1205,.T.);
#2432=EDGE_CURVE('',#1971,#1973,#1206,.T.);
#2433=EDGE_CURVE('',#1974,#1973,#240,.T.);
#2434=EDGE_CURVE('',#1975,#1974,#103,.T.);
#2435=EDGE_CURVE('',#1975,#1976,#1006,.T.);
#2436=EDGE_CURVE('',#1972,#1976,#1207,.T.);
#2437=EDGE_CURVE('',#1977,#1977,#1007,.T.);
#2438=EDGE_CURVE('',#1977,#1978,#1208,.T.);
#2439=EDGE_CURVE('',#1979,#1978,#104,.T.);
#2440=EDGE_CURVE('',#1978,#1979,#105,.T.);
#2441=EDGE_CURVE('',#1980,#1981,#1209,.T.);
#2442=EDGE_CURVE('',#1982,#1980,#1210,.T.);
#2443=EDGE_CURVE('',#1983,#1982,#1211,.T.);
#2444=EDGE_CURVE('',#1981,#1983,#1212,.T.);
#2445=EDGE_CURVE('',#1984,#1984,#1008,.T.);
#2446=EDGE_CURVE('',#1985,#1986,#1213,.T.);
#2447=EDGE_CURVE('',#1987,#1986,#1009,.T.);
#2448=EDGE_CURVE('',#1988,#1987,#1214,.T.);
#2449=EDGE_CURVE('',#1988,#1989,#1010,.T.);
#2450=EDGE_CURVE('',#1989,#1990,#1215,.T.);
#2451=EDGE_CURVE('',#1990,#1985,#1216,.T.);
#2452=EDGE_CURVE('',#1991,#1973,#1217,.T.);
#2453=EDGE_CURVE('',#1974,#1991,#93,.F.);
#2454=EDGE_CURVE('',#1985,#1992,#1218,.T.);
#2455=EDGE_CURVE('',#1992,#1993,#1219,.T.);
#2456=EDGE_CURVE('',#1994,#1993,#94,.T.);
#2457=EDGE_CURVE('',#1986,#1994,#1220,.T.);
#2458=EDGE_CURVE('',#1995,#1990,#1221,.T.);
#2459=EDGE_CURVE('',#1992,#1995,#1222,.T.);
#2460=EDGE_CURVE('',#1996,#1996,#1011,.T.);
#2461=EDGE_CURVE('',#1997,#1884,#1223,.T.);
#2462=EDGE_CURVE('',#1997,#1998,#1224,.T.);
#2463=EDGE_CURVE('',#1998,#1998,#1012,.T.);
#2464=EDGE_CURVE('',#1999,#1997,#1013,.T.);
#2465=EDGE_CURVE('',#1999,#2000,#1225,.T.);
#2466=EDGE_CURVE('',#1883,#2000,#1014,.T.);
#2467=EDGE_CURVE('',#2001,#2002,#1015,.T.);
#2468=EDGE_CURVE('',#2001,#2003,#1226,.T.);
#2469=EDGE_CURVE('',#2004,#2003,#1016,.T.);
#2470=EDGE_CURVE('',#2002,#2004,#1227,.T.);
#2471=EDGE_CURVE('',#2005,#2006,#1228,.T.);
#2472=EDGE_CURVE('',#2007,#2006,#1017,.T.);
#2473=EDGE_CURVE('',#2007,#2008,#1229,.T.);
#2474=EDGE_CURVE('',#2005,#2008,#1018,.T.);
#2475=EDGE_CURVE('',#2009,#2010,#1230,.T.);
#2476=EDGE_CURVE('',#2011,#2010,#1019,.T.);
#2477=EDGE_CURVE('',#2011,#2012,#1231,.T.);
#2478=EDGE_CURVE('',#2009,#2012,#1020,.T.);
#2479=EDGE_CURVE('',#2010,#2001,#1232,.T.);
#2480=EDGE_CURVE('',#2013,#2002,#1233,.T.);
#2481=EDGE_CURVE('',#2014,#2013,#1021,.T.);
#2482=EDGE_CURVE('',#2014,#2015,#1234,.T.);
#2483=EDGE_CURVE('',#2015,#2016,#1022,.T.);
#2484=EDGE_CURVE('',#2016,#2011,#1235,.T.);
#2485=EDGE_CURVE('',#2003,#2005,#1236,.T.);
#2486=EDGE_CURVE('',#2008,#2017,#1237,.T.);
#2487=EDGE_CURVE('',#2017,#2018,#1023,.T.);
#2488=EDGE_CURVE('',#2019,#2018,#1238,.T.);
#2489=EDGE_CURVE('',#2020,#2019,#1024,.T.);
#2490=EDGE_CURVE('',#2020,#2004,#1239,.T.);
#2491=EDGE_CURVE('',#2021,#2022,#1240,.T.);
#2492=EDGE_CURVE('',#2023,#2022,#1025,.T.);
#2493=EDGE_CURVE('',#2024,#2023,#1241,.T.);
#2494=EDGE_CURVE('',#2021,#2024,#1026,.T.);
#2495=EDGE_CURVE('',#2022,#2025,#1242,.T.);
#2496=EDGE_CURVE('',#2025,#2026,#1027,.T.);
#2497=EDGE_CURVE('',#2026,#2027,#1243,.T.);
#2498=EDGE_CURVE('',#2027,#2028,#1028,.T.);
#2499=EDGE_CURVE('',#2029,#2028,#1244,.T.);
#2500=EDGE_CURVE('',#2030,#2029,#1029,.T.);
#2501=EDGE_CURVE('',#2030,#2023,#1245,.T.);
#2502=EDGE_CURVE('',#2031,#2032,#1246,.T.);
#2503=EDGE_CURVE('',#2033,#2032,#1030,.T.);
#2504=EDGE_CURVE('',#2033,#2034,#1247,.T.);
#2505=EDGE_CURVE('',#2031,#2034,#1031,.T.);
#2506=EDGE_CURVE('',#2025,#2035,#1248,.T.);
#2507=EDGE_CURVE('',#2036,#2035,#1032,.T.);
#2508=EDGE_CURVE('',#2036,#2026,#1249,.T.);
#2509=EDGE_CURVE('',#2037,#2038,#1033,.T.);
#2510=EDGE_CURVE('',#2037,#2039,#1250,.T.);
#2511=EDGE_CURVE('',#2040,#2039,#1034,.T.);
#2512=EDGE_CURVE('',#2038,#2040,#1251,.T.);
#2513=EDGE_CURVE('',#2041,#2042,#1252,.T.);
#2514=EDGE_CURVE('',#2043,#2042,#1035,.T.);
#2515=EDGE_CURVE('',#2043,#2044,#1253,.T.);
#2516=EDGE_CURVE('',#2041,#2044,#1036,.T.);
#2517=EDGE_CURVE('',#2045,#2046,#1254,.T.);
#2518=EDGE_CURVE('',#2047,#2046,#1037,.T.);
#2519=EDGE_CURVE('',#2047,#2048,#1255,.T.);
#2520=EDGE_CURVE('',#2045,#2048,#1038,.T.);
#2521=EDGE_CURVE('',#2046,#2037,#1256,.T.);
#2522=EDGE_CURVE('',#2049,#2038,#1257,.T.);
#2523=EDGE_CURVE('',#2050,#2049,#1039,.T.);
#2524=EDGE_CURVE('',#2050,#2051,#1258,.T.);
#2525=EDGE_CURVE('',#2051,#2052,#1040,.T.);
#2526=EDGE_CURVE('',#2052,#2047,#1259,.T.);
#2527=EDGE_CURVE('',#2039,#2041,#1260,.T.);
#2528=EDGE_CURVE('',#2044,#2053,#1261,.T.);
#2529=EDGE_CURVE('',#2053,#2054,#1041,.T.);
#2530=EDGE_CURVE('',#2055,#2054,#1262,.T.);
#2531=EDGE_CURVE('',#2056,#2055,#1042,.T.);
#2532=EDGE_CURVE('',#2056,#2040,#1263,.T.);
#2533=EDGE_CURVE('',#2057,#2058,#1264,.T.);
#2534=EDGE_CURVE('',#2059,#2058,#1043,.T.);
#2535=EDGE_CURVE('',#2060,#2059,#1265,.T.);
#2536=EDGE_CURVE('',#2057,#2060,#1044,.T.);
#2537=EDGE_CURVE('',#2061,#2062,#1266,.T.);
#2538=EDGE_CURVE('',#2063,#2062,#1045,.T.);
#2539=EDGE_CURVE('',#2064,#2063,#1267,.T.);
#2540=EDGE_CURVE('',#2065,#2064,#1268,.T.);
#2541=EDGE_CURVE('',#2066,#2065,#1269,.T.);
#2542=EDGE_CURVE('',#2061,#2066,#1046,.T.);
#2543=EDGE_CURVE('',#2067,#2068,#1270,.T.);
#2544=EDGE_CURVE('',#2069,#2068,#1047,.T.);
#2545=EDGE_CURVE('',#2069,#2070,#1271,.T.);
#2546=EDGE_CURVE('',#2067,#2070,#1048,.T.);
#2547=EDGE_CURVE('',#2068,#2057,#1272,.T.);
#2548=EDGE_CURVE('',#2071,#2060,#1273,.T.);
#2549=EDGE_CURVE('',#2072,#2071,#1049,.T.);
#2550=EDGE_CURVE('',#2072,#2073,#1274,.T.);
#2551=EDGE_CURVE('',#2073,#2074,#1050,.T.);
#2552=EDGE_CURVE('',#2074,#2069,#1275,.T.);
#2553=EDGE_CURVE('',#2075,#2059,#1276,.T.);
#2554=EDGE_CURVE('',#2071,#2075,#1277,.T.);
#2555=EDGE_CURVE('',#2018,#2015,#1278,.T.);
#2556=EDGE_CURVE('',#2017,#2016,#1279,.T.);
#2557=EDGE_CURVE('',#2019,#2014,#1280,.T.);
#2558=EDGE_CURVE('',#2076,#2077,#106,.T.);
#2559=EDGE_CURVE('',#2076,#2078,#1051,.T.);
#2560=EDGE_CURVE('',#2078,#2077,#1281,.T.);
#2561=EDGE_CURVE('',#2079,#2076,#1282,.T.);
#2562=EDGE_CURVE('',#2080,#2079,#1052,.T.);
#2563=EDGE_CURVE('',#2080,#2078,#1283,.T.);
#2564=EDGE_CURVE('',#2077,#2081,#1284,.T.);
#2565=EDGE_CURVE('',#2080,#2081,#1285,.T.);
#2566=EDGE_CURVE('',#2081,#2079,#107,.T.);
#2567=EDGE_CURVE('',#2027,#2082,#1286,.T.);
#2568=EDGE_CURVE('',#2083,#2082,#1053,.T.);
#2569=EDGE_CURVE('',#2028,#2083,#1287,.T.);
#2570=EDGE_CURVE('',#2053,#2052,#1288,.T.);
#2571=EDGE_CURVE('',#2054,#2051,#1289,.T.);
#2572=EDGE_CURVE('',#2084,#2085,#1054,.T.);
#2573=EDGE_CURVE('',#2086,#2084,#1290,.T.);
#2574=EDGE_CURVE('',#2086,#2087,#1291,.T.);
#2575=EDGE_CURVE('',#2085,#2087,#1292,.T.);
#2576=EDGE_CURVE('',#2066,#2065,#1293,.T.);
#2577=EDGE_CURVE('',#2065,#2088,#1294,.T.);
#2578=EDGE_CURVE('',#2089,#2088,#1295,.T.);
#2579=EDGE_CURVE('',#2066,#2089,#1296,.T.);
#2580=EDGE_CURVE('',#2090,#2066,#108,.T.);
#2581=EDGE_CURVE('',#2087,#2090,#1055,.T.);
#2582=EDGE_CURVE('',#2086,#2066,#1056,.T.);
#2583=EDGE_CURVE('',#2089,#2090,#1057,.T.);
#2584=EDGE_CURVE('',#2088,#2074,#1297,.T.);
#2585=EDGE_CURVE('',#2085,#2073,#1298,.T.);
#2586=EDGE_CURVE('',#2091,#2084,#1299,.T.);
#2587=EDGE_CURVE('',#2091,#2065,#1300,.T.);
#2588=EDGE_CURVE('',#2092,#2072,#1301,.T.);
#2589=EDGE_CURVE('',#2092,#2093,#1302,.T.);
#2590=EDGE_CURVE('',#2094,#2093,#1058,.T.);
#2591=EDGE_CURVE('',#2085,#2094,#1059,.T.);
#2592=EDGE_CURVE('',#2049,#2056,#1303,.T.);
#2593=EDGE_CURVE('',#2055,#2050,#1304,.T.);
#2594=EDGE_CURVE('',#2013,#2020,#1305,.T.);
#2595=EDGE_CURVE('',#2095,#2030,#1306,.T.);
#2596=EDGE_CURVE('',#2095,#2024,#1307,.T.);
#2597=EDGE_CURVE('',#2096,#2095,#1060,.T.);
#2598=EDGE_CURVE('',#2096,#2083,#1308,.T.);
#2599=EDGE_CURVE('',#2082,#2033,#1309,.T.);
#2600=EDGE_CURVE('',#2032,#2021,#1310,.T.);
#2601=EDGE_CURVE('',#2029,#2096,#1311,.T.);
#2602=EDGE_CURVE('',#2058,#2061,#1312,.T.);
#2603=EDGE_CURVE('',#2093,#2090,#109,.T.);
#2604=EDGE_CURVE('',#2075,#2092,#1061,.T.);
#2605=EDGE_CURVE('',#1914,#2045,#1313,.T.);
#2606=EDGE_CURVE('',#1913,#2042,#1314,.T.);
#2607=EDGE_CURVE('',#1915,#2048,#1315,.T.);
#2608=EDGE_CURVE('',#1910,#2006,#1316,.T.);
#2609=EDGE_CURVE('',#1909,#2007,#1317,.T.);
#2610=EDGE_CURVE('',#1911,#2009,#1318,.T.);
#2611=EDGE_CURVE('',#1906,#2036,#1319,.T.);
#2612=EDGE_CURVE('',#1905,#2034,#1320,.T.);
#2613=EDGE_CURVE('',#1907,#2035,#1321,.T.);
#2614=EDGE_CURVE('',#1902,#2070,#1322,.T.);
#2615=EDGE_CURVE('',#1901,#2067,#1323,.T.);
#2616=EDGE_CURVE('',#2097,#2091,#1062,.T.);
#2617=EDGE_CURVE('',#1903,#2097,#1324,.T.);
#2618=EDGE_CURVE('',#2098,#2099,#1063,.T.);
#2619=EDGE_CURVE('',#2099,#2094,#1325,.T.);
#2620=EDGE_CURVE('',#2064,#2100,#1064,.T.);
#2621=EDGE_CURVE('',#2100,#2097,#110,.T.);
#2622=EDGE_CURVE('',#2099,#2098,#1065,.T.);
#2623=EDGE_CURVE('',#2101,#2102,#1066,.T.);
#2624=EDGE_CURVE('',#2102,#2103,#1067,.T.);
#2625=EDGE_CURVE('',#2103,#2104,#1068,.T.);
#2626=EDGE_CURVE('',#2104,#2105,#95,.T.);
#2627=EDGE_CURVE('',#2105,#2106,#1069,.T.);
#2628=EDGE_CURVE('',#2106,#2101,#96,.T.);
#2629=EDGE_CURVE('',#2106,#2107,#1326,.T.);
#2630=EDGE_CURVE('',#1981,#2107,#1327,.T.);
#2631=EDGE_CURVE('',#1983,#2101,#1328,.T.);
#2632=EDGE_CURVE('',#1989,#2105,#1329,.T.);
#2633=EDGE_CURVE('',#1919,#1988,#1330,.T.);
#2634=EDGE_CURVE('',#1918,#2108,#1331,.T.);
#2635=EDGE_CURVE('',#2107,#2108,#241,.T.);
#2636=EDGE_CURVE('',#2109,#2110,#1070,.T.);
#2637=EDGE_CURVE('',#2111,#2109,#242,.T.);
#2638=EDGE_CURVE('',#2112,#2111,#243,.T.);
#2639=EDGE_CURVE('',#2113,#2112,#1071,.T.);
#2640=EDGE_CURVE('',#2114,#2113,#111,.T.);
#2641=EDGE_CURVE('',#2110,#2114,#112,.T.);
#2642=EDGE_CURVE('',#2115,#2115,#113,.T.);
#2643=EDGE_CURVE('',#2104,#1995,#1332,.T.);
#2644=EDGE_CURVE('',#1993,#2116,#1072,.T.);
#2645=EDGE_CURVE('',#2116,#2117,#1073,.T.);
#2646=EDGE_CURVE('',#2117,#2118,#1074,.T.);
#2647=EDGE_CURVE('',#2118,#2119,#97,.T.);
#2648=EDGE_CURVE('',#2119,#1994,#1075,.T.);
#2649=EDGE_CURVE('',#2120,#2119,#1333,.T.);
#2650=EDGE_CURVE('',#2121,#2120,#244,.T.);
#2651=EDGE_CURVE('',#2122,#2121,#1076,.T.);
#2652=EDGE_CURVE('',#1917,#2122,#1334,.T.);
#2653=EDGE_CURVE('',#1921,#2123,#1335,.T.);
#2654=EDGE_CURVE('',#2123,#2123,#1077,.T.);
#2655=EDGE_CURVE('',#1920,#1987,#1336,.T.);
#2656=EDGE_CURVE('',#2118,#1982,#1337,.T.);
#2657=EDGE_CURVE('',#2120,#1980,#1338,.T.);
#2658=EDGE_CURVE('',#2117,#2102,#1339,.T.);
#2659=EDGE_CURVE('',#2115,#1979,#1340,.T.);
#2660=EDGE_CURVE('',#2103,#2116,#1341,.T.);
#2661=EDGE_CURVE('',#2121,#2108,#1342,.T.);
#2662=EDGE_CURVE('',#2124,#2125,#114,.F.);
#2663=EDGE_CURVE('',#2125,#2114,#245,.T.);
#2664=EDGE_CURVE('',#2124,#2113,#115,.T.);
#2665=EDGE_CURVE('',#2110,#2126,#116,.T.);
#2666=EDGE_CURVE('',#2126,#2127,#98,.T.);
#2667=EDGE_CURVE('',#2127,#2128,#1078,.T.);
#2668=EDGE_CURVE('',#2128,#2129,#1343,.T.);
#2669=EDGE_CURVE('',#2129,#2109,#117,.T.);
#2670=EDGE_CURVE('',#2125,#2126,#118,.T.);
#2671=EDGE_CURVE('',#2130,#2129,#119,.F.);
#2672=EDGE_CURVE('',#2130,#2111,#1079,.T.);
#2673=EDGE_CURVE('',#2130,#2131,#120,.T.);
#2674=EDGE_CURVE('',#2131,#2112,#121,.T.);
#2675=EDGE_CURVE('',#2131,#2132,#1344,.T.);
#2676=EDGE_CURVE('',#2132,#2133,#1080,.T.);
#2677=EDGE_CURVE('',#2133,#2124,#99,.T.);
#2678=EDGE_CURVE('',#2134,#2130,#1345,.T.);
#2679=EDGE_CURVE('',#2134,#2135,#1346,.T.);
#2680=EDGE_CURVE('',#2135,#2132,#1347,.T.);
#2681=EDGE_CURVE('',#2136,#2128,#1348,.T.);
#2682=EDGE_CURVE('',#2136,#2134,#1349,.T.);
#2683=EDGE_CURVE('',#2137,#2127,#1350,.T.);
#2684=EDGE_CURVE('',#2137,#2136,#1351,.T.);
#2685=EDGE_CURVE('',#2138,#2138,#1081,.T.);
#2686=EDGE_CURVE('',#1984,#2138,#1352,.T.);
#2687=EDGE_CURVE('',#2135,#2139,#1353,.T.);
#2688=EDGE_CURVE('',#2139,#2133,#1354,.T.);
#2689=EDGE_CURVE('',#2139,#2140,#1355,.T.);
#2690=EDGE_CURVE('',#2140,#2125,#1356,.T.);
#2691=EDGE_CURVE('',#2140,#2137,#1357,.T.);
#2692=EDGE_CURVE('',#2141,#2141,#1082,.T.);
#2693=EDGE_CURVE('',#1996,#2141,#1358,.T.);
#2694=EDGE_CURVE('',#2108,#2122,#1359,.T.);
#2695=EDGE_CURVE('',#1896,#1999,#100,.F.);
#2696=EDGE_CURVE('',#1997,#1895,#1360,.F.);
#2697=EDGE_CURVE('',#2142,#2143,#1361,.T.);
#2698=EDGE_CURVE('',#2143,#2144,#122,.T.);
#2699=EDGE_CURVE('',#2144,#2143,#123,.T.);
#2700=EDGE_CURVE('',#2142,#2142,#124,.T.);
#2701=EDGE_CURVE('',#1898,#2145,#1362,.T.);
#2702=EDGE_CURVE('',#1897,#1972,#1363,.T.);
#2703=EDGE_CURVE('',#1991,#1975,#1083,.T.);
#2704=EDGE_CURVE('',#2146,#1991,#1364,.T.);
#2705=EDGE_CURVE('',#2145,#2146,#1084,.T.);
#2706=EDGE_CURVE('',#2147,#2148,#246,.T.);
#2707=EDGE_CURVE('',#2149,#2147,#1085,.T.);
#2708=EDGE_CURVE('',#2150,#2149,#125,.T.);
#2709=EDGE_CURVE('',#2151,#2150,#126,.T.);
#2710=EDGE_CURVE('',#2152,#2151,#1086,.T.);
#2711=EDGE_CURVE('',#2148,#2152,#247,.T.);
#2712=EDGE_CURVE('',#2153,#2153,#1087,.T.);
#2713=EDGE_CURVE('',#2153,#2144,#1365,.T.);
#2714=EDGE_CURVE('',#2145,#2154,#1366,.T.);
#2715=EDGE_CURVE('',#2155,#2145,#101,.F.);
#2716=EDGE_CURVE('',#2154,#2155,#1367,.T.);
#2717=EDGE_CURVE('',#2156,#2157,#1368,.T.);
#2718=EDGE_CURVE('',#2146,#2156,#102,.F.);
#2719=EDGE_CURVE('',#2157,#2146,#1369,.T.);
#2720=EDGE_CURVE('',#2156,#2155,#1088,.T.);
#2721=EDGE_CURVE('',#2157,#1970,#1370,.T.);
#2722=EDGE_CURVE('',#2000,#2154,#1371,.T.);
#2723=EDGE_CURVE('',#2155,#2158,#1372,.T.);
#2724=EDGE_CURVE('',#2158,#2000,#248,.T.);
#2725=EDGE_CURVE('',#2158,#2159,#1089,.T.);
#2726=EDGE_CURVE('',#2159,#1885,#249,.T.);
#2727=EDGE_CURVE('',#2159,#2156,#1373,.T.);
#2728=EDGE_CURVE('',#2157,#1885,#1374,.T.);
#2729=EDGE_CURVE('',#2154,#1899,#1375,.T.);
#2730=EDGE_CURVE('',#2160,#2160,#1090,.T.);
#2731=EDGE_CURVE('',#2161,#2161,#1091,.T.);
#2732=EDGE_CURVE('',#2151,#2162,#127,.T.);
#2733=EDGE_CURVE('',#2162,#2163,#1092,.T.);
#2734=EDGE_CURVE('',#2163,#2164,#1093,.T.);
#2735=EDGE_CURVE('',#2164,#2165,#1376,.T.);
#2736=EDGE_CURVE('',#2165,#2152,#128,.T.);
#2737=EDGE_CURVE('',#2166,#2167,#129,.T.);
#2738=EDGE_CURVE('',#2167,#2147,#130,.T.);
#2739=EDGE_CURVE('',#2166,#2148,#1094,.T.);
#2740=EDGE_CURVE('',#2168,#2169,#1095,.T.);
#2741=EDGE_CURVE('',#2169,#2170,#1096,.T.);
#2742=EDGE_CURVE('',#2170,#2149,#131,.T.);
#2743=EDGE_CURVE('',#2167,#2168,#1377,.T.);
#2744=EDGE_CURVE('',#2171,#2170,#132,.F.);
#2745=EDGE_CURVE('',#2171,#2150,#133,.T.);
#2746=EDGE_CURVE('',#2171,#2162,#134,.T.);
#2747=EDGE_CURVE('',#2166,#2165,#135,.F.);
#2748=EDGE_CURVE('',#2172,#2163,#1378,.T.);
#2749=EDGE_CURVE('',#2172,#2173,#1379,.T.);
#2750=EDGE_CURVE('',#2173,#2164,#1380,.T.);
#2751=EDGE_CURVE('',#2174,#2171,#1381,.T.);
#2752=EDGE_CURVE('',#2174,#2172,#1382,.T.);
#2753=EDGE_CURVE('',#2175,#2169,#1383,.T.);
#2754=EDGE_CURVE('',#2175,#2174,#1384,.T.);
#2755=EDGE_CURVE('',#2176,#2176,#1097,.T.);
#2756=EDGE_CURVE('',#2160,#2176,#1385,.T.);
#2757=EDGE_CURVE('',#2177,#2168,#1386,.T.);
#2758=EDGE_CURVE('',#2177,#2175,#1387,.T.);
#2759=EDGE_CURVE('',#2173,#2178,#1388,.T.);
#2760=EDGE_CURVE('',#2178,#2166,#1389,.T.);
#2761=EDGE_CURVE('',#2178,#2177,#1390,.T.);
#2762=EDGE_CURVE('',#2179,#2179,#1098,.T.);
#2763=EDGE_CURVE('',#2161,#2179,#1391,.T.);
#2764=EDGE_CURVE('',#2180,#2181,#136,.T.);
#2765=EDGE_CURVE('',#2180,#2182,#1392,.T.);
#2766=EDGE_CURVE('',#2182,#2183,#137,.T.);
#2767=EDGE_CURVE('',#2181,#2183,#1393,.T.);
#2768=EDGE_CURVE('',#2184,#2180,#138,.T.);
#2769=EDGE_CURVE('',#2184,#2185,#1394,.T.);
#2770=EDGE_CURVE('',#2185,#2182,#139,.T.);
#2771=EDGE_CURVE('',#2186,#2184,#140,.T.);
#2772=EDGE_CURVE('',#2186,#2187,#1395,.T.);
#2773=EDGE_CURVE('',#2187,#2185,#141,.T.);
#2774=EDGE_CURVE('',#2188,#2186,#142,.T.);
#2775=EDGE_CURVE('',#2188,#2189,#1396,.T.);
#2776=EDGE_CURVE('',#2189,#2187,#143,.T.);
#2777=EDGE_CURVE('',#2190,#2188,#144,.T.);
#2778=EDGE_CURVE('',#2190,#2191,#1397,.T.);
#2779=EDGE_CURVE('',#2191,#2189,#145,.T.);
#2780=EDGE_CURVE('',#2192,#2190,#146,.T.);
#2781=EDGE_CURVE('',#2192,#2193,#1398,.T.);
#2782=EDGE_CURVE('',#2193,#2191,#147,.T.);
#2783=EDGE_CURVE('',#2194,#2192,#148,.T.);
#2784=EDGE_CURVE('',#2194,#2195,#1399,.T.);
#2785=EDGE_CURVE('',#2195,#2193,#149,.T.);
#2786=EDGE_CURVE('',#2196,#2194,#150,.T.);
#2787=EDGE_CURVE('',#2196,#2197,#1400,.T.);
#2788=EDGE_CURVE('',#2197,#2195,#151,.T.);
#2789=EDGE_CURVE('',#2198,#2196,#152,.T.);
#2790=EDGE_CURVE('',#2198,#2199,#1401,.T.);
#2791=EDGE_CURVE('',#2199,#2197,#153,.T.);
#2792=EDGE_CURVE('',#2200,#2198,#154,.T.);
#2793=EDGE_CURVE('',#2200,#2201,#1402,.T.);
#2794=EDGE_CURVE('',#2201,#2199,#155,.T.);
#2795=EDGE_CURVE('',#2202,#2200,#156,.T.);
#2796=EDGE_CURVE('',#2202,#2203,#1403,.T.);
#2797=EDGE_CURVE('',#2203,#2201,#157,.T.);
#2798=EDGE_CURVE('',#2204,#2202,#158,.T.);
#2799=EDGE_CURVE('',#2204,#2205,#1404,.T.);
#2800=EDGE_CURVE('',#2205,#2203,#159,.T.);
#2801=EDGE_CURVE('',#2206,#2204,#160,.T.);
#2802=EDGE_CURVE('',#2206,#2207,#1405,.T.);
#2803=EDGE_CURVE('',#2207,#2205,#161,.T.);
#2804=EDGE_CURVE('',#2208,#2206,#162,.T.);
#2805=EDGE_CURVE('',#2208,#2209,#1406,.T.);
#2806=EDGE_CURVE('',#2209,#2207,#163,.T.);
#2807=EDGE_CURVE('',#2210,#2208,#164,.T.);
#2808=EDGE_CURVE('',#2210,#2211,#1407,.T.);
#2809=EDGE_CURVE('',#2211,#2209,#165,.T.);
#2810=EDGE_CURVE('',#2212,#2210,#166,.T.);
#2811=EDGE_CURVE('',#2212,#2213,#1408,.T.);
#2812=EDGE_CURVE('',#2213,#2211,#167,.T.);
#2813=EDGE_CURVE('',#2214,#2212,#168,.T.);
#2814=EDGE_CURVE('',#2214,#2215,#1409,.T.);
#2815=EDGE_CURVE('',#2215,#2213,#169,.T.);
#2816=EDGE_CURVE('',#2216,#2214,#170,.T.);
#2817=EDGE_CURVE('',#2216,#2217,#1410,.T.);
#2818=EDGE_CURVE('',#2217,#2215,#171,.T.);
#2819=EDGE_CURVE('',#2218,#2216,#172,.T.);
#2820=EDGE_CURVE('',#2218,#2219,#1411,.T.);
#2821=EDGE_CURVE('',#2219,#2217,#173,.T.);
#2822=EDGE_CURVE('',#2220,#2218,#174,.T.);
#2823=EDGE_CURVE('',#2220,#2221,#1412,.T.);
#2824=EDGE_CURVE('',#2221,#2219,#175,.T.);
#2825=EDGE_CURVE('',#2222,#2220,#176,.T.);
#2826=EDGE_CURVE('',#2222,#2223,#1413,.T.);
#2827=EDGE_CURVE('',#2223,#2221,#177,.T.);
#2828=EDGE_CURVE('',#2224,#2222,#178,.T.);
#2829=EDGE_CURVE('',#2224,#2225,#1414,.T.);
#2830=EDGE_CURVE('',#2225,#2223,#179,.T.);
#2831=EDGE_CURVE('',#2226,#2224,#180,.T.);
#2832=EDGE_CURVE('',#2226,#2227,#1415,.T.);
#2833=EDGE_CURVE('',#2227,#2225,#181,.T.);
#2834=EDGE_CURVE('',#2228,#2226,#182,.T.);
#2835=EDGE_CURVE('',#2228,#2229,#1416,.T.);
#2836=EDGE_CURVE('',#2229,#2227,#183,.T.);
#2837=EDGE_CURVE('',#2230,#2228,#184,.T.);
#2838=EDGE_CURVE('',#2230,#2231,#1417,.T.);
#2839=EDGE_CURVE('',#2231,#2229,#185,.T.);
#2840=EDGE_CURVE('',#2232,#2230,#186,.T.);
#2841=EDGE_CURVE('',#2232,#2233,#1418,.T.);
#2842=EDGE_CURVE('',#2233,#2231,#187,.T.);
#2843=EDGE_CURVE('',#2234,#2232,#188,.T.);
#2844=EDGE_CURVE('',#2234,#2235,#1419,.T.);
#2845=EDGE_CURVE('',#2235,#2233,#189,.T.);
#2846=EDGE_CURVE('',#2236,#2234,#190,.T.);
#2847=EDGE_CURVE('',#2236,#2237,#1420,.T.);
#2848=EDGE_CURVE('',#2237,#2235,#191,.T.);
#2849=EDGE_CURVE('',#2238,#2236,#192,.T.);
#2850=EDGE_CURVE('',#2238,#2239,#1421,.T.);
#2851=EDGE_CURVE('',#2239,#2237,#193,.T.);
#2852=EDGE_CURVE('',#2240,#2238,#194,.T.);
#2853=EDGE_CURVE('',#2240,#2241,#1422,.T.);
#2854=EDGE_CURVE('',#2241,#2239,#195,.T.);
#2855=EDGE_CURVE('',#2242,#2240,#196,.T.);
#2856=EDGE_CURVE('',#2242,#2243,#1423,.T.);
#2857=EDGE_CURVE('',#2243,#2241,#197,.T.);
#2858=EDGE_CURVE('',#2244,#2242,#198,.T.);
#2859=EDGE_CURVE('',#2244,#2245,#1424,.T.);
#2860=EDGE_CURVE('',#2245,#2243,#199,.T.);
#2861=EDGE_CURVE('',#2246,#2244,#200,.T.);
#2862=EDGE_CURVE('',#2246,#2247,#1425,.T.);
#2863=EDGE_CURVE('',#2247,#2245,#201,.T.);
#2864=EDGE_CURVE('',#2248,#2246,#202,.T.);
#2865=EDGE_CURVE('',#2248,#2249,#1426,.T.);
#2866=EDGE_CURVE('',#2249,#2247,#203,.T.);
#2867=EDGE_CURVE('',#2250,#2248,#204,.T.);
#2868=EDGE_CURVE('',#2250,#2251,#1427,.T.);
#2869=EDGE_CURVE('',#2251,#2249,#205,.T.);
#2870=EDGE_CURVE('',#2252,#2250,#206,.T.);
#2871=EDGE_CURVE('',#2252,#2253,#1428,.T.);
#2872=EDGE_CURVE('',#2253,#2251,#207,.T.);
#2873=EDGE_CURVE('',#2254,#2252,#208,.T.);
#2874=EDGE_CURVE('',#2254,#2255,#1429,.T.);
#2875=EDGE_CURVE('',#2255,#2253,#209,.T.);
#2876=EDGE_CURVE('',#2256,#2254,#210,.T.);
#2877=EDGE_CURVE('',#2256,#2257,#1430,.T.);
#2878=EDGE_CURVE('',#2257,#2255,#211,.T.);
#2879=EDGE_CURVE('',#2258,#2256,#212,.T.);
#2880=EDGE_CURVE('',#2258,#2259,#1431,.T.);
#2881=EDGE_CURVE('',#2259,#2257,#213,.T.);
#2882=EDGE_CURVE('',#2260,#2258,#214,.T.);
#2883=EDGE_CURVE('',#2260,#2261,#1432,.T.);
#2884=EDGE_CURVE('',#2261,#2259,#215,.T.);
#2885=EDGE_CURVE('',#2262,#2260,#216,.T.);
#2886=EDGE_CURVE('',#2262,#2263,#1433,.T.);
#2887=EDGE_CURVE('',#2263,#2261,#217,.T.);
#2888=EDGE_CURVE('',#2264,#2262,#218,.T.);
#2889=EDGE_CURVE('',#2264,#2265,#1434,.T.);
#2890=EDGE_CURVE('',#2265,#2263,#219,.T.);
#2891=EDGE_CURVE('',#2266,#2264,#220,.T.);
#2892=EDGE_CURVE('',#2266,#2267,#1435,.T.);
#2893=EDGE_CURVE('',#2267,#2265,#221,.T.);
#2894=EDGE_CURVE('',#2268,#2266,#222,.T.);
#2895=EDGE_CURVE('',#2268,#2269,#1436,.T.);
#2896=EDGE_CURVE('',#2269,#2267,#223,.T.);
#2897=EDGE_CURVE('',#2270,#2268,#224,.T.);
#2898=EDGE_CURVE('',#2270,#2271,#1437,.T.);
#2899=EDGE_CURVE('',#2271,#2269,#225,.T.);
#2900=EDGE_CURVE('',#2272,#2270,#226,.T.);
#2901=EDGE_CURVE('',#2272,#2273,#1438,.T.);
#2902=EDGE_CURVE('',#2273,#2271,#227,.T.);
#2903=EDGE_CURVE('',#2274,#2272,#228,.T.);
#2904=EDGE_CURVE('',#2274,#2275,#1439,.T.);
#2905=EDGE_CURVE('',#2275,#2273,#229,.T.);
#2906=EDGE_CURVE('',#2276,#2274,#230,.T.);
#2907=EDGE_CURVE('',#2276,#2277,#1440,.T.);
#2908=EDGE_CURVE('',#2277,#2275,#231,.T.);
#2909=EDGE_CURVE('',#2278,#2276,#232,.T.);
#2910=EDGE_CURVE('',#2278,#2279,#1441,.T.);
#2911=EDGE_CURVE('',#2279,#2277,#233,.T.);
#2912=EDGE_CURVE('',#2280,#2278,#234,.T.);
#2913=EDGE_CURVE('',#2280,#2281,#1442,.T.);
#2914=EDGE_CURVE('',#2281,#2279,#235,.T.);
#2915=EDGE_CURVE('',#2282,#2280,#236,.T.);
#2916=EDGE_CURVE('',#2282,#2283,#1443,.T.);
#2917=EDGE_CURVE('',#2283,#2281,#237,.T.);
#2918=EDGE_CURVE('',#2181,#2282,#238,.T.);
#2919=EDGE_CURVE('',#2183,#2283,#239,.T.);
#2920=EDGE_CURVE('',#1964,#2284,#1444,.T.);
#2921=EDGE_CURVE('',#2284,#2285,#1099,.T.);
#2922=EDGE_CURVE('',#1965,#2285,#1445,.T.);
#2923=EDGE_CURVE('',#2285,#2286,#1446,.T.);
#2924=EDGE_CURVE('',#1962,#2286,#1447,.T.);
#2925=EDGE_CURVE('',#2286,#2287,#1100,.T.);
#2926=EDGE_CURVE('',#1963,#2287,#1448,.T.);
#2927=EDGE_CURVE('',#2287,#2284,#1449,.T.);
#2928=EDGE_CURVE('',#1900,#2062,#1450,.T.);
#2929=EDGE_CURVE('',#2063,#2100,#1451,.T.);
#2930=EDGE_CURVE('',#1904,#2031,#1452,.T.);
#2931=EDGE_CURVE('',#1908,#2012,#1453,.T.);
#2932=EDGE_CURVE('',#1912,#2043,#1454,.T.);
#2933=EDGE_CURVE('',#1954,#1939,#1455,.T.);
#2934=EDGE_CURVE('',#1953,#1931,#1456,.T.);
#2935=EDGE_CURVE('',#1932,#1961,#1457,.T.);
#2936=EDGE_CURVE('',#1935,#1958,#1458,.T.);
#2937=EDGE_CURVE('',#1936,#1957,#1459,.T.);
#2938=EDGE_CURVE('',#1934,#1959,#1460,.T.);
#2939=EDGE_CURVE('',#1933,#1960,#1461,.T.);
#2940=EDGE_CURVE('',#1951,#1948,#1462,.T.);
#2941=EDGE_CURVE('',#2288,#2288,#1101,.T.);
#2942=EDGE_CURVE('',#2289,#2289,#1102,.T.);
#2943=EDGE_CURVE('',#2289,#2290,#1463,.T.);
#2944=EDGE_CURVE('',#2290,#2290,#1103,.T.);
#2945=EDGE_CURVE('',#1892,#2291,#1464,.T.);
#2946=EDGE_CURVE('',#2291,#2292,#1465,.T.);
#2947=EDGE_CURVE('',#2292,#1891,#1466,.T.);
#2948=EDGE_CURVE('',#2292,#2293,#1467,.T.);
#2949=EDGE_CURVE('',#2294,#2293,#1468,.T.);
#2950=EDGE_CURVE('',#2295,#2294,#1469,.T.);
#2951=EDGE_CURVE('',#2296,#2295,#1470,.T.);
#2952=EDGE_CURVE('',#1893,#2296,#1471,.T.);
#2953=EDGE_CURVE('',#2297,#2297,#1104,.T.);
#2954=EDGE_CURVE('',#2298,#2298,#1105,.T.);
#2955=EDGE_CURVE('',#2299,#2299,#1106,.T.);
#2956=EDGE_CURVE('',#2296,#2300,#1472,.T.);
#2957=EDGE_CURVE('',#2300,#1894,#1473,.T.);
#2958=EDGE_CURVE('',#2301,#2295,#1474,.T.);
#2959=EDGE_CURVE('',#2300,#2301,#1475,.F.);
#2960=EDGE_CURVE('',#2302,#2302,#1107,.T.);
#2961=EDGE_CURVE('',#2303,#2303,#1108,.T.);
#2962=EDGE_CURVE('',#2294,#2304,#1476,.T.);
#2963=EDGE_CURVE('',#2304,#2301,#1477,.T.);
#2964=EDGE_CURVE('',#2293,#2305,#1478,.T.);
#2965=EDGE_CURVE('',#2305,#2304,#1479,.T.);
#2966=EDGE_CURVE('',#2306,#2306,#1109,.T.);
#2967=EDGE_CURVE('',#2306,#2307,#1480,.T.);
#2968=EDGE_CURVE('',#2308,#2307,#1110,.T.);
#2969=EDGE_CURVE('',#2307,#2308,#1111,.T.);
#2970=EDGE_CURVE('',#2302,#2306,#1481,.T.);
#2971=EDGE_CURVE('',#2309,#2309,#1112,.T.);
#2972=EDGE_CURVE('',#2309,#2098,#1482,.T.);
#2973=EDGE_CURVE('',#2303,#2309,#1483,.T.);
#2974=EDGE_CURVE('',#2308,#2310,#1484,.T.);
#2975=EDGE_CURVE('',#2310,#2310,#1113,.T.);
#2976=EDGE_CURVE('',#1947,#1952,#1485,.T.);
#2977=EDGE_CURVE('',#2311,#2311,#1114,.T.);
#2978=EDGE_CURVE('',#1968,#1967,#1486,.T.);
#2979=EDGE_CURVE('',#2312,#2312,#1115,.T.);
#2980=EDGE_CURVE('',#1969,#1966,#1487,.T.);
#2981=EDGE_CURVE('',#2313,#2313,#1116,.T.);
#2982=EDGE_CURVE('',#2314,#2314,#1117,.T.);
#2983=EDGE_CURVE('',#2314,#2288,#1488,.T.);
#2984=EDGE_CURVE('',#2313,#2297,#1489,.T.);
#2985=EDGE_CURVE('',#2315,#2316,#1490,.T.);
#2986=EDGE_CURVE('',#2316,#2316,#1118,.T.);
#2987=EDGE_CURVE('',#2317,#2317,#1119,.T.);
#2988=EDGE_CURVE('',#2317,#2299,#1491,.T.);
#2989=EDGE_CURVE('',#2316,#2317,#1492,.T.);
#2990=EDGE_CURVE('',#2311,#2298,#1493,.T.);
#2991=EDGE_CURVE('',#2318,#2318,#1120,.T.);
#2992=EDGE_CURVE('',#2318,#2312,#1494,.T.);
#2993=EDGE_CURVE('',#1916,#2319,#1495,.T.);
#2994=EDGE_CURVE('',#2319,#2319,#1121,.F.);
#2995=EDGE_CURVE('',#1890,#1943,#1496,.T.);
#2996=EDGE_CURVE('',#2320,#2320,#1122,.T.);
#2997=EDGE_CURVE('',#1944,#1889,#1497,.T.);
#2998=EDGE_CURVE('',#2321,#2321,#1123,.T.);
#2999=EDGE_CURVE('',#1946,#1941,#1498,.T.);
#3000=EDGE_CURVE('',#2322,#2322,#1124,.T.);
#3001=EDGE_CURVE('',#1945,#1942,#1499,.T.);
#3002=EDGE_CURVE('',#2323,#2323,#1125,.T.);
#3003=EDGE_CURVE('',#2321,#2324,#1500,.T.);
#3004=EDGE_CURVE('',#2324,#2324,#1126,.T.);
#3005=EDGE_CURVE('',#2325,#2325,#1127,.T.);
#3006=EDGE_CURVE('',#2325,#2323,#1501,.T.);
#3007=EDGE_CURVE('',#2326,#2327,#1502,.T.);
#3008=EDGE_CURVE('',#2327,#2327,#1128,.T.);
#3009=EDGE_CURVE('',#2328,#2328,#1129,.T.);
#3010=EDGE_CURVE('',#2328,#2329,#1503,.T.);
#3011=EDGE_CURVE('',#2329,#2329,#1130,.T.);
#3012=EDGE_CURVE('',#2328,#2327,#1504,.T.);
#3013=EDGE_CURVE('',#2330,#2330,#1131,.T.);
#3014=EDGE_CURVE('',#2330,#2320,#1505,.T.);
#3015=EDGE_CURVE('',#2322,#2331,#1506,.T.);
#3016=EDGE_CURVE('',#2331,#2331,#1132,.T.);
#3017=EDGE_CURVE('',#2291,#2305,#1507,.T.);
#3018=ORIENTED_EDGE('',*,*,#2332,.F.);
#3019=ORIENTED_EDGE('',*,*,#2333,.F.);
#3020=ORIENTED_EDGE('',*,*,#2334,.T.);
#3021=ORIENTED_EDGE('',*,*,#2335,.T.);
#3022=ORIENTED_EDGE('',*,*,#2336,.F.);
#3023=ORIENTED_EDGE('',*,*,#2337,.F.);
#3024=ORIENTED_EDGE('',*,*,#2338,.F.);
#3025=ORIENTED_EDGE('',*,*,#2339,.F.);
#3026=ORIENTED_EDGE('',*,*,#2340,.F.);
#3027=ORIENTED_EDGE('',*,*,#2341,.F.);
#3028=ORIENTED_EDGE('',*,*,#2342,.F.);
#3029=ORIENTED_EDGE('',*,*,#2343,.F.);
#3030=ORIENTED_EDGE('',*,*,#2344,.F.);
#3031=ORIENTED_EDGE('',*,*,#2345,.T.);
#3032=ORIENTED_EDGE('',*,*,#2346,.T.);
#3033=ORIENTED_EDGE('',*,*,#2347,.F.);
#3034=ORIENTED_EDGE('',*,*,#2348,.T.);
#3035=ORIENTED_EDGE('',*,*,#2349,.T.);
#3036=ORIENTED_EDGE('',*,*,#2350,.T.);
#3037=ORIENTED_EDGE('',*,*,#2351,.T.);
#3038=ORIENTED_EDGE('',*,*,#2352,.T.);
#3039=ORIENTED_EDGE('',*,*,#2353,.T.);
#3040=ORIENTED_EDGE('',*,*,#2354,.T.);
#3041=ORIENTED_EDGE('',*,*,#2355,.T.);
#3042=ORIENTED_EDGE('',*,*,#2356,.T.);
#3043=ORIENTED_EDGE('',*,*,#2357,.T.);
#3044=ORIENTED_EDGE('',*,*,#2358,.T.);
#3045=ORIENTED_EDGE('',*,*,#2359,.T.);
#3046=ORIENTED_EDGE('',*,*,#2360,.T.);
#3047=ORIENTED_EDGE('',*,*,#2361,.T.);
#3048=ORIENTED_EDGE('',*,*,#2362,.T.);
#3049=ORIENTED_EDGE('',*,*,#2363,.T.);
#3050=ORIENTED_EDGE('',*,*,#2364,.T.);
#3051=ORIENTED_EDGE('',*,*,#2365,.T.);
#3052=ORIENTED_EDGE('',*,*,#2366,.T.);
#3053=ORIENTED_EDGE('',*,*,#2367,.T.);
#3054=ORIENTED_EDGE('',*,*,#2368,.T.);
#3055=ORIENTED_EDGE('',*,*,#2369,.T.);
#3056=ORIENTED_EDGE('',*,*,#2370,.T.);
#3057=ORIENTED_EDGE('',*,*,#2371,.T.);
#3058=ORIENTED_EDGE('',*,*,#2336,.T.);
#3059=ORIENTED_EDGE('',*,*,#2372,.T.);
#3060=ORIENTED_EDGE('',*,*,#2373,.T.);
#3061=ORIENTED_EDGE('',*,*,#2374,.T.);
#3062=ORIENTED_EDGE('',*,*,#2375,.T.);
#3063=ORIENTED_EDGE('',*,*,#2376,.T.);
#3064=ORIENTED_EDGE('',*,*,#2377,.T.);
#3065=ORIENTED_EDGE('',*,*,#2378,.T.);
#3066=ORIENTED_EDGE('',*,*,#2379,.T.);
#3067=ORIENTED_EDGE('',*,*,#2380,.T.);
#3068=ORIENTED_EDGE('',*,*,#2381,.T.);
#3069=ORIENTED_EDGE('',*,*,#2382,.T.);
#3070=ORIENTED_EDGE('',*,*,#2383,.T.);
#3071=ORIENTED_EDGE('',*,*,#2384,.T.);
#3072=ORIENTED_EDGE('',*,*,#2385,.T.);
#3073=ORIENTED_EDGE('',*,*,#2386,.T.);
#3074=ORIENTED_EDGE('',*,*,#2387,.T.);
#3075=ORIENTED_EDGE('',*,*,#2388,.T.);
#3076=ORIENTED_EDGE('',*,*,#2389,.T.);
#3077=ORIENTED_EDGE('',*,*,#2390,.T.);
#3078=ORIENTED_EDGE('',*,*,#2375,.F.);
#3079=ORIENTED_EDGE('',*,*,#2391,.F.);
#3080=ORIENTED_EDGE('',*,*,#2392,.F.);
#3081=ORIENTED_EDGE('',*,*,#2393,.F.);
#3082=ORIENTED_EDGE('',*,*,#2373,.F.);
#3083=ORIENTED_EDGE('',*,*,#2394,.F.);
#3084=ORIENTED_EDGE('',*,*,#2395,.F.);
#3085=ORIENTED_EDGE('',*,*,#2396,.F.);
#3086=ORIENTED_EDGE('',*,*,#2377,.F.);
#3087=ORIENTED_EDGE('',*,*,#2397,.F.);
#3088=ORIENTED_EDGE('',*,*,#2398,.F.);
#3089=ORIENTED_EDGE('',*,*,#2399,.F.);
#3090=ORIENTED_EDGE('',*,*,#2379,.F.);
#3091=ORIENTED_EDGE('',*,*,#2400,.F.);
#3092=ORIENTED_EDGE('',*,*,#2401,.F.);
#3093=ORIENTED_EDGE('',*,*,#2402,.F.);
#3094=ORIENTED_EDGE('',*,*,#2403,.F.);
#3095=ORIENTED_EDGE('',*,*,#2404,.F.);
#3096=ORIENTED_EDGE('',*,*,#2405,.F.);
#3097=ORIENTED_EDGE('',*,*,#2406,.F.);
#3098=ORIENTED_EDGE('',*,*,#2407,.F.);
#3099=ORIENTED_EDGE('',*,*,#2390,.F.);
#3100=ORIENTED_EDGE('',*,*,#2408,.F.);
#3101=ORIENTED_EDGE('',*,*,#2404,.T.);
#3102=ORIENTED_EDGE('',*,*,#2409,.F.);
#3103=ORIENTED_EDGE('',*,*,#2410,.F.);
#3104=ORIENTED_EDGE('',*,*,#2411,.T.);
#3105=ORIENTED_EDGE('',*,*,#2412,.T.);
#3106=ORIENTED_EDGE('',*,*,#2413,.F.);
#3107=ORIENTED_EDGE('',*,*,#2414,.F.);
#3108=ORIENTED_EDGE('',*,*,#2415,.F.);
#3109=ORIENTED_EDGE('',*,*,#2416,.F.);
#3110=ORIENTED_EDGE('',*,*,#2417,.F.);
#3111=ORIENTED_EDGE('',*,*,#2418,.T.);
#3112=ORIENTED_EDGE('',*,*,#2419,.T.);
#3113=ORIENTED_EDGE('',*,*,#2420,.T.);
#3114=ORIENTED_EDGE('',*,*,#2421,.T.);
#3115=ORIENTED_EDGE('',*,*,#2411,.F.);
#3116=ORIENTED_EDGE('',*,*,#2422,.F.);
#3117=ORIENTED_EDGE('',*,*,#2423,.F.);
#3118=ORIENTED_EDGE('',*,*,#2424,.F.);
#3119=ORIENTED_EDGE('',*,*,#2387,.F.);
#3120=ORIENTED_EDGE('',*,*,#2425,.F.);
#3121=ORIENTED_EDGE('',*,*,#2426,.F.);
#3122=ORIENTED_EDGE('',*,*,#2427,.F.);
#3123=ORIENTED_EDGE('',*,*,#2428,.T.);
#3124=ORIENTED_EDGE('',*,*,#2429,.T.);
#3125=ORIENTED_EDGE('',*,*,#2430,.F.);
#3126=ORIENTED_EDGE('',*,*,#2335,.F.);
#3127=ORIENTED_EDGE('',*,*,#2431,.T.);
#3128=ORIENTED_EDGE('',*,*,#2432,.T.);
#3129=ORIENTED_EDGE('',*,*,#2433,.F.);
#3130=ORIENTED_EDGE('',*,*,#2434,.F.);
#3131=ORIENTED_EDGE('',*,*,#2435,.T.);
#3132=ORIENTED_EDGE('',*,*,#2436,.F.);
#3133=ORIENTED_EDGE('',*,*,#2429,.F.);
#3134=ORIENTED_EDGE('',*,*,#2437,.F.);
#3135=ORIENTED_EDGE('',*,*,#2438,.T.);
#3136=ORIENTED_EDGE('',*,*,#2439,.F.);
#3137=ORIENTED_EDGE('',*,*,#2440,.F.);
#3138=ORIENTED_EDGE('',*,*,#2438,.F.);
#3139=ORIENTED_EDGE('',*,*,#2441,.F.);
#3140=ORIENTED_EDGE('',*,*,#2442,.F.);
#3141=ORIENTED_EDGE('',*,*,#2443,.F.);
#3142=ORIENTED_EDGE('',*,*,#2444,.F.);
#3143=ORIENTED_EDGE('',*,*,#2445,.T.);
#3144=ORIENTED_EDGE('',*,*,#2446,.T.);
#3145=ORIENTED_EDGE('',*,*,#2447,.F.);
#3146=ORIENTED_EDGE('',*,*,#2448,.F.);
#3147=ORIENTED_EDGE('',*,*,#2449,.T.);
#3148=ORIENTED_EDGE('',*,*,#2450,.T.);
#3149=ORIENTED_EDGE('',*,*,#2451,.T.);
#3150=ORIENTED_EDGE('',*,*,#2433,.T.);
#3151=ORIENTED_EDGE('',*,*,#2452,.F.);
#3152=ORIENTED_EDGE('',*,*,#2453,.F.);
#3153=ORIENTED_EDGE('',*,*,#2454,.T.);
#3154=ORIENTED_EDGE('',*,*,#2455,.T.);
#3155=ORIENTED_EDGE('',*,*,#2456,.F.);
#3156=ORIENTED_EDGE('',*,*,#2457,.F.);
#3157=ORIENTED_EDGE('',*,*,#2446,.F.);
#3158=ORIENTED_EDGE('',*,*,#2458,.F.);
#3159=ORIENTED_EDGE('',*,*,#2459,.F.);
#3160=ORIENTED_EDGE('',*,*,#2454,.F.);
#3161=ORIENTED_EDGE('',*,*,#2451,.F.);
#3162=ORIENTED_EDGE('',*,*,#2460,.T.);
#3163=ORIENTED_EDGE('',*,*,#2332,.T.);
#3164=ORIENTED_EDGE('',*,*,#2461,.F.);
#3165=ORIENTED_EDGE('',*,*,#2462,.T.);
#3166=ORIENTED_EDGE('',*,*,#2463,.T.);
#3167=ORIENTED_EDGE('',*,*,#2462,.F.);
#3168=ORIENTED_EDGE('',*,*,#2464,.F.);
#3169=ORIENTED_EDGE('',*,*,#2465,.T.);
#3170=ORIENTED_EDGE('',*,*,#2466,.F.);
#3171=ORIENTED_EDGE('',*,*,#2467,.F.);
#3172=ORIENTED_EDGE('',*,*,#2468,.T.);
#3173=ORIENTED_EDGE('',*,*,#2469,.F.);
#3174=ORIENTED_EDGE('',*,*,#2470,.F.);
#3175=ORIENTED_EDGE('',*,*,#2471,.T.);
#3176=ORIENTED_EDGE('',*,*,#2472,.F.);
#3177=ORIENTED_EDGE('',*,*,#2473,.T.);
#3178=ORIENTED_EDGE('',*,*,#2474,.F.);
#3179=ORIENTED_EDGE('',*,*,#2475,.T.);
#3180=ORIENTED_EDGE('',*,*,#2476,.F.);
#3181=ORIENTED_EDGE('',*,*,#2477,.T.);
#3182=ORIENTED_EDGE('',*,*,#2478,.F.);
#3183=ORIENTED_EDGE('',*,*,#2479,.T.);
#3184=ORIENTED_EDGE('',*,*,#2467,.T.);
#3185=ORIENTED_EDGE('',*,*,#2480,.F.);
#3186=ORIENTED_EDGE('',*,*,#2481,.F.);
#3187=ORIENTED_EDGE('',*,*,#2482,.T.);
#3188=ORIENTED_EDGE('',*,*,#2483,.T.);
#3189=ORIENTED_EDGE('',*,*,#2484,.T.);
#3190=ORIENTED_EDGE('',*,*,#2476,.T.);
#3191=ORIENTED_EDGE('',*,*,#2469,.T.);
#3192=ORIENTED_EDGE('',*,*,#2485,.T.);
#3193=ORIENTED_EDGE('',*,*,#2474,.T.);
#3194=ORIENTED_EDGE('',*,*,#2486,.T.);
#3195=ORIENTED_EDGE('',*,*,#2487,.T.);
#3196=ORIENTED_EDGE('',*,*,#2488,.F.);
#3197=ORIENTED_EDGE('',*,*,#2489,.F.);
#3198=ORIENTED_EDGE('',*,*,#2490,.T.);
#3199=ORIENTED_EDGE('',*,*,#2491,.T.);
#3200=ORIENTED_EDGE('',*,*,#2492,.F.);
#3201=ORIENTED_EDGE('',*,*,#2493,.F.);
#3202=ORIENTED_EDGE('',*,*,#2494,.F.);
#3203=ORIENTED_EDGE('',*,*,#2492,.T.);
#3204=ORIENTED_EDGE('',*,*,#2495,.T.);
#3205=ORIENTED_EDGE('',*,*,#2496,.T.);
#3206=ORIENTED_EDGE('',*,*,#2497,.T.);
#3207=ORIENTED_EDGE('',*,*,#2498,.T.);
#3208=ORIENTED_EDGE('',*,*,#2499,.F.);
#3209=ORIENTED_EDGE('',*,*,#2500,.F.);
#3210=ORIENTED_EDGE('',*,*,#2501,.T.);
#3211=ORIENTED_EDGE('',*,*,#2502,.T.);
#3212=ORIENTED_EDGE('',*,*,#2503,.F.);
#3213=ORIENTED_EDGE('',*,*,#2504,.T.);
#3214=ORIENTED_EDGE('',*,*,#2505,.F.);
#3215=ORIENTED_EDGE('',*,*,#2506,.T.);
#3216=ORIENTED_EDGE('',*,*,#2507,.F.);
#3217=ORIENTED_EDGE('',*,*,#2508,.T.);
#3218=ORIENTED_EDGE('',*,*,#2496,.F.);
#3219=ORIENTED_EDGE('',*,*,#2509,.F.);
#3220=ORIENTED_EDGE('',*,*,#2510,.T.);
#3221=ORIENTED_EDGE('',*,*,#2511,.F.);
#3222=ORIENTED_EDGE('',*,*,#2512,.F.);
#3223=ORIENTED_EDGE('',*,*,#2513,.T.);
#3224=ORIENTED_EDGE('',*,*,#2514,.F.);
#3225=ORIENTED_EDGE('',*,*,#2515,.T.);
#3226=ORIENTED_EDGE('',*,*,#2516,.F.);
#3227=ORIENTED_EDGE('',*,*,#2517,.T.);
#3228=ORIENTED_EDGE('',*,*,#2518,.F.);
#3229=ORIENTED_EDGE('',*,*,#2519,.T.);
#3230=ORIENTED_EDGE('',*,*,#2520,.F.);
#3231=ORIENTED_EDGE('',*,*,#2521,.T.);
#3232=ORIENTED_EDGE('',*,*,#2509,.T.);
#3233=ORIENTED_EDGE('',*,*,#2522,.F.);
#3234=ORIENTED_EDGE('',*,*,#2523,.F.);
#3235=ORIENTED_EDGE('',*,*,#2524,.T.);
#3236=ORIENTED_EDGE('',*,*,#2525,.T.);
#3237=ORIENTED_EDGE('',*,*,#2526,.T.);
#3238=ORIENTED_EDGE('',*,*,#2518,.T.);
#3239=ORIENTED_EDGE('',*,*,#2511,.T.);
#3240=ORIENTED_EDGE('',*,*,#2527,.T.);
#3241=ORIENTED_EDGE('',*,*,#2516,.T.);
#3242=ORIENTED_EDGE('',*,*,#2528,.T.);
#3243=ORIENTED_EDGE('',*,*,#2529,.T.);
#3244=ORIENTED_EDGE('',*,*,#2530,.F.);
#3245=ORIENTED_EDGE('',*,*,#2531,.F.);
#3246=ORIENTED_EDGE('',*,*,#2532,.T.);
#3247=ORIENTED_EDGE('',*,*,#2533,.T.);
#3248=ORIENTED_EDGE('',*,*,#2534,.F.);
#3249=ORIENTED_EDGE('',*,*,#2535,.F.);
#3250=ORIENTED_EDGE('',*,*,#2536,.F.);
#3251=ORIENTED_EDGE('',*,*,#2537,.T.);
#3252=ORIENTED_EDGE('',*,*,#2538,.F.);
#3253=ORIENTED_EDGE('',*,*,#2539,.F.);
#3254=ORIENTED_EDGE('',*,*,#2540,.F.);
#3255=ORIENTED_EDGE('',*,*,#2541,.F.);
#3256=ORIENTED_EDGE('',*,*,#2542,.F.);
#3257=ORIENTED_EDGE('',*,*,#2543,.T.);
#3258=ORIENTED_EDGE('',*,*,#2544,.F.);
#3259=ORIENTED_EDGE('',*,*,#2545,.T.);
#3260=ORIENTED_EDGE('',*,*,#2546,.F.);
#3261=ORIENTED_EDGE('',*,*,#2547,.T.);
#3262=ORIENTED_EDGE('',*,*,#2536,.T.);
#3263=ORIENTED_EDGE('',*,*,#2548,.F.);
#3264=ORIENTED_EDGE('',*,*,#2549,.F.);
#3265=ORIENTED_EDGE('',*,*,#2550,.T.);
#3266=ORIENTED_EDGE('',*,*,#2551,.T.);
#3267=ORIENTED_EDGE('',*,*,#2552,.T.);
#3268=ORIENTED_EDGE('',*,*,#2544,.T.);
#3269=ORIENTED_EDGE('',*,*,#2535,.T.);
#3270=ORIENTED_EDGE('',*,*,#2553,.F.);
#3271=ORIENTED_EDGE('',*,*,#2554,.F.);
#3272=ORIENTED_EDGE('',*,*,#2548,.T.);
#3273=ORIENTED_EDGE('',*,*,#2483,.F.);
#3274=ORIENTED_EDGE('',*,*,#2555,.F.);
#3275=ORIENTED_EDGE('',*,*,#2487,.F.);
#3276=ORIENTED_EDGE('',*,*,#2556,.T.);
#3277=ORIENTED_EDGE('',*,*,#2555,.T.);
#3278=ORIENTED_EDGE('',*,*,#2482,.F.);
#3279=ORIENTED_EDGE('',*,*,#2557,.F.);
#3280=ORIENTED_EDGE('',*,*,#2488,.T.);
#3281=ORIENTED_EDGE('',*,*,#2558,.F.);
#3282=ORIENTED_EDGE('',*,*,#2559,.T.);
#3283=ORIENTED_EDGE('',*,*,#2560,.T.);
#3284=ORIENTED_EDGE('',*,*,#2561,.F.);
#3285=ORIENTED_EDGE('',*,*,#2562,.F.);
#3286=ORIENTED_EDGE('',*,*,#2563,.T.);
#3287=ORIENTED_EDGE('',*,*,#2559,.F.);
#3288=ORIENTED_EDGE('',*,*,#2564,.F.);
#3289=ORIENTED_EDGE('',*,*,#2560,.F.);
#3290=ORIENTED_EDGE('',*,*,#2563,.F.);
#3291=ORIENTED_EDGE('',*,*,#2565,.T.);
#3292=ORIENTED_EDGE('',*,*,#2566,.F.);
#3293=ORIENTED_EDGE('',*,*,#2565,.F.);
#3294=ORIENTED_EDGE('',*,*,#2562,.T.);
#3295=ORIENTED_EDGE('',*,*,#2498,.F.);
#3296=ORIENTED_EDGE('',*,*,#2567,.T.);
#3297=ORIENTED_EDGE('',*,*,#2568,.F.);
#3298=ORIENTED_EDGE('',*,*,#2569,.F.);
#3299=ORIENTED_EDGE('',*,*,#2529,.F.);
#3300=ORIENTED_EDGE('',*,*,#2570,.T.);
#3301=ORIENTED_EDGE('',*,*,#2525,.F.);
#3302=ORIENTED_EDGE('',*,*,#2571,.F.);
#3303=ORIENTED_EDGE('',*,*,#2572,.F.);
#3304=ORIENTED_EDGE('',*,*,#2573,.F.);
#3305=ORIENTED_EDGE('',*,*,#2574,.T.);
#3306=ORIENTED_EDGE('',*,*,#2575,.F.);
#3307=ORIENTED_EDGE('',*,*,#2576,.T.);
#3308=ORIENTED_EDGE('',*,*,#2577,.T.);
#3309=ORIENTED_EDGE('',*,*,#2578,.F.);
#3310=ORIENTED_EDGE('',*,*,#2579,.F.);
#3311=ORIENTED_EDGE('',*,*,#2580,.F.);
#3312=ORIENTED_EDGE('',*,*,#2581,.F.);
#3313=ORIENTED_EDGE('',*,*,#2574,.F.);
#3314=ORIENTED_EDGE('',*,*,#2582,.T.);
#3315=ORIENTED_EDGE('',*,*,#2581,.T.);
#3316=ORIENTED_EDGE('',*,*,#2583,.F.);
#3317=ORIENTED_EDGE('',*,*,#2578,.T.);
#3318=ORIENTED_EDGE('',*,*,#2584,.T.);
#3319=ORIENTED_EDGE('',*,*,#2551,.F.);
#3320=ORIENTED_EDGE('',*,*,#2585,.F.);
#3321=ORIENTED_EDGE('',*,*,#2575,.T.);
#3322=ORIENTED_EDGE('',*,*,#2586,.F.);
#3323=ORIENTED_EDGE('',*,*,#2587,.T.);
#3324=ORIENTED_EDGE('',*,*,#2576,.F.);
#3325=ORIENTED_EDGE('',*,*,#2582,.F.);
#3326=ORIENTED_EDGE('',*,*,#2573,.T.);
#3327=ORIENTED_EDGE('',*,*,#2585,.T.);
#3328=ORIENTED_EDGE('',*,*,#2550,.F.);
#3329=ORIENTED_EDGE('',*,*,#2588,.F.);
#3330=ORIENTED_EDGE('',*,*,#2589,.T.);
#3331=ORIENTED_EDGE('',*,*,#2590,.F.);
#3332=ORIENTED_EDGE('',*,*,#2591,.F.);
#3333=ORIENTED_EDGE('',*,*,#2512,.T.);
#3334=ORIENTED_EDGE('',*,*,#2532,.F.);
#3335=ORIENTED_EDGE('',*,*,#2592,.F.);
#3336=ORIENTED_EDGE('',*,*,#2522,.T.);
#3337=ORIENTED_EDGE('',*,*,#2571,.T.);
#3338=ORIENTED_EDGE('',*,*,#2524,.F.);
#3339=ORIENTED_EDGE('',*,*,#2593,.F.);
#3340=ORIENTED_EDGE('',*,*,#2530,.T.);
#3341=ORIENTED_EDGE('',*,*,#2470,.T.);
#3342=ORIENTED_EDGE('',*,*,#2490,.F.);
#3343=ORIENTED_EDGE('',*,*,#2594,.F.);
#3344=ORIENTED_EDGE('',*,*,#2480,.T.);
#3345=ORIENTED_EDGE('',*,*,#2493,.T.);
#3346=ORIENTED_EDGE('',*,*,#2501,.F.);
#3347=ORIENTED_EDGE('',*,*,#2595,.F.);
#3348=ORIENTED_EDGE('',*,*,#2596,.T.);
#3349=ORIENTED_EDGE('',*,*,#2494,.T.);
#3350=ORIENTED_EDGE('',*,*,#2596,.F.);
#3351=ORIENTED_EDGE('',*,*,#2597,.F.);
#3352=ORIENTED_EDGE('',*,*,#2598,.T.);
#3353=ORIENTED_EDGE('',*,*,#2568,.T.);
#3354=ORIENTED_EDGE('',*,*,#2599,.T.);
#3355=ORIENTED_EDGE('',*,*,#2503,.T.);
#3356=ORIENTED_EDGE('',*,*,#2600,.T.);
#3357=ORIENTED_EDGE('',*,*,#2569,.T.);
#3358=ORIENTED_EDGE('',*,*,#2598,.F.);
#3359=ORIENTED_EDGE('',*,*,#2601,.F.);
#3360=ORIENTED_EDGE('',*,*,#2499,.T.);
#3361=ORIENTED_EDGE('',*,*,#2602,.T.);
#3362=ORIENTED_EDGE('',*,*,#2542,.T.);
#3363=ORIENTED_EDGE('',*,*,#2579,.T.);
#3364=ORIENTED_EDGE('',*,*,#2583,.T.);
#3365=ORIENTED_EDGE('',*,*,#2603,.F.);
#3366=ORIENTED_EDGE('',*,*,#2589,.F.);
#3367=ORIENTED_EDGE('',*,*,#2604,.F.);
#3368=ORIENTED_EDGE('',*,*,#2553,.T.);
#3369=ORIENTED_EDGE('',*,*,#2534,.T.);
#3370=ORIENTED_EDGE('',*,*,#2605,.F.);
#3371=ORIENTED_EDGE('',*,*,#2362,.F.);
#3372=ORIENTED_EDGE('',*,*,#2606,.T.);
#3373=ORIENTED_EDGE('',*,*,#2513,.F.);
#3374=ORIENTED_EDGE('',*,*,#2527,.F.);
#3375=ORIENTED_EDGE('',*,*,#2510,.F.);
#3376=ORIENTED_EDGE('',*,*,#2521,.F.);
#3377=ORIENTED_EDGE('',*,*,#2517,.F.);
#3378=ORIENTED_EDGE('',*,*,#2520,.T.);
#3379=ORIENTED_EDGE('',*,*,#2607,.F.);
#3380=ORIENTED_EDGE('',*,*,#2363,.F.);
#3381=ORIENTED_EDGE('',*,*,#2605,.T.);
#3382=ORIENTED_EDGE('',*,*,#2472,.T.);
#3383=ORIENTED_EDGE('',*,*,#2608,.F.);
#3384=ORIENTED_EDGE('',*,*,#2358,.F.);
#3385=ORIENTED_EDGE('',*,*,#2609,.T.);
#3386=ORIENTED_EDGE('',*,*,#2610,.F.);
#3387=ORIENTED_EDGE('',*,*,#2359,.F.);
#3388=ORIENTED_EDGE('',*,*,#2608,.T.);
#3389=ORIENTED_EDGE('',*,*,#2471,.F.);
#3390=ORIENTED_EDGE('',*,*,#2485,.F.);
#3391=ORIENTED_EDGE('',*,*,#2468,.F.);
#3392=ORIENTED_EDGE('',*,*,#2479,.F.);
#3393=ORIENTED_EDGE('',*,*,#2475,.F.);
#3394=ORIENTED_EDGE('',*,*,#2611,.F.);
#3395=ORIENTED_EDGE('',*,*,#2354,.F.);
#3396=ORIENTED_EDGE('',*,*,#2612,.T.);
#3397=ORIENTED_EDGE('',*,*,#2504,.F.);
#3398=ORIENTED_EDGE('',*,*,#2599,.F.);
#3399=ORIENTED_EDGE('',*,*,#2567,.F.);
#3400=ORIENTED_EDGE('',*,*,#2497,.F.);
#3401=ORIENTED_EDGE('',*,*,#2508,.F.);
#3402=ORIENTED_EDGE('',*,*,#2507,.T.);
#3403=ORIENTED_EDGE('',*,*,#2613,.F.);
#3404=ORIENTED_EDGE('',*,*,#2355,.F.);
#3405=ORIENTED_EDGE('',*,*,#2611,.T.);
#3406=ORIENTED_EDGE('',*,*,#2546,.T.);
#3407=ORIENTED_EDGE('',*,*,#2614,.F.);
#3408=ORIENTED_EDGE('',*,*,#2350,.F.);
#3409=ORIENTED_EDGE('',*,*,#2615,.T.);
#3410=ORIENTED_EDGE('',*,*,#2616,.F.);
#3411=ORIENTED_EDGE('',*,*,#2617,.F.);
#3412=ORIENTED_EDGE('',*,*,#2351,.F.);
#3413=ORIENTED_EDGE('',*,*,#2614,.T.);
#3414=ORIENTED_EDGE('',*,*,#2545,.F.);
#3415=ORIENTED_EDGE('',*,*,#2552,.F.);
#3416=ORIENTED_EDGE('',*,*,#2584,.F.);
#3417=ORIENTED_EDGE('',*,*,#2577,.F.);
#3418=ORIENTED_EDGE('',*,*,#2587,.F.);
#3419=ORIENTED_EDGE('',*,*,#2618,.T.);
#3420=ORIENTED_EDGE('',*,*,#2619,.T.);
#3421=ORIENTED_EDGE('',*,*,#2590,.T.);
#3422=ORIENTED_EDGE('',*,*,#2603,.T.);
#3423=ORIENTED_EDGE('',*,*,#2580,.T.);
#3424=ORIENTED_EDGE('',*,*,#2541,.T.);
#3425=ORIENTED_EDGE('',*,*,#2540,.T.);
#3426=ORIENTED_EDGE('',*,*,#2620,.T.);
#3427=ORIENTED_EDGE('',*,*,#2621,.T.);
#3428=ORIENTED_EDGE('',*,*,#2616,.T.);
#3429=ORIENTED_EDGE('',*,*,#2586,.T.);
#3430=ORIENTED_EDGE('',*,*,#2572,.T.);
#3431=ORIENTED_EDGE('',*,*,#2591,.T.);
#3432=ORIENTED_EDGE('',*,*,#2619,.F.);
#3433=ORIENTED_EDGE('',*,*,#2622,.T.);
#3434=ORIENTED_EDGE('',*,*,#2623,.T.);
#3435=ORIENTED_EDGE('',*,*,#2624,.T.);
#3436=ORIENTED_EDGE('',*,*,#2625,.T.);
#3437=ORIENTED_EDGE('',*,*,#2626,.T.);
#3438=ORIENTED_EDGE('',*,*,#2627,.T.);
#3439=ORIENTED_EDGE('',*,*,#2628,.T.);
#3440=ORIENTED_EDGE('',*,*,#2628,.F.);
#3441=ORIENTED_EDGE('',*,*,#2629,.T.);
#3442=ORIENTED_EDGE('',*,*,#2630,.F.);
#3443=ORIENTED_EDGE('',*,*,#2444,.T.);
#3444=ORIENTED_EDGE('',*,*,#2631,.T.);
#3445=ORIENTED_EDGE('',*,*,#2632,.F.);
#3446=ORIENTED_EDGE('',*,*,#2449,.F.);
#3447=ORIENTED_EDGE('',*,*,#2633,.F.);
#3448=ORIENTED_EDGE('',*,*,#2367,.F.);
#3449=ORIENTED_EDGE('',*,*,#2634,.T.);
#3450=ORIENTED_EDGE('',*,*,#2635,.F.);
#3451=ORIENTED_EDGE('',*,*,#2629,.F.);
#3452=ORIENTED_EDGE('',*,*,#2627,.F.);
#3453=ORIENTED_EDGE('',*,*,#2636,.F.);
#3454=ORIENTED_EDGE('',*,*,#2637,.F.);
#3455=ORIENTED_EDGE('',*,*,#2638,.F.);
#3456=ORIENTED_EDGE('',*,*,#2639,.F.);
#3457=ORIENTED_EDGE('',*,*,#2640,.F.);
#3458=ORIENTED_EDGE('',*,*,#2641,.F.);
#3459=ORIENTED_EDGE('',*,*,#2642,.F.);
#3460=ORIENTED_EDGE('',*,*,#2632,.T.);
#3461=ORIENTED_EDGE('',*,*,#2626,.F.);
#3462=ORIENTED_EDGE('',*,*,#2643,.T.);
#3463=ORIENTED_EDGE('',*,*,#2458,.T.);
#3464=ORIENTED_EDGE('',*,*,#2450,.F.);
#3465=ORIENTED_EDGE('',*,*,#2644,.T.);
#3466=ORIENTED_EDGE('',*,*,#2645,.T.);
#3467=ORIENTED_EDGE('',*,*,#2646,.T.);
#3468=ORIENTED_EDGE('',*,*,#2647,.T.);
#3469=ORIENTED_EDGE('',*,*,#2648,.T.);
#3470=ORIENTED_EDGE('',*,*,#2456,.T.);
#3471=ORIENTED_EDGE('',*,*,#2457,.T.);
#3472=ORIENTED_EDGE('',*,*,#2648,.F.);
#3473=ORIENTED_EDGE('',*,*,#2649,.F.);
#3474=ORIENTED_EDGE('',*,*,#2650,.F.);
#3475=ORIENTED_EDGE('',*,*,#2651,.F.);
#3476=ORIENTED_EDGE('',*,*,#2652,.F.);
#3477=ORIENTED_EDGE('',*,*,#2370,.F.);
#3478=ORIENTED_EDGE('',*,*,#2653,.T.);
#3479=ORIENTED_EDGE('',*,*,#2654,.T.);
#3480=ORIENTED_EDGE('',*,*,#2653,.F.);
#3481=ORIENTED_EDGE('',*,*,#2369,.F.);
#3482=ORIENTED_EDGE('',*,*,#2655,.T.);
#3483=ORIENTED_EDGE('',*,*,#2447,.T.);
#3484=ORIENTED_EDGE('',*,*,#2647,.F.);
#3485=ORIENTED_EDGE('',*,*,#2656,.T.);
#3486=ORIENTED_EDGE('',*,*,#2442,.T.);
#3487=ORIENTED_EDGE('',*,*,#2657,.F.);
#3488=ORIENTED_EDGE('',*,*,#2649,.T.);
#3489=ORIENTED_EDGE('',*,*,#2623,.F.);
#3490=ORIENTED_EDGE('',*,*,#2631,.F.);
#3491=ORIENTED_EDGE('',*,*,#2443,.T.);
#3492=ORIENTED_EDGE('',*,*,#2656,.F.);
#3493=ORIENTED_EDGE('',*,*,#2646,.F.);
#3494=ORIENTED_EDGE('',*,*,#2658,.T.);
#3495=ORIENTED_EDGE('',*,*,#2659,.T.);
#3496=ORIENTED_EDGE('',*,*,#2439,.T.);
#3497=ORIENTED_EDGE('',*,*,#2440,.T.);
#3498=ORIENTED_EDGE('',*,*,#2659,.F.);
#3499=ORIENTED_EDGE('',*,*,#2642,.T.);
#3500=ORIENTED_EDGE('',*,*,#2625,.F.);
#3501=ORIENTED_EDGE('',*,*,#2660,.T.);
#3502=ORIENTED_EDGE('',*,*,#2644,.F.);
#3503=ORIENTED_EDGE('',*,*,#2455,.F.);
#3504=ORIENTED_EDGE('',*,*,#2459,.T.);
#3505=ORIENTED_EDGE('',*,*,#2643,.F.);
#3506=ORIENTED_EDGE('',*,*,#2661,.F.);
#3507=ORIENTED_EDGE('',*,*,#2650,.T.);
#3508=ORIENTED_EDGE('',*,*,#2657,.T.);
#3509=ORIENTED_EDGE('',*,*,#2441,.T.);
#3510=ORIENTED_EDGE('',*,*,#2630,.T.);
#3511=ORIENTED_EDGE('',*,*,#2635,.T.);
#3512=ORIENTED_EDGE('',*,*,#2624,.F.);
#3513=ORIENTED_EDGE('',*,*,#2658,.F.);
#3514=ORIENTED_EDGE('',*,*,#2645,.F.);
#3515=ORIENTED_EDGE('',*,*,#2660,.F.);
#3516=ORIENTED_EDGE('',*,*,#2662,.T.);
#3517=ORIENTED_EDGE('',*,*,#2663,.T.);
#3518=ORIENTED_EDGE('',*,*,#2640,.T.);
#3519=ORIENTED_EDGE('',*,*,#2664,.F.);
#3520=ORIENTED_EDGE('',*,*,#2636,.T.);
#3521=ORIENTED_EDGE('',*,*,#2665,.T.);
#3522=ORIENTED_EDGE('',*,*,#2666,.T.);
#3523=ORIENTED_EDGE('',*,*,#2667,.T.);
#3524=ORIENTED_EDGE('',*,*,#2668,.T.);
#3525=ORIENTED_EDGE('',*,*,#2669,.T.);
#3526=ORIENTED_EDGE('',*,*,#2670,.T.);
#3527=ORIENTED_EDGE('',*,*,#2665,.F.);
#3528=ORIENTED_EDGE('',*,*,#2641,.T.);
#3529=ORIENTED_EDGE('',*,*,#2663,.F.);
#3530=ORIENTED_EDGE('',*,*,#2637,.T.);
#3531=ORIENTED_EDGE('',*,*,#2669,.F.);
#3532=ORIENTED_EDGE('',*,*,#2671,.F.);
#3533=ORIENTED_EDGE('',*,*,#2672,.T.);
#3534=ORIENTED_EDGE('',*,*,#2638,.T.);
#3535=ORIENTED_EDGE('',*,*,#2672,.F.);
#3536=ORIENTED_EDGE('',*,*,#2673,.T.);
#3537=ORIENTED_EDGE('',*,*,#2674,.T.);
#3538=ORIENTED_EDGE('',*,*,#2639,.T.);
#3539=ORIENTED_EDGE('',*,*,#2674,.F.);
#3540=ORIENTED_EDGE('',*,*,#2675,.T.);
#3541=ORIENTED_EDGE('',*,*,#2676,.T.);
#3542=ORIENTED_EDGE('',*,*,#2677,.T.);
#3543=ORIENTED_EDGE('',*,*,#2664,.T.);
#3544=ORIENTED_EDGE('',*,*,#2673,.F.);
#3545=ORIENTED_EDGE('',*,*,#2678,.F.);
#3546=ORIENTED_EDGE('',*,*,#2679,.T.);
#3547=ORIENTED_EDGE('',*,*,#2680,.T.);
#3548=ORIENTED_EDGE('',*,*,#2675,.F.);
#3549=ORIENTED_EDGE('',*,*,#2671,.T.);
#3550=ORIENTED_EDGE('',*,*,#2668,.F.);
#3551=ORIENTED_EDGE('',*,*,#2681,.F.);
#3552=ORIENTED_EDGE('',*,*,#2682,.T.);
#3553=ORIENTED_EDGE('',*,*,#2678,.T.);
#3554=ORIENTED_EDGE('',*,*,#2667,.F.);
#3555=ORIENTED_EDGE('',*,*,#2683,.F.);
#3556=ORIENTED_EDGE('',*,*,#2684,.T.);
#3557=ORIENTED_EDGE('',*,*,#2681,.T.);
#3558=ORIENTED_EDGE('',*,*,#2437,.T.);
#3559=ORIENTED_EDGE('',*,*,#2685,.F.);
#3560=ORIENTED_EDGE('',*,*,#2445,.F.);
#3561=ORIENTED_EDGE('',*,*,#2686,.T.);
#3562=ORIENTED_EDGE('',*,*,#2685,.T.);
#3563=ORIENTED_EDGE('',*,*,#2686,.F.);
#3564=ORIENTED_EDGE('',*,*,#2676,.F.);
#3565=ORIENTED_EDGE('',*,*,#2680,.F.);
#3566=ORIENTED_EDGE('',*,*,#2687,.T.);
#3567=ORIENTED_EDGE('',*,*,#2688,.T.);
#3568=ORIENTED_EDGE('',*,*,#2662,.F.);
#3569=ORIENTED_EDGE('',*,*,#2677,.F.);
#3570=ORIENTED_EDGE('',*,*,#2688,.F.);
#3571=ORIENTED_EDGE('',*,*,#2689,.T.);
#3572=ORIENTED_EDGE('',*,*,#2690,.T.);
#3573=ORIENTED_EDGE('',*,*,#2670,.F.);
#3574=ORIENTED_EDGE('',*,*,#2690,.F.);
#3575=ORIENTED_EDGE('',*,*,#2691,.T.);
#3576=ORIENTED_EDGE('',*,*,#2683,.T.);
#3577=ORIENTED_EDGE('',*,*,#2666,.F.);
#3578=ORIENTED_EDGE('',*,*,#2691,.F.);
#3579=ORIENTED_EDGE('',*,*,#2689,.F.);
#3580=ORIENTED_EDGE('',*,*,#2687,.F.);
#3581=ORIENTED_EDGE('',*,*,#2679,.F.);
#3582=ORIENTED_EDGE('',*,*,#2682,.F.);
#3583=ORIENTED_EDGE('',*,*,#2684,.F.);
#3584=ORIENTED_EDGE('',*,*,#2692,.F.);
#3585=ORIENTED_EDGE('',*,*,#2460,.F.);
#3586=ORIENTED_EDGE('',*,*,#2693,.T.);
#3587=ORIENTED_EDGE('',*,*,#2692,.T.);
#3588=ORIENTED_EDGE('',*,*,#2693,.F.);
#3589=ORIENTED_EDGE('',*,*,#2694,.T.);
#3590=ORIENTED_EDGE('',*,*,#2651,.T.);
#3591=ORIENTED_EDGE('',*,*,#2661,.T.);
#3592=ORIENTED_EDGE('',*,*,#2366,.F.);
#3593=ORIENTED_EDGE('',*,*,#2652,.T.);
#3594=ORIENTED_EDGE('',*,*,#2694,.F.);
#3595=ORIENTED_EDGE('',*,*,#2634,.F.);
#3596=ORIENTED_EDGE('',*,*,#2448,.T.);
#3597=ORIENTED_EDGE('',*,*,#2655,.F.);
#3598=ORIENTED_EDGE('',*,*,#2368,.F.);
#3599=ORIENTED_EDGE('',*,*,#2633,.T.);
#3600=ORIENTED_EDGE('',*,*,#2695,.T.);
#3601=ORIENTED_EDGE('',*,*,#2464,.T.);
#3602=ORIENTED_EDGE('',*,*,#2696,.T.);
#3603=ORIENTED_EDGE('',*,*,#2344,.T.);
#3604=ORIENTED_EDGE('',*,*,#2697,.T.);
#3605=ORIENTED_EDGE('',*,*,#2698,.T.);
#3606=ORIENTED_EDGE('',*,*,#2699,.T.);
#3607=ORIENTED_EDGE('',*,*,#2697,.F.);
#3608=ORIENTED_EDGE('',*,*,#2700,.T.);
#3609=ORIENTED_EDGE('',*,*,#2701,.F.);
#3610=ORIENTED_EDGE('',*,*,#2346,.F.);
#3611=ORIENTED_EDGE('',*,*,#2702,.T.);
#3612=ORIENTED_EDGE('',*,*,#2436,.T.);
#3613=ORIENTED_EDGE('',*,*,#2435,.F.);
#3614=ORIENTED_EDGE('',*,*,#2703,.F.);
#3615=ORIENTED_EDGE('',*,*,#2704,.F.);
#3616=ORIENTED_EDGE('',*,*,#2705,.F.);
#3617=ORIENTED_EDGE('',*,*,#2706,.F.);
#3618=ORIENTED_EDGE('',*,*,#2707,.F.);
#3619=ORIENTED_EDGE('',*,*,#2708,.F.);
#3620=ORIENTED_EDGE('',*,*,#2709,.F.);
#3621=ORIENTED_EDGE('',*,*,#2710,.F.);
#3622=ORIENTED_EDGE('',*,*,#2711,.F.);
#3623=ORIENTED_EDGE('',*,*,#2700,.F.);
#3624=ORIENTED_EDGE('',*,*,#2712,.F.);
#3625=ORIENTED_EDGE('',*,*,#2713,.T.);
#3626=ORIENTED_EDGE('',*,*,#2698,.F.);
#3627=ORIENTED_EDGE('',*,*,#2699,.F.);
#3628=ORIENTED_EDGE('',*,*,#2713,.F.);
#3629=ORIENTED_EDGE('',*,*,#2714,.F.);
#3630=ORIENTED_EDGE('',*,*,#2715,.F.);
#3631=ORIENTED_EDGE('',*,*,#2716,.F.);
#3632=ORIENTED_EDGE('',*,*,#2717,.F.);
#3633=ORIENTED_EDGE('',*,*,#2718,.F.);
#3634=ORIENTED_EDGE('',*,*,#2719,.F.);
#3635=ORIENTED_EDGE('',*,*,#2715,.T.);
#3636=ORIENTED_EDGE('',*,*,#2705,.T.);
#3637=ORIENTED_EDGE('',*,*,#2718,.T.);
#3638=ORIENTED_EDGE('',*,*,#2720,.T.);
#3639=ORIENTED_EDGE('',*,*,#2452,.T.);
#3640=ORIENTED_EDGE('',*,*,#2432,.F.);
#3641=ORIENTED_EDGE('',*,*,#2428,.F.);
#3642=ORIENTED_EDGE('',*,*,#2721,.F.);
#3643=ORIENTED_EDGE('',*,*,#2719,.T.);
#3644=ORIENTED_EDGE('',*,*,#2704,.T.);
#3645=ORIENTED_EDGE('',*,*,#2722,.T.);
#3646=ORIENTED_EDGE('',*,*,#2716,.T.);
#3647=ORIENTED_EDGE('',*,*,#2723,.T.);
#3648=ORIENTED_EDGE('',*,*,#2724,.T.);
#3649=ORIENTED_EDGE('',*,*,#2725,.T.);
#3650=ORIENTED_EDGE('',*,*,#2726,.T.);
#3651=ORIENTED_EDGE('',*,*,#2333,.T.);
#3652=ORIENTED_EDGE('',*,*,#2466,.T.);
#3653=ORIENTED_EDGE('',*,*,#2724,.F.);
#3654=ORIENTED_EDGE('',*,*,#2727,.T.);
#3655=ORIENTED_EDGE('',*,*,#2717,.T.);
#3656=ORIENTED_EDGE('',*,*,#2728,.T.);
#3657=ORIENTED_EDGE('',*,*,#2726,.F.);
#3658=ORIENTED_EDGE('',*,*,#2347,.T.);
#3659=ORIENTED_EDGE('',*,*,#2701,.T.);
#3660=ORIENTED_EDGE('',*,*,#2714,.T.);
#3661=ORIENTED_EDGE('',*,*,#2729,.T.);
#3662=ORIENTED_EDGE('',*,*,#2434,.T.);
#3663=ORIENTED_EDGE('',*,*,#2453,.T.);
#3664=ORIENTED_EDGE('',*,*,#2703,.T.);
#3665=ORIENTED_EDGE('',*,*,#2729,.F.);
#3666=ORIENTED_EDGE('',*,*,#2722,.F.);
#3667=ORIENTED_EDGE('',*,*,#2465,.F.);
#3668=ORIENTED_EDGE('',*,*,#2695,.F.);
#3669=ORIENTED_EDGE('',*,*,#2348,.F.);
#3670=ORIENTED_EDGE('',*,*,#2730,.T.);
#3671=ORIENTED_EDGE('',*,*,#2721,.T.);
#3672=ORIENTED_EDGE('',*,*,#2431,.F.);
#3673=ORIENTED_EDGE('',*,*,#2334,.F.);
#3674=ORIENTED_EDGE('',*,*,#2728,.F.);
#3675=ORIENTED_EDGE('',*,*,#2731,.T.);
#3676=ORIENTED_EDGE('',*,*,#2720,.F.);
#3677=ORIENTED_EDGE('',*,*,#2727,.F.);
#3678=ORIENTED_EDGE('',*,*,#2725,.F.);
#3679=ORIENTED_EDGE('',*,*,#2723,.F.);
#3680=ORIENTED_EDGE('',*,*,#2710,.T.);
#3681=ORIENTED_EDGE('',*,*,#2732,.T.);
#3682=ORIENTED_EDGE('',*,*,#2733,.T.);
#3683=ORIENTED_EDGE('',*,*,#2734,.T.);
#3684=ORIENTED_EDGE('',*,*,#2735,.T.);
#3685=ORIENTED_EDGE('',*,*,#2736,.T.);
#3686=ORIENTED_EDGE('',*,*,#2737,.T.);
#3687=ORIENTED_EDGE('',*,*,#2738,.T.);
#3688=ORIENTED_EDGE('',*,*,#2706,.T.);
#3689=ORIENTED_EDGE('',*,*,#2739,.F.);
#3690=ORIENTED_EDGE('',*,*,#2740,.T.);
#3691=ORIENTED_EDGE('',*,*,#2741,.T.);
#3692=ORIENTED_EDGE('',*,*,#2742,.T.);
#3693=ORIENTED_EDGE('',*,*,#2707,.T.);
#3694=ORIENTED_EDGE('',*,*,#2738,.F.);
#3695=ORIENTED_EDGE('',*,*,#2743,.T.);
#3696=ORIENTED_EDGE('',*,*,#2708,.T.);
#3697=ORIENTED_EDGE('',*,*,#2742,.F.);
#3698=ORIENTED_EDGE('',*,*,#2744,.F.);
#3699=ORIENTED_EDGE('',*,*,#2745,.T.);
#3700=ORIENTED_EDGE('',*,*,#2709,.T.);
#3701=ORIENTED_EDGE('',*,*,#2745,.F.);
#3702=ORIENTED_EDGE('',*,*,#2746,.T.);
#3703=ORIENTED_EDGE('',*,*,#2732,.F.);
#3704=ORIENTED_EDGE('',*,*,#2711,.T.);
#3705=ORIENTED_EDGE('',*,*,#2736,.F.);
#3706=ORIENTED_EDGE('',*,*,#2747,.F.);
#3707=ORIENTED_EDGE('',*,*,#2739,.T.);
#3708=ORIENTED_EDGE('',*,*,#2734,.F.);
#3709=ORIENTED_EDGE('',*,*,#2748,.F.);
#3710=ORIENTED_EDGE('',*,*,#2749,.T.);
#3711=ORIENTED_EDGE('',*,*,#2750,.T.);
#3712=ORIENTED_EDGE('',*,*,#2746,.F.);
#3713=ORIENTED_EDGE('',*,*,#2751,.F.);
#3714=ORIENTED_EDGE('',*,*,#2752,.T.);
#3715=ORIENTED_EDGE('',*,*,#2748,.T.);
#3716=ORIENTED_EDGE('',*,*,#2733,.F.);
#3717=ORIENTED_EDGE('',*,*,#2744,.T.);
#3718=ORIENTED_EDGE('',*,*,#2741,.F.);
#3719=ORIENTED_EDGE('',*,*,#2753,.F.);
#3720=ORIENTED_EDGE('',*,*,#2754,.T.);
#3721=ORIENTED_EDGE('',*,*,#2751,.T.);
#3722=ORIENTED_EDGE('',*,*,#2712,.T.);
#3723=ORIENTED_EDGE('',*,*,#2755,.F.);
#3724=ORIENTED_EDGE('',*,*,#2730,.F.);
#3725=ORIENTED_EDGE('',*,*,#2756,.T.);
#3726=ORIENTED_EDGE('',*,*,#2755,.T.);
#3727=ORIENTED_EDGE('',*,*,#2756,.F.);
#3728=ORIENTED_EDGE('',*,*,#2740,.F.);
#3729=ORIENTED_EDGE('',*,*,#2757,.F.);
#3730=ORIENTED_EDGE('',*,*,#2758,.T.);
#3731=ORIENTED_EDGE('',*,*,#2753,.T.);
#3732=ORIENTED_EDGE('',*,*,#2747,.T.);
#3733=ORIENTED_EDGE('',*,*,#2735,.F.);
#3734=ORIENTED_EDGE('',*,*,#2750,.F.);
#3735=ORIENTED_EDGE('',*,*,#2759,.T.);
#3736=ORIENTED_EDGE('',*,*,#2760,.T.);
#3737=ORIENTED_EDGE('',*,*,#2737,.F.);
#3738=ORIENTED_EDGE('',*,*,#2760,.F.);
#3739=ORIENTED_EDGE('',*,*,#2761,.T.);
#3740=ORIENTED_EDGE('',*,*,#2757,.T.);
#3741=ORIENTED_EDGE('',*,*,#2743,.F.);
#3742=ORIENTED_EDGE('',*,*,#2752,.F.);
#3743=ORIENTED_EDGE('',*,*,#2754,.F.);
#3744=ORIENTED_EDGE('',*,*,#2758,.F.);
#3745=ORIENTED_EDGE('',*,*,#2761,.F.);
#3746=ORIENTED_EDGE('',*,*,#2759,.F.);
#3747=ORIENTED_EDGE('',*,*,#2749,.F.);
#3748=ORIENTED_EDGE('',*,*,#2762,.F.);
#3749=ORIENTED_EDGE('',*,*,#2731,.F.);
#3750=ORIENTED_EDGE('',*,*,#2763,.T.);
#3751=ORIENTED_EDGE('',*,*,#2762,.T.);
#3752=ORIENTED_EDGE('',*,*,#2763,.F.);
#3753=ORIENTED_EDGE('',*,*,#2430,.T.);
#3754=ORIENTED_EDGE('',*,*,#2702,.F.);
#3755=ORIENTED_EDGE('',*,*,#2345,.F.);
#3756=ORIENTED_EDGE('',*,*,#2696,.F.);
#3757=ORIENTED_EDGE('',*,*,#2461,.T.);
#3758=ORIENTED_EDGE('',*,*,#2764,.F.);
#3759=ORIENTED_EDGE('',*,*,#2765,.T.);
#3760=ORIENTED_EDGE('',*,*,#2766,.T.);
#3761=ORIENTED_EDGE('',*,*,#2767,.F.);
#3762=ORIENTED_EDGE('',*,*,#2768,.F.);
#3763=ORIENTED_EDGE('',*,*,#2769,.T.);
#3764=ORIENTED_EDGE('',*,*,#2770,.T.);
#3765=ORIENTED_EDGE('',*,*,#2765,.F.);
#3766=ORIENTED_EDGE('',*,*,#2771,.F.);
#3767=ORIENTED_EDGE('',*,*,#2772,.T.);
#3768=ORIENTED_EDGE('',*,*,#2773,.T.);
#3769=ORIENTED_EDGE('',*,*,#2769,.F.);
#3770=ORIENTED_EDGE('',*,*,#2774,.F.);
#3771=ORIENTED_EDGE('',*,*,#2775,.T.);
#3772=ORIENTED_EDGE('',*,*,#2776,.T.);
#3773=ORIENTED_EDGE('',*,*,#2772,.F.);
#3774=ORIENTED_EDGE('',*,*,#2777,.F.);
#3775=ORIENTED_EDGE('',*,*,#2778,.T.);
#3776=ORIENTED_EDGE('',*,*,#2779,.T.);
#3777=ORIENTED_EDGE('',*,*,#2775,.F.);
#3778=ORIENTED_EDGE('',*,*,#2780,.F.);
#3779=ORIENTED_EDGE('',*,*,#2781,.T.);
#3780=ORIENTED_EDGE('',*,*,#2782,.T.);
#3781=ORIENTED_EDGE('',*,*,#2778,.F.);
#3782=ORIENTED_EDGE('',*,*,#2783,.F.);
#3783=ORIENTED_EDGE('',*,*,#2784,.T.);
#3784=ORIENTED_EDGE('',*,*,#2785,.T.);
#3785=ORIENTED_EDGE('',*,*,#2781,.F.);
#3786=ORIENTED_EDGE('',*,*,#2786,.F.);
#3787=ORIENTED_EDGE('',*,*,#2787,.T.);
#3788=ORIENTED_EDGE('',*,*,#2788,.T.);
#3789=ORIENTED_EDGE('',*,*,#2784,.F.);
#3790=ORIENTED_EDGE('',*,*,#2789,.F.);
#3791=ORIENTED_EDGE('',*,*,#2790,.T.);
#3792=ORIENTED_EDGE('',*,*,#2791,.T.);
#3793=ORIENTED_EDGE('',*,*,#2787,.F.);
#3794=ORIENTED_EDGE('',*,*,#2792,.F.);
#3795=ORIENTED_EDGE('',*,*,#2793,.T.);
#3796=ORIENTED_EDGE('',*,*,#2794,.T.);
#3797=ORIENTED_EDGE('',*,*,#2790,.F.);
#3798=ORIENTED_EDGE('',*,*,#2795,.F.);
#3799=ORIENTED_EDGE('',*,*,#2796,.T.);
#3800=ORIENTED_EDGE('',*,*,#2797,.T.);
#3801=ORIENTED_EDGE('',*,*,#2793,.F.);
#3802=ORIENTED_EDGE('',*,*,#2798,.F.);
#3803=ORIENTED_EDGE('',*,*,#2799,.T.);
#3804=ORIENTED_EDGE('',*,*,#2800,.T.);
#3805=ORIENTED_EDGE('',*,*,#2796,.F.);
#3806=ORIENTED_EDGE('',*,*,#2801,.F.);
#3807=ORIENTED_EDGE('',*,*,#2802,.T.);
#3808=ORIENTED_EDGE('',*,*,#2803,.T.);
#3809=ORIENTED_EDGE('',*,*,#2799,.F.);
#3810=ORIENTED_EDGE('',*,*,#2804,.F.);
#3811=ORIENTED_EDGE('',*,*,#2805,.T.);
#3812=ORIENTED_EDGE('',*,*,#2806,.T.);
#3813=ORIENTED_EDGE('',*,*,#2802,.F.);
#3814=ORIENTED_EDGE('',*,*,#2807,.F.);
#3815=ORIENTED_EDGE('',*,*,#2808,.T.);
#3816=ORIENTED_EDGE('',*,*,#2809,.T.);
#3817=ORIENTED_EDGE('',*,*,#2805,.F.);
#3818=ORIENTED_EDGE('',*,*,#2810,.F.);
#3819=ORIENTED_EDGE('',*,*,#2811,.T.);
#3820=ORIENTED_EDGE('',*,*,#2812,.T.);
#3821=ORIENTED_EDGE('',*,*,#2808,.F.);
#3822=ORIENTED_EDGE('',*,*,#2813,.F.);
#3823=ORIENTED_EDGE('',*,*,#2814,.T.);
#3824=ORIENTED_EDGE('',*,*,#2815,.T.);
#3825=ORIENTED_EDGE('',*,*,#2811,.F.);
#3826=ORIENTED_EDGE('',*,*,#2816,.F.);
#3827=ORIENTED_EDGE('',*,*,#2817,.T.);
#3828=ORIENTED_EDGE('',*,*,#2818,.T.);
#3829=ORIENTED_EDGE('',*,*,#2814,.F.);
#3830=ORIENTED_EDGE('',*,*,#2819,.F.);
#3831=ORIENTED_EDGE('',*,*,#2820,.T.);
#3832=ORIENTED_EDGE('',*,*,#2821,.T.);
#3833=ORIENTED_EDGE('',*,*,#2817,.F.);
#3834=ORIENTED_EDGE('',*,*,#2822,.F.);
#3835=ORIENTED_EDGE('',*,*,#2823,.T.);
#3836=ORIENTED_EDGE('',*,*,#2824,.T.);
#3837=ORIENTED_EDGE('',*,*,#2820,.F.);
#3838=ORIENTED_EDGE('',*,*,#2825,.F.);
#3839=ORIENTED_EDGE('',*,*,#2826,.T.);
#3840=ORIENTED_EDGE('',*,*,#2827,.T.);
#3841=ORIENTED_EDGE('',*,*,#2823,.F.);
#3842=ORIENTED_EDGE('',*,*,#2828,.F.);
#3843=ORIENTED_EDGE('',*,*,#2829,.T.);
#3844=ORIENTED_EDGE('',*,*,#2830,.T.);
#3845=ORIENTED_EDGE('',*,*,#2826,.F.);
#3846=ORIENTED_EDGE('',*,*,#2831,.F.);
#3847=ORIENTED_EDGE('',*,*,#2832,.T.);
#3848=ORIENTED_EDGE('',*,*,#2833,.T.);
#3849=ORIENTED_EDGE('',*,*,#2829,.F.);
#3850=ORIENTED_EDGE('',*,*,#2834,.F.);
#3851=ORIENTED_EDGE('',*,*,#2835,.T.);
#3852=ORIENTED_EDGE('',*,*,#2836,.T.);
#3853=ORIENTED_EDGE('',*,*,#2832,.F.);
#3854=ORIENTED_EDGE('',*,*,#2837,.F.);
#3855=ORIENTED_EDGE('',*,*,#2838,.T.);
#3856=ORIENTED_EDGE('',*,*,#2839,.T.);
#3857=ORIENTED_EDGE('',*,*,#2835,.F.);
#3858=ORIENTED_EDGE('',*,*,#2840,.F.);
#3859=ORIENTED_EDGE('',*,*,#2841,.T.);
#3860=ORIENTED_EDGE('',*,*,#2842,.T.);
#3861=ORIENTED_EDGE('',*,*,#2838,.F.);
#3862=ORIENTED_EDGE('',*,*,#2843,.F.);
#3863=ORIENTED_EDGE('',*,*,#2844,.T.);
#3864=ORIENTED_EDGE('',*,*,#2845,.T.);
#3865=ORIENTED_EDGE('',*,*,#2841,.F.);
#3866=ORIENTED_EDGE('',*,*,#2846,.F.);
#3867=ORIENTED_EDGE('',*,*,#2847,.T.);
#3868=ORIENTED_EDGE('',*,*,#2848,.T.);
#3869=ORIENTED_EDGE('',*,*,#2844,.F.);
#3870=ORIENTED_EDGE('',*,*,#2849,.F.);
#3871=ORIENTED_EDGE('',*,*,#2850,.T.);
#3872=ORIENTED_EDGE('',*,*,#2851,.T.);
#3873=ORIENTED_EDGE('',*,*,#2847,.F.);
#3874=ORIENTED_EDGE('',*,*,#2852,.F.);
#3875=ORIENTED_EDGE('',*,*,#2853,.T.);
#3876=ORIENTED_EDGE('',*,*,#2854,.T.);
#3877=ORIENTED_EDGE('',*,*,#2850,.F.);
#3878=ORIENTED_EDGE('',*,*,#2855,.F.);
#3879=ORIENTED_EDGE('',*,*,#2856,.T.);
#3880=ORIENTED_EDGE('',*,*,#2857,.T.);
#3881=ORIENTED_EDGE('',*,*,#2853,.F.);
#3882=ORIENTED_EDGE('',*,*,#2858,.F.);
#3883=ORIENTED_EDGE('',*,*,#2859,.T.);
#3884=ORIENTED_EDGE('',*,*,#2860,.T.);
#3885=ORIENTED_EDGE('',*,*,#2856,.F.);
#3886=ORIENTED_EDGE('',*,*,#2861,.F.);
#3887=ORIENTED_EDGE('',*,*,#2862,.T.);
#3888=ORIENTED_EDGE('',*,*,#2863,.T.);
#3889=ORIENTED_EDGE('',*,*,#2859,.F.);
#3890=ORIENTED_EDGE('',*,*,#2864,.F.);
#3891=ORIENTED_EDGE('',*,*,#2865,.T.);
#3892=ORIENTED_EDGE('',*,*,#2866,.T.);
#3893=ORIENTED_EDGE('',*,*,#2862,.F.);
#3894=ORIENTED_EDGE('',*,*,#2867,.F.);
#3895=ORIENTED_EDGE('',*,*,#2868,.T.);
#3896=ORIENTED_EDGE('',*,*,#2869,.T.);
#3897=ORIENTED_EDGE('',*,*,#2865,.F.);
#3898=ORIENTED_EDGE('',*,*,#2870,.F.);
#3899=ORIENTED_EDGE('',*,*,#2871,.T.);
#3900=ORIENTED_EDGE('',*,*,#2872,.T.);
#3901=ORIENTED_EDGE('',*,*,#2868,.F.);
#3902=ORIENTED_EDGE('',*,*,#2873,.F.);
#3903=ORIENTED_EDGE('',*,*,#2874,.T.);
#3904=ORIENTED_EDGE('',*,*,#2875,.T.);
#3905=ORIENTED_EDGE('',*,*,#2871,.F.);
#3906=ORIENTED_EDGE('',*,*,#2876,.F.);
#3907=ORIENTED_EDGE('',*,*,#2877,.T.);
#3908=ORIENTED_EDGE('',*,*,#2878,.T.);
#3909=ORIENTED_EDGE('',*,*,#2874,.F.);
#3910=ORIENTED_EDGE('',*,*,#2879,.F.);
#3911=ORIENTED_EDGE('',*,*,#2880,.T.);
#3912=ORIENTED_EDGE('',*,*,#2881,.T.);
#3913=ORIENTED_EDGE('',*,*,#2877,.F.);
#3914=ORIENTED_EDGE('',*,*,#2882,.F.);
#3915=ORIENTED_EDGE('',*,*,#2883,.T.);
#3916=ORIENTED_EDGE('',*,*,#2884,.T.);
#3917=ORIENTED_EDGE('',*,*,#2880,.F.);
#3918=ORIENTED_EDGE('',*,*,#2885,.F.);
#3919=ORIENTED_EDGE('',*,*,#2886,.T.);
#3920=ORIENTED_EDGE('',*,*,#2887,.T.);
#3921=ORIENTED_EDGE('',*,*,#2883,.F.);
#3922=ORIENTED_EDGE('',*,*,#2888,.F.);
#3923=ORIENTED_EDGE('',*,*,#2889,.T.);
#3924=ORIENTED_EDGE('',*,*,#2890,.T.);
#3925=ORIENTED_EDGE('',*,*,#2886,.F.);
#3926=ORIENTED_EDGE('',*,*,#2891,.F.);
#3927=ORIENTED_EDGE('',*,*,#2892,.T.);
#3928=ORIENTED_EDGE('',*,*,#2893,.T.);
#3929=ORIENTED_EDGE('',*,*,#2889,.F.);
#3930=ORIENTED_EDGE('',*,*,#2894,.F.);
#3931=ORIENTED_EDGE('',*,*,#2895,.T.);
#3932=ORIENTED_EDGE('',*,*,#2896,.T.);
#3933=ORIENTED_EDGE('',*,*,#2892,.F.);
#3934=ORIENTED_EDGE('',*,*,#2897,.F.);
#3935=ORIENTED_EDGE('',*,*,#2898,.T.);
#3936=ORIENTED_EDGE('',*,*,#2899,.T.);
#3937=ORIENTED_EDGE('',*,*,#2895,.F.);
#3938=ORIENTED_EDGE('',*,*,#2900,.F.);
#3939=ORIENTED_EDGE('',*,*,#2901,.T.);
#3940=ORIENTED_EDGE('',*,*,#2902,.T.);
#3941=ORIENTED_EDGE('',*,*,#2898,.F.);
#3942=ORIENTED_EDGE('',*,*,#2903,.F.);
#3943=ORIENTED_EDGE('',*,*,#2904,.T.);
#3944=ORIENTED_EDGE('',*,*,#2905,.T.);
#3945=ORIENTED_EDGE('',*,*,#2901,.F.);
#3946=ORIENTED_EDGE('',*,*,#2906,.F.);
#3947=ORIENTED_EDGE('',*,*,#2907,.T.);
#3948=ORIENTED_EDGE('',*,*,#2908,.T.);
#3949=ORIENTED_EDGE('',*,*,#2904,.F.);
#3950=ORIENTED_EDGE('',*,*,#2909,.F.);
#3951=ORIENTED_EDGE('',*,*,#2910,.T.);
#3952=ORIENTED_EDGE('',*,*,#2911,.T.);
#3953=ORIENTED_EDGE('',*,*,#2907,.F.);
#3954=ORIENTED_EDGE('',*,*,#2912,.F.);
#3955=ORIENTED_EDGE('',*,*,#2913,.T.);
#3956=ORIENTED_EDGE('',*,*,#2914,.T.);
#3957=ORIENTED_EDGE('',*,*,#2910,.F.);
#3958=ORIENTED_EDGE('',*,*,#2915,.F.);
#3959=ORIENTED_EDGE('',*,*,#2916,.T.);
#3960=ORIENTED_EDGE('',*,*,#2917,.T.);
#3961=ORIENTED_EDGE('',*,*,#2913,.F.);
#3962=ORIENTED_EDGE('',*,*,#2918,.F.);
#3963=ORIENTED_EDGE('',*,*,#2767,.T.);
#3964=ORIENTED_EDGE('',*,*,#2919,.T.);
#3965=ORIENTED_EDGE('',*,*,#2916,.F.);
#3966=ORIENTED_EDGE('',*,*,#2919,.F.);
#3967=ORIENTED_EDGE('',*,*,#2766,.F.);
#3968=ORIENTED_EDGE('',*,*,#2770,.F.);
#3969=ORIENTED_EDGE('',*,*,#2773,.F.);
#3970=ORIENTED_EDGE('',*,*,#2776,.F.);
#3971=ORIENTED_EDGE('',*,*,#2779,.F.);
#3972=ORIENTED_EDGE('',*,*,#2782,.F.);
#3973=ORIENTED_EDGE('',*,*,#2785,.F.);
#3974=ORIENTED_EDGE('',*,*,#2788,.F.);
#3975=ORIENTED_EDGE('',*,*,#2791,.F.);
#3976=ORIENTED_EDGE('',*,*,#2794,.F.);
#3977=ORIENTED_EDGE('',*,*,#2797,.F.);
#3978=ORIENTED_EDGE('',*,*,#2800,.F.);
#3979=ORIENTED_EDGE('',*,*,#2803,.F.);
#3980=ORIENTED_EDGE('',*,*,#2806,.F.);
#3981=ORIENTED_EDGE('',*,*,#2809,.F.);
#3982=ORIENTED_EDGE('',*,*,#2812,.F.);
#3983=ORIENTED_EDGE('',*,*,#2815,.F.);
#3984=ORIENTED_EDGE('',*,*,#2818,.F.);
#3985=ORIENTED_EDGE('',*,*,#2821,.F.);
#3986=ORIENTED_EDGE('',*,*,#2824,.F.);
#3987=ORIENTED_EDGE('',*,*,#2827,.F.);
#3988=ORIENTED_EDGE('',*,*,#2830,.F.);
#3989=ORIENTED_EDGE('',*,*,#2833,.F.);
#3990=ORIENTED_EDGE('',*,*,#2836,.F.);
#3991=ORIENTED_EDGE('',*,*,#2839,.F.);
#3992=ORIENTED_EDGE('',*,*,#2842,.F.);
#3993=ORIENTED_EDGE('',*,*,#2845,.F.);
#3994=ORIENTED_EDGE('',*,*,#2848,.F.);
#3995=ORIENTED_EDGE('',*,*,#2851,.F.);
#3996=ORIENTED_EDGE('',*,*,#2854,.F.);
#3997=ORIENTED_EDGE('',*,*,#2857,.F.);
#3998=ORIENTED_EDGE('',*,*,#2860,.F.);
#3999=ORIENTED_EDGE('',*,*,#2863,.F.);
#4000=ORIENTED_EDGE('',*,*,#2866,.F.);
#4001=ORIENTED_EDGE('',*,*,#2869,.F.);
#4002=ORIENTED_EDGE('',*,*,#2872,.F.);
#4003=ORIENTED_EDGE('',*,*,#2875,.F.);
#4004=ORIENTED_EDGE('',*,*,#2878,.F.);
#4005=ORIENTED_EDGE('',*,*,#2881,.F.);
#4006=ORIENTED_EDGE('',*,*,#2884,.F.);
#4007=ORIENTED_EDGE('',*,*,#2887,.F.);
#4008=ORIENTED_EDGE('',*,*,#2890,.F.);
#4009=ORIENTED_EDGE('',*,*,#2893,.F.);
#4010=ORIENTED_EDGE('',*,*,#2896,.F.);
#4011=ORIENTED_EDGE('',*,*,#2899,.F.);
#4012=ORIENTED_EDGE('',*,*,#2902,.F.);
#4013=ORIENTED_EDGE('',*,*,#2905,.F.);
#4014=ORIENTED_EDGE('',*,*,#2908,.F.);
#4015=ORIENTED_EDGE('',*,*,#2911,.F.);
#4016=ORIENTED_EDGE('',*,*,#2914,.F.);
#4017=ORIENTED_EDGE('',*,*,#2917,.F.);
#4018=ORIENTED_EDGE('',*,*,#2420,.F.);
#4019=ORIENTED_EDGE('',*,*,#2920,.T.);
#4020=ORIENTED_EDGE('',*,*,#2921,.T.);
#4021=ORIENTED_EDGE('',*,*,#2922,.F.);
#4022=ORIENTED_EDGE('',*,*,#2421,.F.);
#4023=ORIENTED_EDGE('',*,*,#2922,.T.);
#4024=ORIENTED_EDGE('',*,*,#2923,.T.);
#4025=ORIENTED_EDGE('',*,*,#2924,.F.);
#4026=ORIENTED_EDGE('',*,*,#2418,.F.);
#4027=ORIENTED_EDGE('',*,*,#2924,.T.);
#4028=ORIENTED_EDGE('',*,*,#2925,.T.);
#4029=ORIENTED_EDGE('',*,*,#2926,.F.);
#4030=ORIENTED_EDGE('',*,*,#2419,.F.);
#4031=ORIENTED_EDGE('',*,*,#2926,.T.);
#4032=ORIENTED_EDGE('',*,*,#2927,.T.);
#4033=ORIENTED_EDGE('',*,*,#2920,.F.);
#4034=ORIENTED_EDGE('',*,*,#2927,.F.);
#4035=ORIENTED_EDGE('',*,*,#2925,.F.);
#4036=ORIENTED_EDGE('',*,*,#2923,.F.);
#4037=ORIENTED_EDGE('',*,*,#2921,.F.);
#4038=ORIENTED_EDGE('',*,*,#2615,.F.);
#4039=ORIENTED_EDGE('',*,*,#2349,.F.);
#4040=ORIENTED_EDGE('',*,*,#2928,.T.);
#4041=ORIENTED_EDGE('',*,*,#2537,.F.);
#4042=ORIENTED_EDGE('',*,*,#2602,.F.);
#4043=ORIENTED_EDGE('',*,*,#2533,.F.);
#4044=ORIENTED_EDGE('',*,*,#2547,.F.);
#4045=ORIENTED_EDGE('',*,*,#2543,.F.);
#4046=ORIENTED_EDGE('',*,*,#2538,.T.);
#4047=ORIENTED_EDGE('',*,*,#2928,.F.);
#4048=ORIENTED_EDGE('',*,*,#2352,.F.);
#4049=ORIENTED_EDGE('',*,*,#2617,.T.);
#4050=ORIENTED_EDGE('',*,*,#2621,.F.);
#4051=ORIENTED_EDGE('',*,*,#2929,.F.);
#4052=ORIENTED_EDGE('',*,*,#2505,.T.);
#4053=ORIENTED_EDGE('',*,*,#2612,.F.);
#4054=ORIENTED_EDGE('',*,*,#2353,.F.);
#4055=ORIENTED_EDGE('',*,*,#2930,.T.);
#4056=ORIENTED_EDGE('',*,*,#2930,.F.);
#4057=ORIENTED_EDGE('',*,*,#2356,.F.);
#4058=ORIENTED_EDGE('',*,*,#2613,.T.);
#4059=ORIENTED_EDGE('',*,*,#2506,.F.);
#4060=ORIENTED_EDGE('',*,*,#2495,.F.);
#4061=ORIENTED_EDGE('',*,*,#2491,.F.);
#4062=ORIENTED_EDGE('',*,*,#2600,.F.);
#4063=ORIENTED_EDGE('',*,*,#2502,.F.);
#4064=ORIENTED_EDGE('',*,*,#2609,.F.);
#4065=ORIENTED_EDGE('',*,*,#2357,.F.);
#4066=ORIENTED_EDGE('',*,*,#2931,.T.);
#4067=ORIENTED_EDGE('',*,*,#2477,.F.);
#4068=ORIENTED_EDGE('',*,*,#2484,.F.);
#4069=ORIENTED_EDGE('',*,*,#2556,.F.);
#4070=ORIENTED_EDGE('',*,*,#2486,.F.);
#4071=ORIENTED_EDGE('',*,*,#2473,.F.);
#4072=ORIENTED_EDGE('',*,*,#2478,.T.);
#4073=ORIENTED_EDGE('',*,*,#2931,.F.);
#4074=ORIENTED_EDGE('',*,*,#2360,.F.);
#4075=ORIENTED_EDGE('',*,*,#2610,.T.);
#4076=ORIENTED_EDGE('',*,*,#2514,.T.);
#4077=ORIENTED_EDGE('',*,*,#2606,.F.);
#4078=ORIENTED_EDGE('',*,*,#2361,.F.);
#4079=ORIENTED_EDGE('',*,*,#2932,.T.);
#4080=ORIENTED_EDGE('',*,*,#2932,.F.);
#4081=ORIENTED_EDGE('',*,*,#2364,.F.);
#4082=ORIENTED_EDGE('',*,*,#2607,.T.);
#4083=ORIENTED_EDGE('',*,*,#2519,.F.);
#4084=ORIENTED_EDGE('',*,*,#2526,.F.);
#4085=ORIENTED_EDGE('',*,*,#2570,.F.);
#4086=ORIENTED_EDGE('',*,*,#2528,.F.);
#4087=ORIENTED_EDGE('',*,*,#2515,.F.);
#4088=ORIENTED_EDGE('',*,*,#2539,.T.);
#4089=ORIENTED_EDGE('',*,*,#2929,.T.);
#4090=ORIENTED_EDGE('',*,*,#2620,.F.);
#4091=ORIENTED_EDGE('',*,*,#2403,.T.);
#4092=ORIENTED_EDGE('',*,*,#2389,.F.);
#4093=ORIENTED_EDGE('',*,*,#2933,.F.);
#4094=ORIENTED_EDGE('',*,*,#2409,.T.);
#4095=ORIENTED_EDGE('',*,*,#2934,.F.);
#4096=ORIENTED_EDGE('',*,*,#2417,.T.);
#4097=ORIENTED_EDGE('',*,*,#2935,.F.);
#4098=ORIENTED_EDGE('',*,*,#2381,.F.);
#4099=ORIENTED_EDGE('',*,*,#2385,.F.);
#4100=ORIENTED_EDGE('',*,*,#2936,.T.);
#4101=ORIENTED_EDGE('',*,*,#2413,.T.);
#4102=ORIENTED_EDGE('',*,*,#2937,.F.);
#4103=ORIENTED_EDGE('',*,*,#2384,.F.);
#4104=ORIENTED_EDGE('',*,*,#2938,.T.);
#4105=ORIENTED_EDGE('',*,*,#2414,.T.);
#4106=ORIENTED_EDGE('',*,*,#2936,.F.);
#4107=ORIENTED_EDGE('',*,*,#2383,.F.);
#4108=ORIENTED_EDGE('',*,*,#2939,.T.);
#4109=ORIENTED_EDGE('',*,*,#2415,.T.);
#4110=ORIENTED_EDGE('',*,*,#2938,.F.);
#4111=ORIENTED_EDGE('',*,*,#2382,.F.);
#4112=ORIENTED_EDGE('',*,*,#2935,.T.);
#4113=ORIENTED_EDGE('',*,*,#2416,.T.);
#4114=ORIENTED_EDGE('',*,*,#2939,.F.);
#4115=ORIENTED_EDGE('',*,*,#2408,.T.);
#4116=ORIENTED_EDGE('',*,*,#2934,.T.);
#4117=ORIENTED_EDGE('',*,*,#2380,.F.);
#4118=ORIENTED_EDGE('',*,*,#2402,.T.);
#4119=ORIENTED_EDGE('',*,*,#2940,.F.);
#4120=ORIENTED_EDGE('',*,*,#2405,.T.);
#4121=ORIENTED_EDGE('',*,*,#2941,.F.);
#4122=ORIENTED_EDGE('',*,*,#2942,.F.);
#4123=ORIENTED_EDGE('',*,*,#2943,.T.);
#4124=ORIENTED_EDGE('',*,*,#2944,.T.);
#4125=ORIENTED_EDGE('',*,*,#2943,.F.);
#4126=ORIENTED_EDGE('',*,*,#2944,.F.);
#4127=ORIENTED_EDGE('',*,*,#2945,.T.);
#4128=ORIENTED_EDGE('',*,*,#2946,.T.);
#4129=ORIENTED_EDGE('',*,*,#2947,.T.);
#4130=ORIENTED_EDGE('',*,*,#2340,.T.);
#4131=ORIENTED_EDGE('',*,*,#2947,.F.);
#4132=ORIENTED_EDGE('',*,*,#2948,.T.);
#4133=ORIENTED_EDGE('',*,*,#2949,.F.);
#4134=ORIENTED_EDGE('',*,*,#2950,.F.);
#4135=ORIENTED_EDGE('',*,*,#2951,.F.);
#4136=ORIENTED_EDGE('',*,*,#2952,.F.);
#4137=ORIENTED_EDGE('',*,*,#2341,.T.);
#4138=ORIENTED_EDGE('',*,*,#2953,.T.);
#4139=ORIENTED_EDGE('',*,*,#2954,.T.);
#4140=ORIENTED_EDGE('',*,*,#2955,.T.);
#4141=ORIENTED_EDGE('',*,*,#2952,.T.);
#4142=ORIENTED_EDGE('',*,*,#2956,.T.);
#4143=ORIENTED_EDGE('',*,*,#2957,.T.);
#4144=ORIENTED_EDGE('',*,*,#2342,.T.);
#4145=ORIENTED_EDGE('',*,*,#2956,.F.);
#4146=ORIENTED_EDGE('',*,*,#2951,.T.);
#4147=ORIENTED_EDGE('',*,*,#2958,.F.);
#4148=ORIENTED_EDGE('',*,*,#2959,.F.);
#4149=ORIENTED_EDGE('',*,*,#2764,.T.);
#4150=ORIENTED_EDGE('',*,*,#2918,.T.);
#4151=ORIENTED_EDGE('',*,*,#2915,.T.);
#4152=ORIENTED_EDGE('',*,*,#2912,.T.);
#4153=ORIENTED_EDGE('',*,*,#2909,.T.);
#4154=ORIENTED_EDGE('',*,*,#2906,.T.);
#4155=ORIENTED_EDGE('',*,*,#2903,.T.);
#4156=ORIENTED_EDGE('',*,*,#2900,.T.);
#4157=ORIENTED_EDGE('',*,*,#2897,.T.);
#4158=ORIENTED_EDGE('',*,*,#2894,.T.);
#4159=ORIENTED_EDGE('',*,*,#2891,.T.);
#4160=ORIENTED_EDGE('',*,*,#2888,.T.);
#4161=ORIENTED_EDGE('',*,*,#2885,.T.);
#4162=ORIENTED_EDGE('',*,*,#2882,.T.);
#4163=ORIENTED_EDGE('',*,*,#2879,.T.);
#4164=ORIENTED_EDGE('',*,*,#2876,.T.);
#4165=ORIENTED_EDGE('',*,*,#2873,.T.);
#4166=ORIENTED_EDGE('',*,*,#2870,.T.);
#4167=ORIENTED_EDGE('',*,*,#2867,.T.);
#4168=ORIENTED_EDGE('',*,*,#2864,.T.);
#4169=ORIENTED_EDGE('',*,*,#2861,.T.);
#4170=ORIENTED_EDGE('',*,*,#2858,.T.);
#4171=ORIENTED_EDGE('',*,*,#2855,.T.);
#4172=ORIENTED_EDGE('',*,*,#2852,.T.);
#4173=ORIENTED_EDGE('',*,*,#2849,.T.);
#4174=ORIENTED_EDGE('',*,*,#2846,.T.);
#4175=ORIENTED_EDGE('',*,*,#2843,.T.);
#4176=ORIENTED_EDGE('',*,*,#2840,.T.);
#4177=ORIENTED_EDGE('',*,*,#2837,.T.);
#4178=ORIENTED_EDGE('',*,*,#2834,.T.);
#4179=ORIENTED_EDGE('',*,*,#2831,.T.);
#4180=ORIENTED_EDGE('',*,*,#2828,.T.);
#4181=ORIENTED_EDGE('',*,*,#2825,.T.);
#4182=ORIENTED_EDGE('',*,*,#2822,.T.);
#4183=ORIENTED_EDGE('',*,*,#2819,.T.);
#4184=ORIENTED_EDGE('',*,*,#2816,.T.);
#4185=ORIENTED_EDGE('',*,*,#2813,.T.);
#4186=ORIENTED_EDGE('',*,*,#2810,.T.);
#4187=ORIENTED_EDGE('',*,*,#2807,.T.);
#4188=ORIENTED_EDGE('',*,*,#2804,.T.);
#4189=ORIENTED_EDGE('',*,*,#2801,.T.);
#4190=ORIENTED_EDGE('',*,*,#2798,.T.);
#4191=ORIENTED_EDGE('',*,*,#2795,.T.);
#4192=ORIENTED_EDGE('',*,*,#2792,.T.);
#4193=ORIENTED_EDGE('',*,*,#2789,.T.);
#4194=ORIENTED_EDGE('',*,*,#2786,.T.);
#4195=ORIENTED_EDGE('',*,*,#2783,.T.);
#4196=ORIENTED_EDGE('',*,*,#2780,.T.);
#4197=ORIENTED_EDGE('',*,*,#2777,.T.);
#4198=ORIENTED_EDGE('',*,*,#2774,.T.);
#4199=ORIENTED_EDGE('',*,*,#2771,.T.);
#4200=ORIENTED_EDGE('',*,*,#2768,.T.);
#4201=ORIENTED_EDGE('',*,*,#2960,.T.);
#4202=ORIENTED_EDGE('',*,*,#2961,.T.);
#4203=ORIENTED_EDGE('',*,*,#2950,.T.);
#4204=ORIENTED_EDGE('',*,*,#2962,.T.);
#4205=ORIENTED_EDGE('',*,*,#2963,.T.);
#4206=ORIENTED_EDGE('',*,*,#2958,.T.);
#4207=ORIENTED_EDGE('',*,*,#2962,.F.);
#4208=ORIENTED_EDGE('',*,*,#2949,.T.);
#4209=ORIENTED_EDGE('',*,*,#2964,.T.);
#4210=ORIENTED_EDGE('',*,*,#2965,.T.);
#4211=ORIENTED_EDGE('',*,*,#2592,.T.);
#4212=ORIENTED_EDGE('',*,*,#2531,.T.);
#4213=ORIENTED_EDGE('',*,*,#2593,.T.);
#4214=ORIENTED_EDGE('',*,*,#2523,.T.);
#4215=ORIENTED_EDGE('',*,*,#2481,.T.);
#4216=ORIENTED_EDGE('',*,*,#2594,.T.);
#4217=ORIENTED_EDGE('',*,*,#2489,.T.);
#4218=ORIENTED_EDGE('',*,*,#2557,.T.);
#4219=ORIENTED_EDGE('',*,*,#2500,.T.);
#4220=ORIENTED_EDGE('',*,*,#2601,.T.);
#4221=ORIENTED_EDGE('',*,*,#2597,.T.);
#4222=ORIENTED_EDGE('',*,*,#2595,.T.);
#4223=ORIENTED_EDGE('',*,*,#2604,.T.);
#4224=ORIENTED_EDGE('',*,*,#2588,.T.);
#4225=ORIENTED_EDGE('',*,*,#2549,.T.);
#4226=ORIENTED_EDGE('',*,*,#2554,.T.);
#4227=ORIENTED_EDGE('',*,*,#2966,.T.);
#4228=ORIENTED_EDGE('',*,*,#2967,.T.);
#4229=ORIENTED_EDGE('',*,*,#2968,.F.);
#4230=ORIENTED_EDGE('',*,*,#2969,.F.);
#4231=ORIENTED_EDGE('',*,*,#2967,.F.);
#4232=ORIENTED_EDGE('',*,*,#2960,.F.);
#4233=ORIENTED_EDGE('',*,*,#2970,.T.);
#4234=ORIENTED_EDGE('',*,*,#2966,.F.);
#4235=ORIENTED_EDGE('',*,*,#2970,.F.);
#4236=ORIENTED_EDGE('',*,*,#2971,.T.);
#4237=ORIENTED_EDGE('',*,*,#2972,.T.);
#4238=ORIENTED_EDGE('',*,*,#2622,.F.);
#4239=ORIENTED_EDGE('',*,*,#2618,.F.);
#4240=ORIENTED_EDGE('',*,*,#2972,.F.);
#4241=ORIENTED_EDGE('',*,*,#2961,.F.);
#4242=ORIENTED_EDGE('',*,*,#2973,.T.);
#4243=ORIENTED_EDGE('',*,*,#2971,.F.);
#4244=ORIENTED_EDGE('',*,*,#2973,.F.);
#4245=ORIENTED_EDGE('',*,*,#2968,.T.);
#4246=ORIENTED_EDGE('',*,*,#2969,.T.);
#4247=ORIENTED_EDGE('',*,*,#2974,.T.);
#4248=ORIENTED_EDGE('',*,*,#2975,.T.);
#4249=ORIENTED_EDGE('',*,*,#2974,.F.);
#4250=ORIENTED_EDGE('',*,*,#2975,.F.);
#4251=ORIENTED_EDGE('',*,*,#2378,.F.);
#4252=ORIENTED_EDGE('',*,*,#2407,.T.);
#4253=ORIENTED_EDGE('',*,*,#2976,.F.);
#4254=ORIENTED_EDGE('',*,*,#2400,.T.);
#4255=ORIENTED_EDGE('',*,*,#2977,.F.);
#4256=ORIENTED_EDGE('',*,*,#2940,.T.);
#4257=ORIENTED_EDGE('',*,*,#2401,.T.);
#4258=ORIENTED_EDGE('',*,*,#2976,.T.);
#4259=ORIENTED_EDGE('',*,*,#2406,.T.);
#4260=ORIENTED_EDGE('',*,*,#2412,.F.);
#4261=ORIENTED_EDGE('',*,*,#2424,.T.);
#4262=ORIENTED_EDGE('',*,*,#2978,.F.);
#4263=ORIENTED_EDGE('',*,*,#2425,.T.);
#4264=ORIENTED_EDGE('',*,*,#2386,.F.);
#4265=ORIENTED_EDGE('',*,*,#2937,.T.);
#4266=ORIENTED_EDGE('',*,*,#2979,.F.);
#4267=ORIENTED_EDGE('',*,*,#2933,.T.);
#4268=ORIENTED_EDGE('',*,*,#2388,.F.);
#4269=ORIENTED_EDGE('',*,*,#2427,.T.);
#4270=ORIENTED_EDGE('',*,*,#2980,.T.);
#4271=ORIENTED_EDGE('',*,*,#2422,.T.);
#4272=ORIENTED_EDGE('',*,*,#2410,.T.);
#4273=ORIENTED_EDGE('',*,*,#2981,.F.);
#4274=ORIENTED_EDGE('',*,*,#2980,.F.);
#4275=ORIENTED_EDGE('',*,*,#2426,.T.);
#4276=ORIENTED_EDGE('',*,*,#2978,.T.);
#4277=ORIENTED_EDGE('',*,*,#2423,.T.);
#4278=ORIENTED_EDGE('',*,*,#2982,.F.);
#4279=ORIENTED_EDGE('',*,*,#2983,.T.);
#4280=ORIENTED_EDGE('',*,*,#2941,.T.);
#4281=ORIENTED_EDGE('',*,*,#2983,.F.);
#4282=ORIENTED_EDGE('',*,*,#2981,.T.);
#4283=ORIENTED_EDGE('',*,*,#2984,.T.);
#4284=ORIENTED_EDGE('',*,*,#2953,.F.);
#4285=ORIENTED_EDGE('',*,*,#2984,.F.);
#4286=ORIENTED_EDGE('',*,*,#2985,.T.);
#4287=ORIENTED_EDGE('',*,*,#2986,.T.);
#4288=ORIENTED_EDGE('',*,*,#2985,.F.);
#4289=ORIENTED_EDGE('',*,*,#2987,.F.);
#4290=ORIENTED_EDGE('',*,*,#2988,.T.);
#4291=ORIENTED_EDGE('',*,*,#2955,.F.);
#4292=ORIENTED_EDGE('',*,*,#2988,.F.);
#4293=ORIENTED_EDGE('',*,*,#2986,.F.);
#4294=ORIENTED_EDGE('',*,*,#2989,.T.);
#4295=ORIENTED_EDGE('',*,*,#2987,.T.);
#4296=ORIENTED_EDGE('',*,*,#2989,.F.);
#4297=ORIENTED_EDGE('',*,*,#2977,.T.);
#4298=ORIENTED_EDGE('',*,*,#2990,.T.);
#4299=ORIENTED_EDGE('',*,*,#2954,.F.);
#4300=ORIENTED_EDGE('',*,*,#2990,.F.);
#4301=ORIENTED_EDGE('',*,*,#2558,.T.);
#4302=ORIENTED_EDGE('',*,*,#2564,.T.);
#4303=ORIENTED_EDGE('',*,*,#2566,.T.);
#4304=ORIENTED_EDGE('',*,*,#2561,.T.);
#4305=ORIENTED_EDGE('',*,*,#2982,.T.);
#4306=ORIENTED_EDGE('',*,*,#2991,.F.);
#4307=ORIENTED_EDGE('',*,*,#2992,.T.);
#4308=ORIENTED_EDGE('',*,*,#2979,.T.);
#4309=ORIENTED_EDGE('',*,*,#2992,.F.);
#4310=ORIENTED_EDGE('',*,*,#2991,.T.);
#4311=ORIENTED_EDGE('',*,*,#2365,.F.);
#4312=ORIENTED_EDGE('',*,*,#2993,.T.);
#4313=ORIENTED_EDGE('',*,*,#2994,.T.);
#4314=ORIENTED_EDGE('',*,*,#2993,.F.);
#4315=ORIENTED_EDGE('',*,*,#2994,.F.);
#4316=ORIENTED_EDGE('',*,*,#2942,.T.);
#4317=ORIENTED_EDGE('',*,*,#2463,.F.);
#4318=ORIENTED_EDGE('',*,*,#2654,.F.);
#4319=ORIENTED_EDGE('',*,*,#2372,.F.);
#4320=ORIENTED_EDGE('',*,*,#2339,.T.);
#4321=ORIENTED_EDGE('',*,*,#2995,.T.);
#4322=ORIENTED_EDGE('',*,*,#2394,.T.);
#4323=ORIENTED_EDGE('',*,*,#2996,.F.);
#4324=ORIENTED_EDGE('',*,*,#2371,.F.);
#4325=ORIENTED_EDGE('',*,*,#2396,.T.);
#4326=ORIENTED_EDGE('',*,*,#2997,.T.);
#4327=ORIENTED_EDGE('',*,*,#2337,.T.);
#4328=ORIENTED_EDGE('',*,*,#2998,.F.);
#4329=ORIENTED_EDGE('',*,*,#2995,.F.);
#4330=ORIENTED_EDGE('',*,*,#2338,.T.);
#4331=ORIENTED_EDGE('',*,*,#2997,.F.);
#4332=ORIENTED_EDGE('',*,*,#2395,.T.);
#4333=ORIENTED_EDGE('',*,*,#2374,.F.);
#4334=ORIENTED_EDGE('',*,*,#2399,.T.);
#4335=ORIENTED_EDGE('',*,*,#2999,.T.);
#4336=ORIENTED_EDGE('',*,*,#2391,.T.);
#4337=ORIENTED_EDGE('',*,*,#3000,.F.);
#4338=ORIENTED_EDGE('',*,*,#2376,.F.);
#4339=ORIENTED_EDGE('',*,*,#2393,.T.);
#4340=ORIENTED_EDGE('',*,*,#3001,.F.);
#4341=ORIENTED_EDGE('',*,*,#2397,.T.);
#4342=ORIENTED_EDGE('',*,*,#3002,.F.);
#4343=ORIENTED_EDGE('',*,*,#3001,.T.);
#4344=ORIENTED_EDGE('',*,*,#2392,.T.);
#4345=ORIENTED_EDGE('',*,*,#2999,.F.);
#4346=ORIENTED_EDGE('',*,*,#2398,.T.);
#4347=ORIENTED_EDGE('',*,*,#2998,.T.);
#4348=ORIENTED_EDGE('',*,*,#3003,.T.);
#4349=ORIENTED_EDGE('',*,*,#3004,.T.);
#4350=ORIENTED_EDGE('',*,*,#3003,.F.);
#4351=ORIENTED_EDGE('',*,*,#3005,.F.);
#4352=ORIENTED_EDGE('',*,*,#3006,.T.);
#4353=ORIENTED_EDGE('',*,*,#3002,.T.);
#4354=ORIENTED_EDGE('',*,*,#3006,.F.);
#4355=ORIENTED_EDGE('',*,*,#3007,.T.);
#4356=ORIENTED_EDGE('',*,*,#3008,.F.);
#4357=ORIENTED_EDGE('',*,*,#3007,.F.);
#4358=ORIENTED_EDGE('',*,*,#3009,.T.);
#4359=ORIENTED_EDGE('',*,*,#3010,.T.);
#4360=ORIENTED_EDGE('',*,*,#3011,.F.);
#4361=ORIENTED_EDGE('',*,*,#3010,.F.);
#4362=ORIENTED_EDGE('',*,*,#3009,.F.);
#4363=ORIENTED_EDGE('',*,*,#3012,.T.);
#4364=ORIENTED_EDGE('',*,*,#3008,.T.);
#4365=ORIENTED_EDGE('',*,*,#3012,.F.);
#4366=ORIENTED_EDGE('',*,*,#3013,.F.);
#4367=ORIENTED_EDGE('',*,*,#3014,.T.);
#4368=ORIENTED_EDGE('',*,*,#2996,.T.);
#4369=ORIENTED_EDGE('',*,*,#3014,.F.);
#4370=ORIENTED_EDGE('',*,*,#3004,.F.);
#4371=ORIENTED_EDGE('',*,*,#3000,.T.);
#4372=ORIENTED_EDGE('',*,*,#3015,.T.);
#4373=ORIENTED_EDGE('',*,*,#3016,.T.);
#4374=ORIENTED_EDGE('',*,*,#3015,.F.);
#4375=ORIENTED_EDGE('',*,*,#3016,.F.);
#4376=ORIENTED_EDGE('',*,*,#2946,.F.);
#4377=ORIENTED_EDGE('',*,*,#3017,.T.);
#4378=ORIENTED_EDGE('',*,*,#2964,.F.);
#4379=ORIENTED_EDGE('',*,*,#2948,.F.);
#4380=ORIENTED_EDGE('',*,*,#2945,.F.);
#4381=ORIENTED_EDGE('',*,*,#2343,.T.);
#4382=ORIENTED_EDGE('',*,*,#2957,.F.);
#4383=ORIENTED_EDGE('',*,*,#2959,.T.);
#4384=ORIENTED_EDGE('',*,*,#2963,.F.);
#4385=ORIENTED_EDGE('',*,*,#2965,.F.);
#4386=ORIENTED_EDGE('',*,*,#3017,.F.);
#4387=ORIENTED_EDGE('',*,*,#3011,.T.);
#4388=ORIENTED_EDGE('',*,*,#3013,.T.);
#4389=ORIENTED_EDGE('',*,*,#3005,.T.);
#4390=CYLINDRICAL_SURFACE('',#4713,6.1);
#4391=CYLINDRICAL_SURFACE('',#4752,14.9981445636297);
#4392=CYLINDRICAL_SURFACE('',#4755,2.75);
#4393=CYLINDRICAL_SURFACE('',#4766,6.1);
#4394=CYLINDRICAL_SURFACE('',#4779,2.8);
#4395=CYLINDRICAL_SURFACE('',#4782,2.8);
#4396=CYLINDRICAL_SURFACE('',#4788,2.8);
#4397=CYLINDRICAL_SURFACE('',#4806,2.8);
#4398=CYLINDRICAL_SURFACE('',#4809,2.8);
#4399=CYLINDRICAL_SURFACE('',#4821,2.8);
#4400=CYLINDRICAL_SURFACE('',#4827,2.79999999999999);
#4401=CYLINDRICAL_SURFACE('',#4832,2.8);
#4402=CYLINDRICAL_SURFACE('',#4839,2.8);
#4403=CYLINDRICAL_SURFACE('',#4852,2.79999999999999);
#4404=CYLINDRICAL_SURFACE('',#4855,2.8);
#4405=CYLINDRICAL_SURFACE('',#4858,1.55);
#4406=CYLINDRICAL_SURFACE('',#4859,1.55);
#4407=CYLINDRICAL_SURFACE('',#4862,1.55000000000001);
#4408=CYLINDRICAL_SURFACE('',#4863,1.55);
#4409=CYLINDRICAL_SURFACE('',#4866,2.5);
#4410=CYLINDRICAL_SURFACE('',#4876,15.);
#4411=CYLINDRICAL_SURFACE('',#4888,6.1);
#4412=CYLINDRICAL_SURFACE('',#4908,1.65);
#4413=CYLINDRICAL_SURFACE('',#4914,1.65);
#4414=CYLINDRICAL_SURFACE('',#4919,15.);
#4415=CYLINDRICAL_SURFACE('',#4926,2.75);
#4416=CYLINDRICAL_SURFACE('',#4958,1.65);
#4417=CYLINDRICAL_SURFACE('',#4964,1.65);
#4418=CYLINDRICAL_SURFACE('',#4967,2.98866343026644);
#4419=CYLINDRICAL_SURFACE('',#4970,2.98866343026644);
#4420=CYLINDRICAL_SURFACE('',#4975,1.55);
#4421=CYLINDRICAL_SURFACE('',#4976,1.54999999999999);
#4422=CYLINDRICAL_SURFACE('',#4979,1.55);
#4423=CYLINDRICAL_SURFACE('',#4980,1.55);
#4424=CYLINDRICAL_SURFACE('',#4983,9.91710548795646);
#4425=CYLINDRICAL_SURFACE('',#4984,9.91710548795646);
#4426=CYLINDRICAL_SURFACE('',#4985,9.91710548795646);
#4427=CYLINDRICAL_SURFACE('',#4987,9.91710548795646);
#4428=CYLINDRICAL_SURFACE('',#4991,9.);
#4429=CYLINDRICAL_SURFACE('',#5010,2.);
#4430=CYLINDRICAL_SURFACE('',#5013,2.);
#4431=CYLINDRICAL_SURFACE('',#5014,2.5);
#4432=CYLINDRICAL_SURFACE('',#5025,2.7);
#4433=CYLINDRICAL_SURFACE('',#5027,2.7);
#4434=CYLINDRICAL_SURFACE('',#5032,2.5);
#4435=CYLINDRICAL_SURFACE('',#5033,2.7);
#4436=CYLINDRICAL_SURFACE('',#5035,2.7);
#4437=CYLINDRICAL_SURFACE('',#5038,11.1);
#4438=CYLINDRICAL_SURFACE('',#5053,2.7);
#4439=CYLINDRICAL_SURFACE('',#5055,2.7);
#4440=CYLINDRICAL_SURFACE('',#5062,2.5);
#4441=CYLINDRICAL_SURFACE('',#5063,2.7);
#4442=CYLINDRICAL_SURFACE('',#5066,2.7);
#4443=ADVANCED_FACE('',(#421),#4390,.F.);
#4444=ADVANCED_FACE('',(#422),#296,.F.);
#4445=ADVANCED_FACE('',(#423,#250,#251,#252,#253,#254,#255,#256,#257,#258,
#259),#297,.F.);
#4446=ADVANCED_FACE('',(#424),#298,.F.);
#4447=ADVANCED_FACE('',(#425),#299,.F.);
#4448=ADVANCED_FACE('',(#426),#300,.F.);
#4449=ADVANCED_FACE('',(#427),#301,.F.);
#4450=ADVANCED_FACE('',(#428),#302,.F.);
#4451=ADVANCED_FACE('',(#429,#260),#303,.T.);
#4452=ADVANCED_FACE('',(#430),#304,.F.);
#4453=ADVANCED_FACE('',(#431),#305,.F.);
#4454=ADVANCED_FACE('',(#432),#306,.T.);
#4455=ADVANCED_FACE('',(#433),#4391,.T.);
#4456=ADVANCED_FACE('',(#434),#4392,.F.);
#4457=ADVANCED_FACE('',(#435,#261),#307,.T.);
#4458=ADVANCED_FACE('',(#436),#308,.F.);
#4459=ADVANCED_FACE('',(#437),#309,.T.);
#4460=ADVANCED_FACE('',(#438),#310,.T.);
#4461=ADVANCED_FACE('',(#439,#262),#311,.T.);
#4462=ADVANCED_FACE('',(#440),#4393,.F.);
#4463=ADVANCED_FACE('',(#441),#312,.T.);
#4464=ADVANCED_FACE('',(#442),#313,.T.);
#4465=ADVANCED_FACE('',(#443),#314,.T.);
#4466=ADVANCED_FACE('',(#444),#4394,.F.);
#4467=ADVANCED_FACE('',(#445),#4395,.F.);
#4468=ADVANCED_FACE('',(#446),#315,.T.);
#4469=ADVANCED_FACE('',(#447),#4396,.F.);
#4470=ADVANCED_FACE('',(#448),#316,.T.);
#4471=ADVANCED_FACE('',(#449),#317,.T.);
#4472=ADVANCED_FACE('',(#450),#318,.T.);
#4473=ADVANCED_FACE('',(#451),#319,.T.);
#4474=ADVANCED_FACE('',(#452),#320,.T.);
#4475=ADVANCED_FACE('',(#453),#4397,.F.);
#4476=ADVANCED_FACE('',(#454),#4398,.F.);
#4477=ADVANCED_FACE('',(#455),#321,.T.);
#4478=ADVANCED_FACE('',(#456),#322,.T.);
#4479=ADVANCED_FACE('',(#457),#323,.T.);
#4480=ADVANCED_FACE('',(#458),#4399,.F.);
#4481=ADVANCED_FACE('',(#459),#324,.F.);
#4482=ADVANCED_FACE('',(#460),#325,.T.);
#4483=ADVANCED_FACE('',(#461),#326,.F.);
#4484=ADVANCED_FACE('',(#462),#4400,.T.);
#4485=ADVANCED_FACE('',(#463),#327,.F.);
#4486=ADVANCED_FACE('',(#464),#328,.T.);
#4487=ADVANCED_FACE('',(#465),#4401,.T.);
#4488=ADVANCED_FACE('',(#466),#329,.T.);
#4489=ADVANCED_FACE('',(#467),#330,.T.);
#4490=ADVANCED_FACE('',(#468),#331,.T.);
#4491=ADVANCED_FACE('',(#469),#332,.T.);
#4492=ADVANCED_FACE('',(#470),#4402,.T.);
#4493=ADVANCED_FACE('',(#471),#333,.T.);
#4494=ADVANCED_FACE('',(#472),#334,.F.);
#4495=ADVANCED_FACE('',(#473),#335,.F.);
#4496=ADVANCED_FACE('',(#474),#336,.F.);
#4497=ADVANCED_FACE('',(#475),#337,.F.);
#4498=ADVANCED_FACE('',(#476),#338,.F.);
#4499=ADVANCED_FACE('',(#477),#339,.F.);
#4500=ADVANCED_FACE('',(#478),#4403,.F.);
#4501=ADVANCED_FACE('',(#479),#340,.F.);
#4502=ADVANCED_FACE('',(#480),#4404,.F.);
#4503=ADVANCED_FACE('',(#481),#341,.F.);
#4504=ADVANCED_FACE('',(#482),#4405,.F.);
#4505=ADVANCED_FACE('',(#483),#4406,.F.);
#4506=ADVANCED_FACE('',(#484),#342,.F.);
#4507=ADVANCED_FACE('',(#485),#343,.F.);
#4508=ADVANCED_FACE('',(#486),#4407,.F.);
#4509=ADVANCED_FACE('',(#487),#4408,.F.);
#4510=ADVANCED_FACE('',(#488),#344,.F.);
#4511=ADVANCED_FACE('',(#489),#4409,.F.);
#4512=ADVANCED_FACE('',(#490),#77,.T.);
#4513=ADVANCED_FACE('',(#491),#345,.T.);
#4514=ADVANCED_FACE('',(#492,#263,#264),#4410,.T.);
#4515=ADVANCED_FACE('',(#493),#346,.T.);
#4516=ADVANCED_FACE('',(#494),#78,.F.);
#4517=ADVANCED_FACE('',(#495),#4411,.F.);
#4518=ADVANCED_FACE('',(#496),#347,.T.);
#4519=ADVANCED_FACE('',(#497),#348,.T.);
#4520=ADVANCED_FACE('',(#498),#15,.T.);
#4521=ADVANCED_FACE('',(#499),#349,.T.);
#4522=ADVANCED_FACE('',(#500),#350,.T.);
#4523=ADVANCED_FACE('',(#501),#351,.T.);
#4524=ADVANCED_FACE('',(#502),#16,.T.);
#4525=ADVANCED_FACE('',(#503),#79,.T.);
#4526=ADVANCED_FACE('',(#504),#17,.T.);
#4527=ADVANCED_FACE('',(#505),#18,.T.);
#4528=ADVANCED_FACE('',(#506),#19,.T.);
#4529=ADVANCED_FACE('',(#507),#80,.T.);
#4530=ADVANCED_FACE('',(#508),#352,.F.);
#4531=ADVANCED_FACE('',(#509),#353,.F.);
#4532=ADVANCED_FACE('',(#510),#354,.F.);
#4533=ADVANCED_FACE('',(#511,#265),#355,.T.);
#4534=ADVANCED_FACE('',(#512),#4412,.F.);
#4535=ADVANCED_FACE('',(#513),#356,.F.);
#4536=ADVANCED_FACE('',(#514),#357,.F.);
#4537=ADVANCED_FACE('',(#515),#358,.F.);
#4538=ADVANCED_FACE('',(#516,#266),#359,.F.);
#4539=ADVANCED_FACE('',(#517),#4413,.F.);
#4540=ADVANCED_FACE('',(#518),#360,.T.);
#4541=ADVANCED_FACE('',(#519),#361,.T.);
#4542=ADVANCED_FACE('',(#520),#362,.T.);
#4543=ADVANCED_FACE('',(#521),#81,.F.);
#4544=ADVANCED_FACE('',(#522),#20,.T.);
#4545=ADVANCED_FACE('',(#523,#267,#268),#4414,.T.);
#4546=ADVANCED_FACE('',(#524),#4415,.F.);
#4547=ADVANCED_FACE('',(#525),#363,.T.);
#4548=ADVANCED_FACE('',(#526),#364,.T.);
#4549=ADVANCED_FACE('',(#527),#82,.T.);
#4550=ADVANCED_FACE('',(#528),#365,.T.);
#4551=ADVANCED_FACE('',(#529),#366,.T.);
#4552=ADVANCED_FACE('',(#530),#83,.F.);
#4553=ADVANCED_FACE('',(#531),#367,.T.);
#4554=ADVANCED_FACE('',(#532),#368,.T.);
#4555=ADVANCED_FACE('',(#533),#84,.T.);
#4556=ADVANCED_FACE('',(#534,#269),#369,.T.);
#4557=ADVANCED_FACE('',(#535,#270),#370,.T.);
#4558=ADVANCED_FACE('',(#536),#371,.F.);
#4559=ADVANCED_FACE('',(#537),#85,.T.);
#4560=ADVANCED_FACE('',(#538),#21,.T.);
#4561=ADVANCED_FACE('',(#539),#86,.T.);
#4562=ADVANCED_FACE('',(#540),#22,.T.);
#4563=ADVANCED_FACE('',(#541),#23,.T.);
#4564=ADVANCED_FACE('',(#542),#24,.T.);
#4565=ADVANCED_FACE('',(#543),#372,.F.);
#4566=ADVANCED_FACE('',(#544),#373,.F.);
#4567=ADVANCED_FACE('',(#545),#374,.F.);
#4568=ADVANCED_FACE('',(#546,#271),#375,.T.);
#4569=ADVANCED_FACE('',(#547),#4416,.F.);
#4570=ADVANCED_FACE('',(#548),#376,.F.);
#4571=ADVANCED_FACE('',(#549),#377,.F.);
#4572=ADVANCED_FACE('',(#550),#378,.F.);
#4573=ADVANCED_FACE('',(#551,#272),#379,.F.);
#4574=ADVANCED_FACE('',(#552),#4417,.F.);
#4575=ADVANCED_FACE('',(#553),#380,.T.);
#4576=ADVANCED_FACE('',(#554),#25,.F.);
#4577=ADVANCED_FACE('',(#555),#26,.F.);
#4578=ADVANCED_FACE('',(#556),#27,.F.);
#4579=ADVANCED_FACE('',(#557),#28,.F.);
#4580=ADVANCED_FACE('',(#558),#29,.F.);
#4581=ADVANCED_FACE('',(#559),#30,.F.);
#4582=ADVANCED_FACE('',(#560),#31,.F.);
#4583=ADVANCED_FACE('',(#561),#32,.F.);
#4584=ADVANCED_FACE('',(#562),#33,.F.);
#4585=ADVANCED_FACE('',(#563),#34,.F.);
#4586=ADVANCED_FACE('',(#564),#35,.F.);
#4587=ADVANCED_FACE('',(#565),#36,.F.);
#4588=ADVANCED_FACE('',(#566),#37,.F.);
#4589=ADVANCED_FACE('',(#567),#38,.F.);
#4590=ADVANCED_FACE('',(#568),#39,.F.);
#4591=ADVANCED_FACE('',(#569),#40,.F.);
#4592=ADVANCED_FACE('',(#570),#41,.F.);
#4593=ADVANCED_FACE('',(#571),#42,.F.);
#4594=ADVANCED_FACE('',(#572),#43,.F.);
#4595=ADVANCED_FACE('',(#573),#44,.F.);
#4596=ADVANCED_FACE('',(#574),#45,.F.);
#4597=ADVANCED_FACE('',(#575),#46,.F.);
#4598=ADVANCED_FACE('',(#576),#47,.F.);
#4599=ADVANCED_FACE('',(#577),#48,.F.);
#4600=ADVANCED_FACE('',(#578),#49,.F.);
#4601=ADVANCED_FACE('',(#579),#50,.F.);
#4602=ADVANCED_FACE('',(#580),#51,.F.);
#4603=ADVANCED_FACE('',(#581),#52,.F.);
#4604=ADVANCED_FACE('',(#582),#53,.F.);
#4605=ADVANCED_FACE('',(#583),#54,.F.);
#4606=ADVANCED_FACE('',(#584),#55,.F.);
#4607=ADVANCED_FACE('',(#585),#56,.F.);
#4608=ADVANCED_FACE('',(#586),#57,.F.);
#4609=ADVANCED_FACE('',(#587),#58,.F.);
#4610=ADVANCED_FACE('',(#588),#59,.F.);
#4611=ADVANCED_FACE('',(#589),#60,.F.);
#4612=ADVANCED_FACE('',(#590),#61,.F.);
#4613=ADVANCED_FACE('',(#591),#62,.F.);
#4614=ADVANCED_FACE('',(#592),#63,.F.);
#4615=ADVANCED_FACE('',(#593),#64,.F.);
#4616=ADVANCED_FACE('',(#594),#65,.F.);
#4617=ADVANCED_FACE('',(#595),#66,.F.);
#4618=ADVANCED_FACE('',(#596),#67,.F.);
#4619=ADVANCED_FACE('',(#597),#68,.F.);
#4620=ADVANCED_FACE('',(#598),#69,.F.);
#4621=ADVANCED_FACE('',(#599),#70,.F.);
#4622=ADVANCED_FACE('',(#600),#71,.F.);
#4623=ADVANCED_FACE('',(#601),#72,.F.);
#4624=ADVANCED_FACE('',(#602),#73,.F.);
#4625=ADVANCED_FACE('',(#603),#74,.F.);
#4626=ADVANCED_FACE('',(#604),#75,.F.);
#4627=ADVANCED_FACE('',(#605),#76,.F.);
#4628=ADVANCED_FACE('',(#606),#381,.T.);
#4629=ADVANCED_FACE('',(#607),#4418,.F.);
#4630=ADVANCED_FACE('',(#608),#382,.F.);
#4631=ADVANCED_FACE('',(#609),#4419,.F.);
#4632=ADVANCED_FACE('',(#610),#383,.F.);
#4633=ADVANCED_FACE('',(#611),#384,.T.);
#4634=ADVANCED_FACE('',(#612),#385,.F.);
#4635=ADVANCED_FACE('',(#613),#4420,.F.);
#4636=ADVANCED_FACE('',(#614),#4421,.F.);
#4637=ADVANCED_FACE('',(#615),#386,.F.);
#4638=ADVANCED_FACE('',(#616),#387,.F.);
#4639=ADVANCED_FACE('',(#617),#4422,.F.);
#4640=ADVANCED_FACE('',(#618),#4423,.F.);
#4641=ADVANCED_FACE('',(#619),#388,.F.);
#4642=ADVANCED_FACE('',(#620),#389,.F.);
#4643=ADVANCED_FACE('',(#621),#4424,.F.);
#4644=ADVANCED_FACE('',(#622),#4425,.F.);
#4645=ADVANCED_FACE('',(#623),#4426,.F.);
#4646=ADVANCED_FACE('',(#624),#390,.F.);
#4647=ADVANCED_FACE('',(#625),#4427,.F.);
#4648=ADVANCED_FACE('',(#626),#391,.F.);
#4649=ADVANCED_FACE('',(#627,#273),#392,.T.);
#4650=ADVANCED_FACE('',(#628),#4428,.F.);
#4651=ADVANCED_FACE('',(#629),#393,.T.);
#4652=ADVANCED_FACE('',(#630),#394,.T.);
#4653=ADVANCED_FACE('',(#631,#274,#275,#276),#395,.T.);
#4654=ADVANCED_FACE('',(#632),#396,.T.);
#4655=ADVANCED_FACE('',(#633,#277,#278,#279),#397,.T.);
#4656=ADVANCED_FACE('',(#634),#398,.T.);
#4657=ADVANCED_FACE('',(#635,#280,#281,#282,#283),#399,.T.);
#4658=ADVANCED_FACE('',(#636),#87,.F.);
#4659=ADVANCED_FACE('',(#637),#4429,.F.);
#4660=ADVANCED_FACE('',(#638),#88,.F.);
#4661=ADVANCED_FACE('',(#639),#4430,.F.);
#4662=ADVANCED_FACE('',(#640),#4431,.F.);
#4663=ADVANCED_FACE('',(#641),#400,.F.);
#4664=ADVANCED_FACE('',(#642,#284),#401,.T.);
#4665=ADVANCED_FACE('',(#643),#402,.T.);
#4666=ADVANCED_FACE('',(#644,#285),#403,.T.);
#4667=ADVANCED_FACE('',(#645,#286),#404,.T.);
#4668=ADVANCED_FACE('',(#646),#405,.T.);
#4669=ADVANCED_FACE('',(#647),#4432,.F.);
#4670=ADVANCED_FACE('',(#648),#4433,.F.);
#4671=ADVANCED_FACE('',(#649),#89,.F.);
#4672=ADVANCED_FACE('',(#650),#90,.F.);
#4673=ADVANCED_FACE('',(#651),#4434,.F.);
#4674=ADVANCED_FACE('',(#652,#287),#4435,.F.);
#4675=ADVANCED_FACE('',(#653),#406,.T.);
#4676=ADVANCED_FACE('',(#654),#4436,.F.);
#4677=ADVANCED_FACE('',(#655),#407,.T.);
#4678=ADVANCED_FACE('',(#656),#4437,.F.);
#4679=ADVANCED_FACE('',(#657,#288),#408,.F.);
#4680=ADVANCED_FACE('',(#658),#409,.F.);
#4681=ADVANCED_FACE('',(#659),#410,.F.);
#4682=ADVANCED_FACE('',(#660,#289),#411,.F.);
#4683=ADVANCED_FACE('',(#661,#290),#412,.F.);
#4684=ADVANCED_FACE('',(#662),#413,.F.);
#4685=ADVANCED_FACE('',(#663,#291),#414,.F.);
#4686=ADVANCED_FACE('',(#664,#292),#415,.F.);
#4687=ADVANCED_FACE('',(#665),#416,.F.);
#4688=ADVANCED_FACE('',(#666),#4438,.F.);
#4689=ADVANCED_FACE('',(#667),#4439,.F.);
#4690=ADVANCED_FACE('',(#668),#91,.F.);
#4691=ADVANCED_FACE('',(#669),#92,.F.);
#4692=ADVANCED_FACE('',(#670),#4440,.F.);
#4693=ADVANCED_FACE('',(#671),#4441,.F.);
#4694=ADVANCED_FACE('',(#672),#417,.F.);
#4695=ADVANCED_FACE('',(#673),#4442,.F.);
#4696=ADVANCED_FACE('',(#674),#418,.F.);
#4697=ADVANCED_FACE('',(#675),#419,.T.);
#4698=ADVANCED_FACE('',(#676,#293,#294,#295),#420,.T.);
#4699=CLOSED_SHELL('',(#4443,#4444,#4445,#4446,#4447,#4448,#4449,#4450,
#4451,#4452,#4453,#4454,#4455,#4456,#4457,#4458,#4459,#4460,#4461,#4462,
#4463,#4464,#4465,#4466,#4467,#4468,#4469,#4470,#4471,#4472,#4473,#4474,
#4475,#4476,#4477,#4478,#4479,#4480,#4481,#4482,#4483,#4484,#4485,#4486,
#4487,#4488,#4489,#4490,#4491,#4492,#4493,#4494,#4495,#4496,#4497,#4498,
#4499,#4500,#4501,#4502,#4503,#4504,#4505,#4506,#4507,#4508,#4509,#4510,
#4511,#4512,#4513,#4514,#4515,#4516,#4517,#4518,#4519,#4520,#4521,#4522,
#4523,#4524,#4525,#4526,#4527,#4528,#4529,#4530,#4531,#4532,#4533,#4534,
#4535,#4536,#4537,#4538,#4539,#4540,#4541,#4542,#4543,#4544,#4545,#4546,
#4547,#4548,#4549,#4550,#4551,#4552,#4553,#4554,#4555,#4556,#4557,#4558,
#4559,#4560,#4561,#4562,#4563,#4564,#4565,#4566,#4567,#4568,#4569,#4570,
#4571,#4572,#4573,#4574,#4575,#4576,#4577,#4578,#4579,#4580,#4581,#4582,
#4583,#4584,#4585,#4586,#4587,#4588,#4589,#4590,#4591,#4592,#4593,#4594,
#4595,#4596,#4597,#4598,#4599,#4600,#4601,#4602,#4603,#4604,#4605,#4606,
#4607,#4608,#4609,#4610,#4611,#4612,#4613,#4614,#4615,#4616,#4617,#4618,
#4619,#4620,#4621,#4622,#4623,#4624,#4625,#4626,#4627,#4628,#4629,#4630,
#4631,#4632,#4633,#4634,#4635,#4636,#4637,#4638,#4639,#4640,#4641,#4642,
#4643,#4644,#4645,#4646,#4647,#4648,#4649,#4650,#4651,#4652,#4653,#4654,
#4655,#4656,#4657,#4658,#4659,#4660,#4661,#4662,#4663,#4664,#4665,#4666,
#4667,#4668,#4669,#4670,#4671,#4672,#4673,#4674,#4675,#4676,#4677,#4678,
#4679,#4680,#4681,#4682,#4683,#4684,#4685,#4686,#4687,#4688,#4689,#4690,
#4691,#4692,#4693,#4694,#4695,#4696,#4697,#4698));
#4700=DERIVED_UNIT_ELEMENT(#4702,1.);
#4701=DERIVED_UNIT_ELEMENT(#9639,-3.);
#4702=(
MASS_UNIT()
NAMED_UNIT(*)
SI_UNIT(.KILO.,.GRAM.)
);
#4703=DERIVED_UNIT((#4700,#4701));
#4704=MEASURE_REPRESENTATION_ITEM('density measure',
POSITIVE_RATIO_MEASURE(7850.),#4703);
#4705=PROPERTY_DEFINITION_REPRESENTATION(#4710,#4707);
#4706=PROPERTY_DEFINITION_REPRESENTATION(#4711,#4708);
#4707=REPRESENTATION('material name',(#4709),#9636);
#4708=REPRESENTATION('density',(#4704),#9636);
#4709=DESCRIPTIVE_REPRESENTATION_ITEM('Stahl','Stahl');
#4710=PROPERTY_DEFINITION('material property','material name',#9646);
#4711=PROPERTY_DEFINITION('material property','density of part',#9646);
#4712=AXIS2_PLACEMENT_3D('',#6164,#5071,#5072);
#4713=AXIS2_PLACEMENT_3D('',#6165,#5073,#5074);
#4714=AXIS2_PLACEMENT_3D('',#6170,#5076,#5077);
#4715=AXIS2_PLACEMENT_3D('',#6173,#5079,#5080);
#4716=AXIS2_PLACEMENT_3D('',#6174,#5081,#5082);
#4717=AXIS2_PLACEMENT_3D('',#6183,#5087,#5088);
#4718=AXIS2_PLACEMENT_3D('',#6194,#5093,#5094);
#4719=AXIS2_PLACEMENT_3D('',#6198,#5096,#5097);
#4720=AXIS2_PLACEMENT_3D('',#6206,#5101,#5102);
#4721=AXIS2_PLACEMENT_3D('',#6209,#5104,#5105);
#4722=AXIS2_PLACEMENT_3D('',#6212,#5106,#5107);
#4723=AXIS2_PLACEMENT_3D('',#6216,#5109,#5110);
#4724=AXIS2_PLACEMENT_3D('',#6222,#5113,#5114);
#4725=AXIS2_PLACEMENT_3D('',#6225,#5116,#5117);
#4726=AXIS2_PLACEMENT_3D('',#6228,#5118,#5119);
#4727=AXIS2_PLACEMENT_3D('',#6232,#5121,#5122);
#4728=AXIS2_PLACEMENT_3D('',#6235,#5124,#5125);
#4729=AXIS2_PLACEMENT_3D('',#6240,#5127,#5128);
#4730=AXIS2_PLACEMENT_3D('',#6244,#5130,#5131);
#4731=AXIS2_PLACEMENT_3D('',#6245,#5132,#5133);
#4732=AXIS2_PLACEMENT_3D('',#6267,#5144,#5145);
#4733=AXIS2_PLACEMENT_3D('',#6271,#5147,#5148);
#4734=AXIS2_PLACEMENT_3D('',#6275,#5150,#5151);
#4735=AXIS2_PLACEMENT_3D('',#6283,#5155,#5156);
#4736=AXIS2_PLACEMENT_3D('',#6285,#5158,#5159);
#4737=AXIS2_PLACEMENT_3D('',#6291,#5163,#5164);
#4738=AXIS2_PLACEMENT_3D('',#6297,#5168,#5169);
#4739=AXIS2_PLACEMENT_3D('',#6303,#5173,#5174);
#4740=AXIS2_PLACEMENT_3D('',#6309,#5178,#5179);
#4741=AXIS2_PLACEMENT_3D('',#6319,#5185,#5186);
#4742=AXIS2_PLACEMENT_3D('',#6323,#5188,#5189);
#4743=AXIS2_PLACEMENT_3D('',#6331,#5193,#5194);
#4744=AXIS2_PLACEMENT_3D('',#6335,#5196,#5197);
#4745=AXIS2_PLACEMENT_3D('',#6338,#5199,#5200);
#4746=AXIS2_PLACEMENT_3D('',#6341,#5201,#5202);
#4747=AXIS2_PLACEMENT_3D('',#6345,#5204,#5205);
#4748=AXIS2_PLACEMENT_3D('',#6347,#5207,#5208);
#4749=AXIS2_PLACEMENT_3D('',#6353,#5212,#5213);
#4750=AXIS2_PLACEMENT_3D('',#6359,#5217,#5218);
#4751=AXIS2_PLACEMENT_3D('',#6364,#5220,#5221);
#4752=AXIS2_PLACEMENT_3D('',#6367,#5224,#5225);
#4753=AXIS2_PLACEMENT_3D('',#6371,#5227,#5228);
#4754=AXIS2_PLACEMENT_3D('',#6392,#5229,#5230);
#4755=AXIS2_PLACEMENT_3D('',#6394,#5232,#5233);
#4756=AXIS2_PLACEMENT_3D('',#6396,#5234,#5235);
#4757=AXIS2_PLACEMENT_3D('',#6711,#5237,#5238);
#4758=AXIS2_PLACEMENT_3D('',#6721,#5243,#5244);
#4759=AXIS2_PLACEMENT_3D('',#6722,#5245,#5246);
#4760=AXIS2_PLACEMENT_3D('',#6727,#5248,#5249);
#4761=AXIS2_PLACEMENT_3D('',#6731,#5251,#5252);
#4762=AXIS2_PLACEMENT_3D('',#6735,#5255,#5256);
#4763=AXIS2_PLACEMENT_3D('',#6741,#5258,#5259);
#4764=AXIS2_PLACEMENT_3D('',#6751,#5263,#5264);
#4765=AXIS2_PLACEMENT_3D('',#6756,#5267,#5268);
#4766=AXIS2_PLACEMENT_3D('',#6757,#5269,#5270);
#4767=AXIS2_PLACEMENT_3D('',#6762,#5273,#5274);
#4768=AXIS2_PLACEMENT_3D('',#6764,#5275,#5276);
#4769=AXIS2_PLACEMENT_3D('',#6767,#5278,#5279);
#4770=AXIS2_PLACEMENT_3D('',#6768,#5280,#5281);
#4771=AXIS2_PLACEMENT_3D('',#6771,#5282,#5283);
#4772=AXIS2_PLACEMENT_3D('',#6775,#5285,#5286);
#4773=AXIS2_PLACEMENT_3D('',#6777,#5288,#5289);
#4774=AXIS2_PLACEMENT_3D('',#6782,#5291,#5292);
#4775=AXIS2_PLACEMENT_3D('',#6785,#5294,#5295);
#4776=AXIS2_PLACEMENT_3D('',#6786,#5296,#5297);
#4777=AXIS2_PLACEMENT_3D('',#6791,#5299,#5300);
#4778=AXIS2_PLACEMENT_3D('',#6794,#5302,#5303);
#4779=AXIS2_PLACEMENT_3D('',#6795,#5304,#5305);
#4780=AXIS2_PLACEMENT_3D('',#6800,#5308,#5309);
#4781=AXIS2_PLACEMENT_3D('',#6804,#5311,#5312);
#4782=AXIS2_PLACEMENT_3D('',#6806,#5314,#5315);
#4783=AXIS2_PLACEMENT_3D('',#6811,#5318,#5319);
#4784=AXIS2_PLACEMENT_3D('',#6815,#5321,#5322);
#4785=AXIS2_PLACEMENT_3D('',#6817,#5324,#5325);
#4786=AXIS2_PLACEMENT_3D('',#6822,#5327,#5328);
#4787=AXIS2_PLACEMENT_3D('',#6825,#5330,#5331);
#4788=AXIS2_PLACEMENT_3D('',#6826,#5332,#5333);
#4789=AXIS2_PLACEMENT_3D('',#6830,#5335,#5336);
#4790=AXIS2_PLACEMENT_3D('',#6834,#5338,#5339);
#4791=AXIS2_PLACEMENT_3D('',#6838,#5341,#5342);
#4792=AXIS2_PLACEMENT_3D('',#6840,#5344,#5345);
#4793=AXIS2_PLACEMENT_3D('',#6845,#5347,#5348);
#4794=AXIS2_PLACEMENT_3D('',#6848,#5350,#5351);
#4795=AXIS2_PLACEMENT_3D('',#6849,#5352,#5353);
#4796=AXIS2_PLACEMENT_3D('',#6853,#5355,#5356);
#4797=AXIS2_PLACEMENT_3D('',#6855,#5358,#5359);
#4798=AXIS2_PLACEMENT_3D('',#6858,#5360,#5361);
#4799=AXIS2_PLACEMENT_3D('',#6862,#5363,#5364);
#4800=AXIS2_PLACEMENT_3D('',#6864,#5366,#5367);
#4801=AXIS2_PLACEMENT_3D('',#6869,#5369,#5370);
#4802=AXIS2_PLACEMENT_3D('',#6872,#5372,#5373);
#4803=AXIS2_PLACEMENT_3D('',#6873,#5374,#5375);
#4804=AXIS2_PLACEMENT_3D('',#6878,#5377,#5378);
#4805=AXIS2_PLACEMENT_3D('',#6881,#5380,#5381);
#4806=AXIS2_PLACEMENT_3D('',#6882,#5382,#5383);
#4807=AXIS2_PLACEMENT_3D('',#6887,#5386,#5387);
#4808=AXIS2_PLACEMENT_3D('',#6891,#5389,#5390);
#4809=AXIS2_PLACEMENT_3D('',#6893,#5392,#5393);
#4810=AXIS2_PLACEMENT_3D('',#6898,#5396,#5397);
#4811=AXIS2_PLACEMENT_3D('',#6902,#5399,#5400);
#4812=AXIS2_PLACEMENT_3D('',#6904,#5402,#5403);
#4813=AXIS2_PLACEMENT_3D('',#6909,#5405,#5406);
#4814=AXIS2_PLACEMENT_3D('',#6912,#5408,#5409);
#4815=AXIS2_PLACEMENT_3D('',#6913,#5410,#5411);
#4816=AXIS2_PLACEMENT_3D('',#6918,#5413,#5414);
#4817=AXIS2_PLACEMENT_3D('',#6925,#5418,#5419);
#4818=AXIS2_PLACEMENT_3D('',#6926,#5420,#5421);
#4819=AXIS2_PLACEMENT_3D('',#6931,#5423,#5424);
#4820=AXIS2_PLACEMENT_3D('',#6934,#5426,#5427);
#4821=AXIS2_PLACEMENT_3D('',#6935,#5428,#5429);
#4822=AXIS2_PLACEMENT_3D('',#6940,#5432,#5433);
#4823=AXIS2_PLACEMENT_3D('',#6944,#5435,#5436);
#4824=AXIS2_PLACEMENT_3D('',#6946,#5438,#5439);
#4825=AXIS2_PLACEMENT_3D('',#6950,#5442,#5443);
#4826=AXIS2_PLACEMENT_3D('',#6953,#5446,#5447);
#4827=AXIS2_PLACEMENT_3D('',#6955,#5449,#5450);
#4828=AXIS2_PLACEMENT_3D('',#6965,#5451,#5452);
#4829=AXIS2_PLACEMENT_3D('',#6967,#5454,#5455);
#4830=AXIS2_PLACEMENT_3D('',#6971,#5457,#5458);
#4831=AXIS2_PLACEMENT_3D('',#6973,#5460,#5461);
#4832=AXIS2_PLACEMENT_3D('',#6977,#5464,#5465);
#4833=AXIS2_PLACEMENT_3D('',#6984,#5466,#5467);
#4834=AXIS2_PLACEMENT_3D('',#6988,#5469,#5470);
#4835=AXIS2_PLACEMENT_3D('',#6990,#5472,#5473);
#4836=AXIS2_PLACEMENT_3D('',#6993,#5476,#5477);
#4837=AXIS2_PLACEMENT_3D('',#6996,#5478,#5479);
#4838=AXIS2_PLACEMENT_3D('',#7002,#5483,#5484);
#4839=AXIS2_PLACEMENT_3D('',#7009,#5489,#5490);
#4840=AXIS2_PLACEMENT_3D('',#7015,#5491,#5492);
#4841=AXIS2_PLACEMENT_3D('',#7016,#5493,#5494);
#4842=AXIS2_PLACEMENT_3D('',#7017,#5495,#5496);
#4843=AXIS2_PLACEMENT_3D('',#7018,#5497,#5498);
#4844=AXIS2_PLACEMENT_3D('',#7021,#5501,#5502);
#4845=AXIS2_PLACEMENT_3D('',#7025,#5505,#5506);
#4846=AXIS2_PLACEMENT_3D('',#7031,#5509,#5510);
#4847=AXIS2_PLACEMENT_3D('',#7032,#5511,#5512);
#4848=AXIS2_PLACEMENT_3D('',#7033,#5513,#5514);
#4849=AXIS2_PLACEMENT_3D('',#7035,#5516,#5517);
#4850=AXIS2_PLACEMENT_3D('',#7037,#5519,#5520);
#4851=AXIS2_PLACEMENT_3D('',#7039,#5522,#5523);
#4852=AXIS2_PLACEMENT_3D('',#7043,#5526,#5527);
#4853=AXIS2_PLACEMENT_3D('',#7045,#5528,#5529);
#4854=AXIS2_PLACEMENT_3D('',#7049,#5533,#5534);
#4855=AXIS2_PLACEMENT_3D('',#7051,#5536,#5537);
#4856=AXIS2_PLACEMENT_3D('',#7061,#5539,#5540);
#4857=AXIS2_PLACEMENT_3D('',#7062,#5541,#5542);
#4858=AXIS2_PLACEMENT_3D('',#7065,#5545,#5546);
#4859=AXIS2_PLACEMENT_3D('',#7067,#5548,#5549);
#4860=AXIS2_PLACEMENT_3D('',#7070,#5552,#5553);
#4861=AXIS2_PLACEMENT_3D('',#7072,#5555,#5556);
#4862=AXIS2_PLACEMENT_3D('',#7075,#5559,#5560);
#4863=AXIS2_PLACEMENT_3D('',#7077,#5562,#5563);
#4864=AXIS2_PLACEMENT_3D('',#7080,#5566,#5567);
#4865=AXIS2_PLACEMENT_3D('',#7082,#5568,#5569);
#4866=AXIS2_PLACEMENT_3D('',#7084,#5571,#5572);
#4867=AXIS2_PLACEMENT_3D('',#7087,#5573,#5574);
#4868=AXIS2_PLACEMENT_3D('',#7090,#5576,#5577);
#4869=AXIS2_PLACEMENT_3D('',#7101,#5578,#5579);
#4870=AXIS2_PLACEMENT_3D('',#7102,#5580,#5581);
#4871=AXIS2_PLACEMENT_3D('',#7105,#5582,#5583);
#4872=AXIS2_PLACEMENT_3D('',#7107,#5584,#5585);
#4873=AXIS2_PLACEMENT_3D('',#7109,#5586,#5587);
#4874=AXIS2_PLACEMENT_3D('',#7115,#5588,#5589);
#4875=AXIS2_PLACEMENT_3D('',#7119,#5590,#5591);
#4876=AXIS2_PLACEMENT_3D('',#7124,#5595,#5596);
#4877=AXIS2_PLACEMENT_3D('',#7129,#5600,#5601);
#4878=AXIS2_PLACEMENT_3D('',#7132,#5602,#5603);
#4879=AXIS2_PLACEMENT_3D('',#7134,#5604,#5605);
#4880=AXIS2_PLACEMENT_3D('',#7136,#5606,#5607);
#4881=AXIS2_PLACEMENT_3D('',#7138,#5608,#5609);
#4882=AXIS2_PLACEMENT_3D('',#7390,#5610,#5611);
#4883=AXIS2_PLACEMENT_3D('',#7392,#5613,#5614);
#4884=AXIS2_PLACEMENT_3D('',#7394,#5615,#5616);
#4885=AXIS2_PLACEMENT_3D('',#7396,#5617,#5618);
#4886=AXIS2_PLACEMENT_3D('',#7398,#5619,#5620);
#4887=AXIS2_PLACEMENT_3D('',#7403,#5621,#5622);
#4888=AXIS2_PLACEMENT_3D('',#7404,#5623,#5624);
#4889=AXIS2_PLACEMENT_3D('',#7408,#5626,#5627);
#4890=AXIS2_PLACEMENT_3D('',#7410,#5628,#5629);
#4891=AXIS2_PLACEMENT_3D('',#7414,#5632,#5633);
#4892=AXIS2_PLACEMENT_3D('',#7416,#5635,#5636);
#4893=AXIS2_PLACEMENT_3D('',#7419,#5639,#5640);
#4894=AXIS2_PLACEMENT_3D('',#7550,#5643,#5644);
#4895=AXIS2_PLACEMENT_3D('',#7552,#5646,#5647);
#4896=AXIS2_PLACEMENT_3D('',#7554,#5649,#5650);
#4897=AXIS2_PLACEMENT_3D('',#7579,#5651,#5652);
#4898=AXIS2_PLACEMENT_3D('',#7586,#5653,#5654);
#4899=AXIS2_PLACEMENT_3D('',#7599,#5655,#5656);
#4900=AXIS2_PLACEMENT_3D('',#7653,#5658,#5659);
#4901=AXIS2_PLACEMENT_3D('',#7683,#5660,#5661);
#4902=AXIS2_PLACEMENT_3D('',#7687,#5663,#5664);
#4903=AXIS2_PLACEMENT_3D('',#7691,#5665,#5666);
#4904=AXIS2_PLACEMENT_3D('',#7697,#5670,#5671);
#4905=AXIS2_PLACEMENT_3D('',#7701,#5674,#5675);
#4906=AXIS2_PLACEMENT_3D('',#7705,#5678,#5679);
#4907=AXIS2_PLACEMENT_3D('',#7707,#5680,#5681);
#4908=AXIS2_PLACEMENT_3D('',#7708,#5682,#5683);
#4909=AXIS2_PLACEMENT_3D('',#7710,#5685,#5686);
#4910=AXIS2_PLACEMENT_3D('',#7714,#5689,#5690);
#4911=AXIS2_PLACEMENT_3D('',#7718,#5693,#5694);
#4912=AXIS2_PLACEMENT_3D('',#7720,#5696,#5697);
#4913=AXIS2_PLACEMENT_3D('',#7722,#5698,#5699);
#4914=AXIS2_PLACEMENT_3D('',#7723,#5700,#5701);
#4915=AXIS2_PLACEMENT_3D('',#7725,#5703,#5704);
#4916=AXIS2_PLACEMENT_3D('',#7727,#5706,#5707);
#4917=AXIS2_PLACEMENT_3D('',#7728,#5708,#5709);
#4918=AXIS2_PLACEMENT_3D('',#7729,#5710,#5711);
#4919=AXIS2_PLACEMENT_3D('',#8183,#5714,#5715);
#4920=AXIS2_PLACEMENT_3D('',#8187,#5718,#5719);
#4921=AXIS2_PLACEMENT_3D('',#8190,#5721,#5722);
#4922=AXIS2_PLACEMENT_3D('',#8193,#5723,#5724);
#4923=AXIS2_PLACEMENT_3D('',#8195,#5725,#5726);
#4924=AXIS2_PLACEMENT_3D('',#8207,#5727,#5728);
#4925=AXIS2_PLACEMENT_3D('',#8208,#5729,#5730);
#4926=AXIS2_PLACEMENT_3D('',#8209,#5731,#5732);
#4927=AXIS2_PLACEMENT_3D('',#8211,#5733,#5734);
#4928=AXIS2_PLACEMENT_3D('',#8213,#5736,#5737);
#4929=AXIS2_PLACEMENT_3D('',#8221,#5740,#5741);
#4930=AXIS2_PLACEMENT_3D('',#8229,#5744,#5745);
#4931=AXIS2_PLACEMENT_3D('',#8230,#5746,#5747);
#4932=AXIS2_PLACEMENT_3D('',#8231,#5748,#5749);
#4933=AXIS2_PLACEMENT_3D('',#8233,#5751,#5752);
#4934=AXIS2_PLACEMENT_3D('',#8237,#5755,#5756);
#4935=AXIS2_PLACEMENT_3D('',#8238,#5757,#5758);
#4936=AXIS2_PLACEMENT_3D('',#8240,#5759,#5760);
#4937=AXIS2_PLACEMENT_3D('',#8241,#5761,#5762);
#4938=AXIS2_PLACEMENT_3D('',#8242,#5763,#5764);
#4939=AXIS2_PLACEMENT_3D('',#8245,#5767,#5768);
#4940=AXIS2_PLACEMENT_3D('',#8247,#5770,#5771);
#4941=AXIS2_PLACEMENT_3D('',#8248,#5772,#5773);
#4942=AXIS2_PLACEMENT_3D('',#8250,#5774,#5775);
#4943=AXIS2_PLACEMENT_3D('',#8251,#5776,#5777);
#4944=AXIS2_PLACEMENT_3D('',#8253,#5778,#5779);
#4945=AXIS2_PLACEMENT_3D('',#8254,#5780,#5781);
#4946=AXIS2_PLACEMENT_3D('',#8255,#5782,#5783);
#4947=AXIS2_PLACEMENT_3D('',#8264,#5784,#5785);
#4948=AXIS2_PLACEMENT_3D('',#8266,#5786,#5787);
#4949=AXIS2_PLACEMENT_3D('',#8307,#5789,#5790);
#4950=AXIS2_PLACEMENT_3D('',#8308,#5791,#5792);
#4951=AXIS2_PLACEMENT_3D('',#8311,#5793,#5794);
#4952=AXIS2_PLACEMENT_3D('',#8313,#5795,#5796);
#4953=AXIS2_PLACEMENT_3D('',#8394,#5798,#5799);
#4954=AXIS2_PLACEMENT_3D('',#8400,#5803,#5804);
#4955=AXIS2_PLACEMENT_3D('',#8404,#5807,#5808);
#4956=AXIS2_PLACEMENT_3D('',#8408,#5811,#5812);
#4957=AXIS2_PLACEMENT_3D('',#8410,#5813,#5814);
#4958=AXIS2_PLACEMENT_3D('',#8411,#5815,#5816);
#4959=AXIS2_PLACEMENT_3D('',#8413,#5818,#5819);
#4960=AXIS2_PLACEMENT_3D('',#8417,#5822,#5823);
#4961=AXIS2_PLACEMENT_3D('',#8421,#5826,#5827);
#4962=AXIS2_PLACEMENT_3D('',#8423,#5829,#5830);
#4963=AXIS2_PLACEMENT_3D('',#8425,#5831,#5832);
#4964=AXIS2_PLACEMENT_3D('',#8426,#5833,#5834);
#4965=AXIS2_PLACEMENT_3D('',#8428,#5836,#5837);
#4966=AXIS2_PLACEMENT_3D('',#9417,#5890,#5891);
#4967=AXIS2_PLACEMENT_3D('',#9418,#5892,#5893);
#4968=AXIS2_PLACEMENT_3D('',#9422,#5895,#5896);
#4969=AXIS2_PLACEMENT_3D('',#9424,#5898,#5899);
#4970=AXIS2_PLACEMENT_3D('',#9428,#5902,#5903);
#4971=AXIS2_PLACEMENT_3D('',#9430,#5904,#5905);
#4972=AXIS2_PLACEMENT_3D('',#9432,#5907,#5908);
#4973=AXIS2_PLACEMENT_3D('',#9434,#5910,#5911);
#4974=AXIS2_PLACEMENT_3D('',#9435,#5912,#5913);
#4975=AXIS2_PLACEMENT_3D('',#9437,#5915,#5916);
#4976=AXIS2_PLACEMENT_3D('',#9439,#5918,#5919);
#4977=AXIS2_PLACEMENT_3D('',#9441,#5921,#5922);
#4978=AXIS2_PLACEMENT_3D('',#9442,#5923,#5924);
#4979=AXIS2_PLACEMENT_3D('',#9444,#5926,#5927);
#4980=AXIS2_PLACEMENT_3D('',#9445,#5928,#5929);
#4981=AXIS2_PLACEMENT_3D('',#9447,#5931,#5932);
#4982=AXIS2_PLACEMENT_3D('',#9448,#5933,#5934);
#4983=AXIS2_PLACEMENT_3D('',#9449,#5935,#5936);
#4984=AXIS2_PLACEMENT_3D('',#9451,#5938,#5939);
#4985=AXIS2_PLACEMENT_3D('',#9454,#5942,#5943);
#4986=AXIS2_PLACEMENT_3D('',#9457,#5946,#5947);
#4987=AXIS2_PLACEMENT_3D('',#9459,#5949,#5950);
#4988=AXIS2_PLACEMENT_3D('',#9461,#5952,#5953);
#4989=AXIS2_PLACEMENT_3D('',#9462,#5954,#5955);
#4990=AXIS2_PLACEMENT_3D('',#9465,#5957,#5958);
#4991=AXIS2_PLACEMENT_3D('',#9466,#5959,#5960);
#4992=AXIS2_PLACEMENT_3D('',#9468,#5961,#5962);
#4993=AXIS2_PLACEMENT_3D('',#9471,#5964,#5965);
#4994=AXIS2_PLACEMENT_3D('',#9472,#5966,#5967);
#4995=AXIS2_PLACEMENT_3D('',#9473,#5968,#5969);
#4996=AXIS2_PLACEMENT_3D('',#9479,#5973,#5974);
#4997=AXIS2_PLACEMENT_3D('',#9490,#5980,#5981);
#4998=AXIS2_PLACEMENT_3D('',#9492,#5982,#5983);
#4999=AXIS2_PLACEMENT_3D('',#9494,#5984,#5985);
#5000=AXIS2_PLACEMENT_3D('',#9495,#5986,#5987);
#5001=AXIS2_PLACEMENT_3D('',#9499,#5990,#5991);
#5002=AXIS2_PLACEMENT_3D('',#9504,#5994,#5995);
#5003=AXIS2_PLACEMENT_3D('',#9506,#5996,#5997);
#5004=AXIS2_PLACEMENT_3D('',#9507,#5998,#5999);
#5005=AXIS2_PLACEMENT_3D('',#9511,#6002,#6003);
#5006=AXIS2_PLACEMENT_3D('',#9515,#6006,#6007);
#5007=AXIS2_PLACEMENT_3D('',#9517,#6008,#6009);
#5008=AXIS2_PLACEMENT_3D('',#9521,#6011,#6012);
#5009=AXIS2_PLACEMENT_3D('',#9522,#6013,#6014);
#5010=AXIS2_PLACEMENT_3D('',#9523,#6015,#6016);
#5011=AXIS2_PLACEMENT_3D('',#9525,#6018,#6019);
#5012=AXIS2_PLACEMENT_3D('',#9527,#6020,#6021);
#5013=AXIS2_PLACEMENT_3D('',#9529,#6023,#6024);
#5014=AXIS2_PLACEMENT_3D('',#9531,#6026,#6027);
#5015=AXIS2_PLACEMENT_3D('',#9534,#6029,#6030);
#5016=AXIS2_PLACEMENT_3D('',#9535,#6031,#6032);
#5017=AXIS2_PLACEMENT_3D('',#9536,#6033,#6034);
#5018=AXIS2_PLACEMENT_3D('',#9539,#6036,#6037);
#5019=AXIS2_PLACEMENT_3D('',#9540,#6038,#6039);
#5020=AXIS2_PLACEMENT_3D('',#9541,#6040,#6041);
#5021=AXIS2_PLACEMENT_3D('',#9544,#6043,#6044);
#5022=AXIS2_PLACEMENT_3D('',#9545,#6045,#6046);
#5023=AXIS2_PLACEMENT_3D('',#9548,#6048,#6049);
#5024=AXIS2_PLACEMENT_3D('',#9549,#6050,#6051);
#5025=AXIS2_PLACEMENT_3D('',#9550,#6052,#6053);
#5026=AXIS2_PLACEMENT_3D('',#9552,#6054,#6055);
#5027=AXIS2_PLACEMENT_3D('',#9554,#6057,#6058);
#5028=AXIS2_PLACEMENT_3D('',#9556,#6060,#6061);
#5029=AXIS2_PLACEMENT_3D('',#9560,#6063,#6064);
#5030=AXIS2_PLACEMENT_3D('',#9561,#6065,#6066);
#5031=AXIS2_PLACEMENT_3D('',#9563,#6067,#6068);
#5032=AXIS2_PLACEMENT_3D('',#9565,#6070,#6071);
#5033=AXIS2_PLACEMENT_3D('',#9567,#6073,#6074);
#5034=AXIS2_PLACEMENT_3D('',#9569,#6076,#6077);
#5035=AXIS2_PLACEMENT_3D('',#9570,#6078,#6079);
#5036=AXIS2_PLACEMENT_3D('',#9572,#6080,#6081);
#5037=AXIS2_PLACEMENT_3D('',#9574,#6083,#6084);
#5038=AXIS2_PLACEMENT_3D('',#9575,#6085,#6086);
#5039=AXIS2_PLACEMENT_3D('',#9578,#6088,#6089);
#5040=AXIS2_PLACEMENT_3D('',#9579,#6090,#6091);
#5041=AXIS2_PLACEMENT_3D('',#9580,#6092,#6093);
#5042=AXIS2_PLACEMENT_3D('',#9581,#6094,#6095);
#5043=AXIS2_PLACEMENT_3D('',#9582,#6096,#6097);
#5044=AXIS2_PLACEMENT_3D('',#9585,#6099,#6100);
#5045=AXIS2_PLACEMENT_3D('',#9586,#6101,#6102);
#5046=AXIS2_PLACEMENT_3D('',#9589,#6104,#6105);
#5047=AXIS2_PLACEMENT_3D('',#9590,#6106,#6107);
#5048=AXIS2_PLACEMENT_3D('',#9591,#6108,#6109);
#5049=AXIS2_PLACEMENT_3D('',#9594,#6111,#6112);
#5050=AXIS2_PLACEMENT_3D('',#9595,#6113,#6114);
#5051=AXIS2_PLACEMENT_3D('',#9598,#6116,#6117);
#5052=AXIS2_PLACEMENT_3D('',#9599,#6118,#6119);
#5053=AXIS2_PLACEMENT_3D('',#9600,#6120,#6121);
#5054=AXIS2_PLACEMENT_3D('',#9603,#6123,#6124);
#5055=AXIS2_PLACEMENT_3D('',#9604,#6125,#6126);
#5056=AXIS2_PLACEMENT_3D('',#9606,#6127,#6128);
#5057=AXIS2_PLACEMENT_3D('',#9608,#6130,#6131);
#5058=AXIS2_PLACEMENT_3D('',#9612,#6133,#6134);
#5059=AXIS2_PLACEMENT_3D('',#9613,#6135,#6136);
#5060=AXIS2_PLACEMENT_3D('',#9615,#6137,#6138);
#5061=AXIS2_PLACEMENT_3D('',#9618,#6140,#6141);
#5062=AXIS2_PLACEMENT_3D('',#9619,#6142,#6143);
#5063=AXIS2_PLACEMENT_3D('',#9621,#6145,#6146);
#5064=AXIS2_PLACEMENT_3D('',#9623,#6147,#6148);
#5065=AXIS2_PLACEMENT_3D('',#9625,#6150,#6151);
#5066=AXIS2_PLACEMENT_3D('',#9626,#6152,#6153);
#5067=AXIS2_PLACEMENT_3D('',#9629,#6155,#6156);
#5068=AXIS2_PLACEMENT_3D('',#9630,#6157,#6158);
#5069=AXIS2_PLACEMENT_3D('',#9631,#6159,#6160);
#5070=AXIS2_PLACEMENT_3D('',#9633,#6162,#6163);
#5071=DIRECTION('axis',(0.,0.,1.));
#5072=DIRECTION('refdir',(1.,0.,0.));
#5073=DIRECTION('center_axis',(-2.22044604925031E-16,1.22464679914735E-16,
-1.));
#5074=DIRECTION('ref_axis',(-1.,-2.22044604925031E-16,2.22044604925031E-16));
#5075=DIRECTION('',(-2.22044604925031E-16,1.22464679914735E-16,-1.));
#5076=DIRECTION('center_axis',(-2.22044604925031E-16,1.22464679914735E-16,
-1.));
#5077=DIRECTION('ref_axis',(1.,2.22044604925031E-16,-2.22044604925031E-16));
#5078=DIRECTION('',(-2.22044604925031E-16,1.22464679914735E-16,-1.));
#5079=DIRECTION('center_axis',(0.,0.,-1.));
#5080=DIRECTION('ref_axis',(-0.99663502646365,0.0819672131147538,0.));
#5081=DIRECTION('center_axis',(0.,-1.,0.));
#5082=DIRECTION('ref_axis',(0.,0.,-1.));
#5083=DIRECTION('',(-1.,0.,2.22044604925031E-16));
#5084=DIRECTION('',(2.22044604925031E-16,-1.22464679914735E-16,1.));
#5085=DIRECTION('',(1.,2.22044604925031E-16,-2.22044604925031E-16));
#5086=DIRECTION('',(-2.22044604925031E-16,1.22464679914735E-16,-1.));
#5087=DIRECTION('center_axis',(-2.22044604925031E-16,1.22464679914735E-16,
-1.));
#5088=DIRECTION('ref_axis',(1.,2.22044604925031E-16,-2.22044604925031E-16));
#5089=DIRECTION('',(-1.,-2.22044604925031E-16,2.22044604925031E-16));
#5090=DIRECTION('',(2.22044604925031E-16,-1.,-1.22464679914735E-16));
#5091=DIRECTION('',(1.,2.22044604925031E-16,-2.22044604925031E-16));
#5092=DIRECTION('',(-2.22044604925031E-16,1.,1.22464679914735E-16));
#5093=DIRECTION('center_axis',(2.22044604925031E-16,-1.22464679914735E-16,
1.));
#5094=DIRECTION('ref_axis',(-1.,-2.22044604925031E-16,2.22044604925031E-16));
#5095=DIRECTION('',(0.99999870832497,-0.00160727981097696,-2.22241153123144E-16));
#5096=DIRECTION('center_axis',(-2.22044604925031E-16,1.22464679914735E-16,
-1.));
#5097=DIRECTION('ref_axis',(-0.999444290037663,-0.0333333333333337,2.17839056528834E-16));
#5098=DIRECTION('',(0.690414261836375,0.723414229230344,-6.4710069975606E-17));
#5099=DIRECTION('',(1.,7.20338711660623E-16,-2.22044604925031E-16));
#5100=DIRECTION('',(-1.,4.12368552003627E-16,2.22044604925031E-16));
#5101=DIRECTION('center_axis',(-2.22044604925031E-16,1.22464679914735E-16,
-1.));
#5102=DIRECTION('ref_axis',(-2.22044604925031E-16,1.,1.22464679914735E-16));
#5103=DIRECTION('',(1.,8.56457761853689E-16,-2.22044604925031E-16));
#5104=DIRECTION('center_axis',(-2.22044604925031E-16,1.22464679914735E-16,
-1.));
#5105=DIRECTION('ref_axis',(2.22044604925031E-16,-1.,-1.22464679914735E-16));
#5106=DIRECTION('center_axis',(-2.22044604925031E-16,1.22464679914735E-16,
-1.));
#5107=DIRECTION('ref_axis',(-2.22044604925031E-16,1.,1.22464679914735E-16));
#5108=DIRECTION('',(1.,2.75969723263966E-15,-2.22044604925031E-16));
#5109=DIRECTION('center_axis',(-2.22044604925031E-16,1.22464679914735E-16,
-1.));
#5110=DIRECTION('ref_axis',(2.22044604925031E-16,-1.,-1.22464679914735E-16));
#5111=DIRECTION('',(-1.,2.3156080227896E-15,2.22044604925032E-16));
#5112=DIRECTION('',(-1.,4.1236855200363E-16,2.22044604925031E-16));
#5113=DIRECTION('center_axis',(-2.22044604925031E-16,1.22464679914735E-16,
-1.));
#5114=DIRECTION('ref_axis',(-2.22044604925031E-16,1.,1.22464679914735E-16));
#5115=DIRECTION('',(1.,8.56457761853692E-16,-2.22044604925031E-16));
#5116=DIRECTION('center_axis',(-2.22044604925031E-16,1.22464679914735E-16,
-1.));
#5117=DIRECTION('ref_axis',(2.22044604925031E-16,-1.,-1.22464679914735E-16));
#5118=DIRECTION('center_axis',(-2.22044604925031E-16,1.22464679914735E-16,
-1.));
#5119=DIRECTION('ref_axis',(-2.22044604925031E-16,1.,1.22464679914735E-16));
#5120=DIRECTION('',(1.,1.49087091878235E-15,-2.22044604925031E-16));
#5121=DIRECTION('center_axis',(-2.22044604925031E-16,1.22464679914735E-16,
-1.));
#5122=DIRECTION('ref_axis',(2.22044604925031E-16,-1.,-1.22464679914735E-16));
#5123=DIRECTION('',(-1.,1.04678170893229E-15,2.22044604925031E-16));
#5124=DIRECTION('center_axis',(2.22044604925031E-16,-1.22464679914735E-16,
1.));
#5125=DIRECTION('ref_axis',(-1.,-2.22044604925031E-16,2.22044604925031E-16));
#5126=DIRECTION('',(0.999986853704975,-0.00512761320933395,-2.22669637371554E-16));
#5127=DIRECTION('center_axis',(-2.22044604925031E-16,1.22464679914735E-16,
-1.));
#5128=DIRECTION('ref_axis',(0.998576764978815,0.0533333333333333,-2.15197133671584E-16));
#5129=DIRECTION('',(1.,-2.76932035355938E-16,-2.22044604925031E-16));
#5130=DIRECTION('center_axis',(-2.22044604925031E-16,1.22464679914735E-16,
-1.));
#5131=DIRECTION('ref_axis',(-1.,-2.22044604925031E-16,2.22044604925031E-16));
#5132=DIRECTION('center_axis',(-2.22044604925031E-16,1.22464679914735E-16,
-1.));
#5133=DIRECTION('ref_axis',(-1.,-2.22044604925031E-16,2.22044604925031E-16));
#5134=DIRECTION('',(-2.71926214689378E-32,-1.,-1.22464679914735E-16));
#5135=DIRECTION('',(-2.22044604925031E-16,1.,1.22464679914735E-16));
#5136=DIRECTION('',(1.,0.,-2.22044604925031E-16));
#5137=DIRECTION('',(-2.71926214689378E-32,-1.,-1.22464679914735E-16));
#5138=DIRECTION('',(-1.,0.,2.22044604925031E-16));
#5139=DIRECTION('',(2.71926214689378E-32,1.,1.22464679914735E-16));
#5140=DIRECTION('',(1.,0.,-2.22044604925031E-16));
#5141=DIRECTION('',(-2.71926214689378E-32,-1.,-1.22464679914735E-16));
#5142=DIRECTION('',(-1.,0.,2.22044604925031E-16));
#5143=DIRECTION('',(2.71926214689378E-32,1.,1.22464679914735E-16));
#5144=DIRECTION('center_axis',(-2.22044604925031E-16,1.22464679914735E-16,
-1.));
#5145=DIRECTION('ref_axis',(2.22044604925031E-16,-1.,-1.22464679914735E-16));
#5146=DIRECTION('',(-1.,-2.22044604925031E-16,2.22044604925031E-16));
#5147=DIRECTION('center_axis',(-2.22044604925031E-16,1.22464679914735E-16,
-1.));
#5148=DIRECTION('ref_axis',(-2.22044604925031E-16,1.,1.22464679914735E-16));
#5149=DIRECTION('',(1.,2.22044604925031E-16,-2.22044604925031E-16));
#5150=DIRECTION('center_axis',(-2.22044604925031E-16,1.22464679914735E-16,
-1.));
#5151=DIRECTION('ref_axis',(2.22044604925031E-16,-1.,-1.22464679914735E-16));
#5152=DIRECTION('',(-2.22044604925031E-16,1.,1.22464679914735E-16));
#5153=DIRECTION('',(1.,0.,-2.22044604925031E-16));
#5154=DIRECTION('',(-2.71926214689378E-32,-1.,-1.22464679914735E-16));
#5155=DIRECTION('center_axis',(-2.22044604925031E-16,1.22464679914735E-16,
-1.));
#5156=DIRECTION('ref_axis',(2.22044604925031E-16,-1.,-1.22464679914735E-16));
#5157=DIRECTION('',(1.,0.,-2.22044604925031E-16));
#5158=DIRECTION('center_axis',(0.,-1.,0.));
#5159=DIRECTION('ref_axis',(0.,0.,-1.));
#5160=DIRECTION('',(2.22044604925031E-16,-1.22464679914735E-16,1.));
#5161=DIRECTION('',(1.,2.22044604925031E-16,-2.22044604925031E-16));
#5162=DIRECTION('',(-2.22044604925031E-16,1.22464679914735E-16,-1.));
#5163=DIRECTION('center_axis',(0.,1.,0.));
#5164=DIRECTION('ref_axis',(0.,0.,1.));
#5165=DIRECTION('',(2.22044604925031E-16,-1.22464679914735E-16,1.));
#5166=DIRECTION('',(-1.,-2.22044604925031E-16,2.22044604925031E-16));
#5167=DIRECTION('',(-2.22044604925031E-16,1.22464679914735E-16,-1.));
#5168=DIRECTION('center_axis',(0.,1.,0.));
#5169=DIRECTION('ref_axis',(0.,0.,1.));
#5170=DIRECTION('',(2.22044604925031E-16,-1.22464679914735E-16,1.));
#5171=DIRECTION('',(-1.,-2.22044604925031E-16,2.22044604925031E-16));
#5172=DIRECTION('',(-2.22044604925031E-16,1.22464679914735E-16,-1.));
#5173=DIRECTION('center_axis',(0.,-1.,0.));
#5174=DIRECTION('ref_axis',(0.,0.,-1.));
#5175=DIRECTION('',(2.22044604925031E-16,-1.22464679914735E-16,1.));
#5176=DIRECTION('',(1.,2.22044604925031E-16,-2.22044604925031E-16));
#5177=DIRECTION('',(-2.22044604925031E-16,1.22464679914735E-16,-1.));
#5178=DIRECTION('center_axis',(0.,1.,0.));
#5179=DIRECTION('ref_axis',(0.,0.,1.));
#5180=DIRECTION('',(2.22044604925031E-16,-1.22464679914735E-16,1.));
#5181=DIRECTION('',(1.,0.,-2.22044604925031E-16));
#5182=DIRECTION('',(2.22044604925031E-16,-1.22464679914735E-16,1.));
#5183=DIRECTION('',(-1.,-2.22044604925031E-16,2.22044604925031E-16));
#5184=DIRECTION('',(-2.22044604925031E-16,1.22464679914735E-16,-1.));
#5185=DIRECTION('center_axis',(2.22044604925031E-16,-1.22464679914735E-16,
1.));
#5186=DIRECTION('ref_axis',(-1.,-2.22044604925031E-16,2.22044604925031E-16));
#5187=DIRECTION('',(-6.26279654916757E-17,-1.,-1.22464679914735E-16));
#5188=DIRECTION('center_axis',(-2.22044604925031E-16,1.22464679914735E-16,
-1.));
#5189=DIRECTION('ref_axis',(2.22044604925031E-16,-1.,-1.22464679914735E-16));
#5190=DIRECTION('',(-2.22044604925031E-16,1.,1.22464679914735E-16));
#5191=DIRECTION('',(-1.,0.,2.22044604925031E-16));
#5192=DIRECTION('',(2.71926214689378E-32,1.,1.22464679914735E-16));
#5193=DIRECTION('center_axis',(-2.22044604925031E-16,1.22464679914735E-16,
-1.));
#5194=DIRECTION('ref_axis',(2.22044604925031E-16,-1.,-1.22464679914735E-16));
#5195=DIRECTION('',(1.,2.22044604925031E-16,-2.22044604925031E-16));
#5196=DIRECTION('center_axis',(-2.22044604925031E-16,1.22464679914735E-16,
-1.));
#5197=DIRECTION('ref_axis',(-2.22044604925031E-16,1.,1.22464679914735E-16));
#5198=DIRECTION('',(-1.,-2.22044604925031E-16,2.22044604925031E-16));
#5199=DIRECTION('center_axis',(-2.22044604925031E-16,1.22464679914735E-16,
-1.));
#5200=DIRECTION('ref_axis',(2.22044604925031E-16,-1.,-1.22464679914735E-16));
#5201=DIRECTION('center_axis',(-2.22044604925031E-16,1.22464679914735E-16,
-1.));
#5202=DIRECTION('ref_axis',(2.22044604925031E-16,-1.,-1.22464679914735E-16));
#5203=DIRECTION('',(-1.,-2.22044604925031E-16,2.22044604925031E-16));
#5204=DIRECTION('center_axis',(-2.22044604925031E-16,1.22464679914735E-16,
-1.));
#5205=DIRECTION('ref_axis',(-2.22044604925031E-16,1.,1.22464679914735E-16));
#5206=DIRECTION('',(1.,2.22044604925031E-16,-2.22044604925031E-16));
#5207=DIRECTION('center_axis',(0.,-1.,0.));
#5208=DIRECTION('ref_axis',(0.,0.,-1.));
#5209=DIRECTION('',(2.22044604925031E-16,-1.22464679914735E-16,1.));
#5210=DIRECTION('',(1.,2.22044604925031E-16,-2.22044604925031E-16));
#5211=DIRECTION('',(-2.22044604925031E-16,1.22464679914735E-16,-1.));
#5212=DIRECTION('center_axis',(0.,1.,0.));
#5213=DIRECTION('ref_axis',(0.,0.,1.));
#5214=DIRECTION('',(2.22044604925031E-16,-1.22464679914735E-16,1.));
#5215=DIRECTION('',(-1.,-2.22044604925031E-16,2.22044604925031E-16));
#5216=DIRECTION('',(-2.22044604925031E-16,1.22464679914735E-16,-1.));
#5217=DIRECTION('center_axis',(-2.22044604925031E-16,1.22464679914735E-16,
-1.));
#5218=DIRECTION('ref_axis',(2.22044604925031E-16,-1.,-1.22464679914735E-16));
#5219=DIRECTION('',(-0.690414261836371,0.723414229230349,2.41895454032524E-16));
#5220=DIRECTION('center_axis',(0.,0.,-1.));
#5221=DIRECTION('ref_axis',(-0.999444758033065,0.0333192983153687,0.));
#5222=DIRECTION('',(0.99999870832497,-0.00160727981097696,0.));
#5223=DIRECTION('',(-1.,0.,0.));
#5224=DIRECTION('center_axis',(0.,0.,1.));
#5225=DIRECTION('ref_axis',(-0.999444758033065,0.0333192983153687,0.));
#5226=DIRECTION('',(0.,0.,1.));
#5227=DIRECTION('center_axis',(0.585529253129467,0.55881918097336,0.587261965996361));
#5228=DIRECTION('ref_axis',(-0.424833662487559,-0.405454036757951,0.809396925676203));
#5229=DIRECTION('center_axis',(-2.22044604925031E-16,1.22464679914735E-16,
-1.));
#5230=DIRECTION('ref_axis',(0.999444290037663,0.0333333333333337,-2.17839056528834E-16));
#5231=DIRECTION('',(2.22044604925031E-16,-1.22464679914735E-16,1.));
#5232=DIRECTION('center_axis',(2.22044604925031E-16,-1.,-1.22464679914735E-16));
#5233=DIRECTION('ref_axis',(1.,2.22044604925031E-16,-2.22044604925031E-16));
#5234=DIRECTION('center_axis',(2.22044604925031E-16,-1.,-1.22464679914735E-16));
#5235=DIRECTION('ref_axis',(1.,2.22044604925031E-16,-2.22044604925031E-16));
#5236=DIRECTION('',(2.22044604925031E-16,-1.,-1.22464679914735E-16));
#5237=DIRECTION('center_axis',(-2.22044604925031E-16,1.,1.22464679914735E-16));
#5238=DIRECTION('ref_axis',(-1.,-2.22044604925031E-16,2.22044604925031E-16));
#5239=DIRECTION('',(1.,2.22044604925031E-16,-2.22044604925031E-16));
#5240=DIRECTION('',(-2.22044604925031E-16,1.22464679914735E-16,-1.));
#5241=DIRECTION('',(-1.,-2.22044604925031E-16,2.22044604925031E-16));
#5242=DIRECTION('',(2.22044604925031E-16,-1.22464679914735E-16,1.));
#5243=DIRECTION('center_axis',(2.22044604925031E-16,-1.,-1.22464679914735E-16));
#5244=DIRECTION('ref_axis',(-1.,-2.22044604925031E-16,2.22044604925031E-16));
#5245=DIRECTION('center_axis',(2.22044604925031E-16,-1.22464679914735E-16,
1.));
#5246=DIRECTION('ref_axis',(2.22044604925031E-16,-1.,-1.22464679914735E-16));
#5247=DIRECTION('',(-0.743790913577525,0.668412355421046,2.47011664709842E-16));
#5248=DIRECTION('center_axis',(0.,0.,-1.));
#5249=DIRECTION('ref_axis',(-1.,-7.28015098114857E-16,0.));
#5250=DIRECTION('',(1.,-2.76932035355938E-16,0.));
#5251=DIRECTION('center_axis',(0.,0.,-1.));
#5252=DIRECTION('ref_axis',(-1.,-5.9211894646675E-16,0.));
#5253=DIRECTION('',(-0.691619075241072,-0.722262455595391,6.5118643881599E-17));
#5254=DIRECTION('',(-1.,-2.22044604925031E-16,2.22044604925031E-16));
#5255=DIRECTION('center_axis',(-0.585529253129467,-0.55881918097336,-0.587261965996361));
#5256=DIRECTION('ref_axis',(1.91450737325379E-17,0.724432295721197,-0.689345957350963));
#5257=DIRECTION('',(0.690414261836371,-0.723414229230349,2.60621244090936E-16));
#5258=DIRECTION('center_axis',(-0.668412355421046,-0.743790913577525,5.73292412317156E-17));
#5259=DIRECTION('ref_axis',(-2.22044604925031E-16,1.22464679914735E-16,
-1.));
#5260=DIRECTION('',(2.22044604925031E-16,-1.22464679914735E-16,1.));
#5261=DIRECTION('',(-0.61837277284315,0.555704559008775,0.555704559008775));
#5262=DIRECTION('',(2.22044604925031E-16,-1.22464679914735E-16,1.));
#5263=DIRECTION('center_axis',(2.22044604925031E-16,-1.,-1.22464679914735E-16));
#5264=DIRECTION('ref_axis',(1.,2.22044604925031E-16,-2.22044604925031E-16));
#5265=DIRECTION('',(-2.22044604925031E-16,1.22464679914735E-16,-1.));
#5266=DIRECTION('',(1.,2.22044604925031E-16,-2.22044604925031E-16));
#5267=DIRECTION('center_axis',(-2.22044604925031E-16,1.,1.22464679914735E-16));
#5268=DIRECTION('ref_axis',(1.,2.22044604925031E-16,-2.22044604925031E-16));
#5269=DIRECTION('center_axis',(-2.22044604925031E-16,1.22464679914735E-16,
-1.));
#5270=DIRECTION('ref_axis',(-1.,-2.22044604925031E-16,2.22044604925031E-16));
#5271=DIRECTION('',(2.22044604925031E-16,-1.22464679914735E-16,1.));
#5272=DIRECTION('',(-2.22044604925031E-16,1.22464679914735E-16,-1.));
#5273=DIRECTION('center_axis',(-2.22044604925031E-16,1.22464679914735E-16,
-1.));
#5274=DIRECTION('ref_axis',(-1.,-2.22044604925031E-16,2.22044604925031E-16));
#5275=DIRECTION('center_axis',(-2.22044604925031E-16,1.22464679914735E-16,
-1.));
#5276=DIRECTION('ref_axis',(-1.,-2.22044604925031E-16,2.22044604925031E-16));
#5277=DIRECTION('',(2.22044604925031E-16,-1.22464679914735E-16,1.));
#5278=DIRECTION('center_axis',(-2.22044604925031E-16,1.22464679914735E-16,
-1.));
#5279=DIRECTION('ref_axis',(1.,2.22044604925031E-16,-2.22044604925031E-16));
#5280=DIRECTION('center_axis',(-2.22044604925031E-16,1.22464679914735E-16,
-1.));
#5281=DIRECTION('ref_axis',(1.,2.22044604925031E-16,-2.22044604925031E-16));
#5282=DIRECTION('center_axis',(2.22044604925031E-16,-1.22464679914735E-16,
1.));
#5283=DIRECTION('ref_axis',(2.22044604925031E-16,-1.,-1.22464679914735E-16));
#5284=DIRECTION('',(-1.,-3.93804041867945E-16,2.22044604925031E-16));
#5285=DIRECTION('center_axis',(2.22044604925031E-16,-1.22464679914735E-16,
1.));
#5286=DIRECTION('ref_axis',(-2.22044604925031E-16,1.,1.22464679914735E-16));
#5287=DIRECTION('',(-1.,-8.56457761853692E-16,2.22044604925031E-16));
#5288=DIRECTION('center_axis',(-2.22044604925031E-16,1.22464679914735E-16,
-1.));
#5289=DIRECTION('ref_axis',(-2.22044604925031E-16,1.,1.22464679914735E-16));
#5290=DIRECTION('',(1.,3.93804041867945E-16,-2.22044604925031E-16));
#5291=DIRECTION('center_axis',(-2.22044604925031E-16,1.22464679914735E-16,
-1.));
#5292=DIRECTION('ref_axis',(-2.22044604925031E-16,1.,1.22464679914735E-16));
#5293=DIRECTION('',(-1.,2.38250384306371E-16,2.22044604925031E-16));
#5294=DIRECTION('center_axis',(2.22044604925031E-16,-1.22464679914735E-16,
1.));
#5295=DIRECTION('ref_axis',(-2.22044604925031E-16,1.,1.22464679914735E-16));
#5296=DIRECTION('center_axis',(-2.22044604925031E-16,1.22464679914735E-16,
-1.));
#5297=DIRECTION('ref_axis',(-2.22044604925031E-16,1.,1.22464679914735E-16));
#5298=DIRECTION('',(1.,3.93804041867945E-16,-2.22044604925031E-16));
#5299=DIRECTION('center_axis',(2.22044604925031E-16,-1.22464679914735E-16,
1.));
#5300=DIRECTION('ref_axis',(2.22044604925031E-16,-1.,-1.22464679914735E-16));
#5301=DIRECTION('',(-1.,2.38250384306371E-16,2.22044604925031E-16));
#5302=DIRECTION('center_axis',(-2.22044604925031E-16,1.22464679914735E-16,
-1.));
#5303=DIRECTION('ref_axis',(2.22044604925031E-16,-1.,-1.22464679914735E-16));
#5304=DIRECTION('center_axis',(2.22044604925031E-16,-1.22464679914735E-16,
1.));
#5305=DIRECTION('ref_axis',(2.22044604925031E-16,-1.,-1.22464679914735E-16));
#5306=DIRECTION('',(-2.22044604925031E-16,1.22464679914735E-16,-1.));
#5307=DIRECTION('',(2.22044604925031E-16,-1.22464679914735E-16,1.));
#5308=DIRECTION('center_axis',(2.22044604925031E-16,-1.22464679914735E-16,
1.));
#5309=DIRECTION('ref_axis',(2.22044604925031E-16,-1.,-1.22464679914735E-16));
#5310=DIRECTION('',(2.22044604925031E-16,-1.22464679914735E-16,1.));
#5311=DIRECTION('center_axis',(2.22044604925031E-16,-1.22464679914735E-16,
1.));
#5312=DIRECTION('ref_axis',(2.22044604925031E-16,-1.,-1.22464679914735E-16));
#5313=DIRECTION('',(2.22044604925031E-16,-1.22464679914735E-16,1.));
#5314=DIRECTION('center_axis',(2.22044604925031E-16,-1.22464679914735E-16,
1.));
#5315=DIRECTION('ref_axis',(-2.22044604925031E-16,1.,1.22464679914735E-16));
#5316=DIRECTION('',(2.22044604925031E-16,-1.22464679914735E-16,1.));
#5317=DIRECTION('',(-2.22044604925031E-16,1.22464679914735E-16,-1.));
#5318=DIRECTION('center_axis',(2.22044604925031E-16,-1.22464679914735E-16,
1.));
#5319=DIRECTION('ref_axis',(-2.22044604925031E-16,1.,1.22464679914735E-16));
#5320=DIRECTION('',(2.22044604925031E-16,-1.22464679914735E-16,1.));
#5321=DIRECTION('center_axis',(2.22044604925031E-16,-1.22464679914735E-16,
1.));
#5322=DIRECTION('ref_axis',(-2.22044604925031E-16,1.,1.22464679914735E-16));
#5323=DIRECTION('',(2.22044604925031E-16,-1.22464679914735E-16,1.));
#5324=DIRECTION('center_axis',(-2.22044604925031E-16,1.22464679914735E-16,
-1.));
#5325=DIRECTION('ref_axis',(1.,2.22044604925031E-16,-2.22044604925031E-16));
#5326=DIRECTION('',(1.,-1.30613475932323E-15,-2.22044604925032E-16));
#5327=DIRECTION('center_axis',(2.22044604925031E-16,-1.22464679914735E-16,
1.));
#5328=DIRECTION('ref_axis',(2.22044604925031E-16,-1.,-1.22464679914735E-16));
#5329=DIRECTION('',(1.,-1.04678170893229E-15,-2.22044604925031E-16));
#5330=DIRECTION('center_axis',(2.22044604925031E-16,-1.22464679914735E-16,
1.));
#5331=DIRECTION('ref_axis',(-2.22044604925031E-16,1.,1.22464679914735E-16));
#5332=DIRECTION('center_axis',(2.22044604925031E-16,-1.22464679914735E-16,
1.));
#5333=DIRECTION('ref_axis',(2.22044604925031E-16,-1.,-1.22464679914735E-16));
#5334=DIRECTION('',(2.22044604925031E-16,-1.22464679914735E-16,1.));
#5335=DIRECTION('center_axis',(2.22044604925031E-16,-1.22464679914735E-16,
1.));
#5336=DIRECTION('ref_axis',(2.22044604925031E-16,-1.,-1.22464679914735E-16));
#5337=DIRECTION('',(-2.22044604925031E-16,1.22464679914735E-16,-1.));
#5338=DIRECTION('center_axis',(2.22044604925031E-16,-1.22464679914735E-16,
1.));
#5339=DIRECTION('ref_axis',(2.22044604925031E-16,-1.,-1.22464679914735E-16));
#5340=DIRECTION('',(2.22044604925031E-16,-1.22464679914735E-16,1.));
#5341=DIRECTION('center_axis',(2.22044604925031E-16,-1.22464679914735E-16,
1.));
#5342=DIRECTION('ref_axis',(2.22044604925031E-16,-1.,-1.22464679914735E-16));
#5343=DIRECTION('',(2.22044604925031E-16,-1.22464679914735E-16,1.));
#5344=DIRECTION('center_axis',(-2.22044604925031E-16,1.22464679914735E-16,
-1.));
#5345=DIRECTION('ref_axis',(-2.22044604925031E-16,1.,1.22464679914735E-16));
#5346=DIRECTION('',(-1.,1.30613475932323E-15,2.22044604925032E-16));
#5347=DIRECTION('center_axis',(2.22044604925031E-16,-1.22464679914735E-16,
1.));
#5348=DIRECTION('ref_axis',(-2.22044604925031E-16,1.,1.22464679914735E-16));
#5349=DIRECTION('',(1.,2.10403889587116E-15,-2.22044604925031E-16));
#5350=DIRECTION('center_axis',(-2.22044604925031E-16,1.22464679914735E-16,
-1.));
#5351=DIRECTION('ref_axis',(-2.22044604925031E-16,1.,1.22464679914735E-16));
#5352=DIRECTION('center_axis',(-2.22044604925031E-16,1.22464679914735E-16,
-1.));
#5353=DIRECTION('ref_axis',(-2.22044604925031E-16,1.,1.22464679914735E-16));
#5354=DIRECTION('',(-1.,1.30613475932323E-15,2.22044604925032E-16));
#5355=DIRECTION('center_axis',(-2.22044604925031E-16,1.22464679914735E-16,
-1.));
#5356=DIRECTION('ref_axis',(2.22044604925031E-16,-1.,-1.22464679914735E-16));
#5357=DIRECTION('',(1.,2.10403889587116E-15,-2.22044604925031E-16));
#5358=DIRECTION('center_axis',(-2.22044604925031E-16,1.22464679914735E-16,
-1.));
#5359=DIRECTION('ref_axis',(1.,2.22044604925031E-16,-2.22044604925031E-16));
#5360=DIRECTION('center_axis',(2.22044604925031E-16,-1.22464679914735E-16,
1.));
#5361=DIRECTION('ref_axis',(2.22044604925031E-16,-1.,-1.22464679914735E-16));
#5362=DIRECTION('',(-1.,-6.03603745157334E-16,2.22044604925031E-16));
#5363=DIRECTION('center_axis',(2.22044604925031E-16,-1.22464679914735E-16,
1.));
#5364=DIRECTION('ref_axis',(-2.22044604925031E-16,1.,1.22464679914735E-16));
#5365=DIRECTION('',(-1.,-1.49087091878235E-15,2.22044604925031E-16));
#5366=DIRECTION('center_axis',(-2.22044604925031E-16,1.22464679914735E-16,
-1.));
#5367=DIRECTION('ref_axis',(-2.22044604925031E-16,1.,1.22464679914735E-16));
#5368=DIRECTION('',(1.,6.03603745157334E-16,-2.22044604925031E-16));
#5369=DIRECTION('center_axis',(-2.22044604925031E-16,1.22464679914735E-16,
-1.));
#5370=DIRECTION('ref_axis',(-2.22044604925031E-16,1.,1.22464679914735E-16));
#5371=DIRECTION('',(-1.,-6.58545516254488E-16,2.22044604925031E-16));
#5372=DIRECTION('center_axis',(2.22044604925031E-16,-1.22464679914735E-16,
1.));
#5373=DIRECTION('ref_axis',(-2.22044604925031E-16,1.,1.22464679914735E-16));
#5374=DIRECTION('center_axis',(-2.22044604925031E-16,1.22464679914735E-16,
-1.));
#5375=DIRECTION('ref_axis',(-2.22044604925031E-16,1.,1.22464679914735E-16));
#5376=DIRECTION('',(1.,6.03603745157334E-16,-2.22044604925031E-16));
#5377=DIRECTION('center_axis',(2.22044604925031E-16,-1.22464679914735E-16,
1.));
#5378=DIRECTION('ref_axis',(2.22044604925031E-16,-1.,-1.22464679914735E-16));
#5379=DIRECTION('',(-1.,-6.58545516254488E-16,2.22044604925031E-16));
#5380=DIRECTION('center_axis',(-2.22044604925031E-16,1.22464679914735E-16,
-1.));
#5381=DIRECTION('ref_axis',(2.22044604925031E-16,-1.,-1.22464679914735E-16));
#5382=DIRECTION('center_axis',(2.22044604925031E-16,-1.22464679914735E-16,
1.));
#5383=DIRECTION('ref_axis',(2.22044604925031E-16,-1.,-1.22464679914735E-16));
#5384=DIRECTION('',(-2.22044604925031E-16,1.22464679914735E-16,-1.));
#5385=DIRECTION('',(2.22044604925031E-16,-1.22464679914735E-16,1.));
#5386=DIRECTION('center_axis',(2.22044604925031E-16,-1.22464679914735E-16,
1.));
#5387=DIRECTION('ref_axis',(2.22044604925031E-16,-1.,-1.22464679914735E-16));
#5388=DIRECTION('',(2.22044604925031E-16,-1.22464679914735E-16,1.));
#5389=DIRECTION('center_axis',(2.22044604925031E-16,-1.22464679914735E-16,
1.));
#5390=DIRECTION('ref_axis',(2.22044604925031E-16,-1.,-1.22464679914735E-16));
#5391=DIRECTION('',(2.22044604925031E-16,-1.22464679914735E-16,1.));
#5392=DIRECTION('center_axis',(2.22044604925031E-16,-1.22464679914735E-16,
1.));
#5393=DIRECTION('ref_axis',(-2.22044604925031E-16,1.,1.22464679914735E-16));
#5394=DIRECTION('',(2.22044604925031E-16,-1.22464679914735E-16,1.));
#5395=DIRECTION('',(-2.22044604925031E-16,1.22464679914735E-16,-1.));
#5396=DIRECTION('center_axis',(2.22044604925031E-16,-1.22464679914735E-16,
1.));
#5397=DIRECTION('ref_axis',(-2.22044604925031E-16,1.,1.22464679914735E-16));
#5398=DIRECTION('',(2.22044604925031E-16,-1.22464679914735E-16,1.));
#5399=DIRECTION('center_axis',(2.22044604925031E-16,-1.22464679914735E-16,
1.));
#5400=DIRECTION('ref_axis',(-2.22044604925031E-16,1.,1.22464679914735E-16));
#5401=DIRECTION('',(2.22044604925031E-16,-1.22464679914735E-16,1.));
#5402=DIRECTION('center_axis',(-2.22044604925031E-16,1.22464679914735E-16,
-1.));
#5403=DIRECTION('ref_axis',(1.,2.22044604925031E-16,-2.22044604925031E-16));
#5404=DIRECTION('',(1.,2.22044604925031E-16,-2.22044604925031E-16));
#5405=DIRECTION('center_axis',(2.22044604925031E-16,-1.22464679914735E-16,
1.));
#5406=DIRECTION('ref_axis',(2.22044604925031E-16,-1.,-1.22464679914735E-16));
#5407=DIRECTION('',(1.,-4.12368552003627E-16,-2.22044604925031E-16));
#5408=DIRECTION('center_axis',(2.22044604925031E-16,-1.22464679914735E-16,
1.));
#5409=DIRECTION('ref_axis',(-2.22044604925031E-16,1.,1.22464679914735E-16));
#5410=DIRECTION('center_axis',(-2.22044604925031E-16,1.22464679914735E-16,
-1.));
#5411=DIRECTION('ref_axis',(-2.22044604925031E-16,1.,1.22464679914735E-16));
#5412=DIRECTION('',(-1.,-2.22044604925031E-16,2.22044604925031E-16));
#5413=DIRECTION('center_axis',(-2.22044604925031E-16,1.22464679914735E-16,
-1.));
#5414=DIRECTION('ref_axis',(2.22044604925031E-16,-1.,-1.22464679914735E-16));
#5415=DIRECTION('',(-1.,-2.22044604925031E-16,2.22044604925031E-16));
#5416=DIRECTION('',(2.22044604925031E-16,-1.,-1.22464679914735E-16));
#5417=DIRECTION('',(2.22044604925031E-16,-1.,-1.22464679914735E-16));
#5418=DIRECTION('center_axis',(2.22044604925031E-16,-1.22464679914735E-16,
1.));
#5419=DIRECTION('ref_axis',(2.22044604925031E-16,-1.,-1.22464679914735E-16));
#5420=DIRECTION('center_axis',(-2.22044604925031E-16,1.22464679914735E-16,
-1.));
#5421=DIRECTION('ref_axis',(-2.22044604925031E-16,1.,1.22464679914735E-16));
#5422=DIRECTION('',(-1.,-2.22044604925031E-16,2.22044604925031E-16));
#5423=DIRECTION('center_axis',(2.22044604925031E-16,-1.22464679914735E-16,
1.));
#5424=DIRECTION('ref_axis',(-2.22044604925031E-16,1.,1.22464679914735E-16));
#5425=DIRECTION('',(1.,2.70330760265817E-16,-2.22044604925031E-16));
#5426=DIRECTION('center_axis',(-2.22044604925031E-16,1.22464679914735E-16,
-1.));
#5427=DIRECTION('ref_axis',(-2.22044604925031E-16,1.,1.22464679914735E-16));
#5428=DIRECTION('center_axis',(2.22044604925031E-16,-1.22464679914735E-16,
1.));
#5429=DIRECTION('ref_axis',(-2.22044604925031E-16,1.,1.22464679914735E-16));
#5430=DIRECTION('',(-2.22044604925031E-16,1.22464679914735E-16,-1.));
#5431=DIRECTION('',(2.22044604925031E-16,-1.22464679914735E-16,1.));
#5432=DIRECTION('center_axis',(2.22044604925031E-16,-1.22464679914735E-16,
1.));
#5433=DIRECTION('ref_axis',(-2.22044604925031E-16,1.,1.22464679914735E-16));
#5434=DIRECTION('',(2.22044604925031E-16,-1.22464679914735E-16,1.));
#5435=DIRECTION('center_axis',(2.22044604925031E-16,-1.22464679914735E-16,
1.));
#5436=DIRECTION('ref_axis',(-2.22044604925031E-16,1.,1.22464679914735E-16));
#5437=DIRECTION('',(2.22044604925031E-16,-1.22464679914735E-16,1.));
#5438=DIRECTION('center_axis',(-4.12368552003627E-16,-1.,-1.22464679914735E-16));
#5439=DIRECTION('ref_axis',(1.,-4.12368552003627E-16,-2.22044604925031E-16));
#5440=DIRECTION('',(2.22044604925031E-16,-1.22464679914735E-16,1.));
#5441=DIRECTION('',(1.,-4.12368552003627E-16,-2.22044604925031E-16));
#5442=DIRECTION('center_axis',(-2.22044604925031E-16,1.22464679914735E-16,
-1.));
#5443=DIRECTION('ref_axis',(1.,2.22044604925031E-16,-2.22044604925031E-16));
#5444=DIRECTION('',(1.,-4.1236855200363E-16,-2.22044604925031E-16));
#5445=DIRECTION('',(1.,-2.38250384306371E-16,-2.22044604925031E-16));
#5446=DIRECTION('center_axis',(-4.1236855200363E-16,-1.,-1.22464679914735E-16));
#5447=DIRECTION('ref_axis',(1.,-4.1236855200363E-16,-2.22044604925031E-16));
#5448=DIRECTION('',(1.,-4.1236855200363E-16,-2.22044604925031E-16));
#5449=DIRECTION('center_axis',(-2.22044604925031E-16,1.22464679914735E-16,
-1.));
#5450=DIRECTION('ref_axis',(-1.24662185336482E-14,-1.,-1.22464679914733E-16));
#5451=DIRECTION('center_axis',(-2.22044604925031E-16,1.22464679914735E-16,
-1.));
#5452=DIRECTION('ref_axis',(-1.24662185336482E-14,-1.,-1.22464679914733E-16));
#5453=DIRECTION('',(-2.22044604925031E-16,1.22464679914735E-16,-1.));
#5454=DIRECTION('center_axis',(-2.22044604925031E-16,1.22464679914735E-16,
-1.));
#5455=DIRECTION('ref_axis',(1.,2.22044604925031E-16,-2.22044604925031E-16));
#5456=DIRECTION('',(-1.,-2.22044604925031E-16,2.22044604925031E-16));
#5457=DIRECTION('center_axis',(-2.22044604925031E-16,1.22464679914735E-16,
-1.));
#5458=DIRECTION('ref_axis',(-2.22044604925031E-16,1.,1.22464679914735E-16));
#5459=DIRECTION('',(-1.,-2.75969723263966E-15,2.22044604925031E-16));
#5460=DIRECTION('center_axis',(-2.75969723263966E-15,1.,1.22464679914736E-16));
#5461=DIRECTION('ref_axis',(1.,2.75969723263966E-15,-2.22044604925031E-16));
#5462=DIRECTION('',(1.,2.22044604925031E-16,-2.22044604925031E-16));
#5463=DIRECTION('',(-2.22044604925031E-16,1.22464679914735E-16,-1.));
#5464=DIRECTION('center_axis',(-2.22044604925031E-16,1.22464679914735E-16,
-1.));
#5465=DIRECTION('ref_axis',(-2.22044604925031E-16,1.,1.22464679914735E-16));
#5466=DIRECTION('center_axis',(-2.22044604925031E-16,1.22464679914735E-16,
-1.));
#5467=DIRECTION('ref_axis',(1.,2.22044604925031E-16,-2.22044604925031E-16));
#5468=DIRECTION('',(-1.,-2.10403889587116E-15,2.22044604925031E-16));
#5469=DIRECTION('center_axis',(2.22044604925031E-16,-1.22464679914735E-16,
1.));
#5470=DIRECTION('ref_axis',(-2.22044604925031E-16,1.,1.22464679914735E-16));
#5471=DIRECTION('',(-1.,-2.75969723263966E-15,2.22044604925031E-16));
#5472=DIRECTION('center_axis',(-2.22044604925031E-16,1.22464679914735E-16,
-1.));
#5473=DIRECTION('ref_axis',(1.,2.22044604925031E-16,-2.22044604925031E-16));
#5474=DIRECTION('',(1.,6.58545516254488E-16,-2.22044604925031E-16));
#5475=DIRECTION('',(1.,-1.04678170893229E-15,-2.22044604925031E-16));
#5476=DIRECTION('center_axis',(-8.56457761853689E-16,1.,1.22464679914736E-16));
#5477=DIRECTION('ref_axis',(1.,8.56457761853689E-16,-2.22044604925031E-16));
#5478=DIRECTION('center_axis',(8.56457761853689E-16,-1.,-1.22464679914736E-16));
#5479=DIRECTION('ref_axis',(2.22044604925031E-16,-1.22464679914735E-16,
1.));
#5480=DIRECTION('',(-1.,-8.56457761853689E-16,2.22044604925031E-16));
#5481=DIRECTION('',(-2.22044604925031E-16,1.22464679914735E-16,-1.));
#5482=DIRECTION('',(1.,8.56457761853689E-16,-2.22044604925031E-16));
#5483=DIRECTION('center_axis',(1.,2.53021812115162E-14,-2.22044604925028E-16));
#5484=DIRECTION('ref_axis',(2.53021812115162E-14,-1.,-1.22464679914741E-16));
#5485=DIRECTION('',(2.22044604925031E-16,-1.,-1.22464679914735E-16));
#5486=DIRECTION('',(-2.22044604925031E-16,1.22464679914735E-16,-1.));
#5487=DIRECTION('',(2.53021812115162E-14,-1.,-1.22464679914741E-16));
#5488=DIRECTION('',(-2.22044604925031E-16,1.22464679914735E-16,-1.));
#5489=DIRECTION('center_axis',(-2.22044604925031E-16,1.22464679914735E-16,
-1.));
#5490=DIRECTION('ref_axis',(-2.22044604925031E-16,1.,1.22464679914735E-16));
#5491=DIRECTION('center_axis',(-2.22044604925031E-16,1.22464679914735E-16,
-1.));
#5492=DIRECTION('ref_axis',(-2.22044604925031E-16,1.,1.22464679914735E-16));
#5493=DIRECTION('center_axis',(-2.22044604925031E-16,1.22464679914735E-16,
-1.));
#5494=DIRECTION('ref_axis',(-2.22044604925031E-16,1.,1.22464679914735E-16));
#5495=DIRECTION('center_axis',(-2.22044604925031E-16,1.22464679914735E-16,
-1.));
#5496=DIRECTION('ref_axis',(1.,2.22044604925031E-16,-2.22044604925031E-16));
#5497=DIRECTION('center_axis',(2.22044604925031E-16,-1.22464679914735E-16,
1.));
#5498=DIRECTION('ref_axis',(2.22044604925031E-16,-1.,-1.22464679914735E-16));
#5499=DIRECTION('',(-1.,-2.70330760265817E-16,2.22044604925031E-16));
#5500=DIRECTION('',(-1.,-8.56457761853689E-16,2.22044604925031E-16));
#5501=DIRECTION('center_axis',(-2.22044604925031E-16,1.22464679914735E-16,
-1.));
#5502=DIRECTION('ref_axis',(1.,2.22044604925031E-16,-2.22044604925031E-16));
#5503=DIRECTION('',(-2.22044604925031E-16,1.,1.22464679914735E-16));
#5504=DIRECTION('',(1.,2.70330760265817E-16,-2.22044604925031E-16));
#5505=DIRECTION('center_axis',(-8.56457761853689E-16,1.,1.22464679914736E-16));
#5506=DIRECTION('ref_axis',(-1.,-8.56457761853689E-16,2.22044604925031E-16));
#5507=DIRECTION('',(-1.,-8.56457761853689E-16,2.22044604925031E-16));
#5508=DIRECTION('',(2.22044604925031E-16,-1.22464679914735E-16,1.));
#5509=DIRECTION('center_axis',(8.56457761853689E-16,-1.,-1.22464679914736E-16));
#5510=DIRECTION('ref_axis',(2.22044604925031E-16,-1.22464679914735E-16,
1.));
#5511=DIRECTION('center_axis',(8.56457761853689E-16,-1.,-1.22464679914736E-16));
#5512=DIRECTION('ref_axis',(2.22044604925031E-16,-1.22464679914735E-16,
1.));
#5513=DIRECTION('center_axis',(-1.49087091878235E-15,1.,1.22464679914736E-16));
#5514=DIRECTION('ref_axis',(-1.,-1.49087091878235E-15,2.22044604925031E-16));
#5515=DIRECTION('',(-1.,-1.49087091878235E-15,2.22044604925031E-16));
#5516=DIRECTION('center_axis',(-1.04678170893229E-15,-1.,-1.22464679914735E-16));
#5517=DIRECTION('ref_axis',(1.,-1.04678170893229E-15,-2.22044604925031E-16));
#5518=DIRECTION('',(1.,-1.04678170893229E-15,-2.22044604925031E-16));
#5519=DIRECTION('center_axis',(-8.56457761853692E-16,1.,1.22464679914736E-16));
#5520=DIRECTION('ref_axis',(-1.,-8.56457761853692E-16,2.22044604925031E-16));
#5521=DIRECTION('',(-1.,-8.56457761853692E-16,2.22044604925031E-16));
#5522=DIRECTION('center_axis',(-1.04678170893229E-15,-1.,-1.22464679914735E-16));
#5523=DIRECTION('ref_axis',(1.,-1.04678170893229E-15,-2.22044604925031E-16));
#5524=DIRECTION('',(1.,-1.04678170893229E-15,-2.22044604925031E-16));
#5525=DIRECTION('',(2.22044604925031E-16,-1.22464679914735E-16,1.));
#5526=DIRECTION('center_axis',(2.22044604925031E-16,-1.22464679914735E-16,
1.));
#5527=DIRECTION('ref_axis',(-2.22044604925031E-16,1.,1.22464679914735E-16));
#5528=DIRECTION('center_axis',(2.22044604925031E-16,-1.22464679914735E-16,
1.));
#5529=DIRECTION('ref_axis',(-2.22044604925031E-16,1.,1.22464679914735E-16));
#5530=DIRECTION('',(2.22044604925031E-16,-1.22464679914735E-16,1.));
#5531=DIRECTION('',(2.22044604925031E-16,-1.22464679914735E-16,1.));
#5532=DIRECTION('',(-2.22044604925031E-16,1.22464679914735E-16,-1.));
#5533=DIRECTION('center_axis',(-2.75969723263966E-15,1.,1.22464679914736E-16));
#5534=DIRECTION('ref_axis',(-1.,-2.75969723263966E-15,2.22044604925031E-16));
#5535=DIRECTION('',(-1.,-2.75969723263966E-15,2.22044604925031E-16));
#5536=DIRECTION('center_axis',(2.22044604925031E-16,-1.22464679914735E-16,
1.));
#5537=DIRECTION('ref_axis',(2.22044604925031E-16,-1.,-1.22464679914735E-16));
#5538=DIRECTION('',(2.22044604925031E-16,-1.22464679914735E-16,1.));
#5539=DIRECTION('center_axis',(2.22044604925031E-16,-1.22464679914735E-16,
1.));
#5540=DIRECTION('ref_axis',(2.22044604925031E-16,-1.,-1.22464679914735E-16));
#5541=DIRECTION('center_axis',(-1.49087091878235E-15,1.,1.22464679914736E-16));
#5542=DIRECTION('ref_axis',(1.,1.49087091878235E-15,-2.22044604925031E-16));
#5543=DIRECTION('',(-2.22044604925031E-16,1.22464679914735E-16,-1.));
#5544=DIRECTION('',(-2.22044604925031E-16,1.22464679914735E-16,-1.));
#5545=DIRECTION('center_axis',(-2.22044604925031E-16,1.22464679914735E-16,
-1.));
#5546=DIRECTION('ref_axis',(2.22044604925031E-16,-1.,-1.22464679914735E-16));
#5547=DIRECTION('',(-2.22044604925031E-16,1.22464679914735E-16,-1.));
#5548=DIRECTION('center_axis',(-2.22044604925031E-16,1.22464679914735E-16,
-1.));
#5549=DIRECTION('ref_axis',(-2.22044604925031E-16,1.,1.22464679914735E-16));
#5550=DIRECTION('',(-2.22044604925031E-16,1.22464679914735E-16,-1.));
#5551=DIRECTION('',(-2.22044604925031E-16,1.22464679914735E-16,-1.));
#5552=DIRECTION('center_axis',(-8.56457761853692E-16,1.,1.22464679914736E-16));
#5553=DIRECTION('ref_axis',(1.,8.56457761853692E-16,-2.22044604925031E-16));
#5554=DIRECTION('',(-2.22044604925031E-16,1.22464679914735E-16,-1.));
#5555=DIRECTION('center_axis',(-2.75969723263966E-15,1.,1.22464679914736E-16));
#5556=DIRECTION('ref_axis',(1.,2.75969723263966E-15,-2.22044604925031E-16));
#5557=DIRECTION('',(-2.22044604925031E-16,1.22464679914735E-16,-1.));
#5558=DIRECTION('',(-2.22044604925031E-16,1.22464679914735E-16,-1.));
#5559=DIRECTION('center_axis',(-2.22044604925031E-16,1.22464679914735E-16,
-1.));
#5560=DIRECTION('ref_axis',(2.22044604925031E-16,-1.,-1.22464679914735E-16));
#5561=DIRECTION('',(-2.22044604925031E-16,1.22464679914735E-16,-1.));
#5562=DIRECTION('center_axis',(-2.22044604925031E-16,1.22464679914735E-16,
-1.));
#5563=DIRECTION('ref_axis',(-2.22044604925031E-16,1.,1.22464679914735E-16));
#5564=DIRECTION('',(-2.22044604925031E-16,1.22464679914735E-16,-1.));
#5565=DIRECTION('',(-2.22044604925031E-16,1.22464679914735E-16,-1.));
#5566=DIRECTION('center_axis',(-8.56457761853689E-16,1.,1.22464679914736E-16));
#5567=DIRECTION('ref_axis',(1.,8.56457761853689E-16,-2.22044604925031E-16));
#5568=DIRECTION('center_axis',(8.56457761853689E-16,-1.,-1.22464679914736E-16));
#5569=DIRECTION('ref_axis',(2.22044604925031E-16,-1.22464679914735E-16,
1.));
#5570=DIRECTION('',(-2.22044604925031E-16,1.22464679914735E-16,-1.));
#5571=DIRECTION('center_axis',(2.22044604925031E-16,-1.,-1.22464679914735E-16));
#5572=DIRECTION('ref_axis',(2.22044604925031E-16,-1.22464679914735E-16,
1.));
#5573=DIRECTION('center_axis',(-2.22044604925031E-16,1.,1.22464679914735E-16));
#5574=DIRECTION('ref_axis',(2.22044604925031E-16,-1.22464679914735E-16,
1.));
#5575=DIRECTION('',(2.22044604925031E-16,-1.,-1.22464679914735E-16));
#5576=DIRECTION('center_axis',(2.22044604925031E-16,-1.,-1.22464679914735E-16));
#5577=DIRECTION('ref_axis',(2.22044604925031E-16,-1.22464679914735E-16,
1.));
#5578=DIRECTION('center_axis',(-2.22044604925031E-16,1.,1.22464679914735E-16));
#5579=DIRECTION('ref_axis',(2.22044604925031E-16,-1.22464679914735E-16,
1.));
#5580=DIRECTION('center_axis',(-2.22044604925031E-16,1.22464679914735E-16,
-1.));
#5581=DIRECTION('ref_axis',(-1.,-2.68929023194675E-16,2.22044604925031E-16));
#5582=DIRECTION('center_axis',(-1.99895198522197E-11,-0.707106781176091,
-0.707106781197004));
#5583=DIRECTION('ref_axis',(0.801171380260358,-0.423157429027006,0.423157428991819));
#5584=DIRECTION('center_axis',(-2.22044604925031E-16,1.22464679914735E-16,
-1.));
#5585=DIRECTION('ref_axis',(-0.998576764978815,-0.0533333333333332,2.15197133671584E-16));
#5586=DIRECTION('center_axis',(-1.99898338704623E-11,0.707106781176104,
-0.707106781196991));
#5587=DIRECTION('ref_axis',(0.805239212847492,0.419279030075592,0.419279030040405));
#5588=DIRECTION('center_axis',(2.22044604925031E-16,-1.22464679914735E-16,
1.));
#5589=DIRECTION('ref_axis',(-0.998576764978815,-0.0533333333333333,2.15197133671584E-16));
#5590=DIRECTION('center_axis',(0.722262455595391,0.691619075241072,-7.56755729325384E-17));
#5591=DIRECTION('ref_axis',(2.22044604925031E-16,-1.22464679914735E-16,
1.));
#5592=DIRECTION('',(-2.22044604925031E-16,1.22464679914735E-16,-1.));
#5593=DIRECTION('',(0.560670511183062,-0.58551198872855,-0.58551198872855));
#5594=DIRECTION('',(0.560670511183061,-0.58551198872855,0.585511988728551));
#5595=DIRECTION('center_axis',(2.22044604925031E-16,-1.22464679914735E-16,
1.));
#5596=DIRECTION('ref_axis',(-1.,-1.48029736616688E-16,2.22044604925031E-16));
#5597=DIRECTION('',(2.22044604925031E-16,-1.22464679914735E-16,1.));
#5598=DIRECTION('',(2.22044604925031E-16,-1.22464679914735E-16,1.));
#5599=DIRECTION('',(2.22044604925031E-16,-1.22464679914735E-16,1.));
#5600=DIRECTION('center_axis',(-3.14018491736755E-16,0.707106781186548,
-0.707106781186547));
#5601=DIRECTION('ref_axis',(-4.64840746245614E-32,-0.707106781186547,-0.707106781186548));
#5602=DIRECTION('center_axis',(-3.01908123966476E-15,8.28970241039833E-16,
-1.));
#5603=DIRECTION('ref_axis',(-2.22044604925029E-16,1.,8.28970241039833E-16));
#5604=DIRECTION('center_axis',(0.865708327225655,0.0128849450208066,-0.500382923733384));
#5605=DIRECTION('ref_axis',(-0.50011546756973,0.0638526808271591,-0.863601386201235));
#5606=DIRECTION('center_axis',(0.865708327225652,0.0128849450207589,0.50038292373339));
#5607=DIRECTION('ref_axis',(0.500115467571645,-0.0638526807355042,-0.863601386206903));
#5608=DIRECTION('center_axis',(3.01908123966476E-15,-8.28970241039833E-16,
1.));
#5609=DIRECTION('ref_axis',(-2.22044604925029E-16,1.,8.28970241039833E-16));
#5610=DIRECTION('center_axis',(0.722262455595391,-0.691619075241072,-2.45073390277185E-16));
#5611=DIRECTION('ref_axis',(-2.22044604925031E-16,1.22464679914735E-16,
-1.));
#5612=DIRECTION('',(-0.560670511183064,-0.585511988728548,-0.58551198872855));
#5613=DIRECTION('center_axis',(2.22044604925031E-16,-1.22464679914735E-16,
1.));
#5614=DIRECTION('ref_axis',(-1.,-2.22044604925031E-16,2.22044604925031E-16));
#5615=DIRECTION('center_axis',(1.04086757222197E-11,-0.707106781191211,
0.707106781181884));
#5616=DIRECTION('ref_axis',(0.848097817759204,-0.374653234003806,-0.374653234021229));
#5617=DIRECTION('center_axis',(2.22044604925031E-16,-1.22464679914735E-16,
1.));
#5618=DIRECTION('ref_axis',(-1.,-2.22044604925031E-16,2.22044604925031E-16));
#5619=DIRECTION('center_axis',(1.89782093742747E-11,0.707106781195051,0.707106781178045));
#5620=DIRECTION('ref_axis',(0.841224062551638,0.382323211798481,-0.382323211830267));
#5621=DIRECTION('center_axis',(-2.22044604925031E-16,1.22464679914735E-16,
-1.));
#5622=DIRECTION('ref_axis',(-1.,-2.22044604925031E-16,2.22044604925031E-16));
#5623=DIRECTION('center_axis',(-2.22044604925031E-16,1.22464679914735E-16,
-1.));
#5624=DIRECTION('ref_axis',(-1.,-2.22044604925031E-16,2.22044604925031E-16));
#5625=DIRECTION('',(2.22044604925031E-16,-1.22464679914735E-16,1.));
#5626=DIRECTION('center_axis',(3.14018491736755E-16,-0.707106781186548,
0.707106781186547));
#5627=DIRECTION('ref_axis',(-5.71525507679033E-32,-0.707106781186547,-0.707106781186548));
#5628=DIRECTION('center_axis',(-2.22044604925031E-16,1.22464679914735E-16,
-1.));
#5629=DIRECTION('ref_axis',(-1.,-2.22044604925031E-16,2.22044604925031E-16));
#5630=DIRECTION('',(2.22044604925031E-16,-1.22464679914735E-16,1.));
#5631=DIRECTION('',(-2.22044604925031E-16,1.22464679914735E-16,-1.));
#5632=DIRECTION('center_axis',(-2.22044604925031E-16,1.22464679914735E-16,
-1.));
#5633=DIRECTION('ref_axis',(-1.,-2.22044604925031E-16,2.22044604925031E-16));
#5634=DIRECTION('',(2.22044604925031E-16,-1.22464679914735E-16,1.));
#5635=DIRECTION('center_axis',(-0.668412355421046,0.743790913577525,2.39505473541236E-16));
#5636=DIRECTION('ref_axis',(2.22044604925031E-16,-1.22464679914735E-16,
1.));
#5637=DIRECTION('',(0.61837277284315,0.555704559008775,-0.555704559008775));
#5638=DIRECTION('',(0.618372772843149,0.555704559008775,0.555704559008775));
#5639=DIRECTION('center_axis',(-1.72563323017096E-31,0.707106781186548,
0.707106781186547));
#5640=DIRECTION('ref_axis',(3.14018491736755E-16,-0.707106781186547,0.707106781186548));
#5641=DIRECTION('',(1.,2.22044604925031E-16,-2.22044604925031E-16));
#5642=DIRECTION('',(-0.971590610673972,0.236667879633419,4.15393587606359E-15));
#5643=DIRECTION('center_axis',(3.14018491736755E-16,-0.707106781186548,
0.707106781186547));
#5644=DIRECTION('ref_axis',(-2.77333911991762E-31,-0.707106781186547,-0.707106781186548));
#5645=DIRECTION('',(-1.,-2.22044604925031E-16,2.22044604925031E-16));
#5646=DIRECTION('center_axis',(-3.14018491736755E-16,0.707106781186548,
-0.707106781186547));
#5647=DIRECTION('ref_axis',(6.16297582203915E-32,0.707106781186547,0.707106781186548));
#5648=DIRECTION('',(1.,2.22044604925031E-16,-2.22044604925031E-16));
#5649=DIRECTION('center_axis',(2.22044604925031E-16,-1.22464679914735E-16,
1.));
#5650=DIRECTION('ref_axis',(2.22044604925031E-16,-1.,-1.22464679914735E-16));
#5651=DIRECTION('center_axis',(-3.4650802673774E-12,-2.26534002372099E-11,
-1.));
#5652=DIRECTION('ref_axis',(0.972167140862321,0.234288391149838,-8.67606587204399E-12));
#5653=DIRECTION('center_axis',(3.01908123966476E-15,-8.28970241039833E-16,
1.));
#5654=DIRECTION('ref_axis',(-2.22044604925029E-16,1.,8.28970241039833E-16));
#5655=DIRECTION('center_axis',(3.01908123966476E-15,-8.28970241039833E-16,
1.));
#5656=DIRECTION('ref_axis',(-2.22044604925029E-16,1.,8.28970241039834E-16));
#5657=DIRECTION('',(0.408088617352851,0.577801628203237,0.706830219241316));
#5658=DIRECTION('center_axis',(0.00023711479988083,0.000156175139051374,
0.999999959692948));
#5659=DIRECTION('ref_axis',(0.835366936900053,0.549692641500808,-0.000283926200236258));
#5660=DIRECTION('center_axis',(-3.01908123966476E-15,8.28970241039833E-16,
-1.));
#5661=DIRECTION('ref_axis',(-2.22044604925029E-16,1.,8.28970241039833E-16));
#5662=DIRECTION('',(-0.408088617352856,-0.577801628203962,0.70683021924072));
#5663=DIRECTION('center_axis',(-3.01908123966476E-15,8.28970241039833E-16,
-1.));
#5664=DIRECTION('ref_axis',(-2.22044604925029E-16,1.,8.28970241039834E-16));
#5665=DIRECTION('center_axis',(-0.86602540378444,-3.02255517132141E-16,
-0.499999999999998));
#5666=DIRECTION('ref_axis',(-0.499999999999998,-1.15670932081788E-15,0.86602540378444));
#5667=DIRECTION('',(-8.27620800175116E-16,1.,8.28970241039836E-16));
#5668=DIRECTION('',(0.499999999999998,1.15670932081788E-15,-0.86602540378444));
#5669=DIRECTION('',(-8.27620800175116E-16,1.,8.28970241039836E-16));
#5670=DIRECTION('center_axis',(-0.866025403784437,-1.13122575817197E-15,
0.500000000000003));
#5671=DIRECTION('ref_axis',(0.500000000000003,-2.68183330271276E-16,0.866025403784437));
#5672=DIRECTION('',(-8.27620800175116E-16,1.,8.28970241039836E-16));
#5673=DIRECTION('',(-0.500000000000003,2.68183330271276E-16,-0.866025403784437));
#5674=DIRECTION('center_axis',(3.01908123966476E-15,-8.28970241039833E-16,
1.));
#5675=DIRECTION('ref_axis',(1.,8.88525990546609E-16,-3.01908123966476E-15));
#5676=DIRECTION('',(-8.27620800175116E-16,1.,8.28970241039836E-16));
#5677=DIRECTION('',(-1.,-8.88525990546609E-16,3.01908123966476E-15));
#5678=DIRECTION('center_axis',(2.22044604925031E-16,-1.,-1.22464679914735E-16));
#5679=DIRECTION('ref_axis',(1.,2.22044604925031E-16,-2.22044604925031E-16));
#5680=DIRECTION('center_axis',(2.22044604925031E-16,-1.,-1.22464679914735E-16));
#5681=DIRECTION('ref_axis',(-1.,-2.22044604925031E-16,2.22044604925031E-16));
#5682=DIRECTION('center_axis',(2.22044604925031E-16,-1.,-1.22464679914735E-16));
#5683=DIRECTION('ref_axis',(-1.,-2.22044604925031E-16,2.22044604925031E-16));
#5684=DIRECTION('',(2.22044604925031E-16,-1.,-1.22464679914735E-16));
#5685=DIRECTION('center_axis',(-3.01908123966476E-15,8.28970241039833E-16,
-1.));
#5686=DIRECTION('ref_axis',(-1.,-8.99451914901061E-16,3.01908123966476E-15));
#5687=DIRECTION('',(1.,8.99451914901061E-16,-3.01908123966476E-15));
#5688=DIRECTION('',(-8.27620800175116E-16,1.,8.28970241039836E-16));
#5689=DIRECTION('center_axis',(0.866025403784436,1.13122575817197E-15,-0.500000000000004));
#5690=DIRECTION('ref_axis',(-0.500000000000004,2.68183330271275E-16,-0.866025403784436));
#5691=DIRECTION('',(0.500000000000003,-2.68183330271276E-16,0.866025403784437));
#5692=DIRECTION('',(-8.27620800175116E-16,1.,8.28970241039836E-16));
#5693=DIRECTION('center_axis',(0.86602540378444,3.02255517132142E-16,0.499999999999997));
#5694=DIRECTION('ref_axis',(0.499999999999997,1.16763524517234E-15,-0.86602540378444));
#5695=DIRECTION('',(-0.499999999999997,-1.16763524517234E-15,0.86602540378444));
#5696=DIRECTION('center_axis',(8.88525990546606E-16,-1.,-8.2266215567265E-16));
#5697=DIRECTION('ref_axis',(1.,8.88525990546606E-16,-2.22044604925031E-16));
#5698=DIRECTION('center_axis',(-8.88525990546606E-16,1.,8.2266215567265E-16));
#5699=DIRECTION('ref_axis',(1.,8.88525990546606E-16,-2.22044604925031E-16));
#5700=DIRECTION('center_axis',(-2.22044604925031E-16,1.,1.22464679914735E-16));
#5701=DIRECTION('ref_axis',(1.,2.22044604925031E-16,-2.22044604925031E-16));
#5702=DIRECTION('',(-2.22044604925031E-16,1.,1.22464679914735E-16));
#5703=DIRECTION('center_axis',(2.22044604925031E-16,-1.22464679914735E-16,
1.));
#5704=DIRECTION('ref_axis',(-1.,-2.22044604925031E-16,2.22044604925031E-16));
#5705=DIRECTION('',(-0.999986853704975,0.00512761320933395,2.22669637371554E-16));
#5706=DIRECTION('center_axis',(0.00512761320933395,0.999986853704975,1.21324511108648E-16));
#5707=DIRECTION('ref_axis',(-0.999986853704975,0.00512761320933395,2.22669637371554E-16));
#5708=DIRECTION('center_axis',(2.76932035355938E-16,1.,1.22464679914735E-16));
#5709=DIRECTION('ref_axis',(-1.,2.76932035355938E-16,2.22044604925031E-16));
#5710=DIRECTION('center_axis',(2.22044604925031E-16,-1.22464679914735E-16,
1.));
#5711=DIRECTION('ref_axis',(-0.0409687140593696,0.999160429795096,1.31458744145925E-16));
#5712=DIRECTION('',(-0.707106296406884,0.0011365191424383,-0.707106352613225));
#5713=DIRECTION('',(0.97198373437108,0.235048122983466,-1.87038651146253E-16));
#5714=DIRECTION('center_axis',(2.22044604925031E-16,-1.22464679914735E-16,
1.));
#5715=DIRECTION('ref_axis',(1.,1.43403807347416E-16,-2.22044604925031E-16));
#5716=DIRECTION('',(2.22044604925031E-16,-1.22464679914735E-16,1.));
#5717=DIRECTION('',(2.22044604925031E-16,-1.22464679914735E-16,1.));
#5718=DIRECTION('center_axis',(-2.22044604925031E-16,1.22464679914735E-16,
-1.));
#5719=DIRECTION('ref_axis',(0.999444290037663,0.0333333333333337,-2.17839056528834E-16));
#5720=DIRECTION('',(-2.22044604925031E-16,1.22464679914735E-16,-1.));
#5721=DIRECTION('center_axis',(2.22044604925031E-16,-1.22464679914735E-16,
1.));
#5722=DIRECTION('ref_axis',(0.999444290037663,0.0333333333333337,-2.17839056528834E-16));
#5723=DIRECTION('center_axis',(-0.865560490374679,0.0171793601183865,-0.500509647347848));
#5724=DIRECTION('ref_axis',(0.500591388800209,0.0588245914625228,-0.863682770986168));
#5725=DIRECTION('center_axis',(-2.31982208097983E-15,-4.83111515335349E-16,
-1.));
#5726=DIRECTION('ref_axis',(-0.999444290037663,-0.0333333333333337,2.33463664991643E-15));
#5727=DIRECTION('center_axis',(2.31982208097982E-15,4.83111515335349E-16,
1.));
#5728=DIRECTION('ref_axis',(-0.999444290037663,-0.0333333333333337,2.33463664991642E-15));
#5729=DIRECTION('center_axis',(-0.865560490374704,0.0171793601185702,0.5005096473478));
#5730=DIRECTION('ref_axis',(-0.500591388799204,-0.0588245915286718,-0.863682770982245));
#5731=DIRECTION('center_axis',(2.22044604925031E-16,-1.,-1.22464679914735E-16));
#5732=DIRECTION('ref_axis',(-1.,-2.22044604925031E-16,2.22044604925031E-16));
#5733=DIRECTION('center_axis',(2.22044604925031E-16,-1.,-1.22464679914735E-16));
#5734=DIRECTION('ref_axis',(-1.,-2.22044604925031E-16,2.22044604925031E-16));
#5735=DIRECTION('',(2.22044604925031E-16,-1.,-1.22464679914735E-16));
#5736=DIRECTION('center_axis',(-0.585529253129459,0.558819180973385,0.587261965996346));
#5737=DIRECTION('ref_axis',(3.63660774987198E-17,-0.724432295721173,0.689345957350988));
#5738=DIRECTION('',(0.690414261836375,0.723414229230344,-6.4710069975606E-17));
#5739=DIRECTION('',(0.0343283144098102,-0.706690019325927,0.706690019325943));
#5740=DIRECTION('center_axis',(-0.585529253129461,-0.558819180973361,0.587261965996367));
#5741=DIRECTION('ref_axis',(3.55463077573147E-17,-0.7244322957212,-0.68934595735096));
#5742=DIRECTION('',(-0.0343283144098408,-0.706690019325934,-0.706690019325935));
#5743=DIRECTION('',(-0.690414261836371,0.723414229230349,2.41895454032524E-16));
#5744=DIRECTION('center_axis',(-2.22044604925031E-16,1.22464679914735E-16,
-1.));
#5745=DIRECTION('ref_axis',(0.999444290037663,0.0333333333333337,-2.17839056528833E-16));
#5746=DIRECTION('center_axis',(-2.22044604925031E-16,1.22464679914735E-16,
-1.));
#5747=DIRECTION('ref_axis',(0.999444290037663,0.0333333333333337,-2.17839056528834E-16));
#5748=DIRECTION('center_axis',(-0.723414229230349,-0.690414261836371,7.60788651422394E-17));
#5749=DIRECTION('ref_axis',(-2.22044604925031E-16,1.22464679914735E-16,
-1.));
#5750=DIRECTION('',(-1.16878211912302E-16,1.22464679914735E-16,-1.));
#5751=DIRECTION('center_axis',(-3.52347141898038E-16,0.707106781186555,
0.70710678118654));
#5752=DIRECTION('ref_axis',(3.14018491736755E-16,-0.70710678118654,0.707106781186555));
#5753=DIRECTION('',(-1.,-7.20338711660623E-16,2.22044604925031E-16));
#5754=DIRECTION('',(1.,7.20338711660623E-16,-2.22044604925031E-16));
#5755=DIRECTION('center_axis',(1.01180407872339E-11,-0.707106781191073,
-0.707106781182022));
#5756=DIRECTION('ref_axis',(0.00338935775222007,0.707102719638843,-0.707102719647845));
#5757=DIRECTION('center_axis',(2.22044604925031E-16,-1.22464679914735E-16,
1.));
#5758=DIRECTION('ref_axis',(1.,2.22044604925031E-16,-2.22044604925031E-16));
#5759=DIRECTION('center_axis',(2.22044604925031E-16,-1.22464679914735E-16,
1.));
#5760=DIRECTION('ref_axis',(1.,2.22044604925031E-16,-2.22044604925031E-16));
#5761=DIRECTION('center_axis',(-2.96567432045428E-13,-0.707106781186684,
0.707106781186411));
#5762=DIRECTION('ref_axis',(0.00338933663015964,-0.70710271969383,-0.707102719694102));
#5763=DIRECTION('center_axis',(3.14018491736755E-16,-0.707106781186548,
0.707106781186547));
#5764=DIRECTION('ref_axis',(-6.16297582203915E-32,-0.707106781186547,-0.707106781186548));
#5765=DIRECTION('',(-1.,-2.22044604925031E-16,2.22044604925031E-16));
#5766=DIRECTION('',(1.,2.22044604925031E-16,-2.22044604925031E-16));
#5767=DIRECTION('center_axis',(-0.723414229230344,0.690414261836375,2.45181588310958E-16));
#5768=DIRECTION('ref_axis',(2.22044604925031E-16,-1.22464679914735E-16,
1.));
#5769=DIRECTION('',(-2.22044604925031E-16,1.22464679914735E-16,-1.));
#5770=DIRECTION('center_axis',(2.22044604925031E-16,-1.22464679914735E-16,
1.));
#5771=DIRECTION('ref_axis',(0.999444290037663,0.0333333333333337,-2.17839056528833E-16));
#5772=DIRECTION('center_axis',(-7.20338711660623E-16,1.,1.22464679914735E-16));
#5773=DIRECTION('ref_axis',(-1.,-7.20338711660623E-16,2.22044604925031E-16));
#5774=DIRECTION('center_axis',(2.22044604925031E-16,-1.,-1.22464679914735E-16));
#5775=DIRECTION('ref_axis',(1.,2.22044604925031E-16,-2.22044604925031E-16));
#5776=DIRECTION('center_axis',(2.22044604925031E-16,-1.,-1.22464679914735E-16));
#5777=DIRECTION('ref_axis',(-1.,-2.22044604925031E-16,2.22044604925031E-16));
#5778=DIRECTION('center_axis',(-2.22044604925031E-16,1.,1.22464679914735E-16));
#5779=DIRECTION('ref_axis',(-1.,-2.22044604925031E-16,2.22044604925031E-16));
#5780=DIRECTION('center_axis',(-2.22044604925031E-16,1.22464679914735E-16,
-1.));
#5781=DIRECTION('ref_axis',(2.22044604925031E-16,-1.,-1.22464679914735E-16));
#5782=DIRECTION('center_axis',(-2.22044604925031E-16,1.22464679914735E-16,
-1.));
#5783=DIRECTION('ref_axis',(-0.999444290037663,-0.0333333333333337,2.17839056528833E-16));
#5784=DIRECTION('center_axis',(0.866025403768678,1.37792596398995E-11,0.500000000027299));
#5785=DIRECTION('ref_axis',(-0.458533296411398,0.398734077346896,0.794202966277775));
#5786=DIRECTION('center_axis',(-2.31982208097982E-15,-4.83111515335349E-16,
-1.));
#5787=DIRECTION('ref_axis',(-0.999444290037663,-0.0333333333333337,2.33463664991642E-15));
#5788=DIRECTION('',(-0.408041675271878,0.57793422200624,-0.706748913175932));
#5789=DIRECTION('center_axis',(0.000238499046250114,-0.000158446093586579,
-0.999999959006519));
#5790=DIRECTION('ref_axis',(-0.833333601019434,0.552770320680356,-0.000286333578751512));
#5791=DIRECTION('center_axis',(2.22044604925031E-16,-1.22464679914735E-16,
1.));
#5792=DIRECTION('ref_axis',(-0.999444290037663,-0.0333333333333337,2.17839056528833E-16));
#5793=DIRECTION('center_axis',(2.31982208097983E-15,4.83111515335349E-16,
1.));
#5794=DIRECTION('ref_axis',(-0.999444290037663,-0.0333333333333337,2.33463664991643E-15));
#5795=DIRECTION('center_axis',(0.866025403794871,-8.92522463054081E-12,
-0.49999999998193));
#5796=DIRECTION('ref_axis',(-0.456049852214733,0.409968448917713,-0.789901514865572));
#5797=DIRECTION('',(0.408041675270717,-0.577934222005745,-0.706748913177007));
#5798=DIRECTION('center_axis',(-2.31982208097982E-15,-4.83111515335349E-16,
-1.));
#5799=DIRECTION('ref_axis',(-1.,3.2425161279757E-16,2.31982208097982E-15));
#5800=DIRECTION('',(3.83531590325054E-16,1.,-4.8311151533535E-16));
#5801=DIRECTION('',(1.,-3.2425161279757E-16,-2.31982208097982E-15));
#5802=DIRECTION('',(3.83531590325054E-16,1.,-4.8311151533535E-16));
#5803=DIRECTION('center_axis',(-0.866025403784439,9.0592342707669E-17,-0.499999999999999));
#5804=DIRECTION('ref_axis',(-0.499999999999999,5.47734878476637E-16,0.866025403784439));
#5805=DIRECTION('',(3.83531590325054E-16,1.,-4.8311151533535E-16));
#5806=DIRECTION('',(0.499999999999999,-5.47734878476637E-16,-0.866025403784439));
#5807=DIRECTION('center_axis',(-0.866025403784437,5.73703858043019E-16,
0.500000000000003));
#5808=DIRECTION('ref_axis',(0.500000000000003,2.23483265679066E-16,0.866025403784437));
#5809=DIRECTION('',(3.83531590325054E-16,1.,-4.8311151533535E-16));
#5810=DIRECTION('',(-0.500000000000002,-2.23483265679067E-16,-0.866025403784437));
#5811=DIRECTION('center_axis',(2.22044604925031E-16,-1.,-1.22464679914735E-16));
#5812=DIRECTION('ref_axis',(-1.,-2.22044604925031E-16,2.22044604925031E-16));
#5813=DIRECTION('center_axis',(2.22044604925031E-16,-1.,-1.22464679914735E-16));
#5814=DIRECTION('ref_axis',(1.,2.22044604925031E-16,-2.22044604925031E-16));
#5815=DIRECTION('center_axis',(2.22044604925031E-16,-1.,-1.22464679914735E-16));
#5816=DIRECTION('ref_axis',(1.,2.22044604925031E-16,-2.22044604925031E-16));
#5817=DIRECTION('',(2.22044604925031E-16,-1.,-1.22464679914735E-16));
#5818=DIRECTION('center_axis',(2.31982208097983E-15,4.83111515335349E-16,
1.));
#5819=DIRECTION('ref_axis',(1.,-3.24251612797571E-16,-2.31982208097983E-15));
#5820=DIRECTION('',(3.83531590325054E-16,1.,-4.8311151533535E-16));
#5821=DIRECTION('',(-1.,3.24251612797571E-16,2.31982208097983E-15));
#5822=DIRECTION('center_axis',(0.866025403784438,-5.73703858043017E-16,
-0.500000000000002));
#5823=DIRECTION('ref_axis',(-0.500000000000002,-2.23483265679066E-16,-0.866025403784437));
#5824=DIRECTION('',(0.500000000000002,2.23483265679066E-16,0.866025403784437));
#5825=DIRECTION('',(3.83531590325054E-16,1.,-4.8311151533535E-16));
#5826=DIRECTION('center_axis',(0.86602540378444,-9.05923427076687E-17,0.499999999999998));
#5827=DIRECTION('ref_axis',(0.499999999999998,-5.47734878476637E-16,-0.86602540378444));
#5828=DIRECTION('',(-0.499999999999998,5.47734878476637E-16,0.86602540378444));
#5829=DIRECTION('center_axis',(-3.2425161279757E-16,-1.,4.4526300313222E-16));
#5830=DIRECTION('ref_axis',(-1.,3.2425161279757E-16,2.22044604925031E-16));
#5831=DIRECTION('center_axis',(3.2425161279757E-16,1.,-4.4526300313222E-16));
#5832=DIRECTION('ref_axis',(-1.,3.2425161279757E-16,2.22044604925031E-16));
#5833=DIRECTION('center_axis',(-2.22044604925031E-16,1.,1.22464679914735E-16));
#5834=DIRECTION('ref_axis',(-1.,-2.22044604925031E-16,2.22044604925031E-16));
#5835=DIRECTION('',(-2.22044604925031E-16,1.,1.22464679914735E-16));
#5836=DIRECTION('center_axis',(0.00160727981097696,0.99999870832497,1.22107633919534E-16));
#5837=DIRECTION('ref_axis',(-0.999998708324971,0.00160727981097696,2.22241153123144E-16));
#5838=DIRECTION('',(2.22044604925031E-16,-1.,-1.22464679914735E-16));
#5839=DIRECTION('',(2.22044604925031E-16,-1.,-1.22464679914735E-16));
#5840=DIRECTION('',(2.22044604925031E-16,-1.,-1.22464679914735E-16));
#5841=DIRECTION('',(2.22044604925031E-16,-1.,-1.22464679914735E-16));
#5842=DIRECTION('',(2.22044604925031E-16,-1.,-1.22464679914735E-16));
#5843=DIRECTION('',(2.22044604925031E-16,-1.,-1.22464679914735E-16));
#5844=DIRECTION('',(2.22044604925031E-16,-1.,-1.22464679914735E-16));
#5845=DIRECTION('',(2.22044604925031E-16,-1.,-1.22464679914735E-16));
#5846=DIRECTION('',(2.22044604925031E-16,-1.,-1.22464679914735E-16));
#5847=DIRECTION('',(2.22044604925031E-16,-1.,-1.22464679914735E-16));
#5848=DIRECTION('',(2.22044604925031E-16,-1.,-1.22464679914735E-16));
#5849=DIRECTION('',(2.22044604925031E-16,-1.,-1.22464679914735E-16));
#5850=DIRECTION('',(2.22044604925031E-16,-1.,-1.22464679914735E-16));
#5851=DIRECTION('',(2.22044604925031E-16,-1.,-1.22464679914735E-16));
#5852=DIRECTION('',(2.22044604925031E-16,-1.,-1.22464679914735E-16));
#5853=DIRECTION('',(2.22044604925031E-16,-1.,-1.22464679914735E-16));
#5854=DIRECTION('',(2.22044604925031E-16,-1.,-1.22464679914735E-16));
#5855=DIRECTION('',(2.22044604925031E-16,-1.,-1.22464679914735E-16));
#5856=DIRECTION('',(2.22044604925031E-16,-1.,-1.22464679914735E-16));
#5857=DIRECTION('',(2.22044604925031E-16,-1.,-1.22464679914735E-16));
#5858=DIRECTION('',(2.22044604925031E-16,-1.,-1.22464679914735E-16));
#5859=DIRECTION('',(2.22044604925031E-16,-1.,-1.22464679914735E-16));
#5860=DIRECTION('',(2.22044604925031E-16,-1.,-1.22464679914735E-16));
#5861=DIRECTION('',(2.22044604925031E-16,-1.,-1.22464679914735E-16));
#5862=DIRECTION('',(2.22044604925031E-16,-1.,-1.22464679914735E-16));
#5863=DIRECTION('',(2.22044604925031E-16,-1.,-1.22464679914735E-16));
#5864=DIRECTION('',(2.22044604925031E-16,-1.,-1.22464679914735E-16));
#5865=DIRECTION('',(2.22044604925031E-16,-1.,-1.22464679914735E-16));
#5866=DIRECTION('',(2.22044604925031E-16,-1.,-1.22464679914735E-16));
#5867=DIRECTION('',(2.22044604925031E-16,-1.,-1.22464679914735E-16));
#5868=DIRECTION('',(2.22044604925031E-16,-1.,-1.22464679914735E-16));
#5869=DIRECTION('',(2.22044604925031E-16,-1.,-1.22464679914735E-16));
#5870=DIRECTION('',(2.22044604925031E-16,-1.,-1.22464679914735E-16));
#5871=DIRECTION('',(2.22044604925031E-16,-1.,-1.22464679914735E-16));
#5872=DIRECTION('',(2.22044604925031E-16,-1.,-1.22464679914735E-16));
#5873=DIRECTION('',(2.22044604925031E-16,-1.,-1.22464679914735E-16));
#5874=DIRECTION('',(2.22044604925031E-16,-1.,-1.22464679914735E-16));
#5875=DIRECTION('',(2.22044604925031E-16,-1.,-1.22464679914735E-16));
#5876=DIRECTION('',(2.22044604925031E-16,-1.,-1.22464679914735E-16));
#5877=DIRECTION('',(2.22044604925031E-16,-1.,-1.22464679914735E-16));
#5878=DIRECTION('',(2.22044604925031E-16,-1.,-1.22464679914735E-16));
#5879=DIRECTION('',(2.22044604925031E-16,-1.,-1.22464679914735E-16));
#5880=DIRECTION('',(2.22044604925031E-16,-1.,-1.22464679914735E-16));
#5881=DIRECTION('',(2.22044604925031E-16,-1.,-1.22464679914735E-16));
#5882=DIRECTION('',(2.22044604925031E-16,-1.,-1.22464679914735E-16));
#5883=DIRECTION('',(2.22044604925031E-16,-1.,-1.22464679914735E-16));
#5884=DIRECTION('',(2.22044604925031E-16,-1.,-1.22464679914735E-16));
#5885=DIRECTION('',(2.22044604925031E-16,-1.,-1.22464679914735E-16));
#5886=DIRECTION('',(2.22044604925031E-16,-1.,-1.22464679914735E-16));
#5887=DIRECTION('',(2.22044604925031E-16,-1.,-1.22464679914735E-16));
#5888=DIRECTION('',(2.22044604925031E-16,-1.,-1.22464679914735E-16));
#5889=DIRECTION('',(2.22044604925031E-16,-1.,-1.22464679914735E-16));
#5890=DIRECTION('center_axis',(-2.22044604925031E-16,1.,1.22464679914735E-16));
#5891=DIRECTION('ref_axis',(-2.22044604925031E-16,1.22464679914735E-16,
-1.));
#5892=DIRECTION('center_axis',(-2.22044604925031E-16,1.22464679914735E-16,
-1.));
#5893=DIRECTION('ref_axis',(-2.22044604925031E-16,1.,1.22464679914735E-16));
#5894=DIRECTION('',(-2.22044604925031E-16,1.22464679914735E-16,-1.));
#5895=DIRECTION('center_axis',(-2.22044604925031E-16,1.22464679914735E-16,
-1.));
#5896=DIRECTION('ref_axis',(-2.22044604925031E-16,1.,1.22464679914735E-16));
#5897=DIRECTION('',(-2.22044604925031E-16,1.22464679914735E-16,-1.));
#5898=DIRECTION('center_axis',(-2.22044604925031E-16,1.,1.22464679914735E-16));
#5899=DIRECTION('ref_axis',(1.,2.22044604925031E-16,-2.22044604925031E-16));
#5900=DIRECTION('',(1.,2.22044604925031E-16,-2.22044604925031E-16));
#5901=DIRECTION('',(-2.22044604925031E-16,1.22464679914735E-16,-1.));
#5902=DIRECTION('center_axis',(-2.22044604925031E-16,1.22464679914735E-16,
-1.));
#5903=DIRECTION('ref_axis',(2.22044604925031E-16,-1.,-1.22464679914735E-16));
#5904=DIRECTION('center_axis',(-2.22044604925031E-16,1.22464679914735E-16,
-1.));
#5905=DIRECTION('ref_axis',(2.22044604925031E-16,-1.,-1.22464679914735E-16));
#5906=DIRECTION('',(-2.22044604925031E-16,1.22464679914735E-16,-1.));
#5907=DIRECTION('center_axis',(2.22044604925031E-16,-1.,-1.22464679914735E-16));
#5908=DIRECTION('ref_axis',(-1.,-2.22044604925031E-16,2.22044604925031E-16));
#5909=DIRECTION('',(-1.,-2.22044604925031E-16,2.22044604925031E-16));
#5910=DIRECTION('center_axis',(2.22044604925031E-16,-1.22464679914735E-16,
1.));
#5911=DIRECTION('ref_axis',(-1.,-2.22044604925031E-16,2.22044604925031E-16));
#5912=DIRECTION('center_axis',(-4.12368552003627E-16,-1.,-1.22464679914735E-16));
#5913=DIRECTION('ref_axis',(-1.,4.12368552003627E-16,2.22044604925031E-16));
#5914=DIRECTION('',(-2.22044604925031E-16,1.22464679914735E-16,-1.));
#5915=DIRECTION('center_axis',(-2.22044604925031E-16,1.22464679914735E-16,
-1.));
#5916=DIRECTION('ref_axis',(2.22044604925031E-16,-1.,-1.22464679914735E-16));
#5917=DIRECTION('',(2.22044604925031E-16,-1.22464679914735E-16,1.));
#5918=DIRECTION('center_axis',(-2.22044604925031E-16,1.22464679914735E-16,
-1.));
#5919=DIRECTION('ref_axis',(-2.22044604925031E-16,1.,1.22464679914735E-16));
#5920=DIRECTION('',(-2.22044604925031E-16,1.22464679914735E-16,-1.));
#5921=DIRECTION('center_axis',(-2.3156080227896E-15,-1.,-1.22464679914735E-16));
#5922=DIRECTION('ref_axis',(-1.,2.3156080227896E-15,2.22044604925032E-16));
#5923=DIRECTION('center_axis',(-4.1236855200363E-16,-1.,-1.22464679914735E-16));
#5924=DIRECTION('ref_axis',(-1.,4.1236855200363E-16,2.22044604925031E-16));
#5925=DIRECTION('',(-2.22044604925031E-16,1.22464679914735E-16,-1.));
#5926=DIRECTION('center_axis',(-2.22044604925031E-16,1.22464679914735E-16,
-1.));
#5927=DIRECTION('ref_axis',(2.22044604925031E-16,-1.,-1.22464679914735E-16));
#5928=DIRECTION('center_axis',(-2.22044604925031E-16,1.22464679914735E-16,
-1.));
#5929=DIRECTION('ref_axis',(-2.22044604925031E-16,1.,1.22464679914735E-16));
#5930=DIRECTION('',(-2.22044604925031E-16,1.22464679914735E-16,-1.));
#5931=DIRECTION('center_axis',(-1.04678170893229E-15,-1.,-1.22464679914735E-16));
#5932=DIRECTION('ref_axis',(-1.,1.04678170893229E-15,2.22044604925031E-16));
#5933=DIRECTION('center_axis',(2.22044604925031E-16,-1.,-1.22464679914735E-16));
#5934=DIRECTION('ref_axis',(2.22044604925031E-16,-1.22464679914735E-16,
1.));
#5935=DIRECTION('center_axis',(-2.22044604925031E-16,1.22464679914735E-16,
-1.));
#5936=DIRECTION('ref_axis',(2.22044604925031E-16,-1.,-1.22464679914735E-16));
#5937=DIRECTION('',(2.22044604925031E-16,-1.22464679914735E-16,1.));
#5938=DIRECTION('center_axis',(-2.22044604925031E-16,1.22464679914735E-16,
-1.));
#5939=DIRECTION('ref_axis',(2.22044604925031E-16,-1.,-1.22464679914735E-16));
#5940=DIRECTION('',(2.22044604925031E-16,-1.22464679914735E-16,1.));
#5941=DIRECTION('',(-2.22044604925031E-16,1.22464679914735E-16,-1.));
#5942=DIRECTION('center_axis',(-2.22044604925031E-16,1.22464679914735E-16,
-1.));
#5943=DIRECTION('ref_axis',(2.22044604925031E-16,-1.,-1.22464679914735E-16));
#5944=DIRECTION('',(-2.22044604925031E-16,1.22464679914735E-16,-1.));
#5945=DIRECTION('',(-2.22044604925031E-16,1.22464679914735E-16,-1.));
#5946=DIRECTION('center_axis',(-2.22044604925031E-16,1.,1.22464679914735E-16));
#5947=DIRECTION('ref_axis',(1.,2.22044604925031E-16,-2.22044604925031E-16));
#5948=DIRECTION('',(-2.22044604925031E-16,1.22464679914735E-16,-1.));
#5949=DIRECTION('center_axis',(-2.22044604925031E-16,1.22464679914735E-16,
-1.));
#5950=DIRECTION('ref_axis',(-2.22044604925031E-16,1.,1.22464679914735E-16));
#5951=DIRECTION('',(-2.22044604925031E-16,1.22464679914735E-16,-1.));
#5952=DIRECTION('center_axis',(2.22044604925031E-16,-1.,-1.22464679914735E-16));
#5953=DIRECTION('ref_axis',(-1.,-2.22044604925031E-16,2.22044604925031E-16));
#5954=DIRECTION('center_axis',(1.,-6.26279654916757E-17,-2.22044604925031E-16));
#5955=DIRECTION('ref_axis',(-6.26279654916756E-17,-1.,-1.22464679914735E-16));
#5956=DIRECTION('',(-6.26279654916757E-17,-1.,-1.22464679914735E-16));
#5957=DIRECTION('center_axis',(1.,-6.26279654916757E-17,-2.22044604925031E-16));
#5958=DIRECTION('ref_axis',(6.26279654916757E-17,1.,1.22464679914735E-16));
#5959=DIRECTION('center_axis',(-2.22044604925031E-16,1.22464679914735E-16,
-1.));
#5960=DIRECTION('ref_axis',(-1.,-2.22044604925031E-16,2.22044604925031E-16));
#5961=DIRECTION('center_axis',(-2.22044604925031E-16,1.22464679914735E-16,
-1.));
#5962=DIRECTION('ref_axis',(-1.,-2.22044604925031E-16,2.22044604925031E-16));
#5963=DIRECTION('',(-2.22044604925031E-16,1.22464679914735E-16,-1.));
#5964=DIRECTION('center_axis',(-2.22044604925031E-16,1.22464679914735E-16,
-1.));
#5965=DIRECTION('ref_axis',(-1.,-2.22044604925031E-16,2.22044604925031E-16));
#5966=DIRECTION('center_axis',(2.22044604925031E-16,-1.22464679914735E-16,
1.));
#5967=DIRECTION('ref_axis',(-1.,-2.22044604925031E-16,2.22044604925031E-16));
#5968=DIRECTION('center_axis',(3.14018491736755E-16,-0.707106781186549,
0.707106781186546));
#5969=DIRECTION('ref_axis',(-7.39557098644699E-31,-0.707106781186546,-0.707106781186549));
#5970=DIRECTION('',(-6.90253292068385E-31,-0.707106781186546,-0.707106781186549));
#5971=DIRECTION('',(1.,2.22044604925031E-16,-2.22044604925031E-16));
#5972=DIRECTION('',(6.90253292068385E-31,0.707106781186546,0.707106781186549));
#5973=DIRECTION('center_axis',(1.,2.22044604925031E-16,-2.22044604925031E-16));
#5974=DIRECTION('ref_axis',(2.22044604925031E-16,-1.,-1.22464679914735E-16));
#5975=DIRECTION('',(-2.22044604925031E-16,1.22464679914735E-16,-1.));
#5976=DIRECTION('',(2.22044604925031E-16,-1.,-1.22464679914735E-16));
#5977=DIRECTION('',(-2.71170936169723E-31,-0.707106781186547,-0.707106781186548));
#5978=DIRECTION('',(-2.22044604925031E-16,1.22464679914735E-16,-1.));
#5979=DIRECTION('',(-3.14018491736755E-16,0.707106781186547,-0.707106781186548));
#5980=DIRECTION('center_axis',(-1.,-2.22044604925031E-16,2.22044604925031E-16));
#5981=DIRECTION('ref_axis',(-2.22044604925031E-16,1.,1.22464679914735E-16));
#5982=DIRECTION('center_axis',(-1.,-2.22044604925031E-16,2.22044604925031E-16));
#5983=DIRECTION('ref_axis',(-2.22044604925031E-16,1.,1.22464679914735E-16));
#5984=DIRECTION('center_axis',(-1.,-2.22044604925031E-16,2.22044604925031E-16));
#5985=DIRECTION('ref_axis',(-2.22044604925031E-16,1.,1.22464679914735E-16));
#5986=DIRECTION('center_axis',(-1.72563323017096E-31,0.707106781186548,
0.707106781186547));
#5987=DIRECTION('ref_axis',(3.14018491736755E-16,-0.707106781186547,0.707106781186548));
#5988=DIRECTION('',(-1.,-2.22044604925031E-16,2.22044604925031E-16));
#5989=DIRECTION('',(3.14018491736755E-16,-0.707106781186547,0.707106781186548));
#5990=DIRECTION('center_axis',(-2.22044604925031E-16,1.,1.22464679914735E-16));
#5991=DIRECTION('ref_axis',(1.,2.22044604925031E-16,-2.22044604925031E-16));
#5992=DIRECTION('',(1.,2.22044604925031E-16,-2.22044604925031E-16));
#5993=DIRECTION('',(2.22044604925031E-16,-1.22464679914735E-16,1.));
#5994=DIRECTION('center_axis',(2.22044604925031E-16,-1.,-1.22464679914735E-16));
#5995=DIRECTION('ref_axis',(-2.22044604925031E-16,1.22464679914735E-16,
-1.));
#5996=DIRECTION('center_axis',(2.22044604925031E-16,-1.,-1.22464679914735E-16));
#5997=DIRECTION('ref_axis',(-2.22044604925031E-16,1.22464679914735E-16,
-1.));
#5998=DIRECTION('center_axis',(-3.14018491736755E-16,0.707106781186548,
-0.707106781186547));
#5999=DIRECTION('ref_axis',(2.77333911991762E-31,0.707106781186547,0.707106781186548));
#6000=DIRECTION('',(-1.,-2.22044604925031E-16,2.22044604925031E-16));
#6001=DIRECTION('',(2.71170936169723E-31,0.707106781186547,0.707106781186548));
#6002=DIRECTION('center_axis',(-2.22044604925031E-16,1.22464679914735E-16,
-1.));
#6003=DIRECTION('ref_axis',(-2.22044604925031E-16,1.,1.22464679914735E-16));
#6004=DIRECTION('',(-1.,-2.22044604925031E-16,2.22044604925031E-16));
#6005=DIRECTION('',(-2.22044604925031E-16,1.,1.22464679914735E-16));
#6006=DIRECTION('center_axis',(2.22044604925031E-16,-1.,-1.22464679914735E-16));
#6007=DIRECTION('ref_axis',(-2.22044604925031E-16,1.22464679914735E-16,
-1.));
#6008=DIRECTION('center_axis',(-2.22044604925031E-16,1.,1.22464679914735E-16));
#6009=DIRECTION('ref_axis',(-2.22044604925031E-16,1.22464679914735E-16,
-1.));
#6010=DIRECTION('',(1.99630087988825E-16,-0.514495755427529,0.857492925712543));
#6011=DIRECTION('center_axis',(-2.22044604925031E-16,1.,1.22464679914735E-16));
#6012=DIRECTION('ref_axis',(2.22044604925031E-16,-1.22464679914735E-16,
1.));
#6013=DIRECTION('center_axis',(-2.22044604925031E-16,1.,1.22464679914735E-16));
#6014=DIRECTION('ref_axis',(2.22044604925031E-16,-1.22464679914735E-16,
1.));
#6015=DIRECTION('center_axis',(2.22044604925031E-16,-1.,-1.22464679914735E-16));
#6016=DIRECTION('ref_axis',(-2.22044604925031E-16,1.22464679914735E-16,
-1.));
#6017=DIRECTION('',(2.22044604925031E-16,-1.,-1.22464679914735E-16));
#6018=DIRECTION('center_axis',(2.22044604925031E-16,-1.,-1.22464679914735E-16));
#6019=DIRECTION('ref_axis',(-2.22044604925031E-16,1.22464679914735E-16,
-1.));
#6020=DIRECTION('center_axis',(-2.22044604925031E-16,1.,1.22464679914735E-16));
#6021=DIRECTION('ref_axis',(-2.22044604925031E-16,1.22464679914735E-16,
-1.));
#6022=DIRECTION('',(1.99630087988825E-16,-0.514495755427529,0.857492925712543));
#6023=DIRECTION('center_axis',(2.22044604925031E-16,-1.,-1.22464679914735E-16));
#6024=DIRECTION('ref_axis',(-2.22044604925031E-16,1.22464679914735E-16,
-1.));
#6025=DIRECTION('',(2.22044604925031E-16,-1.,-1.22464679914735E-16));
#6026=DIRECTION('center_axis',(2.22044604925031E-16,-1.,-1.22464679914735E-16));
#6027=DIRECTION('ref_axis',(2.22044604925031E-16,-1.22464679914735E-16,
1.));
#6028=DIRECTION('',(2.22044604925031E-16,-1.,-1.22464679914735E-16));
#6029=DIRECTION('center_axis',(2.22044604925031E-16,-1.,-1.22464679914735E-16));
#6030=DIRECTION('ref_axis',(2.22044604925031E-16,-1.22464679914735E-16,
1.));
#6031=DIRECTION('center_axis',(2.22044604925031E-16,-1.,-1.22464679914735E-16));
#6032=DIRECTION('ref_axis',(2.22044604925031E-16,-1.22464679914735E-16,
1.));
#6033=DIRECTION('center_axis',(-1.,-2.22044604925031E-16,2.22044604925031E-16));
#6034=DIRECTION('ref_axis',(-2.22044604925031E-16,1.,1.22464679914735E-16));
#6035=DIRECTION('',(-2.22044604925031E-16,1.,1.22464679914735E-16));
#6036=DIRECTION('center_axis',(-1.,-2.22044604925031E-16,2.22044604925031E-16));
#6037=DIRECTION('ref_axis',(-2.22044604925031E-16,1.,1.22464679914735E-16));
#6038=DIRECTION('center_axis',(2.22044604925031E-16,-1.22464679914735E-16,
1.));
#6039=DIRECTION('ref_axis',(-2.22044604925031E-16,1.,1.22464679914735E-16));
#6040=DIRECTION('center_axis',(1.,2.22044604925031E-16,-2.22044604925031E-16));
#6041=DIRECTION('ref_axis',(2.22044604925031E-16,-1.,-1.22464679914735E-16));
#6042=DIRECTION('',(0.,-1.,0.));
#6043=DIRECTION('center_axis',(1.,2.22044604925031E-16,-2.22044604925031E-16));
#6044=DIRECTION('ref_axis',(-2.22044604925031E-16,1.,1.22464679914735E-16));
#6045=DIRECTION('center_axis',(-1.,-2.22044604925031E-16,2.22044604925031E-16));
#6046=DIRECTION('ref_axis',(-2.22044604925031E-16,1.,1.22464679914735E-16));
#6047=DIRECTION('',(0.,-1.,0.));
#6048=DIRECTION('center_axis',(-1.,-2.22044604925031E-16,2.22044604925031E-16));
#6049=DIRECTION('ref_axis',(-2.22044604925031E-16,1.,1.22464679914735E-16));
#6050=DIRECTION('center_axis',(2.22044604925031E-16,-1.22464679914735E-16,
1.));
#6051=DIRECTION('ref_axis',(-2.22044604925031E-16,1.,1.22464679914735E-16));
#6052=DIRECTION('center_axis',(1.,2.22044604925031E-16,-2.22044604925031E-16));
#6053=DIRECTION('ref_axis',(-2.22044604925031E-16,1.,1.22464679914735E-16));
#6054=DIRECTION('center_axis',(1.,2.22044604925031E-16,-2.22044604925031E-16));
#6055=DIRECTION('ref_axis',(-2.22044604925031E-16,1.,1.22464679914735E-16));
#6056=DIRECTION('',(1.,2.22044604925031E-16,-2.22044604925031E-16));
#6057=DIRECTION('center_axis',(1.,2.22044604925031E-16,-2.22044604925031E-16));
#6058=DIRECTION('ref_axis',(-2.22044604925031E-16,1.,1.22464679914735E-16));
#6059=DIRECTION('',(1.,2.22044604925031E-16,-2.22044604925031E-16));
#6060=DIRECTION('center_axis',(1.,2.22044604925031E-16,-2.22044604925031E-16));
#6061=DIRECTION('ref_axis',(-2.22044604925031E-16,1.,1.22464679914735E-16));
#6062=DIRECTION('',(0.515038074910058,-0.85716730070211,-3.24306864092476E-16));
#6063=DIRECTION('center_axis',(1.,2.22044604925031E-16,-2.22044604925031E-16));
#6064=DIRECTION('ref_axis',(-2.22044604925031E-16,1.,1.22464679914735E-16));
#6065=DIRECTION('center_axis',(1.,2.22044604925031E-16,-2.22044604925031E-16));
#6066=DIRECTION('ref_axis',(-2.22044604925031E-16,1.,1.22464679914735E-16));
#6067=DIRECTION('center_axis',(1.,2.22044604925031E-16,-2.22044604925031E-16));
#6068=DIRECTION('ref_axis',(-2.22044604925031E-16,1.,1.22464679914735E-16));
#6069=DIRECTION('',(0.707106781186548,-0.707106781186547,-3.30200457115476E-16));
#6070=DIRECTION('center_axis',(1.,2.22044604925031E-16,-2.22044604925031E-16));
#6071=DIRECTION('ref_axis',(-2.22044604925031E-16,1.,1.22464679914735E-16));
#6072=DIRECTION('',(1.,2.22044604925031E-16,-2.22044604925031E-16));
#6073=DIRECTION('center_axis',(1.,2.22044604925031E-16,-2.22044604925031E-16));
#6074=DIRECTION('ref_axis',(-2.22044604925031E-16,1.,1.22464679914735E-16));
#6075=DIRECTION('',(1.,2.22044604925031E-16,-2.22044604925031E-16));
#6076=DIRECTION('center_axis',(1.,2.22044604925031E-16,-2.22044604925031E-16));
#6077=DIRECTION('ref_axis',(-2.22044604925031E-16,1.,1.22464679914735E-16));
#6078=DIRECTION('center_axis',(1.,2.22044604925031E-16,-2.22044604925031E-16));
#6079=DIRECTION('ref_axis',(-2.22044604925031E-16,1.,1.22464679914735E-16));
#6080=DIRECTION('center_axis',(1.,2.22044604925031E-16,-2.22044604925031E-16));
#6081=DIRECTION('ref_axis',(-2.22044604925031E-16,1.,1.22464679914735E-16));
#6082=DIRECTION('',(1.,2.22044604925031E-16,-2.22044604925031E-16));
#6083=DIRECTION('center_axis',(1.,2.22044604925031E-16,-2.22044604925031E-16));
#6084=DIRECTION('ref_axis',(-2.22044604925031E-16,1.,1.22464679914735E-16));
#6085=DIRECTION('center_axis',(-2.22044604925031E-16,1.22464679914735E-16,
-1.));
#6086=DIRECTION('ref_axis',(-1.,-2.22044604925031E-16,2.22044604925031E-16));
#6087=DIRECTION('',(-2.22044604925031E-16,1.22464679914735E-16,-1.));
#6088=DIRECTION('center_axis',(2.22044604925031E-16,-1.22464679914735E-16,
1.));
#6089=DIRECTION('ref_axis',(-1.,-2.22044604925031E-16,2.22044604925031E-16));
#6090=DIRECTION('center_axis',(-2.22044604925031E-16,1.22464679914735E-16,
-1.));
#6091=DIRECTION('ref_axis',(-1.,-2.22044604925031E-16,2.22044604925031E-16));
#6092=DIRECTION('center_axis',(-2.22044604925031E-16,1.22464679914735E-16,
-1.));
#6093=DIRECTION('ref_axis',(-1.,-2.22044604925031E-16,2.22044604925031E-16));
#6094=DIRECTION('center_axis',(-2.22044604925031E-16,1.22464679914735E-16,
-1.));
#6095=DIRECTION('ref_axis',(-1.,-2.22044604925031E-16,2.22044604925031E-16));
#6096=DIRECTION('center_axis',(-1.,-2.22044604925031E-16,2.22044604925031E-16));
#6097=DIRECTION('ref_axis',(-2.22044604925031E-16,1.,1.22464679914735E-16));
#6098=DIRECTION('',(-2.22044604925031E-16,1.,1.22464679914735E-16));
#6099=DIRECTION('center_axis',(1.,2.22044604925031E-16,-2.22044604925031E-16));
#6100=DIRECTION('ref_axis',(-2.22044604925031E-16,1.,1.22464679914735E-16));
#6101=DIRECTION('center_axis',(1.,5.06717175341738E-16,-2.22044604925031E-16));
#6102=DIRECTION('ref_axis',(5.06717175341738E-16,-1.,-1.22464679914735E-16));
#6103=DIRECTION('',(0.,-1.,0.));
#6104=DIRECTION('center_axis',(-1.,-5.06717175341738E-16,2.22044604925031E-16));
#6105=DIRECTION('ref_axis',(-5.06717175341738E-16,1.,1.22464679914735E-16));
#6106=DIRECTION('center_axis',(-2.22044604925031E-16,1.22464679914735E-16,
-1.));
#6107=DIRECTION('ref_axis',(-2.22044604925031E-16,1.,1.22464679914735E-16));
#6108=DIRECTION('center_axis',(1.,2.22044604925031E-16,-2.22044604925031E-16));
#6109=DIRECTION('ref_axis',(2.22044604925031E-16,-1.,-1.22464679914735E-16));
#6110=DIRECTION('',(0.,-1.,0.));
#6111=DIRECTION('center_axis',(-1.,-2.22044604925031E-16,2.22044604925031E-16));
#6112=DIRECTION('ref_axis',(-2.22044604925031E-16,1.,1.22464679914735E-16));
#6113=DIRECTION('center_axis',(-1.,-2.22044604925031E-16,2.22044604925031E-16));
#6114=DIRECTION('ref_axis',(-2.22044604925031E-16,1.,1.22464679914735E-16));
#6115=DIRECTION('',(0.,-1.,0.));
#6116=DIRECTION('center_axis',(1.,2.22044604925031E-16,-2.22044604925031E-16));
#6117=DIRECTION('ref_axis',(-2.22044604925031E-16,1.,1.22464679914735E-16));
#6118=DIRECTION('center_axis',(-2.22044604925031E-16,1.22464679914735E-16,
-1.));
#6119=DIRECTION('ref_axis',(-2.22044604925031E-16,1.,1.22464679914735E-16));
#6120=DIRECTION('center_axis',(1.,2.22044604925031E-16,-2.22044604925031E-16));
#6121=DIRECTION('ref_axis',(-2.22044604925031E-16,1.,1.22464679914735E-16));
#6122=DIRECTION('',(1.,2.22044604925031E-16,-2.22044604925031E-16));
#6123=DIRECTION('center_axis',(1.,2.22044604925031E-16,-2.22044604925031E-16));
#6124=DIRECTION('ref_axis',(-2.22044604925031E-16,1.,1.22464679914735E-16));
#6125=DIRECTION('center_axis',(1.,2.22044604925031E-16,-2.22044604925031E-16));
#6126=DIRECTION('ref_axis',(-2.22044604925031E-16,1.,1.22464679914735E-16));
#6127=DIRECTION('center_axis',(1.,2.22044604925031E-16,-2.22044604925031E-16));
#6128=DIRECTION('ref_axis',(-2.22044604925031E-16,1.,1.22464679914735E-16));
#6129=DIRECTION('',(1.,2.22044604925031E-16,-2.22044604925031E-16));
#6130=DIRECTION('center_axis',(-1.,-2.22044604925031E-16,2.22044604925031E-16));
#6131=DIRECTION('ref_axis',(-2.22044604925031E-16,1.,1.22464679914735E-16));
#6132=DIRECTION('',(-0.515038074910058,-0.85716730070211,1.14361425864752E-16));
#6133=DIRECTION('center_axis',(1.,2.22044604925031E-16,-2.22044604925031E-16));
#6134=DIRECTION('ref_axis',(-2.22044604925031E-16,1.,1.22464679914735E-16));
#6135=DIRECTION('center_axis',(-1.,-2.22044604925031E-16,2.22044604925031E-16));
#6136=DIRECTION('ref_axis',(-2.22044604925031E-16,1.,1.22464679914735E-16));
#6137=DIRECTION('center_axis',(1.,2.22044604925031E-16,-2.22044604925031E-16));
#6138=DIRECTION('ref_axis',(-2.22044604925031E-16,1.,1.22464679914735E-16));
#6139=DIRECTION('',(-0.707106781186548,-0.707106781186547,1.57009245868378E-16));
#6140=DIRECTION('center_axis',(1.,2.22044604925031E-16,-2.22044604925031E-16));
#6141=DIRECTION('ref_axis',(-2.22044604925031E-16,1.,1.22464679914735E-16));
#6142=DIRECTION('center_axis',(1.,2.22044604925031E-16,-2.22044604925031E-16));
#6143=DIRECTION('ref_axis',(-2.22044604925031E-16,1.,1.22464679914735E-16));
#6144=DIRECTION('',(1.,2.22044604925031E-16,-2.22044604925031E-16));
#6145=DIRECTION('center_axis',(1.,2.22044604925031E-16,-2.22044604925031E-16));
#6146=DIRECTION('ref_axis',(-2.22044604925031E-16,1.,1.22464679914735E-16));
#6147=DIRECTION('center_axis',(1.,2.22044604925031E-16,-2.22044604925031E-16));
#6148=DIRECTION('ref_axis',(-2.22044604925031E-16,1.,1.22464679914735E-16));
#6149=DIRECTION('',(1.,2.22044604925031E-16,-2.22044604925031E-16));
#6150=DIRECTION('center_axis',(1.,2.22044604925031E-16,-2.22044604925031E-16));
#6151=DIRECTION('ref_axis',(-2.22044604925031E-16,1.,1.22464679914735E-16));
#6152=DIRECTION('center_axis',(1.,2.22044604925031E-16,-2.22044604925031E-16));
#6153=DIRECTION('ref_axis',(-2.22044604925031E-16,1.,1.22464679914735E-16));
#6154=DIRECTION('',(1.,2.22044604925031E-16,-2.22044604925031E-16));
#6155=DIRECTION('center_axis',(1.,2.22044604925031E-16,-2.22044604925031E-16));
#6156=DIRECTION('ref_axis',(-2.22044604925031E-16,1.,1.22464679914735E-16));
#6157=DIRECTION('center_axis',(1.,2.22044604925031E-16,-2.22044604925031E-16));
#6158=DIRECTION('ref_axis',(-2.22044604925031E-16,1.,1.22464679914735E-16));
#6159=DIRECTION('center_axis',(2.22044604925031E-16,-1.,-1.22464679914735E-16));
#6160=DIRECTION('ref_axis',(-1.,-2.22044604925031E-16,2.22044604925031E-16));
#6161=DIRECTION('',(-2.22044604925031E-16,1.22464679914735E-16,-1.));
#6162=DIRECTION('center_axis',(-1.,-2.22044604925031E-16,2.22044604925031E-16));
#6163=DIRECTION('ref_axis',(-2.22044604925031E-16,1.,1.22464679914735E-16));
#6164=CARTESIAN_POINT('',(0.,0.,0.));
#6165=CARTESIAN_POINT('Origin',(59.9999999999999,20.,6.74990020586003));
#6166=CARTESIAN_POINT('',(66.0999999999999,20.,31.79990020586));
#6167=CARTESIAN_POINT('',(66.0999999999999,20.,12.19990020586));
#6168=CARTESIAN_POINT('',(66.0999999999999,20.,6.74990020586003));
#6169=CARTESIAN_POINT('',(53.9205263385716,20.5,31.79990020586));
#6170=CARTESIAN_POINT('Origin',(59.9999999999999,20.,31.79990020586));
#6171=CARTESIAN_POINT('',(53.9205263385716,20.5,12.19990020586));
#6172=CARTESIAN_POINT('',(53.9205263385716,20.5,32.19990020586));
#6173=CARTESIAN_POINT('Origin',(59.9999999999999,20.,12.19990020586));
#6174=CARTESIAN_POINT('Origin',(17.9999999999999,7.05,11.99990020586));
#6175=CARTESIAN_POINT('',(17.9999999999999,7.05,11.99990020586));
#6176=CARTESIAN_POINT('',(12.4999999999999,7.05,11.99990020586));
#6177=CARTESIAN_POINT('',(55.4999999999999,7.05,11.99990020586));
#6178=CARTESIAN_POINT('',(17.9999999999999,7.05,2.49990020586004));
#6179=CARTESIAN_POINT('',(17.9999999999999,7.05,11.99990020586));
#6180=CARTESIAN_POINT('',(12.4999999999999,7.05,2.49990020586004));
#6181=CARTESIAN_POINT('',(17.9999999999999,7.05,2.49990020586004));
#6182=CARTESIAN_POINT('',(12.4999999999999,7.05,11.99990020586));
#6183=CARTESIAN_POINT('Origin',(92.9999999999999,21.,11.99990020586));
#6184=CARTESIAN_POINT('',(186.,0.500000000000034,11.99990020586));
#6185=CARTESIAN_POINT('',(-8.31557045444242E-14,0.499999999999994,11.99990020586));
#6186=CARTESIAN_POINT('',(139.5,0.500000000000025,11.99990020586));
#6187=CARTESIAN_POINT('',(186.,43.5,11.99990020586));
#6188=CARTESIAN_POINT('',(186.,42.,11.99990020586));
#6189=CARTESIAN_POINT('',(-9.27036225562006E-14,43.5,11.99990020586));
#6190=CARTESIAN_POINT('',(46.4999999999999,43.5,11.99990020586));
#6191=CARTESIAN_POINT('',(-8.30446822419617E-14,-4.44089209850063E-15,11.99990020586));
#6192=CARTESIAN_POINT('',(66.4999999682048,19.9993570872963,11.99990020586));
#6193=CARTESIAN_POINT('',(53.519259301592,19.5,11.99990020586));
#6194=CARTESIAN_POINT('Origin',(59.9999999999999,20.,11.99990020586));
#6195=CARTESIAN_POINT('',(74.9999931790903,19.9856952021683,11.99990020586));
#6196=CARTESIAN_POINT('',(83.9991582046418,19.971231007224,11.99990020586));
#6197=CARTESIAN_POINT('',(45.0269981670773,19.1004355991392,11.99990020586));
#6198=CARTESIAN_POINT('Origin',(59.9999999999999,20.,11.99990020586));
#6199=CARTESIAN_POINT('',(45.408335649435,19.5,11.99990020586));
#6200=CARTESIAN_POINT('',(57.0303963200619,31.6775642927006,11.99990020586));
#6201=CARTESIAN_POINT('',(73.4602631692858,19.5,11.99990020586));
#6202=CARTESIAN_POINT('',(180.25,35.95,11.99990020586));
#6203=CARTESIAN_POINT('',(176.75,35.95,11.99990020586));
#6204=CARTESIAN_POINT('',(136.625,35.9500000000001,11.99990020586));
#6205=CARTESIAN_POINT('',(176.75,39.05,11.99990020586));
#6206=CARTESIAN_POINT('Origin',(176.75,37.5,11.99990020586));
#6207=CARTESIAN_POINT('',(180.25,39.05,11.99990020586));
#6208=CARTESIAN_POINT('',(134.875,39.05,11.99990020586));
#6209=CARTESIAN_POINT('Origin',(180.25,37.5,11.99990020586));
#6210=CARTESIAN_POINT('',(176.75,4.95000000000004,11.99990020586));
#6211=CARTESIAN_POINT('',(176.75,8.05000000000003,11.99990020586));
#6212=CARTESIAN_POINT('Origin',(176.75,6.50000000000004,11.99990020586));
#6213=CARTESIAN_POINT('',(180.25,8.05000000000003,11.99990020586));
#6214=CARTESIAN_POINT('',(134.875,8.04999999999993,11.99990020586));
#6215=CARTESIAN_POINT('',(180.25,4.95000000000004,11.99990020586));
#6216=CARTESIAN_POINT('Origin',(180.25,6.50000000000004,11.99990020586));
#6217=CARTESIAN_POINT('',(136.625,4.95000000000013,11.99990020586));
#6218=CARTESIAN_POINT('',(149.25,35.95,11.99990020586));
#6219=CARTESIAN_POINT('',(145.75,35.95,11.99990020586));
#6220=CARTESIAN_POINT('',(121.125,35.95,11.99990020586));
#6221=CARTESIAN_POINT('',(145.75,39.05,11.99990020586));
#6222=CARTESIAN_POINT('Origin',(145.75,37.5,11.99990020586));
#6223=CARTESIAN_POINT('',(149.25,39.05,11.99990020586));
#6224=CARTESIAN_POINT('',(119.375,39.05,11.99990020586));
#6225=CARTESIAN_POINT('Origin',(149.25,37.5,11.99990020586));
#6226=CARTESIAN_POINT('',(145.75,4.95000000000003,11.99990020586));
#6227=CARTESIAN_POINT('',(145.75,8.05000000000002,11.99990020586));
#6228=CARTESIAN_POINT('Origin',(145.75,6.50000000000003,11.99990020586));
#6229=CARTESIAN_POINT('',(149.25,8.05000000000002,11.99990020586));
#6230=CARTESIAN_POINT('',(119.375,8.05000000000002,11.99990020586));
#6231=CARTESIAN_POINT('',(149.25,4.95000000000003,11.99990020586));
#6232=CARTESIAN_POINT('Origin',(149.25,6.50000000000003,11.99990020586));
#6233=CARTESIAN_POINT('',(121.125,4.95000000000002,11.99990020586));
#6234=CARTESIAN_POINT('',(104.1,20.,11.99990020586));
#6235=CARTESIAN_POINT('Origin',(92.9999999999999,20.,11.99990020586));
#6236=CARTESIAN_POINT('',(132.053191921612,19.2457669059689,11.99990020586));
#6237=CARTESIAN_POINT('',(140.978651474682,19.2,11.99990020586));
#6238=CARTESIAN_POINT('',(116.985341683482,19.3230300296101,11.99990020586));
#6239=CARTESIAN_POINT('',(111.,20.,11.99990020586));
#6240=CARTESIAN_POINT('Origin',(126.,20.,11.99990020586));
#6241=CARTESIAN_POINT('',(119.9,20.,11.99990020586));
#6242=CARTESIAN_POINT('',(106.45,20.,11.99990020586));
#6243=CARTESIAN_POINT('',(132.1,20.,11.99990020586));
#6244=CARTESIAN_POINT('Origin',(126.,20.,11.99990020586));
#6245=CARTESIAN_POINT('Origin',(126.,20.,11.99990020586));
#6246=CARTESIAN_POINT('',(17.9999999999999,14.95,11.99990020586));
#6247=CARTESIAN_POINT('',(17.9999999999999,17.95,11.99990020586));
#6248=CARTESIAN_POINT('',(12.4999999999999,14.95,11.99990020586));
#6249=CARTESIAN_POINT('',(12.4999999999999,14.05,11.99990020586));
#6250=CARTESIAN_POINT('',(52.7499999999999,14.95,11.99990020586));
#6251=CARTESIAN_POINT('',(17.9999999999999,34.95,11.99990020586));
#6252=CARTESIAN_POINT('',(17.9999999999999,27.05,11.99990020586));
#6253=CARTESIAN_POINT('',(17.9999999999999,24.05,11.99990020586));
#6254=CARTESIAN_POINT('',(12.4999999999999,27.05,11.99990020586));
#6255=CARTESIAN_POINT('',(55.4999999999999,27.05,11.99990020586));
#6256=CARTESIAN_POINT('',(12.4999999999999,34.95,11.99990020586));
#6257=CARTESIAN_POINT('',(12.4999999999999,24.05,11.99990020586));
#6258=CARTESIAN_POINT('',(52.7499999999999,34.95,11.99990020586));
#6259=CARTESIAN_POINT('',(173.5,14.95,11.99990020586));
#6260=CARTESIAN_POINT('',(173.5,7.05000000000004,11.99990020586));
#6261=CARTESIAN_POINT('',(173.5,17.95,11.99990020586));
#6262=CARTESIAN_POINT('',(168.,7.05000000000003,11.99990020586));
#6263=CARTESIAN_POINT('',(130.5,7.05000000000004,11.99990020586));
#6264=CARTESIAN_POINT('',(168.,12.3415072987937,11.99990020586));
#6265=CARTESIAN_POINT('',(168.,14.05,11.99990020586));
#6266=CARTESIAN_POINT('',(165.75,12.0828945120436,11.99990020586));
#6267=CARTESIAN_POINT('Origin',(165.75,22.,11.99990020586));
#6268=CARTESIAN_POINT('',(160.75,12.0828945120436,11.99990020586));
#6269=CARTESIAN_POINT('',(129.375,12.0828945120436,11.99990020586));
#6270=CARTESIAN_POINT('',(160.75,31.9171054879565,11.99990020586));
#6271=CARTESIAN_POINT('Origin',(160.75,22.,11.99990020586));
#6272=CARTESIAN_POINT('',(165.75,31.9171054879565,11.99990020586));
#6273=CARTESIAN_POINT('',(126.875,31.9171054879565,11.99990020586));
#6274=CARTESIAN_POINT('',(168.,31.6584927012063,11.99990020586));
#6275=CARTESIAN_POINT('Origin',(165.75,22.,11.99990020586));
#6276=CARTESIAN_POINT('',(168.,34.95,11.99990020586));
#6277=CARTESIAN_POINT('',(168.,27.95,11.99990020586));
#6278=CARTESIAN_POINT('',(173.5,34.95,11.99990020586));
#6279=CARTESIAN_POINT('',(133.25,34.95,11.99990020586));
#6280=CARTESIAN_POINT('',(173.5,28.1876070705286,11.99990020586));
#6281=CARTESIAN_POINT('',(173.5,27.95,11.99990020586));
#6282=CARTESIAN_POINT('',(172.724702951327,14.95,11.99990020586));
#6283=CARTESIAN_POINT('Origin',(165.75,22.,11.99990020586));
#6284=CARTESIAN_POINT('',(133.25,14.95,11.99990020586));
#6285=CARTESIAN_POINT('Origin',(17.9999999999999,27.05,11.99990020586));
#6286=CARTESIAN_POINT('',(17.9999999999999,27.05,2.49990020586004));
#6287=CARTESIAN_POINT('',(17.9999999999999,27.05,11.99990020586));
#6288=CARTESIAN_POINT('',(12.4999999999999,27.05,2.49990020586004));
#6289=CARTESIAN_POINT('',(12.4999999999999,27.05,2.49990020586004));
#6290=CARTESIAN_POINT('',(12.4999999999999,27.05,11.99990020586));
#6291=CARTESIAN_POINT('Origin',(12.4999999999999,14.95,11.99990020586));
#6292=CARTESIAN_POINT('',(12.4999999999999,14.95,2.49990020586004));
#6293=CARTESIAN_POINT('',(12.4999999999999,14.95,11.99990020586));
#6294=CARTESIAN_POINT('',(17.9999999999999,14.95,2.49990020586004));
#6295=CARTESIAN_POINT('',(12.4999999999999,14.95,2.49990020586004));
#6296=CARTESIAN_POINT('',(17.9999999999999,14.95,11.99990020586));
#6297=CARTESIAN_POINT('Origin',(12.4999999999999,34.95,11.99990020586));
#6298=CARTESIAN_POINT('',(12.4999999999999,34.95,2.49990020586004));
#6299=CARTESIAN_POINT('',(12.4999999999999,34.95,11.99990020586));
#6300=CARTESIAN_POINT('',(17.9999999999999,34.95,2.49990020586004));
#6301=CARTESIAN_POINT('',(17.9999999999999,34.95,2.49990020586004));
#6302=CARTESIAN_POINT('',(17.9999999999999,34.95,11.99990020586));
#6303=CARTESIAN_POINT('Origin',(168.,7.05000000000004,11.99990020586));
#6304=CARTESIAN_POINT('',(173.5,7.05000000000004,2.49990020586));
#6305=CARTESIAN_POINT('',(173.5,7.05000000000004,11.99990020586));
#6306=CARTESIAN_POINT('',(168.,7.05000000000003,2.49990020586));
#6307=CARTESIAN_POINT('',(168.,7.05000000000003,2.49990020586));
#6308=CARTESIAN_POINT('',(168.,7.05000000000003,11.99990020586));
#6309=CARTESIAN_POINT('Origin',(173.5,14.95,11.99990020586));
#6310=CARTESIAN_POINT('',(172.724702951327,14.95,10.99990020586));
#6311=CARTESIAN_POINT('',(172.724702951327,14.95,11.99990020586));
#6312=CARTESIAN_POINT('',(168.,14.95,10.99990020586));
#6313=CARTESIAN_POINT('',(168.375,14.95,10.99990020586));
#6314=CARTESIAN_POINT('',(168.,14.95,2.49990020586));
#6315=CARTESIAN_POINT('',(168.,14.95,11.99990020586));
#6316=CARTESIAN_POINT('',(173.5,14.95,2.49990020586));
#6317=CARTESIAN_POINT('',(173.5,14.95,2.49990020586));
#6318=CARTESIAN_POINT('',(173.5,14.95,11.99990020586));
#6319=CARTESIAN_POINT('Origin',(163.25,22.,10.99990020586));
#6320=CARTESIAN_POINT('',(168.,12.3415072987937,10.99990020586));
#6321=CARTESIAN_POINT('',(168.,18.45,10.99990020586));
#6322=CARTESIAN_POINT('',(173.5,28.1876070705286,10.99990020586));
#6323=CARTESIAN_POINT('Origin',(165.75,22.,10.99990020586));
#6324=CARTESIAN_POINT('',(173.5,27.05,10.99990020586));
#6325=CARTESIAN_POINT('',(173.5,24.55,10.99990020586));
#6326=CARTESIAN_POINT('',(168.,27.05,10.99990020586));
#6327=CARTESIAN_POINT('',(165.625,27.05,10.99990020586));
#6328=CARTESIAN_POINT('',(168.,31.6584927012063,10.99990020586));
#6329=CARTESIAN_POINT('',(168.,24.55,10.99990020586));
#6330=CARTESIAN_POINT('',(165.75,31.9171054879565,10.99990020586));
#6331=CARTESIAN_POINT('Origin',(165.75,22.,10.99990020586));
#6332=CARTESIAN_POINT('',(160.75,31.9171054879565,10.99990020586));
#6333=CARTESIAN_POINT('',(165.75,31.9171054879565,10.99990020586));
#6334=CARTESIAN_POINT('',(160.75,12.0828945120436,10.99990020586));
#6335=CARTESIAN_POINT('Origin',(160.75,22.,10.99990020586));
#6336=CARTESIAN_POINT('',(165.75,12.0828945120436,10.99990020586));
#6337=CARTESIAN_POINT('',(160.75,12.0828945120436,10.99990020586));
#6338=CARTESIAN_POINT('Origin',(165.75,22.,10.99990020586));
#6339=CARTESIAN_POINT('',(165.75,24.9886634302665,10.99990020586));
#6340=CARTESIAN_POINT('',(165.75,19.0113365697336,10.99990020586));
#6341=CARTESIAN_POINT('Origin',(165.75,22.,10.99990020586));
#6342=CARTESIAN_POINT('',(160.75,19.0113365697336,10.99990020586));
#6343=CARTESIAN_POINT('',(164.5,19.0113365697336,10.99990020586));
#6344=CARTESIAN_POINT('',(160.75,24.9886634302665,10.99990020586));
#6345=CARTESIAN_POINT('Origin',(160.75,22.,10.99990020586));
#6346=CARTESIAN_POINT('',(162.,24.9886634302665,10.99990020586));
#6347=CARTESIAN_POINT('Origin',(168.,27.05,11.99990020586));
#6348=CARTESIAN_POINT('',(173.5,27.05,2.49990020586));
#6349=CARTESIAN_POINT('',(173.5,27.05,11.99990020586));
#6350=CARTESIAN_POINT('',(168.,27.05,2.49990020586001));
#6351=CARTESIAN_POINT('',(173.5,27.05,2.49990020586));
#6352=CARTESIAN_POINT('',(168.,27.05,11.99990020586));
#6353=CARTESIAN_POINT('Origin',(173.5,34.95,11.99990020586));
#6354=CARTESIAN_POINT('',(168.,34.95,2.49990020586001));
#6355=CARTESIAN_POINT('',(168.,34.95,11.99990020586));
#6356=CARTESIAN_POINT('',(173.5,34.95,2.49990020586));
#6357=CARTESIAN_POINT('',(168.,34.95,2.49990020586001));
#6358=CARTESIAN_POINT('',(173.5,34.95,11.99990020586));
#6359=CARTESIAN_POINT('Origin',(60.0041678247174,20.,12.19990020586));
#6360=CARTESIAN_POINT('',(45.4083356494349,20.5,12.19990020586));
#6361=CARTESIAN_POINT('',(45.03047773084,20.8959185231949,12.19990020586));
#6362=CARTESIAN_POINT('',(48.8229817495546,16.9221428884708,12.19990020586));
#6363=CARTESIAN_POINT('',(74.9999931790903,19.9856952021683,12.19990020586));
#6364=CARTESIAN_POINT('Origin',(60.0018556994437,20.0002723471074,12.19990020586));
#6365=CARTESIAN_POINT('',(67.4969933030823,19.9977546379677,12.19990020586));
#6366=CARTESIAN_POINT('',(53.9205263385716,20.5,12.19990020586));
#6367=CARTESIAN_POINT('Origin',(60.0018556994437,20.0002723471074,12.19990020586));
#6368=CARTESIAN_POINT('',(45.03047773084,20.8959185231949,12.59990020586));
#6369=CARTESIAN_POINT('',(45.03047773084,20.8959185231949,12.19990020586));
#6370=CARTESIAN_POINT('',(45.0306965395725,20.8995686060452,12.5962087438751));
#6371=CARTESIAN_POINT('Origin',(60.0018556994437,20.0002723471074,-1.47503734554208));
#6372=CARTESIAN_POINT('',(74.3633308491361,24.3237399226359,12.5999002058597));
#6373=CARTESIAN_POINT('Ctrl Pts',(74.3633308491252,24.3237399226326,12.59990020586));
#6374=CARTESIAN_POINT('Ctrl Pts',(74.1714486009769,24.9611246353214,12.5998880401334));
#6375=CARTESIAN_POINT('Ctrl Pts',(73.9357394608201,25.589475687316,12.5998702884062));
#6376=CARTESIAN_POINT('Ctrl Pts',(72.8324957895857,28.020204486623,12.5997779356321));
#6377=CARTESIAN_POINT('Ctrl Pts',(71.6224286548442,29.6674300560973,12.5996581411502));
#6378=CARTESIAN_POINT('Ctrl Pts',(68.8714319783708,32.2404455064424,12.5993645155587));
#6379=CARTESIAN_POINT('Ctrl Pts',(67.1471840834854,33.3377558068937,12.5991711191788));
#6380=CARTESIAN_POINT('Ctrl Pts',(63.4026266891496,34.7440486419187,12.5987333732952));
#6381=CARTESIAN_POINT('Ctrl Pts',(61.3823171897388,35.0530311765979,12.5984890234118));
#6382=CARTESIAN_POINT('Ctrl Pts',(57.6179750741933,34.9270150391418,12.5980209848969));
#6383=CARTESIAN_POINT('Ctrl Pts',(55.6230325269976,34.4836893084798,12.5977661007485));
#6384=CARTESIAN_POINT('Ctrl Pts',(51.9811772157359,32.8304000126261,12.5972854608367));
#6385=CARTESIAN_POINT('Ctrl Pts',(50.3342644516992,31.62043644737,12.5970597053117));
#6386=CARTESIAN_POINT('Ctrl Pts',(47.7617296199464,28.869844285566,12.5966914332339));
#6387=CARTESIAN_POINT('Ctrl Pts',(46.6645815998057,27.1459010498271,12.5965243633938));
#6388=CARTESIAN_POINT('Ctrl Pts',(45.4300567899212,23.8591644178799,12.5963119111852));
#6389=CARTESIAN_POINT('Ctrl Pts',(45.1184320453549,22.3601576032588,12.5962461262693));
#6390=CARTESIAN_POINT('Ctrl Pts',(45.0306965395725,20.8995686060452,12.5962087438751));
#6391=CARTESIAN_POINT('',(74.9999931790903,19.9856952021683,12.59990020586));
#6392=CARTESIAN_POINT('Origin',(59.9999999999999,20.,12.59990020586));
#6393=CARTESIAN_POINT('',(74.9999931790903,19.9856952021683,11.99990020586));
#6394=CARTESIAN_POINT('Origin',(136.500000156462,15.,15.69990020586));
#6395=CARTESIAN_POINT('',(133.750000156462,15.,15.69990020586));
#6396=CARTESIAN_POINT('Origin',(136.500000156462,15.,15.69990020586));
#6397=CARTESIAN_POINT('',(133.75000021897,7.4569824311663,15.6993138674775));
#6398=CARTESIAN_POINT('',(133.750000156462,15.,15.69990020586));
#6399=CARTESIAN_POINT('',(139.250000156462,13.2688197396346,15.69990020586));
#6400=CARTESIAN_POINT('Ctrl Pts',(139.250000156462,13.2688197396346,15.69990020586));
#6401=CARTESIAN_POINT('Ctrl Pts',(139.250000156462,13.2688197396346,15.6249814980544));
#6402=CARTESIAN_POINT('Ctrl Pts',(139.246937700726,13.2639175161464,15.5513850105726));
#6403=CARTESIAN_POINT('Ctrl Pts',(139.241141817476,13.2546966061247,15.4793499978528));
#6404=CARTESIAN_POINT('Ctrl Pts',(139.234983320715,13.2448987992925,15.4028081881917));
#6405=CARTESIAN_POINT('Ctrl Pts',(139.225739144018,13.2302250130849,15.3280297285965));
#6406=CARTESIAN_POINT('Ctrl Pts',(139.213812376411,13.21137530487,15.2552393970923));
#6407=CARTESIAN_POINT('Ctrl Pts',(139.202121058021,13.192897713325,15.1838860372084));
#6408=CARTESIAN_POINT('Ctrl Pts',(139.187852509983,13.1704074481282,15.1144426035393));
#6409=CARTESIAN_POINT('Ctrl Pts',(139.171386698672,13.144563919726,15.0470648957707));
#6410=CARTESIAN_POINT('Ctrl Pts',(139.15442348464,13.117939704536,14.9776518279139));
#6411=CARTESIAN_POINT('Ctrl Pts',(139.135128727923,13.0877565739946,14.910431089604));
#6412=CARTESIAN_POINT('Ctrl Pts',(139.113910806151,13.0547355207649,14.8455167349053));
#6413=CARTESIAN_POINT('Ctrl Pts',(139.09269288438,13.0217144675353,14.7806023802065));
#6414=CARTESIAN_POINT('Ctrl Pts',(139.069552171126,12.9858554916174,14.7179940018642));
#6415=CARTESIAN_POINT('Ctrl Pts',(139.044883659322,12.9478795856744,14.6577543634419));
#6416=CARTESIAN_POINT('Ctrl Pts',(139.021262852391,12.9115165675308,14.6000731834799));
#6417=CARTESIAN_POINT('Ctrl Pts',(138.996262329918,12.8732126185421,14.544606472353));
#6418=CARTESIAN_POINT('Ctrl Pts',(138.970155164762,12.8333301713618,14.4912504489131));
#6419=CARTESIAN_POINT('Ctrl Pts',(138.942961423136,12.7917878224482,14.4356737554277));
#6420=CARTESIAN_POINT('Ctrl Pts',(138.914567094,12.7485328473118,14.3823866243686));
#6421=CARTESIAN_POINT('Ctrl Pts',(138.885226453835,12.7039748413518,14.3312528771732));
#6422=CARTESIAN_POINT('Ctrl Pts',(138.855224798532,12.6584129882967,14.2789671380411));
#6423=CARTESIAN_POINT('Ctrl Pts',(138.824233571728,12.6114887311075,14.2289323906499));
#6424=CARTESIAN_POINT('Ctrl Pts',(138.792469614347,12.5636399768624,14.1809914578882));
#6425=CARTESIAN_POINT('Ctrl Pts',(138.759552079501,12.5140534906352,14.1313094454804));
#6426=CARTESIAN_POINT('Ctrl Pts',(138.725804588386,12.4634741377398,14.0838756065615));
#6427=CARTESIAN_POINT('Ctrl Pts',(138.691411596788,12.4123892896016,14.0385104565211));
#6428=CARTESIAN_POINT('Ctrl Pts',(138.663387466936,12.3707642854608,14.0015459821789));
#6429=CARTESIAN_POINT('Ctrl Pts',(138.634933592428,12.3288036662613,13.9659548073842));
#6430=CARTESIAN_POINT('Ctrl Pts',(138.606124307052,12.2867710934387,13.9316408746812));
#6431=CARTESIAN_POINT('Ctrl Pts',(138.573902624641,12.2397598540157,13.8932625314699));
#6432=CARTESIAN_POINT('Ctrl Pts',(138.541279871797,12.1926586059688,13.8565300167497));
#6433=CARTESIAN_POINT('Ctrl Pts',(138.508257860614,12.1453852516013,13.8212301992564));
#6434=CARTESIAN_POINT('Ctrl Pts',(138.474292968035,12.096762095546,13.7849224618921));
#6435=CARTESIAN_POINT('Ctrl Pts',(138.439905409011,12.0479568645107,13.7501300322291));
#6436=CARTESIAN_POINT('Ctrl Pts',(138.405048179269,11.998880225654,13.7166473145725));
#6437=CARTESIAN_POINT('Ctrl Pts',(138.369803075486,11.9492574861927,13.6827920177667));
#6438=CARTESIAN_POINT('Ctrl Pts',(138.334077397293,11.8993572651194,13.6502754457064));
#6439=CARTESIAN_POINT('Ctrl Pts',(138.297778565404,11.8490872141301,13.618916594117));
#6440=CARTESIAN_POINT('Ctrl Pts',(138.261157760531,11.7983712645418,13.5872795874886));
#6441=CARTESIAN_POINT('Ctrl Pts',(138.22395321699,11.7472788951095,13.5568206289342));
#6442=CARTESIAN_POINT('Ctrl Pts',(138.186031167805,11.6957152782613,13.5273902683018));
#6443=CARTESIAN_POINT('Ctrl Pts',(138.151258273896,11.6484336514312,13.5004038888747));
#6444=CARTESIAN_POINT('Ctrl Pts',(138.115881440586,11.6007557948711,13.4742826121918));
#6445=CARTESIAN_POINT('Ctrl Pts',(138.079773221274,11.5526085977457,13.4489410628068));
#6446=CARTESIAN_POINT('Ctrl Pts',(138.025072960867,11.4796705168655,13.4105512065113));
#6447=CARTESIAN_POINT('Ctrl Pts',(137.968735460061,11.4056553391828,13.3739935587596));
#6448=CARTESIAN_POINT('Ctrl Pts',(137.910996082471,11.3309900079901,13.3394785281115));
#6449=CARTESIAN_POINT('Ctrl Pts',(137.853318360475,11.2564044063602,13.3050003535017));
#6450=CARTESIAN_POINT('Ctrl Pts',(137.794242181882,11.1811700389801,13.2725607627089));
#6451=CARTESIAN_POINT('Ctrl Pts',(137.734032966528,11.1057124828992,13.2423276181873));
#6452=CARTESIAN_POINT('Ctrl Pts',(137.673815313351,11.0302443520671,13.212090236741));
#6453=CARTESIAN_POINT('Ctrl Pts',(137.612464783728,10.9545529699736,13.1840601726482));
#6454=CARTESIAN_POINT('Ctrl Pts',(137.550270944109,10.8790640926163,13.1583590842931));
#6455=CARTESIAN_POINT('Ctrl Pts',(137.519930034362,10.8422372745775,13.1458209550032));
#6456=CARTESIAN_POINT('Ctrl Pts',(137.489388741957,10.805458651057,13.1338363797642));
#6457=CARTESIAN_POINT('Ctrl Pts',(137.458682220082,10.7687776536313,13.1224152493778));
#6458=CARTESIAN_POINT('Ctrl Pts',(137.373107553397,10.6665529815811,13.0905861991846));
#6459=CARTESIAN_POINT('Ctrl Pts',(137.286126522165,10.5650865292873,13.0630898738618));
#6460=CARTESIAN_POINT('Ctrl Pts',(137.198201986442,10.4647966164155,13.0400103200542));
#6461=CARTESIAN_POINT('Ctrl Pts',(137.110078524263,10.3642798008155,13.0168785494925));
#6462=CARTESIAN_POINT('Ctrl Pts',(137.021007702696,10.2649448544258,12.9981835425199));
#6463=CARTESIAN_POINT('Ctrl Pts',(136.931456550923,10.1672129426456,12.983957389879));
#6464=CARTESIAN_POINT('Ctrl Pts',(136.841516310845,10.0690563982044,12.9696694264239));
#6465=CARTESIAN_POINT('Ctrl Pts',(136.751091974969,9.97251684859559,12.9598891829857));
#6466=CARTESIAN_POINT('Ctrl Pts',(136.660651404804,9.87802097283437,12.9545967296654));
#6467=CARTESIAN_POINT('Ctrl Pts',(136.585167686807,9.79915260629482,12.9501795300258));
#6468=CARTESIAN_POINT('Ctrl Pts',(136.509672678167,9.72170785152905,12.9488875286222));
#6469=CARTESIAN_POINT('Ctrl Pts',(136.434432476409,9.64593477683095,12.9506819752838));
#6470=CARTESIAN_POINT('Ctrl Pts',(136.390979656324,9.60217421126662,12.9517183064754));
#6471=CARTESIAN_POINT('Ctrl Pts',(136.347630429084,9.5589712026039,12.9537786140767));
#6472=CARTESIAN_POINT('Ctrl Pts',(136.304148341188,9.51611306803762,12.956883241557));
#6473=CARTESIAN_POINT('Ctrl Pts',(136.261116776971,9.47369899228687,12.9599557015803));
#6474=CARTESIAN_POINT('Ctrl Pts',(136.217954683501,9.43162268108336,12.9640510020171));
#6475=CARTESIAN_POINT('Ctrl Pts',(136.174439185281,9.38967799426627,12.9692391038475));
#6476=CARTESIAN_POINT('Ctrl Pts',(136.145653990053,9.36193187970387,12.9726709966252));
#6477=CARTESIAN_POINT('Ctrl Pts',(136.116714289161,9.33424336040872,12.9765820888155));
#6478=CARTESIAN_POINT('Ctrl Pts',(136.087558471273,9.3065527688223,12.9810048683528));
#6479=CARTESIAN_POINT('Ctrl Pts',(136.027572328231,9.24958123078453,12.9901044411032));
#6480=CARTESIAN_POINT('Ctrl Pts',(135.966700823592,9.19260092067416,13.0013726344909));
#6481=CARTESIAN_POINT('Ctrl Pts',(135.905267493969,9.13592579570504,13.0149806427885));
#6482=CARTESIAN_POINT('Ctrl Pts',(135.844393124092,9.07976633729086,13.0284648367183));
#6483=CARTESIAN_POINT('Ctrl Pts',(135.782967550452,9.02390653574334,13.0442467434498));
#6484=CARTESIAN_POINT('Ctrl Pts',(135.721324584541,8.968651856262,13.0624460633783));
#6485=CARTESIAN_POINT('Ctrl Pts',(135.660355138133,8.9140008969896,13.0804465350402));
#6486=CARTESIAN_POINT('Ctrl Pts',(135.599173516523,8.85994190872971,13.1008120423099));
#6487=CARTESIAN_POINT('Ctrl Pts',(135.538114436254,8.8067704530191,13.1236091001693));
#6488=CARTESIAN_POINT('Ctrl Pts',(135.478582712096,8.75492904924193,13.1458359033597));
#6489=CARTESIAN_POINT('Ctrl Pts',(135.419167968032,8.70393133117687,13.1703740650383));
#6490=CARTESIAN_POINT('Ctrl Pts',(135.360184364846,8.65405123066957,13.197237631484));
#6491=CARTESIAN_POINT('Ctrl Pts',(135.299591234389,8.60281001660348,13.2248342430551));
#6492=CARTESIAN_POINT('Ctrl Pts',(135.239414017598,8.55274824673487,13.2549035507495));
#6493=CARTESIAN_POINT('Ctrl Pts',(135.180004951442,8.50402241720339,13.2874092403382));
#6494=CARTESIAN_POINT('Ctrl Pts',(135.122541686733,8.45689248533097,13.3188502840415));
#6495=CARTESIAN_POINT('Ctrl Pts',(135.065797566719,8.41101241586083,13.3525703823117));
#6496=CARTESIAN_POINT('Ctrl Pts',(135.010079836501,8.36652382610293,13.3884856086561));
#6497=CARTESIAN_POINT('Ctrl Pts',(134.954493863018,8.32214043932648,13.4243159056082));
#6498=CARTESIAN_POINT('Ctrl Pts',(134.899929934636,8.27914195912825,13.4623307853469));
#6499=CARTESIAN_POINT('Ctrl Pts',(134.846674062889,8.2376690005369,13.5023987090887));
#6500=CARTESIAN_POINT('Ctrl Pts',(134.793507971178,8.19626595806097,13.5423990853567));
#6501=CARTESIAN_POINT('Ctrl Pts',(134.741645996815,8.15638329800512,13.5844453255887));
#6502=CARTESIAN_POINT('Ctrl Pts',(134.691346401353,8.1181609254396,13.6283617451666));
#6503=CARTESIAN_POINT('Ctrl Pts',(134.685892162797,8.11401628100958,13.6331238238021));
#6504=CARTESIAN_POINT('Ctrl Pts',(134.680456265478,8.10989115850139,13.6379078512816));
#6505=CARTESIAN_POINT('Ctrl Pts',(134.675039016537,8.10578573629348,13.6427135741311));
#6506=CARTESIAN_POINT('Ctrl Pts',(134.632292255304,8.07339041815141,13.6806348676613));
#6507=CARTESIAN_POINT('Ctrl Pts',(134.590697959255,8.04222175290919,13.719908933296));
#6508=CARTESIAN_POINT('Ctrl Pts',(134.550186197472,8.01219019191154,13.7606411913579));
#6509=CARTESIAN_POINT('Ctrl Pts',(134.51010340458,7.98247662758556,13.8009421457493));
#6510=CARTESIAN_POINT('Ctrl Pts',(134.471079975238,7.95387621397447,13.8426710062712));
#6511=CARTESIAN_POINT('Ctrl Pts',(134.433088247965,7.92630221703307,13.8859610771923));
#6512=CARTESIAN_POINT('Ctrl Pts',(134.416309273615,7.91412421354105,13.905080054973));
#6513=CARTESIAN_POINT('Ctrl Pts',(134.399732096623,7.9021464157495,13.9245039241004));
#6514=CARTESIAN_POINT('Ctrl Pts',(134.383357152293,7.89036135197064,13.9442457999753));
#6515=CARTESIAN_POINT('Ctrl Pts',(134.337894376425,7.85764174680042,13.9990563971912));
#6516=CARTESIAN_POINT('Ctrl Pts',(134.293993073535,7.82640777141482,14.0563105857119));
#6517=CARTESIAN_POINT('Ctrl Pts',(134.251852295051,7.79673113187083,14.1161290124002));
#6518=CARTESIAN_POINT('Ctrl Pts',(134.212842819271,7.76925963767534,14.1715025852441));
#6519=CARTESIAN_POINT('Ctrl Pts',(134.17534224967,7.74312263985583,14.2290740583399));
#6520=CARTESIAN_POINT('Ctrl Pts',(134.139559209078,7.71837701827266,14.2889365160672));
#6521=CARTESIAN_POINT('Ctrl Pts',(134.136686893326,7.7163906795631,14.2937416940917));
#6522=CARTESIAN_POINT('Ctrl Pts',(134.133825671853,7.71441330593952,14.2985616294961));
#6523=CARTESIAN_POINT('Ctrl Pts',(134.130975667229,7.71244492682063,14.3033963679084));
#6524=CARTESIAN_POINT('Ctrl Pts',(134.102176567087,7.69255459159495,14.352251066084));
#6525=CARTESIAN_POINT('Ctrl Pts',(134.074529306276,7.67358268192303,14.402614482805));
#6526=CARTESIAN_POINT('Ctrl Pts',(134.048277336526,7.65566701801776,14.4542858135999));
#6527=CARTESIAN_POINT('Ctrl Pts',(134.022233281452,7.63789324553987,14.5055479092741));
#6528=CARTESIAN_POINT('Ctrl Pts',(133.997562859378,7.62115905422396,14.5580969306899));
#6529=CARTESIAN_POINT('Ctrl Pts',(133.974465085719,7.6055990155554,14.6117032538113));
#6530=CARTESIAN_POINT('Ctrl Pts',(133.958829911778,7.59506622937836,14.6479900491851));
#6531=CARTESIAN_POINT('Ctrl Pts',(133.943914531643,7.58507145246471,14.684760612982));
#6532=CARTESIAN_POINT('Ctrl Pts',(133.929769331298,7.5756564246596,14.7219362467191));
#6533=CARTESIAN_POINT('Ctrl Pts',(133.909917884298,7.56244332615769,14.7741087225319));
#6534=CARTESIAN_POINT('Ctrl Pts',(133.89157624341,7.550372070201,14.8271047846581));
#6535=CARTESIAN_POINT('Ctrl Pts',(133.874863823952,7.53941864043613,14.8806571187739));
#6536=CARTESIAN_POINT('Ctrl Pts',(133.858143055719,7.52845973882823,14.9342362052378));
#6537=CARTESIAN_POINT('Ctrl Pts',(133.843053306511,7.51861978052292,14.9883716559282));
#6538=CARTESIAN_POINT('Ctrl Pts',(133.829664594709,7.50987471315631,15.0427792218413));
#6539=CARTESIAN_POINT('Ctrl Pts',(133.818614275961,7.50265700742775,15.087684284742));
#6540=CARTESIAN_POINT('Ctrl Pts',(133.808721803108,7.49618513691592,15.1327742819238));
#6541=CARTESIAN_POINT('Ctrl Pts',(133.800000248145,7.49044557884647,15.1778844062061));
#6542=CARTESIAN_POINT('Ctrl Pts',(133.786480954949,7.48154868274363,15.247809665968));
#6543=CARTESIAN_POINT('Ctrl Pts',(133.775771191541,7.47441139713178,15.3177560743003));
#6544=CARTESIAN_POINT('Ctrl Pts',(133.767777995924,7.46905100148092,15.3877110557156));
#6545=CARTESIAN_POINT('Ctrl Pts',(133.759690890224,7.4636276278635,15.4584879209557));
#6546=CARTESIAN_POINT('Ctrl Pts',(133.754384373049,7.46002314196078,15.5292743276028));
#6547=CARTESIAN_POINT('Ctrl Pts',(133.751812617948,7.45825543946291,15.60007409126));
#6548=CARTESIAN_POINT('Ctrl Pts',(133.750611134136,7.45742959646755,15.6331506349433));
#6549=CARTESIAN_POINT('Ctrl Pts',(133.750007272857,7.45700465210464,15.6662302599217));
#6550=CARTESIAN_POINT('Ctrl Pts',(133.75000021897,7.4569824311663,15.6993138674775));
#6551=CARTESIAN_POINT('Ctrl Pts',(133.75000021897,7.45698243116593,15.6993138680349));
#6552=CARTESIAN_POINT('Ctrl Pts',(133.749985650981,7.4569365395014,15.7676396113387));
#6553=CARTESIAN_POINT('Ctrl Pts',(133.752513223818,7.45860835805944,15.8359899495715));
#6554=CARTESIAN_POINT('Ctrl Pts',(133.757613771523,7.462013960986,15.9043920533725));
#6555=CARTESIAN_POINT('Ctrl Pts',(133.762605658521,7.46534701185766,15.9713369370286));
#6556=CARTESIAN_POINT('Ctrl Pts',(133.770062274433,7.47034076181623,16.0383320642934));
#6557=CARTESIAN_POINT('Ctrl Pts',(133.780059619995,7.47701027942001,16.1053918556953));
#6558=CARTESIAN_POINT('Ctrl Pts',(133.7887693241,7.48282077426457,16.1638144576534));
#6559=CARTESIAN_POINT('Ctrl Pts',(133.79941542855,7.4899031639188,16.2222899725525));
#6560=CARTESIAN_POINT('Ctrl Pts',(133.811993340156,7.49823281310634,16.2805200087383));
#6561=CARTESIAN_POINT('Ctrl Pts',(133.824548262021,7.50654723747043,16.3386436128283));
#6562=CARTESIAN_POINT('Ctrl Pts',(133.839027882933,7.51610436608548,16.3965221272902));
#6563=CARTESIAN_POINT('Ctrl Pts',(133.855376146528,7.52687969851249,16.4538656202393));
#6564=CARTESIAN_POINT('Ctrl Pts',(133.871738538462,7.53766434309388,16.5112586700314));
#6565=CARTESIAN_POINT('Ctrl Pts',(133.889972669799,7.54966929796586,16.5681152779873));
#6566=CARTESIAN_POINT('Ctrl Pts',(133.90997208731,7.56286999911392,16.6241591528049));
#6567=CARTESIAN_POINT('Ctrl Pts',(133.93000683069,7.57609401725239,16.6803020204319));
#6568=CARTESIAN_POINT('Ctrl Pts',(133.951812874952,7.59051800959819,16.7356288200723));
#6569=CARTESIAN_POINT('Ctrl Pts',(133.975235506229,7.60611728174117,16.7898834446911));
#6570=CARTESIAN_POINT('Ctrl Pts',(133.998783630382,7.62180013106643,16.8444287526578));
#6571=CARTESIAN_POINT('Ctrl Pts',(134.023965415779,7.63867088766408,16.8978899425277));
#6572=CARTESIAN_POINT('Ctrl Pts',(134.05057938155,7.65670445807331,16.9500353455268));
#6573=CARTESIAN_POINT('Ctrl Pts',(134.058550990016,7.66210600415604,16.9656543156426));
#6574=CARTESIAN_POINT('Ctrl Pts',(134.066650806298,7.66761187392232,16.981155454537));
#6575=CARTESIAN_POINT('Ctrl Pts',(134.074872716105,7.67322139304653,16.9965331138288));
#6576=CARTESIAN_POINT('Ctrl Pts',(134.10533882911,7.69400734759414,17.0535147053005));
#6577=CARTESIAN_POINT('Ctrl Pts',(134.137506575567,7.71621646727997,17.1088405903767));
#6578=CARTESIAN_POINT('Ctrl Pts',(134.171093452733,7.73962535325517,17.1623274913438));
#6579=CARTESIAN_POINT('Ctrl Pts',(134.205036854256,7.76328272431445,17.2163821552149));
#6580=CARTESIAN_POINT('Ctrl Pts',(134.240429196025,7.78816546786403,17.2685583365765));
#6581=CARTESIAN_POINT('Ctrl Pts',(134.276950993786,7.81404299514202,17.3187122456979));
#6582=CARTESIAN_POINT('Ctrl Pts',(134.290136531107,7.82338561030984,17.3368194113111));
#6583=CARTESIAN_POINT('Ctrl Pts',(134.30346906084,7.8328578896652,17.354663428201));
#6584=CARTESIAN_POINT('Ctrl Pts',(134.316932859974,7.84244898207245,17.3722390408473));
#6585=CARTESIAN_POINT('Ctrl Pts',(134.347065519069,7.86391432888627,17.4115741452231));
#6586=CARTESIAN_POINT('Ctrl Pts',(134.377841139952,7.88597479470616,17.4495535513916));
#6587=CARTESIAN_POINT('Ctrl Pts',(134.40930429517,7.90872815094597,17.4863746152979));
#6588=CARTESIAN_POINT('Ctrl Pts',(134.441182124802,7.93178138921005,17.5236809691572));
#6589=CARTESIAN_POINT('Ctrl Pts',(134.473766049549,7.95554590240422,17.5597986109352));
#6590=CARTESIAN_POINT('Ctrl Pts',(134.507147811799,7.98012337890477,17.5949040402551));
#6591=CARTESIAN_POINT('Ctrl Pts',(134.536664259329,8.00185499960522,17.6259445693545));
#6592=CARTESIAN_POINT('Ctrl Pts',(134.566805285911,8.02422221548918,17.656193454067));
#6593=CARTESIAN_POINT('Ctrl Pts',(134.597660339249,8.04729532339507,17.6857509605357));
#6594=CARTESIAN_POINT('Ctrl Pts',(134.643992801871,8.08194228698691,17.7301350051414));
#6595=CARTESIAN_POINT('Ctrl Pts',(134.691943972058,8.11818093306849,17.7729541908975));
#6596=CARTESIAN_POINT('Ctrl Pts',(134.741288808616,8.15590175325708,17.8140038918124));
#6597=CARTESIAN_POINT('Ctrl Pts',(134.790705803477,8.19367773363244,17.8551136208275));
#6598=CARTESIAN_POINT('Ctrl Pts',(134.841520125067,8.23294022613172,17.8944483561795));
#6599=CARTESIAN_POINT('Ctrl Pts',(134.893473677408,8.27357924125803,17.9318439040971));
#6600=CARTESIAN_POINT('Ctrl Pts',(134.945511102424,8.31428386311815,17.9692998225662));
#6601=CARTESIAN_POINT('Ctrl Pts',(134.998690966041,8.35636945564863,18.0048100429732));
#6602=CARTESIAN_POINT('Ctrl Pts',(135.052728494791,8.39972549579823,18.0382553408482));
#6603=CARTESIAN_POINT('Ctrl Pts',(135.107006807252,8.44327472443033,18.0718496663171));
#6604=CARTESIAN_POINT('Ctrl Pts',(135.162149940597,8.48810574778155,18.1033604553931));
#6605=CARTESIAN_POINT('Ctrl Pts',(135.217851034227,8.53410655878166,18.1327161932198));
#6606=CARTESIAN_POINT('Ctrl Pts',(135.235146301334,8.54838987462919,18.1418311906775));
#6607=CARTESIAN_POINT('Ctrl Pts',(135.252495260117,8.56278597100759,18.1507387830081));
#6608=CARTESIAN_POINT('Ctrl Pts',(135.269888487863,8.57729149489725,18.159437821506));
#6609=CARTESIAN_POINT('Ctrl Pts',(135.330795731431,8.62808663709221,18.1898999337899));
#6610=CARTESIAN_POINT('Ctrl Pts',(135.392309462305,8.68022362951921,18.2178325324985));
#6611=CARTESIAN_POINT('Ctrl Pts',(135.454086917995,8.73339014903823,18.2432376780804));
#6612=CARTESIAN_POINT('Ctrl Pts',(135.516196152056,8.78684220153971,18.2687792630428));
#6613=CARTESIAN_POINT('Ctrl Pts',(135.578571414994,8.84133486906286,18.2917662579105));
#6614=CARTESIAN_POINT('Ctrl Pts',(135.640867626968,8.89655076936167,18.3122537992246));
#6615=CARTESIAN_POINT('Ctrl Pts',(135.703928721709,8.95244461923848,18.3329928898192));
#6616=CARTESIAN_POINT('Ctrl Pts',(135.76690828401,9.00907957085396,18.3511709066363));
#6617=CARTESIAN_POINT('Ctrl Pts',(135.829459785628,9.06612640722691,18.3668976957504));
#6618=CARTESIAN_POINT('Ctrl Pts',(135.886298693504,9.11796337026309,18.3811882162738));
#6619=CARTESIAN_POINT('Ctrl Pts',(135.942784062101,9.17014042159827,18.3934556118638));
#6620=CARTESIAN_POINT('Ctrl Pts',(135.998669107141,9.22241055598331,18.4038172125352));
#6621=CARTESIAN_POINT('Ctrl Pts',(136.050141858668,9.27055380499583,18.4133607334608));
#6622=CARTESIAN_POINT('Ctrl Pts',(136.101070951059,9.31877601892166,18.4212874951707));
#6623=CARTESIAN_POINT('Ctrl Pts',(136.151584928253,9.36722571288321,18.427739429266));
#6624=CARTESIAN_POINT('Ctrl Pts',(136.203195091487,9.4167267966009,18.4343313745122));
#6625=CARTESIAN_POINT('Ctrl Pts',(136.254372417422,9.46646534040715,18.4393838973514));
#6626=CARTESIAN_POINT('Ctrl Pts',(136.305272575686,9.51659973938065,18.4429972091184));
#6627=CARTESIAN_POINT('Ctrl Pts',(136.356547553584,9.56710331907406,18.446637128665));
#6628=CARTESIAN_POINT('Ctrl Pts',(136.407541782787,9.61800860541317,18.4488165700467));
#6629=CARTESIAN_POINT('Ctrl Pts',(136.458425338621,9.66947751848609,18.4495859214503));
#6630=CARTESIAN_POINT('Ctrl Pts',(136.509452090797,9.7210912752119,18.4503574379603));
#6631=CARTESIAN_POINT('Ctrl Pts',(136.560368054087,9.77327183544843,18.4497109155926));
#6632=CARTESIAN_POINT('Ctrl Pts',(136.61134799691,9.82618249015945,18.4476450372495));
#6633=CARTESIAN_POINT('Ctrl Pts',(136.638608656944,9.85447556563953,18.4465403438335));
#6634=CARTESIAN_POINT('Ctrl Pts',(136.665887620749,9.88297740391668,18.4450289154102));
#6635=CARTESIAN_POINT('Ctrl Pts',(136.693211222425,9.91171297238522,18.4431044425127));
#6636=CARTESIAN_POINT('Ctrl Pts',(136.757803710669,9.97964332397157,18.4385550242303));
#6637=CARTESIAN_POINT('Ctrl Pts',(136.822615094957,10.0488798553282,18.4316932115362));
#6638=CARTESIAN_POINT('Ctrl Pts',(136.887334847355,10.1191187058938,18.4224857118139));
#6639=CARTESIAN_POINT('Ctrl Pts',(136.951941841618,10.1892351826628,18.413294253879));
#6640=CARTESIAN_POINT('Ctrl Pts',(137.016456990956,10.2603504890974,18.4017652591132));
#6641=CARTESIAN_POINT('Ctrl Pts',(137.080571476774,10.3321623500761,18.3879174941287));
#6642=CARTESIAN_POINT('Ctrl Pts',(137.14464767977,10.4039313321237,18.3740779976581));
#6643=CARTESIAN_POINT('Ctrl Pts',(137.208323167701,10.476396037137,18.3579225744433));
#6644=CARTESIAN_POINT('Ctrl Pts',(137.271297740638,10.5492547311373,18.3395213977442));
#6645=CARTESIAN_POINT('Ctrl Pts',(137.306430222641,10.5899014022678,18.3292556828839));
#6646=CARTESIAN_POINT('Ctrl Pts',(137.341344746151,10.6306706962142,18.3182919286474));
#6647=CARTESIAN_POINT('Ctrl Pts',(137.375991198269,10.6715102221775,18.3066490803538));
#6648=CARTESIAN_POINT('Ctrl Pts',(137.468431917079,10.7804747742517,18.2755846221051));
#6649=CARTESIAN_POINT('Ctrl Pts',(137.559018896068,10.889939296654,18.2396752094703));
#6650=CARTESIAN_POINT('Ctrl Pts',(137.647492325333,10.9992867405817,18.1990524065832));
#6651=CARTESIAN_POINT('Ctrl Pts',(137.735084819383,11.1075454054839,18.1588340873689));
#6652=CARTESIAN_POINT('Ctrl Pts',(137.820606949837,11.2156893118187,18.1139950615467));
#6653=CARTESIAN_POINT('Ctrl Pts',(137.903782991756,11.3231196598394,18.0646187411903));
#6654=CARTESIAN_POINT('Ctrl Pts',(137.93757154058,11.366761019485,18.0445606310347));
#6655=CARTESIAN_POINT('Ctrl Pts',(137.970972551296,11.4102846261115,18.0237533153266));
#6656=CARTESIAN_POINT('Ctrl Pts',(138.003965682881,11.4536503380453,18.0022007282382));
#6657=CARTESIAN_POINT('Ctrl Pts',(138.059873565193,11.5271348786964,17.9656792025577));
#6658=CARTESIAN_POINT('Ctrl Pts',(138.114601031574,11.6001660349828,17.9270181227683));
#6659=CARTESIAN_POINT('Ctrl Pts',(138.167878689392,11.6722635191218,17.8863770978924));
#6660=CARTESIAN_POINT('Ctrl Pts',(138.208107740228,11.7267030998643,17.8556897530897));
#6661=CARTESIAN_POINT('Ctrl Pts',(138.24751062147,11.7806103471931,17.8238745316799));
#6662=CARTESIAN_POINT('Ctrl Pts',(138.285982664278,11.8337784920621,17.7910162910585));
#6663=CARTESIAN_POINT('Ctrl Pts',(138.317908085536,11.8778992430947,17.7637493954879));
#6664=CARTESIAN_POINT('Ctrl Pts',(138.349194699644,11.921511029704,17.7357693331853));
#6665=CARTESIAN_POINT('Ctrl Pts',(138.380016516353,11.9647881909406,17.7068975866612));
#6666=CARTESIAN_POINT('Ctrl Pts',(138.410407224077,12.0074600285787,17.6784296732213));
#6667=CARTESIAN_POINT('Ctrl Pts',(138.440346312451,12.0498065362801,17.6490945601634));
#6668=CARTESIAN_POINT('Ctrl Pts',(138.469964032259,12.0919948394287,17.6186868870876));
#6669=CARTESIAN_POINT('Ctrl Pts',(138.494444211467,12.1268650869787,17.5935537812635));
#6670=CARTESIAN_POINT('Ctrl Pts',(138.518704310426,12.1616272546316,17.5676872826597));
#6671=CARTESIAN_POINT('Ctrl Pts',(138.542796332079,12.1963757118181,17.5409552796926));
#6672=CARTESIAN_POINT('Ctrl Pts',(138.575515719949,12.2435676106531,17.5046505317464));
#6673=CARTESIAN_POINT('Ctrl Pts',(138.607923299391,12.2907342213953,17.4667514827862));
#6674=CARTESIAN_POINT('Ctrl Pts',(138.639968854291,12.3377357537111,17.4270463989513));
#6675=CARTESIAN_POINT('Ctrl Pts',(138.648471530932,12.3502067136343,17.4165114124337));
#6676=CARTESIAN_POINT('Ctrl Pts',(138.656948452988,12.362666051954,17.4058491921733));
#6677=CARTESIAN_POINT('Ctrl Pts',(138.665398082361,12.3751111574666,17.3950556036076));
#6678=CARTESIAN_POINT('Ctrl Pts',(138.703410457831,12.4310979945984,17.3464984512007));
#6679=CARTESIAN_POINT('Ctrl Pts',(138.740849448814,12.4867967834639,17.2953101978995));
#6680=CARTESIAN_POINT('Ctrl Pts',(138.777343360974,12.5414811907616,17.2413955606578));
#6681=CARTESIAN_POINT('Ctrl Pts',(138.813162476133,12.5951544465587,17.1884778413502));
#6682=CARTESIAN_POINT('Ctrl Pts',(138.848070957168,12.6478504871619,17.1329331984274));
#6683=CARTESIAN_POINT('Ctrl Pts',(138.881681853259,12.6988825300252,17.0747064813558));
#6684=CARTESIAN_POINT('Ctrl Pts',(138.914446637613,12.7486299058483,17.0179455481347));
#6685=CARTESIAN_POINT('Ctrl Pts',(138.945978071928,12.796796007499,16.9586355271016));
#6686=CARTESIAN_POINT('Ctrl Pts',(138.975887045049,12.842744624353,16.8967644901147));
#6687=CARTESIAN_POINT('Ctrl Pts',(138.983447376686,12.8543594257137,16.8811248505829));
#6688=CARTESIAN_POINT('Ctrl Pts',(138.990903893974,12.8658325370292,16.8653217848155));
#6689=CARTESIAN_POINT('Ctrl Pts',(138.998250025439,12.8771536824212,16.8493555517325));
#6690=CARTESIAN_POINT('Ctrl Pts',(139.024160869485,12.9170849624508,16.7930403908383));
#6691=CARTESIAN_POINT('Ctrl Pts',(139.048765264389,12.9551841635781,16.7345554617971));
#6692=CARTESIAN_POINT('Ctrl Pts',(139.071758599637,12.9908652813717,16.6738398908281));
#6693=CARTESIAN_POINT('Ctrl Pts',(139.093956047692,13.025311339335,16.6152259177746));
#6694=CARTESIAN_POINT('Ctrl Pts',(139.114651863815,13.0575038150269,16.5545326763481));
#6695=CARTESIAN_POINT('Ctrl Pts',(139.133533783578,13.086915473571,16.4917339225256));
#6696=CARTESIAN_POINT('Ctrl Pts',(139.149787814921,13.1122337688399,16.4376751760793));
#6697=CARTESIAN_POINT('Ctrl Pts',(139.164697099639,13.1354914231738,16.3820564259303));
#6698=CARTESIAN_POINT('Ctrl Pts',(139.178039984363,13.1563521194598,16.3248823497472));
#6699=CARTESIAN_POINT('Ctrl Pts',(139.192028666325,13.1782224759775,16.2649410413387));
#6700=CARTESIAN_POINT('Ctrl Pts',(139.20431317981,13.1973821625669,16.2031957862594));
#6701=CARTESIAN_POINT('Ctrl Pts',(139.214576681553,13.213397305644,16.1398709883276));
#6702=CARTESIAN_POINT('Ctrl Pts',(139.224730223842,13.2292408682578,16.0772246294275));
#6703=CARTESIAN_POINT('Ctrl Pts',(139.232905348902,13.2420069054307,16.0130326267523));
#6704=CARTESIAN_POINT('Ctrl Pts',(139.23882624454,13.2512753398045,15.9475525009465));
#6705=CARTESIAN_POINT('Ctrl Pts',(139.24467599188,13.2604324002616,15.8828592154834));
#6706=CARTESIAN_POINT('Ctrl Pts',(139.2483249614,13.2661754105991,15.8169089146535));
#6707=CARTESIAN_POINT('Ctrl Pts',(139.249544026745,13.2680992557637,15.7499851875267));
#6708=CARTESIAN_POINT('Ctrl Pts',(139.249847073847,13.2685775038771,15.733348637545));
#6709=CARTESIAN_POINT('Ctrl Pts',(139.250000156462,13.2688197396346,15.716652090539));
#6710=CARTESIAN_POINT('Ctrl Pts',(139.250000156462,13.2688197396346,15.69990020586));
#6711=CARTESIAN_POINT('Origin',(140.991664350565,19.5,12.19990020586));
#6712=CARTESIAN_POINT('',(132.379473661428,19.5,12.49990020586));
#6713=CARTESIAN_POINT('',(140.691664350565,19.5,12.49990020586));
#6714=CARTESIAN_POINT('',(133.493748262924,19.5,12.49990020586));
#6715=CARTESIAN_POINT('',(132.379473661428,19.5,18.89990020586));
#6716=CARTESIAN_POINT('',(132.379473661428,19.5,12.19990020586));
#6717=CARTESIAN_POINT('',(140.691664350565,19.5,18.89990020586));
#6718=CARTESIAN_POINT('',(133.493748262924,19.5,18.89990020586));
#6719=CARTESIAN_POINT('',(140.691664350565,19.5,12.19990020586));
#6720=CARTESIAN_POINT('',(138.186888559862,19.5,15.6982200348221));
#6721=CARTESIAN_POINT('Origin',(136.536888559862,19.5,15.6982200348221));
#6722=CARTESIAN_POINT('Origin',(125.995832175282,20.,12.19990020586));
#6723=CARTESIAN_POINT('',(132.379473830441,20.4999998481155,12.19990020586));
#6724=CARTESIAN_POINT('',(132.047538707556,20.7982954218911,12.19990020586));
#6725=CARTESIAN_POINT('',(130.572001158412,22.1242964669851,12.19990020586));
#6726=CARTESIAN_POINT('',(119.9,20.,12.19990020586));
#6727=CARTESIAN_POINT('Origin',(126.,20.,12.19990020586));
#6728=CARTESIAN_POINT('',(111.,20.,12.19990020586));
#6729=CARTESIAN_POINT('',(122.947916125263,20.,12.19990020586));
#6730=CARTESIAN_POINT('',(140.978666517707,20.7997182949721,12.19990020586));
#6731=CARTESIAN_POINT('Origin',(126.,20.,12.19990020586));
#6732=CARTESIAN_POINT('',(140.691660175363,20.4999956398091,12.19990020586));
#6733=CARTESIAN_POINT('',(137.051999904836,16.6990739205702,12.19990020586));
#6734=CARTESIAN_POINT('',(129.037652918355,20.5,12.19990020586));
#6735=CARTESIAN_POINT('Origin',(45.4083356494349,20.5,12.59990020586));
#6736=CARTESIAN_POINT('',(45.0269981670773,20.8995644008608,12.59990020586));
#6737=CARTESIAN_POINT('',(45.0269981670773,20.8995644008608,12.59990020586));
#6738=CARTESIAN_POINT('Ctrl Pts',(45.0269981670773,20.8995644008608,12.59990020586));
#6739=CARTESIAN_POINT('Ctrl Pts',(45.0288475671433,20.8995665045379,12.5980542606477));
#6740=CARTESIAN_POINT('Ctrl Pts',(45.0306965395726,20.8995686060452,12.5962087438751));
#6741=CARTESIAN_POINT('Origin',(132.213506184492,20.6491477109455,12.19990020586));
#6742=CARTESIAN_POINT('',(132.379473661428,20.5,18.89990020586));
#6743=CARTESIAN_POINT('',(132.379473661428,20.5,12.19990020586));
#6744=CARTESIAN_POINT('',(132.269939554419,20.5984335101818,18.9983337160418));
#6745=CARTESIAN_POINT('',(132.379473661428,20.5,18.89990020586));
#6746=CARTESIAN_POINT('',(132.047538707556,20.7982954218911,18.79990020586));
#6747=CARTESIAN_POINT('Ctrl Pts',(132.047538707556,20.7982954218908,18.7999002058602));
#6748=CARTESIAN_POINT('Ctrl Pts',(132.156959398868,20.6999638334346,18.8955113876999));
#6749=CARTESIAN_POINT('Ctrl Pts',(132.269939554419,20.5984335101818,18.9983337160416));
#6750=CARTESIAN_POINT('',(132.047538707556,20.7982954218909,6.74990020586001));
#6751=CARTESIAN_POINT('Origin',(132.079473661428,20.5,12.19990020586));
#6752=CARTESIAN_POINT('',(140.691664350565,20.5,18.89990020586));
#6753=CARTESIAN_POINT('',(140.691664350565,20.5,12.19990020586));
#6754=CARTESIAN_POINT('',(129.037652918355,20.5,18.89990020586));
#6755=CARTESIAN_POINT('',(134.886888559862,20.5,15.6982200348221));
#6756=CARTESIAN_POINT('Origin',(136.536888559862,20.5,15.6982200348221));
#6757=CARTESIAN_POINT('Origin',(59.9999999999999,20.,6.74990020586003));
#6758=CARTESIAN_POINT('',(66.0999999999999,20.,11.59990020586));
#6759=CARTESIAN_POINT('',(66.0999999999999,20.,11.99990020586));
#6760=CARTESIAN_POINT('',(66.0999999999999,20.,1.49990020586003));
#6761=CARTESIAN_POINT('',(66.0999999999999,20.,6.74990020586003));
#6762=CARTESIAN_POINT('Origin',(59.9999999999999,20.,1.49990020586003));
#6763=CARTESIAN_POINT('',(53.9205263385716,19.5,11.59990020586));
#6764=CARTESIAN_POINT('Origin',(59.9999999999999,20.,11.59990020586));
#6765=CARTESIAN_POINT('',(53.9205263385716,19.5,31.79990020586));
#6766=CARTESIAN_POINT('',(53.9205263385716,19.5,11.99990020586));
#6767=CARTESIAN_POINT('Origin',(59.9999999999999,20.,31.79990020586));
#6768=CARTESIAN_POINT('Origin',(147.5,39.675,4.89990020586001));
#6769=CARTESIAN_POINT('',(151.581844763272,39.05,4.89990020586001));
#6770=CARTESIAN_POINT('',(149.25,40.3,4.89990020586001));
#6771=CARTESIAN_POINT('Origin',(149.25,37.5,4.89990020586001));
#6772=CARTESIAN_POINT('',(143.418155236728,39.05,4.89990020586001));
#6773=CARTESIAN_POINT('',(153.927653057374,39.05,4.89990020586001));
#6774=CARTESIAN_POINT('',(145.75,40.3,4.89990020586001));
#6775=CARTESIAN_POINT('Origin',(145.75,37.5,4.89990020586001));
#6776=CARTESIAN_POINT('',(148.375,40.3,4.89990020586001));
#6777=CARTESIAN_POINT('Origin',(163.,22.,4.99990020586001));
#6778=CARTESIAN_POINT('',(143.418155236728,39.05,4.99990020586001));
#6779=CARTESIAN_POINT('',(145.75,39.05,4.99990020586001));
#6780=CARTESIAN_POINT('',(157.290922381636,39.05,4.99990020586001));
#6781=CARTESIAN_POINT('',(145.75,35.95,4.99990020586001));
#6782=CARTESIAN_POINT('Origin',(145.75,37.5,4.99990020586001));
#6783=CARTESIAN_POINT('',(143.418155236728,35.95,4.99990020586001));
#6784=CARTESIAN_POINT('',(153.209077618364,35.95,4.99990020586001));
#6785=CARTESIAN_POINT('Origin',(145.75,37.5,4.99990020586001));
#6786=CARTESIAN_POINT('Origin',(163.,22.,4.99990020586001));
#6787=CARTESIAN_POINT('',(149.25,39.05,4.99990020586001));
#6788=CARTESIAN_POINT('',(151.581844763272,39.05,4.99990020586001));
#6789=CARTESIAN_POINT('',(157.290922381636,39.05,4.99990020586001));
#6790=CARTESIAN_POINT('',(151.581844763272,35.95,4.99990020586001));
#6791=CARTESIAN_POINT('Origin',(149.25,37.5,4.99990020586001));
#6792=CARTESIAN_POINT('',(149.25,35.95,4.99990020586001));
#6793=CARTESIAN_POINT('',(153.209077618364,35.95,4.99990020586001));
#6794=CARTESIAN_POINT('Origin',(149.25,37.5,4.99990020586001));
#6795=CARTESIAN_POINT('Origin',(149.25,37.5,-9.97941399892288E-5));
#6796=CARTESIAN_POINT('',(151.581844763272,39.05,-9.97941399897466E-5));
#6797=CARTESIAN_POINT('',(149.25,40.3,-9.97941399892288E-5));
#6798=CARTESIAN_POINT('',(149.25,40.3,-9.97941399892288E-5));
#6799=CARTESIAN_POINT('',(149.25,34.7,-9.97941399892288E-5));
#6800=CARTESIAN_POINT('Origin',(149.25,37.5,-9.97941399892288E-5));
#6801=CARTESIAN_POINT('',(149.25,34.7,4.89990020586001));
#6802=CARTESIAN_POINT('',(149.25,34.7,-9.97941399892288E-5));
#6803=CARTESIAN_POINT('',(151.581844763272,35.95,4.89990020586001));
#6804=CARTESIAN_POINT('Origin',(149.25,37.5,4.89990020586001));
#6805=CARTESIAN_POINT('',(151.581844763272,35.95,-9.97941399897466E-5));
#6806=CARTESIAN_POINT('Origin',(145.75,37.5,-9.97941399884517E-5));
#6807=CARTESIAN_POINT('',(143.418155236728,39.05,-9.97941399879339E-5));
#6808=CARTESIAN_POINT('',(143.418155236728,35.95,4.89990020586001));
#6809=CARTESIAN_POINT('',(143.418155236728,35.95,-9.97941399879339E-5));
#6810=CARTESIAN_POINT('',(145.75,34.7,4.89990020586001));
#6811=CARTESIAN_POINT('Origin',(145.75,37.5,4.89990020586001));
#6812=CARTESIAN_POINT('',(145.75,34.7,-9.97941399884517E-5));
#6813=CARTESIAN_POINT('',(145.75,34.7,-9.97941399884517E-5));
#6814=CARTESIAN_POINT('',(145.75,40.3,-9.97941399884517E-5));
#6815=CARTESIAN_POINT('Origin',(145.75,37.5,-9.97941399884517E-5));
#6816=CARTESIAN_POINT('',(145.75,40.3,-9.97941399884517E-5));
#6817=CARTESIAN_POINT('Origin',(178.5,4.32500000000004,4.89990020586));
#6818=CARTESIAN_POINT('',(174.418155236728,4.95000000000004,4.89990020586));
#6819=CARTESIAN_POINT('',(182.581844763272,4.95000000000004,4.89990020586));
#6820=CARTESIAN_POINT('',(172.612647903093,4.95000000000004,4.89990020586));
#6821=CARTESIAN_POINT('',(180.25,3.70000000000004,4.89990020586));
#6822=CARTESIAN_POINT('Origin',(180.25,6.50000000000004,4.89990020586));
#6823=CARTESIAN_POINT('',(176.75,3.70000000000004,4.89990020586));
#6824=CARTESIAN_POINT('',(177.625,3.70000000000004,4.89990020586));
#6825=CARTESIAN_POINT('Origin',(176.75,6.50000000000004,4.89990020586));
#6826=CARTESIAN_POINT('Origin',(180.25,6.50000000000004,-9.97941400005531E-5));
#6827=CARTESIAN_POINT('',(182.581844763272,4.95000000000004,4.99990020586));
#6828=CARTESIAN_POINT('',(182.581844763272,4.95000000000004,-9.97941400010709E-5));
#6829=CARTESIAN_POINT('',(182.581844763272,8.05000000000003,4.99990020586));
#6830=CARTESIAN_POINT('Origin',(180.25,6.50000000000004,4.99990020586));
#6831=CARTESIAN_POINT('',(182.581844763272,8.05000000000003,4.89990020586));
#6832=CARTESIAN_POINT('',(182.581844763272,8.05000000000003,-9.97941400010709E-5));
#6833=CARTESIAN_POINT('',(180.25,9.30000000000003,4.89990020586));
#6834=CARTESIAN_POINT('Origin',(180.25,6.50000000000004,4.89990020586));
#6835=CARTESIAN_POINT('',(180.25,9.30000000000003,-9.97941400005531E-5));
#6836=CARTESIAN_POINT('',(180.25,9.30000000000003,-9.97941400005531E-5));
#6837=CARTESIAN_POINT('',(180.25,3.70000000000004,-9.97941400005531E-5));
#6838=CARTESIAN_POINT('Origin',(180.25,6.50000000000004,-9.97941400005531E-5));
#6839=CARTESIAN_POINT('',(180.25,3.70000000000004,-9.97941400005531E-5));
#6840=CARTESIAN_POINT('Origin',(163.,22.,4.99990020586001));
#6841=CARTESIAN_POINT('',(176.75,4.95000000000004,4.99990020586));
#6842=CARTESIAN_POINT('',(174.418155236728,4.95000000000004,4.99990020586));
#6843=CARTESIAN_POINT('',(168.709077618364,4.95000000000003,4.99990020586));
#6844=CARTESIAN_POINT('',(174.418155236728,8.05000000000003,4.99990020586));
#6845=CARTESIAN_POINT('Origin',(176.75,6.50000000000004,4.99990020586));
#6846=CARTESIAN_POINT('',(176.75,8.05000000000003,4.99990020586));
#6847=CARTESIAN_POINT('',(172.790922381636,8.05000000000003,4.99990020586));
#6848=CARTESIAN_POINT('Origin',(176.75,6.50000000000004,4.99990020586));
#6849=CARTESIAN_POINT('Origin',(163.,22.,4.99990020586001));
#6850=CARTESIAN_POINT('',(180.25,4.95000000000004,4.99990020586));
#6851=CARTESIAN_POINT('',(168.709077618364,4.95000000000003,4.99990020586));
#6852=CARTESIAN_POINT('',(180.25,8.05000000000003,4.99990020586));
#6853=CARTESIAN_POINT('Origin',(180.25,6.50000000000004,4.99990020586));
#6854=CARTESIAN_POINT('',(172.790922381636,8.05000000000003,4.99990020586));
#6855=CARTESIAN_POINT('Origin',(147.5,8.67500000000002,4.89990020586001));
#6856=CARTESIAN_POINT('',(151.581844763272,8.05000000000003,4.89990020586001));
#6857=CARTESIAN_POINT('',(149.25,9.30000000000002,4.89990020586001));
#6858=CARTESIAN_POINT('Origin',(149.25,6.50000000000003,4.89990020586001));
#6859=CARTESIAN_POINT('',(143.418155236728,8.05000000000002,4.89990020586001));
#6860=CARTESIAN_POINT('',(152.638806234538,8.05000000000003,4.89990020586001));
#6861=CARTESIAN_POINT('',(145.75,9.30000000000002,4.89990020586001));
#6862=CARTESIAN_POINT('Origin',(145.75,6.50000000000003,4.89990020586001));
#6863=CARTESIAN_POINT('',(148.375,9.30000000000002,4.89990020586001));
#6864=CARTESIAN_POINT('Origin',(163.,22.,4.99990020586001));
#6865=CARTESIAN_POINT('',(143.418155236728,8.05000000000002,4.99990020586001));
#6866=CARTESIAN_POINT('',(145.75,8.05000000000002,4.99990020586001));
#6867=CARTESIAN_POINT('',(157.290922381636,8.05000000000003,4.99990020586001));
#6868=CARTESIAN_POINT('',(145.75,4.95000000000003,4.99990020586001));
#6869=CARTESIAN_POINT('Origin',(145.75,6.50000000000003,4.99990020586001));
#6870=CARTESIAN_POINT('',(143.418155236728,4.95000000000003,4.99990020586001));
#6871=CARTESIAN_POINT('',(153.209077618364,4.95000000000003,4.99990020586001));
#6872=CARTESIAN_POINT('Origin',(145.75,6.50000000000003,4.99990020586001));
#6873=CARTESIAN_POINT('Origin',(163.,22.,4.99990020586001));
#6874=CARTESIAN_POINT('',(149.25,8.05000000000002,4.99990020586001));
#6875=CARTESIAN_POINT('',(151.581844763272,8.05000000000003,4.99990020586001));
#6876=CARTESIAN_POINT('',(157.290922381636,8.05000000000003,4.99990020586001));
#6877=CARTESIAN_POINT('',(151.581844763272,4.95000000000003,4.99990020586001));
#6878=CARTESIAN_POINT('Origin',(149.25,6.50000000000003,4.99990020586001));
#6879=CARTESIAN_POINT('',(149.25,4.95000000000003,4.99990020586001));
#6880=CARTESIAN_POINT('',(153.209077618364,4.95000000000003,4.99990020586001));
#6881=CARTESIAN_POINT('Origin',(149.25,6.50000000000003,4.99990020586001));
#6882=CARTESIAN_POINT('Origin',(149.25,6.50000000000003,-9.97941399936697E-5));
#6883=CARTESIAN_POINT('',(151.581844763272,8.05000000000003,-9.97941399941875E-5));
#6884=CARTESIAN_POINT('',(149.25,9.30000000000002,-9.97941399936697E-5));
#6885=CARTESIAN_POINT('',(149.25,9.30000000000002,-9.97941399936697E-5));
#6886=CARTESIAN_POINT('',(149.25,3.70000000000003,-9.97941399936697E-5));
#6887=CARTESIAN_POINT('Origin',(149.25,6.50000000000003,-9.97941399936697E-5));
#6888=CARTESIAN_POINT('',(149.25,3.70000000000003,4.89990020586001));
#6889=CARTESIAN_POINT('',(149.25,3.70000000000003,-9.97941399936697E-5));
#6890=CARTESIAN_POINT('',(151.581844763272,4.95000000000003,4.89990020586001));
#6891=CARTESIAN_POINT('Origin',(149.25,6.50000000000003,4.89990020586001));
#6892=CARTESIAN_POINT('',(151.581844763272,4.95000000000003,-9.97941399941875E-5));
#6893=CARTESIAN_POINT('Origin',(145.75,6.50000000000003,-9.97941399928925E-5));
#6894=CARTESIAN_POINT('',(143.418155236728,8.05000000000002,-9.97941399923748E-5));
#6895=CARTESIAN_POINT('',(143.418155236728,4.95000000000003,4.89990020586001));
#6896=CARTESIAN_POINT('',(143.418155236728,4.95000000000003,-9.97941399923748E-5));
#6897=CARTESIAN_POINT('',(145.75,3.70000000000003,4.89990020586001));
#6898=CARTESIAN_POINT('Origin',(145.75,6.50000000000003,4.89990020586001));
#6899=CARTESIAN_POINT('',(145.75,3.70000000000003,-9.97941399928925E-5));
#6900=CARTESIAN_POINT('',(145.75,3.70000000000003,-9.97941399928925E-5));
#6901=CARTESIAN_POINT('',(145.75,9.30000000000002,-9.97941399928925E-5));
#6902=CARTESIAN_POINT('Origin',(145.75,6.50000000000003,-9.97941399928925E-5));
#6903=CARTESIAN_POINT('',(145.75,9.30000000000002,-9.97941399928925E-5));
#6904=CARTESIAN_POINT('Origin',(178.5,35.325,4.89990020586001));
#6905=CARTESIAN_POINT('',(174.418155236728,35.95,4.89990020586001));
#6906=CARTESIAN_POINT('',(182.581844763272,35.95,4.89990020586));
#6907=CARTESIAN_POINT('',(173.201155935357,35.95,4.89990020586001));
#6908=CARTESIAN_POINT('',(180.25,34.7,4.89990020586001));
#6909=CARTESIAN_POINT('Origin',(180.25,37.5,4.89990020586001));
#6910=CARTESIAN_POINT('',(176.75,34.7,4.89990020586001));
#6911=CARTESIAN_POINT('',(177.625,34.7,4.89990020586001));
#6912=CARTESIAN_POINT('Origin',(176.75,37.5,4.89990020586001));
#6913=CARTESIAN_POINT('Origin',(163.,22.,4.99990020586001));
#6914=CARTESIAN_POINT('',(182.581844763272,35.95,4.99990020586));
#6915=CARTESIAN_POINT('',(180.25,35.95,4.99990020586));
#6916=CARTESIAN_POINT('',(168.709077618364,35.95,4.99990020586001));
#6917=CARTESIAN_POINT('',(181.717140075112,38.,4.99990020586));
#6918=CARTESIAN_POINT('Origin',(180.25,37.5,4.99990020586));
#6919=CARTESIAN_POINT('',(182.291287847478,38.,4.99990020586));
#6920=CARTESIAN_POINT('',(171.5,38.,4.99990020586001));
#6921=CARTESIAN_POINT('',(182.291287847478,39.05,4.99990020586));
#6922=CARTESIAN_POINT('',(182.291287847478,41.,4.99990020586));
#6923=CARTESIAN_POINT('',(182.291287847478,39.416544787825,4.99990020586));
#6924=CARTESIAN_POINT('',(182.291287847478,41.,4.99990020586));
#6925=CARTESIAN_POINT('Origin',(180.25,37.5,4.99990020586));
#6926=CARTESIAN_POINT('Origin',(163.,22.,4.99990020586001));
#6927=CARTESIAN_POINT('',(176.75,35.95,4.99990020586));
#6928=CARTESIAN_POINT('',(174.418155236728,35.95,4.99990020586));
#6929=CARTESIAN_POINT('',(168.709077618364,35.95,4.99990020586001));
#6930=CARTESIAN_POINT('',(174.418155236728,39.05,4.99990020586001));
#6931=CARTESIAN_POINT('Origin',(176.75,37.5,4.99990020586001));
#6932=CARTESIAN_POINT('',(176.75,39.05,4.99990020586001));
#6933=CARTESIAN_POINT('',(172.645643923739,39.05,4.99990020586001));
#6934=CARTESIAN_POINT('Origin',(176.75,37.5,4.99990020586001));
#6935=CARTESIAN_POINT('Origin',(176.75,37.5,-9.9794139995335E-5));
#6936=CARTESIAN_POINT('',(174.418155236728,35.95,-9.97941399948173E-5));
#6937=CARTESIAN_POINT('',(176.75,34.7,-9.9794139995335E-5));
#6938=CARTESIAN_POINT('',(176.75,34.7,-9.9794139995335E-5));
#6939=CARTESIAN_POINT('',(176.75,40.3,-9.9794139995335E-5));
#6940=CARTESIAN_POINT('Origin',(176.75,37.5,-9.9794139995335E-5));
#6941=CARTESIAN_POINT('',(176.75,40.3,4.89990020586001));
#6942=CARTESIAN_POINT('',(176.75,40.3,-9.9794139995335E-5));
#6943=CARTESIAN_POINT('',(174.418155236728,39.05,4.89990020586001));
#6944=CARTESIAN_POINT('Origin',(176.75,37.5,4.89990020586001));
#6945=CARTESIAN_POINT('',(174.418155236728,39.05,-9.97941399948173E-5));
#6946=CARTESIAN_POINT('Origin',(176.75,34.7,-9.9794139995335E-5));
#6947=CARTESIAN_POINT('',(180.25,34.7,-9.97941399961122E-5));
#6948=CARTESIAN_POINT('',(180.25,34.7,-9.97941399961122E-5));
#6949=CARTESIAN_POINT('',(134.875,34.7000000000001,-9.97941399860369E-5));
#6950=CARTESIAN_POINT('Origin',(147.5,35.325,4.89990020586001));
#6951=CARTESIAN_POINT('',(146.625,34.7,4.89990020586001));
#6952=CARTESIAN_POINT('',(153.869533019865,35.95,4.89990020586001));
#6953=CARTESIAN_POINT('Origin',(145.75,34.7,-9.97941399884517E-5));
#6954=CARTESIAN_POINT('',(119.375,34.7,-9.97941399825952E-5));
#6955=CARTESIAN_POINT('Origin',(176.75,6.50000000000004,4.99990020586));
#6956=CARTESIAN_POINT('',(175.959733315586,9.18616428527834,4.99990020586));
#6957=CARTESIAN_POINT('',(176.75,9.30000000000003,4.90228250951971));
#6958=CARTESIAN_POINT('Ctrl Pts',(175.959733315586,9.18616428527843,4.99990020585992));
#6959=CARTESIAN_POINT('Ctrl Pts',(176.014678154575,9.20232899864747,4.98524013864642));
#6960=CARTESIAN_POINT('Ctrl Pts',(176.070856545011,9.21701515286421,4.97227591847162));
#6961=CARTESIAN_POINT('Ctrl Pts',(176.333860101384,9.27696021857296,4.92023609564891));
#6962=CARTESIAN_POINT('Ctrl Pts',(176.550175204387,9.30000000000002,4.90228250951971));
#6963=CARTESIAN_POINT('Ctrl Pts',(176.75,9.30000000000002,4.90228250951971));
#6964=CARTESIAN_POINT('',(176.75,9.30000000000003,4.99990020586));
#6965=CARTESIAN_POINT('Origin',(176.75,6.50000000000004,4.99990020586));
#6966=CARTESIAN_POINT('',(176.75,9.30000000000003,4.99990020586));
#6967=CARTESIAN_POINT('Origin',(178.5,8.67500000000003,4.99990020586));
#6968=CARTESIAN_POINT('',(181.040266684414,9.18616428527834,4.99990020586));
#6969=CARTESIAN_POINT('',(176.,9.18616428527834,4.99990020586));
#6970=CARTESIAN_POINT('',(180.25,9.30000000000003,4.99990020586));
#6971=CARTESIAN_POINT('Origin',(180.25,6.50000000000004,4.99990020586));
#6972=CARTESIAN_POINT('',(180.25,9.30000000000003,4.99990020586));
#6973=CARTESIAN_POINT('Origin',(176.75,9.30000000000003,4.99990020586));
#6974=CARTESIAN_POINT('',(180.25,9.30000000000003,4.9022825095197));
#6975=CARTESIAN_POINT('',(176.,9.30000000000003,4.90228250951971));
#6976=CARTESIAN_POINT('',(180.25,9.30000000000003,4.99990020586));
#6977=CARTESIAN_POINT('Origin',(180.25,6.50000000000004,4.99990020586));
#6978=CARTESIAN_POINT('Ctrl Pts',(180.25,9.30000000000003,4.9022825095197));
#6979=CARTESIAN_POINT('Ctrl Pts',(180.449824795612,9.30000000000003,4.9022825095197));
#6980=CARTESIAN_POINT('Ctrl Pts',(180.666139898616,9.27696021857296,4.9202360956489));
#6981=CARTESIAN_POINT('Ctrl Pts',(180.929143454989,9.21701515286421,4.97227591847162));
#6982=CARTESIAN_POINT('Ctrl Pts',(180.985321845425,9.20232899864747,4.98524013864642));
#6983=CARTESIAN_POINT('Ctrl Pts',(181.040266684414,9.18616428527843,4.99990020585992));
#6984=CARTESIAN_POINT('Origin',(178.5,8.67500000000003,4.89990020586));
#6985=CARTESIAN_POINT('',(174.418155236728,8.05000000000003,4.89990020586));
#6986=CARTESIAN_POINT('',(172.961368128145,8.05000000000003,4.89990020586));
#6987=CARTESIAN_POINT('',(176.75,9.30000000000003,4.89990020586));
#6988=CARTESIAN_POINT('Origin',(176.75,6.50000000000004,4.89990020586));
#6989=CARTESIAN_POINT('',(179.375,9.30000000000003,4.89990020586));
#6990=CARTESIAN_POINT('Origin',(147.5,4.32500000000003,4.89990020586001));
#6991=CARTESIAN_POINT('',(152.173845934469,4.95000000000003,4.89990020586001));
#6992=CARTESIAN_POINT('',(146.625,3.70000000000003,4.89990020586001));
#6993=CARTESIAN_POINT('Origin',(176.75,40.3,4.99990020586001));
#6994=CARTESIAN_POINT('',(177.708712152522,40.3,4.99990020586001));
#6995=CARTESIAN_POINT('',(177.755005567936,40.3,4.89990020586001));
#6996=CARTESIAN_POINT('Origin',(180.,40.3,5.99990020586));
#6997=CARTESIAN_POINT('',(180.25,40.3,4.99990020586));
#6998=CARTESIAN_POINT('',(180.25,40.3,4.99990020586));
#6999=CARTESIAN_POINT('',(180.25,40.3,4.89990020586001));
#7000=CARTESIAN_POINT('',(180.25,40.3,4.99990020586));
#7001=CARTESIAN_POINT('',(180.25,40.3,4.89990020586001));
#7002=CARTESIAN_POINT('Origin',(182.291287847478,39.416544787825,4.99990020586));
#7003=CARTESIAN_POINT('',(182.291287847478,41.,4.99990020586));
#7004=CARTESIAN_POINT('',(182.291287847478,39.05,4.89990020586001));
#7005=CARTESIAN_POINT('',(182.291287847478,39.05,4.99990020586));
#7006=CARTESIAN_POINT('',(182.291287847478,39.416544787825,4.89990020586001));
#7007=CARTESIAN_POINT('',(182.291287847478,39.416544787825,4.89990020586001));
#7008=CARTESIAN_POINT('',(182.291287847478,39.416544787825,-9.97941399965654E-5));
#7009=CARTESIAN_POINT('Origin',(180.25,37.5,4.99990020586));
#7010=CARTESIAN_POINT('',(182.244994432064,39.4646875619376,4.89990020586001));
#7011=CARTESIAN_POINT('Ctrl Pts',(182.244994432064,39.4646875619377,4.89990020585987));
#7012=CARTESIAN_POINT('Ctrl Pts',(182.261127001005,39.4483061352749,4.93282523081096));
#7013=CARTESIAN_POINT('Ctrl Pts',(182.276565890313,39.4322249599989,4.96616796431665));
#7014=CARTESIAN_POINT('Ctrl Pts',(182.291287847478,39.416544787825,4.99990020586001));
#7015=CARTESIAN_POINT('Origin',(180.25,37.5,4.89990020586001));
#7016=CARTESIAN_POINT('Origin',(180.25,37.5,4.99990020586));
#7017=CARTESIAN_POINT('Origin',(178.354721542103,39.675,4.89990020586001));
#7018=CARTESIAN_POINT('Origin',(180.25,37.5,4.89990020586001));
#7019=CARTESIAN_POINT('',(172.503715485253,39.05,4.89990020586001));
#7020=CARTESIAN_POINT('',(179.302360771051,40.3,4.89990020586001));
#7021=CARTESIAN_POINT('Origin',(178.354721542103,39.675,4.99990020586001));
#7022=CARTESIAN_POINT('',(177.708712152522,39.05,4.99990020586001));
#7023=CARTESIAN_POINT('',(177.708712152522,41.,4.99990020586001));
#7024=CARTESIAN_POINT('',(172.503715485253,39.05,4.99990020586001));
#7025=CARTESIAN_POINT('Origin',(180.25,40.3,-9.97941399961122E-5));
#7026=CARTESIAN_POINT('',(180.25,40.3,-9.97941399961122E-5));
#7027=CARTESIAN_POINT('',(136.625,40.3,-9.97941399864255E-5));
#7028=CARTESIAN_POINT('',(180.25,40.3,3.51243161309346));
#7029=CARTESIAN_POINT('',(180.25,40.3,-9.97941399961122E-5));
#7030=CARTESIAN_POINT('',(180.,40.3,3.49990020586));
#7031=CARTESIAN_POINT('Origin',(180.,40.3,5.99990020586));
#7032=CARTESIAN_POINT('Origin',(180.,40.3,5.99990020586));
#7033=CARTESIAN_POINT('Origin',(149.25,9.30000000000002,-9.97941399936697E-5));
#7034=CARTESIAN_POINT('',(121.125,9.30000000000002,-9.97941399874247E-5));
#7035=CARTESIAN_POINT('Origin',(145.75,3.70000000000003,-9.97941399928925E-5));
#7036=CARTESIAN_POINT('',(119.375,3.70000000000002,-9.97941399870361E-5));
#7037=CARTESIAN_POINT('Origin',(149.25,40.3,-9.97941399892288E-5));
#7038=CARTESIAN_POINT('',(121.125,40.3,-9.97941399829838E-5));
#7039=CARTESIAN_POINT('Origin',(176.75,3.70000000000004,-9.97941399997759E-5));
#7040=CARTESIAN_POINT('',(176.75,3.70000000000004,-9.97941399997759E-5));
#7041=CARTESIAN_POINT('',(134.875,3.70000000000003,-9.97941399904778E-5));
#7042=CARTESIAN_POINT('',(176.75,3.70000000000004,-9.97941399997759E-5));
#7043=CARTESIAN_POINT('Origin',(176.75,6.50000000000004,-9.97941399997759E-5));
#7044=CARTESIAN_POINT('',(176.75,9.30000000000003,-9.97941399997759E-5));
#7045=CARTESIAN_POINT('Origin',(176.75,6.50000000000004,-9.97941399997759E-5));
#7046=CARTESIAN_POINT('',(176.75,9.30000000000003,-9.97941399997759E-5));
#7047=CARTESIAN_POINT('',(174.418155236728,8.05000000000003,-9.97941399992582E-5));
#7048=CARTESIAN_POINT('',(174.418155236728,4.95000000000004,-9.97941399992582E-5));
#7049=CARTESIAN_POINT('Origin',(180.25,9.30000000000003,-9.97941400005531E-5));
#7050=CARTESIAN_POINT('',(136.625,9.29999999999993,-9.97941399908664E-5));
#7051=CARTESIAN_POINT('Origin',(180.25,37.5,-9.97941399961122E-5));
#7052=CARTESIAN_POINT('',(182.581844763272,35.95,-9.979413999663E-5));
#7053=CARTESIAN_POINT('Ctrl Pts',(180.25,40.3,3.51243161309346));
#7054=CARTESIAN_POINT('Ctrl Pts',(180.494396996663,40.3,3.53699443545165));
#7055=CARTESIAN_POINT('Ctrl Pts',(180.740190133659,40.2667245074953,3.5993565024092));
#7056=CARTESIAN_POINT('Ctrl Pts',(181.271569147118,40.125960898561,3.8222416272157));
#7057=CARTESIAN_POINT('Ctrl Pts',(181.542343445825,39.9964547392727,4.01027110279021));
#7058=CARTESIAN_POINT('Ctrl Pts',(181.948347621767,39.7381107135741,4.4096471343709));
#7059=CARTESIAN_POINT('Ctrl Pts',(182.118640346677,39.5929907597084,4.64202364389279));
#7060=CARTESIAN_POINT('Ctrl Pts',(182.244994432064,39.4646875619377,4.89990020585988));
#7061=CARTESIAN_POINT('Origin',(180.25,37.5,-9.97941399961122E-5));
#7062=CARTESIAN_POINT('Origin',(145.75,8.05000000000002,11.99990020586));
#7063=CARTESIAN_POINT('',(149.25,8.05000000000002,11.99990020586));
#7064=CARTESIAN_POINT('',(145.75,8.05000000000002,11.99990020586));
#7065=CARTESIAN_POINT('Origin',(149.25,6.50000000000003,11.99990020586));
#7066=CARTESIAN_POINT('',(149.25,4.95000000000003,11.99990020586));
#7067=CARTESIAN_POINT('Origin',(145.75,37.5,11.99990020586));
#7068=CARTESIAN_POINT('',(145.75,39.05,11.99990020586));
#7069=CARTESIAN_POINT('',(145.75,35.95,11.99990020586));
#7070=CARTESIAN_POINT('Origin',(145.75,39.05,11.99990020586));
#7071=CARTESIAN_POINT('',(149.25,39.05,11.99990020586));
#7072=CARTESIAN_POINT('Origin',(176.75,8.05000000000003,11.99990020586));
#7073=CARTESIAN_POINT('',(180.25,8.05000000000003,11.99990020586));
#7074=CARTESIAN_POINT('',(176.75,8.05000000000003,11.99990020586));
#7075=CARTESIAN_POINT('Origin',(180.25,6.50000000000004,11.99990020586));
#7076=CARTESIAN_POINT('',(180.25,4.95000000000004,11.99990020586));
#7077=CARTESIAN_POINT('Origin',(176.75,37.5,11.99990020586));
#7078=CARTESIAN_POINT('',(176.75,39.05,11.99990020586));
#7079=CARTESIAN_POINT('',(176.75,35.95,11.99990020586));
#7080=CARTESIAN_POINT('Origin',(176.75,39.05,11.99990020586));
#7081=CARTESIAN_POINT('',(180.25,39.05,8.48736879862656));
#7082=CARTESIAN_POINT('Origin',(180.,39.05,5.99990020586));
#7083=CARTESIAN_POINT('',(180.25,39.05,11.99990020586));
#7084=CARTESIAN_POINT('Origin',(180.,41.,5.99990020586));
#7085=CARTESIAN_POINT('',(180.,43.,8.49990020586));
#7086=CARTESIAN_POINT('',(180.,43.,3.49990020586));
#7087=CARTESIAN_POINT('Origin',(180.,43.,5.99990020586));
#7088=CARTESIAN_POINT('',(180.,41.,3.49990020586));
#7089=CARTESIAN_POINT('',(181.717140075112,38.,7.81688395989961));
#7090=CARTESIAN_POINT('Origin',(180.,38.,5.99990020586));
#7091=CARTESIAN_POINT('Ctrl Pts',(181.717140075112,38.0000000000001,7.81688395989963));
#7092=CARTESIAN_POINT('Ctrl Pts',(181.705608012636,38.0338383020134,7.82778233286613));
#7093=CARTESIAN_POINT('Ctrl Pts',(181.692940085121,38.067171741968,7.83954632346282));
#7094=CARTESIAN_POINT('Ctrl Pts',(181.600692098098,38.2869433815874,7.92318249261212));
#7095=CARTESIAN_POINT('Ctrl Pts',(181.485749866313,38.4540761061816,8.0165339015291));
#7096=CARTESIAN_POINT('Ctrl Pts',(181.22205460642,38.7220687720894,8.18657471885342));
#7097=CARTESIAN_POINT('Ctrl Pts',(181.05255388213,38.842278004489,8.27665721200468));
#7098=CARTESIAN_POINT('Ctrl Pts',(180.670103849801,39.0064248706017,8.41701690259851));
#7099=CARTESIAN_POINT('Ctrl Pts',(180.456741261854,39.05,8.4665905200128));
#7100=CARTESIAN_POINT('Ctrl Pts',(180.25,39.05,8.48736879862655));
#7101=CARTESIAN_POINT('Origin',(180.,43.,5.99990020586));
#7102=CARTESIAN_POINT('Origin',(126.,20.,18.99990020586));
#7103=CARTESIAN_POINT('',(140.787618625095,19.3997943052355,19.0001059006245));
#7104=CARTESIAN_POINT('',(140.578065715314,19.2,19.19990020586));
#7105=CARTESIAN_POINT('Origin',(99.306014723101,40.9988003800895,-2.59890017241686));
#7106=CARTESIAN_POINT('',(140.578065715314,20.8,19.19990020586));
#7107=CARTESIAN_POINT('Origin',(126.,20.,19.19990020586));
#7108=CARTESIAN_POINT('',(140.787618625095,20.6002056947645,19.0001059006245));
#7109=CARTESIAN_POINT('Origin',(99.3060147236204,-0.998800379824374,-2.59890017215175));
#7110=CARTESIAN_POINT('',(140.978666517707,20.7997182949721,18.79990020586));
#7111=CARTESIAN_POINT('Ctrl Pts',(140.787618625095,20.6002056947645,19.0001059006245));
#7112=CARTESIAN_POINT('Ctrl Pts',(140.882500807306,20.6992917963037,18.901283340182));
#7113=CARTESIAN_POINT('Ctrl Pts',(140.978666517707,20.7997182949721,18.79990020586));
#7114=CARTESIAN_POINT('',(140.978666517707,19.2002817050279,18.79990020586));
#7115=CARTESIAN_POINT('Origin',(126.,20.,18.79990020586));
#7116=CARTESIAN_POINT('Ctrl Pts',(140.978666517707,19.2002817050279,18.79990020586));
#7117=CARTESIAN_POINT('Ctrl Pts',(140.882500807306,19.3007082036963,18.901283340182));
#7118=CARTESIAN_POINT('Ctrl Pts',(140.787618625095,19.3997943052355,19.0001059006245));
#7119=CARTESIAN_POINT('Origin',(140.835165434136,19.3501408525139,12.19990020586));
#7120=CARTESIAN_POINT('',(140.978666517707,19.2002817050279,12.2001819108879));
#7121=CARTESIAN_POINT('',(140.978666517707,19.2002817050279,12.19990020586));
#7122=CARTESIAN_POINT('',(140.691664350565,19.5,12.49990020586));
#7123=CARTESIAN_POINT('',(140.691664350565,19.5,18.89990020586));
#7124=CARTESIAN_POINT('Origin',(126.,20.,11.99990020586));
#7125=CARTESIAN_POINT('',(140.978666517707,20.7997182949721,12.19990020586));
#7126=CARTESIAN_POINT('',(111.,20.,11.99990020586));
#7127=CARTESIAN_POINT('',(140.978651474682,19.2,12.19990020586));
#7128=CARTESIAN_POINT('',(140.978651474682,19.2,11.99990020586));
#7129=CARTESIAN_POINT('Origin',(126.,20.,12.99990020586));
#7130=CARTESIAN_POINT('',(134.825483572828,32.1289257411237,18.7482200323334));
#7131=CARTESIAN_POINT('',(138.198558000993,28.7289852042724,18.7482200348221));
#7132=CARTESIAN_POINT('Origin',(126.,20.,18.7482200348221));
#7133=CARTESIAN_POINT('',(133.046002695406,33.2421239239155,15.6982200348221));
#7134=CARTESIAN_POINT('Origin',(127.809571080919,22.8582489316025,6.37132678841178));
#7135=CARTESIAN_POINT('',(134.825483572828,32.1289257411237,12.6482200373108));
#7136=CARTESIAN_POINT('Origin',(127.809571078654,22.8582489279185,25.0251132852454));
#7137=CARTESIAN_POINT('',(138.198558000993,28.7289852042726,12.6482200348221));
#7138=CARTESIAN_POINT('Origin',(126.,20.,12.6482200348221));
#7139=CARTESIAN_POINT('',(139.919306806919,25.5904291440702,15.6982200348221));
#7140=CARTESIAN_POINT('Ctrl Pts',(139.919306806604,25.590429144854,15.6982200331415));
#7141=CARTESIAN_POINT('Ctrl Pts',(139.475833478067,26.6946093715399,14.9090068302021));
#7142=CARTESIAN_POINT('Ctrl Pts',(138.897403220689,27.7523649274951,13.8827812384607));
#7143=CARTESIAN_POINT('Ctrl Pts',(138.198558000993,28.7289852042726,12.6482200348221));
#7144=CARTESIAN_POINT('Ctrl Pts',(138.198558000993,28.7289852042725,18.7482200348221));
#7145=CARTESIAN_POINT('Ctrl Pts',(138.897403220689,27.7523649274951,17.5136588311835));
#7146=CARTESIAN_POINT('Ctrl Pts',(139.475833478067,26.6946093715398,16.4874332394421));
#7147=CARTESIAN_POINT('Ctrl Pts',(139.919306806604,25.590429144854,15.6982200365027));
#7148=CARTESIAN_POINT('',(139.387966730282,13.2352127284845,15.69990020586));
#7149=CARTESIAN_POINT('Ctrl Pts',(139.387966730282,13.2352127284845,15.69990020586));
#7150=CARTESIAN_POINT('Ctrl Pts',(139.387966730282,13.2352127284845,15.7895363920315));
#7151=CARTESIAN_POINT('Ctrl Pts',(139.384513146428,13.2283670143713,15.8775930248791));
#7152=CARTESIAN_POINT('Ctrl Pts',(139.378030030074,13.2155831116873,15.9635880346039));
#7153=CARTESIAN_POINT('Ctrl Pts',(139.370067422995,13.1998818364885,16.0692076835311));
#7154=CARTESIAN_POINT('Ctrl Pts',(139.357533765311,13.1752232417588,16.1717173909862));
#7155=CARTESIAN_POINT('Ctrl Pts',(139.341140779545,13.1433271406342,16.2702240071118));
#7156=CARTESIAN_POINT('Ctrl Pts',(139.33718790682,13.1356359713763,16.2939771001522));
#7157=CARTESIAN_POINT('Ctrl Pts',(139.333010414378,13.1275241015748,16.3174974349672));
#7158=CARTESIAN_POINT('Ctrl Pts',(139.328617963308,13.1190158270656,16.3407724891262));
#7159=CARTESIAN_POINT('Ctrl Pts',(139.307117030187,13.0773680458426,16.4547032705686));
#7160=CARTESIAN_POINT('Ctrl Pts',(139.280588360774,13.0264619264727,16.5631108795478));
#7161=CARTESIAN_POINT('Ctrl Pts',(139.249992215268,12.9688047747677,16.6661122396535));
#7162=CARTESIAN_POINT('Ctrl Pts',(139.227311021222,12.9260630167998,16.7424680615042));
#7163=CARTESIAN_POINT('Ctrl Pts',(139.202393845748,12.8796118597201,16.8158529396176));
#7164=CARTESIAN_POINT('Ctrl Pts',(139.175650953209,12.8304657083465,16.886314506094));
#7165=CARTESIAN_POINT('Ctrl Pts',(139.145584018888,12.7752108736909,16.965534182435));
#7166=CARTESIAN_POINT('Ctrl Pts',(139.113137329555,12.7164188004874,17.0413030270169));
#7167=CARTESIAN_POINT('Ctrl Pts',(139.078771894794,12.6552245967659,17.1136381918296));
#7168=CARTESIAN_POINT('Ctrl Pts',(139.046544576567,12.597837716879,17.181472874892));
#7169=CARTESIAN_POINT('Ctrl Pts',(139.012629641109,12.5383385601998,17.2462878535008));
#7170=CARTESIAN_POINT('Ctrl Pts',(138.977447956491,12.477643684551,17.3080972732596));
#7171=CARTESIAN_POINT('Ctrl Pts',(138.945655421308,12.4227957149205,17.3639524198691));
#7172=CARTESIAN_POINT('Ctrl Pts',(138.91282878018,12.3669712278821,17.4173531837002));
#7173=CARTESIAN_POINT('Ctrl Pts',(138.879311120928,12.3108293652477,17.4683100034688));
#7174=CARTESIAN_POINT('Ctrl Pts',(138.842591168359,12.2493236820029,17.5241352623536));
#7175=CARTESIAN_POINT('Ctrl Pts',(138.805042529722,12.1874342361603,17.5770272777075));
#7176=CARTESIAN_POINT('Ctrl Pts',(138.766831501717,12.1254832905908,17.6274668720093));
#7177=CARTESIAN_POINT('Ctrl Pts',(138.725988799344,12.0592656522888,17.6813803479195));
#7178=CARTESIAN_POINT('Ctrl Pts',(138.68439517599,11.99297558395,17.732491963185));
#7179=CARTESIAN_POINT('Ctrl Pts',(138.641600352648,11.9259712333974,17.7815170781373));
#7180=CARTESIAN_POINT('Ctrl Pts',(138.604320445465,11.8676016509483,17.8242243869267));
#7181=CARTESIAN_POINT('Ctrl Pts',(138.566128414176,11.8086903130567,17.8653483140091));
#7182=CARTESIAN_POINT('Ctrl Pts',(138.526700031611,11.748831215031,17.9053617662373));
#7183=CARTESIAN_POINT('Ctrl Pts',(138.473173336842,11.6675684428683,17.9596827326252));
#7184=CARTESIAN_POINT('Ctrl Pts',(138.417360269735,11.5845633978124,18.0119571051902));
#7185=CARTESIAN_POINT('Ctrl Pts',(138.359549003652,11.5004971659322,18.0619164921429));
#7186=CARTESIAN_POINT('Ctrl Pts',(138.325891744072,11.4515544739625,18.0910024501065));
#7187=CARTESIAN_POINT('Ctrl Pts',(138.291558020296,11.4022516826919,18.1193037492888));
#7188=CARTESIAN_POINT('Ctrl Pts',(138.256611905786,11.3527192371856,18.1467674272431));
#7189=CARTESIAN_POINT('Ctrl Pts',(138.17779827755,11.2410092001604,18.2087059899318));
#7190=CARTESIAN_POINT('Ctrl Pts',(138.095871402365,11.1281358669376,18.2663841315301));
#7191=CARTESIAN_POINT('Ctrl Pts',(138.010991527976,11.0146740451513,18.3195385652756));
#7192=CARTESIAN_POINT('Ctrl Pts',(137.927864637961,10.9035554973397,18.3715952253447));
#7193=CARTESIAN_POINT('Ctrl Pts',(137.841905492222,10.7918727901991,18.4193131001248));
#7194=CARTESIAN_POINT('Ctrl Pts',(137.75330987699,10.6801444788322,18.4624448808914));
#7195=CARTESIAN_POINT('Ctrl Pts',(137.714349624672,10.6310115370888,18.4814122423933));
#7196=CARTESIAN_POINT('Ctrl Pts',(137.674880116512,10.5818694705581,18.4994927297007));
#7197=CARTESIAN_POINT('Ctrl Pts',(137.634920817339,10.5327608261838,18.5166653114207));
#7198=CARTESIAN_POINT('Ctrl Pts',(137.565094165758,10.4469462030218,18.5466734423272));
#7199=CARTESIAN_POINT('Ctrl Pts',(137.493764140863,10.3612301153333,18.5739092274529));
#7200=CARTESIAN_POINT('Ctrl Pts',(137.421289355539,10.2761042037131,18.5983091127913));
#7201=CARTESIAN_POINT('Ctrl Pts',(137.348943902523,10.1911302005182,18.6226654561801));
#7202=CARTESIAN_POINT('Ctrl Pts',(137.275457871319,10.106744435466,18.6441960121594));
#7203=CARTESIAN_POINT('Ctrl Pts',(137.201228076247,10.0234029056047,18.6628375663552));
#7204=CARTESIAN_POINT('Ctrl Pts',(137.126714450808,9.93974270509402,18.6815503997341));
#7205=CARTESIAN_POINT('Ctrl Pts',(137.051451501868,9.85713487682763,18.6973520959023));
#7206=CARTESIAN_POINT('Ctrl Pts',(136.975879325428,9.77600503552317,18.7101787125761));
#7207=CARTESIAN_POINT('Ctrl Pts',(136.960635883587,9.7596405734193,18.7127659317683));
#7208=CARTESIAN_POINT('Ctrl Pts',(136.945379981713,9.74333612537479,18.7152321076505));
#7209=CARTESIAN_POINT('Ctrl Pts',(136.930115412258,9.72709500312998,18.7175767154739));
#7210=CARTESIAN_POINT('Ctrl Pts',(136.858462910613,9.65085852349793,18.7285823986946));
#7211=CARTESIAN_POINT('Ctrl Pts',(136.786624336176,9.57601596027096,18.7369094497551));
#7212=CARTESIAN_POINT('Ctrl Pts',(136.714203792683,9.5021032064106,18.7424085394892));
#7213=CARTESIAN_POINT('Ctrl Pts',(136.641685038572,9.42809021832269,18.7479150866239));
#7214=CARTESIAN_POINT('Ctrl Pts',(136.568582587301,9.35500945444777,18.7505859971474));
#7215=CARTESIAN_POINT('Ctrl Pts',(136.494461147738,9.28243100238558,18.7502713335466));
#7216=CARTESIAN_POINT('Ctrl Pts',(136.420805265065,9.21030841570758,18.7499586463484));
#7217=CARTESIAN_POINT('Ctrl Pts',(136.346143031197,9.1386817217577,18.7466977720347));
#7218=CARTESIAN_POINT('Ctrl Pts',(136.270012109833,9.06716636622157,18.7403415806573));
#7219=CARTESIAN_POINT('Ctrl Pts',(136.241019603455,9.03993157956198,18.7379209883966));
#7220=CARTESIAN_POINT('Ctrl Pts',(136.211813741144,9.01271333800977,18.7350514910839));
#7221=CARTESIAN_POINT('Ctrl Pts',(136.182367680051,8.98549191165313,18.7317249627512));
#7222=CARTESIAN_POINT('Ctrl Pts',(136.108943931681,8.91761528962424,18.7234302649147));
#7223=CARTESIAN_POINT('Ctrl Pts',(136.034024983868,8.84972386280796,18.712293957786));
#7224=CARTESIAN_POINT('Ctrl Pts',(135.958070428389,8.78229821473014,18.6979961488653));
#7225=CARTESIAN_POINT('Ctrl Pts',(135.882341168866,8.71507256421302,18.6837407500213));
#7226=CARTESIAN_POINT('Ctrl Pts',(135.805582528928,8.64831009041561,18.6663425768254));
#7227=CARTESIAN_POINT('Ctrl Pts',(135.728285213318,8.58244917645045,18.6454845749323));
#7228=CARTESIAN_POINT('Ctrl Pts',(135.650637231954,8.51628947892697,18.6245319489648));
#7229=CARTESIAN_POINT('Ctrl Pts',(135.572445806248,8.4510396616127,18.6000880314888));
#7230=CARTESIAN_POINT('Ctrl Pts',(135.494242296577,8.38710358205624,18.5718314335229));
#7231=CARTESIAN_POINT('Ctrl Pts',(135.449454265552,8.35048666899414,18.5556485615306));
#7232=CARTESIAN_POINT('Ctrl Pts',(135.404662885916,8.31429990235903,18.5382151372229));
#7233=CARTESIAN_POINT('Ctrl Pts',(135.359972641547,8.27861304497253,18.5194707882384));
#7234=CARTESIAN_POINT('Ctrl Pts',(135.27926474917,8.21416472776344,18.4856196217952));
#7235=CARTESIAN_POINT('Ctrl Pts',(135.198874907928,8.15134128196525,18.4474929811305));
#7236=CARTESIAN_POINT('Ctrl Pts',(135.119426734688,8.09050563497101,18.4053267944753));
#7237=CARTESIAN_POINT('Ctrl Pts',(135.0382608667,8.02835470196036,18.3622489614677));
#7238=CARTESIAN_POINT('Ctrl Pts',(134.958078097442,7.96827839753795,18.3149550216962));
#7239=CARTESIAN_POINT('Ctrl Pts',(134.879572907658,7.91061684875625,18.2636965391514));
#7240=CARTESIAN_POINT('Ctrl Pts',(134.797111652359,7.85004959571084,18.209855018266));
#7241=CARTESIAN_POINT('Ctrl Pts',(134.716501604685,7.79214655473608,18.1516393213582));
#7242=CARTESIAN_POINT('Ctrl Pts',(134.638575652278,7.73725109529425,18.0893409918165));
#7243=CARTESIAN_POINT('Ctrl Pts',(134.612890929246,7.719157320012,18.0688071992834));
#7244=CARTESIAN_POINT('Ctrl Pts',(134.587497999724,7.70138989767199,18.0478298738516));
#7245=CARTESIAN_POINT('Ctrl Pts',(134.562427210729,7.68396004143497,18.0264194550646));
#7246=CARTESIAN_POINT('Ctrl Pts',(134.49314488447,7.63579318929963,17.9672524452024));
#7247=CARTESIAN_POINT('Ctrl Pts',(134.426330514107,7.59020363404054,17.9047780070264));
#7248=CARTESIAN_POINT('Ctrl Pts',(134.361531954345,7.54669588516894,17.8381994740888));
#7249=CARTESIAN_POINT('Ctrl Pts',(134.312024945796,7.51345535477398,17.7873325410674));
#7250=CARTESIAN_POINT('Ctrl Pts',(134.263693779842,7.48143095922357,17.7340699763889));
#7251=CARTESIAN_POINT('Ctrl Pts',(134.216324092684,7.45041760041508,17.678056492067));
#7252=CARTESIAN_POINT('Ctrl Pts',(134.157699332075,7.4120354441259,17.6087341615571));
#7253=CARTESIAN_POINT('Ctrl Pts',(134.100543232995,7.37520770999036,17.5351983694885));
#7254=CARTESIAN_POINT('Ctrl Pts',(134.045971668008,7.34052371076853,17.4575922860471));
#7255=CARTESIAN_POINT('Ctrl Pts',(133.998734145475,7.31050100214433,17.3904159256821));
#7256=CARTESIAN_POINT('Ctrl Pts',(133.953433944041,7.28208329454187,17.3201897965917));
#7257=CARTESIAN_POINT('Ctrl Pts',(133.910809949847,7.25562532183714,17.2470067557869));
#7258=CARTESIAN_POINT('Ctrl Pts',(133.838889879462,7.2109824089627,17.1235239723176));
#7259=CARTESIAN_POINT('Ctrl Pts',(133.774590791221,7.17190972406028,16.991622774893));
#7260=CARTESIAN_POINT('Ctrl Pts',(133.71927495626,7.13870946795573,16.8544733807054));
#7261=CARTESIAN_POINT('Ctrl Pts',(133.674048516257,7.11156481051997,16.7423395070683));
#7262=CARTESIAN_POINT('Ctrl Pts',(133.634827128295,7.08834497352709,16.6266973395027));
#7263=CARTESIAN_POINT('Ctrl Pts',(133.602333405332,7.0692410588486,16.5092795558088));
#7264=CARTESIAN_POINT('Ctrl Pts',(133.573040775534,7.05201915106568,16.4034290912898));
#7265=CARTESIAN_POINT('Ctrl Pts',(133.549215631877,7.03814175016083,16.2961356250123));
#7266=CARTESIAN_POINT('Ctrl Pts',(133.531367199343,7.02777936864097,16.1886685452436));
#7267=CARTESIAN_POINT('Ctrl Pts',(133.51390977508,7.01764399735662,16.0835557627996));
#7268=CARTESIAN_POINT('Ctrl Pts',(133.502172741878,7.01087172494922,15.9782768902965));
#7269=CARTESIAN_POINT('Ctrl Pts',(133.496097478898,7.00736660307651,15.8729716223764));
#7270=CARTESIAN_POINT('Ctrl Pts',(133.489964573438,7.00382822438517,15.7666672113958));
#7271=CARTESIAN_POINT('Ctrl Pts',(133.489601317829,7.00361935736465,15.6603359017393));
#7272=CARTESIAN_POINT('Ctrl Pts',(133.494920527103,7.00668763200056,15.5541214021906));
#7273=CARTESIAN_POINT('Ctrl Pts',(133.500319249583,7.0098017721667,15.4463191750367));
#7274=CARTESIAN_POINT('Ctrl Pts',(133.51157158507,7.0162918207647,15.3386372763202));
#7275=CARTESIAN_POINT('Ctrl Pts',(133.528559375228,7.02614961803288,15.2312259562526));
#7276=CARTESIAN_POINT('Ctrl Pts',(133.537008514889,7.03105254567078,15.1778032781983));
#7277=CARTESIAN_POINT('Ctrl Pts',(133.54687603292,7.0367892732939,15.1244475338276));
#7278=CARTESIAN_POINT('Ctrl Pts',(133.558144955738,7.04336290436262,15.0711772090956));
#7279=CARTESIAN_POINT('Ctrl Pts',(133.581418523483,7.05693934378522,14.961158662392));
#7280=CARTESIAN_POINT('Ctrl Pts',(133.61067083835,7.07408229977028,14.8515044657517));
#7281=CARTESIAN_POINT('Ctrl Pts',(133.645713378823,7.0948433977391,14.7440241386293));
#7282=CARTESIAN_POINT('Ctrl Pts',(133.669665929465,7.10903418538655,14.6705583469471));
#7283=CARTESIAN_POINT('Ctrl Pts',(133.696323137948,7.12491638418674,14.598108209397));
#7284=CARTESIAN_POINT('Ctrl Pts',(133.725617109607,7.14251812073035,14.5272515981853));
#7285=CARTESIAN_POINT('Ctrl Pts',(133.771242182249,7.16993265221777,14.4168931233643));
#7286=CARTESIAN_POINT('Ctrl Pts',(133.823261152544,7.2015228044912,14.3104001858568));
#7287=CARTESIAN_POINT('Ctrl Pts',(133.879918465443,7.23650185184467,14.2089754001077));
#7288=CARTESIAN_POINT('Ctrl Pts',(133.912858421206,7.25683829587072,14.1500081144238));
#7289=CARTESIAN_POINT('Ctrl Pts',(133.947366380742,7.27831971756305,14.092753932575));
#7290=CARTESIAN_POINT('Ctrl Pts',(133.983101115054,7.30078362311962,14.0374491892824));
#7291=CARTESIAN_POINT('Ctrl Pts',(134.05837740392,7.34810451346033,13.9209480899489));
#7292=CARTESIAN_POINT('Ctrl Pts',(134.139098169229,7.3997859942531,13.8130975628452));
#7293=CARTESIAN_POINT('Ctrl Pts',(134.224023032943,7.45546154082926,13.7132624745349));
#7294=CARTESIAN_POINT('Ctrl Pts',(134.248755829408,7.471676014439,13.6841873508176));
#7295=CARTESIAN_POINT('Ctrl Pts',(134.273845290931,7.48822894041273,13.6557920629023));
#7296=CARTESIAN_POINT('Ctrl Pts',(134.29926106607,7.50511041436476,13.6280609223379));
#7297=CARTESIAN_POINT('Ctrl Pts',(134.378418485706,7.5576877569953,13.5416922981802));
#7298=CARTESIAN_POINT('Ctrl Pts',(134.460743589244,7.61344828797148,13.4617659745893));
#7299=CARTESIAN_POINT('Ctrl Pts',(134.546328364075,7.67278330305629,13.3875755510574));
#7300=CARTESIAN_POINT('Ctrl Pts',(134.582579129817,7.69791557379475,13.3561510404587));
#7301=CARTESIAN_POINT('Ctrl Pts',(134.619414256243,7.72368956376736,13.3257555951279));
#7302=CARTESIAN_POINT('Ctrl Pts',(134.656838629182,7.75013694165109,13.2963355350016));
#7303=CARTESIAN_POINT('Ctrl Pts',(134.733652366912,7.80442033476841,13.2359506947201));
#7304=CARTESIAN_POINT('Ctrl Pts',(134.812943269414,7.86154249195392,13.1796749372656));
#7305=CARTESIAN_POINT('Ctrl Pts',(134.893949362428,7.92118943196123,13.1276469010557));
#7306=CARTESIAN_POINT('Ctrl Pts',(134.97264206639,7.97913296210314,13.0771046924532));
#7307=CARTESIAN_POINT('Ctrl Pts',(135.052953073356,8.03945929222141,13.0305710547808));
#7308=CARTESIAN_POINT('Ctrl Pts',(135.134207330642,8.10183810662994,12.9881730846404));
#7309=CARTESIAN_POINT('Ctrl Pts',(135.213337435695,8.16258621143166,12.9468834840302));
#7310=CARTESIAN_POINT('Ctrl Pts',(135.293361896852,8.22528089543682,12.9095161477022));
#7311=CARTESIAN_POINT('Ctrl Pts',(135.373683754801,8.2895750348255,12.8761884628692));
#7312=CARTESIAN_POINT('Ctrl Pts',(135.404031793318,8.31386731426729,12.8635962508759));
#7313=CARTESIAN_POINT('Ctrl Pts',(135.43442257933,8.33838748865765,12.851580722563));
#7314=CARTESIAN_POINT('Ctrl Pts',(135.464825028763,8.36311522894135,12.8401482095007));
#7315=CARTESIAN_POINT('Ctrl Pts',(135.542811699258,8.42654545149031,12.8108221635494));
#7316=CARTESIAN_POINT('Ctrl Pts',(135.620879449311,8.49134973989049,12.7853323377666));
#7317=CARTESIAN_POINT('Ctrl Pts',(135.698496936779,8.55713509791877,12.7633966558248));
#7318=CARTESIAN_POINT('Ctrl Pts',(135.776006044114,8.62282859744785,12.7414916034773));
#7319=CARTESIAN_POINT('Ctrl Pts',(135.853065986888,8.68950034526773,12.7231307763386));
#7320=CARTESIAN_POINT('Ctrl Pts',(135.929180708875,8.75671887523505,12.7080332780524));
#7321=CARTESIAN_POINT('Ctrl Pts',(136.005823574552,8.82440382012874,12.6928310214718));
#7322=CARTESIAN_POINT('Ctrl Pts',(136.081507923274,8.89264304183805,12.6809375379368));
#7323=CARTESIAN_POINT('Ctrl Pts',(136.155763132632,8.96095678086774,12.6720660431863));
#7324=CARTESIAN_POINT('Ctrl Pts',(136.197679667518,8.99951939822474,12.6670581478155));
#7325=CARTESIAN_POINT('Ctrl Pts',(136.239141465511,9.03810505923481,12.6630132157578));
#7326=CARTESIAN_POINT('Ctrl Pts',(136.280069036615,9.07662228967446,12.6598796611557));
#7327=CARTESIAN_POINT('Ctrl Pts',(136.344453734789,9.13721519048632,12.6549501488042));
#7328=CARTESIAN_POINT('Ctrl Pts',(136.407520523203,9.19763459194645,12.6522760784676));
#7329=CARTESIAN_POINT('Ctrl Pts',(136.469874599603,9.25841138990198,12.6516804450622));
#7330=CARTESIAN_POINT('Ctrl Pts',(136.532228676002,9.31918818785751,12.6510848116568));
#7331=CARTESIAN_POINT('Ctrl Pts',(136.59387012063,9.38032253863312,12.6525676151826));
#7332=CARTESIAN_POINT('Ctrl Pts',(136.655364697525,9.44238648354937,12.6559518505559));
#7333=CARTESIAN_POINT('Ctrl Pts',(136.747606562867,9.53548240092373,12.6610282036158));
#7334=CARTESIAN_POINT('Ctrl Pts',(136.83950224811,9.63067582826159,12.6703827783328));
#7335=CARTESIAN_POINT('Ctrl Pts',(136.930593852235,9.727604075121,12.6840042773833));
#7336=CARTESIAN_POINT('Ctrl Pts',(137.019235242409,9.82192511196317,12.6972593805696));
#7337=CARTESIAN_POINT('Ctrl Pts',(137.107115164983,9.91788862766821,12.7145549488423));
#7338=CARTESIAN_POINT('Ctrl Pts',(137.193847712386,10.0151227653061,12.7358805722144));
#7339=CARTESIAN_POINT('Ctrl Pts',(137.284176434735,10.1163885033083,12.7580904158104));
#7340=CARTESIAN_POINT('Ctrl Pts',(137.373260174786,10.2190325118133,12.7846714376336));
#7341=CARTESIAN_POINT('Ctrl Pts',(137.460707396738,10.3225940476615,12.8156118783836));
#7342=CARTESIAN_POINT('Ctrl Pts',(137.54815461869,10.4261555835096,12.8465523191337));
#7343=CARTESIAN_POINT('Ctrl Pts',(137.633965190696,10.530634401974,12.8818521788106));
#7344=CARTESIAN_POINT('Ctrl Pts',(137.717795376314,10.6355314342549,12.9214996981141));
#7345=CARTESIAN_POINT('Ctrl Pts',(137.788127245514,10.7235379715108,12.9547631833511));
#7346=CARTESIAN_POINT('Ctrl Pts',(137.857073974532,10.8118513082152,12.991086933341));
#7347=CARTESIAN_POINT('Ctrl Pts',(137.924301220926,10.8999428357504,13.0301130502823));
#7348=CARTESIAN_POINT('Ctrl Pts',(137.992270746083,10.9890070116315,13.0695700677784));
#7349=CARTESIAN_POINT('Ctrl Pts',(138.058482579536,11.0778442291216,13.1117894571694));
#7350=CARTESIAN_POINT('Ctrl Pts',(138.122635903106,11.1658787216433,13.1564013342651));
#7351=CARTESIAN_POINT('Ctrl Pts',(138.188313662444,11.2560051233863,13.2020732958163));
#7352=CARTESIAN_POINT('Ctrl Pts',(138.251833911723,11.3452899552518,13.2502527984047));
#7353=CARTESIAN_POINT('Ctrl Pts',(138.312920949897,11.4330882062679,13.3005429583229));
#7354=CARTESIAN_POINT('Ctrl Pts',(138.318242796343,11.4407371089495,13.3049241906892));
#7355=CARTESIAN_POINT('Ctrl Pts',(138.323546204103,11.4483747136344,13.3093214423827));
#7356=CARTESIAN_POINT('Ctrl Pts',(138.328831007149,11.4560005853723,13.3137344509797));
#7357=CARTESIAN_POINT('Ctrl Pts',(138.38935022439,11.543328681483,13.3642702653944));
#7358=CARTESIAN_POINT('Ctrl Pts',(138.447429556772,11.6291100921002,13.4168724106864));
#7359=CARTESIAN_POINT('Ctrl Pts',(138.503495144585,11.7137095652319,13.4722932996755));
#7360=CARTESIAN_POINT('Ctrl Pts',(138.56110630553,11.8006412117657,13.5292419892339));
#7361=CARTESIAN_POINT('Ctrl Pts',(138.616591196462,11.8863250565232,13.5891669745298));
#7362=CARTESIAN_POINT('Ctrl Pts',(138.670368912053,11.9711923903689,13.6528846253581));
#7363=CARTESIAN_POINT('Ctrl Pts',(138.723206486398,12.0545760747113,13.715488365136));
#7364=CARTESIAN_POINT('Ctrl Pts',(138.774395829275,12.1371719085478,13.7817533229122));
#7365=CARTESIAN_POINT('Ctrl Pts',(138.824295182594,12.2194182049352,13.8524537973215));
#7366=CARTESIAN_POINT('Ctrl Pts',(138.863250888852,12.2836267036385,13.907648639142));
#7367=CARTESIAN_POINT('Ctrl Pts',(138.901415632687,12.3476277090085,13.9655467952662));
#7368=CARTESIAN_POINT('Ctrl Pts',(138.938343891245,12.4105825419946,14.026413447376));
#7369=CARTESIAN_POINT('Ctrl Pts',(138.976222163724,12.4751569468218,14.0888459509246));
#7370=CARTESIAN_POINT('Ctrl Pts',(139.012799604456,12.5386304450706,14.1544016497397));
#7371=CARTESIAN_POINT('Ctrl Pts',(139.047645442881,12.6000710546075,14.2233667226673));
#7372=CARTESIAN_POINT('Ctrl Pts',(139.085386271428,12.6666161462196,14.2980614096274));
#7373=CARTESIAN_POINT('Ctrl Pts',(139.121095852594,12.7307763128722,14.3767555043265));
#7374=CARTESIAN_POINT('Ctrl Pts',(139.154284884408,12.7913392936118,14.4598126027367));
#7375=CARTESIAN_POINT('Ctrl Pts',(139.175696474733,12.8304109284738,14.5133961051032));
#7376=CARTESIAN_POINT('Ctrl Pts',(139.196060228318,12.8679848091631,14.5687955172436));
#7377=CARTESIAN_POINT('Ctrl Pts',(139.215255059329,12.9037310002447,14.6261084688879));
#7378=CARTESIAN_POINT('Ctrl Pts',(139.245331339883,12.9597415205308,14.7159118337665));
#7379=CARTESIAN_POINT('Ctrl Pts',(139.272535468706,13.0112685055192,14.8104132428743));
#7380=CARTESIAN_POINT('Ctrl Pts',(139.295983609884,13.0561667757857,14.9092025416859));
#7381=CARTESIAN_POINT('Ctrl Pts',(139.324488114094,13.1107469202897,15.0292947896186));
#7382=CARTESIAN_POINT('Ctrl Pts',(139.347449665866,13.1555272308098,15.1557236004208));
#7383=CARTESIAN_POINT('Ctrl Pts',(139.363315477016,13.1866455059385,15.2877521518605));
#7384=CARTESIAN_POINT('Ctrl Pts',(139.373504803741,13.2066302561287,15.3725434074034));
#7385=CARTESIAN_POINT('Ctrl Pts',(139.380768367266,13.2209799748843,15.4596442499533));
#7386=CARTESIAN_POINT('Ctrl Pts',(139.384667330291,13.2286869473164,15.5488595098329));
#7387=CARTESIAN_POINT('Ctrl Pts',(139.386839446613,13.2329805096055,15.5985614231076));
#7388=CARTESIAN_POINT('Ctrl Pts',(139.387966730282,13.2352127284845,15.6489195702409));
#7389=CARTESIAN_POINT('Ctrl Pts',(139.387966730282,13.2352127284845,15.69990020586));
#7390=CARTESIAN_POINT('Origin',(140.835165434136,20.6498591474861,12.19990020586));
#7391=CARTESIAN_POINT('',(140.978666517707,20.7997182949721,19.1996185008322));
#7392=CARTESIAN_POINT('Origin',(126.,20.,18.99990020586));
#7393=CARTESIAN_POINT('',(132.450581369148,20.8,19.19990020586));
#7394=CARTESIAN_POINT('Origin',(110.162628970188,30.6458612564949,29.0457614628128));
#7395=CARTESIAN_POINT('',(132.450581369148,19.2,19.19990020586));
#7396=CARTESIAN_POINT('Origin',(126.,20.,19.19990020586));
#7397=CARTESIAN_POINT('',(132.269939554419,19.4015664898182,18.9983337160418));
#7398=CARTESIAN_POINT('Origin',(110.16262897024,9.35413874371637,29.045761462979));
#7399=CARTESIAN_POINT('',(132.047538707556,19.2017045781089,18.79990020586));
#7400=CARTESIAN_POINT('Ctrl Pts',(132.269939554419,19.4015664898182,18.9983337160416));
#7401=CARTESIAN_POINT('Ctrl Pts',(132.156959398868,19.3000361665655,18.8955113876999));
#7402=CARTESIAN_POINT('Ctrl Pts',(132.047538707556,19.2017045781093,18.7999002058602));
#7403=CARTESIAN_POINT('Origin',(126.,20.,18.79990020586));
#7404=CARTESIAN_POINT('Origin',(126.,20.,6.74990020586002));
#7405=CARTESIAN_POINT('',(132.047538707556,19.2017045781089,12.2016047839689));
#7406=CARTESIAN_POINT('',(132.047538707556,19.2017045781089,12.19990020586));
#7407=CARTESIAN_POINT('',(132.047313453096,19.2,12.19990020586));
#7408=CARTESIAN_POINT('Origin',(126.,20.,12.99990020586));
#7409=CARTESIAN_POINT('',(132.053191921612,19.2457669059689,12.19990020586));
#7410=CARTESIAN_POINT('Origin',(126.,20.,12.19990020586));
#7411=CARTESIAN_POINT('',(132.053191921612,19.2457669059689,11.99990020586));
#7412=CARTESIAN_POINT('',(132.1,20.,1.49990020586001));
#7413=CARTESIAN_POINT('',(132.1,20.,6.74990020586001));
#7414=CARTESIAN_POINT('Origin',(126.,20.,1.49990020586002));
#7415=CARTESIAN_POINT('',(119.9,20.,11.99990020586));
#7416=CARTESIAN_POINT('Origin',(132.213506184492,19.3508522890545,12.19990020586));
#7417=CARTESIAN_POINT('',(132.047538707556,19.2017045781089,19.1981956277511));
#7418=CARTESIAN_POINT('',(132.047538707556,19.2017045781089,12.2016047839689));
#7419=CARTESIAN_POINT('Origin',(133.493748262924,19.35,19.04990020586));
#7420=CARTESIAN_POINT('',(133.493748262924,19.2,19.19990020586));
#7421=CARTESIAN_POINT('Ctrl Pts',(139.388043415223,13.2351940489478,15.69990020586));
#7422=CARTESIAN_POINT('Ctrl Pts',(139.388043242783,13.2351940504484,15.2976982894845));
#7423=CARTESIAN_POINT('Ctrl Pts',(139.249989551167,12.9561005454609,14.5707793499845));
#7424=CARTESIAN_POINT('Ctrl Pts',(138.836647223589,12.2222500380803,13.8122696001572));
#7425=CARTESIAN_POINT('Ctrl Pts',(138.351085410243,11.4704784551811,13.29459884741));
#7426=CARTESIAN_POINT('Ctrl Pts',(137.629974960358,10.4915610330741,12.8240675865698));
#7427=CARTESIAN_POINT('Ctrl Pts',(136.902847407509,9.6797926206383,12.6465160626769));
#7428=CARTESIAN_POINT('Ctrl Pts',(136.161925640487,8.95671047407707,12.6515106454864));
#7429=CARTESIAN_POINT('Ctrl Pts',(135.464223423689,8.34502268184628,12.7910042462542));
#7430=CARTESIAN_POINT('Ctrl Pts',(134.769261100176,7.82367530658086,13.1752218142063));
#7431=CARTESIAN_POINT('Ctrl Pts',(134.292715528869,7.49855750850054,13.614827395265));
#7432=CARTESIAN_POINT('Ctrl Pts',(133.973877184775,7.29338331427298,14.0228759942111));
#7433=CARTESIAN_POINT('Ctrl Pts',(133.709477428395,7.13188839909399,14.5174746883425));
#7434=CARTESIAN_POINT('Ctrl Pts',(133.484712931017,7.00040251876116,15.254287828809));
#7435=CARTESIAN_POINT('Ctrl Pts',(133.459074168872,6.98583090681375,16.190802299807));
#7436=CARTESIAN_POINT('Ctrl Pts',(133.793978013852,7.18014924670934,17.1168801927651));
#7437=CARTESIAN_POINT('Ctrl Pts',(134.211179564144,7.44474650662045,17.6928935375857));
#7438=CARTESIAN_POINT('Ctrl Pts',(134.669195615799,7.7528047899759,18.151572450426));
#7439=CARTESIAN_POINT('Ctrl Pts',(135.357110394741,8.25788911391593,18.5705181319405));
#7440=CARTESIAN_POINT('Ctrl Pts',(136.20127280712,8.98584736110563,18.7681698431475));
#7441=CARTESIAN_POINT('Ctrl Pts',(136.932286308533,9.71124011252513,18.7482483941949));
#7442=CARTESIAN_POINT('Ctrl Pts',(137.65106050627,10.5311503974297,18.5452125339083));
#7443=CARTESIAN_POINT('Ctrl Pts',(138.170830671243,11.2214483051214,18.2338623651843));
#7444=CARTESIAN_POINT('Ctrl Pts',(138.532562736694,11.7531430587132,17.9105482717904));
#7445=CARTESIAN_POINT('Ctrl Pts',(138.729969091725,12.0636778354203,17.682861865341));
#7446=CARTESIAN_POINT('Ctrl Pts',(138.955395218236,12.4349318273944,17.3654950067439));
#7447=CARTESIAN_POINT('Ctrl Pts',(139.092039932764,12.6765251581353,17.106985752871));
#7448=CARTESIAN_POINT('Ctrl Pts',(139.238564266341,12.9458835599568,16.7208188235531));
#7449=CARTESIAN_POINT('Ctrl Pts',(139.291285049091,13.0464623019051,16.5391733369101));
#7450=CARTESIAN_POINT('Ctrl Pts',(139.366129259923,13.1915221776613,16.1423893051784));
#7451=CARTESIAN_POINT('Ctrl Pts',(139.388043395927,13.2351940508131,15.9261775448739));
#7452=CARTESIAN_POINT('Ctrl Pts',(139.388043415223,13.2351940489478,15.69990020586));
#7453=CARTESIAN_POINT('Ctrl Pts',(139.341963492813,13.2464185682162,15.69990020586));
#7454=CARTESIAN_POINT('Ctrl Pts',(139.342067112223,13.2464176665311,15.3004295792694));
#7455=CARTESIAN_POINT('Ctrl Pts',(139.192924260985,12.9702623855435,14.5802868043013));
#7456=CARTESIAN_POINT('Ctrl Pts',(138.762273683266,12.2445714032789,13.8386239297297));
#7457=CARTESIAN_POINT('Ctrl Pts',(138.266548108775,11.5022740707236,13.3396247538123));
#7458=CARTESIAN_POINT('Ctrl Pts',(137.540977668528,10.5378516568554,12.8949381648383));
#7459=CARTESIAN_POINT('Ctrl Pts',(136.82239611838,9.74180079775128,12.7399843278174));
#7460=CARTESIAN_POINT('Ctrl Pts',(136.100231264635,9.03617357790485,12.762379171116));
#7461=CARTESIAN_POINT('Ctrl Pts',(135.427161652382,8.44186178309953,12.9134120971516));
#7462=CARTESIAN_POINT('Ctrl Pts',(134.768115681933,7.93925251684525,13.2955351577267));
#7463=CARTESIAN_POINT('Ctrl Pts',(134.321162189185,7.62737624396876,13.7217597463441));
#7464=CARTESIAN_POINT('Ctrl Pts',(134.023957622775,7.43109130386681,14.1131787535653));
#7465=CARTESIAN_POINT('Ctrl Pts',(133.778989363545,7.27701173576862,14.58357638523));
#7466=CARTESIAN_POINT('Ctrl Pts',(133.571480557665,7.15168844633285,15.2803263165977));
#7467=CARTESIAN_POINT('Ctrl Pts',(133.54795228471,7.13785018611758,16.1619115410107));
#7468=CARTESIAN_POINT('Ctrl Pts',(133.856790398185,7.32292690554713,17.0379877175142));
#7469=CARTESIAN_POINT('Ctrl Pts',(134.244940903753,7.57581790822297,17.5894555248096));
#7470=CARTESIAN_POINT('Ctrl Pts',(134.673853043802,7.87113651875242,18.032708452124));
#7471=CARTESIAN_POINT('Ctrl Pts',(135.324713104994,8.35749402833164,18.4472940513841));
#7472=CARTESIAN_POINT('Ctrl Pts',(136.137607762047,9.06427519642916,18.6574043153777));
#7473=CARTESIAN_POINT('Ctrl Pts',(136.851552588301,9.77263560736564,18.6558750305826));
#7474=CARTESIAN_POINT('Ctrl Pts',(137.562901618451,10.5770395199155,18.475251534155));
#7475=CARTESIAN_POINT('Ctrl Pts',(138.084853613345,11.2568400722656,18.1823632111979));
#7476=CARTESIAN_POINT('Ctrl Pts',(138.451934013055,11.7813722452894,17.8725700544129));
#7477=CARTESIAN_POINT('Ctrl Pts',(138.653944187429,12.0880663517127,17.6524822614471));
#7478=CARTESIAN_POINT('Ctrl Pts',(138.886084923008,12.4549115711864,17.3439885370317));
#7479=CARTESIAN_POINT('Ctrl Pts',(139.028466940239,12.6938037711207,17.0910652503288));
#7480=CARTESIAN_POINT('Ctrl Pts',(139.182521157774,12.9602169292924,16.7111457710806));
#7481=CARTESIAN_POINT('Ctrl Pts',(139.238469420688,13.0597120101555,16.5318618967824));
#7482=CARTESIAN_POINT('Ctrl Pts',(139.318351172731,13.2032143376973,16.1390865638027));
#7483=CARTESIAN_POINT('Ctrl Pts',(139.341975087872,13.2464174473941,15.9245289651158));
#7484=CARTESIAN_POINT('Ctrl Pts',(139.341963492813,13.2464185682162,15.69990020586));
#7485=CARTESIAN_POINT('Ctrl Pts',(139.295883570402,13.2576430874848,15.69990020586));
#7486=CARTESIAN_POINT('Ctrl Pts',(139.295779681463,13.2576439915154,15.3038393514702));
#7487=CARTESIAN_POINT('Ctrl Pts',(139.135822424022,12.9844569339548,14.5896701866901));
#7488=CARTESIAN_POINT('Ctrl Pts',(138.687780033822,12.2668675515683,13.8651363112892));
#7489=CARTESIAN_POINT('Ctrl Pts',(138.182036038304,11.5340330676259,13.3845519751655));
#7490=CARTESIAN_POINT('Ctrl Pts',(137.451693062566,10.584040481705,12.9657449484325));
#7491=CARTESIAN_POINT('Ctrl Pts',(136.742263030587,9.80392578015479,12.8333245201247));
#7492=CARTESIAN_POINT('Ctrl Pts',(136.038556636169,9.11564581558902,12.8731369800312));
#7493=CARTESIAN_POINT('Ctrl Pts',(135.390347098161,8.53875408618885,13.035614090769));
#7494=CARTESIAN_POINT('Ctrl Pts',(134.767037403756,8.05486147614884,13.4156873543643));
#7495=CARTESIAN_POINT('Ctrl Pts',(134.349520187366,7.75614936757452,13.8285757878547));
#7496=CARTESIAN_POINT('Ctrl Pts',(134.074062469112,7.56880804243804,14.203330444475));
#7497=CARTESIAN_POINT('Ctrl Pts',(133.848276800322,7.42203105466051,14.6495786713299));
#7498=CARTESIAN_POINT('Ctrl Pts',(133.658298274812,7.30300341864587,15.3062516709106));
#7499=CARTESIAN_POINT('Ctrl Pts',(133.636710538949,7.28983696517354,16.1333139739056));
#7500=CARTESIAN_POINT('Ctrl Pts',(133.919352465486,7.46561428665937,16.959411889248));
#7501=CARTESIAN_POINT('Ctrl Pts',(134.278702998284,7.7069003455227,17.4860622927954));
#7502=CARTESIAN_POINT('Ctrl Pts',(134.678612093643,7.98950496099452,17.914260433527));
#7503=CARTESIAN_POINT('Ctrl Pts',(135.292437075217,8.45719802460377,18.3241245580893));
#7504=CARTESIAN_POINT('Ctrl Pts',(136.073912723909,9.14262064660037,18.5468928032661));
#7505=CARTESIAN_POINT('Ctrl Pts',(136.770821796049,9.83409510061029,18.5634334845896));
#7506=CARTESIAN_POINT('Ctrl Pts',(137.474761256468,10.62295563505,18.4053003062771));
#7507=CARTESIAN_POINT('Ctrl Pts',(137.99878451695,11.2922311686703,18.1308069531878));
#7508=CARTESIAN_POINT('Ctrl Pts',(138.371310127657,11.8096628997708,17.8345048524149));
#7509=CARTESIAN_POINT('Ctrl Pts',(138.577904889413,12.1124588142783,17.6220773930074));
#7510=CARTESIAN_POINT('Ctrl Pts',(138.81684821906,12.4748860559633,17.3225086689668));
#7511=CARTESIAN_POINT('Ctrl Pts',(138.964900097838,12.711088245357,17.075114655907));
#7512=CARTESIAN_POINT('Ctrl Pts',(139.126471309502,12.9745458557865,16.7014919651026));
#7513=CARTESIAN_POINT('Ctrl Pts',(139.185658485091,13.072962590281,16.5245354544634));
#7514=CARTESIAN_POINT('Ctrl Pts',(139.270557754191,13.2149061461988,16.1357915116347));
#7515=CARTESIAN_POINT('Ctrl Pts',(139.295871945184,13.2576442112224,15.9228344945312));
#7516=CARTESIAN_POINT('Ctrl Pts',(139.295883570402,13.2576430874848,15.69990020586));
#7517=CARTESIAN_POINT('Ctrl Pts',(139.249803647992,13.2688676067532,15.69990020586));
#7518=CARTESIAN_POINT('Ctrl Pts',(139.249804091028,13.2688676028979,15.3065694640442));
#7519=CARTESIAN_POINT('Ctrl Pts',(139.07875719725,12.9986187172863,14.5991778562797));
#7520=CARTESIAN_POINT('Ctrl Pts',(138.613406701897,12.2891889605199,13.8914903666313));
#7521=CARTESIAN_POINT('Ctrl Pts',(138.097498693057,11.5658287467041,13.4295780527927));
#7522=CARTESIAN_POINT('Ctrl Pts',(137.362696269245,10.6303312821142,13.0366156373888));
#7523=CARTESIAN_POINT('Ctrl Pts',(136.661811189357,9.86593375460303,12.9267930074798));
#7524=CARTESIAN_POINT('Ctrl Pts',(135.976862226055,9.19510890356896,12.9840056977616));
#7525=CARTESIAN_POINT('Ctrl Pts',(135.353284897915,8.63559309513357,13.1580222988422));
#7526=CARTESIAN_POINT('Ctrl Pts',(134.765891869022,8.17043863132648,13.536000977485));
#7527=CARTESIAN_POINT('Ctrl Pts',(134.377967001517,7.88496818218218,13.9355083407384));
#7528=CARTESIAN_POINT('Ctrl Pts',(134.124142864762,7.70651601685182,14.2936334659427));
#7529=CARTESIAN_POINT('Ctrl Pts',(133.91778912499,7.56715457181285,14.7156805407016));
#7530=CARTESIAN_POINT('Ctrl Pts',(133.74506581455,7.45428929582306,15.3322903549933));
#7531=CARTESIAN_POINT('Ctrl Pts',(133.725588862756,7.44185630086731,16.1044227064027));
#7532=CARTESIAN_POINT('Ctrl Pts',(133.982165284135,7.60839210213477,16.8805188645941));
#7533=CARTESIAN_POINT('Ctrl Pts',(134.312464336582,7.83797172797747,17.3826242023217));
#7534=CARTESIAN_POINT('Ctrl Pts',(134.683269345324,8.10783662607077,17.7953957134732));
#7535=CARTESIAN_POINT('Ctrl Pts',(135.260039575077,8.55680276710595,18.2009003828205));
#7536=CARTESIAN_POINT('Ctrl Pts',(136.010247730876,9.22104862486747,18.4361268347626));
#7537=CARTESIAN_POINT('Ctrl Pts',(136.690088070736,9.89549048440942,18.4710602392782));
#7538=CARTESIAN_POINT('Ctrl Pts',(137.386602336506,10.6688447107018,18.335339289569));
#7539=CARTESIAN_POINT('Ctrl Pts',(137.912807618744,11.3276229369782,18.0793078982806));
#7540=CARTESIAN_POINT('Ctrl Pts',(138.290681395623,11.8378919796961,17.7965267859614));
#7541=CARTESIAN_POINT('Ctrl Pts',(138.50188001009,12.1368473237236,17.5916978329491));
#7542=CARTESIAN_POINT('Ctrl Pts',(138.747537796146,12.4948658088801,17.301002153099));
#7543=CARTESIAN_POINT('Ctrl Pts',(138.901327094644,12.7283668481727,17.0591942055762));
#7544=CARTESIAN_POINT('Ctrl Pts',(139.070428212629,12.9888792328307,16.6918188792361));
#7545=CARTESIAN_POINT('Ctrl Pts',(139.132842848546,13.0862122970185,16.5172240403655));
#7546=CARTESIAN_POINT('Ctrl Pts',(139.222779693601,13.2265983068447,16.1324887569177));
#7547=CARTESIAN_POINT('Ctrl Pts',(139.249803697568,13.268867601961,15.9211859943966));
#7548=CARTESIAN_POINT('Ctrl Pts',(139.249803647992,13.2688676067532,15.69990020586));
#7549=CARTESIAN_POINT('',(139.387966730282,13.2352127284845,15.69990020586));
#7550=CARTESIAN_POINT('Origin',(129.037652918355,20.65,19.04990020586));
#7551=CARTESIAN_POINT('',(129.037652918355,20.8,19.19990020586));
#7552=CARTESIAN_POINT('Origin',(133.493748262924,19.35,12.34990020586));
#7553=CARTESIAN_POINT('',(129.741537000132,19.2,12.19990020586));
#7554=CARTESIAN_POINT('Origin',(125.995832175282,20.,19.19990020586));
#7555=CARTESIAN_POINT('Ctrl Pts',(138.198558000993,28.7289852042726,12.6482200348221));
#7556=CARTESIAN_POINT('Ctrl Pts',(138.897403221185,27.7523649268019,13.8827812393371));
#7557=CARTESIAN_POINT('Ctrl Pts',(139.475833478888,26.6946093700382,14.909006831659));
#7558=CARTESIAN_POINT('Ctrl Pts',(139.919306807548,25.5904291425026,15.6982200348221));
#7559=CARTESIAN_POINT('Ctrl Pts',(138.128368720789,28.7042089832064,12.6693472678367));
#7560=CARTESIAN_POINT('Ctrl Pts',(138.830871487013,27.7322979692905,13.9022016024034));
#7561=CARTESIAN_POINT('Ctrl Pts',(139.413114753986,26.6785775544322,14.9269131880643));
#7562=CARTESIAN_POINT('Ctrl Pts',(139.8599314458,25.577782054117,15.7148856440358));
#7563=CARTESIAN_POINT('Ctrl Pts',(138.058179440585,28.6794327621402,12.6904745008513));
#7564=CARTESIAN_POINT('Ctrl Pts',(138.76433975284,27.7122310117792,13.9216219654698));
#7565=CARTESIAN_POINT('Ctrl Pts',(139.350396029085,26.6625457388262,14.9448195444695));
#7566=CARTESIAN_POINT('Ctrl Pts',(139.800556084051,25.5651349657314,15.7315512532495));
#7567=CARTESIAN_POINT('Ctrl Pts',(137.987990160382,28.6546565410741,12.7116017338659));
#7568=CARTESIAN_POINT('Ctrl Pts',(138.697808018667,27.6921640542679,13.9410423285361));
#7569=CARTESIAN_POINT('Ctrl Pts',(139.287677304183,26.6465139232202,14.9627259008747));
#7570=CARTESIAN_POINT('Ctrl Pts',(139.741180722302,25.5524878773458,15.7482168624631));
#7571=CARTESIAN_POINT('',(138.074305930355,28.5363871970895,12.8611050329548));
#7572=CARTESIAN_POINT('',(139.712314595941,25.6216210023903,15.6982192649881));
#7573=CARTESIAN_POINT('Ctrl Pts',(139.712314595941,25.6216210023903,15.6982192649881));
#7574=CARTESIAN_POINT('Ctrl Pts',(139.487096723258,26.1571317507787,15.3081304667291));
#7575=CARTESIAN_POINT('Ctrl Pts',(139.238666763885,26.6582880478707,14.8778371549719));
#7576=CARTESIAN_POINT('Ctrl Pts',(138.692142961273,27.6309278083468,13.9312301613027));
#7577=CARTESIAN_POINT('Ctrl Pts',(138.388136470657,28.1018553787161,13.4046754737246));
#7578=CARTESIAN_POINT('Ctrl Pts',(138.074305930355,28.5363871970894,12.8611050329549));
#7579=CARTESIAN_POINT('Origin',(128.765566681654,15.2172258745897,15.6982200350957));
#7580=CARTESIAN_POINT('Ctrl Pts',(138.074305930355,28.5363871970896,12.8611050329546));
#7581=CARTESIAN_POINT('Ctrl Pts',(138.094949874361,28.568377125698,12.8257810557978));
#7582=CARTESIAN_POINT('Ctrl Pts',(138.115588734484,28.6003627020062,12.7904432771894));
#7583=CARTESIAN_POINT('Ctrl Pts',(138.157005495353,28.6645598868152,12.7194833571304));
#7584=CARTESIAN_POINT('Ctrl Pts',(138.177786544796,28.6967764562686,12.6838554680192));
#7585=CARTESIAN_POINT('Ctrl Pts',(138.198558000993,28.7289852042726,12.6482200348221));
#7586=CARTESIAN_POINT('Origin',(126.,20.,18.5982200348221));
#7587=CARTESIAN_POINT('',(138.074305930355,28.5363871970894,18.5353350366894));
#7588=CARTESIAN_POINT('Ctrl Pts',(138.198558000993,28.7289852042725,18.748220034822));
#7589=CARTESIAN_POINT('Ctrl Pts',(138.177786544736,28.6967764561745,18.712584601521));
#7590=CARTESIAN_POINT('Ctrl Pts',(138.157005495313,28.6645598867532,18.6769567124452));
#7591=CARTESIAN_POINT('Ctrl Pts',(138.115588734495,28.6003627020229,18.6059967924733));
#7592=CARTESIAN_POINT('Ctrl Pts',(138.094949874366,28.5683771257051,18.5706590138543));
#7593=CARTESIAN_POINT('Ctrl Pts',(138.074305930355,28.5363871970895,18.5353350366895));
#7594=CARTESIAN_POINT('',(138.124601800134,28.311680407005,18.4482200348221));
#7595=CARTESIAN_POINT('Ctrl Pts',(138.074305930355,28.5363871970913,18.5353350366901));
#7596=CARTESIAN_POINT('Ctrl Pts',(138.09978926939,28.4238836557776,18.4911965987342));
#7597=CARTESIAN_POINT('Ctrl Pts',(138.124601800134,28.311680407005,18.4482200348221));
#7598=CARTESIAN_POINT('',(134.949175319591,31.6620007331172,18.4482200348221));
#7599=CARTESIAN_POINT('Origin',(126.,20.,18.4482200348222));
#7600=CARTESIAN_POINT('',(134.97487754311,31.6983918157632,18.4927375918278));
#7601=CARTESIAN_POINT('',(134.949175319591,31.6620007331172,18.4482200348221));
#7602=CARTESIAN_POINT('Ctrl Pts',(134.974877543115,31.6983918157621,18.4927375918327));
#7603=CARTESIAN_POINT('Ctrl Pts',(134.949551154692,31.7704726438145,18.5345109853586));
#7604=CARTESIAN_POINT('Ctrl Pts',(134.924438276552,31.8423901028332,18.5767009733502));
#7605=CARTESIAN_POINT('Ctrl Pts',(134.874641401671,31.9858971787478,18.6618727145772));
#7606=CARTESIAN_POINT('Ctrl Pts',(134.84995573467,32.0574916023302,18.7048573189139));
#7607=CARTESIAN_POINT('Ctrl Pts',(134.825483571965,32.1289257402678,18.7482200312206));
#7608=CARTESIAN_POINT('Ctrl Pts',(139.919306807548,25.5904291425026,15.6982200348221));
#7609=CARTESIAN_POINT('Ctrl Pts',(139.475833478888,26.6946093700382,16.4874332379852));
#7610=CARTESIAN_POINT('Ctrl Pts',(138.897403221185,27.7523649268018,17.5136588303072));
#7611=CARTESIAN_POINT('Ctrl Pts',(138.198558000993,28.7289852042725,18.7482200348221));
#7612=CARTESIAN_POINT('Ctrl Pts',(139.8599314458,25.577782054117,15.6815544256084));
#7613=CARTESIAN_POINT('Ctrl Pts',(139.413114753986,26.6785775544322,16.46952688158));
#7614=CARTESIAN_POINT('Ctrl Pts',(138.830871487013,27.7322979692905,17.4942384672408));
#7615=CARTESIAN_POINT('Ctrl Pts',(138.128368720789,28.7042089832063,18.7270928018075));
#7616=CARTESIAN_POINT('Ctrl Pts',(139.800556084051,25.5651349657314,15.6648888163948));
#7617=CARTESIAN_POINT('Ctrl Pts',(139.350396029085,26.6625457388262,16.4516205251747));
#7618=CARTESIAN_POINT('Ctrl Pts',(138.76433975284,27.7122310117792,17.4748181041745));
#7619=CARTESIAN_POINT('Ctrl Pts',(138.058179440585,28.6794327621401,18.7059655687929));
#7620=CARTESIAN_POINT('Ctrl Pts',(139.741180722302,25.5524878773458,15.6482232071811));
#7621=CARTESIAN_POINT('Ctrl Pts',(139.287677304183,26.6465139232202,16.4337141687695));
#7622=CARTESIAN_POINT('Ctrl Pts',(138.697808018667,27.6921640542678,17.4553977411081));
#7623=CARTESIAN_POINT('Ctrl Pts',(137.987990160382,28.654656541074,18.6848383357782));
#7624=CARTESIAN_POINT('Ctrl Pts',(139.712315031803,25.6216199660234,15.6982200497226));
#7625=CARTESIAN_POINT('Ctrl Pts',(139.48709683395,26.1571316031749,16.0883094111918));
#7626=CARTESIAN_POINT('Ctrl Pts',(139.238666469601,26.6582886815921,16.5186034243877));
#7627=CARTESIAN_POINT('Ctrl Pts',(138.69214244266,27.6309286114181,17.4652108066058));
#7628=CARTESIAN_POINT('Ctrl Pts',(138.388136203903,28.1018557480652,17.9917650579509));
#7629=CARTESIAN_POINT('Ctrl Pts',(138.074305930355,28.5363871970894,18.5353350366894));
#7630=CARTESIAN_POINT('Ctrl Pts',(134.832429578329,32.1238685139626,18.760107307393));
#7631=CARTESIAN_POINT('Ctrl Pts',(134.263727554223,32.5381769150466,17.7868465672419));
#7632=CARTESIAN_POINT('Ctrl Pts',(133.666300506825,32.9120696156847,16.7629152303388));
#7633=CARTESIAN_POINT('Ctrl Pts',(133.046002695406,33.2421239239155,15.6982200348221));
#7634=CARTESIAN_POINT('Ctrl Pts',(134.879912233258,31.9820429478956,18.6709840688729));
#7635=CARTESIAN_POINT('Ctrl Pts',(134.315755886835,32.3976855391754,17.7016766534355));
#7636=CARTESIAN_POINT('Ctrl Pts',(133.722508508978,32.7735129134265,16.6813704955333));
#7637=CARTESIAN_POINT('Ctrl Pts',(133.106014755784,33.1059297473994,15.6200334122427));
#7638=CARTESIAN_POINT('Ctrl Pts',(134.927394888186,31.8402173818285,18.5818608303529));
#7639=CARTESIAN_POINT('Ctrl Pts',(134.367784219447,32.2571941633042,17.616506739629));
#7640=CARTESIAN_POINT('Ctrl Pts',(133.77871651113,32.6349562111683,16.5998257607279));
#7641=CARTESIAN_POINT('Ctrl Pts',(133.166026816162,32.9697355708832,15.5418467896632));
#7642=CARTESIAN_POINT('Ctrl Pts',(134.974877543115,31.6983918157615,18.4927375918329));
#7643=CARTESIAN_POINT('Ctrl Pts',(134.41981255206,32.1167027874329,17.5313368258226));
#7644=CARTESIAN_POINT('Ctrl Pts',(133.834924513283,32.4963995089101,16.5182810259224));
#7645=CARTESIAN_POINT('Ctrl Pts',(133.22603887654,32.8335413943671,15.4636601670838));
#7646=CARTESIAN_POINT('',(133.361462068196,32.7576312326544,15.698220053568));
#7647=CARTESIAN_POINT('Ctrl Pts',(134.974877543111,31.698391815765,18.4927375918278));
#7648=CARTESIAN_POINT('Ctrl Pts',(134.713945513881,31.8950367716649,18.0407900598786));
#7649=CARTESIAN_POINT('Ctrl Pts',(134.450387404071,32.0801616149052,17.5842940230254));
#7650=CARTESIAN_POINT('Ctrl Pts',(133.912676920913,32.4331770214503,16.6529521464338));
#7651=CARTESIAN_POINT('Ctrl Pts',(133.637658441789,32.6009128073218,16.1766061674853));
#7652=CARTESIAN_POINT('Ctrl Pts',(133.361462217133,32.7576311217179,15.6982202735228));
#7653=CARTESIAN_POINT('Origin',(83.140442659582,0.402999091576945,15.7151820372737));
#7654=CARTESIAN_POINT('Ctrl Pts',(133.046002695406,33.2421239239155,15.6982200348221));
#7655=CARTESIAN_POINT('Ctrl Pts',(133.666300506825,32.9120696156847,14.6335248393055));
#7656=CARTESIAN_POINT('Ctrl Pts',(134.263727554223,32.5381769150466,13.6095935024023));
#7657=CARTESIAN_POINT('Ctrl Pts',(134.832429578329,32.1238685139626,12.6363327622513));
#7658=CARTESIAN_POINT('Ctrl Pts',(133.106014755784,33.1059297473994,15.7764066574016));
#7659=CARTESIAN_POINT('Ctrl Pts',(133.722508508978,32.7735129134265,14.715069574111));
#7660=CARTESIAN_POINT('Ctrl Pts',(134.315755886835,32.3976855391754,13.6947634162088));
#7661=CARTESIAN_POINT('Ctrl Pts',(134.879912233258,31.9820429478956,12.7254560007713));
#7662=CARTESIAN_POINT('Ctrl Pts',(133.166026816162,32.9697355708832,15.8545932799811));
#7663=CARTESIAN_POINT('Ctrl Pts',(133.77871651113,32.6349562111683,14.7966143089164));
#7664=CARTESIAN_POINT('Ctrl Pts',(134.367784219447,32.2571941633042,13.7799333300153));
#7665=CARTESIAN_POINT('Ctrl Pts',(134.927394888186,31.8402173818285,12.8145792392914));
#7666=CARTESIAN_POINT('Ctrl Pts',(133.22603887654,32.8335413943671,15.9327799025605));
#7667=CARTESIAN_POINT('Ctrl Pts',(133.834924513283,32.4963995089101,14.8781590437219));
#7668=CARTESIAN_POINT('Ctrl Pts',(134.41981255206,32.1167027874329,13.8651032438217));
#7669=CARTESIAN_POINT('Ctrl Pts',(134.974877543115,31.6983918157615,12.9037024778114));
#7670=CARTESIAN_POINT('',(134.97487754311,31.6983918157632,12.9037024778164));
#7671=CARTESIAN_POINT('Ctrl Pts',(133.361462061924,32.7576312097854,15.6982200649519));
#7672=CARTESIAN_POINT('Ctrl Pts',(133.637657581683,32.6009132997376,15.219835391907));
#7673=CARTESIAN_POINT('Ctrl Pts',(133.912675359738,32.433177975974,14.7434906272457));
#7674=CARTESIAN_POINT('Ctrl Pts',(134.450385914951,32.08016266093,13.812148625851));
#7675=CARTESIAN_POINT('Ctrl Pts',(134.713944777231,31.8950373268219,13.3556512856809));
#7676=CARTESIAN_POINT('Ctrl Pts',(134.974877543112,31.6983918157643,12.903702477817));
#7677=CARTESIAN_POINT('Ctrl Pts',(134.974877543115,31.6983918157621,12.9037024778116));
#7678=CARTESIAN_POINT('Ctrl Pts',(134.94955115469,31.7704726438192,12.8619290842829));
#7679=CARTESIAN_POINT('Ctrl Pts',(134.924438276549,31.8423901028428,12.8197390962883));
#7680=CARTESIAN_POINT('Ctrl Pts',(134.874641401673,31.985897178742,12.7345673550704));
#7681=CARTESIAN_POINT('Ctrl Pts',(134.849955734674,32.0574916023183,12.6915827507375));
#7682=CARTESIAN_POINT('Ctrl Pts',(134.825483571965,32.1289257402678,12.6482200384236));
#7683=CARTESIAN_POINT('Origin',(126.,20.,12.7982200348221));
#7684=CARTESIAN_POINT('',(134.949175319591,31.6620007331172,12.9482200348221));
#7685=CARTESIAN_POINT('',(134.974877543113,31.6983918157594,12.9037024778149));
#7686=CARTESIAN_POINT('',(138.124601800134,28.311680407005,12.9482200348221));
#7687=CARTESIAN_POINT('Origin',(126.,20.,12.9482200348222));
#7688=CARTESIAN_POINT('Ctrl Pts',(138.124601800134,28.311680407005,12.9482200348221));
#7689=CARTESIAN_POINT('Ctrl Pts',(138.09978926939,28.4238836557777,12.9052434709101));
#7690=CARTESIAN_POINT('Ctrl Pts',(138.074305930355,28.5363871970915,12.8611050329541));
#7691=CARTESIAN_POINT('Origin',(134.949175319591,23.8915639622152,12.9482200348221));
#7692=CARTESIAN_POINT('',(133.361462079319,23.8915639622152,15.6982200348221));
#7693=CARTESIAN_POINT('',(133.361462079319,23.8915639622152,15.6982200348221));
#7694=CARTESIAN_POINT('',(134.949175319591,23.8915639622152,12.9482200348221));
#7695=CARTESIAN_POINT('',(133.361462079319,23.8915639622152,15.6982200348221));
#7696=CARTESIAN_POINT('',(134.949175319591,23.8915639622152,12.9482200348221));
#7697=CARTESIAN_POINT('Origin',(133.361462079319,23.8915639622152,15.6982200348221));
#7698=CARTESIAN_POINT('',(134.949175319591,23.8915639622152,18.4482200348221));
#7699=CARTESIAN_POINT('',(134.949175319591,23.8915639622152,18.4482200348221));
#7700=CARTESIAN_POINT('',(134.949175319591,23.8915639622152,18.4482200348221));
#7701=CARTESIAN_POINT('Origin',(134.949175319591,23.8915639622152,18.4482200348221));
#7702=CARTESIAN_POINT('',(138.124601800134,23.8915639622152,18.4482200348221));
#7703=CARTESIAN_POINT('',(138.124601800134,23.8915639622152,18.4482200348221));
#7704=CARTESIAN_POINT('',(138.124601800134,23.8915639622152,18.4482200348221));
#7705=CARTESIAN_POINT('Origin',(136.500000156462,15.,15.69990020586));
#7706=CARTESIAN_POINT('',(138.186888559862,15.,15.6982200348221));
#7707=CARTESIAN_POINT('Origin',(136.536888559862,15.,15.6982200348221));
#7708=CARTESIAN_POINT('Origin',(136.536888559862,9.39156396221523,15.6982200348221));
#7709=CARTESIAN_POINT('',(138.186888559862,9.39156396221523,15.6982200348221));
#7710=CARTESIAN_POINT('Origin',(138.124601800134,23.8915639622152,12.9482200348221));
#7711=CARTESIAN_POINT('',(138.124601800134,23.8915639622152,12.9482200348221));
#7712=CARTESIAN_POINT('',(134.949175319591,23.8915639622152,12.9482200348221));
#7713=CARTESIAN_POINT('',(138.124601800134,23.8915639622152,12.9482200348221));
#7714=CARTESIAN_POINT('Origin',(139.712315040405,23.8915639622152,15.6982200348221));
#7715=CARTESIAN_POINT('',(139.712315040405,23.8915639622152,15.6982200348221));
#7716=CARTESIAN_POINT('',(138.124601800134,23.8915639622152,12.9482200348221));
#7717=CARTESIAN_POINT('',(139.712315040405,23.8915639622152,15.6982200348221));
#7718=CARTESIAN_POINT('Origin',(138.124601800134,23.8915639622152,18.4482200348221));
#7719=CARTESIAN_POINT('',(139.712315040405,23.8915639622152,15.6982200348221));
#7720=CARTESIAN_POINT('Origin',(136.536888559862,23.8915639622152,15.6982200348221));
#7721=CARTESIAN_POINT('',(134.886888559862,23.8915639622152,15.6982200348221));
#7722=CARTESIAN_POINT('Origin',(136.536888559862,23.8915639622152,15.6982200348221));
#7723=CARTESIAN_POINT('Origin',(136.536888559862,27.3915639622152,15.6982200348221));
#7724=CARTESIAN_POINT('',(134.886888559862,27.3915639622152,15.6982200348221));
#7725=CARTESIAN_POINT('Origin',(125.989325737341,12.5,12.19990020586));
#7726=CARTESIAN_POINT('',(140.978651474682,19.2,12.19990020586));
#7727=CARTESIAN_POINT('Origin',(140.978651474682,19.2,11.99990020586));
#7728=CARTESIAN_POINT('Origin',(119.9,20.,11.99990020586));
#7729=CARTESIAN_POINT('Origin',(59.9999999999999,20.,11.79990020586));
#7730=CARTESIAN_POINT('Ctrl Pts',(53.9205263385716,19.5,11.59990020586));
#7731=CARTESIAN_POINT('Ctrl Pts',(53.7262621376344,19.5,11.7935107129022));
#7732=CARTESIAN_POINT('Ctrl Pts',(53.519259301592,19.5,11.99990020586));
#7733=CARTESIAN_POINT('',(66.2999999841023,19.9996785436481,11.79990020586));
#7734=CARTESIAN_POINT('Ctrl Pts',(46.5672294816702,13.3246216435402,22.1999000568484));
#7735=CARTESIAN_POINT('Ctrl Pts',(46.5672294816702,13.3246216435402,22.5374415531121));
#7736=CARTESIAN_POINT('Ctrl Pts',(46.6564357232894,13.1416389056135,23.1582518932325));
#7737=CARTESIAN_POINT('Ctrl Pts',(46.9513065714522,12.5906937793983,23.8661242616065));
#7738=CARTESIAN_POINT('Ctrl Pts',(47.3085513239971,11.9947134665843,24.3697262459741));
#7739=CARTESIAN_POINT('Ctrl Pts',(47.8599098345734,11.1600194742263,24.8985937583005));
#7740=CARTESIAN_POINT('Ctrl Pts',(48.7617428752705,10.0159259427332,25.3337164191287));
#7741=CARTESIAN_POINT('Ctrl Pts',(49.7461449269729,9.0267810145268,25.3913231803394));
#7742=CARTESIAN_POINT('Ctrl Pts',(50.6485289401565,8.26055643938801,25.1537696972602));
#7743=CARTESIAN_POINT('Ctrl Pts',(51.3227007661053,7.75720638942561,24.775552112605));
#7744=CARTESIAN_POINT('Ctrl Pts',(51.8984074191378,7.37077234862081,24.2407329649316));
#7745=CARTESIAN_POINT('Ctrl Pts',(52.3805910679456,7.07713455980211,23.4706258629326));
#7746=CARTESIAN_POINT('Ctrl Pts',(52.6208675631227,6.94091200023111,22.5454607734109));
#7747=CARTESIAN_POINT('Ctrl Pts',(52.5885339884976,6.95883324173871,21.6282250130182));
#7748=CARTESIAN_POINT('Ctrl Pts',(52.2805959168898,7.13574115404621,20.7204294503127));
#7749=CARTESIAN_POINT('Ctrl Pts',(51.9325623743303,7.35222173572581,20.2436455236792));
#7750=CARTESIAN_POINT('Ctrl Pts',(51.4316512506709,7.68221734970621,19.7025713334113));
#7751=CARTESIAN_POINT('Ctrl Pts',(50.918021975786,8.04434210067392,19.35376641622));
#7752=CARTESIAN_POINT('Ctrl Pts',(49.8550459661695,8.925205111427,19.012234925412));
#7753=CARTESIAN_POINT('Ctrl Pts',(48.8049397743839,9.94739445677761,19.0263420013802));
#7754=CARTESIAN_POINT('Ctrl Pts',(47.7599108725186,11.2918602100025,19.5540188313118));
#7755=CARTESIAN_POINT('Ctrl Pts',(47.157013398605,12.2380532956971,20.208180483505));
#7756=CARTESIAN_POINT('Ctrl Pts',(46.8930273314191,12.7019326628116,20.669475475983));
#7757=CARTESIAN_POINT('Ctrl Pts',(46.7226739815016,13.019215370184,21.1228105547666));
#7758=CARTESIAN_POINT('Ctrl Pts',(46.6682272327194,13.1245093207812,21.311992542846));
#7759=CARTESIAN_POINT('Ctrl Pts',(46.5903141467534,13.2778237640669,21.7297743580174));
#7760=CARTESIAN_POINT('Ctrl Pts',(46.5672294816702,13.3246216435402,21.9593886370715));
#7761=CARTESIAN_POINT('Ctrl Pts',(46.5672294816702,13.3246216435402,22.1999000568484));
#7762=CARTESIAN_POINT('Ctrl Pts',(46.6282818872535,13.339385525721,22.1999000568484));
#7763=CARTESIAN_POINT('Ctrl Pts',(46.6282770954431,13.3394120003201,22.5343549782515));
#7764=CARTESIAN_POINT('Ctrl Pts',(46.7271146641199,13.1588574681784,23.1488119010067));
#7765=CARTESIAN_POINT('Ctrl Pts',(47.0423144804222,12.6156372545624,23.8401094333073));
#7766=CARTESIAN_POINT('Ctrl Pts',(47.4137535588912,12.0289193592166,24.3247660653899));
#7767=CARTESIAN_POINT('Ctrl Pts',(47.9777686607727,11.2084405038531,24.8257901385636));
#7768=CARTESIAN_POINT('Ctrl Pts',(48.8784175337049,10.088790042274,25.219688532347));
#7769=CARTESIAN_POINT('Ctrl Pts',(49.8343349864083,9.12933092486253,25.2429080151115));
#7770=CARTESIAN_POINT('Ctrl Pts',(50.6912551623462,8.39286347507029,24.9901464541359));
#7771=CARTESIAN_POINT('Ctrl Pts',(51.3200959466411,7.91303225840647,24.6156065767647));
#7772=CARTESIAN_POINT('Ctrl Pts',(51.8491209613592,7.54724198625579,24.1024807888396));
#7773=CARTESIAN_POINT('Ctrl Pts',(52.2867217887872,7.27078436010589,23.3785088172183));
#7774=CARTESIAN_POINT('Ctrl Pts',(52.5028811845127,7.1429460728044,22.5197708440609));
#7775=CARTESIAN_POINT('Ctrl Pts',(52.47391733509,7.15974095630862,21.6706298807772));
#7776=CARTESIAN_POINT('Ctrl Pts',(52.1963296439161,7.32586102571823,20.8263929896186));
#7777=CARTESIAN_POINT('Ctrl Pts',(51.8796937679145,7.5299004119173,20.3760692294336));
#7778=CARTESIAN_POINT('Ctrl Pts',(51.4204815783588,7.84196770926798,19.8604383250664));
#7779=CARTESIAN_POINT('Ctrl Pts',(50.9449005234359,8.18588567299494,19.5192043758046));
#7780=CARTESIAN_POINT('Ctrl Pts',(49.9391312146703,9.03115947134023,19.1641287520539));
#7781=CARTESIAN_POINT('Ctrl Pts',(48.9228854697291,10.0212706227747,19.1427535721331));
#7782=CARTESIAN_POINT('Ctrl Pts',(47.877630644001,11.3376187261739,19.6221798459781));
#7783=CARTESIAN_POINT('Ctrl Pts',(47.2572249774169,12.2683368387003,20.245132246415));
#7784=CARTESIAN_POINT('Ctrl Pts',(46.9801572350818,12.7253780718541,20.6923512111302));
#7785=CARTESIAN_POINT('Ctrl Pts',(46.7975276633238,13.038166247732,21.1358224353898));
#7786=CARTESIAN_POINT('Ctrl Pts',(46.7388512504796,13.1420152753385,21.3218717506301));
#7787=CARTESIAN_POINT('Ctrl Pts',(46.653721884121,13.2932200830078,21.7341620047049));
#7788=CARTESIAN_POINT('Ctrl Pts',(46.6283051977168,13.3393859163129,21.961598615594));
#7789=CARTESIAN_POINT('Ctrl Pts',(46.6282818872535,13.339385525721,22.1999000568484));
#7790=CARTESIAN_POINT('Ctrl Pts',(46.6893342928368,13.354149407902,22.1999000568484));
#7791=CARTESIAN_POINT('Ctrl Pts',(46.6893391150745,13.3541227651932,22.5311892299734));
#7792=CARTESIAN_POINT('Ctrl Pts',(46.7982602632427,13.1761242508944,23.1392311694788));
#7793=CARTESIAN_POINT('Ctrl Pts',(47.1332272375788,12.6406352018873,23.8139642016435));
#7794=CARTESIAN_POINT('Ctrl Pts',(47.5190920246234,12.0629949003331,24.2799500580533));
#7795=CARTESIAN_POINT('Ctrl Pts',(48.0953787866008,11.2569180852929,24.7530598231471));
#7796=CARTESIAN_POINT('Ctrl Pts',(48.9948499374711,10.161642249356,25.1058774881464));
#7797=CARTESIAN_POINT('Ctrl Pts',(49.9226042738776,9.23186627116898,25.0945519391242));
#7798=CARTESIAN_POINT('Ctrl Pts',(50.7334374680426,8.52535424759234,24.826788061437));
#7799=CARTESIAN_POINT('Ctrl Pts',(51.3173444303557,8.06892431701733,24.4558715946607));
#7800=CARTESIAN_POINT('Ctrl Pts',(51.8000771170496,7.72359322051059,23.9638836413586));
#7801=CARTESIAN_POINT('Ctrl Pts',(52.192963563645,7.46437433789803,23.2864480238614));
#7802=CARTESIAN_POINT('Ctrl Pts',(52.3850507173357,7.34490503154332,22.4937613355349));
#7803=CARTESIAN_POINT('Ctrl Pts',(52.3592840169574,7.36061433546197,21.7133771103264));
#7804=CARTESIAN_POINT('Ctrl Pts',(52.1123900378476,7.51587979269805,20.9319181258828));
#7805=CARTESIAN_POINT('Ctrl Pts',(51.8270251850928,7.70745552310452,20.5086283876139));
#7806=CARTESIAN_POINT('Ctrl Pts',(51.4095333398495,8.00173876746332,20.0182956028633));
#7807=CARTESIAN_POINT('Ctrl Pts',(50.9717354056287,8.3273273453454,19.684340737942));
#7808=CARTESIAN_POINT('Ctrl Pts',(50.0233832264794,9.13715720711953,19.3163669794778));
#7809=CARTESIAN_POINT('Ctrl Pts',(49.0408525213662,10.0950701527962,19.2587794206618));
#7810=CARTESIAN_POINT('Ctrl Pts',(47.9944749021583,11.3834643277464,19.690140939069));
#7811=CARTESIAN_POINT('Ctrl Pts',(47.357949686867,12.2985827119928,20.2822486344399));
#7812=CARTESIAN_POINT('Ctrl Pts',(47.0662256192416,12.7488054713402,20.7148996259989));
#7813=CARTESIAN_POINT('Ctrl Pts',(46.8729142828579,13.0571397554806,21.1489952591055));
#7814=CARTESIAN_POINT('Ctrl Pts',(46.8092349659395,13.1595165780601,21.3316859706425));
#7815=CARTESIAN_POINT('Ctrl Pts',(46.7173504695109,13.3086284875602,21.7386098728828));
#7816=CARTESIAN_POINT('Ctrl Pts',(46.6893108343556,13.3541490148299,21.9638329181396));
#7817=CARTESIAN_POINT('Ctrl Pts',(46.6893342928368,13.354149407902,22.1999000568484));
#7818=CARTESIAN_POINT('Ctrl Pts',(46.7503866984201,13.3689132900828,22.1999000568484));
#7819=CARTESIAN_POINT('Ctrl Pts',(46.750386667864,13.3689134589042,22.5281029902724));
#7820=CARTESIAN_POINT('Ctrl Pts',(46.8689372285994,13.193342609332,23.1297917730354));
#7821=CARTESIAN_POINT('Ctrl Pts',(47.2242355493487,12.665578446458,23.7879499253722));
#7822=CARTESIAN_POINT('Ctrl Pts',(47.6242936828204,12.097201344774,24.23498926715));
#7823=CARTESIAN_POINT('Ctrl Pts',(48.2132386656069,11.3053388755226,24.6802558930958));
#7824=CARTESIAN_POINT('Ctrl Pts',(49.1115256214262,10.2345063992403,24.9918486834192));
#7825=CARTESIAN_POINT('Ctrl Pts',(50.0107939979223,9.33441624315764,24.9461365237576));
#7826=CARTESIAN_POINT('Ctrl Pts',(50.7761659927581,8.65766050547354,24.6631636971388));
#7827=CARTESIAN_POINT('Ctrl Pts',(51.3147402318935,8.22474990580187,24.295925167497));
#7828=CARTESIAN_POINT('Ctrl Pts',(51.7507896322313,7.90006335937481,23.8256329256112));
#7829=CARTESIAN_POINT('Ctrl Pts',(52.0990938143689,7.65802439144452,23.1943307400175));
#7830=CARTESIAN_POINT('Ctrl Pts',(52.2670636787159,7.54693942209105,22.4680727590386));
#7831=CARTESIAN_POINT('Ctrl Pts',(52.2446674340955,7.56152219538173,21.7557805287878));
#7832=CARTESIAN_POINT('Ctrl Pts',(52.0281223820164,7.70600009236992,21.0378835210516));
#7833=CARTESIAN_POINT('Ctrl Pts',(51.7741557319303,7.88513472237573,20.6410515199665));
#7834=CARTESIAN_POINT('Ctrl Pts',(51.3983627301564,8.16148903940291,20.1761626356394));
#7835=CARTESIAN_POINT('Ctrl Pts',(50.9986141381247,8.46887134903287,19.8497799742593));
#7836=CARTESIAN_POINT('Ctrl Pts',(50.1074677690321,9.24311138341254,19.4682593481904));
#7837=CARTESIAN_POINT('Ctrl Pts',(49.1587981263052,10.1689466432113,19.3751926242673));
#7838=CARTESIAN_POINT('Ctrl Pts',(48.1121983798937,11.4292224752648,19.7583028000501));
#7839=CARTESIAN_POINT('Ctrl Pts',(47.4581590934768,12.3288664144607,20.3191997004532));
#7840=CARTESIAN_POINT('Ctrl Pts',(47.1533600165651,12.7722509566213,20.7377767467695));
#7841=CARTESIAN_POINT('Ctrl Pts',(46.9477657086298,13.0760905372297,21.1620064584189));
#7842=CARTESIAN_POINT('Ctrl Pts',(46.8798600009556,13.1770225523097,21.341565453535));
#7843=CARTESIAN_POINT('Ctrl Pts',(46.780757271977,13.32402475534,21.7429972646386));
#7844=CARTESIAN_POINT('Ctrl Pts',(46.7503868470647,13.3689132925735,21.9660427936928));
#7845=CARTESIAN_POINT('Ctrl Pts',(46.7503866984201,13.3689132900828,22.1999000568484));
#7846=CARTESIAN_POINT('',(46.5672294816702,13.3246216435402,22.1999000568484));
#7847=CARTESIAN_POINT('',(46.7499998435377,13.3688197396346,22.1999000568484));
#7848=CARTESIAN_POINT('',(46.5672294816702,13.3246216435402,22.1999000568484));
#7849=CARTESIAN_POINT('',(52.2499998178731,7.55738674999207,22.1995243500018));
#7850=CARTESIAN_POINT('Ctrl Pts',(46.7499998435377,13.3688197396346,22.1999000568484));
#7851=CARTESIAN_POINT('Ctrl Pts',(46.7499998435377,13.3688197396346,22.2741990828687));
#7852=CARTESIAN_POINT('Ctrl Pts',(46.7530119551792,13.3643210085099,22.3471741628753));
#7853=CARTESIAN_POINT('Ctrl Pts',(46.7587088322361,13.3558306918915,22.4185861134609));
#7854=CARTESIAN_POINT('Ctrl Pts',(46.7645401159243,13.3471400629187,22.4916828888409));
#7855=CARTESIAN_POINT('Ctrl Pts',(46.7731838826155,13.3342672793617,22.5631418824186));
#7856=CARTESIAN_POINT('Ctrl Pts',(46.7842804733108,13.3177562357081,22.6327606604777));
#7857=CARTESIAN_POINT('Ctrl Pts',(46.795533825842,13.3010119400957,22.7033629448914));
#7858=CARTESIAN_POINT('Ctrl Pts',(46.8093093295896,13.2805258626917,22.7720727839167));
#7859=CARTESIAN_POINT('Ctrl Pts',(46.8252302529017,13.2568652759933,22.838733084336));
#7860=CARTESIAN_POINT('Ctrl Pts',(46.8414939083513,13.2326953442467,22.9068283911804));
#7861=CARTESIAN_POINT('Ctrl Pts',(46.8599958914468,13.2052127557912,22.9727851087278));
#7862=CARTESIAN_POINT('Ctrl Pts',(46.8803400163848,13.1750222127205,23.0364897950124));
#7863=CARTESIAN_POINT('Ctrl Pts',(46.8860100883981,13.1666078644086,23.054244805853));
#7864=CARTESIAN_POINT('Ctrl Pts',(46.8918233087873,13.1579831670721,23.0718251917351));
#7865=CARTESIAN_POINT('Ctrl Pts',(46.8977712440968,13.1491612122336,23.089229195161));
#7866=CARTESIAN_POINT('Ctrl Pts',(46.9199978068275,13.1161948596381,23.1542654058433));
#7867=CARTESIAN_POINT('Ctrl Pts',(46.9440942408201,13.0804739887075,23.2168124627566));
#7868=CARTESIAN_POINT('Ctrl Pts',(46.9696686440988,13.0425814407868,23.2768977454003));
#7869=CARTESIAN_POINT('Ctrl Pts',(46.9952133412043,13.0047329072887,23.3369132354551));
#7870=CARTESIAN_POINT('Ctrl Pts',(47.0222325905983,12.9647177389314,23.3944733219017));
#7871=CARTESIAN_POINT('Ctrl Pts',(47.0503787005462,12.9231167484048,23.4496425326445));
#7872=CARTESIAN_POINT('Ctrl Pts',(47.0795235266158,12.8800396185469,23.5067693275896));
#7873=CARTESIAN_POINT('Ctrl Pts',(47.1098764221394,12.8352621295462,23.5613330150277));
#7874=CARTESIAN_POINT('Ctrl Pts',(47.1410989579694,12.7894291412862,23.6134369725549));
#7875=CARTESIAN_POINT('Ctrl Pts',(47.1702868606374,12.7465828840954,23.6621455479635));
#7876=CARTESIAN_POINT('Ctrl Pts',(47.2002353100188,12.7028142097604,23.7087051895586));
#7877=CARTESIAN_POINT('Ctrl Pts',(47.230704597672,12.6586499470838,23.7532187901067));
#7878=CARTESIAN_POINT('Ctrl Pts',(47.2592997634648,12.6172021643941,23.7949944234001));
#7879=CARTESIAN_POINT('Ctrl Pts',(47.2883319304139,12.5754059608673,23.8349408372193));
#7880=CARTESIAN_POINT('Ctrl Pts',(47.3177250983767,12.5332907052456,23.8732729790126));
#7881=CARTESIAN_POINT('Ctrl Pts',(47.348173630306,12.4896632981171,23.9129814393185));
#7882=CARTESIAN_POINT('Ctrl Pts',(47.3790097642818,12.4456935163997,23.950958015336));
#7883=CARTESIAN_POINT('Ctrl Pts',(47.4102026969744,12.4014140072403,23.9874256891725));
#7884=CARTESIAN_POINT('Ctrl Pts',(47.4419762912026,12.3563102277874,24.0245722147124));
#7885=CARTESIAN_POINT('Ctrl Pts',(47.4741204503124,12.3108850823106,24.060153459053));
#7886=CARTESIAN_POINT('Ctrl Pts',(47.5066526976537,12.2651730753025,24.0943834048872));
#7887=CARTESIAN_POINT('Ctrl Pts',(47.5398956823095,12.2184623906207,24.1293611779317));
#7888=CARTESIAN_POINT('Ctrl Pts',(47.5735442171859,12.1714521732677,24.1629282918754));
#7889=CARTESIAN_POINT('Ctrl Pts',(47.6076636225083,12.1241792389785,24.1952856402834));
#7890=CARTESIAN_POINT('Ctrl Pts',(47.6152206567072,12.1137088577474,24.2024524002604));
#7891=CARTESIAN_POINT('Ctrl Pts',(47.6228009574376,12.1032255884447,24.2095596974761));
#7892=CARTESIAN_POINT('Ctrl Pts',(47.63040551119,12.0927298310919,24.2166095134766));
#7893=CARTESIAN_POINT('Ctrl Pts',(47.672105125509,12.0351762851714,24.2552672201361));
#7894=CARTESIAN_POINT('Ctrl Pts',(47.7144911221941,11.9772472381264,24.2921623066562));
#7895=CARTESIAN_POINT('Ctrl Pts',(47.7575853579701,11.918912582439,24.3274554052434));
#7896=CARTESIAN_POINT('Ctrl Pts',(47.8010981692848,11.8600113205806,24.3630913067017));
#7897=CARTESIAN_POINT('Ctrl Pts',(47.8453334863744,11.8006965324368,24.3970943062177));
#7898=CARTESIAN_POINT('Ctrl Pts',(47.8903552467667,11.7409372246354,24.4295960612593));
#7899=CARTESIAN_POINT('Ctrl Pts',(47.9357008480767,11.6807480689356,24.4623316009883));
#7900=CARTESIAN_POINT('Ctrl Pts',(47.9818446970547,11.6201079757313,24.4935445650859));
#7901=CARTESIAN_POINT('Ctrl Pts',(48.0288871874359,11.5589852780231,24.5233301834193));
#7902=CARTESIAN_POINT('Ctrl Pts',(48.0445893148278,11.538583373741,24.5332722075283));
#7903=CARTESIAN_POINT('Ctrl Pts',(48.0603918206378,11.5181277009795,24.5430548616525));
#7904=CARTESIAN_POINT('Ctrl Pts',(48.0762991660947,11.4976170821016,24.5526806205747));
#7905=CARTESIAN_POINT('Ctrl Pts',(48.1377429701011,11.4183926477165,24.5898611323221));
#7906=CARTESIAN_POINT('Ctrl Pts',(48.2008046676096,11.3383484324846,24.6247273120568));
#7907=CARTESIAN_POINT('Ctrl Pts',(48.265208631585,11.2578963146039,24.6570916779648));
#7908=CARTESIAN_POINT('Ctrl Pts',(48.3317791210863,11.1747378172361,24.6905447691707));
#7909=CARTESIAN_POINT('Ctrl Pts',(48.399783331271,11.0911435122383,24.7213243091611));
#7910=CARTESIAN_POINT('Ctrl Pts',(48.4688879010278,11.007568258053,24.7492741294422));
#7911=CARTESIAN_POINT('Ctrl Pts',(48.5357567445576,10.9266968972334,24.7763196948171));
#7912=CARTESIAN_POINT('Ctrl Pts',(48.6036552569011,10.8458433744726,24.800715756069));
#7913=CARTESIAN_POINT('Ctrl Pts',(48.6722627672991,10.765419813285,24.82237052048));
#7914=CARTESIAN_POINT('Ctrl Pts',(48.7443110642189,10.6809628699828,24.8451113091628));
#7915=CARTESIAN_POINT('Ctrl Pts',(48.8171407174523,10.5969800963403,24.8648283523302));
#7916=CARTESIAN_POINT('Ctrl Pts',(48.8903681967597,10.5139487837174,24.8814759471127));
#7917=CARTESIAN_POINT('Ctrl Pts',(48.9635956760672,10.4309174710945,24.8981235418952));
#7918=CARTESIAN_POINT('Ctrl Pts',(49.037220294508,10.3488376194911,24.9117016970247));
#7919=CARTESIAN_POINT('Ctrl Pts',(49.1108562369827,10.2681865202668,24.9222276002343));
#7920=CARTESIAN_POINT('Ctrl Pts',(49.1714972983881,10.201768299815,24.9308959478025));
#7921=CARTESIAN_POINT('Ctrl Pts',(49.2321065011908,10.1363190505327,24.9374965376832));
#7922=CARTESIAN_POINT('Ctrl Pts',(49.2927721165164,10.0717445077842,24.9420810627548));
#7923=CARTESIAN_POINT('Ctrl Pts',(49.3535323999174,10.0070691971188,24.9466727419311));
#7924=CARTESIAN_POINT('Ctrl Pts',(49.4143499074652,9.94327132505836,24.949242107811));
#7925=CARTESIAN_POINT('Ctrl Pts',(49.4753197796304,9.88025618498117,24.9497893081539));
#7926=CARTESIAN_POINT('Ctrl Pts',(49.5357420042515,9.81780706358633,24.9503315933985));
#7927=CARTESIAN_POINT('Ctrl Pts',(49.5963144854127,9.75612667591428,24.948887824066));
#7928=CARTESIAN_POINT('Ctrl Pts',(49.6571268351491,9.69512284452861,24.945407497834));
#7929=CARTESIAN_POINT('Ctrl Pts',(49.7173061040818,9.63475408734692,24.9419634031856));
#7930=CARTESIAN_POINT('Ctrl Pts',(49.7777208688182,9.57504787333305,24.936524856792));
#7931=CARTESIAN_POINT('Ctrl Pts',(49.8384460764369,9.51591487399657,24.9289940727146));
#7932=CARTESIAN_POINT('Ctrl Pts',(49.8990198110704,9.45692937604026,24.9214820734283));
#7933=CARTESIAN_POINT('Ctrl Pts',(49.9599030808767,9.39851423667401,24.9118882259246));
#7934=CARTESIAN_POINT('Ctrl Pts',(50.0211491719316,9.34058079420445,24.9000673437984));
#7935=CARTESIAN_POINT('Ctrl Pts',(50.0823952629864,9.28264735173489,24.8882464616722));
#7936=CARTESIAN_POINT('Ctrl Pts',(50.1440048871656,9.22519560616202,24.874198487649));
#7937=CARTESIAN_POINT('Ctrl Pts',(50.2060000864382,9.16813689579247,24.8577306867089));
#7938=CARTESIAN_POINT('Ctrl Pts',(50.2716312979088,9.10773169780216,24.840297050901));
#7939=CARTESIAN_POINT('Ctrl Pts',(50.3376393812645,9.04776698993211,24.8201573666383));
#7940=CARTESIAN_POINT('Ctrl Pts',(50.40367347412,8.98861988601976,24.7971820918593));
#7941=CARTESIAN_POINT('Ctrl Pts',(50.4690620714013,8.93005095608021,24.7744314046766));
#7942=CARTESIAN_POINT('Ctrl Pts',(50.5344757120498,8.87228372376154,24.7489000881202));
#7943=CARTESIAN_POINT('Ctrl Pts',(50.5995563933836,8.81568435157916,24.7205101801501));
#7944=CARTESIAN_POINT('Ctrl Pts',(50.656811851498,8.76589042015632,24.6955338407305));
#7945=CARTESIAN_POINT('Ctrl Pts',(50.7138091391403,8.71700038884593,24.6683456230155));
#7946=CARTESIAN_POINT('Ctrl Pts',(50.7702976783294,8.66926358406261,24.6389251512096));
#7947=CARTESIAN_POINT('Ctrl Pts',(50.8211208633427,8.62631440363986,24.6124553202805));
#7948=CARTESIAN_POINT('Ctrl Pts',(50.8715737840949,8.58429873046065,24.5841541170475));
#7949=CARTESIAN_POINT('Ctrl Pts',(50.9213622007204,8.54333163855709,24.5540939846258));
#7950=CARTESIAN_POINT('Ctrl Pts',(50.9709851577213,8.5025006907631,24.5241337497017));
#7951=CARTESIAN_POINT('Ctrl Pts',(51.0199475415891,8.46271136641853,24.492426411247));
#7952=CARTESIAN_POINT('Ctrl Pts',(51.0679774899448,8.42407759610272,24.4590915273457));
#7953=CARTESIAN_POINT('Ctrl Pts',(51.1159259080247,8.38550940616046,24.4258132290202));
#7954=CARTESIAN_POINT('Ctrl Pts',(51.1629446104032,8.34809285049774,24.3909131479031));
#7955=CARTESIAN_POINT('Ctrl Pts',(51.2087894582186,8.31194128049069,24.3545550298682));
#7956=CARTESIAN_POINT('Ctrl Pts',(51.239155331647,8.28799586347256,24.3304728033377));
#7957=CARTESIAN_POINT('Ctrl Pts',(51.2690067653615,8.26460542486011,24.3057518245724));
#7958=CARTESIAN_POINT('Ctrl Pts',(51.2982805622987,8.24180290381361,24.2804496132235));
#7959=CARTESIAN_POINT('Ctrl Pts',(51.3390309685169,8.21006079678754,24.245227827922));
#7960=CARTESIAN_POINT('Ctrl Pts',(51.3786486429485,8.17945794808202,24.2088991819388));
#7961=CARTESIAN_POINT('Ctrl Pts',(51.4172466325024,8.14992671967679,24.1713626484805));
#7962=CARTESIAN_POINT('Ctrl Pts',(51.4556662157538,8.12053198950182,24.1339996150988));
#7963=CARTESIAN_POINT('Ctrl Pts',(51.4930758899565,8.09219899610856,24.0954394515535));
#7964=CARTESIAN_POINT('Ctrl Pts',(51.5295497994142,8.06486103505071,24.0555473769504));
#7965=CARTESIAN_POINT('Ctrl Pts',(51.5658993529974,8.03761628133221,24.015791312276));
#7966=CARTESIAN_POINT('Ctrl Pts',(51.6013199113198,8.01135978649495,23.9747120321507));
#7967=CARTESIAN_POINT('Ctrl Pts',(51.6358419376216,7.98602552604499,23.9321467336065));
#7968=CARTESIAN_POINT('Ctrl Pts',(51.6703639639234,7.96069126559504,23.8895814350623));
#7969=CARTESIAN_POINT('Ctrl Pts',(51.7039879236177,7.9362792395324,23.8455297338559));
#7970=CARTESIAN_POINT('Ctrl Pts',(51.7366947766783,7.91272342336313,23.7998049840435));
#7971=CARTESIAN_POINT('Ctrl Pts',(51.7708190815169,7.88814674366258,23.752098611976));
#7972=CARTESIAN_POINT('Ctrl Pts',(51.8039295645176,7.86450209494143,23.7025772788541));
#7973=CARTESIAN_POINT('Ctrl Pts',(51.8357346151771,7.84193122340107,23.651396896857));
#7974=CARTESIAN_POINT('Ctrl Pts',(51.8673257437132,7.81951216450267,23.600560756286));
#7975=CARTESIAN_POINT('Ctrl Pts',(51.8976284922224,7.79815248682039,23.5480880622159));
#7976=CARTESIAN_POINT('Ctrl Pts',(51.9263880419419,7.77799109557721,23.494172172999));
#7977=CARTESIAN_POINT('Ctrl Pts',(51.954944726269,7.75797191965338,23.4406365980823));
#7978=CARTESIAN_POINT('Ctrl Pts',(51.981979525872,7.73913418473897,23.3856784620124));
#7979=CARTESIAN_POINT('Ctrl Pts',(52.0072797713989,7.72161387729506,23.329522720991));
#7980=CARTESIAN_POINT('Ctrl Pts',(52.0294776869101,7.70624191958198,23.280252827806));
#7981=CARTESIAN_POINT('Ctrl Pts',(52.0503407488032,7.69188411055292,23.2300617215397));
#7982=CARTESIAN_POINT('Ctrl Pts',(52.0697521470679,7.67863229574253,23.1791207155875));
#7983=CARTESIAN_POINT('Ctrl Pts',(52.0915551256835,7.66374779175211,23.1219035255483));
#7984=CARTESIAN_POINT('Ctrl Pts',(52.1115437501429,7.65025859829966,23.0636924872697));
#7985=CARTESIAN_POINT('Ctrl Pts',(52.1295829196216,7.63815049529313,23.004755848884));
#7986=CARTESIAN_POINT('Ctrl Pts',(52.1476059873914,7.62605319994328,22.9458718171662));
#7987=CARTESIAN_POINT('Ctrl Pts',(52.1636828837176,7.61533453062529,22.8862639624527));
#7988=CARTESIAN_POINT('Ctrl Pts',(52.1777275406485,7.60598030529158,22.8262181710092));
#7989=CARTESIAN_POINT('Ctrl Pts',(52.191795795455,7.5966103629598,22.7660714904429));
#7990=CARTESIAN_POINT('Ctrl Pts',(52.2038248579366,7.58860945355016,22.7054859109096));
#7991=CARTESIAN_POINT('Ctrl Pts',(52.2137794731008,7.58196332340878,22.6447597225505));
#7992=CARTESIAN_POINT('Ctrl Pts',(52.2232882589273,7.57561484814915,22.5867532291162));
#7993=CARTESIAN_POINT('Ctrl Pts',(52.2309045956685,7.57050251876097,22.5286189066288));
#7994=CARTESIAN_POINT('Ctrl Pts',(52.2366421236262,7.5666139122015,22.470619525731));
#7995=CARTESIAN_POINT('Ctrl Pts',(52.2429731463335,7.56232306488722,22.4066206397679));
#7996=CARTESIAN_POINT('Ctrl Pts',(52.2470241239359,7.55952220009755,22.3427980242258));
#7997=CARTESIAN_POINT('Ctrl Pts',(52.2488594495641,7.55822467974743,22.2790888588114));
#7998=CARTESIAN_POINT('Ctrl Pts',(52.2496239930065,7.55768417039052,22.252549467715));
#7999=CARTESIAN_POINT('Ctrl Pts',(52.2500034390347,7.55740453850284,22.2260296217856));
#8000=CARTESIAN_POINT('Ctrl Pts',(52.2499998178732,7.55738674999251,22.1995243506722));
#8001=CARTESIAN_POINT('Ctrl Pts',(52.2499998178731,7.55738674999206,22.1995243500018));
#8002=CARTESIAN_POINT('Ctrl Pts',(52.249991162981,7.55734423398636,22.1361745520192));
#8003=CARTESIAN_POINT('Ctrl Pts',(52.2477978411835,7.55879749742598,22.0729055618099));
#8004=CARTESIAN_POINT('Ctrl Pts',(52.2434105200631,7.56175972818429,22.0096427050159));
#8005=CARTESIAN_POINT('Ctrl Pts',(52.2390513848113,7.56470292841245,21.9467862735823));
#8006=CARTESIAN_POINT('Ctrl Pts',(52.232526264688,7.56913576984494,21.8839352428893));
#8007=CARTESIAN_POINT('Ctrl Pts',(52.2237753330988,7.57507118781233,21.8210239788675));
#8008=CARTESIAN_POINT('Ctrl Pts',(52.2206906409149,7.57716341504847,21.7988478388266));
#8009=CARTESIAN_POINT('Ctrl Pts',(52.2173289241085,7.57944234545423,21.776664330235));
#8010=CARTESIAN_POINT('Ctrl Pts',(52.213686080347,7.58190854559519,21.7544710410086));
#8011=CARTESIAN_POINT('Ctrl Pts',(52.2044587348586,7.58815544560905,21.698255303902));
#8012=CARTESIAN_POINT('Ctrl Pts',(52.1934236631255,7.595603890703,21.6419818551898));
#8013=CARTESIAN_POINT('Ctrl Pts',(52.1805896871912,7.60424150655698,21.5859472165571));
#8014=CARTESIAN_POINT('Ctrl Pts',(52.167784462683,7.61285977191698,21.5300381100104));
#8015=CARTESIAN_POINT('Ctrl Pts',(52.1531884452534,7.6226618859049,21.4743672405528));
#8016=CARTESIAN_POINT('Ctrl Pts',(52.1368617733445,7.63363555717953,21.4192214013597));
#8017=CARTESIAN_POINT('Ctrl Pts',(52.1205313384652,7.64461175766526,21.3640628521569));
#8018=CARTESIAN_POINT('Ctrl Pts',(52.1024695965417,7.65676005554083,21.3094300545156));
#8019=CARTESIAN_POINT('Ctrl Pts',(52.0827866698573,7.67006815096435,21.255594910304));
#8020=CARTESIAN_POINT('Ctrl Pts',(52.0630387477613,7.6834201913333,21.2015819959157));
#8021=CARTESIAN_POINT('Ctrl Pts',(52.0416591389109,7.69793970148101,21.1483724628694));
#8022=CARTESIAN_POINT('Ctrl Pts',(52.0188065936758,7.71361425931609,21.0962186918436));
#8023=CARTESIAN_POINT('Ctrl Pts',(52.0131304087707,7.71750755381183,21.083264579083));
#8024=CARTESIAN_POINT('Ctrl Pts',(52.0073635710559,7.72147210798123,21.0703754756522));
#8025=CARTESIAN_POINT('Ctrl Pts',(52.0015089374723,7.72550773147092,21.0575549894704));
#8026=CARTESIAN_POINT('Ctrl Pts',(51.9758001523008,7.74322890493927,21.0012578497208));
#8027=CARTESIAN_POINT('Ctrl Pts',(51.9483725009287,7.762320473621,20.9462364756719));
#8028=CARTESIAN_POINT('Ctrl Pts',(51.9194545650371,7.78261624823277,20.8927126752483));
#8029=CARTESIAN_POINT('Ctrl Pts',(51.890359006142,7.80303668583775,20.8388601149082));
#8030=CARTESIAN_POINT('Ctrl Pts',(51.8597552218129,7.82467616802369,20.786523909747));
#8031=CARTESIAN_POINT('Ctrl Pts',(51.8279128427352,7.84736542429919,20.7358914953408));
#8032=CARTESIAN_POINT('Ctrl Pts',(51.7956076841807,7.87038443364122,20.684523217506));
#8033=CARTESIAN_POINT('Ctrl Pts',(51.7620281236683,7.89448395247592,20.6349089064265));
#8034=CARTESIAN_POINT('Ctrl Pts',(51.7274868656434,7.91948722228147,20.5871999711689));
#8035=CARTESIAN_POINT('Ctrl Pts',(51.6983592270603,7.94057175272236,20.5469684132341));
#8036=CARTESIAN_POINT('Ctrl Pts',(51.668548433443,7.96229894576725,20.5080910201726));
#8037=CARTESIAN_POINT('Ctrl Pts',(51.6382549948925,7.98456280730434,20.4706328977013));
#8038=CARTESIAN_POINT('Ctrl Pts',(51.5901425221332,8.01992259090668,20.411141371376));
#8039=CARTESIAN_POINT('Ctrl Pts',(51.5395809879519,8.05749281792955,20.3537063505108));
#8040=CARTESIAN_POINT('Ctrl Pts',(51.4868245021169,8.09719342593602,20.2985774182461));
#8041=CARTESIAN_POINT('Ctrl Pts',(51.4339673645291,8.13696977696674,20.2433433079435));
#8042=CARTESIAN_POINT('Ctrl Pts',(51.3789073071527,8.17888464565371,20.190424440649));
#8043=CARTESIAN_POINT('Ctrl Pts',(51.32193318795,8.22285751044251,20.1400313987737));
#8044=CARTESIAN_POINT('Ctrl Pts',(51.2649005369683,8.2668755503044,20.0895865861219));
#8045=CARTESIAN_POINT('Ctrl Pts',(51.2059503595516,8.3129558169627,20.0416730551593));
#8046=CARTESIAN_POINT('Ctrl Pts',(51.1453990597155,8.36101754043894,19.9964569739889));
#8047=CARTESIAN_POINT('Ctrl Pts',(51.0846493957411,8.40923671259739,19.9510927663703));
#8048=CARTESIAN_POINT('Ctrl Pts',(51.0222886022036,8.45945034521813,19.9084439090076));
#8049=CARTESIAN_POINT('Ctrl Pts',(50.958655716021,8.51157687191974,19.868629363499));
#8050=CARTESIAN_POINT('Ctrl Pts',(50.8976989346347,8.56151119807087,19.8304892335731));
#8051=CARTESIAN_POINT('Ctrl Pts',(50.8355753348154,8.61320090660136,19.7949497825823));
#8052=CARTESIAN_POINT('Ctrl Pts',(50.7725931390825,8.66657429532248,19.7620718627104));
#8053=CARTESIAN_POINT('Ctrl Pts',(50.7248893550499,8.70700020583606,19.7371695681688));
#8054=CARTESIAN_POINT('Ctrl Pts',(50.6766650279428,8.74839201079391,19.7137821828632));
#8055=CARTESIAN_POINT('Ctrl Pts',(50.6282100116864,8.79042832030762,19.691984225628));
#8056=CARTESIAN_POINT('Ctrl Pts',(50.5793248577932,8.83283778827285,19.669992766821));
#8057=CARTESIAN_POINT('Ctrl Pts',(50.5302053811256,8.87590325418147,19.6496191688639));
#8058=CARTESIAN_POINT('Ctrl Pts',(50.4811623303185,8.91929469295872,19.6308885398376));
#8059=CARTESIAN_POINT('Ctrl Pts',(50.4683990827562,8.93058713227649,19.6260139724662));
#8060=CARTESIAN_POINT('Ctrl Pts',(50.4556410582507,8.94190164904294,19.6212504085929));
#8061=CARTESIAN_POINT('Ctrl Pts',(50.4428938152108,8.95323242627121,19.6165977210421));
#8062=CARTESIAN_POINT('Ctrl Pts',(50.382997311175,9.00647326759344,19.5947357609467));
#8063=CARTESIAN_POINT('Ctrl Pts',(50.3233723268192,9.06007311622702,19.5753293345551));
#8064=CARTESIAN_POINT('Ctrl Pts',(50.2640483787244,9.11409914652388,19.5581714871655));
#8065=CARTESIAN_POINT('Ctrl Pts',(50.2034376361498,9.16929705427975,19.5406414692779));
#8066=CARTESIAN_POINT('Ctrl Pts',(50.1431405964499,9.22493983281132,19.525458364754));
#8067=CARTESIAN_POINT('Ctrl Pts',(50.0831494395225,9.28109912320464,19.5124409318192));
#8068=CARTESIAN_POINT('Ctrl Pts',(50.0220111025187,9.33833231885914,19.4991745732016));
#8069=CARTESIAN_POINT('Ctrl Pts',(49.9611898894146,9.39610196923003,19.488157289168));
#8070=CARTESIAN_POINT('Ctrl Pts',(49.9006456467003,9.45448390436226,19.4792415078188));
#8071=CARTESIAN_POINT('Ctrl Pts',(49.8381123587091,9.51478384700636,19.4700328184738));
#8072=CARTESIAN_POINT('Ctrl Pts',(49.7758739709523,9.57573696573758,19.4630656735964));
#8073=CARTESIAN_POINT('Ctrl Pts',(49.7138612575267,9.63742681249865,19.4582284325275));
#8074=CARTESIAN_POINT('Ctrl Pts',(49.6519844018916,9.69898150880733,19.4534017889127));
#8075=CARTESIAN_POINT('Ctrl Pts',(49.5903315519634,9.76126970862632,19.450695740279));
#8076=CARTESIAN_POINT('Ctrl Pts',(49.5288191451511,9.82437441596237,19.4500510704758));
#8077=CARTESIAN_POINT('Ctrl Pts',(49.4671041519373,9.88768695381965,19.449404277502));
#8078=CARTESIAN_POINT('Ctrl Pts',(49.405529880632,9.95182138626031,19.4508324489854));
#8079=CARTESIAN_POINT('Ctrl Pts',(49.3440069742873,10.016861540097,19.4543279443839));
#8080=CARTESIAN_POINT('Ctrl Pts',(49.2824840679427,10.0819016939338,19.4578234397824));
#8081=CARTESIAN_POINT('Ctrl Pts',(49.2210118785993,10.1478475691666,19.4633862873931));
#8082=CARTESIAN_POINT('Ctrl Pts',(49.1595058041728,10.2147829926081,19.4710607781153));
#8083=CARTESIAN_POINT('Ctrl Pts',(49.0858117462801,10.2949822739988,19.4802560384022));
#8084=CARTESIAN_POINT('Ctrl Pts',(49.012133861396,10.376602135993,19.4924852616014));
#8085=CARTESIAN_POINT('Ctrl Pts',(48.938822496686,10.4591991954261,19.5077670762213));
#8086=CARTESIAN_POINT('Ctrl Pts',(48.8656222522029,10.5416710600273,19.5230257277379));
#8087=CARTESIAN_POINT('Ctrl Pts',(48.7927879544805,10.6251171619779,19.5413277328902));
#8088=CARTESIAN_POINT('Ctrl Pts',(48.7206682075969,10.7090961312064,19.5626396978354));
#8089=CARTESIAN_POINT('Ctrl Pts',(48.6486103987079,10.7930029774842,19.5839333596052));
#8090=CARTESIAN_POINT('Ctrl Pts',(48.5772664481963,10.8774417761572,19.6082317354855));
#8091=CARTESIAN_POINT('Ctrl Pts',(48.50697586979,10.961972293352,19.6354501377503));
#8092=CARTESIAN_POINT('Ctrl Pts',(48.4367181933834,11.0464632430384,19.662655799476));
#8093=CARTESIAN_POINT('Ctrl Pts',(48.367513419082,11.1310458254024,19.6927785893961));
#8094=CARTESIAN_POINT('Ctrl Pts',(48.2996845061909,11.2152804244828,19.7256844051863));
#8095=CARTESIAN_POINT('Ctrl Pts',(48.2318185145894,11.2995610704503,19.7586082089577));
#8096=CARTESIAN_POINT('Ctrl Pts',(48.1653303744633,11.3834933525797,19.7943178386876));
#8097=CARTESIAN_POINT('Ctrl Pts',(48.1005199434041,11.4666369335664,19.8326324316903));
#8098=CARTESIAN_POINT('Ctrl Pts',(48.0538616804136,11.5264935801625,19.8602158365138));
#8099=CARTESIAN_POINT('Ctrl Pts',(48.0080724667113,11.5859414560354,19.8891483577694));
#8100=CARTESIAN_POINT('Ctrl Pts',(47.9632545622831,11.6448162616064,19.9193488207343));
#8101=CARTESIAN_POINT('Ctrl Pts',(47.9232335569263,11.6973896458198,19.9463169020294));
#8102=CARTESIAN_POINT('Ctrl Pts',(47.8839701402123,11.7495060672837,19.9743010952796));
#8103=CARTESIAN_POINT('Ctrl Pts',(47.8453106914038,11.8012499277807,20.003424741756));
#8104=CARTESIAN_POINT('Ctrl Pts',(47.8070587838431,11.8524483134164,20.0322413717696));
#8105=CARTESIAN_POINT('Ctrl Pts',(47.7693978302232,11.9032819516295,20.0621738622465));
#8106=CARTESIAN_POINT('Ctrl Pts',(47.7322120509598,11.9538326029951,20.0933801019436));
#8107=CARTESIAN_POINT('Ctrl Pts',(47.6954528223972,12.0038033978618,20.1242283810525));
#8108=CARTESIAN_POINT('Ctrl Pts',(47.6591575656035,12.0534976608178,20.1563216317737));
#8109=CARTESIAN_POINT('Ctrl Pts',(47.6232521307228,12.1029943710109,20.1898458231413));
#8110=CARTESIAN_POINT('Ctrl Pts',(47.5881942687606,12.1513226767199,20.22257865251));
#8111=CARTESIAN_POINT('Ctrl Pts',(47.5535077489726,12.1994626463263,20.2566759798893));
#8112=CARTESIAN_POINT('Ctrl Pts',(47.5191643736547,12.2474877968932,20.29233856603));
#8113=CARTESIAN_POINT('Ctrl Pts',(47.5001736513101,12.274044077152,20.3120587672398));
#8114=CARTESIAN_POINT('Ctrl Pts',(47.4812886032762,12.3005652490199,20.3322580471913));
#8115=CARTESIAN_POINT('Ctrl Pts',(47.4625105638194,12.3270637428559,20.3529735734624));
#8116=CARTESIAN_POINT('Ctrl Pts',(47.4268669934726,12.3773619079706,20.3922947879914));
#8117=CARTESIAN_POINT('Ctrl Pts',(47.3916591202798,12.4275783645798,20.4334172979463));
#8118=CARTESIAN_POINT('Ctrl Pts',(47.356982063627,12.4773535152211,20.4765385756186));
#8119=CARTESIAN_POINT('Ctrl Pts',(47.3236233003811,12.5252363987773,20.5180205418402));
#8120=CARTESIAN_POINT('Ctrl Pts',(47.2907556355862,12.5727108922135,20.5613525857334));
#8121=CARTESIAN_POINT('Ctrl Pts',(47.2585109424592,12.6194568704071,20.6067184895618));
#8122=CARTESIAN_POINT('Ctrl Pts',(47.2269869175009,12.665158077036,20.6510704664566));
#8123=CARTESIAN_POINT('Ctrl Pts',(47.1960581093473,12.710162969112,20.6973668032781));
#8124=CARTESIAN_POINT('Ctrl Pts',(47.1658964357057,12.7541724097262,20.7457813266386));
#8125=CARTESIAN_POINT('Ctrl Pts',(47.1367885271179,12.7966442827936,20.7925043811033));
#8126=CARTESIAN_POINT('Ctrl Pts',(47.1083950190301,12.838189045957,20.8412006075311));
#8127=CARTESIAN_POINT('Ctrl Pts',(47.0809181941035,12.878537832713,20.8920223969082));
#8128=CARTESIAN_POINT('Ctrl Pts',(47.0618482943009,12.9065413346697,20.9272945374776));
#8129=CARTESIAN_POINT('Ctrl Pts',(47.0432209225253,12.9339687519255,20.9635904706737));
#8130=CARTESIAN_POINT('Ctrl Pts',(47.0251182985702,12.9607302005008,21.0009582991392));
#8131=CARTESIAN_POINT('Ctrl Pts',(46.9997386728481,12.9982493772953,21.0533474722694));
#8132=CARTESIAN_POINT('Ctrl Pts',(46.9754588129576,13.0342528778643,21.1076992645861));
#8133=CARTESIAN_POINT('Ctrl Pts',(46.9525174318664,13.0682874351334,21.1641233616939));
#8134=CARTESIAN_POINT('Ctrl Pts',(46.9300906005793,13.1015586349261,21.21928192871));
#8135=CARTESIAN_POINT('Ctrl Pts',(46.9089428471705,13.1329482233726,21.2764213545508));
#8136=CARTESIAN_POINT('Ctrl Pts',(46.8893429743811,13.1620327532951,21.3356253831911));
#8137=CARTESIAN_POINT('Ctrl Pts',(46.8703448746455,13.1902243036266,21.3930116760995));
#8138=CARTESIAN_POINT('Ctrl Pts',(46.8528011544893,13.216250166519,21.452338176429));
#8139=CARTESIAN_POINT('Ctrl Pts',(46.8369996152039,13.2397247127161,21.5136568172504));
#8140=CARTESIAN_POINT('Ctrl Pts',(46.8345586556937,13.2433509680925,21.5231290792093));
#8141=CARTESIAN_POINT('Ctrl Pts',(46.8321593538695,13.2469163417742,21.5326488230785));
#8142=CARTESIAN_POINT('Ctrl Pts',(46.8298028634798,13.2504194122397,21.5422161755729));
#8143=CARTESIAN_POINT('Ctrl Pts',(46.8155953924806,13.2715397071772,21.5998985169476));
#8144=CARTESIAN_POINT('Ctrl Pts',(46.8029291195485,13.2902977256422,21.6593857341552));
#8145=CARTESIAN_POINT('Ctrl Pts',(46.7921166613195,13.3063073832399,21.7204538435359));
#8146=CARTESIAN_POINT('Ctrl Pts',(46.7814288127352,13.3221325353623,21.7808181651887));
#8147=CARTESIAN_POINT('Ctrl Pts',(46.772552773601,13.3352723093044,21.8427268997824));
#8148=CARTESIAN_POINT('Ctrl Pts',(46.7657579502895,13.3453538158728,21.9059251102856));
#8149=CARTESIAN_POINT('Ctrl Pts',(46.7590534504636,13.3553013091236,21.9682832279129));
#8150=CARTESIAN_POINT('Ctrl Pts',(46.7543755868206,13.3622713016,22.0318964118418));
#8151=CARTESIAN_POINT('Ctrl Pts',(46.7519449622677,13.3659055777433,22.0964864720166));
#8152=CARTESIAN_POINT('Ctrl Pts',(46.7506574916775,13.3678306071129,22.1306989968557));
#8153=CARTESIAN_POINT('Ctrl Pts',(46.7499998435377,13.3688197396346,22.1651850696905));
#8154=CARTESIAN_POINT('Ctrl Pts',(46.7499998435377,13.3688197396346,22.1999000568484));
#8155=CARTESIAN_POINT('Ctrl Pts',(46.5672294816702,13.3246216435402,22.1999000568484));
#8156=CARTESIAN_POINT('Ctrl Pts',(46.5672294816702,13.3246216435402,21.9593886370715));
#8157=CARTESIAN_POINT('Ctrl Pts',(46.5903141467534,13.2778237640669,21.7297743580174));
#8158=CARTESIAN_POINT('Ctrl Pts',(46.6682272327194,13.1245093207812,21.311992542846));
#8159=CARTESIAN_POINT('Ctrl Pts',(46.7226739815016,13.019215370184,21.1228105547666));
#8160=CARTESIAN_POINT('Ctrl Pts',(46.8930273314191,12.7019326628116,20.669475475983));
#8161=CARTESIAN_POINT('Ctrl Pts',(47.157013398605,12.2380532956971,20.208180483505));
#8162=CARTESIAN_POINT('Ctrl Pts',(47.7599108725186,11.2918602100025,19.5540188313118));
#8163=CARTESIAN_POINT('Ctrl Pts',(48.8049397743839,9.94739445677761,19.0263420013802));
#8164=CARTESIAN_POINT('Ctrl Pts',(49.8550459661695,8.925205111427,19.012234925412));
#8165=CARTESIAN_POINT('Ctrl Pts',(50.918021975786,8.04434210067392,19.35376641622));
#8166=CARTESIAN_POINT('Ctrl Pts',(51.4316512506709,7.68221734970621,19.7025713334113));
#8167=CARTESIAN_POINT('Ctrl Pts',(51.9325623743303,7.35222173572581,20.2436455236792));
#8168=CARTESIAN_POINT('Ctrl Pts',(52.2805959168898,7.13574115404621,20.7204294503127));
#8169=CARTESIAN_POINT('Ctrl Pts',(52.5885339884976,6.95883324173871,21.6282250130182));
#8170=CARTESIAN_POINT('Ctrl Pts',(52.6208675631227,6.94091200023111,22.5454607734109));
#8171=CARTESIAN_POINT('Ctrl Pts',(52.3805910679456,7.07713455980211,23.4706258629326));
#8172=CARTESIAN_POINT('Ctrl Pts',(51.8984074191378,7.37077234862081,24.2407329649316));
#8173=CARTESIAN_POINT('Ctrl Pts',(51.3227007661053,7.75720638942561,24.775552112605));
#8174=CARTESIAN_POINT('Ctrl Pts',(50.6485289401565,8.26055643938801,25.1537696972602));
#8175=CARTESIAN_POINT('Ctrl Pts',(49.7461449269729,9.0267810145268,25.3913231803394));
#8176=CARTESIAN_POINT('Ctrl Pts',(48.7617428752705,10.0159259427332,25.3337164191287));
#8177=CARTESIAN_POINT('Ctrl Pts',(47.8599098345734,11.1600194742263,24.8985937583005));
#8178=CARTESIAN_POINT('Ctrl Pts',(47.3085513239971,11.9947134665843,24.3697262459741));
#8179=CARTESIAN_POINT('Ctrl Pts',(46.9513065714522,12.5906937793983,23.8661242616065));
#8180=CARTESIAN_POINT('Ctrl Pts',(46.6564357232894,13.1416389056135,23.1582518932325));
#8181=CARTESIAN_POINT('Ctrl Pts',(46.5672294816702,13.3246216435402,22.5374415531121));
#8182=CARTESIAN_POINT('Ctrl Pts',(46.5672294816702,13.3246216435402,22.1999000568484));
#8183=CARTESIAN_POINT('Origin',(59.9999999999999,20.,11.99990020586));
#8184=CARTESIAN_POINT('',(45.0269981670773,19.1004355991392,31.79990020586));
#8185=CARTESIAN_POINT('',(45.0269981670773,19.1004355991392,11.99990020586));
#8186=CARTESIAN_POINT('',(74.9999931790903,19.9856952021683,11.99990020586));
#8187=CARTESIAN_POINT('Origin',(59.9999999999999,20.,12.59990020586));
#8188=CARTESIAN_POINT('',(45.0269981670773,20.8995644008608,31.79990020586));
#8189=CARTESIAN_POINT('',(45.0269981670773,20.8995644008608,11.99990020586));
#8190=CARTESIAN_POINT('Origin',(59.9999999999999,20.,31.79990020586));
#8191=CARTESIAN_POINT('',(51.2154224946827,32.1585853573615,25.3303072661973));
#8192=CARTESIAN_POINT('',(53.0595168427698,33.2977326467411,22.1803072718565));
#8193=CARTESIAN_POINT('Origin',(58.2672483665298,22.7583045311377,12.8125212414974));
#8194=CARTESIAN_POINT('',(47.7764478024277,28.6939502916238,25.3303072718565));
#8195=CARTESIAN_POINT('Origin',(59.9999999999999,20.,25.3303072718565));
#8196=CARTESIAN_POINT('',(46.0133608958755,25.4197718190878,22.1803072718565));
#8197=CARTESIAN_POINT('Ctrl Pts',(46.0133608958755,25.4197718190878,22.1803072718565));
#8198=CARTESIAN_POINT('Ctrl Pts',(46.4591810939207,26.5702863469184,22.9813446762077));
#8199=CARTESIAN_POINT('Ctrl Pts',(47.0519565191045,27.6753273732344,24.0419147015952));
#8200=CARTESIAN_POINT('Ctrl Pts',(47.7764478024278,28.693950291624,25.3303072718567));
#8201=CARTESIAN_POINT('',(47.7764478024276,28.6939502916238,19.0303072718565));
#8202=CARTESIAN_POINT('Ctrl Pts',(47.7764478024277,28.6939502916239,19.0303072718564));
#8203=CARTESIAN_POINT('Ctrl Pts',(47.0519565191045,27.6753273732344,20.3186998421179));
#8204=CARTESIAN_POINT('Ctrl Pts',(46.4591810939207,26.5702863469184,21.3792698675054));
#8205=CARTESIAN_POINT('Ctrl Pts',(46.0133608958755,25.4197718190878,22.1803072718565));
#8206=CARTESIAN_POINT('',(51.2154224946827,32.1585853573616,19.0303072775157));
#8207=CARTESIAN_POINT('Origin',(59.9999999999999,20.,19.0303072718565));
#8208=CARTESIAN_POINT('Origin',(58.2672483649119,22.7583045338512,31.5480932993296));
#8209=CARTESIAN_POINT('Origin',(49.4999998435377,15.,22.1999000568484));
#8210=CARTESIAN_POINT('',(52.2499998435377,15.,22.1999000568484));
#8211=CARTESIAN_POINT('Origin',(49.4999998435377,15.,22.1999000568484));
#8212=CARTESIAN_POINT('',(52.2499998435377,15.,22.1999000568484));
#8213=CARTESIAN_POINT('Origin',(45.0269981670773,19.1004355991392,31.79990020586));
#8214=CARTESIAN_POINT('',(45.408335649435,19.5,31.79990020586));
#8215=CARTESIAN_POINT('',(45.0269981670773,19.1004355991392,31.79990020586));
#8216=CARTESIAN_POINT('',(45.4277661286952,19.1,32.19990020586));
#8217=CARTESIAN_POINT('Ctrl Pts',(45.0269981670773,19.1004355991392,31.7999002058601));
#8218=CARTESIAN_POINT('Ctrl Pts',(45.2299245078874,19.1002047721209,32.0024474611354));
#8219=CARTESIAN_POINT('Ctrl Pts',(45.4277661286952,19.1,32.19990020586));
#8220=CARTESIAN_POINT('',(45.408335649435,19.5,31.79990020586));
#8221=CARTESIAN_POINT('Origin',(45.4277661286952,20.9,32.19990020586));
#8222=CARTESIAN_POINT('',(45.4277661286952,20.9,32.19990020586));
#8223=CARTESIAN_POINT('',(45.4083356494349,20.5,31.79990020586));
#8224=CARTESIAN_POINT('',(45.4277661286952,20.9,32.19990020586));
#8225=CARTESIAN_POINT('Ctrl Pts',(45.4277661286952,20.9000000000001,32.1999002058601));
#8226=CARTESIAN_POINT('Ctrl Pts',(45.229924507953,20.8997952278792,32.0024474612008));
#8227=CARTESIAN_POINT('Ctrl Pts',(45.0269981670774,20.8995644008608,31.7999002058601));
#8228=CARTESIAN_POINT('',(45.4083356494349,20.5,31.79990020586));
#8229=CARTESIAN_POINT('Origin',(59.9999999999999,20.,31.99990020586));
#8230=CARTESIAN_POINT('Origin',(59.9999999999999,20.,32.19990020586));
#8231=CARTESIAN_POINT('Origin',(45.2176669082561,20.6997822004304,11.99990020586));
#8232=CARTESIAN_POINT('',(45.408335649435,20.5,22.39990020586));
#8233=CARTESIAN_POINT('Origin',(56.9623470816445,19.3,31.99990020586));
#8234=CARTESIAN_POINT('',(56.9623470816445,19.5,31.79990020586));
#8235=CARTESIAN_POINT('',(53.5626092242275,19.1,32.19990020586));
#8236=CARTESIAN_POINT('',(56.9623470816445,19.1,32.19990020586));
#8237=CARTESIAN_POINT('Origin',(53.7728907406478,-1275.65287157901,1326.95277180145));
#8238=CARTESIAN_POINT('Origin',(59.9999999999999,20.,31.99990020586));
#8239=CARTESIAN_POINT('',(53.5626092242275,20.9,32.19990020586));
#8240=CARTESIAN_POINT('Origin',(59.9999999999999,20.,32.19990020586));
#8241=CARTESIAN_POINT('Origin',(53.7728913428124,1315.66084288729,1326.96074309365));
#8242=CARTESIAN_POINT('Origin',(56.9623470816445,20.7,31.99990020586));
#8243=CARTESIAN_POINT('',(56.9623470816445,20.9,32.19990020586));
#8244=CARTESIAN_POINT('',(56.9623470816445,20.5,31.79990020586));
#8245=CARTESIAN_POINT('Origin',(45.2176669082561,19.3002177995696,11.99990020586));
#8246=CARTESIAN_POINT('',(45.408335649435,19.5,11.99990020586));
#8247=CARTESIAN_POINT('Origin',(59.9999999999999,20.,12.39990020586));
#8248=CARTESIAN_POINT('Origin',(53.9205263385716,19.5,11.99990020586));
#8249=CARTESIAN_POINT('',(47.8126583129807,19.5,22.1803072718565));
#8250=CARTESIAN_POINT('Origin',(49.4626583129807,19.5,22.1803072718565));
#8251=CARTESIAN_POINT('Origin',(53.9205263385716,20.5,32.19990020586));
#8252=CARTESIAN_POINT('',(51.1126583129807,20.5,22.1803072718565));
#8253=CARTESIAN_POINT('Origin',(49.4626583129807,20.5,22.1803072718565));
#8254=CARTESIAN_POINT('Origin',(60.0041678247174,20.,32.19990020586));
#8255=CARTESIAN_POINT('Origin',(59.9999999999999,20.,19.2303072718565));
#8256=CARTESIAN_POINT('',(47.9423616501261,28.4378104616839,19.3135383346022));
#8257=CARTESIAN_POINT('Ctrl Pts',(47.7764478024276,28.6939502916238,19.0303072718565));
#8258=CARTESIAN_POINT('Ctrl Pts',(47.804207458245,28.6510726158557,19.0777804707645));
#8259=CARTESIAN_POINT('Ctrl Pts',(47.8319852442024,28.6081806573571,19.1252411837954));
#8260=CARTESIAN_POINT('Ctrl Pts',(47.8872884948105,28.5228056924942,19.2196475393203));
#8261=CARTESIAN_POINT('Ctrl Pts',(47.9148211953672,28.4803113266089,19.2666063555342));
#8262=CARTESIAN_POINT('Ctrl Pts',(47.9423616502542,28.4378104617766,19.3135383342763));
#8263=CARTESIAN_POINT('',(47.8749450727092,28.132837328398,19.4303072718565));
#8264=CARTESIAN_POINT('Origin',(60.3233428820077,17.3078864387152,-2.13095020480954));
#8265=CARTESIAN_POINT('',(51.0503715532522,31.5353435434392,19.4303072718565));
#8266=CARTESIAN_POINT('Origin',(59.9999999999999,20.,19.4303072718565));
#8267=CARTESIAN_POINT('',(51.0157333475884,31.5844037391539,19.3703121397573));
#8268=CARTESIAN_POINT('',(51.0503715532522,31.5353435434392,19.4303072718565));
#8269=CARTESIAN_POINT('Ctrl Pts',(51.0157333475838,31.5844037391676,19.3703121397374));
#8270=CARTESIAN_POINT('Ctrl Pts',(51.049786580291,31.6807107211407,19.3150791310112));
#8271=CARTESIAN_POINT('Ctrl Pts',(51.0834592865624,31.776724787756,19.2590890064466));
#8272=CARTESIAN_POINT('Ctrl Pts',(51.1167492758441,31.8724453011999,19.2023910036077));
#8273=CARTESIAN_POINT('Ctrl Pts',(51.1500192891142,31.9681083765332,19.1457270230075));
#8274=CARTESIAN_POINT('Ctrl Pts',(51.1829109816128,32.0634895534797,19.0883493133932));
#8275=CARTESIAN_POINT('Ctrl Pts',(51.2154224971462,32.1585853555586,19.0303072801216));
#8276=CARTESIAN_POINT('Ctrl Pts',(53.0595168427698,33.2977326467411,22.1803072718565));
#8277=CARTESIAN_POINT('Ctrl Pts',(52.4153164912905,32.9615052756472,23.2828522846153));
#8278=CARTESIAN_POINT('Ctrl Pts',(51.7950810306227,32.5781303533536,24.3422373886094));
#8279=CARTESIAN_POINT('Ctrl Pts',(51.2052982387629,32.1512641700727,25.3475650076447));
#8280=CARTESIAN_POINT('Ctrl Pts',(52.9790953498582,33.1165737467839,22.0762874765224));
#8281=CARTESIAN_POINT('Ctrl Pts',(52.3401074051894,32.7770598941104,23.1742185779415));
#8282=CARTESIAN_POINT('Ctrl Pts',(51.7256208430493,32.3910020533402,24.2286110397775));
#8283=CARTESIAN_POINT('Ctrl Pts',(51.1421099417015,31.9623106930987,25.2284774730851));
#8284=CARTESIAN_POINT('Ctrl Pts',(52.8986738569467,32.9354148468268,21.9722676811884));
#8285=CARTESIAN_POINT('Ctrl Pts',(52.2648983190883,32.5926145125736,23.0655848712676));
#8286=CARTESIAN_POINT('Ctrl Pts',(51.6561606554759,32.2038737533268,24.1149846909457));
#8287=CARTESIAN_POINT('Ctrl Pts',(51.0789216446401,31.7733572161246,25.1093899385255));
#8288=CARTESIAN_POINT('Ctrl Pts',(52.8182523640351,32.7542559468696,21.8682478858544));
#8289=CARTESIAN_POINT('Ctrl Pts',(52.1896892329873,32.4081691310368,22.9569511645938));
#8290=CARTESIAN_POINT('Ctrl Pts',(51.5867004679025,32.0167454533133,24.0013583421138));
#8291=CARTESIAN_POINT('Ctrl Pts',(51.0157333475787,31.5844037391505,24.990302403966));
#8292=CARTESIAN_POINT('',(52.6380848260735,32.6534164329363,22.1803072831952));
#8293=CARTESIAN_POINT('',(51.0157333475884,31.5844037391539,24.9903024039557));
#8294=CARTESIAN_POINT('Ctrl Pts',(52.6380846965151,32.6534162818654,22.1803074398803));
#8295=CARTESIAN_POINT('Ctrl Pts',(52.3602484152101,32.4953645128177,22.6615339952866));
#8296=CARTESIAN_POINT('Ctrl Pts',(52.0836044775032,32.3261181489728,23.1406953511584));
#8297=CARTESIAN_POINT('Ctrl Pts',(51.5429208499552,31.9698486699129,24.0771868648922));
#8298=CARTESIAN_POINT('Ctrl Pts',(51.2779816912413,31.7829806701147,24.5360749485416));
#8299=CARTESIAN_POINT('Ctrl Pts',(51.0157333475853,31.5844037391556,24.9903024039546));
#8300=CARTESIAN_POINT('Ctrl Pts',(51.0157333475837,31.5844037391676,24.9903024039757));
#8301=CARTESIAN_POINT('Ctrl Pts',(51.0497866342049,31.6807108736161,25.045535500148));
#8302=CARTESIAN_POINT('Ctrl Pts',(51.0834593931879,31.7767250917881,25.101525714561));
#8303=CARTESIAN_POINT('Ctrl Pts',(51.1167494339686,31.8724457558637,25.1582238094158));
#8304=CARTESIAN_POINT('Ctrl Pts',(51.1500193933279,31.9681086787369,25.2148877025002));
#8305=CARTESIAN_POINT('Ctrl Pts',(51.1829110331147,32.0634897041222,25.272265322265));
#8306=CARTESIAN_POINT('Ctrl Pts',(51.2154224971462,32.1585853555586,25.3303072635915));
#8307=CARTESIAN_POINT('Origin',(102.803832578388,0.301125612577664,22.1973994279027));
#8308=CARTESIAN_POINT('Origin',(59.9999999999999,20.,25.1303072718565));
#8309=CARTESIAN_POINT('',(51.0503715532522,31.5353435434392,24.9303072718565));
#8310=CARTESIAN_POINT('',(47.8749450727092,28.132837328398,24.9303072718565));
#8311=CARTESIAN_POINT('Origin',(59.9999999999999,20.,24.9303072718565));
#8312=CARTESIAN_POINT('',(47.942361650126,28.4378104616839,25.047076209111));
#8313=CARTESIAN_POINT('Origin',(60.3233428811624,17.3078864382785,46.4915647501584));
#8314=CARTESIAN_POINT('Ctrl Pts',(47.9423616502542,28.4378104617766,25.0470762094367));
#8315=CARTESIAN_POINT('Ctrl Pts',(47.9148211953534,28.4803113266302,25.0940081882023));
#8316=CARTESIAN_POINT('Ctrl Pts',(47.8872884947822,28.5228056925379,25.140967004441));
#8317=CARTESIAN_POINT('Ctrl Pts',(47.8319852442121,28.6081806573422,25.2353733599012));
#8318=CARTESIAN_POINT('Ctrl Pts',(47.8042074582958,28.6510726157774,25.2828340728619));
#8319=CARTESIAN_POINT('Ctrl Pts',(47.7764478024278,28.6939502916238,25.3303072718565));
#8320=CARTESIAN_POINT('',(51.0157333476199,31.5844037390931,24.9903024038947));
#8321=CARTESIAN_POINT('Ctrl Pts',(47.7764478024278,28.693950291624,25.3303072718567));
#8322=CARTESIAN_POINT('Ctrl Pts',(47.0519565191045,27.6753273732344,24.0419147015952));
#8323=CARTESIAN_POINT('Ctrl Pts',(46.4591810939207,26.5702863469184,22.9813446762077));
#8324=CARTESIAN_POINT('Ctrl Pts',(46.0133608958755,25.4197718190878,22.1803072718565));
#8325=CARTESIAN_POINT('Ctrl Pts',(47.8699655877484,28.6609003505361,25.3020840685984));
#8326=CARTESIAN_POINT('Ctrl Pts',(47.1403945213434,27.6488176905554,24.016072008583));
#8327=CARTESIAN_POINT('Ctrl Pts',(46.5423173736215,26.5493346621947,22.9576034208887));
#8328=CARTESIAN_POINT('Ctrl Pts',(46.0919249625307,25.4034442979861,22.1582647680051));
#8329=CARTESIAN_POINT('Ctrl Pts',(47.9634833730689,28.6278504094482,25.2738608653401));
#8330=CARTESIAN_POINT('Ctrl Pts',(47.2288325235823,27.6223080078764,23.9902293155707));
#8331=CARTESIAN_POINT('Ctrl Pts',(46.6254536533222,26.528382977471,22.9338621655698));
#8332=CARTESIAN_POINT('Ctrl Pts',(46.1704890291859,25.3871167768843,22.1362222641537));
#8333=CARTESIAN_POINT('Ctrl Pts',(48.0570011583895,28.5948004683603,25.2456376620818));
#8334=CARTESIAN_POINT('Ctrl Pts',(47.3172705258212,27.5957983251973,23.9643866225584));
#8335=CARTESIAN_POINT('Ctrl Pts',(46.708589933023,26.5074312927473,22.9101209102508));
#8336=CARTESIAN_POINT('Ctrl Pts',(46.2490530958411,25.3707892557826,22.1141797603024));
#8337=CARTESIAN_POINT('',(46.2872318327952,25.4642795994872,22.1803072718566));
#8338=CARTESIAN_POINT('Ctrl Pts',(47.9423616501155,28.4378104615841,25.0470762091967));
#8339=CARTESIAN_POINT('Ctrl Pts',(47.6236717961669,27.9952492980644,24.4950891903009));
#8340=CARTESIAN_POINT('Ctrl Pts',(47.3151657861532,27.5147064232571,23.9607411065168));
#8341=CARTESIAN_POINT('Ctrl Pts',(46.7629264743242,26.522363870921,23.0042345604921));
#8342=CARTESIAN_POINT('Ctrl Pts',(46.5127690376481,26.0110923832566,22.570949170278));
#8343=CARTESIAN_POINT('Ctrl Pts',(46.2872318329466,25.4642795992376,22.180307272738));
#8344=CARTESIAN_POINT('Ctrl Pts',(46.2872318335068,25.4642795981709,22.1803072718566));
#8345=CARTESIAN_POINT('Ctrl Pts',(46.2414397533534,25.4571218791438,22.1803072718566));
#8346=CARTESIAN_POINT('Ctrl Pts',(46.1958234025937,25.4498510886318,22.1803072718566));
#8347=CARTESIAN_POINT('Ctrl Pts',(46.1045839111906,25.4350248238896,22.1803072718566));
#8348=CARTESIAN_POINT('Ctrl Pts',(46.0589599031148,25.4274685680695,22.1803072718565));
#8349=CARTESIAN_POINT('Ctrl Pts',(46.0133608958755,25.4197718190878,22.1803072718565));
#8350=CARTESIAN_POINT('Ctrl Pts',(46.0133608958755,25.4197718190878,22.1803072718565));
#8351=CARTESIAN_POINT('Ctrl Pts',(46.4591810939207,26.5702863469184,21.3792698675054));
#8352=CARTESIAN_POINT('Ctrl Pts',(47.0519565191045,27.6753273732344,20.3186998421179));
#8353=CARTESIAN_POINT('Ctrl Pts',(47.7764478024277,28.6939502916239,19.0303072718564));
#8354=CARTESIAN_POINT('Ctrl Pts',(46.0919249625307,25.4034442979861,22.2023497757079));
#8355=CARTESIAN_POINT('Ctrl Pts',(46.5423173736215,26.5493346621947,21.4030111228243));
#8356=CARTESIAN_POINT('Ctrl Pts',(47.1403945213434,27.6488176905553,20.3445425351301));
#8357=CARTESIAN_POINT('Ctrl Pts',(47.8699655877483,28.6609003505361,19.0585304751147));
#8358=CARTESIAN_POINT('Ctrl Pts',(46.1704890291859,25.3871167768843,22.2243922795593));
#8359=CARTESIAN_POINT('Ctrl Pts',(46.6254536533222,26.528382977471,21.4267523781433));
#8360=CARTESIAN_POINT('Ctrl Pts',(47.2288325235823,27.6223080078763,20.3703852281424));
#8361=CARTESIAN_POINT('Ctrl Pts',(47.9634833730689,28.6278504094482,19.0867536783729));
#8362=CARTESIAN_POINT('Ctrl Pts',(46.2490530958411,25.3707892557826,22.2464347834107));
#8363=CARTESIAN_POINT('Ctrl Pts',(46.708589933023,26.5074312927473,21.4504936334622));
#8364=CARTESIAN_POINT('Ctrl Pts',(47.3172705258211,27.5957983251973,20.3962279211546));
#8365=CARTESIAN_POINT('Ctrl Pts',(48.0570011583895,28.5948004683603,19.1149768816312));
#8366=CARTESIAN_POINT('Ctrl Pts',(46.2872318328381,25.4642795989745,22.1803072711631));
#8367=CARTESIAN_POINT('Ctrl Pts',(46.5127690520885,26.0110924182976,21.7896653484237));
#8368=CARTESIAN_POINT('Ctrl Pts',(46.7629265065626,26.5223639368545,21.3563799273824));
#8369=CARTESIAN_POINT('Ctrl Pts',(47.3151658226338,27.5147064800579,20.3998733740099));
#8370=CARTESIAN_POINT('Ctrl Pts',(47.6236718149387,27.9952493241326,19.8655253208985));
#8371=CARTESIAN_POINT('Ctrl Pts',(47.9423616501155,28.4378104615841,19.3135383345164));
#8372=CARTESIAN_POINT('Ctrl Pts',(51.2052982387629,32.1512641700727,19.0130495360683));
#8373=CARTESIAN_POINT('Ctrl Pts',(51.7950810306227,32.5781303533537,20.0183771551036));
#8374=CARTESIAN_POINT('Ctrl Pts',(52.4153164912905,32.9615052756472,21.0777622590977));
#8375=CARTESIAN_POINT('Ctrl Pts',(53.0595168427698,33.2977326467411,22.1803072718565));
#8376=CARTESIAN_POINT('Ctrl Pts',(51.1421099417015,31.9623106930987,19.1321370706279));
#8377=CARTESIAN_POINT('Ctrl Pts',(51.7256208430493,32.3910020533402,20.1320035039355));
#8378=CARTESIAN_POINT('Ctrl Pts',(52.3401074051894,32.7770598941104,21.1863959657715));
#8379=CARTESIAN_POINT('Ctrl Pts',(52.9790953498582,33.1165737467839,22.2843270671905));
#8380=CARTESIAN_POINT('Ctrl Pts',(51.0789216446401,31.7733572161246,19.2512246051875));
#8381=CARTESIAN_POINT('Ctrl Pts',(51.6561606554759,32.2038737533268,20.2456298527673));
#8382=CARTESIAN_POINT('Ctrl Pts',(52.2648983190883,32.5926145125736,21.2950296724454));
#8383=CARTESIAN_POINT('Ctrl Pts',(52.8986738569467,32.9354148468268,22.3883468625246));
#8384=CARTESIAN_POINT('Ctrl Pts',(51.0157333475787,31.5844037391505,19.3703121397471));
#8385=CARTESIAN_POINT('Ctrl Pts',(51.5867004679025,32.0167454533133,20.3592562015992));
#8386=CARTESIAN_POINT('Ctrl Pts',(52.1896892329873,32.4081691310368,21.4036633791192));
#8387=CARTESIAN_POINT('Ctrl Pts',(52.8182523640351,32.7542559468696,22.4923666578586));
#8388=CARTESIAN_POINT('Ctrl Pts',(51.0157333475853,31.5844037391555,19.3703121397586));
#8389=CARTESIAN_POINT('Ctrl Pts',(51.2779798450193,31.7829792721378,19.8245363974213));
#8390=CARTESIAN_POINT('Ctrl Pts',(51.5429171170559,31.9698460368568,20.2834212132494));
#8391=CARTESIAN_POINT('Ctrl Pts',(52.0835991522248,32.3261148185773,21.2199099689017));
#8392=CARTESIAN_POINT('Ctrl Pts',(52.3602481993279,32.4953643935467,21.6990801745076));
#8393=CARTESIAN_POINT('Ctrl Pts',(52.6380848206729,32.6534163524945,22.1803073188804));
#8394=CARTESIAN_POINT('Origin',(51.0503715532522,23.8743205317365,19.4303072718565));
#8395=CARTESIAN_POINT('',(47.8749450727092,23.8743205317365,19.4303072718565));
#8396=CARTESIAN_POINT('',(47.8749450727092,23.8743205317365,19.4303072718565));
#8397=CARTESIAN_POINT('',(51.0503715532522,23.8743205317365,19.4303072718565));
#8398=CARTESIAN_POINT('',(47.8749450727092,23.8743205317365,19.4303072718565));
#8399=CARTESIAN_POINT('',(51.0503715532522,23.8743205317365,19.4303072718565));
#8400=CARTESIAN_POINT('Origin',(47.8749450727092,23.8743205317365,19.4303072718565));
#8401=CARTESIAN_POINT('',(46.2872318324377,23.8743205317365,22.1803072718565));
#8402=CARTESIAN_POINT('',(46.2872318324377,23.8743205317365,22.1803072718565));
#8403=CARTESIAN_POINT('',(46.2872318324377,23.8743205317365,22.1803072718565));
#8404=CARTESIAN_POINT('Origin',(46.2872318324377,23.8743205317365,22.1803072718565));
#8405=CARTESIAN_POINT('',(47.8749450727092,23.8743205317365,24.9303072718565));
#8406=CARTESIAN_POINT('',(47.8749450727092,23.8743205317365,24.9303072718565));
#8407=CARTESIAN_POINT('',(47.8749450727092,23.8743205317365,24.9303072718565));
#8408=CARTESIAN_POINT('Origin',(49.4999998435377,15.,22.1999000568484));
#8409=CARTESIAN_POINT('',(47.8126583129807,15.,22.1803072718565));
#8410=CARTESIAN_POINT('Origin',(49.4626583129807,15.,22.1803072718565));
#8411=CARTESIAN_POINT('Origin',(49.4626583129807,9.37432053173651,22.1803072718565));
#8412=CARTESIAN_POINT('',(47.8126583129807,9.37432053173651,22.1803072718565));
#8413=CARTESIAN_POINT('Origin',(47.8749450727092,23.8743205317365,24.9303072718565));
#8414=CARTESIAN_POINT('',(51.0503715532522,23.8743205317365,24.9303072718565));
#8415=CARTESIAN_POINT('',(51.0503715532522,23.8743205317365,24.9303072718565));
#8416=CARTESIAN_POINT('',(51.0503715532522,23.8743205317365,24.9303072718565));
#8417=CARTESIAN_POINT('Origin',(52.6380847935236,23.8743205317365,22.1803072718565));
#8418=CARTESIAN_POINT('',(52.6380847935236,23.8743205317365,22.1803072718565));
#8419=CARTESIAN_POINT('',(51.0503715532522,23.8743205317365,19.4303072718565));
#8420=CARTESIAN_POINT('',(52.6380847935236,23.8743205317365,22.1803072718565));
#8421=CARTESIAN_POINT('Origin',(51.0503715532522,23.8743205317365,24.9303072718565));
#8422=CARTESIAN_POINT('',(52.6380847935236,23.8743205317365,22.1803072718565));
#8423=CARTESIAN_POINT('Origin',(49.4626583129807,23.8743205317365,22.1803072718565));
#8424=CARTESIAN_POINT('',(51.1126583129807,23.8743205317365,22.1803072718565));
#8425=CARTESIAN_POINT('Origin',(49.4626583129807,23.8743205317365,22.1803072718565));
#8426=CARTESIAN_POINT('Origin',(49.4626583129807,27.3743205317365,22.1803072718565));
#8427=CARTESIAN_POINT('',(51.1126583129807,27.3743205317365,22.1803072718565));
#8428=CARTESIAN_POINT('Origin',(74.9999931790903,19.9856952021683,11.99990020586));
#8429=CARTESIAN_POINT('Ctrl Pts',(88.4029779474723,44.,2.77476550301993));
#8430=CARTESIAN_POINT('Ctrl Pts',(88.4029779474723,43.64,2.77476550301993));
#8431=CARTESIAN_POINT('Ctrl Pts',(88.4406811060711,44.,2.73287310457684));
#8432=CARTESIAN_POINT('Ctrl Pts',(88.4406811060711,43.64,2.73287310457684));
#8433=CARTESIAN_POINT('Ctrl Pts',(88.5328443826459,44.,2.69935918582237));
#8434=CARTESIAN_POINT('Ctrl Pts',(88.5328443826459,43.64,2.69935918582237));
#8435=CARTESIAN_POINT('Ctrl Pts',(88.6040614599991,44.,2.69935918582237));
#8436=CARTESIAN_POINT('Ctrl Pts',(88.6040614599991,43.64,2.69935918582237));
#8437=CARTESIAN_POINT('',(88.4029779474723,44.,2.77476550301993));
#8438=CARTESIAN_POINT('',(88.6040614599991,44.,2.69935918582237));
#8439=CARTESIAN_POINT('Ctrl Pts',(88.4029779474723,44.,2.77476550301993));
#8440=CARTESIAN_POINT('Ctrl Pts',(88.4406811060711,44.,2.73287310457684));
#8441=CARTESIAN_POINT('Ctrl Pts',(88.5328443826459,44.,2.69935918582237));
#8442=CARTESIAN_POINT('Ctrl Pts',(88.6040614599991,44.,2.69935918582237));
#8443=CARTESIAN_POINT('',(88.4029779474723,43.7,2.77476550301993));
#8444=CARTESIAN_POINT('',(88.4029779474723,44.,2.77476550301993));
#8445=CARTESIAN_POINT('',(88.6040614599991,43.7,2.69935918582237));
#8446=CARTESIAN_POINT('Ctrl Pts',(88.4029779474723,43.7,2.77476550301993));
#8447=CARTESIAN_POINT('Ctrl Pts',(88.4406811060711,43.7,2.73287310457684));
#8448=CARTESIAN_POINT('Ctrl Pts',(88.5328443826459,43.7,2.69935918582237));
#8449=CARTESIAN_POINT('Ctrl Pts',(88.6040614599991,43.7,2.69935918582237));
#8450=CARTESIAN_POINT('',(88.6040614599991,44.,2.69935918582237));
#8451=CARTESIAN_POINT('Ctrl Pts',(87.9966216825743,44.,3.99802353755818));
#8452=CARTESIAN_POINT('Ctrl Pts',(87.9966216825743,43.64,3.99802353755818));
#8453=CARTESIAN_POINT('Ctrl Pts',(88.1851374755682,44.,3.36963756091182));
#8454=CARTESIAN_POINT('Ctrl Pts',(88.1851374755682,43.64,3.36963756091182));
#8455=CARTESIAN_POINT('Ctrl Pts',(88.3652747888735,44.,2.81665790146302));
#8456=CARTESIAN_POINT('Ctrl Pts',(88.3652747888735,43.64,2.81665790146302));
#8457=CARTESIAN_POINT('Ctrl Pts',(88.4029779474723,44.,2.77476550301993));
#8458=CARTESIAN_POINT('Ctrl Pts',(88.4029779474723,43.64,2.77476550301993));
#8459=CARTESIAN_POINT('',(87.9966216825743,44.,3.99802353755818));
#8460=CARTESIAN_POINT('Ctrl Pts',(87.9966216825743,44.,3.99802353755818));
#8461=CARTESIAN_POINT('Ctrl Pts',(88.1851374755682,44.,3.36963756091182));
#8462=CARTESIAN_POINT('Ctrl Pts',(88.3652747888735,44.,2.81665790146302));
#8463=CARTESIAN_POINT('Ctrl Pts',(88.4029779474723,44.,2.77476550301993));
#8464=CARTESIAN_POINT('',(87.9966216825743,43.7,3.99802353755818));
#8465=CARTESIAN_POINT('',(87.9966216825743,44.,3.99802353755818));
#8466=CARTESIAN_POINT('Ctrl Pts',(87.9966216825743,43.7,3.99802353755818));
#8467=CARTESIAN_POINT('Ctrl Pts',(88.1851374755682,43.7,3.36963756091182));
#8468=CARTESIAN_POINT('Ctrl Pts',(88.3652747888735,43.7,2.81665790146302));
#8469=CARTESIAN_POINT('Ctrl Pts',(88.4029779474723,43.7,2.77476550301993));
#8470=CARTESIAN_POINT('Ctrl Pts',(87.5944546575207,44.,5.35114800727));
#8471=CARTESIAN_POINT('Ctrl Pts',(87.5944546575207,43.64,5.35114800727));
#8472=CARTESIAN_POINT('Ctrl Pts',(87.6279685762751,44.,5.23384929162934));
#8473=CARTESIAN_POINT('Ctrl Pts',(87.6279685762751,43.64,5.23384929162934));
#8474=CARTESIAN_POINT('Ctrl Pts',(87.8081058895804,44.,4.62640951420452));
#8475=CARTESIAN_POINT('Ctrl Pts',(87.8081058895804,43.64,4.62640951420452));
#8476=CARTESIAN_POINT('Ctrl Pts',(87.9966216825743,44.,3.99802353755818));
#8477=CARTESIAN_POINT('Ctrl Pts',(87.9966216825743,43.64,3.99802353755818));
#8478=CARTESIAN_POINT('',(87.5944546575207,44.,5.35114800727));
#8479=CARTESIAN_POINT('Ctrl Pts',(87.5944546575207,44.,5.35114800727));
#8480=CARTESIAN_POINT('Ctrl Pts',(87.6279685762751,44.,5.23384929162934));
#8481=CARTESIAN_POINT('Ctrl Pts',(87.8081058895804,44.,4.62640951420452));
#8482=CARTESIAN_POINT('Ctrl Pts',(87.9966216825743,44.,3.99802353755818));
#8483=CARTESIAN_POINT('',(87.5944546575207,43.7,5.35114800727));
#8484=CARTESIAN_POINT('',(87.5944546575207,44.,5.35114800727));
#8485=CARTESIAN_POINT('Ctrl Pts',(87.5944546575207,43.7,5.35114800727));
#8486=CARTESIAN_POINT('Ctrl Pts',(87.6279685762751,43.7,5.23384929162934));
#8487=CARTESIAN_POINT('Ctrl Pts',(87.8081058895804,43.7,4.62640951420452));
#8488=CARTESIAN_POINT('Ctrl Pts',(87.9966216825743,43.7,3.99802353755818));
#8489=CARTESIAN_POINT('Ctrl Pts',(85.864298601821,44.,5.55642075964114));
#8490=CARTESIAN_POINT('Ctrl Pts',(85.864298601821,43.64,5.55642075964114));
#8491=CARTESIAN_POINT('Ctrl Pts',(87.531616059856,44.,5.55642075964114));
#8492=CARTESIAN_POINT('Ctrl Pts',(87.531616059856,43.64,5.55642075964114));
#8493=CARTESIAN_POINT('Ctrl Pts',(87.531616059856,44.,5.55642075964114));
#8494=CARTESIAN_POINT('Ctrl Pts',(87.531616059856,43.64,5.55642075964114));
#8495=CARTESIAN_POINT('Ctrl Pts',(87.5944546575207,44.,5.35114800727));
#8496=CARTESIAN_POINT('Ctrl Pts',(87.5944546575207,43.64,5.35114800727));
#8497=CARTESIAN_POINT('',(85.864298601821,44.,5.55642075964114));
#8498=CARTESIAN_POINT('Ctrl Pts',(85.864298601821,44.,5.55642075964114));
#8499=CARTESIAN_POINT('Ctrl Pts',(87.531616059856,44.,5.55642075964114));
#8500=CARTESIAN_POINT('Ctrl Pts',(87.531616059856,44.,5.55642075964114));
#8501=CARTESIAN_POINT('Ctrl Pts',(87.5944546575207,44.,5.35114800727));
#8502=CARTESIAN_POINT('',(85.864298601821,43.7,5.55642075964114));
#8503=CARTESIAN_POINT('',(85.864298601821,44.,5.55642075964114));
#8504=CARTESIAN_POINT('Ctrl Pts',(85.864298601821,43.7,5.55642075964114));
#8505=CARTESIAN_POINT('Ctrl Pts',(87.531616059856,43.7,5.55642075964114));
#8506=CARTESIAN_POINT('Ctrl Pts',(87.531616059856,43.7,5.55642075964114));
#8507=CARTESIAN_POINT('Ctrl Pts',(87.5944546575207,43.7,5.35114800727));
#8508=CARTESIAN_POINT('Ctrl Pts',(84.1006286273669,44.,5.64020555652732));
#8509=CARTESIAN_POINT('Ctrl Pts',(84.1006286273669,43.64,5.64020555652732));
#8510=CARTESIAN_POINT('Ctrl Pts',(84.1927919039417,44.,5.56479923932976));
#8511=CARTESIAN_POINT('Ctrl Pts',(84.1927919039417,43.64,5.56479923932976));
#8512=CARTESIAN_POINT('Ctrl Pts',(84.3142798594267,44.,5.55642075964114));
#8513=CARTESIAN_POINT('Ctrl Pts',(84.3142798594267,43.64,5.55642075964114));
#8514=CARTESIAN_POINT('Ctrl Pts',(85.864298601821,44.,5.55642075964114));
#8515=CARTESIAN_POINT('Ctrl Pts',(85.864298601821,43.64,5.55642075964114));
#8516=CARTESIAN_POINT('',(84.1006286273669,44.,5.64020555652732));
#8517=CARTESIAN_POINT('Ctrl Pts',(84.1006286273669,44.,5.64020555652732));
#8518=CARTESIAN_POINT('Ctrl Pts',(84.1927919039417,44.,5.56479923932976));
#8519=CARTESIAN_POINT('Ctrl Pts',(84.3142798594267,44.,5.55642075964114));
#8520=CARTESIAN_POINT('Ctrl Pts',(85.864298601821,44.,5.55642075964114));
#8521=CARTESIAN_POINT('',(84.1006286273669,43.7,5.64020555652732));
#8522=CARTESIAN_POINT('',(84.1006286273669,44.,5.64020555652732));
#8523=CARTESIAN_POINT('Ctrl Pts',(84.1006286273669,43.7,5.64020555652732));
#8524=CARTESIAN_POINT('Ctrl Pts',(84.1927919039417,43.7,5.56479923932976));
#8525=CARTESIAN_POINT('Ctrl Pts',(84.3142798594267,43.7,5.55642075964114));
#8526=CARTESIAN_POINT('Ctrl Pts',(85.864298601821,43.7,5.55642075964114));
#8527=CARTESIAN_POINT('Ctrl Pts',(84.0000868711035,44.,5.86642450812001));
#8528=CARTESIAN_POINT('Ctrl Pts',(84.0000868711035,43.64,5.86642450812001));
#8529=CARTESIAN_POINT('Ctrl Pts',(84.0000868711035,44.,5.76588275185659));
#8530=CARTESIAN_POINT('Ctrl Pts',(84.0000868711035,43.64,5.76588275185659));
#8531=CARTESIAN_POINT('Ctrl Pts',(84.033600789858,44.,5.69466567450334));
#8532=CARTESIAN_POINT('Ctrl Pts',(84.033600789858,43.64,5.69466567450334));
#8533=CARTESIAN_POINT('Ctrl Pts',(84.1006286273669,44.,5.64020555652732));
#8534=CARTESIAN_POINT('Ctrl Pts',(84.1006286273669,43.64,5.64020555652732));
#8535=CARTESIAN_POINT('',(84.0000868711035,44.,5.86642450812001));
#8536=CARTESIAN_POINT('Ctrl Pts',(84.0000868711035,44.,5.86642450812001));
#8537=CARTESIAN_POINT('Ctrl Pts',(84.0000868711035,44.,5.76588275185659));
#8538=CARTESIAN_POINT('Ctrl Pts',(84.033600789858,44.,5.69466567450334));
#8539=CARTESIAN_POINT('Ctrl Pts',(84.1006286273669,44.,5.64020555652732));
#8540=CARTESIAN_POINT('',(84.0000868711035,43.7,5.86642450812001));
#8541=CARTESIAN_POINT('',(84.0000868711035,44.,5.86642450812001));
#8542=CARTESIAN_POINT('Ctrl Pts',(84.0000868711035,43.7,5.86642450812001));
#8543=CARTESIAN_POINT('Ctrl Pts',(84.0000868711035,43.7,5.76588275185659));
#8544=CARTESIAN_POINT('Ctrl Pts',(84.033600789858,43.7,5.69466567450334));
#8545=CARTESIAN_POINT('Ctrl Pts',(84.1006286273669,43.7,5.64020555652732));
#8546=CARTESIAN_POINT('Ctrl Pts',(84.1006286273669,44.,6.0926434597127));
#8547=CARTESIAN_POINT('Ctrl Pts',(84.1006286273669,43.64,6.0926434597127));
#8548=CARTESIAN_POINT('Ctrl Pts',(84.033600789858,44.,6.03818334173668));
#8549=CARTESIAN_POINT('Ctrl Pts',(84.033600789858,43.64,6.03818334173668));
#8550=CARTESIAN_POINT('Ctrl Pts',(84.0000868711035,44.,5.96696626438343));
#8551=CARTESIAN_POINT('Ctrl Pts',(84.0000868711035,43.64,5.96696626438343));
#8552=CARTESIAN_POINT('Ctrl Pts',(84.0000868711035,44.,5.86642450812001));
#8553=CARTESIAN_POINT('Ctrl Pts',(84.0000868711035,43.64,5.86642450812001));
#8554=CARTESIAN_POINT('',(84.1006286273669,44.,6.0926434597127));
#8555=CARTESIAN_POINT('Ctrl Pts',(84.1006286273669,44.,6.0926434597127));
#8556=CARTESIAN_POINT('Ctrl Pts',(84.033600789858,44.,6.03818334173668));
#8557=CARTESIAN_POINT('Ctrl Pts',(84.0000868711035,44.,5.96696626438343));
#8558=CARTESIAN_POINT('Ctrl Pts',(84.0000868711035,44.,5.86642450812001));
#8559=CARTESIAN_POINT('',(84.1006286273669,43.7,6.0926434597127));
#8560=CARTESIAN_POINT('',(84.1006286273669,44.,6.0926434597127));
#8561=CARTESIAN_POINT('Ctrl Pts',(84.1006286273669,43.7,6.0926434597127));
#8562=CARTESIAN_POINT('Ctrl Pts',(84.033600789858,43.7,6.03818334173668));
#8563=CARTESIAN_POINT('Ctrl Pts',(84.0000868711035,43.7,5.96696626438343));
#8564=CARTESIAN_POINT('Ctrl Pts',(84.0000868711035,43.7,5.86642450812001));
#8565=CARTESIAN_POINT('Ctrl Pts',(85.9899757971503,44.,6.17223901675457));
#8566=CARTESIAN_POINT('Ctrl Pts',(85.9899757971503,43.64,6.17223901675457));
#8567=CARTESIAN_POINT('Ctrl Pts',(84.3142798594267,44.,6.17223901675457));
#8568=CARTESIAN_POINT('Ctrl Pts',(84.3142798594267,43.64,6.17223901675457));
#8569=CARTESIAN_POINT('Ctrl Pts',(84.1927919039417,44.,6.16804977691026));
#8570=CARTESIAN_POINT('Ctrl Pts',(84.1927919039417,43.64,6.16804977691026));
#8571=CARTESIAN_POINT('Ctrl Pts',(84.1006286273669,44.,6.0926434597127));
#8572=CARTESIAN_POINT('Ctrl Pts',(84.1006286273669,43.64,6.0926434597127));
#8573=CARTESIAN_POINT('',(85.9899757971503,44.,6.17223901675457));
#8574=CARTESIAN_POINT('Ctrl Pts',(85.9899757971503,44.,6.17223901675457));
#8575=CARTESIAN_POINT('Ctrl Pts',(84.3142798594267,44.,6.17223901675457));
#8576=CARTESIAN_POINT('Ctrl Pts',(84.1927919039417,44.,6.16804977691026));
#8577=CARTESIAN_POINT('Ctrl Pts',(84.1006286273669,44.,6.0926434597127));
#8578=CARTESIAN_POINT('',(85.9899757971503,43.7,6.17223901675457));
#8579=CARTESIAN_POINT('',(85.9899757971503,44.,6.17223901675457));
#8580=CARTESIAN_POINT('Ctrl Pts',(85.9899757971503,43.7,6.17223901675457));
#8581=CARTESIAN_POINT('Ctrl Pts',(84.3142798594267,43.7,6.17223901675457));
#8582=CARTESIAN_POINT('Ctrl Pts',(84.1927919039417,43.7,6.16804977691026));
#8583=CARTESIAN_POINT('Ctrl Pts',(84.1006286273669,43.7,6.0926434597127));
#8584=CARTESIAN_POINT('Ctrl Pts',(87.883512206778,44.,6.11777889877855));
#8585=CARTESIAN_POINT('Ctrl Pts',(87.883512206778,43.64,6.11777889877855));
#8586=CARTESIAN_POINT('Ctrl Pts',(87.8039166497361,44.,6.15967129722164));
#8587=CARTESIAN_POINT('Ctrl Pts',(87.8039166497361,43.64,6.15967129722164));
#8588=CARTESIAN_POINT('Ctrl Pts',(87.3389110270178,44.,6.17223901675457));
#8589=CARTESIAN_POINT('Ctrl Pts',(87.3389110270178,43.64,6.17223901675457));
#8590=CARTESIAN_POINT('Ctrl Pts',(85.9899757971503,44.,6.17223901675457));
#8591=CARTESIAN_POINT('Ctrl Pts',(85.9899757971503,43.64,6.17223901675457));
#8592=CARTESIAN_POINT('',(87.883512206778,44.,6.11777889877855));
#8593=CARTESIAN_POINT('Ctrl Pts',(87.883512206778,44.,6.11777889877855));
#8594=CARTESIAN_POINT('Ctrl Pts',(87.8039166497361,44.,6.15967129722164));
#8595=CARTESIAN_POINT('Ctrl Pts',(87.3389110270178,44.,6.17223901675457));
#8596=CARTESIAN_POINT('Ctrl Pts',(85.9899757971503,44.,6.17223901675457));
#8597=CARTESIAN_POINT('',(87.883512206778,43.7,6.11777889877855));
#8598=CARTESIAN_POINT('',(87.883512206778,44.,6.11777889877855));
#8599=CARTESIAN_POINT('Ctrl Pts',(87.883512206778,43.7,6.11777889877855));
#8600=CARTESIAN_POINT('Ctrl Pts',(87.8039166497361,43.7,6.15967129722164));
#8601=CARTESIAN_POINT('Ctrl Pts',(87.3389110270178,43.7,6.17223901675457));
#8602=CARTESIAN_POINT('Ctrl Pts',(85.9899757971503,43.7,6.17223901675457));
#8603=CARTESIAN_POINT('Ctrl Pts',(88.2605437927658,44.,5.18357841349762));
#8604=CARTESIAN_POINT('Ctrl Pts',(88.2605437927658,43.64,5.18357841349762));
#8605=CARTESIAN_POINT('Ctrl Pts',(88.0301356013288,44.,5.94183082531756));
#8606=CARTESIAN_POINT('Ctrl Pts',(88.0301356013288,43.64,5.94183082531756));
#8607=CARTESIAN_POINT('Ctrl Pts',(87.9798647231971,44.,6.06750802064684));
#8608=CARTESIAN_POINT('Ctrl Pts',(87.9798647231971,43.64,6.06750802064684));
#8609=CARTESIAN_POINT('Ctrl Pts',(87.883512206778,44.,6.11777889877855));
#8610=CARTESIAN_POINT('Ctrl Pts',(87.883512206778,43.64,6.11777889877855));
#8611=CARTESIAN_POINT('',(88.2605437927658,44.,5.18357841349762));
#8612=CARTESIAN_POINT('Ctrl Pts',(88.2605437927658,44.,5.18357841349762));
#8613=CARTESIAN_POINT('Ctrl Pts',(88.0301356013288,44.,5.94183082531756));
#8614=CARTESIAN_POINT('Ctrl Pts',(87.9798647231971,44.,6.06750802064684));
#8615=CARTESIAN_POINT('Ctrl Pts',(87.883512206778,44.,6.11777889877855));
#8616=CARTESIAN_POINT('',(88.2605437927658,43.7,5.18357841349762));
#8617=CARTESIAN_POINT('',(88.2605437927658,44.,5.18357841349762));
#8618=CARTESIAN_POINT('Ctrl Pts',(88.2605437927658,43.7,5.18357841349762));
#8619=CARTESIAN_POINT('Ctrl Pts',(88.0301356013288,43.7,5.94183082531756));
#8620=CARTESIAN_POINT('Ctrl Pts',(87.9798647231971,43.7,6.06750802064684));
#8621=CARTESIAN_POINT('Ctrl Pts',(87.883512206778,43.7,6.11777889877855));
#8622=CARTESIAN_POINT('Ctrl Pts',(88.5705475412447,44.,4.15302541179761));
#8623=CARTESIAN_POINT('Ctrl Pts',(88.5705475412447,43.64,4.15302541179761));
#8624=CARTESIAN_POINT('Ctrl Pts',(88.5454121021788,44.,4.23681020868379));
#8625=CARTESIAN_POINT('Ctrl Pts',(88.5454121021788,43.64,4.23681020868379));
#8626=CARTESIAN_POINT('Ctrl Pts',(88.4071671873166,44.,4.70181583140209));
#8627=CARTESIAN_POINT('Ctrl Pts',(88.4071671873166,43.64,4.70181583140209));
#8628=CARTESIAN_POINT('Ctrl Pts',(88.2605437927658,44.,5.18357841349762));
#8629=CARTESIAN_POINT('Ctrl Pts',(88.2605437927658,43.64,5.18357841349762));
#8630=CARTESIAN_POINT('',(88.5705475412447,44.,4.15302541179761));
#8631=CARTESIAN_POINT('Ctrl Pts',(88.5705475412447,44.,4.15302541179761));
#8632=CARTESIAN_POINT('Ctrl Pts',(88.5454121021788,44.,4.23681020868379));
#8633=CARTESIAN_POINT('Ctrl Pts',(88.4071671873166,44.,4.70181583140209));
#8634=CARTESIAN_POINT('Ctrl Pts',(88.2605437927658,44.,5.18357841349762));
#8635=CARTESIAN_POINT('',(88.5705475412447,43.7,4.15302541179761));
#8636=CARTESIAN_POINT('',(88.5705475412447,44.,4.15302541179761));
#8637=CARTESIAN_POINT('Ctrl Pts',(88.5705475412447,43.7,4.15302541179761));
#8638=CARTESIAN_POINT('Ctrl Pts',(88.5454121021788,43.7,4.23681020868379));
#8639=CARTESIAN_POINT('Ctrl Pts',(88.4071671873166,43.7,4.70181583140209));
#8640=CARTESIAN_POINT('Ctrl Pts',(88.2605437927658,43.7,5.18357841349762));
#8641=CARTESIAN_POINT('Ctrl Pts',(89.3497461522861,44.,6.4654858058562));
#8642=CARTESIAN_POINT('Ctrl Pts',(89.3497461522861,43.64,6.4654858058562));
#8643=CARTESIAN_POINT('Ctrl Pts',(88.6752785373524,44.,4.22005324930655));
#8644=CARTESIAN_POINT('Ctrl Pts',(88.6752785373524,43.64,4.22005324930655));
#8645=CARTESIAN_POINT('Ctrl Pts',(88.6082506998435,44.,4.01896973677972));
#8646=CARTESIAN_POINT('Ctrl Pts',(88.6082506998435,43.64,4.01896973677972));
#8647=CARTESIAN_POINT('Ctrl Pts',(88.5705475412447,44.,4.15302541179761));
#8648=CARTESIAN_POINT('Ctrl Pts',(88.5705475412447,43.64,4.15302541179761));
#8649=CARTESIAN_POINT('',(89.3497461522861,44.,6.4654858058562));
#8650=CARTESIAN_POINT('Ctrl Pts',(89.3497461522861,44.,6.4654858058562));
#8651=CARTESIAN_POINT('Ctrl Pts',(88.6752785373524,44.,4.22005324930655));
#8652=CARTESIAN_POINT('Ctrl Pts',(88.6082506998435,44.,4.01896973677972));
#8653=CARTESIAN_POINT('Ctrl Pts',(88.5705475412447,44.,4.15302541179761));
#8654=CARTESIAN_POINT('',(89.3497461522861,43.7,6.4654858058562));
#8655=CARTESIAN_POINT('',(89.3497461522861,44.,6.4654858058562));
#8656=CARTESIAN_POINT('Ctrl Pts',(89.3497461522861,43.7,6.4654858058562));
#8657=CARTESIAN_POINT('Ctrl Pts',(88.6752785373524,43.7,4.22005324930655));
#8658=CARTESIAN_POINT('Ctrl Pts',(88.6082506998435,43.7,4.01896973677972));
#8659=CARTESIAN_POINT('Ctrl Pts',(88.5705475412447,43.7,4.15302541179761));
#8660=CARTESIAN_POINT('Ctrl Pts',(90.1582694422378,44.,8.97902971244163));
#8661=CARTESIAN_POINT('Ctrl Pts',(90.1582694422378,43.64,8.97902971244163));
#8662=CARTESIAN_POINT('Ctrl Pts',(90.1121878039504,44.,8.94132655384285));
#8663=CARTESIAN_POINT('Ctrl Pts',(90.1121878039504,43.64,8.94132655384285));
#8664=CARTESIAN_POINT('Ctrl Pts',(89.8231302546931,44.,8.04482922716072));
#8665=CARTESIAN_POINT('Ctrl Pts',(89.8231302546931,43.64,8.04482922716072));
#8666=CARTESIAN_POINT('Ctrl Pts',(89.3497461522861,44.,6.4654858058562));
#8667=CARTESIAN_POINT('Ctrl Pts',(89.3497461522861,43.64,6.4654858058562));
#8668=CARTESIAN_POINT('',(90.1582694422378,44.,8.97902971244163));
#8669=CARTESIAN_POINT('Ctrl Pts',(90.1582694422378,44.,8.97902971244162));
#8670=CARTESIAN_POINT('Ctrl Pts',(90.1121878039504,44.,8.94132655384279));
#8671=CARTESIAN_POINT('Ctrl Pts',(89.8231302546931,44.,8.04482922716067));
#8672=CARTESIAN_POINT('Ctrl Pts',(89.3497461522861,44.,6.4654858058562));
#8673=CARTESIAN_POINT('',(90.1582694422378,43.7,8.97902971244163));
#8674=CARTESIAN_POINT('',(90.1582694422378,44.,8.97902971244163));
#8675=CARTESIAN_POINT('Ctrl Pts',(90.1582694422378,43.7,8.97902971244162));
#8676=CARTESIAN_POINT('Ctrl Pts',(90.1121878039504,43.7,8.94132655384279));
#8677=CARTESIAN_POINT('Ctrl Pts',(89.8231302546931,43.7,8.04482922716067));
#8678=CARTESIAN_POINT('Ctrl Pts',(89.3497461522861,43.7,6.4654858058562));
#8679=CARTESIAN_POINT('Ctrl Pts',(90.350974475076,44.,9.03348983041765));
#8680=CARTESIAN_POINT('Ctrl Pts',(90.350974475076,43.64,9.03348983041765));
#8681=CARTESIAN_POINT('Ctrl Pts',(90.2881358774114,44.,9.03348983041765));
#8682=CARTESIAN_POINT('Ctrl Pts',(90.2881358774114,43.64,9.03348983041765));
#8683=CARTESIAN_POINT('Ctrl Pts',(90.2001618406809,44.,9.0083543913518));
#8684=CARTESIAN_POINT('Ctrl Pts',(90.2001618406809,43.64,9.0083543913518));
#8685=CARTESIAN_POINT('Ctrl Pts',(90.1582694422378,44.,8.97902971244163));
#8686=CARTESIAN_POINT('Ctrl Pts',(90.1582694422378,43.64,8.97902971244163));
#8687=CARTESIAN_POINT('',(90.350974475076,44.,9.03348983041765));
#8688=CARTESIAN_POINT('Ctrl Pts',(90.350974475076,44.,9.03348983041765));
#8689=CARTESIAN_POINT('Ctrl Pts',(90.2881358774114,44.,9.03348983041765));
#8690=CARTESIAN_POINT('Ctrl Pts',(90.2001618406809,44.,9.0083543913518));
#8691=CARTESIAN_POINT('Ctrl Pts',(90.1582694422378,44.,8.97902971244163));
#8692=CARTESIAN_POINT('',(90.350974475076,43.7,9.03348983041765));
#8693=CARTESIAN_POINT('',(90.350974475076,44.,9.03348983041765));
#8694=CARTESIAN_POINT('Ctrl Pts',(90.350974475076,43.7,9.03348983041765));
#8695=CARTESIAN_POINT('Ctrl Pts',(90.2881358774114,43.7,9.03348983041765));
#8696=CARTESIAN_POINT('Ctrl Pts',(90.2001618406809,43.7,9.0083543913518));
#8697=CARTESIAN_POINT('Ctrl Pts',(90.1582694422378,43.7,8.97902971244163));
#8698=CARTESIAN_POINT('Ctrl Pts',(90.5436795079142,44.,8.94970503353147));
#8699=CARTESIAN_POINT('Ctrl Pts',(90.5436795079142,43.64,8.94970503353147));
#8700=CARTESIAN_POINT('Ctrl Pts',(90.5017871094711,44.,8.99578667181887));
#8701=CARTESIAN_POINT('Ctrl Pts',(90.5017871094711,43.64,8.99578667181887));
#8702=CARTESIAN_POINT('Ctrl Pts',(90.4138130727406,44.,9.03348983041765));
#8703=CARTESIAN_POINT('Ctrl Pts',(90.4138130727406,43.64,9.03348983041765));
#8704=CARTESIAN_POINT('Ctrl Pts',(90.350974475076,44.,9.03348983041765));
#8705=CARTESIAN_POINT('Ctrl Pts',(90.350974475076,43.64,9.03348983041765));
#8706=CARTESIAN_POINT('',(90.5436795079142,44.,8.94970503353147));
#8707=CARTESIAN_POINT('Ctrl Pts',(90.5436795079142,44.,8.94970503353147));
#8708=CARTESIAN_POINT('Ctrl Pts',(90.5017871094711,44.,8.99578667181887));
#8709=CARTESIAN_POINT('Ctrl Pts',(90.4138130727406,44.,9.03348983041765));
#8710=CARTESIAN_POINT('Ctrl Pts',(90.350974475076,44.,9.03348983041765));
#8711=CARTESIAN_POINT('',(90.5436795079142,43.7,8.94970503353147));
#8712=CARTESIAN_POINT('',(90.5436795079142,44.,8.94970503353147));
#8713=CARTESIAN_POINT('Ctrl Pts',(90.5436795079142,43.7,8.94970503353147));
#8714=CARTESIAN_POINT('Ctrl Pts',(90.5017871094711,43.7,8.99578667181887));
#8715=CARTESIAN_POINT('Ctrl Pts',(90.4138130727406,43.7,9.03348983041765));
#8716=CARTESIAN_POINT('Ctrl Pts',(90.350974475076,43.7,9.03348983041765));
#8717=CARTESIAN_POINT('Ctrl Pts',(91.3438243181773,44.,6.45710732616758));
#8718=CARTESIAN_POINT('Ctrl Pts',(91.3438243181773,43.64,6.45710732616758));
#8719=CARTESIAN_POINT('Ctrl Pts',(90.9458465329679,44.,7.78090711696924));
#8720=CARTESIAN_POINT('Ctrl Pts',(90.9458465329679,43.64,7.78090711696924));
#8721=CARTESIAN_POINT('Ctrl Pts',(90.5855719063573,44.,8.90362339524406));
#8722=CARTESIAN_POINT('Ctrl Pts',(90.5855719063573,43.64,8.90362339524406));
#8723=CARTESIAN_POINT('Ctrl Pts',(90.5436795079142,44.,8.94970503353147));
#8724=CARTESIAN_POINT('Ctrl Pts',(90.5436795079142,43.64,8.94970503353147));
#8725=CARTESIAN_POINT('',(91.3438243181773,44.,6.45710732616758));
#8726=CARTESIAN_POINT('Ctrl Pts',(91.3438243181773,44.,6.45710732616761));
#8727=CARTESIAN_POINT('Ctrl Pts',(90.9458465329679,44.,7.78090711696921));
#8728=CARTESIAN_POINT('Ctrl Pts',(90.5855719063573,44.,8.903623395244));
#8729=CARTESIAN_POINT('Ctrl Pts',(90.5436795079142,44.,8.94970503353146));
#8730=CARTESIAN_POINT('',(91.3438243181773,43.7,6.45710732616758));
#8731=CARTESIAN_POINT('',(91.3438243181773,44.,6.45710732616758));
#8732=CARTESIAN_POINT('Ctrl Pts',(91.3438243181773,43.7,6.45710732616761));
#8733=CARTESIAN_POINT('Ctrl Pts',(90.945846532968,43.7,7.78090711696897));
#8734=CARTESIAN_POINT('Ctrl Pts',(90.5855719063575,43.7,8.90362339524357));
#8735=CARTESIAN_POINT('Ctrl Pts',(90.5436795079142,43.7,8.94970503353144));
#8736=CARTESIAN_POINT('Ctrl Pts',(92.0685628112427,44.,4.02315897662403));
#8737=CARTESIAN_POINT('Ctrl Pts',(92.0685628112427,43.64,4.02315897662403));
#8738=CARTESIAN_POINT('Ctrl Pts',(92.0643735713984,44.,4.03572669615696));
#8739=CARTESIAN_POINT('Ctrl Pts',(92.0643735713984,43.64,4.03572669615696));
#8740=CARTESIAN_POINT('Ctrl Pts',(91.7376128635423,44.,5.13330753536593));
#8741=CARTESIAN_POINT('Ctrl Pts',(91.7376128635423,43.64,5.13330753536593));
#8742=CARTESIAN_POINT('Ctrl Pts',(91.3438243181773,44.,6.45710732616758));
#8743=CARTESIAN_POINT('Ctrl Pts',(91.3438243181773,43.64,6.45710732616758));
#8744=CARTESIAN_POINT('',(92.0685628112427,44.,4.02315897662403));
#8745=CARTESIAN_POINT('Ctrl Pts',(92.0685628112427,44.,4.02315897662403));
#8746=CARTESIAN_POINT('Ctrl Pts',(92.0643735713984,44.,4.03572669615696));
#8747=CARTESIAN_POINT('Ctrl Pts',(91.7376128635423,44.,5.13330753536593));
#8748=CARTESIAN_POINT('Ctrl Pts',(91.3438243181773,44.,6.45710732616758));
#8749=CARTESIAN_POINT('',(92.0685628112427,43.7,4.02315897662403));
#8750=CARTESIAN_POINT('',(92.0685628112427,44.,4.02315897662403));
#8751=CARTESIAN_POINT('Ctrl Pts',(92.0685628112427,43.7,4.02315897662403));
#8752=CARTESIAN_POINT('Ctrl Pts',(92.0643735713984,43.7,4.03572669615696));
#8753=CARTESIAN_POINT('Ctrl Pts',(91.7376128635423,43.7,5.13330753536593));
#8754=CARTESIAN_POINT('Ctrl Pts',(91.3438243181773,43.7,6.45710732616758));
#8755=CARTESIAN_POINT('Ctrl Pts',(92.8058690238411,44.,6.44872884647896));
#8756=CARTESIAN_POINT('Ctrl Pts',(92.8058690238411,43.64,6.44872884647896));
#8757=CARTESIAN_POINT('Ctrl Pts',(92.4037019987874,44.,5.09979361661146));
#8758=CARTESIAN_POINT('Ctrl Pts',(92.4037019987874,43.64,5.09979361661146));
#8759=CARTESIAN_POINT('Ctrl Pts',(92.0685628112427,44.,4.01059125709109));
#8760=CARTESIAN_POINT('Ctrl Pts',(92.0685628112427,43.64,4.01059125709109));
#8761=CARTESIAN_POINT('Ctrl Pts',(92.0685628112427,44.,4.02315897662403));
#8762=CARTESIAN_POINT('Ctrl Pts',(92.0685628112427,43.64,4.02315897662403));
#8763=CARTESIAN_POINT('',(92.8058690238411,44.,6.44872884647896));
#8764=CARTESIAN_POINT('Ctrl Pts',(92.8058690238411,44.,6.44872884647896));
#8765=CARTESIAN_POINT('Ctrl Pts',(92.4037019987874,44.,5.09979361661146));
#8766=CARTESIAN_POINT('Ctrl Pts',(92.0685628112427,44.,4.01059125709109));
#8767=CARTESIAN_POINT('Ctrl Pts',(92.0685628112427,44.,4.02315897662403));
#8768=CARTESIAN_POINT('',(92.8058690238411,43.7,6.44872884647896));
#8769=CARTESIAN_POINT('',(92.8058690238411,44.,6.44872884647896));
#8770=CARTESIAN_POINT('Ctrl Pts',(92.8058690238411,43.7,6.44872884647896));
#8771=CARTESIAN_POINT('Ctrl Pts',(92.4037019987874,43.7,5.09979361661146));
#8772=CARTESIAN_POINT('Ctrl Pts',(92.0685628112427,43.7,4.01059125709109));
#8773=CARTESIAN_POINT('Ctrl Pts',(92.0685628112427,43.7,4.02315897662403));
#8774=CARTESIAN_POINT('Ctrl Pts',(93.6018245942598,44.,8.96646199290869));
#8775=CARTESIAN_POINT('Ctrl Pts',(93.6018245942598,43.64,8.96646199290869));
#8776=CARTESIAN_POINT('Ctrl Pts',(93.5724999153497,44.,8.92875883430991));
#8777=CARTESIAN_POINT('Ctrl Pts',(93.5724999153497,43.64,8.92875883430991));
#8778=CARTESIAN_POINT('Ctrl Pts',(93.2122252887391,44.,7.79347483650216));
#8779=CARTESIAN_POINT('Ctrl Pts',(93.2122252887391,43.64,7.79347483650216));
#8780=CARTESIAN_POINT('Ctrl Pts',(92.8058690238411,44.,6.44872884647896));
#8781=CARTESIAN_POINT('Ctrl Pts',(92.8058690238411,43.64,6.44872884647896));
#8782=CARTESIAN_POINT('',(93.6018245942598,44.,8.96646199290869));
#8783=CARTESIAN_POINT('Ctrl Pts',(93.6018245942598,44.,8.96646199290869));
#8784=CARTESIAN_POINT('Ctrl Pts',(93.5724999153497,44.,8.92875883430991));
#8785=CARTESIAN_POINT('Ctrl Pts',(93.2122252887391,44.,7.79347483650216));
#8786=CARTESIAN_POINT('Ctrl Pts',(92.8058690238411,44.,6.44872884647896));
#8787=CARTESIAN_POINT('',(93.6018245942598,43.7,8.96646199290869));
#8788=CARTESIAN_POINT('',(93.6018245942598,44.,8.96646199290869));
#8789=CARTESIAN_POINT('Ctrl Pts',(93.6018245942598,43.7,8.96646199290869));
#8790=CARTESIAN_POINT('Ctrl Pts',(93.5724999153497,43.7,8.92875883430991));
#8791=CARTESIAN_POINT('Ctrl Pts',(93.2122252887391,43.7,7.79347483650216));
#8792=CARTESIAN_POINT('Ctrl Pts',(92.8058690238411,43.7,6.44872884647896));
#8793=CARTESIAN_POINT('Ctrl Pts',(93.7987188669424,44.,9.03348983041764));
#8794=CARTESIAN_POINT('Ctrl Pts',(93.7987188669424,43.64,9.03348983041764));
#8795=CARTESIAN_POINT('Ctrl Pts',(93.7233125497448,44.,9.03348983041764));
#8796=CARTESIAN_POINT('Ctrl Pts',(93.7233125497448,43.64,9.03348983041764));
#8797=CARTESIAN_POINT('Ctrl Pts',(93.6353385130143,44.,9.00416515150748));
#8798=CARTESIAN_POINT('Ctrl Pts',(93.6353385130143,43.64,9.00416515150748));
#8799=CARTESIAN_POINT('Ctrl Pts',(93.6018245942598,44.,8.96646199290869));
#8800=CARTESIAN_POINT('Ctrl Pts',(93.6018245942598,43.64,8.96646199290869));
#8801=CARTESIAN_POINT('',(93.7987188669424,44.,9.03348983041764));
#8802=CARTESIAN_POINT('Ctrl Pts',(93.7987188669424,44.,9.03348983041764));
#8803=CARTESIAN_POINT('Ctrl Pts',(93.7233125497448,44.,9.03348983041764));
#8804=CARTESIAN_POINT('Ctrl Pts',(93.6353385130143,44.,9.00416515150748));
#8805=CARTESIAN_POINT('Ctrl Pts',(93.6018245942598,44.,8.96646199290869));
#8806=CARTESIAN_POINT('',(93.7987188669424,43.7,9.03348983041764));
#8807=CARTESIAN_POINT('',(93.7987188669424,44.,9.03348983041764));
#8808=CARTESIAN_POINT('Ctrl Pts',(93.7987188669424,43.7,9.03348983041764));
#8809=CARTESIAN_POINT('Ctrl Pts',(93.7233125497448,43.7,9.03348983041764));
#8810=CARTESIAN_POINT('Ctrl Pts',(93.6353385130143,43.7,9.00416515150748));
#8811=CARTESIAN_POINT('Ctrl Pts',(93.6018245942598,43.7,8.96646199290869));
#8812=CARTESIAN_POINT('Ctrl Pts',(94.0123700990021,44.,8.95808351322008));
#8813=CARTESIAN_POINT('Ctrl Pts',(94.0123700990021,43.64,8.95808351322008));
#8814=CARTESIAN_POINT('Ctrl Pts',(93.9746669404033,44.,8.99997591166317));
#8815=CARTESIAN_POINT('Ctrl Pts',(93.9746669404033,43.64,8.99997591166317));
#8816=CARTESIAN_POINT('Ctrl Pts',(93.8783144239842,44.,9.03348983041764));
#8817=CARTESIAN_POINT('Ctrl Pts',(93.8783144239842,43.64,9.03348983041764));
#8818=CARTESIAN_POINT('Ctrl Pts',(93.7987188669424,44.,9.03348983041764));
#8819=CARTESIAN_POINT('Ctrl Pts',(93.7987188669424,43.64,9.03348983041764));
#8820=CARTESIAN_POINT('',(94.0123700990021,44.,8.95808351322008));
#8821=CARTESIAN_POINT('Ctrl Pts',(94.0123700990021,44.,8.95808351322008));
#8822=CARTESIAN_POINT('Ctrl Pts',(93.9746669404033,44.,8.99997591166317));
#8823=CARTESIAN_POINT('Ctrl Pts',(93.8783144239842,44.,9.03348983041764));
#8824=CARTESIAN_POINT('Ctrl Pts',(93.7987188669424,44.,9.03348983041764));
#8825=CARTESIAN_POINT('',(94.0123700990021,43.7,8.95808351322008));
#8826=CARTESIAN_POINT('',(94.0123700990021,44.,8.95808351322008));
#8827=CARTESIAN_POINT('Ctrl Pts',(94.0123700990021,43.7,8.95808351322008));
#8828=CARTESIAN_POINT('Ctrl Pts',(93.9746669404033,43.7,8.99997591166317));
#8829=CARTESIAN_POINT('Ctrl Pts',(93.8783144239842,43.7,9.03348983041764));
#8830=CARTESIAN_POINT('Ctrl Pts',(93.7987188669424,43.7,9.03348983041764));
#8831=CARTESIAN_POINT('Ctrl Pts',(94.7915687100436,44.,6.50318896445497));
#8832=CARTESIAN_POINT('Ctrl Pts',(94.7915687100436,43.64,6.50318896445497));
#8833=CARTESIAN_POINT('Ctrl Pts',(94.4019694045229,44.,7.8102317958794));
#8834=CARTESIAN_POINT('Ctrl Pts',(94.4019694045229,43.64,7.8102317958794));
#8835=CARTESIAN_POINT('Ctrl Pts',(94.0500732576009,44.,8.91619111477699));
#8836=CARTESIAN_POINT('Ctrl Pts',(94.0500732576009,43.64,8.91619111477699));
#8837=CARTESIAN_POINT('Ctrl Pts',(94.0123700990021,44.,8.95808351322008));
#8838=CARTESIAN_POINT('Ctrl Pts',(94.0123700990021,43.64,8.95808351322008));
#8839=CARTESIAN_POINT('',(94.7915687100436,44.,6.50318896445497));
#8840=CARTESIAN_POINT('Ctrl Pts',(94.7915687100436,44.,6.50318896445497));
#8841=CARTESIAN_POINT('Ctrl Pts',(94.4019694045229,44.,7.8102317958794));
#8842=CARTESIAN_POINT('Ctrl Pts',(94.0500732576009,44.,8.91619111477699));
#8843=CARTESIAN_POINT('Ctrl Pts',(94.0123700990021,44.,8.95808351322008));
#8844=CARTESIAN_POINT('',(94.7915687100436,43.7,6.50318896445497));
#8845=CARTESIAN_POINT('',(94.7915687100436,44.,6.50318896445497));
#8846=CARTESIAN_POINT('Ctrl Pts',(94.7915687100436,43.7,6.50318896445497));
#8847=CARTESIAN_POINT('Ctrl Pts',(94.4019694045229,43.7,7.8102317958794));
#8848=CARTESIAN_POINT('Ctrl Pts',(94.0500732576009,43.7,8.91619111477699));
#8849=CARTESIAN_POINT('Ctrl Pts',(94.0123700990021,43.7,8.95808351322008));
#8850=CARTESIAN_POINT('Ctrl Pts',(95.5330641624863,44.,4.09856529382158));
#8851=CARTESIAN_POINT('Ctrl Pts',(95.5330641624863,43.64,4.09856529382158));
#8852=CARTESIAN_POINT('Ctrl Pts',(95.5163072031091,44.,4.11532225319882));
#8853=CARTESIAN_POINT('Ctrl Pts',(95.5163072031091,43.64,4.11532225319882));
#8854=CARTESIAN_POINT('Ctrl Pts',(95.1853572554086,44.,5.19614613303055));
#8855=CARTESIAN_POINT('Ctrl Pts',(95.1853572554086,43.64,5.19614613303055));
#8856=CARTESIAN_POINT('Ctrl Pts',(94.7915687100436,44.,6.50318896445497));
#8857=CARTESIAN_POINT('Ctrl Pts',(94.7915687100436,43.64,6.50318896445497));
#8858=CARTESIAN_POINT('',(95.5330641624863,44.,4.09856529382158));
#8859=CARTESIAN_POINT('Ctrl Pts',(95.5330641624863,44.,4.09856529382158));
#8860=CARTESIAN_POINT('Ctrl Pts',(95.5163072031091,44.,4.11532225319882));
#8861=CARTESIAN_POINT('Ctrl Pts',(95.1853572554086,44.,5.19614613303055));
#8862=CARTESIAN_POINT('Ctrl Pts',(94.7915687100436,44.,6.50318896445497));
#8863=CARTESIAN_POINT('',(95.5330641624863,43.7,4.09856529382158));
#8864=CARTESIAN_POINT('',(95.5330641624863,44.,4.09856529382158));
#8865=CARTESIAN_POINT('Ctrl Pts',(95.5330641624863,43.7,4.09856529382158));
#8866=CARTESIAN_POINT('Ctrl Pts',(95.5163072031091,43.7,4.11532225319882));
#8867=CARTESIAN_POINT('Ctrl Pts',(95.1853572554086,43.7,5.19614613303055));
#8868=CARTESIAN_POINT('Ctrl Pts',(94.7915687100436,43.7,6.50318896445497));
#8869=CARTESIAN_POINT('Ctrl Pts',(96.2829380946176,44.,6.48224276523344));
#8870=CARTESIAN_POINT('Ctrl Pts',(96.2829380946176,43.64,6.48224276523344));
#8871=CARTESIAN_POINT('Ctrl Pts',(95.8891495492526,44.,5.15425373458746));
#8872=CARTESIAN_POINT('Ctrl Pts',(95.8891495492526,43.64,5.15425373458746));
#8873=CARTESIAN_POINT('Ctrl Pts',(95.5498211218635,44.,4.07761909460004));
#8874=CARTESIAN_POINT('Ctrl Pts',(95.5498211218635,43.64,4.07761909460004));
#8875=CARTESIAN_POINT('Ctrl Pts',(95.5330641624863,44.,4.09856529382158));
#8876=CARTESIAN_POINT('Ctrl Pts',(95.5330641624863,43.64,4.09856529382158));
#8877=CARTESIAN_POINT('',(96.2829380946176,44.,6.48224276523344));
#8878=CARTESIAN_POINT('Ctrl Pts',(96.2829380946176,44.,6.48224276523344));
#8879=CARTESIAN_POINT('Ctrl Pts',(95.8891495492526,44.,5.15425373458746));
#8880=CARTESIAN_POINT('Ctrl Pts',(95.5498211218635,44.,4.07761909460004));
#8881=CARTESIAN_POINT('Ctrl Pts',(95.5330641624863,44.,4.09856529382158));
#8882=CARTESIAN_POINT('',(96.2829380946176,43.7,6.48224276523344));
#8883=CARTESIAN_POINT('',(96.2829380946176,44.,6.48224276523344));
#8884=CARTESIAN_POINT('Ctrl Pts',(96.2829380946176,43.7,6.48224276523344));
#8885=CARTESIAN_POINT('Ctrl Pts',(95.8891495492526,43.7,5.15425373458746));
#8886=CARTESIAN_POINT('Ctrl Pts',(95.5498211218635,43.7,4.07761909460004));
#8887=CARTESIAN_POINT('Ctrl Pts',(95.5330641624863,43.7,4.09856529382158));
#8888=CARTESIAN_POINT('Ctrl Pts',(97.0788936650363,44.,8.9664619929087));
#8889=CARTESIAN_POINT('Ctrl Pts',(97.0788936650363,43.64,8.9664619929087));
#8890=CARTESIAN_POINT('Ctrl Pts',(97.0370012665933,44.,8.92875883430991));
#8891=CARTESIAN_POINT('Ctrl Pts',(97.0370012665933,43.64,8.92875883430991));
#8892=CARTESIAN_POINT('Ctrl Pts',(96.7060513188928,44.,7.9023950724542));
#8893=CARTESIAN_POINT('Ctrl Pts',(96.7060513188928,43.64,7.9023950724542));
#8894=CARTESIAN_POINT('Ctrl Pts',(96.2829380946176,44.,6.48224276523344));
#8895=CARTESIAN_POINT('Ctrl Pts',(96.2829380946176,43.64,6.48224276523344));
#8896=CARTESIAN_POINT('',(97.0788936650363,44.,8.9664619929087));
#8897=CARTESIAN_POINT('Ctrl Pts',(97.0788936650363,44.,8.9664619929087));
#8898=CARTESIAN_POINT('Ctrl Pts',(97.0370012665933,44.,8.92875883430991));
#8899=CARTESIAN_POINT('Ctrl Pts',(96.7060513188928,44.,7.9023950724542));
#8900=CARTESIAN_POINT('Ctrl Pts',(96.2829380946176,44.,6.48224276523344));
#8901=CARTESIAN_POINT('',(97.0788936650363,43.7,8.9664619929087));
#8902=CARTESIAN_POINT('',(97.0788936650363,44.,8.9664619929087));
#8903=CARTESIAN_POINT('Ctrl Pts',(97.0788936650363,43.7,8.9664619929087));
#8904=CARTESIAN_POINT('Ctrl Pts',(97.0370012665933,43.7,8.92875883430991));
#8905=CARTESIAN_POINT('Ctrl Pts',(96.7060513188928,43.7,7.9023950724542));
#8906=CARTESIAN_POINT('Ctrl Pts',(96.2829380946176,43.7,6.48224276523344));
#8907=CARTESIAN_POINT('Ctrl Pts',(97.2841664174075,44.,9.03348983041764));
#8908=CARTESIAN_POINT('Ctrl Pts',(97.2841664174075,43.64,9.03348983041764));
#8909=CARTESIAN_POINT('Ctrl Pts',(97.2129493400542,44.,9.03348983041764));
#8910=CARTESIAN_POINT('Ctrl Pts',(97.2129493400542,43.64,9.03348983041764));
#8911=CARTESIAN_POINT('Ctrl Pts',(97.1207860634794,44.,9.00416515150748));
#8912=CARTESIAN_POINT('Ctrl Pts',(97.1207860634794,43.64,9.00416515150748));
#8913=CARTESIAN_POINT('Ctrl Pts',(97.0788936650363,44.,8.9664619929087));
#8914=CARTESIAN_POINT('Ctrl Pts',(97.0788936650363,43.64,8.9664619929087));
#8915=CARTESIAN_POINT('',(97.2841664174075,44.,9.03348983041764));
#8916=CARTESIAN_POINT('Ctrl Pts',(97.2841664174075,44.,9.03348983041764));
#8917=CARTESIAN_POINT('Ctrl Pts',(97.2129493400542,44.,9.03348983041764));
#8918=CARTESIAN_POINT('Ctrl Pts',(97.1207860634794,44.,9.00416515150748));
#8919=CARTESIAN_POINT('Ctrl Pts',(97.0788936650363,44.,8.9664619929087));
#8920=CARTESIAN_POINT('',(97.2841664174075,43.7,9.03348983041764));
#8921=CARTESIAN_POINT('',(97.2841664174075,44.,9.03348983041764));
#8922=CARTESIAN_POINT('Ctrl Pts',(97.2841664174075,43.7,9.03348983041764));
#8923=CARTESIAN_POINT('Ctrl Pts',(97.2129493400542,43.7,9.03348983041764));
#8924=CARTESIAN_POINT('Ctrl Pts',(97.1207860634794,43.7,9.00416515150748));
#8925=CARTESIAN_POINT('Ctrl Pts',(97.0788936650363,43.7,8.9664619929087));
#8926=CARTESIAN_POINT('Ctrl Pts',(97.4852499299343,44.,8.95808351322008));
#8927=CARTESIAN_POINT('Ctrl Pts',(97.4852499299343,43.64,8.95808351322008));
#8928=CARTESIAN_POINT('Ctrl Pts',(97.4475467713355,44.,8.99997591166317));
#8929=CARTESIAN_POINT('Ctrl Pts',(97.4475467713355,43.64,8.99997591166317));
#8930=CARTESIAN_POINT('Ctrl Pts',(97.3553834947607,44.,9.03348983041764));
#8931=CARTESIAN_POINT('Ctrl Pts',(97.3553834947607,43.64,9.03348983041764));
#8932=CARTESIAN_POINT('Ctrl Pts',(97.2841664174075,44.,9.03348983041764));
#8933=CARTESIAN_POINT('Ctrl Pts',(97.2841664174075,43.64,9.03348983041764));
#8934=CARTESIAN_POINT('',(97.4852499299343,44.,8.95808351322008));
#8935=CARTESIAN_POINT('Ctrl Pts',(97.4852499299343,44.,8.95808351322008));
#8936=CARTESIAN_POINT('Ctrl Pts',(97.4475467713355,44.,8.99997591166317));
#8937=CARTESIAN_POINT('Ctrl Pts',(97.3553834947607,44.,9.03348983041764));
#8938=CARTESIAN_POINT('Ctrl Pts',(97.2841664174075,44.,9.03348983041764));
#8939=CARTESIAN_POINT('',(97.4852499299343,43.7,8.95808351322008));
#8940=CARTESIAN_POINT('',(97.4852499299343,44.,8.95808351322008));
#8941=CARTESIAN_POINT('Ctrl Pts',(97.4852499299343,43.7,8.95808351322008));
#8942=CARTESIAN_POINT('Ctrl Pts',(97.4475467713355,43.7,8.99997591166317));
#8943=CARTESIAN_POINT('Ctrl Pts',(97.3553834947607,43.7,9.03348983041764));
#8944=CARTESIAN_POINT('Ctrl Pts',(97.2841664174075,43.7,9.03348983041764));
#8945=CARTESIAN_POINT('Ctrl Pts',(97.8916061948323,44.,7.73482547868183));
#8946=CARTESIAN_POINT('Ctrl Pts',(97.8916061948323,43.64,7.73482547868183));
#8947=CARTESIAN_POINT('Ctrl Pts',(97.7030904018384,44.,8.36321145532819));
#8948=CARTESIAN_POINT('Ctrl Pts',(97.7030904018384,43.64,8.36321145532819));
#8949=CARTESIAN_POINT('Ctrl Pts',(97.5229530885331,44.,8.91619111477699));
#8950=CARTESIAN_POINT('Ctrl Pts',(97.5229530885331,43.64,8.91619111477699));
#8951=CARTESIAN_POINT('Ctrl Pts',(97.4852499299343,44.,8.95808351322008));
#8952=CARTESIAN_POINT('Ctrl Pts',(97.4852499299343,43.64,8.95808351322008));
#8953=CARTESIAN_POINT('',(97.8916061948323,44.,7.73482547868183));
#8954=CARTESIAN_POINT('Ctrl Pts',(97.8916061948323,44.,7.73482547868183));
#8955=CARTESIAN_POINT('Ctrl Pts',(97.7030904018384,44.,8.36321145532819));
#8956=CARTESIAN_POINT('Ctrl Pts',(97.5229530885331,44.,8.91619111477699));
#8957=CARTESIAN_POINT('Ctrl Pts',(97.4852499299343,44.,8.95808351322008));
#8958=CARTESIAN_POINT('',(97.8916061948323,43.7,7.73482547868183));
#8959=CARTESIAN_POINT('',(97.8916061948323,44.,7.73482547868183));
#8960=CARTESIAN_POINT('Ctrl Pts',(97.8916061948323,43.7,7.73482547868183));
#8961=CARTESIAN_POINT('Ctrl Pts',(97.7030904018384,43.7,8.36321145532819));
#8962=CARTESIAN_POINT('Ctrl Pts',(97.5229530885331,43.7,8.91619111477699));
#8963=CARTESIAN_POINT('Ctrl Pts',(97.4852499299343,43.7,8.95808351322008));
#8964=CARTESIAN_POINT('Ctrl Pts',(98.2937732198859,44.,6.38170100897001));
#8965=CARTESIAN_POINT('Ctrl Pts',(98.2937732198859,43.64,6.38170100897001));
#8966=CARTESIAN_POINT('Ctrl Pts',(98.2602593011315,44.,6.49899972461067));
#8967=CARTESIAN_POINT('Ctrl Pts',(98.2602593011315,43.64,6.49899972461067));
#8968=CARTESIAN_POINT('Ctrl Pts',(98.0801219878262,44.,7.10643950203548));
#8969=CARTESIAN_POINT('Ctrl Pts',(98.0801219878262,43.64,7.10643950203548));
#8970=CARTESIAN_POINT('Ctrl Pts',(97.8916061948323,44.,7.73482547868183));
#8971=CARTESIAN_POINT('Ctrl Pts',(97.8916061948323,43.64,7.73482547868183));
#8972=CARTESIAN_POINT('',(98.2937732198859,44.,6.38170100897001));
#8973=CARTESIAN_POINT('Ctrl Pts',(98.2937732198859,44.,6.38170100897001));
#8974=CARTESIAN_POINT('Ctrl Pts',(98.2602593011315,44.,6.49899972461067));
#8975=CARTESIAN_POINT('Ctrl Pts',(98.0801219878262,44.,7.10643950203548));
#8976=CARTESIAN_POINT('Ctrl Pts',(97.8916061948323,44.,7.73482547868183));
#8977=CARTESIAN_POINT('',(98.2937732198859,43.7,6.38170100897001));
#8978=CARTESIAN_POINT('',(98.2937732198859,44.,6.38170100897001));
#8979=CARTESIAN_POINT('Ctrl Pts',(98.2937732198859,43.7,6.38170100897001));
#8980=CARTESIAN_POINT('Ctrl Pts',(98.2602593011315,43.7,6.49899972461067));
#8981=CARTESIAN_POINT('Ctrl Pts',(98.0801219878262,43.7,7.10643950203548));
#8982=CARTESIAN_POINT('Ctrl Pts',(97.8916061948323,43.7,7.73482547868183));
#8983=CARTESIAN_POINT('Ctrl Pts',(100.02811851543,44.,6.17223901675456));
#8984=CARTESIAN_POINT('Ctrl Pts',(100.02811851543,43.64,6.17223901675456));
#8985=CARTESIAN_POINT('Ctrl Pts',(98.3566118175506,44.,6.17223901675456));
#8986=CARTESIAN_POINT('Ctrl Pts',(98.3566118175506,43.64,6.17223901675456));
#8987=CARTESIAN_POINT('Ctrl Pts',(98.3566118175506,44.,6.17223901675456));
#8988=CARTESIAN_POINT('Ctrl Pts',(98.3566118175506,43.64,6.17223901675456));
#8989=CARTESIAN_POINT('Ctrl Pts',(98.2937732198859,44.,6.38170100897001));
#8990=CARTESIAN_POINT('Ctrl Pts',(98.2937732198859,43.64,6.38170100897001));
#8991=CARTESIAN_POINT('',(100.02811851543,44.,6.17223901675456));
#8992=CARTESIAN_POINT('Ctrl Pts',(100.02811851543,44.,6.17223901675456));
#8993=CARTESIAN_POINT('Ctrl Pts',(98.3566118175506,44.,6.17223901675456));
#8994=CARTESIAN_POINT('Ctrl Pts',(98.3566118175506,44.,6.17223901675456));
#8995=CARTESIAN_POINT('Ctrl Pts',(98.2937732198859,44.,6.38170100897001));
#8996=CARTESIAN_POINT('',(100.02811851543,43.7,6.17223901675456));
#8997=CARTESIAN_POINT('',(100.02811851543,44.,6.17223901675456));
#8998=CARTESIAN_POINT('Ctrl Pts',(100.02811851543,43.7,6.17223901675456));
#8999=CARTESIAN_POINT('Ctrl Pts',(98.3566118175506,43.7,6.17223901675456));
#9000=CARTESIAN_POINT('Ctrl Pts',(98.3566118175506,43.7,6.17223901675456));
#9001=CARTESIAN_POINT('Ctrl Pts',(98.2937732198859,43.7,6.38170100897001));
#9002=CARTESIAN_POINT('Ctrl Pts',(101.808545449261,44.,6.06750802064683));
#9003=CARTESIAN_POINT('Ctrl Pts',(101.808545449261,43.64,6.06750802064683));
#9004=CARTESIAN_POINT('Ctrl Pts',(101.699625213309,44.,6.17223901675456));
#9005=CARTESIAN_POINT('Ctrl Pts',(101.699625213309,43.64,6.17223901675456));
#9006=CARTESIAN_POINT('Ctrl Pts',(101.699625213309,44.,6.17223901675456));
#9007=CARTESIAN_POINT('Ctrl Pts',(101.699625213309,43.64,6.17223901675456));
#9008=CARTESIAN_POINT('Ctrl Pts',(100.02811851543,44.,6.17223901675456));
#9009=CARTESIAN_POINT('Ctrl Pts',(100.02811851543,43.64,6.17223901675456));
#9010=CARTESIAN_POINT('',(101.808545449261,44.,6.06750802064683));
#9011=CARTESIAN_POINT('Ctrl Pts',(101.808545449261,44.,6.06750802064683));
#9012=CARTESIAN_POINT('Ctrl Pts',(101.699625213309,44.,6.17223901675456));
#9013=CARTESIAN_POINT('Ctrl Pts',(101.699625213309,44.,6.17223901675456));
#9014=CARTESIAN_POINT('Ctrl Pts',(100.02811851543,44.,6.17223901675456));
#9015=CARTESIAN_POINT('',(101.808545449261,43.7,6.06750802064683));
#9016=CARTESIAN_POINT('',(101.808545449261,44.,6.06750802064683));
#9017=CARTESIAN_POINT('Ctrl Pts',(101.808545449261,43.7,6.06750802064683));
#9018=CARTESIAN_POINT('Ctrl Pts',(101.699625213309,43.7,6.17223901675456));
#9019=CARTESIAN_POINT('Ctrl Pts',(101.699625213309,43.7,6.17223901675456));
#9020=CARTESIAN_POINT('Ctrl Pts',(100.02811851543,43.7,6.17223901675456));
#9021=CARTESIAN_POINT('Ctrl Pts',(101.917465685213,44.,5.86642450812));
#9022=CARTESIAN_POINT('Ctrl Pts',(101.917465685213,43.64,5.86642450812));
#9023=CARTESIAN_POINT('Ctrl Pts',(101.917465685213,44.,5.91669538625171));
#9024=CARTESIAN_POINT('Ctrl Pts',(101.917465685213,43.64,5.91669538625171));
#9025=CARTESIAN_POINT('Ctrl Pts',(101.867194807082,44.,6.00885866282651));
#9026=CARTESIAN_POINT('Ctrl Pts',(101.867194807082,43.64,6.00885866282651));
#9027=CARTESIAN_POINT('Ctrl Pts',(101.808545449261,44.,6.06750802064683));
#9028=CARTESIAN_POINT('Ctrl Pts',(101.808545449261,43.64,6.06750802064683));
#9029=CARTESIAN_POINT('',(101.917465685213,44.,5.86642450812));
#9030=CARTESIAN_POINT('Ctrl Pts',(101.917465685213,44.,5.86642450812));
#9031=CARTESIAN_POINT('Ctrl Pts',(101.917465685213,44.,5.91669538625171));
#9032=CARTESIAN_POINT('Ctrl Pts',(101.867194807082,44.,6.00885866282651));
#9033=CARTESIAN_POINT('Ctrl Pts',(101.808545449261,44.,6.06750802064683));
#9034=CARTESIAN_POINT('',(101.917465685213,43.7,5.86642450812));
#9035=CARTESIAN_POINT('',(101.917465685213,44.,5.86642450812));
#9036=CARTESIAN_POINT('Ctrl Pts',(101.917465685213,43.7,5.86642450812));
#9037=CARTESIAN_POINT('Ctrl Pts',(101.917465685213,43.7,5.91669538625171));
#9038=CARTESIAN_POINT('Ctrl Pts',(101.867194807082,43.7,6.00885866282651));
#9039=CARTESIAN_POINT('Ctrl Pts',(101.808545449261,43.7,6.06750802064683));
#9040=CARTESIAN_POINT('Ctrl Pts',(101.808545449261,44.,5.66534099559316));
#9041=CARTESIAN_POINT('Ctrl Pts',(101.808545449261,43.64,5.66534099559316));
#9042=CARTESIAN_POINT('Ctrl Pts',(101.867194807082,44.,5.72399035341349));
#9043=CARTESIAN_POINT('Ctrl Pts',(101.867194807082,43.64,5.72399035341349));
#9044=CARTESIAN_POINT('Ctrl Pts',(101.917465685213,44.,5.81615362998829));
#9045=CARTESIAN_POINT('Ctrl Pts',(101.917465685213,43.64,5.81615362998829));
#9046=CARTESIAN_POINT('Ctrl Pts',(101.917465685213,44.,5.86642450812));
#9047=CARTESIAN_POINT('Ctrl Pts',(101.917465685213,43.64,5.86642450812));
#9048=CARTESIAN_POINT('',(101.808545449261,44.,5.66534099559316));
#9049=CARTESIAN_POINT('Ctrl Pts',(101.808545449261,44.,5.66534099559316));
#9050=CARTESIAN_POINT('Ctrl Pts',(101.867194807082,44.,5.72399035341349));
#9051=CARTESIAN_POINT('Ctrl Pts',(101.917465685213,44.,5.81615362998829));
#9052=CARTESIAN_POINT('Ctrl Pts',(101.917465685213,44.,5.86642450812));
#9053=CARTESIAN_POINT('',(101.808545449261,43.7,5.66534099559316));
#9054=CARTESIAN_POINT('',(101.808545449261,44.,5.66534099559316));
#9055=CARTESIAN_POINT('Ctrl Pts',(101.808545449261,43.7,5.66534099559316));
#9056=CARTESIAN_POINT('Ctrl Pts',(101.867194807082,43.7,5.72399035341349));
#9057=CARTESIAN_POINT('Ctrl Pts',(101.917465685213,43.7,5.81615362998829));
#9058=CARTESIAN_POINT('Ctrl Pts',(101.917465685213,43.7,5.86642450812));
#9059=CARTESIAN_POINT('Ctrl Pts',(99.9066305599449,44.,5.56060999948544));
#9060=CARTESIAN_POINT('Ctrl Pts',(99.9066305599449,43.64,5.56060999948544));
#9061=CARTESIAN_POINT('Ctrl Pts',(101.699625213309,44.,5.55642075964113));
#9062=CARTESIAN_POINT('Ctrl Pts',(101.699625213309,43.64,5.55642075964113));
#9063=CARTESIAN_POINT('Ctrl Pts',(101.699625213309,44.,5.55642075964113));
#9064=CARTESIAN_POINT('Ctrl Pts',(101.699625213309,43.64,5.55642075964113));
#9065=CARTESIAN_POINT('Ctrl Pts',(101.808545449261,44.,5.66534099559316));
#9066=CARTESIAN_POINT('Ctrl Pts',(101.808545449261,43.64,5.66534099559316));
#9067=CARTESIAN_POINT('',(99.9066305599449,44.,5.56060999948544));
#9068=CARTESIAN_POINT('Ctrl Pts',(99.9066305599449,44.,5.56060999948544));
#9069=CARTESIAN_POINT('Ctrl Pts',(101.699625213309,44.,5.55642075964113));
#9070=CARTESIAN_POINT('Ctrl Pts',(101.699625213309,44.,5.55642075964113));
#9071=CARTESIAN_POINT('Ctrl Pts',(101.808545449261,44.,5.66534099559316));
#9072=CARTESIAN_POINT('',(99.9066305599449,43.7,5.56060999948544));
#9073=CARTESIAN_POINT('',(99.9066305599449,44.,5.56060999948544));
#9074=CARTESIAN_POINT('Ctrl Pts',(99.9066305599449,43.7,5.56060999948544));
#9075=CARTESIAN_POINT('Ctrl Pts',(101.699625213309,43.7,5.55642075964113));
#9076=CARTESIAN_POINT('Ctrl Pts',(101.699625213309,43.7,5.55642075964113));
#9077=CARTESIAN_POINT('Ctrl Pts',(101.808545449261,43.7,5.66534099559316));
#9078=CARTESIAN_POINT('Ctrl Pts',(98.0047156706286,44.,5.61507011746146));
#9079=CARTESIAN_POINT('Ctrl Pts',(98.0047156706286,43.64,5.61507011746146));
#9080=CARTESIAN_POINT('Ctrl Pts',(98.0843112276705,44.,5.57317771901837));
#9081=CARTESIAN_POINT('Ctrl Pts',(98.0843112276705,43.64,5.57317771901837));
#9082=CARTESIAN_POINT('Ctrl Pts',(98.5493168503888,44.,5.56060999948544));
#9083=CARTESIAN_POINT('Ctrl Pts',(98.5493168503888,43.64,5.56060999948544));
#9084=CARTESIAN_POINT('Ctrl Pts',(99.9066305599449,44.,5.56060999948544));
#9085=CARTESIAN_POINT('Ctrl Pts',(99.9066305599449,43.64,5.56060999948544));
#9086=CARTESIAN_POINT('',(98.0047156706286,44.,5.61507011746146));
#9087=CARTESIAN_POINT('Ctrl Pts',(98.0047156706286,44.,5.61507011746146));
#9088=CARTESIAN_POINT('Ctrl Pts',(98.0843112276705,44.,5.57317771901837));
#9089=CARTESIAN_POINT('Ctrl Pts',(98.5493168503888,44.,5.56060999948544));
#9090=CARTESIAN_POINT('Ctrl Pts',(99.9066305599449,44.,5.56060999948544));
#9091=CARTESIAN_POINT('',(98.0047156706286,43.7,5.61507011746146));
#9092=CARTESIAN_POINT('',(98.0047156706286,44.,5.61507011746146));
#9093=CARTESIAN_POINT('Ctrl Pts',(98.0047156706286,43.7,5.61507011746146));
#9094=CARTESIAN_POINT('Ctrl Pts',(98.0843112276705,43.7,5.57317771901837));
#9095=CARTESIAN_POINT('Ctrl Pts',(98.5493168503888,43.7,5.56060999948544));
#9096=CARTESIAN_POINT('Ctrl Pts',(99.9066305599449,43.7,5.56060999948544));
#9097=CARTESIAN_POINT('Ctrl Pts',(97.6276840846408,44.,6.54927060274238));
#9098=CARTESIAN_POINT('Ctrl Pts',(97.6276840846408,43.64,6.54927060274238));
#9099=CARTESIAN_POINT('Ctrl Pts',(97.8580922760778,44.,5.79101819092244));
#9100=CARTESIAN_POINT('Ctrl Pts',(97.8580922760778,43.64,5.79101819092244));
#9101=CARTESIAN_POINT('Ctrl Pts',(97.9083631542095,44.,5.66534099559316));
#9102=CARTESIAN_POINT('Ctrl Pts',(97.9083631542095,43.64,5.66534099559316));
#9103=CARTESIAN_POINT('Ctrl Pts',(98.0047156706286,44.,5.61507011746146));
#9104=CARTESIAN_POINT('Ctrl Pts',(98.0047156706286,43.64,5.61507011746146));
#9105=CARTESIAN_POINT('',(97.6276840846408,44.,6.54927060274238));
#9106=CARTESIAN_POINT('Ctrl Pts',(97.6276840846408,44.,6.54927060274238));
#9107=CARTESIAN_POINT('Ctrl Pts',(97.8580922760778,44.,5.79101819092244));
#9108=CARTESIAN_POINT('Ctrl Pts',(97.9083631542095,44.,5.66534099559316));
#9109=CARTESIAN_POINT('Ctrl Pts',(98.0047156706286,44.,5.61507011746146));
#9110=CARTESIAN_POINT('',(97.6276840846408,43.7,6.54927060274238));
#9111=CARTESIAN_POINT('',(97.6276840846408,44.,6.54927060274238));
#9112=CARTESIAN_POINT('Ctrl Pts',(97.6276840846408,43.7,6.54927060274238));
#9113=CARTESIAN_POINT('Ctrl Pts',(97.8580922760778,43.7,5.79101819092244));
#9114=CARTESIAN_POINT('Ctrl Pts',(97.9083631542095,43.7,5.66534099559316));
#9115=CARTESIAN_POINT('Ctrl Pts',(98.0047156706286,43.7,5.61507011746146));
#9116=CARTESIAN_POINT('Ctrl Pts',(97.317680336162,44.,7.5798236044424));
#9117=CARTESIAN_POINT('Ctrl Pts',(97.317680336162,43.64,7.5798236044424));
#9118=CARTESIAN_POINT('Ctrl Pts',(97.3428157752278,44.,7.49603880755622));
#9119=CARTESIAN_POINT('Ctrl Pts',(97.3428157752278,43.64,7.49603880755622));
#9120=CARTESIAN_POINT('Ctrl Pts',(97.48106069009,44.,7.03103318483791));
#9121=CARTESIAN_POINT('Ctrl Pts',(97.48106069009,43.64,7.03103318483791));
#9122=CARTESIAN_POINT('Ctrl Pts',(97.6276840846408,44.,6.54927060274238));
#9123=CARTESIAN_POINT('Ctrl Pts',(97.6276840846408,43.64,6.54927060274238));
#9124=CARTESIAN_POINT('',(97.317680336162,44.,7.5798236044424));
#9125=CARTESIAN_POINT('Ctrl Pts',(97.317680336162,44.,7.5798236044424));
#9126=CARTESIAN_POINT('Ctrl Pts',(97.3428157752278,44.,7.49603880755622));
#9127=CARTESIAN_POINT('Ctrl Pts',(97.48106069009,44.,7.03103318483791));
#9128=CARTESIAN_POINT('Ctrl Pts',(97.6276840846408,44.,6.54927060274238));
#9129=CARTESIAN_POINT('',(97.317680336162,43.7,7.5798236044424));
#9130=CARTESIAN_POINT('',(97.317680336162,44.,7.5798236044424));
#9131=CARTESIAN_POINT('Ctrl Pts',(97.317680336162,43.7,7.5798236044424));
#9132=CARTESIAN_POINT('Ctrl Pts',(97.3428157752278,43.7,7.49603880755622));
#9133=CARTESIAN_POINT('Ctrl Pts',(97.48106069009,43.7,7.03103318483791));
#9134=CARTESIAN_POINT('Ctrl Pts',(97.6276840846408,43.7,6.54927060274238));
#9135=CARTESIAN_POINT('Ctrl Pts',(96.5384817251205,44.,5.26736321038381));
#9136=CARTESIAN_POINT('Ctrl Pts',(96.5384817251205,43.64,5.26736321038381));
#9137=CARTESIAN_POINT('Ctrl Pts',(97.2129493400542,44.,7.51279576693346));
#9138=CARTESIAN_POINT('Ctrl Pts',(97.2129493400542,43.64,7.51279576693346));
#9139=CARTESIAN_POINT('Ctrl Pts',(97.2799771775632,44.,7.7138792794603));
#9140=CARTESIAN_POINT('Ctrl Pts',(97.2799771775632,43.64,7.7138792794603));
#9141=CARTESIAN_POINT('Ctrl Pts',(97.317680336162,44.,7.5798236044424));
#9142=CARTESIAN_POINT('Ctrl Pts',(97.317680336162,43.64,7.5798236044424));
#9143=CARTESIAN_POINT('',(96.5384817251205,44.,5.26736321038381));
#9144=CARTESIAN_POINT('Ctrl Pts',(96.5384817251205,44.,5.26736321038381));
#9145=CARTESIAN_POINT('Ctrl Pts',(97.2129493400542,44.,7.51279576693346));
#9146=CARTESIAN_POINT('Ctrl Pts',(97.2799771775632,44.,7.7138792794603));
#9147=CARTESIAN_POINT('Ctrl Pts',(97.317680336162,44.,7.5798236044424));
#9148=CARTESIAN_POINT('',(96.5384817251205,43.7,5.26736321038381));
#9149=CARTESIAN_POINT('',(96.5384817251205,44.,5.26736321038381));
#9150=CARTESIAN_POINT('Ctrl Pts',(96.5384817251205,43.7,5.26736321038381));
#9151=CARTESIAN_POINT('Ctrl Pts',(97.2129493400542,43.7,7.51279576693346));
#9152=CARTESIAN_POINT('Ctrl Pts',(97.2799771775632,43.7,7.7138792794603));
#9153=CARTESIAN_POINT('Ctrl Pts',(97.317680336162,43.7,7.5798236044424));
#9154=CARTESIAN_POINT('Ctrl Pts',(95.7299584351688,44.,2.75381930379838));
#9155=CARTESIAN_POINT('Ctrl Pts',(95.7299584351688,43.64,2.75381930379838));
#9156=CARTESIAN_POINT('Ctrl Pts',(95.7760400734562,44.,2.79152246239716));
#9157=CARTESIAN_POINT('Ctrl Pts',(95.7760400734562,43.64,2.79152246239716));
#9158=CARTESIAN_POINT('Ctrl Pts',(96.0650976227136,44.,3.6880197890793));
#9159=CARTESIAN_POINT('Ctrl Pts',(96.0650976227136,43.64,3.6880197890793));
#9160=CARTESIAN_POINT('Ctrl Pts',(96.5384817251205,44.,5.26736321038381));
#9161=CARTESIAN_POINT('Ctrl Pts',(96.5384817251205,43.64,5.26736321038381));
#9162=CARTESIAN_POINT('',(95.7299584351688,44.,2.75381930379838));
#9163=CARTESIAN_POINT('Ctrl Pts',(95.7299584351688,44.,2.75381930379838));
#9164=CARTESIAN_POINT('Ctrl Pts',(95.7760400734562,44.,2.79152246239716));
#9165=CARTESIAN_POINT('Ctrl Pts',(96.0650976227136,44.,3.68801978907926));
#9166=CARTESIAN_POINT('Ctrl Pts',(96.5384817251205,44.,5.2673632103837));
#9167=CARTESIAN_POINT('',(95.7299584351688,43.7,2.75381930379838));
#9168=CARTESIAN_POINT('',(95.7299584351688,44.,2.75381930379838));
#9169=CARTESIAN_POINT('Ctrl Pts',(95.7299584351688,43.7,2.75381930379838));
#9170=CARTESIAN_POINT('Ctrl Pts',(95.7760400734562,43.7,2.79152246239716));
#9171=CARTESIAN_POINT('Ctrl Pts',(96.0650976227136,43.7,3.68801978907926));
#9172=CARTESIAN_POINT('Ctrl Pts',(96.5384817251205,43.7,5.2673632103837));
#9173=CARTESIAN_POINT('Ctrl Pts',(95.5372534023306,44.,2.69935918582236));
#9174=CARTESIAN_POINT('Ctrl Pts',(95.5372534023306,43.64,2.69935918582236));
#9175=CARTESIAN_POINT('Ctrl Pts',(95.6000919999952,44.,2.69935918582236));
#9176=CARTESIAN_POINT('Ctrl Pts',(95.6000919999952,43.64,2.69935918582236));
#9177=CARTESIAN_POINT('Ctrl Pts',(95.6880660367257,44.,2.72449462488821));
#9178=CARTESIAN_POINT('Ctrl Pts',(95.6880660367257,43.64,2.72449462488821));
#9179=CARTESIAN_POINT('Ctrl Pts',(95.7299584351688,44.,2.75381930379838));
#9180=CARTESIAN_POINT('Ctrl Pts',(95.7299584351688,43.64,2.75381930379838));
#9181=CARTESIAN_POINT('',(95.5372534023306,44.,2.69935918582236));
#9182=CARTESIAN_POINT('Ctrl Pts',(95.5372534023306,44.,2.69935918582236));
#9183=CARTESIAN_POINT('Ctrl Pts',(95.6000919999952,44.,2.69935918582236));
#9184=CARTESIAN_POINT('Ctrl Pts',(95.6880660367257,44.,2.72449462488821));
#9185=CARTESIAN_POINT('Ctrl Pts',(95.7299584351688,44.,2.75381930379838));
#9186=CARTESIAN_POINT('',(95.5372534023306,43.7,2.69935918582236));
#9187=CARTESIAN_POINT('',(95.5372534023306,44.,2.69935918582236));
#9188=CARTESIAN_POINT('Ctrl Pts',(95.5372534023306,43.7,2.69935918582236));
#9189=CARTESIAN_POINT('Ctrl Pts',(95.6000919999952,43.7,2.69935918582236));
#9190=CARTESIAN_POINT('Ctrl Pts',(95.6880660367257,43.7,2.72449462488821));
#9191=CARTESIAN_POINT('Ctrl Pts',(95.7299584351688,43.7,2.75381930379838));
#9192=CARTESIAN_POINT('Ctrl Pts',(95.3445483694924,44.,2.78733322255285));
#9193=CARTESIAN_POINT('Ctrl Pts',(95.3445483694924,43.64,2.78733322255285));
#9194=CARTESIAN_POINT('Ctrl Pts',(95.3864407679355,44.,2.73706234442114));
#9195=CARTESIAN_POINT('Ctrl Pts',(95.3864407679355,43.64,2.73706234442114));
#9196=CARTESIAN_POINT('Ctrl Pts',(95.474414804666,44.,2.69935918582236));
#9197=CARTESIAN_POINT('Ctrl Pts',(95.474414804666,43.64,2.69935918582236));
#9198=CARTESIAN_POINT('Ctrl Pts',(95.5372534023306,44.,2.69935918582236));
#9199=CARTESIAN_POINT('Ctrl Pts',(95.5372534023306,43.64,2.69935918582236));
#9200=CARTESIAN_POINT('',(95.3445483694924,44.,2.78733322255285));
#9201=CARTESIAN_POINT('Ctrl Pts',(95.3445483694924,44.,2.78733322255285));
#9202=CARTESIAN_POINT('Ctrl Pts',(95.3864407679355,44.,2.73706234442114));
#9203=CARTESIAN_POINT('Ctrl Pts',(95.474414804666,44.,2.69935918582236));
#9204=CARTESIAN_POINT('Ctrl Pts',(95.5372534023306,44.,2.69935918582236));
#9205=CARTESIAN_POINT('',(95.3445483694924,43.7,2.78733322255285));
#9206=CARTESIAN_POINT('',(95.3445483694924,44.,2.78733322255285));
#9207=CARTESIAN_POINT('Ctrl Pts',(95.3445483694924,43.7,2.78733322255285));
#9208=CARTESIAN_POINT('Ctrl Pts',(95.3864407679355,43.7,2.73706234442114));
#9209=CARTESIAN_POINT('Ctrl Pts',(95.474414804666,43.7,2.69935918582236));
#9210=CARTESIAN_POINT('Ctrl Pts',(95.5372534023306,43.7,2.69935918582236));
#9211=CARTESIAN_POINT('Ctrl Pts',(94.5444035592294,44.,5.27993092991673));
#9212=CARTESIAN_POINT('Ctrl Pts',(94.5444035592294,43.64,5.27993092991673));
#9213=CARTESIAN_POINT('Ctrl Pts',(94.9507598241273,44.,3.91842798051629));
#9214=CARTESIAN_POINT('Ctrl Pts',(94.9507598241273,43.64,3.91842798051629));
#9215=CARTESIAN_POINT('Ctrl Pts',(95.298466731205,44.,2.83341486084025));
#9216=CARTESIAN_POINT('Ctrl Pts',(95.298466731205,43.64,2.83341486084025));
#9217=CARTESIAN_POINT('Ctrl Pts',(95.3445483694924,44.,2.78733322255285));
#9218=CARTESIAN_POINT('Ctrl Pts',(95.3445483694924,43.64,2.78733322255285));
#9219=CARTESIAN_POINT('',(94.5444035592294,44.,5.27993092991673));
#9220=CARTESIAN_POINT('Ctrl Pts',(94.5444035592294,44.,5.2799309299167));
#9221=CARTESIAN_POINT('Ctrl Pts',(94.9507598241272,44.,3.91842798051655));
#9222=CARTESIAN_POINT('Ctrl Pts',(95.2984667312049,44.,2.83341486084068));
#9223=CARTESIAN_POINT('Ctrl Pts',(95.3445483694924,44.,2.78733322255288));
#9224=CARTESIAN_POINT('',(94.5444035592294,43.7,5.27993092991673));
#9225=CARTESIAN_POINT('',(94.5444035592294,44.,5.27993092991673));
#9226=CARTESIAN_POINT('Ctrl Pts',(94.5444035592294,43.7,5.2799309299167));
#9227=CARTESIAN_POINT('Ctrl Pts',(94.9507598241273,43.7,3.91842798051656));
#9228=CARTESIAN_POINT('Ctrl Pts',(95.2984667312049,43.7,2.83341486084071));
#9229=CARTESIAN_POINT('Ctrl Pts',(95.3445483694924,43.7,2.78733322255288));
#9230=CARTESIAN_POINT('Ctrl Pts',(93.8196650661639,44.,7.7138792794603));
#9231=CARTESIAN_POINT('Ctrl Pts',(93.8196650661639,43.64,7.7138792794603));
#9232=CARTESIAN_POINT('Ctrl Pts',(93.8238543060082,44.,7.69712232008306));
#9233=CARTESIAN_POINT('Ctrl Pts',(93.8238543060082,43.64,7.69712232008306));
#9234=CARTESIAN_POINT('Ctrl Pts',(94.14642577402,44.,6.60373072071839));
#9235=CARTESIAN_POINT('Ctrl Pts',(94.14642577402,43.64,6.60373072071839));
#9236=CARTESIAN_POINT('Ctrl Pts',(94.5444035592294,44.,5.27993092991673));
#9237=CARTESIAN_POINT('Ctrl Pts',(94.5444035592294,43.64,5.27993092991673));
#9238=CARTESIAN_POINT('',(93.8196650661639,44.,7.7138792794603));
#9239=CARTESIAN_POINT('Ctrl Pts',(93.8196650661639,44.,7.7138792794603));
#9240=CARTESIAN_POINT('Ctrl Pts',(93.8238543060082,44.,7.69712232008306));
#9241=CARTESIAN_POINT('Ctrl Pts',(94.14642577402,44.,6.60373072071839));
#9242=CARTESIAN_POINT('Ctrl Pts',(94.5444035592294,44.,5.27993092991673));
#9243=CARTESIAN_POINT('',(93.8196650661639,43.7,7.7138792794603));
#9244=CARTESIAN_POINT('',(93.8196650661639,44.,7.7138792794603));
#9245=CARTESIAN_POINT('Ctrl Pts',(93.8196650661639,43.7,7.7138792794603));
#9246=CARTESIAN_POINT('Ctrl Pts',(93.8238543060082,43.7,7.69712232008306));
#9247=CARTESIAN_POINT('Ctrl Pts',(94.14642577402,43.7,6.60373072071839));
#9248=CARTESIAN_POINT('Ctrl Pts',(94.5444035592294,43.7,5.27993092991673));
#9249=CARTESIAN_POINT('Ctrl Pts',(93.0823588535655,44.,5.28412016976104));
#9250=CARTESIAN_POINT('Ctrl Pts',(93.0823588535655,43.64,5.28412016976104));
#9251=CARTESIAN_POINT('Ctrl Pts',(93.4845258786192,44.,6.63305539962855));
#9252=CARTESIAN_POINT('Ctrl Pts',(93.4845258786192,43.64,6.63305539962855));
#9253=CARTESIAN_POINT('Ctrl Pts',(93.8196650661639,44.,7.72644699899323));
#9254=CARTESIAN_POINT('Ctrl Pts',(93.8196650661639,43.64,7.72644699899323));
#9255=CARTESIAN_POINT('Ctrl Pts',(93.8196650661639,44.,7.7138792794603));
#9256=CARTESIAN_POINT('Ctrl Pts',(93.8196650661639,43.64,7.7138792794603));
#9257=CARTESIAN_POINT('',(93.0823588535655,44.,5.28412016976104));
#9258=CARTESIAN_POINT('Ctrl Pts',(93.0823588535655,44.,5.28412016976104));
#9259=CARTESIAN_POINT('Ctrl Pts',(93.4845258786192,44.,6.63305539962855));
#9260=CARTESIAN_POINT('Ctrl Pts',(93.8196650661639,44.,7.72644699899323));
#9261=CARTESIAN_POINT('Ctrl Pts',(93.8196650661639,44.,7.7138792794603));
#9262=CARTESIAN_POINT('',(93.0823588535655,43.7,5.28412016976104));
#9263=CARTESIAN_POINT('',(93.0823588535655,44.,5.28412016976104));
#9264=CARTESIAN_POINT('Ctrl Pts',(93.0823588535655,43.7,5.28412016976104));
#9265=CARTESIAN_POINT('Ctrl Pts',(93.4845258786192,43.7,6.63305539962855));
#9266=CARTESIAN_POINT('Ctrl Pts',(93.8196650661639,43.7,7.72644699899323));
#9267=CARTESIAN_POINT('Ctrl Pts',(93.8196650661639,43.7,7.7138792794603));
#9268=CARTESIAN_POINT('Ctrl Pts',(92.2864032831468,44.,2.76638702333131));
#9269=CARTESIAN_POINT('Ctrl Pts',(92.2864032831468,43.64,2.76638702333131));
#9270=CARTESIAN_POINT('Ctrl Pts',(92.315727962057,44.,2.80409018193009));
#9271=CARTESIAN_POINT('Ctrl Pts',(92.315727962057,43.64,2.80409018193009));
#9272=CARTESIAN_POINT('Ctrl Pts',(92.6760025886675,44.,3.93937417973784));
#9273=CARTESIAN_POINT('Ctrl Pts',(92.6760025886675,43.64,3.93937417973784));
#9274=CARTESIAN_POINT('Ctrl Pts',(93.0823588535655,44.,5.28412016976104));
#9275=CARTESIAN_POINT('Ctrl Pts',(93.0823588535655,43.64,5.28412016976104));
#9276=CARTESIAN_POINT('',(92.2864032831468,44.,2.76638702333131));
#9277=CARTESIAN_POINT('Ctrl Pts',(92.2864032831468,44.,2.76638702333131));
#9278=CARTESIAN_POINT('Ctrl Pts',(92.315727962057,44.,2.80409018193009));
#9279=CARTESIAN_POINT('Ctrl Pts',(92.6760025886675,44.,3.93937417973784));
#9280=CARTESIAN_POINT('Ctrl Pts',(93.0823588535655,44.,5.28412016976104));
#9281=CARTESIAN_POINT('',(92.2864032831468,43.7,2.76638702333131));
#9282=CARTESIAN_POINT('',(92.2864032831468,44.,2.76638702333131));
#9283=CARTESIAN_POINT('Ctrl Pts',(92.2864032831468,43.7,2.76638702333131));
#9284=CARTESIAN_POINT('Ctrl Pts',(92.315727962057,43.7,2.80409018193009));
#9285=CARTESIAN_POINT('Ctrl Pts',(92.6760025886675,43.7,3.93937417973784));
#9286=CARTESIAN_POINT('Ctrl Pts',(93.0823588535655,43.7,5.28412016976104));
#9287=CARTESIAN_POINT('Ctrl Pts',(92.0895090104643,44.,2.69935918582236));
#9288=CARTESIAN_POINT('Ctrl Pts',(92.0895090104643,43.64,2.69935918582236));
#9289=CARTESIAN_POINT('Ctrl Pts',(92.1649153276618,44.,2.69935918582236));
#9290=CARTESIAN_POINT('Ctrl Pts',(92.1649153276618,43.64,2.69935918582236));
#9291=CARTESIAN_POINT('Ctrl Pts',(92.2528893643923,44.,2.72868386473252));
#9292=CARTESIAN_POINT('Ctrl Pts',(92.2528893643923,43.64,2.72868386473252));
#9293=CARTESIAN_POINT('Ctrl Pts',(92.2864032831468,44.,2.76638702333131));
#9294=CARTESIAN_POINT('Ctrl Pts',(92.2864032831468,43.64,2.76638702333131));
#9295=CARTESIAN_POINT('',(92.0895090104643,44.,2.69935918582236));
#9296=CARTESIAN_POINT('Ctrl Pts',(92.0895090104643,44.,2.69935918582236));
#9297=CARTESIAN_POINT('Ctrl Pts',(92.1649153276618,44.,2.69935918582236));
#9298=CARTESIAN_POINT('Ctrl Pts',(92.2528893643923,44.,2.72868386473252));
#9299=CARTESIAN_POINT('Ctrl Pts',(92.2864032831468,44.,2.76638702333131));
#9300=CARTESIAN_POINT('',(92.0895090104643,43.7,2.69935918582236));
#9301=CARTESIAN_POINT('',(92.0895090104643,44.,2.69935918582236));
#9302=CARTESIAN_POINT('Ctrl Pts',(92.0895090104643,43.7,2.69935918582236));
#9303=CARTESIAN_POINT('Ctrl Pts',(92.1649153276618,43.7,2.69935918582236));
#9304=CARTESIAN_POINT('Ctrl Pts',(92.2528893643923,43.7,2.72868386473252));
#9305=CARTESIAN_POINT('Ctrl Pts',(92.2864032831468,43.7,2.76638702333131));
#9306=CARTESIAN_POINT('Ctrl Pts',(91.8758577784045,44.,2.77476550301993));
#9307=CARTESIAN_POINT('Ctrl Pts',(91.8758577784045,43.64,2.77476550301993));
#9308=CARTESIAN_POINT('Ctrl Pts',(91.9135609370033,44.,2.73287310457683));
#9309=CARTESIAN_POINT('Ctrl Pts',(91.9135609370033,43.64,2.73287310457683));
#9310=CARTESIAN_POINT('Ctrl Pts',(92.0099134534224,44.,2.69935918582236));
#9311=CARTESIAN_POINT('Ctrl Pts',(92.0099134534224,43.64,2.69935918582236));
#9312=CARTESIAN_POINT('Ctrl Pts',(92.0895090104643,44.,2.69935918582236));
#9313=CARTESIAN_POINT('Ctrl Pts',(92.0895090104643,43.64,2.69935918582236));
#9314=CARTESIAN_POINT('',(91.8758577784045,44.,2.77476550301993));
#9315=CARTESIAN_POINT('Ctrl Pts',(91.8758577784045,44.,2.77476550301993));
#9316=CARTESIAN_POINT('Ctrl Pts',(91.9135609370033,44.,2.73287310457683));
#9317=CARTESIAN_POINT('Ctrl Pts',(92.0099134534224,44.,2.69935918582236));
#9318=CARTESIAN_POINT('Ctrl Pts',(92.0895090104643,44.,2.69935918582236));
#9319=CARTESIAN_POINT('',(91.8758577784045,43.7,2.77476550301993));
#9320=CARTESIAN_POINT('',(91.8758577784045,44.,2.77476550301993));
#9321=CARTESIAN_POINT('Ctrl Pts',(91.8758577784045,43.7,2.77476550301993));
#9322=CARTESIAN_POINT('Ctrl Pts',(91.9135609370033,43.7,2.73287310457683));
#9323=CARTESIAN_POINT('Ctrl Pts',(92.0099134534224,43.7,2.69935918582236));
#9324=CARTESIAN_POINT('Ctrl Pts',(92.0895090104643,43.7,2.69935918582236));
#9325=CARTESIAN_POINT('Ctrl Pts',(91.096659167363,44.,5.22966005178503));
#9326=CARTESIAN_POINT('Ctrl Pts',(91.096659167363,43.64,5.22966005178503));
#9327=CARTESIAN_POINT('Ctrl Pts',(91.4862584728838,44.,3.92261722036061));
#9328=CARTESIAN_POINT('Ctrl Pts',(91.4862584728838,43.64,3.92261722036061));
#9329=CARTESIAN_POINT('Ctrl Pts',(91.8381546198057,44.,2.81665790146301));
#9330=CARTESIAN_POINT('Ctrl Pts',(91.8381546198057,43.64,2.81665790146301));
#9331=CARTESIAN_POINT('Ctrl Pts',(91.8758577784045,44.,2.77476550301993));
#9332=CARTESIAN_POINT('Ctrl Pts',(91.8758577784045,43.64,2.77476550301993));
#9333=CARTESIAN_POINT('',(91.096659167363,44.,5.22966005178503));
#9334=CARTESIAN_POINT('Ctrl Pts',(91.096659167363,44.,5.22966005178503));
#9335=CARTESIAN_POINT('Ctrl Pts',(91.4862584728838,44.,3.92261722036061));
#9336=CARTESIAN_POINT('Ctrl Pts',(91.8381546198057,44.,2.81665790146301));
#9337=CARTESIAN_POINT('Ctrl Pts',(91.8758577784045,44.,2.77476550301993));
#9338=CARTESIAN_POINT('',(91.096659167363,43.7,5.22966005178503));
#9339=CARTESIAN_POINT('',(91.096659167363,44.,5.22966005178503));
#9340=CARTESIAN_POINT('Ctrl Pts',(91.096659167363,43.7,5.22966005178503));
#9341=CARTESIAN_POINT('Ctrl Pts',(91.4862584728838,43.7,3.92261722036061));
#9342=CARTESIAN_POINT('Ctrl Pts',(91.8381546198057,43.7,2.81665790146301));
#9343=CARTESIAN_POINT('Ctrl Pts',(91.8758577784045,43.7,2.77476550301993));
#9344=CARTESIAN_POINT('Ctrl Pts',(90.3551637149203,44.,7.63428372241843));
#9345=CARTESIAN_POINT('Ctrl Pts',(90.3551637149203,43.64,7.63428372241843));
#9346=CARTESIAN_POINT('Ctrl Pts',(90.3719206742976,44.,7.61752676304119));
#9347=CARTESIAN_POINT('Ctrl Pts',(90.3719206742976,43.64,7.61752676304119));
#9348=CARTESIAN_POINT('Ctrl Pts',(90.702870621998,44.,6.53670288320946));
#9349=CARTESIAN_POINT('Ctrl Pts',(90.702870621998,43.64,6.53670288320946));
#9350=CARTESIAN_POINT('Ctrl Pts',(91.096659167363,44.,5.22966005178503));
#9351=CARTESIAN_POINT('Ctrl Pts',(91.096659167363,43.64,5.22966005178503));
#9352=CARTESIAN_POINT('',(90.3551637149203,44.,7.63428372241843));
#9353=CARTESIAN_POINT('Ctrl Pts',(90.3551637149203,44.,7.63428372241843));
#9354=CARTESIAN_POINT('Ctrl Pts',(90.3719206742976,44.,7.61752676304119));
#9355=CARTESIAN_POINT('Ctrl Pts',(90.702870621998,44.,6.53670288320946));
#9356=CARTESIAN_POINT('Ctrl Pts',(91.096659167363,44.,5.22966005178503));
#9357=CARTESIAN_POINT('',(90.3551637149203,43.7,7.63428372241843));
#9358=CARTESIAN_POINT('',(90.3551637149203,44.,7.63428372241843));
#9359=CARTESIAN_POINT('Ctrl Pts',(90.3551637149203,43.7,7.63428372241843));
#9360=CARTESIAN_POINT('Ctrl Pts',(90.3719206742976,43.7,7.61752676304119));
#9361=CARTESIAN_POINT('Ctrl Pts',(90.702870621998,43.7,6.53670288320946));
#9362=CARTESIAN_POINT('Ctrl Pts',(91.096659167363,43.7,5.22966005178503));
#9363=CARTESIAN_POINT('Ctrl Pts',(89.605289782789,44.,5.25060625100657));
#9364=CARTESIAN_POINT('Ctrl Pts',(89.605289782789,43.64,5.25060625100657));
#9365=CARTESIAN_POINT('Ctrl Pts',(89.9990783281541,44.,6.57859528165255));
#9366=CARTESIAN_POINT('Ctrl Pts',(89.9990783281541,43.64,6.57859528165255));
#9367=CARTESIAN_POINT('Ctrl Pts',(90.3384067555431,44.,7.65522992163997));
#9368=CARTESIAN_POINT('Ctrl Pts',(90.3384067555431,43.64,7.65522992163997));
#9369=CARTESIAN_POINT('Ctrl Pts',(90.3551637149203,44.,7.63428372241843));
#9370=CARTESIAN_POINT('Ctrl Pts',(90.3551637149203,43.64,7.63428372241843));
#9371=CARTESIAN_POINT('',(89.605289782789,44.,5.25060625100657));
#9372=CARTESIAN_POINT('Ctrl Pts',(89.605289782789,44.,5.25060625100657));
#9373=CARTESIAN_POINT('Ctrl Pts',(89.9990783281541,44.,6.57859528165255));
#9374=CARTESIAN_POINT('Ctrl Pts',(90.3384067555431,44.,7.65522992163997));
#9375=CARTESIAN_POINT('Ctrl Pts',(90.3551637149203,44.,7.63428372241843));
#9376=CARTESIAN_POINT('',(89.605289782789,43.7,5.25060625100657));
#9377=CARTESIAN_POINT('',(89.605289782789,44.,5.25060625100657));
#9378=CARTESIAN_POINT('Ctrl Pts',(89.605289782789,43.7,5.25060625100657));
#9379=CARTESIAN_POINT('Ctrl Pts',(89.9990783281541,43.7,6.57859528165255));
#9380=CARTESIAN_POINT('Ctrl Pts',(90.3384067555431,43.7,7.65522992163997));
#9381=CARTESIAN_POINT('Ctrl Pts',(90.3551637149203,43.7,7.63428372241843));
#9382=CARTESIAN_POINT('Ctrl Pts',(88.8093342123703,44.,2.76638702333131));
#9383=CARTESIAN_POINT('Ctrl Pts',(88.8093342123703,43.64,2.76638702333131));
#9384=CARTESIAN_POINT('Ctrl Pts',(88.8512266108134,44.,2.8040901819301));
#9385=CARTESIAN_POINT('Ctrl Pts',(88.8512266108134,43.64,2.8040901819301));
#9386=CARTESIAN_POINT('Ctrl Pts',(89.1821765585138,44.,3.8304539437858));
#9387=CARTESIAN_POINT('Ctrl Pts',(89.1821765585138,43.64,3.8304539437858));
#9388=CARTESIAN_POINT('Ctrl Pts',(89.605289782789,44.,5.25060625100657));
#9389=CARTESIAN_POINT('Ctrl Pts',(89.605289782789,43.64,5.25060625100657));
#9390=CARTESIAN_POINT('',(88.8093342123703,44.,2.76638702333131));
#9391=CARTESIAN_POINT('Ctrl Pts',(88.8093342123703,44.,2.76638702333131));
#9392=CARTESIAN_POINT('Ctrl Pts',(88.8512266108134,44.,2.8040901819301));
#9393=CARTESIAN_POINT('Ctrl Pts',(89.1821765585138,44.,3.8304539437858));
#9394=CARTESIAN_POINT('Ctrl Pts',(89.605289782789,44.,5.25060625100657));
#9395=CARTESIAN_POINT('',(88.8093342123703,43.7,2.76638702333131));
#9396=CARTESIAN_POINT('',(88.8093342123703,44.,2.76638702333131));
#9397=CARTESIAN_POINT('Ctrl Pts',(88.8093342123703,43.7,2.76638702333131));
#9398=CARTESIAN_POINT('Ctrl Pts',(88.8512266108134,43.7,2.8040901819301));
#9399=CARTESIAN_POINT('Ctrl Pts',(89.1821765585138,43.7,3.8304539437858));
#9400=CARTESIAN_POINT('Ctrl Pts',(89.605289782789,43.7,5.25060625100657));
#9401=CARTESIAN_POINT('Ctrl Pts',(88.6040614599991,44.,2.69935918582237));
#9402=CARTESIAN_POINT('Ctrl Pts',(88.6040614599991,43.64,2.69935918582237));
#9403=CARTESIAN_POINT('Ctrl Pts',(88.6752785373524,44.,2.69935918582237));
#9404=CARTESIAN_POINT('Ctrl Pts',(88.6752785373524,43.64,2.69935918582237));
#9405=CARTESIAN_POINT('Ctrl Pts',(88.7674418139272,44.,2.72868386473252));
#9406=CARTESIAN_POINT('Ctrl Pts',(88.7674418139272,43.64,2.72868386473252));
#9407=CARTESIAN_POINT('Ctrl Pts',(88.8093342123703,44.,2.76638702333131));
#9408=CARTESIAN_POINT('Ctrl Pts',(88.8093342123703,43.64,2.76638702333131));
#9409=CARTESIAN_POINT('Ctrl Pts',(88.6040614599991,44.,2.69935918582237));
#9410=CARTESIAN_POINT('Ctrl Pts',(88.6752785373524,44.,2.69935918582237));
#9411=CARTESIAN_POINT('Ctrl Pts',(88.7674418139272,44.,2.72868386473252));
#9412=CARTESIAN_POINT('Ctrl Pts',(88.8093342123703,44.,2.76638702333131));
#9413=CARTESIAN_POINT('Ctrl Pts',(88.6040614599991,43.7,2.69935918582237));
#9414=CARTESIAN_POINT('Ctrl Pts',(88.6752785373524,43.7,2.69935918582237));
#9415=CARTESIAN_POINT('Ctrl Pts',(88.7674418139272,43.7,2.72868386473252));
#9416=CARTESIAN_POINT('Ctrl Pts',(88.8093342123703,43.7,2.76638702333131));
#9417=CARTESIAN_POINT('Origin',(92.9587762781584,43.7,5.86642450812));
#9418=CARTESIAN_POINT('Origin',(160.75,22.,11.99990020586));
#9419=CARTESIAN_POINT('',(160.75,19.0113365697336,7.99990020586001));
#9420=CARTESIAN_POINT('',(160.75,19.0113365697336,11.99990020586));
#9421=CARTESIAN_POINT('',(160.75,24.9886634302665,7.99990020586001));
#9422=CARTESIAN_POINT('Origin',(160.75,22.,7.99990020586001));
#9423=CARTESIAN_POINT('',(160.75,24.9886634302665,11.99990020586));
#9424=CARTESIAN_POINT('Origin',(160.75,24.9886634302665,11.99990020586));
#9425=CARTESIAN_POINT('',(165.75,24.9886634302665,7.99990020586001));
#9426=CARTESIAN_POINT('',(165.75,24.9886634302665,7.99990020586001));
#9427=CARTESIAN_POINT('',(165.75,24.9886634302665,11.99990020586));
#9428=CARTESIAN_POINT('Origin',(165.75,22.,11.99990020586));
#9429=CARTESIAN_POINT('',(165.75,19.0113365697336,7.99990020586001));
#9430=CARTESIAN_POINT('Origin',(165.75,22.,7.99990020586001));
#9431=CARTESIAN_POINT('',(165.75,19.0113365697336,11.99990020586));
#9432=CARTESIAN_POINT('Origin',(165.75,19.0113365697336,11.99990020586));
#9433=CARTESIAN_POINT('',(160.75,19.0113365697336,7.99990020586001));
#9434=CARTESIAN_POINT('Origin',(163.25,22.,7.99990020586001));
#9435=CARTESIAN_POINT('Origin',(180.25,35.95,11.99990020586));
#9436=CARTESIAN_POINT('',(180.25,35.95,11.99990020586));
#9437=CARTESIAN_POINT('Origin',(180.25,37.5,11.99990020586));
#9438=CARTESIAN_POINT('',(181.717140075112,38.,11.99990020586));
#9439=CARTESIAN_POINT('Origin',(176.75,6.50000000000004,11.99990020586));
#9440=CARTESIAN_POINT('',(176.75,4.95000000000004,11.99990020586));
#9441=CARTESIAN_POINT('Origin',(180.25,4.95000000000004,11.99990020586));
#9442=CARTESIAN_POINT('Origin',(149.25,35.95,11.99990020586));
#9443=CARTESIAN_POINT('',(149.25,35.95,11.99990020586));
#9444=CARTESIAN_POINT('Origin',(149.25,37.5,11.99990020586));
#9445=CARTESIAN_POINT('Origin',(145.75,6.50000000000003,11.99990020586));
#9446=CARTESIAN_POINT('',(145.75,4.95000000000003,11.99990020586));
#9447=CARTESIAN_POINT('Origin',(149.25,4.95000000000003,11.99990020586));
#9448=CARTESIAN_POINT('Origin',(180.,38.,5.99990020586));
#9449=CARTESIAN_POINT('Origin',(165.75,22.,11.99990020586));
#9450=CARTESIAN_POINT('',(173.5,28.1876070705286,11.99990020586));
#9451=CARTESIAN_POINT('Origin',(165.75,22.,11.99990020586));
#9452=CARTESIAN_POINT('',(168.,12.3415072987937,11.99990020586));
#9453=CARTESIAN_POINT('',(165.75,12.0828945120436,11.99990020586));
#9454=CARTESIAN_POINT('Origin',(165.75,22.,11.99990020586));
#9455=CARTESIAN_POINT('',(165.75,31.9171054879565,11.99990020586));
#9456=CARTESIAN_POINT('',(168.,31.6584927012063,11.99990020586));
#9457=CARTESIAN_POINT('Origin',(160.75,31.9171054879565,11.99990020586));
#9458=CARTESIAN_POINT('',(160.75,31.9171054879565,11.99990020586));
#9459=CARTESIAN_POINT('Origin',(160.75,22.,11.99990020586));
#9460=CARTESIAN_POINT('',(160.75,12.0828945120436,11.99990020586));
#9461=CARTESIAN_POINT('Origin',(165.75,12.0828945120436,11.99990020586));
#9462=CARTESIAN_POINT('Origin',(168.,14.9,11.99990020586));
#9463=CARTESIAN_POINT('',(168.,14.9,2.49990020586));
#9464=CARTESIAN_POINT('',(168.,8.30000000000003,6.99990020586));
#9465=CARTESIAN_POINT('Origin',(168.,11.,6.99990020586));
#9466=CARTESIAN_POINT('Origin',(92.9999999999999,20.,4.99990020586002));
#9467=CARTESIAN_POINT('',(102.,20.,4.99990020586002));
#9468=CARTESIAN_POINT('Origin',(92.9999999999999,20.,4.99990020586002));
#9469=CARTESIAN_POINT('',(102.,20.,2.99990020586002));
#9470=CARTESIAN_POINT('',(102.,20.,4.99990020586002));
#9471=CARTESIAN_POINT('Origin',(92.9999999999999,20.,2.99990020586002));
#9472=CARTESIAN_POINT('Origin',(92.9999999999999,20.,2.99990020586002));
#9473=CARTESIAN_POINT('Origin',(139.5,0.25000000000003,11.74990020586));
#9474=CARTESIAN_POINT('',(-8.31557045444242E-14,-4.44089209850063E-15,11.49990020586));
#9475=CARTESIAN_POINT('',(-7.4273920347423E-14,0.249999999999999,11.74990020586));
#9476=CARTESIAN_POINT('',(186.,3.5527136788005E-14,11.49990020586));
#9477=CARTESIAN_POINT('',(139.5,2.66453525910038E-14,11.49990020586));
#9478=CARTESIAN_POINT('',(186.,10.75,22.24990020586));
#9479=CARTESIAN_POINT('Origin',(186.,42.,11.99990020586));
#9480=CARTESIAN_POINT('',(186.,3.5527136788005E-14,-9.97941400018298E-5));
#9481=CARTESIAN_POINT('',(186.,3.5527136788005E-14,11.99990020586));
#9482=CARTESIAN_POINT('',(186.,43.5,-9.9794139997389E-5));
#9483=CARTESIAN_POINT('',(186.,42.,-9.9794139997389E-5));
#9484=CARTESIAN_POINT('',(186.,44.,0.499900205860003));
#9485=CARTESIAN_POINT('',(186.,46.25,2.74990020586));
#9486=CARTESIAN_POINT('',(186.,44.,11.49990020586));
#9487=CARTESIAN_POINT('',(186.,44.,11.99990020586));
#9488=CARTESIAN_POINT('',(186.,43.25,12.24990020586));
#9489=CARTESIAN_POINT('',(186.,28.3,6.99990020586));
#9490=CARTESIAN_POINT('Origin',(186.,31.,6.99990020586));
#9491=CARTESIAN_POINT('',(186.,8.30000000000004,6.99990020586));
#9492=CARTESIAN_POINT('Origin',(186.,11.,6.99990020586));
#9493=CARTESIAN_POINT('',(186.,18.,6.99990020586));
#9494=CARTESIAN_POINT('Origin',(186.,21.,6.99990020586));
#9495=CARTESIAN_POINT('Origin',(46.4999999999999,43.75,11.74990020586));
#9496=CARTESIAN_POINT('',(-9.29256671611256E-14,44.,11.49990020586));
#9497=CARTESIAN_POINT('',(46.4999999999999,44.,11.49990020586));
#9498=CARTESIAN_POINT('',(-8.79296635503124E-14,32.75,22.74990020586));
#9499=CARTESIAN_POINT('Origin',(-9.28146448586631E-14,44.,11.99990020586));
#9500=CARTESIAN_POINT('',(-9.53681578153009E-14,44.,0.499900205860044));
#9501=CARTESIAN_POINT('',(46.4999999999999,44.,0.499900205860034));
#9502=CARTESIAN_POINT('',(-9.28146448586631E-14,44.,11.99990020586));
#9503=CARTESIAN_POINT('',(5.99999999999991,44.,7.99990020586004));
#9504=CARTESIAN_POINT('Origin',(5.99999999999991,44.,5.99990020586004));
#9505=CARTESIAN_POINT('',(180.,44.,7.99990020586001));
#9506=CARTESIAN_POINT('Origin',(180.,44.,5.99990020586));
#9507=CARTESIAN_POINT('Origin',(46.4999999999999,43.75,0.249900205860035));
#9508=CARTESIAN_POINT('',(-9.53681578153009E-14,43.5,-9.97941399560887E-5));
#9509=CARTESIAN_POINT('',(46.4999999999999,43.5,-9.97941399664137E-5));
#9510=CARTESIAN_POINT('',(-9.98090499138016E-14,35.75,-7.75009979413996));
#9511=CARTESIAN_POINT('Origin',(92.9999999999999,21.,-9.97941399789593E-5));
#9512=CARTESIAN_POINT('',(-8.57092175010621E-14,-4.44089209850063E-15,-9.97941399605295E-5));
#9513=CARTESIAN_POINT('',(186.,3.5527136788005E-14,-9.97941400018298E-5));
#9514=CARTESIAN_POINT('',(-8.57092175010621E-14,-4.44089209850063E-15,-9.97941399605295E-5));
#9515=CARTESIAN_POINT('Origin',(5.99999999999991,43.15,5.99990020586004));
#9516=CARTESIAN_POINT('',(5.99999999999991,43.3,7.99990020586004));
#9517=CARTESIAN_POINT('Origin',(5.99999999999991,43.3,5.99990020586004));
#9518=CARTESIAN_POINT('',(5.99999999999991,43.,8.49990020586005));
#9519=CARTESIAN_POINT('',(5.99999999999991,43.15,8.24990020586004));
#9520=CARTESIAN_POINT('',(5.99999999999991,43.,3.49990020586004));
#9521=CARTESIAN_POINT('Origin',(5.99999999999991,43.,5.99990020586004));
#9522=CARTESIAN_POINT('Origin',(5.99999999999991,43.,5.99990020586004));
#9523=CARTESIAN_POINT('Origin',(5.99999999999991,44.,5.99990020586004));
#9524=CARTESIAN_POINT('',(5.99999999999991,44.,7.99990020586004));
#9525=CARTESIAN_POINT('Origin',(180.,43.15,5.99990020586));
#9526=CARTESIAN_POINT('',(180.,43.3,7.99990020586001));
#9527=CARTESIAN_POINT('Origin',(180.,43.3,5.99990020586));
#9528=CARTESIAN_POINT('',(180.,43.15,8.24990020586));
#9529=CARTESIAN_POINT('Origin',(180.,44.,5.99990020586));
#9530=CARTESIAN_POINT('',(180.,44.,7.99990020586));
#9531=CARTESIAN_POINT('Origin',(5.99999999999991,41.,5.99990020586004));
#9532=CARTESIAN_POINT('',(5.99999999999991,38.,3.49990020586004));
#9533=CARTESIAN_POINT('',(5.99999999999991,41.,3.49990020586004));
#9534=CARTESIAN_POINT('Origin',(5.99999999999991,38.,5.99990020586004));
#9535=CARTESIAN_POINT('Origin',(5.99999999999991,38.,5.99990020586004));
#9536=CARTESIAN_POINT('Origin',(173.5,7.10000000000004,11.99990020586));
#9537=CARTESIAN_POINT('',(173.5,7.10000000000004,2.49990020586));
#9538=CARTESIAN_POINT('',(173.5,8.30000000000004,6.99990020586));
#9539=CARTESIAN_POINT('Origin',(173.5,11.,6.99990020586));
#9540=CARTESIAN_POINT('Origin',(170.75,11.,2.49990020586));
#9541=CARTESIAN_POINT('Origin',(168.,34.9,11.99990020586));
#9542=CARTESIAN_POINT('',(168.,27.1,2.49990020586001));
#9543=CARTESIAN_POINT('',(168.,28.3,6.99990020586001));
#9544=CARTESIAN_POINT('Origin',(168.,31.,6.99990020586001));
#9545=CARTESIAN_POINT('Origin',(173.5,27.1,11.99990020586));
#9546=CARTESIAN_POINT('',(173.5,27.1,2.49990020586));
#9547=CARTESIAN_POINT('',(173.5,28.3,6.99990020586));
#9548=CARTESIAN_POINT('Origin',(173.5,31.,6.99990020586001));
#9549=CARTESIAN_POINT('Origin',(170.75,31.,2.49990020586001));
#9550=CARTESIAN_POINT('Origin',(176.,11.,6.99990020586));
#9551=CARTESIAN_POINT('',(166.,8.30000000000003,6.99990020586));
#9552=CARTESIAN_POINT('Origin',(166.,11.,6.99990020586001));
#9553=CARTESIAN_POINT('',(176.,8.30000000000004,6.99990020586));
#9554=CARTESIAN_POINT('Origin',(176.,31.,6.99990020586001));
#9555=CARTESIAN_POINT('',(176.,28.3,6.99990020586));
#9556=CARTESIAN_POINT('Origin',(177.248924226216,21.,6.99990020586));
#9557=CARTESIAN_POINT('',(176.497848452431,21.,6.99990020586));
#9558=CARTESIAN_POINT('',(178.,18.5,6.99990020586));
#9559=CARTESIAN_POINT('',(177.248924226216,19.75,6.99990020586));
#9560=CARTESIAN_POINT('Origin',(178.,21.,6.99990020586));
#9561=CARTESIAN_POINT('Origin',(185.75,21.,6.99990020586));
#9562=CARTESIAN_POINT('',(185.5,18.5,6.99990020586));
#9563=CARTESIAN_POINT('Origin',(185.5,21.,6.99990020586));
#9564=CARTESIAN_POINT('',(185.75,18.25,6.99990020586));
#9565=CARTESIAN_POINT('Origin',(182.,21.,6.99990020586));
#9566=CARTESIAN_POINT('',(182.,18.5,6.99990020586));
#9567=CARTESIAN_POINT('Origin',(176.,11.,6.99990020586));
#9568=CARTESIAN_POINT('',(176.,8.30000000000004,6.99990020586));
#9569=CARTESIAN_POINT('Origin',(166.,11.,6.99990020586001));
#9570=CARTESIAN_POINT('Origin',(176.,31.,6.99990020586001));
#9571=CARTESIAN_POINT('',(166.,28.3,6.99990020586001));
#9572=CARTESIAN_POINT('Origin',(166.,31.,6.99990020586001));
#9573=CARTESIAN_POINT('',(176.,28.3,6.99990020586));
#9574=CARTESIAN_POINT('Origin',(166.,31.,6.99990020586001));
#9575=CARTESIAN_POINT('Origin',(92.9999999999999,20.,8.49990020586002));
#9576=CARTESIAN_POINT('',(104.1,20.,4.99990020586002));
#9577=CARTESIAN_POINT('',(104.1,20.,8.49990020586002));
#9578=CARTESIAN_POINT('Origin',(92.9999999999999,20.,4.99990020586002));
#9579=CARTESIAN_POINT('Origin',(92.9999999999999,20.,4.99990020586002));
#9580=CARTESIAN_POINT('Origin',(59.9999999999999,20.,1.49990020586003));
#9581=CARTESIAN_POINT('Origin',(126.,20.,1.49990020586002));
#9582=CARTESIAN_POINT('Origin',(12.4999999999999,7.1,11.99990020586));
#9583=CARTESIAN_POINT('',(12.4999999999999,7.1,2.49990020586004));
#9584=CARTESIAN_POINT('',(12.4999999999999,8.3,6.99990020586004));
#9585=CARTESIAN_POINT('Origin',(12.4999999999999,11.,6.99990020586004));
#9586=CARTESIAN_POINT('Origin',(17.9999999999999,14.9,11.99990020586));
#9587=CARTESIAN_POINT('',(17.9999999999999,7.1,2.49990020586004));
#9588=CARTESIAN_POINT('',(17.9999999999999,8.3,6.99990020586004));
#9589=CARTESIAN_POINT('Origin',(17.9999999999999,11.,6.99990020586004));
#9590=CARTESIAN_POINT('Origin',(15.2499999999999,11.,2.49990020586004));
#9591=CARTESIAN_POINT('Origin',(17.9999999999999,34.9,11.99990020586));
#9592=CARTESIAN_POINT('',(17.9999999999999,27.1,2.49990020586004));
#9593=CARTESIAN_POINT('',(17.9999999999999,28.3,6.99990020586004));
#9594=CARTESIAN_POINT('Origin',(17.9999999999999,31.,6.99990020586004));
#9595=CARTESIAN_POINT('Origin',(12.4999999999999,27.1,11.99990020586));
#9596=CARTESIAN_POINT('',(12.4999999999999,27.1,2.49990020586004));
#9597=CARTESIAN_POINT('',(12.4999999999999,28.3,6.99990020586004));
#9598=CARTESIAN_POINT('Origin',(12.4999999999999,31.,6.99990020586004));
#9599=CARTESIAN_POINT('Origin',(15.2499999999999,31.,2.49990020586004));
#9600=CARTESIAN_POINT('Origin',(9.99999999999991,11.,6.99990020586004));
#9601=CARTESIAN_POINT('',(19.9999999999999,8.3,6.99990020586004));
#9602=CARTESIAN_POINT('',(9.99999999999991,8.3,6.99990020586004));
#9603=CARTESIAN_POINT('Origin',(19.9999999999999,11.,6.99990020586004));
#9604=CARTESIAN_POINT('Origin',(9.99999999999991,31.,6.99990020586004));
#9605=CARTESIAN_POINT('',(-9.04387675859653E-14,28.3,6.99990020586004));
#9606=CARTESIAN_POINT('Origin',(-9.10382880192628E-14,31.,6.99990020586004));
#9607=CARTESIAN_POINT('',(9.99999999999991,28.3,6.99990020586004));
#9608=CARTESIAN_POINT('Origin',(8.75107577378436,21.,6.99990020586004));
#9609=CARTESIAN_POINT('',(9.50215154756881,21.,6.99990020586004));
#9610=CARTESIAN_POINT('',(7.99999999999991,18.5,6.99990020586004));
#9611=CARTESIAN_POINT('',(8.75107577378436,19.75,6.99990020586004));
#9612=CARTESIAN_POINT('Origin',(7.99999999999991,21.,6.99990020586004));
#9613=CARTESIAN_POINT('Origin',(0.249999999999911,21.,6.99990020586004));
#9614=CARTESIAN_POINT('',(0.499999999999912,18.5,6.99990020586004));
#9615=CARTESIAN_POINT('Origin',(0.499999999999911,21.,6.99990020586004));
#9616=CARTESIAN_POINT('',(-8.97823482226556E-14,18.,6.99990020586004));
#9617=CARTESIAN_POINT('',(0.249999999999912,18.25,6.99990020586004));
#9618=CARTESIAN_POINT('Origin',(-8.88178419700125E-14,21.,6.99990020586004));
#9619=CARTESIAN_POINT('Origin',(3.99999999999991,21.,6.99990020586004));
#9620=CARTESIAN_POINT('',(3.99999999999991,18.5,6.99990020586004));
#9621=CARTESIAN_POINT('Origin',(9.99999999999991,11.,6.99990020586004));
#9622=CARTESIAN_POINT('',(-8.59978754874646E-14,8.3,6.99990020586004));
#9623=CARTESIAN_POINT('Origin',(-8.65973959207622E-14,11.,6.99990020586004));
#9624=CARTESIAN_POINT('',(9.99999999999991,8.3,6.99990020586004));
#9625=CARTESIAN_POINT('Origin',(19.9999999999999,11.,6.99990020586004));
#9626=CARTESIAN_POINT('Origin',(9.99999999999991,31.,6.99990020586004));
#9627=CARTESIAN_POINT('',(19.9999999999999,28.3,6.99990020586004));
#9628=CARTESIAN_POINT('',(9.99999999999991,28.3,6.99990020586004));
#9629=CARTESIAN_POINT('Origin',(19.9999999999999,31.,6.99990020586004));
#9630=CARTESIAN_POINT('Origin',(19.9999999999999,31.,6.99990020586004));
#9631=CARTESIAN_POINT('Origin',(186.,3.5527136788005E-14,11.99990020586));
#9632=CARTESIAN_POINT('',(-8.30446822419617E-14,-4.44089209850063E-15,11.99990020586));
#9633=CARTESIAN_POINT('Origin',(-8.30446822419617E-14,-4.44089209850063E-15,
11.99990020586));
#9634=UNCERTAINTY_MEASURE_WITH_UNIT(LENGTH_MEASURE(0.01),#9638,
'DISTANCE_ACCURACY_VALUE',
'Maximum model space distance between geometric entities at asserted c
onnectivities');
#9635=UNCERTAINTY_MEASURE_WITH_UNIT(LENGTH_MEASURE(0.01),#9638,
'DISTANCE_ACCURACY_VALUE',
'Maximum model space distance between geometric entities at asserted c
onnectivities');
#9636=(
GEOMETRIC_REPRESENTATION_CONTEXT(3)
GLOBAL_UNCERTAINTY_ASSIGNED_CONTEXT((#9634))
GLOBAL_UNIT_ASSIGNED_CONTEXT((#9638,#9640,#9641))
REPRESENTATION_CONTEXT('','3D')
);
#9637=(
GEOMETRIC_REPRESENTATION_CONTEXT(3)
GLOBAL_UNCERTAINTY_ASSIGNED_CONTEXT((#9635))
GLOBAL_UNIT_ASSIGNED_CONTEXT((#9638,#9640,#9641))
REPRESENTATION_CONTEXT('','3D')
);
#9638=(
LENGTH_UNIT()
NAMED_UNIT(*)
SI_UNIT(.MILLI.,.METRE.)
);
#9639=(
LENGTH_UNIT()
NAMED_UNIT(*)
SI_UNIT($,.METRE.)
);
#9640=(
NAMED_UNIT(*)
PLANE_ANGLE_UNIT()
SI_UNIT($,.RADIAN.)
);
#9641=(
NAMED_UNIT(*)
SI_UNIT($,.STERADIAN.)
SOLID_ANGLE_UNIT()
);
#9642=SHAPE_DEFINITION_REPRESENTATION(#9643,#9644);
#9643=PRODUCT_DEFINITION_SHAPE('',$,#9646);
#9644=SHAPE_REPRESENTATION('',(#4712),#9636);
#9645=PRODUCT_DEFINITION_CONTEXT('part definition',#9650,'design');
#9646=PRODUCT_DEFINITION('back','back',#9647,#9645);
#9647=PRODUCT_DEFINITION_FORMATION('',$,#9652);
#9648=PRODUCT_RELATED_PRODUCT_CATEGORY('back','back',(#9652));
#9649=APPLICATION_PROTOCOL_DEFINITION('international standard',
'automotive_design',2009,#9650);
#9650=APPLICATION_CONTEXT(
'Core Data for Automotive Mechanical Design Process');
#9651=PRODUCT_CONTEXT('part definition',#9650,'mechanical');
#9652=PRODUCT('back','back',$,(#9651));
#9653=PRESENTATION_STYLE_ASSIGNMENT((#9655));
#9654=PRESENTATION_STYLE_ASSIGNMENT((#9656));
#9655=SURFACE_STYLE_USAGE(.BOTH.,#9657);
#9656=SURFACE_STYLE_USAGE(.BOTH.,#9658);
#9657=SURFACE_SIDE_STYLE('',(#9659));
#9658=SURFACE_SIDE_STYLE('',(#9660));
#9659=SURFACE_STYLE_FILL_AREA(#9661);
#9660=SURFACE_STYLE_FILL_AREA(#9662);
#9661=FILL_AREA_STYLE('Stahl - satiniert',(#9663));
#9662=FILL_AREA_STYLE('Opaque(51,51,51)',(#9664));
#9663=FILL_AREA_STYLE_COLOUR('Stahl - satiniert',#9665);
#9664=FILL_AREA_STYLE_COLOUR('Opaque(51,51,51)',#9666);
#9665=COLOUR_RGB('Stahl - satiniert',0.627450980392157,0.627450980392157,
0.627450980392157);
#9666=COLOUR_RGB('Opaque(51,51,51)',0.2,0.2,0.2);
ENDSEC;
END-ISO-10303-21;
