ISO-10303-21;
HEADER;
/* Generated by software containing ST-Developer
 * from STEP Tools, Inc. (www.steptools.com) 
 */

FILE_DESCRIPTION(
/* description */ (''),
/* implementation_level */ '2;1');

FILE_NAME(
/* name */ 'front.step',
/* time_stamp */ '2026-03-30T11:09:49+02:00',
/* author */ (''),
/* organization */ (''),
/* preprocessor_version */ 'ST-DEVELOPER v20.1',
/* originating_system */ 'Autodesk Translation Framework v14.24.0.0',
/* authorisation */ '');

FILE_SCHEMA (('AUTOMOTIVE_DESIGN { 1 0 10303 214 3 1 1 }'));
ENDSEC;

DATA;
#10=MECHANICAL_DESIGN_GEOMETRIC_PRESENTATION_REPRESENTATION('',(#13),#7677);
#11=SHAPE_REPRESENTATION_RELATIONSHIP('SRR','None',#7684,#12);
#12=ADVANCED_BREP_SHAPE_REPRESENTATION('',(#14),#7676);
#13=STYLED_ITEM('',(#7694),#14);
#14=MANIFOLD_SOLID_BREP('K\X\F6rper1',#3834);
#15=B_SPLINE_SURFACE_WITH_KNOTS('',3,3,((#5782,#5783,#5784,#5785,#5786,
#5787,#5788,#5789,#5790,#5791,#5792,#5793,#5794,#5795,#5796,#5797,#5798,
#5799,#5800,#5801,#5802,#5803,#5804,#5805,#5806,#5807,#5808),(#5809,#5810,
#5811,#5812,#5813,#5814,#5815,#5816,#5817,#5818,#5819,#5820,#5821,#5822,
#5823,#5824,#5825,#5826,#5827,#5828,#5829,#5830,#5831,#5832,#5833,#5834,
#5835),(#5836,#5837,#5838,#5839,#5840,#5841,#5842,#5843,#5844,#5845,#5846,
#5847,#5848,#5849,#5850,#5851,#5852,#5853,#5854,#5855,#5856,#5857,#5858,
#5859,#5860,#5861,#5862),(#5863,#5864,#5865,#5866,#5867,#5868,#5869,#5870,
#5871,#5872,#5873,#5874,#5875,#5876,#5877,#5878,#5879,#5880,#5881,#5882,
#5883,#5884,#5885,#5886,#5887,#5888,#5889)),.UNSPECIFIED.,.F.,.T.,.F.,(4,
4),(4,1,1,1,1,1,1,1,1,1,1,1,1,1,1,1,1,1,1,1,2,2,4),(-0.000462976320172746,
1.00142775441765),(0.,0.0978806317230383,0.195761263446077,0.293641895169115,
0.391522526892153,0.538343474476711,0.58728379033823,0.685164422061268,
0.783045053784306,0.880925685507345,0.978806317230383,1.07668694895342,
1.12562726481494,1.17456758067646,1.37032884412254,1.46820947584557,1.56609010756861,
1.66397073929165,1.76185137101469,1.85973200273773,1.95761263446077,2.01267987749838,
2.067747120536),.UNSPECIFIED.);
#16=B_SPLINE_SURFACE_WITH_KNOTS('',3,3,((#6303,#6304,#6305,#6306),(#6307,
#6308,#6309,#6310),(#6311,#6312,#6313,#6314),(#6315,#6316,#6317,#6318)),
 .UNSPECIFIED.,.F.,.F.,.F.,(4,4),(4,4),(0.,1.),(-0.635439297692957,-0.392966652851822),
 .UNSPECIFIED.);
#17=B_SPLINE_SURFACE_WITH_KNOTS('',3,3,((#6365,#6366,#6367,#6368),(#6369,
#6370,#6371,#6372),(#6373,#6374,#6375,#6376),(#6377,#6378,#6379,#6380)),
 .UNSPECIFIED.,.F.,.F.,.F.,(4,4),(4,4),(0.,1.),(0.392966652851822,0.635439297692951),
 .UNSPECIFIED.);
#18=B_SPLINE_SURFACE_WITH_KNOTS('',3,3,((#6391,#6392,#6393,#6394),(#6395,
#6396,#6397,#6398),(#6399,#6400,#6401,#6402),(#6403,#6404,#6405,#6406)),
 .UNSPECIFIED.,.F.,.F.,.F.,(4,4),(4,4),(0.,1.),(0.924979116591564,1.06511446500868),
 .UNSPECIFIED.);
#19=B_SPLINE_SURFACE_WITH_KNOTS('',3,3,((#6417,#6418,#6419,#6420),(#6421,
#6422,#6423,#6424),(#6425,#6426,#6427,#6428),(#6429,#6430,#6431,#6432)),
 .UNSPECIFIED.,.F.,.F.,.F.,(4,4),(4,4),(0.,1.),(-1.06511446500868,-0.924979116591565),
 .UNSPECIFIED.);
#20=B_SPLINE_SURFACE_WITH_KNOTS('',3,3,((#6491,#6492,#6493,#6494,#6495,
#6496,#6497,#6498,#6499,#6500,#6501,#6502,#6503,#6504,#6505,#6506,#6507,
#6508,#6509,#6510,#6511,#6512,#6513,#6514,#6515,#6516,#6517,#6518,#6519,
#6520,#6521,#6522),(#6523,#6524,#6525,#6526,#6527,#6528,#6529,#6530,#6531,
#6532,#6533,#6534,#6535,#6536,#6537,#6538,#6539,#6540,#6541,#6542,#6543,
#6544,#6545,#6546,#6547,#6548,#6549,#6550,#6551,#6552,#6553,#6554),(#6555,
#6556,#6557,#6558,#6559,#6560,#6561,#6562,#6563,#6564,#6565,#6566,#6567,
#6568,#6569,#6570,#6571,#6572,#6573,#6574,#6575,#6576,#6577,#6578,#6579,
#6580,#6581,#6582,#6583,#6584,#6585,#6586),(#6587,#6588,#6589,#6590,#6591,
#6592,#6593,#6594,#6595,#6596,#6597,#6598,#6599,#6600,#6601,#6602,#6603,
#6604,#6605,#6606,#6607,#6608,#6609,#6610,#6611,#6612,#6613,#6614,#6615,
#6616,#6617,#6618)),.UNSPECIFIED.,.F.,.T.,.F.,(4,4),(4,1,1,1,1,1,1,1,1,
1,1,1,1,1,1,1,1,1,1,1,1,1,1,1,1,2,2,4),(-0.000555826417028726,1.0014243201117),
(0.,0.0978806317230383,0.195761263446077,0.293641895169115,0.391522526892153,
0.538343474476711,0.58728379033823,0.685164422061268,0.783045053784306,
0.831985369645825,0.880925685507345,0.929866001368864,0.978806317230383,
1.07668694895342,1.17456758067646,1.22350789653798,1.2724482123995,1.37032884412254,
1.46820947584557,1.56609010756861,1.66397073929165,1.76185137101469,1.81079168687621,
1.85973200273773,1.88420216066849,1.95761263446077,2.01267987749838,2.067747120536),
 .UNSPECIFIED.);
#21=B_SPLINE_SURFACE_WITH_KNOTS('',3,3,((#6955,#6956,#6957,#6958),(#6959,
#6960,#6961,#6962),(#6963,#6964,#6965,#6966),(#6967,#6968,#6969,#6970)),
 .UNSPECIFIED.,.F.,.F.,.F.,(4,4),(4,4),(0.,1.),(-0.635439297692957,-0.392966652851822),
 .UNSPECIFIED.);
#22=B_SPLINE_SURFACE_WITH_KNOTS('',3,3,((#7008,#7009,#7010,#7011),(#7012,
#7013,#7014,#7015),(#7016,#7017,#7018,#7019),(#7020,#7021,#7022,#7023)),
 .UNSPECIFIED.,.F.,.F.,.F.,(4,4),(4,4),(0.,1.),(0.392966652851822,0.635439297692951),
 .UNSPECIFIED.);
#23=B_SPLINE_SURFACE_WITH_KNOTS('',3,3,((#7030,#7031,#7032,#7033),(#7034,
#7035,#7036,#7037),(#7038,#7039,#7040,#7041),(#7042,#7043,#7044,#7045)),
 .UNSPECIFIED.,.F.,.F.,.F.,(4,4),(4,4),(0.,1.),(0.924979116591564,1.06511446500868),
 .UNSPECIFIED.);
#24=B_SPLINE_SURFACE_WITH_KNOTS('',3,3,((#7054,#7055,#7056,#7057),(#7058,
#7059,#7060,#7061),(#7062,#7063,#7064,#7065),(#7066,#7067,#7068,#7069)),
 .UNSPECIFIED.,.F.,.F.,.F.,(4,4),(4,4),(0.,1.),(-1.06511446500868,-0.924979116591565),
 .UNSPECIFIED.);
#25=B_SPLINE_CURVE_WITH_KNOTS('',3,(#5413,#5414,#5415,#5416),
 .UNSPECIFIED.,.F.,.F.,(4,4),(0.392966653023937,0.635439297692957),
 .UNSPECIFIED.);
#26=B_SPLINE_CURVE_WITH_KNOTS('',3,(#5417,#5418,#5419,#5420),
 .UNSPECIFIED.,.F.,.F.,(4,4),(-0.635439297692951,-0.392966653023938),
 .UNSPECIFIED.);
#27=B_SPLINE_CURVE_WITH_KNOTS('',3,(#5422,#5423,#5424,#5425,#5426,#5427,
#5428,#5429,#5430,#5431,#5432,#5433,#5434,#5435,#5436,#5437,#5438,#5439,
#5440,#5441,#5442,#5443,#5444,#5445,#5446,#5447,#5448,#5449,#5450,#5451,
#5452,#5453,#5454,#5455,#5456,#5457,#5458,#5459,#5460,#5461,#5462,#5463,
#5464,#5465,#5466,#5467,#5468,#5469,#5470,#5471,#5472,#5473,#5474,#5475,
#5476,#5477,#5478,#5479,#5480,#5481,#5482,#5483,#5484,#5485,#5486,#5487,
#5488,#5489,#5490,#5491,#5492,#5493,#5494,#5495,#5496,#5497,#5498,#5499,
#5500,#5501,#5502,#5503,#5504,#5505,#5506,#5507,#5508,#5509,#5510,#5511,
#5512,#5513,#5514,#5515,#5516,#5517,#5518,#5519,#5520,#5521,#5522,#5523,
#5524,#5525,#5526,#5527,#5528,#5529,#5530,#5531,#5532,#5533,#5534,#5535,
#5536,#5537,#5538,#5539,#5540,#5541,#5542,#5543,#5544,#5545,#5546,#5547,
#5548,#5549,#5550,#5551,#5552,#5553,#5554,#5555,#5556,#5557,#5558,#5559,
#5560,#5561,#5562,#5563,#5564,#5565,#5566,#5567,#5568,#5569,#5570,#5571,
#5572,#5573,#5574,#5575,#5576,#5577,#5578,#5579,#5580,#5581,#5582,#5583,
#5584,#5585,#5586,#5587,#5588,#5589,#5590,#5591,#5592,#5593,#5594,#5595,
#5596,#5597,#5598,#5599,#5600,#5601,#5602,#5603,#5604,#5605,#5606,#5607,
#5608,#5609,#5610,#5611,#5612,#5613,#5614,#5615,#5616,#5617,#5618,#5619,
#5620,#5621,#5622,#5623,#5624,#5625,#5626,#5627,#5628,#5629,#5630,#5631,
#5632,#5633,#5634,#5635,#5636,#5637,#5638,#5639,#5640,#5641,#5642,#5643,
#5644,#5645,#5646,#5647,#5648,#5649,#5650,#5651,#5652,#5653,#5654,#5655,
#5656,#5657,#5658,#5659,#5660,#5661,#5662),.UNSPECIFIED.,.T.,.F.,(4,3,3,
3,3,3,3,3,3,3,3,3,3,3,3,3,3,3,3,3,3,3,3,3,3,3,3,3,3,3,3,3,3,3,3,3,3,3,3,
3,3,3,3,3,3,3,3,3,3,3,3,3,3,3,3,3,3,3,3,3,3,3,3,3,3,3,3,3,3,3,3,3,3,3,3,
3,3,3,3,3,4),(-2.067747120536,-2.04593283942975,-2.01914039210865,-2.01267987749838,
-1.98105582454831,-1.95761263446077,-1.93125554317437,-1.9065383127585,
-1.88420216066849,-1.85973200273773,-1.83357653224908,-1.81079168687621,
-1.77985971606464,-1.76185137101469,-1.72123732533908,-1.68146206254245,
-1.66397073929165,-1.63340562979154,-1.60289506415581,-1.57226783610599,
-1.56609010756861,-1.53709160390061,-1.50805377491295,-1.47919833259989,
-1.46820947584557,-1.44080876984854,-1.41348933967288,-1.38604597259991,
-1.37032884412254,-1.34194465924461,-1.31294679921363,-1.28248766714685,
-1.2724482123995,-1.2447044888895,-1.22350789653798,-1.19727497654058,-1.17456758067646,
-1.13625306919976,-1.10492697664716,-1.07668694895342,-1.04906557984222,
-1.02118213747995,-0.992881884773294,-0.978806317230383,-0.949736220092854,
-0.929866001368864,-0.898918329932354,-0.880925685507345,-0.843023640544229,
-0.831985369645825,-0.797606683171485,-0.783045053784306,-0.753157227704668,
-0.724122944468958,-0.695847676709065,-0.685164422061268,-0.657760330696849,
-0.63039450467052,-0.602838793062138,-0.58728379033823,-0.562813632407471,
-0.538343474476711,-0.501638237580572,-0.465920312464699,-0.428721419678426,
-0.391522526892153,-0.36031339127782,-0.328759665022763,-0.296456147052493,
-0.293641895169115,-0.261414323313124,-0.228298326448356,-0.195761263446077,
-0.1703600465939,-0.144305359714026,-0.116086051037601,-0.0978806317230383,
-0.0693546543737781,-0.034677327186889,-0.0124068860014944,0.),
 .UNSPECIFIED.);
#28=B_SPLINE_CURVE_WITH_KNOTS('',2,(#5704,#5705,#5706),.UNSPECIFIED.,.F.,
 .F.,(3,3),(0.0262765227666784,0.0527496137013697),.UNSPECIFIED.);
#29=B_SPLINE_CURVE_WITH_KNOTS('',2,(#5709,#5710,#5711),.UNSPECIFIED.,.F.,
 .F.,(3,3),(0.,0.0264730909346911),.UNSPECIFIED.);
#30=B_SPLINE_CURVE_WITH_KNOTS('',2,(#5716,#5717,#5718),.UNSPECIFIED.,.F.,
 .F.,(3,3),(0.025131631493484,0.050307472364283),.UNSPECIFIED.);
#31=B_SPLINE_CURVE_WITH_KNOTS('',2,(#5735,#5736,#5737),.UNSPECIFIED.,.F.,
 .F.,(3,3),(0.,0.0251758408707992),.UNSPECIFIED.);
#32=B_SPLINE_CURVE_WITH_KNOTS('',2,(#5765,#5766,#5767),.UNSPECIFIED.,.F.,
 .F.,(3,3),(0.0251316314934784,0.0503074723642828),.UNSPECIFIED.);
#33=B_SPLINE_CURVE_WITH_KNOTS('',3,(#5894,#5895,#5896,#5897,#5898,#5899,
#5900,#5901,#5902,#5903,#5904,#5905,#5906,#5907,#5908,#5909,#5910,#5911,
#5912,#5913,#5914,#5915,#5916,#5917,#5918,#5919,#5920,#5921,#5922,#5923,
#5924,#5925,#5926,#5927,#5928,#5929,#5930,#5931,#5932,#5933,#5934,#5935,
#5936,#5937,#5938,#5939,#5940,#5941,#5942,#5943,#5944,#5945,#5946,#5947,
#5948,#5949,#5950,#5951,#5952,#5953,#5954,#5955,#5956,#5957,#5958,#5959,
#5960,#5961,#5962,#5963,#5964,#5965,#5966,#5967,#5968,#5969,#5970,#5971,
#5972,#5973,#5974,#5975,#5976,#5977,#5978,#5979,#5980,#5981,#5982,#5983,
#5984,#5985,#5986,#5987,#5988,#5989,#5990,#5991,#5992,#5993,#5994,#5995,
#5996,#5997,#5998,#5999,#6000,#6001,#6002,#6003,#6004,#6005,#6006,#6007,
#6008,#6009,#6010,#6011,#6012,#6013,#6014,#6015,#6016,#6017,#6018,#6019,
#6020,#6021,#6022,#6023,#6024,#6025,#6026,#6027,#6028,#6029,#6030,#6031,
#6032,#6033,#6034,#6035,#6036,#6037,#6038),.UNSPECIFIED.,.F.,.F.,(4,3,3,
3,3,3,3,3,3,3,3,3,3,3,3,3,3,3,3,3,3,3,3,3,3,3,3,3,3,3,3,3,3,3,3,3,3,3,3,
3,3,3,3,3,3,3,3,3,4),(0.,0.0186436067702365,0.0384528630084369,0.0578534605945431,
0.0778670461587907,0.0978806317230383,0.116958878275647,0.136833023277109,
0.157154667752974,0.178215376785285,0.195761263446077,0.215154705459481,
0.235105100356281,0.255281991919458,0.275648232514643,0.293641895169115,
0.322843082419833,0.35201720614725,0.381192074154308,0.391522526892153,
0.428227763788293,0.464681581433854,0.501512527955283,0.538343474476711,
0.556639630611537,0.574742098628082,0.58728379033823,0.61175394826899,0.635656710467436,
0.660410566264352,0.685164422061268,0.710332048393897,0.735420526961019,
0.760432326274464,0.783045053784306,0.804749113305037,0.826136862975431,
0.847243942525258,0.867821401739499,0.880925685507345,0.898592789501985,
0.916127276820087,0.933557012148509,0.950958576010004,0.968381430550325,
0.978806317230383,1.00103288353011,1.02347101890376,1.033873560268),
 .UNSPECIFIED.);
#34=B_SPLINE_CURVE_WITH_KNOTS('',3,(#6039,#6040,#6041,#6042,#6043,#6044,
#6045,#6046,#6047,#6048,#6049,#6050,#6051,#6052,#6053,#6054,#6055),
 .UNSPECIFIED.,.F.,.F.,(4,1,1,1,1,1,1,1,1,1,2,2,4),(1.03387374359777,1.07668694895342,
1.12562726481494,1.17456758067646,1.37032884412254,1.46820947584557,1.56609010756861,
1.66397073929165,1.76185137101469,1.85973200273773,1.95761263446077,2.01267987749838,
2.067747120536),.UNSPECIFIED.);
#35=B_SPLINE_CURVE_WITH_KNOTS('',3,(#6056,#6057,#6058,#6059,#6060,#6061,
#6062,#6063,#6064,#6065,#6066,#6067,#6068,#6069,#6070,#6071,#6072,#6073,
#6074,#6075,#6076,#6077,#6078,#6079,#6080,#6081,#6082,#6083,#6084,#6085,
#6086,#6087,#6088,#6089,#6090,#6091,#6092,#6093,#6094,#6095,#6096,#6097,
#6098,#6099,#6100,#6101,#6102,#6103,#6104,#6105,#6106,#6107,#6108,#6109,
#6110,#6111,#6112,#6113,#6114,#6115,#6116,#6117,#6118,#6119,#6120,#6121,
#6122,#6123,#6124,#6125,#6126,#6127,#6128,#6129,#6130,#6131,#6132,#6133,
#6134,#6135,#6136,#6137,#6138,#6139,#6140,#6141,#6142,#6143,#6144,#6145,
#6146,#6147,#6148,#6149,#6150,#6151,#6152,#6153,#6154,#6155,#6156,#6157,
#6158,#6159,#6160,#6161,#6162,#6163,#6164,#6165,#6166,#6167,#6168,#6169,
#6170,#6171,#6172,#6173,#6174,#6175,#6176,#6177,#6178,#6179,#6180,#6181,
#6182,#6183,#6184,#6185,#6186,#6187,#6188,#6189,#6190,#6191,#6192,#6193,
#6194,#6195,#6196,#6197,#6198,#6199,#6200,#6201,#6202,#6203,#6204,#6205,
#6206,#6207,#6208,#6209,#6210,#6211,#6212,#6213,#6214,#6215,#6216,#6217,
#6218,#6219,#6220,#6221,#6222,#6223,#6224,#6225,#6226,#6227,#6228,#6229,
#6230,#6231,#6232,#6233,#6234,#6235,#6236,#6237,#6238,#6239,#6240,#6241,
#6242,#6243,#6244,#6245,#6246,#6247,#6248,#6249,#6250,#6251,#6252,#6253,
#6254,#6255,#6256,#6257,#6258,#6259,#6260,#6261,#6262,#6263,#6264,#6265,
#6266,#6267,#6268,#6269,#6270,#6271,#6272,#6273,#6274,#6275,#6276,#6277,
#6278),.UNSPECIFIED.,.T.,.F.,(4,3,3,3,3,3,3,3,3,3,3,3,3,3,3,3,3,3,3,3,3,
3,3,3,3,3,3,3,3,3,3,3,3,3,3,3,3,3,3,3,3,3,3,3,3,3,3,3,3,3,3,3,3,3,3,3,3,
3,3,3,3,3,3,3,3,3,3,3,3,3,3,3,3,3,4),(-2.067747120536,-2.04594397659786,
-2.01925976290745,-2.01267987749838,-1.97618267987887,-1.95761263446077,
-1.92777031988509,-1.89927108555288,-1.87181258804967,-1.85973200273773,
-1.82468316056726,-1.79054662435685,-1.76185137101469,-1.72916995461424,
-1.69657034695295,-1.66397073929165,-1.63186870269767,-1.59897940513314,
-1.56609010756861,-1.53724358858519,-1.50837494921328,-1.47971618218766,
-1.46820947584557,-1.44185399871181,-1.41556712649066,-1.38911525759019,
-1.37032884412254,-1.33713419291548,-1.3028806567028,-1.26585271593668,
-1.22598658420013,-1.17456758067646,-1.1429488425275,-1.12562726481494,
-1.09794401241246,-1.07668694895342,-1.04824184714224,-1.02039674010464,
-0.993352845162112,-0.978806317230383,-0.945246065816322,-0.902859523628997,
-0.880925685507345,-0.831985369645825,-0.789713549983801,-0.783045053784306,
-0.751087365587249,-0.720039597034184,-0.689800692047933,-0.685164422061268,
-0.658465101569895,-0.631820139335654,-0.604995443800447,-0.58728379033823,
-0.562813632407471,-0.538343474476711,-0.501638237580572,-0.466527648572016,
-0.43144812767525,-0.396252443534743,-0.391522526892153,-0.3597116077525,
-0.326676751460808,-0.293641895169115,-0.26092359727324,-0.227311907231499,
-0.195761263446077,-0.170297784306056,-0.144172981742444,-0.115869012842276,
-0.0978806317230383,-0.069462114511075,-0.0347310572555375,-0.0124646993207443,
0.),.UNSPECIFIED.);
#36=B_SPLINE_CURVE_WITH_KNOTS('',3,(#6321,#6322,#6323,#6324,#6325,#6326),
 .UNSPECIFIED.,.F.,.F.,(4,2,4),(0.,0.209928293253028,0.438766665007637),
 .UNSPECIFIED.);
#37=B_SPLINE_CURVE_WITH_KNOTS('',3,(#6330,#6331,#6332,#6333),
 .UNSPECIFIED.,.F.,.F.,(4,4),(0.392966653023937,0.635439297692957),
 .UNSPECIFIED.);
#38=B_SPLINE_CURVE_WITH_KNOTS('',3,(#6334,#6335,#6336,#6337,#6338,#6339),
 .UNSPECIFIED.,.F.,.F.,(4,2,4),(0.,0.0155806937836198,0.0312802458233873),
 .UNSPECIFIED.);
#39=B_SPLINE_CURVE_WITH_KNOTS('',3,(#6345,#6346,#6347,#6348,#6349,#6350),
 .UNSPECIFIED.,.F.,.F.,(4,2,4),(0.,0.0156998944642808,0.0312809280773715),
 .UNSPECIFIED.);
#40=B_SPLINE_CURVE_WITH_KNOTS('',3,(#6359,#6360,#6361,#6362,#6363,#6364),
 .UNSPECIFIED.,.F.,.F.,(4,2,4),(0.,0.0261225559972011,0.0522450460171542),
 .UNSPECIFIED.);
#41=B_SPLINE_CURVE_WITH_KNOTS('',3,(#6381,#6382,#6383,#6384,#6385,#6386),
 .UNSPECIFIED.,.F.,.F.,(4,2,4),(-0.439114149715485,-0.229021018958137,-9.99999974049537E-7),
 .UNSPECIFIED.);
#42=B_SPLINE_CURVE_WITH_KNOTS('',3,(#6387,#6388,#6389,#6390),
 .UNSPECIFIED.,.F.,.F.,(4,4),(-0.635439297692951,-0.392966653023938),
 .UNSPECIFIED.);
#43=B_SPLINE_CURVE_WITH_KNOTS('',3,(#6410,#6411,#6412,#6413,#6414,#6415),
 .UNSPECIFIED.,.F.,.F.,(4,2,4),(-0.339578175539616,-0.172260346045421,-9.99678877733334E-7),
 .UNSPECIFIED.);
#44=B_SPLINE_CURVE_WITH_KNOTS('',3,(#6436,#6437,#6438,#6439,#6440,#6441),
 .UNSPECIFIED.,.F.,.F.,(4,2,4),(-0.339546789626256,-0.167304546229636,0.),
 .UNSPECIFIED.);
#45=B_SPLINE_CURVE_WITH_KNOTS('',3,(#6442,#6443,#6444,#6445,#6446,#6447),
 .UNSPECIFIED.,.F.,.F.,(4,2,4),(-0.0522450384924333,-0.0261224862582622,
0.),.UNSPECIFIED.);
#46=B_SPLINE_CURVE_WITH_KNOTS('',3,(#6622,#6623,#6624,#6625,#6626,#6627,
#6628,#6629,#6630,#6631,#6632,#6633,#6634,#6635,#6636,#6637,#6638,#6639,
#6640,#6641,#6642,#6643,#6644,#6645,#6646,#6647,#6648,#6649,#6650,#6651,
#6652,#6653,#6654,#6655,#6656,#6657,#6658,#6659,#6660,#6661,#6662,#6663,
#6664,#6665,#6666,#6667,#6668,#6669,#6670,#6671,#6672,#6673,#6674,#6675,
#6676,#6677,#6678,#6679,#6680,#6681,#6682,#6683,#6684,#6685,#6686,#6687,
#6688,#6689,#6690,#6691,#6692,#6693,#6694,#6695,#6696,#6697,#6698,#6699,
#6700,#6701,#6702,#6703,#6704,#6705,#6706,#6707,#6708,#6709,#6710,#6711,
#6712,#6713,#6714,#6715,#6716,#6717,#6718,#6719,#6720,#6721,#6722,#6723,
#6724,#6725,#6726,#6727,#6728,#6729,#6730,#6731,#6732,#6733,#6734,#6735,
#6736,#6737,#6738,#6739,#6740,#6741,#6742,#6743,#6744,#6745,#6746,#6747,
#6748,#6749,#6750,#6751,#6752,#6753,#6754,#6755,#6756,#6757,#6758,#6759,
#6760,#6761,#6762,#6763,#6764,#6765,#6766,#6767,#6768,#6769,#6770,#6771,
#6772),.UNSPECIFIED.,.F.,.F.,(4,3,3,3,3,3,3,3,3,3,3,3,3,3,3,3,3,3,3,3,3,
3,3,3,3,3,3,3,3,3,3,3,3,3,3,3,3,3,3,3,3,3,3,3,3,3,3,3,3,3,4),(0.,0.0186430208431179,
0.038452423563098,0.0578707642414867,0.0778756979822625,0.0978806317230383,
0.11703592956717,0.136988468149955,0.157390517372739,0.178533511530544,
0.195761263446077,0.215029607717825,0.234848123263443,0.254887169438209,
0.27510396320014,0.293641895169115,0.321724968681844,0.349778054351169,
0.377835071403564,0.391522526892153,0.429667491417033,0.467898757430114,
0.506296133068023,0.538343474476711,0.556851480978712,0.575167723598003,
0.58728379033823,0.612211783073231,0.636912964981785,0.66134425839481,0.685164422061268,
0.709634579992028,0.733303277159132,0.75691600454008,0.780488925029723,
0.783045053784306,0.803215125921936,0.823171622235325,0.831985369645825,
0.856455527576585,0.879107409383564,0.880925685507345,0.899299215218097,
0.917527227207612,0.929866001368864,0.947182297598055,0.964507244289938,
0.978806317230383,1.00097132903421,1.02339675209773,1.03387356020916),
 .UNSPECIFIED.);
#47=B_SPLINE_CURVE_WITH_KNOTS('',3,(#6773,#6774,#6775,#6776,#6777,#6778,
#6779,#6780,#6781,#6782,#6783,#6784,#6785,#6786,#6787,#6788,#6789,#6790,
#6791,#6792,#6793,#6794,#6795,#6796,#6797,#6798,#6799,#6800,#6801,#6802,
#6803,#6804,#6805,#6806,#6807,#6808,#6809,#6810,#6811,#6812,#6813,#6814,
#6815,#6816,#6817,#6818,#6819,#6820,#6821,#6822,#6823,#6824,#6825,#6826,
#6827,#6828,#6829,#6830,#6831,#6832,#6833,#6834,#6835,#6836,#6837,#6838,
#6839,#6840,#6841,#6842,#6843,#6844,#6845,#6846,#6847,#6848,#6849,#6850,
#6851,#6852,#6853,#6854,#6855,#6856,#6857,#6858,#6859,#6860,#6861,#6862,
#6863,#6864,#6865,#6866,#6867,#6868,#6869,#6870,#6871,#6872,#6873,#6874,
#6875,#6876,#6877,#6878,#6879,#6880,#6881,#6882,#6883,#6884,#6885,#6886,
#6887,#6888,#6889,#6890,#6891,#6892,#6893,#6894,#6895,#6896,#6897,#6898,
#6899,#6900,#6901,#6902,#6903,#6904,#6905,#6906,#6907,#6908,#6909,#6910,
#6911,#6912,#6913,#6914,#6915,#6916,#6917,#6918,#6919,#6920,#6921,#6922,
#6923,#6924,#6925,#6926,#6927,#6928,#6929,#6930,#6931,#6932),
 .UNSPECIFIED.,.F.,.F.,(4,3,3,3,3,3,3,3,3,3,3,3,3,3,3,3,3,3,3,3,3,3,3,3,
3,3,3,3,3,3,3,3,3,3,3,3,3,3,3,3,3,3,3,3,3,3,3,3,3,3,3,3,3,4),(1.033873560268,
1.05551073079985,1.07668694895342,1.09513570569395,1.11355074203696,1.13198169284059,
1.15044519905529,1.16900762832571,1.17456758067646,1.19516987124884,1.21599085491567,
1.22350789653798,1.24033141288512,1.25737665784913,1.2724482123995,1.29507991174842,
1.31774470605316,1.34044608990211,1.36324862794297,1.37032884412254,1.39512220852811,
1.42004872671341,1.44528129666254,1.46820947584557,1.48932740185017,1.51090360055598,
1.53263868252889,1.55443493131372,1.56609010756861,1.59364272461196,1.62114733804081,
1.64863552843187,1.66397073929165,1.70488684615241,1.74539554870587,1.76185137101469,
1.78973627550922,1.81079168687621,1.82826419225813,1.84549230729472,1.85973200273773,
1.87907094109353,1.88420216066849,1.90728599077848,1.92994298536081,1.95202961884945,
1.95761263446077,1.97730472062557,1.99631518842689,2.01267987749838,2.02983661920514,
2.04680954977492,2.06357852553776,2.067747120536),.UNSPECIFIED.);
#48=B_SPLINE_CURVE_WITH_KNOTS('',3,(#6973,#6974,#6975,#6976,#6977,#6978),
 .UNSPECIFIED.,.F.,.F.,(4,2,4),(1.00000012831742E-6,0.209928583073211,0.438767651648666),
 .UNSPECIFIED.);
#49=B_SPLINE_CURVE_WITH_KNOTS('',3,(#6980,#6981,#6982,#6983,#6984,#6985),
 .UNSPECIFIED.,.F.,.F.,(4,2,4),(0.,0.0155806937951864,0.0312802458573732),
 .UNSPECIFIED.);
#50=B_SPLINE_CURVE_WITH_KNOTS('',3,(#6988,#6989,#6990,#6991,#6992,#6993),
 .UNSPECIFIED.,.F.,.F.,(4,2,4),(0.,0.015699894454938,0.0312809280378214),
 .UNSPECIFIED.);
#51=B_SPLINE_CURVE_WITH_KNOTS('',3,(#7002,#7003,#7004,#7005,#7006,#7007),
 .UNSPECIFIED.,.F.,.F.,(4,2,4),(0.,0.0261225559945685,0.0522450460225715),
 .UNSPECIFIED.);
#52=B_SPLINE_CURVE_WITH_KNOTS('',3,(#7024,#7025,#7026,#7027,#7028,#7029),
 .UNSPECIFIED.,.F.,.F.,(4,2,4),(-0.439113282126642,-0.229019263911382,0.),
 .UNSPECIFIED.);
#53=B_SPLINE_CURVE_WITH_KNOTS('',3,(#7047,#7048,#7049,#7050,#7051,#7052),
 .UNSPECIFIED.,.F.,.F.,(4,2,4),(-0.339577177710333,-0.17226448428819,0.),
 .UNSPECIFIED.);
#54=B_SPLINE_CURVE_WITH_KNOTS('',3,(#7071,#7072,#7073,#7074,#7075,#7076),
 .UNSPECIFIED.,.F.,.F.,(4,2,4),(-0.339546792285137,-0.167298183976084,0.),
 .UNSPECIFIED.);
#55=B_SPLINE_CURVE_WITH_KNOTS('',3,(#7077,#7078,#7079,#7080,#7081,#7082),
 .UNSPECIFIED.,.F.,.F.,(4,2,4),(-0.0522450384235525,-0.0261224862287939,
0.),.UNSPECIFIED.);
#56=(
BOUNDED_CURVE()
B_SPLINE_CURVE(2,(#5339,#5340,#5341),.UNSPECIFIED.,.F.,.F.)
B_SPLINE_CURVE_WITH_KNOTS((3,3),(0.00616152105620245,0.0214202209977181),
 .UNSPECIFIED.)
CURVE()
GEOMETRIC_REPRESENTATION_ITEM()
RATIONAL_B_SPLINE_CURVE((1.00477036565511,1.01063675456434,1.01630305849109))
REPRESENTATION_ITEM('')
);
#57=(
BOUNDED_CURVE()
B_SPLINE_CURVE(2,(#5344,#5345,#5346),.UNSPECIFIED.,.F.,.F.)
B_SPLINE_CURVE_WITH_KNOTS((3,3),(0.885657309874604,0.900916009815359),
 .UNSPECIFIED.)
CURVE()
GEOMETRIC_REPRESENTATION_ITEM()
RATIONAL_B_SPLINE_CURVE((1.01630305849108,1.01063675456462,1.0047703656557))
REPRESENTATION_ITEM('')
);
#58=(
BOUNDED_CURVE()
B_SPLINE_CURVE(2,(#5382,#5383,#5384),.UNSPECIFIED.,.F.,.F.)
B_SPLINE_CURVE_WITH_KNOTS((3,3),(0.0109568352628285,0.0372898847015962),
 .UNSPECIFIED.)
CURVE()
GEOMETRIC_REPRESENTATION_ITEM()
RATIONAL_B_SPLINE_CURVE((1.00055253808201,1.00120975050927,1.00183448296311))
REPRESENTATION_ITEM('')
);
#59=(
BOUNDED_CURVE()
B_SPLINE_CURVE(2,(#5387,#5388,#5389),.UNSPECIFIED.,.F.,.F.)
B_SPLINE_CURVE_WITH_KNOTS((3,3),(1.05029013462321,1.07662318406399),
 .UNSPECIFIED.)
CURVE()
GEOMETRIC_REPRESENTATION_ITEM()
RATIONAL_B_SPLINE_CURVE((1.00183448296311,1.00120975050922,1.00055253808191))
REPRESENTATION_ITEM('')
);
#60=(
BOUNDED_CURVE()
B_SPLINE_CURVE(2,(#5694,#5695,#5696),.UNSPECIFIED.,.F.,.F.)
B_SPLINE_CURVE_WITH_KNOTS((3,3),(0.0321203851462712,0.0638335107286141),
 .UNSPECIFIED.)
CURVE()
GEOMETRIC_REPRESENTATION_ITEM()
RATIONAL_B_SPLINE_CURVE((1.00163739072506,1.00242159218828,1.00315817807364))
REPRESENTATION_ITEM('')
);
#61=(
BOUNDED_CURVE()
B_SPLINE_CURVE(2,(#5700,#5701,#5702),.UNSPECIFIED.,.F.,.F.)
B_SPLINE_CURVE_WITH_KNOTS((3,3),(1.04500151233303,1.07671463791538),
 .UNSPECIFIED.)
CURVE()
GEOMETRIC_REPRESENTATION_ITEM()
RATIONAL_B_SPLINE_CURVE((1.00315817807364,1.00242159218828,1.00163739072506))
REPRESENTATION_ITEM('')
);
#62=(
BOUNDED_CURVE()
B_SPLINE_CURVE(2,(#5745,#5746,#5747),.UNSPECIFIED.,.F.,.F.)
B_SPLINE_CURVE_WITH_KNOTS((3,3),(-1.15325712644271,-1.132440566477),
 .UNSPECIFIED.)
CURVE()
GEOMETRIC_REPRESENTATION_ITEM()
RATIONAL_B_SPLINE_CURVE((1.10581922215831,1.11361138253259,1.12108776522691))
REPRESENTATION_ITEM('')
);
#63=(
BOUNDED_CURVE()
B_SPLINE_CURVE(2,(#5748,#5749,#5750),.UNSPECIFIED.,.F.,.F.)
B_SPLINE_CURVE_WITH_KNOTS((3,3),(-0.146730818398014,-0.1259142584323),
 .UNSPECIFIED.)
CURVE()
GEOMETRIC_REPRESENTATION_ITEM()
RATIONAL_B_SPLINE_CURVE((1.12108776522691,1.11361138253259,1.1058192221583))
REPRESENTATION_ITEM('')
);
#64=(
BOUNDED_CURVE()
B_SPLINE_CURVE(2,(#5760,#5761,#5762),.UNSPECIFIED.,.F.,.F.)
B_SPLINE_CURVE_WITH_KNOTS((3,3),(1.132440566477,1.15325712644271),
 .UNSPECIFIED.)
CURVE()
GEOMETRIC_REPRESENTATION_ITEM()
RATIONAL_B_SPLINE_CURVE((1.12108776522691,1.11361138253259,1.1058192221583))
REPRESENTATION_ITEM('')
);
#65=(
BOUNDED_CURVE()
B_SPLINE_CURVE(2,(#5772,#5773,#5774),.UNSPECIFIED.,.F.,.F.)
B_SPLINE_CURVE_WITH_KNOTS((3,3),(0.,0.0426028187405991),.UNSPECIFIED.)
CURVE()
GEOMETRIC_REPRESENTATION_ITEM()
RATIONAL_B_SPLINE_CURVE((1.,1.00029292806123,1.))
REPRESENTATION_ITEM('')
);
#66=(
BOUNDED_CURVE()
B_SPLINE_CURVE(2,(#6352,#6353,#6354),.UNSPECIFIED.,.F.,.F.)
B_SPLINE_CURVE_WITH_KNOTS((3,3),(-1.94122569107258,-1.91888691389026),
 .UNSPECIFIED.)
CURVE()
GEOMETRIC_REPRESENTATION_ITEM()
RATIONAL_B_SPLINE_CURVE((1.01045656856964,1.01115881242031,1.01184350933937))
REPRESENTATION_ITEM('')
);
#67=(
BOUNDED_CURVE()
B_SPLINE_CURVE(2,(#6454,#6455,#6456),.UNSPECIFIED.,.F.,.F.)
B_SPLINE_CURVE_WITH_KNOTS((3,3),(-0.174800763065639,-0.152464202504322),
 .UNSPECIFIED.)
CURVE()
GEOMETRIC_REPRESENTATION_ITEM()
RATIONAL_B_SPLINE_CURVE((1.01179056362616,1.01110590253454,1.01040369542947))
REPRESENTATION_ITEM('')
);
#68=(
BOUNDED_CURVE()
B_SPLINE_CURVE(2,(#6995,#6996,#6997),.UNSPECIFIED.,.F.,.F.)
B_SPLINE_CURVE_WITH_KNOTS((3,3),(-1.94122569107258,-1.91888691389026),
 .UNSPECIFIED.)
CURVE()
GEOMETRIC_REPRESENTATION_ITEM()
RATIONAL_B_SPLINE_CURVE((1.01045656856964,1.01115881242031,1.01184350933937))
REPRESENTATION_ITEM('')
);
#69=(
BOUNDED_CURVE()
B_SPLINE_CURVE(2,(#7088,#7089,#7090),.UNSPECIFIED.,.F.,.F.)
B_SPLINE_CURVE_WITH_KNOTS((3,3),(-0.174800763065639,-0.152464202504307),
 .UNSPECIFIED.)
CURVE()
GEOMETRIC_REPRESENTATION_ITEM()
RATIONAL_B_SPLINE_CURVE((1.01179056362616,1.01110590253454,1.01040369542947))
REPRESENTATION_ITEM('')
);
#70=CONICAL_SURFACE('',#3889,6.25,0.785398163397437);
#71=CONICAL_SURFACE('',#3901,14.85,0.785398163397437);
#72=CONICAL_SURFACE('',#3919,14.85,0.785398163397456);
#73=CONICAL_SURFACE('',#3927,6.25,0.785398163397452);
#74=CONICAL_SURFACE('',#3930,6.25,0.785398163397447);
#75=CONICAL_SURFACE('',#3932,6.25,0.785398163397447);
#76=CONICAL_SURFACE('',#3947,14.85,0.785398163397518);
#77=CONICAL_SURFACE('',#3953,14.85,0.785398163397345);
#78=CONICAL_SURFACE('',#3980,14.85,0.785398163397518);
#79=CONICAL_SURFACE('',#3983,14.85,0.785398163397345);
#80=CONICAL_SURFACE('',#4079,2.25,1.03037682652431);
#81=CONICAL_SURFACE('',#4084,2.25,1.03037682652431);
#82=CONICAL_SURFACE('',#4108,1.25,1.02974425867665);
#83=CONICAL_SURFACE('',#4110,2.75,0.785398163397448);
#84=CONICAL_SURFACE('',#4139,1.25,1.02974425867665);
#85=CONICAL_SURFACE('',#4141,2.75,0.785398163397448);
#86=ELLIPSE('',#3887,8.62670273047588,6.1);
#87=ELLIPSE('',#3890,7.76668726504797,6.5309794795756);
#88=ELLIPSE('',#3892,7.76668726504797,6.53097947957553);
#89=ELLIPSE('',#3895,8.62670273047588,6.1);
#90=ELLIPSE('',#3897,8.62670273047588,6.1);
#91=ELLIPSE('',#3900,19.8017912938434,16.6512553145963);
#92=ELLIPSE('',#3903,19.8017912938435,16.6512553145952);
#93=ELLIPSE('',#3906,21.2132034355964,15.);
#94=ELLIPSE('',#3908,21.2132034355964,15.);
#95=ELLIPSE('',#3910,25.5316173766296,12.0080143854665);
#96=ELLIPSE('',#3911,25.5316173788883,12.0080143870521);
#97=ELLIPSE('',#3938,21.2132034355964,15.);
#98=ELLIPSE('',#3943,21.2132034355964,15.);
#99=ELLIPSE('',#3946,20.4230106738539,9.83024134681257);
#100=ELLIPSE('',#3950,25.5316173741655,12.0080143838578);
#101=ELLIPSE('',#3952,25.5316173749857,12.008014384411);
#102=ELLIPSE('',#3979,20.4222820213546,9.82984885574363);
#103=FACE_BOUND('',#502,.T.);
#104=FACE_BOUND('',#503,.T.);
#105=FACE_BOUND('',#504,.T.);
#106=FACE_BOUND('',#505,.T.);
#107=FACE_BOUND('',#506,.T.);
#108=FACE_BOUND('',#507,.T.);
#109=FACE_BOUND('',#508,.T.);
#110=FACE_BOUND('',#531,.T.);
#111=FACE_BOUND('',#532,.T.);
#112=FACE_BOUND('',#554,.T.);
#113=FACE_BOUND('',#558,.T.);
#114=FACE_BOUND('',#569,.T.);
#115=FACE_BOUND('',#575,.T.);
#116=FACE_BOUND('',#583,.T.);
#117=FACE_BOUND('',#586,.T.);
#118=FACE_BOUND('',#597,.T.);
#119=FACE_BOUND('',#603,.T.);
#120=FACE_BOUND('',#607,.T.);
#121=FACE_BOUND('',#608,.T.);
#122=FACE_BOUND('',#677,.T.);
#123=FACE_BOUND('',#678,.T.);
#124=FACE_BOUND('',#679,.T.);
#125=FACE_BOUND('',#683,.T.);
#126=FACE_BOUND('',#684,.T.);
#127=FACE_BOUND('',#685,.T.);
#128=FACE_BOUND('',#686,.T.);
#129=FACE_BOUND('',#698,.T.);
#130=FACE_BOUND('',#700,.T.);
#131=FACE_BOUND('',#703,.T.);
#132=FACE_BOUND('',#705,.T.);
#133=FACE_BOUND('',#718,.T.);
#134=FACE_BOUND('',#723,.T.);
#135=FACE_BOUND('',#725,.T.);
#136=FACE_BOUND('',#728,.T.);
#137=FACE_BOUND('',#730,.T.);
#138=FACE_BOUND('',#742,.T.);
#139=FACE_BOUND('',#743,.T.);
#140=FACE_BOUND('',#744,.T.);
#141=PLANE('',#3851);
#142=PLANE('',#3852);
#143=PLANE('',#3863);
#144=PLANE('',#3864);
#145=PLANE('',#3865);
#146=PLANE('',#3866);
#147=PLANE('',#3867);
#148=PLANE('',#3868);
#149=PLANE('',#3869);
#150=PLANE('',#3872);
#151=PLANE('',#3875);
#152=PLANE('',#3877);
#153=PLANE('',#3883);
#154=PLANE('',#3898);
#155=PLANE('',#3899);
#156=PLANE('',#3913);
#157=PLANE('',#3914);
#158=PLANE('',#3915);
#159=PLANE('',#3916);
#160=PLANE('',#3917);
#161=PLANE('',#3918);
#162=PLANE('',#3922);
#163=PLANE('',#3923);
#164=PLANE('',#3925);
#165=PLANE('',#3926);
#166=PLANE('',#3928);
#167=PLANE('',#3929);
#168=PLANE('',#3933);
#169=PLANE('',#3937);
#170=PLANE('',#3939);
#171=PLANE('',#3941);
#172=PLANE('',#3942);
#173=PLANE('',#3944);
#174=PLANE('',#3956);
#175=PLANE('',#3957);
#176=PLANE('',#3958);
#177=PLANE('',#3959);
#178=PLANE('',#3962);
#179=PLANE('',#3963);
#180=PLANE('',#3964);
#181=PLANE('',#3965);
#182=PLANE('',#3970);
#183=PLANE('',#3971);
#184=PLANE('',#3972);
#185=PLANE('',#3974);
#186=PLANE('',#3976);
#187=PLANE('',#3977);
#188=PLANE('',#3985);
#189=PLANE('',#3986);
#190=PLANE('',#3987);
#191=PLANE('',#3988);
#192=PLANE('',#3991);
#193=PLANE('',#3992);
#194=PLANE('',#3993);
#195=PLANE('',#3994);
#196=PLANE('',#3997);
#197=PLANE('',#3999);
#198=PLANE('',#4000);
#199=PLANE('',#4001);
#200=PLANE('',#4002);
#201=PLANE('',#4003);
#202=PLANE('',#4004);
#203=PLANE('',#4005);
#204=PLANE('',#4006);
#205=PLANE('',#4007);
#206=PLANE('',#4008);
#207=PLANE('',#4009);
#208=PLANE('',#4010);
#209=PLANE('',#4011);
#210=PLANE('',#4012);
#211=PLANE('',#4013);
#212=PLANE('',#4014);
#213=PLANE('',#4015);
#214=PLANE('',#4016);
#215=PLANE('',#4017);
#216=PLANE('',#4018);
#217=PLANE('',#4019);
#218=PLANE('',#4020);
#219=PLANE('',#4021);
#220=PLANE('',#4022);
#221=PLANE('',#4023);
#222=PLANE('',#4024);
#223=PLANE('',#4025);
#224=PLANE('',#4026);
#225=PLANE('',#4027);
#226=PLANE('',#4028);
#227=PLANE('',#4029);
#228=PLANE('',#4030);
#229=PLANE('',#4031);
#230=PLANE('',#4032);
#231=PLANE('',#4033);
#232=PLANE('',#4034);
#233=PLANE('',#4035);
#234=PLANE('',#4036);
#235=PLANE('',#4037);
#236=PLANE('',#4038);
#237=PLANE('',#4039);
#238=PLANE('',#4040);
#239=PLANE('',#4041);
#240=PLANE('',#4042);
#241=PLANE('',#4043);
#242=PLANE('',#4044);
#243=PLANE('',#4045);
#244=PLANE('',#4046);
#245=PLANE('',#4047);
#246=PLANE('',#4048);
#247=PLANE('',#4049);
#248=PLANE('',#4050);
#249=PLANE('',#4051);
#250=PLANE('',#4052);
#251=PLANE('',#4053);
#252=PLANE('',#4054);
#253=PLANE('',#4055);
#254=PLANE('',#4056);
#255=PLANE('',#4057);
#256=PLANE('',#4058);
#257=PLANE('',#4059);
#258=PLANE('',#4060);
#259=PLANE('',#4061);
#260=PLANE('',#4065);
#261=PLANE('',#4066);
#262=PLANE('',#4067);
#263=PLANE('',#4068);
#264=PLANE('',#4072);
#265=PLANE('',#4073);
#266=PLANE('',#4074);
#267=PLANE('',#4077);
#268=PLANE('',#4078);
#269=PLANE('',#4091);
#270=PLANE('',#4094);
#271=PLANE('',#4095);
#272=PLANE('',#4097);
#273=PLANE('',#4099);
#274=PLANE('',#4100);
#275=PLANE('',#4102);
#276=PLANE('',#4104);
#277=PLANE('',#4114);
#278=PLANE('',#4117);
#279=PLANE('',#4120);
#280=PLANE('',#4121);
#281=PLANE('',#4124);
#282=PLANE('',#4125);
#283=PLANE('',#4127);
#284=PLANE('',#4129);
#285=PLANE('',#4130);
#286=PLANE('',#4132);
#287=PLANE('',#4134);
#288=PLANE('',#4147);
#289=PLANE('',#4150);
#290=PLANE('',#4151);
#291=FACE_OUTER_BOUND('',#499,.T.);
#292=FACE_OUTER_BOUND('',#500,.T.);
#293=FACE_OUTER_BOUND('',#501,.T.);
#294=FACE_OUTER_BOUND('',#509,.T.);
#295=FACE_OUTER_BOUND('',#510,.T.);
#296=FACE_OUTER_BOUND('',#511,.T.);
#297=FACE_OUTER_BOUND('',#512,.T.);
#298=FACE_OUTER_BOUND('',#513,.T.);
#299=FACE_OUTER_BOUND('',#514,.T.);
#300=FACE_OUTER_BOUND('',#515,.T.);
#301=FACE_OUTER_BOUND('',#516,.T.);
#302=FACE_OUTER_BOUND('',#517,.T.);
#303=FACE_OUTER_BOUND('',#518,.T.);
#304=FACE_OUTER_BOUND('',#519,.T.);
#305=FACE_OUTER_BOUND('',#520,.T.);
#306=FACE_OUTER_BOUND('',#521,.T.);
#307=FACE_OUTER_BOUND('',#522,.T.);
#308=FACE_OUTER_BOUND('',#523,.T.);
#309=FACE_OUTER_BOUND('',#524,.T.);
#310=FACE_OUTER_BOUND('',#525,.T.);
#311=FACE_OUTER_BOUND('',#526,.T.);
#312=FACE_OUTER_BOUND('',#527,.T.);
#313=FACE_OUTER_BOUND('',#528,.T.);
#314=FACE_OUTER_BOUND('',#529,.T.);
#315=FACE_OUTER_BOUND('',#530,.T.);
#316=FACE_OUTER_BOUND('',#533,.T.);
#317=FACE_OUTER_BOUND('',#534,.T.);
#318=FACE_OUTER_BOUND('',#535,.T.);
#319=FACE_OUTER_BOUND('',#536,.T.);
#320=FACE_OUTER_BOUND('',#537,.T.);
#321=FACE_OUTER_BOUND('',#538,.T.);
#322=FACE_OUTER_BOUND('',#539,.T.);
#323=FACE_OUTER_BOUND('',#540,.T.);
#324=FACE_OUTER_BOUND('',#541,.T.);
#325=FACE_OUTER_BOUND('',#542,.T.);
#326=FACE_OUTER_BOUND('',#543,.T.);
#327=FACE_OUTER_BOUND('',#544,.T.);
#328=FACE_OUTER_BOUND('',#545,.T.);
#329=FACE_OUTER_BOUND('',#546,.T.);
#330=FACE_OUTER_BOUND('',#547,.T.);
#331=FACE_OUTER_BOUND('',#548,.T.);
#332=FACE_OUTER_BOUND('',#549,.T.);
#333=FACE_OUTER_BOUND('',#550,.T.);
#334=FACE_OUTER_BOUND('',#551,.T.);
#335=FACE_OUTER_BOUND('',#552,.T.);
#336=FACE_OUTER_BOUND('',#553,.T.);
#337=FACE_OUTER_BOUND('',#555,.T.);
#338=FACE_OUTER_BOUND('',#556,.T.);
#339=FACE_OUTER_BOUND('',#557,.T.);
#340=FACE_OUTER_BOUND('',#559,.T.);
#341=FACE_OUTER_BOUND('',#560,.T.);
#342=FACE_OUTER_BOUND('',#561,.T.);
#343=FACE_OUTER_BOUND('',#562,.T.);
#344=FACE_OUTER_BOUND('',#563,.T.);
#345=FACE_OUTER_BOUND('',#564,.T.);
#346=FACE_OUTER_BOUND('',#565,.T.);
#347=FACE_OUTER_BOUND('',#566,.T.);
#348=FACE_OUTER_BOUND('',#567,.T.);
#349=FACE_OUTER_BOUND('',#568,.T.);
#350=FACE_OUTER_BOUND('',#570,.T.);
#351=FACE_OUTER_BOUND('',#571,.T.);
#352=FACE_OUTER_BOUND('',#572,.T.);
#353=FACE_OUTER_BOUND('',#573,.T.);
#354=FACE_OUTER_BOUND('',#574,.T.);
#355=FACE_OUTER_BOUND('',#576,.T.);
#356=FACE_OUTER_BOUND('',#577,.T.);
#357=FACE_OUTER_BOUND('',#578,.T.);
#358=FACE_OUTER_BOUND('',#579,.T.);
#359=FACE_OUTER_BOUND('',#580,.T.);
#360=FACE_OUTER_BOUND('',#581,.T.);
#361=FACE_OUTER_BOUND('',#582,.T.);
#362=FACE_OUTER_BOUND('',#584,.T.);
#363=FACE_OUTER_BOUND('',#585,.T.);
#364=FACE_OUTER_BOUND('',#587,.T.);
#365=FACE_OUTER_BOUND('',#588,.T.);
#366=FACE_OUTER_BOUND('',#589,.T.);
#367=FACE_OUTER_BOUND('',#590,.T.);
#368=FACE_OUTER_BOUND('',#591,.T.);
#369=FACE_OUTER_BOUND('',#592,.T.);
#370=FACE_OUTER_BOUND('',#593,.T.);
#371=FACE_OUTER_BOUND('',#594,.T.);
#372=FACE_OUTER_BOUND('',#595,.T.);
#373=FACE_OUTER_BOUND('',#596,.T.);
#374=FACE_OUTER_BOUND('',#598,.T.);
#375=FACE_OUTER_BOUND('',#599,.T.);
#376=FACE_OUTER_BOUND('',#600,.T.);
#377=FACE_OUTER_BOUND('',#601,.T.);
#378=FACE_OUTER_BOUND('',#602,.T.);
#379=FACE_OUTER_BOUND('',#604,.T.);
#380=FACE_OUTER_BOUND('',#605,.T.);
#381=FACE_OUTER_BOUND('',#606,.T.);
#382=FACE_OUTER_BOUND('',#609,.T.);
#383=FACE_OUTER_BOUND('',#610,.T.);
#384=FACE_OUTER_BOUND('',#611,.T.);
#385=FACE_OUTER_BOUND('',#612,.T.);
#386=FACE_OUTER_BOUND('',#613,.T.);
#387=FACE_OUTER_BOUND('',#614,.T.);
#388=FACE_OUTER_BOUND('',#615,.T.);
#389=FACE_OUTER_BOUND('',#616,.T.);
#390=FACE_OUTER_BOUND('',#617,.T.);
#391=FACE_OUTER_BOUND('',#618,.T.);
#392=FACE_OUTER_BOUND('',#619,.T.);
#393=FACE_OUTER_BOUND('',#620,.T.);
#394=FACE_OUTER_BOUND('',#621,.T.);
#395=FACE_OUTER_BOUND('',#622,.T.);
#396=FACE_OUTER_BOUND('',#623,.T.);
#397=FACE_OUTER_BOUND('',#624,.T.);
#398=FACE_OUTER_BOUND('',#625,.T.);
#399=FACE_OUTER_BOUND('',#626,.T.);
#400=FACE_OUTER_BOUND('',#627,.T.);
#401=FACE_OUTER_BOUND('',#628,.T.);
#402=FACE_OUTER_BOUND('',#629,.T.);
#403=FACE_OUTER_BOUND('',#630,.T.);
#404=FACE_OUTER_BOUND('',#631,.T.);
#405=FACE_OUTER_BOUND('',#632,.T.);
#406=FACE_OUTER_BOUND('',#633,.T.);
#407=FACE_OUTER_BOUND('',#634,.T.);
#408=FACE_OUTER_BOUND('',#635,.T.);
#409=FACE_OUTER_BOUND('',#636,.T.);
#410=FACE_OUTER_BOUND('',#637,.T.);
#411=FACE_OUTER_BOUND('',#638,.T.);
#412=FACE_OUTER_BOUND('',#639,.T.);
#413=FACE_OUTER_BOUND('',#640,.T.);
#414=FACE_OUTER_BOUND('',#641,.T.);
#415=FACE_OUTER_BOUND('',#642,.T.);
#416=FACE_OUTER_BOUND('',#643,.T.);
#417=FACE_OUTER_BOUND('',#644,.T.);
#418=FACE_OUTER_BOUND('',#645,.T.);
#419=FACE_OUTER_BOUND('',#646,.T.);
#420=FACE_OUTER_BOUND('',#647,.T.);
#421=FACE_OUTER_BOUND('',#648,.T.);
#422=FACE_OUTER_BOUND('',#649,.T.);
#423=FACE_OUTER_BOUND('',#650,.T.);
#424=FACE_OUTER_BOUND('',#651,.T.);
#425=FACE_OUTER_BOUND('',#652,.T.);
#426=FACE_OUTER_BOUND('',#653,.T.);
#427=FACE_OUTER_BOUND('',#654,.T.);
#428=FACE_OUTER_BOUND('',#655,.T.);
#429=FACE_OUTER_BOUND('',#656,.T.);
#430=FACE_OUTER_BOUND('',#657,.T.);
#431=FACE_OUTER_BOUND('',#658,.T.);
#432=FACE_OUTER_BOUND('',#659,.T.);
#433=FACE_OUTER_BOUND('',#660,.T.);
#434=FACE_OUTER_BOUND('',#661,.T.);
#435=FACE_OUTER_BOUND('',#662,.T.);
#436=FACE_OUTER_BOUND('',#663,.T.);
#437=FACE_OUTER_BOUND('',#664,.T.);
#438=FACE_OUTER_BOUND('',#665,.T.);
#439=FACE_OUTER_BOUND('',#666,.T.);
#440=FACE_OUTER_BOUND('',#667,.T.);
#441=FACE_OUTER_BOUND('',#668,.T.);
#442=FACE_OUTER_BOUND('',#669,.T.);
#443=FACE_OUTER_BOUND('',#670,.T.);
#444=FACE_OUTER_BOUND('',#671,.T.);
#445=FACE_OUTER_BOUND('',#672,.T.);
#446=FACE_OUTER_BOUND('',#673,.T.);
#447=FACE_OUTER_BOUND('',#674,.T.);
#448=FACE_OUTER_BOUND('',#675,.T.);
#449=FACE_OUTER_BOUND('',#676,.T.);
#450=FACE_OUTER_BOUND('',#680,.T.);
#451=FACE_OUTER_BOUND('',#681,.T.);
#452=FACE_OUTER_BOUND('',#682,.T.);
#453=FACE_OUTER_BOUND('',#687,.T.);
#454=FACE_OUTER_BOUND('',#688,.T.);
#455=FACE_OUTER_BOUND('',#689,.T.);
#456=FACE_OUTER_BOUND('',#690,.T.);
#457=FACE_OUTER_BOUND('',#691,.T.);
#458=FACE_OUTER_BOUND('',#692,.T.);
#459=FACE_OUTER_BOUND('',#693,.T.);
#460=FACE_OUTER_BOUND('',#694,.T.);
#461=FACE_OUTER_BOUND('',#695,.T.);
#462=FACE_OUTER_BOUND('',#696,.T.);
#463=FACE_OUTER_BOUND('',#697,.T.);
#464=FACE_OUTER_BOUND('',#699,.T.);
#465=FACE_OUTER_BOUND('',#701,.T.);
#466=FACE_OUTER_BOUND('',#702,.T.);
#467=FACE_OUTER_BOUND('',#704,.T.);
#468=FACE_OUTER_BOUND('',#706,.T.);
#469=FACE_OUTER_BOUND('',#707,.T.);
#470=FACE_OUTER_BOUND('',#708,.T.);
#471=FACE_OUTER_BOUND('',#709,.T.);
#472=FACE_OUTER_BOUND('',#710,.T.);
#473=FACE_OUTER_BOUND('',#711,.T.);
#474=FACE_OUTER_BOUND('',#712,.T.);
#475=FACE_OUTER_BOUND('',#713,.T.);
#476=FACE_OUTER_BOUND('',#714,.T.);
#477=FACE_OUTER_BOUND('',#715,.T.);
#478=FACE_OUTER_BOUND('',#716,.T.);
#479=FACE_OUTER_BOUND('',#717,.T.);
#480=FACE_OUTER_BOUND('',#719,.T.);
#481=FACE_OUTER_BOUND('',#720,.T.);
#482=FACE_OUTER_BOUND('',#721,.T.);
#483=FACE_OUTER_BOUND('',#722,.T.);
#484=FACE_OUTER_BOUND('',#724,.T.);
#485=FACE_OUTER_BOUND('',#726,.T.);
#486=FACE_OUTER_BOUND('',#727,.T.);
#487=FACE_OUTER_BOUND('',#729,.T.);
#488=FACE_OUTER_BOUND('',#731,.T.);
#489=FACE_OUTER_BOUND('',#732,.T.);
#490=FACE_OUTER_BOUND('',#733,.T.);
#491=FACE_OUTER_BOUND('',#734,.T.);
#492=FACE_OUTER_BOUND('',#735,.T.);
#493=FACE_OUTER_BOUND('',#736,.T.);
#494=FACE_OUTER_BOUND('',#737,.T.);
#495=FACE_OUTER_BOUND('',#738,.T.);
#496=FACE_OUTER_BOUND('',#739,.T.);
#497=FACE_OUTER_BOUND('',#740,.T.);
#498=FACE_OUTER_BOUND('',#741,.T.);
#499=EDGE_LOOP('',(#2512,#2513,#2514,#2515));
#500=EDGE_LOOP('',(#2516,#2517,#2518,#2519));
#501=EDGE_LOOP('',(#2520,#2521,#2522,#2523));
#502=EDGE_LOOP('',(#2524,#2525,#2526,#2527,#2528));
#503=EDGE_LOOP('',(#2529,#2530,#2531,#2532));
#504=EDGE_LOOP('',(#2533,#2534,#2535,#2536));
#505=EDGE_LOOP('',(#2537));
#506=EDGE_LOOP('',(#2538,#2539,#2540,#2541));
#507=EDGE_LOOP('',(#2542,#2543,#2544,#2545));
#508=EDGE_LOOP('',(#2546,#2547,#2548,#2549,#2550,#2551,#2552,#2553));
#509=EDGE_LOOP('',(#2554,#2555,#2556,#2557));
#510=EDGE_LOOP('',(#2558,#2559,#2560,#2561));
#511=EDGE_LOOP('',(#2562,#2563,#2564,#2565));
#512=EDGE_LOOP('',(#2566,#2567,#2568,#2569));
#513=EDGE_LOOP('',(#2570,#2571,#2572,#2573));
#514=EDGE_LOOP('',(#2574,#2575,#2576,#2577));
#515=EDGE_LOOP('',(#2578,#2579,#2580,#2581));
#516=EDGE_LOOP('',(#2582,#2583,#2584,#2585));
#517=EDGE_LOOP('',(#2586,#2587,#2588,#2589));
#518=EDGE_LOOP('',(#2590,#2591,#2592,#2593));
#519=EDGE_LOOP('',(#2594,#2595,#2596,#2597,#2598));
#520=EDGE_LOOP('',(#2599,#2600,#2601,#2602));
#521=EDGE_LOOP('',(#2603,#2604,#2605,#2606));
#522=EDGE_LOOP('',(#2607,#2608,#2609,#2610));
#523=EDGE_LOOP('',(#2611,#2612,#2613,#2614));
#524=EDGE_LOOP('',(#2615,#2616,#2617,#2618,#2619,#2620,#2621,#2622,#2623,
#2624));
#525=EDGE_LOOP('',(#2625,#2626,#2627,#2628,#2629,#2630));
#526=EDGE_LOOP('',(#2631,#2632,#2633,#2634,#2635,#2636,#2637,#2638,#2639));
#527=EDGE_LOOP('',(#2640,#2641,#2642,#2643,#2644,#2645));
#528=EDGE_LOOP('',(#2646,#2647,#2648,#2649,#2650,#2651));
#529=EDGE_LOOP('',(#2652,#2653,#2654,#2655,#2656,#2657));
#530=EDGE_LOOP('',(#2658,#2659,#2660,#2661,#2662,#2663,#2664,#2665,#2666));
#531=EDGE_LOOP('',(#2667,#2668,#2669,#2670,#2671,#2672));
#532=EDGE_LOOP('',(#2673));
#533=EDGE_LOOP('',(#2674,#2675,#2676,#2677,#2678,#2679));
#534=EDGE_LOOP('',(#2680,#2681,#2682,#2683,#2684,#2685));
#535=EDGE_LOOP('',(#2686,#2687,#2688,#2689));
#536=EDGE_LOOP('',(#2690,#2691,#2692,#2693,#2694,#2695));
#537=EDGE_LOOP('',(#2696,#2697,#2698,#2699,#2700,#2701));
#538=EDGE_LOOP('',(#2702,#2703,#2704,#2705));
#539=EDGE_LOOP('',(#2706,#2707,#2708,#2709,#2710,#2711));
#540=EDGE_LOOP('',(#2712,#2713,#2714,#2715,#2716,#2717));
#541=EDGE_LOOP('',(#2718,#2719,#2720,#2721));
#542=EDGE_LOOP('',(#2722,#2723,#2724,#2725,#2726,#2727));
#543=EDGE_LOOP('',(#2728,#2729,#2730,#2731,#2732));
#544=EDGE_LOOP('',(#2733,#2734,#2735,#2736,#2737,#2738,#2739));
#545=EDGE_LOOP('',(#2740,#2741,#2742,#2743,#2744));
#546=EDGE_LOOP('',(#2745,#2746,#2747,#2748,#2749,#2750));
#547=EDGE_LOOP('',(#2751,#2752,#2753,#2754,#2755));
#548=EDGE_LOOP('',(#2756,#2757,#2758,#2759,#2760));
#549=EDGE_LOOP('',(#2761,#2762,#2763,#2764));
#550=EDGE_LOOP('',(#2765,#2766,#2767,#2768,#2769));
#551=EDGE_LOOP('',(#2770,#2771,#2772,#2773,#2774));
#552=EDGE_LOOP('',(#2775,#2776,#2777,#2778,#2779,#2780));
#553=EDGE_LOOP('',(#2781,#2782,#2783,#2784));
#554=EDGE_LOOP('',(#2785));
#555=EDGE_LOOP('',(#2786,#2787,#2788,#2789,#2790));
#556=EDGE_LOOP('',(#2791,#2792,#2793,#2794,#2795,#2796));
#557=EDGE_LOOP('',(#2797,#2798,#2799,#2800));
#558=EDGE_LOOP('',(#2801));
#559=EDGE_LOOP('',(#2802,#2803,#2804,#2805));
#560=EDGE_LOOP('',(#2806,#2807,#2808,#2809,#2810,#2811));
#561=EDGE_LOOP('',(#2812,#2813,#2814,#2815));
#562=EDGE_LOOP('',(#2816,#2817,#2818,#2819));
#563=EDGE_LOOP('',(#2820,#2821,#2822,#2823));
#564=EDGE_LOOP('',(#2824,#2825,#2826,#2827,#2828,#2829));
#565=EDGE_LOOP('',(#2830,#2831,#2832,#2833,#2834));
#566=EDGE_LOOP('',(#2835,#2836,#2837,#2838,#2839));
#567=EDGE_LOOP('',(#2840,#2841,#2842,#2843));
#568=EDGE_LOOP('',(#2844));
#569=EDGE_LOOP('',(#2845));
#570=EDGE_LOOP('',(#2846,#2847,#2848,#2849));
#571=EDGE_LOOP('',(#2850,#2851,#2852,#2853));
#572=EDGE_LOOP('',(#2854,#2855,#2856,#2857,#2858));
#573=EDGE_LOOP('',(#2859,#2860,#2861,#2862,#2863));
#574=EDGE_LOOP('',(#2864,#2865,#2866,#2867,#2868,#2869));
#575=EDGE_LOOP('',(#2870));
#576=EDGE_LOOP('',(#2871,#2872,#2873,#2874));
#577=EDGE_LOOP('',(#2875,#2876,#2877,#2878,#2879));
#578=EDGE_LOOP('',(#2880,#2881,#2882,#2883,#2884));
#579=EDGE_LOOP('',(#2885,#2886,#2887,#2888));
#580=EDGE_LOOP('',(#2889,#2890,#2891,#2892,#2893,#2894));
#581=EDGE_LOOP('',(#2895,#2896,#2897,#2898,#2899));
#582=EDGE_LOOP('',(#2900,#2901,#2902,#2903));
#583=EDGE_LOOP('',(#2904));
#584=EDGE_LOOP('',(#2905,#2906,#2907,#2908,#2909,#2910));
#585=EDGE_LOOP('',(#2911,#2912,#2913,#2914));
#586=EDGE_LOOP('',(#2915));
#587=EDGE_LOOP('',(#2916,#2917,#2918,#2919));
#588=EDGE_LOOP('',(#2920,#2921,#2922,#2923,#2924,#2925));
#589=EDGE_LOOP('',(#2926,#2927,#2928,#2929));
#590=EDGE_LOOP('',(#2930,#2931,#2932,#2933));
#591=EDGE_LOOP('',(#2934,#2935,#2936,#2937));
#592=EDGE_LOOP('',(#2938,#2939,#2940,#2941,#2942,#2943));
#593=EDGE_LOOP('',(#2944,#2945,#2946,#2947,#2948));
#594=EDGE_LOOP('',(#2949,#2950,#2951,#2952,#2953));
#595=EDGE_LOOP('',(#2954,#2955,#2956,#2957));
#596=EDGE_LOOP('',(#2958));
#597=EDGE_LOOP('',(#2959));
#598=EDGE_LOOP('',(#2960,#2961,#2962,#2963));
#599=EDGE_LOOP('',(#2964,#2965,#2966,#2967));
#600=EDGE_LOOP('',(#2968,#2969,#2970,#2971,#2972));
#601=EDGE_LOOP('',(#2973,#2974,#2975,#2976,#2977));
#602=EDGE_LOOP('',(#2978,#2979,#2980,#2981,#2982,#2983));
#603=EDGE_LOOP('',(#2984));
#604=EDGE_LOOP('',(#2985,#2986,#2987,#2988));
#605=EDGE_LOOP('',(#2989,#2990,#2991,#2992,#2993,#2994,#2995,#2996));
#606=EDGE_LOOP('',(#2997,#2998,#2999,#3000,#3001,#3002,#3003,#3004,#3005));
#607=EDGE_LOOP('',(#3006));
#608=EDGE_LOOP('',(#3007,#3008,#3009,#3010,#3011,#3012));
#609=EDGE_LOOP('',(#3013,#3014,#3015,#3016,#3017));
#610=EDGE_LOOP('',(#3018,#3019,#3020,#3021));
#611=EDGE_LOOP('',(#3022,#3023,#3024,#3025,#3026));
#612=EDGE_LOOP('',(#3027,#3028,#3029,#3030));
#613=EDGE_LOOP('',(#3031,#3032,#3033,#3034));
#614=EDGE_LOOP('',(#3035,#3036,#3037,#3038));
#615=EDGE_LOOP('',(#3039,#3040,#3041,#3042));
#616=EDGE_LOOP('',(#3043,#3044,#3045,#3046));
#617=EDGE_LOOP('',(#3047,#3048,#3049,#3050));
#618=EDGE_LOOP('',(#3051,#3052,#3053,#3054));
#619=EDGE_LOOP('',(#3055,#3056,#3057,#3058));
#620=EDGE_LOOP('',(#3059,#3060,#3061,#3062));
#621=EDGE_LOOP('',(#3063,#3064,#3065,#3066));
#622=EDGE_LOOP('',(#3067,#3068,#3069,#3070));
#623=EDGE_LOOP('',(#3071,#3072,#3073,#3074));
#624=EDGE_LOOP('',(#3075,#3076,#3077,#3078));
#625=EDGE_LOOP('',(#3079,#3080,#3081,#3082));
#626=EDGE_LOOP('',(#3083,#3084,#3085,#3086));
#627=EDGE_LOOP('',(#3087,#3088,#3089,#3090));
#628=EDGE_LOOP('',(#3091,#3092,#3093,#3094));
#629=EDGE_LOOP('',(#3095,#3096,#3097,#3098,#3099,#3100,#3101,#3102,#3103,
#3104,#3105,#3106,#3107,#3108,#3109,#3110,#3111));
#630=EDGE_LOOP('',(#3112,#3113,#3114,#3115));
#631=EDGE_LOOP('',(#3116,#3117,#3118,#3119));
#632=EDGE_LOOP('',(#3120,#3121,#3122,#3123));
#633=EDGE_LOOP('',(#3124,#3125,#3126,#3127));
#634=EDGE_LOOP('',(#3128,#3129,#3130,#3131));
#635=EDGE_LOOP('',(#3132,#3133,#3134,#3135));
#636=EDGE_LOOP('',(#3136,#3137,#3138,#3139));
#637=EDGE_LOOP('',(#3140,#3141,#3142,#3143));
#638=EDGE_LOOP('',(#3144,#3145,#3146,#3147));
#639=EDGE_LOOP('',(#3148,#3149,#3150,#3151));
#640=EDGE_LOOP('',(#3152,#3153,#3154,#3155));
#641=EDGE_LOOP('',(#3156,#3157,#3158,#3159));
#642=EDGE_LOOP('',(#3160,#3161,#3162,#3163));
#643=EDGE_LOOP('',(#3164,#3165,#3166,#3167));
#644=EDGE_LOOP('',(#3168,#3169,#3170,#3171));
#645=EDGE_LOOP('',(#3172,#3173,#3174,#3175));
#646=EDGE_LOOP('',(#3176,#3177,#3178,#3179));
#647=EDGE_LOOP('',(#3180,#3181,#3182,#3183));
#648=EDGE_LOOP('',(#3184,#3185,#3186,#3187));
#649=EDGE_LOOP('',(#3188,#3189,#3190,#3191));
#650=EDGE_LOOP('',(#3192,#3193,#3194,#3195));
#651=EDGE_LOOP('',(#3196,#3197,#3198,#3199));
#652=EDGE_LOOP('',(#3200,#3201,#3202,#3203));
#653=EDGE_LOOP('',(#3204,#3205,#3206,#3207));
#654=EDGE_LOOP('',(#3208,#3209,#3210,#3211));
#655=EDGE_LOOP('',(#3212,#3213,#3214,#3215));
#656=EDGE_LOOP('',(#3216,#3217,#3218,#3219));
#657=EDGE_LOOP('',(#3220,#3221,#3222,#3223));
#658=EDGE_LOOP('',(#3224,#3225,#3226,#3227));
#659=EDGE_LOOP('',(#3228,#3229,#3230,#3231));
#660=EDGE_LOOP('',(#3232,#3233,#3234,#3235));
#661=EDGE_LOOP('',(#3236,#3237,#3238,#3239));
#662=EDGE_LOOP('',(#3240,#3241,#3242,#3243));
#663=EDGE_LOOP('',(#3244,#3245,#3246,#3247));
#664=EDGE_LOOP('',(#3248,#3249,#3250,#3251));
#665=EDGE_LOOP('',(#3252,#3253,#3254,#3255));
#666=EDGE_LOOP('',(#3256,#3257,#3258,#3259));
#667=EDGE_LOOP('',(#3260,#3261,#3262,#3263));
#668=EDGE_LOOP('',(#3264,#3265,#3266,#3267));
#669=EDGE_LOOP('',(#3268,#3269,#3270,#3271));
#670=EDGE_LOOP('',(#3272,#3273,#3274,#3275));
#671=EDGE_LOOP('',(#3276,#3277,#3278,#3279,#3280,#3281,#3282,#3283,#3284,
#3285,#3286,#3287,#3288,#3289,#3290,#3291,#3292,#3293,#3294,#3295,#3296,
#3297,#3298,#3299,#3300,#3301,#3302,#3303,#3304,#3305,#3306,#3307,#3308,
#3309,#3310,#3311,#3312,#3313,#3314,#3315,#3316));
#672=EDGE_LOOP('',(#3317,#3318,#3319,#3320));
#673=EDGE_LOOP('',(#3321));
#674=EDGE_LOOP('',(#3322,#3323,#3324,#3325));
#675=EDGE_LOOP('',(#3326,#3327,#3328,#3329));
#676=EDGE_LOOP('',(#3330,#3331,#3332,#3333,#3334,#3335,#3336,#3337));
#677=EDGE_LOOP('',(#3338));
#678=EDGE_LOOP('',(#3339));
#679=EDGE_LOOP('',(#3340));
#680=EDGE_LOOP('',(#3341,#3342,#3343,#3344));
#681=EDGE_LOOP('',(#3345,#3346,#3347,#3348));
#682=EDGE_LOOP('',(#3349,#3350,#3351,#3352));
#683=EDGE_LOOP('',(#3353,#3354,#3355,#3356,#3357,#3358,#3359,#3360,#3361,
#3362,#3363,#3364,#3365,#3366,#3367,#3368,#3369));
#684=EDGE_LOOP('',(#3370,#3371,#3372,#3373,#3374,#3375,#3376,#3377,#3378,
#3379,#3380,#3381,#3382,#3383,#3384,#3385,#3386,#3387,#3388,#3389,#3390,
#3391,#3392,#3393,#3394,#3395,#3396,#3397,#3398,#3399,#3400,#3401,#3402,
#3403,#3404,#3405,#3406,#3407,#3408,#3409,#3410));
#685=EDGE_LOOP('',(#3411));
#686=EDGE_LOOP('',(#3412));
#687=EDGE_LOOP('',(#3413,#3414,#3415,#3416));
#688=EDGE_LOOP('',(#3417,#3418,#3419,#3420));
#689=EDGE_LOOP('',(#3421,#3422,#3423,#3424,#3425));
#690=EDGE_LOOP('',(#3426,#3427,#3428,#3429));
#691=EDGE_LOOP('',(#3430,#3431,#3432,#3433,#3434));
#692=EDGE_LOOP('',(#3435,#3436,#3437,#3438));
#693=EDGE_LOOP('',(#3439,#3440,#3441,#3442,#3443));
#694=EDGE_LOOP('',(#3444));
#695=EDGE_LOOP('',(#3445,#3446,#3447,#3448,#3449));
#696=EDGE_LOOP('',(#3450));
#697=EDGE_LOOP('',(#3451,#3452,#3453,#3454));
#698=EDGE_LOOP('',(#3455));
#699=EDGE_LOOP('',(#3456,#3457,#3458,#3459));
#700=EDGE_LOOP('',(#3460));
#701=EDGE_LOOP('',(#3461,#3462,#3463,#3464));
#702=EDGE_LOOP('',(#3465,#3466,#3467,#3468));
#703=EDGE_LOOP('',(#3469));
#704=EDGE_LOOP('',(#3470,#3471,#3472,#3473));
#705=EDGE_LOOP('',(#3474));
#706=EDGE_LOOP('',(#3475,#3476,#3477,#3478));
#707=EDGE_LOOP('',(#3479,#3480,#3481,#3482));
#708=EDGE_LOOP('',(#3483,#3484,#3485,#3486));
#709=EDGE_LOOP('',(#3487,#3488,#3489));
#710=EDGE_LOOP('',(#3490,#3491,#3492,#3493));
#711=EDGE_LOOP('',(#3494,#3495,#3496,#3497));
#712=EDGE_LOOP('',(#3498,#3499,#3500,#3501));
#713=EDGE_LOOP('',(#3502));
#714=EDGE_LOOP('',(#3503,#3504,#3505,#3506));
#715=EDGE_LOOP('',(#3507));
#716=EDGE_LOOP('',(#3508,#3509,#3510,#3511));
#717=EDGE_LOOP('',(#3512));
#718=EDGE_LOOP('',(#3513));
#719=EDGE_LOOP('',(#3514));
#720=EDGE_LOOP('',(#3515,#3516,#3517,#3518,#3519,#3520,#3521,#3522,#3523,
#3524));
#721=EDGE_LOOP('',(#3525));
#722=EDGE_LOOP('',(#3526,#3527,#3528,#3529));
#723=EDGE_LOOP('',(#3530));
#724=EDGE_LOOP('',(#3531,#3532,#3533,#3534));
#725=EDGE_LOOP('',(#3535));
#726=EDGE_LOOP('',(#3536,#3537,#3538,#3539));
#727=EDGE_LOOP('',(#3540,#3541,#3542,#3543));
#728=EDGE_LOOP('',(#3544));
#729=EDGE_LOOP('',(#3545,#3546,#3547,#3548));
#730=EDGE_LOOP('',(#3549));
#731=EDGE_LOOP('',(#3550,#3551,#3552,#3553));
#732=EDGE_LOOP('',(#3554,#3555,#3556,#3557));
#733=EDGE_LOOP('',(#3558,#3559,#3560,#3561));
#734=EDGE_LOOP('',(#3562,#3563,#3564));
#735=EDGE_LOOP('',(#3565,#3566,#3567,#3568));
#736=EDGE_LOOP('',(#3569,#3570,#3571,#3572));
#737=EDGE_LOOP('',(#3573,#3574,#3575,#3576));
#738=EDGE_LOOP('',(#3577));
#739=EDGE_LOOP('',(#3578,#3579,#3580,#3581));
#740=EDGE_LOOP('',(#3582));
#741=EDGE_LOOP('',(#3583,#3584,#3585,#3586,#3587,#3588,#3589,#3590));
#742=EDGE_LOOP('',(#3591));
#743=EDGE_LOOP('',(#3592));
#744=EDGE_LOOP('',(#3593));
#745=CIRCLE('',#3849,6.1);
#746=CIRCLE('',#3850,6.1);
#747=CIRCLE('',#3853,15.);
#748=CIRCLE('',#3854,15.);
#749=CIRCLE('',#3855,6.4);
#750=CIRCLE('',#3856,11.1);
#751=CIRCLE('',#3857,15.);
#752=CIRCLE('',#3858,6.1);
#753=CIRCLE('',#3859,6.1);
#754=CIRCLE('',#3860,6.1);
#755=CIRCLE('',#3861,6.1);
#756=CIRCLE('',#3862,15.);
#757=CIRCLE('',#3871,15.);
#758=CIRCLE('',#3874,6.1);
#759=CIRCLE('',#3876,6.1);
#760=CIRCLE('',#3879,15.);
#761=CIRCLE('',#3881,6.4);
#762=CIRCLE('',#3882,6.4);
#763=CIRCLE('',#3885,6.1);
#764=CIRCLE('',#3886,6.1);
#765=CIRCLE('',#3888,6.1);
#766=CIRCLE('',#3891,6.4);
#767=CIRCLE('',#3893,6.1);
#768=CIRCLE('',#3896,6.1);
#769=CIRCLE('',#3902,14.7);
#770=CIRCLE('',#3904,15.);
#771=CIRCLE('',#3907,15.);
#772=CIRCLE('',#3909,15.);
#773=CIRCLE('',#3912,15.);
#774=CIRCLE('',#3920,15.);
#775=CIRCLE('',#3921,14.7);
#776=CIRCLE('',#3924,6.4);
#777=CIRCLE('',#3931,6.4);
#778=CIRCLE('',#3934,15.);
#779=CIRCLE('',#3936,2.75);
#780=CIRCLE('',#3940,1.65);
#781=CIRCLE('',#3945,1.65);
#782=CIRCLE('',#3948,15.);
#783=CIRCLE('',#3949,14.7);
#784=CIRCLE('',#3951,59.7408849134403);
#785=CIRCLE('',#3954,15.);
#786=CIRCLE('',#3955,14.7);
#787=CIRCLE('',#3960,1.65);
#788=CIRCLE('',#3966,1.65);
#789=CIRCLE('',#3969,2.75);
#790=CIRCLE('',#3973,6.09999999999999);
#791=CIRCLE('',#3975,1.65);
#792=CIRCLE('',#3978,1.65);
#793=CIRCLE('',#3981,14.7);
#794=CIRCLE('',#3982,59.7408848923718);
#795=CIRCLE('',#3984,14.7);
#796=CIRCLE('',#3989,1.65);
#797=CIRCLE('',#3995,1.65);
#798=CIRCLE('',#4063,9.);
#799=CIRCLE('',#4064,9.);
#800=CIRCLE('',#4069,2.99999999999999);
#801=CIRCLE('',#4070,2.7);
#802=CIRCLE('',#4071,2.7);
#803=CIRCLE('',#4075,2.);
#804=CIRCLE('',#4076,2.);
#805=CIRCLE('',#4080,2.);
#806=CIRCLE('',#4081,2.5);
#807=CIRCLE('',#4082,2.5);
#808=CIRCLE('',#4085,2.);
#809=CIRCLE('',#4086,2.5);
#810=CIRCLE('',#4087,2.5);
#811=CIRCLE('',#4090,2.5);
#812=CIRCLE('',#4093,2.5);
#813=CIRCLE('',#4096,2.7);
#814=CIRCLE('',#4098,2.7);
#815=CIRCLE('',#4101,2.7);
#816=CIRCLE('',#4103,2.7);
#817=CIRCLE('',#4106,2.7);
#818=CIRCLE('',#4109,2.5);
#819=CIRCLE('',#4111,2.5);
#820=CIRCLE('',#4116,2.7);
#821=CIRCLE('',#4119,11.1);
#822=CIRCLE('',#4123,6.1);
#823=CIRCLE('',#4126,2.7);
#824=CIRCLE('',#4128,2.7);
#825=CIRCLE('',#4131,2.7);
#826=CIRCLE('',#4133,2.7);
#827=CIRCLE('',#4136,2.7);
#828=CIRCLE('',#4138,2.7);
#829=CIRCLE('',#4140,2.5);
#830=CIRCLE('',#4142,2.5);
#831=CIRCLE('',#4143,3.);
#832=CIRCLE('',#4146,2.7);
#833=CIRCLE('',#4149,2.7);
#834=LINE('',#5156,#1224);
#835=LINE('',#5160,#1225);
#836=LINE('',#5165,#1226);
#837=LINE('',#5167,#1227);
#838=LINE('',#5169,#1228);
#839=LINE('',#5170,#1229);
#840=LINE('',#5174,#1230);
#841=LINE('',#5176,#1231);
#842=LINE('',#5178,#1232);
#843=LINE('',#5179,#1233);
#844=LINE('',#5182,#1234);
#845=LINE('',#5188,#1235);
#846=LINE('',#5192,#1236);
#847=LINE('',#5194,#1237);
#848=LINE('',#5196,#1238);
#849=LINE('',#5197,#1239);
#850=LINE('',#5199,#1240);
#851=LINE('',#5201,#1241);
#852=LINE('',#5202,#1242);
#853=LINE('',#5207,#1243);
#854=LINE('',#5209,#1244);
#855=LINE('',#5211,#1245);
#856=LINE('',#5212,#1246);
#857=LINE('',#5215,#1247);
#858=LINE('',#5217,#1248);
#859=LINE('',#5219,#1249);
#860=LINE('',#5220,#1250);
#861=LINE('',#5225,#1251);
#862=LINE('',#5235,#1252);
#863=LINE('',#5239,#1253);
#864=LINE('',#5241,#1254);
#865=LINE('',#5242,#1255);
#866=LINE('',#5245,#1256);
#867=LINE('',#5247,#1257);
#868=LINE('',#5248,#1258);
#869=LINE('',#5251,#1259);
#870=LINE('',#5253,#1260);
#871=LINE('',#5254,#1261);
#872=LINE('',#5257,#1262);
#873=LINE('',#5259,#1263);
#874=LINE('',#5260,#1264);
#875=LINE('',#5263,#1265);
#876=LINE('',#5265,#1266);
#877=LINE('',#5266,#1267);
#878=LINE('',#5269,#1268);
#879=LINE('',#5271,#1269);
#880=LINE('',#5272,#1270);
#881=LINE('',#5275,#1271);
#882=LINE('',#5277,#1272);
#883=LINE('',#5278,#1273);
#884=LINE('',#5281,#1274);
#885=LINE('',#5284,#1275);
#886=LINE('',#5287,#1276);
#887=LINE('',#5288,#1277);
#888=LINE('',#5291,#1278);
#889=LINE('',#5296,#1279);
#890=LINE('',#5299,#1280);
#891=LINE('',#5301,#1281);
#892=LINE('',#5302,#1282);
#893=LINE('',#5306,#1283);
#894=LINE('',#5311,#1284);
#895=LINE('',#5314,#1285);
#896=LINE('',#5317,#1286);
#897=LINE('',#5319,#1287);
#898=LINE('',#5324,#1288);
#899=LINE('',#5328,#1289);
#900=LINE('',#5349,#1290);
#901=LINE('',#5352,#1291);
#902=LINE('',#5354,#1292);
#903=LINE('',#5359,#1293);
#904=LINE('',#5362,#1294);
#905=LINE('',#5364,#1295);
#906=LINE('',#5366,#1296);
#907=LINE('',#5367,#1297);
#908=LINE('',#5370,#1298);
#909=LINE('',#5374,#1299);
#910=LINE('',#5375,#1300);
#911=LINE('',#5392,#1301);
#912=LINE('',#5397,#1302);
#913=LINE('',#5399,#1303);
#914=LINE('',#5402,#1304);
#915=LINE('',#5665,#1305);
#916=LINE('',#5667,#1306);
#917=LINE('',#5669,#1307);
#918=LINE('',#5670,#1308);
#919=LINE('',#5673,#1309);
#920=LINE('',#5674,#1310);
#921=LINE('',#5675,#1311);
#922=LINE('',#5678,#1312);
#923=LINE('',#5679,#1313);
#924=LINE('',#5682,#1314);
#925=LINE('',#5683,#1315);
#926=LINE('',#5686,#1316);
#927=LINE('',#5688,#1317);
#928=LINE('',#5689,#1318);
#929=LINE('',#5714,#1319);
#930=LINE('',#5720,#1320);
#931=LINE('',#5722,#1321);
#932=LINE('',#5723,#1322);
#933=LINE('',#5726,#1323);
#934=LINE('',#5730,#1324);
#935=LINE('',#5732,#1325);
#936=LINE('',#5734,#1326);
#937=LINE('',#5740,#1327);
#938=LINE('',#5742,#1328);
#939=LINE('',#5743,#1329);
#940=LINE('',#5753,#1330);
#941=LINE('',#5754,#1331);
#942=LINE('',#5757,#1332);
#943=LINE('',#5759,#1333);
#944=LINE('',#5770,#1334);
#945=LINE('',#5775,#1335);
#946=LINE('',#5778,#1336);
#947=LINE('',#5781,#1337);
#948=LINE('',#5892,#1338);
#949=LINE('',#6282,#1339);
#950=LINE('',#6284,#1340);
#951=LINE('',#6291,#1341);
#952=LINE('',#6293,#1342);
#953=LINE('',#6294,#1343);
#954=LINE('',#6297,#1344);
#955=LINE('',#6299,#1345);
#956=LINE('',#6358,#1346);
#957=LINE('',#6451,#1347);
#958=LINE('',#6459,#1348);
#959=LINE('',#6461,#1349);
#960=LINE('',#6462,#1350);
#961=LINE('',#6465,#1351);
#962=LINE('',#6466,#1352);
#963=LINE('',#6469,#1353);
#964=LINE('',#6470,#1354);
#965=LINE('',#6475,#1355);
#966=LINE('',#6478,#1356);
#967=LINE('',#6479,#1357);
#968=LINE('',#6482,#1358);
#969=LINE('',#6483,#1359);
#970=LINE('',#6485,#1360);
#971=LINE('',#6490,#1361);
#972=LINE('',#6620,#1362);
#973=LINE('',#6936,#1363);
#974=LINE('',#6938,#1364);
#975=LINE('',#6940,#1365);
#976=LINE('',#6941,#1366);
#977=LINE('',#6944,#1367);
#978=LINE('',#6950,#1368);
#979=LINE('',#6951,#1369);
#980=LINE('',#7001,#1370);
#981=LINE('',#7085,#1371);
#982=LINE('',#7093,#1372);
#983=LINE('',#7095,#1373);
#984=LINE('',#7096,#1374);
#985=LINE('',#7099,#1375);
#986=LINE('',#7100,#1376);
#987=LINE('',#7103,#1377);
#988=LINE('',#7104,#1378);
#989=LINE('',#7109,#1379);
#990=LINE('',#7112,#1380);
#991=LINE('',#7113,#1381);
#992=LINE('',#7116,#1382);
#993=LINE('',#7117,#1383);
#994=LINE('',#7119,#1384);
#995=LINE('',#7124,#1385);
#996=LINE('',#7126,#1386);
#997=LINE('',#7128,#1387);
#998=LINE('',#7132,#1388);
#999=LINE('',#7136,#1389);
#1000=LINE('',#7138,#1390);
#1001=LINE('',#7140,#1391);
#1002=LINE('',#7141,#1392);
#1003=LINE('',#7144,#1393);
#1004=LINE('',#7146,#1394);
#1005=LINE('',#7147,#1395);
#1006=LINE('',#7150,#1396);
#1007=LINE('',#7152,#1397);
#1008=LINE('',#7153,#1398);
#1009=LINE('',#7156,#1399);
#1010=LINE('',#7158,#1400);
#1011=LINE('',#7159,#1401);
#1012=LINE('',#7162,#1402);
#1013=LINE('',#7164,#1403);
#1014=LINE('',#7165,#1404);
#1015=LINE('',#7168,#1405);
#1016=LINE('',#7170,#1406);
#1017=LINE('',#7171,#1407);
#1018=LINE('',#7174,#1408);
#1019=LINE('',#7176,#1409);
#1020=LINE('',#7177,#1410);
#1021=LINE('',#7180,#1411);
#1022=LINE('',#7182,#1412);
#1023=LINE('',#7183,#1413);
#1024=LINE('',#7186,#1414);
#1025=LINE('',#7188,#1415);
#1026=LINE('',#7189,#1416);
#1027=LINE('',#7192,#1417);
#1028=LINE('',#7194,#1418);
#1029=LINE('',#7195,#1419);
#1030=LINE('',#7198,#1420);
#1031=LINE('',#7200,#1421);
#1032=LINE('',#7201,#1422);
#1033=LINE('',#7204,#1423);
#1034=LINE('',#7206,#1424);
#1035=LINE('',#7207,#1425);
#1036=LINE('',#7210,#1426);
#1037=LINE('',#7212,#1427);
#1038=LINE('',#7213,#1428);
#1039=LINE('',#7216,#1429);
#1040=LINE('',#7218,#1430);
#1041=LINE('',#7219,#1431);
#1042=LINE('',#7222,#1432);
#1043=LINE('',#7224,#1433);
#1044=LINE('',#7225,#1434);
#1045=LINE('',#7228,#1435);
#1046=LINE('',#7230,#1436);
#1047=LINE('',#7231,#1437);
#1048=LINE('',#7233,#1438);
#1049=LINE('',#7234,#1439);
#1050=LINE('',#7239,#1440);
#1051=LINE('',#7241,#1441);
#1052=LINE('',#7243,#1442);
#1053=LINE('',#7244,#1443);
#1054=LINE('',#7247,#1444);
#1055=LINE('',#7249,#1445);
#1056=LINE('',#7250,#1446);
#1057=LINE('',#7253,#1447);
#1058=LINE('',#7255,#1448);
#1059=LINE('',#7256,#1449);
#1060=LINE('',#7259,#1450);
#1061=LINE('',#7261,#1451);
#1062=LINE('',#7262,#1452);
#1063=LINE('',#7265,#1453);
#1064=LINE('',#7267,#1454);
#1065=LINE('',#7268,#1455);
#1066=LINE('',#7271,#1456);
#1067=LINE('',#7273,#1457);
#1068=LINE('',#7274,#1458);
#1069=LINE('',#7277,#1459);
#1070=LINE('',#7279,#1460);
#1071=LINE('',#7280,#1461);
#1072=LINE('',#7283,#1462);
#1073=LINE('',#7285,#1463);
#1074=LINE('',#7286,#1464);
#1075=LINE('',#7289,#1465);
#1076=LINE('',#7291,#1466);
#1077=LINE('',#7292,#1467);
#1078=LINE('',#7295,#1468);
#1079=LINE('',#7297,#1469);
#1080=LINE('',#7298,#1470);
#1081=LINE('',#7301,#1471);
#1082=LINE('',#7303,#1472);
#1083=LINE('',#7304,#1473);
#1084=LINE('',#7307,#1474);
#1085=LINE('',#7309,#1475);
#1086=LINE('',#7310,#1476);
#1087=LINE('',#7313,#1477);
#1088=LINE('',#7315,#1478);
#1089=LINE('',#7316,#1479);
#1090=LINE('',#7319,#1480);
#1091=LINE('',#7321,#1481);
#1092=LINE('',#7322,#1482);
#1093=LINE('',#7325,#1483);
#1094=LINE('',#7327,#1484);
#1095=LINE('',#7328,#1485);
#1096=LINE('',#7331,#1486);
#1097=LINE('',#7333,#1487);
#1098=LINE('',#7334,#1488);
#1099=LINE('',#7337,#1489);
#1100=LINE('',#7339,#1490);
#1101=LINE('',#7340,#1491);
#1102=LINE('',#7343,#1492);
#1103=LINE('',#7345,#1493);
#1104=LINE('',#7346,#1494);
#1105=LINE('',#7349,#1495);
#1106=LINE('',#7351,#1496);
#1107=LINE('',#7352,#1497);
#1108=LINE('',#7355,#1498);
#1109=LINE('',#7357,#1499);
#1110=LINE('',#7358,#1500);
#1111=LINE('',#7361,#1501);
#1112=LINE('',#7363,#1502);
#1113=LINE('',#7364,#1503);
#1114=LINE('',#7367,#1504);
#1115=LINE('',#7369,#1505);
#1116=LINE('',#7370,#1506);
#1117=LINE('',#7373,#1507);
#1118=LINE('',#7375,#1508);
#1119=LINE('',#7376,#1509);
#1120=LINE('',#7379,#1510);
#1121=LINE('',#7381,#1511);
#1122=LINE('',#7382,#1512);
#1123=LINE('',#7385,#1513);
#1124=LINE('',#7387,#1514);
#1125=LINE('',#7388,#1515);
#1126=LINE('',#7391,#1516);
#1127=LINE('',#7393,#1517);
#1128=LINE('',#7394,#1518);
#1129=LINE('',#7397,#1519);
#1130=LINE('',#7399,#1520);
#1131=LINE('',#7400,#1521);
#1132=LINE('',#7403,#1522);
#1133=LINE('',#7405,#1523);
#1134=LINE('',#7406,#1524);
#1135=LINE('',#7409,#1525);
#1136=LINE('',#7411,#1526);
#1137=LINE('',#7412,#1527);
#1138=LINE('',#7415,#1528);
#1139=LINE('',#7417,#1529);
#1140=LINE('',#7418,#1530);
#1141=LINE('',#7421,#1531);
#1142=LINE('',#7423,#1532);
#1143=LINE('',#7424,#1533);
#1144=LINE('',#7427,#1534);
#1145=LINE('',#7429,#1535);
#1146=LINE('',#7430,#1536);
#1147=LINE('',#7433,#1537);
#1148=LINE('',#7435,#1538);
#1149=LINE('',#7436,#1539);
#1150=LINE('',#7439,#1540);
#1151=LINE('',#7441,#1541);
#1152=LINE('',#7442,#1542);
#1153=LINE('',#7445,#1543);
#1154=LINE('',#7447,#1544);
#1155=LINE('',#7448,#1545);
#1156=LINE('',#7451,#1546);
#1157=LINE('',#7453,#1547);
#1158=LINE('',#7454,#1548);
#1159=LINE('',#7457,#1549);
#1160=LINE('',#7459,#1550);
#1161=LINE('',#7460,#1551);
#1162=LINE('',#7463,#1552);
#1163=LINE('',#7465,#1553);
#1164=LINE('',#7466,#1554);
#1165=LINE('',#7469,#1555);
#1166=LINE('',#7471,#1556);
#1167=LINE('',#7472,#1557);
#1168=LINE('',#7475,#1558);
#1169=LINE('',#7477,#1559);
#1170=LINE('',#7478,#1560);
#1171=LINE('',#7480,#1561);
#1172=LINE('',#7481,#1562);
#1173=LINE('',#7487,#1563);
#1174=LINE('',#7493,#1564);
#1175=LINE('',#7495,#1565);
#1176=LINE('',#7497,#1566);
#1177=LINE('',#7498,#1567);
#1178=LINE('',#7501,#1568);
#1179=LINE('',#7503,#1569);
#1180=LINE('',#7504,#1570);
#1181=LINE('',#7507,#1571);
#1182=LINE('',#7509,#1572);
#1183=LINE('',#7511,#1573);
#1184=LINE('',#7512,#1574);
#1185=LINE('',#7513,#1575);
#1186=LINE('',#7521,#1576);
#1187=LINE('',#7524,#1577);
#1188=LINE('',#7525,#1578);
#1189=LINE('',#7528,#1579);
#1190=LINE('',#7529,#1580);
#1191=LINE('',#7536,#1581);
#1192=LINE('',#7537,#1582);
#1193=LINE('',#7539,#1583);
#1194=LINE('',#7544,#1584);
#1195=LINE('',#7549,#1585);
#1196=LINE('',#7554,#1586);
#1197=LINE('',#7559,#1587);
#1198=LINE('',#7562,#1588);
#1199=LINE('',#7567,#1589);
#1200=LINE('',#7571,#1590);
#1201=LINE('',#7575,#1591);
#1202=LINE('',#7580,#1592);
#1203=LINE('',#7584,#1593);
#1204=LINE('',#7591,#1594);
#1205=LINE('',#7593,#1595);
#1206=LINE('',#7597,#1596);
#1207=LINE('',#7602,#1597);
#1208=LINE('',#7604,#1598);
#1209=LINE('',#7606,#1599);
#1210=LINE('',#7611,#1600);
#1211=LINE('',#7615,#1601);
#1212=LINE('',#7621,#1602);
#1213=LINE('',#7625,#1603);
#1214=LINE('',#7629,#1604);
#1215=LINE('',#7634,#1605);
#1216=LINE('',#7638,#1606);
#1217=LINE('',#7644,#1607);
#1218=LINE('',#7649,#1608);
#1219=LINE('',#7653,#1609);
#1220=LINE('',#7659,#1610);
#1221=LINE('',#7662,#1611);
#1222=LINE('',#7666,#1612);
#1223=LINE('',#7670,#1613);
#1224=VECTOR('',#4156,6.1);
#1225=VECTOR('',#4159,10.);
#1226=VECTOR('',#4164,10.);
#1227=VECTOR('',#4165,10.);
#1228=VECTOR('',#4166,10.);
#1229=VECTOR('',#4167,10.);
#1230=VECTOR('',#4170,10.);
#1231=VECTOR('',#4171,10.);
#1232=VECTOR('',#4172,10.);
#1233=VECTOR('',#4173,10.);
#1234=VECTOR('',#4174,10.);
#1235=VECTOR('',#4179,10.);
#1236=VECTOR('',#4182,10.);
#1237=VECTOR('',#4183,10.);
#1238=VECTOR('',#4184,10.);
#1239=VECTOR('',#4185,10.);
#1240=VECTOR('',#4186,10.);
#1241=VECTOR('',#4187,10.);
#1242=VECTOR('',#4188,10.);
#1243=VECTOR('',#4191,10.);
#1244=VECTOR('',#4192,10.);
#1245=VECTOR('',#4193,10.);
#1246=VECTOR('',#4194,10.);
#1247=VECTOR('',#4195,10.);
#1248=VECTOR('',#4196,10.);
#1249=VECTOR('',#4197,10.);
#1250=VECTOR('',#4198,10.);
#1251=VECTOR('',#4201,10.);
#1252=VECTOR('',#4210,10.);
#1253=VECTOR('',#4215,10.);
#1254=VECTOR('',#4216,10.);
#1255=VECTOR('',#4217,10.);
#1256=VECTOR('',#4220,10.);
#1257=VECTOR('',#4221,10.);
#1258=VECTOR('',#4222,10.);
#1259=VECTOR('',#4225,10.);
#1260=VECTOR('',#4226,10.);
#1261=VECTOR('',#4227,10.);
#1262=VECTOR('',#4230,10.);
#1263=VECTOR('',#4231,10.);
#1264=VECTOR('',#4232,10.);
#1265=VECTOR('',#4235,10.);
#1266=VECTOR('',#4236,10.);
#1267=VECTOR('',#4237,10.);
#1268=VECTOR('',#4240,10.);
#1269=VECTOR('',#4241,10.);
#1270=VECTOR('',#4242,10.);
#1271=VECTOR('',#4245,10.);
#1272=VECTOR('',#4246,10.);
#1273=VECTOR('',#4247,10.);
#1274=VECTOR('',#4250,10.);
#1275=VECTOR('',#4253,10.);
#1276=VECTOR('',#4256,10.);
#1277=VECTOR('',#4257,10.);
#1278=VECTOR('',#4260,10.);
#1279=VECTOR('',#4267,10.);
#1280=VECTOR('',#4270,10.);
#1281=VECTOR('',#4271,10.);
#1282=VECTOR('',#4272,10.);
#1283=VECTOR('',#4277,10.);
#1284=VECTOR('',#4282,10.);
#1285=VECTOR('',#4287,10.);
#1286=VECTOR('',#4290,10.);
#1287=VECTOR('',#4291,6.1);
#1288=VECTOR('',#4296,10.);
#1289=VECTOR('',#4299,10.);
#1290=VECTOR('',#4314,10.);
#1291=VECTOR('',#4317,10.);
#1292=VECTOR('',#4318,10.);
#1293=VECTOR('',#4323,10.);
#1294=VECTOR('',#4326,10.);
#1295=VECTOR('',#4327,10.);
#1296=VECTOR('',#4328,10.);
#1297=VECTOR('',#4329,9.99999999999999);
#1298=VECTOR('',#4332,10.);
#1299=VECTOR('',#4335,10.);
#1300=VECTOR('',#4336,10.);
#1301=VECTOR('',#4347,10.);
#1302=VECTOR('',#4352,10.);
#1303=VECTOR('',#4353,10.);
#1304=VECTOR('',#4356,10.);
#1305=VECTOR('',#4367,10.);
#1306=VECTOR('',#4368,10.);
#1307=VECTOR('',#4369,10.);
#1308=VECTOR('',#4370,10.);
#1309=VECTOR('',#4373,10.);
#1310=VECTOR('',#4374,10.);
#1311=VECTOR('',#4375,10.);
#1312=VECTOR('',#4378,10.);
#1313=VECTOR('',#4379,10.);
#1314=VECTOR('',#4382,10.);
#1315=VECTOR('',#4383,10.);
#1316=VECTOR('',#4386,9.99999999999999);
#1317=VECTOR('',#4387,10.);
#1318=VECTOR('',#4388,10.);
#1319=VECTOR('',#4399,10.);
#1320=VECTOR('',#4400,10.);
#1321=VECTOR('',#4401,10.);
#1322=VECTOR('',#4402,10.);
#1323=VECTOR('',#4405,10.);
#1324=VECTOR('',#4410,10.);
#1325=VECTOR('',#4411,10.);
#1326=VECTOR('',#4412,9.99999999999999);
#1327=VECTOR('',#4415,10.);
#1328=VECTOR('',#4416,10.);
#1329=VECTOR('',#4417,10.);
#1330=VECTOR('',#4422,10.);
#1331=VECTOR('',#4423,10.);
#1332=VECTOR('',#4426,10.);
#1333=VECTOR('',#4427,10.);
#1334=VECTOR('',#4432,10.);
#1335=VECTOR('',#4435,10.);
#1336=VECTOR('',#4438,10.);
#1337=VECTOR('',#4441,10.);
#1338=VECTOR('',#4442,10.);
#1339=VECTOR('',#4447,2.75);
#1340=VECTOR('',#4450,10.);
#1341=VECTOR('',#4459,10.);
#1342=VECTOR('',#4460,10.);
#1343=VECTOR('',#4461,10.);
#1344=VECTOR('',#4464,10.);
#1345=VECTOR('',#4467,10.);
#1346=VECTOR('',#4480,10.);
#1347=VECTOR('',#4491,10.);
#1348=VECTOR('',#4496,10.);
#1349=VECTOR('',#4497,10.);
#1350=VECTOR('',#4498,10.);
#1351=VECTOR('',#4501,10.);
#1352=VECTOR('',#4502,10.);
#1353=VECTOR('',#4505,10.);
#1354=VECTOR('',#4506,10.);
#1355=VECTOR('',#4513,1.65);
#1356=VECTOR('',#4516,10.);
#1357=VECTOR('',#4517,10.);
#1358=VECTOR('',#4520,10.);
#1359=VECTOR('',#4521,10.);
#1360=VECTOR('',#4524,10.);
#1361=VECTOR('',#4531,1.65);
#1362=VECTOR('',#4532,10.);
#1363=VECTOR('',#4537,2.75);
#1364=VECTOR('',#4540,10.);
#1365=VECTOR('',#4543,10.);
#1366=VECTOR('',#4544,10.);
#1367=VECTOR('',#4547,10.);
#1368=VECTOR('',#4556,10.);
#1369=VECTOR('',#4557,10.);
#1370=VECTOR('',#4568,10.);
#1371=VECTOR('',#4573,10.);
#1372=VECTOR('',#4578,10.);
#1373=VECTOR('',#4579,10.);
#1374=VECTOR('',#4580,10.);
#1375=VECTOR('',#4583,10.);
#1376=VECTOR('',#4584,10.);
#1377=VECTOR('',#4587,10.);
#1378=VECTOR('',#4588,10.);
#1379=VECTOR('',#4595,1.65);
#1380=VECTOR('',#4598,10.);
#1381=VECTOR('',#4599,10.);
#1382=VECTOR('',#4602,10.);
#1383=VECTOR('',#4603,10.);
#1384=VECTOR('',#4606,10.);
#1385=VECTOR('',#4613,1.65);
#1386=VECTOR('',#4616,10.);
#1387=VECTOR('',#4619,10.);
#1388=VECTOR('',#4626,10.);
#1389=VECTOR('',#4629,10.);
#1390=VECTOR('',#4630,10.);
#1391=VECTOR('',#4631,10.);
#1392=VECTOR('',#4632,10.);
#1393=VECTOR('',#4635,10.);
#1394=VECTOR('',#4636,10.);
#1395=VECTOR('',#4637,10.);
#1396=VECTOR('',#4640,10.);
#1397=VECTOR('',#4641,10.);
#1398=VECTOR('',#4642,10.);
#1399=VECTOR('',#4645,10.);
#1400=VECTOR('',#4646,10.);
#1401=VECTOR('',#4647,10.);
#1402=VECTOR('',#4650,10.);
#1403=VECTOR('',#4651,10.);
#1404=VECTOR('',#4652,10.);
#1405=VECTOR('',#4655,10.);
#1406=VECTOR('',#4656,10.);
#1407=VECTOR('',#4657,10.);
#1408=VECTOR('',#4660,10.);
#1409=VECTOR('',#4661,10.);
#1410=VECTOR('',#4662,10.);
#1411=VECTOR('',#4665,10.);
#1412=VECTOR('',#4666,10.);
#1413=VECTOR('',#4667,10.);
#1414=VECTOR('',#4670,10.);
#1415=VECTOR('',#4671,10.);
#1416=VECTOR('',#4672,10.);
#1417=VECTOR('',#4675,10.);
#1418=VECTOR('',#4676,10.);
#1419=VECTOR('',#4677,10.);
#1420=VECTOR('',#4680,10.);
#1421=VECTOR('',#4681,10.);
#1422=VECTOR('',#4682,10.);
#1423=VECTOR('',#4685,10.);
#1424=VECTOR('',#4686,10.);
#1425=VECTOR('',#4687,10.);
#1426=VECTOR('',#4690,10.);
#1427=VECTOR('',#4691,10.);
#1428=VECTOR('',#4692,10.);
#1429=VECTOR('',#4695,10.);
#1430=VECTOR('',#4696,10.);
#1431=VECTOR('',#4697,10.);
#1432=VECTOR('',#4700,10.);
#1433=VECTOR('',#4701,10.);
#1434=VECTOR('',#4702,10.);
#1435=VECTOR('',#4705,10.);
#1436=VECTOR('',#4706,10.);
#1437=VECTOR('',#4707,10.);
#1438=VECTOR('',#4710,10.);
#1439=VECTOR('',#4711,10.);
#1440=VECTOR('',#4716,10.);
#1441=VECTOR('',#4717,10.);
#1442=VECTOR('',#4718,10.);
#1443=VECTOR('',#4719,10.);
#1444=VECTOR('',#4722,10.);
#1445=VECTOR('',#4723,10.);
#1446=VECTOR('',#4724,10.);
#1447=VECTOR('',#4727,10.);
#1448=VECTOR('',#4728,10.);
#1449=VECTOR('',#4729,10.);
#1450=VECTOR('',#4732,10.);
#1451=VECTOR('',#4733,10.);
#1452=VECTOR('',#4734,10.);
#1453=VECTOR('',#4737,9.99999999999999);
#1454=VECTOR('',#4738,10.);
#1455=VECTOR('',#4739,10.);
#1456=VECTOR('',#4742,10.);
#1457=VECTOR('',#4743,10.);
#1458=VECTOR('',#4744,10.);
#1459=VECTOR('',#4747,10.);
#1460=VECTOR('',#4748,10.);
#1461=VECTOR('',#4749,10.);
#1462=VECTOR('',#4752,10.);
#1463=VECTOR('',#4753,10.);
#1464=VECTOR('',#4754,10.);
#1465=VECTOR('',#4757,10.);
#1466=VECTOR('',#4758,10.);
#1467=VECTOR('',#4759,10.);
#1468=VECTOR('',#4762,10.);
#1469=VECTOR('',#4763,10.);
#1470=VECTOR('',#4764,10.);
#1471=VECTOR('',#4767,10.);
#1472=VECTOR('',#4768,10.);
#1473=VECTOR('',#4769,10.);
#1474=VECTOR('',#4772,10.);
#1475=VECTOR('',#4773,10.);
#1476=VECTOR('',#4774,10.);
#1477=VECTOR('',#4777,10.);
#1478=VECTOR('',#4778,10.);
#1479=VECTOR('',#4779,10.);
#1480=VECTOR('',#4782,10.);
#1481=VECTOR('',#4783,10.);
#1482=VECTOR('',#4784,10.);
#1483=VECTOR('',#4787,10.);
#1484=VECTOR('',#4788,10.);
#1485=VECTOR('',#4789,10.);
#1486=VECTOR('',#4792,10.);
#1487=VECTOR('',#4793,10.);
#1488=VECTOR('',#4794,10.);
#1489=VECTOR('',#4797,10.);
#1490=VECTOR('',#4798,10.);
#1491=VECTOR('',#4799,10.);
#1492=VECTOR('',#4802,10.);
#1493=VECTOR('',#4803,10.);
#1494=VECTOR('',#4804,10.);
#1495=VECTOR('',#4807,10.);
#1496=VECTOR('',#4808,10.);
#1497=VECTOR('',#4809,10.);
#1498=VECTOR('',#4812,10.);
#1499=VECTOR('',#4813,10.);
#1500=VECTOR('',#4814,10.);
#1501=VECTOR('',#4817,10.);
#1502=VECTOR('',#4818,10.);
#1503=VECTOR('',#4819,10.);
#1504=VECTOR('',#4822,9.99999999999999);
#1505=VECTOR('',#4823,10.);
#1506=VECTOR('',#4824,9.99999999999999);
#1507=VECTOR('',#4827,10.);
#1508=VECTOR('',#4828,10.);
#1509=VECTOR('',#4829,10.);
#1510=VECTOR('',#4832,10.);
#1511=VECTOR('',#4833,10.);
#1512=VECTOR('',#4834,10.);
#1513=VECTOR('',#4837,10.);
#1514=VECTOR('',#4838,10.);
#1515=VECTOR('',#4839,10.);
#1516=VECTOR('',#4842,10.);
#1517=VECTOR('',#4843,10.);
#1518=VECTOR('',#4844,10.);
#1519=VECTOR('',#4847,10.);
#1520=VECTOR('',#4848,10.);
#1521=VECTOR('',#4849,10.);
#1522=VECTOR('',#4852,10.);
#1523=VECTOR('',#4853,10.);
#1524=VECTOR('',#4854,10.);
#1525=VECTOR('',#4857,10.);
#1526=VECTOR('',#4858,10.);
#1527=VECTOR('',#4859,10.);
#1528=VECTOR('',#4862,10.);
#1529=VECTOR('',#4863,10.);
#1530=VECTOR('',#4864,10.);
#1531=VECTOR('',#4867,10.);
#1532=VECTOR('',#4868,10.);
#1533=VECTOR('',#4869,10.);
#1534=VECTOR('',#4872,10.);
#1535=VECTOR('',#4873,10.);
#1536=VECTOR('',#4874,10.);
#1537=VECTOR('',#4877,10.);
#1538=VECTOR('',#4878,10.);
#1539=VECTOR('',#4879,10.);
#1540=VECTOR('',#4882,10.);
#1541=VECTOR('',#4883,10.);
#1542=VECTOR('',#4884,10.);
#1543=VECTOR('',#4887,10.);
#1544=VECTOR('',#4888,10.);
#1545=VECTOR('',#4889,10.);
#1546=VECTOR('',#4892,10.);
#1547=VECTOR('',#4893,10.);
#1548=VECTOR('',#4894,10.);
#1549=VECTOR('',#4897,10.);
#1550=VECTOR('',#4898,10.);
#1551=VECTOR('',#4899,10.);
#1552=VECTOR('',#4902,10.);
#1553=VECTOR('',#4903,10.);
#1554=VECTOR('',#4904,10.);
#1555=VECTOR('',#4907,10.);
#1556=VECTOR('',#4908,10.);
#1557=VECTOR('',#4909,10.);
#1558=VECTOR('',#4912,10.);
#1559=VECTOR('',#4913,10.);
#1560=VECTOR('',#4914,10.);
#1561=VECTOR('',#4917,10.);
#1562=VECTOR('',#4918,9.99999999999999);
#1563=VECTOR('',#4925,9.);
#1564=VECTOR('',#4932,10.);
#1565=VECTOR('',#4933,10.);
#1566=VECTOR('',#4934,10.);
#1567=VECTOR('',#4935,10.);
#1568=VECTOR('',#4938,10.);
#1569=VECTOR('',#4939,10.);
#1570=VECTOR('',#4940,10.);
#1571=VECTOR('',#4943,10.);
#1572=VECTOR('',#4944,10.);
#1573=VECTOR('',#4945,10.);
#1574=VECTOR('',#4946,10.);
#1575=VECTOR('',#4947,10.);
#1576=VECTOR('',#4956,10.);
#1577=VECTOR('',#4959,10.);
#1578=VECTOR('',#4960,10.);
#1579=VECTOR('',#4963,10.);
#1580=VECTOR('',#4964,10.);
#1581=VECTOR('',#4971,10.);
#1582=VECTOR('',#4972,10.);
#1583=VECTOR('',#4975,10.);
#1584=VECTOR('',#4980,2.25);
#1585=VECTOR('',#4987,2.);
#1586=VECTOR('',#4992,2.25);
#1587=VECTOR('',#4999,2.);
#1588=VECTOR('',#5002,2.5);
#1589=VECTOR('',#5009,2.5);
#1590=VECTOR('',#5016,10.);
#1591=VECTOR('',#5021,10.);
#1592=VECTOR('',#5028,10.);
#1593=VECTOR('',#5033,10.);
#1594=VECTOR('',#5042,2.7);
#1595=VECTOR('',#5045,2.7);
#1596=VECTOR('',#5048,1.25);
#1597=VECTOR('',#5055,2.75);
#1598=VECTOR('',#5058,2.5);
#1599=VECTOR('',#5061,2.7);
#1600=VECTOR('',#5068,2.7);
#1601=VECTOR('',#5073,11.);
#1602=VECTOR('',#5082,6.1);
#1603=VECTOR('',#5089,10.);
#1604=VECTOR('',#5094,10.);
#1605=VECTOR('',#5101,10.);
#1606=VECTOR('',#5106,10.);
#1607=VECTOR('',#5113,2.7);
#1608=VECTOR('',#5120,2.7);
#1609=VECTOR('',#5123,1.25);
#1610=VECTOR('',#5130,2.75);
#1611=VECTOR('',#5135,2.5);
#1612=VECTOR('',#5140,2.7);
#1613=VECTOR('',#5145,2.7);
#1614=VERTEX_POINT('',#5154);
#1615=VERTEX_POINT('',#5155);
#1616=VERTEX_POINT('',#5157);
#1617=VERTEX_POINT('',#5159);
#1618=VERTEX_POINT('',#5163);
#1619=VERTEX_POINT('',#5164);
#1620=VERTEX_POINT('',#5166);
#1621=VERTEX_POINT('',#5168);
#1622=VERTEX_POINT('',#5172);
#1623=VERTEX_POINT('',#5173);
#1624=VERTEX_POINT('',#5175);
#1625=VERTEX_POINT('',#5177);
#1626=VERTEX_POINT('',#5180);
#1627=VERTEX_POINT('',#5181);
#1628=VERTEX_POINT('',#5183);
#1629=VERTEX_POINT('',#5185);
#1630=VERTEX_POINT('',#5187);
#1631=VERTEX_POINT('',#5190);
#1632=VERTEX_POINT('',#5191);
#1633=VERTEX_POINT('',#5193);
#1634=VERTEX_POINT('',#5195);
#1635=VERTEX_POINT('',#5198);
#1636=VERTEX_POINT('',#5200);
#1637=VERTEX_POINT('',#5203);
#1638=VERTEX_POINT('',#5205);
#1639=VERTEX_POINT('',#5206);
#1640=VERTEX_POINT('',#5208);
#1641=VERTEX_POINT('',#5210);
#1642=VERTEX_POINT('',#5213);
#1643=VERTEX_POINT('',#5214);
#1644=VERTEX_POINT('',#5216);
#1645=VERTEX_POINT('',#5218);
#1646=VERTEX_POINT('',#5221);
#1647=VERTEX_POINT('',#5222);
#1648=VERTEX_POINT('',#5224);
#1649=VERTEX_POINT('',#5226);
#1650=VERTEX_POINT('',#5228);
#1651=VERTEX_POINT('',#5230);
#1652=VERTEX_POINT('',#5232);
#1653=VERTEX_POINT('',#5234);
#1654=VERTEX_POINT('',#5238);
#1655=VERTEX_POINT('',#5240);
#1656=VERTEX_POINT('',#5244);
#1657=VERTEX_POINT('',#5246);
#1658=VERTEX_POINT('',#5250);
#1659=VERTEX_POINT('',#5252);
#1660=VERTEX_POINT('',#5256);
#1661=VERTEX_POINT('',#5258);
#1662=VERTEX_POINT('',#5262);
#1663=VERTEX_POINT('',#5264);
#1664=VERTEX_POINT('',#5268);
#1665=VERTEX_POINT('',#5270);
#1666=VERTEX_POINT('',#5274);
#1667=VERTEX_POINT('',#5276);
#1668=VERTEX_POINT('',#5280);
#1669=VERTEX_POINT('',#5282);
#1670=VERTEX_POINT('',#5286);
#1671=VERTEX_POINT('',#5290);
#1672=VERTEX_POINT('',#5294);
#1673=VERTEX_POINT('',#5298);
#1674=VERTEX_POINT('',#5300);
#1675=VERTEX_POINT('',#5304);
#1676=VERTEX_POINT('',#5308);
#1677=VERTEX_POINT('',#5310);
#1678=VERTEX_POINT('',#5316);
#1679=VERTEX_POINT('',#5318);
#1680=VERTEX_POINT('',#5321);
#1681=VERTEX_POINT('',#5323);
#1682=VERTEX_POINT('',#5325);
#1683=VERTEX_POINT('',#5327);
#1684=VERTEX_POINT('',#5331);
#1685=VERTEX_POINT('',#5332);
#1686=VERTEX_POINT('',#5334);
#1687=VERTEX_POINT('',#5336);
#1688=VERTEX_POINT('',#5338);
#1689=VERTEX_POINT('',#5342);
#1690=VERTEX_POINT('',#5348);
#1691=VERTEX_POINT('',#5350);
#1692=VERTEX_POINT('',#5353);
#1693=VERTEX_POINT('',#5355);
#1694=VERTEX_POINT('',#5357);
#1695=VERTEX_POINT('',#5361);
#1696=VERTEX_POINT('',#5363);
#1697=VERTEX_POINT('',#5365);
#1698=VERTEX_POINT('',#5369);
#1699=VERTEX_POINT('',#5371);
#1700=VERTEX_POINT('',#5373);
#1701=VERTEX_POINT('',#5377);
#1702=VERTEX_POINT('',#5379);
#1703=VERTEX_POINT('',#5381);
#1704=VERTEX_POINT('',#5385);
#1705=VERTEX_POINT('',#5391);
#1706=VERTEX_POINT('',#5393);
#1707=VERTEX_POINT('',#5395);
#1708=VERTEX_POINT('',#5398);
#1709=VERTEX_POINT('',#5400);
#1710=VERTEX_POINT('',#5403);
#1711=VERTEX_POINT('',#5404);
#1712=VERTEX_POINT('',#5406);
#1713=VERTEX_POINT('',#5408);
#1714=VERTEX_POINT('',#5410);
#1715=VERTEX_POINT('',#5412);
#1716=VERTEX_POINT('',#5421);
#1717=VERTEX_POINT('',#5664);
#1718=VERTEX_POINT('',#5666);
#1719=VERTEX_POINT('',#5668);
#1720=VERTEX_POINT('',#5672);
#1721=VERTEX_POINT('',#5677);
#1722=VERTEX_POINT('',#5681);
#1723=VERTEX_POINT('',#5685);
#1724=VERTEX_POINT('',#5687);
#1725=VERTEX_POINT('',#5692);
#1726=VERTEX_POINT('',#5693);
#1727=VERTEX_POINT('',#5697);
#1728=VERTEX_POINT('',#5699);
#1729=VERTEX_POINT('',#5703);
#1730=VERTEX_POINT('',#5707);
#1731=VERTEX_POINT('',#5713);
#1732=VERTEX_POINT('',#5715);
#1733=VERTEX_POINT('',#5719);
#1734=VERTEX_POINT('',#5721);
#1735=VERTEX_POINT('',#5725);
#1736=VERTEX_POINT('',#5729);
#1737=VERTEX_POINT('',#5731);
#1738=VERTEX_POINT('',#5733);
#1739=VERTEX_POINT('',#5739);
#1740=VERTEX_POINT('',#5741);
#1741=VERTEX_POINT('',#5752);
#1742=VERTEX_POINT('',#5756);
#1743=VERTEX_POINT('',#5758);
#1744=VERTEX_POINT('',#5764);
#1745=VERTEX_POINT('',#5768);
#1746=VERTEX_POINT('',#5777);
#1747=VERTEX_POINT('',#5779);
#1748=VERTEX_POINT('',#5890);
#1749=VERTEX_POINT('',#5891);
#1750=VERTEX_POINT('',#5893);
#1751=VERTEX_POINT('',#6280);
#1752=VERTEX_POINT('',#6287);
#1753=VERTEX_POINT('',#6290);
#1754=VERTEX_POINT('',#6292);
#1755=VERTEX_POINT('',#6296);
#1756=VERTEX_POINT('',#6301);
#1757=VERTEX_POINT('',#6319);
#1758=VERTEX_POINT('',#6320);
#1759=VERTEX_POINT('',#6327);
#1760=VERTEX_POINT('',#6329);
#1761=VERTEX_POINT('',#6341);
#1762=VERTEX_POINT('',#6342);
#1763=VERTEX_POINT('',#6344);
#1764=VERTEX_POINT('',#6351);
#1765=VERTEX_POINT('',#6355);
#1766=VERTEX_POINT('',#6357);
#1767=VERTEX_POINT('',#6407);
#1768=VERTEX_POINT('',#6409);
#1769=VERTEX_POINT('',#6433);
#1770=VERTEX_POINT('',#6435);
#1771=VERTEX_POINT('',#6450);
#1772=VERTEX_POINT('',#6452);
#1773=VERTEX_POINT('',#6458);
#1774=VERTEX_POINT('',#6460);
#1775=VERTEX_POINT('',#6464);
#1776=VERTEX_POINT('',#6468);
#1777=VERTEX_POINT('',#6472);
#1778=VERTEX_POINT('',#6477);
#1779=VERTEX_POINT('',#6481);
#1780=VERTEX_POINT('',#6487);
#1781=VERTEX_POINT('',#6619);
#1782=VERTEX_POINT('',#6621);
#1783=VERTEX_POINT('',#6934);
#1784=VERTEX_POINT('',#6943);
#1785=VERTEX_POINT('',#6947);
#1786=VERTEX_POINT('',#6953);
#1787=VERTEX_POINT('',#6971);
#1788=VERTEX_POINT('',#6972);
#1789=VERTEX_POINT('',#6987);
#1790=VERTEX_POINT('',#6994);
#1791=VERTEX_POINT('',#6998);
#1792=VERTEX_POINT('',#7000);
#1793=VERTEX_POINT('',#7046);
#1794=VERTEX_POINT('',#7070);
#1795=VERTEX_POINT('',#7084);
#1796=VERTEX_POINT('',#7086);
#1797=VERTEX_POINT('',#7092);
#1798=VERTEX_POINT('',#7094);
#1799=VERTEX_POINT('',#7098);
#1800=VERTEX_POINT('',#7102);
#1801=VERTEX_POINT('',#7106);
#1802=VERTEX_POINT('',#7111);
#1803=VERTEX_POINT('',#7115);
#1804=VERTEX_POINT('',#7121);
#1805=VERTEX_POINT('',#7134);
#1806=VERTEX_POINT('',#7135);
#1807=VERTEX_POINT('',#7137);
#1808=VERTEX_POINT('',#7139);
#1809=VERTEX_POINT('',#7143);
#1810=VERTEX_POINT('',#7145);
#1811=VERTEX_POINT('',#7149);
#1812=VERTEX_POINT('',#7151);
#1813=VERTEX_POINT('',#7155);
#1814=VERTEX_POINT('',#7157);
#1815=VERTEX_POINT('',#7161);
#1816=VERTEX_POINT('',#7163);
#1817=VERTEX_POINT('',#7167);
#1818=VERTEX_POINT('',#7169);
#1819=VERTEX_POINT('',#7173);
#1820=VERTEX_POINT('',#7175);
#1821=VERTEX_POINT('',#7179);
#1822=VERTEX_POINT('',#7181);
#1823=VERTEX_POINT('',#7185);
#1824=VERTEX_POINT('',#7187);
#1825=VERTEX_POINT('',#7191);
#1826=VERTEX_POINT('',#7193);
#1827=VERTEX_POINT('',#7197);
#1828=VERTEX_POINT('',#7199);
#1829=VERTEX_POINT('',#7203);
#1830=VERTEX_POINT('',#7205);
#1831=VERTEX_POINT('',#7209);
#1832=VERTEX_POINT('',#7211);
#1833=VERTEX_POINT('',#7215);
#1834=VERTEX_POINT('',#7217);
#1835=VERTEX_POINT('',#7221);
#1836=VERTEX_POINT('',#7223);
#1837=VERTEX_POINT('',#7227);
#1838=VERTEX_POINT('',#7229);
#1839=VERTEX_POINT('',#7237);
#1840=VERTEX_POINT('',#7238);
#1841=VERTEX_POINT('',#7240);
#1842=VERTEX_POINT('',#7242);
#1843=VERTEX_POINT('',#7246);
#1844=VERTEX_POINT('',#7248);
#1845=VERTEX_POINT('',#7252);
#1846=VERTEX_POINT('',#7254);
#1847=VERTEX_POINT('',#7258);
#1848=VERTEX_POINT('',#7260);
#1849=VERTEX_POINT('',#7264);
#1850=VERTEX_POINT('',#7266);
#1851=VERTEX_POINT('',#7270);
#1852=VERTEX_POINT('',#7272);
#1853=VERTEX_POINT('',#7276);
#1854=VERTEX_POINT('',#7278);
#1855=VERTEX_POINT('',#7282);
#1856=VERTEX_POINT('',#7284);
#1857=VERTEX_POINT('',#7288);
#1858=VERTEX_POINT('',#7290);
#1859=VERTEX_POINT('',#7294);
#1860=VERTEX_POINT('',#7296);
#1861=VERTEX_POINT('',#7300);
#1862=VERTEX_POINT('',#7302);
#1863=VERTEX_POINT('',#7306);
#1864=VERTEX_POINT('',#7308);
#1865=VERTEX_POINT('',#7312);
#1866=VERTEX_POINT('',#7314);
#1867=VERTEX_POINT('',#7318);
#1868=VERTEX_POINT('',#7320);
#1869=VERTEX_POINT('',#7324);
#1870=VERTEX_POINT('',#7326);
#1871=VERTEX_POINT('',#7330);
#1872=VERTEX_POINT('',#7332);
#1873=VERTEX_POINT('',#7336);
#1874=VERTEX_POINT('',#7338);
#1875=VERTEX_POINT('',#7342);
#1876=VERTEX_POINT('',#7344);
#1877=VERTEX_POINT('',#7348);
#1878=VERTEX_POINT('',#7350);
#1879=VERTEX_POINT('',#7354);
#1880=VERTEX_POINT('',#7356);
#1881=VERTEX_POINT('',#7360);
#1882=VERTEX_POINT('',#7362);
#1883=VERTEX_POINT('',#7366);
#1884=VERTEX_POINT('',#7368);
#1885=VERTEX_POINT('',#7372);
#1886=VERTEX_POINT('',#7374);
#1887=VERTEX_POINT('',#7378);
#1888=VERTEX_POINT('',#7380);
#1889=VERTEX_POINT('',#7384);
#1890=VERTEX_POINT('',#7386);
#1891=VERTEX_POINT('',#7390);
#1892=VERTEX_POINT('',#7392);
#1893=VERTEX_POINT('',#7396);
#1894=VERTEX_POINT('',#7398);
#1895=VERTEX_POINT('',#7402);
#1896=VERTEX_POINT('',#7404);
#1897=VERTEX_POINT('',#7408);
#1898=VERTEX_POINT('',#7410);
#1899=VERTEX_POINT('',#7414);
#1900=VERTEX_POINT('',#7416);
#1901=VERTEX_POINT('',#7420);
#1902=VERTEX_POINT('',#7422);
#1903=VERTEX_POINT('',#7426);
#1904=VERTEX_POINT('',#7428);
#1905=VERTEX_POINT('',#7432);
#1906=VERTEX_POINT('',#7434);
#1907=VERTEX_POINT('',#7438);
#1908=VERTEX_POINT('',#7440);
#1909=VERTEX_POINT('',#7444);
#1910=VERTEX_POINT('',#7446);
#1911=VERTEX_POINT('',#7450);
#1912=VERTEX_POINT('',#7452);
#1913=VERTEX_POINT('',#7456);
#1914=VERTEX_POINT('',#7458);
#1915=VERTEX_POINT('',#7462);
#1916=VERTEX_POINT('',#7464);
#1917=VERTEX_POINT('',#7468);
#1918=VERTEX_POINT('',#7470);
#1919=VERTEX_POINT('',#7474);
#1920=VERTEX_POINT('',#7476);
#1921=VERTEX_POINT('',#7484);
#1922=VERTEX_POINT('',#7486);
#1923=VERTEX_POINT('',#7491);
#1924=VERTEX_POINT('',#7492);
#1925=VERTEX_POINT('',#7494);
#1926=VERTEX_POINT('',#7496);
#1927=VERTEX_POINT('',#7500);
#1928=VERTEX_POINT('',#7502);
#1929=VERTEX_POINT('',#7506);
#1930=VERTEX_POINT('',#7508);
#1931=VERTEX_POINT('',#7510);
#1932=VERTEX_POINT('',#7514);
#1933=VERTEX_POINT('',#7516);
#1934=VERTEX_POINT('',#7518);
#1935=VERTEX_POINT('',#7523);
#1936=VERTEX_POINT('',#7527);
#1937=VERTEX_POINT('',#7530);
#1938=VERTEX_POINT('',#7532);
#1939=VERTEX_POINT('',#7535);
#1940=VERTEX_POINT('',#7541);
#1941=VERTEX_POINT('',#7543);
#1942=VERTEX_POINT('',#7545);
#1943=VERTEX_POINT('',#7551);
#1944=VERTEX_POINT('',#7553);
#1945=VERTEX_POINT('',#7555);
#1946=VERTEX_POINT('',#7561);
#1947=VERTEX_POINT('',#7566);
#1948=VERTEX_POINT('',#7572);
#1949=VERTEX_POINT('',#7576);
#1950=VERTEX_POINT('',#7581);
#1951=VERTEX_POINT('',#7585);
#1952=VERTEX_POINT('',#7589);
#1953=VERTEX_POINT('',#7595);
#1954=VERTEX_POINT('',#7596);
#1955=VERTEX_POINT('',#7600);
#1956=VERTEX_POINT('',#7609);
#1957=VERTEX_POINT('',#7614);
#1958=VERTEX_POINT('',#7620);
#1959=VERTEX_POINT('',#7626);
#1960=VERTEX_POINT('',#7630);
#1961=VERTEX_POINT('',#7635);
#1962=VERTEX_POINT('',#7639);
#1963=VERTEX_POINT('',#7643);
#1964=VERTEX_POINT('',#7647);
#1965=VERTEX_POINT('',#7651);
#1966=VERTEX_POINT('',#7652);
#1967=VERTEX_POINT('',#7656);
#1968=VERTEX_POINT('',#7658);
#1969=VERTEX_POINT('',#7664);
#1970=VERTEX_POINT('',#7669);
#1971=EDGE_CURVE('',#1614,#1615,#834,.T.);
#1972=EDGE_CURVE('',#1616,#1614,#745,.T.);
#1973=EDGE_CURVE('',#1617,#1616,#835,.T.);
#1974=EDGE_CURVE('',#1615,#1617,#746,.T.);
#1975=EDGE_CURVE('',#1618,#1619,#836,.T.);
#1976=EDGE_CURVE('',#1620,#1618,#837,.T.);
#1977=EDGE_CURVE('',#1621,#1620,#838,.T.);
#1978=EDGE_CURVE('',#1619,#1621,#839,.T.);
#1979=EDGE_CURVE('',#1622,#1623,#840,.T.);
#1980=EDGE_CURVE('',#1624,#1622,#841,.T.);
#1981=EDGE_CURVE('',#1625,#1624,#842,.T.);
#1982=EDGE_CURVE('',#1623,#1625,#843,.T.);
#1983=EDGE_CURVE('',#1626,#1627,#844,.T.);
#1984=EDGE_CURVE('',#1627,#1628,#747,.T.);
#1985=EDGE_CURVE('',#1628,#1629,#748,.T.);
#1986=EDGE_CURVE('',#1629,#1630,#845,.T.);
#1987=EDGE_CURVE('',#1626,#1630,#749,.T.);
#1988=EDGE_CURVE('',#1631,#1632,#846,.T.);
#1989=EDGE_CURVE('',#1632,#1633,#847,.T.);
#1990=EDGE_CURVE('',#1633,#1634,#848,.T.);
#1991=EDGE_CURVE('',#1634,#1631,#849,.T.);
#1992=EDGE_CURVE('',#1635,#1618,#850,.T.);
#1993=EDGE_CURVE('',#1619,#1636,#851,.T.);
#1994=EDGE_CURVE('',#1636,#1635,#852,.T.);
#1995=EDGE_CURVE('',#1637,#1637,#750,.F.);
#1996=EDGE_CURVE('',#1638,#1639,#853,.T.);
#1997=EDGE_CURVE('',#1639,#1640,#854,.T.);
#1998=EDGE_CURVE('',#1640,#1641,#855,.T.);
#1999=EDGE_CURVE('',#1641,#1638,#856,.T.);
#2000=EDGE_CURVE('',#1642,#1643,#857,.T.);
#2001=EDGE_CURVE('',#1643,#1644,#858,.T.);
#2002=EDGE_CURVE('',#1644,#1645,#859,.T.);
#2003=EDGE_CURVE('',#1645,#1642,#860,.T.);
#2004=EDGE_CURVE('',#1646,#1647,#751,.T.);
#2005=EDGE_CURVE('',#1647,#1648,#861,.T.);
#2006=EDGE_CURVE('',#1648,#1649,#752,.T.);
#2007=EDGE_CURVE('',#1649,#1650,#753,.T.);
#2008=EDGE_CURVE('',#1650,#1651,#754,.T.);
#2009=EDGE_CURVE('',#1651,#1652,#755,.T.);
#2010=EDGE_CURVE('',#1652,#1653,#862,.T.);
#2011=EDGE_CURVE('',#1653,#1646,#756,.T.);
#2012=EDGE_CURVE('',#1654,#1632,#863,.T.);
#2013=EDGE_CURVE('',#1655,#1654,#864,.T.);
#2014=EDGE_CURVE('',#1633,#1655,#865,.T.);
#2015=EDGE_CURVE('',#1656,#1634,#866,.T.);
#2016=EDGE_CURVE('',#1657,#1656,#867,.T.);
#2017=EDGE_CURVE('',#1631,#1657,#868,.T.);
#2018=EDGE_CURVE('',#1658,#1636,#869,.T.);
#2019=EDGE_CURVE('',#1659,#1658,#870,.T.);
#2020=EDGE_CURVE('',#1635,#1659,#871,.T.);
#2021=EDGE_CURVE('',#1660,#1643,#872,.T.);
#2022=EDGE_CURVE('',#1661,#1660,#873,.T.);
#2023=EDGE_CURVE('',#1644,#1661,#874,.T.);
#2024=EDGE_CURVE('',#1662,#1639,#875,.T.);
#2025=EDGE_CURVE('',#1663,#1662,#876,.T.);
#2026=EDGE_CURVE('',#1640,#1663,#877,.T.);
#2027=EDGE_CURVE('',#1664,#1645,#878,.T.);
#2028=EDGE_CURVE('',#1665,#1664,#879,.T.);
#2029=EDGE_CURVE('',#1642,#1665,#880,.T.);
#2030=EDGE_CURVE('',#1666,#1641,#881,.T.);
#2031=EDGE_CURVE('',#1667,#1666,#882,.T.);
#2032=EDGE_CURVE('',#1638,#1667,#883,.T.);
#2033=EDGE_CURVE('',#1646,#1668,#884,.T.);
#2034=EDGE_CURVE('',#1668,#1669,#757,.T.);
#2035=EDGE_CURVE('',#1647,#1669,#885,.T.);
#2036=EDGE_CURVE('',#1669,#1670,#886,.T.);
#2037=EDGE_CURVE('',#1648,#1670,#887,.T.);
#2038=EDGE_CURVE('',#1649,#1671,#888,.T.);
#2039=EDGE_CURVE('',#1670,#1671,#758,.T.);
#2040=EDGE_CURVE('',#1671,#1672,#759,.T.);
#2041=EDGE_CURVE('',#1672,#1668,#889,.T.);
#2042=EDGE_CURVE('',#1626,#1673,#890,.T.);
#2043=EDGE_CURVE('',#1673,#1674,#891,.T.);
#2044=EDGE_CURVE('',#1627,#1674,#892,.T.);
#2045=EDGE_CURVE('',#1674,#1675,#760,.T.);
#2046=EDGE_CURVE('',#1628,#1675,#893,.T.);
#2047=EDGE_CURVE('',#1676,#1626,#761,.T.);
#2048=EDGE_CURVE('',#1676,#1677,#894,.T.);
#2049=EDGE_CURVE('',#1677,#1673,#762,.T.);
#2050=EDGE_CURVE('',#1675,#1677,#895,.T.);
#2051=EDGE_CURVE('',#1678,#1615,#896,.T.);
#2052=EDGE_CURVE('',#1678,#1679,#897,.T.);
#2053=EDGE_CURVE('',#1679,#1679,#763,.T.);
#2054=EDGE_CURVE('',#1680,#1678,#764,.T.);
#2055=EDGE_CURVE('',#1680,#1681,#898,.T.);
#2056=EDGE_CURVE('',#1682,#1681,#86,.T.);
#2057=EDGE_CURVE('',#1683,#1682,#899,.T.);
#2058=EDGE_CURVE('',#1614,#1683,#765,.T.);
#2059=EDGE_CURVE('',#1684,#1685,#87,.T.);
#2060=EDGE_CURVE('',#1685,#1686,#766,.T.);
#2061=EDGE_CURVE('',#1686,#1687,#88,.T.);
#2062=EDGE_CURVE('',#1687,#1688,#56,.T.);
#2063=EDGE_CURVE('',#1688,#1689,#767,.T.);
#2064=EDGE_CURVE('',#1689,#1684,#57,.T.);
#2065=EDGE_CURVE('',#1690,#1688,#900,.T.);
#2066=EDGE_CURVE('',#1691,#1690,#89,.T.);
#2067=EDGE_CURVE('',#1652,#1691,#901,.T.);
#2068=EDGE_CURVE('',#1651,#1692,#902,.T.);
#2069=EDGE_CURVE('',#1693,#1692,#768,.T.);
#2070=EDGE_CURVE('',#1694,#1693,#90,.T.);
#2071=EDGE_CURVE('',#1689,#1694,#903,.T.);
#2072=EDGE_CURVE('',#1695,#1687,#904,.T.);
#2073=EDGE_CURVE('',#1695,#1696,#905,.T.);
#2074=EDGE_CURVE('',#1696,#1697,#906,.T.);
#2075=EDGE_CURVE('',#1690,#1697,#907,.T.);
#2076=EDGE_CURVE('',#1686,#1698,#908,.T.);
#2077=EDGE_CURVE('',#1699,#1698,#91,.T.);
#2078=EDGE_CURVE('',#1699,#1700,#909,.T.);
#2079=EDGE_CURVE('',#1700,#1695,#910,.T.);
#2080=EDGE_CURVE('',#1698,#1701,#769,.T.);
#2081=EDGE_CURVE('',#1701,#1702,#92,.T.);
#2082=EDGE_CURVE('',#1702,#1703,#58,.T.);
#2083=EDGE_CURVE('',#1703,#1704,#770,.T.);
#2084=EDGE_CURVE('',#1704,#1699,#59,.T.);
#2085=EDGE_CURVE('',#1705,#1703,#911,.T.);
#2086=EDGE_CURVE('',#1706,#1705,#93,.T.);
#2087=EDGE_CURVE('',#1706,#1707,#771,.T.);
#2088=EDGE_CURVE('',#1646,#1707,#912,.T.);
#2089=EDGE_CURVE('',#1653,#1708,#913,.T.);
#2090=EDGE_CURVE('',#1709,#1708,#94,.T.);
#2091=EDGE_CURVE('',#1704,#1709,#914,.T.);
#2092=EDGE_CURVE('',#1710,#1711,#772,.T.);
#2093=EDGE_CURVE('',#1712,#1710,#95,.T.);
#2094=EDGE_CURVE('',#1713,#1712,#96,.T.);
#2095=EDGE_CURVE('',#1714,#1713,#773,.T.);
#2096=EDGE_CURVE('',#1715,#1714,#25,.T.);
#2097=EDGE_CURVE('',#1711,#1715,#26,.T.);
#2098=EDGE_CURVE('',#1716,#1716,#27,.T.);
#2099=EDGE_CURVE('',#1717,#1702,#915,.T.);
#2100=EDGE_CURVE('',#1717,#1718,#916,.T.);
#2101=EDGE_CURVE('',#1718,#1719,#917,.T.);
#2102=EDGE_CURVE('',#1719,#1705,#918,.T.);
#2103=EDGE_CURVE('',#1684,#1720,#919,.T.);
#2104=EDGE_CURVE('',#1720,#1717,#920,.T.);
#2105=EDGE_CURVE('',#1701,#1685,#921,.T.);
#2106=EDGE_CURVE('',#1721,#1700,#922,.T.);
#2107=EDGE_CURVE('',#1721,#1696,#923,.T.);
#2108=EDGE_CURVE('',#1722,#1709,#924,.T.);
#2109=EDGE_CURVE('',#1722,#1721,#925,.T.);
#2110=EDGE_CURVE('',#1723,#1694,#926,.T.);
#2111=EDGE_CURVE('',#1723,#1724,#927,.T.);
#2112=EDGE_CURVE('',#1724,#1720,#928,.T.);
#2113=EDGE_CURVE('',#1725,#1726,#60,.T.);
#2114=EDGE_CURVE('',#1726,#1727,#774,.T.);
#2115=EDGE_CURVE('',#1727,#1728,#61,.T.);
#2116=EDGE_CURVE('',#1728,#1729,#28,.T.);
#2117=EDGE_CURVE('',#1729,#1730,#775,.T.);
#2118=EDGE_CURVE('',#1730,#1725,#29,.T.);
#2119=EDGE_CURVE('',#1730,#1731,#929,.T.);
#2120=EDGE_CURVE('',#1732,#1731,#30,.T.);
#2121=EDGE_CURVE('',#1732,#1733,#930,.T.);
#2122=EDGE_CURVE('',#1733,#1734,#931,.T.);
#2123=EDGE_CURVE('',#1734,#1725,#932,.T.);
#2124=EDGE_CURVE('',#1735,#1729,#933,.T.);
#2125=EDGE_CURVE('',#1731,#1735,#776,.T.);
#2126=EDGE_CURVE('',#1736,#1728,#934,.T.);
#2127=EDGE_CURVE('',#1736,#1737,#935,.T.);
#2128=EDGE_CURVE('',#1737,#1738,#936,.T.);
#2129=EDGE_CURVE('',#1735,#1738,#31,.T.);
#2130=EDGE_CURVE('',#1727,#1739,#937,.T.);
#2131=EDGE_CURVE('',#1739,#1740,#938,.T.);
#2132=EDGE_CURVE('',#1740,#1736,#939,.T.);
#2133=EDGE_CURVE('',#1738,#1616,#62,.T.);
#2134=EDGE_CURVE('',#1683,#1732,#63,.T.);
#2135=EDGE_CURVE('',#1682,#1741,#940,.T.);
#2136=EDGE_CURVE('',#1741,#1733,#941,.T.);
#2137=EDGE_CURVE('',#1737,#1742,#942,.T.);
#2138=EDGE_CURVE('',#1742,#1743,#943,.T.);
#2139=EDGE_CURVE('',#1617,#1743,#64,.T.);
#2140=EDGE_CURVE('',#1743,#1744,#32,.T.);
#2141=EDGE_CURVE('',#1744,#1745,#777,.T.);
#2142=EDGE_CURVE('',#1745,#1615,#944,.F.);
#2143=EDGE_CURVE('',#1630,#1680,#65,.F.);
#2144=EDGE_CURVE('',#1678,#1676,#945,.F.);
#2145=EDGE_CURVE('',#1746,#1744,#946,.T.);
#2146=EDGE_CURVE('',#1746,#1747,#778,.T.);
#2147=EDGE_CURVE('',#1747,#1745,#947,.T.);
#2148=EDGE_CURVE('',#1748,#1749,#948,.T.);
#2149=EDGE_CURVE('',#1749,#1750,#33,.T.);
#2150=EDGE_CURVE('',#1750,#1749,#34,.T.);
#2151=EDGE_CURVE('',#1748,#1748,#35,.T.);
#2152=EDGE_CURVE('',#1751,#1751,#779,.T.);
#2153=EDGE_CURVE('',#1751,#1750,#949,.T.);
#2154=EDGE_CURVE('',#1742,#1740,#950,.T.);
#2155=EDGE_CURVE('',#1739,#1746,#97,.T.);
#2156=EDGE_CURVE('',#1752,#1752,#780,.T.);
#2157=EDGE_CURVE('',#1734,#1753,#951,.T.);
#2158=EDGE_CURVE('',#1753,#1754,#952,.T.);
#2159=EDGE_CURVE('',#1754,#1726,#953,.T.);
#2160=EDGE_CURVE('',#1681,#1755,#954,.T.);
#2161=EDGE_CURVE('',#1755,#1754,#98,.T.);
#2162=EDGE_CURVE('',#1753,#1741,#955,.T.);
#2163=EDGE_CURVE('',#1756,#1756,#781,.T.);
#2164=EDGE_CURVE('',#1757,#1758,#36,.F.);
#2165=EDGE_CURVE('',#1758,#1759,#99,.T.);
#2166=EDGE_CURVE('',#1759,#1760,#37,.T.);
#2167=EDGE_CURVE('',#1757,#1760,#38,.T.);
#2168=EDGE_CURVE('',#1761,#1762,#782,.T.);
#2169=EDGE_CURVE('',#1762,#1763,#39,.T.);
#2170=EDGE_CURVE('',#1763,#1764,#66,.T.);
#2171=EDGE_CURVE('',#1764,#1765,#783,.T.);
#2172=EDGE_CURVE('',#1765,#1766,#956,.T.);
#2173=EDGE_CURVE('',#1766,#1761,#40,.T.);
#2174=EDGE_CURVE('',#1758,#1763,#41,.T.);
#2175=EDGE_CURVE('',#1762,#1759,#42,.T.);
#2176=EDGE_CURVE('',#1767,#1761,#100,.T.);
#2177=EDGE_CURVE('',#1768,#1766,#43,.F.);
#2178=EDGE_CURVE('',#1768,#1767,#784,.T.);
#2179=EDGE_CURVE('',#1769,#1767,#101,.T.);
#2180=EDGE_CURVE('',#1768,#1770,#44,.T.);
#2181=EDGE_CURVE('',#1770,#1769,#45,.T.);
#2182=EDGE_CURVE('',#1760,#1769,#785,.T.);
#2183=EDGE_CURVE('',#1770,#1771,#957,.T.);
#2184=EDGE_CURVE('',#1771,#1772,#786,.T.);
#2185=EDGE_CURVE('',#1772,#1757,#67,.T.);
#2186=EDGE_CURVE('',#1773,#1768,#958,.T.);
#2187=EDGE_CURVE('',#1773,#1774,#959,.T.);
#2188=EDGE_CURVE('',#1774,#1771,#960,.T.);
#2189=EDGE_CURVE('',#1775,#1765,#961,.T.);
#2190=EDGE_CURVE('',#1775,#1773,#962,.T.);
#2191=EDGE_CURVE('',#1776,#1764,#963,.T.);
#2192=EDGE_CURVE('',#1776,#1775,#964,.T.);
#2193=EDGE_CURVE('',#1777,#1777,#787,.T.);
#2194=EDGE_CURVE('',#1756,#1777,#965,.T.);
#2195=EDGE_CURVE('',#1774,#1778,#966,.T.);
#2196=EDGE_CURVE('',#1778,#1772,#967,.T.);
#2197=EDGE_CURVE('',#1778,#1779,#968,.T.);
#2198=EDGE_CURVE('',#1779,#1758,#969,.T.);
#2199=EDGE_CURVE('',#1779,#1776,#970,.T.);
#2200=EDGE_CURVE('',#1780,#1780,#788,.T.);
#2201=EDGE_CURVE('',#1752,#1780,#971,.T.);
#2202=EDGE_CURVE('',#1716,#1781,#972,.T.);
#2203=EDGE_CURVE('',#1781,#1782,#46,.T.);
#2204=EDGE_CURVE('',#1782,#1781,#47,.T.);
#2205=EDGE_CURVE('',#1783,#1783,#789,.T.);
#2206=EDGE_CURVE('',#1783,#1782,#973,.T.);
#2207=EDGE_CURVE('',#1724,#1718,#974,.T.);
#2208=EDGE_CURVE('',#1693,#1706,#975,.T.);
#2209=EDGE_CURVE('',#1719,#1723,#976,.T.);
#2210=EDGE_CURVE('',#1784,#1707,#977,.T.);
#2211=EDGE_CURVE('',#1692,#1784,#790,.T.);
#2212=EDGE_CURVE('',#1785,#1785,#791,.T.);
#2213=EDGE_CURVE('',#1697,#1722,#978,.T.);
#2214=EDGE_CURVE('',#1708,#1691,#979,.T.);
#2215=EDGE_CURVE('',#1786,#1786,#792,.T.);
#2216=EDGE_CURVE('',#1787,#1788,#48,.F.);
#2217=EDGE_CURVE('',#1788,#1715,#102,.T.);
#2218=EDGE_CURVE('',#1787,#1714,#49,.T.);
#2219=EDGE_CURVE('',#1711,#1789,#50,.T.);
#2220=EDGE_CURVE('',#1789,#1790,#68,.T.);
#2221=EDGE_CURVE('',#1790,#1791,#793,.T.);
#2222=EDGE_CURVE('',#1791,#1792,#980,.T.);
#2223=EDGE_CURVE('',#1792,#1710,#51,.T.);
#2224=EDGE_CURVE('',#1788,#1789,#52,.T.);
#2225=EDGE_CURVE('',#1793,#1792,#53,.F.);
#2226=EDGE_CURVE('',#1793,#1712,#794,.T.);
#2227=EDGE_CURVE('',#1793,#1794,#54,.T.);
#2228=EDGE_CURVE('',#1794,#1713,#55,.T.);
#2229=EDGE_CURVE('',#1794,#1795,#981,.T.);
#2230=EDGE_CURVE('',#1795,#1796,#795,.T.);
#2231=EDGE_CURVE('',#1796,#1787,#69,.T.);
#2232=EDGE_CURVE('',#1797,#1793,#982,.T.);
#2233=EDGE_CURVE('',#1797,#1798,#983,.T.);
#2234=EDGE_CURVE('',#1798,#1795,#984,.T.);
#2235=EDGE_CURVE('',#1799,#1791,#985,.T.);
#2236=EDGE_CURVE('',#1799,#1797,#986,.T.);
#2237=EDGE_CURVE('',#1800,#1790,#987,.T.);
#2238=EDGE_CURVE('',#1800,#1799,#988,.T.);
#2239=EDGE_CURVE('',#1801,#1801,#796,.T.);
#2240=EDGE_CURVE('',#1786,#1801,#989,.T.);
#2241=EDGE_CURVE('',#1798,#1802,#990,.T.);
#2242=EDGE_CURVE('',#1802,#1796,#991,.T.);
#2243=EDGE_CURVE('',#1802,#1803,#992,.T.);
#2244=EDGE_CURVE('',#1803,#1788,#993,.T.);
#2245=EDGE_CURVE('',#1803,#1800,#994,.T.);
#2246=EDGE_CURVE('',#1804,#1804,#797,.T.);
#2247=EDGE_CURVE('',#1785,#1804,#995,.T.);
#2248=EDGE_CURVE('',#1628,#1747,#996,.T.);
#2249=EDGE_CURVE('',#1629,#1755,#997,.T.);
#2250=EDGE_CURVE('',#1672,#1784,#998,.T.);
#2251=EDGE_CURVE('',#1805,#1806,#999,.T.);
#2252=EDGE_CURVE('',#1805,#1807,#1000,.T.);
#2253=EDGE_CURVE('',#1807,#1808,#1001,.T.);
#2254=EDGE_CURVE('',#1806,#1808,#1002,.T.);
#2255=EDGE_CURVE('',#1809,#1805,#1003,.T.);
#2256=EDGE_CURVE('',#1809,#1810,#1004,.T.);
#2257=EDGE_CURVE('',#1810,#1807,#1005,.T.);
#2258=EDGE_CURVE('',#1811,#1809,#1006,.T.);
#2259=EDGE_CURVE('',#1811,#1812,#1007,.T.);
#2260=EDGE_CURVE('',#1812,#1810,#1008,.T.);
#2261=EDGE_CURVE('',#1813,#1811,#1009,.T.);
#2262=EDGE_CURVE('',#1813,#1814,#1010,.T.);
#2263=EDGE_CURVE('',#1814,#1812,#1011,.T.);
#2264=EDGE_CURVE('',#1815,#1813,#1012,.T.);
#2265=EDGE_CURVE('',#1815,#1816,#1013,.T.);
#2266=EDGE_CURVE('',#1816,#1814,#1014,.T.);
#2267=EDGE_CURVE('',#1817,#1815,#1015,.T.);
#2268=EDGE_CURVE('',#1817,#1818,#1016,.T.);
#2269=EDGE_CURVE('',#1818,#1816,#1017,.T.);
#2270=EDGE_CURVE('',#1819,#1817,#1018,.T.);
#2271=EDGE_CURVE('',#1819,#1820,#1019,.T.);
#2272=EDGE_CURVE('',#1820,#1818,#1020,.T.);
#2273=EDGE_CURVE('',#1821,#1819,#1021,.T.);
#2274=EDGE_CURVE('',#1821,#1822,#1022,.T.);
#2275=EDGE_CURVE('',#1822,#1820,#1023,.T.);
#2276=EDGE_CURVE('',#1823,#1821,#1024,.T.);
#2277=EDGE_CURVE('',#1823,#1824,#1025,.T.);
#2278=EDGE_CURVE('',#1824,#1822,#1026,.T.);
#2279=EDGE_CURVE('',#1825,#1823,#1027,.T.);
#2280=EDGE_CURVE('',#1825,#1826,#1028,.T.);
#2281=EDGE_CURVE('',#1826,#1824,#1029,.T.);
#2282=EDGE_CURVE('',#1827,#1825,#1030,.T.);
#2283=EDGE_CURVE('',#1827,#1828,#1031,.T.);
#2284=EDGE_CURVE('',#1828,#1826,#1032,.T.);
#2285=EDGE_CURVE('',#1829,#1827,#1033,.T.);
#2286=EDGE_CURVE('',#1829,#1830,#1034,.T.);
#2287=EDGE_CURVE('',#1830,#1828,#1035,.T.);
#2288=EDGE_CURVE('',#1831,#1829,#1036,.T.);
#2289=EDGE_CURVE('',#1831,#1832,#1037,.T.);
#2290=EDGE_CURVE('',#1832,#1830,#1038,.T.);
#2291=EDGE_CURVE('',#1833,#1831,#1039,.T.);
#2292=EDGE_CURVE('',#1833,#1834,#1040,.T.);
#2293=EDGE_CURVE('',#1834,#1832,#1041,.T.);
#2294=EDGE_CURVE('',#1835,#1833,#1042,.T.);
#2295=EDGE_CURVE('',#1835,#1836,#1043,.T.);
#2296=EDGE_CURVE('',#1836,#1834,#1044,.T.);
#2297=EDGE_CURVE('',#1837,#1835,#1045,.T.);
#2298=EDGE_CURVE('',#1837,#1838,#1046,.T.);
#2299=EDGE_CURVE('',#1838,#1836,#1047,.T.);
#2300=EDGE_CURVE('',#1806,#1837,#1048,.T.);
#2301=EDGE_CURVE('',#1808,#1838,#1049,.T.);
#2302=EDGE_CURVE('',#1839,#1840,#1050,.T.);
#2303=EDGE_CURVE('',#1839,#1841,#1051,.T.);
#2304=EDGE_CURVE('',#1841,#1842,#1052,.T.);
#2305=EDGE_CURVE('',#1840,#1842,#1053,.T.);
#2306=EDGE_CURVE('',#1843,#1839,#1054,.T.);
#2307=EDGE_CURVE('',#1843,#1844,#1055,.T.);
#2308=EDGE_CURVE('',#1844,#1841,#1056,.T.);
#2309=EDGE_CURVE('',#1845,#1843,#1057,.T.);
#2310=EDGE_CURVE('',#1845,#1846,#1058,.T.);
#2311=EDGE_CURVE('',#1846,#1844,#1059,.T.);
#2312=EDGE_CURVE('',#1847,#1845,#1060,.T.);
#2313=EDGE_CURVE('',#1847,#1848,#1061,.T.);
#2314=EDGE_CURVE('',#1848,#1846,#1062,.T.);
#2315=EDGE_CURVE('',#1849,#1847,#1063,.T.);
#2316=EDGE_CURVE('',#1849,#1850,#1064,.T.);
#2317=EDGE_CURVE('',#1850,#1848,#1065,.T.);
#2318=EDGE_CURVE('',#1851,#1849,#1066,.T.);
#2319=EDGE_CURVE('',#1851,#1852,#1067,.T.);
#2320=EDGE_CURVE('',#1852,#1850,#1068,.T.);
#2321=EDGE_CURVE('',#1853,#1851,#1069,.T.);
#2322=EDGE_CURVE('',#1853,#1854,#1070,.T.);
#2323=EDGE_CURVE('',#1854,#1852,#1071,.T.);
#2324=EDGE_CURVE('',#1855,#1853,#1072,.T.);
#2325=EDGE_CURVE('',#1855,#1856,#1073,.T.);
#2326=EDGE_CURVE('',#1856,#1854,#1074,.T.);
#2327=EDGE_CURVE('',#1857,#1855,#1075,.T.);
#2328=EDGE_CURVE('',#1857,#1858,#1076,.T.);
#2329=EDGE_CURVE('',#1858,#1856,#1077,.T.);
#2330=EDGE_CURVE('',#1859,#1857,#1078,.T.);
#2331=EDGE_CURVE('',#1859,#1860,#1079,.T.);
#2332=EDGE_CURVE('',#1860,#1858,#1080,.T.);
#2333=EDGE_CURVE('',#1861,#1859,#1081,.T.);
#2334=EDGE_CURVE('',#1861,#1862,#1082,.T.);
#2335=EDGE_CURVE('',#1862,#1860,#1083,.T.);
#2336=EDGE_CURVE('',#1863,#1861,#1084,.T.);
#2337=EDGE_CURVE('',#1863,#1864,#1085,.T.);
#2338=EDGE_CURVE('',#1864,#1862,#1086,.T.);
#2339=EDGE_CURVE('',#1865,#1863,#1087,.T.);
#2340=EDGE_CURVE('',#1865,#1866,#1088,.T.);
#2341=EDGE_CURVE('',#1866,#1864,#1089,.T.);
#2342=EDGE_CURVE('',#1867,#1865,#1090,.T.);
#2343=EDGE_CURVE('',#1867,#1868,#1091,.T.);
#2344=EDGE_CURVE('',#1868,#1866,#1092,.T.);
#2345=EDGE_CURVE('',#1869,#1867,#1093,.T.);
#2346=EDGE_CURVE('',#1869,#1870,#1094,.T.);
#2347=EDGE_CURVE('',#1870,#1868,#1095,.T.);
#2348=EDGE_CURVE('',#1871,#1869,#1096,.T.);
#2349=EDGE_CURVE('',#1871,#1872,#1097,.T.);
#2350=EDGE_CURVE('',#1872,#1870,#1098,.T.);
#2351=EDGE_CURVE('',#1873,#1871,#1099,.T.);
#2352=EDGE_CURVE('',#1873,#1874,#1100,.T.);
#2353=EDGE_CURVE('',#1874,#1872,#1101,.T.);
#2354=EDGE_CURVE('',#1875,#1873,#1102,.T.);
#2355=EDGE_CURVE('',#1875,#1876,#1103,.T.);
#2356=EDGE_CURVE('',#1876,#1874,#1104,.T.);
#2357=EDGE_CURVE('',#1877,#1875,#1105,.T.);
#2358=EDGE_CURVE('',#1877,#1878,#1106,.T.);
#2359=EDGE_CURVE('',#1878,#1876,#1107,.T.);
#2360=EDGE_CURVE('',#1879,#1877,#1108,.T.);
#2361=EDGE_CURVE('',#1879,#1880,#1109,.T.);
#2362=EDGE_CURVE('',#1880,#1878,#1110,.T.);
#2363=EDGE_CURVE('',#1881,#1879,#1111,.T.);
#2364=EDGE_CURVE('',#1881,#1882,#1112,.T.);
#2365=EDGE_CURVE('',#1882,#1880,#1113,.T.);
#2366=EDGE_CURVE('',#1883,#1881,#1114,.T.);
#2367=EDGE_CURVE('',#1883,#1884,#1115,.T.);
#2368=EDGE_CURVE('',#1884,#1882,#1116,.T.);
#2369=EDGE_CURVE('',#1885,#1883,#1117,.T.);
#2370=EDGE_CURVE('',#1885,#1886,#1118,.T.);
#2371=EDGE_CURVE('',#1886,#1884,#1119,.T.);
#2372=EDGE_CURVE('',#1887,#1885,#1120,.T.);
#2373=EDGE_CURVE('',#1887,#1888,#1121,.T.);
#2374=EDGE_CURVE('',#1888,#1886,#1122,.T.);
#2375=EDGE_CURVE('',#1889,#1887,#1123,.T.);
#2376=EDGE_CURVE('',#1889,#1890,#1124,.T.);
#2377=EDGE_CURVE('',#1890,#1888,#1125,.T.);
#2378=EDGE_CURVE('',#1891,#1889,#1126,.T.);
#2379=EDGE_CURVE('',#1891,#1892,#1127,.T.);
#2380=EDGE_CURVE('',#1892,#1890,#1128,.T.);
#2381=EDGE_CURVE('',#1893,#1891,#1129,.T.);
#2382=EDGE_CURVE('',#1893,#1894,#1130,.T.);
#2383=EDGE_CURVE('',#1894,#1892,#1131,.T.);
#2384=EDGE_CURVE('',#1895,#1893,#1132,.T.);
#2385=EDGE_CURVE('',#1895,#1896,#1133,.T.);
#2386=EDGE_CURVE('',#1896,#1894,#1134,.T.);
#2387=EDGE_CURVE('',#1897,#1895,#1135,.T.);
#2388=EDGE_CURVE('',#1897,#1898,#1136,.T.);
#2389=EDGE_CURVE('',#1898,#1896,#1137,.T.);
#2390=EDGE_CURVE('',#1899,#1897,#1138,.T.);
#2391=EDGE_CURVE('',#1899,#1900,#1139,.T.);
#2392=EDGE_CURVE('',#1900,#1898,#1140,.T.);
#2393=EDGE_CURVE('',#1901,#1899,#1141,.T.);
#2394=EDGE_CURVE('',#1901,#1902,#1142,.T.);
#2395=EDGE_CURVE('',#1902,#1900,#1143,.T.);
#2396=EDGE_CURVE('',#1903,#1901,#1144,.T.);
#2397=EDGE_CURVE('',#1903,#1904,#1145,.T.);
#2398=EDGE_CURVE('',#1904,#1902,#1146,.T.);
#2399=EDGE_CURVE('',#1905,#1903,#1147,.T.);
#2400=EDGE_CURVE('',#1905,#1906,#1148,.T.);
#2401=EDGE_CURVE('',#1906,#1904,#1149,.T.);
#2402=EDGE_CURVE('',#1907,#1905,#1150,.T.);
#2403=EDGE_CURVE('',#1907,#1908,#1151,.T.);
#2404=EDGE_CURVE('',#1908,#1906,#1152,.T.);
#2405=EDGE_CURVE('',#1909,#1907,#1153,.T.);
#2406=EDGE_CURVE('',#1909,#1910,#1154,.T.);
#2407=EDGE_CURVE('',#1910,#1908,#1155,.T.);
#2408=EDGE_CURVE('',#1911,#1909,#1156,.T.);
#2409=EDGE_CURVE('',#1911,#1912,#1157,.T.);
#2410=EDGE_CURVE('',#1912,#1910,#1158,.T.);
#2411=EDGE_CURVE('',#1913,#1911,#1159,.T.);
#2412=EDGE_CURVE('',#1913,#1914,#1160,.T.);
#2413=EDGE_CURVE('',#1914,#1912,#1161,.T.);
#2414=EDGE_CURVE('',#1915,#1913,#1162,.T.);
#2415=EDGE_CURVE('',#1915,#1916,#1163,.T.);
#2416=EDGE_CURVE('',#1916,#1914,#1164,.T.);
#2417=EDGE_CURVE('',#1917,#1915,#1165,.T.);
#2418=EDGE_CURVE('',#1917,#1918,#1166,.T.);
#2419=EDGE_CURVE('',#1918,#1916,#1167,.T.);
#2420=EDGE_CURVE('',#1919,#1917,#1168,.T.);
#2421=EDGE_CURVE('',#1919,#1920,#1169,.T.);
#2422=EDGE_CURVE('',#1920,#1918,#1170,.T.);
#2423=EDGE_CURVE('',#1840,#1919,#1171,.T.);
#2424=EDGE_CURVE('',#1842,#1920,#1172,.T.);
#2425=EDGE_CURVE('',#1921,#1921,#798,.T.);
#2426=EDGE_CURVE('',#1921,#1922,#1173,.T.);
#2427=EDGE_CURVE('',#1922,#1922,#799,.T.);
#2428=EDGE_CURVE('',#1923,#1924,#1174,.T.);
#2429=EDGE_CURVE('',#1924,#1925,#1175,.T.);
#2430=EDGE_CURVE('',#1925,#1926,#1176,.T.);
#2431=EDGE_CURVE('',#1926,#1923,#1177,.T.);
#2432=EDGE_CURVE('',#1927,#1926,#1178,.T.);
#2433=EDGE_CURVE('',#1928,#1927,#1179,.T.);
#2434=EDGE_CURVE('',#1928,#1923,#1180,.T.);
#2435=EDGE_CURVE('',#1929,#1925,#1181,.T.);
#2436=EDGE_CURVE('',#1930,#1929,#1182,.T.);
#2437=EDGE_CURVE('',#1931,#1930,#1183,.T.);
#2438=EDGE_CURVE('',#1624,#1931,#1184,.T.);
#2439=EDGE_CURVE('',#1927,#1622,#1185,.T.);
#2440=EDGE_CURVE('',#1932,#1932,#800,.T.);
#2441=EDGE_CURVE('',#1933,#1933,#801,.T.);
#2442=EDGE_CURVE('',#1934,#1934,#802,.T.);
#2443=EDGE_CURVE('',#1623,#1928,#1186,.T.);
#2444=EDGE_CURVE('',#1931,#1935,#1187,.T.);
#2445=EDGE_CURVE('',#1935,#1625,#1188,.T.);
#2446=EDGE_CURVE('',#1936,#1930,#1189,.T.);
#2447=EDGE_CURVE('',#1935,#1936,#1190,.F.);
#2448=EDGE_CURVE('',#1937,#1937,#803,.T.);
#2449=EDGE_CURVE('',#1938,#1938,#804,.T.);
#2450=EDGE_CURVE('',#1929,#1939,#1191,.T.);
#2451=EDGE_CURVE('',#1939,#1936,#1192,.T.);
#2452=EDGE_CURVE('',#1924,#1939,#1193,.T.);
#2453=EDGE_CURVE('',#1940,#1940,#805,.T.);
#2454=EDGE_CURVE('',#1940,#1941,#1194,.T.);
#2455=EDGE_CURVE('',#1942,#1941,#806,.T.);
#2456=EDGE_CURVE('',#1941,#1942,#807,.T.);
#2457=EDGE_CURVE('',#1937,#1940,#1195,.T.);
#2458=EDGE_CURVE('',#1943,#1943,#808,.T.);
#2459=EDGE_CURVE('',#1943,#1944,#1196,.T.);
#2460=EDGE_CURVE('',#1945,#1944,#809,.T.);
#2461=EDGE_CURVE('',#1944,#1945,#810,.T.);
#2462=EDGE_CURVE('',#1938,#1943,#1197,.T.);
#2463=EDGE_CURVE('',#1945,#1946,#1198,.T.);
#2464=EDGE_CURVE('',#1946,#1946,#811,.T.);
#2465=EDGE_CURVE('',#1942,#1947,#1199,.T.);
#2466=EDGE_CURVE('',#1947,#1947,#812,.T.);
#2467=EDGE_CURVE('',#1654,#1657,#1200,.T.);
#2468=EDGE_CURVE('',#1948,#1948,#813,.T.);
#2469=EDGE_CURVE('',#1656,#1655,#1201,.T.);
#2470=EDGE_CURVE('',#1949,#1949,#814,.T.);
#2471=EDGE_CURVE('',#1658,#1621,#1202,.T.);
#2472=EDGE_CURVE('',#1950,#1950,#815,.T.);
#2473=EDGE_CURVE('',#1659,#1620,#1203,.T.);
#2474=EDGE_CURVE('',#1951,#1951,#816,.T.);
#2475=EDGE_CURVE('',#1952,#1952,#817,.T.);
#2476=EDGE_CURVE('',#1952,#1949,#1204,.T.);
#2477=EDGE_CURVE('',#1951,#1934,#1205,.T.);
#2478=EDGE_CURVE('',#1953,#1954,#1206,.T.);
#2479=EDGE_CURVE('',#1954,#1954,#818,.T.);
#2480=EDGE_CURVE('',#1955,#1955,#819,.T.);
#2481=EDGE_CURVE('',#1955,#1932,#1207,.T.);
#2482=EDGE_CURVE('',#1954,#1955,#1208,.T.);
#2483=EDGE_CURVE('',#1948,#1933,#1209,.T.);
#2484=EDGE_CURVE('',#1956,#1956,#820,.T.);
#2485=EDGE_CURVE('',#1956,#1950,#1210,.T.);
#2486=EDGE_CURVE('',#1637,#1957,#1211,.T.);
#2487=EDGE_CURVE('',#1957,#1957,#821,.F.);
#2488=EDGE_CURVE('',#1650,#1958,#1212,.T.);
#2489=EDGE_CURVE('',#1958,#1958,#822,.T.);
#2490=EDGE_CURVE('',#1667,#1662,#1213,.T.);
#2491=EDGE_CURVE('',#1959,#1959,#823,.T.);
#2492=EDGE_CURVE('',#1663,#1666,#1214,.T.);
#2493=EDGE_CURVE('',#1960,#1960,#824,.T.);
#2494=EDGE_CURVE('',#1661,#1664,#1215,.T.);
#2495=EDGE_CURVE('',#1961,#1961,#825,.T.);
#2496=EDGE_CURVE('',#1665,#1660,#1216,.T.);
#2497=EDGE_CURVE('',#1962,#1962,#826,.T.);
#2498=EDGE_CURVE('',#1960,#1963,#1217,.T.);
#2499=EDGE_CURVE('',#1963,#1963,#827,.T.);
#2500=EDGE_CURVE('',#1964,#1964,#828,.T.);
#2501=EDGE_CURVE('',#1964,#1962,#1218,.T.);
#2502=EDGE_CURVE('',#1965,#1966,#1219,.T.);
#2503=EDGE_CURVE('',#1966,#1966,#829,.T.);
#2504=EDGE_CURVE('',#1967,#1967,#830,.T.);
#2505=EDGE_CURVE('',#1967,#1968,#1220,.T.);
#2506=EDGE_CURVE('',#1968,#1968,#831,.T.);
#2507=EDGE_CURVE('',#1967,#1966,#1221,.T.);
#2508=EDGE_CURVE('',#1969,#1969,#832,.T.);
#2509=EDGE_CURVE('',#1969,#1959,#1222,.T.);
#2510=EDGE_CURVE('',#1961,#1970,#1223,.T.);
#2511=EDGE_CURVE('',#1970,#1970,#833,.T.);
#2512=ORIENTED_EDGE('',*,*,#1971,.F.);
#2513=ORIENTED_EDGE('',*,*,#1972,.F.);
#2514=ORIENTED_EDGE('',*,*,#1973,.F.);
#2515=ORIENTED_EDGE('',*,*,#1974,.F.);
#2516=ORIENTED_EDGE('',*,*,#1975,.F.);
#2517=ORIENTED_EDGE('',*,*,#1976,.F.);
#2518=ORIENTED_EDGE('',*,*,#1977,.F.);
#2519=ORIENTED_EDGE('',*,*,#1978,.F.);
#2520=ORIENTED_EDGE('',*,*,#1979,.F.);
#2521=ORIENTED_EDGE('',*,*,#1980,.F.);
#2522=ORIENTED_EDGE('',*,*,#1981,.F.);
#2523=ORIENTED_EDGE('',*,*,#1982,.F.);
#2524=ORIENTED_EDGE('',*,*,#1983,.T.);
#2525=ORIENTED_EDGE('',*,*,#1984,.T.);
#2526=ORIENTED_EDGE('',*,*,#1985,.T.);
#2527=ORIENTED_EDGE('',*,*,#1986,.T.);
#2528=ORIENTED_EDGE('',*,*,#1987,.F.);
#2529=ORIENTED_EDGE('',*,*,#1988,.T.);
#2530=ORIENTED_EDGE('',*,*,#1989,.T.);
#2531=ORIENTED_EDGE('',*,*,#1990,.T.);
#2532=ORIENTED_EDGE('',*,*,#1991,.T.);
#2533=ORIENTED_EDGE('',*,*,#1992,.T.);
#2534=ORIENTED_EDGE('',*,*,#1975,.T.);
#2535=ORIENTED_EDGE('',*,*,#1993,.T.);
#2536=ORIENTED_EDGE('',*,*,#1994,.T.);
#2537=ORIENTED_EDGE('',*,*,#1995,.T.);
#2538=ORIENTED_EDGE('',*,*,#1996,.T.);
#2539=ORIENTED_EDGE('',*,*,#1997,.T.);
#2540=ORIENTED_EDGE('',*,*,#1998,.T.);
#2541=ORIENTED_EDGE('',*,*,#1999,.T.);
#2542=ORIENTED_EDGE('',*,*,#2000,.T.);
#2543=ORIENTED_EDGE('',*,*,#2001,.T.);
#2544=ORIENTED_EDGE('',*,*,#2002,.T.);
#2545=ORIENTED_EDGE('',*,*,#2003,.T.);
#2546=ORIENTED_EDGE('',*,*,#2004,.T.);
#2547=ORIENTED_EDGE('',*,*,#2005,.T.);
#2548=ORIENTED_EDGE('',*,*,#2006,.T.);
#2549=ORIENTED_EDGE('',*,*,#2007,.T.);
#2550=ORIENTED_EDGE('',*,*,#2008,.T.);
#2551=ORIENTED_EDGE('',*,*,#2009,.T.);
#2552=ORIENTED_EDGE('',*,*,#2010,.T.);
#2553=ORIENTED_EDGE('',*,*,#2011,.T.);
#2554=ORIENTED_EDGE('',*,*,#1989,.F.);
#2555=ORIENTED_EDGE('',*,*,#2012,.F.);
#2556=ORIENTED_EDGE('',*,*,#2013,.F.);
#2557=ORIENTED_EDGE('',*,*,#2014,.F.);
#2558=ORIENTED_EDGE('',*,*,#1991,.F.);
#2559=ORIENTED_EDGE('',*,*,#2015,.F.);
#2560=ORIENTED_EDGE('',*,*,#2016,.F.);
#2561=ORIENTED_EDGE('',*,*,#2017,.F.);
#2562=ORIENTED_EDGE('',*,*,#1994,.F.);
#2563=ORIENTED_EDGE('',*,*,#2018,.F.);
#2564=ORIENTED_EDGE('',*,*,#2019,.F.);
#2565=ORIENTED_EDGE('',*,*,#2020,.F.);
#2566=ORIENTED_EDGE('',*,*,#2001,.F.);
#2567=ORIENTED_EDGE('',*,*,#2021,.F.);
#2568=ORIENTED_EDGE('',*,*,#2022,.F.);
#2569=ORIENTED_EDGE('',*,*,#2023,.F.);
#2570=ORIENTED_EDGE('',*,*,#1997,.F.);
#2571=ORIENTED_EDGE('',*,*,#2024,.F.);
#2572=ORIENTED_EDGE('',*,*,#2025,.F.);
#2573=ORIENTED_EDGE('',*,*,#2026,.F.);
#2574=ORIENTED_EDGE('',*,*,#2003,.F.);
#2575=ORIENTED_EDGE('',*,*,#2027,.F.);
#2576=ORIENTED_EDGE('',*,*,#2028,.F.);
#2577=ORIENTED_EDGE('',*,*,#2029,.F.);
#2578=ORIENTED_EDGE('',*,*,#1999,.F.);
#2579=ORIENTED_EDGE('',*,*,#2030,.F.);
#2580=ORIENTED_EDGE('',*,*,#2031,.F.);
#2581=ORIENTED_EDGE('',*,*,#2032,.F.);
#2582=ORIENTED_EDGE('',*,*,#2004,.F.);
#2583=ORIENTED_EDGE('',*,*,#2033,.T.);
#2584=ORIENTED_EDGE('',*,*,#2034,.T.);
#2585=ORIENTED_EDGE('',*,*,#2035,.F.);
#2586=ORIENTED_EDGE('',*,*,#2005,.F.);
#2587=ORIENTED_EDGE('',*,*,#2035,.T.);
#2588=ORIENTED_EDGE('',*,*,#2036,.T.);
#2589=ORIENTED_EDGE('',*,*,#2037,.F.);
#2590=ORIENTED_EDGE('',*,*,#2038,.F.);
#2591=ORIENTED_EDGE('',*,*,#2006,.F.);
#2592=ORIENTED_EDGE('',*,*,#2037,.T.);
#2593=ORIENTED_EDGE('',*,*,#2039,.T.);
#2594=ORIENTED_EDGE('',*,*,#2040,.F.);
#2595=ORIENTED_EDGE('',*,*,#2039,.F.);
#2596=ORIENTED_EDGE('',*,*,#2036,.F.);
#2597=ORIENTED_EDGE('',*,*,#2034,.F.);
#2598=ORIENTED_EDGE('',*,*,#2041,.F.);
#2599=ORIENTED_EDGE('',*,*,#1983,.F.);
#2600=ORIENTED_EDGE('',*,*,#2042,.T.);
#2601=ORIENTED_EDGE('',*,*,#2043,.T.);
#2602=ORIENTED_EDGE('',*,*,#2044,.F.);
#2603=ORIENTED_EDGE('',*,*,#1984,.F.);
#2604=ORIENTED_EDGE('',*,*,#2044,.T.);
#2605=ORIENTED_EDGE('',*,*,#2045,.T.);
#2606=ORIENTED_EDGE('',*,*,#2046,.F.);
#2607=ORIENTED_EDGE('',*,*,#2047,.F.);
#2608=ORIENTED_EDGE('',*,*,#2048,.T.);
#2609=ORIENTED_EDGE('',*,*,#2049,.T.);
#2610=ORIENTED_EDGE('',*,*,#2042,.F.);
#2611=ORIENTED_EDGE('',*,*,#2049,.F.);
#2612=ORIENTED_EDGE('',*,*,#2050,.F.);
#2613=ORIENTED_EDGE('',*,*,#2045,.F.);
#2614=ORIENTED_EDGE('',*,*,#2043,.F.);
#2615=ORIENTED_EDGE('',*,*,#1971,.T.);
#2616=ORIENTED_EDGE('',*,*,#2051,.F.);
#2617=ORIENTED_EDGE('',*,*,#2052,.T.);
#2618=ORIENTED_EDGE('',*,*,#2053,.T.);
#2619=ORIENTED_EDGE('',*,*,#2052,.F.);
#2620=ORIENTED_EDGE('',*,*,#2054,.F.);
#2621=ORIENTED_EDGE('',*,*,#2055,.T.);
#2622=ORIENTED_EDGE('',*,*,#2056,.F.);
#2623=ORIENTED_EDGE('',*,*,#2057,.F.);
#2624=ORIENTED_EDGE('',*,*,#2058,.F.);
#2625=ORIENTED_EDGE('',*,*,#2059,.T.);
#2626=ORIENTED_EDGE('',*,*,#2060,.T.);
#2627=ORIENTED_EDGE('',*,*,#2061,.T.);
#2628=ORIENTED_EDGE('',*,*,#2062,.T.);
#2629=ORIENTED_EDGE('',*,*,#2063,.T.);
#2630=ORIENTED_EDGE('',*,*,#2064,.T.);
#2631=ORIENTED_EDGE('',*,*,#2063,.F.);
#2632=ORIENTED_EDGE('',*,*,#2065,.F.);
#2633=ORIENTED_EDGE('',*,*,#2066,.F.);
#2634=ORIENTED_EDGE('',*,*,#2067,.F.);
#2635=ORIENTED_EDGE('',*,*,#2009,.F.);
#2636=ORIENTED_EDGE('',*,*,#2068,.T.);
#2637=ORIENTED_EDGE('',*,*,#2069,.F.);
#2638=ORIENTED_EDGE('',*,*,#2070,.F.);
#2639=ORIENTED_EDGE('',*,*,#2071,.F.);
#2640=ORIENTED_EDGE('',*,*,#2062,.F.);
#2641=ORIENTED_EDGE('',*,*,#2072,.F.);
#2642=ORIENTED_EDGE('',*,*,#2073,.T.);
#2643=ORIENTED_EDGE('',*,*,#2074,.T.);
#2644=ORIENTED_EDGE('',*,*,#2075,.F.);
#2645=ORIENTED_EDGE('',*,*,#2065,.T.);
#2646=ORIENTED_EDGE('',*,*,#2061,.F.);
#2647=ORIENTED_EDGE('',*,*,#2076,.T.);
#2648=ORIENTED_EDGE('',*,*,#2077,.F.);
#2649=ORIENTED_EDGE('',*,*,#2078,.T.);
#2650=ORIENTED_EDGE('',*,*,#2079,.T.);
#2651=ORIENTED_EDGE('',*,*,#2072,.T.);
#2652=ORIENTED_EDGE('',*,*,#2077,.T.);
#2653=ORIENTED_EDGE('',*,*,#2080,.T.);
#2654=ORIENTED_EDGE('',*,*,#2081,.T.);
#2655=ORIENTED_EDGE('',*,*,#2082,.T.);
#2656=ORIENTED_EDGE('',*,*,#2083,.T.);
#2657=ORIENTED_EDGE('',*,*,#2084,.T.);
#2658=ORIENTED_EDGE('',*,*,#2083,.F.);
#2659=ORIENTED_EDGE('',*,*,#2085,.F.);
#2660=ORIENTED_EDGE('',*,*,#2086,.F.);
#2661=ORIENTED_EDGE('',*,*,#2087,.T.);
#2662=ORIENTED_EDGE('',*,*,#2088,.F.);
#2663=ORIENTED_EDGE('',*,*,#2011,.F.);
#2664=ORIENTED_EDGE('',*,*,#2089,.T.);
#2665=ORIENTED_EDGE('',*,*,#2090,.F.);
#2666=ORIENTED_EDGE('',*,*,#2091,.F.);
#2667=ORIENTED_EDGE('',*,*,#2092,.F.);
#2668=ORIENTED_EDGE('',*,*,#2093,.F.);
#2669=ORIENTED_EDGE('',*,*,#2094,.F.);
#2670=ORIENTED_EDGE('',*,*,#2095,.F.);
#2671=ORIENTED_EDGE('',*,*,#2096,.F.);
#2672=ORIENTED_EDGE('',*,*,#2097,.F.);
#2673=ORIENTED_EDGE('',*,*,#2098,.F.);
#2674=ORIENTED_EDGE('',*,*,#2082,.F.);
#2675=ORIENTED_EDGE('',*,*,#2099,.F.);
#2676=ORIENTED_EDGE('',*,*,#2100,.T.);
#2677=ORIENTED_EDGE('',*,*,#2101,.T.);
#2678=ORIENTED_EDGE('',*,*,#2102,.T.);
#2679=ORIENTED_EDGE('',*,*,#2085,.T.);
#2680=ORIENTED_EDGE('',*,*,#2059,.F.);
#2681=ORIENTED_EDGE('',*,*,#2103,.T.);
#2682=ORIENTED_EDGE('',*,*,#2104,.T.);
#2683=ORIENTED_EDGE('',*,*,#2099,.T.);
#2684=ORIENTED_EDGE('',*,*,#2081,.F.);
#2685=ORIENTED_EDGE('',*,*,#2105,.T.);
#2686=ORIENTED_EDGE('',*,*,#2079,.F.);
#2687=ORIENTED_EDGE('',*,*,#2106,.F.);
#2688=ORIENTED_EDGE('',*,*,#2107,.T.);
#2689=ORIENTED_EDGE('',*,*,#2073,.F.);
#2690=ORIENTED_EDGE('',*,*,#2084,.F.);
#2691=ORIENTED_EDGE('',*,*,#2091,.T.);
#2692=ORIENTED_EDGE('',*,*,#2108,.F.);
#2693=ORIENTED_EDGE('',*,*,#2109,.T.);
#2694=ORIENTED_EDGE('',*,*,#2106,.T.);
#2695=ORIENTED_EDGE('',*,*,#2078,.F.);
#2696=ORIENTED_EDGE('',*,*,#2064,.F.);
#2697=ORIENTED_EDGE('',*,*,#2071,.T.);
#2698=ORIENTED_EDGE('',*,*,#2110,.F.);
#2699=ORIENTED_EDGE('',*,*,#2111,.T.);
#2700=ORIENTED_EDGE('',*,*,#2112,.T.);
#2701=ORIENTED_EDGE('',*,*,#2103,.F.);
#2702=ORIENTED_EDGE('',*,*,#2060,.F.);
#2703=ORIENTED_EDGE('',*,*,#2105,.F.);
#2704=ORIENTED_EDGE('',*,*,#2080,.F.);
#2705=ORIENTED_EDGE('',*,*,#2076,.F.);
#2706=ORIENTED_EDGE('',*,*,#2113,.T.);
#2707=ORIENTED_EDGE('',*,*,#2114,.T.);
#2708=ORIENTED_EDGE('',*,*,#2115,.T.);
#2709=ORIENTED_EDGE('',*,*,#2116,.T.);
#2710=ORIENTED_EDGE('',*,*,#2117,.T.);
#2711=ORIENTED_EDGE('',*,*,#2118,.T.);
#2712=ORIENTED_EDGE('',*,*,#2118,.F.);
#2713=ORIENTED_EDGE('',*,*,#2119,.T.);
#2714=ORIENTED_EDGE('',*,*,#2120,.F.);
#2715=ORIENTED_EDGE('',*,*,#2121,.T.);
#2716=ORIENTED_EDGE('',*,*,#2122,.T.);
#2717=ORIENTED_EDGE('',*,*,#2123,.T.);
#2718=ORIENTED_EDGE('',*,*,#2117,.F.);
#2719=ORIENTED_EDGE('',*,*,#2124,.F.);
#2720=ORIENTED_EDGE('',*,*,#2125,.F.);
#2721=ORIENTED_EDGE('',*,*,#2119,.F.);
#2722=ORIENTED_EDGE('',*,*,#2116,.F.);
#2723=ORIENTED_EDGE('',*,*,#2126,.F.);
#2724=ORIENTED_EDGE('',*,*,#2127,.T.);
#2725=ORIENTED_EDGE('',*,*,#2128,.T.);
#2726=ORIENTED_EDGE('',*,*,#2129,.F.);
#2727=ORIENTED_EDGE('',*,*,#2124,.T.);
#2728=ORIENTED_EDGE('',*,*,#2115,.F.);
#2729=ORIENTED_EDGE('',*,*,#2130,.T.);
#2730=ORIENTED_EDGE('',*,*,#2131,.T.);
#2731=ORIENTED_EDGE('',*,*,#2132,.T.);
#2732=ORIENTED_EDGE('',*,*,#2126,.T.);
#2733=ORIENTED_EDGE('',*,*,#2120,.T.);
#2734=ORIENTED_EDGE('',*,*,#2125,.T.);
#2735=ORIENTED_EDGE('',*,*,#2129,.T.);
#2736=ORIENTED_EDGE('',*,*,#2133,.T.);
#2737=ORIENTED_EDGE('',*,*,#1972,.T.);
#2738=ORIENTED_EDGE('',*,*,#2058,.T.);
#2739=ORIENTED_EDGE('',*,*,#2134,.T.);
#2740=ORIENTED_EDGE('',*,*,#2134,.F.);
#2741=ORIENTED_EDGE('',*,*,#2057,.T.);
#2742=ORIENTED_EDGE('',*,*,#2135,.T.);
#2743=ORIENTED_EDGE('',*,*,#2136,.T.);
#2744=ORIENTED_EDGE('',*,*,#2121,.F.);
#2745=ORIENTED_EDGE('',*,*,#2133,.F.);
#2746=ORIENTED_EDGE('',*,*,#2128,.F.);
#2747=ORIENTED_EDGE('',*,*,#2137,.T.);
#2748=ORIENTED_EDGE('',*,*,#2138,.T.);
#2749=ORIENTED_EDGE('',*,*,#2139,.F.);
#2750=ORIENTED_EDGE('',*,*,#1973,.T.);
#2751=ORIENTED_EDGE('',*,*,#2140,.T.);
#2752=ORIENTED_EDGE('',*,*,#2141,.T.);
#2753=ORIENTED_EDGE('',*,*,#2142,.T.);
#2754=ORIENTED_EDGE('',*,*,#1974,.T.);
#2755=ORIENTED_EDGE('',*,*,#2139,.T.);
#2756=ORIENTED_EDGE('',*,*,#2143,.T.);
#2757=ORIENTED_EDGE('',*,*,#2054,.T.);
#2758=ORIENTED_EDGE('',*,*,#2144,.T.);
#2759=ORIENTED_EDGE('',*,*,#2047,.T.);
#2760=ORIENTED_EDGE('',*,*,#1987,.T.);
#2761=ORIENTED_EDGE('',*,*,#2141,.F.);
#2762=ORIENTED_EDGE('',*,*,#2145,.F.);
#2763=ORIENTED_EDGE('',*,*,#2146,.T.);
#2764=ORIENTED_EDGE('',*,*,#2147,.T.);
#2765=ORIENTED_EDGE('',*,*,#2148,.T.);
#2766=ORIENTED_EDGE('',*,*,#2149,.T.);
#2767=ORIENTED_EDGE('',*,*,#2150,.T.);
#2768=ORIENTED_EDGE('',*,*,#2148,.F.);
#2769=ORIENTED_EDGE('',*,*,#2151,.T.);
#2770=ORIENTED_EDGE('',*,*,#2152,.F.);
#2771=ORIENTED_EDGE('',*,*,#2153,.T.);
#2772=ORIENTED_EDGE('',*,*,#2149,.F.);
#2773=ORIENTED_EDGE('',*,*,#2150,.F.);
#2774=ORIENTED_EDGE('',*,*,#2153,.F.);
#2775=ORIENTED_EDGE('',*,*,#2140,.F.);
#2776=ORIENTED_EDGE('',*,*,#2138,.F.);
#2777=ORIENTED_EDGE('',*,*,#2154,.T.);
#2778=ORIENTED_EDGE('',*,*,#2131,.F.);
#2779=ORIENTED_EDGE('',*,*,#2155,.T.);
#2780=ORIENTED_EDGE('',*,*,#2145,.T.);
#2781=ORIENTED_EDGE('',*,*,#2137,.F.);
#2782=ORIENTED_EDGE('',*,*,#2127,.F.);
#2783=ORIENTED_EDGE('',*,*,#2132,.F.);
#2784=ORIENTED_EDGE('',*,*,#2154,.F.);
#2785=ORIENTED_EDGE('',*,*,#2156,.T.);
#2786=ORIENTED_EDGE('',*,*,#2113,.F.);
#2787=ORIENTED_EDGE('',*,*,#2123,.F.);
#2788=ORIENTED_EDGE('',*,*,#2157,.T.);
#2789=ORIENTED_EDGE('',*,*,#2158,.T.);
#2790=ORIENTED_EDGE('',*,*,#2159,.T.);
#2791=ORIENTED_EDGE('',*,*,#2160,.T.);
#2792=ORIENTED_EDGE('',*,*,#2161,.T.);
#2793=ORIENTED_EDGE('',*,*,#2158,.F.);
#2794=ORIENTED_EDGE('',*,*,#2162,.T.);
#2795=ORIENTED_EDGE('',*,*,#2135,.F.);
#2796=ORIENTED_EDGE('',*,*,#2056,.T.);
#2797=ORIENTED_EDGE('',*,*,#2122,.F.);
#2798=ORIENTED_EDGE('',*,*,#2136,.F.);
#2799=ORIENTED_EDGE('',*,*,#2162,.F.);
#2800=ORIENTED_EDGE('',*,*,#2157,.F.);
#2801=ORIENTED_EDGE('',*,*,#2163,.T.);
#2802=ORIENTED_EDGE('',*,*,#2164,.T.);
#2803=ORIENTED_EDGE('',*,*,#2165,.T.);
#2804=ORIENTED_EDGE('',*,*,#2166,.T.);
#2805=ORIENTED_EDGE('',*,*,#2167,.F.);
#2806=ORIENTED_EDGE('',*,*,#2168,.T.);
#2807=ORIENTED_EDGE('',*,*,#2169,.T.);
#2808=ORIENTED_EDGE('',*,*,#2170,.T.);
#2809=ORIENTED_EDGE('',*,*,#2171,.T.);
#2810=ORIENTED_EDGE('',*,*,#2172,.T.);
#2811=ORIENTED_EDGE('',*,*,#2173,.T.);
#2812=ORIENTED_EDGE('',*,*,#2174,.T.);
#2813=ORIENTED_EDGE('',*,*,#2169,.F.);
#2814=ORIENTED_EDGE('',*,*,#2175,.T.);
#2815=ORIENTED_EDGE('',*,*,#2165,.F.);
#2816=ORIENTED_EDGE('',*,*,#2176,.T.);
#2817=ORIENTED_EDGE('',*,*,#2173,.F.);
#2818=ORIENTED_EDGE('',*,*,#2177,.F.);
#2819=ORIENTED_EDGE('',*,*,#2178,.T.);
#2820=ORIENTED_EDGE('',*,*,#2179,.T.);
#2821=ORIENTED_EDGE('',*,*,#2178,.F.);
#2822=ORIENTED_EDGE('',*,*,#2180,.T.);
#2823=ORIENTED_EDGE('',*,*,#2181,.T.);
#2824=ORIENTED_EDGE('',*,*,#2182,.T.);
#2825=ORIENTED_EDGE('',*,*,#2181,.F.);
#2826=ORIENTED_EDGE('',*,*,#2183,.T.);
#2827=ORIENTED_EDGE('',*,*,#2184,.T.);
#2828=ORIENTED_EDGE('',*,*,#2185,.T.);
#2829=ORIENTED_EDGE('',*,*,#2167,.T.);
#2830=ORIENTED_EDGE('',*,*,#2180,.F.);
#2831=ORIENTED_EDGE('',*,*,#2186,.F.);
#2832=ORIENTED_EDGE('',*,*,#2187,.T.);
#2833=ORIENTED_EDGE('',*,*,#2188,.T.);
#2834=ORIENTED_EDGE('',*,*,#2183,.F.);
#2835=ORIENTED_EDGE('',*,*,#2177,.T.);
#2836=ORIENTED_EDGE('',*,*,#2172,.F.);
#2837=ORIENTED_EDGE('',*,*,#2189,.F.);
#2838=ORIENTED_EDGE('',*,*,#2190,.T.);
#2839=ORIENTED_EDGE('',*,*,#2186,.T.);
#2840=ORIENTED_EDGE('',*,*,#2171,.F.);
#2841=ORIENTED_EDGE('',*,*,#2191,.F.);
#2842=ORIENTED_EDGE('',*,*,#2192,.T.);
#2843=ORIENTED_EDGE('',*,*,#2189,.T.);
#2844=ORIENTED_EDGE('',*,*,#2152,.T.);
#2845=ORIENTED_EDGE('',*,*,#2193,.F.);
#2846=ORIENTED_EDGE('',*,*,#2163,.F.);
#2847=ORIENTED_EDGE('',*,*,#2194,.T.);
#2848=ORIENTED_EDGE('',*,*,#2193,.T.);
#2849=ORIENTED_EDGE('',*,*,#2194,.F.);
#2850=ORIENTED_EDGE('',*,*,#2184,.F.);
#2851=ORIENTED_EDGE('',*,*,#2188,.F.);
#2852=ORIENTED_EDGE('',*,*,#2195,.T.);
#2853=ORIENTED_EDGE('',*,*,#2196,.T.);
#2854=ORIENTED_EDGE('',*,*,#2164,.F.);
#2855=ORIENTED_EDGE('',*,*,#2185,.F.);
#2856=ORIENTED_EDGE('',*,*,#2196,.F.);
#2857=ORIENTED_EDGE('',*,*,#2197,.T.);
#2858=ORIENTED_EDGE('',*,*,#2198,.T.);
#2859=ORIENTED_EDGE('',*,*,#2174,.F.);
#2860=ORIENTED_EDGE('',*,*,#2198,.F.);
#2861=ORIENTED_EDGE('',*,*,#2199,.T.);
#2862=ORIENTED_EDGE('',*,*,#2191,.T.);
#2863=ORIENTED_EDGE('',*,*,#2170,.F.);
#2864=ORIENTED_EDGE('',*,*,#2199,.F.);
#2865=ORIENTED_EDGE('',*,*,#2197,.F.);
#2866=ORIENTED_EDGE('',*,*,#2195,.F.);
#2867=ORIENTED_EDGE('',*,*,#2187,.F.);
#2868=ORIENTED_EDGE('',*,*,#2190,.F.);
#2869=ORIENTED_EDGE('',*,*,#2192,.F.);
#2870=ORIENTED_EDGE('',*,*,#2200,.F.);
#2871=ORIENTED_EDGE('',*,*,#2156,.F.);
#2872=ORIENTED_EDGE('',*,*,#2201,.T.);
#2873=ORIENTED_EDGE('',*,*,#2200,.T.);
#2874=ORIENTED_EDGE('',*,*,#2201,.F.);
#2875=ORIENTED_EDGE('',*,*,#2202,.T.);
#2876=ORIENTED_EDGE('',*,*,#2203,.T.);
#2877=ORIENTED_EDGE('',*,*,#2204,.T.);
#2878=ORIENTED_EDGE('',*,*,#2202,.F.);
#2879=ORIENTED_EDGE('',*,*,#2098,.T.);
#2880=ORIENTED_EDGE('',*,*,#2205,.F.);
#2881=ORIENTED_EDGE('',*,*,#2206,.T.);
#2882=ORIENTED_EDGE('',*,*,#2203,.F.);
#2883=ORIENTED_EDGE('',*,*,#2204,.F.);
#2884=ORIENTED_EDGE('',*,*,#2206,.F.);
#2885=ORIENTED_EDGE('',*,*,#2104,.F.);
#2886=ORIENTED_EDGE('',*,*,#2112,.F.);
#2887=ORIENTED_EDGE('',*,*,#2207,.T.);
#2888=ORIENTED_EDGE('',*,*,#2100,.F.);
#2889=ORIENTED_EDGE('',*,*,#2208,.T.);
#2890=ORIENTED_EDGE('',*,*,#2086,.T.);
#2891=ORIENTED_EDGE('',*,*,#2102,.F.);
#2892=ORIENTED_EDGE('',*,*,#2209,.T.);
#2893=ORIENTED_EDGE('',*,*,#2110,.T.);
#2894=ORIENTED_EDGE('',*,*,#2070,.T.);
#2895=ORIENTED_EDGE('',*,*,#2210,.T.);
#2896=ORIENTED_EDGE('',*,*,#2087,.F.);
#2897=ORIENTED_EDGE('',*,*,#2208,.F.);
#2898=ORIENTED_EDGE('',*,*,#2069,.T.);
#2899=ORIENTED_EDGE('',*,*,#2211,.T.);
#2900=ORIENTED_EDGE('',*,*,#2111,.F.);
#2901=ORIENTED_EDGE('',*,*,#2209,.F.);
#2902=ORIENTED_EDGE('',*,*,#2101,.F.);
#2903=ORIENTED_EDGE('',*,*,#2207,.F.);
#2904=ORIENTED_EDGE('',*,*,#2212,.T.);
#2905=ORIENTED_EDGE('',*,*,#2213,.T.);
#2906=ORIENTED_EDGE('',*,*,#2108,.T.);
#2907=ORIENTED_EDGE('',*,*,#2090,.T.);
#2908=ORIENTED_EDGE('',*,*,#2214,.T.);
#2909=ORIENTED_EDGE('',*,*,#2066,.T.);
#2910=ORIENTED_EDGE('',*,*,#2075,.T.);
#2911=ORIENTED_EDGE('',*,*,#2213,.F.);
#2912=ORIENTED_EDGE('',*,*,#2074,.F.);
#2913=ORIENTED_EDGE('',*,*,#2107,.F.);
#2914=ORIENTED_EDGE('',*,*,#2109,.F.);
#2915=ORIENTED_EDGE('',*,*,#2215,.T.);
#2916=ORIENTED_EDGE('',*,*,#2216,.T.);
#2917=ORIENTED_EDGE('',*,*,#2217,.T.);
#2918=ORIENTED_EDGE('',*,*,#2096,.T.);
#2919=ORIENTED_EDGE('',*,*,#2218,.F.);
#2920=ORIENTED_EDGE('',*,*,#2092,.T.);
#2921=ORIENTED_EDGE('',*,*,#2219,.T.);
#2922=ORIENTED_EDGE('',*,*,#2220,.T.);
#2923=ORIENTED_EDGE('',*,*,#2221,.T.);
#2924=ORIENTED_EDGE('',*,*,#2222,.T.);
#2925=ORIENTED_EDGE('',*,*,#2223,.T.);
#2926=ORIENTED_EDGE('',*,*,#2224,.T.);
#2927=ORIENTED_EDGE('',*,*,#2219,.F.);
#2928=ORIENTED_EDGE('',*,*,#2097,.T.);
#2929=ORIENTED_EDGE('',*,*,#2217,.F.);
#2930=ORIENTED_EDGE('',*,*,#2093,.T.);
#2931=ORIENTED_EDGE('',*,*,#2223,.F.);
#2932=ORIENTED_EDGE('',*,*,#2225,.F.);
#2933=ORIENTED_EDGE('',*,*,#2226,.T.);
#2934=ORIENTED_EDGE('',*,*,#2094,.T.);
#2935=ORIENTED_EDGE('',*,*,#2226,.F.);
#2936=ORIENTED_EDGE('',*,*,#2227,.T.);
#2937=ORIENTED_EDGE('',*,*,#2228,.T.);
#2938=ORIENTED_EDGE('',*,*,#2095,.T.);
#2939=ORIENTED_EDGE('',*,*,#2228,.F.);
#2940=ORIENTED_EDGE('',*,*,#2229,.T.);
#2941=ORIENTED_EDGE('',*,*,#2230,.T.);
#2942=ORIENTED_EDGE('',*,*,#2231,.T.);
#2943=ORIENTED_EDGE('',*,*,#2218,.T.);
#2944=ORIENTED_EDGE('',*,*,#2227,.F.);
#2945=ORIENTED_EDGE('',*,*,#2232,.F.);
#2946=ORIENTED_EDGE('',*,*,#2233,.T.);
#2947=ORIENTED_EDGE('',*,*,#2234,.T.);
#2948=ORIENTED_EDGE('',*,*,#2229,.F.);
#2949=ORIENTED_EDGE('',*,*,#2225,.T.);
#2950=ORIENTED_EDGE('',*,*,#2222,.F.);
#2951=ORIENTED_EDGE('',*,*,#2235,.F.);
#2952=ORIENTED_EDGE('',*,*,#2236,.T.);
#2953=ORIENTED_EDGE('',*,*,#2232,.T.);
#2954=ORIENTED_EDGE('',*,*,#2221,.F.);
#2955=ORIENTED_EDGE('',*,*,#2237,.F.);
#2956=ORIENTED_EDGE('',*,*,#2238,.T.);
#2957=ORIENTED_EDGE('',*,*,#2235,.T.);
#2958=ORIENTED_EDGE('',*,*,#2205,.T.);
#2959=ORIENTED_EDGE('',*,*,#2239,.F.);
#2960=ORIENTED_EDGE('',*,*,#2215,.F.);
#2961=ORIENTED_EDGE('',*,*,#2240,.T.);
#2962=ORIENTED_EDGE('',*,*,#2239,.T.);
#2963=ORIENTED_EDGE('',*,*,#2240,.F.);
#2964=ORIENTED_EDGE('',*,*,#2230,.F.);
#2965=ORIENTED_EDGE('',*,*,#2234,.F.);
#2966=ORIENTED_EDGE('',*,*,#2241,.T.);
#2967=ORIENTED_EDGE('',*,*,#2242,.T.);
#2968=ORIENTED_EDGE('',*,*,#2216,.F.);
#2969=ORIENTED_EDGE('',*,*,#2231,.F.);
#2970=ORIENTED_EDGE('',*,*,#2242,.F.);
#2971=ORIENTED_EDGE('',*,*,#2243,.T.);
#2972=ORIENTED_EDGE('',*,*,#2244,.T.);
#2973=ORIENTED_EDGE('',*,*,#2224,.F.);
#2974=ORIENTED_EDGE('',*,*,#2244,.F.);
#2975=ORIENTED_EDGE('',*,*,#2245,.T.);
#2976=ORIENTED_EDGE('',*,*,#2237,.T.);
#2977=ORIENTED_EDGE('',*,*,#2220,.F.);
#2978=ORIENTED_EDGE('',*,*,#2245,.F.);
#2979=ORIENTED_EDGE('',*,*,#2243,.F.);
#2980=ORIENTED_EDGE('',*,*,#2241,.F.);
#2981=ORIENTED_EDGE('',*,*,#2233,.F.);
#2982=ORIENTED_EDGE('',*,*,#2236,.F.);
#2983=ORIENTED_EDGE('',*,*,#2238,.F.);
#2984=ORIENTED_EDGE('',*,*,#2246,.F.);
#2985=ORIENTED_EDGE('',*,*,#2212,.F.);
#2986=ORIENTED_EDGE('',*,*,#2247,.T.);
#2987=ORIENTED_EDGE('',*,*,#2246,.T.);
#2988=ORIENTED_EDGE('',*,*,#2247,.F.);
#2989=ORIENTED_EDGE('',*,*,#2144,.F.);
#2990=ORIENTED_EDGE('',*,*,#2051,.T.);
#2991=ORIENTED_EDGE('',*,*,#2142,.F.);
#2992=ORIENTED_EDGE('',*,*,#2147,.F.);
#2993=ORIENTED_EDGE('',*,*,#2248,.F.);
#2994=ORIENTED_EDGE('',*,*,#2046,.T.);
#2995=ORIENTED_EDGE('',*,*,#2050,.T.);
#2996=ORIENTED_EDGE('',*,*,#2048,.F.);
#2997=ORIENTED_EDGE('',*,*,#2114,.F.);
#2998=ORIENTED_EDGE('',*,*,#2159,.F.);
#2999=ORIENTED_EDGE('',*,*,#2161,.F.);
#3000=ORIENTED_EDGE('',*,*,#2249,.F.);
#3001=ORIENTED_EDGE('',*,*,#1985,.F.);
#3002=ORIENTED_EDGE('',*,*,#2248,.T.);
#3003=ORIENTED_EDGE('',*,*,#2146,.F.);
#3004=ORIENTED_EDGE('',*,*,#2155,.F.);
#3005=ORIENTED_EDGE('',*,*,#2130,.F.);
#3006=ORIENTED_EDGE('',*,*,#2151,.F.);
#3007=ORIENTED_EDGE('',*,*,#2168,.F.);
#3008=ORIENTED_EDGE('',*,*,#2176,.F.);
#3009=ORIENTED_EDGE('',*,*,#2179,.F.);
#3010=ORIENTED_EDGE('',*,*,#2182,.F.);
#3011=ORIENTED_EDGE('',*,*,#2166,.F.);
#3012=ORIENTED_EDGE('',*,*,#2175,.F.);
#3013=ORIENTED_EDGE('',*,*,#1986,.F.);
#3014=ORIENTED_EDGE('',*,*,#2249,.T.);
#3015=ORIENTED_EDGE('',*,*,#2160,.F.);
#3016=ORIENTED_EDGE('',*,*,#2055,.F.);
#3017=ORIENTED_EDGE('',*,*,#2143,.F.);
#3018=ORIENTED_EDGE('',*,*,#2010,.F.);
#3019=ORIENTED_EDGE('',*,*,#2067,.T.);
#3020=ORIENTED_EDGE('',*,*,#2214,.F.);
#3021=ORIENTED_EDGE('',*,*,#2089,.F.);
#3022=ORIENTED_EDGE('',*,*,#2088,.T.);
#3023=ORIENTED_EDGE('',*,*,#2210,.F.);
#3024=ORIENTED_EDGE('',*,*,#2250,.F.);
#3025=ORIENTED_EDGE('',*,*,#2041,.T.);
#3026=ORIENTED_EDGE('',*,*,#2033,.F.);
#3027=ORIENTED_EDGE('',*,*,#2251,.F.);
#3028=ORIENTED_EDGE('',*,*,#2252,.T.);
#3029=ORIENTED_EDGE('',*,*,#2253,.T.);
#3030=ORIENTED_EDGE('',*,*,#2254,.F.);
#3031=ORIENTED_EDGE('',*,*,#2255,.F.);
#3032=ORIENTED_EDGE('',*,*,#2256,.T.);
#3033=ORIENTED_EDGE('',*,*,#2257,.T.);
#3034=ORIENTED_EDGE('',*,*,#2252,.F.);
#3035=ORIENTED_EDGE('',*,*,#2258,.F.);
#3036=ORIENTED_EDGE('',*,*,#2259,.T.);
#3037=ORIENTED_EDGE('',*,*,#2260,.T.);
#3038=ORIENTED_EDGE('',*,*,#2256,.F.);
#3039=ORIENTED_EDGE('',*,*,#2261,.F.);
#3040=ORIENTED_EDGE('',*,*,#2262,.T.);
#3041=ORIENTED_EDGE('',*,*,#2263,.T.);
#3042=ORIENTED_EDGE('',*,*,#2259,.F.);
#3043=ORIENTED_EDGE('',*,*,#2264,.F.);
#3044=ORIENTED_EDGE('',*,*,#2265,.T.);
#3045=ORIENTED_EDGE('',*,*,#2266,.T.);
#3046=ORIENTED_EDGE('',*,*,#2262,.F.);
#3047=ORIENTED_EDGE('',*,*,#2267,.F.);
#3048=ORIENTED_EDGE('',*,*,#2268,.T.);
#3049=ORIENTED_EDGE('',*,*,#2269,.T.);
#3050=ORIENTED_EDGE('',*,*,#2265,.F.);
#3051=ORIENTED_EDGE('',*,*,#2270,.F.);
#3052=ORIENTED_EDGE('',*,*,#2271,.T.);
#3053=ORIENTED_EDGE('',*,*,#2272,.T.);
#3054=ORIENTED_EDGE('',*,*,#2268,.F.);
#3055=ORIENTED_EDGE('',*,*,#2273,.F.);
#3056=ORIENTED_EDGE('',*,*,#2274,.T.);
#3057=ORIENTED_EDGE('',*,*,#2275,.T.);
#3058=ORIENTED_EDGE('',*,*,#2271,.F.);
#3059=ORIENTED_EDGE('',*,*,#2276,.F.);
#3060=ORIENTED_EDGE('',*,*,#2277,.T.);
#3061=ORIENTED_EDGE('',*,*,#2278,.T.);
#3062=ORIENTED_EDGE('',*,*,#2274,.F.);
#3063=ORIENTED_EDGE('',*,*,#2279,.F.);
#3064=ORIENTED_EDGE('',*,*,#2280,.T.);
#3065=ORIENTED_EDGE('',*,*,#2281,.T.);
#3066=ORIENTED_EDGE('',*,*,#2277,.F.);
#3067=ORIENTED_EDGE('',*,*,#2282,.F.);
#3068=ORIENTED_EDGE('',*,*,#2283,.T.);
#3069=ORIENTED_EDGE('',*,*,#2284,.T.);
#3070=ORIENTED_EDGE('',*,*,#2280,.F.);
#3071=ORIENTED_EDGE('',*,*,#2285,.F.);
#3072=ORIENTED_EDGE('',*,*,#2286,.T.);
#3073=ORIENTED_EDGE('',*,*,#2287,.T.);
#3074=ORIENTED_EDGE('',*,*,#2283,.F.);
#3075=ORIENTED_EDGE('',*,*,#2288,.F.);
#3076=ORIENTED_EDGE('',*,*,#2289,.T.);
#3077=ORIENTED_EDGE('',*,*,#2290,.T.);
#3078=ORIENTED_EDGE('',*,*,#2286,.F.);
#3079=ORIENTED_EDGE('',*,*,#2291,.F.);
#3080=ORIENTED_EDGE('',*,*,#2292,.T.);
#3081=ORIENTED_EDGE('',*,*,#2293,.T.);
#3082=ORIENTED_EDGE('',*,*,#2289,.F.);
#3083=ORIENTED_EDGE('',*,*,#2294,.F.);
#3084=ORIENTED_EDGE('',*,*,#2295,.T.);
#3085=ORIENTED_EDGE('',*,*,#2296,.T.);
#3086=ORIENTED_EDGE('',*,*,#2292,.F.);
#3087=ORIENTED_EDGE('',*,*,#2297,.F.);
#3088=ORIENTED_EDGE('',*,*,#2298,.T.);
#3089=ORIENTED_EDGE('',*,*,#2299,.T.);
#3090=ORIENTED_EDGE('',*,*,#2295,.F.);
#3091=ORIENTED_EDGE('',*,*,#2300,.F.);
#3092=ORIENTED_EDGE('',*,*,#2254,.T.);
#3093=ORIENTED_EDGE('',*,*,#2301,.T.);
#3094=ORIENTED_EDGE('',*,*,#2298,.F.);
#3095=ORIENTED_EDGE('',*,*,#2301,.F.);
#3096=ORIENTED_EDGE('',*,*,#2253,.F.);
#3097=ORIENTED_EDGE('',*,*,#2257,.F.);
#3098=ORIENTED_EDGE('',*,*,#2260,.F.);
#3099=ORIENTED_EDGE('',*,*,#2263,.F.);
#3100=ORIENTED_EDGE('',*,*,#2266,.F.);
#3101=ORIENTED_EDGE('',*,*,#2269,.F.);
#3102=ORIENTED_EDGE('',*,*,#2272,.F.);
#3103=ORIENTED_EDGE('',*,*,#2275,.F.);
#3104=ORIENTED_EDGE('',*,*,#2278,.F.);
#3105=ORIENTED_EDGE('',*,*,#2281,.F.);
#3106=ORIENTED_EDGE('',*,*,#2284,.F.);
#3107=ORIENTED_EDGE('',*,*,#2287,.F.);
#3108=ORIENTED_EDGE('',*,*,#2290,.F.);
#3109=ORIENTED_EDGE('',*,*,#2293,.F.);
#3110=ORIENTED_EDGE('',*,*,#2296,.F.);
#3111=ORIENTED_EDGE('',*,*,#2299,.F.);
#3112=ORIENTED_EDGE('',*,*,#2302,.F.);
#3113=ORIENTED_EDGE('',*,*,#2303,.T.);
#3114=ORIENTED_EDGE('',*,*,#2304,.T.);
#3115=ORIENTED_EDGE('',*,*,#2305,.F.);
#3116=ORIENTED_EDGE('',*,*,#2306,.F.);
#3117=ORIENTED_EDGE('',*,*,#2307,.T.);
#3118=ORIENTED_EDGE('',*,*,#2308,.T.);
#3119=ORIENTED_EDGE('',*,*,#2303,.F.);
#3120=ORIENTED_EDGE('',*,*,#2309,.F.);
#3121=ORIENTED_EDGE('',*,*,#2310,.T.);
#3122=ORIENTED_EDGE('',*,*,#2311,.T.);
#3123=ORIENTED_EDGE('',*,*,#2307,.F.);
#3124=ORIENTED_EDGE('',*,*,#2312,.F.);
#3125=ORIENTED_EDGE('',*,*,#2313,.T.);
#3126=ORIENTED_EDGE('',*,*,#2314,.T.);
#3127=ORIENTED_EDGE('',*,*,#2310,.F.);
#3128=ORIENTED_EDGE('',*,*,#2315,.F.);
#3129=ORIENTED_EDGE('',*,*,#2316,.T.);
#3130=ORIENTED_EDGE('',*,*,#2317,.T.);
#3131=ORIENTED_EDGE('',*,*,#2313,.F.);
#3132=ORIENTED_EDGE('',*,*,#2318,.F.);
#3133=ORIENTED_EDGE('',*,*,#2319,.T.);
#3134=ORIENTED_EDGE('',*,*,#2320,.T.);
#3135=ORIENTED_EDGE('',*,*,#2316,.F.);
#3136=ORIENTED_EDGE('',*,*,#2321,.F.);
#3137=ORIENTED_EDGE('',*,*,#2322,.T.);
#3138=ORIENTED_EDGE('',*,*,#2323,.T.);
#3139=ORIENTED_EDGE('',*,*,#2319,.F.);
#3140=ORIENTED_EDGE('',*,*,#2324,.F.);
#3141=ORIENTED_EDGE('',*,*,#2325,.T.);
#3142=ORIENTED_EDGE('',*,*,#2326,.T.);
#3143=ORIENTED_EDGE('',*,*,#2322,.F.);
#3144=ORIENTED_EDGE('',*,*,#2327,.F.);
#3145=ORIENTED_EDGE('',*,*,#2328,.T.);
#3146=ORIENTED_EDGE('',*,*,#2329,.T.);
#3147=ORIENTED_EDGE('',*,*,#2325,.F.);
#3148=ORIENTED_EDGE('',*,*,#2330,.F.);
#3149=ORIENTED_EDGE('',*,*,#2331,.T.);
#3150=ORIENTED_EDGE('',*,*,#2332,.T.);
#3151=ORIENTED_EDGE('',*,*,#2328,.F.);
#3152=ORIENTED_EDGE('',*,*,#2333,.F.);
#3153=ORIENTED_EDGE('',*,*,#2334,.T.);
#3154=ORIENTED_EDGE('',*,*,#2335,.T.);
#3155=ORIENTED_EDGE('',*,*,#2331,.F.);
#3156=ORIENTED_EDGE('',*,*,#2336,.F.);
#3157=ORIENTED_EDGE('',*,*,#2337,.T.);
#3158=ORIENTED_EDGE('',*,*,#2338,.T.);
#3159=ORIENTED_EDGE('',*,*,#2334,.F.);
#3160=ORIENTED_EDGE('',*,*,#2339,.F.);
#3161=ORIENTED_EDGE('',*,*,#2340,.T.);
#3162=ORIENTED_EDGE('',*,*,#2341,.T.);
#3163=ORIENTED_EDGE('',*,*,#2337,.F.);
#3164=ORIENTED_EDGE('',*,*,#2342,.F.);
#3165=ORIENTED_EDGE('',*,*,#2343,.T.);
#3166=ORIENTED_EDGE('',*,*,#2344,.T.);
#3167=ORIENTED_EDGE('',*,*,#2340,.F.);
#3168=ORIENTED_EDGE('',*,*,#2345,.F.);
#3169=ORIENTED_EDGE('',*,*,#2346,.T.);
#3170=ORIENTED_EDGE('',*,*,#2347,.T.);
#3171=ORIENTED_EDGE('',*,*,#2343,.F.);
#3172=ORIENTED_EDGE('',*,*,#2348,.F.);
#3173=ORIENTED_EDGE('',*,*,#2349,.T.);
#3174=ORIENTED_EDGE('',*,*,#2350,.T.);
#3175=ORIENTED_EDGE('',*,*,#2346,.F.);
#3176=ORIENTED_EDGE('',*,*,#2351,.F.);
#3177=ORIENTED_EDGE('',*,*,#2352,.T.);
#3178=ORIENTED_EDGE('',*,*,#2353,.T.);
#3179=ORIENTED_EDGE('',*,*,#2349,.F.);
#3180=ORIENTED_EDGE('',*,*,#2354,.F.);
#3181=ORIENTED_EDGE('',*,*,#2355,.T.);
#3182=ORIENTED_EDGE('',*,*,#2356,.T.);
#3183=ORIENTED_EDGE('',*,*,#2352,.F.);
#3184=ORIENTED_EDGE('',*,*,#2357,.F.);
#3185=ORIENTED_EDGE('',*,*,#2358,.T.);
#3186=ORIENTED_EDGE('',*,*,#2359,.T.);
#3187=ORIENTED_EDGE('',*,*,#2355,.F.);
#3188=ORIENTED_EDGE('',*,*,#2360,.F.);
#3189=ORIENTED_EDGE('',*,*,#2361,.T.);
#3190=ORIENTED_EDGE('',*,*,#2362,.T.);
#3191=ORIENTED_EDGE('',*,*,#2358,.F.);
#3192=ORIENTED_EDGE('',*,*,#2363,.F.);
#3193=ORIENTED_EDGE('',*,*,#2364,.T.);
#3194=ORIENTED_EDGE('',*,*,#2365,.T.);
#3195=ORIENTED_EDGE('',*,*,#2361,.F.);
#3196=ORIENTED_EDGE('',*,*,#2366,.F.);
#3197=ORIENTED_EDGE('',*,*,#2367,.T.);
#3198=ORIENTED_EDGE('',*,*,#2368,.T.);
#3199=ORIENTED_EDGE('',*,*,#2364,.F.);
#3200=ORIENTED_EDGE('',*,*,#2369,.F.);
#3201=ORIENTED_EDGE('',*,*,#2370,.T.);
#3202=ORIENTED_EDGE('',*,*,#2371,.T.);
#3203=ORIENTED_EDGE('',*,*,#2367,.F.);
#3204=ORIENTED_EDGE('',*,*,#2372,.F.);
#3205=ORIENTED_EDGE('',*,*,#2373,.T.);
#3206=ORIENTED_EDGE('',*,*,#2374,.T.);
#3207=ORIENTED_EDGE('',*,*,#2370,.F.);
#3208=ORIENTED_EDGE('',*,*,#2375,.F.);
#3209=ORIENTED_EDGE('',*,*,#2376,.T.);
#3210=ORIENTED_EDGE('',*,*,#2377,.T.);
#3211=ORIENTED_EDGE('',*,*,#2373,.F.);
#3212=ORIENTED_EDGE('',*,*,#2378,.F.);
#3213=ORIENTED_EDGE('',*,*,#2379,.T.);
#3214=ORIENTED_EDGE('',*,*,#2380,.T.);
#3215=ORIENTED_EDGE('',*,*,#2376,.F.);
#3216=ORIENTED_EDGE('',*,*,#2381,.F.);
#3217=ORIENTED_EDGE('',*,*,#2382,.T.);
#3218=ORIENTED_EDGE('',*,*,#2383,.T.);
#3219=ORIENTED_EDGE('',*,*,#2379,.F.);
#3220=ORIENTED_EDGE('',*,*,#2384,.F.);
#3221=ORIENTED_EDGE('',*,*,#2385,.T.);
#3222=ORIENTED_EDGE('',*,*,#2386,.T.);
#3223=ORIENTED_EDGE('',*,*,#2382,.F.);
#3224=ORIENTED_EDGE('',*,*,#2387,.F.);
#3225=ORIENTED_EDGE('',*,*,#2388,.T.);
#3226=ORIENTED_EDGE('',*,*,#2389,.T.);
#3227=ORIENTED_EDGE('',*,*,#2385,.F.);
#3228=ORIENTED_EDGE('',*,*,#2390,.F.);
#3229=ORIENTED_EDGE('',*,*,#2391,.T.);
#3230=ORIENTED_EDGE('',*,*,#2392,.T.);
#3231=ORIENTED_EDGE('',*,*,#2388,.F.);
#3232=ORIENTED_EDGE('',*,*,#2393,.F.);
#3233=ORIENTED_EDGE('',*,*,#2394,.T.);
#3234=ORIENTED_EDGE('',*,*,#2395,.T.);
#3235=ORIENTED_EDGE('',*,*,#2391,.F.);
#3236=ORIENTED_EDGE('',*,*,#2396,.F.);
#3237=ORIENTED_EDGE('',*,*,#2397,.T.);
#3238=ORIENTED_EDGE('',*,*,#2398,.T.);
#3239=ORIENTED_EDGE('',*,*,#2394,.F.);
#3240=ORIENTED_EDGE('',*,*,#2399,.F.);
#3241=ORIENTED_EDGE('',*,*,#2400,.T.);
#3242=ORIENTED_EDGE('',*,*,#2401,.T.);
#3243=ORIENTED_EDGE('',*,*,#2397,.F.);
#3244=ORIENTED_EDGE('',*,*,#2402,.F.);
#3245=ORIENTED_EDGE('',*,*,#2403,.T.);
#3246=ORIENTED_EDGE('',*,*,#2404,.T.);
#3247=ORIENTED_EDGE('',*,*,#2400,.F.);
#3248=ORIENTED_EDGE('',*,*,#2405,.F.);
#3249=ORIENTED_EDGE('',*,*,#2406,.T.);
#3250=ORIENTED_EDGE('',*,*,#2407,.T.);
#3251=ORIENTED_EDGE('',*,*,#2403,.F.);
#3252=ORIENTED_EDGE('',*,*,#2408,.F.);
#3253=ORIENTED_EDGE('',*,*,#2409,.T.);
#3254=ORIENTED_EDGE('',*,*,#2410,.T.);
#3255=ORIENTED_EDGE('',*,*,#2406,.F.);
#3256=ORIENTED_EDGE('',*,*,#2411,.F.);
#3257=ORIENTED_EDGE('',*,*,#2412,.T.);
#3258=ORIENTED_EDGE('',*,*,#2413,.T.);
#3259=ORIENTED_EDGE('',*,*,#2409,.F.);
#3260=ORIENTED_EDGE('',*,*,#2414,.F.);
#3261=ORIENTED_EDGE('',*,*,#2415,.T.);
#3262=ORIENTED_EDGE('',*,*,#2416,.T.);
#3263=ORIENTED_EDGE('',*,*,#2412,.F.);
#3264=ORIENTED_EDGE('',*,*,#2417,.F.);
#3265=ORIENTED_EDGE('',*,*,#2418,.T.);
#3266=ORIENTED_EDGE('',*,*,#2419,.T.);
#3267=ORIENTED_EDGE('',*,*,#2415,.F.);
#3268=ORIENTED_EDGE('',*,*,#2420,.F.);
#3269=ORIENTED_EDGE('',*,*,#2421,.T.);
#3270=ORIENTED_EDGE('',*,*,#2422,.T.);
#3271=ORIENTED_EDGE('',*,*,#2418,.F.);
#3272=ORIENTED_EDGE('',*,*,#2423,.F.);
#3273=ORIENTED_EDGE('',*,*,#2305,.T.);
#3274=ORIENTED_EDGE('',*,*,#2424,.T.);
#3275=ORIENTED_EDGE('',*,*,#2421,.F.);
#3276=ORIENTED_EDGE('',*,*,#2424,.F.);
#3277=ORIENTED_EDGE('',*,*,#2304,.F.);
#3278=ORIENTED_EDGE('',*,*,#2308,.F.);
#3279=ORIENTED_EDGE('',*,*,#2311,.F.);
#3280=ORIENTED_EDGE('',*,*,#2314,.F.);
#3281=ORIENTED_EDGE('',*,*,#2317,.F.);
#3282=ORIENTED_EDGE('',*,*,#2320,.F.);
#3283=ORIENTED_EDGE('',*,*,#2323,.F.);
#3284=ORIENTED_EDGE('',*,*,#2326,.F.);
#3285=ORIENTED_EDGE('',*,*,#2329,.F.);
#3286=ORIENTED_EDGE('',*,*,#2332,.F.);
#3287=ORIENTED_EDGE('',*,*,#2335,.F.);
#3288=ORIENTED_EDGE('',*,*,#2338,.F.);
#3289=ORIENTED_EDGE('',*,*,#2341,.F.);
#3290=ORIENTED_EDGE('',*,*,#2344,.F.);
#3291=ORIENTED_EDGE('',*,*,#2347,.F.);
#3292=ORIENTED_EDGE('',*,*,#2350,.F.);
#3293=ORIENTED_EDGE('',*,*,#2353,.F.);
#3294=ORIENTED_EDGE('',*,*,#2356,.F.);
#3295=ORIENTED_EDGE('',*,*,#2359,.F.);
#3296=ORIENTED_EDGE('',*,*,#2362,.F.);
#3297=ORIENTED_EDGE('',*,*,#2365,.F.);
#3298=ORIENTED_EDGE('',*,*,#2368,.F.);
#3299=ORIENTED_EDGE('',*,*,#2371,.F.);
#3300=ORIENTED_EDGE('',*,*,#2374,.F.);
#3301=ORIENTED_EDGE('',*,*,#2377,.F.);
#3302=ORIENTED_EDGE('',*,*,#2380,.F.);
#3303=ORIENTED_EDGE('',*,*,#2383,.F.);
#3304=ORIENTED_EDGE('',*,*,#2386,.F.);
#3305=ORIENTED_EDGE('',*,*,#2389,.F.);
#3306=ORIENTED_EDGE('',*,*,#2392,.F.);
#3307=ORIENTED_EDGE('',*,*,#2395,.F.);
#3308=ORIENTED_EDGE('',*,*,#2398,.F.);
#3309=ORIENTED_EDGE('',*,*,#2401,.F.);
#3310=ORIENTED_EDGE('',*,*,#2404,.F.);
#3311=ORIENTED_EDGE('',*,*,#2407,.F.);
#3312=ORIENTED_EDGE('',*,*,#2410,.F.);
#3313=ORIENTED_EDGE('',*,*,#2413,.F.);
#3314=ORIENTED_EDGE('',*,*,#2416,.F.);
#3315=ORIENTED_EDGE('',*,*,#2419,.F.);
#3316=ORIENTED_EDGE('',*,*,#2422,.F.);
#3317=ORIENTED_EDGE('',*,*,#2425,.F.);
#3318=ORIENTED_EDGE('',*,*,#2426,.T.);
#3319=ORIENTED_EDGE('',*,*,#2427,.T.);
#3320=ORIENTED_EDGE('',*,*,#2426,.F.);
#3321=ORIENTED_EDGE('',*,*,#2427,.F.);
#3322=ORIENTED_EDGE('',*,*,#2428,.T.);
#3323=ORIENTED_EDGE('',*,*,#2429,.T.);
#3324=ORIENTED_EDGE('',*,*,#2430,.T.);
#3325=ORIENTED_EDGE('',*,*,#2431,.T.);
#3326=ORIENTED_EDGE('',*,*,#2431,.F.);
#3327=ORIENTED_EDGE('',*,*,#2432,.F.);
#3328=ORIENTED_EDGE('',*,*,#2433,.F.);
#3329=ORIENTED_EDGE('',*,*,#2434,.T.);
#3330=ORIENTED_EDGE('',*,*,#2430,.F.);
#3331=ORIENTED_EDGE('',*,*,#2435,.F.);
#3332=ORIENTED_EDGE('',*,*,#2436,.F.);
#3333=ORIENTED_EDGE('',*,*,#2437,.F.);
#3334=ORIENTED_EDGE('',*,*,#2438,.F.);
#3335=ORIENTED_EDGE('',*,*,#1980,.T.);
#3336=ORIENTED_EDGE('',*,*,#2439,.F.);
#3337=ORIENTED_EDGE('',*,*,#2432,.T.);
#3338=ORIENTED_EDGE('',*,*,#2440,.T.);
#3339=ORIENTED_EDGE('',*,*,#2441,.T.);
#3340=ORIENTED_EDGE('',*,*,#2442,.T.);
#3341=ORIENTED_EDGE('',*,*,#2443,.T.);
#3342=ORIENTED_EDGE('',*,*,#2433,.T.);
#3343=ORIENTED_EDGE('',*,*,#2439,.T.);
#3344=ORIENTED_EDGE('',*,*,#1979,.T.);
#3345=ORIENTED_EDGE('',*,*,#2438,.T.);
#3346=ORIENTED_EDGE('',*,*,#2444,.T.);
#3347=ORIENTED_EDGE('',*,*,#2445,.T.);
#3348=ORIENTED_EDGE('',*,*,#1981,.T.);
#3349=ORIENTED_EDGE('',*,*,#2444,.F.);
#3350=ORIENTED_EDGE('',*,*,#2437,.T.);
#3351=ORIENTED_EDGE('',*,*,#2446,.F.);
#3352=ORIENTED_EDGE('',*,*,#2447,.F.);
#3353=ORIENTED_EDGE('',*,*,#2251,.T.);
#3354=ORIENTED_EDGE('',*,*,#2300,.T.);
#3355=ORIENTED_EDGE('',*,*,#2297,.T.);
#3356=ORIENTED_EDGE('',*,*,#2294,.T.);
#3357=ORIENTED_EDGE('',*,*,#2291,.T.);
#3358=ORIENTED_EDGE('',*,*,#2288,.T.);
#3359=ORIENTED_EDGE('',*,*,#2285,.T.);
#3360=ORIENTED_EDGE('',*,*,#2282,.T.);
#3361=ORIENTED_EDGE('',*,*,#2279,.T.);
#3362=ORIENTED_EDGE('',*,*,#2276,.T.);
#3363=ORIENTED_EDGE('',*,*,#2273,.T.);
#3364=ORIENTED_EDGE('',*,*,#2270,.T.);
#3365=ORIENTED_EDGE('',*,*,#2267,.T.);
#3366=ORIENTED_EDGE('',*,*,#2264,.T.);
#3367=ORIENTED_EDGE('',*,*,#2261,.T.);
#3368=ORIENTED_EDGE('',*,*,#2258,.T.);
#3369=ORIENTED_EDGE('',*,*,#2255,.T.);
#3370=ORIENTED_EDGE('',*,*,#2302,.T.);
#3371=ORIENTED_EDGE('',*,*,#2423,.T.);
#3372=ORIENTED_EDGE('',*,*,#2420,.T.);
#3373=ORIENTED_EDGE('',*,*,#2417,.T.);
#3374=ORIENTED_EDGE('',*,*,#2414,.T.);
#3375=ORIENTED_EDGE('',*,*,#2411,.T.);
#3376=ORIENTED_EDGE('',*,*,#2408,.T.);
#3377=ORIENTED_EDGE('',*,*,#2405,.T.);
#3378=ORIENTED_EDGE('',*,*,#2402,.T.);
#3379=ORIENTED_EDGE('',*,*,#2399,.T.);
#3380=ORIENTED_EDGE('',*,*,#2396,.T.);
#3381=ORIENTED_EDGE('',*,*,#2393,.T.);
#3382=ORIENTED_EDGE('',*,*,#2390,.T.);
#3383=ORIENTED_EDGE('',*,*,#2387,.T.);
#3384=ORIENTED_EDGE('',*,*,#2384,.T.);
#3385=ORIENTED_EDGE('',*,*,#2381,.T.);
#3386=ORIENTED_EDGE('',*,*,#2378,.T.);
#3387=ORIENTED_EDGE('',*,*,#2375,.T.);
#3388=ORIENTED_EDGE('',*,*,#2372,.T.);
#3389=ORIENTED_EDGE('',*,*,#2369,.T.);
#3390=ORIENTED_EDGE('',*,*,#2366,.T.);
#3391=ORIENTED_EDGE('',*,*,#2363,.T.);
#3392=ORIENTED_EDGE('',*,*,#2360,.T.);
#3393=ORIENTED_EDGE('',*,*,#2357,.T.);
#3394=ORIENTED_EDGE('',*,*,#2354,.T.);
#3395=ORIENTED_EDGE('',*,*,#2351,.T.);
#3396=ORIENTED_EDGE('',*,*,#2348,.T.);
#3397=ORIENTED_EDGE('',*,*,#2345,.T.);
#3398=ORIENTED_EDGE('',*,*,#2342,.T.);
#3399=ORIENTED_EDGE('',*,*,#2339,.T.);
#3400=ORIENTED_EDGE('',*,*,#2336,.T.);
#3401=ORIENTED_EDGE('',*,*,#2333,.T.);
#3402=ORIENTED_EDGE('',*,*,#2330,.T.);
#3403=ORIENTED_EDGE('',*,*,#2327,.T.);
#3404=ORIENTED_EDGE('',*,*,#2324,.T.);
#3405=ORIENTED_EDGE('',*,*,#2321,.T.);
#3406=ORIENTED_EDGE('',*,*,#2318,.T.);
#3407=ORIENTED_EDGE('',*,*,#2315,.T.);
#3408=ORIENTED_EDGE('',*,*,#2312,.T.);
#3409=ORIENTED_EDGE('',*,*,#2309,.T.);
#3410=ORIENTED_EDGE('',*,*,#2306,.T.);
#3411=ORIENTED_EDGE('',*,*,#2448,.T.);
#3412=ORIENTED_EDGE('',*,*,#2449,.T.);
#3413=ORIENTED_EDGE('',*,*,#2436,.T.);
#3414=ORIENTED_EDGE('',*,*,#2450,.T.);
#3415=ORIENTED_EDGE('',*,*,#2451,.T.);
#3416=ORIENTED_EDGE('',*,*,#2446,.T.);
#3417=ORIENTED_EDGE('',*,*,#2429,.F.);
#3418=ORIENTED_EDGE('',*,*,#2452,.T.);
#3419=ORIENTED_EDGE('',*,*,#2450,.F.);
#3420=ORIENTED_EDGE('',*,*,#2435,.T.);
#3421=ORIENTED_EDGE('',*,*,#2453,.T.);
#3422=ORIENTED_EDGE('',*,*,#2454,.T.);
#3423=ORIENTED_EDGE('',*,*,#2455,.F.);
#3424=ORIENTED_EDGE('',*,*,#2456,.F.);
#3425=ORIENTED_EDGE('',*,*,#2454,.F.);
#3426=ORIENTED_EDGE('',*,*,#2448,.F.);
#3427=ORIENTED_EDGE('',*,*,#2457,.T.);
#3428=ORIENTED_EDGE('',*,*,#2453,.F.);
#3429=ORIENTED_EDGE('',*,*,#2457,.F.);
#3430=ORIENTED_EDGE('',*,*,#2458,.T.);
#3431=ORIENTED_EDGE('',*,*,#2459,.T.);
#3432=ORIENTED_EDGE('',*,*,#2460,.F.);
#3433=ORIENTED_EDGE('',*,*,#2461,.F.);
#3434=ORIENTED_EDGE('',*,*,#2459,.F.);
#3435=ORIENTED_EDGE('',*,*,#2449,.F.);
#3436=ORIENTED_EDGE('',*,*,#2462,.T.);
#3437=ORIENTED_EDGE('',*,*,#2458,.F.);
#3438=ORIENTED_EDGE('',*,*,#2462,.F.);
#3439=ORIENTED_EDGE('',*,*,#2460,.T.);
#3440=ORIENTED_EDGE('',*,*,#2461,.T.);
#3441=ORIENTED_EDGE('',*,*,#2463,.T.);
#3442=ORIENTED_EDGE('',*,*,#2464,.T.);
#3443=ORIENTED_EDGE('',*,*,#2463,.F.);
#3444=ORIENTED_EDGE('',*,*,#2464,.F.);
#3445=ORIENTED_EDGE('',*,*,#2455,.T.);
#3446=ORIENTED_EDGE('',*,*,#2456,.T.);
#3447=ORIENTED_EDGE('',*,*,#2465,.T.);
#3448=ORIENTED_EDGE('',*,*,#2466,.T.);
#3449=ORIENTED_EDGE('',*,*,#2465,.F.);
#3450=ORIENTED_EDGE('',*,*,#2466,.F.);
#3451=ORIENTED_EDGE('',*,*,#1988,.F.);
#3452=ORIENTED_EDGE('',*,*,#2017,.T.);
#3453=ORIENTED_EDGE('',*,*,#2467,.F.);
#3454=ORIENTED_EDGE('',*,*,#2012,.T.);
#3455=ORIENTED_EDGE('',*,*,#2468,.F.);
#3456=ORIENTED_EDGE('',*,*,#1990,.F.);
#3457=ORIENTED_EDGE('',*,*,#2014,.T.);
#3458=ORIENTED_EDGE('',*,*,#2469,.F.);
#3459=ORIENTED_EDGE('',*,*,#2015,.T.);
#3460=ORIENTED_EDGE('',*,*,#2470,.F.);
#3461=ORIENTED_EDGE('',*,*,#2469,.T.);
#3462=ORIENTED_EDGE('',*,*,#2013,.T.);
#3463=ORIENTED_EDGE('',*,*,#2467,.T.);
#3464=ORIENTED_EDGE('',*,*,#2016,.T.);
#3465=ORIENTED_EDGE('',*,*,#1993,.F.);
#3466=ORIENTED_EDGE('',*,*,#1978,.T.);
#3467=ORIENTED_EDGE('',*,*,#2471,.F.);
#3468=ORIENTED_EDGE('',*,*,#2018,.T.);
#3469=ORIENTED_EDGE('',*,*,#2472,.F.);
#3470=ORIENTED_EDGE('',*,*,#1992,.F.);
#3471=ORIENTED_EDGE('',*,*,#2020,.T.);
#3472=ORIENTED_EDGE('',*,*,#2473,.T.);
#3473=ORIENTED_EDGE('',*,*,#1976,.T.);
#3474=ORIENTED_EDGE('',*,*,#2474,.F.);
#3475=ORIENTED_EDGE('',*,*,#2473,.F.);
#3476=ORIENTED_EDGE('',*,*,#2019,.T.);
#3477=ORIENTED_EDGE('',*,*,#2471,.T.);
#3478=ORIENTED_EDGE('',*,*,#1977,.T.);
#3479=ORIENTED_EDGE('',*,*,#2475,.F.);
#3480=ORIENTED_EDGE('',*,*,#2476,.T.);
#3481=ORIENTED_EDGE('',*,*,#2470,.T.);
#3482=ORIENTED_EDGE('',*,*,#2476,.F.);
#3483=ORIENTED_EDGE('',*,*,#2474,.T.);
#3484=ORIENTED_EDGE('',*,*,#2477,.T.);
#3485=ORIENTED_EDGE('',*,*,#2442,.F.);
#3486=ORIENTED_EDGE('',*,*,#2477,.F.);
#3487=ORIENTED_EDGE('',*,*,#2478,.T.);
#3488=ORIENTED_EDGE('',*,*,#2479,.T.);
#3489=ORIENTED_EDGE('',*,*,#2478,.F.);
#3490=ORIENTED_EDGE('',*,*,#2480,.F.);
#3491=ORIENTED_EDGE('',*,*,#2481,.T.);
#3492=ORIENTED_EDGE('',*,*,#2440,.F.);
#3493=ORIENTED_EDGE('',*,*,#2481,.F.);
#3494=ORIENTED_EDGE('',*,*,#2479,.F.);
#3495=ORIENTED_EDGE('',*,*,#2482,.T.);
#3496=ORIENTED_EDGE('',*,*,#2480,.T.);
#3497=ORIENTED_EDGE('',*,*,#2482,.F.);
#3498=ORIENTED_EDGE('',*,*,#2468,.T.);
#3499=ORIENTED_EDGE('',*,*,#2483,.T.);
#3500=ORIENTED_EDGE('',*,*,#2441,.F.);
#3501=ORIENTED_EDGE('',*,*,#2483,.F.);
#3502=ORIENTED_EDGE('',*,*,#2475,.T.);
#3503=ORIENTED_EDGE('',*,*,#2484,.F.);
#3504=ORIENTED_EDGE('',*,*,#2485,.T.);
#3505=ORIENTED_EDGE('',*,*,#2472,.T.);
#3506=ORIENTED_EDGE('',*,*,#2485,.F.);
#3507=ORIENTED_EDGE('',*,*,#2484,.T.);
#3508=ORIENTED_EDGE('',*,*,#1995,.F.);
#3509=ORIENTED_EDGE('',*,*,#2486,.T.);
#3510=ORIENTED_EDGE('',*,*,#2487,.T.);
#3511=ORIENTED_EDGE('',*,*,#2486,.F.);
#3512=ORIENTED_EDGE('',*,*,#2487,.F.);
#3513=ORIENTED_EDGE('',*,*,#2425,.T.);
#3514=ORIENTED_EDGE('',*,*,#2053,.F.);
#3515=ORIENTED_EDGE('',*,*,#2007,.F.);
#3516=ORIENTED_EDGE('',*,*,#2038,.T.);
#3517=ORIENTED_EDGE('',*,*,#2040,.T.);
#3518=ORIENTED_EDGE('',*,*,#2250,.T.);
#3519=ORIENTED_EDGE('',*,*,#2211,.F.);
#3520=ORIENTED_EDGE('',*,*,#2068,.F.);
#3521=ORIENTED_EDGE('',*,*,#2008,.F.);
#3522=ORIENTED_EDGE('',*,*,#2488,.T.);
#3523=ORIENTED_EDGE('',*,*,#2489,.T.);
#3524=ORIENTED_EDGE('',*,*,#2488,.F.);
#3525=ORIENTED_EDGE('',*,*,#2489,.F.);
#3526=ORIENTED_EDGE('',*,*,#1996,.F.);
#3527=ORIENTED_EDGE('',*,*,#2032,.T.);
#3528=ORIENTED_EDGE('',*,*,#2490,.T.);
#3529=ORIENTED_EDGE('',*,*,#2024,.T.);
#3530=ORIENTED_EDGE('',*,*,#2491,.F.);
#3531=ORIENTED_EDGE('',*,*,#1998,.F.);
#3532=ORIENTED_EDGE('',*,*,#2026,.T.);
#3533=ORIENTED_EDGE('',*,*,#2492,.T.);
#3534=ORIENTED_EDGE('',*,*,#2030,.T.);
#3535=ORIENTED_EDGE('',*,*,#2493,.F.);
#3536=ORIENTED_EDGE('',*,*,#2490,.F.);
#3537=ORIENTED_EDGE('',*,*,#2031,.T.);
#3538=ORIENTED_EDGE('',*,*,#2492,.F.);
#3539=ORIENTED_EDGE('',*,*,#2025,.T.);
#3540=ORIENTED_EDGE('',*,*,#2002,.F.);
#3541=ORIENTED_EDGE('',*,*,#2023,.T.);
#3542=ORIENTED_EDGE('',*,*,#2494,.T.);
#3543=ORIENTED_EDGE('',*,*,#2027,.T.);
#3544=ORIENTED_EDGE('',*,*,#2495,.F.);
#3545=ORIENTED_EDGE('',*,*,#2000,.F.);
#3546=ORIENTED_EDGE('',*,*,#2029,.T.);
#3547=ORIENTED_EDGE('',*,*,#2496,.T.);
#3548=ORIENTED_EDGE('',*,*,#2021,.T.);
#3549=ORIENTED_EDGE('',*,*,#2497,.F.);
#3550=ORIENTED_EDGE('',*,*,#2496,.F.);
#3551=ORIENTED_EDGE('',*,*,#2028,.T.);
#3552=ORIENTED_EDGE('',*,*,#2494,.F.);
#3553=ORIENTED_EDGE('',*,*,#2022,.T.);
#3554=ORIENTED_EDGE('',*,*,#2493,.T.);
#3555=ORIENTED_EDGE('',*,*,#2498,.T.);
#3556=ORIENTED_EDGE('',*,*,#2499,.T.);
#3557=ORIENTED_EDGE('',*,*,#2498,.F.);
#3558=ORIENTED_EDGE('',*,*,#2500,.F.);
#3559=ORIENTED_EDGE('',*,*,#2501,.T.);
#3560=ORIENTED_EDGE('',*,*,#2497,.T.);
#3561=ORIENTED_EDGE('',*,*,#2501,.F.);
#3562=ORIENTED_EDGE('',*,*,#2502,.T.);
#3563=ORIENTED_EDGE('',*,*,#2503,.F.);
#3564=ORIENTED_EDGE('',*,*,#2502,.F.);
#3565=ORIENTED_EDGE('',*,*,#2504,.T.);
#3566=ORIENTED_EDGE('',*,*,#2505,.T.);
#3567=ORIENTED_EDGE('',*,*,#2506,.F.);
#3568=ORIENTED_EDGE('',*,*,#2505,.F.);
#3569=ORIENTED_EDGE('',*,*,#2504,.F.);
#3570=ORIENTED_EDGE('',*,*,#2507,.T.);
#3571=ORIENTED_EDGE('',*,*,#2503,.T.);
#3572=ORIENTED_EDGE('',*,*,#2507,.F.);
#3573=ORIENTED_EDGE('',*,*,#2508,.F.);
#3574=ORIENTED_EDGE('',*,*,#2509,.T.);
#3575=ORIENTED_EDGE('',*,*,#2491,.T.);
#3576=ORIENTED_EDGE('',*,*,#2509,.F.);
#3577=ORIENTED_EDGE('',*,*,#2499,.F.);
#3578=ORIENTED_EDGE('',*,*,#2495,.T.);
#3579=ORIENTED_EDGE('',*,*,#2510,.T.);
#3580=ORIENTED_EDGE('',*,*,#2511,.T.);
#3581=ORIENTED_EDGE('',*,*,#2510,.F.);
#3582=ORIENTED_EDGE('',*,*,#2511,.F.);
#3583=ORIENTED_EDGE('',*,*,#2428,.F.);
#3584=ORIENTED_EDGE('',*,*,#2434,.F.);
#3585=ORIENTED_EDGE('',*,*,#2443,.F.);
#3586=ORIENTED_EDGE('',*,*,#1982,.T.);
#3587=ORIENTED_EDGE('',*,*,#2445,.F.);
#3588=ORIENTED_EDGE('',*,*,#2447,.T.);
#3589=ORIENTED_EDGE('',*,*,#2451,.F.);
#3590=ORIENTED_EDGE('',*,*,#2452,.F.);
#3591=ORIENTED_EDGE('',*,*,#2506,.T.);
#3592=ORIENTED_EDGE('',*,*,#2508,.T.);
#3593=ORIENTED_EDGE('',*,*,#2500,.T.);
#3594=CYLINDRICAL_SURFACE('',#3848,6.1);
#3595=CYLINDRICAL_SURFACE('',#3870,15.);
#3596=CYLINDRICAL_SURFACE('',#3873,6.1);
#3597=CYLINDRICAL_SURFACE('',#3878,15.);
#3598=CYLINDRICAL_SURFACE('',#3880,6.4);
#3599=CYLINDRICAL_SURFACE('',#3884,6.1);
#3600=CYLINDRICAL_SURFACE('',#3894,6.1);
#3601=CYLINDRICAL_SURFACE('',#3905,15.);
#3602=CYLINDRICAL_SURFACE('',#3935,2.75);
#3603=CYLINDRICAL_SURFACE('',#3961,1.65);
#3604=CYLINDRICAL_SURFACE('',#3967,1.65);
#3605=CYLINDRICAL_SURFACE('',#3968,2.75);
#3606=CYLINDRICAL_SURFACE('',#3990,1.65);
#3607=CYLINDRICAL_SURFACE('',#3996,1.65);
#3608=CYLINDRICAL_SURFACE('',#3998,15.);
#3609=CYLINDRICAL_SURFACE('',#4062,9.);
#3610=CYLINDRICAL_SURFACE('',#4083,2.);
#3611=CYLINDRICAL_SURFACE('',#4088,2.);
#3612=CYLINDRICAL_SURFACE('',#4089,2.5);
#3613=CYLINDRICAL_SURFACE('',#4092,2.5);
#3614=CYLINDRICAL_SURFACE('',#4105,2.7);
#3615=CYLINDRICAL_SURFACE('',#4107,2.7);
#3616=CYLINDRICAL_SURFACE('',#4112,2.5);
#3617=CYLINDRICAL_SURFACE('',#4113,2.7);
#3618=CYLINDRICAL_SURFACE('',#4115,2.7);
#3619=CYLINDRICAL_SURFACE('',#4118,11.1);
#3620=CYLINDRICAL_SURFACE('',#4122,6.1);
#3621=CYLINDRICAL_SURFACE('',#4135,2.7);
#3622=CYLINDRICAL_SURFACE('',#4137,2.7);
#3623=CYLINDRICAL_SURFACE('',#4144,2.5);
#3624=CYLINDRICAL_SURFACE('',#4145,2.7);
#3625=CYLINDRICAL_SURFACE('',#4148,2.7);
#3626=ADVANCED_FACE('',(#291),#3594,.F.);
#3627=ADVANCED_FACE('',(#292),#141,.F.);
#3628=ADVANCED_FACE('',(#293,#103,#104,#105,#106,#107,#108,#109),#142,.F.);
#3629=ADVANCED_FACE('',(#294),#143,.F.);
#3630=ADVANCED_FACE('',(#295),#144,.F.);
#3631=ADVANCED_FACE('',(#296),#145,.F.);
#3632=ADVANCED_FACE('',(#297),#146,.F.);
#3633=ADVANCED_FACE('',(#298),#147,.F.);
#3634=ADVANCED_FACE('',(#299),#148,.F.);
#3635=ADVANCED_FACE('',(#300),#149,.F.);
#3636=ADVANCED_FACE('',(#301),#3595,.F.);
#3637=ADVANCED_FACE('',(#302),#150,.F.);
#3638=ADVANCED_FACE('',(#303),#3596,.T.);
#3639=ADVANCED_FACE('',(#304),#151,.T.);
#3640=ADVANCED_FACE('',(#305),#152,.F.);
#3641=ADVANCED_FACE('',(#306),#3597,.F.);
#3642=ADVANCED_FACE('',(#307),#3598,.T.);
#3643=ADVANCED_FACE('',(#308),#153,.F.);
#3644=ADVANCED_FACE('',(#309),#3599,.F.);
#3645=ADVANCED_FACE('',(#310),#70,.F.);
#3646=ADVANCED_FACE('',(#311),#3600,.F.);
#3647=ADVANCED_FACE('',(#312),#154,.T.);
#3648=ADVANCED_FACE('',(#313),#155,.T.);
#3649=ADVANCED_FACE('',(#314),#71,.T.);
#3650=ADVANCED_FACE('',(#315,#110,#111),#3601,.T.);
#3651=ADVANCED_FACE('',(#316),#156,.T.);
#3652=ADVANCED_FACE('',(#317),#157,.T.);
#3653=ADVANCED_FACE('',(#318),#158,.T.);
#3654=ADVANCED_FACE('',(#319),#159,.T.);
#3655=ADVANCED_FACE('',(#320),#160,.T.);
#3656=ADVANCED_FACE('',(#321),#161,.T.);
#3657=ADVANCED_FACE('',(#322),#72,.T.);
#3658=ADVANCED_FACE('',(#323),#162,.T.);
#3659=ADVANCED_FACE('',(#324),#163,.F.);
#3660=ADVANCED_FACE('',(#325),#164,.T.);
#3661=ADVANCED_FACE('',(#326),#165,.T.);
#3662=ADVANCED_FACE('',(#327),#73,.F.);
#3663=ADVANCED_FACE('',(#328),#166,.T.);
#3664=ADVANCED_FACE('',(#329),#167,.T.);
#3665=ADVANCED_FACE('',(#330),#74,.F.);
#3666=ADVANCED_FACE('',(#331),#75,.F.);
#3667=ADVANCED_FACE('',(#332),#168,.T.);
#3668=ADVANCED_FACE('',(#333),#15,.T.);
#3669=ADVANCED_FACE('',(#334),#3602,.F.);
#3670=ADVANCED_FACE('',(#335),#169,.T.);
#3671=ADVANCED_FACE('',(#336,#112),#170,.T.);
#3672=ADVANCED_FACE('',(#337),#171,.T.);
#3673=ADVANCED_FACE('',(#338),#172,.T.);
#3674=ADVANCED_FACE('',(#339,#113),#173,.T.);
#3675=ADVANCED_FACE('',(#340),#16,.T.);
#3676=ADVANCED_FACE('',(#341),#76,.T.);
#3677=ADVANCED_FACE('',(#342),#17,.T.);
#3678=ADVANCED_FACE('',(#343),#18,.T.);
#3679=ADVANCED_FACE('',(#344),#19,.T.);
#3680=ADVANCED_FACE('',(#345),#77,.T.);
#3681=ADVANCED_FACE('',(#346),#174,.F.);
#3682=ADVANCED_FACE('',(#347),#175,.F.);
#3683=ADVANCED_FACE('',(#348),#176,.F.);
#3684=ADVANCED_FACE('',(#349,#114),#177,.T.);
#3685=ADVANCED_FACE('',(#350),#3603,.F.);
#3686=ADVANCED_FACE('',(#351),#178,.F.);
#3687=ADVANCED_FACE('',(#352),#179,.F.);
#3688=ADVANCED_FACE('',(#353),#180,.F.);
#3689=ADVANCED_FACE('',(#354,#115),#181,.F.);
#3690=ADVANCED_FACE('',(#355),#3604,.F.);
#3691=ADVANCED_FACE('',(#356),#20,.T.);
#3692=ADVANCED_FACE('',(#357),#3605,.F.);
#3693=ADVANCED_FACE('',(#358),#182,.T.);
#3694=ADVANCED_FACE('',(#359),#183,.T.);
#3695=ADVANCED_FACE('',(#360),#184,.F.);
#3696=ADVANCED_FACE('',(#361,#116),#185,.T.);
#3697=ADVANCED_FACE('',(#362),#186,.T.);
#3698=ADVANCED_FACE('',(#363,#117),#187,.T.);
#3699=ADVANCED_FACE('',(#364),#21,.T.);
#3700=ADVANCED_FACE('',(#365),#78,.T.);
#3701=ADVANCED_FACE('',(#366),#22,.T.);
#3702=ADVANCED_FACE('',(#367),#23,.T.);
#3703=ADVANCED_FACE('',(#368),#24,.T.);
#3704=ADVANCED_FACE('',(#369),#79,.T.);
#3705=ADVANCED_FACE('',(#370),#188,.F.);
#3706=ADVANCED_FACE('',(#371),#189,.F.);
#3707=ADVANCED_FACE('',(#372),#190,.F.);
#3708=ADVANCED_FACE('',(#373,#118),#191,.T.);
#3709=ADVANCED_FACE('',(#374),#3606,.F.);
#3710=ADVANCED_FACE('',(#375),#192,.F.);
#3711=ADVANCED_FACE('',(#376),#193,.F.);
#3712=ADVANCED_FACE('',(#377),#194,.F.);
#3713=ADVANCED_FACE('',(#378,#119),#195,.F.);
#3714=ADVANCED_FACE('',(#379),#3607,.F.);
#3715=ADVANCED_FACE('',(#380),#196,.T.);
#3716=ADVANCED_FACE('',(#381,#120,#121),#3608,.T.);
#3717=ADVANCED_FACE('',(#382),#197,.T.);
#3718=ADVANCED_FACE('',(#383),#198,.T.);
#3719=ADVANCED_FACE('',(#384),#199,.T.);
#3720=ADVANCED_FACE('',(#385),#200,.F.);
#3721=ADVANCED_FACE('',(#386),#201,.F.);
#3722=ADVANCED_FACE('',(#387),#202,.F.);
#3723=ADVANCED_FACE('',(#388),#203,.F.);
#3724=ADVANCED_FACE('',(#389),#204,.F.);
#3725=ADVANCED_FACE('',(#390),#205,.F.);
#3726=ADVANCED_FACE('',(#391),#206,.F.);
#3727=ADVANCED_FACE('',(#392),#207,.F.);
#3728=ADVANCED_FACE('',(#393),#208,.F.);
#3729=ADVANCED_FACE('',(#394),#209,.F.);
#3730=ADVANCED_FACE('',(#395),#210,.F.);
#3731=ADVANCED_FACE('',(#396),#211,.F.);
#3732=ADVANCED_FACE('',(#397),#212,.F.);
#3733=ADVANCED_FACE('',(#398),#213,.F.);
#3734=ADVANCED_FACE('',(#399),#214,.F.);
#3735=ADVANCED_FACE('',(#400),#215,.F.);
#3736=ADVANCED_FACE('',(#401),#216,.F.);
#3737=ADVANCED_FACE('',(#402),#217,.F.);
#3738=ADVANCED_FACE('',(#403),#218,.F.);
#3739=ADVANCED_FACE('',(#404),#219,.F.);
#3740=ADVANCED_FACE('',(#405),#220,.F.);
#3741=ADVANCED_FACE('',(#406),#221,.F.);
#3742=ADVANCED_FACE('',(#407),#222,.F.);
#3743=ADVANCED_FACE('',(#408),#223,.F.);
#3744=ADVANCED_FACE('',(#409),#224,.F.);
#3745=ADVANCED_FACE('',(#410),#225,.F.);
#3746=ADVANCED_FACE('',(#411),#226,.F.);
#3747=ADVANCED_FACE('',(#412),#227,.F.);
#3748=ADVANCED_FACE('',(#413),#228,.F.);
#3749=ADVANCED_FACE('',(#414),#229,.F.);
#3750=ADVANCED_FACE('',(#415),#230,.F.);
#3751=ADVANCED_FACE('',(#416),#231,.F.);
#3752=ADVANCED_FACE('',(#417),#232,.F.);
#3753=ADVANCED_FACE('',(#418),#233,.F.);
#3754=ADVANCED_FACE('',(#419),#234,.F.);
#3755=ADVANCED_FACE('',(#420),#235,.F.);
#3756=ADVANCED_FACE('',(#421),#236,.F.);
#3757=ADVANCED_FACE('',(#422),#237,.F.);
#3758=ADVANCED_FACE('',(#423),#238,.F.);
#3759=ADVANCED_FACE('',(#424),#239,.F.);
#3760=ADVANCED_FACE('',(#425),#240,.F.);
#3761=ADVANCED_FACE('',(#426),#241,.F.);
#3762=ADVANCED_FACE('',(#427),#242,.F.);
#3763=ADVANCED_FACE('',(#428),#243,.F.);
#3764=ADVANCED_FACE('',(#429),#244,.F.);
#3765=ADVANCED_FACE('',(#430),#245,.F.);
#3766=ADVANCED_FACE('',(#431),#246,.F.);
#3767=ADVANCED_FACE('',(#432),#247,.F.);
#3768=ADVANCED_FACE('',(#433),#248,.F.);
#3769=ADVANCED_FACE('',(#434),#249,.F.);
#3770=ADVANCED_FACE('',(#435),#250,.F.);
#3771=ADVANCED_FACE('',(#436),#251,.F.);
#3772=ADVANCED_FACE('',(#437),#252,.F.);
#3773=ADVANCED_FACE('',(#438),#253,.F.);
#3774=ADVANCED_FACE('',(#439),#254,.F.);
#3775=ADVANCED_FACE('',(#440),#255,.F.);
#3776=ADVANCED_FACE('',(#441),#256,.F.);
#3777=ADVANCED_FACE('',(#442),#257,.F.);
#3778=ADVANCED_FACE('',(#443),#258,.F.);
#3779=ADVANCED_FACE('',(#444),#259,.F.);
#3780=ADVANCED_FACE('',(#445),#3609,.F.);
#3781=ADVANCED_FACE('',(#446),#260,.T.);
#3782=ADVANCED_FACE('',(#447),#261,.T.);
#3783=ADVANCED_FACE('',(#448),#262,.T.);
#3784=ADVANCED_FACE('',(#449,#122,#123,#124),#263,.T.);
#3785=ADVANCED_FACE('',(#450),#264,.T.);
#3786=ADVANCED_FACE('',(#451),#265,.T.);
#3787=ADVANCED_FACE('',(#452,#125,#126,#127,#128),#266,.T.);
#3788=ADVANCED_FACE('',(#453),#267,.T.);
#3789=ADVANCED_FACE('',(#454),#268,.T.);
#3790=ADVANCED_FACE('',(#455),#80,.F.);
#3791=ADVANCED_FACE('',(#456),#3610,.F.);
#3792=ADVANCED_FACE('',(#457),#81,.F.);
#3793=ADVANCED_FACE('',(#458),#3611,.F.);
#3794=ADVANCED_FACE('',(#459),#3612,.F.);
#3795=ADVANCED_FACE('',(#460),#269,.F.);
#3796=ADVANCED_FACE('',(#461),#3613,.F.);
#3797=ADVANCED_FACE('',(#462),#270,.F.);
#3798=ADVANCED_FACE('',(#463,#129),#271,.T.);
#3799=ADVANCED_FACE('',(#464,#130),#272,.T.);
#3800=ADVANCED_FACE('',(#465),#273,.T.);
#3801=ADVANCED_FACE('',(#466,#131),#274,.T.);
#3802=ADVANCED_FACE('',(#467,#132),#275,.T.);
#3803=ADVANCED_FACE('',(#468),#276,.T.);
#3804=ADVANCED_FACE('',(#469),#3614,.F.);
#3805=ADVANCED_FACE('',(#470),#3615,.F.);
#3806=ADVANCED_FACE('',(#471),#82,.F.);
#3807=ADVANCED_FACE('',(#472),#83,.F.);
#3808=ADVANCED_FACE('',(#473),#3616,.F.);
#3809=ADVANCED_FACE('',(#474),#3617,.F.);
#3810=ADVANCED_FACE('',(#475),#277,.T.);
#3811=ADVANCED_FACE('',(#476),#3618,.F.);
#3812=ADVANCED_FACE('',(#477),#278,.T.);
#3813=ADVANCED_FACE('',(#478),#3619,.F.);
#3814=ADVANCED_FACE('',(#479,#133),#279,.F.);
#3815=ADVANCED_FACE('',(#480),#280,.F.);
#3816=ADVANCED_FACE('',(#481),#3620,.F.);
#3817=ADVANCED_FACE('',(#482),#281,.F.);
#3818=ADVANCED_FACE('',(#483,#134),#282,.F.);
#3819=ADVANCED_FACE('',(#484,#135),#283,.F.);
#3820=ADVANCED_FACE('',(#485),#284,.F.);
#3821=ADVANCED_FACE('',(#486,#136),#285,.F.);
#3822=ADVANCED_FACE('',(#487,#137),#286,.F.);
#3823=ADVANCED_FACE('',(#488),#287,.F.);
#3824=ADVANCED_FACE('',(#489),#3621,.F.);
#3825=ADVANCED_FACE('',(#490),#3622,.F.);
#3826=ADVANCED_FACE('',(#491),#84,.F.);
#3827=ADVANCED_FACE('',(#492),#85,.F.);
#3828=ADVANCED_FACE('',(#493),#3623,.F.);
#3829=ADVANCED_FACE('',(#494),#3624,.F.);
#3830=ADVANCED_FACE('',(#495),#288,.F.);
#3831=ADVANCED_FACE('',(#496),#3625,.F.);
#3832=ADVANCED_FACE('',(#497),#289,.F.);
#3833=ADVANCED_FACE('',(#498,#138,#139,#140),#290,.T.);
#3834=CLOSED_SHELL('',(#3626,#3627,#3628,#3629,#3630,#3631,#3632,#3633,
#3634,#3635,#3636,#3637,#3638,#3639,#3640,#3641,#3642,#3643,#3644,#3645,
#3646,#3647,#3648,#3649,#3650,#3651,#3652,#3653,#3654,#3655,#3656,#3657,
#3658,#3659,#3660,#3661,#3662,#3663,#3664,#3665,#3666,#3667,#3668,#3669,
#3670,#3671,#3672,#3673,#3674,#3675,#3676,#3677,#3678,#3679,#3680,#3681,
#3682,#3683,#3684,#3685,#3686,#3687,#3688,#3689,#3690,#3691,#3692,#3693,
#3694,#3695,#3696,#3697,#3698,#3699,#3700,#3701,#3702,#3703,#3704,#3705,
#3706,#3707,#3708,#3709,#3710,#3711,#3712,#3713,#3714,#3715,#3716,#3717,
#3718,#3719,#3720,#3721,#3722,#3723,#3724,#3725,#3726,#3727,#3728,#3729,
#3730,#3731,#3732,#3733,#3734,#3735,#3736,#3737,#3738,#3739,#3740,#3741,
#3742,#3743,#3744,#3745,#3746,#3747,#3748,#3749,#3750,#3751,#3752,#3753,
#3754,#3755,#3756,#3757,#3758,#3759,#3760,#3761,#3762,#3763,#3764,#3765,
#3766,#3767,#3768,#3769,#3770,#3771,#3772,#3773,#3774,#3775,#3776,#3777,
#3778,#3779,#3780,#3781,#3782,#3783,#3784,#3785,#3786,#3787,#3788,#3789,
#3790,#3791,#3792,#3793,#3794,#3795,#3796,#3797,#3798,#3799,#3800,#3801,
#3802,#3803,#3804,#3805,#3806,#3807,#3808,#3809,#3810,#3811,#3812,#3813,
#3814,#3815,#3816,#3817,#3818,#3819,#3820,#3821,#3822,#3823,#3824,#3825,
#3826,#3827,#3828,#3829,#3830,#3831,#3832,#3833));
#3835=DERIVED_UNIT_ELEMENT(#3837,1.);
#3836=DERIVED_UNIT_ELEMENT(#7679,-3.);
#3837=(
MASS_UNIT()
NAMED_UNIT(*)
SI_UNIT(.KILO.,.GRAM.)
);
#3838=DERIVED_UNIT((#3835,#3836));
#3839=MEASURE_REPRESENTATION_ITEM('density measure',
POSITIVE_RATIO_MEASURE(7850.),#3838);
#3840=PROPERTY_DEFINITION_REPRESENTATION(#3845,#3842);
#3841=PROPERTY_DEFINITION_REPRESENTATION(#3846,#3843);
#3842=REPRESENTATION('material name',(#3844),#7676);
#3843=REPRESENTATION('density',(#3839),#7676);
#3844=DESCRIPTIVE_REPRESENTATION_ITEM('Stahl','Stahl');
#3845=PROPERTY_DEFINITION('material property','material name',#7686);
#3846=PROPERTY_DEFINITION('material property','density of part',#7686);
#3847=AXIS2_PLACEMENT_3D('',#5152,#4152,#4153);
#3848=AXIS2_PLACEMENT_3D('',#5153,#4154,#4155);
#3849=AXIS2_PLACEMENT_3D('',#5158,#4157,#4158);
#3850=AXIS2_PLACEMENT_3D('',#5161,#4160,#4161);
#3851=AXIS2_PLACEMENT_3D('',#5162,#4162,#4163);
#3852=AXIS2_PLACEMENT_3D('',#5171,#4168,#4169);
#3853=AXIS2_PLACEMENT_3D('',#5184,#4175,#4176);
#3854=AXIS2_PLACEMENT_3D('',#5186,#4177,#4178);
#3855=AXIS2_PLACEMENT_3D('',#5189,#4180,#4181);
#3856=AXIS2_PLACEMENT_3D('',#5204,#4189,#4190);
#3857=AXIS2_PLACEMENT_3D('',#5223,#4199,#4200);
#3858=AXIS2_PLACEMENT_3D('',#5227,#4202,#4203);
#3859=AXIS2_PLACEMENT_3D('',#5229,#4204,#4205);
#3860=AXIS2_PLACEMENT_3D('',#5231,#4206,#4207);
#3861=AXIS2_PLACEMENT_3D('',#5233,#4208,#4209);
#3862=AXIS2_PLACEMENT_3D('',#5236,#4211,#4212);
#3863=AXIS2_PLACEMENT_3D('',#5237,#4213,#4214);
#3864=AXIS2_PLACEMENT_3D('',#5243,#4218,#4219);
#3865=AXIS2_PLACEMENT_3D('',#5249,#4223,#4224);
#3866=AXIS2_PLACEMENT_3D('',#5255,#4228,#4229);
#3867=AXIS2_PLACEMENT_3D('',#5261,#4233,#4234);
#3868=AXIS2_PLACEMENT_3D('',#5267,#4238,#4239);
#3869=AXIS2_PLACEMENT_3D('',#5273,#4243,#4244);
#3870=AXIS2_PLACEMENT_3D('',#5279,#4248,#4249);
#3871=AXIS2_PLACEMENT_3D('',#5283,#4251,#4252);
#3872=AXIS2_PLACEMENT_3D('',#5285,#4254,#4255);
#3873=AXIS2_PLACEMENT_3D('',#5289,#4258,#4259);
#3874=AXIS2_PLACEMENT_3D('',#5292,#4261,#4262);
#3875=AXIS2_PLACEMENT_3D('',#5293,#4263,#4264);
#3876=AXIS2_PLACEMENT_3D('',#5295,#4265,#4266);
#3877=AXIS2_PLACEMENT_3D('',#5297,#4268,#4269);
#3878=AXIS2_PLACEMENT_3D('',#5303,#4273,#4274);
#3879=AXIS2_PLACEMENT_3D('',#5305,#4275,#4276);
#3880=AXIS2_PLACEMENT_3D('',#5307,#4278,#4279);
#3881=AXIS2_PLACEMENT_3D('',#5309,#4280,#4281);
#3882=AXIS2_PLACEMENT_3D('',#5312,#4283,#4284);
#3883=AXIS2_PLACEMENT_3D('',#5313,#4285,#4286);
#3884=AXIS2_PLACEMENT_3D('',#5315,#4288,#4289);
#3885=AXIS2_PLACEMENT_3D('',#5320,#4292,#4293);
#3886=AXIS2_PLACEMENT_3D('',#5322,#4294,#4295);
#3887=AXIS2_PLACEMENT_3D('',#5326,#4297,#4298);
#3888=AXIS2_PLACEMENT_3D('',#5329,#4300,#4301);
#3889=AXIS2_PLACEMENT_3D('',#5330,#4302,#4303);
#3890=AXIS2_PLACEMENT_3D('',#5333,#4304,#4305);
#3891=AXIS2_PLACEMENT_3D('',#5335,#4306,#4307);
#3892=AXIS2_PLACEMENT_3D('',#5337,#4308,#4309);
#3893=AXIS2_PLACEMENT_3D('',#5343,#4310,#4311);
#3894=AXIS2_PLACEMENT_3D('',#5347,#4312,#4313);
#3895=AXIS2_PLACEMENT_3D('',#5351,#4315,#4316);
#3896=AXIS2_PLACEMENT_3D('',#5356,#4319,#4320);
#3897=AXIS2_PLACEMENT_3D('',#5358,#4321,#4322);
#3898=AXIS2_PLACEMENT_3D('',#5360,#4324,#4325);
#3899=AXIS2_PLACEMENT_3D('',#5368,#4330,#4331);
#3900=AXIS2_PLACEMENT_3D('',#5372,#4333,#4334);
#3901=AXIS2_PLACEMENT_3D('',#5376,#4337,#4338);
#3902=AXIS2_PLACEMENT_3D('',#5378,#4339,#4340);
#3903=AXIS2_PLACEMENT_3D('',#5380,#4341,#4342);
#3904=AXIS2_PLACEMENT_3D('',#5386,#4343,#4344);
#3905=AXIS2_PLACEMENT_3D('',#5390,#4345,#4346);
#3906=AXIS2_PLACEMENT_3D('',#5394,#4348,#4349);
#3907=AXIS2_PLACEMENT_3D('',#5396,#4350,#4351);
#3908=AXIS2_PLACEMENT_3D('',#5401,#4354,#4355);
#3909=AXIS2_PLACEMENT_3D('',#5405,#4357,#4358);
#3910=AXIS2_PLACEMENT_3D('',#5407,#4359,#4360);
#3911=AXIS2_PLACEMENT_3D('',#5409,#4361,#4362);
#3912=AXIS2_PLACEMENT_3D('',#5411,#4363,#4364);
#3913=AXIS2_PLACEMENT_3D('',#5663,#4365,#4366);
#3914=AXIS2_PLACEMENT_3D('',#5671,#4371,#4372);
#3915=AXIS2_PLACEMENT_3D('',#5676,#4376,#4377);
#3916=AXIS2_PLACEMENT_3D('',#5680,#4380,#4381);
#3917=AXIS2_PLACEMENT_3D('',#5684,#4384,#4385);
#3918=AXIS2_PLACEMENT_3D('',#5690,#4389,#4390);
#3919=AXIS2_PLACEMENT_3D('',#5691,#4391,#4392);
#3920=AXIS2_PLACEMENT_3D('',#5698,#4393,#4394);
#3921=AXIS2_PLACEMENT_3D('',#5708,#4395,#4396);
#3922=AXIS2_PLACEMENT_3D('',#5712,#4397,#4398);
#3923=AXIS2_PLACEMENT_3D('',#5724,#4403,#4404);
#3924=AXIS2_PLACEMENT_3D('',#5727,#4406,#4407);
#3925=AXIS2_PLACEMENT_3D('',#5728,#4408,#4409);
#3926=AXIS2_PLACEMENT_3D('',#5738,#4413,#4414);
#3927=AXIS2_PLACEMENT_3D('',#5744,#4418,#4419);
#3928=AXIS2_PLACEMENT_3D('',#5751,#4420,#4421);
#3929=AXIS2_PLACEMENT_3D('',#5755,#4424,#4425);
#3930=AXIS2_PLACEMENT_3D('',#5763,#4428,#4429);
#3931=AXIS2_PLACEMENT_3D('',#5769,#4430,#4431);
#3932=AXIS2_PLACEMENT_3D('',#5771,#4433,#4434);
#3933=AXIS2_PLACEMENT_3D('',#5776,#4436,#4437);
#3934=AXIS2_PLACEMENT_3D('',#5780,#4439,#4440);
#3935=AXIS2_PLACEMENT_3D('',#6279,#4443,#4444);
#3936=AXIS2_PLACEMENT_3D('',#6281,#4445,#4446);
#3937=AXIS2_PLACEMENT_3D('',#6283,#4448,#4449);
#3938=AXIS2_PLACEMENT_3D('',#6285,#4451,#4452);
#3939=AXIS2_PLACEMENT_3D('',#6286,#4453,#4454);
#3940=AXIS2_PLACEMENT_3D('',#6288,#4455,#4456);
#3941=AXIS2_PLACEMENT_3D('',#6289,#4457,#4458);
#3942=AXIS2_PLACEMENT_3D('',#6295,#4462,#4463);
#3943=AXIS2_PLACEMENT_3D('',#6298,#4465,#4466);
#3944=AXIS2_PLACEMENT_3D('',#6300,#4468,#4469);
#3945=AXIS2_PLACEMENT_3D('',#6302,#4470,#4471);
#3946=AXIS2_PLACEMENT_3D('',#6328,#4472,#4473);
#3947=AXIS2_PLACEMENT_3D('',#6340,#4474,#4475);
#3948=AXIS2_PLACEMENT_3D('',#6343,#4476,#4477);
#3949=AXIS2_PLACEMENT_3D('',#6356,#4478,#4479);
#3950=AXIS2_PLACEMENT_3D('',#6408,#4481,#4482);
#3951=AXIS2_PLACEMENT_3D('',#6416,#4483,#4484);
#3952=AXIS2_PLACEMENT_3D('',#6434,#4485,#4486);
#3953=AXIS2_PLACEMENT_3D('',#6448,#4487,#4488);
#3954=AXIS2_PLACEMENT_3D('',#6449,#4489,#4490);
#3955=AXIS2_PLACEMENT_3D('',#6453,#4492,#4493);
#3956=AXIS2_PLACEMENT_3D('',#6457,#4494,#4495);
#3957=AXIS2_PLACEMENT_3D('',#6463,#4499,#4500);
#3958=AXIS2_PLACEMENT_3D('',#6467,#4503,#4504);
#3959=AXIS2_PLACEMENT_3D('',#6471,#4507,#4508);
#3960=AXIS2_PLACEMENT_3D('',#6473,#4509,#4510);
#3961=AXIS2_PLACEMENT_3D('',#6474,#4511,#4512);
#3962=AXIS2_PLACEMENT_3D('',#6476,#4514,#4515);
#3963=AXIS2_PLACEMENT_3D('',#6480,#4518,#4519);
#3964=AXIS2_PLACEMENT_3D('',#6484,#4522,#4523);
#3965=AXIS2_PLACEMENT_3D('',#6486,#4525,#4526);
#3966=AXIS2_PLACEMENT_3D('',#6488,#4527,#4528);
#3967=AXIS2_PLACEMENT_3D('',#6489,#4529,#4530);
#3968=AXIS2_PLACEMENT_3D('',#6933,#4533,#4534);
#3969=AXIS2_PLACEMENT_3D('',#6935,#4535,#4536);
#3970=AXIS2_PLACEMENT_3D('',#6937,#4538,#4539);
#3971=AXIS2_PLACEMENT_3D('',#6939,#4541,#4542);
#3972=AXIS2_PLACEMENT_3D('',#6942,#4545,#4546);
#3973=AXIS2_PLACEMENT_3D('',#6945,#4548,#4549);
#3974=AXIS2_PLACEMENT_3D('',#6946,#4550,#4551);
#3975=AXIS2_PLACEMENT_3D('',#6948,#4552,#4553);
#3976=AXIS2_PLACEMENT_3D('',#6949,#4554,#4555);
#3977=AXIS2_PLACEMENT_3D('',#6952,#4558,#4559);
#3978=AXIS2_PLACEMENT_3D('',#6954,#4560,#4561);
#3979=AXIS2_PLACEMENT_3D('',#6979,#4562,#4563);
#3980=AXIS2_PLACEMENT_3D('',#6986,#4564,#4565);
#3981=AXIS2_PLACEMENT_3D('',#6999,#4566,#4567);
#3982=AXIS2_PLACEMENT_3D('',#7053,#4569,#4570);
#3983=AXIS2_PLACEMENT_3D('',#7083,#4571,#4572);
#3984=AXIS2_PLACEMENT_3D('',#7087,#4574,#4575);
#3985=AXIS2_PLACEMENT_3D('',#7091,#4576,#4577);
#3986=AXIS2_PLACEMENT_3D('',#7097,#4581,#4582);
#3987=AXIS2_PLACEMENT_3D('',#7101,#4585,#4586);
#3988=AXIS2_PLACEMENT_3D('',#7105,#4589,#4590);
#3989=AXIS2_PLACEMENT_3D('',#7107,#4591,#4592);
#3990=AXIS2_PLACEMENT_3D('',#7108,#4593,#4594);
#3991=AXIS2_PLACEMENT_3D('',#7110,#4596,#4597);
#3992=AXIS2_PLACEMENT_3D('',#7114,#4600,#4601);
#3993=AXIS2_PLACEMENT_3D('',#7118,#4604,#4605);
#3994=AXIS2_PLACEMENT_3D('',#7120,#4607,#4608);
#3995=AXIS2_PLACEMENT_3D('',#7122,#4609,#4610);
#3996=AXIS2_PLACEMENT_3D('',#7123,#4611,#4612);
#3997=AXIS2_PLACEMENT_3D('',#7125,#4614,#4615);
#3998=AXIS2_PLACEMENT_3D('',#7127,#4617,#4618);
#3999=AXIS2_PLACEMENT_3D('',#7129,#4620,#4621);
#4000=AXIS2_PLACEMENT_3D('',#7130,#4622,#4623);
#4001=AXIS2_PLACEMENT_3D('',#7131,#4624,#4625);
#4002=AXIS2_PLACEMENT_3D('',#7133,#4627,#4628);
#4003=AXIS2_PLACEMENT_3D('',#7142,#4633,#4634);
#4004=AXIS2_PLACEMENT_3D('',#7148,#4638,#4639);
#4005=AXIS2_PLACEMENT_3D('',#7154,#4643,#4644);
#4006=AXIS2_PLACEMENT_3D('',#7160,#4648,#4649);
#4007=AXIS2_PLACEMENT_3D('',#7166,#4653,#4654);
#4008=AXIS2_PLACEMENT_3D('',#7172,#4658,#4659);
#4009=AXIS2_PLACEMENT_3D('',#7178,#4663,#4664);
#4010=AXIS2_PLACEMENT_3D('',#7184,#4668,#4669);
#4011=AXIS2_PLACEMENT_3D('',#7190,#4673,#4674);
#4012=AXIS2_PLACEMENT_3D('',#7196,#4678,#4679);
#4013=AXIS2_PLACEMENT_3D('',#7202,#4683,#4684);
#4014=AXIS2_PLACEMENT_3D('',#7208,#4688,#4689);
#4015=AXIS2_PLACEMENT_3D('',#7214,#4693,#4694);
#4016=AXIS2_PLACEMENT_3D('',#7220,#4698,#4699);
#4017=AXIS2_PLACEMENT_3D('',#7226,#4703,#4704);
#4018=AXIS2_PLACEMENT_3D('',#7232,#4708,#4709);
#4019=AXIS2_PLACEMENT_3D('',#7235,#4712,#4713);
#4020=AXIS2_PLACEMENT_3D('',#7236,#4714,#4715);
#4021=AXIS2_PLACEMENT_3D('',#7245,#4720,#4721);
#4022=AXIS2_PLACEMENT_3D('',#7251,#4725,#4726);
#4023=AXIS2_PLACEMENT_3D('',#7257,#4730,#4731);
#4024=AXIS2_PLACEMENT_3D('',#7263,#4735,#4736);
#4025=AXIS2_PLACEMENT_3D('',#7269,#4740,#4741);
#4026=AXIS2_PLACEMENT_3D('',#7275,#4745,#4746);
#4027=AXIS2_PLACEMENT_3D('',#7281,#4750,#4751);
#4028=AXIS2_PLACEMENT_3D('',#7287,#4755,#4756);
#4029=AXIS2_PLACEMENT_3D('',#7293,#4760,#4761);
#4030=AXIS2_PLACEMENT_3D('',#7299,#4765,#4766);
#4031=AXIS2_PLACEMENT_3D('',#7305,#4770,#4771);
#4032=AXIS2_PLACEMENT_3D('',#7311,#4775,#4776);
#4033=AXIS2_PLACEMENT_3D('',#7317,#4780,#4781);
#4034=AXIS2_PLACEMENT_3D('',#7323,#4785,#4786);
#4035=AXIS2_PLACEMENT_3D('',#7329,#4790,#4791);
#4036=AXIS2_PLACEMENT_3D('',#7335,#4795,#4796);
#4037=AXIS2_PLACEMENT_3D('',#7341,#4800,#4801);
#4038=AXIS2_PLACEMENT_3D('',#7347,#4805,#4806);
#4039=AXIS2_PLACEMENT_3D('',#7353,#4810,#4811);
#4040=AXIS2_PLACEMENT_3D('',#7359,#4815,#4816);
#4041=AXIS2_PLACEMENT_3D('',#7365,#4820,#4821);
#4042=AXIS2_PLACEMENT_3D('',#7371,#4825,#4826);
#4043=AXIS2_PLACEMENT_3D('',#7377,#4830,#4831);
#4044=AXIS2_PLACEMENT_3D('',#7383,#4835,#4836);
#4045=AXIS2_PLACEMENT_3D('',#7389,#4840,#4841);
#4046=AXIS2_PLACEMENT_3D('',#7395,#4845,#4846);
#4047=AXIS2_PLACEMENT_3D('',#7401,#4850,#4851);
#4048=AXIS2_PLACEMENT_3D('',#7407,#4855,#4856);
#4049=AXIS2_PLACEMENT_3D('',#7413,#4860,#4861);
#4050=AXIS2_PLACEMENT_3D('',#7419,#4865,#4866);
#4051=AXIS2_PLACEMENT_3D('',#7425,#4870,#4871);
#4052=AXIS2_PLACEMENT_3D('',#7431,#4875,#4876);
#4053=AXIS2_PLACEMENT_3D('',#7437,#4880,#4881);
#4054=AXIS2_PLACEMENT_3D('',#7443,#4885,#4886);
#4055=AXIS2_PLACEMENT_3D('',#7449,#4890,#4891);
#4056=AXIS2_PLACEMENT_3D('',#7455,#4895,#4896);
#4057=AXIS2_PLACEMENT_3D('',#7461,#4900,#4901);
#4058=AXIS2_PLACEMENT_3D('',#7467,#4905,#4906);
#4059=AXIS2_PLACEMENT_3D('',#7473,#4910,#4911);
#4060=AXIS2_PLACEMENT_3D('',#7479,#4915,#4916);
#4061=AXIS2_PLACEMENT_3D('',#7482,#4919,#4920);
#4062=AXIS2_PLACEMENT_3D('',#7483,#4921,#4922);
#4063=AXIS2_PLACEMENT_3D('',#7485,#4923,#4924);
#4064=AXIS2_PLACEMENT_3D('',#7488,#4926,#4927);
#4065=AXIS2_PLACEMENT_3D('',#7489,#4928,#4929);
#4066=AXIS2_PLACEMENT_3D('',#7490,#4930,#4931);
#4067=AXIS2_PLACEMENT_3D('',#7499,#4936,#4937);
#4068=AXIS2_PLACEMENT_3D('',#7505,#4941,#4942);
#4069=AXIS2_PLACEMENT_3D('',#7515,#4948,#4949);
#4070=AXIS2_PLACEMENT_3D('',#7517,#4950,#4951);
#4071=AXIS2_PLACEMENT_3D('',#7519,#4952,#4953);
#4072=AXIS2_PLACEMENT_3D('',#7520,#4954,#4955);
#4073=AXIS2_PLACEMENT_3D('',#7522,#4957,#4958);
#4074=AXIS2_PLACEMENT_3D('',#7526,#4961,#4962);
#4075=AXIS2_PLACEMENT_3D('',#7531,#4965,#4966);
#4076=AXIS2_PLACEMENT_3D('',#7533,#4967,#4968);
#4077=AXIS2_PLACEMENT_3D('',#7534,#4969,#4970);
#4078=AXIS2_PLACEMENT_3D('',#7538,#4973,#4974);
#4079=AXIS2_PLACEMENT_3D('',#7540,#4976,#4977);
#4080=AXIS2_PLACEMENT_3D('',#7542,#4978,#4979);
#4081=AXIS2_PLACEMENT_3D('',#7546,#4981,#4982);
#4082=AXIS2_PLACEMENT_3D('',#7547,#4983,#4984);
#4083=AXIS2_PLACEMENT_3D('',#7548,#4985,#4986);
#4084=AXIS2_PLACEMENT_3D('',#7550,#4988,#4989);
#4085=AXIS2_PLACEMENT_3D('',#7552,#4990,#4991);
#4086=AXIS2_PLACEMENT_3D('',#7556,#4993,#4994);
#4087=AXIS2_PLACEMENT_3D('',#7557,#4995,#4996);
#4088=AXIS2_PLACEMENT_3D('',#7558,#4997,#4998);
#4089=AXIS2_PLACEMENT_3D('',#7560,#5000,#5001);
#4090=AXIS2_PLACEMENT_3D('',#7563,#5003,#5004);
#4091=AXIS2_PLACEMENT_3D('',#7564,#5005,#5006);
#4092=AXIS2_PLACEMENT_3D('',#7565,#5007,#5008);
#4093=AXIS2_PLACEMENT_3D('',#7568,#5010,#5011);
#4094=AXIS2_PLACEMENT_3D('',#7569,#5012,#5013);
#4095=AXIS2_PLACEMENT_3D('',#7570,#5014,#5015);
#4096=AXIS2_PLACEMENT_3D('',#7573,#5017,#5018);
#4097=AXIS2_PLACEMENT_3D('',#7574,#5019,#5020);
#4098=AXIS2_PLACEMENT_3D('',#7577,#5022,#5023);
#4099=AXIS2_PLACEMENT_3D('',#7578,#5024,#5025);
#4100=AXIS2_PLACEMENT_3D('',#7579,#5026,#5027);
#4101=AXIS2_PLACEMENT_3D('',#7582,#5029,#5030);
#4102=AXIS2_PLACEMENT_3D('',#7583,#5031,#5032);
#4103=AXIS2_PLACEMENT_3D('',#7586,#5034,#5035);
#4104=AXIS2_PLACEMENT_3D('',#7587,#5036,#5037);
#4105=AXIS2_PLACEMENT_3D('',#7588,#5038,#5039);
#4106=AXIS2_PLACEMENT_3D('',#7590,#5040,#5041);
#4107=AXIS2_PLACEMENT_3D('',#7592,#5043,#5044);
#4108=AXIS2_PLACEMENT_3D('',#7594,#5046,#5047);
#4109=AXIS2_PLACEMENT_3D('',#7598,#5049,#5050);
#4110=AXIS2_PLACEMENT_3D('',#7599,#5051,#5052);
#4111=AXIS2_PLACEMENT_3D('',#7601,#5053,#5054);
#4112=AXIS2_PLACEMENT_3D('',#7603,#5056,#5057);
#4113=AXIS2_PLACEMENT_3D('',#7605,#5059,#5060);
#4114=AXIS2_PLACEMENT_3D('',#7607,#5062,#5063);
#4115=AXIS2_PLACEMENT_3D('',#7608,#5064,#5065);
#4116=AXIS2_PLACEMENT_3D('',#7610,#5066,#5067);
#4117=AXIS2_PLACEMENT_3D('',#7612,#5069,#5070);
#4118=AXIS2_PLACEMENT_3D('',#7613,#5071,#5072);
#4119=AXIS2_PLACEMENT_3D('',#7616,#5074,#5075);
#4120=AXIS2_PLACEMENT_3D('',#7617,#5076,#5077);
#4121=AXIS2_PLACEMENT_3D('',#7618,#5078,#5079);
#4122=AXIS2_PLACEMENT_3D('',#7619,#5080,#5081);
#4123=AXIS2_PLACEMENT_3D('',#7622,#5083,#5084);
#4124=AXIS2_PLACEMENT_3D('',#7623,#5085,#5086);
#4125=AXIS2_PLACEMENT_3D('',#7624,#5087,#5088);
#4126=AXIS2_PLACEMENT_3D('',#7627,#5090,#5091);
#4127=AXIS2_PLACEMENT_3D('',#7628,#5092,#5093);
#4128=AXIS2_PLACEMENT_3D('',#7631,#5095,#5096);
#4129=AXIS2_PLACEMENT_3D('',#7632,#5097,#5098);
#4130=AXIS2_PLACEMENT_3D('',#7633,#5099,#5100);
#4131=AXIS2_PLACEMENT_3D('',#7636,#5102,#5103);
#4132=AXIS2_PLACEMENT_3D('',#7637,#5104,#5105);
#4133=AXIS2_PLACEMENT_3D('',#7640,#5107,#5108);
#4134=AXIS2_PLACEMENT_3D('',#7641,#5109,#5110);
#4135=AXIS2_PLACEMENT_3D('',#7642,#5111,#5112);
#4136=AXIS2_PLACEMENT_3D('',#7645,#5114,#5115);
#4137=AXIS2_PLACEMENT_3D('',#7646,#5116,#5117);
#4138=AXIS2_PLACEMENT_3D('',#7648,#5118,#5119);
#4139=AXIS2_PLACEMENT_3D('',#7650,#5121,#5122);
#4140=AXIS2_PLACEMENT_3D('',#7654,#5124,#5125);
#4141=AXIS2_PLACEMENT_3D('',#7655,#5126,#5127);
#4142=AXIS2_PLACEMENT_3D('',#7657,#5128,#5129);
#4143=AXIS2_PLACEMENT_3D('',#7660,#5131,#5132);
#4144=AXIS2_PLACEMENT_3D('',#7661,#5133,#5134);
#4145=AXIS2_PLACEMENT_3D('',#7663,#5136,#5137);
#4146=AXIS2_PLACEMENT_3D('',#7665,#5138,#5139);
#4147=AXIS2_PLACEMENT_3D('',#7667,#5141,#5142);
#4148=AXIS2_PLACEMENT_3D('',#7668,#5143,#5144);
#4149=AXIS2_PLACEMENT_3D('',#7671,#5146,#5147);
#4150=AXIS2_PLACEMENT_3D('',#7672,#5148,#5149);
#4151=AXIS2_PLACEMENT_3D('',#7673,#5150,#5151);
#4152=DIRECTION('axis',(0.,0.,1.));
#4153=DIRECTION('refdir',(1.,0.,0.));
#4154=DIRECTION('center_axis',(-3.44509284839767E-16,-2.46519032881566E-32,
-1.));
#4155=DIRECTION('ref_axis',(1.,2.22044604925031E-16,-3.44509284839767E-16));
#4156=DIRECTION('',(-3.44509284839767E-16,-2.46519032881566E-32,-1.));
#4157=DIRECTION('center_axis',(-3.44509284839767E-16,-2.46519032881566E-32,
-1.));
#4158=DIRECTION('ref_axis',(-1.,-2.22044604925031E-16,3.44509284839767E-16));
#4159=DIRECTION('',(3.44509284839767E-16,2.46519032881566E-32,1.));
#4160=DIRECTION('center_axis',(3.44509284839767E-16,2.46519032881566E-32,
1.));
#4161=DIRECTION('ref_axis',(-1.,-2.22044604925031E-16,3.44509284839767E-16));
#4162=DIRECTION('center_axis',(0.,1.,0.));
#4163=DIRECTION('ref_axis',(0.,0.,1.));
#4164=DIRECTION('',(1.,0.,-3.44509284839767E-16));
#4165=DIRECTION('',(3.44509284839767E-16,2.46519032881566E-32,1.));
#4166=DIRECTION('',(-1.,-2.22044604925031E-16,3.44509284839767E-16));
#4167=DIRECTION('',(-3.44509284839767E-16,-2.46519032881566E-32,-1.));
#4168=DIRECTION('center_axis',(-3.44509284839767E-16,-2.46519032881566E-32,
-1.));
#4169=DIRECTION('ref_axis',(-1.,-2.22044604925031E-16,3.44509284839767E-16));
#4170=DIRECTION('',(1.,2.22044604925031E-16,-3.44509284839767E-16));
#4171=DIRECTION('',(-2.22044604925031E-16,1.,5.18445247570944E-32));
#4172=DIRECTION('',(-1.,-2.22044604925031E-16,3.44509284839767E-16));
#4173=DIRECTION('',(2.22044604925031E-16,-1.,-5.18445247570944E-32));
#4174=DIRECTION('',(1.,2.22044604925031E-16,-3.44509284839767E-16));
#4175=DIRECTION('center_axis',(-3.44509284839767E-16,-2.46519032881566E-32,
-1.));
#4176=DIRECTION('ref_axis',(-2.22044604925031E-16,1.,0.));
#4177=DIRECTION('center_axis',(-3.44509284839767E-16,-2.46519032881566E-32,
-1.));
#4178=DIRECTION('ref_axis',(0.998576764978815,0.0533333333333336,-3.44018967160459E-16));
#4179=DIRECTION('',(-1.,-7.19270450343441E-16,3.44509284839767E-16));
#4180=DIRECTION('center_axis',(3.44509284839767E-16,2.46519032881566E-32,
1.));
#4181=DIRECTION('ref_axis',(1.,2.22044604925031E-16,-3.44509284839767E-16));
#4182=DIRECTION('',(-2.22044604925031E-16,1.,5.18445247570944E-32));
#4183=DIRECTION('',(1.,0.,-3.44509284839767E-16));
#4184=DIRECTION('',(8.49280957174193E-48,-1.,2.46519032881566E-32));
#4185=DIRECTION('',(-1.,0.,3.44509284839767E-16));
#4186=DIRECTION('',(-8.49280957174193E-48,1.,-2.46519032881566E-32));
#4187=DIRECTION('',(8.49280957174193E-48,-1.,2.46519032881566E-32));
#4188=DIRECTION('',(-1.,0.,3.44509284839767E-16));
#4189=DIRECTION('center_axis',(3.44509284839767E-16,2.46519032881566E-32,
1.));
#4190=DIRECTION('ref_axis',(1.,2.22044604925031E-16,-3.44509284839767E-16));
#4191=DIRECTION('',(2.22044604925031E-16,-1.,-5.18445247570944E-32));
#4192=DIRECTION('',(-1.,0.,3.44509284839767E-16));
#4193=DIRECTION('',(-8.49280957174193E-48,1.,-2.46519032881566E-32));
#4194=DIRECTION('',(1.,0.,-3.44509284839767E-16));
#4195=DIRECTION('',(8.49280957174193E-48,-1.,2.46519032881566E-32));
#4196=DIRECTION('',(-1.,0.,3.44509284839767E-16));
#4197=DIRECTION('',(-8.49280957174193E-48,1.,-2.46519032881566E-32));
#4198=DIRECTION('',(1.,0.,-3.44509284839767E-16));
#4199=DIRECTION('center_axis',(-3.44509284839767E-16,-2.46519032881566E-32,
-1.));
#4200=DIRECTION('ref_axis',(-2.22044604925031E-16,1.,0.));
#4201=DIRECTION('',(1.,2.22044604925031E-16,-3.44509284839767E-16));
#4202=DIRECTION('center_axis',(3.44509284839767E-16,2.46519032881566E-32,
1.));
#4203=DIRECTION('ref_axis',(-2.22044604925031E-16,1.,0.));
#4204=DIRECTION('center_axis',(-3.44509284839767E-16,-2.46519032881566E-32,
-1.));
#4205=DIRECTION('ref_axis',(1.,2.22044604925031E-16,-3.44509284839767E-16));
#4206=DIRECTION('center_axis',(-3.44509284839767E-16,-2.46519032881566E-32,
-1.));
#4207=DIRECTION('ref_axis',(1.,2.22044604925031E-16,-3.44509284839767E-16));
#4208=DIRECTION('center_axis',(3.44509284839767E-16,2.46519032881566E-32,
1.));
#4209=DIRECTION('ref_axis',(-0.991362861163335,-0.131147540983607,3.41533710316085E-16));
#4210=DIRECTION('',(-1.,2.75181240493378E-16,3.44509284839767E-16));
#4211=DIRECTION('center_axis',(-3.44509284839767E-16,-2.46519032881566E-32,
-1.));
#4212=DIRECTION('ref_axis',(-0.998576764978815,-0.0533333333333336,3.44018967160459E-16));
#4213=DIRECTION('center_axis',(0.,1.,0.));
#4214=DIRECTION('ref_axis',(0.,0.,1.));
#4215=DIRECTION('',(3.44509284839767E-16,2.46519032881566E-32,1.));
#4216=DIRECTION('',(-1.,-2.22044604925031E-16,3.44509284839767E-16));
#4217=DIRECTION('',(-3.44509284839767E-16,-2.46519032881566E-32,-1.));
#4218=DIRECTION('center_axis',(0.,-1.,0.));
#4219=DIRECTION('ref_axis',(0.,0.,-1.));
#4220=DIRECTION('',(3.44509284839767E-16,2.46519032881566E-32,1.));
#4221=DIRECTION('',(1.,2.22044604925031E-16,-3.44509284839767E-16));
#4222=DIRECTION('',(-3.44509284839767E-16,-2.46519032881566E-32,-1.));
#4223=DIRECTION('center_axis',(0.,-1.,0.));
#4224=DIRECTION('ref_axis',(0.,0.,-1.));
#4225=DIRECTION('',(3.44509284839767E-16,2.46519032881566E-32,1.));
#4226=DIRECTION('',(1.,2.22044604925031E-16,-3.44509284839767E-16));
#4227=DIRECTION('',(-3.44509284839767E-16,-2.46519032881566E-32,-1.));
#4228=DIRECTION('center_axis',(0.,-1.,0.));
#4229=DIRECTION('ref_axis',(0.,0.,-1.));
#4230=DIRECTION('',(3.44509284839767E-16,2.46519032881566E-32,1.));
#4231=DIRECTION('',(1.,2.22044604925031E-16,-3.44509284839767E-16));
#4232=DIRECTION('',(-3.44509284839767E-16,-2.46519032881566E-32,-1.));
#4233=DIRECTION('center_axis',(0.,-1.,0.));
#4234=DIRECTION('ref_axis',(0.,0.,-1.));
#4235=DIRECTION('',(3.44509284839767E-16,2.46519032881566E-32,1.));
#4236=DIRECTION('',(1.,2.22044604925031E-16,-3.44509284839767E-16));
#4237=DIRECTION('',(-3.44509284839767E-16,-2.46519032881566E-32,-1.));
#4238=DIRECTION('center_axis',(0.,1.,0.));
#4239=DIRECTION('ref_axis',(0.,0.,1.));
#4240=DIRECTION('',(3.44509284839767E-16,2.46519032881566E-32,1.));
#4241=DIRECTION('',(-1.,-2.22044604925031E-16,3.44509284839767E-16));
#4242=DIRECTION('',(-3.44509284839767E-16,-2.46519032881566E-32,-1.));
#4243=DIRECTION('center_axis',(0.,1.,0.));
#4244=DIRECTION('ref_axis',(0.,0.,1.));
#4245=DIRECTION('',(3.44509284839767E-16,2.46519032881566E-32,1.));
#4246=DIRECTION('',(-1.,-2.22044604925031E-16,3.44509284839767E-16));
#4247=DIRECTION('',(-3.44509284839767E-16,-2.46519032881566E-32,-1.));
#4248=DIRECTION('center_axis',(0.,0.,-1.));
#4249=DIRECTION('ref_axis',(0.0266761599671418,-0.999644127922236,0.));
#4250=DIRECTION('',(0.,0.,-1.));
#4251=DIRECTION('center_axis',(-3.44509284839767E-16,-2.46519032881566E-32,
-1.));
#4252=DIRECTION('ref_axis',(-2.22044604925031E-16,1.,5.18445247570944E-32));
#4253=DIRECTION('',(0.,0.,-1.));
#4254=DIRECTION('center_axis',(-2.22044604925031E-16,1.,0.));
#4255=DIRECTION('ref_axis',(1.,2.22044604925031E-16,-3.44509284839767E-16));
#4256=DIRECTION('',(1.,2.22044604925031E-16,-3.44509284839767E-16));
#4257=DIRECTION('',(0.,0.,-1.));
#4258=DIRECTION('center_axis',(0.,0.,-1.));
#4259=DIRECTION('ref_axis',(-0.65878111942687,-0.752334657374416,0.));
#4260=DIRECTION('',(0.,0.,-1.));
#4261=DIRECTION('center_axis',(3.44509284839767E-16,2.46519032881566E-32,
1.));
#4262=DIRECTION('ref_axis',(-2.22044604925031E-16,1.,5.18445247570944E-32));
#4263=DIRECTION('center_axis',(3.44509284839767E-16,2.46519032881566E-32,
1.));
#4264=DIRECTION('ref_axis',(-2.22044604925031E-16,1.,5.18445247570944E-32));
#4265=DIRECTION('center_axis',(3.44509284839767E-16,2.46519032881566E-32,
1.));
#4266=DIRECTION('ref_axis',(1.,2.22044604925031E-16,-3.44509284839767E-16));
#4267=DIRECTION('',(1.,-1.77625863188669E-15,-3.44509284839767E-16));
#4268=DIRECTION('center_axis',(-2.22044604925031E-16,1.,0.));
#4269=DIRECTION('ref_axis',(1.,2.22044604925031E-16,-3.44509284839767E-16));
#4270=DIRECTION('',(0.,0.,-1.));
#4271=DIRECTION('',(1.,2.22044604925031E-16,-3.44509284839767E-16));
#4272=DIRECTION('',(0.,0.,-1.));
#4273=DIRECTION('center_axis',(0.,0.,-1.));
#4274=DIRECTION('ref_axis',(-0.0266761599671407,-0.999644127922236,0.));
#4275=DIRECTION('center_axis',(-3.44509284839767E-16,-2.46519032881566E-32,
-1.));
#4276=DIRECTION('ref_axis',(-2.22044604925031E-16,1.,5.18445247570944E-32));
#4277=DIRECTION('',(0.,0.,-1.));
#4278=DIRECTION('center_axis',(0.,0.,-1.));
#4279=DIRECTION('ref_axis',(-1.,-2.22044604925031E-16,0.));
#4280=DIRECTION('center_axis',(3.44509284839767E-16,2.46519032881566E-32,
1.));
#4281=DIRECTION('ref_axis',(1.,2.22044604925031E-16,-3.44509284839767E-16));
#4282=DIRECTION('',(0.,0.,-1.));
#4283=DIRECTION('center_axis',(3.44509284839767E-16,2.46519032881566E-32,
1.));
#4284=DIRECTION('ref_axis',(-1.,-2.22044604925031E-16,3.44509284839767E-16));
#4285=DIRECTION('center_axis',(-3.44509284839767E-16,-2.46519032881566E-32,
-1.));
#4286=DIRECTION('ref_axis',(-2.22044604925031E-16,1.,5.18445247570944E-32));
#4287=DIRECTION('',(1.,-1.27488531591788E-15,-3.44509284839767E-16));
#4288=DIRECTION('center_axis',(-3.44509284839767E-16,-2.46519032881566E-32,
-1.));
#4289=DIRECTION('ref_axis',(1.,2.22044604925031E-16,-3.44509284839767E-16));
#4290=DIRECTION('',(3.44509284839767E-16,2.46519032881566E-32,1.));
#4291=DIRECTION('',(-3.44509284839767E-16,-2.46519032881566E-32,-1.));
#4292=DIRECTION('center_axis',(-3.44509284839767E-16,-2.46519032881566E-32,
-1.));
#4293=DIRECTION('ref_axis',(1.,2.22044604925031E-16,-3.44509284839767E-16));
#4294=DIRECTION('center_axis',(-3.44509284839767E-16,-2.46519032881566E-32,
-1.));
#4295=DIRECTION('ref_axis',(1.,2.22044604925031E-16,-3.44509284839767E-16));
#4296=DIRECTION('',(3.44509284839767E-16,2.46519032881566E-32,1.));
#4297=DIRECTION('center_axis',(8.65956056235491E-17,0.707106781186548,0.707106781186547));
#4298=DIRECTION('ref_axis',(-4.00614097360304E-16,0.707106781186547,-0.707106781186548));
#4299=DIRECTION('',(-3.44509284839767E-16,-2.46519032881566E-32,-1.));
#4300=DIRECTION('center_axis',(-3.44509284839767E-16,-2.46519032881566E-32,
-1.));
#4301=DIRECTION('ref_axis',(-1.,-2.22044604925031E-16,3.44509284839767E-16));
#4302=DIRECTION('center_axis',(3.44509284839767E-16,2.46519032881566E-32,
1.));
#4303=DIRECTION('ref_axis',(1.,-3.10862446895044E-15,-3.44509284839767E-16));
#4304=DIRECTION('center_axis',(2.33312285472699E-16,0.382683432365093,0.923879532511285));
#4305=DIRECTION('ref_axis',(-5.52285483728084E-14,0.923879532511285,-0.382683432365093));
#4306=DIRECTION('center_axis',(3.44509284839767E-16,2.46519032881566E-32,
1.));
#4307=DIRECTION('ref_axis',(0.991362861163335,0.131147540983607,-3.41533710316085E-16));
#4308=DIRECTION('center_axis',(4.03257868574423E-16,-0.382683432365093,
0.923879532511285));
#4309=DIRECTION('ref_axis',(-7.33044701906654E-17,0.923879532511285,0.382683432365093));
#4310=DIRECTION('center_axis',(-3.44509284839767E-16,-2.46519032881566E-32,
-1.));
#4311=DIRECTION('ref_axis',(0.991362861163335,0.131147540983607,-3.41533710316085E-16));
#4312=DIRECTION('center_axis',(3.44509284839767E-16,2.46519032881566E-32,
1.));
#4313=DIRECTION('ref_axis',(1.,5.6330168216637E-16,-3.44509284839767E-16));
#4314=DIRECTION('',(3.44509284839767E-16,2.46519032881566E-32,1.));
#4315=DIRECTION('center_axis',(8.65956056235494E-17,0.707106781186548,0.707106781186548));
#4316=DIRECTION('ref_axis',(-4.00614097360304E-16,0.707106781186547,-0.707106781186547));
#4317=DIRECTION('',(3.44509284839767E-16,2.46519032881566E-32,1.));
#4318=DIRECTION('',(3.44509284839767E-16,2.46519032881566E-32,1.));
#4319=DIRECTION('center_axis',(3.44509284839767E-16,2.46519032881566E-32,
1.));
#4320=DIRECTION('ref_axis',(-2.22044604925031E-16,1.,5.18445247570944E-32));
#4321=DIRECTION('center_axis',(4.00614097360304E-16,-0.707106781186548,
0.707106781186548));
#4322=DIRECTION('ref_axis',(8.65956056235494E-17,0.707106781186547,0.707106781186547));
#4323=DIRECTION('',(-3.44509284839767E-16,-2.46519032881566E-32,-1.));
#4324=DIRECTION('center_axis',(0.668412355421046,-0.743790913577525,-2.30274262544169E-16));
#4325=DIRECTION('ref_axis',(3.44509284839767E-16,2.46519032881566E-32,1.));
#4326=DIRECTION('',(0.716824254503246,0.644178598621062,0.266827512139341));
#4327=DIRECTION('',(-0.61837277284315,-0.555704559008775,-0.555704559008775));
#4328=DIRECTION('',(-3.44509284839767E-16,-2.46519032881566E-32,-1.));
#4329=DIRECTION('',(-0.618372772843149,-0.555704559008775,0.555704559008776));
#4330=DIRECTION('center_axis',(4.03257868574423E-16,-0.382683432365093,
0.923879532511285));
#4331=DIRECTION('ref_axis',(-7.33044701906654E-17,0.923879532511285,0.382683432365093));
#4332=DIRECTION('',(-1.,-2.22044604925031E-16,3.44509284839767E-16));
#4333=DIRECTION('center_axis',(-4.03257868574423E-16,0.382683432365093,
-0.923879532511285));
#4334=DIRECTION('ref_axis',(-3.508271902671E-13,0.923879532511285,0.382683432365093));
#4335=DIRECTION('',(0.662601937943606,-0.691959663799905,-0.286619077361051));
#4336=DIRECTION('',(1.,2.22044604925031E-16,-3.44509284839767E-16));
#4337=DIRECTION('center_axis',(-3.44509284839767E-16,-2.46519032881566E-32,
-1.));
#4338=DIRECTION('ref_axis',(1.,1.28591488374092E-16,-3.44509284839767E-16));
#4339=DIRECTION('center_axis',(-3.44509284839767E-16,-2.46519032881566E-32,
-1.));
#4340=DIRECTION('ref_axis',(0.998576764978815,0.0533333333333336,-3.44018967160459E-16));
#4341=DIRECTION('center_axis',(-2.33312285472699E-16,-0.382683432365093,
-0.923879532511285));
#4342=DIRECTION('ref_axis',(-3.36980461398916E-16,0.923879532511285,-0.382683432365093));
#4343=DIRECTION('center_axis',(3.44509284839767E-16,2.46519032881566E-32,
1.));
#4344=DIRECTION('ref_axis',(0.998576764978815,0.0533333333333336,-3.44018967160459E-16));
#4345=DIRECTION('center_axis',(3.44509284839767E-16,2.46519032881566E-32,
1.));
#4346=DIRECTION('ref_axis',(1.,4.44089209850062E-16,-3.44509284839767E-16));
#4347=DIRECTION('',(3.44509284839767E-16,2.46519032881566E-32,1.));
#4348=DIRECTION('center_axis',(-4.00614097360304E-16,0.707106781186548,
-0.707106781186548));
#4349=DIRECTION('ref_axis',(8.65956056235494E-17,0.707106781186548,0.707106781186548));
#4350=DIRECTION('center_axis',(3.44509284839767E-16,2.46519032881566E-32,
1.));
#4351=DIRECTION('ref_axis',(-2.22044604925031E-16,1.,5.18445247570944E-32));
#4352=DIRECTION('',(3.44509284839767E-16,2.46519032881566E-32,1.));
#4353=DIRECTION('',(3.44509284839767E-16,2.46519032881566E-32,1.));
#4354=DIRECTION('center_axis',(-8.65956056235494E-17,-0.707106781186548,
-0.707106781186548));
#4355=DIRECTION('ref_axis',(-4.00614097360304E-16,0.707106781186548,-0.707106781186548));
#4356=DIRECTION('',(-3.44509284839767E-16,-2.46519032881566E-32,-1.));
#4357=DIRECTION('center_axis',(2.45252734989996E-15,-7.06505561125097E-16,
-1.));
#4358=DIRECTION('ref_axis',(2.22044604925029E-16,-1.,7.06505561125098E-16));
#4359=DIRECTION('center_axis',(-0.865708327225655,-0.0128849450208065,-0.500382923733384));
#4360=DIRECTION('ref_axis',(0.500115467570606,-0.063852680785156,-0.863601386203834));
#4361=DIRECTION('center_axis',(-0.865708327225652,-0.012884945020759,0.50038292373339));
#4362=DIRECTION('ref_axis',(-0.500115467571358,0.0638526807492872,-0.86360138620605));
#4363=DIRECTION('center_axis',(-2.45252734989996E-15,7.06505561125097E-16,
1.));
#4364=DIRECTION('ref_axis',(2.22044604925029E-16,-1.,7.06505561125098E-16));
#4365=DIRECTION('center_axis',(-0.722262455595391,0.691619075241072,2.48826122043782E-16));
#4366=DIRECTION('ref_axis',(-3.44509284839767E-16,-2.46519032881566E-32,
-1.));
#4367=DIRECTION('',(-0.662601937943606,-0.691959663799905,0.286619077361051));
#4368=DIRECTION('',(0.560670511183064,0.585511988728548,-0.58551198872855));
#4369=DIRECTION('',(-3.44509284839767E-16,-2.46519032881566E-32,-1.));
#4370=DIRECTION('',(-0.560670511183065,-0.585511988728549,-0.585511988728549));
#4371=DIRECTION('center_axis',(2.33312285472699E-16,0.382683432365093,0.923879532511285));
#4372=DIRECTION('ref_axis',(-3.36980461398916E-16,0.923879532511285,-0.382683432365093));
#4373=DIRECTION('',(-0.716824254503246,0.644178598621062,-0.266827512139341));
#4374=DIRECTION('',(-1.,-2.22044604925031E-16,3.44509284839767E-16));
#4375=DIRECTION('',(1.,2.22044604925031E-16,-3.44509284839767E-16));
#4376=DIRECTION('center_axis',(4.00614097360304E-16,-0.707106781186548,
0.707106781186547));
#4377=DIRECTION('ref_axis',(8.65956056235497E-17,0.707106781186547,0.707106781186548));
#4378=DIRECTION('',(-0.560670511183061,0.58551198872855,0.585511988728551));
#4379=DIRECTION('',(1.,2.22044604925031E-16,-3.44509284839767E-16));
#4380=DIRECTION('center_axis',(-0.722262455595391,-0.691619075241072,2.48826122043782E-16));
#4381=DIRECTION('ref_axis',(3.44509284839767E-16,2.46519032881566E-32,1.));
#4382=DIRECTION('',(-0.560670511183062,0.58551198872855,-0.58551198872855));
#4383=DIRECTION('',(3.44509284839767E-16,2.46519032881566E-32,1.));
#4384=DIRECTION('center_axis',(0.668412355421046,0.743790913577525,-2.30274262544168E-16));
#4385=DIRECTION('ref_axis',(-3.44509284839767E-16,-2.46519032881566E-32,
-1.));
#4386=DIRECTION('',(0.618372772843149,-0.555704559008775,-0.555704559008776));
#4387=DIRECTION('',(3.44509284839767E-16,2.46519032881566E-32,1.));
#4388=DIRECTION('',(0.61837277284315,-0.555704559008775,0.555704559008775));
#4389=DIRECTION('center_axis',(3.44509284839767E-16,2.46519032881566E-32,
1.));
#4390=DIRECTION('ref_axis',(-2.22044604925031E-16,1.,5.18445247570944E-32));
#4391=DIRECTION('center_axis',(-3.44509284839767E-16,-2.46519032881566E-32,
-1.));
#4392=DIRECTION('ref_axis',(-1.,8.63506796930677E-17,3.44509284839767E-16));
#4393=DIRECTION('center_axis',(3.44509284839767E-16,2.46519032881566E-32,
1.));
#4394=DIRECTION('ref_axis',(-0.998576764978815,-0.0533333333333336,3.44018967160459E-16));
#4395=DIRECTION('center_axis',(-3.44509284839767E-16,-2.46519032881566E-32,
-1.));
#4396=DIRECTION('ref_axis',(-0.998576764978815,-0.0533333333333336,3.44018967160459E-16));
#4397=DIRECTION('center_axis',(4.00614097360304E-16,-0.707106781186548,
0.707106781186548));
#4398=DIRECTION('ref_axis',(-8.65956056235494E-17,-0.707106781186548,-0.707106781186548));
#4399=DIRECTION('',(-1.,-2.22044604925031E-16,3.44509284839767E-16));
#4400=DIRECTION('',(0.618372772843149,-0.555704559008775,-0.555704559008776));
#4401=DIRECTION('',(1.,2.22044604925031E-16,-3.44509284839767E-16));
#4402=DIRECTION('',(0.560670511183062,0.58551198872855,0.58551198872855));
#4403=DIRECTION('center_axis',(-3.44509284839767E-16,-2.46519032881566E-32,
-1.));
#4404=DIRECTION('ref_axis',(-2.22044604925031E-16,1.,5.18445247570944E-32));
#4405=DIRECTION('',(1.,2.22044604925031E-16,-3.44509284839767E-16));
#4406=DIRECTION('center_axis',(3.44509284839767E-16,2.46519032881566E-32,
1.));
#4407=DIRECTION('ref_axis',(-1.,-2.22044604925031E-16,3.44509284839767E-16));
#4408=DIRECTION('center_axis',(8.65956056235494E-17,0.707106781186548,0.707106781186548));
#4409=DIRECTION('ref_axis',(4.00614097360304E-16,-0.707106781186548,0.707106781186548));
#4410=DIRECTION('',(0.560670511183065,-0.585511988728549,0.585511988728549));
#4411=DIRECTION('',(-1.,-2.22044604925031E-16,3.44509284839767E-16));
#4412=DIRECTION('',(-0.618372772843149,-0.555704559008775,0.555704559008776));
#4413=DIRECTION('center_axis',(0.722262455595391,0.691619075241072,-2.48826122043782E-16));
#4414=DIRECTION('ref_axis',(3.44509284839767E-16,2.46519032881566E-32,1.));
#4415=DIRECTION('',(-3.44509284839767E-16,-2.46519032881566E-32,-1.));
#4416=DIRECTION('',(-0.560670511183064,0.585511988728548,0.58551198872855));
#4417=DIRECTION('',(3.44509284839767E-16,2.46519032881566E-32,1.));
#4418=DIRECTION('center_axis',(3.44509284839767E-16,2.46519032881566E-32,
1.));
#4419=DIRECTION('ref_axis',(-1.,-2.22044604925031E-16,3.44509284839767E-16));
#4420=DIRECTION('center_axis',(-0.668412355421046,-0.743790913577525,2.30274262544168E-16));
#4421=DIRECTION('ref_axis',(-3.44509284839767E-16,-2.46519032881566E-32,
-1.));
#4422=DIRECTION('',(0.61837277284315,-0.555704559008775,0.555704559008775));
#4423=DIRECTION('',(3.44509284839767E-16,2.46519032881566E-32,1.));
#4424=DIRECTION('center_axis',(-0.668412355421046,0.743790913577525,2.30274262544169E-16));
#4425=DIRECTION('ref_axis',(3.44509284839767E-16,2.46519032881566E-32,1.));
#4426=DIRECTION('',(-3.44509284839767E-16,-2.46519032881566E-32,-1.));
#4427=DIRECTION('',(-0.61837277284315,-0.555704559008775,-0.555704559008775));
#4428=DIRECTION('center_axis',(-3.44509284839767E-16,-2.46519032881566E-32,
-1.));
#4429=DIRECTION('ref_axis',(-1.,-2.22044604925031E-16,3.44509284839767E-16));
#4430=DIRECTION('center_axis',(-3.44509284839767E-16,-2.46519032881566E-32,
-1.));
#4431=DIRECTION('ref_axis',(-1.,-2.22044604925031E-16,3.44509284839767E-16));
#4432=DIRECTION('',(-0.707106781186546,3.4542034091043E-16,-0.707106781186549));
#4433=DIRECTION('center_axis',(3.44509284839767E-16,2.46519032881566E-32,
1.));
#4434=DIRECTION('ref_axis',(1.,2.22044604925031E-16,-3.44509284839767E-16));
#4435=DIRECTION('',(0.707106781186546,-3.4542034091043E-16,-0.707106781186549));
#4436=DIRECTION('center_axis',(-3.44509284839767E-16,-2.46519032881566E-32,
-1.));
#4437=DIRECTION('ref_axis',(-2.22044604925031E-16,1.,5.18445247570944E-32));
#4438=DIRECTION('',(-1.,-2.22044604925031E-16,3.44509284839767E-16));
#4439=DIRECTION('center_axis',(-3.44509284839767E-16,-2.46519032881566E-32,
-1.));
#4440=DIRECTION('ref_axis',(-2.22044604925031E-16,1.,5.18445247570944E-32));
#4441=DIRECTION('',(1.,-1.27488531591788E-15,-3.44509284839767E-16));
#4442=DIRECTION('',(-0.971590610673972,-0.236667879633419,-3.57449398020189E-15));
#4443=DIRECTION('center_axis',(-2.22044604925031E-16,1.,5.18445247570944E-32));
#4444=DIRECTION('ref_axis',(1.,2.22044604925031E-16,-3.44509284839767E-16));
#4445=DIRECTION('center_axis',(-2.22044604925031E-16,1.,5.18445247570944E-32));
#4446=DIRECTION('ref_axis',(1.,2.22044604925031E-16,-3.44509284839767E-16));
#4447=DIRECTION('',(-2.22044604925031E-16,1.,5.18445247570944E-32));
#4448=DIRECTION('center_axis',(-4.00614097360304E-16,0.707106781186548,
-0.707106781186547));
#4449=DIRECTION('ref_axis',(8.65956056235497E-17,0.707106781186547,0.707106781186548));
#4450=DIRECTION('',(1.,2.22044604925031E-16,-3.44509284839767E-16));
#4451=DIRECTION('center_axis',(-4.00614097360304E-16,0.707106781186548,
-0.707106781186547));
#4452=DIRECTION('ref_axis',(8.65956056235497E-17,0.707106781186547,0.707106781186548));
#4453=DIRECTION('center_axis',(-2.22044604925031E-16,1.,5.18445247570944E-32));
#4454=DIRECTION('ref_axis',(1.,2.22044604925031E-16,-3.44509284839767E-16));
#4455=DIRECTION('center_axis',(2.22044604925031E-16,-1.,-5.18445247570944E-32));
#4456=DIRECTION('ref_axis',(1.,2.22044604925031E-16,-3.44509284839767E-16));
#4457=DIRECTION('center_axis',(0.722262455595391,-0.691619075241072,-2.48826122043782E-16));
#4458=DIRECTION('ref_axis',(-3.44509284839767E-16,-2.46519032881566E-32,
-1.));
#4459=DIRECTION('',(-3.44509284839767E-16,-2.46519032881566E-32,-1.));
#4460=DIRECTION('',(0.560670511183061,0.58551198872855,-0.585511988728551));
#4461=DIRECTION('',(3.44509284839767E-16,2.46519032881566E-32,1.));
#4462=DIRECTION('center_axis',(-8.65956056235491E-17,-0.707106781186548,
-0.707106781186547));
#4463=DIRECTION('ref_axis',(-4.00614097360304E-16,0.707106781186547,-0.707106781186548));
#4464=DIRECTION('',(1.,7.19270450343441E-16,-3.44509284839767E-16));
#4465=DIRECTION('center_axis',(-8.65956056235491E-17,-0.707106781186548,
-0.707106781186547));
#4466=DIRECTION('ref_axis',(-4.00614097360304E-16,0.707106781186547,-0.707106781186548));
#4467=DIRECTION('',(-1.,-2.22044604925031E-16,3.44509284839767E-16));
#4468=DIRECTION('center_axis',(2.22044604925031E-16,-1.,-5.18445247570944E-32));
#4469=DIRECTION('ref_axis',(-1.,-2.22044604925031E-16,3.44509284839767E-16));
#4470=DIRECTION('center_axis',(-2.22044604925031E-16,1.,5.18445247570944E-32));
#4471=DIRECTION('ref_axis',(-1.,-2.22044604925031E-16,3.44509284839767E-16));
#4472=DIRECTION('center_axis',(-3.09979179667537E-12,2.02689413739594E-11,
1.));
#4473=DIRECTION('ref_axis',(-0.972170164364083,0.23427584493565,-7.76204846680382E-12));
#4474=DIRECTION('center_axis',(2.45252734989996E-15,7.06505561125099E-16,
-1.));
#4475=DIRECTION('ref_axis',(2.22044604925033E-16,-1.,-7.06505561125098E-16));
#4476=DIRECTION('center_axis',(-2.45252734989996E-15,-7.06505561125099E-16,
1.));
#4477=DIRECTION('ref_axis',(2.22044604925033E-16,-1.,-7.06505561125098E-16));
#4478=DIRECTION('center_axis',(2.45252734989996E-15,7.06505561125099E-16,
-1.));
#4479=DIRECTION('ref_axis',(2.22044604925033E-16,-1.,-7.06505561125098E-16));
#4480=DIRECTION('',(0.408088617350715,-0.577801628203807,-0.706830219242084));
#4481=DIRECTION('center_axis',(0.865708327224849,-0.0128849450153143,0.500382923734919));
#4482=DIRECTION('ref_axis',(0.500115467570957,0.0638526808254647,-0.86360138620065));
#4483=DIRECTION('center_axis',(0.000237114821805102,-0.000156175153402678,
-0.999999959692941));
#4484=DIRECTION('ref_axis',(0.835366936900145,-0.549692641500654,0.000283926226439878));
#4485=DIRECTION('center_axis',(0.865708327224968,-0.0128849450161791,-0.500382923734691));
#4486=DIRECTION('ref_axis',(-0.50011546757106,-0.0638526808122112,-0.86360138620157));
#4487=DIRECTION('center_axis',(-2.45252734989996E-15,-7.06505561125099E-16,
1.));
#4488=DIRECTION('ref_axis',(2.22044604925033E-16,-1.,-7.06505561125098E-16));
#4489=DIRECTION('center_axis',(2.45252734989996E-15,7.06505561125099E-16,
-1.));
#4490=DIRECTION('ref_axis',(2.22044604925033E-16,-1.,-7.06505561125098E-16));
#4491=DIRECTION('',(-0.408088617350276,0.577801628204701,-0.706830219241605));
#4492=DIRECTION('center_axis',(-2.45252734989996E-15,-7.06505561125099E-16,
1.));
#4493=DIRECTION('ref_axis',(2.22044604925033E-16,-1.,-7.06505561125098E-16));
#4494=DIRECTION('center_axis',(-0.86602540378444,-2.11046801872046E-17,
0.499999999999998));
#4495=DIRECTION('ref_axis',(-0.499999999999998,8.28607192020363E-16,-0.86602540378444));
#4496=DIRECTION('',(-3.83531590325054E-16,-1.,-7.065055611251E-16));
#4497=DIRECTION('',(0.499999999999998,-8.28607192020364E-16,0.86602540378444));
#4498=DIRECTION('',(-3.83531590325054E-16,-1.,-7.065055611251E-16));
#4499=DIRECTION('center_axis',(-0.866025403784437,6.85400880937894E-16,
-0.500000000000003));
#4500=DIRECTION('ref_axis',(0.500000000000003,3.84170411323818E-16,-0.866025403784437));
#4501=DIRECTION('',(-3.83531590325054E-16,-1.,-7.065055611251E-16));
#4502=DIRECTION('',(-0.500000000000003,-3.84170411323818E-16,0.866025403784437));
#4503=DIRECTION('center_axis',(2.45252734989996E-15,7.06505561125099E-16,
-1.));
#4504=DIRECTION('ref_axis',(1.,-4.44436780696546E-16,2.45252734989996E-15));
#4505=DIRECTION('',(-3.83531590325054E-16,-1.,-7.065055611251E-16));
#4506=DIRECTION('',(-1.,4.44436780696546E-16,-2.45252734989996E-15));
#4507=DIRECTION('center_axis',(-2.22044604925031E-16,1.,5.18445247570944E-32));
#4508=DIRECTION('ref_axis',(1.,2.22044604925031E-16,-3.44509284839767E-16));
#4509=DIRECTION('center_axis',(-2.22044604925031E-16,1.,5.18445247570944E-32));
#4510=DIRECTION('ref_axis',(-1.,-2.22044604925031E-16,3.44509284839767E-16));
#4511=DIRECTION('center_axis',(-2.22044604925031E-16,1.,5.18445247570944E-32));
#4512=DIRECTION('ref_axis',(-1.,-2.22044604925031E-16,3.44509284839767E-16));
#4513=DIRECTION('',(-2.22044604925031E-16,1.,5.18445247570944E-32));
#4514=DIRECTION('center_axis',(-2.45252734989996E-15,-7.06505561125099E-16,
1.));
#4515=DIRECTION('ref_axis',(-1.,4.55362705050998E-16,-2.45252734989996E-15));
#4516=DIRECTION('',(1.,-4.55362705050998E-16,2.45252734989996E-15));
#4517=DIRECTION('',(-3.83531590325054E-16,-1.,-7.065055611251E-16));
#4518=DIRECTION('center_axis',(0.866025403784437,-6.85400880937893E-16,
0.500000000000003));
#4519=DIRECTION('ref_axis',(-0.500000000000003,-3.84170411323818E-16,0.866025403784437));
#4520=DIRECTION('',(0.500000000000003,3.84170411323818E-16,-0.866025403784437));
#4521=DIRECTION('',(-3.83531590325054E-16,-1.,-7.065055611251E-16));
#4522=DIRECTION('center_axis',(0.86602540378444,2.11046801872047E-17,-0.499999999999997));
#4523=DIRECTION('ref_axis',(0.499999999999997,-8.39533116374815E-16,0.86602540378444));
#4524=DIRECTION('',(-0.499999999999997,8.39533116374815E-16,-0.86602540378444));
#4525=DIRECTION('center_axis',(4.44436780696544E-16,1.,7.00197475757914E-16));
#4526=DIRECTION('ref_axis',(1.,-4.44436780696544E-16,-3.44509284839767E-16));
#4527=DIRECTION('center_axis',(-4.44436780696544E-16,-1.,-7.00197475757914E-16));
#4528=DIRECTION('ref_axis',(1.,-4.44436780696544E-16,-3.44509284839767E-16));
#4529=DIRECTION('center_axis',(2.22044604925031E-16,-1.,-5.18445247570944E-32));
#4530=DIRECTION('ref_axis',(1.,2.22044604925031E-16,-3.44509284839767E-16));
#4531=DIRECTION('',(2.22044604925031E-16,-1.,-5.18445247570944E-32));
#4532=DIRECTION('',(0.971590610673972,-0.236667879633419,3.57449398020189E-15));
#4533=DIRECTION('center_axis',(-2.22044604925031E-16,1.,5.18445247570944E-32));
#4534=DIRECTION('ref_axis',(-1.,-2.22044604925031E-16,3.44509284839767E-16));
#4535=DIRECTION('center_axis',(-2.22044604925031E-16,1.,5.18445247570944E-32));
#4536=DIRECTION('ref_axis',(-1.,-2.22044604925031E-16,3.44509284839767E-16));
#4537=DIRECTION('',(-2.22044604925031E-16,1.,5.18445247570944E-32));
#4538=DIRECTION('center_axis',(8.65956056235491E-17,0.707106781186548,0.707106781186547));
#4539=DIRECTION('ref_axis',(-4.00614097360304E-16,0.707106781186547,-0.707106781186548));
#4540=DIRECTION('',(-1.,-2.22044604925031E-16,3.44509284839767E-16));
#4541=DIRECTION('center_axis',(-4.00614097360304E-16,0.707106781186548,
-0.707106781186548));
#4542=DIRECTION('ref_axis',(-8.65956056235494E-17,-0.707106781186548,-0.707106781186548));
#4543=DIRECTION('',(-1.,-2.22044604925031E-16,3.44509284839767E-16));
#4544=DIRECTION('',(1.,2.22044604925031E-16,-3.44509284839767E-16));
#4545=DIRECTION('center_axis',(3.44509284839767E-16,2.46519032881566E-32,
1.));
#4546=DIRECTION('ref_axis',(-2.22044604925031E-16,1.,5.18445247570944E-32));
#4547=DIRECTION('',(1.,-1.77625863188669E-15,-3.44509284839767E-16));
#4548=DIRECTION('center_axis',(-3.44509284839767E-16,-2.46519032881566E-32,
-1.));
#4549=DIRECTION('ref_axis',(1.,2.22044604925031E-16,-3.44509284839767E-16));
#4550=DIRECTION('center_axis',(-2.22044604925031E-16,1.,5.18445247570944E-32));
#4551=DIRECTION('ref_axis',(-1.,-2.22044604925031E-16,3.44509284839767E-16));
#4552=DIRECTION('center_axis',(2.22044604925031E-16,-1.,-5.18445247570944E-32));
#4553=DIRECTION('ref_axis',(-1.,-2.22044604925031E-16,3.44509284839767E-16));
#4554=DIRECTION('center_axis',(-8.65956056235494E-17,-0.707106781186548,
-0.707106781186548));
#4555=DIRECTION('ref_axis',(4.00614097360304E-16,-0.707106781186548,0.707106781186548));
#4556=DIRECTION('',(-1.,-2.22044604925031E-16,3.44509284839767E-16));
#4557=DIRECTION('',(1.,-2.75181240493378E-16,-3.44509284839767E-16));
#4558=DIRECTION('center_axis',(2.22044604925031E-16,-1.,-5.18445247570944E-32));
#4559=DIRECTION('ref_axis',(1.,2.22044604925031E-16,-3.44509284839767E-16));
#4560=DIRECTION('center_axis',(-2.22044604925031E-16,1.,5.18445247570944E-32));
#4561=DIRECTION('ref_axis',(1.,2.22044604925031E-16,-3.44509284839767E-16));
#4562=DIRECTION('center_axis',(3.46451371571966E-12,2.26535227167008E-11,
-1.));
#4563=DIRECTION('ref_axis',(-0.972173810206003,-0.23426071533559,-8.6749399360075E-12));
#4564=DIRECTION('center_axis',(-2.45252734989996E-15,7.06505561125097E-16,
1.));
#4565=DIRECTION('ref_axis',(2.22044604925029E-16,-1.,7.06505561125098E-16));
#4566=DIRECTION('center_axis',(-2.45252734989996E-15,7.06505561125097E-16,
1.));
#4567=DIRECTION('ref_axis',(2.22044604925029E-16,-1.,7.06505561125098E-16));
#4568=DIRECTION('',(-0.408088617352615,-0.577801628203304,0.706830219241397));
#4569=DIRECTION('center_axis',(-0.000237114881767755,-0.000156175192773634,
0.99999995969292));
#4570=DIRECTION('ref_axis',(-0.835366936899829,-0.549692641501097,-0.000283926298172623));
#4571=DIRECTION('center_axis',(2.45252734989996E-15,-7.06505561125097E-16,
-1.));
#4572=DIRECTION('ref_axis',(2.22044604925029E-16,-1.,7.06505561125098E-16));
#4573=DIRECTION('',(0.408088617352625,0.577801628204035,0.706830219240794));
#4574=DIRECTION('center_axis',(2.45252734989996E-15,-7.06505561125097E-16,
-1.));
#4575=DIRECTION('ref_axis',(2.22044604925029E-16,-1.,7.06505561125098E-16));
#4576=DIRECTION('center_axis',(0.86602540378444,3.63487857089509E-16,-0.499999999999998));
#4577=DIRECTION('ref_axis',(0.499999999999998,1.05065179694539E-15,0.86602540378444));
#4578=DIRECTION('',(8.27620800175117E-16,-1.,7.065055611251E-16));
#4579=DIRECTION('',(-0.499999999999998,-1.05065179694539E-15,-0.86602540378444));
#4580=DIRECTION('',(8.27620800175117E-16,-1.,7.065055611251E-16));
#4581=DIRECTION('center_axis',(0.866025403784437,1.06999341821461E-15,0.500000000000003));
#4582=DIRECTION('ref_axis',(-0.500000000000003,1.62125806398786E-16,0.866025403784437));
#4583=DIRECTION('',(8.27620800175117E-16,-1.,7.065055611251E-16));
#4584=DIRECTION('',(0.500000000000003,-1.62125806398786E-16,-0.866025403784437));
#4585=DIRECTION('center_axis',(-2.45252734989996E-15,7.06505561125097E-16,
1.));
#4586=DIRECTION('ref_axis',(-1.,-8.88525990546608E-16,-2.45252734989996E-15));
#4587=DIRECTION('',(8.27620800175117E-16,-1.,7.065055611251E-16));
#4588=DIRECTION('',(1.,8.88525990546608E-16,2.45252734989996E-15));
#4589=DIRECTION('center_axis',(-2.22044604925031E-16,1.,5.18445247570944E-32));
#4590=DIRECTION('ref_axis',(-1.,-2.22044604925031E-16,3.44509284839767E-16));
#4591=DIRECTION('center_axis',(-2.22044604925031E-16,1.,5.18445247570944E-32));
#4592=DIRECTION('ref_axis',(1.,2.22044604925031E-16,-3.44509284839767E-16));
#4593=DIRECTION('center_axis',(-2.22044604925031E-16,1.,5.18445247570944E-32));
#4594=DIRECTION('ref_axis',(1.,2.22044604925031E-16,-3.44509284839767E-16));
#4595=DIRECTION('',(-2.22044604925031E-16,1.,5.18445247570944E-32));
#4596=DIRECTION('center_axis',(2.45252734989996E-15,-7.06505561125097E-16,
-1.));
#4597=DIRECTION('ref_axis',(1.,8.9945191490106E-16,2.45252734989996E-15));
#4598=DIRECTION('',(-1.,-8.9945191490106E-16,-2.45252734989996E-15));
#4599=DIRECTION('',(8.27620800175117E-16,-1.,7.065055611251E-16));
#4600=DIRECTION('center_axis',(-0.866025403784437,-1.06999341821461E-15,
-0.500000000000003));
#4601=DIRECTION('ref_axis',(0.500000000000003,-1.62125806398785E-16,-0.866025403784437));
#4602=DIRECTION('',(-0.500000000000003,1.62125806398786E-16,0.866025403784437));
#4603=DIRECTION('',(8.27620800175117E-16,-1.,7.065055611251E-16));
#4604=DIRECTION('center_axis',(-0.86602540378444,-3.63487857089509E-16,
0.499999999999997));
#4605=DIRECTION('ref_axis',(-0.499999999999997,-1.06157772129985E-15,-0.86602540378444));
#4606=DIRECTION('',(0.499999999999997,1.06157772129985E-15,0.86602540378444));
#4607=DIRECTION('center_axis',(-8.88525990546606E-16,1.,-7.00197475757914E-16));
#4608=DIRECTION('ref_axis',(-1.,-8.88525990546606E-16,3.44509284839767E-16));
#4609=DIRECTION('center_axis',(8.88525990546606E-16,-1.,7.00197475757914E-16));
#4610=DIRECTION('ref_axis',(-1.,-8.88525990546606E-16,3.44509284839767E-16));
#4611=DIRECTION('center_axis',(2.22044604925031E-16,-1.,-5.18445247570944E-32));
#4612=DIRECTION('ref_axis',(-1.,-2.22044604925031E-16,3.44509284839767E-16));
#4613=DIRECTION('',(2.22044604925031E-16,-1.,-5.18445247570944E-32));
#4614=DIRECTION('center_axis',(-1.27488531591788E-15,-1.,4.63861731727745E-31));
#4615=DIRECTION('ref_axis',(1.,-1.27488531591788E-15,-3.44509284839767E-16));
#4616=DIRECTION('',(3.44509284839767E-16,2.46519032881566E-32,1.));
#4617=DIRECTION('center_axis',(3.44509284839767E-16,2.46519032881566E-32,
1.));
#4618=DIRECTION('ref_axis',(-1.,-4.62592926927152E-17,3.44509284839767E-16));
#4619=DIRECTION('',(3.44509284839767E-16,2.46519032881566E-32,1.));
#4620=DIRECTION('center_axis',(7.19270450343441E-16,-1.,-2.23143445166039E-31));
#4621=DIRECTION('ref_axis',(1.,7.19270450343441E-16,-3.44509284839767E-16));
#4622=DIRECTION('center_axis',(-2.75181240493378E-16,-1.,1.1945439565185E-31));
#4623=DIRECTION('ref_axis',(1.,-2.75181240493378E-16,-3.44509284839767E-16));
#4624=DIRECTION('center_axis',(-1.77625863188669E-15,-1.,6.36589494249902E-31));
#4625=DIRECTION('ref_axis',(1.,-1.77625863188669E-15,-3.44509284839767E-16));
#4626=DIRECTION('',(3.44509284839767E-16,2.46519032881566E-32,1.));
#4627=DIRECTION('center_axis',(0.365666470122791,8.11942668927459E-17,0.930745954935039));
#4628=DIRECTION('ref_axis',(0.930745954935039,2.06667117849122E-16,-0.365666470122791));
#4629=DIRECTION('',(0.930745954935039,2.06667117849122E-16,-0.365666470122791));
#4630=DIRECTION('',(-2.22044604925031E-16,1.,5.18445247570944E-32));
#4631=DIRECTION('',(0.930745954935039,2.06667117849122E-16,-0.365666470122791));
#4632=DIRECTION('',(-2.22044604925031E-16,1.,5.18445247570944E-32));
#4633=DIRECTION('center_axis',(0.609018324166462,1.35229233181647E-16,0.793156151605391));
#4634=DIRECTION('ref_axis',(0.793156151605391,1.76116044327077E-16,-0.609018324166462));
#4635=DIRECTION('',(0.793156151605391,1.76116044327077E-16,-0.609018324166462));
#4636=DIRECTION('',(-2.22044604925031E-16,1.,5.18445247570944E-32));
#4637=DIRECTION('',(0.793156151605391,1.76116044327077E-16,-0.609018324166462));
#4638=DIRECTION('center_axis',(0.0128673746176545,2.85713111339943E-18,
0.99991721190829));
#4639=DIRECTION('ref_axis',(0.999917211908291,2.22026222275915E-16,-0.0128673746176546));
#4640=DIRECTION('',(0.99991721190829,2.22026222275915E-16,-0.0128673746176545));
#4641=DIRECTION('',(-2.22044604925031E-16,1.,5.18445247570944E-32));
#4642=DIRECTION('',(0.99991721190829,2.22026222275915E-16,-0.0128673746176545));
#4643=DIRECTION('center_axis',(-0.731009829022894,-1.62316788681703E-16,
-0.682366931988882));
#4644=DIRECTION('ref_axis',(-0.682366931988882,-1.51515895827377E-16,0.731009829022894));
#4645=DIRECTION('',(-0.682366931988882,-1.51515895827377E-16,0.731009829022894));
#4646=DIRECTION('',(-2.22044604925031E-16,1.,5.18445247570944E-32));
#4647=DIRECTION('',(-0.682366931988882,-1.51515895827377E-16,0.731009829022894));
#4648=DIRECTION('center_axis',(0.15040273439447,3.33961157382645E-17,0.988624811284173));
#4649=DIRECTION('ref_axis',(0.988624811284173,2.19518805640678E-16,-0.15040273439447));
#4650=DIRECTION('',(0.988624811284173,2.19518805640678E-16,-0.15040273439447));
#4651=DIRECTION('',(-2.22044604925031E-16,1.,5.18445247570944E-32));
#4652=DIRECTION('',(0.988624811284173,2.19518805640678E-16,-0.15040273439447));
#4653=DIRECTION('center_axis',(-0.910339983391921,-2.02136081959719E-16,
-0.413861226304177));
#4654=DIRECTION('ref_axis',(-0.413861226304177,-9.18956524884999E-17,0.910339983391921));
#4655=DIRECTION('',(-0.413861226304177,-9.18956524884999E-17,0.910339983391921));
#4656=DIRECTION('',(-2.22044604925031E-16,1.,5.18445247570944E-32));
#4657=DIRECTION('',(-0.413861226304177,-9.18956524884999E-17,0.910339983391921));
#4658=DIRECTION('center_axis',(0.0163912402392995,3.63958646316649E-18,
0.999865654597365));
#4659=DIRECTION('ref_axis',(0.999865654597365,2.2201477425318E-16,-0.0163912402392995));
#4660=DIRECTION('',(0.999865654597365,2.2201477425318E-16,-0.0163912402392995));
#4661=DIRECTION('',(-2.22044604925031E-16,1.,5.18445247570944E-32));
#4662=DIRECTION('',(0.999865654597365,2.2201477425318E-16,-0.0163912402392995));
#4663=DIRECTION('center_axis',(-0.471905750381651,-1.04784125905344E-16,
0.881649002016523));
#4664=DIRECTION('ref_axis',(0.881649002016523,1.95765404335307E-16,0.471905750381651));
#4665=DIRECTION('',(0.881649002016523,1.95765404335307E-16,0.471905750381651));
#4666=DIRECTION('',(-2.22044604925031E-16,1.,5.18445247570944E-32));
#4667=DIRECTION('',(0.881649002016523,1.95765404335307E-16,0.471905750381651));
#4668=DIRECTION('center_axis',(-0.0285597738988758,-6.34154371212416E-18,
0.999592086460695));
#4669=DIRECTION('ref_axis',(0.999592086460695,2.21954029924353E-16,0.0285597738988759));
#4670=DIRECTION('',(0.999592086460695,2.21954029924353E-16,0.0285597738988759));
#4671=DIRECTION('',(-2.22044604925031E-16,1.,5.18445247570944E-32));
#4672=DIRECTION('',(0.999592086460695,2.21954029924353E-16,0.0285597738988759));
#4673=DIRECTION('center_axis',(-0.752535846306975,-1.67096524685156E-16,
-0.658551288832574));
#4674=DIRECTION('ref_axis',(-0.658551288832574,-1.46227760751699E-16,0.752535846306976));
#4675=DIRECTION('',(-0.658551288832574,-1.46227760751699E-16,0.752535846306976));
#4676=DIRECTION('',(-2.22044604925031E-16,1.,5.18445247570944E-32));
#4677=DIRECTION('',(-0.658551288832574,-1.46227760751699E-16,0.752535846306976));
#4678=DIRECTION('center_axis',(-0.0734242852659504,-1.63034664137807E-17,
-0.997300794310916));
#4679=DIRECTION('ref_axis',(-0.997300794310916,-2.21445260864187E-16,0.0734242852659504));
#4680=DIRECTION('',(-0.997300794310916,-2.21445260864187E-16,0.0734242852659504));
#4681=DIRECTION('',(-2.22044604925031E-16,1.,5.18445247570944E-32));
#4682=DIRECTION('',(-0.997300794310916,-2.21445260864187E-16,0.0734242852659504));
#4683=DIRECTION('center_axis',(0.228184162797599,5.06670622785418E-17,-0.973617988663089));
#4684=DIRECTION('ref_axis',(-0.973617988663089,-2.16186621640599E-16,-0.228184162797599));
#4685=DIRECTION('',(-0.973617988663089,-2.16186621640599E-16,-0.228184162797599));
#4686=DIRECTION('',(-2.22044604925031E-16,1.,5.18445247570944E-32));
#4687=DIRECTION('',(-0.973617988663089,-2.16186621640599E-16,-0.228184162797599));
#4688=DIRECTION('center_axis',(-0.322674337156553,-7.1648095713373E-17,
-0.946510048621027));
#4689=DIRECTION('ref_axis',(-0.946510048621027,-2.10167449803628E-16,0.322674337156553));
#4690=DIRECTION('',(-0.946510048621027,-2.10167449803628E-16,0.322674337156553));
#4691=DIRECTION('',(-2.22044604925031E-16,1.,5.18445247570944E-32));
#4692=DIRECTION('',(-0.946510048621027,-2.10167449803628E-16,0.322674337156553));
#4693=DIRECTION('center_axis',(-0.184288535050182,-4.09202749574304E-17,
-0.982872186934323));
#4694=DIRECTION('ref_axis',(-0.982872186934323,-2.18241466439633E-16,0.184288535050182));
#4695=DIRECTION('',(-0.982872186934322,-2.18241466439633E-16,0.184288535050182));
#4696=DIRECTION('',(-2.22044604925031E-16,1.,5.18445247570944E-32));
#4697=DIRECTION('',(-0.982872186934322,-2.18241466439633E-16,0.184288535050182));
#4698=DIRECTION('center_axis',(0.389639990836697,8.65174578283272E-17,-0.920967251068559));
#4699=DIRECTION('ref_axis',(-0.920967251068559,-2.0449580941241E-16,-0.389639990836697));
#4700=DIRECTION('',(-0.920967251068559,-2.0449580941241E-16,-0.389639990836697));
#4701=DIRECTION('',(-2.22044604925031E-16,1.,5.18445247570944E-32));
#4702=DIRECTION('',(-0.920967251068559,-2.0449580941241E-16,-0.389639990836697));
#4703=DIRECTION('center_axis',(0.624695047554429,1.38710165032847E-16,0.780868809443027));
#4704=DIRECTION('ref_axis',(0.780868809443027,1.73387706291056E-16,-0.624695047554429));
#4705=DIRECTION('',(0.780868809443027,1.73387706291056E-16,-0.624695047554429));
#4706=DIRECTION('',(-2.22044604925031E-16,1.,5.18445247570944E-32));
#4707=DIRECTION('',(0.780868809443027,1.73387706291056E-16,-0.624695047554429));
#4708=DIRECTION('center_axis',(0.181115642023469,4.02157511788446E-17,0.983461806179796));
#4709=DIRECTION('ref_axis',(0.983461806179796,2.1837238821205E-16,-0.181115642023469));
#4710=DIRECTION('',(0.983461806179796,2.1837238821205E-16,-0.181115642023469));
#4711=DIRECTION('',(0.983461806179796,2.1837238821205E-16,-0.181115642023469));
#4712=DIRECTION('center_axis',(-2.22044604925031E-16,1.,5.18445247570944E-32));
#4713=DIRECTION('ref_axis',(-3.44509284839767E-16,-2.46519032881566E-32,
-1.));
#4714=DIRECTION('center_axis',(0.970120272418746,2.15409972618984E-16,0.242624518633583));
#4715=DIRECTION('ref_axis',(0.242624518633583,5.38734653851198E-17,-0.970120272418746));
#4716=DIRECTION('',(0.242624518633583,5.38734653851198E-17,-0.970120272418746));
#4717=DIRECTION('',(-2.22044604925031E-16,1.,5.18445247570944E-32));
#4718=DIRECTION('',(0.242624518633583,5.38734653851198E-17,-0.970120272418746));
#4719=DIRECTION('',(-2.22044604925031E-16,1.,5.18445247570944E-32));
#4720=DIRECTION('center_axis',(0.613940613514922,1.36322200975352E-16,0.789352217376325));
#4721=DIRECTION('ref_axis',(0.789352217376325,1.75271401254023E-16,-0.613940613514922));
#4722=DIRECTION('',(0.789352217376325,1.75271401254023E-16,-0.613940613514922));
#4723=DIRECTION('',(-2.22044604925031E-16,1.,5.18445247570944E-32));
#4724=DIRECTION('',(0.789352217376325,1.75271401254023E-16,-0.613940613514922));
#4725=DIRECTION('center_axis',(0.359001562200713,7.97143600463263E-17,0.933336958626116));
#4726=DIRECTION('ref_axis',(0.933336958626116,2.07242436240066E-16,-0.359001562200713));
#4727=DIRECTION('',(0.933336958626116,2.07242436240066E-16,-0.359001562200713));
#4728=DIRECTION('',(-2.22044604925031E-16,1.,5.18445247570944E-32));
#4729=DIRECTION('',(0.933336958626116,2.07242436240066E-16,-0.359001562200713));
#4730=DIRECTION('center_axis',(0.533982037772557,1.1856783061427E-16,0.845495821004615));
#4731=DIRECTION('ref_axis',(0.845495821004615,1.87737785540735E-16,-0.533982037772556));
#4732=DIRECTION('',(0.845495821004615,1.87737785540735E-16,-0.533982037772557));
#4733=DIRECTION('',(-2.22044604925031E-16,1.,5.18445247570944E-32));
#4734=DIRECTION('',(0.845495821004615,1.87737785540735E-16,-0.533982037772557));
#4735=DIRECTION('center_axis',(0.884924516818344,1.96492714725403E-16,-0.465734473207449));
#4736=DIRECTION('ref_axis',(-0.465734473207449,-1.03413827103316E-16,-0.884924516818344));
#4737=DIRECTION('',(-0.465734473207449,-1.03413827103315E-16,-0.884924516818344));
#4738=DIRECTION('',(-2.22044604925031E-16,1.,5.18445247570944E-32));
#4739=DIRECTION('',(-0.465734473207449,-1.03413827103316E-16,-0.884924516818344));
#4740=DIRECTION('center_axis',(0.240441944826303,5.33888366463626E-17,-0.970663521086553));
#4741=DIRECTION('ref_axis',(-0.970663521086553,-2.15530598054803E-16,-0.240441944826303));
#4742=DIRECTION('',(-0.970663521086553,-2.15530598054803E-16,-0.240441944826303));
#4743=DIRECTION('',(-2.22044604925031E-16,1.,5.18445247570944E-32));
#4744=DIRECTION('',(-0.970663521086553,-2.15530598054803E-16,-0.240441944826303));
#4745=DIRECTION('center_axis',(0.23137065781196,5.13746063051013E-17,0.972865673514931));
#4746=DIRECTION('ref_axis',(0.972865673514931,2.16019574120747E-16,-0.23137065781196));
#4747=DIRECTION('',(0.972865673514931,2.16019574120747E-16,-0.23137065781196));
#4748=DIRECTION('',(-2.22044604925031E-16,1.,5.18445247570944E-32));
#4749=DIRECTION('',(0.972865673514931,2.16019574120747E-16,-0.23137065781196));
#4750=DIRECTION('center_axis',(-0.619975933272479,-1.37662311166515E-16,
0.784620827000481));
#4751=DIRECTION('ref_axis',(0.784620827000481,1.74220821547273E-16,0.619975933272479));
#4752=DIRECTION('',(0.784620827000481,1.74220821547273E-16,0.619975933272479));
#4753=DIRECTION('',(-2.22044604925031E-16,1.,5.18445247570944E-32));
#4754=DIRECTION('',(0.784620827000481,1.74220821547273E-16,0.619975933272479));
#4755=DIRECTION('center_axis',(0.717600020386706,1.5933921302096E-16,0.696455462137386));
#4756=DIRECTION('ref_axis',(0.696455462137385,1.54644177938176E-16,-0.717600020386706));
#4757=DIRECTION('',(0.696455462137385,1.54644177938176E-16,-0.717600020386706));
#4758=DIRECTION('',(-2.22044604925031E-16,1.,5.18445247570944E-32));
#4759=DIRECTION('',(0.696455462137385,1.54644177938176E-16,-0.717600020386706));
#4760=DIRECTION('center_axis',(-0.171406504926221,-3.80598896679231E-17,
0.985200390818527));
#4761=DIRECTION('ref_axis',(0.985200390818527,2.18758431551286E-16,0.171406504926221));
#4762=DIRECTION('',(0.985200390818527,2.18758431551286E-16,0.171406504926221));
#4763=DIRECTION('',(-2.22044604925031E-16,1.,5.18445247570944E-32));
#4764=DIRECTION('',(0.985200390818527,2.18758431551286E-16,0.171406504926221));
#4765=DIRECTION('center_axis',(-0.818417584154798,-1.81725209137351E-16,
0.574623927404893));
#4766=DIRECTION('ref_axis',(0.574623927404893,1.27592142941089E-16,0.818417584154798));
#4767=DIRECTION('',(0.574623927404894,1.27592142941089E-16,0.818417584154798));
#4768=DIRECTION('',(-2.22044604925031E-16,1.,5.18445247570944E-32));
#4769=DIRECTION('',(0.574623927404894,1.27592142941089E-16,0.818417584154798));
#4770=DIRECTION('center_axis',(0.267630101773031,5.94258202142385E-17,-0.963521732305482));
#4771=DIRECTION('ref_axis',(-0.963521732305482,-2.13944802386452E-16,-0.267630101773031));
#4772=DIRECTION('',(-0.963521732305482,-2.13944802386452E-16,-0.267630101773031));
#4773=DIRECTION('',(-2.22044604925031E-16,1.,5.18445247570944E-32));
#4774=DIRECTION('',(-0.963521732305482,-2.13944802386452E-16,-0.267630101773031));
#4775=DIRECTION('center_axis',(-0.938564052482826,-2.08403084230385E-16,
-0.345105084556886));
#4776=DIRECTION('ref_axis',(-0.345105084556886,-7.66287221580532E-17,0.938564052482826));
#4777=DIRECTION('',(-0.345105084556886,-7.66287221580532E-17,0.938564052482826));
#4778=DIRECTION('',(-2.22044604925031E-16,1.,5.18445247570944E-32));
#4779=DIRECTION('',(-0.345105084556886,-7.66287221580532E-17,0.938564052482826));
#4780=DIRECTION('center_axis',(-0.132166417034109,-2.93468398546956E-17,
0.991227541086488));
#4781=DIRECTION('ref_axis',(0.991227541086488,2.20096727751359E-16,0.132166417034109));
#4782=DIRECTION('',(0.991227541086488,2.20096727751359E-16,0.132166417034109));
#4783=DIRECTION('',(-2.22044604925031E-16,1.,5.18445247570944E-32));
#4784=DIRECTION('',(0.991227541086488,2.20096727751359E-16,0.132166417034109));
#4785=DIRECTION('center_axis',(0.912510460116449,2.02618024606515E-16,0.40905337081861));
#4786=DIRECTION('ref_axis',(0.40905337081861,9.08280941166705E-17,-0.912510460116449));
#4787=DIRECTION('',(0.409053370818609,9.08280941166705E-17,-0.912510460116449));
#4788=DIRECTION('',(-2.22044604925031E-16,1.,5.18445247570944E-32));
#4789=DIRECTION('',(0.409053370818609,9.08280941166705E-17,-0.912510460116449));
#4790=DIRECTION('center_axis',(0.43631352511671,9.68810643079876E-17,-0.899794703140794));
#4791=DIRECTION('ref_axis',(-0.899794703140794,-1.99794559372533E-16,-0.43631352511671));
#4792=DIRECTION('',(-0.899794703140794,-1.99794559372533E-16,-0.43631352511671));
#4793=DIRECTION('',(-2.22044604925031E-16,1.,5.18445247570944E-32));
#4794=DIRECTION('',(-0.899794703140794,-1.99794559372533E-16,-0.43631352511671));
#4795=DIRECTION('center_axis',(-0.0302908407755877,-6.72591777286244E-18,
0.999541127200431));
#4796=DIRECTION('ref_axis',(0.999541127200431,2.2194271469554E-16,0.0302908407755877));
#4797=DIRECTION('',(0.999541127200431,2.2194271469554E-16,0.0302908407755877));
#4798=DIRECTION('',(-2.22044604925031E-16,1.,5.18445247570944E-32));
#4799=DIRECTION('',(0.999541127200431,2.2194271469554E-16,0.0302908407755877));
#4800=DIRECTION('center_axis',(-0.99227743084708,-2.20329850108465E-16,
0.124038301469825));
#4801=DIRECTION('ref_axis',(0.124038301469825,2.75420356454392E-17,0.99227743084708));
#4802=DIRECTION('',(0.124038301469825,2.75420356454392E-17,0.99227743084708));
#4803=DIRECTION('',(-2.22044604925031E-16,1.,5.18445247570944E-32));
#4804=DIRECTION('',(0.124038301469825,2.75420356454392E-17,0.99227743084708));
#4805=DIRECTION('center_axis',(0.257680637297677,5.72165953055929E-17,0.966230142958634));
#4806=DIRECTION('ref_axis',(0.966230142958634,2.14546190359906E-16,-0.257680637297677));
#4807=DIRECTION('',(0.966230142958634,2.14546190359906E-16,-0.257680637297677));
#4808=DIRECTION('',(-2.22044604925031E-16,1.,5.18445247570944E-32));
#4809=DIRECTION('',(0.966230142958634,2.14546190359906E-16,-0.257680637297677));
#4810=DIRECTION('center_axis',(-0.208070430040323,-4.62009164348849E-17,
0.978113846207503));
#4811=DIRECTION('ref_axis',(0.978113846207503,2.17184902552848E-16,0.208070430040323));
#4812=DIRECTION('',(0.978113846207503,2.17184902552848E-16,0.208070430040323));
#4813=DIRECTION('',(-2.22044604925031E-16,1.,5.18445247570944E-32));
#4814=DIRECTION('',(0.978113846207503,2.17184902552848E-16,0.208070430040323));
#4815=DIRECTION('center_axis',(0.763371019148592,1.69502416358068E-16,0.645960282930801));
#4816=DIRECTION('ref_axis',(0.645960282930801,1.43431995820631E-16,-0.763371019148592));
#4817=DIRECTION('',(0.645960282930801,1.43431995820631E-16,-0.763371019148592));
#4818=DIRECTION('',(-2.22044604925031E-16,1.,5.18445247570944E-32));
#4819=DIRECTION('',(0.645960282930801,1.43431995820631E-16,-0.763371019148592));
#4820=DIRECTION('center_axis',(-0.985038282002112,-2.18722436163191E-16,
0.17233566952412));
#4821=DIRECTION('ref_axis',(0.17233566952412,3.8266205653974E-17,0.985038282002113));
#4822=DIRECTION('',(0.17233566952412,3.8266205653974E-17,0.985038282002112));
#4823=DIRECTION('',(-2.22044604925031E-16,1.,5.18445247570944E-32));
#4824=DIRECTION('',(0.17233566952412,3.8266205653974E-17,0.985038282002112));
#4825=DIRECTION('center_axis',(-0.795816836860437,-1.76706835133364E-16,
-0.605537415994626));
#4826=DIRECTION('ref_axis',(-0.605537415994626,-1.34456316301851E-16,0.795816836860437));
#4827=DIRECTION('',(-0.605537415994626,-1.34456316301851E-16,0.795816836860437));
#4828=DIRECTION('',(-2.22044604925031E-16,1.,5.18445247570944E-32));
#4829=DIRECTION('',(-0.605537415994626,-1.34456316301851E-16,0.795816836860437));
#4830=DIRECTION('center_axis',(0.233320703411863,5.18076034099175E-17,-0.972399840271168));
#4831=DIRECTION('ref_axis',(-0.972399840271168,-2.15916138362175E-16,-0.233320703411863));
#4832=DIRECTION('',(-0.972399840271168,-2.15916138362175E-16,-0.233320703411863));
#4833=DIRECTION('',(-2.22044604925031E-16,1.,5.18445247570944E-32));
#4834=DIRECTION('',(-0.972399840271168,-2.15916138362175E-16,-0.233320703411863));
#4835=DIRECTION('center_axis',(-0.91532916041863,-2.03243901801515E-16,
-0.402706503656603));
#4836=DIRECTION('ref_axis',(-0.402706503656603,-8.94188065051711E-17,0.91532916041863));
#4837=DIRECTION('',(-0.402706503656603,-8.9418806505171E-17,0.91532916041863));
#4838=DIRECTION('',(-2.22044604925031E-16,1.,5.18445247570944E-32));
#4839=DIRECTION('',(-0.402706503656603,-8.9418806505171E-17,0.91532916041863));
#4840=DIRECTION('center_axis',(-8.61626353434813E-16,-2.43164007998523E-31,
1.));
#4841=DIRECTION('ref_axis',(1.,2.22044604925031E-16,8.61626353434814E-16));
#4842=DIRECTION('',(1.,2.22044604925031E-16,8.61626353434813E-16));
#4843=DIRECTION('',(-2.22044604925031E-16,1.,5.18445247570944E-32));
#4844=DIRECTION('',(1.,2.22044604925031E-16,8.61626353434813E-16));
#4845=DIRECTION('center_axis',(-0.621078114033985,-1.3790704445826E-16,
-0.783748669069357));
#4846=DIRECTION('ref_axis',(-0.783748669069357,-1.74027163584024E-16,0.621078114033985));
#4847=DIRECTION('',(-0.783748669069357,-1.74027163584024E-16,0.621078114033985));
#4848=DIRECTION('',(-2.22044604925031E-16,1.,5.18445247570944E-32));
#4849=DIRECTION('',(-0.783748669069357,-1.74027163584024E-16,0.621078114033985));
#4850=DIRECTION('center_axis',(0.0322419413514348,7.15914912939543E-18,
-0.999480093457539));
#4851=DIRECTION('ref_axis',(-0.999480093457539,-2.21929162482213E-16,-0.0322419413514349));
#4852=DIRECTION('',(-0.999480093457539,-2.21929162482213E-16,-0.0322419413514349));
#4853=DIRECTION('',(-2.22044604925031E-16,1.,5.18445247570944E-32));
#4854=DIRECTION('',(-0.999480093457539,-2.21929162482213E-16,-0.0322419413514349));
#4855=DIRECTION('center_axis',(0.764272917304662,1.69702677977815E-16,0.644892942956132));
#4856=DIRECTION('ref_axis',(0.644892942956132,1.43194998737635E-16,-0.764272917304663));
#4857=DIRECTION('',(0.644892942956132,1.43194998737635E-16,-0.764272917304662));
#4858=DIRECTION('',(-2.22044604925031E-16,1.,5.18445247570944E-32));
#4859=DIRECTION('',(0.644892942956132,1.43194998737635E-16,-0.764272917304662));
#4860=DIRECTION('center_axis',(0.0885434392685045,1.96605929910786E-17,
-0.996072316331753));
#4861=DIRECTION('ref_axis',(-0.996072316331754,-2.21172483956645E-16,-0.0885434392685045));
#4862=DIRECTION('',(-0.996072316331754,-2.21172483956645E-16,-0.0885434392685045));
#4863=DIRECTION('',(-2.22044604925031E-16,1.,5.18445247570944E-32));
#4864=DIRECTION('',(-0.996072316331754,-2.21172483956645E-16,-0.0885434392685045));
#4865=DIRECTION('center_axis',(0.521958151597124,1.15897991558783E-16,-0.852971094458255));
#4866=DIRECTION('ref_axis',(-0.852971094458255,-1.89397629681455E-16,-0.521958151597125));
#4867=DIRECTION('',(-0.852971094458255,-1.89397629681455E-16,-0.521958151597124));
#4868=DIRECTION('',(-2.22044604925031E-16,1.,5.18445247570944E-32));
#4869=DIRECTION('',(-0.852971094458255,-1.89397629681455E-16,-0.521958151597124));
#4870=DIRECTION('center_axis',(-0.0544681843480086,-1.20943664745373E-17,
-0.998515506586569));
#4871=DIRECTION('ref_axis',(-0.998515506586568,-2.21714981171532E-16,0.0544681843480086));
#4872=DIRECTION('',(-0.998515506586568,-2.21714981171532E-16,0.0544681843480086));
#4873=DIRECTION('',(-2.22044604925031E-16,1.,5.18445247570944E-32));
#4874=DIRECTION('',(-0.998515506586568,-2.21714981171532E-16,0.0544681843480086));
#4875=DIRECTION('center_axis',(0.683895765382743,1.51855365034313E-16,0.729579729770196));
#4876=DIRECTION('ref_axis',(0.729579729770196,1.61999242858134E-16,-0.683895765382743));
#4877=DIRECTION('',(0.729579729770196,1.61999242858134E-16,-0.683895765382743));
#4878=DIRECTION('',(-2.22044604925031E-16,1.,5.18445247570944E-32));
#4879=DIRECTION('',(0.729579729770196,1.61999242858134E-16,-0.683895765382743));
#4880=DIRECTION('center_axis',(-0.199578548724423,-4.43153400030256E-17,
-0.979881831084266));
#4881=DIRECTION('ref_axis',(-0.979881831084266,-2.17577474056322E-16,0.199578548724423));
#4882=DIRECTION('',(-0.979881831084266,-2.17577474056322E-16,0.199578548724423));
#4883=DIRECTION('',(-2.22044604925031E-16,1.,5.18445247570944E-32));
#4884=DIRECTION('',(-0.979881831084266,-2.17577474056322E-16,0.199578548724423));
#4885=DIRECTION('center_axis',(0.61968184314709,1.37597010040811E-16,0.784853115731743));
#4886=DIRECTION('ref_axis',(0.784853115731743,1.74272400006835E-16,-0.61968184314709));
#4887=DIRECTION('',(0.784853115731743,1.74272400006835E-16,-0.61968184314709));
#4888=DIRECTION('',(-2.22044604925031E-16,1.,5.18445247570944E-32));
#4889=DIRECTION('',(0.784853115731743,1.74272400006835E-16,-0.61968184314709));
#4890=DIRECTION('center_axis',(-0.0102039396328717,-2.26572974445982E-18,
-0.999947938452782));
#4891=DIRECTION('ref_axis',(-0.999947938452782,-2.22033044939347E-16,0.0102039396328717));
#4892=DIRECTION('',(-0.999947938452782,-2.22033044939347E-16,0.0102039396328717));
#4893=DIRECTION('',(-2.22044604925031E-16,1.,5.18445247570944E-32));
#4894=DIRECTION('',(-0.999947938452782,-2.22033044939347E-16,0.0102039396328717));
#4895=DIRECTION('center_axis',(-0.582381084351156,-1.29314577790564E-16,
-0.8129159074529));
#4896=DIRECTION('ref_axis',(-0.8129159074529,-1.80503591507652E-16,0.582381084351156));
#4897=DIRECTION('',(-0.8129159074529,-1.80503591507652E-16,0.582381084351156));
#4898=DIRECTION('',(-2.22044604925031E-16,1.,5.18445247570944E-32));
#4899=DIRECTION('',(-0.8129159074529,-1.80503591507652E-16,0.582381084351156));
#4900=DIRECTION('center_axis',(-0.363545632187433,-8.07233462712793E-17,
-0.931576391562946));
#4901=DIRECTION('ref_axis',(-0.931576391562946,-2.06851511822081E-16,0.363545632187433));
#4902=DIRECTION('',(-0.931576391562946,-2.06851511822081E-16,0.363545632187433));
#4903=DIRECTION('',(-2.22044604925031E-16,1.,5.18445247570944E-32));
#4904=DIRECTION('',(-0.931576391562946,-2.06851511822081E-16,0.363545632187433));
#4905=DIRECTION('center_axis',(-0.220304193023276,-4.89173575031812E-17,
-0.975431218762432));
#4906=DIRECTION('ref_axis',(-0.975431218762432,-2.16589239601646E-16,0.220304193023276));
#4907=DIRECTION('',(-0.975431218762432,-2.16589239601646E-16,0.220304193023276));
#4908=DIRECTION('',(-2.22044604925031E-16,1.,5.18445247570944E-32));
#4909=DIRECTION('',(-0.975431218762432,-2.16589239601646E-16,0.220304193023276));
#4910=DIRECTION('center_axis',(-0.501046340590739,-1.11254636745603E-16,
-0.865420455374513));
#4911=DIRECTION('ref_axis',(-0.865420455374513,-1.92161943107674E-16,0.501046340590739));
#4912=DIRECTION('',(-0.865420455374513,-1.92161943107674E-16,0.501046340590739));
#4913=DIRECTION('',(-2.22044604925031E-16,1.,5.18445247570944E-32));
#4914=DIRECTION('',(-0.865420455374513,-1.92161943107674E-16,0.501046340590739));
#4915=DIRECTION('center_axis',(-0.0687976783366616,-1.52761533060234E-17,
-0.997630632777225));
#4916=DIRECTION('ref_axis',(-0.997630632777225,-2.21518499716128E-16,0.0687976783366616));
#4917=DIRECTION('',(-0.997630632777224,-2.21518499716128E-16,0.0687976783366617));
#4918=DIRECTION('',(-0.997630632777224,-2.21518499716128E-16,0.0687976783366617));
#4919=DIRECTION('center_axis',(-2.22044604925031E-16,1.,5.18445247570944E-32));
#4920=DIRECTION('ref_axis',(-3.44509284839767E-16,-2.46519032881566E-32,
-1.));
#4921=DIRECTION('center_axis',(-3.44509284839767E-16,-2.46519032881566E-32,
-1.));
#4922=DIRECTION('ref_axis',(1.,2.22044604925031E-16,-3.44509284839767E-16));
#4923=DIRECTION('center_axis',(-3.44509284839767E-16,-2.46519032881566E-32,
-1.));
#4924=DIRECTION('ref_axis',(1.,2.22044604925031E-16,-3.44509284839767E-16));
#4925=DIRECTION('',(-3.44509284839767E-16,-2.46519032881566E-32,-1.));
#4926=DIRECTION('center_axis',(-3.44509284839767E-16,-2.46519032881566E-32,
-1.));
#4927=DIRECTION('ref_axis',(1.,2.22044604925031E-16,-3.44509284839767E-16));
#4928=DIRECTION('center_axis',(3.44509284839767E-16,2.46519032881566E-32,
1.));
#4929=DIRECTION('ref_axis',(1.,2.22044604925031E-16,-3.44509284839767E-16));
#4930=DIRECTION('center_axis',(-4.00614097360304E-16,0.707106781186549,
-0.707106781186546));
#4931=DIRECTION('ref_axis',(-8.65956056235502E-17,-0.707106781186546,-0.707106781186549));
#4932=DIRECTION('',(-8.65956056235502E-17,-0.707106781186546,-0.707106781186549));
#4933=DIRECTION('',(-1.,-2.22044604925031E-16,3.44509284839767E-16));
#4934=DIRECTION('',(8.65956056235502E-17,0.707106781186546,0.707106781186549));
#4935=DIRECTION('',(1.,2.22044604925031E-16,-3.44509284839767E-16));
#4936=DIRECTION('center_axis',(-2.22044604925031E-16,1.,5.18445247570944E-32));
#4937=DIRECTION('ref_axis',(1.,2.22044604925031E-16,-3.44509284839767E-16));
#4938=DIRECTION('',(-3.44509284839767E-16,-2.46519032881566E-32,-1.));
#4939=DIRECTION('',(-1.,-2.22044604925031E-16,3.44509284839767E-16));
#4940=DIRECTION('',(-3.44509284839767E-16,-2.46519032881566E-32,-1.));
#4941=DIRECTION('center_axis',(-1.,-2.22044604925031E-16,3.44509284839767E-16));
#4942=DIRECTION('ref_axis',(-2.22044604925031E-16,1.,5.18445247570944E-32));
#4943=DIRECTION('',(-2.22044604925031E-16,1.,5.18445247570944E-32));
#4944=DIRECTION('',(-4.00614097360304E-16,0.707106781186547,-0.707106781186548));
#4945=DIRECTION('',(-3.44509284839767E-16,-2.46519032881566E-32,-1.));
#4946=DIRECTION('',(-8.65956056235497E-17,-0.707106781186547,-0.707106781186548));
#4947=DIRECTION('',(4.00614097360304E-16,-0.707106781186546,0.707106781186549));
#4948=DIRECTION('center_axis',(1.,2.22044604925031E-16,-3.44509284839767E-16));
#4949=DIRECTION('ref_axis',(2.22044604925031E-16,-1.,-5.18445247570944E-32));
#4950=DIRECTION('center_axis',(1.,2.22044604925031E-16,-3.44509284839767E-16));
#4951=DIRECTION('ref_axis',(2.22044604925031E-16,-1.,-5.18445247570944E-32));
#4952=DIRECTION('center_axis',(1.,2.22044604925031E-16,-3.44509284839767E-16));
#4953=DIRECTION('ref_axis',(2.22044604925031E-16,-1.,-5.18445247570944E-32));
#4954=DIRECTION('center_axis',(8.65956056235485E-17,0.707106781186549,0.707106781186546));
#4955=DIRECTION('ref_axis',(-4.00614097360304E-16,0.707106781186546,-0.707106781186549));
#4956=DIRECTION('',(-4.00614097360304E-16,0.707106781186546,-0.707106781186549));
#4957=DIRECTION('center_axis',(4.00614097360304E-16,-0.707106781186548,
0.707106781186547));
#4958=DIRECTION('ref_axis',(8.65956056235497E-17,0.707106781186547,0.707106781186548));
#4959=DIRECTION('',(1.,2.22044604925031E-16,-3.44509284839767E-16));
#4960=DIRECTION('',(8.65956056235497E-17,0.707106781186547,0.707106781186548));
#4961=DIRECTION('center_axis',(2.22044604925031E-16,-1.,-5.18445247570944E-32));
#4962=DIRECTION('ref_axis',(-1.,-2.22044604925031E-16,3.44509284839767E-16));
#4963=DIRECTION('',(-1.,-2.22044604925031E-16,3.44509284839767E-16));
#4964=DIRECTION('',(3.44509284839767E-16,2.46519032881566E-32,1.));
#4965=DIRECTION('center_axis',(-2.22044604925031E-16,1.,5.18445247570944E-32));
#4966=DIRECTION('ref_axis',(-3.44509284839767E-16,-2.46519032881566E-32,
-1.));
#4967=DIRECTION('center_axis',(-2.22044604925031E-16,1.,5.18445247570944E-32));
#4968=DIRECTION('ref_axis',(-3.44509284839767E-16,-2.46519032881566E-32,
-1.));
#4969=DIRECTION('center_axis',(-8.65956056235491E-17,-0.707106781186548,
-0.707106781186547));
#4970=DIRECTION('ref_axis',(4.00614097360304E-16,-0.707106781186547,0.707106781186548));
#4971=DIRECTION('',(1.,2.22044604925031E-16,-3.44509284839767E-16));
#4972=DIRECTION('',(4.00614097360304E-16,-0.707106781186547,0.707106781186548));
#4973=DIRECTION('center_axis',(-3.44509284839767E-16,-2.46519032881566E-32,
-1.));
#4974=DIRECTION('ref_axis',(2.22044604925031E-16,-1.,-5.18445247570944E-32));
#4975=DIRECTION('',(2.22044604925031E-16,-1.,-5.18445247570944E-32));
#4976=DIRECTION('center_axis',(-2.22044604925031E-16,1.,5.18445247570944E-32));
#4977=DIRECTION('ref_axis',(-3.44509284839767E-16,-2.46519032881566E-32,
-1.));
#4978=DIRECTION('center_axis',(2.22044604925031E-16,-1.,-5.18445247570944E-32));
#4979=DIRECTION('ref_axis',(-3.44509284839767E-16,-2.46519032881566E-32,
-1.));
#4980=DIRECTION('',(2.86185864519413E-16,0.514495755427529,0.857492925712543));
#4981=DIRECTION('center_axis',(2.22044604925031E-16,-1.,-5.18445247570944E-32));
#4982=DIRECTION('ref_axis',(3.44509284839767E-16,2.46519032881566E-32,1.));
#4983=DIRECTION('center_axis',(2.22044604925031E-16,-1.,-5.18445247570944E-32));
#4984=DIRECTION('ref_axis',(3.44509284839767E-16,2.46519032881566E-32,1.));
#4985=DIRECTION('center_axis',(-2.22044604925031E-16,1.,5.18445247570944E-32));
#4986=DIRECTION('ref_axis',(-3.44509284839767E-16,-2.46519032881566E-32,
-1.));
#4987=DIRECTION('',(-2.22044604925031E-16,1.,5.18445247570944E-32));
#4988=DIRECTION('center_axis',(-2.22044604925031E-16,1.,5.18445247570944E-32));
#4989=DIRECTION('ref_axis',(-3.44509284839767E-16,-2.46519032881566E-32,
-1.));
#4990=DIRECTION('center_axis',(2.22044604925031E-16,-1.,-5.18445247570944E-32));
#4991=DIRECTION('ref_axis',(-3.44509284839767E-16,-2.46519032881566E-32,
-1.));
#4992=DIRECTION('',(2.86185864519413E-16,0.514495755427529,0.857492925712543));
#4993=DIRECTION('center_axis',(2.22044604925031E-16,-1.,-5.18445247570944E-32));
#4994=DIRECTION('ref_axis',(3.44509284839767E-16,2.46519032881566E-32,1.));
#4995=DIRECTION('center_axis',(2.22044604925031E-16,-1.,-5.18445247570944E-32));
#4996=DIRECTION('ref_axis',(3.44509284839767E-16,2.46519032881566E-32,1.));
#4997=DIRECTION('center_axis',(-2.22044604925031E-16,1.,5.18445247570944E-32));
#4998=DIRECTION('ref_axis',(-3.44509284839767E-16,-2.46519032881566E-32,
-1.));
#4999=DIRECTION('',(-2.22044604925031E-16,1.,5.18445247570944E-32));
#5000=DIRECTION('center_axis',(-2.22044604925031E-16,1.,5.18445247570944E-32));
#5001=DIRECTION('ref_axis',(3.44509284839767E-16,2.46519032881566E-32,1.));
#5002=DIRECTION('',(-2.22044604925031E-16,1.,5.18445247570944E-32));
#5003=DIRECTION('center_axis',(-2.22044604925031E-16,1.,5.18445247570944E-32));
#5004=DIRECTION('ref_axis',(3.44509284839767E-16,2.46519032881566E-32,1.));
#5005=DIRECTION('center_axis',(-2.22044604925031E-16,1.,5.18445247570944E-32));
#5006=DIRECTION('ref_axis',(3.44509284839767E-16,2.46519032881566E-32,1.));
#5007=DIRECTION('center_axis',(-2.22044604925031E-16,1.,5.18445247570944E-32));
#5008=DIRECTION('ref_axis',(3.44509284839767E-16,2.46519032881566E-32,1.));
#5009=DIRECTION('',(-2.22044604925031E-16,1.,5.18445247570944E-32));
#5010=DIRECTION('center_axis',(-2.22044604925031E-16,1.,5.18445247570944E-32));
#5011=DIRECTION('ref_axis',(3.44509284839767E-16,2.46519032881566E-32,1.));
#5012=DIRECTION('center_axis',(-2.22044604925031E-16,1.,5.18445247570944E-32));
#5013=DIRECTION('ref_axis',(3.44509284839767E-16,2.46519032881566E-32,1.));
#5014=DIRECTION('center_axis',(1.,2.22044604925031E-16,-3.44509284839767E-16));
#5015=DIRECTION('ref_axis',(2.22044604925031E-16,-1.,-5.18445247570944E-32));
#5016=DIRECTION('',(2.22044604925031E-16,-1.,-5.18445247570944E-32));
#5017=DIRECTION('center_axis',(1.,2.22044604925031E-16,-3.44509284839767E-16));
#5018=DIRECTION('ref_axis',(2.22044604925031E-16,-1.,-5.18445247570944E-32));
#5019=DIRECTION('center_axis',(-1.,-2.22044604925031E-16,3.44509284839767E-16));
#5020=DIRECTION('ref_axis',(-2.22044604925031E-16,1.,5.18445247570944E-32));
#5021=DIRECTION('',(0.,1.,0.));
#5022=DIRECTION('center_axis',(-1.,-2.22044604925031E-16,3.44509284839767E-16));
#5023=DIRECTION('ref_axis',(2.22044604925031E-16,-1.,-5.18445247570944E-32));
#5024=DIRECTION('center_axis',(3.44509284839767E-16,2.46519032881566E-32,
1.));
#5025=DIRECTION('ref_axis',(2.22044604925031E-16,-1.,-5.18445247570944E-32));
#5026=DIRECTION('center_axis',(-1.,-2.22044604925031E-16,3.44509284839767E-16));
#5027=DIRECTION('ref_axis',(-2.22044604925031E-16,1.,5.18445247570944E-32));
#5028=DIRECTION('',(0.,1.,0.));
#5029=DIRECTION('center_axis',(-1.,-2.22044604925031E-16,3.44509284839767E-16));
#5030=DIRECTION('ref_axis',(2.22044604925031E-16,-1.,-5.18445247570944E-32));
#5031=DIRECTION('center_axis',(1.,2.22044604925031E-16,-3.44509284839767E-16));
#5032=DIRECTION('ref_axis',(2.22044604925031E-16,-1.,-5.18445247570944E-32));
#5033=DIRECTION('',(0.,1.,0.));
#5034=DIRECTION('center_axis',(1.,2.22044604925031E-16,-3.44509284839767E-16));
#5035=DIRECTION('ref_axis',(2.22044604925031E-16,-1.,-5.18445247570944E-32));
#5036=DIRECTION('center_axis',(3.44509284839767E-16,2.46519032881566E-32,
1.));
#5037=DIRECTION('ref_axis',(2.22044604925031E-16,-1.,-5.18445247570944E-32));
#5038=DIRECTION('center_axis',(-1.,-2.22044604925031E-16,3.44509284839767E-16));
#5039=DIRECTION('ref_axis',(2.22044604925031E-16,-1.,-5.18445247570944E-32));
#5040=DIRECTION('center_axis',(-1.,-2.22044604925031E-16,3.44509284839767E-16));
#5041=DIRECTION('ref_axis',(2.22044604925031E-16,-1.,-5.18445247570944E-32));
#5042=DIRECTION('',(-1.,-2.22044604925031E-16,3.44509284839767E-16));
#5043=DIRECTION('center_axis',(-1.,-2.22044604925031E-16,3.44509284839767E-16));
#5044=DIRECTION('ref_axis',(2.22044604925031E-16,-1.,-5.18445247570944E-32));
#5045=DIRECTION('',(-1.,-2.22044604925031E-16,3.44509284839767E-16));
#5046=DIRECTION('center_axis',(-1.,-2.22044604925031E-16,3.44509284839767E-16));
#5047=DIRECTION('ref_axis',(2.22044604925031E-16,-1.,-5.18445247570944E-32));
#5048=DIRECTION('',(-0.515038074910058,0.85716730070211,7.24626797386527E-17));
#5049=DIRECTION('center_axis',(-1.,-2.22044604925031E-16,3.44509284839767E-16));
#5050=DIRECTION('ref_axis',(2.22044604925031E-16,-1.,-5.18445247570944E-32));
#5051=DIRECTION('center_axis',(-1.,-2.22044604925031E-16,3.44509284839767E-16));
#5052=DIRECTION('ref_axis',(2.22044604925031E-16,-1.,-5.18445247570944E-32));
#5053=DIRECTION('center_axis',(-1.,-2.22044604925031E-16,3.44509284839767E-16));
#5054=DIRECTION('ref_axis',(2.22044604925031E-16,-1.,-5.18445247570944E-32));
#5055=DIRECTION('',(-0.707106781186548,0.707106781186547,1.57009245868378E-16));
#5056=DIRECTION('center_axis',(-1.,-2.22044604925031E-16,3.44509284839767E-16));
#5057=DIRECTION('ref_axis',(2.22044604925031E-16,-1.,-5.18445247570944E-32));
#5058=DIRECTION('',(-1.,-2.22044604925031E-16,3.44509284839767E-16));
#5059=DIRECTION('center_axis',(-1.,-2.22044604925031E-16,3.44509284839767E-16));
#5060=DIRECTION('ref_axis',(2.22044604925031E-16,-1.,-5.18445247570944E-32));
#5061=DIRECTION('',(-1.,-2.22044604925031E-16,3.44509284839767E-16));
#5062=DIRECTION('center_axis',(-1.,-2.22044604925031E-16,3.44509284839767E-16));
#5063=DIRECTION('ref_axis',(2.22044604925031E-16,-1.,-5.18445247570944E-32));
#5064=DIRECTION('center_axis',(-1.,-2.22044604925031E-16,3.44509284839767E-16));
#5065=DIRECTION('ref_axis',(2.22044604925031E-16,-1.,-5.18445247570944E-32));
#5066=DIRECTION('center_axis',(-1.,-2.22044604925031E-16,3.44509284839767E-16));
#5067=DIRECTION('ref_axis',(2.22044604925031E-16,-1.,-5.18445247570944E-32));
#5068=DIRECTION('',(-1.,-2.22044604925031E-16,3.44509284839767E-16));
#5069=DIRECTION('center_axis',(-1.,-2.22044604925031E-16,3.44509284839767E-16));
#5070=DIRECTION('ref_axis',(2.22044604925031E-16,-1.,-5.18445247570944E-32));
#5071=DIRECTION('center_axis',(-3.44509284839767E-16,-2.46519032881566E-32,
-1.));
#5072=DIRECTION('ref_axis',(1.,2.22044604925031E-16,-3.44509284839767E-16));
#5073=DIRECTION('',(-3.44509284839767E-16,-2.46519032881566E-32,-1.));
#5074=DIRECTION('center_axis',(3.44509284839767E-16,2.46519032881566E-32,
1.));
#5075=DIRECTION('ref_axis',(1.,2.22044604925031E-16,-3.44509284839767E-16));
#5076=DIRECTION('center_axis',(-3.44509284839767E-16,-2.46519032881566E-32,
-1.));
#5077=DIRECTION('ref_axis',(1.,2.22044604925031E-16,-3.44509284839767E-16));
#5078=DIRECTION('center_axis',(-3.44509284839767E-16,-2.46519032881566E-32,
-1.));
#5079=DIRECTION('ref_axis',(1.,2.22044604925031E-16,-3.44509284839767E-16));
#5080=DIRECTION('center_axis',(-3.44509284839767E-16,-2.46519032881566E-32,
-1.));
#5081=DIRECTION('ref_axis',(1.,2.22044604925031E-16,-3.44509284839767E-16));
#5082=DIRECTION('',(-3.44509284839767E-16,-2.46519032881566E-32,-1.));
#5083=DIRECTION('center_axis',(-3.44509284839767E-16,-2.46519032881566E-32,
-1.));
#5084=DIRECTION('ref_axis',(1.,2.22044604925031E-16,-3.44509284839767E-16));
#5085=DIRECTION('center_axis',(-3.44509284839767E-16,-2.46519032881566E-32,
-1.));
#5086=DIRECTION('ref_axis',(1.,2.22044604925031E-16,-3.44509284839767E-16));
#5087=DIRECTION('center_axis',(1.,2.22044604925031E-16,-3.44509284839767E-16));
#5088=DIRECTION('ref_axis',(2.22044604925031E-16,-1.,-5.18445247570944E-32));
#5089=DIRECTION('',(2.22044604925031E-16,-1.,-5.18445247570944E-32));
#5090=DIRECTION('center_axis',(-1.,-2.22044604925031E-16,3.44509284839767E-16));
#5091=DIRECTION('ref_axis',(2.22044604925031E-16,-1.,-5.18445247570944E-32));
#5092=DIRECTION('center_axis',(-1.,-2.22044604925031E-16,3.44509284839767E-16));
#5093=DIRECTION('ref_axis',(-2.22044604925031E-16,1.,5.18445247570944E-32));
#5094=DIRECTION('',(0.,1.,0.));
#5095=DIRECTION('center_axis',(1.,2.22044604925031E-16,-3.44509284839767E-16));
#5096=DIRECTION('ref_axis',(2.22044604925031E-16,-1.,-5.18445247570944E-32));
#5097=DIRECTION('center_axis',(-3.44509284839767E-16,-2.46519032881566E-32,
-1.));
#5098=DIRECTION('ref_axis',(2.22044604925031E-16,-1.,-5.18445247570944E-32));
#5099=DIRECTION('center_axis',(-1.,-2.22044604925031E-16,3.44509284839767E-16));
#5100=DIRECTION('ref_axis',(-2.22044604925031E-16,1.,5.18445247570944E-32));
#5101=DIRECTION('',(0.,1.,0.));
#5102=DIRECTION('center_axis',(1.,2.22044604925031E-16,-3.44509284839767E-16));
#5103=DIRECTION('ref_axis',(2.22044604925031E-16,-1.,-5.18445247570944E-32));
#5104=DIRECTION('center_axis',(1.,2.22044604925031E-16,-3.44509284839767E-16));
#5105=DIRECTION('ref_axis',(2.22044604925031E-16,-1.,-5.18445247570944E-32));
#5106=DIRECTION('',(0.,-1.,0.));
#5107=DIRECTION('center_axis',(-1.,-2.22044604925031E-16,3.44509284839767E-16));
#5108=DIRECTION('ref_axis',(2.22044604925031E-16,-1.,-5.18445247570944E-32));
#5109=DIRECTION('center_axis',(-3.44509284839767E-16,-2.46519032881566E-32,
-1.));
#5110=DIRECTION('ref_axis',(2.22044604925031E-16,-1.,-5.18445247570944E-32));
#5111=DIRECTION('center_axis',(-1.,-2.22044604925031E-16,3.44509284839767E-16));
#5112=DIRECTION('ref_axis',(2.22044604925031E-16,-1.,-5.18445247570944E-32));
#5113=DIRECTION('',(-1.,-2.22044604925031E-16,3.44509284839767E-16));
#5114=DIRECTION('center_axis',(-1.,-2.22044604925031E-16,3.44509284839767E-16));
#5115=DIRECTION('ref_axis',(2.22044604925031E-16,-1.,-5.18445247570944E-32));
#5116=DIRECTION('center_axis',(-1.,-2.22044604925031E-16,3.44509284839767E-16));
#5117=DIRECTION('ref_axis',(2.22044604925031E-16,-1.,-5.18445247570944E-32));
#5118=DIRECTION('center_axis',(-1.,-2.22044604925031E-16,3.44509284839767E-16));
#5119=DIRECTION('ref_axis',(2.22044604925031E-16,-1.,-5.18445247570944E-32));
#5120=DIRECTION('',(-1.,-2.22044604925031E-16,3.44509284839767E-16));
#5121=DIRECTION('center_axis',(1.,2.22044604925031E-16,-3.44509284839767E-16));
#5122=DIRECTION('ref_axis',(2.22044604925031E-16,-1.,-5.18445247570944E-32));
#5123=DIRECTION('',(0.515038074910058,0.85716730070211,-7.24626797386526E-17));
#5124=DIRECTION('center_axis',(-1.,-2.22044604925031E-16,3.44509284839767E-16));
#5125=DIRECTION('ref_axis',(2.22044604925031E-16,-1.,-5.18445247570944E-32));
#5126=DIRECTION('center_axis',(1.,2.22044604925031E-16,-3.44509284839767E-16));
#5127=DIRECTION('ref_axis',(2.22044604925031E-16,-1.,-5.18445247570944E-32));
#5128=DIRECTION('center_axis',(-1.,-2.22044604925031E-16,3.44509284839767E-16));
#5129=DIRECTION('ref_axis',(2.22044604925031E-16,-1.,-5.18445247570944E-32));
#5130=DIRECTION('',(0.707106781186548,0.707106781186547,-1.57009245868378E-16));
#5131=DIRECTION('center_axis',(-1.,-2.22044604925031E-16,3.44509284839767E-16));
#5132=DIRECTION('ref_axis',(2.22044604925031E-16,-1.,-5.18445247570944E-32));
#5133=DIRECTION('center_axis',(-1.,-2.22044604925031E-16,3.44509284839767E-16));
#5134=DIRECTION('ref_axis',(2.22044604925031E-16,-1.,-5.18445247570944E-32));
#5135=DIRECTION('',(-1.,-2.22044604925031E-16,3.44509284839767E-16));
#5136=DIRECTION('center_axis',(-1.,-2.22044604925031E-16,3.44509284839767E-16));
#5137=DIRECTION('ref_axis',(2.22044604925031E-16,-1.,-5.18445247570944E-32));
#5138=DIRECTION('center_axis',(-1.,-2.22044604925031E-16,3.44509284839767E-16));
#5139=DIRECTION('ref_axis',(2.22044604925031E-16,-1.,-5.18445247570944E-32));
#5140=DIRECTION('',(-1.,-2.22044604925031E-16,3.44509284839767E-16));
#5141=DIRECTION('center_axis',(-1.,-2.22044604925031E-16,3.44509284839767E-16));
#5142=DIRECTION('ref_axis',(2.22044604925031E-16,-1.,-5.18445247570944E-32));
#5143=DIRECTION('center_axis',(-1.,-2.22044604925031E-16,3.44509284839767E-16));
#5144=DIRECTION('ref_axis',(2.22044604925031E-16,-1.,-5.18445247570944E-32));
#5145=DIRECTION('',(-1.,-2.22044604925031E-16,3.44509284839767E-16));
#5146=DIRECTION('center_axis',(-1.,-2.22044604925031E-16,3.44509284839767E-16));
#5147=DIRECTION('ref_axis',(2.22044604925031E-16,-1.,-5.18445247570944E-32));
#5148=DIRECTION('center_axis',(-1.,-2.22044604925031E-16,3.44509284839767E-16));
#5149=DIRECTION('ref_axis',(2.22044604925031E-16,-1.,-5.18445247570944E-32));
#5150=DIRECTION('center_axis',(1.,2.22044604925031E-16,-3.44509284839767E-16));
#5151=DIRECTION('ref_axis',(2.22044604925031E-16,-1.,-5.18445247570944E-32));
#5152=CARTESIAN_POINT('',(0.,0.,0.));
#5153=CARTESIAN_POINT('Origin',(126.,24.,6.75000000000032));
#5154=CARTESIAN_POINT('',(119.9,24.,18.9000000000003));
#5155=CARTESIAN_POINT('',(119.9,24.,12.5000000000003));
#5156=CARTESIAN_POINT('',(119.9,24.,6.75000000000032));
#5157=CARTESIAN_POINT('',(132.047538707556,23.2017045781089,18.9000000000003));
#5158=CARTESIAN_POINT('Origin',(126.,24.,18.9000000000003));
#5159=CARTESIAN_POINT('',(132.047538707556,23.2017045781089,12.5000000000003));
#5160=CARTESIAN_POINT('',(132.047538707556,23.2017045781089,19.2000000000003));
#5161=CARTESIAN_POINT('Origin',(126.,24.,12.5000000000003));
#5162=CARTESIAN_POINT('Origin',(17.9999999999997,16.95,12.0000000000004));
#5163=CARTESIAN_POINT('',(12.4999999999996,16.95,12.0000000000004));
#5164=CARTESIAN_POINT('',(17.9999999999997,16.95,12.0000000000004));
#5165=CARTESIAN_POINT('',(55.4999999999997,16.95,12.0000000000003));
#5166=CARTESIAN_POINT('',(12.4999999999996,16.95,2.50000000000035));
#5167=CARTESIAN_POINT('',(12.4999999999996,16.95,12.0000000000004));
#5168=CARTESIAN_POINT('',(17.9999999999997,16.95,2.50000000000035));
#5169=CARTESIAN_POINT('',(12.4999999999996,16.95,2.50000000000035));
#5170=CARTESIAN_POINT('',(17.9999999999997,16.95,12.0000000000004));
#5171=CARTESIAN_POINT('Origin',(92.9999999999997,23.,12.0000000000003));
#5172=CARTESIAN_POINT('',(-3.5527136788005E-13,43.5,12.0000000000004));
#5173=CARTESIAN_POINT('',(186.,43.5,12.0000000000003));
#5174=CARTESIAN_POINT('',(46.4999999999996,43.5,12.0000000000003));
#5175=CARTESIAN_POINT('',(-3.5527136788005E-13,0.499999999999977,12.0000000000004));
#5176=CARTESIAN_POINT('',(-3.5527136788005E-13,1.99999999999998,12.0000000000004));
#5177=CARTESIAN_POINT('',(186.,0.500000000000018,12.0000000000003));
#5178=CARTESIAN_POINT('',(139.5,0.500000000000008,12.0000000000003));
#5179=CARTESIAN_POINT('',(186.,44.,12.0000000000003));
#5180=CARTESIAN_POINT('',(132.349803146555,23.2,12.0000000000003));
#5181=CARTESIAN_POINT('',(140.978651474682,23.2,12.0000000000003));
#5182=CARTESIAN_POINT('',(112.674901573277,23.2,12.0000000000003));
#5183=CARTESIAN_POINT('',(111.,24.,12.0000000000003));
#5184=CARTESIAN_POINT('Origin',(126.,24.,12.0000000000003));
#5185=CARTESIAN_POINT('',(140.978651474682,24.8,12.0000000000003));
#5186=CARTESIAN_POINT('Origin',(126.,24.,12.0000000000003));
#5187=CARTESIAN_POINT('',(132.349803146555,24.8,12.0000000000003));
#5188=CARTESIAN_POINT('',(112.523656726548,24.8,12.0000000000003));
#5189=CARTESIAN_POINT('Origin',(126.,24.,12.0000000000003));
#5190=CARTESIAN_POINT('',(12.4999999999996,29.05,12.0000000000004));
#5191=CARTESIAN_POINT('',(12.4999999999996,36.95,12.0000000000004));
#5192=CARTESIAN_POINT('',(12.4999999999996,29.95,12.0000000000004));
#5193=CARTESIAN_POINT('',(17.9999999999997,36.95,12.0000000000004));
#5194=CARTESIAN_POINT('',(55.4999999999997,36.95,12.0000000000003));
#5195=CARTESIAN_POINT('',(17.9999999999997,29.05,12.0000000000004));
#5196=CARTESIAN_POINT('',(17.9999999999997,29.95,12.0000000000004));
#5197=CARTESIAN_POINT('',(52.7499999999996,29.05,12.0000000000003));
#5198=CARTESIAN_POINT('',(12.4999999999996,9.04999999999998,12.0000000000004));
#5199=CARTESIAN_POINT('',(12.4999999999996,19.95,12.0000000000004));
#5200=CARTESIAN_POINT('',(17.9999999999997,9.04999999999998,12.0000000000004));
#5201=CARTESIAN_POINT('',(17.9999999999997,19.95,12.0000000000004));
#5202=CARTESIAN_POINT('',(52.7499999999996,9.04999999999998,12.0000000000003));
#5203=CARTESIAN_POINT('',(81.8999999999997,24.,12.0000000000003));
#5204=CARTESIAN_POINT('Origin',(92.9999999999997,24.,12.0000000000003));
#5205=CARTESIAN_POINT('',(173.5,36.95,12.0000000000003));
#5206=CARTESIAN_POINT('',(173.5,29.05,12.0000000000003));
#5207=CARTESIAN_POINT('',(173.5,29.95,12.0000000000003));
#5208=CARTESIAN_POINT('',(168.,29.05,12.0000000000003));
#5209=CARTESIAN_POINT('',(133.25,29.05,12.0000000000003));
#5210=CARTESIAN_POINT('',(168.,36.95,12.0000000000003));
#5211=CARTESIAN_POINT('',(168.,26.05,12.0000000000003));
#5212=CARTESIAN_POINT('',(130.5,36.95,12.0000000000003));
#5213=CARTESIAN_POINT('',(173.5,16.95,12.0000000000003));
#5214=CARTESIAN_POINT('',(173.5,9.05000000000001,12.0000000000003));
#5215=CARTESIAN_POINT('',(173.5,19.95,12.0000000000003));
#5216=CARTESIAN_POINT('',(168.,9.05000000000001,12.0000000000003));
#5217=CARTESIAN_POINT('',(133.25,9.05000000000001,12.0000000000003));
#5218=CARTESIAN_POINT('',(168.,16.95,12.0000000000003));
#5219=CARTESIAN_POINT('',(168.,16.05,12.0000000000003));
#5220=CARTESIAN_POINT('',(130.5,16.95,12.0000000000003));
#5221=CARTESIAN_POINT('',(74.9893257373407,24.,12.0000000000003));
#5222=CARTESIAN_POINT('',(45.0106742626586,23.2,12.0000000000003));
#5223=CARTESIAN_POINT('Origin',(59.9893257373407,24.,12.0000000000003));
#5224=CARTESIAN_POINT('',(53.9420122842447,23.2,12.0000000000003));
#5225=CARTESIAN_POINT('',(69.0053371313291,23.2,12.0000000000003));
#5226=CARTESIAN_POINT('',(59.9946628686702,17.9000023348341,12.0000000000003));
#5227=CARTESIAN_POINT('Origin',(59.9893257373407,24.,12.0000000000003));
#5228=CARTESIAN_POINT('',(53.8999999999996,24.,12.0000000000003));
#5229=CARTESIAN_POINT('Origin',(59.9999999999996,24.,12.0000000000003));
#5230=CARTESIAN_POINT('',(59.9946628692567,30.0999976651654,12.0000000000003));
#5231=CARTESIAN_POINT('Origin',(59.9999999999996,24.,12.0000000000003));
#5232=CARTESIAN_POINT('',(53.9420122842447,24.8,12.0000000000003));
#5233=CARTESIAN_POINT('Origin',(59.9893257373407,24.,12.0000000000003));
#5234=CARTESIAN_POINT('',(45.0106742626586,24.8,12.0000000000003));
#5235=CARTESIAN_POINT('',(69.0053371313287,24.8,12.0000000000003));
#5236=CARTESIAN_POINT('Origin',(59.9893257373407,24.,12.0000000000003));
#5237=CARTESIAN_POINT('Origin',(17.9999999999997,36.95,12.0000000000004));
#5238=CARTESIAN_POINT('',(12.4999999999996,36.95,2.50000000000035));
#5239=CARTESIAN_POINT('',(12.4999999999996,36.95,12.0000000000004));
#5240=CARTESIAN_POINT('',(17.9999999999997,36.95,2.50000000000035));
#5241=CARTESIAN_POINT('',(17.9999999999997,36.95,2.50000000000035));
#5242=CARTESIAN_POINT('',(17.9999999999997,36.95,12.0000000000004));
#5243=CARTESIAN_POINT('Origin',(12.4999999999996,29.05,12.0000000000004));
#5244=CARTESIAN_POINT('',(17.9999999999997,29.05,2.50000000000035));
#5245=CARTESIAN_POINT('',(17.9999999999997,29.05,12.0000000000004));
#5246=CARTESIAN_POINT('',(12.4999999999996,29.05,2.50000000000035));
#5247=CARTESIAN_POINT('',(12.4999999999996,29.05,2.50000000000035));
#5248=CARTESIAN_POINT('',(12.4999999999996,29.05,12.0000000000004));
#5249=CARTESIAN_POINT('Origin',(12.4999999999996,9.04999999999998,12.0000000000004));
#5250=CARTESIAN_POINT('',(17.9999999999997,9.04999999999998,2.50000000000035));
#5251=CARTESIAN_POINT('',(17.9999999999997,9.04999999999998,12.0000000000004));
#5252=CARTESIAN_POINT('',(12.4999999999996,9.04999999999998,2.50000000000035));
#5253=CARTESIAN_POINT('',(17.9999999999997,9.04999999999998,2.50000000000035));
#5254=CARTESIAN_POINT('',(12.4999999999996,9.04999999999998,12.0000000000004));
#5255=CARTESIAN_POINT('Origin',(173.5,9.05000000000001,12.0000000000003));
#5256=CARTESIAN_POINT('',(173.5,9.05000000000001,2.5000000000003));
#5257=CARTESIAN_POINT('',(173.5,9.05000000000001,12.0000000000003));
#5258=CARTESIAN_POINT('',(168.,9.05000000000001,2.5000000000003));
#5259=CARTESIAN_POINT('',(168.,9.05000000000001,2.5000000000003));
#5260=CARTESIAN_POINT('',(168.,9.05000000000001,12.0000000000003));
#5261=CARTESIAN_POINT('Origin',(173.5,29.05,12.0000000000003));
#5262=CARTESIAN_POINT('',(173.5,29.05,2.5000000000003));
#5263=CARTESIAN_POINT('',(173.5,29.05,12.0000000000003));
#5264=CARTESIAN_POINT('',(168.,29.05,2.5000000000003));
#5265=CARTESIAN_POINT('',(173.5,29.05,2.5000000000003));
#5266=CARTESIAN_POINT('',(168.,29.05,12.0000000000003));
#5267=CARTESIAN_POINT('Origin',(168.,16.95,12.0000000000003));
#5268=CARTESIAN_POINT('',(168.,16.95,2.5000000000003));
#5269=CARTESIAN_POINT('',(168.,16.95,12.0000000000003));
#5270=CARTESIAN_POINT('',(173.5,16.95,2.5000000000003));
#5271=CARTESIAN_POINT('',(173.5,16.95,2.5000000000003));
#5272=CARTESIAN_POINT('',(173.5,16.95,12.0000000000003));
#5273=CARTESIAN_POINT('Origin',(168.,36.95,12.0000000000003));
#5274=CARTESIAN_POINT('',(168.,36.95,2.5000000000003));
#5275=CARTESIAN_POINT('',(168.,36.95,12.0000000000003));
#5276=CARTESIAN_POINT('',(173.5,36.95,2.5000000000003));
#5277=CARTESIAN_POINT('',(168.,36.95,2.5000000000003));
#5278=CARTESIAN_POINT('',(173.5,36.95,12.0000000000003));
#5279=CARTESIAN_POINT('Origin',(59.9893257373407,24.,12.2000000000003));
#5280=CARTESIAN_POINT('',(74.9893257373407,24.,11.9000000000003));
#5281=CARTESIAN_POINT('',(74.9893257373407,24.,12.2000000000003));
#5282=CARTESIAN_POINT('',(45.0106742626586,23.2,11.9000000000003));
#5283=CARTESIAN_POINT('Origin',(59.9893257373407,24.,11.9000000000003));
#5284=CARTESIAN_POINT('',(45.0106742626586,23.2,12.2000000000003));
#5285=CARTESIAN_POINT('Origin',(45.0106742626586,23.2,12.2000000000003));
#5286=CARTESIAN_POINT('',(53.9420122842447,23.2,11.9000000000003));
#5287=CARTESIAN_POINT('',(56.9516728189856,23.2,11.9000000000003));
#5288=CARTESIAN_POINT('',(53.9420122842447,23.2,12.2000000000003));
#5289=CARTESIAN_POINT('Origin',(59.9893257373407,24.,12.2000000000003));
#5290=CARTESIAN_POINT('',(59.9946628686702,17.9000023348341,11.9000000000003));
#5291=CARTESIAN_POINT('',(59.9946628686702,17.9000023348341,12.2000000000003));
#5292=CARTESIAN_POINT('Origin',(59.9893257373407,24.,11.9000000000003));
#5293=CARTESIAN_POINT('Origin',(59.9934935620587,24.,11.9000000000003));
#5294=CARTESIAN_POINT('',(66.0999999999996,24.,11.9000000000003));
#5295=CARTESIAN_POINT('Origin',(59.9999999999996,24.,11.9000000000003));
#5296=CARTESIAN_POINT('',(66.0999999999996,24.,11.9000000000003));
#5297=CARTESIAN_POINT('Origin',(132.349803146555,23.2,12.2000000000003));
#5298=CARTESIAN_POINT('',(132.349803146555,23.2,11.9000000000003));
#5299=CARTESIAN_POINT('',(132.349803146555,23.2,12.2000000000003));
#5300=CARTESIAN_POINT('',(140.978651474682,23.2,11.9000000000003));
#5301=CARTESIAN_POINT('',(129.037652918355,23.2,11.9000000000003));
#5302=CARTESIAN_POINT('',(140.978651474682,23.2,12.2000000000003));
#5303=CARTESIAN_POINT('Origin',(126.,24.,12.2000000000003));
#5304=CARTESIAN_POINT('',(111.,24.,11.9000000000003));
#5305=CARTESIAN_POINT('Origin',(126.,24.,11.9000000000003));
#5306=CARTESIAN_POINT('',(111.,24.,12.2000000000003));
#5307=CARTESIAN_POINT('Origin',(126.,24.,12.2000000000003));
#5308=CARTESIAN_POINT('',(119.6,24.,12.0000000000003));
#5309=CARTESIAN_POINT('Origin',(126.,24.,12.0000000000003));
#5310=CARTESIAN_POINT('',(119.6,24.,11.9000000000003));
#5311=CARTESIAN_POINT('',(119.6,24.,12.2000000000003));
#5312=CARTESIAN_POINT('Origin',(126.,24.,11.9000000000003));
#5313=CARTESIAN_POINT('Origin',(125.995832175282,24.,11.9000000000003));
#5314=CARTESIAN_POINT('',(119.9,24.,11.9000000000003));
#5315=CARTESIAN_POINT('Origin',(126.,24.,6.75000000000032));
#5316=CARTESIAN_POINT('',(119.9,24.,11.7000000000003));
#5317=CARTESIAN_POINT('',(119.9,24.,12.0000000000003));
#5318=CARTESIAN_POINT('',(119.9,24.,1.50000000000032));
#5319=CARTESIAN_POINT('',(119.9,24.,6.75000000000032));
#5320=CARTESIAN_POINT('Origin',(126.,24.,1.50000000000031));
#5321=CARTESIAN_POINT('',(132.047313453096,24.8,11.7000000000003));
#5322=CARTESIAN_POINT('Origin',(126.,24.,11.7000000000003));
#5323=CARTESIAN_POINT('',(132.047313453096,24.8,12.2000000000003));
#5324=CARTESIAN_POINT('',(132.047313453096,24.8,12.0000000000003));
#5325=CARTESIAN_POINT('',(132.047538707556,24.7982954218911,12.2017045781092));
#5326=CARTESIAN_POINT('Origin',(126.,24.,13.0000000000003));
#5327=CARTESIAN_POINT('',(132.047538707556,24.7982954218911,18.9000000000003));
#5328=CARTESIAN_POINT('',(132.047538707556,24.7982954218911,19.2000000000003));
#5329=CARTESIAN_POINT('Origin',(126.,24.,18.9000000000003));
#5330=CARTESIAN_POINT('Origin',(59.9893257373407,24.,19.0500000000003));
#5331=CARTESIAN_POINT('',(53.8026209935976,23.3267670067354,19.0232273178372));
#5332=CARTESIAN_POINT('',(53.6845656308817,22.9,19.2000000000003));
#5333=CARTESIAN_POINT('Origin',(59.9893257373407,21.0278174593052,19.9754833995942));
#5334=CARTESIAN_POINT('',(53.6845656308817,25.1,19.2000000000003));
#5335=CARTESIAN_POINT('Origin',(59.9893257373407,24.,19.2000000000003));
#5336=CARTESIAN_POINT('',(53.8026209935976,24.6732329932646,19.0232273178372));
#5337=CARTESIAN_POINT('Origin',(59.9893257373407,26.9721825406948,19.9754833995942));
#5338=CARTESIAN_POINT('',(53.9417870297846,24.7982954218911,18.9000000000003));
#5339=CARTESIAN_POINT('Ctrl Pts',(53.8026209935977,24.6732329932646,19.0232273178372));
#5340=CARTESIAN_POINT('Ctrl Pts',(53.8728998138916,24.7363894945763,18.9601932600338));
#5341=CARTESIAN_POINT('Ctrl Pts',(53.9417870297846,24.7982954218911,18.9000000000003));
#5342=CARTESIAN_POINT('',(53.9417870297846,23.2017045781089,18.9000000000003));
#5343=CARTESIAN_POINT('Origin',(59.9893257373407,24.,18.9000000000003));
#5344=CARTESIAN_POINT('Ctrl Pts',(53.9417870297846,23.2017045781089,18.9000000000003));
#5345=CARTESIAN_POINT('Ctrl Pts',(53.8728998138887,23.2636105054269,18.9601932600371));
#5346=CARTESIAN_POINT('Ctrl Pts',(53.8026209935976,23.3267670067354,19.0232273178372));
#5347=CARTESIAN_POINT('Origin',(59.9893257373407,24.,12.0000000000003));
#5348=CARTESIAN_POINT('',(53.9417870297846,24.7982954218911,12.2017045781093));
#5349=CARTESIAN_POINT('',(53.9417870297846,24.7982954218911,12.2000000000003));
#5350=CARTESIAN_POINT('',(53.9420122842447,24.8,12.2000000000003));
#5351=CARTESIAN_POINT('Origin',(59.9893257373407,24.,13.0000000000003));
#5352=CARTESIAN_POINT('',(53.9420122842447,24.8,12.0000000000003));
#5353=CARTESIAN_POINT('',(59.9946628692567,30.0999976651654,12.2000000000003));
#5354=CARTESIAN_POINT('',(59.9946628692567,30.0999976651654,12.0000000000003));
#5355=CARTESIAN_POINT('',(53.9420122842447,23.2,12.2000000000003));
#5356=CARTESIAN_POINT('Origin',(59.9893257373407,24.,12.2000000000003));
#5357=CARTESIAN_POINT('',(53.9417870297846,23.2017045781089,12.2017045781093));
#5358=CARTESIAN_POINT('Origin',(59.9893257373407,24.,13.0000000000003));
#5359=CARTESIAN_POINT('',(53.9417870297846,23.2017045781089,12.2000000000003));
#5360=CARTESIAN_POINT('Origin',(53.7758195528486,24.6491477109455,12.2000000000003));
#5361=CARTESIAN_POINT('',(53.7076291351047,24.587867965644,18.9878679656444));
#5362=CARTESIAN_POINT('',(53.8111870614516,24.6809309437049,19.026415913312));
#5363=CARTESIAN_POINT('',(53.6098520759127,24.5,18.9000000000003));
#5364=CARTESIAN_POINT('',(53.9417870297846,24.7982954218911,19.1982954218914));
#5365=CARTESIAN_POINT('',(53.6098520759127,24.5,12.5000000000003));
#5366=CARTESIAN_POINT('',(53.6098520759127,24.5,12.2000000000003));
#5367=CARTESIAN_POINT('',(53.9417870297846,24.7982954218911,12.2017045781093));
#5368=CARTESIAN_POINT('Origin',(56.2445355182376,24.843933982822,19.0939339828224));
#5369=CARTESIAN_POINT('',(45.3305399758936,25.1,19.2000000000003));
#5370=CARTESIAN_POINT('',(56.2445355182376,25.1,19.2000000000003));
#5371=CARTESIAN_POINT('',(45.1290869800236,24.6760433876533,19.0243914213086));
#5372=CARTESIAN_POINT('Origin',(59.9893257373407,16.4221825406949,15.6055303165581));
#5373=CARTESIAN_POINT('',(45.2135213893676,24.587867965644,18.9878679656444));
#5374=CARTESIAN_POINT('',(48.1835973795886,21.4861976173326,17.7031140413633));
#5375=CARTESIAN_POINT('',(56.2445355182376,24.587867965644,18.9878679656444));
#5376=CARTESIAN_POINT('Origin',(59.9893257373407,24.,19.0500000000003));
#5377=CARTESIAN_POINT('',(45.3305399758936,22.9,19.2000000000003));
#5378=CARTESIAN_POINT('Origin',(59.9893257373407,24.,19.2000000000003));
#5379=CARTESIAN_POINT('',(45.1290869800236,23.3239566123467,19.0243914213086));
#5380=CARTESIAN_POINT('Origin',(59.9893257373407,31.5778174593051,15.6055303165581));
#5381=CARTESIAN_POINT('',(45.0106592196337,23.2002817050279,18.9000000000003));
#5382=CARTESIAN_POINT('Ctrl Pts',(45.1290869800236,23.3239566123467,19.0243914213086));
#5383=CARTESIAN_POINT('Ctrl Pts',(45.0701196453906,23.2623766278776,18.9626864222839));
#5384=CARTESIAN_POINT('Ctrl Pts',(45.0106592196337,23.2002817050279,18.9000000000003));
#5385=CARTESIAN_POINT('',(45.0106592196337,24.7997182949721,18.9000000000003));
#5386=CARTESIAN_POINT('Origin',(59.9893257373407,24.,18.9000000000003));
#5387=CARTESIAN_POINT('Ctrl Pts',(45.0106592196337,24.7997182949721,18.9000000000003));
#5388=CARTESIAN_POINT('Ctrl Pts',(45.0701196453866,24.7376233721271,18.9626864222793));
#5389=CARTESIAN_POINT('Ctrl Pts',(45.1290869800236,24.6760433876533,19.0243914213086));
#5390=CARTESIAN_POINT('Origin',(59.9893257373407,24.,12.0000000000003));
#5391=CARTESIAN_POINT('',(45.0106592196337,23.2002817050279,12.2002817050282));
#5392=CARTESIAN_POINT('',(45.0106592196337,23.2002817050279,12.2000000000003));
#5393=CARTESIAN_POINT('',(45.0106742626586,23.2,12.2000000000003));
#5394=CARTESIAN_POINT('Origin',(59.9893257373407,24.,13.0000000000003));
#5395=CARTESIAN_POINT('',(74.9893257373407,24.,12.2000000000003));
#5396=CARTESIAN_POINT('Origin',(59.9893257373407,24.,12.2000000000003));
#5397=CARTESIAN_POINT('',(74.9893257373407,24.,12.0000000000003));
#5398=CARTESIAN_POINT('',(45.0106742626586,24.8,12.2000000000003));
#5399=CARTESIAN_POINT('',(45.0106742626586,24.8,12.0000000000003));
#5400=CARTESIAN_POINT('',(45.0106592196337,24.7997182949721,12.2002817050282));
#5401=CARTESIAN_POINT('Origin',(59.9893257373407,24.,13.0000000000003));
#5402=CARTESIAN_POINT('',(45.0106592196337,24.7997182949721,12.2000000000003));
#5403=CARTESIAN_POINT('',(51.1638421645124,11.8710742588763,18.7483198264737));
#5404=CARTESIAN_POINT('',(47.7907677363476,15.2710147957276,18.7483198289624));
#5405=CARTESIAN_POINT('Origin',(59.9893257373407,24.,18.7483198289624));
#5406=CARTESIAN_POINT('',(52.9433230419347,10.7578760760845,15.6983198289625));
#5407=CARTESIAN_POINT('Origin',(58.1797546574592,21.1417510700946,6.37142658071347));
#5408=CARTESIAN_POINT('',(51.1638421645124,11.8710742588763,12.6483198314511));
#5409=CARTESIAN_POINT('Origin',(58.1797546583423,21.1417510715586,25.025213078776));
#5410=CARTESIAN_POINT('',(47.7907677363476,15.2710147957274,12.6483198289624));
#5411=CARTESIAN_POINT('Origin',(59.9893257373407,24.,12.6483198289624));
#5412=CARTESIAN_POINT('',(46.070018930422,18.4095708559298,15.6983198289624));
#5413=CARTESIAN_POINT('Ctrl Pts',(46.0700189307367,18.409570855146,15.6983198272818));
#5414=CARTESIAN_POINT('Ctrl Pts',(46.5134922592747,17.3053906284601,14.9091066243425));
#5415=CARTESIAN_POINT('Ctrl Pts',(47.0919225166516,16.2476350725049,13.882881032601));
#5416=CARTESIAN_POINT('Ctrl Pts',(47.7907677363476,15.2710147957274,12.6483198289624));
#5417=CARTESIAN_POINT('Ctrl Pts',(47.7907677363476,15.2710147957275,18.7483198289625));
#5418=CARTESIAN_POINT('Ctrl Pts',(47.0919225166516,16.2476350725049,17.5137586253238));
#5419=CARTESIAN_POINT('Ctrl Pts',(46.5134922592747,17.3053906284602,16.4875330335824));
#5420=CARTESIAN_POINT('Ctrl Pts',(46.0700189307367,18.409570855146,15.6983198306431));
#5421=CARTESIAN_POINT('',(46.6013590070586,30.7647872715155,15.7000000000003));
#5422=CARTESIAN_POINT('Ctrl Pts',(46.6013590070585,30.7647872715155,15.7000000000003));
#5423=CARTESIAN_POINT('Ctrl Pts',(46.6013590070585,30.7647872715155,15.789636185872));
#5424=CARTESIAN_POINT('Ctrl Pts',(46.6048125909515,30.7716329857061,15.877692818445));
#5425=CARTESIAN_POINT('Ctrl Pts',(46.6112957073496,30.7844168884774,15.9636878279199));
#5426=CARTESIAN_POINT('Ctrl Pts',(46.6192583146768,30.8001181641642,16.0693074791021));
#5427=CARTESIAN_POINT('Ctrl Pts',(46.6317919728387,30.8247767598311,16.1718171886987));
#5428=CARTESIAN_POINT('Ctrl Pts',(46.648184959197,30.8566728620922,16.2703238067862));
#5429=CARTESIAN_POINT('Ctrl Pts',(46.652137831684,30.8643640308832,16.2940768980114));
#5430=CARTESIAN_POINT('Ctrl Pts',(46.6563153238508,30.8724759001483,16.3175972310456));
#5431=CARTESIAN_POINT('Ctrl Pts',(46.6607077746109,30.8809841740552,16.3408722834608));
#5432=CARTESIAN_POINT('Ctrl Pts',(46.682208708174,30.9226319561246,16.4548030667493));
#5433=CARTESIAN_POINT('Ctrl Pts',(46.7087373781927,30.9735380766388,16.5632106773929));
#5434=CARTESIAN_POINT('Ctrl Pts',(46.739333524452,31.0311952297166,16.6662120390339));
#5435=CARTESIAN_POINT('Ctrl Pts',(46.7620147182204,31.0739369871265,16.7425678592079));
#5436=CARTESIAN_POINT('Ctrl Pts',(46.7869318933327,31.1203881435003,16.8159527357926));
#5437=CARTESIAN_POINT('Ctrl Pts',(46.8136747854649,31.1695342941041,16.8864143009046));
#5438=CARTESIAN_POINT('Ctrl Pts',(46.8437417194682,31.2247891281519,16.9656339760811));
#5439=CARTESIAN_POINT('Ctrl Pts',(46.8761884084501,31.283581200702,17.0414028196416));
#5440=CARTESIAN_POINT('Ctrl Pts',(46.9105538428225,31.3447754037249,17.113737983556));
#5441=CARTESIAN_POINT('Ctrl Pts',(46.9427811607194,31.4021622830203,17.1815726658513));
#5442=CARTESIAN_POINT('Ctrl Pts',(46.9766960958191,31.461661439073,17.2463876437947));
#5443=CARTESIAN_POINT('Ctrl Pts',(47.0118777800434,31.5223563140575,17.3081970629735));
#5444=CARTESIAN_POINT('Ctrl Pts',(47.0436703165207,31.5772042859348,17.3640522119584));
#5445=CARTESIAN_POINT('Ctrl Pts',(47.0764969590226,31.6330287752905,17.41745297798));
#5446=CARTESIAN_POINT('Ctrl Pts',(47.1100146196699,31.6891706402084,17.4684097997436));
#5447=CARTESIAN_POINT('Ctrl Pts',(47.1467345724265,31.7506763237089,17.5242350587757));
#5448=CARTESIAN_POINT('Ctrl Pts',(47.1842832112159,31.8125657697392,17.5771270742566));
#5449=CARTESIAN_POINT('Ctrl Pts',(47.2224942394211,31.8745167155661,17.6275666687234));
#5450=CARTESIAN_POINT('Ctrl Pts',(47.2633369435586,31.9407343566578,17.6814801468574));
#5451=CARTESIAN_POINT('Ctrl Pts',(47.3049305687907,32.0070244278711,17.7325917641774));
#5452=CARTESIAN_POINT('Ctrl Pts',(47.3477253941094,32.0740287813467,17.7816168810327));
#5453=CARTESIAN_POINT('Ctrl Pts',(47.3850052999734,32.1323983615809,17.8243241879964));
#5454=CARTESIAN_POINT('Ctrl Pts',(47.4231973298711,32.1913096972059,17.8654481133965));
#5455=CARTESIAN_POINT('Ctrl Pts',(47.4626257108819,32.2511687927904,17.9054615639821));
#5456=CARTESIAN_POINT('Ctrl Pts',(47.5161524085889,32.3324315693037,17.9597825332634));
#5457=CARTESIAN_POINT('Ctrl Pts',(47.5719654787642,32.4154366187183,18.012056908409));
#5458=CARTESIAN_POINT('Ctrl Pts',(47.6297767480703,32.4995028549808,18.0620162976096));
#5459=CARTESIAN_POINT('Ctrl Pts',(47.6634340048866,32.5484455427548,18.0911022528722));
#5460=CARTESIAN_POINT('Ctrl Pts',(47.6977677257655,32.5977483297385,18.1194035494571));
#5461=CARTESIAN_POINT('Ctrl Pts',(47.7327138372756,32.6472807709235,18.1468672249356));
#5462=CARTESIAN_POINT('Ctrl Pts',(47.8115274631318,32.7589908044181,18.208805785487));
#5463=CARTESIAN_POINT('Ctrl Pts',(47.8934543357635,32.8718641340645,18.2664839250924));
#5464=CARTESIAN_POINT('Ctrl Pts',(47.9783342074078,32.9853259522335,18.3196383570503));
#5465=CARTESIAN_POINT('Ctrl Pts',(48.0614610947847,33.0964444965692,18.3716950153998));
#5466=CARTESIAN_POINT('Ctrl Pts',(48.1474202377054,33.2081272001955,18.4194128886521));
#5467=CARTESIAN_POINT('Ctrl Pts',(48.2360158499206,33.3198555080148,18.4625446681391));
#5468=CARTESIAN_POINT('Ctrl Pts',(48.2749761077014,33.3689884567604,18.4815120323837));
#5469=CARTESIAN_POINT('Ctrl Pts',(48.3144456214636,33.4181305302901,18.4995925221727));
#5470=CARTESIAN_POINT('Ctrl Pts',(48.354404926366,33.4672391816384,18.516765106107));
#5471=CARTESIAN_POINT('Ctrl Pts',(48.4242315776937,33.5530538043711,18.5467732364712));
#5472=CARTESIAN_POINT('Ctrl Pts',(48.4955616022853,33.6387698915843,18.5740090210536));
#5473=CARTESIAN_POINT('Ctrl Pts',(48.5680363872485,33.7238958026848,18.5984089058472));
#5474=CARTESIAN_POINT('Ctrl Pts',(48.6403818399466,33.8088698054091,18.622765248706));
#5475=CARTESIAN_POINT('Ctrl Pts',(48.713867870777,33.8932555699459,18.6442958041506));
#5476=CARTESIAN_POINT('Ctrl Pts',(48.7880976654157,33.9765970992479,18.6629373578063));
#5477=CARTESIAN_POINT('Ctrl Pts',(48.862611290487,34.0602572992726,18.6816501906601));
#5478=CARTESIAN_POINT('Ctrl Pts',(48.9378742389997,34.1428651270068,18.6974518862925));
#5479=CARTESIAN_POINT('Ctrl Pts',(49.013446414946,34.223994967733,18.7102785024194));
#5480=CARTESIAN_POINT('Ctrl Pts',(49.0286898573894,34.2403594304742,18.7128657216204));
#5481=CARTESIAN_POINT('Ctrl Pts',(49.0439457598644,34.2566638791486,18.7153318974999));
#5482=CARTESIAN_POINT('Ctrl Pts',(49.0592103299186,34.2729050020155,18.7176765053089));
#5483=CARTESIAN_POINT('Ctrl Pts',(49.1308628293817,34.3491414792543,18.7286821876948));
#5484=CARTESIAN_POINT('Ctrl Pts',(49.2027014015643,34.4239840401096,18.7370092380362));
#5485=CARTESIAN_POINT('Ctrl Pts',(49.2751219427432,34.4978967916356,18.7425083272075));
#5486=CARTESIAN_POINT('Ctrl Pts',(49.3476406945389,34.571909777388,18.7480148737787));
#5487=CARTESIAN_POINT('Ctrl Pts',(49.4207431434364,34.6449905389646,18.7506857838951));
#5488=CARTESIAN_POINT('Ctrl Pts',(49.4948645805824,34.7175689887815,18.7503711200841));
#5489=CARTESIAN_POINT('Ctrl Pts',(49.5685204608011,34.7896915731784,18.7500584326774));
#5490=CARTESIAN_POINT('Ctrl Pts',(49.6431826921707,34.8613182649001,18.7467975583537));
#5491=CARTESIAN_POINT('Ctrl Pts',(49.7193136110042,34.9328336182758,18.740441367205));
#5492=CARTESIAN_POINT('Ctrl Pts',(49.7483061231466,34.9600684104323,18.7380207744697));
#5493=CARTESIAN_POINT('Ctrl Pts',(49.7775119913158,34.9872866574836,18.7351512765087));
#5494=CARTESIAN_POINT('Ctrl Pts',(49.8069580583815,35.0145080893559,18.7318247473505));
#5495=CARTESIAN_POINT('Ctrl Pts',(49.8803818043156,35.0823847091198,18.7235300494131));
#5496=CARTESIAN_POINT('Ctrl Pts',(49.9553007496963,35.1502761337642,18.7123937424234));
#5497=CARTESIAN_POINT('Ctrl Pts',(50.0312553027323,35.2177017797487,18.6980959339041));
#5498=CARTESIAN_POINT('Ctrl Pts',(50.1069845597965,35.284927428158,18.6838405354647));
#5499=CARTESIAN_POINT('Ctrl Pts',(50.1837431972637,35.3516898999261,18.6664423629363));
#5500=CARTESIAN_POINT('Ctrl Pts',(50.2610405103808,35.4175508119261,18.6455843619964));
#5501=CARTESIAN_POINT('Ctrl Pts',(50.3386884892731,35.4837105075039,18.6246317369775));
#5502=CARTESIAN_POINT('Ctrl Pts',(50.4168799124848,35.5489603229366,18.6001878207354));
#5503=CARTESIAN_POINT('Ctrl Pts',(50.495083419624,35.6128964006607,18.5719312243116));
#5504=CARTESIAN_POINT('Ctrl Pts',(50.5398714576887,35.6495133196144,18.555748350135));
#5505=CARTESIAN_POINT('Ctrl Pts',(50.5846628443541,35.6857000919941,18.5383149232698));
#5506=CARTESIAN_POINT('Ctrl Pts',(50.6293530956791,35.7213869549361,18.5195705713248));
#5507=CARTESIAN_POINT('Ctrl Pts',(50.7100609907425,35.7858352742915,18.4857194036773));
#5508=CARTESIAN_POINT('Ctrl Pts',(50.7904508345143,35.8486587220206,18.4475927615402));
#5509=CARTESIAN_POINT('Ctrl Pts',(50.8698990101245,35.9094943707504,18.4054265731572));
#5510=CARTESIAN_POINT('Ctrl Pts',(50.9510648806954,35.9716453056582,18.3623487382985));
#5511=CARTESIAN_POINT('Ctrl Pts',(51.0312476523649,36.0317216117657,18.3150547963926));
#5512=CARTESIAN_POINT('Ctrl Pts',(51.1097528443812,36.0893831620401,18.2637963114455));
#5513=CARTESIAN_POINT('Ctrl Pts',(51.1922141021774,36.1499504167653,18.2099547879372));
#5514=CARTESIAN_POINT('Ctrl Pts',(51.2728241521439,36.2078534591979,18.1517390880947));
#5515=CARTESIAN_POINT('Ctrl Pts',(51.3507501066259,36.2627489198964,18.0894407553259));
#5516=CARTESIAN_POINT('Ctrl Pts',(51.3764348205551,36.2808426886982,18.0689069695537));
#5517=CARTESIAN_POINT('Ctrl Pts',(51.4018277411723,36.2986101047846,18.0479296511891));
#5518=CARTESIAN_POINT('Ctrl Pts',(51.426898521496,36.3160399550084,18.0265192397642));
#5519=CARTESIAN_POINT('Ctrl Pts',(51.4961808495692,36.3642068084481,17.9673522282324));
#5520=CARTESIAN_POINT('Ctrl Pts',(51.562995221695,36.4097963649277,17.9048777881787));
#5521=CARTESIAN_POINT('Ctrl Pts',(51.6277937831343,36.4533041149241,17.8382992531125));
#5522=CARTESIAN_POINT('Ctrl Pts',(51.6773007893333,36.4865446437404,17.7874323221955));
#5523=CARTESIAN_POINT('Ctrl Pts',(51.7256319530595,36.5185690378344,17.7341697598264));
#5524=CARTESIAN_POINT('Ctrl Pts',(51.773001638049,36.5495823952592,17.6781562780781));
#5525=CARTESIAN_POINT('Ctrl Pts',(51.8316263988607,36.5879645517247,17.6088339473417));
#5526=CARTESIAN_POINT('Ctrl Pts',(51.8887824980891,36.6247922859958,17.5352981550362));
#5527=CARTESIAN_POINT('Ctrl Pts',(51.9433540631646,36.6594762853112,17.457692071388));
#5528=CARTESIAN_POINT('Ctrl Pts',(51.9905915849966,36.6894989935222,17.3905157119497));
#5529=CARTESIAN_POINT('Ctrl Pts',(52.0358917857481,36.7179167007329,17.3202895839088));
#5530=CARTESIAN_POINT('Ctrl Pts',(52.0785157793113,36.7443746730839,17.2471065442979));
#5531=CARTESIAN_POINT('Ctrl Pts',(52.1504358488927,36.7890175855234,17.123623762395));
#5532=CARTESIAN_POINT('Ctrl Pts',(52.2147349364209,36.8280902700586,16.9917225668867));
#5533=CARTESIAN_POINT('Ctrl Pts',(52.2700507708057,36.8612905258775,16.8545731748194));
#5534=CARTESIAN_POINT('Ctrl Pts',(52.3152772106265,36.8884351832532,16.7424393021993));
#5535=CARTESIAN_POINT('Ctrl Pts',(52.3544985984218,36.9116550201903,16.626797135742));
#5536=CARTESIAN_POINT('Ctrl Pts',(52.3869923212417,36.9307589348215,16.5093793532015));
#5537=CARTESIAN_POINT('Ctrl Pts',(52.4162849510443,36.9479808426396,16.4035288892436));
#5538=CARTESIAN_POINT('Ctrl Pts',(52.4401100946765,36.9618582435563,16.2962354235507));
#5539=CARTESIAN_POINT('Ctrl Pts',(52.4579585271568,36.9722206250652,16.1887683443733));
#5540=CARTESIAN_POINT('Ctrl Pts',(52.4754159513116,36.9823559963061,16.0836555628472));
#5541=CARTESIAN_POINT('Ctrl Pts',(52.487152984415,36.9891282686698,15.9783766912695));
#5542=CARTESIAN_POINT('Ctrl Pts',(52.4932282472893,36.9926333904888,15.8730714242849));
#5543=CARTESIAN_POINT('Ctrl Pts',(52.4993611526318,36.9961717691195,15.7667670144424));
#5544=CARTESIAN_POINT('Ctrl Pts',(52.4997244081382,36.9963806360812,15.6604357059343));
#5545=CARTESIAN_POINT('Ctrl Pts',(52.4944051987586,36.9933123613781,15.5542212075463));
#5546=CARTESIAN_POINT('Ctrl Pts',(52.4890064761874,36.990198221153,15.4464189818943));
#5547=CARTESIAN_POINT('Ctrl Pts',(52.4777541406413,36.9837081725077,15.3387370846916));
#5548=CARTESIAN_POINT('Ctrl Pts',(52.4607663504386,36.9738503751928,15.2313257661503));
#5549=CARTESIAN_POINT('Ctrl Pts',(52.4523172107479,36.9689474475274,15.1779030888099));
#5550=CARTESIAN_POINT('Ctrl Pts',(52.4424496926882,36.9632107198756,15.1245473451562));
#5551=CARTESIAN_POINT('Ctrl Pts',(52.4311807698394,36.9566370887756,15.0712770211447));
#5552=CARTESIAN_POINT('Ctrl Pts',(52.4079072015907,36.9430606490305,14.9612584738397));
#5553=CARTESIAN_POINT('Ctrl Pts',(52.3786548859857,36.9259176925761,14.8516042766263));
#5554=CARTESIAN_POINT('Ctrl Pts',(52.3436123446332,36.9051565940353,14.7441239489077));
#5555=CARTESIAN_POINT('Ctrl Pts',(52.3196597944224,36.8909658066085,14.670658159984));
#5556=CARTESIAN_POINT('Ctrl Pts',(52.2930025865372,36.8750836081266,14.5982080250941));
#5557=CARTESIAN_POINT('Ctrl Pts',(52.2637086156634,36.8574818720171,14.5273514163533));
#5558=CARTESIAN_POINT('Ctrl Pts',(52.2180835423683,36.8300673400787,14.4169929408439));
#5559=CARTESIAN_POINT('Ctrl Pts',(52.1660645713475,36.7984771872927,14.3105000025066));
#5560=CARTESIAN_POINT('Ctrl Pts',(52.109407257659,36.7634981393649,14.2090752162089));
#5561=CARTESIAN_POINT('Ctrl Pts',(52.0764673028271,36.7431616958628,14.1501079326936));
#5562=CARTESIAN_POINT('Ctrl Pts',(52.0419593443334,36.7216802747703,14.092853752964));
#5563=CARTESIAN_POINT('Ctrl Pts',(52.0062246111329,36.6992163698687,14.0375490117945));
#5564=CARTESIAN_POINT('Ctrl Pts',(51.9309483241948,36.6518954806477,13.9210479162932));
#5565=CARTESIAN_POINT('Ctrl Pts',(51.8502275610625,36.6002140011705,13.8131973931341));
#5566=CARTESIAN_POINT('Ctrl Pts',(51.7653026997375,36.5445384561159,13.7133623083492));
#5567=CARTESIAN_POINT('Ctrl Pts',(51.7405699016463,36.5283239814266,13.684287182928));
#5568=CARTESIAN_POINT('Ctrl Pts',(51.7154804384475,36.5117710543272,13.6558918934011));
#5569=CARTESIAN_POINT('Ctrl Pts',(51.6900646615918,36.4948895792064,13.6281607512995));
#5570=CARTESIAN_POINT('Ctrl Pts',(51.6109072435445,36.4423122375426,13.5417921299224));
#5571=CARTESIAN_POINT('Ctrl Pts',(51.5285821417497,36.3865517076746,13.4618658087066));
#5572=CARTESIAN_POINT('Ctrl Pts',(51.4429973687807,36.3272166938343,13.3876753873888));
#5573=CARTESIAN_POINT('Ctrl Pts',(51.406746602013,36.3020844223651,13.3562508761552));
#5574=CARTESIAN_POINT('Ctrl Pts',(51.3699114745232,36.276310431622,13.3258554302636));
#5575=CARTESIAN_POINT('Ctrl Pts',(51.3324871004804,36.2498630529228,13.2964353696611));
#5576=CARTESIAN_POINT('Ctrl Pts',(51.2556733626224,36.1955796596426,13.236050530083));
#5577=CARTESIAN_POINT('Ctrl Pts',(51.1763824599552,36.1384575022613,13.1797747734597));
#5578=CARTESIAN_POINT('Ctrl Pts',(51.0953763667448,36.0788105620246,13.1277467381322));
#5579=CARTESIAN_POINT('Ctrl Pts',(51.0166836626377,36.0208670316936,13.0772045304163));
#5580=CARTESIAN_POINT('Ctrl Pts',(50.9363726554975,35.9605407013573,13.0306708936741));
#5581=CARTESIAN_POINT('Ctrl Pts',(50.8551183980111,35.8981618867007,12.9882729244371));
#5582=CARTESIAN_POINT('Ctrl Pts',(50.7759882928038,35.8374137816885,12.9469833247278));
#5583=CARTESIAN_POINT('Ctrl Pts',(50.6959638314681,35.7747190974463,12.9096159892712));
#5584=CARTESIAN_POINT('Ctrl Pts',(50.615641973318,35.7104249577928,12.8762883052152));
#5585=CARTESIAN_POINT('Ctrl Pts',(50.5852939365924,35.6861326797457,12.8636960942902));
#5586=CARTESIAN_POINT('Ctrl Pts',(50.5549031523735,35.6616125067742,12.8516805669611));
#5587=CARTESIAN_POINT('Ctrl Pts',(50.5245007047301,35.6368847679295,12.8402480547936));
#5588=CARTESIAN_POINT('Ctrl Pts',(50.4465140349009,35.5734545458786,12.8109220096609));
#5589=CARTESIAN_POINT('Ctrl Pts',(50.3684462854839,35.5086502579743,12.7854321844964));
#5590=CARTESIAN_POINT('Ctrl Pts',(50.2908287986275,35.4428649004422,12.7634965030403));
#5591=CARTESIAN_POINT('Ctrl Pts',(50.2133196919154,35.3771714014181,12.7415914511809));
#5592=CARTESIAN_POINT('Ctrl Pts',(50.1362597497388,35.3104996541037,12.7232306243972));
#5593=CARTESIAN_POINT('Ctrl Pts',(50.0601450283291,35.2432811246447,12.7081331264004));
#5594=CARTESIAN_POINT('Ctrl Pts',(49.9835021632353,35.1755961802645,12.6929308701116));
#5595=CARTESIAN_POINT('Ctrl Pts',(49.9078178150767,35.1073569590714,12.6810373868018));
#5596=CARTESIAN_POINT('Ctrl Pts',(49.8335626062639,35.0390432205632,12.6721658922791));
#5597=CARTESIAN_POINT('Ctrl Pts',(49.7916460703471,35.0004806022691,12.667157996877));
#5598=CARTESIAN_POINT('Ctrl Pts',(49.7501842713481,34.9618949403221,12.6631130648503));
#5599=CARTESIAN_POINT('Ctrl Pts',(49.7092566992697,34.923377708955,12.659979510349));
#5600=CARTESIAN_POINT('Ctrl Pts',(49.6448720012881,34.8627848083082,12.6550499982883));
#5601=CARTESIAN_POINT('Ctrl Pts',(49.5818052130722,34.8023654070257,12.6523759282943));
#5602=CARTESIAN_POINT('Ctrl Pts',(49.5194511368358,34.741588609219,12.6517802951843));
#5603=CARTESIAN_POINT('Ctrl Pts',(49.4570970605994,34.6808118114123,12.6511846620743));
#5604=CARTESIAN_POINT('Ctrl Pts',(49.3954556160993,34.6196774607566,12.6526674658482));
#5605=CARTESIAN_POINT('Ctrl Pts',(49.3339610392578,34.5576135158875,12.6560517013232));
#5606=CARTESIAN_POINT('Ctrl Pts',(49.2417191739957,34.4645175985838,12.6611280545358));
#5607=CARTESIAN_POINT('Ctrl Pts',(49.1498234886741,34.3693241711599,12.6704826290759));
#5608=CARTESIAN_POINT('Ctrl Pts',(49.0587318843824,34.2723959241099,12.6841041277233));
#5609=CARTESIAN_POINT('Ctrl Pts',(48.9700904975965,34.1780748908595,12.6973592299864));
#5610=CARTESIAN_POINT('Ctrl Pts',(48.8822105782661,34.082111378779,12.7146547967979));
#5611=CARTESIAN_POINT('Ctrl Pts',(48.7954780339754,33.9848772448069,12.7359804182671));
#5612=CARTESIAN_POINT('Ctrl Pts',(48.7051493095131,33.8836115046202,12.7581902611977));
#5613=CARTESIAN_POINT('Ctrl Pts',(48.6160655673555,33.7809674938116,12.7847712823945));
#5614=CARTESIAN_POINT('Ctrl Pts',(48.5286183433852,33.6774059556337,12.8157117226637));
#5615=CARTESIAN_POINT('Ctrl Pts',(48.4411711194149,33.5738444174558,12.8466521629329));
#5616=CARTESIAN_POINT('Ctrl Pts',(48.3553605454798,33.4693655966356,12.8819520222745));
#5617=CARTESIAN_POINT('Ctrl Pts',(48.2715303580934,33.364468562075,12.9215995414947));
#5618=CARTESIAN_POINT('Ctrl Pts',(48.2011984882243,33.2764620239247,12.9548630262771));
#5619=CARTESIAN_POINT('Ctrl Pts',(48.1322517586112,33.1881486863799,12.9911867759189));
#5620=CARTESIAN_POINT('Ctrl Pts',(48.065024511691,33.1000571580606,13.0302128925892));
#5621=CARTESIAN_POINT('Ctrl Pts',(47.9970549859595,33.0109929813296,13.0696699098366));
#5622=CARTESIAN_POINT('Ctrl Pts',(47.9308431520024,32.9221557630473,13.1118892990612));
#5623=CARTESIAN_POINT('Ctrl Pts',(47.8666898279943,32.834121269794,13.1565011760413));
#5624=CARTESIAN_POINT('Ctrl Pts',(47.8010120681571,32.7439948672314,13.2021731375101));
#5625=CARTESIAN_POINT('Ctrl Pts',(47.73749181845,32.6547100346111,13.2503526400733));
#5626=CARTESIAN_POINT('Ctrl Pts',(47.6764047799135,32.5669117829093,13.3006427999892));
#5627=CARTESIAN_POINT('Ctrl Pts',(47.671082934986,32.5592628823953,13.3050240310796));
#5628=CARTESIAN_POINT('Ctrl Pts',(47.6657795287338,32.5516252798719,13.309421281488));
#5629=CARTESIAN_POINT('Ctrl Pts',(47.6604947271849,32.5439994102892,13.3138342887908));
#5630=CARTESIAN_POINT('Ctrl Pts',(47.5999755097449,32.4566713138258,13.3643701028716));
#5631=CARTESIAN_POINT('Ctrl Pts',(47.5418961772003,32.3708899028953,13.4169722478408));
#5632=CARTESIAN_POINT('Ctrl Pts',(47.4858305892618,32.2862904294967,13.472393136456));
#5633=CARTESIAN_POINT('Ctrl Pts',(47.4282194281513,32.1993587826339,13.5293418256662));
#5634=CARTESIAN_POINT('Ctrl Pts',(47.372734537096,32.1136749375978,13.5892668105638));
#5635=CARTESIAN_POINT('Ctrl Pts',(47.3189568214217,32.0288076035309,13.6529844608782));
#5636=CARTESIAN_POINT('Ctrl Pts',(47.2661192477815,31.9454239202117,13.7155881992197));
#5637=CARTESIAN_POINT('Ctrl Pts',(47.2149299055999,31.8628280874303,13.7818531553389));
#5638=CARTESIAN_POINT('Ctrl Pts',(47.1650305529816,31.7805817921558,13.852553627774));
#5639=CARTESIAN_POINT('Ctrl Pts',(47.1260748464831,31.7163732930232,13.9077484691691));
#5640=CARTESIAN_POINT('Ctrl Pts',(47.0879101024429,31.652372287268,13.9656466247839));
#5641=CARTESIAN_POINT('Ctrl Pts',(47.0509818437106,31.5894174539397,14.0265132763075));
#5642=CARTESIAN_POINT('Ctrl Pts',(47.0131035710322,31.5248430487256,14.0889457792896));
#5643=CARTESIAN_POINT('Ctrl Pts',(46.9765261301348,31.4613695501365,14.1545014774608));
#5644=CARTESIAN_POINT('Ctrl Pts',(46.9416802915747,31.3999289403063,14.2234665496757));
#5645=CARTESIAN_POINT('Ctrl Pts',(46.9039394628728,31.3333838483595,14.2981612358831));
#5646=CARTESIAN_POINT('Ctrl Pts',(46.8682298815876,31.2692236814285,14.3768553297508));
#5647=CARTESIAN_POINT('Ctrl Pts',(46.8350408496881,31.2086607004683,14.4599124272617));
#5648=CARTESIAN_POINT('Ctrl Pts',(46.8136292605772,31.1695890677801,14.5134959258717));
#5649=CARTESIAN_POINT('Ctrl Pts',(46.7932655080966,31.132015189111,14.5688953340119));
#5650=CARTESIAN_POINT('Ctrl Pts',(46.7740706780562,31.0962689998376,14.6262082813981));
#5651=CARTESIAN_POINT('Ctrl Pts',(46.7439943981587,31.0402584807763,14.7160116421837));
#5652=CARTESIAN_POINT('Ctrl Pts',(46.7167902698319,30.9887314967489,14.8105130468349));
#5653=CARTESIAN_POINT('Ctrl Pts',(46.6933421289615,30.9438332270952,14.9093023411574));
#5654=CARTESIAN_POINT('Ctrl Pts',(46.6648376243504,30.8892530818529,15.0293945868967));
#5655=CARTESIAN_POINT('Ctrl Pts',(46.6418760722025,30.8444727706125,15.1558233958018));
#5656=CARTESIAN_POINT('Ctrl Pts',(46.6260102607768,30.813354494948,15.287851946175));
#5657=CARTESIAN_POINT('Ctrl Pts',(46.6158209339492,30.7933697445593,15.3726432004153));
#5658=CARTESIAN_POINT('Ctrl Pts',(46.6085573703199,30.7790200255993,15.4597440419715));
#5659=CARTESIAN_POINT('Ctrl Pts',(46.6046584071993,30.7713130529791,15.548959301312));
#5660=CARTESIAN_POINT('Ctrl Pts',(46.60248629078,30.7670194904978,15.5986612152983));
#5661=CARTESIAN_POINT('Ctrl Pts',(46.6013590070585,30.7647872715155,15.6490193633109));
#5662=CARTESIAN_POINT('Ctrl Pts',(46.6013590070585,30.7647872715155,15.7000000000003));
#5663=CARTESIAN_POINT('Origin',(45.1541603032047,23.3501408525139,12.2000000000003));
#5664=CARTESIAN_POINT('',(45.2135213893676,23.412132034356,18.9878679656444));
#5665=CARTESIAN_POINT('',(48.6726998842176,27.024575420424,17.49154492183));
#5666=CARTESIAN_POINT('',(45.2976613867757,23.5,18.9000000000003));
#5667=CARTESIAN_POINT('',(45.0106592196337,23.2002817050279,19.1997182949725));
#5668=CARTESIAN_POINT('',(45.2976613867757,23.5,12.5000000000003));
#5669=CARTESIAN_POINT('',(45.2976613867757,23.5,12.2000000000003));
#5670=CARTESIAN_POINT('',(45.2976613867757,23.5,12.5000000000003));
#5671=CARTESIAN_POINT('Origin',(58.4725831905217,23.156066017178,19.0939339828224));
#5672=CARTESIAN_POINT('',(53.7076291351047,23.412132034356,18.9878679656444));
#5673=CARTESIAN_POINT('',(54.3836137405377,22.8046542417424,19.2394935061854));
#5674=CARTESIAN_POINT('',(58.4725831905217,23.412132034356,18.9878679656444));
#5675=CARTESIAN_POINT('',(58.4725831905217,22.9,19.2000000000003));
#5676=CARTESIAN_POINT('Origin',(52.4955774744166,24.65,19.0500000000003));
#5677=CARTESIAN_POINT('',(45.2976613867757,24.5,18.9000000000003));
#5678=CARTESIAN_POINT('',(45.2976613867757,24.5,18.9000000000003));
#5679=CARTESIAN_POINT('',(52.4955774744166,24.5,18.9000000000003));
#5680=CARTESIAN_POINT('Origin',(45.1541603032047,24.6498591474861,12.2000000000003));
#5681=CARTESIAN_POINT('',(45.2976613867757,24.5,12.5000000000003));
#5682=CARTESIAN_POINT('',(45.2976613867757,24.5,12.5000000000003));
#5683=CARTESIAN_POINT('',(45.2976613867757,24.5,12.2000000000003));
#5684=CARTESIAN_POINT('Origin',(53.7758195528486,23.3508522890545,12.2000000000003));
#5685=CARTESIAN_POINT('',(53.6098520759127,23.5,12.5000000000003));
#5686=CARTESIAN_POINT('',(53.6098520759127,23.5,12.5000000000003));
#5687=CARTESIAN_POINT('',(53.6098520759127,23.5,18.9000000000003));
#5688=CARTESIAN_POINT('',(53.6098520759127,23.5,12.2000000000003));
#5689=CARTESIAN_POINT('',(53.6098520759127,23.5,18.9000000000003));
#5690=CARTESIAN_POINT('Origin',(59.9934935620587,24.,19.2000000000003));
#5691=CARTESIAN_POINT('Origin',(126.,24.,19.0500000000003));
#5692=CARTESIAN_POINT('',(140.835523774972,24.6502333652333,19.0502333652336));
#5693=CARTESIAN_POINT('',(140.978666517707,24.7997182949721,18.9000000000003));
#5694=CARTESIAN_POINT('Ctrl Pts',(140.835523774972,24.6502333652333,19.0502333652336));
#5695=CARTESIAN_POINT('Ctrl Pts',(140.906734928851,24.7245996525546,18.9758342022803));
#5696=CARTESIAN_POINT('Ctrl Pts',(140.978666517707,24.7997182949721,18.9000000000003));
#5697=CARTESIAN_POINT('',(140.978666517707,23.2002817050279,18.9000000000003));
#5698=CARTESIAN_POINT('Origin',(126.,24.,18.9000000000003));
#5699=CARTESIAN_POINT('',(140.835523774972,23.3497666347667,19.0502333652336));
#5700=CARTESIAN_POINT('Ctrl Pts',(140.978666517707,23.2002817050279,18.9000000000003));
#5701=CARTESIAN_POINT('Ctrl Pts',(140.906734928851,23.2754003474454,18.9758342022803));
#5702=CARTESIAN_POINT('Ctrl Pts',(140.835523774972,23.3497666347667,19.0502333652336));
#5703=CARTESIAN_POINT('',(140.678215150351,23.2,19.2000000000003));
#5704=CARTESIAN_POINT('Ctrl Pts',(140.835523774972,23.3497666347667,19.0502333652336));
#5705=CARTESIAN_POINT('Ctrl Pts',(140.756869462661,23.2744841882965,19.1255158117038));
#5706=CARTESIAN_POINT('Ctrl Pts',(140.678215150351,23.2,19.2000000000003));
#5707=CARTESIAN_POINT('',(140.678215150351,24.8,19.2000000000003));
#5708=CARTESIAN_POINT('Origin',(126.,24.,19.2000000000003));
#5709=CARTESIAN_POINT('Ctrl Pts',(140.678215150351,24.8,19.2000000000003));
#5710=CARTESIAN_POINT('Ctrl Pts',(140.756869462661,24.7255158117035,19.1255158117038));
#5711=CARTESIAN_POINT('Ctrl Pts',(140.835523774972,24.6502333652333,19.0502333652336));
#5712=CARTESIAN_POINT('Origin',(133.493748262923,24.65,19.0500000000003));
#5713=CARTESIAN_POINT('',(132.349803146555,24.8,19.2000000000003));
#5714=CARTESIAN_POINT('',(133.493748262923,24.8,19.2000000000003));
#5715=CARTESIAN_POINT('',(132.214519623444,24.6482369776941,19.0482369776944));
#5716=CARTESIAN_POINT('Ctrl Pts',(132.214519623444,24.6482369776941,19.0482369776944));
#5717=CARTESIAN_POINT('Ctrl Pts',(132.282161384999,24.7233014517209,19.1233014517213));
#5718=CARTESIAN_POINT('Ctrl Pts',(132.349803146555,24.8,19.2000000000003));
#5719=CARTESIAN_POINT('',(132.379473661428,24.5,18.9000000000003));
#5720=CARTESIAN_POINT('',(132.047538707556,24.7982954218911,19.1982954218914));
#5721=CARTESIAN_POINT('',(140.691664350565,24.5,18.9000000000003));
#5722=CARTESIAN_POINT('',(133.493748262923,24.5,18.9000000000003));
#5723=CARTESIAN_POINT('',(140.691664350565,24.5,18.9000000000003));
#5724=CARTESIAN_POINT('Origin',(125.995832175282,24.,19.2000000000003));
#5725=CARTESIAN_POINT('',(132.349803146555,23.2,19.2000000000003));
#5726=CARTESIAN_POINT('',(129.037652918355,23.2,19.2000000000003));
#5727=CARTESIAN_POINT('Origin',(126.,24.,19.2000000000003));
#5728=CARTESIAN_POINT('Origin',(129.037652918355,23.35,19.0500000000003));
#5729=CARTESIAN_POINT('',(140.691664350565,23.5,18.9000000000003));
#5730=CARTESIAN_POINT('',(140.691664350565,23.5,18.9000000000003));
#5731=CARTESIAN_POINT('',(132.379473661428,23.5,18.9000000000003));
#5732=CARTESIAN_POINT('',(129.037652918355,23.5,18.9000000000003));
#5733=CARTESIAN_POINT('',(132.214519623444,23.3517630223059,19.0482369776944));
#5734=CARTESIAN_POINT('',(132.379473661428,23.5,18.9000000000003));
#5735=CARTESIAN_POINT('Ctrl Pts',(132.349803146555,23.2,19.2000000000003));
#5736=CARTESIAN_POINT('Ctrl Pts',(132.282161384999,23.2766985482791,19.1233014517213));
#5737=CARTESIAN_POINT('Ctrl Pts',(132.214519623444,23.3517630223059,19.0482369776944));
#5738=CARTESIAN_POINT('Origin',(140.835165434136,23.3501408525139,19.2000000000003));
#5739=CARTESIAN_POINT('',(140.978666517707,23.2002817050279,12.2002817050282));
#5740=CARTESIAN_POINT('',(140.978666517707,23.2002817050279,19.2000000000003));
#5741=CARTESIAN_POINT('',(140.691664350565,23.5,12.5000000000003));
#5742=CARTESIAN_POINT('',(140.978666517707,23.2002817050279,12.2002817050282));
#5743=CARTESIAN_POINT('',(140.691664350565,23.5,19.2000000000003));
#5744=CARTESIAN_POINT('Origin',(126.,24.,19.0500000000003));
#5745=CARTESIAN_POINT('Ctrl Pts',(132.214519623444,23.3517630223059,19.0482369776944));
#5746=CARTESIAN_POINT('Ctrl Pts',(132.130026886942,23.2758330963141,18.9720777050887));
#5747=CARTESIAN_POINT('Ctrl Pts',(132.047538707556,23.201704578109,18.9000000000004));
#5748=CARTESIAN_POINT('Ctrl Pts',(132.047538707556,24.798295421891,18.9000000000004));
#5749=CARTESIAN_POINT('Ctrl Pts',(132.130026886942,24.7241669036859,18.9720777050887));
#5750=CARTESIAN_POINT('Ctrl Pts',(132.214519623444,24.6482369776941,19.0482369776944));
#5751=CARTESIAN_POINT('Origin',(132.213506184492,24.6491477109455,19.2000000000003));
#5752=CARTESIAN_POINT('',(132.379473661428,24.5,12.5000000000003));
#5753=CARTESIAN_POINT('',(132.047538707556,24.7982954218911,12.2017045781092));
#5754=CARTESIAN_POINT('',(132.379473661428,24.5,19.2000000000003));
#5755=CARTESIAN_POINT('Origin',(132.213506184492,23.3508522890545,19.2000000000003));
#5756=CARTESIAN_POINT('',(132.379473661428,23.5,12.5000000000003));
#5757=CARTESIAN_POINT('',(132.379473661428,23.5,19.2000000000003));
#5758=CARTESIAN_POINT('',(132.214519623444,23.3517630223059,12.3517630223062));
#5759=CARTESIAN_POINT('',(132.379473661428,23.5,12.5000000000003));
#5760=CARTESIAN_POINT('Ctrl Pts',(132.047538707556,23.2017045781091,12.5000000000003));
#5761=CARTESIAN_POINT('Ctrl Pts',(132.130026886942,23.2758330963141,12.4279222949119));
#5762=CARTESIAN_POINT('Ctrl Pts',(132.214519623444,23.3517630223059,12.3517630223062));
#5763=CARTESIAN_POINT('Origin',(126.,24.,12.3500000000003));
#5764=CARTESIAN_POINT('',(132.349803146555,23.2,12.2000000000003));
#5765=CARTESIAN_POINT('Ctrl Pts',(132.214519623444,23.3517630223059,12.3517630223062));
#5766=CARTESIAN_POINT('Ctrl Pts',(132.282161384999,23.2766985482791,12.2766985482794));
#5767=CARTESIAN_POINT('Ctrl Pts',(132.349803146555,23.2,12.2000000000003));
#5768=CARTESIAN_POINT('',(119.6,24.,12.2000000000003));
#5769=CARTESIAN_POINT('Origin',(126.,24.,12.2000000000003));
#5770=CARTESIAN_POINT('',(119.75,24.,12.3500000000003));
#5771=CARTESIAN_POINT('Origin',(126.,24.,11.8500000000003));
#5772=CARTESIAN_POINT('Ctrl Pts',(132.047313453096,24.8,11.7000000000003));
#5773=CARTESIAN_POINT('Ctrl Pts',(132.19492842353,24.8,11.8463399994403));
#5774=CARTESIAN_POINT('Ctrl Pts',(132.349803146555,24.8,12.0000000000003));
#5775=CARTESIAN_POINT('',(119.75,24.,11.8500000000003));
#5776=CARTESIAN_POINT('Origin',(125.995832175282,24.,12.2000000000003));
#5777=CARTESIAN_POINT('',(140.978651474682,23.2,12.2000000000003));
#5778=CARTESIAN_POINT('',(129.037652918355,23.2,12.2000000000003));
#5779=CARTESIAN_POINT('',(111.,24.,12.2000000000003));
#5780=CARTESIAN_POINT('Origin',(126.,24.,12.2000000000003));
#5781=CARTESIAN_POINT('',(119.9,24.,12.2000000000003));
#5782=CARTESIAN_POINT('Ctrl Pts',(139.388030605539,30.7648028307659,15.7000000000003));
#5783=CARTESIAN_POINT('Ctrl Pts',(139.388030466694,30.7648028236253,16.1022011472746));
#5784=CARTESIAN_POINT('Ctrl Pts',(139.249730791474,31.0442565172258,16.8297429881168));
#5785=CARTESIAN_POINT('Ctrl Pts',(138.836526415442,31.7776803167803,17.5880577489787));
#5786=CARTESIAN_POINT('Ctrl Pts',(138.350372578889,32.530598630081,18.1068719500225));
#5787=CARTESIAN_POINT('Ctrl Pts',(137.63062364579,33.506530005416,18.5748114289099));
#5788=CARTESIAN_POINT('Ctrl Pts',(136.903112725219,34.3203408130772,18.7546752602527));
#5789=CARTESIAN_POINT('Ctrl Pts',(136.162872300405,35.0424985664944,18.7490874988836));
#5790=CARTESIAN_POINT('Ctrl Pts',(135.462206869249,35.6564496460979,18.6107572959008));
#5791=CARTESIAN_POINT('Ctrl Pts',(134.634391475554,36.2777688159471,18.1483491708773));
#5792=CARTESIAN_POINT('Ctrl Pts',(133.944677593308,36.7296371302134,17.4264483509519));
#5793=CARTESIAN_POINT('Ctrl Pts',(133.482256756729,37.0016026481687,16.3369601789054));
#5794=CARTESIAN_POINT('Ctrl Pts',(133.468235378762,37.0087526140453,15.3939081573728));
#5795=CARTESIAN_POINT('Ctrl Pts',(133.657038251608,36.8991800586899,14.6504425889813));
#5796=CARTESIAN_POINT('Ctrl Pts',(134.145161582308,36.6050329699877,13.6279637179832));
#5797=CARTESIAN_POINT('Ctrl Pts',(135.070938499371,35.9879662257485,12.9029711510393));
#5798=CARTESIAN_POINT('Ctrl Pts',(136.202850637574,35.013246613515,12.6275526300511));
#5799=CARTESIAN_POINT('Ctrl Pts',(136.932223814428,34.2878186358288,12.6544579721382));
#5800=CARTESIAN_POINT('Ctrl Pts',(137.64918699625,33.4722228380284,12.8508256754099));
#5801=CARTESIAN_POINT('Ctrl Pts',(138.279473379431,32.632413722926,13.2356618608196));
#5802=CARTESIAN_POINT('Ctrl Pts',(138.780856788473,31.8687264884889,13.7370726813675));
#5803=CARTESIAN_POINT('Ctrl Pts',(139.063220388321,31.3764951912016,14.217907268661));
#5804=CARTESIAN_POINT('Ctrl Pts',(139.238753009476,31.0537169794647,14.6793765416746));
#5805=CARTESIAN_POINT('Ctrl Pts',(139.291184756635,30.9536981553117,14.8605703901895));
#5806=CARTESIAN_POINT('Ctrl Pts',(139.366128705168,30.80844924756,15.2575186541701));
#5807=CARTESIAN_POINT('Ctrl Pts',(139.388030609835,30.7648028383683,15.4737231038742));
#5808=CARTESIAN_POINT('Ctrl Pts',(139.388030605539,30.7648028307659,15.7000000000003));
#5809=CARTESIAN_POINT('Ctrl Pts',(139.341954795051,30.7535793131129,15.7000000000003));
#5810=CARTESIAN_POINT('Ctrl Pts',(139.342054949026,30.7535844639116,16.0994770666563));
#5811=CARTESIAN_POINT('Ctrl Pts',(139.192676772846,31.0300882916422,16.8202236645486));
#5812=CARTESIAN_POINT('Ctrl Pts',(138.76215186438,31.7553704007096,17.5617214926874));
#5813=CARTESIAN_POINT('Ctrl Pts',(138.265853406278,32.498792727542,18.0618281953988));
#5814=CARTESIAN_POINT('Ctrl Pts',(137.541617214679,33.4602655322681,18.5039839901794));
#5815=CARTESIAN_POINT('Ctrl Pts',(136.822709064243,34.2583224888858,18.6611873608671));
#5816=CARTESIAN_POINT('Ctrl Pts',(136.101117552107,34.9630700133862,18.6382779477435));
#5817=CARTESIAN_POINT('Ctrl Pts',(135.425302235311,35.5595504649847,18.4882396550159));
#5818=CARTESIAN_POINT('Ctrl Pts',(134.640120646033,36.1585941701547,18.0287080808119));
#5819=CARTESIAN_POINT('Ctrl Pts',(133.996131319512,36.5910667578566,17.3320424082085));
#5820=CARTESIAN_POINT('Ctrl Pts',(133.569196796568,36.8502338533777,16.299683305664));
#5821=CARTESIAN_POINT('Ctrl Pts',(133.556268866811,36.85704206646,15.4119567679746));
#5822=CARTESIAN_POINT('Ctrl Pts',(133.730608957871,36.7526210072049,14.7093401074193));
#5823=CARTESIAN_POINT('Ctrl Pts',(134.181886904425,36.4720981764179,13.7390360749071));
#5824=CARTESIAN_POINT('Ctrl Pts',(135.049236964997,35.881057815336,13.0302836039468));
#5825=CARTESIAN_POINT('Ctrl Pts',(136.139091593395,34.9349141455582,12.738336694206));
#5826=CARTESIAN_POINT('Ctrl Pts',(136.851569117388,34.2263983187644,12.7467783624823));
#5827=CARTESIAN_POINT('Ctrl Pts',(137.56096042728,33.4263200998618,12.9208612857718));
#5828=CARTESIAN_POINT('Ctrl Pts',(138.19405566019,32.5992035878134,13.2833031439214));
#5829=CARTESIAN_POINT('Ctrl Pts',(138.70491274824,31.8453579281283,13.7655920872922));
#5830=CARTESIAN_POINT('Ctrl Pts',(138.99807032398,31.3585942034731,14.2351232243895));
#5831=CARTESIAN_POINT('Ctrl Pts',(139.182777989705,31.0394127351538,14.6890017405461));
#5832=CARTESIAN_POINT('Ctrl Pts',(139.238341182415,30.9404349800833,14.8679058265537));
#5833=CARTESIAN_POINT('Ctrl Pts',(139.31837670377,30.7967679368521,15.2608046027529));
#5834=CARTESIAN_POINT('Ctrl Pts',(139.341951695775,30.7535738291791,15.475382668678));
#5835=CARTESIAN_POINT('Ctrl Pts',(139.341954795051,30.7535793131129,15.7000000000003));
#5836=CARTESIAN_POINT('Ctrl Pts',(139.295878984564,30.7423557954598,15.7000000000003));
#5837=CARTESIAN_POINT('Ctrl Pts',(139.295778541112,30.7423506297736,16.096053476223));
#5838=CARTESIAN_POINT('Ctrl Pts',(139.135553595292,31.0158938173932,16.8108428469631));
#5839=CARTESIAN_POINT('Ctrl Pts',(138.687711345861,31.7330442959577,17.535162065201));
#5840=CARTESIAN_POINT('Ctrl Pts',(138.18127088919,32.4670159819914,18.0168591165078));
#5841=CARTESIAN_POINT('Ctrl Pts',(137.452576867755,33.4140560913988,18.4331532028933));
#5842=CARTESIAN_POINT('Ctrl Pts',(136.74238386748,34.1962700562516,18.5678004719164));
#5843=CARTESIAN_POINT('Ctrl Pts',(136.039424419482,34.8836256254747,18.5274144741713));
#5844=CARTESIAN_POINT('Ctrl Pts',(135.388513326407,35.4626411394288,18.3658662698633));
#5845=CARTESIAN_POINT('Ctrl Pts',(134.646022710934,36.0393060933676,17.9087988492415));
#5846=CARTESIAN_POINT('Ctrl Pts',(134.047405525029,36.4525720010597,17.2375812484349));
#5847=CARTESIAN_POINT('Ctrl Pts',(133.655973249382,36.6988668022462,16.2622903093264));
#5848=CARTESIAN_POINT('Ctrl Pts',(133.644522622606,36.7052700273993,15.4299117385752));
#5849=CARTESIAN_POINT('Ctrl Pts',(133.803784351762,36.6061575640593,14.7685645097889));
#5850=CARTESIAN_POINT('Ctrl Pts',(134.219339445367,36.3391218637086,13.8497883741903));
#5851=CARTESIAN_POINT('Ctrl Pts',(135.027244708121,35.7743099061666,13.1577861801925));
#5852=CARTESIAN_POINT('Ctrl Pts',(136.075451261948,34.8565614820921,12.8489977718929));
#5853=CARTESIAN_POINT('Ctrl Pts',(136.770867622234,34.1649711628899,12.8392440042482));
#5854=CARTESIAN_POINT('Ctrl Pts',(137.472738960152,33.3803448847503,12.9909538403818));
#5855=CARTESIAN_POINT('Ctrl Pts',(138.108694389559,32.5660371576937,13.3309422440801));
#5856=CARTESIAN_POINT('Ctrl Pts',(138.628910858617,31.8219085638266,13.7942005122615));
#5857=CARTESIAN_POINT('Ctrl Pts',(138.933215265397,31.340819395558,14.2521621497653));
#5858=CARTESIAN_POINT('Ctrl Pts',(139.126643919319,31.0250424070827,14.6987304347329));
#5859=CARTESIAN_POINT('Ctrl Pts',(139.185585239439,30.927209803222,14.8751947004409));
#5860=CARTESIAN_POINT('Ctrl Pts',(139.270546421685,30.7850584871476,15.2641325667704));
#5861=CARTESIAN_POINT('Ctrl Pts',(139.295882092798,30.7423612952438,15.4770547353419));
#5862=CARTESIAN_POINT('Ctrl Pts',(139.295878984564,30.7423557954598,15.7000000000003));
#5863=CARTESIAN_POINT('Ctrl Pts',(139.249803174077,30.7311322778068,15.7000000000003));
#5864=CARTESIAN_POINT('Ctrl Pts',(139.249803603491,30.7311322998911,16.0933307440995));
#5865=CARTESIAN_POINT('Ctrl Pts',(139.078499709987,31.001725642411,16.801323256387));
#5866=CARTESIAN_POINT('Ctrl Pts',(138.613336921969,31.710734411095,17.5088262391326));
#5867=CARTESIAN_POINT('Ctrl Pts',(138.096751838693,32.4352100232443,17.9718152179264));
#5868=CARTESIAN_POINT('Ctrl Pts',(137.363570502026,33.3677915121612,18.3623257706181));
#5869=CARTESIAN_POINT('Ctrl Pts',(136.661980055244,34.1342517978135,18.4743123778058));
#5870=CARTESIAN_POINT('Ctrl Pts',(135.977669552402,34.8041971028925,18.4166050269813));
#5871=CARTESIAN_POINT('Ctrl Pts',(135.351608469377,35.3657419778718,18.2433483508864));
#5872=CARTESIAN_POINT('Ctrl Pts',(134.651751548112,35.9201316662441,17.7891582760917));
#5873=CARTESIAN_POINT('Ctrl Pts',(134.098859597308,36.3140014829335,17.1431754121373));
#5874=CARTESIAN_POINT('Ctrl Pts',(133.74291360458,36.5474980040938,16.2250136599438));
#5875=CARTESIAN_POINT('Ctrl Pts',(133.732555686029,36.5535595983556,15.4479605296935));
#5876=CARTESIAN_POINT('Ctrl Pts',(133.877355820096,36.4595983282633,14.8274613980694));
#5877=CARTESIAN_POINT('Ctrl Pts',(134.256063365573,36.2061871501782,13.960861348112));
#5878=CARTESIAN_POINT('Ctrl Pts',(135.005543734193,35.6674011863444,13.2850982665857));
#5879=CARTESIAN_POINT('Ctrl Pts',(136.011691988918,34.7782290530676,12.9597820731375));
#5880=CARTESIAN_POINT('Ctrl Pts',(136.69021301541,34.103550859009,12.9315641145808));
#5881=CARTESIAN_POINT('Ctrl Pts',(137.384512381347,33.3344422863027,13.0609893409683));
#5882=CARTESIAN_POINT('Ctrl Pts',(138.023276561498,32.5328269383279,13.3785835313901));
#5883=CARTESIAN_POINT('Ctrl Pts',(138.552966929904,31.7985401592375,13.8227197465778));
#5884=CARTESIAN_POINT('Ctrl Pts',(138.868064632352,31.3229181645839,14.2693784467679));
#5885=CARTESIAN_POINT('Ctrl Pts',(139.070669206162,31.0107382901662,14.7083554340891));
#5886=CARTESIAN_POINT('Ctrl Pts',(139.132741496286,30.9139465547414,14.8825302265669));
#5887=CARTESIAN_POINT('Ctrl Pts',(139.222794571194,30.7733772306853,15.2674184343571));
#5888=CARTESIAN_POINT('Ctrl Pts',(139.249803160788,30.7311322542942,15.478714276045));
#5889=CARTESIAN_POINT('Ctrl Pts',(139.249803174077,30.7311322778068,15.7000000000003));
#5890=CARTESIAN_POINT('',(139.387966730282,30.7647872715155,15.7000000000003));
#5891=CARTESIAN_POINT('',(139.250000156462,30.7311802603654,15.7000000000003));
#5892=CARTESIAN_POINT('',(139.387966730282,30.7647872715155,15.7000000000003));
#5893=CARTESIAN_POINT('',(133.749586998473,36.5432159776867,15.7002804706007));
#5894=CARTESIAN_POINT('Ctrl Pts',(139.250000156462,30.7311802603654,15.7000000000003));
#5895=CARTESIAN_POINT('Ctrl Pts',(139.250000156462,30.7311802603654,15.7749210613872));
#5896=CARTESIAN_POINT('Ctrl Pts',(139.246937392343,30.736089041773,15.8485317516955));
#5897=CARTESIAN_POINT('Ctrl Pts',(139.241138703115,30.7453207421298,15.9205889118989));
#5898=CARTESIAN_POINT('Ctrl Pts',(139.23497746392,30.755129633732,15.9971512835397));
#5899=CARTESIAN_POINT('Ctrl Pts',(139.225727956037,30.7698189044947,16.0719593904916));
#5900=CARTESIAN_POINT('Ctrl Pts',(139.213792255103,30.78868578901,16.1447835938427));
#5901=CARTESIAN_POINT('Ctrl Pts',(139.202102783882,30.8071634557021,16.2161054570543));
#5902=CARTESIAN_POINT('Ctrl Pts',(139.187837313175,30.8296481483869,16.2855248960833));
#5903=CARTESIAN_POINT('Ctrl Pts',(139.171375275759,30.8554797040503,16.3528820506056));
#5904=CARTESIAN_POINT('Ctrl Pts',(139.154393098125,30.8821274424632,16.422367445033));
#5905=CARTESIAN_POINT('Ctrl Pts',(139.13507383948,30.9123368824009,16.4896582305438));
#5906=CARTESIAN_POINT('Ctrl Pts',(139.113828363587,30.9453832866303,16.5546356554909));
#5907=CARTESIAN_POINT('Ctrl Pts',(139.092582887695,30.9784296908598,16.6196130804381));
#5908=CARTESIAN_POINT('Ctrl Pts',(139.069411585426,31.0143130593808,16.6822775427393));
#5909=CARTESIAN_POINT('Ctrl Pts',(139.044713094949,31.0523086549602,16.7425622574678));
#5910=CARTESIAN_POINT('Ctrl Pts',(139.021168893472,31.0885285186147,16.8000295537328));
#5911=CARTESIAN_POINT('Ctrl Pts',(138.996258155786,31.1266677920838,16.8552916035679));
#5912=CARTESIAN_POINT('Ctrl Pts',(138.970250669141,31.1663714524869,16.9084545521495));
#5913=CARTESIAN_POINT('Ctrl Pts',(138.943158212856,31.2077314538772,16.963835330771));
#5914=CARTESIAN_POINT('Ctrl Pts',(138.914875675118,31.250789089696,17.0169386916464));
#5915=CARTESIAN_POINT('Ctrl Pts',(138.885653456482,31.2951430255912,17.0679028957142));
#5916=CARTESIAN_POINT('Ctrl Pts',(138.855773250925,31.340495664223,17.1200146437156));
#5917=CARTESIAN_POINT('Ctrl Pts',(138.824910423679,31.387203636866,17.169890328048));
#5918=CARTESIAN_POINT('Ctrl Pts',(138.793277501154,31.4348378840225,17.2176887099543));
#5919=CARTESIAN_POINT('Ctrl Pts',(138.760494141622,31.4842045098646,17.2672254398552));
#5920=CARTESIAN_POINT('Ctrl Pts',(138.726883569728,31.5345660095035,17.3145315092169));
#5921=CARTESIAN_POINT('Ctrl Pts',(138.6926253801,31.5854447877575,17.3597875251565));
#5922=CARTESIAN_POINT('Ctrl Pts',(138.664084540782,31.6278324051598,17.3974907632182));
#5923=CARTESIAN_POINT('Ctrl Pts',(138.635093060793,31.6705790512796,17.4337712921063));
#5924=CARTESIAN_POINT('Ctrl Pts',(138.605727311669,31.7134085622015,17.468732073499));
#5925=CARTESIAN_POINT('Ctrl Pts',(138.573269393535,31.7607479559057,17.5073741723447));
#5926=CARTESIAN_POINT('Ctrl Pts',(138.540398763662,31.808188584275,17.5443544516521));
#5927=CARTESIAN_POINT('Ctrl Pts',(138.507120844245,31.8558074761949,17.5798847157934));
#5928=CARTESIAN_POINT('Ctrl Pts',(138.472887228921,31.9047939169562,17.6164353600739));
#5929=CARTESIAN_POINT('Ctrl Pts',(138.438222312768,31.9539690072589,17.6514518858254));
#5930=CARTESIAN_POINT('Ctrl Pts',(138.403082877013,32.0034166048936,17.6851388260629));
#5931=CARTESIAN_POINT('Ctrl Pts',(138.367544503537,32.0534255806906,17.7192082138511));
#5932=CARTESIAN_POINT('Ctrl Pts',(138.331520380614,32.10371328649,17.7519179559674));
#5933=CARTESIAN_POINT('Ctrl Pts',(138.294921652967,32.1543664687412,17.7834483006267));
#5934=CARTESIAN_POINT('Ctrl Pts',(138.257979466387,32.2054950032536,17.8152745402321));
#5935=CARTESIAN_POINT('Ctrl Pts',(138.22045146622,32.2569959059954,17.8458994481324));
#5936=CARTESIAN_POINT('Ctrl Pts',(138.182207389131,32.3089583886096,17.8754720927551));
#5937=CARTESIAN_POINT('Ctrl Pts',(138.148418579731,32.3548674693002,17.9015996536398));
#5938=CARTESIAN_POINT('Ctrl Pts',(138.114070087006,32.401136849998,17.926905442783));
#5939=CARTESIAN_POINT('Ctrl Pts',(138.079050596488,32.4478280551402,17.9514661240742));
#5940=CARTESIAN_POINT('Ctrl Pts',(138.022218881919,32.5236013232348,17.9913246602245));
#5941=CARTESIAN_POINT('Ctrl Pts',(137.963659383862,32.6004855390273,18.0291794269815));
#5942=CARTESIAN_POINT('Ctrl Pts',(137.903616951731,32.6780328573522,18.0648170948382));
#5943=CARTESIAN_POINT('Ctrl Pts',(137.843630166645,32.7555083051863,18.1004217338716));
#5944=CARTESIAN_POINT('Ctrl Pts',(137.782163628771,32.8336456270017,18.133813055817));
#5945=CARTESIAN_POINT('Ctrl Pts',(137.719492183005,32.9119982216612,18.1648203174266));
#5946=CARTESIAN_POINT('Ctrl Pts',(137.656819138388,32.9903528152236,18.1958283700822));
#5947=CARTESIAN_POINT('Ctrl Pts',(137.592941607509,33.0689226926142,18.2244519897498));
#5948=CARTESIAN_POINT('Ctrl Pts',(137.528158263782,33.1472612185146,18.2505667813947));
#5949=CARTESIAN_POINT('Ctrl Pts',(137.505219298971,33.1749999023424,18.2598136996937));
#5950=CARTESIAN_POINT('Ctrl Pts',(137.482166947784,33.2027095798116,18.2687465072795));
#5951=CARTESIAN_POINT('Ctrl Pts',(137.459015004328,33.2303704226703,18.2773611546646));
#5952=CARTESIAN_POINT('Ctrl Pts',(137.376753598102,33.3286524453114,18.3079699460769));
#5953=CARTESIAN_POINT('Ctrl Pts',(137.293142637536,33.4263179509176,18.334592602822));
#5954=CARTESIAN_POINT('Ctrl Pts',(137.20861439879,33.5229555927767,18.3571348960056));
#5955=CARTESIAN_POINT('Ctrl Pts',(137.124665151715,33.6189312973879,18.3795227816186));
#5956=CARTESIAN_POINT('Ctrl Pts',(137.039811633938,33.713893171109,18.3978860488796));
#5957=CARTESIAN_POINT('Ctrl Pts',(136.95448220544,33.8074382622453,18.4121847406028));
#5958=CARTESIAN_POINT('Ctrl Pts',(136.868270010922,33.9019511136147,18.4266313578352));
#5959=CARTESIAN_POINT('Ctrl Pts',(136.781572496819,33.9950177164351,18.4369288230627));
#5960=CARTESIAN_POINT('Ctrl Pts',(136.694829152972,34.086222483111,18.4430898020518));
#5961=CARTESIAN_POINT('Ctrl Pts',(136.608085809126,34.1774272497868,18.4492507810408));
#5962=CARTESIAN_POINT('Ctrl Pts',(136.52129711047,34.2667701803182,18.4512753950286));
#5963=CARTESIAN_POINT('Ctrl Pts',(136.43489298718,34.3538356871096,18.4492291749706));
#5964=CARTESIAN_POINT('Ctrl Pts',(136.391970839374,34.397086384055,18.4482126938535));
#5965=CARTESIAN_POINT('Ctrl Pts',(136.349156201722,34.4397750790807,18.4461973468299));
#5966=CARTESIAN_POINT('Ctrl Pts',(136.306207853774,34.4821232640907,18.4431632367434));
#5967=CARTESIAN_POINT('Ctrl Pts',(136.263714168797,34.5240231396194,18.4401612465771));
#5968=CARTESIAN_POINT('Ctrl Pts',(136.221089187992,34.5655896764362,18.4361618994834));
#5969=CARTESIAN_POINT('Ctrl Pts',(136.178105443729,34.6070374063277,18.4310957130639));
#5970=CARTESIAN_POINT('Ctrl Pts',(136.148325588926,34.6357530847595,18.4275857746312));
#5971=CARTESIAN_POINT('Ctrl Pts',(136.118373648088,34.6644117364677,18.4235627298439));
#5972=CARTESIAN_POINT('Ctrl Pts',(136.088177330583,34.6930847036767,18.4189891430617));
#5973=CARTESIAN_POINT('Ctrl Pts',(136.029261143251,34.7490286745669,18.4100655948308));
#5974=CARTESIAN_POINT('Ctrl Pts',(135.969451967593,34.8050271418614,18.3990441146001));
#5975=CARTESIAN_POINT('Ctrl Pts',(135.909085500768,34.8607553914634,18.3857624373142));
#5976=CARTESIAN_POINT('Ctrl Pts',(135.850118766456,34.9151914560668,18.3727887256341));
#5977=CARTESIAN_POINT('Ctrl Pts',(135.790620792119,34.9693696889073,18.3576582726605));
#5978=CARTESIAN_POINT('Ctrl Pts',(135.73092019616,35.0229874438733,18.3402681709749));
#5979=CARTESIAN_POINT('Ctrl Pts',(135.669093871189,35.0785143391989,18.322258868709));
#5980=CARTESIAN_POINT('Ctrl Pts',(135.607050754796,35.1334401327575,18.3018255461465));
#5981=CARTESIAN_POINT('Ctrl Pts',(135.545165330832,35.1874286851682,18.2789126498907));
#5982=CARTESIAN_POINT('Ctrl Pts',(135.483279906868,35.241417237579,18.2559997536349));
#5983=CARTESIAN_POINT('Ctrl Pts',(135.421552839501,35.2944685488419,18.2306071510846));
#5984=CARTESIAN_POINT('Ctrl Pts',(135.360358853243,35.3462464795761,18.2027420362474));
#5985=CARTESIAN_POINT('Ctrl Pts',(135.298141985189,35.3988898989967,18.1744111449433));
#5986=CARTESIAN_POINT('Ctrl Pts',(135.236408994173,35.4502170119772,18.1434950875587));
#5987=CARTESIAN_POINT('Ctrl Pts',(135.175497339181,35.5001114465829,18.1100191466079));
#5988=CARTESIAN_POINT('Ctrl Pts',(135.114777240648,35.5498489719529,18.0766484816133));
#5989=CARTESIAN_POINT('Ctrl Pts',(135.054873848566,35.5981628158227,18.0407340616991));
#5990=CARTESIAN_POINT('Ctrl Pts',(134.996113289122,35.6449377007163,18.002351904085));
#5991=CARTESIAN_POINT('Ctrl Pts',(134.937532322706,35.6915696250371,17.964087055904));
#5992=CARTESIAN_POINT('Ctrl Pts',(134.880087727867,35.7366719832105,17.9233696811957));
#5993=CARTESIAN_POINT('Ctrl Pts',(134.824086720946,35.7801305515191,17.8803243237322));
#5994=CARTESIAN_POINT('Ctrl Pts',(134.7734571963,35.8194206781836,17.8414077737196));
#5995=CARTESIAN_POINT('Ctrl Pts',(134.724007670919,35.8573672285732,17.8005891453904));
#5996=CARTESIAN_POINT('Ctrl Pts',(134.675948741754,35.8938857953253,17.7579933033187));
#5997=CARTESIAN_POINT('Ctrl Pts',(134.62982100866,35.9289369029837,17.7171091290741));
#5998=CARTESIAN_POINT('Ctrl Pts',(134.585013538361,35.9626724851268,17.6746317183199));
#5999=CARTESIAN_POINT('Ctrl Pts',(134.541489131868,35.9950927792176,17.6304752178019));
#6000=CARTESIAN_POINT('Ctrl Pts',(134.498599039822,36.0270405875801,17.5869622437199));
#6001=CARTESIAN_POINT('Ctrl Pts',(134.45695452093,36.0577111659266,17.5418182686955));
#6002=CARTESIAN_POINT('Ctrl Pts',(134.416560707844,36.0871047414888,17.4949317713901));
#6003=CARTESIAN_POINT('Ctrl Pts',(134.376696980278,36.1161125869707,17.4486605626987));
#6004=CARTESIAN_POINT('Ctrl Pts',(134.338051001061,36.1438767258112,17.4006917789471));
#6005=CARTESIAN_POINT('Ctrl Pts',(134.300672917887,36.1703973764129,17.3508966344574));
#6006=CARTESIAN_POINT('Ctrl Pts',(134.264232728224,36.1962525689706,17.3023509532614));
#6007=CARTESIAN_POINT('Ctrl Pts',(134.228997391809,36.2209258937644,17.2520689046334));
#6008=CARTESIAN_POINT('Ctrl Pts',(134.195060572017,36.2444175531653,17.1999178351037));
#6009=CARTESIAN_POINT('Ctrl Pts',(134.173448685336,36.2593776785998,17.1667066205024));
#6010=CARTESIAN_POINT('Ctrl Pts',(134.15236436516,36.2738585810983,17.1327371769277));
#6011=CARTESIAN_POINT('Ctrl Pts',(134.131842803289,36.2878603129261,17.0979738018346));
#6012=CARTESIAN_POINT('Ctrl Pts',(134.104175776679,36.3067373501371,17.0511060619524));
#6013=CARTESIAN_POINT('Ctrl Pts',(134.077522445633,36.3247434350275,17.0027691284126));
#6014=CARTESIAN_POINT('Ctrl Pts',(134.052127224105,36.3418140067757,16.953163240378));
#6015=CARTESIAN_POINT('Ctrl Pts',(134.026922629737,36.3587564396681,16.9039297148999));
#6016=CARTESIAN_POINT('Ctrl Pts',(134.002957690694,36.3747773514119,16.8534465492634));
#6017=CARTESIAN_POINT('Ctrl Pts',(133.980432360828,36.3898136241611,16.8019428856357));
#6018=CARTESIAN_POINT('Ctrl Pts',(133.958041598518,36.4047600693915,16.7507469077216));
#6019=CARTESIAN_POINT('Ctrl Pts',(133.937073579564,36.4187336050611,16.6985429893537));
#6020=CARTESIAN_POINT('Ctrl Pts',(133.917681185511,36.4316722377876,16.6455838049955));
#6021=CARTESIAN_POINT('Ctrl Pts',(133.898320135147,36.444589957961,16.592710217916));
#6022=CARTESIAN_POINT('Ctrl Pts',(133.880529841993,36.4564761178898,16.5390842447167));
#6023=CARTESIAN_POINT('Ctrl Pts',(133.864415117838,36.4672690243035,16.4849786647954));
#6024=CARTESIAN_POINT('Ctrl Pts',(133.848280677443,36.4780751357547,16.4308068871155));
#6025=CARTESIAN_POINT('Ctrl Pts',(133.833826052753,36.48778531688,16.3761548031861));
#6026=CARTESIAN_POINT('Ctrl Pts',(133.821106169702,36.4963376476881,16.3213107175171));
#6027=CARTESIAN_POINT('Ctrl Pts',(133.813495284867,36.5014548963754,16.2884950054391));
#6028=CARTESIAN_POINT('Ctrl Pts',(133.806504488912,36.5061576145696,16.2556107989488));
#6029=CARTESIAN_POINT('Ctrl Pts',(133.800136734108,36.51043253789,16.2227212456349));
#6030=CARTESIAN_POINT('Ctrl Pts',(133.786560248467,36.519546964696,16.1525984846173));
#6031=CARTESIAN_POINT('Ctrl Pts',(133.77579944524,36.5267167585472,16.0824019817241));
#6032=CARTESIAN_POINT('Ctrl Pts',(133.76777269272,36.5319977490456,16.0121427339742));
#6033=CARTESIAN_POINT('Ctrl Pts',(133.759669535569,36.5373290079593,15.9412147061807));
#6034=CARTESIAN_POINT('Ctrl Pts',(133.754352556414,36.5407353342976,15.8702219551629));
#6035=CARTESIAN_POINT('Ctrl Pts',(133.751788532567,36.5422741671694,15.7991608304076));
#6036=CARTESIAN_POINT('Ctrl Pts',(133.750599825765,36.5429875853004,15.766216190519));
#6037=CARTESIAN_POINT('Ctrl Pts',(133.750003548629,36.5432996153561,15.7332567181626));
#6038=CARTESIAN_POINT('Ctrl Pts',(133.750000170889,36.5432159808901,15.7002816914539));
#6039=CARTESIAN_POINT('Ctrl Pts',(133.749429799756,36.5432159764679,15.7002800061056));
#6040=CARTESIAN_POINT('Ctrl Pts',(133.749891276042,36.5428717089936,15.5645381834583));
#6041=CARTESIAN_POINT('Ctrl Pts',(133.772928837284,36.5277707919141,15.2732885258708));
#6042=CARTESIAN_POINT('Ctrl Pts',(133.877041291234,36.4602248947996,14.8272096012749));
#6043=CARTESIAN_POINT('Ctrl Pts',(134.255906359768,36.2067554702651,13.9603864931029));
#6044=CARTESIAN_POINT('Ctrl Pts',(135.005636511537,35.6678582393905,13.2845539833359));
#6045=CARTESIAN_POINT('Ctrl Pts',(136.011964570565,34.7785639384277,12.9593084510543));
#6046=CARTESIAN_POINT('Ctrl Pts',(136.690557828661,34.1038134419078,12.9311694286021));
#6047=CARTESIAN_POINT('Ctrl Pts',(137.384889565824,33.3346385286173,13.0606899262469));
#6048=CARTESIAN_POINT('Ctrl Pts',(138.023641737747,32.5329689177283,13.3783798563229));
#6049=CARTESIAN_POINT('Ctrl Pts',(138.553291604225,31.7986400638671,13.8225978211736));
#6050=CARTESIAN_POINT('Ctrl Pts',(138.868343161239,31.3229946947997,14.2693048450782));
#6051=CARTESIAN_POINT('Ctrl Pts',(139.070908509108,31.0107994432443,14.7083142848528));
#6052=CARTESIAN_POINT('Ctrl Pts',(139.132967412267,30.9140032572848,14.8824988661559));
#6053=CARTESIAN_POINT('Ctrl Pts',(139.22299871943,30.7734271703313,15.2674043864253));
#6054=CARTESIAN_POINT('Ctrl Pts',(139.250000156462,30.7311802603654,15.4787071811335));
#6055=CARTESIAN_POINT('Ctrl Pts',(139.250000156462,30.7311802603654,15.7000000000003));
#6056=CARTESIAN_POINT('Ctrl Pts',(139.387966730282,30.7647872715155,15.7000000000003));
#6057=CARTESIAN_POINT('Ctrl Pts',(139.387966730282,30.7647872715155,15.6104095774186));
#6058=CARTESIAN_POINT('Ctrl Pts',(139.384518675074,30.7716220307185,15.5223981636682));
#6059=CARTESIAN_POINT('Ctrl Pts',(139.378041398988,30.784394470176,15.4364411151543));
#6060=CARTESIAN_POINT('Ctrl Pts',(139.370114055129,30.8000262756075,15.3312408625095));
#6061=CARTESIAN_POINT('Ctrl Pts',(139.357648369141,30.8245515036031,15.229117756792));
#6062=CARTESIAN_POINT('Ctrl Pts',(139.34133879993,30.8562875541701,15.1309432133682));
#6063=CARTESIAN_POINT('Ctrl Pts',(139.337317130125,30.864113138933,15.1067349959813));
#6064=CARTESIAN_POINT('Ctrl Pts',(139.333061508288,30.872377039195,15.0827668645937));
#6065=CARTESIAN_POINT('Ctrl Pts',(139.32858200238,30.8810538295972,15.0590518844329));
#6066=CARTESIAN_POINT('Ctrl Pts',(139.303735154419,30.9291821045324,14.9275100317012));
#6067=CARTESIAN_POINT('Ctrl Pts',(139.272340538946,30.9893548051933,14.8035590649761));
#6068=CARTESIAN_POINT('Ctrl Pts',(139.23557721548,31.0582926953383,14.6865487996564));
#6069=CARTESIAN_POINT('Ctrl Pts',(139.216871763252,31.0933688062323,14.6270131069705));
#6070=CARTESIAN_POINT('Ctrl Pts',(139.19677648251,31.1307138868659,14.5692742577921));
#6071=CARTESIAN_POINT('Ctrl Pts',(139.175453133607,31.1698978182474,14.5132466081059));
#6072=CARTESIAN_POINT('Ctrl Pts',(139.141186223029,31.2328669268453,14.4232094159921));
#6073=CARTESIAN_POINT('Ctrl Pts',(139.104309221478,31.2995493042652,14.3382759974724));
#6074=CARTESIAN_POINT('Ctrl Pts',(139.065192384861,31.3689041211408,14.257928704102));
#6075=CARTESIAN_POINT('Ctrl Pts',(139.027836036704,31.435137562022,14.1811975130305));
#6076=CARTESIAN_POINT('Ctrl Pts',(138.988436563092,31.5038079553356,14.1086489310622));
#6077=CARTESIAN_POINT('Ctrl Pts',(138.947358964156,31.5740277166955,14.0398321031059));
#6078=CARTESIAN_POINT('Ctrl Pts',(138.907781439559,31.6416831884004,13.9735283323944));
#6079=CARTESIAN_POINT('Ctrl Pts',(138.866646027003,31.710776724563,13.9106887393913));
#6080=CARTESIAN_POINT('Ctrl Pts',(138.82432270501,31.7805364312334,13.8509100802865));
#6081=CARTESIAN_POINT('Ctrl Pts',(138.805702221426,31.8112277714158,13.8246099817081));
#6082=CARTESIAN_POINT('Ctrl Pts',(138.786852389133,31.8420483682272,13.7989023667731));
#6083=CARTESIAN_POINT('Ctrl Pts',(138.767807545679,31.8729340449722,13.7737528953992));
#6084=CARTESIAN_POINT('Ctrl Pts',(138.712553624192,31.9625412272081,13.7007878999048));
#6085=CARTESIAN_POINT('Ctrl Pts',(138.655661938755,32.0527009885884,13.6325209509771));
#6086=CARTESIAN_POINT('Ctrl Pts',(138.596754815804,32.1438177847077,13.5681618574306));
#6087=CARTESIAN_POINT('Ctrl Pts',(138.539381019377,32.2325628506638,13.5054780028077));
#6088=CARTESIAN_POINT('Ctrl Pts',(138.480095278566,32.3222159376559,13.4465012117699));
#6089=CARTESIAN_POINT('Ctrl Pts',(138.41851063744,32.4131203217225,13.3905014059021));
#6090=CARTESIAN_POINT('Ctrl Pts',(138.366742441973,32.4895347626789,13.3434278362058));
#6091=CARTESIAN_POINT('Ctrl Pts',(138.313349211096,32.5668329805197,13.2984578409945));
#6092=CARTESIAN_POINT('Ctrl Pts',(138.258079667718,32.6451999895818,13.2551577682781));
#6093=CARTESIAN_POINT('Ctrl Pts',(138.195132429028,32.7344532477662,13.205842723391));
#6094=CARTESIAN_POINT('Ctrl Pts',(138.129748490621,32.8250846209597,13.1586937756448));
#6095=CARTESIAN_POINT('Ctrl Pts',(138.062189501727,32.9164782523384,13.1141569143705));
#6096=CARTESIAN_POINT('Ctrl Pts',(137.99479962777,33.0076431054519,13.069731538609));
#6097=CARTESIAN_POINT('Ctrl Pts',(137.925245440728,33.0995660751739,13.0279051884386));
#6098=CARTESIAN_POINT('Ctrl Pts',(137.853832334082,33.1916624717989,12.9891205123403));
#6099=CARTESIAN_POINT('Ctrl Pts',(137.782419227435,33.2837588684238,12.950335836242));
#6100=CARTESIAN_POINT('Ctrl Pts',(137.709147154618,33.376028390374,12.9145928342158));
#6101=CARTESIAN_POINT('Ctrl Pts',(137.634368675661,33.4679176970854,12.8823341547428));
#6102=CARTESIAN_POINT('Ctrl Pts',(137.560731548097,33.5584044881319,12.8505678427162));
#6103=CARTESIAN_POINT('Ctrl Pts',(137.485625347255,33.6485333774919,12.8221803018321));
#6104=CARTESIAN_POINT('Ctrl Pts',(137.40940167859,33.7378413078352,12.7970597512769));
#6105=CARTESIAN_POINT('Ctrl Pts',(137.331308722934,33.8293393997814,12.771323151676));
#6106=CARTESIAN_POINT('Ctrl Pts',(137.252042775751,33.9199754489653,12.7490157446455));
#6107=CARTESIAN_POINT('Ctrl Pts',(137.172025389866,34.0092881209493,12.730017322204));
#6108=CARTESIAN_POINT('Ctrl Pts',(137.092008003981,34.0986007929333,12.7110188997626));
#6109=CARTESIAN_POINT('Ctrl Pts',(137.011239389292,34.1865899742271,12.6953294619101));
#6110=CARTESIAN_POINT('Ctrl Pts',(136.930182482207,34.2728336356459,12.6828288006653));
#6111=CARTESIAN_POINT('Ctrl Pts',(136.859089154525,34.3484761576984,12.6718647306302));
#6112=CARTESIAN_POINT('Ctrl Pts',(136.787783989051,34.42277698844,12.6633536841849));
#6113=CARTESIAN_POINT('Ctrl Pts',(136.71586464034,34.4962014562362,12.6575687125817));
#6114=CARTESIAN_POINT('Ctrl Pts',(136.643890141685,34.5696822281484,12.6517793048863));
#6115=CARTESIAN_POINT('Ctrl Pts',(136.571300373213,34.6422854033526,12.6487201545102));
#6116=CARTESIAN_POINT('Ctrl Pts',(136.497654447976,34.7144412402551,12.6486649413394));
#6117=CARTESIAN_POINT('Ctrl Pts',(136.424543921825,34.7860725108767,12.6486101295633));
#6118=CARTESIAN_POINT('Ctrl Pts',(136.350392418861,34.8572630530031,12.6515157370623));
#6119=CARTESIAN_POINT('Ctrl Pts',(136.274733577677,34.9283964929786,12.6576495181279));
#6120=CARTESIAN_POINT('Ctrl Pts',(136.244355994897,34.9569570937947,12.6601122764672));
#6121=CARTESIAN_POINT('Ctrl Pts',(136.213735029654,34.9855080553605,12.6630954427688));
#6122=CARTESIAN_POINT('Ctrl Pts',(136.182838944421,35.0140724090577,12.6666163477693));
#6123=CARTESIAN_POINT('Ctrl Pts',(136.112073162827,35.0794974879923,12.6746807867557));
#6124=CARTESIAN_POINT('Ctrl Pts',(136.039860409634,35.1449895530935,12.6855662771376));
#6125=CARTESIAN_POINT('Ctrl Pts',(135.966677900355,35.210054934324,12.6994130092242));
#6126=CARTESIAN_POINT('Ctrl Pts',(135.893685889607,35.2749509464033,12.7132236974236));
#6127=CARTESIAN_POINT('Ctrl Pts',(135.819729251928,35.3394223388039,12.7299802308078));
#6128=CARTESIAN_POINT('Ctrl Pts',(135.745316629119,35.4030173111422,12.7498217077614));
#6129=CARTESIAN_POINT('Ctrl Pts',(135.670436935311,35.4670114545637,12.7697877251237));
#6130=CARTESIAN_POINT('Ctrl Pts',(135.595095636516,35.5301180186711,12.7928775345649));
#6131=CARTESIAN_POINT('Ctrl Pts',(135.519845138912,35.5919173794127,12.8192328702106));
#6132=CARTESIAN_POINT('Ctrl Pts',(135.466401392954,35.6358079773623,12.8379507246799));
#6133=CARTESIAN_POINT('Ctrl Pts',(135.413004176722,35.679040087745,12.8583157103838));
#6134=CARTESIAN_POINT('Ctrl Pts',(135.359861060819,35.7214760556065,12.8803786008073));
#6135=CARTESIAN_POINT('Ctrl Pts',(135.26595983803,35.7964582843445,12.9193626226107));
#6136=CARTESIAN_POINT('Ctrl Pts',(135.172821453651,35.8689777941281,12.9636476929667));
#6137=CARTESIAN_POINT('Ctrl Pts',(135.081075606176,35.9387631618569,13.0133776570832));
#6138=CARTESIAN_POINT('Ctrl Pts',(134.986403133516,36.0107746315874,13.0646939705487));
#6139=CARTESIAN_POINT('Ctrl Pts',(134.893213790283,36.079874816135,13.1218080945257));
#6140=CARTESIAN_POINT('Ctrl Pts',(134.802225163575,36.1458154180656,13.1848780836756));
#6141=CARTESIAN_POINT('Ctrl Pts',(134.70386680842,36.2170969548741,13.2530564991204));
#6142=CARTESIAN_POINT('Ctrl Pts',(134.608080465457,36.28468628855,13.3281946567512));
#6143=CARTESIAN_POINT('Ctrl Pts',(134.515796935362,36.3483279254996,13.4104922113653));
#6144=CARTESIAN_POINT('Ctrl Pts',(134.416439874403,36.4168476927366,13.4990978720086));
#6145=CARTESIAN_POINT('Ctrl Pts',(134.321143942679,36.480791942603,13.5960025279559));
#6146=CARTESIAN_POINT('Ctrl Pts',(134.231089045422,36.5399032343285,13.701455353573));
#6147=CARTESIAN_POINT('Ctrl Pts',(134.114936991595,36.6161444843601,13.8374675267083));
#6148=CARTESIAN_POINT('Ctrl Pts',(134.007506263349,36.6843469405894,13.9877001141829));
#6149=CARTESIAN_POINT('Ctrl Pts',(133.911332564448,36.7440502609925,14.1526877567215));
#6150=CARTESIAN_POINT('Ctrl Pts',(133.852193125836,36.7807632177805,14.2541424857079));
#6151=CARTESIAN_POINT('Ctrl Pts',(133.797325368305,36.8142483041675,14.3611765516477));
#6152=CARTESIAN_POINT('Ctrl Pts',(133.748568292246,36.8436633956357,14.4722686855897));
#6153=CARTESIAN_POINT('Ctrl Pts',(133.72185788154,36.8597777576443,14.533127883141));
#6154=CARTESIAN_POINT('Ctrl Pts',(133.696981857149,36.8746716695763,14.5952049625068));
#6155=CARTESIAN_POINT('Ctrl Pts',(133.674244178581,36.8882107481026,14.6582498115661));
#6156=CARTESIAN_POINT('Ctrl Pts',(133.637904942902,36.9098488306352,14.7590077504876));
#6157=CARTESIAN_POINT('Ctrl Pts',(133.607030405063,36.9280300538804,14.8622375919805));
#6158=CARTESIAN_POINT('Ctrl Pts',(133.581540728674,36.9429610282754,14.9667065697143));
#6159=CARTESIAN_POINT('Ctrl Pts',(133.56196804044,36.9544260348291,15.0469248784918));
#6160=CARTESIAN_POINT('Ctrl Pts',(133.545569724667,36.9639736592196,15.1278738069594));
#6161=CARTESIAN_POINT('Ctrl Pts',(133.53229863304,36.9716798180765,15.2089952201469));
#6162=CARTESIAN_POINT('Ctrl Pts',(133.51453994529,36.9819918008996,15.3175476954985));
#6163=CARTESIAN_POINT('Ctrl Pts',(133.50238210935,36.9890075108167,15.4264090290065));
#6164=CARTESIAN_POINT('Ctrl Pts',(133.496050669808,36.9926604033071,15.5353170002977));
#6165=CARTESIAN_POINT('Ctrl Pts',(133.489852779819,36.9962362450484,15.64192776717));
#6166=CARTESIAN_POINT('Ctrl Pts',(133.489238165913,36.996589826429,15.7485832251066));
#6167=CARTESIAN_POINT('Ctrl Pts',(133.494393735101,36.9936162227177,15.8550373993004));
#6168=CARTESIAN_POINT('Ctrl Pts',(133.499400958499,36.9907281811578,15.9584284726119));
#6169=CARTESIAN_POINT('Ctrl Pts',(133.509851148328,36.9847017508382,16.0616296789636));
#6170=CARTESIAN_POINT('Ctrl Pts',(133.525890995742,36.9753984416741,16.164415671411));
#6171=CARTESIAN_POINT('Ctrl Pts',(133.534518602414,36.970394323484,16.2197028004767));
#6172=CARTESIAN_POINT('Ctrl Pts',(133.544762985437,36.9644413938147,16.2748697993704));
#6173=CARTESIAN_POINT('Ctrl Pts',(133.556643770183,36.9575126830173,16.3298815992048));
#6174=CARTESIAN_POINT('Ctrl Pts',(133.584053893405,36.9415274749025,16.4567991593156));
#6175=CARTESIAN_POINT('Ctrl Pts',(133.620172730668,36.9203527069591,16.5828906419029));
#6176=CARTESIAN_POINT('Ctrl Pts',(133.663552672494,36.8945709675005,16.7059701623668));
#6177=CARTESIAN_POINT('Ctrl Pts',(133.718341467477,36.8620086730844,16.861419393726));
#6178=CARTESIAN_POINT('Ctrl Pts',(133.78471045564,36.8220917186979,17.0120640490247));
#6179=CARTESIAN_POINT('Ctrl Pts',(133.859705883268,36.7759548930214,17.1535002472062));
#6180=CARTESIAN_POINT('Ctrl Pts',(133.898513898373,36.7520803891433,17.2266894840576));
#6181=CARTESIAN_POINT('Ctrl Pts',(133.939631612905,36.7265404491327,17.2974129077856));
#6182=CARTESIAN_POINT('Ctrl Pts',(133.982651514767,36.6994989977473,17.3650602856355));
#6183=CARTESIAN_POINT('Ctrl Pts',(134.078640532913,36.6391622174348,17.5159998531119));
#6184=CARTESIAN_POINT('Ctrl Pts',(134.184100281857,36.5713535050021,17.6516251231923));
#6185=CARTESIAN_POINT('Ctrl Pts',(134.297186312245,36.4962674147077,17.7741877925205));
#6186=CARTESIAN_POINT('Ctrl Pts',(134.394863497174,36.4314123844084,17.8800503511071));
#6187=CARTESIAN_POINT('Ctrl Pts',(134.49822871733,36.3611265739313,17.9761675470743));
#6188=CARTESIAN_POINT('Ctrl Pts',(134.606085529657,36.2855725082809,18.0639903636959));
#6189=CARTESIAN_POINT('Ctrl Pts',(134.623100239429,36.2736536459354,18.0778446553623));
#6190=CARTESIAN_POINT('Ctrl Pts',(134.640226732796,36.2616037840614,18.0914925336591));
#6191=CARTESIAN_POINT('Ctrl Pts',(134.657460325647,36.2494236888862,18.1049396948921));
#6192=CARTESIAN_POINT('Ctrl Pts',(134.740049528723,36.1910525550989,18.1693830375833));
#6193=CARTESIAN_POINT('Ctrl Pts',(134.825097388964,36.1296863481378,18.2292166109928));
#6194=CARTESIAN_POINT('Ctrl Pts',(134.91186101815,36.0656012362901,18.2842262122745));
#6195=CARTESIAN_POINT('Ctrl Pts',(134.996154258049,36.0033407965463,18.337669545167));
#6196=CARTESIAN_POINT('Ctrl Pts',(135.08206662396,35.9385139240977,18.3865596975918));
#6197=CARTESIAN_POINT('Ctrl Pts',(135.16893958244,35.8714172251489,18.4307002474498));
#6198=CARTESIAN_POINT('Ctrl Pts',(135.253549306738,35.8060685447458,18.4736908376082));
#6199=CARTESIAN_POINT('Ctrl Pts',(135.339069986068,35.7385667627248,18.5121760770205));
#6200=CARTESIAN_POINT('Ctrl Pts',(135.424919167922,35.6692287096506,18.545974498815));
#6201=CARTESIAN_POINT('Ctrl Pts',(135.438081681095,35.6585977051698,18.5511565187536));
#6202=CARTESIAN_POINT('Ctrl Pts',(135.451251971185,35.6479236182331,18.5562283636134));
#6203=CARTESIAN_POINT('Ctrl Pts',(135.464427999846,35.6372076820744,18.5611893793528));
#6204=CARTESIAN_POINT('Ctrl Pts',(135.540306025293,35.5754968208238,18.5897588435061));
#6205=CARTESIAN_POINT('Ctrl Pts',(135.616377681544,35.5123899678592,18.6146528039413));
#6206=CARTESIAN_POINT('Ctrl Pts',(135.692096120485,35.4482868932984,18.6361503863578));
#6207=CARTESIAN_POINT('Ctrl Pts',(135.767660401107,35.3843143288534,18.657604200952));
#6208=CARTESIAN_POINT('Ctrl Pts',(135.842872739437,35.3193496674127,18.6756754531038));
#6209=CARTESIAN_POINT('Ctrl Pts',(135.917222469863,35.2538303916147,18.6906415671304));
#6210=CARTESIAN_POINT('Ctrl Pts',(135.992073725582,35.1878691562593,18.7057086349151));
#6211=CARTESIAN_POINT('Ctrl Pts',(136.066050560452,35.12134590895,18.7176285319354));
#6212=CARTESIAN_POINT('Ctrl Pts',(136.138667566675,35.0547464906461,18.7266843345511));
#6213=CARTESIAN_POINT('Ctrl Pts',(136.186614699867,35.0107726152955,18.7326636470671));
#6214=CARTESIAN_POINT('Ctrl Pts',(136.233969744954,34.9667663478885,18.7373943233335));
#6215=CARTESIAN_POINT('Ctrl Pts',(136.280601713715,34.9228763795965,18.7409578481341));
#6216=CARTESIAN_POINT('Ctrl Pts',(136.345027750654,34.8622386498685,18.7458811611859));
#6217=CARTESIAN_POINT('Ctrl Pts',(136.408078476986,34.8018274866129,18.7485766416539));
#6218=CARTESIAN_POINT('Ctrl Pts',(136.470399901256,34.7410765711715,18.7491923506651));
#6219=CARTESIAN_POINT('Ctrl Pts',(136.532721325526,34.68032565573,18.7498080596764));
#6220=CARTESIAN_POINT('Ctrl Pts',(136.594313529353,34.6192348174647,18.7483439972309));
#6221=CARTESIAN_POINT('Ctrl Pts',(136.655780485005,34.5571938627359,18.7449482244557));
#6222=CARTESIAN_POINT('Ctrl Pts',(136.747980918481,34.4641324306427,18.739854565293));
#6223=CARTESIAN_POINT('Ctrl Pts',(136.839884934954,34.3689247262892,18.7304145578886));
#6224=CARTESIAN_POINT('Ctrl Pts',(136.93100513079,34.2719582763284,18.7166777833951));
#6225=CARTESIAN_POINT('Ctrl Pts',(137.018166637347,34.1792045043849,18.7035377989044));
#6226=CARTESIAN_POINT('Ctrl Pts',(137.104610991807,34.0848418633198,18.686466280914));
#6227=CARTESIAN_POINT('Ctrl Pts',(137.189947954448,33.9892474579783,18.665506625141));
#6228=CARTESIAN_POINT('Ctrl Pts',(137.275209405447,33.8937376407271,18.6445655158223));
#6229=CARTESIAN_POINT('Ctrl Pts',(137.359365263765,33.7969983894135,18.6197431466263));
#6230=CARTESIAN_POINT('Ctrl Pts',(137.442064684066,33.6994410027407,18.5910827981744));
#6231=CARTESIAN_POINT('Ctrl Pts',(137.525037957391,33.6015605619841,18.5623275430943));
#6232=CARTESIAN_POINT('Ctrl Pts',(137.606545001455,33.5028567383449,18.5297088483027));
#6233=CARTESIAN_POINT('Ctrl Pts',(137.686272329237,33.4037779135246,18.4932704258078));
#6234=CARTESIAN_POINT('Ctrl Pts',(137.696986813804,33.3904627985073,18.4883734986647));
#6235=CARTESIAN_POINT('Ctrl Pts',(137.707669217628,33.3771409569017,18.4834075855864));
#6236=CARTESIAN_POINT('Ctrl Pts',(137.718318837497,33.3638135192216,18.4783727926676));
#6237=CARTESIAN_POINT('Ctrl Pts',(137.789942551428,33.2741802181683,18.4445114368494));
#6238=CARTESIAN_POINT('Ctrl Pts',(137.860088230643,33.1842807589955,18.4075345104481));
#6239=CARTESIAN_POINT('Ctrl Pts',(137.928431705122,33.0946422170552,18.36778101983));
#6240=CARTESIAN_POINT('Ctrl Pts',(137.999404720643,33.001554798292,18.3264979986166));
#6241=CARTESIAN_POINT('Ctrl Pts',(138.068433945767,32.9087488783491,18.2822206441685));
#6242=CARTESIAN_POINT('Ctrl Pts',(138.135205624551,32.8168466273303,18.235328617905));
#6243=CARTESIAN_POINT('Ctrl Pts',(138.201977303335,32.7249443763115,18.1884365916414));
#6244=CARTESIAN_POINT('Ctrl Pts',(138.266491629545,32.633946166691,18.1389298935624));
#6245=CARTESIAN_POINT('Ctrl Pts',(138.32848310328,32.5445014115585,18.087188185087));
#6246=CARTESIAN_POINT('Ctrl Pts',(138.38988054018,32.455913765897,18.0359422944862));
#6247=CARTESIAN_POINT('Ctrl Pts',(138.44880744027,32.3688591333542,17.9825040224877));
#6248=CARTESIAN_POINT('Ctrl Pts',(138.505686280691,32.2829831974313,17.9261153334567));
#6249=CARTESIAN_POINT('Ctrl Pts',(138.564118230918,32.1947623691514,17.8681869184883));
#6250=CARTESIAN_POINT('Ctrl Pts',(138.620388781648,32.1077852857574,17.8071447609672));
#6251=CARTESIAN_POINT('Ctrl Pts',(138.674912911401,32.0216321710971,17.7421670184524));
#6252=CARTESIAN_POINT('Ctrl Pts',(138.726093658143,31.9407619075587,17.681173667463));
#6253=CARTESIAN_POINT('Ctrl Pts',(138.775735141977,31.8606171509818,17.6167125883006));
#6254=CARTESIAN_POINT('Ctrl Pts',(138.824147226255,31.7808256579447,17.5481040419606));
#6255=CARTESIAN_POINT('Ctrl Pts',(138.863219015297,31.7164285878779,17.492732357616));
#6256=CARTESIAN_POINT('Ctrl Pts',(138.901485369289,31.6522564176476,17.4346591918119));
#6257=CARTESIAN_POINT('Ctrl Pts',(138.938502348132,31.5891473162249,17.3736101712181));
#6258=CARTESIAN_POINT('Ctrl Pts',(138.976480711516,31.5243991800582,17.3109756191625));
#6259=CARTESIAN_POINT('Ctrl Pts',(139.013144054862,31.4607702649597,17.2452086305397));
#6260=CARTESIAN_POINT('Ctrl Pts',(139.048063015164,31.3991926284091,17.1760128943874));
#6261=CARTESIAN_POINT('Ctrl Pts',(139.085894695001,31.3324785736088,17.1010452861419));
#6262=CARTESIAN_POINT('Ctrl Pts',(139.12167887799,31.2681725027847,17.0220530646668));
#6263=CARTESIAN_POINT('Ctrl Pts',(139.15492757239,31.2074878123485,16.9386594127926));
#6264=CARTESIAN_POINT('Ctrl Pts',(139.176058537758,31.1689200996889,16.8856591852228));
#6265=CARTESIAN_POINT('Ctrl Pts',(139.196166593612,31.1318156852307,16.8308811559305));
#6266=CARTESIAN_POINT('Ctrl Pts',(139.215136252211,31.0964902476854,16.7742285940868));
#6267=CARTESIAN_POINT('Ctrl Pts',(139.245105017372,31.0406821931279,16.6847273881037));
#6268=CARTESIAN_POINT('Ctrl Pts',(139.27223021939,30.9893104294214,16.5905476280421));
#6269=CARTESIAN_POINT('Ctrl Pts',(139.295633074732,30.9445043841934,16.4921070946543));
#6270=CARTESIAN_POINT('Ctrl Pts',(139.324234352651,30.8897456749124,16.3718001913821));
#6271=CARTESIAN_POINT('Ctrl Pts',(139.347283487231,30.8447975338242,16.2451294135571));
#6272=CARTESIAN_POINT('Ctrl Pts',(139.363212691868,30.8135560870871,16.1128573636309));
#6273=CARTESIAN_POINT('Ctrl Pts',(139.373425032065,30.7935269463002,16.0280566969897));
#6274=CARTESIAN_POINT('Ctrl Pts',(139.380711809054,30.7791317228429,15.9409537986201));
#6275=CARTESIAN_POINT('Ctrl Pts',(139.384632527105,30.7713818467398,15.8517496202494));
#6276=CARTESIAN_POINT('Ctrl Pts',(139.386827343688,30.7670434688299,15.8018131526511));
#6277=CARTESIAN_POINT('Ctrl Pts',(139.387966730282,30.7647872715155,15.7512181950766));
#6278=CARTESIAN_POINT('Ctrl Pts',(139.387966730282,30.7647872715155,15.7000000000003));
#6279=CARTESIAN_POINT('Origin',(136.500000156462,29.,15.7000000000003));
#6280=CARTESIAN_POINT('',(133.750000156462,29.,15.7000000000003));
#6281=CARTESIAN_POINT('Origin',(136.500000156462,29.,15.7000000000003));
#6282=CARTESIAN_POINT('',(133.750000156462,29.,15.7000000000003));
#6283=CARTESIAN_POINT('Origin',(129.037652918355,23.35,12.3500000000003));
#6284=CARTESIAN_POINT('',(129.037652918355,23.5,12.5000000000003));
#6285=CARTESIAN_POINT('Origin',(126.,24.,13.0000000000003));
#6286=CARTESIAN_POINT('Origin',(132.079473661428,23.5,19.2000000000003));
#6287=CARTESIAN_POINT('',(134.886888559862,23.5,15.7016801710382));
#6288=CARTESIAN_POINT('Origin',(136.536888559862,23.5,15.7016801710382));
#6289=CARTESIAN_POINT('Origin',(140.835165434136,24.6498591474861,19.2000000000003));
#6290=CARTESIAN_POINT('',(140.691664350565,24.5,12.5000000000003));
#6291=CARTESIAN_POINT('',(140.691664350565,24.5,19.2000000000003));
#6292=CARTESIAN_POINT('',(140.978666517707,24.7997182949721,12.2002817050282));
#6293=CARTESIAN_POINT('',(140.691664350565,24.5,12.5000000000003));
#6294=CARTESIAN_POINT('',(140.978666517707,24.7997182949721,19.2000000000003));
#6295=CARTESIAN_POINT('Origin',(133.493748262923,24.65,12.3500000000003));
#6296=CARTESIAN_POINT('',(140.978651474682,24.8,12.2000000000003));
#6297=CARTESIAN_POINT('',(132.047313453096,24.8,12.2000000000003));
#6298=CARTESIAN_POINT('Origin',(126.,24.,13.0000000000003));
#6299=CARTESIAN_POINT('',(133.493748262923,24.5,12.5000000000003));
#6300=CARTESIAN_POINT('Origin',(140.991664350565,24.5,19.2000000000003));
#6301=CARTESIAN_POINT('',(138.186888559862,24.5,15.7016801710382));
#6302=CARTESIAN_POINT('Origin',(136.536888559862,24.5,15.7016801710382));
#6303=CARTESIAN_POINT('Ctrl Pts',(138.198558000993,15.2710147957274,18.7516801710383));
#6304=CARTESIAN_POINT('Ctrl Pts',(138.897403221185,16.2476350731981,17.5171189665233));
#6305=CARTESIAN_POINT('Ctrl Pts',(139.475833478887,17.3053906299618,16.4908933742013));
#6306=CARTESIAN_POINT('Ctrl Pts',(139.919306807548,18.4095708574974,15.7016801710382));
#6307=CARTESIAN_POINT('Ctrl Pts',(138.128368720789,15.2957910167936,18.7305529380236));
#6308=CARTESIAN_POINT('Ctrl Pts',(138.830871487012,16.2677020307095,17.4976986034569));
#6309=CARTESIAN_POINT('Ctrl Pts',(139.413114753986,17.3214224455678,16.4729870177961));
#6310=CARTESIAN_POINT('Ctrl Pts',(139.859931445799,18.422217945883,15.6850145618245));
#6311=CARTESIAN_POINT('Ctrl Pts',(138.058179440585,15.3205672378598,18.709425705009));
#6312=CARTESIAN_POINT('Ctrl Pts',(138.76433975284,16.2877689882208,17.4782782403906));
#6313=CARTESIAN_POINT('Ctrl Pts',(139.350396029084,17.3374542611738,16.4550806613908));
#6314=CARTESIAN_POINT('Ctrl Pts',(139.800556084051,18.4348650342686,15.6683489526109));
#6315=CARTESIAN_POINT('Ctrl Pts',(137.987990160381,15.3453434589259,18.6882984719944));
#6316=CARTESIAN_POINT('Ctrl Pts',(138.697808018667,16.3078359457321,17.4588578773242));
#6317=CARTESIAN_POINT('Ctrl Pts',(139.287677304183,17.3534860767798,16.4371743049856));
#6318=CARTESIAN_POINT('Ctrl Pts',(139.741180722302,18.4475121226542,15.6516833433972));
#6319=CARTESIAN_POINT('',(138.074305930355,15.4636128029107,18.5387951729054));
#6320=CARTESIAN_POINT('',(139.712314595942,18.3783789976109,15.7016809408714));
#6321=CARTESIAN_POINT('Ctrl Pts',(139.712314595942,18.3783789976109,15.7016809408714));
#6322=CARTESIAN_POINT('Ctrl Pts',(139.487096423536,17.8428675365579,16.0917702582655));
#6323=CARTESIAN_POINT('Ctrl Pts',(139.238666098522,17.3417106077441,16.5220642033309));
#6324=CARTESIAN_POINT('Ctrl Pts',(138.69214220567,16.3690710216032,17.4686713533007));
#6325=CARTESIAN_POINT('Ctrl Pts',(138.388136082004,15.8981440831524,17.9952254053025));
#6326=CARTESIAN_POINT('Ctrl Pts',(138.074305930355,15.4636128029107,18.5387951729054));
#6327=CARTESIAN_POINT('',(139.919306806918,18.4095708559298,15.7016801710382));
#6328=CARTESIAN_POINT('Origin',(128.766028798228,28.7823401377262,15.7016801707934));
#6329=CARTESIAN_POINT('',(138.198558000993,15.2710147957274,18.7516801710383));
#6330=CARTESIAN_POINT('Ctrl Pts',(139.919306806603,18.409570855146,15.7016801727189));
#6331=CARTESIAN_POINT('Ctrl Pts',(139.475833478066,17.3053906284601,16.4908933756582));
#6332=CARTESIAN_POINT('Ctrl Pts',(138.897403220689,16.2476350725049,17.5171189673996));
#6333=CARTESIAN_POINT('Ctrl Pts',(138.198558000993,15.2710147957274,18.7516801710383));
#6334=CARTESIAN_POINT('Ctrl Pts',(138.074305930355,15.4636128029106,18.5387951729054));
#6335=CARTESIAN_POINT('Ctrl Pts',(138.094949874365,15.4316228742957,18.5741191500696));
#6336=CARTESIAN_POINT('Ctrl Pts',(138.115588734493,15.3996372979799,18.6094569286864));
#6337=CARTESIAN_POINT('Ctrl Pts',(138.157005495326,15.3354401132269,18.6804168486834));
#6338=CARTESIAN_POINT('Ctrl Pts',(138.177786544743,15.303223543814,18.7160447377498));
#6339=CARTESIAN_POINT('Ctrl Pts',(138.198558000993,15.2710147957274,18.7516801710383));
#6340=CARTESIAN_POINT('Origin',(126.,24.,12.8016801710382));
#6341=CARTESIAN_POINT('',(134.825483572828,11.8710742588763,12.6516801735268));
#6342=CARTESIAN_POINT('',(138.198558000993,15.2710147957276,12.6516801710383));
#6343=CARTESIAN_POINT('Origin',(126.,24.,12.6516801710382));
#6344=CARTESIAN_POINT('',(138.074305930355,15.4636128029108,12.8645651691711));
#6345=CARTESIAN_POINT('Ctrl Pts',(138.198558000993,15.2710147957276,12.6516801710383));
#6346=CARTESIAN_POINT('Ctrl Pts',(138.177786544728,15.3032235438374,12.6873156043524));
#6347=CARTESIAN_POINT('Ctrl Pts',(138.15700549531,15.3354401132518,12.7229434934205));
#6348=CARTESIAN_POINT('Ctrl Pts',(138.115588734477,15.399637298004,12.7939034134166));
#6349=CARTESIAN_POINT('Ctrl Pts',(138.094949874357,15.4316228743076,12.8292411920199));
#6350=CARTESIAN_POINT('Ctrl Pts',(138.074305930355,15.4636128029107,12.8645651691711));
#6351=CARTESIAN_POINT('',(138.124601800133,15.688319592995,12.9516801710382));
#6352=CARTESIAN_POINT('Ctrl Pts',(138.074305930355,15.4636128029088,12.8645651691703));
#6353=CARTESIAN_POINT('Ctrl Pts',(138.09978926939,15.5761163442225,12.9087036071262));
#6354=CARTESIAN_POINT('Ctrl Pts',(138.124601800133,15.688319592995,12.9516801710382));
#6355=CARTESIAN_POINT('',(134.949175319591,12.3379992668828,12.9516801710382));
#6356=CARTESIAN_POINT('Origin',(126.,24.,12.9516801710382));
#6357=CARTESIAN_POINT('',(134.97487754311,12.3016081842368,12.9071626140325));
#6358=CARTESIAN_POINT('',(134.949175319591,12.3379992668828,12.9516801710382));
#6359=CARTESIAN_POINT('Ctrl Pts',(134.974877543114,12.301608184238,12.9071626140279));
#6360=CARTESIAN_POINT('Ctrl Pts',(134.949551154689,12.2295273561785,12.8653892204977));
#6361=CARTESIAN_POINT('Ctrl Pts',(134.924438276547,12.1576098971526,12.8231992325016));
#6362=CARTESIAN_POINT('Ctrl Pts',(134.874641401687,12.0141028212969,12.7380274913095));
#6363=CARTESIAN_POINT('Ctrl Pts',(134.849955734701,11.9425083977615,12.695042887002));
#6364=CARTESIAN_POINT('Ctrl Pts',(134.825483571965,11.8710742597321,12.6516801746395));
#6365=CARTESIAN_POINT('Ctrl Pts',(139.919306807548,18.4095708574974,15.7016801710382));
#6366=CARTESIAN_POINT('Ctrl Pts',(139.475833478887,17.3053906299618,14.9124669678751));
#6367=CARTESIAN_POINT('Ctrl Pts',(138.897403221185,16.2476350731982,13.8862413755532));
#6368=CARTESIAN_POINT('Ctrl Pts',(138.198558000993,15.2710147957275,12.6516801710382));
#6369=CARTESIAN_POINT('Ctrl Pts',(139.859931445799,18.422217945883,15.7183457802519));
#6370=CARTESIAN_POINT('Ctrl Pts',(139.413114753986,17.3214224455678,14.9303733242804));
#6371=CARTESIAN_POINT('Ctrl Pts',(138.830871487012,16.2677020307095,13.9056617386195));
#6372=CARTESIAN_POINT('Ctrl Pts',(138.128368720789,15.2957910167937,12.6728074040528));
#6373=CARTESIAN_POINT('Ctrl Pts',(139.800556084051,18.4348650342686,15.7350113894656));
#6374=CARTESIAN_POINT('Ctrl Pts',(139.350396029084,17.3374542611738,14.9482796806856));
#6375=CARTESIAN_POINT('Ctrl Pts',(138.76433975284,16.2877689882208,13.9250821016859));
#6376=CARTESIAN_POINT('Ctrl Pts',(138.058179440585,15.3205672378599,12.6939346370675));
#6377=CARTESIAN_POINT('Ctrl Pts',(139.741180722302,18.4475121226542,15.7516769986792));
#6378=CARTESIAN_POINT('Ctrl Pts',(139.287677304183,17.3534860767798,14.9661860370909));
#6379=CARTESIAN_POINT('Ctrl Pts',(138.697808018667,16.3078359457322,13.9445024647522));
#6380=CARTESIAN_POINT('Ctrl Pts',(137.987990160381,15.345343458926,12.7150618700821));
#6381=CARTESIAN_POINT('Ctrl Pts',(139.712314595942,18.3783789976109,15.701679401205));
#6382=CARTESIAN_POINT('Ctrl Pts',(139.487096919451,17.842868715718,15.3115909427613));
#6383=CARTESIAN_POINT('Ctrl Pts',(139.238667194656,17.3417128200068,14.8812980373059));
#6384=CARTESIAN_POINT('Ctrl Pts',(138.692142201187,16.3690707285791,13.9346889810108));
#6385=CARTESIAN_POINT('Ctrl Pts',(138.388138080137,15.8981468497805,13.4081383976418));
#6386=CARTESIAN_POINT('Ctrl Pts',(138.074305930355,15.4636128029107,12.8645651691711));
#6387=CARTESIAN_POINT('Ctrl Pts',(138.198558000993,15.2710147957275,12.6516801710382));
#6388=CARTESIAN_POINT('Ctrl Pts',(138.897403220689,16.2476350725049,13.8862413746768));
#6389=CARTESIAN_POINT('Ctrl Pts',(139.475833478066,17.3053906284602,14.9124669664182));
#6390=CARTESIAN_POINT('Ctrl Pts',(139.919306806603,18.409570855146,15.7016801693576));
#6391=CARTESIAN_POINT('Ctrl Pts',(134.832429578329,11.8761314860374,12.6397928984673));
#6392=CARTESIAN_POINT('Ctrl Pts',(134.263727554223,11.4618230849534,13.6130536386184));
#6393=CARTESIAN_POINT('Ctrl Pts',(133.666300506825,11.0879303843154,14.6369849755216));
#6394=CARTESIAN_POINT('Ctrl Pts',(133.046002695405,10.7578760760845,15.7016801710382));
#6395=CARTESIAN_POINT('Ctrl Pts',(134.879912233257,12.0179570521044,12.7289161369874));
#6396=CARTESIAN_POINT('Ctrl Pts',(134.315755886835,11.6023144608246,13.6982235524248));
#6397=CARTESIAN_POINT('Ctrl Pts',(133.722508508977,11.2264870865736,14.718529710327));
#6398=CARTESIAN_POINT('Ctrl Pts',(133.106014755783,10.8940702526006,15.7798667936176));
#6399=CARTESIAN_POINT('Ctrl Pts',(134.927394888186,12.1597826181715,12.8180393755074));
#6400=CARTESIAN_POINT('Ctrl Pts',(134.367784219447,11.7428058366959,13.7833934662313));
#6401=CARTESIAN_POINT('Ctrl Pts',(133.77871651113,11.3650437888318,14.8000744451325));
#6402=CARTESIAN_POINT('Ctrl Pts',(133.166026816161,11.0302644291168,15.8580534161971));
#6403=CARTESIAN_POINT('Ctrl Pts',(134.974877543114,12.3016081842385,12.9071626140275));
#6404=CARTESIAN_POINT('Ctrl Pts',(134.419812552059,11.8832972125671,13.8685633800378));
#6405=CARTESIAN_POINT('Ctrl Pts',(133.834924513283,11.5036004910899,14.8816191799379));
#6406=CARTESIAN_POINT('Ctrl Pts',(133.226038876539,11.1664586056329,15.9362400387766));
#6407=CARTESIAN_POINT('',(133.046002695405,10.7578760760845,15.7016801710382));
#6408=CARTESIAN_POINT('Origin',(127.80957108084,21.1417510686343,25.0285734174393));
#6409=CARTESIAN_POINT('',(133.361462068195,11.2423687673461,15.7016801522926));
#6410=CARTESIAN_POINT('Ctrl Pts',(134.974877543111,12.301608184236,12.907162614033));
#6411=CARTESIAN_POINT('Ctrl Pts',(134.713948377674,12.1049653865632,13.3591051857465));
#6412=CARTESIAN_POINT('Ctrl Pts',(134.450393193162,11.9198424516141,13.8155961558345));
#6413=CARTESIAN_POINT('Ctrl Pts',(133.91268279013,11.5668265580495,14.7469378936443));
#6414=CARTESIAN_POINT('Ctrl Pts',(133.637661386793,11.3990888637232,15.2232889374782));
#6415=CARTESIAN_POINT('Ctrl Pts',(133.361462217133,11.2423688782831,15.701679932338));
#6416=CARTESIAN_POINT('Origin',(83.1404426575607,43.59700090974,15.6847181670205));
#6417=CARTESIAN_POINT('Ctrl Pts',(133.046002695405,10.7578760760845,15.7016801710382));
#6418=CARTESIAN_POINT('Ctrl Pts',(133.666300506825,11.0879303843154,16.7663753665548));
#6419=CARTESIAN_POINT('Ctrl Pts',(134.263727554223,11.4618230849534,17.790306703458));
#6420=CARTESIAN_POINT('Ctrl Pts',(134.832429578329,11.8761314860374,18.763567443609));
#6421=CARTESIAN_POINT('Ctrl Pts',(133.106014755783,10.8940702526006,15.6234935484587));
#6422=CARTESIAN_POINT('Ctrl Pts',(133.722508508977,11.2264870865736,16.6848306317493));
#6423=CARTESIAN_POINT('Ctrl Pts',(134.315755886835,11.6023144608246,17.7051367896515));
#6424=CARTESIAN_POINT('Ctrl Pts',(134.879912233257,12.0179570521044,18.674444205089));
#6425=CARTESIAN_POINT('Ctrl Pts',(133.166026816161,11.0302644291168,15.5453069258793));
#6426=CARTESIAN_POINT('Ctrl Pts',(133.77871651113,11.3650437888318,16.6032858969439));
#6427=CARTESIAN_POINT('Ctrl Pts',(134.367784219447,11.7428058366959,17.6199668758451));
#6428=CARTESIAN_POINT('Ctrl Pts',(134.927394888186,12.1597826181715,18.585320966569));
#6429=CARTESIAN_POINT('Ctrl Pts',(133.226038876539,11.1664586056329,15.4671203032998));
#6430=CARTESIAN_POINT('Ctrl Pts',(133.834924513283,11.5036004910899,16.5217411621384));
#6431=CARTESIAN_POINT('Ctrl Pts',(134.419812552059,11.8832972125671,17.5347969620386));
#6432=CARTESIAN_POINT('Ctrl Pts',(134.974877543114,12.3016081842385,18.4961977280489));
#6433=CARTESIAN_POINT('',(134.825483572828,11.8710742588764,18.7516801685496));
#6434=CARTESIAN_POINT('Origin',(127.809571080518,21.1417510691405,6.37478692404376));
#6435=CARTESIAN_POINT('',(134.97487754311,12.3016081842368,18.4961977280439));
#6436=CARTESIAN_POINT('Ctrl Pts',(133.361462061924,11.242368790215,15.7016801409087));
#6437=CARTESIAN_POINT('Ctrl Pts',(133.637658550326,11.3990872498867,16.1800664916926));
#6438=CARTESIAN_POINT('Ctrl Pts',(133.91267729018,11.5668232013578,16.6564129222391));
#6439=CARTESIAN_POINT('Ctrl Pts',(134.450387819035,11.9198386765849,17.5877548779811));
#6440=CARTESIAN_POINT('Ctrl Pts',(134.713945719159,12.104963383039,18.044250551646));
#6441=CARTESIAN_POINT('Ctrl Pts',(134.974877543111,12.3016081842361,18.4961977280434));
#6442=CARTESIAN_POINT('Ctrl Pts',(134.974877543114,12.301608184238,18.4961977280485));
#6443=CARTESIAN_POINT('Ctrl Pts',(134.949551154689,12.2295273561773,18.5379711215794));
#6444=CARTESIAN_POINT('Ctrl Pts',(134.924438276546,12.15760989715,18.5801611095764));
#6445=CARTESIAN_POINT('Ctrl Pts',(134.874641401686,12.0141028212958,18.6653328507676));
#6446=CARTESIAN_POINT('Ctrl Pts',(134.8499557347,11.9425083977593,18.7083174550758));
#6447=CARTESIAN_POINT('Ctrl Pts',(134.825483571965,11.8710742597322,18.751680167437));
#6448=CARTESIAN_POINT('Origin',(126.,24.,18.6016801710382));
#6449=CARTESIAN_POINT('Origin',(126.,24.,18.7516801710382));
#6450=CARTESIAN_POINT('',(134.949175319591,12.3379992668828,18.4516801710382));
#6451=CARTESIAN_POINT('',(134.974877543112,12.3016081842406,18.4961977280455));
#6452=CARTESIAN_POINT('',(138.124601800133,15.688319592995,18.4516801710382));
#6453=CARTESIAN_POINT('Origin',(126.,24.,18.4516801710382));
#6454=CARTESIAN_POINT('Ctrl Pts',(138.124601800133,15.688319592995,18.4516801710382));
#6455=CARTESIAN_POINT('Ctrl Pts',(138.09978926939,15.5761163442224,18.4946567349502));
#6456=CARTESIAN_POINT('Ctrl Pts',(138.074305930355,15.4636128029087,18.5387951729061));
#6457=CARTESIAN_POINT('Origin',(134.949175319591,20.1084360377848,18.4516801710382));
#6458=CARTESIAN_POINT('',(133.361462079319,20.1084360377848,15.7016801710382));
#6459=CARTESIAN_POINT('',(133.361462079319,20.1084360377848,15.7016801710382));
#6460=CARTESIAN_POINT('',(134.949175319591,20.1084360377848,18.4516801710382));
#6461=CARTESIAN_POINT('',(133.361462079319,20.1084360377848,15.7016801710382));
#6462=CARTESIAN_POINT('',(134.949175319591,20.1084360377848,18.4516801710382));
#6463=CARTESIAN_POINT('Origin',(133.361462079319,20.1084360377848,15.7016801710382));
#6464=CARTESIAN_POINT('',(134.949175319591,20.1084360377848,12.9516801710382));
#6465=CARTESIAN_POINT('',(134.949175319591,20.1084360377848,12.9516801710382));
#6466=CARTESIAN_POINT('',(134.949175319591,20.1084360377848,12.9516801710382));
#6467=CARTESIAN_POINT('Origin',(134.949175319591,20.1084360377848,12.9516801710382));
#6468=CARTESIAN_POINT('',(138.124601800133,20.1084360377848,12.9516801710382));
#6469=CARTESIAN_POINT('',(138.124601800133,20.1084360377848,12.9516801710382));
#6470=CARTESIAN_POINT('',(138.124601800133,20.1084360377848,12.9516801710382));
#6471=CARTESIAN_POINT('Origin',(136.500000156462,29.,15.7000000000003));
#6472=CARTESIAN_POINT('',(138.186888559862,29.,15.7016801710382));
#6473=CARTESIAN_POINT('Origin',(136.536888559862,29.,15.7016801710382));
#6474=CARTESIAN_POINT('Origin',(136.536888559862,34.6084360377848,15.7016801710382));
#6475=CARTESIAN_POINT('',(138.186888559862,34.6084360377848,15.7016801710382));
#6476=CARTESIAN_POINT('Origin',(138.124601800133,20.1084360377848,18.4516801710382));
#6477=CARTESIAN_POINT('',(138.124601800133,20.1084360377848,18.4516801710382));
#6478=CARTESIAN_POINT('',(134.949175319591,20.1084360377848,18.4516801710382));
#6479=CARTESIAN_POINT('',(138.124601800133,20.1084360377848,18.4516801710382));
#6480=CARTESIAN_POINT('Origin',(139.712315040405,20.1084360377848,15.7016801710382));
#6481=CARTESIAN_POINT('',(139.712315040405,20.1084360377848,15.7016801710382));
#6482=CARTESIAN_POINT('',(138.124601800133,20.1084360377848,18.4516801710382));
#6483=CARTESIAN_POINT('',(139.712315040405,20.1084360377848,15.7016801710382));
#6484=CARTESIAN_POINT('Origin',(138.124601800133,20.1084360377848,12.9516801710382));
#6485=CARTESIAN_POINT('',(139.712315040405,20.1084360377848,15.7016801710382));
#6486=CARTESIAN_POINT('Origin',(136.536888559862,20.1084360377848,15.7016801710382));
#6487=CARTESIAN_POINT('',(134.886888559862,20.1084360377848,15.7016801710382));
#6488=CARTESIAN_POINT('Origin',(136.536888559862,20.1084360377848,15.7016801710382));
#6489=CARTESIAN_POINT('Origin',(136.536888559862,16.6084360377848,15.7016801710382));
#6490=CARTESIAN_POINT('',(134.886888559862,16.6084360377848,15.7016801710382));
#6491=CARTESIAN_POINT('Ctrl Pts',(46.6012823215923,30.7648059511801,15.7000000000003));
#6492=CARTESIAN_POINT('Ctrl Pts',(46.6012824940337,30.7648059496795,15.2977980835937));
#6493=CARTESIAN_POINT('Ctrl Pts',(46.739336183973,31.0438994569676,14.5708791645355));
#6494=CARTESIAN_POINT('Ctrl Pts',(47.1526785077132,31.7777499605757,13.8123694324003));
#6495=CARTESIAN_POINT('Ctrl Pts',(47.6382403201153,32.529521542618,13.2946986847797));
#6496=CARTESIAN_POINT('Ctrl Pts',(48.3593507712296,33.5084389643925,12.8241674293734));
#6497=CARTESIAN_POINT('Ctrl Pts',(49.0864783328277,34.320207377358,12.6466159145431));
#6498=CARTESIAN_POINT('Ctrl Pts',(49.827400096692,35.0432895223629,12.6516104924199));
#6499=CARTESIAN_POINT('Ctrl Pts',(50.5251023128696,35.6549773125426,12.7911040922245));
#6500=CARTESIAN_POINT('Ctrl Pts',(51.220064632388,36.1763246865678,13.1753216490083));
#6501=CARTESIAN_POINT('Ctrl Pts',(51.6966102011408,36.5014424832077,13.6149272234411));
#6502=CARTESIAN_POINT('Ctrl Pts',(52.0154485438884,36.7066166771781,14.0229758148963));
#6503=CARTESIAN_POINT('Ctrl Pts',(52.279848299308,36.8681115918749,14.5175745064115));
#6504=CARTESIAN_POINT('Ctrl Pts',(52.5046127975139,36.9995974734659,15.2543876382455));
#6505=CARTESIAN_POINT('Ctrl Pts',(52.5302515594793,37.0141690861283,16.1909020991625));
#6506=CARTESIAN_POINT('Ctrl Pts',(52.1953477160673,36.8198507485282,17.1169799825));
#6507=CARTESIAN_POINT('Ctrl Pts',(51.7781461673792,36.5552534901596,17.6929933245868));
#6508=CARTESIAN_POINT('Ctrl Pts',(51.3201301165393,36.2471952076877,18.1516722360977));
#6509=CARTESIAN_POINT('Ctrl Pts',(50.6322153429716,35.7421108891973,18.5706179158685));
#6510=CARTESIAN_POINT('Ctrl Pts',(49.788052928734,35.0141526403074,18.7682696281549));
#6511=CARTESIAN_POINT('Ctrl Pts',(49.0570394322765,34.2887598950004,18.7483481853373));
#6512=CARTESIAN_POINT('Ctrl Pts',(48.3382652359863,33.4688496120651,18.5453123296094));
#6513=CARTESIAN_POINT('Ctrl Pts',(47.8184950706486,32.7785517034583,18.2339621635978));
#6514=CARTESIAN_POINT('Ctrl Pts',(47.4567630053489,32.2468569497076,17.9106480702317));
#6515=CARTESIAN_POINT('Ctrl Pts',(47.2593566490104,31.936322170907,17.6829616624902));
#6516=CARTESIAN_POINT('Ctrl Pts',(47.033930521826,31.5650681776753,17.36559480303));
#6517=CARTESIAN_POINT('Ctrl Pts',(46.8972858060748,31.3234748451426,17.1070855482618));
#6518=CARTESIAN_POINT('Ctrl Pts',(46.7507614715717,31.0541164418882,16.7209186181748));
#6519=CARTESIAN_POINT('Ctrl Pts',(46.6980406886159,30.9535376995937,16.5392731314289));
#6520=CARTESIAN_POINT('Ctrl Pts',(46.6231964773876,30.8084778231977,16.1424890994498));
#6521=CARTESIAN_POINT('Ctrl Pts',(46.6012823408885,30.7648059493148,15.9262773390331));
#6522=CARTESIAN_POINT('Ctrl Pts',(46.6012823215923,30.7648059511801,15.7000000000003));
#6523=CARTESIAN_POINT('Ctrl Pts',(46.6473622442097,30.7535814318613,15.7000000000003));
#6524=CARTESIAN_POINT('Ctrl Pts',(46.6472586247983,30.7535823335464,15.3005293733858));
#6525=CARTESIAN_POINT('Ctrl Pts',(46.7964014744106,31.0297376168215,14.5803866188955));
#6526=CARTESIAN_POINT('Ctrl Pts',(47.2270520483681,31.7554285952762,13.8387237620905));
#6527=CARTESIAN_POINT('Ctrl Pts',(47.722777621963,32.4977259269321,13.3397245913858));
#6528=CARTESIAN_POINT('Ctrl Pts',(48.4483480634567,33.4621483404022,12.8950380079628));
#6529=CARTESIAN_POINT('Ctrl Pts',(49.1669296223232,34.2581991999681,12.740084180108));
#6530=CARTESIAN_POINT('Ctrl Pts',(49.8890944728223,34.9638264181787,12.7624790185516));
#6531=CARTESIAN_POINT('Ctrl Pts',(50.5621640843475,35.5581382108553,12.9135119436768));
#6532=CARTESIAN_POINT('Ctrl Pts',(51.2212100506362,36.0607474757846,13.2956349930726));
#6533=CARTESIAN_POINT('Ctrl Pts',(51.6681635406956,36.3726237471603,13.721859575003));
#6534=CARTESIAN_POINT('Ctrl Pts',(51.9653681056618,36.5689086869654,14.1132785746579));
#6535=CARTESIAN_POINT('Ctrl Pts',(52.2103363638429,36.722988254547,14.583676203597));
#6536=CARTESIAN_POINT('Ctrl Pts',(52.4178451704748,36.8483115452144,15.2804261261511));
#6537=CARTESIAN_POINT('Ctrl Pts',(52.4413734432386,36.8621498061409,16.1620113402316));
#6538=CARTESIAN_POINT('Ctrl Pts',(52.1325353314482,36.6770730890481,17.0380875068883));
#6539=CARTESIAN_POINT('Ctrl Pts',(51.7443848276181,36.4241820879681,17.5895553113413));
#6540=CARTESIAN_POINT('Ctrl Pts',(51.3154726885151,36.1288634783798,18.032808237254));
#6541=CARTESIAN_POINT('Ctrl Pts',(50.6646126328643,35.6425059743352,18.4473938347538));
#6542=CARTESIAN_POINT('Ctrl Pts',(49.8517179740922,34.9357248046311,18.6575040998814));
#6543=CARTESIAN_POINT('Ctrl Pts',(49.1377731528712,34.227364399885,18.6559748213083));
#6544=CARTESIAN_POINT('Ctrl Pts',(48.4264241241999,33.422960489374,18.4753513295407));
#6545=CARTESIAN_POINT('Ctrl Pts',(47.9044721289324,32.7431599361555,18.1824630093805));
#6546=CARTESIAN_POINT('Ctrl Pts',(47.5373917293501,32.2186277630055,17.8726698526844));
#6547=CARTESIAN_POINT('Ctrl Pts',(47.3353815536484,31.9119336545055,17.6525820584601));
#6548=CARTESIAN_POINT('Ctrl Pts',(47.1032408173656,31.5450884337937,17.3440883332211));
#6549=CARTESIAN_POINT('Ctrl Pts',(46.960858798884,31.3061962320798,17.0911650456483));
#6550=CARTESIAN_POINT('Ctrl Pts',(46.8068045803899,31.0397830724884,16.7112455656587));
#6551=CARTESIAN_POINT('Ctrl Pts',(46.7508563172551,30.9402879912839,16.5319616912686));
#6552=CARTESIAN_POINT('Ctrl Pts',(46.6709745647923,30.7967856631091,16.1391863580592));
#6553=CARTESIAN_POINT('Ctrl Pts',(46.6473506491516,30.7535825526835,15.924628759268));
#6554=CARTESIAN_POINT('Ctrl Pts',(46.6473622442097,30.7535814318613,15.7000000000003));
#6555=CARTESIAN_POINT('Ctrl Pts',(46.6934421668271,30.7423569125423,15.7000000000003));
#6556=CARTESIAN_POINT('Ctrl Pts',(46.6935460557672,30.7423560085117,15.3039391456049));
#6557=CARTESIAN_POINT('Ctrl Pts',(46.853503312537,31.0155430684695,14.5897700017148));
#6558=CARTESIAN_POINT('Ctrl Pts',(47.3015456989902,31.7331324472651,13.8652361432116));
#6559=CARTESIAN_POINT('Ctrl Pts',(47.8072896936354,32.4659669303165,13.3846518121164));
#6560=CARTESIAN_POINT('Ctrl Pts',(48.537632670118,33.4159595156567,12.9658447898879));
#6561=CARTESIAN_POINT('Ctrl Pts',(49.2470627083792,34.1960742166992,12.8334243694571));
#6562=CARTESIAN_POINT('Ctrl Pts',(49.9507691002126,34.8843541798483,12.8732368248966));
#6563=CARTESIAN_POINT('Ctrl Pts',(50.5989786372336,35.4612459070432,13.0357139345075));
#6564=CARTESIAN_POINT('Ctrl Pts',(51.2222883287552,35.9451385161127,13.4157871880525));
#6565=CARTESIAN_POINT('Ctrl Pts',(51.6398055431123,36.2438506233857,13.8286756154329));
#6566=CARTESIAN_POINT('Ctrl Pts',(51.9152632603745,36.4311919483403,14.2034302652778));
#6567=CARTESIAN_POINT('Ctrl Pts',(52.1410489283544,36.577968935678,14.649678489607));
#6568=CARTESIAN_POINT('Ctrl Pts',(52.3310274546423,36.6969965728513,15.3063514813994));
#6569=CARTESIAN_POINT('Ctrl Pts',(52.352615190616,36.710163027068,16.1334137753726));
#6570=CARTESIAN_POINT('Ctrl Pts',(52.069973265763,36.5343857078472,16.9595116820813));
#6571=CARTESIAN_POINT('Ctrl Pts',(51.7106227344991,36.293099650477,17.48616208296));
#6572=CARTESIAN_POINT('Ctrl Pts',(51.3107136400165,36.010495035919,17.9143602224432));
#6573=CARTESIAN_POINT('Ctrl Pts',(50.6968886632242,35.5428019775091,18.3242243450162));
#6574=CARTESIAN_POINT('Ctrl Pts',(49.9154130130037,34.8573793540976,18.5469925911765));
#6575=CARTESIAN_POINT('Ctrl Pts',(49.2185039458038,34.165904906049,18.5635332771709));
#6576=CARTESIAN_POINT('Ctrl Pts',(48.5145644868975,33.3770443736449,18.4054001025273));
#6577=CARTESIAN_POINT('Ctrl Pts',(47.9905412259147,32.707768839254,18.1309067512253));
#6578=CARTESIAN_POINT('Ctrl Pts',(47.6180156152516,32.1903371080509,17.8346046504532));
#6579=CARTESIAN_POINT('Ctrl Pts',(47.4114208520833,31.887541191568,17.622177189841));
#6580=CARTESIAN_POINT('Ctrl Pts',(47.1724775216431,31.5251139487097,17.3226084650192));
#6581=CARTESIAN_POINT('Ctrl Pts',(47.0244256415909,31.2889117576276,17.0752144511259));
#6582=CARTESIAN_POINT('Ctrl Pts',(46.8628544289307,31.0254541458531,16.7015917596191));
#6583=CARTESIAN_POINT('Ctrl Pts',(46.8036672531042,30.9270374110375,16.5246352489005));
#6584=CARTESIAN_POINT('Ctrl Pts',(46.718767983561,30.7850938545223,16.1358913058641));
#6585=CARTESIAN_POINT('Ctrl Pts',(46.6934537920456,30.7423557888047,15.9229342886754));
#6586=CARTESIAN_POINT('Ctrl Pts',(46.6934421668271,30.7423569125423,15.7000000000003));
#6587=CARTESIAN_POINT('Ctrl Pts',(46.7395220894445,30.7311323932235,15.7000000000003));
#6588=CARTESIAN_POINT('Ctrl Pts',(46.7395216464077,30.7311323970788,15.3066692581902));
#6589=CARTESIAN_POINT('Ctrl Pts',(46.9105685395623,31.0013812850741,14.5992776713461));
#6590=CARTESIAN_POINT('Ctrl Pts',(47.3759190312474,31.7108110382121,13.8915901986733));
#6591=CARTESIAN_POINT('Ctrl Pts',(47.891827039258,32.4341712510942,13.4296778899483));
#6592=CARTESIAN_POINT('Ctrl Pts',(48.6266294638387,33.3696687150387,13.0367154791682));
#6593=CARTESIAN_POINT('Ctrl Pts',(49.3275145499774,34.1340662419744,12.9268928572417));
#6594=CARTESIAN_POINT('Ctrl Pts',(50.0124635106081,34.8048910915125,12.9841055431337));
#6595=CARTESIAN_POINT('Ctrl Pts',(50.6360408376504,35.3644068976647,13.1581221431401));
#6596=CARTESIAN_POINT('Ctrl Pts',(51.2234338634945,35.8295613604156,13.5361008117199));
#6597=CARTESIAN_POINT('Ctrl Pts',(51.6113587288318,36.1150318081983,13.9356081688014));
#6598=CARTESIAN_POINT('Ctrl Pts',(51.8651828644956,36.2934839733065,14.2937332871532));
#6599=CARTESIAN_POINT('Ctrl Pts',(52.0715366033678,36.432845417872,14.7157803592768));
#6600=CARTESIAN_POINT('Ctrl Pts',(52.2442599145093,36.545710694993,15.3323901655969));
#6601=CARTESIAN_POINT('Ctrl Pts',(52.263736866404,36.5581436906896,16.1045225077327));
#6602=CARTESIAN_POINT('Ctrl Pts',(52.0071604468259,36.3916078917289,16.8806186570618));
#6603=CARTESIAN_POINT('Ctrl Pts',(51.6768613960441,36.1620282674324,17.3827239920101));
#6604=CARTESIAN_POINT('Ctrl Pts',(51.3060563883099,35.8921633703107,17.7954955018428));
#6605=CARTESIAN_POINT('Ctrl Pts',(50.7292861635093,35.4431972345601,18.2010001691823));
#6606=CARTESIAN_POINT('Ctrl Pts',(49.9790780063213,34.7789513754782,18.4362266221642));
#6607=CARTESIAN_POINT('Ctrl Pts',(49.2992376714782,34.1045095219751,18.4711600314384));
#6608=CARTESIAN_POINT('Ctrl Pts',(48.6027234072539,33.3311552977882,18.3354390855018));
#6609=CARTESIAN_POINT('Ctrl Pts',(48.076518124507,32.6723770707881,18.0794076960867));
#6610=CARTESIAN_POINT('Ctrl Pts',(47.6986443476471,32.1621080279998,17.7966265838295));
#6611=CARTESIAN_POINT('Ctrl Pts',(47.4874457317463,31.863152682014,17.5917976296465));
#6612=CARTESIAN_POINT('Ctrl Pts',(47.2417879448678,31.5051341957039,17.301101949055));
#6613=CARTESIAN_POINT('Ctrl Pts',(47.0879986450708,31.2716331547347,17.0592940007237));
#6614=CARTESIAN_POINT('Ctrl Pts',(46.9188975260551,31.0111207687448,16.6919186737092));
#6615=CARTESIAN_POINT('Ctrl Pts',(46.8564828898866,30.9137877042406,16.5173238347699));
#6616=CARTESIAN_POINT('Ctrl Pts',(46.7665460443659,30.7734016938238,16.1325885511324));
#6617=CARTESIAN_POINT('Ctrl Pts',(46.7395220398685,30.7311323980157,15.9212857885336));
#6618=CARTESIAN_POINT('Ctrl Pts',(46.7395220894445,30.7311323932235,15.7000000000003));
#6619=CARTESIAN_POINT('',(46.7393255808787,30.7311802603654,15.7000000000003));
#6620=CARTESIAN_POINT('',(46.6013590070586,30.7647872715155,15.7000000000003));
#6621=CARTESIAN_POINT('',(52.2393255183735,36.5430175603565,15.6994136737019));
#6622=CARTESIAN_POINT('Ctrl Pts',(46.7393255808787,30.7311802603654,15.7000000000003));
#6623=CARTESIAN_POINT('Ctrl Pts',(46.7393255808787,30.7311802603654,15.6250812932158));
#6624=CARTESIAN_POINT('Ctrl Pts',(46.7423880365277,30.7360824837633,15.5514848071007));
#6625=CARTESIAN_POINT('Ctrl Pts',(46.7481839195435,30.7453033936118,15.4794497959811));
#6626=CARTESIAN_POINT('Ctrl Pts',(46.7543424161598,30.7551012004249,15.4029079867316));
#6627=CARTESIAN_POINT('Ctrl Pts',(46.7635865926479,30.7697749866838,15.3281295278706));
#6628=CARTESIAN_POINT('Ctrl Pts',(46.7755133599361,30.788624694994,15.2553391972946));
#6629=CARTESIAN_POINT('Ctrl Pts',(46.7872046781282,30.8071022868139,15.1839858376201));
#6630=CARTESIAN_POINT('Ctrl Pts',(46.8014732259124,30.8295925524067,15.1145424043838));
#6631=CARTESIAN_POINT('Ctrl Pts',(46.8179390368985,30.8554360812813,15.0471646971547));
#6632=CARTESIAN_POINT('Ctrl Pts',(46.8349022503481,30.8820602965697,14.9777516308661));
#6633=CARTESIAN_POINT('Ctrl Pts',(46.8541970063382,30.912243427187,14.9105308941731));
#6634=CARTESIAN_POINT('Ctrl Pts',(46.8754149272776,30.9452644804529,14.8456165410132));
#6635=CARTESIAN_POINT('Ctrl Pts',(46.896632848217,30.9782855337187,14.7807021878533));
#6636=CARTESIAN_POINT('Ctrl Pts',(46.9197735605339,31.0141445096332,14.7180938109714));
#6637=CARTESIAN_POINT('Ctrl Pts',(46.9444420713693,31.0521204155161,14.6578541738191));
#6638=CARTESIAN_POINT('Ctrl Pts',(46.9680628780435,31.0884834346349,14.6001729934349));
#6639=CARTESIAN_POINT('Ctrl Pts',(46.9930634003062,31.1267873846571,14.54470628185));
#6640=CARTESIAN_POINT('Ctrl Pts',(47.0191705653049,31.1666698329123,14.4913502579181));
#6641=CARTESIAN_POINT('Ctrl Pts',(47.0463643067523,31.2082121829223,14.4357735639514));
#6642=CARTESIAN_POINT('Ctrl Pts',(47.0747586357651,31.2514671591981,14.3824864323715));
#6643=CARTESIAN_POINT('Ctrl Pts',(47.1040992758714,31.2960251663222,14.3313526846188));
#6644=CARTESIAN_POINT('Ctrl Pts',(47.134100931109,31.3415870205616,14.2790669449236));
#6645=CARTESIAN_POINT('Ctrl Pts',(47.1650921579152,31.3885112789606,14.2290321969305));
#6646=CARTESIAN_POINT('Ctrl Pts',(47.1968561153722,31.4363600344217,14.1810912635318));
#6647=CARTESIAN_POINT('Ctrl Pts',(47.2297736502535,31.4859465218438,14.1314092505291));
#6648=CARTESIAN_POINT('Ctrl Pts',(47.2635211414817,31.5365258759382,14.0839754109717));
#6649=CARTESIAN_POINT('Ctrl Pts',(47.2979141332796,31.5876107252595,14.0386102602548));
#6650=CARTESIAN_POINT('Ctrl Pts',(47.3259382591866,31.6292357242631,14.0016457907795));
#6651=CARTESIAN_POINT('Ctrl Pts',(47.3543921296826,31.6711963382164,13.966054620424));
#6652=CARTESIAN_POINT('Ctrl Pts',(47.3832014110147,31.7132289057893,13.9317406917781));
#6653=CARTESIAN_POINT('Ctrl Pts',(47.4154230934286,31.7602401459436,13.8933623477139));
#6654=CARTESIAN_POINT('Ctrl Pts',(47.448045846357,31.8073413947427,13.8566298321168));
#6655=CARTESIAN_POINT('Ctrl Pts',(47.4810678577063,31.8546147498848,13.8213300137286));
#6656=CARTESIAN_POINT('Ctrl Pts',(47.5150327503843,31.9032379066317,13.7850222755224));
#6657=CARTESIAN_POINT('Ctrl Pts',(47.5494203095925,31.9520431383815,13.750229844992));
#6658=CARTESIAN_POINT('Ctrl Pts',(47.5842775396061,32.001119777977,13.7167471264506));
#6659=CARTESIAN_POINT('Ctrl Pts',(47.619522643618,32.0507425181208,13.682891828794));
#6660=CARTESIAN_POINT('Ctrl Pts',(47.6552483221274,32.1006427399008,13.6503752558616));
#6661=CARTESIAN_POINT('Ctrl Pts',(47.6915471544226,32.1509127916216,13.6190164033881));
#6662=CARTESIAN_POINT('Ctrl Pts',(47.7281679596203,32.201628741831,13.5873793959408));
#6663=CARTESIAN_POINT('Ctrl Pts',(47.7653725035738,32.252721111908,13.5569204365497));
#6664=CARTESIAN_POINT('Ctrl Pts',(47.8032945532593,32.3042847294249,13.5274900750737));
#6665=CARTESIAN_POINT('Ctrl Pts',(47.8380674448202,32.3515663530522,13.5005036970512));
#6666=CARTESIAN_POINT('Ctrl Pts',(47.8734442757597,32.3992442063656,13.4743824216278));
#6667=CARTESIAN_POINT('Ctrl Pts',(47.9095524926445,32.4473914001831,13.4490408733854));
#6668=CARTESIAN_POINT('Ctrl Pts',(47.9642527532177,32.5203294811767,13.4106510161236));
#6669=CARTESIAN_POINT('Ctrl Pts',(48.0205902543026,32.5943446589834,13.3740933673842));
#6670=CARTESIAN_POINT('Ctrl Pts',(48.0783296322953,32.669009990306,13.339578335746));
#6671=CARTESIAN_POINT('Ctrl Pts',(48.1360073546638,32.7435955920271,13.3051001601649));
#6672=CARTESIAN_POINT('Ctrl Pts',(48.1950835337506,32.8188299595034,13.2726605683962));
#6673=CARTESIAN_POINT('Ctrl Pts',(48.2552927497288,32.8942875156818,13.2424274229145));
#6674=CARTESIAN_POINT('Ctrl Pts',(48.3155104034772,32.9697556465457,13.2121900405343));
#6675=CARTESIAN_POINT('Ctrl Pts',(48.3768609337999,33.0454470286718,13.1841599755197));
#6676=CARTESIAN_POINT('Ctrl Pts',(48.4390547742527,33.1209359060594,13.1584588862764));
#6677=CARTESIAN_POINT('Ctrl Pts',(48.4693956840249,33.1577627236501,13.1459207567108));
#6678=CARTESIAN_POINT('Ctrl Pts',(48.4999369764821,33.1945413467232,13.1339361811902));
#6679=CARTESIAN_POINT('Ctrl Pts',(48.5306434984372,33.2312223437037,13.1225150505185));
#6680=CARTESIAN_POINT('Ctrl Pts',(48.6162181468175,33.3334469923774,13.0906860064226));
#6681=CARTESIAN_POINT('Ctrl Pts',(48.7031991594201,33.4349134216402,13.0631896852703));
#6682=CARTESIAN_POINT('Ctrl Pts',(48.7911236763869,33.5352033121065,13.0401101337532));
#6683=CARTESIAN_POINT('Ctrl Pts',(48.8792471191296,33.6357201045218,13.0169783656548));
#6684=CARTESIAN_POINT('Ctrl Pts',(48.9683179211178,33.7350550283725,12.998283359193));
#6685=CARTESIAN_POINT('Ctrl Pts',(49.0578690533605,33.8327869185504,12.9840572051569));
#6686=CARTESIAN_POINT('Ctrl Pts',(49.1478092730316,33.9309434404317,12.9697692404261));
#6687=CARTESIAN_POINT('Ctrl Pts',(49.2382335885391,34.0274829684542,12.9599889937106));
#6688=CARTESIAN_POINT('Ctrl Pts',(49.3286741385615,34.1219788239088,12.9546965351569));
#6689=CARTESIAN_POINT('Ctrl Pts',(49.4041579219088,34.2008472593461,12.9502793263413));
#6690=CARTESIAN_POINT('Ctrl Pts',(49.4796529960787,34.2782920808019,12.948987321207));
#6691=CARTESIAN_POINT('Ctrl Pts',(49.5548932627847,34.3540652193505,12.9507817694683));
#6692=CARTESIAN_POINT('Ctrl Pts',(49.5983460824008,34.3978257835436,12.951818100678));
#6693=CARTESIAN_POINT('Ctrl Pts',(49.6416953091121,34.4410287908626,12.9538784082738));
#6694=CARTESIAN_POINT('Ctrl Pts',(49.6851773964239,34.4838869240922,12.9569830357167));
#6695=CARTESIAN_POINT('Ctrl Pts',(49.7282089601263,34.5263009985825,12.9600554957075));
#6696=CARTESIAN_POINT('Ctrl Pts',(49.7713710530281,34.5683773085314,12.9641507960837));
#6697=CARTESIAN_POINT('Ctrl Pts',(49.8148865506331,34.6103219940808,12.9693388978178));
#6698=CARTESIAN_POINT('Ctrl Pts',(49.8436717487862,34.6380681110152,12.9727707909289));
#6699=CARTESIAN_POINT('Ctrl Pts',(49.8726114526181,34.6657566326633,12.9766818835477));
#6700=CARTESIAN_POINT('Ctrl Pts',(49.9017672734851,34.6934472265988,12.9811046636183));
#6701=CARTESIAN_POINT('Ctrl Pts',(49.9617534147255,34.7504187619371,12.9902042362628));
#6702=CARTESIAN_POINT('Ctrl Pts',(50.0226249175069,34.8073990693294,13.0014724294195));
#6703=CARTESIAN_POINT('Ctrl Pts',(50.0840582452186,34.8640741916125,13.015080437338));
#6704=CARTESIAN_POINT('Ctrl Pts',(50.1449326132107,34.9202336473731,13.0285646308942));
#6705=CARTESIAN_POINT('Ctrl Pts',(50.2063581849127,34.9760934462985,13.0443465371075));
#6706=CARTESIAN_POINT('Ctrl Pts',(50.2680011488388,35.031348123238,13.0625458563493));
#6707=CARTESIAN_POINT('Ctrl Pts',(50.3289705933011,35.0859990800121,13.0805463273373));
#6708=CARTESIAN_POINT('Ctrl Pts',(50.39015221292,35.140058065852,13.1009118337695));
#6709=CARTESIAN_POINT('Ctrl Pts',(50.4512112911612,35.1932295192683,13.1237088906041));
#6710=CARTESIAN_POINT('Ctrl Pts',(50.5107430241906,35.2450709302548,13.1459356968452));
#6711=CARTESIAN_POINT('Ctrl Pts',(50.5701577770495,35.2960686553412,13.1704738622402));
#6712=CARTESIAN_POINT('Ctrl Pts',(50.6291413887962,35.3459487625758,13.1973374330486));
#6713=CARTESIAN_POINT('Ctrl Pts',(50.6897345196822,35.3971899764787,13.2249340452916));
#6714=CARTESIAN_POINT('Ctrl Pts',(50.7499117367572,35.4472517461995,13.2550033536497));
#6715=CARTESIAN_POINT('Ctrl Pts',(50.8093208030783,35.4959775755919,13.2875090438784));
#6716=CARTESIAN_POINT('Ctrl Pts',(50.866784069303,35.543107508442,13.3189500889427));
#6717=CARTESIAN_POINT('Ctrl Pts',(50.9235281906863,35.588987578839,13.3526701886593));
#6718=CARTESIAN_POINT('Ctrl Pts',(50.9792459221298,35.6334761694571,13.3885854165199));
#6719=CARTESIAN_POINT('Ctrl Pts',(51.0348318968698,35.6778595571193,13.4244157150069));
#6720=CARTESIAN_POINT('Ctrl Pts',(51.0893958263634,35.7208580381352,13.4624305963528));
#6721=CARTESIAN_POINT('Ctrl Pts',(51.1426516990798,35.7623309974601,13.5024985217587));
#6722=CARTESIAN_POINT('Ctrl Pts',(51.195817791793,35.8037340406944,13.5424988997134));
#6723=CARTESIAN_POINT('Ctrl Pts',(51.2476797670138,35.8436167014229,13.5845451416914));
#6724=CARTESIAN_POINT('Ctrl Pts',(51.2979793631932,35.8818390745589,13.6284615630605));
#6725=CARTESIAN_POINT('Ctrl Pts',(51.30343359803,35.8859837161651,13.6332236385746));
#6726=CARTESIAN_POINT('Ctrl Pts',(51.3088694916538,35.8901088358754,13.6380076629028));
#6727=CARTESIAN_POINT('Ctrl Pts',(51.3142867369232,35.8942142553119,13.6428133825714));
#6728=CARTESIAN_POINT('Ctrl Pts',(51.3570334990629,35.9266095742251,13.6807346775043));
#6729=CARTESIAN_POINT('Ctrl Pts',(51.3986277959339,35.9577782401636,13.7200087446012));
#6730=CARTESIAN_POINT('Ctrl Pts',(51.4391395584452,35.9878098018025,13.7607410041758));
#6731=CARTESIAN_POINT('Ctrl Pts',(51.4792223520856,36.0175233667835,13.8010419600917));
#6732=CARTESIAN_POINT('Ctrl Pts',(51.5182457820822,36.0461237809941,13.8427708221895));
#6733=CARTESIAN_POINT('Ctrl Pts',(51.5562375099089,36.0736977784987,13.8860608947291));
#6734=CARTESIAN_POINT('Ctrl Pts',(51.5730164819035,36.0858757803528,13.9051798702623));
#6735=CARTESIAN_POINT('Ctrl Pts',(51.5895936565821,36.0978535765613,13.9246037370562));
#6736=CARTESIAN_POINT('Ctrl Pts',(51.6059685986415,36.1096386388103,13.9443456105045));
#6737=CARTESIAN_POINT('Ctrl Pts',(51.6514313739671,36.1423582438802,13.9991562079301));
#6738=CARTESIAN_POINT('Ctrl Pts',(51.6953326762371,36.1735922191986,14.0564103965507));
#6739=CARTESIAN_POINT('Ctrl Pts',(51.7374734541039,36.2032688586867,14.1162288233106));
#6740=CARTESIAN_POINT('Ctrl Pts',(51.7764829252398,36.2307403499626,14.17160239044));
#6741=CARTESIAN_POINT('Ctrl Pts',(51.8139834905137,36.2568773451508,14.2291738573385));
#6742=CARTESIAN_POINT('Ctrl Pts',(51.8497665272042,36.2816229643914,14.2890363084371));
#6743=CARTESIAN_POINT('Ctrl Pts',(51.8526388466788,36.2836093057037,14.2938414926806));
#6744=CARTESIAN_POINT('Ctrl Pts',(51.855500071846,36.2855866819066,14.2986614343427));
#6745=CARTESIAN_POINT('Ctrl Pts',(51.8583500801348,36.2875550635814,14.3034961790516));
#6746=CARTESIAN_POINT('Ctrl Pts',(51.8871491779646,36.3074453974592,14.3523508741065));
#6747=CARTESIAN_POINT('Ctrl Pts',(51.9147964366478,36.3264173058979,14.4027142875601));
#6748=CARTESIAN_POINT('Ctrl Pts',(51.9410484044695,36.3443329687256,14.4543856149342));
#6749=CARTESIAN_POINT('Ctrl Pts',(51.9670924576121,36.362106740122,14.5056477071787));
#6750=CARTESIAN_POINT('Ctrl Pts',(51.9917628779516,36.3788409305111,14.5581967250121));
#6751=CARTESIAN_POINT('Ctrl Pts',(52.0148606500888,36.3944009684479,14.6118030443944));
#6752=CARTESIAN_POINT('Ctrl Pts',(52.0304958271005,36.404933756892,14.6480898467542));
#6753=CARTESIAN_POINT('Ctrl Pts',(52.0454112100262,36.4149285358799,14.6848604177192));
#6754=CARTESIAN_POINT('Ctrl Pts',(52.0595564128471,36.4243435655461,14.7220360587434));
#6755=CARTESIAN_POINT('Ctrl Pts',(52.0794078599251,36.4375566643981,14.7742085358528));
#6756=CARTESIAN_POINT('Ctrl Pts',(52.097749500791,36.449627920676,14.8272045992291));
#6757=CARTESIAN_POINT('Ctrl Pts',(52.1144619201382,36.4605813507231,14.8807569345436));
#6758=CARTESIAN_POINT('Ctrl Pts',(52.1311826882778,36.4715402526238,14.9343360222579));
#6759=CARTESIAN_POINT('Ctrl Pts',(52.1462724373003,36.4813802111808,14.9884714741482));
#6760=CARTESIAN_POINT('Ctrl Pts',(52.159661148839,36.490125278748,15.0428790412067));
#6761=CARTESIAN_POINT('Ctrl Pts',(52.1707114664115,36.4973429840165,15.0877841011597));
#6762=CARTESIAN_POINT('Ctrl Pts',(52.1806039382378,36.5038148541627,15.1328740953245));
#6763=CARTESIAN_POINT('Ctrl Pts',(52.1893254923308,36.5095544119521,15.1779842165621));
#6764=CARTESIAN_POINT('Ctrl Pts',(52.2028447848209,36.5184513080431,15.2479094749245));
#6765=CARTESIAN_POINT('Ctrl Pts',(52.2135545476347,36.5255885936815,15.3178558818043));
#6766=CARTESIAN_POINT('Ctrl Pts',(52.2215477427727,36.5309489894035,15.3878108617281));
#6767=CARTESIAN_POINT('Ctrl Pts',(52.2296348479899,36.5363723630935,15.4585877254662));
#6768=CARTESIAN_POINT('Ctrl Pts',(52.2349413647997,36.5399768491142,15.5293741305713));
#6769=CARTESIAN_POINT('Ctrl Pts',(52.2375131196564,36.5417445517821,15.6001738926604));
#6770=CARTESIAN_POINT('Ctrl Pts',(52.2387146034397,36.5425703949155,15.6332504379565));
#6771=CARTESIAN_POINT('Ctrl Pts',(52.2393184646315,36.5429953393709,15.6663300645422));
#6772=CARTESIAN_POINT('Ctrl Pts',(52.2393255183735,36.5430175603565,15.6994136737019));
#6773=CARTESIAN_POINT('Ctrl Pts',(52.2393255183736,36.5430175603569,15.6994136742593));
#6774=CARTESIAN_POINT('Ctrl Pts',(52.2393400860618,36.5430634521163,15.7677394167551));
#6775=CARTESIAN_POINT('Ctrl Pts',(52.2368125129842,36.5413916336675,15.8360897541616));
#6776=CARTESIAN_POINT('Ctrl Pts',(52.2317119651013,36.53798603087,15.9044918571254));
#6777=CARTESIAN_POINT('Ctrl Pts',(52.2267200778989,36.5346529801055,15.9714367403481));
#6778=CARTESIAN_POINT('Ctrl Pts',(52.2192634618145,36.5296592302539,16.0384318671696));
#6779=CARTESIAN_POINT('Ctrl Pts',(52.2092661161093,36.5229897127618,16.1054916581256));
#6780=CARTESIAN_POINT('Ctrl Pts',(52.2005564117783,36.5171792179465,16.163914260379));
#6781=CARTESIAN_POINT('Ctrl Pts',(52.1899103070801,36.5100968282954,16.2223897755736));
#6782=CARTESIAN_POINT('Ctrl Pts',(52.1773323952023,36.501767179083,16.2806198120542));
#6783=CARTESIAN_POINT('Ctrl Pts',(52.1647774730683,36.4934527546951,16.3387434164319));
#6784=CARTESIAN_POINT('Ctrl Pts',(52.150297851863,36.4838956260288,16.3966219311809));
#6785=CARTESIAN_POINT('Ctrl Pts',(52.1339495879516,36.4731202935213,16.4539654244156));
#6786=CARTESIAN_POINT('Ctrl Pts',(52.1175871957051,36.4623356488625,16.511358474477));
#6787=CARTESIAN_POINT('Ctrl Pts',(52.0993530640329,36.4503306938846,16.5682150827011));
#6788=CARTESIAN_POINT('Ctrl Pts',(52.0793536461619,36.4371299926004,16.6242589577851));
#6789=CARTESIAN_POINT('Ctrl Pts',(52.0593189024264,36.4239059743283,16.6804018256672));
#6790=CARTESIAN_POINT('Ctrl Pts',(52.0375128577852,36.409481981819,16.7357286255613));
#6791=CARTESIAN_POINT('Ctrl Pts',(52.0140902261039,36.3938827094811,16.7899832504316));
#6792=CARTESIAN_POINT('Ctrl Pts',(51.9905421015573,36.3781998599683,16.8445285586215));
#6793=CARTESIAN_POINT('Ctrl Pts',(51.9653603157425,36.3613291031525,16.8979897487137));
#6794=CARTESIAN_POINT('Ctrl Pts',(51.9387463495299,36.3432955324927,16.9501351519339));
#6795=CARTESIAN_POINT('Ctrl Pts',(51.9307747429126,36.3378939876776,16.9657541182335));
#6796=CARTESIAN_POINT('Ctrl Pts',(51.9226749285417,36.3323881192278,16.9812552533703));
#6797=CARTESIAN_POINT('Ctrl Pts',(51.9144530207021,36.3267786014686,16.9966329089671));
#6798=CARTESIAN_POINT('Ctrl Pts',(51.8839869081016,36.3059926472811,17.0536144996248));
#6799=CARTESIAN_POINT('Ctrl Pts',(51.8518191620756,36.2837835279768,17.1089403839761));
#6800=CARTESIAN_POINT('Ctrl Pts',(51.8182322853511,36.2603746423949,17.1624272842997));
#6801=CARTESIAN_POINT('Ctrl Pts',(51.7842888842888,36.2367172717424,17.2164819474992));
#6802=CARTESIAN_POINT('Ctrl Pts',(51.7488965429923,36.2118345286127,17.2686581282739));
#6803=CARTESIAN_POINT('Ctrl Pts',(51.712374745706,36.1859570017575,17.3188120368844));
#6804=CARTESIAN_POINT('Ctrl Pts',(51.6991892077546,36.1766143861747,17.3369192034131));
#6805=CARTESIAN_POINT('Ctrl Pts',(51.6858566773743,36.1671421063891,17.3547632211964));
#6806=CARTESIAN_POINT('Ctrl Pts',(51.6723928775769,36.1575510135377,17.3723388347126));
#6807=CARTESIAN_POINT('Ctrl Pts',(51.6422602180324,36.1360856664663,17.4116739396857));
#6808=CARTESIAN_POINT('Ctrl Pts',(51.6114845966674,36.1140252003602,17.449653346427));
#6809=CARTESIAN_POINT('Ctrl Pts',(51.5800214409409,36.0912718438144,17.4864744108774));
#6810=CARTESIAN_POINT('Ctrl Pts',(51.5481436107874,36.0682186052362,17.5237807652947));
#6811=CARTESIAN_POINT('Ctrl Pts',(51.5155596854914,36.0444540917074,17.5598984076011));
#6812=CARTESIAN_POINT('Ctrl Pts',(51.4821779226695,36.0198766148609,17.5950038374157));
#6813=CARTESIAN_POINT('Ctrl Pts',(51.4526614762693,35.9981449950583,17.6260443652334));
#6814=CARTESIAN_POINT('Ctrl Pts',(51.4225204508675,35.9757777801337,17.6562932487254));
#6815=CARTESIAN_POINT('Ctrl Pts',(51.3916653987804,35.9527046732669,17.6858507540163));
#6816=CARTESIAN_POINT('Ctrl Pts',(51.3453329345415,35.9180577086218,17.7302348002015));
#6817=CARTESIAN_POINT('Ctrl Pts',(51.2973817626577,35.8818190614265,17.7730539873947));
#6818=CARTESIAN_POINT('Ctrl Pts',(51.2480369243327,35.8440982400468,17.8141036896065));
#6819=CARTESIAN_POINT('Ctrl Pts',(51.1986199276947,35.8063222584736,17.8552134199257));
#6820=CARTESIAN_POINT('Ctrl Pts',(51.1478056042568,35.7670597646985,17.8945481564407));
#6821=CARTESIAN_POINT('Ctrl Pts',(51.0958520500056,35.7264207482013,17.9319437053824));
#6822=CARTESIAN_POINT('Ctrl Pts',(51.0438146230819,35.685716124972,17.9693996248738));
#6823=CARTESIAN_POINT('Ctrl Pts',(50.9906347574938,35.6436305309772,18.0049098461643));
#6824=CARTESIAN_POINT('Ctrl Pts',(50.9365972267175,35.6002744892512,18.0383551447871));
#6825=CARTESIAN_POINT('Ctrl Pts',(50.8823189122607,35.5567252590661,18.0719494709837));
#6826=CARTESIAN_POINT('Ctrl Pts',(50.8271757768641,35.5118942340506,18.1034602606533));
#6827=CARTESIAN_POINT('Ctrl Pts',(50.7714746811345,35.4658934212572,18.1328159989434));
#6828=CARTESIAN_POINT('Ctrl Pts',(50.7541794222253,35.4516101121611,18.1419309918811));
#6829=CARTESIAN_POINT('Ctrl Pts',(50.7368304716905,35.4372140226371,18.1508385798915));
#6830=CARTESIAN_POINT('Ctrl Pts',(50.7194372522276,35.4227085056992,18.1595376142708));
#6831=CARTESIAN_POINT('Ctrl Pts',(50.658530011913,35.3719133663685,18.1899997250131));
#6832=CARTESIAN_POINT('Ctrl Pts',(50.5970162842712,35.3197763768641,18.2179323224881));
#6833=CARTESIAN_POINT('Ctrl Pts',(50.5352388317711,35.2666098603178,18.2433374671108));
#6834=CARTESIAN_POINT('Ctrl Pts',(50.4731296009302,35.2131578108154,18.2688790511039));
#6835=CARTESIAN_POINT('Ctrl Pts',(50.4107543411698,35.1586651463424,18.2918660452806));
#6836=CARTESIAN_POINT('Ctrl Pts',(50.3484581323169,35.1034492491361,18.3123535861481));
#6837=CARTESIAN_POINT('Ctrl Pts',(50.2853970406809,35.047555402342,18.3330926763084));
#6838=CARTESIAN_POINT('Ctrl Pts',(50.222417481428,34.9909204538514,18.3512706929374));
#6839=CARTESIAN_POINT('Ctrl Pts',(50.1598659827931,34.9338736206375,18.3669974820765));
#6840=CARTESIAN_POINT('Ctrl Pts',(50.103027065007,34.882036648962,18.3812880057957));
#6841=CARTESIAN_POINT('Ctrl Pts',(50.046541686605,34.8298595888648,18.3935554038579));
#6842=CARTESIAN_POINT('Ctrl Pts',(49.9906566320258,34.7775894457533,18.4039170063368));
#6843=CARTESIAN_POINT('Ctrl Pts',(49.9391838814884,34.7294461978457,18.413460527115));
#6844=CARTESIAN_POINT('Ctrl Pts',(49.8882547901251,34.6812239850851,18.4213872887279));
#6845=CARTESIAN_POINT('Ctrl Pts',(49.8377408139897,34.6327742923387,18.4278392227802));
#6846=CARTESIAN_POINT('Ctrl Pts',(49.7861306517853,34.5832732098128,18.4344311679891));
#6847=CARTESIAN_POINT('Ctrl Pts',(49.7349533269144,34.53353466725,18.4394836908443));
#6848=CARTESIAN_POINT('Ctrl Pts',(49.6840531697411,34.4834002695602,18.4430970026847));
#6849=CARTESIAN_POINT('Ctrl Pts',(49.6327781929168,34.4328966911354,18.446736922307));
#6850=CARTESIAN_POINT('Ctrl Pts',(49.5817839648148,34.3819914061054,18.4489163638212));
#6851=CARTESIAN_POINT('Ctrl Pts',(49.5309004101006,34.3305224943703,18.4496857154186));
#6852=CARTESIAN_POINT('Ctrl Pts',(49.4798736590173,34.2789087389558,18.4504572321233));
#6853=CARTESIAN_POINT('Ctrl Pts',(49.4289576968399,34.2267281800588,18.4498107100101));
#6854=CARTESIAN_POINT('Ctrl Pts',(49.3779777551393,34.1738175267031,18.4477448319859));
#6855=CARTESIAN_POINT('Ctrl Pts',(49.3507170915338,34.1455244476183,18.4466401385713));
#6856=CARTESIAN_POINT('Ctrl Pts',(49.3234381241552,34.1170226056771,18.4451287100435));
#6857=CARTESIAN_POINT('Ctrl Pts',(49.2961145188888,34.0882870334719,18.4432042369329));
#6858=CARTESIAN_POINT('Ctrl Pts',(49.2315220309089,34.0203566822546,18.438654818763));
#6859=CARTESIAN_POINT('Ctrl Pts',(49.1667106468549,33.9511201512147,18.4317930061992));
#6860=CARTESIAN_POINT('Ctrl Pts',(49.1019908946628,33.8808813009174,18.4225855066197));
#6861=CARTESIAN_POINT('Ctrl Pts',(49.0373839006174,33.8107648244289,18.4133940488289));
#6862=CARTESIAN_POINT('Ctrl Pts',(48.9728687514677,33.7396495182269,18.4018650542206));
#6863=CARTESIAN_POINT('Ctrl Pts',(48.9087542658099,33.6678376574362,18.3880172894015));
#6864=CARTESIAN_POINT('Ctrl Pts',(48.8446780629887,33.5960686755941,18.3741777930994));
#6865=CARTESIAN_POINT('Ctrl Pts',(48.7810025752035,33.5236039707422,18.3580223700624));
#6866=CARTESIAN_POINT('Ctrl Pts',(48.7180280023847,33.4507452768624,18.3396211935449));
#6867=CARTESIAN_POINT('Ctrl Pts',(48.6828955204264,33.4100986057749,18.3293554787797));
#6868=CARTESIAN_POINT('Ctrl Pts',(48.6479809969525,33.3693293118586,18.3183917246387));
#6869=CARTESIAN_POINT('Ctrl Pts',(48.6133345448631,33.3284897859133,18.3067488764402));
#6870=CARTESIAN_POINT('Ctrl Pts',(48.52089382468,33.2195252321812,18.2756844179589));
#6871=CARTESIAN_POINT('Ctrl Pts',(48.4303068443235,33.1100607080187,18.2397750049382));
#6872=CARTESIAN_POINT('Ctrl Pts',(48.3418334137166,33.0007132623065,18.1991522015082));
#6873=CARTESIAN_POINT('Ctrl Pts',(48.2542409187479,32.8924545961435,18.1589338819444));
#6874=CARTESIAN_POINT('Ctrl Pts',(48.1687187873808,32.784310688523,18.1140948556621));
#6875=CARTESIAN_POINT('Ctrl Pts',(48.0855427445756,32.6768803392593,18.0647185347314));
#6876=CARTESIAN_POINT('Ctrl Pts',(48.051754198054,32.6332389825477,18.0446604259232));
#6877=CARTESIAN_POINT('Ctrl Pts',(48.0183531895832,32.5897153788436,18.0238531116616));
#6878=CARTESIAN_POINT('Ctrl Pts',(47.9853600601839,32.5463496698159,18.0023005261179));
#6879=CARTESIAN_POINT('Ctrl Pts',(47.9294521726891,32.4728651224087,17.9657789972501));
#6880=CARTESIAN_POINT('Ctrl Pts',(47.8747247013225,32.399833959463,17.9271179138733));
#6881=CARTESIAN_POINT('Ctrl Pts',(47.821447038741,32.3277364688145,17.8864768850089));
#6882=CARTESIAN_POINT('Ctrl Pts',(47.781217992859,32.2732968947278,17.8557895437169));
#6883=CARTESIAN_POINT('Ctrl Pts',(47.7418151163455,32.2193896539138,17.8239743260691));
#6884=CARTESIAN_POINT('Ctrl Pts',(47.7033430779881,32.1662215153099,17.7911160894054));
#6885=CARTESIAN_POINT('Ctrl Pts',(47.6714176557991,32.1221007630856,17.7638491931696));
#6886=CARTESIAN_POINT('Ctrl Pts',(47.6401310407542,32.0784889752599,17.7358691301289));
#6887=CARTESIAN_POINT('Ctrl Pts',(47.6093092231176,32.0352118127994,17.7069973827966));
#6888=CARTESIAN_POINT('Ctrl Pts',(47.5789185145001,31.9925399739858,17.6785294685807));
#6889=CARTESIAN_POINT('Ctrl Pts',(47.5489794252405,31.9501934651011,17.64919435468));
#6890=CARTESIAN_POINT('Ctrl Pts',(47.5193617045661,31.9080051607782,17.6187866806982));
#6891=CARTESIAN_POINT('Ctrl Pts',(47.4948815265999,31.8731349150467,17.5936535761357));
#6892=CARTESIAN_POINT('Ctrl Pts',(47.4706214288615,31.8383727492012,17.5677870788673));
#6893=CARTESIAN_POINT('Ctrl Pts',(47.4465294084265,31.8036242938429,17.5410550773445));
#6894=CARTESIAN_POINT('Ctrl Pts',(47.4138100219815,31.7564323971606,17.5047503311056));
#6895=CARTESIAN_POINT('Ctrl Pts',(47.3814024439642,31.7092657886101,17.4668512840308));
#6896=CARTESIAN_POINT('Ctrl Pts',(47.3493568904439,31.6622642584434,17.4271462022539));
#6897=CARTESIAN_POINT('Ctrl Pts',(47.3408542121433,31.6497932961182,17.4166112137716));
#6898=CARTESIAN_POINT('Ctrl Pts',(47.3323772884361,31.637333955399,17.405948991498));
#6899=CARTESIAN_POINT('Ctrl Pts',(47.3239276574219,31.6248888474898,17.3951554008675));
#6900=CARTESIAN_POINT('Ctrl Pts',(47.2859152816164,31.5689020099594,17.3465982481765));
#6901=CARTESIAN_POINT('Ctrl Pts',(47.2484762902887,31.5132032206465,17.295409994535));
#6902=CARTESIAN_POINT('Ctrl Pts',(47.2119823777993,31.4585188128902,17.2414953569147));
#6903=CARTESIAN_POINT('Ctrl Pts',(47.1761632622704,31.4048455565733,17.1885776371666));
#6904=CARTESIAN_POINT('Ctrl Pts',(47.1412547808825,31.3521495154421,17.1330329937596));
#6905=CARTESIAN_POINT('Ctrl Pts',(47.1076438844774,31.3011174720808,17.0748062761815));
#6906=CARTESIAN_POINT('Ctrl Pts',(47.0748790997471,31.2513700956668,17.0180453423462));
#6907=CARTESIAN_POINT('Ctrl Pts',(47.0433476650964,31.2032039934604,16.9587353206671));
#6908=CARTESIAN_POINT('Ctrl Pts',(47.013438691698,31.1572553761256,16.8968642830264));
#6909=CARTESIAN_POINT('Ctrl Pts',(47.0058783604467,31.1456405753443,16.8812246442732));
#6910=CARTESIAN_POINT('Ctrl Pts',(46.9984218435358,31.134167464596,16.8654215793038));
#6911=CARTESIAN_POINT('Ctrl Pts',(46.9910757124376,31.1228463197576,16.8494553470384));
#6912=CARTESIAN_POINT('Ctrl Pts',(46.965164868436,31.0829150397536,16.7931401863102));
#6913=CARTESIAN_POINT('Ctrl Pts',(46.9405604735894,31.0448158386633,16.7346552574913));
#6914=CARTESIAN_POINT('Ctrl Pts',(46.9175671383939,31.0091347208974,16.6739396867922));
#6915=CARTESIAN_POINT('Ctrl Pts',(46.8953696904078,30.9746886629872,16.6153257140442));
#6916=CARTESIAN_POINT('Ctrl Pts',(46.8746738743469,30.9424961873363,16.5546324729708));
#6917=CARTESIAN_POINT('Ctrl Pts',(46.8557919546263,30.9130845288009,16.4918337195388));
#6918=CARTESIAN_POINT('Ctrl Pts',(46.8395379229776,30.8877662330053,16.437774972288));
#6919=CARTESIAN_POINT('Ctrl Pts',(46.8246286379948,30.8645085782078,16.3821562212964));
#6920=CARTESIAN_POINT('Ctrl Pts',(46.8112857530569,30.8436478815299,16.3249821442254));
#6921=CARTESIAN_POINT('Ctrl Pts',(46.7972970711147,30.8217775249858,16.2650408359399));
#6922=CARTESIAN_POINT('Ctrl Pts',(46.7850125576453,30.8026178383153,16.2032955809981));
#6923=CARTESIAN_POINT('Ctrl Pts',(46.7747490559095,30.7866026951312,16.1399707832196));
#6924=CARTESIAN_POINT('Ctrl Pts',(46.7645955136262,30.7707591324098,16.0773244244639));
#6925=CARTESIAN_POINT('Ctrl Pts',(46.7564203885636,30.7579930951045,16.0131324219482));
#6926=CARTESIAN_POINT('Ctrl Pts',(46.7504994929117,30.7487246606021,15.9476522963181));
#6927=CARTESIAN_POINT('Ctrl Pts',(46.7446497455583,30.7395676000172,15.8829590110233));
#6928=CARTESIAN_POINT('Ctrl Pts',(46.7410007760126,30.7338245895559,15.8170087103774));
#6929=CARTESIAN_POINT('Ctrl Pts',(46.739781710628,30.7319007442989,15.7500849834505));
#6930=CARTESIAN_POINT('Ctrl Pts',(46.7394786635048,30.7314224961441,15.7334484328777));
#6931=CARTESIAN_POINT('Ctrl Pts',(46.7393255808787,30.7311802603654,15.7167518852771));
#6932=CARTESIAN_POINT('Ctrl Pts',(46.7393255808787,30.7311802603654,15.7000000000003));
#6933=CARTESIAN_POINT('Origin',(49.4893255808787,29.,15.7000000000003));
#6934=CARTESIAN_POINT('',(52.2393255808787,29.,15.7000000000003));
#6935=CARTESIAN_POINT('Origin',(49.4893255808787,29.,15.7000000000003));
#6936=CARTESIAN_POINT('',(52.2393255808787,29.,15.7000000000003));
#6937=CARTESIAN_POINT('Origin',(56.9516728189856,23.35,19.0500000000003));
#6938=CARTESIAN_POINT('',(56.9516728189856,23.5,18.9000000000003));
#6939=CARTESIAN_POINT('Origin',(56.9516728189856,23.35,12.3500000000003));
#6940=CARTESIAN_POINT('',(56.9516728189856,23.2,12.2000000000003));
#6941=CARTESIAN_POINT('',(56.9516728189856,23.5,12.5000000000003));
#6942=CARTESIAN_POINT('Origin',(59.9934935620587,24.,12.2000000000003));
#6943=CARTESIAN_POINT('',(66.0999999999996,24.,12.2000000000003));
#6944=CARTESIAN_POINT('',(66.0999999999996,24.,12.2000000000003));
#6945=CARTESIAN_POINT('Origin',(59.9999999999996,24.,12.2000000000003));
#6946=CARTESIAN_POINT('Origin',(53.9098520759126,23.5,12.2000000000003));
#6947=CARTESIAN_POINT('',(51.1024371774786,23.5,15.6983198289625));
#6948=CARTESIAN_POINT('Origin',(49.4524371774786,23.5,15.6983198289625));
#6949=CARTESIAN_POINT('Origin',(52.4955774744166,24.65,12.3500000000003));
#6950=CARTESIAN_POINT('',(52.4955774744166,24.5,12.5000000000003));
#6951=CARTESIAN_POINT('',(45.0106742626586,24.8,12.2000000000003));
#6952=CARTESIAN_POINT('Origin',(44.9976613867756,24.5,12.2000000000003));
#6953=CARTESIAN_POINT('',(47.8024371774787,24.5,15.6983198289625));
#6954=CARTESIAN_POINT('Origin',(49.4524371774786,24.5,15.6983198289625));
#6955=CARTESIAN_POINT('Ctrl Pts',(47.7907677363476,15.2710147957274,12.6483198289624));
#6956=CARTESIAN_POINT('Ctrl Pts',(47.0919225161556,16.2476350731981,13.8828810334774));
#6957=CARTESIAN_POINT('Ctrl Pts',(46.5134922584527,17.3053906299618,14.9091066257994));
#6958=CARTESIAN_POINT('Ctrl Pts',(46.0700189297927,18.4095708574974,15.6983198289624));
#6959=CARTESIAN_POINT('Ctrl Pts',(47.8609570165516,15.2957910167936,12.669447061977));
#6960=CARTESIAN_POINT('Ctrl Pts',(47.1584542503276,16.2677020307094,13.9023013965437));
#6961=CARTESIAN_POINT('Ctrl Pts',(46.5762109833546,17.3214224455678,14.9270129822046));
#6962=CARTESIAN_POINT('Ctrl Pts',(46.1293942915406,18.422217945883,15.7149854381761));
#6963=CARTESIAN_POINT('Ctrl Pts',(47.9311462967556,15.3205672378598,12.6905742949916));
#6964=CARTESIAN_POINT('Ctrl Pts',(47.2249859845006,16.2877689882208,13.9217217596101));
#6965=CARTESIAN_POINT('Ctrl Pts',(46.6389297082556,17.3374542611738,14.9449193386098));
#6966=CARTESIAN_POINT('Ctrl Pts',(46.1887696532897,18.4348650342686,15.7316510473898));
#6967=CARTESIAN_POINT('Ctrl Pts',(48.0013355769596,15.3453434589259,12.7117015280063));
#6968=CARTESIAN_POINT('Ctrl Pts',(47.2915177186736,16.3078359457321,13.9411421226764));
#6969=CARTESIAN_POINT('Ctrl Pts',(46.7016484331577,17.3534860767798,14.9628256950151));
#6970=CARTESIAN_POINT('Ctrl Pts',(46.2481450150386,18.4475121226542,15.7483166566035));
#6971=CARTESIAN_POINT('',(47.9150198069853,15.4636128029105,12.8612048270952));
#6972=CARTESIAN_POINT('',(46.2770111413995,18.3783789976097,15.6983190591284));
#6973=CARTESIAN_POINT('Ctrl Pts',(46.2770111413995,18.3783789976097,15.6983190591284));
#6974=CARTESIAN_POINT('Ctrl Pts',(46.5022290758074,17.8428681024546,15.3082301539583));
#6975=CARTESIAN_POINT('Ctrl Pts',(46.7506591098886,17.3417116767752,14.8779367128037));
#6976=CARTESIAN_POINT('Ctrl Pts',(47.2971841669829,16.3690697517419,13.9313275463068));
#6977=CARTESIAN_POINT('Ctrl Pts',(47.6011879816768,15.8981464005129,13.4047774935621));
#6978=CARTESIAN_POINT('Ctrl Pts',(47.9150198069856,15.4636128029106,12.8612048270953));
#6979=CARTESIAN_POINT('Origin',(57.222740434812,28.7818164528681,15.698319829236));
#6980=CARTESIAN_POINT('Ctrl Pts',(47.9150198069853,15.4636128029105,12.8612048270952));
#6981=CARTESIAN_POINT('Ctrl Pts',(47.89437586296,15.4316228742718,12.8258808499048));
#6982=CARTESIAN_POINT('Ctrl Pts',(47.8737370028161,15.3996372979312,12.7905430712606));
#6983=CARTESIAN_POINT('Ctrl Pts',(47.8323202419885,15.3354401131865,12.7195831512726));
#6984=CARTESIAN_POINT('Ctrl Pts',(47.8115391925664,15.3032235437655,12.6839552621972));
#6985=CARTESIAN_POINT('Ctrl Pts',(47.7907677363477,15.2710147957274,12.6483198289624));
#6986=CARTESIAN_POINT('Origin',(59.9893257373407,24.,18.5983198289625));
#6987=CARTESIAN_POINT('',(47.9150198069852,15.4636128029107,18.5354348308296));
#6988=CARTESIAN_POINT('Ctrl Pts',(47.7907677363476,15.2710147957276,18.7483198289623));
#6989=CARTESIAN_POINT('Ctrl Pts',(47.8115391926003,15.3032235438182,18.7126843956694));
#6990=CARTESIAN_POINT('Ctrl Pts',(47.8323202420169,15.3354401132306,18.6770565066036));
#6991=CARTESIAN_POINT('Ctrl Pts',(47.8737370028181,15.3996372979345,18.6060965866608));
#6992=CARTESIAN_POINT('Ctrl Pts',(47.8943758629615,15.4316228742744,18.5707588080174));
#6993=CARTESIAN_POINT('Ctrl Pts',(47.9150198069851,15.4636128029105,18.5354348308299));
#6994=CARTESIAN_POINT('',(47.8647239372066,15.688319592995,18.4483198289625));
#6995=CARTESIAN_POINT('Ctrl Pts',(47.9150198069857,15.4636128029088,18.5354348308304));
#6996=CARTESIAN_POINT('Ctrl Pts',(47.8895364679506,15.5761163442224,18.4912963928745));
#6997=CARTESIAN_POINT('Ctrl Pts',(47.8647239372066,15.688319592995,18.4483198289625));
#6998=CARTESIAN_POINT('',(51.0401504177496,12.3379992668828,18.4483198289625));
#6999=CARTESIAN_POINT('Origin',(59.9893257373407,24.,18.4483198289625));
#7000=CARTESIAN_POINT('',(51.0144481942307,12.3016081842368,18.4928373859682));
#7001=CARTESIAN_POINT('',(51.0401504177496,12.3379992668828,18.4483198289625));
#7002=CARTESIAN_POINT('Ctrl Pts',(51.014448194226,12.301608184238,18.492837385973));
#7003=CARTESIAN_POINT('Ctrl Pts',(51.0397745826486,12.2295273561858,18.5346107794988));
#7004=CARTESIAN_POINT('Ctrl Pts',(51.0648874607881,12.1576098971673,18.5768007674902));
#7005=CARTESIAN_POINT('Ctrl Pts',(51.1146843356692,12.0141028212527,18.6619725087172));
#7006=CARTESIAN_POINT('Ctrl Pts',(51.1393700026706,11.9425083976708,18.7049571130536));
#7007=CARTESIAN_POINT('Ctrl Pts',(51.1638421653757,11.8710742597322,18.7483198253609));
#7008=CARTESIAN_POINT('Ctrl Pts',(46.0700189297927,18.4095708574974,15.6983198289624));
#7009=CARTESIAN_POINT('Ctrl Pts',(46.5134922584527,17.3053906299618,16.4875330321255));
#7010=CARTESIAN_POINT('Ctrl Pts',(47.0919225161556,16.2476350731982,17.5137586244475));
#7011=CARTESIAN_POINT('Ctrl Pts',(47.7907677363476,15.2710147957275,18.7483198289625));
#7012=CARTESIAN_POINT('Ctrl Pts',(46.1293942915406,18.422217945883,15.6816542197488));
#7013=CARTESIAN_POINT('Ctrl Pts',(46.5762109833546,17.3214224455678,16.4696266757203));
#7014=CARTESIAN_POINT('Ctrl Pts',(47.1584542503276,16.2677020307095,17.4943382613811));
#7015=CARTESIAN_POINT('Ctrl Pts',(47.8609570165516,15.2957910167937,18.7271925959478));
#7016=CARTESIAN_POINT('Ctrl Pts',(46.1887696532897,18.4348650342686,15.6649886105351));
#7017=CARTESIAN_POINT('Ctrl Pts',(46.6389297082556,17.3374542611738,16.4517203193151));
#7018=CARTESIAN_POINT('Ctrl Pts',(47.2249859845006,16.2877689882208,17.4749178983148));
#7019=CARTESIAN_POINT('Ctrl Pts',(47.9311462967556,15.3205672378599,18.7060653629332));
#7020=CARTESIAN_POINT('Ctrl Pts',(46.2481450150386,18.4475121226542,15.6483230013214));
#7021=CARTESIAN_POINT('Ctrl Pts',(46.7016484331577,17.3534860767798,16.4338139629098));
#7022=CARTESIAN_POINT('Ctrl Pts',(47.2915177186736,16.3078359457322,17.4554975352484));
#7023=CARTESIAN_POINT('Ctrl Pts',(48.0013355769587,15.345343458926,18.6849381299186));
#7024=CARTESIAN_POINT('Ctrl Pts',(46.277010705538,18.3783800339766,15.6983198438629));
#7025=CARTESIAN_POINT('Ctrl Pts',(46.5022288041727,17.8428686327393,16.0884090334823));
#7026=CARTESIAN_POINT('Ctrl Pts',(46.7506590484368,17.3417117610145,16.5187028386838));
#7027=CARTESIAN_POINT('Ctrl Pts',(47.2971830480011,16.3690717705644,17.4653101734849));
#7028=CARTESIAN_POINT('Ctrl Pts',(47.6011894065551,15.8981444276164,17.9918646323252));
#7029=CARTESIAN_POINT('Ctrl Pts',(47.9150198069851,15.4636128029107,18.5354348308297));
#7030=CARTESIAN_POINT('Ctrl Pts',(51.1568961590117,11.8761314860374,18.7602071015333));
#7031=CARTESIAN_POINT('Ctrl Pts',(51.7255981831176,11.4618230849534,17.7869463613823));
#7032=CARTESIAN_POINT('Ctrl Pts',(52.3230252305157,11.0879303843154,16.7630150244791));
#7033=CARTESIAN_POINT('Ctrl Pts',(52.9433230419347,10.7578760760845,15.6983198289625));
#7034=CARTESIAN_POINT('Ctrl Pts',(51.1094135040826,12.0179570521044,18.6710838630133));
#7035=CARTESIAN_POINT('Ctrl Pts',(51.6735698505057,11.6023144608246,17.7017764475758));
#7036=CARTESIAN_POINT('Ctrl Pts',(52.2668172283627,11.2264870865735,16.6814702896736));
#7037=CARTESIAN_POINT('Ctrl Pts',(52.8833109815567,10.8940702526006,15.620133206383));
#7038=CARTESIAN_POINT('Ctrl Pts',(51.0619308491547,12.1597826181715,18.5819606244932));
#7039=CARTESIAN_POINT('Ctrl Pts',(51.6215415178937,11.7428058366959,17.6166065337694));
#7040=CARTESIAN_POINT('Ctrl Pts',(52.2106092262107,11.3650437888317,16.5999255548682));
#7041=CARTESIAN_POINT('Ctrl Pts',(52.8232989211786,11.0302644291168,15.5419465838035));
#7042=CARTESIAN_POINT('Ctrl Pts',(51.0144481942256,12.3016081842385,18.4928373859732));
#7043=CARTESIAN_POINT('Ctrl Pts',(51.5695131852817,11.8832972125671,17.5314366199629));
#7044=CARTESIAN_POINT('Ctrl Pts',(52.1544012240577,11.5036004910899,16.5183808200627));
#7045=CARTESIAN_POINT('Ctrl Pts',(52.7632868608016,11.1664586056329,15.4637599612241));
#7046=CARTESIAN_POINT('',(52.627863669145,11.2423687673464,15.6983198477084));
#7047=CARTESIAN_POINT('Ctrl Pts',(51.0144481942293,12.301608184235,18.4928373859681));
#7048=CARTESIAN_POINT('Ctrl Pts',(51.2753685821568,12.1049720015154,18.0409100173471));
#7049=CARTESIAN_POINT('Ctrl Pts',(51.5389148006516,11.9198549154877,17.584434576857));
#7050=CARTESIAN_POINT('Ctrl Pts',(52.0766233766853,11.5668385674405,16.6530960035011));
#7051=CARTESIAN_POINT('Ctrl Pts',(52.3516569240316,11.3990930776951,16.1767239256258));
#7052=CARTESIAN_POINT('Ctrl Pts',(52.6278635186633,11.2423688791597,15.6983200703382));
#7053=CARTESIAN_POINT('Origin',(102.848883062161,43.5970008981853,15.7152818372595));
#7054=CARTESIAN_POINT('Ctrl Pts',(52.9433230419347,10.7578760760845,15.6983198289625));
#7055=CARTESIAN_POINT('Ctrl Pts',(52.3230252305157,11.0879303843153,14.6336246334459));
#7056=CARTESIAN_POINT('Ctrl Pts',(51.7255981831176,11.4618230849534,13.6096932965427));
#7057=CARTESIAN_POINT('Ctrl Pts',(51.1568961590117,11.8761314860374,12.6364325563916));
#7058=CARTESIAN_POINT('Ctrl Pts',(52.8833109815567,10.8940702526006,15.7765064515419));
#7059=CARTESIAN_POINT('Ctrl Pts',(52.2668172283627,11.2264870865735,14.7151693682513));
#7060=CARTESIAN_POINT('Ctrl Pts',(51.6735698505057,11.6023144608246,13.6948632103491));
#7061=CARTESIAN_POINT('Ctrl Pts',(51.1094135040826,12.0179570521044,12.7255557949117));
#7062=CARTESIAN_POINT('Ctrl Pts',(52.8232989211786,11.0302644291168,15.8546930741214));
#7063=CARTESIAN_POINT('Ctrl Pts',(52.2106092262107,11.3650437888317,14.7967141030568));
#7064=CARTESIAN_POINT('Ctrl Pts',(51.6215415178937,11.7428058366958,13.7800331241556));
#7065=CARTESIAN_POINT('Ctrl Pts',(51.0619308491547,12.1597826181715,12.8146790334317));
#7066=CARTESIAN_POINT('Ctrl Pts',(52.7632868608016,11.1664586056329,15.9328796967009));
#7067=CARTESIAN_POINT('Ctrl Pts',(52.1544012240577,11.5036004910899,14.8782588378622));
#7068=CARTESIAN_POINT('Ctrl Pts',(51.5695131852817,11.8832972125671,13.865203037962));
#7069=CARTESIAN_POINT('Ctrl Pts',(51.0144481942256,12.3016081842385,12.9038022719517));
#7070=CARTESIAN_POINT('',(51.0144481942307,12.3016081842368,12.9038022719568));
#7071=CARTESIAN_POINT('Ctrl Pts',(52.6278636751147,11.2423687903871,15.6983198585695));
#7072=CARTESIAN_POINT('Ctrl Pts',(52.3516577939371,11.3990925796837,15.2199172390204));
#7073=CARTESIAN_POINT('Ctrl Pts',(52.0766249549511,11.5668376024908,14.7435463880604));
#7074=CARTESIAN_POINT('Ctrl Pts',(51.5389163066372,11.9198538576126,13.8122076895117));
#7075=CARTESIAN_POINT('Ctrl Pts',(51.2753693271497,12.1049714400705,13.3557309309444));
#7076=CARTESIAN_POINT('Ctrl Pts',(51.014448194229,12.3016081842357,12.9038022719573));
#7077=CARTESIAN_POINT('Ctrl Pts',(51.014448194226,12.301608184238,12.9038022719519));
#7078=CARTESIAN_POINT('Ctrl Pts',(51.0397745826495,12.2295273561831,12.8620288784246));
#7079=CARTESIAN_POINT('Ctrl Pts',(51.06488746079,12.1576098971619,12.8198388904314));
#7080=CARTESIAN_POINT('Ctrl Pts',(51.1146843356678,12.0141028212566,12.7346671492099));
#7081=CARTESIAN_POINT('Ctrl Pts',(51.1393700026679,11.9425083976787,12.691682544876));
#7082=CARTESIAN_POINT('Ctrl Pts',(51.1638421653756,11.8710742597322,12.6483198325639));
#7083=CARTESIAN_POINT('Origin',(59.9893257373407,24.,12.7983198289625));
#7084=CARTESIAN_POINT('',(51.0401504177496,12.3379992668828,12.9483198289625));
#7085=CARTESIAN_POINT('',(51.0144481942277,12.3016081842406,12.9038022719552));
#7086=CARTESIAN_POINT('',(47.8647239372066,15.688319592995,12.9483198289625));
#7087=CARTESIAN_POINT('Origin',(59.9893257373407,24.,12.9483198289625));
#7088=CARTESIAN_POINT('Ctrl Pts',(47.8647239372066,15.688319592995,12.9483198289625));
#7089=CARTESIAN_POINT('Ctrl Pts',(47.8895364679507,15.5761163442223,12.9053432650504));
#7090=CARTESIAN_POINT('Ctrl Pts',(47.9150198069858,15.4636128029086,12.8612048270945));
#7091=CARTESIAN_POINT('Origin',(51.0401504177496,20.1084360377848,12.9483198289625));
#7092=CARTESIAN_POINT('',(52.6278636580216,20.1084360377848,15.6983198289625));
#7093=CARTESIAN_POINT('',(52.6278636580216,20.1084360377848,15.6983198289625));
#7094=CARTESIAN_POINT('',(51.0401504177496,20.1084360377848,12.9483198289625));
#7095=CARTESIAN_POINT('',(52.6278636580216,20.1084360377848,15.6983198289625));
#7096=CARTESIAN_POINT('',(51.0401504177496,20.1084360377848,12.9483198289625));
#7097=CARTESIAN_POINT('Origin',(52.6278636580216,20.1084360377848,15.6983198289625));
#7098=CARTESIAN_POINT('',(51.0401504177496,20.1084360377848,18.4483198289625));
#7099=CARTESIAN_POINT('',(51.0401504177496,20.1084360377848,18.4483198289625));
#7100=CARTESIAN_POINT('',(51.0401504177496,20.1084360377848,18.4483198289625));
#7101=CARTESIAN_POINT('Origin',(51.0401504177496,20.1084360377848,18.4483198289625));
#7102=CARTESIAN_POINT('',(47.8647239372066,20.1084360377848,18.4483198289625));
#7103=CARTESIAN_POINT('',(47.8647239372066,20.1084360377848,18.4483198289625));
#7104=CARTESIAN_POINT('',(47.8647239372066,20.1084360377848,18.4483198289625));
#7105=CARTESIAN_POINT('Origin',(49.4893255808787,29.,15.7000000000003));
#7106=CARTESIAN_POINT('',(47.8024371774787,29.,15.6983198289625));
#7107=CARTESIAN_POINT('Origin',(49.4524371774786,29.,15.6983198289625));
#7108=CARTESIAN_POINT('Origin',(49.4524371774786,34.6084360377848,15.6983198289625));
#7109=CARTESIAN_POINT('',(47.8024371774786,34.6084360377848,15.6983198289625));
#7110=CARTESIAN_POINT('Origin',(47.8647239372066,20.1084360377848,12.9483198289625));
#7111=CARTESIAN_POINT('',(47.8647239372066,20.1084360377848,12.9483198289625));
#7112=CARTESIAN_POINT('',(51.0401504177496,20.1084360377848,12.9483198289625));
#7113=CARTESIAN_POINT('',(47.8647239372066,20.1084360377848,12.9483198289625));
#7114=CARTESIAN_POINT('Origin',(46.2770106969356,20.1084360377848,15.6983198289625));
#7115=CARTESIAN_POINT('',(46.2770106969356,20.1084360377848,15.6983198289625));
#7116=CARTESIAN_POINT('',(47.8647239372066,20.1084360377848,12.9483198289625));
#7117=CARTESIAN_POINT('',(46.2770106969356,20.1084360377848,15.6983198289625));
#7118=CARTESIAN_POINT('Origin',(47.8647239372066,20.1084360377848,18.4483198289625));
#7119=CARTESIAN_POINT('',(46.2770106969356,20.1084360377848,15.6983198289625));
#7120=CARTESIAN_POINT('Origin',(49.4524371774786,20.1084360377848,15.6983198289625));
#7121=CARTESIAN_POINT('',(51.1024371774786,20.1084360377848,15.6983198289625));
#7122=CARTESIAN_POINT('Origin',(49.4524371774786,20.1084360377848,15.6983198289625));
#7123=CARTESIAN_POINT('Origin',(49.4524371774786,16.6084360377848,15.6983198289625));
#7124=CARTESIAN_POINT('',(51.1024371774786,16.6084360377848,15.6983198289625));
#7125=CARTESIAN_POINT('Origin',(111.,24.,12.0000000000003));
#7126=CARTESIAN_POINT('',(111.,24.,12.0000000000003));
#7127=CARTESIAN_POINT('Origin',(126.,24.,12.0000000000003));
#7128=CARTESIAN_POINT('',(140.978651474682,24.8,12.0000000000003));
#7129=CARTESIAN_POINT('Origin',(132.047313453096,24.8,12.0000000000003));
#7130=CARTESIAN_POINT('Origin',(45.0106742626586,24.8,12.0000000000003));
#7131=CARTESIAN_POINT('Origin',(66.0999999999996,24.,12.0000000000003));
#7132=CARTESIAN_POINT('',(66.0999999999997,24.,6.75000000000034));
#7133=CARTESIAN_POINT('Origin',(97.4758933819221,-1.38777878078145E-15,
4.67917265671956));
#7134=CARTESIAN_POINT('',(97.4758933819221,-1.38777878078145E-15,4.67917265671956));
#7135=CARTESIAN_POINT('',(100.393663948015,-5.55111512312578E-16,3.53285463312315));
#7136=CARTESIAN_POINT('',(134.57378580121,6.93889390390723E-15,-9.89564799979679));
#7137=CARTESIAN_POINT('',(97.4758933819221,0.299999999999999,4.67917265671956));
#7138=CARTESIAN_POINT('',(97.4758933819221,-1.38777878078145E-15,4.67917265671956));
#7139=CARTESIAN_POINT('',(100.393663948015,0.299999999999999,3.53285463312315));
#7140=CARTESIAN_POINT('',(97.4758933819221,0.299999999999999,4.67917265671956));
#7141=CARTESIAN_POINT('',(100.393663948015,-5.55111512312578E-16,3.53285463312315));
#7142=CARTESIAN_POINT('Origin',(95.5307562903956,-1.66533453693773E-15,
6.17272992076874));
#7143=CARTESIAN_POINT('',(95.5307562903956,-1.66533453693773E-15,6.17272992076874));
#7144=CARTESIAN_POINT('',(122.580285170154,4.16333634234434E-15,-14.5970248299187));
#7145=CARTESIAN_POINT('',(95.5307562903956,0.299999999999998,6.17272992076874));
#7146=CARTESIAN_POINT('',(95.5307562903956,-1.66533453693773E-15,6.17272992076874));
#7147=CARTESIAN_POINT('',(95.5307562903956,0.299999999999998,6.17272992076874));
#7148=CARTESIAN_POINT('Origin',(92.8212773255314,-2.4980018054066E-15,6.20759668818144));
#7149=CARTESIAN_POINT('',(92.8212773255314,-2.4980018054066E-15,6.20759668818144));
#7150=CARTESIAN_POINT('',(139.365661466993,8.04911692853238E-15,5.60864307485856));
#7151=CARTESIAN_POINT('',(92.8212773255314,0.299999999999997,6.20759668818144));
#7152=CARTESIAN_POINT('',(92.8212773255314,-2.4980018054066E-15,6.20759668818144));
#7153=CARTESIAN_POINT('',(92.8212773255314,0.299999999999997,6.20759668818144));
#7154=CARTESIAN_POINT('Origin',(93.3076589916181,-2.22044604925031E-15,
5.68654304109217));
#7155=CARTESIAN_POINT('',(93.3076589916181,-2.22044604925031E-15,5.68654304109217));
#7156=CARTESIAN_POINT('',(113.312947856124,2.22044604925031E-15,-15.7448336960129));
#7157=CARTESIAN_POINT('',(93.3076589916181,0.299999999999998,5.68654304109217));
#7158=CARTESIAN_POINT('',(93.3076589916181,-2.22044604925031E-15,5.68654304109217));
#7159=CARTESIAN_POINT('',(93.3076589916181,0.299999999999998,5.68654304109217));
#7160=CARTESIAN_POINT('Origin',(91.7097611405443,-2.4980018054066E-15,5.92963648093045));
#7161=CARTESIAN_POINT('',(91.7097611405443,-2.4980018054066E-15,5.92963648093045));
#7162=CARTESIAN_POINT('',(137.337104781553,7.49400541621981E-15,-1.01180092629979));
#7163=CARTESIAN_POINT('',(91.7097611405443,0.299999999999997,5.92963648093045));
#7164=CARTESIAN_POINT('',(91.7097611405443,-2.4980018054066E-15,5.92963648093045));
#7165=CARTESIAN_POINT('',(91.7097611405443,0.299999999999997,5.92963648093045));
#7166=CARTESIAN_POINT('Origin',(91.8834456895741,-2.4980018054066E-15,5.54759540186836));
#7167=CARTESIAN_POINT('',(91.8834456895741,-2.4980018054066E-15,5.54759540186836));
#7168=CARTESIAN_POINT('',(98.7281538716092,-1.11022302462516E-15,-9.50820382919268));
#7169=CARTESIAN_POINT('',(91.8834456895741,0.299999999999997,5.54759540186836));
#7170=CARTESIAN_POINT('',(91.8834456895741,-2.4980018054066E-15,5.54759540186836));
#7171=CARTESIAN_POINT('',(91.8834456895741,0.299999999999997,5.54759540186836));
#7172=CARTESIAN_POINT('Origin',(89.764494191411,-3.05311331771918E-15,5.58233231167431));
#7173=CARTESIAN_POINT('',(89.764494191411,-3.05311331771918E-15,5.58233231167431));
#7174=CARTESIAN_POINT('',(137.816729466098,7.49400541621981E-15,4.79459074979426));
#7175=CARTESIAN_POINT('',(89.764494191411,0.299999999999997,5.58233231167431));
#7176=CARTESIAN_POINT('',(89.764494191411,-3.05311331771918E-15,5.58233231167431));
#7177=CARTESIAN_POINT('',(89.764494191411,0.299999999999997,5.58233231167431));
#7178=CARTESIAN_POINT('Origin',(87.2983683815986,-3.60822483003176E-15,
4.26232973904815));
#7179=CARTESIAN_POINT('',(87.2983683815986,-3.60822483003176E-15,4.26232973904815));
#7180=CARTESIAN_POINT('',(127.268651531198,5.27355936696949E-15,25.6565653356819));
#7181=CARTESIAN_POINT('',(87.2983683815986,0.299999999999996,4.26232973904815));
#7182=CARTESIAN_POINT('',(87.2983683815986,-3.60822483003176E-15,4.26232973904815));
#7183=CARTESIAN_POINT('',(87.2983683815986,0.299999999999996,4.26232973904815));
#7184=CARTESIAN_POINT('Origin',(86.0825765383903,-3.88578058618805E-15,
4.2275928292422));
#7185=CARTESIAN_POINT('',(86.0825765383903,-3.88578058618805E-15,4.2275928292422));
#7186=CARTESIAN_POINT('',(136.111482733924,7.21644966006352E-15,5.65699014911452));
#7187=CARTESIAN_POINT('',(86.0825765383903,0.299999999999996,4.2275928292422));
#7188=CARTESIAN_POINT('',(86.0825765383903,-3.88578058618805E-15,4.2275928292422));
#7189=CARTESIAN_POINT('',(86.0825765383903,0.299999999999996,4.2275928292422));
#7190=CARTESIAN_POINT('Origin',(87.0552749417602,-3.60822483003176E-15,
3.11607664425512));
#7191=CARTESIAN_POINT('',(87.0552749417602,-3.60822483003176E-15,3.11607664425512));
#7192=CARTESIAN_POINT('',(106.309571254028,5.55111512312578E-16,-18.8860793246194));
#7193=CARTESIAN_POINT('',(87.0552749417602,0.299999999999996,3.11607664425512));
#7194=CARTESIAN_POINT('',(87.0552749417602,-3.60822483003176E-15,3.11607664425512));
#7195=CARTESIAN_POINT('',(87.0552749417602,0.299999999999996,3.11607664425512));
#7196=CARTESIAN_POINT('Origin',(92.7171315249169,-2.4980018054066E-15,2.6992337265837));
#7197=CARTESIAN_POINT('',(92.7171315249169,-2.4980018054066E-15,2.6992337265837));
#7198=CARTESIAN_POINT('',(138.766586517816,7.7715611723761E-15,-0.69106570867979));
#7199=CARTESIAN_POINT('',(92.7171315249169,0.299999999999997,2.6992337265837));
#7200=CARTESIAN_POINT('',(92.7171315249169,-2.4980018054066E-15,2.6992337265837));
#7201=CARTESIAN_POINT('',(92.7171315249169,0.299999999999997,2.6992337265837));
#7202=CARTESIAN_POINT('Origin',(97.1633261224719,-1.38777878078145E-15,
3.74127609195888));
#7203=CARTESIAN_POINT('',(97.1633261224719,-1.38777878078145E-15,3.74127609195888));
#7204=CARTESIAN_POINT('',(140.186284972017,8.04911692853238E-15,13.8244483016664));
#7205=CARTESIAN_POINT('',(97.1633261224719,0.299999999999999,3.74127609195888));
#7206=CARTESIAN_POINT('',(97.1633261224719,-1.38777878078145E-15,3.74127609195888));
#7207=CARTESIAN_POINT('',(97.1633261224719,0.299999999999999,3.74127609195888));
#7208=CARTESIAN_POINT('Origin',(100.219979398986,-8.32667268468867E-16,
2.69923372658369));
#7209=CARTESIAN_POINT('',(100.219979398986,-8.32667268468867E-16,2.69923372658369));
#7210=CARTESIAN_POINT('',(137.224041936758,7.49400541621981E-15,-9.91580545749169));
#7211=CARTESIAN_POINT('',(100.219979398986,0.299999999999999,2.69923372658369));
#7212=CARTESIAN_POINT('',(100.219979398986,-8.32667268468867E-16,2.69923372658369));
#7213=CARTESIAN_POINT('',(100.219979398986,0.299999999999999,2.69923372658369));
#7214=CARTESIAN_POINT('Origin',(101.331560512776,-5.55111512312578E-16,
2.49081226774799));
#7215=CARTESIAN_POINT('',(101.331560512776,-5.55111512312578E-16,2.49081226774799));
#7216=CARTESIAN_POINT('',(141.366804847835,8.32667268468867E-15,-5.01579604507539));
#7217=CARTESIAN_POINT('',(101.331560512776,0.299999999999999,2.49081226774799));
#7218=CARTESIAN_POINT('',(101.331560512776,-5.55111512312578E-16,2.49081226774799));
#7219=CARTESIAN_POINT('',(101.331560512776,0.299999999999999,2.49081226774799));
#7220=CARTESIAN_POINT('Origin',(102.234720167731,-2.77555756156289E-16,
2.87291827561345));
#7221=CARTESIAN_POINT('',(102.234720167731,-2.77555756156289E-16,2.87291827561345));
#7222=CARTESIAN_POINT('',(139.396372953043,8.04911692853238E-15,18.5951559924765));
#7223=CARTESIAN_POINT('',(102.234720167731,0.3,2.87291827561345));
#7224=CARTESIAN_POINT('',(102.234720167731,-2.77555756156289E-16,2.87291827561345));
#7225=CARTESIAN_POINT('',(102.234720167731,0.3,2.87291827561345));
#7226=CARTESIAN_POINT('Origin',(101.713666520641,-2.77555756156289E-16,
3.28976119328487));
#7227=CARTESIAN_POINT('',(101.713666520641,-2.77555756156289E-16,3.28976119328487));
#7228=CARTESIAN_POINT('',(125.286270921247,4.71844785465692E-15,-15.5683223271995));
#7229=CARTESIAN_POINT('',(101.713666520641,0.3,3.28976119328487));
#7230=CARTESIAN_POINT('',(101.713666520641,-2.77555756156289E-16,3.28976119328487));
#7231=CARTESIAN_POINT('',(101.713666520641,0.3,3.28976119328487));
#7232=CARTESIAN_POINT('Origin',(100.393663948015,-5.55111512312578E-16,
3.53285463312315));
#7233=CARTESIAN_POINT('',(141.038679664011,8.32667268468867E-15,-3.95238584108669));
#7234=CARTESIAN_POINT('',(100.393663948015,0.299999999999999,3.53285463312315));
#7235=CARTESIAN_POINT('Origin',(94.1586483530605,0.299999999999998,4.34920447796472));
#7236=CARTESIAN_POINT('Origin',(103.276697604303,0.,3.81074991157077));
#7237=CARTESIAN_POINT('',(103.276697604303,0.,3.81074991157077));
#7238=CARTESIAN_POINT('',(103.485183991942,0.,2.97712900503131));
#7239=CARTESIAN_POINT('',(104.747747517229,2.77555756156289E-16,-2.07115909872678));
#7240=CARTESIAN_POINT('',(103.276697604303,0.3,3.81074991157077));
#7241=CARTESIAN_POINT('',(103.276697604303,0.,3.81074991157077));
#7242=CARTESIAN_POINT('',(103.485183991942,0.3,2.97712900503131));
#7243=CARTESIAN_POINT('',(103.485183991942,0.3,2.97712900503131));
#7244=CARTESIAN_POINT('',(103.485183991942,0.,2.97712900503131));
#7245=CARTESIAN_POINT('Origin',(102.338801039542,-2.77555756156289E-16,
4.54022501749576));
#7246=CARTESIAN_POINT('',(102.338801039542,-2.77555756156289E-16,4.54022501749576));
#7247=CARTESIAN_POINT('',(126.594921393001,4.9960036108132E-15,-14.3256463685278));
#7248=CARTESIAN_POINT('',(102.338801039542,0.3,4.54022501749576));
#7249=CARTESIAN_POINT('',(102.338801039542,-2.77555756156289E-16,4.54022501749576));
#7250=CARTESIAN_POINT('',(103.276697604303,0.3,3.81074991157077));
#7251=CARTESIAN_POINT('Origin',(100.532611587239,-5.55111512312578E-16,
5.23496321361479));
#7252=CARTESIAN_POINT('',(100.532611587239,-5.55111512312578E-16,5.23496321361479));
#7253=CARTESIAN_POINT('',(136.625318120683,7.49400541621981E-15,-8.64784503672109));
#7254=CARTESIAN_POINT('',(100.532611587239,0.299999999999999,5.23496321361479));
#7255=CARTESIAN_POINT('',(100.532611587239,-5.55111512312578E-16,5.23496321361479));
#7256=CARTESIAN_POINT('',(102.338801039542,0.3,4.54022501749576));
#7257=CARTESIAN_POINT('Origin',(97.8927362995936,-1.11022302462516E-15,
6.90220502669372));
#7258=CARTESIAN_POINT('',(97.8927362995936,-1.11022302462516E-15,6.90220502669372));
#7259=CARTESIAN_POINT('',(128.234280631176,5.55111512312578E-15,-12.2603257260826));
#7260=CARTESIAN_POINT('',(97.8927362995936,0.299999999999999,6.90220502669372));
#7261=CARTESIAN_POINT('',(97.8927362995936,-1.11022302462516E-15,6.90220502669372));
#7262=CARTESIAN_POINT('',(100.532611587239,0.299999999999999,5.23496321361479));
#7263=CARTESIAN_POINT('Origin',(98.9348435937721,-1.11022302462516E-15,
8.88227381443633));
#7264=CARTESIAN_POINT('',(98.9348435937721,-1.11022302462516E-15,8.88227381443633));
#7265=CARTESIAN_POINT('',(109.019903772855,1.11022302462516E-15,28.0445165073526));
#7266=CARTESIAN_POINT('',(98.9348435937721,0.299999999999999,8.88227381443633));
#7267=CARTESIAN_POINT('',(98.9348435937721,-1.11022302462516E-15,8.88227381443633));
#7268=CARTESIAN_POINT('',(97.8927362995936,0.299999999999999,6.90220502669372));
#7269=CARTESIAN_POINT('Origin',(100.8973166758,-5.55111512312578E-16,9.36839576530953));
#7270=CARTESIAN_POINT('',(100.8973166758,-5.55111512312578E-16,9.36839576530953));
#7271=CARTESIAN_POINT('',(141.295758901825,8.32667268468867E-15,19.3754474426049));
#7272=CARTESIAN_POINT('',(100.8973166758,0.299999999999999,9.36839576530953));
#7273=CARTESIAN_POINT('',(100.8973166758,-5.55111512312578E-16,9.36839576530953));
#7274=CARTESIAN_POINT('',(98.9348435937721,0.299999999999999,8.88227381443633));
#7275=CARTESIAN_POINT('Origin',(98.4137250178795,-1.11022302462516E-15,
9.95905308961746));
#7276=CARTESIAN_POINT('',(98.4137250178795,-1.11022302462516E-15,9.95905308961746));
#7277=CARTESIAN_POINT('',(139.632810581098,8.04911692853238E-15,0.15617156054371));
#7278=CARTESIAN_POINT('',(98.4137250178795,0.299999999999999,9.95905308961746));
#7279=CARTESIAN_POINT('',(98.4137250178795,-1.11022302462516E-15,9.95905308961746));
#7280=CARTESIAN_POINT('',(100.8973166758,0.299999999999999,9.36839576530953));
#7281=CARTESIAN_POINT('Origin',(95.6001651812041,-1.66533453693773E-15,
7.73589086203656));
#7282=CARTESIAN_POINT('',(95.6001651812041,-1.66533453693773E-15,7.73589086203656));
#7283=CARTESIAN_POINT('',(124.463712681454,4.71844785465692E-15,30.5427093700689));
#7284=CARTESIAN_POINT('',(95.6001651812041,0.299999999999998,7.73589086203656));
#7285=CARTESIAN_POINT('',(95.6001651812041,-1.66533453693773E-15,7.73589086203656));
#7286=CARTESIAN_POINT('',(98.4137250178795,0.299999999999999,9.95905308961746));
#7287=CARTESIAN_POINT('Origin',(93.8807206102111,-2.22044604925031E-15,
9.50753819094347));
#7288=CARTESIAN_POINT('',(93.8807206102111,-2.22044604925031E-15,9.50753819094347));
#7289=CARTESIAN_POINT('',(115.599121688758,2.77555756156289E-15,-12.8702388587214));
#7290=CARTESIAN_POINT('',(93.8807206102111,0.299999999999998,9.50753819094347));
#7291=CARTESIAN_POINT('',(93.8807206102111,-2.22044604925031E-15,9.50753819094347));
#7292=CARTESIAN_POINT('',(95.6001651812041,0.299999999999998,7.73589086203656));
#7293=CARTESIAN_POINT('Origin',(92.682394615111,-2.4980018054066E-15,9.29905180330438));
#7294=CARTESIAN_POINT('',(92.682394615111,-2.4980018054066E-15,9.29905180330438));
#7295=CARTESIAN_POINT('',(138.198407053486,7.7715611723761E-15,17.2179895980392));
#7296=CARTESIAN_POINT('',(92.682394615111,0.299999999999997,9.29905180330438));
#7297=CARTESIAN_POINT('',(92.682394615111,-2.4980018054066E-15,9.29905180330438));
#7298=CARTESIAN_POINT('',(93.8807206102111,0.299999999999998,9.50753819094347));
#7299=CARTESIAN_POINT('Origin',(92.1092680677145,-2.4980018054066E-15,8.48276688726621));
#7300=CARTESIAN_POINT('',(92.1092680677145,-2.4980018054066E-15,8.48276688726621));
#7301=CARTESIAN_POINT('',(108.43732951982,1.11022302462516E-15,31.7382770918516));
#7302=CARTESIAN_POINT('',(92.1092680677145,0.299999999999997,8.48276688726621));
#7303=CARTESIAN_POINT('',(92.1092680677145,-2.4980018054066E-15,8.48276688726621));
#7304=CARTESIAN_POINT('',(92.682394615111,0.299999999999997,9.29905180330438));
#7305=CARTESIAN_POINT('Origin',(93.0470997036718,-2.22044604925031E-15,
8.74326124640916));
#7306=CARTESIAN_POINT('',(93.0470997036718,-2.22044604925031E-15,8.74326124640916));
#7307=CARTESIAN_POINT('',(136.614537020379,7.21644966006352E-15,20.8446568788263));
#7308=CARTESIAN_POINT('',(93.0470997036718,0.299999999999998,8.74326124640916));
#7309=CARTESIAN_POINT('',(93.0470997036718,-2.22044604925031E-15,8.74326124640916));
#7310=CARTESIAN_POINT('',(92.1092680677145,0.299999999999997,8.48276688726621));
#7311=CARTESIAN_POINT('Origin',(93.4813435406478,-2.22044604925031E-15,
7.56227124181018));
#7312=CARTESIAN_POINT('',(93.4813435406478,-2.22044604925031E-15,7.56227124181018));
#7313=CARTESIAN_POINT('',(98.2720174493264,-1.11022302462516E-15,-5.46667130079648));
#7314=CARTESIAN_POINT('',(93.4813435406478,0.299999999999998,7.56227124181018));
#7315=CARTESIAN_POINT('',(93.4813435406478,-2.22044604925031E-15,7.56227124181018));
#7316=CARTESIAN_POINT('',(93.0470997036718,0.299999999999998,8.74326124640916));
#7317=CARTESIAN_POINT('Origin',(90.3550865869156,-3.05311331771918E-15,
7.14542832413876));
#7318=CARTESIAN_POINT('',(90.3550865869156,-3.05311331771918E-15,7.14542832413876));
#7319=CARTESIAN_POINT('',(137.660173864663,7.49400541621981E-15,13.4529042908907));
#7320=CARTESIAN_POINT('',(90.3550865869156,0.299999999999997,7.14542832413876));
#7321=CARTESIAN_POINT('',(90.3550865869156,-3.05311331771918E-15,7.14542832413876));
#7322=CARTESIAN_POINT('',(93.4813435406478,0.299999999999998,7.56227124181018));
#7323=CARTESIAN_POINT('Origin',(89.4519918607642,-3.05311331771918E-15,
9.1600392352772));
#7324=CARTESIAN_POINT('',(89.4519918607642,-3.05311331771918E-15,9.1600392352772));
#7325=CARTESIAN_POINT('',(96.9993935286775,-1.38777878078145E-15,-7.67659739942047));
#7326=CARTESIAN_POINT('',(89.4519918607642,0.299999999999997,9.1600392352772));
#7327=CARTESIAN_POINT('',(89.4519918607642,-3.05311331771918E-15,9.1600392352772));
#7328=CARTESIAN_POINT('',(90.3550865869156,0.299999999999997,7.14542832413876));
#7329=CARTESIAN_POINT('Origin',(90.5981800267539,-2.77555756156289E-15,
9.71582979217243));
#7330=CARTESIAN_POINT('',(90.5981800267539,-2.77555756156289E-15,9.71582979217243));
#7331=CARTESIAN_POINT('',(129.666666160763,5.82867087928207E-15,28.6602721706417));
#7332=CARTESIAN_POINT('',(90.5981800267539,0.299999999999997,9.71582979217243));
#7333=CARTESIAN_POINT('',(90.5981800267539,-2.77555756156289E-15,9.71582979217243));
#7334=CARTESIAN_POINT('',(89.4519918607642,0.299999999999997,9.1600392352772));
#7335=CARTESIAN_POINT('Origin',(88.3056738371678,-3.33066907387547E-15,
9.64635597256053));
#7336=CARTESIAN_POINT('',(88.3056738371678,-3.33066907387547E-15,9.64635597256053));
#7337=CARTESIAN_POINT('',(137.143648505934,7.49400541621981E-15,11.1263784291024));
#7338=CARTESIAN_POINT('',(88.3056738371678,0.299999999999997,9.64635597256053));
#7339=CARTESIAN_POINT('',(88.3056738371678,-3.33066907387547E-15,9.64635597256053));
#7340=CARTESIAN_POINT('',(90.5981800267539,0.299999999999997,9.71582979217243));
#7341=CARTESIAN_POINT('Origin',(88.0277785587202,-3.33066907387547E-15,
7.42325867378299));
#7342=CARTESIAN_POINT('',(88.0277785587202,-3.33066907387547E-15,7.42325867378299));
#7343=CARTESIAN_POINT('',(89.0631079693858,-3.33066907387547E-15,15.705652059713));
#7344=CARTESIAN_POINT('',(88.0277785587202,0.299999999999997,7.42325867378299));
#7345=CARTESIAN_POINT('',(88.0277785587202,-3.33066907387547E-15,7.42325867378299));
#7346=CARTESIAN_POINT('',(88.3056738371678,0.299999999999997,9.64635597256053));
#7347=CARTESIAN_POINT('Origin',(85.4227051096836,-3.88578058618805E-15,
8.11799686990203));
#7348=CARTESIAN_POINT('',(85.4227051096836,-3.88578058618805E-15,8.11799686990203));
#7349=CARTESIAN_POINT('',(131.888952782951,6.38378239159465E-15,-4.27392900876709));
#7350=CARTESIAN_POINT('',(85.4227051096836,0.299999999999996,8.11799686990203));
#7351=CARTESIAN_POINT('',(85.4227051096836,-3.88578058618805E-15,8.11799686990203));
#7352=CARTESIAN_POINT('',(88.0277785587202,0.299999999999997,7.42325867378299));
#7353=CARTESIAN_POINT('Origin',(83.7900703488047,-4.44089209850063E-15,
7.77069270064589));
#7354=CARTESIAN_POINT('',(83.7900703488047,-4.44089209850063E-15,7.77069270064589));
#7355=CARTESIAN_POINT('',(133.112899458176,6.66133814775094E-15,18.2629501238325));
#7356=CARTESIAN_POINT('',(83.7900703488047,0.299999999999996,7.77069270064589));
#7357=CARTESIAN_POINT('',(83.7900703488047,-4.44089209850063E-15,7.77069270064589));
#7358=CARTESIAN_POINT('',(85.4227051096836,0.299999999999996,8.11799686990203));
#7359=CARTESIAN_POINT('Origin',(82.6437523252076,-4.71844785465692E-15,
9.12536725427463));
#7360=CARTESIAN_POINT('',(82.6437523252076,-4.71844785465692E-15,9.12536725427463));
#7361=CARTESIAN_POINT('',(103.498457217973,0.,-15.5199209293931));
#7362=CARTESIAN_POINT('',(82.6437523252076,0.299999999999995,9.12536725427463));
#7363=CARTESIAN_POINT('',(82.6437523252076,-4.71844785465692E-15,9.12536725427463));
#7364=CARTESIAN_POINT('',(83.7900703488047,0.299999999999996,7.77069270064589));
#7365=CARTESIAN_POINT('Origin',(82.4006588853697,-4.71844785465692E-15,
7.73589086203656));
#7366=CARTESIAN_POINT('',(82.4006588853697,-4.71844785465692E-15,7.73589086203656));
#7367=CARTESIAN_POINT('',(84.3010191817106,-4.16333634234434E-15,18.5979929832193));
#7368=CARTESIAN_POINT('',(82.4006588853697,0.299999999999995,7.73589086203656));
#7369=CARTESIAN_POINT('',(82.4006588853697,-4.71844785465692E-15,7.73589086203656));
#7370=CARTESIAN_POINT('',(82.6437523252076,0.299999999999995,9.12536725427463));
#7371=CARTESIAN_POINT('Origin',(83.6164507285777,-4.44089209850063E-15,
6.13805793976616));
#7372=CARTESIAN_POINT('',(83.6164507285777,-4.44089209850063E-15,6.13805793976616));
#7373=CARTESIAN_POINT('',(100.974797703181,-5.55111512312578E-16,-16.6748424980449));
#7374=CARTESIAN_POINT('',(83.6164507285777,0.299999999999996,6.13805793976616));
#7375=CARTESIAN_POINT('',(83.6164507285777,-4.44089209850063E-15,6.13805793976616));
#7376=CARTESIAN_POINT('',(82.4006588853697,0.299999999999995,7.73589086203656));
#7377=CARTESIAN_POINT('Origin',(84.4848085449237,-4.16333634234434E-15,
6.3464144697985));
#7378=CARTESIAN_POINT('',(84.4848085449237,-4.16333634234434E-15,6.3464144697985));
#7379=CARTESIAN_POINT('',(133.120579938029,6.66133814775094E-15,18.0162357947933));
#7380=CARTESIAN_POINT('',(84.4848085449237,0.299999999999996,6.3464144697985));
#7381=CARTESIAN_POINT('',(84.4848085449237,-4.16333634234434E-15,6.3464144697985));
#7382=CARTESIAN_POINT('',(83.6164507285777,0.299999999999996,6.13805793976616));
#7383=CARTESIAN_POINT('Origin',(85.2488907030477,-4.16333634234434E-15,
4.60969883710767));
#7384=CARTESIAN_POINT('',(85.2488907030477,-4.16333634234434E-15,4.60969883710767));
#7385=CARTESIAN_POINT('',(92.0563559717618,-2.4980018054066E-15,-10.8632856128896));
#7386=CARTESIAN_POINT('',(85.2488907030477,0.299999999999996,4.60969883710767));
#7387=CARTESIAN_POINT('',(85.2488907030477,-4.16333634234434E-15,4.60969883710767));
#7388=CARTESIAN_POINT('',(84.4848085449237,0.299999999999996,6.3464144697985));
#7389=CARTESIAN_POINT('Origin',(81.5669730500267,-4.9960036108132E-15,4.60969883710766));
#7390=CARTESIAN_POINT('',(81.5669730500267,-4.9960036108132E-15,4.60969883710766));
#7391=CARTESIAN_POINT('',(133.783486525013,6.66133814775094E-15,4.60969883710771));
#7392=CARTESIAN_POINT('',(81.5669730500267,0.299999999999995,4.60969883710766));
#7393=CARTESIAN_POINT('',(81.5669730500267,-4.9960036108132E-15,4.60969883710766));
#7394=CARTESIAN_POINT('',(85.2488907030477,0.299999999999996,4.60969883710767));
#7395=CARTESIAN_POINT('Origin',(83.4079643409387,-4.44089209850063E-15,
3.15081355406107));
#7396=CARTESIAN_POINT('',(83.4079643409387,-4.44089209850063E-15,3.15081355406107));
#7397=CARTESIAN_POINT('',(112.763402166306,1.94289029309402E-15,-20.1117713545299));
#7398=CARTESIAN_POINT('',(83.4079643409387,0.299999999999996,3.15081355406107));
#7399=CARTESIAN_POINT('',(83.4079643409387,-4.44089209850063E-15,3.15081355406107));
#7400=CARTESIAN_POINT('',(81.5669730500267,0.299999999999995,4.60969883710766));
#7401=CARTESIAN_POINT('Origin',(86.6384320240888,-3.60822483003176E-15,
3.25502428347893));
#7402=CARTESIAN_POINT('',(86.6384320240888,-3.60822483003176E-15,3.25502428347893));
#7403=CARTESIAN_POINT('',(136.408474913603,7.21644966006352E-15,4.86054180644526));
#7404=CARTESIAN_POINT('',(86.6384320240888,0.299999999999996,3.25502428347893));
#7405=CARTESIAN_POINT('',(86.6384320240888,-3.60822483003176E-15,3.25502428347893));
#7406=CARTESIAN_POINT('',(83.4079643409387,0.299999999999996,3.15081355406107));
#7407=CARTESIAN_POINT('Origin',(85.7005354593277,-3.88578058618805E-15,
4.366540468466));
#7408=CARTESIAN_POINT('',(85.7005354593277,-3.88578058618805E-15,4.366540468466));
#7409=CARTESIAN_POINT('',(104.675984872601,2.77555756156289E-16,-18.1215674239408));
#7410=CARTESIAN_POINT('',(85.7005354593277,0.299999999999996,4.366540468466));
#7411=CARTESIAN_POINT('',(85.7005354593277,-3.88578058618805E-15,4.366540468466));
#7412=CARTESIAN_POINT('',(86.6384320240888,0.299999999999996,3.25502428347893));
#7413=CARTESIAN_POINT('Origin',(87.2636314717926,-3.60822483003176E-15,
4.50548810768981));
#7414=CARTESIAN_POINT('',(87.2636314717926,-3.60822483003176E-15,4.50548810768981));
#7415=CARTESIAN_POINT('',(136.575263845652,7.21644966006352E-15,8.88892639297931));
#7416=CARTESIAN_POINT('',(87.2636314717926,0.299999999999996,4.50548810768981));
#7417=CARTESIAN_POINT('',(87.2636314717926,-3.60822483003176E-15,4.50548810768981));
#7418=CARTESIAN_POINT('',(85.7005354593277,0.299999999999996,4.366540468466));
#7419=CARTESIAN_POINT('Origin',(89.590939499988,-3.05311331771918E-15,5.92963648093045));
#7420=CARTESIAN_POINT('',(89.590939499988,-3.05311331771918E-15,5.92963648093045));
#7421=CARTESIAN_POINT('',(126.01392159012,4.9960036108132E-15,28.2179326857334));
#7422=CARTESIAN_POINT('',(89.590939499988,0.299999999999997,5.92963648093045));
#7423=CARTESIAN_POINT('',(89.590939499988,-3.05311331771918E-15,5.92963648093045));
#7424=CARTESIAN_POINT('',(87.2636314717926,0.299999999999996,4.50548810768981));
#7425=CARTESIAN_POINT('Origin',(91.5013396817086,-2.77555756156289E-15,
5.8254257515126));
#7426=CARTESIAN_POINT('',(91.5013396817086,-2.77555756156289E-15,5.8254257515126));
#7427=CARTESIAN_POINT('',(138.442582032957,7.7715611723761E-15,3.26482030768448));
#7428=CARTESIAN_POINT('',(91.5013396817086,0.299999999999997,5.8254257515126));
#7429=CARTESIAN_POINT('',(91.5013396817086,-2.77555756156289E-15,5.8254257515126));
#7430=CARTESIAN_POINT('',(89.590939499988,0.299999999999997,5.92963648093045));
#7431=CARTESIAN_POINT('Origin',(90.9455491248134,-2.77555756156289E-15,
6.3464144697985));
#7432=CARTESIAN_POINT('',(90.9455491248134,-2.77555756156289E-15,6.3464144697985));
#7433=CARTESIAN_POINT('',(114.833206919757,2.4980018054066E-15,-16.0454740987337));
#7434=CARTESIAN_POINT('',(90.9455491248134,0.299999999999997,6.3464144697985));
#7435=CARTESIAN_POINT('',(90.9455491248134,-2.77555756156289E-15,6.3464144697985));
#7436=CARTESIAN_POINT('',(91.5013396817086,0.299999999999997,5.8254257515126));
#7437=CARTESIAN_POINT('Origin',(92.8212773255314,-2.4980018054066E-15,5.9643733907364));
#7438=CARTESIAN_POINT('',(92.8212773255314,-2.4980018054066E-15,5.9643733907364));
#7439=CARTESIAN_POINT('',(136.964736180709,7.49400541621981E-15,-3.02659590220779));
#7440=CARTESIAN_POINT('',(92.8212773255314,0.299999999999997,5.9643733907364));
#7441=CARTESIAN_POINT('',(92.8212773255314,-2.4980018054066E-15,5.9643733907364));
#7442=CARTESIAN_POINT('',(90.9455491248134,0.299999999999997,6.3464144697985));
#7443=CARTESIAN_POINT('Origin',(92.1613409680217,-2.4980018054066E-15,6.48542703782568));
#7444=CARTESIAN_POINT('',(92.1613409680217,-2.4980018054066E-15,6.48542703782568));
#7445=CARTESIAN_POINT('',(119.722354107397,3.60822483003176E-15,-15.2754083068696));
#7446=CARTESIAN_POINT('',(92.1613409680217,0.299999999999997,6.48542703782568));
#7447=CARTESIAN_POINT('',(92.1613409680217,-2.4980018054066E-15,6.48542703782568));
#7448=CARTESIAN_POINT('',(92.8212773255314,0.299999999999997,5.9643733907364));
#7449=CARTESIAN_POINT('Origin',(95.5654282713982,-1.66533453693773E-15,
6.45069012801973));
#7450=CARTESIAN_POINT('',(95.5654282713982,-1.66533453693773E-15,6.45069012801973));
#7451=CARTESIAN_POINT('',(140.749695157049,8.32667268468867E-15,5.9896085917448));
#7452=CARTESIAN_POINT('',(95.5654282713982,0.299999999999998,6.45069012801973));
#7453=CARTESIAN_POINT('',(95.5654282713982,-1.66533453693773E-15,6.45069012801973));
#7454=CARTESIAN_POINT('',(92.1613409680217,0.299999999999997,6.48542703782568));
#7455=CARTESIAN_POINT('Origin',(97.8927362995936,-1.11022302462516E-15,
4.78338338613741));
#7456=CARTESIAN_POINT('',(97.8927362995936,-1.11022302462516E-15,4.78338338613741));
#7457=CARTESIAN_POINT('',(125.296527923838,4.71844785465692E-15,-14.8489669408061));
#7458=CARTESIAN_POINT('',(97.8927362995936,0.299999999999999,4.78338338613741));
#7459=CARTESIAN_POINT('',(97.8927362995936,-1.11022302462516E-15,4.78338338613741));
#7460=CARTESIAN_POINT('',(95.5654282713982,0.299999999999998,6.45069012801973));
#7461=CARTESIAN_POINT('Origin',(100.740968117271,-5.55111512312578E-16,
3.67186720115034));
#7462=CARTESIAN_POINT('',(100.740968117271,-5.55111512312578E-16,3.67186720115034));
#7463=CARTESIAN_POINT('',(136.326089328014,7.21644966006352E-15,-10.2151478672771));
#7464=CARTESIAN_POINT('',(100.740968117271,0.299999999999999,3.67186720115034));
#7465=CARTESIAN_POINT('',(100.740968117271,-5.55111512312578E-16,3.67186720115034));
#7466=CARTESIAN_POINT('',(97.8927362995936,0.299999999999999,4.78338338613741));
#7467=CARTESIAN_POINT('Origin',(101.817877250059,-2.77555756156289E-16,
3.4286439037053));
#7468=CARTESIAN_POINT('',(101.817877250059,-2.77555756156289E-16,3.4286439037053));
#7469=CARTESIAN_POINT('',(140.945137525202,8.32667268468867E-15,-5.40837026430889));
#7470=CARTESIAN_POINT('',(101.817877250059,0.3,3.4286439037053));
#7471=CARTESIAN_POINT('',(101.817877250059,-2.77555756156289E-16,3.4286439037053));
#7472=CARTESIAN_POINT('',(100.740968117271,0.299999999999999,3.67186720115034));
#7473=CARTESIAN_POINT('Origin',(102.477748678766,-2.77555756156289E-16,
3.04660282464321));
#7474=CARTESIAN_POINT('',(102.477748678766,-2.77555756156289E-16,3.04660282464321));
#7475=CARTESIAN_POINT('',(131.813683816421,6.38378239159465E-15,-13.9378153933991));
#7476=CARTESIAN_POINT('',(102.477748678766,0.3,3.04660282464321));
#7477=CARTESIAN_POINT('',(102.477748678766,-2.77555756156289E-16,3.04660282464321));
#7478=CARTESIAN_POINT('',(101.817877250059,0.3,3.4286439037053));
#7479=CARTESIAN_POINT('Origin',(103.485183991942,0.,2.97712900503131));
#7480=CARTESIAN_POINT('',(144.237674817745,9.15933995315754E-15,0.166793533027609));
#7481=CARTESIAN_POINT('',(102.477748678766,0.3,3.04660282464321));
#7482=CARTESIAN_POINT('Origin',(92.5260785209842,0.299999999999997,6.46809104732439));
#7483=CARTESIAN_POINT('Origin',(92.9999999999997,24.,5.00000000000033));
#7484=CARTESIAN_POINT('',(83.9999999999996,24.,5.00000000000033));
#7485=CARTESIAN_POINT('Origin',(92.9999999999997,24.,5.00000000000033));
#7486=CARTESIAN_POINT('',(83.9999999999996,24.,3.00000000000033));
#7487=CARTESIAN_POINT('',(83.9999999999996,24.,5.00000000000033));
#7488=CARTESIAN_POINT('Origin',(92.9999999999997,24.,3.00000000000033));
#7489=CARTESIAN_POINT('Origin',(92.9999999999997,24.,3.00000000000033));
#7490=CARTESIAN_POINT('Origin',(46.4999999999996,43.75,0.250000000000343));
#7491=CARTESIAN_POINT('',(186.,44.,0.500000000000294));
#7492=CARTESIAN_POINT('',(186.,43.5,2.93098878501041E-13));
#7493=CARTESIAN_POINT('',(186.,46.75,3.2500000000003));
#7494=CARTESIAN_POINT('',(-3.5527136788005E-13,43.5,3.574918139293E-13));
#7495=CARTESIAN_POINT('',(46.4999999999996,43.5,3.41948691584548E-13));
#7496=CARTESIAN_POINT('',(-3.5527136788005E-13,44.,0.500000000000358));
#7497=CARTESIAN_POINT('',(-3.5527136788005E-13,36.25,-7.24999999999964));
#7498=CARTESIAN_POINT('',(46.4999999999996,44.,0.500000000000342));
#7499=CARTESIAN_POINT('Origin',(-3.5527136788005E-13,44.,12.0000000000004));
#7500=CARTESIAN_POINT('',(-3.5527136788005E-13,44.,11.5000000000004));
#7501=CARTESIAN_POINT('',(-3.5527136788005E-13,44.,12.0000000000004));
#7502=CARTESIAN_POINT('',(186.,44.,11.5000000000003));
#7503=CARTESIAN_POINT('',(46.4999999999996,44.,11.5000000000003));
#7504=CARTESIAN_POINT('',(186.,44.,12.0000000000003));
#7505=CARTESIAN_POINT('Origin',(-3.5527136788005E-13,1.99999999999998,12.0000000000004));
#7506=CARTESIAN_POINT('',(-3.5527136788005E-13,0.499999999999977,3.574918139293E-13));
#7507=CARTESIAN_POINT('',(-3.5527136788005E-13,1.99999999999998,3.574918139293E-13));
#7508=CARTESIAN_POINT('',(-3.5527136788005E-13,-2.3037127760972E-14,0.500000000000358));
#7509=CARTESIAN_POINT('',(-3.5527136788005E-13,-2.25000000000002,2.75000000000036));
#7510=CARTESIAN_POINT('',(-3.5527136788005E-13,-2.3037127760972E-14,11.5000000000004));
#7511=CARTESIAN_POINT('',(-3.5527136788005E-13,-2.3037127760972E-14,12.0000000000004));
#7512=CARTESIAN_POINT('',(-3.5527136788005E-13,0.749999999999977,12.2500000000004));
#7513=CARTESIAN_POINT('',(-3.5527136788005E-13,33.25,22.2500000000004));
#7514=CARTESIAN_POINT('',(-3.5527136788005E-13,26.,7.00000000000036));
#7515=CARTESIAN_POINT('Origin',(-3.5527136788005E-13,23.,7.00000000000036));
#7516=CARTESIAN_POINT('',(-3.5527136788005E-13,35.7,7.00000000000036));
#7517=CARTESIAN_POINT('Origin',(-3.5527136788005E-13,33.,7.00000000000036));
#7518=CARTESIAN_POINT('',(-3.5527136788005E-13,15.7,7.00000000000036));
#7519=CARTESIAN_POINT('Origin',(-3.5527136788005E-13,13.,7.00000000000036));
#7520=CARTESIAN_POINT('Origin',(46.4999999999996,43.75,11.7500000000003));
#7521=CARTESIAN_POINT('',(186.,43.75,11.7500000000003));
#7522=CARTESIAN_POINT('Origin',(139.5,0.250000000000008,11.7500000000003));
#7523=CARTESIAN_POINT('',(186.,1.83186799063151E-14,11.5000000000003));
#7524=CARTESIAN_POINT('',(139.5,8.04911692853238E-15,11.5000000000003));
#7525=CARTESIAN_POINT('',(186.,11.25,22.7500000000003));
#7526=CARTESIAN_POINT('Origin',(186.,1.83186799063151E-14,12.0000000000003));
#7527=CARTESIAN_POINT('',(186.,1.83186799063151E-14,0.500000000000294));
#7528=CARTESIAN_POINT('',(139.5,8.04911692853238E-15,0.500000000000309));
#7529=CARTESIAN_POINT('',(186.,1.83186799063151E-14,12.0000000000003));
#7530=CARTESIAN_POINT('',(180.,1.69309011255336E-14,8.0000000000003));
#7531=CARTESIAN_POINT('Origin',(180.,1.69309011255336E-14,6.0000000000003));
#7532=CARTESIAN_POINT('',(5.99999999999966,-2.16493489801906E-14,8.00000000000036));
#7533=CARTESIAN_POINT('Origin',(5.99999999999966,-2.16493489801906E-14,
6.00000000000036));
#7534=CARTESIAN_POINT('Origin',(139.5,0.250000000000008,0.25000000000031));
#7535=CARTESIAN_POINT('',(186.,0.500000000000018,2.93098878501041E-13));
#7536=CARTESIAN_POINT('',(139.5,0.500000000000008,3.08642000845794E-13));
#7537=CARTESIAN_POINT('',(186.,8.25,-7.74999999999971));
#7538=CARTESIAN_POINT('Origin',(92.9999999999997,23.,3.24185123190546E-13));
#7539=CARTESIAN_POINT('',(186.,44.,2.93098878501041E-13));
#7540=CARTESIAN_POINT('Origin',(180.,0.850000000000017,6.0000000000003));
#7541=CARTESIAN_POINT('',(180.,0.700000000000017,8.0000000000003));
#7542=CARTESIAN_POINT('Origin',(180.,0.700000000000017,6.0000000000003));
#7543=CARTESIAN_POINT('',(180.,1.00000000000002,8.5000000000003));
#7544=CARTESIAN_POINT('',(180.,0.850000000000017,8.2500000000003));
#7545=CARTESIAN_POINT('',(180.,1.00000000000002,3.5000000000003));
#7546=CARTESIAN_POINT('Origin',(180.,1.00000000000002,6.0000000000003));
#7547=CARTESIAN_POINT('Origin',(180.,1.00000000000002,6.0000000000003));
#7548=CARTESIAN_POINT('Origin',(180.,1.69309011255336E-14,6.0000000000003));
#7549=CARTESIAN_POINT('',(180.,1.69309011255336E-14,8.00000000000029));
#7550=CARTESIAN_POINT('Origin',(5.99999999999966,0.849999999999979,6.00000000000036));
#7551=CARTESIAN_POINT('',(5.99999999999966,0.699999999999978,8.00000000000036));
#7552=CARTESIAN_POINT('Origin',(5.99999999999966,0.699999999999978,6.00000000000036));
#7553=CARTESIAN_POINT('',(5.99999999999966,0.999999999999979,8.50000000000036));
#7554=CARTESIAN_POINT('',(5.99999999999966,0.849999999999979,8.25000000000036));
#7555=CARTESIAN_POINT('',(5.99999999999966,0.999999999999978,3.50000000000036));
#7556=CARTESIAN_POINT('Origin',(5.99999999999966,0.999999999999978,6.00000000000036));
#7557=CARTESIAN_POINT('Origin',(5.99999999999966,0.999999999999978,6.00000000000036));
#7558=CARTESIAN_POINT('Origin',(5.99999999999966,-2.16493489801906E-14,
6.00000000000036));
#7559=CARTESIAN_POINT('',(5.99999999999966,-2.16493489801906E-14,8.00000000000036));
#7560=CARTESIAN_POINT('Origin',(5.99999999999966,2.99999999999998,6.00000000000036));
#7561=CARTESIAN_POINT('',(5.99999999999966,5.99999999999998,3.50000000000036));
#7562=CARTESIAN_POINT('',(5.99999999999966,2.99999999999998,3.50000000000036));
#7563=CARTESIAN_POINT('Origin',(5.99999999999966,5.99999999999998,6.00000000000036));
#7564=CARTESIAN_POINT('Origin',(5.99999999999966,5.99999999999998,6.00000000000036));
#7565=CARTESIAN_POINT('Origin',(180.,3.00000000000002,6.0000000000003));
#7566=CARTESIAN_POINT('',(180.,6.00000000000002,3.5000000000003));
#7567=CARTESIAN_POINT('',(180.,3.00000000000002,3.5000000000003));
#7568=CARTESIAN_POINT('Origin',(180.,6.00000000000002,6.0000000000003));
#7569=CARTESIAN_POINT('Origin',(180.,6.00000000000002,6.0000000000003));
#7570=CARTESIAN_POINT('Origin',(12.4999999999996,36.9,12.0000000000004));
#7571=CARTESIAN_POINT('',(12.4999999999996,36.9,2.50000000000035));
#7572=CARTESIAN_POINT('',(12.4999999999996,35.7,7.00000000000036));
#7573=CARTESIAN_POINT('Origin',(12.4999999999996,33.,7.00000000000036));
#7574=CARTESIAN_POINT('Origin',(17.9999999999997,29.1,12.0000000000004));
#7575=CARTESIAN_POINT('',(17.9999999999997,36.9,2.50000000000035));
#7576=CARTESIAN_POINT('',(17.9999999999997,35.7,7.00000000000035));
#7577=CARTESIAN_POINT('Origin',(17.9999999999997,33.,7.00000000000035));
#7578=CARTESIAN_POINT('Origin',(15.2499999999997,33.,2.50000000000035));
#7579=CARTESIAN_POINT('Origin',(17.9999999999997,9.09999999999998,12.0000000000004));
#7580=CARTESIAN_POINT('',(17.9999999999997,16.9,2.50000000000035));
#7581=CARTESIAN_POINT('',(17.9999999999997,15.7,7.00000000000035));
#7582=CARTESIAN_POINT('Origin',(17.9999999999997,13.,7.00000000000035));
#7583=CARTESIAN_POINT('Origin',(12.4999999999996,16.9,12.0000000000004));
#7584=CARTESIAN_POINT('',(12.4999999999996,16.9,2.50000000000035));
#7585=CARTESIAN_POINT('',(12.4999999999996,15.7,7.00000000000036));
#7586=CARTESIAN_POINT('Origin',(12.4999999999996,13.,7.00000000000036));
#7587=CARTESIAN_POINT('Origin',(15.2499999999997,13.,2.50000000000035));
#7588=CARTESIAN_POINT('Origin',(9.99999999999964,33.,7.00000000000036));
#7589=CARTESIAN_POINT('',(19.9999999999996,35.7,7.00000000000035));
#7590=CARTESIAN_POINT('Origin',(19.9999999999996,33.,7.00000000000035));
#7591=CARTESIAN_POINT('',(9.99999999999964,35.7,7.00000000000036));
#7592=CARTESIAN_POINT('Origin',(9.99999999999964,13.,7.00000000000036));
#7593=CARTESIAN_POINT('',(9.99999999999964,15.7,7.00000000000036));
#7594=CARTESIAN_POINT('Origin',(8.75107577378365,23.,7.00000000000036));
#7595=CARTESIAN_POINT('',(9.50215154756865,23.,7.00000000000036));
#7596=CARTESIAN_POINT('',(7.99999999999965,25.5,7.00000000000036));
#7597=CARTESIAN_POINT('',(8.75107577378365,24.25,7.00000000000036));
#7598=CARTESIAN_POINT('Origin',(7.99999999999965,23.,7.00000000000036));
#7599=CARTESIAN_POINT('Origin',(0.249999999999666,23.,7.00000000000036));
#7600=CARTESIAN_POINT('',(0.499999999999652,25.5,7.00000000000036));
#7601=CARTESIAN_POINT('Origin',(0.499999999999652,23.,7.00000000000036));
#7602=CARTESIAN_POINT('',(0.249999999999665,25.75,7.00000000000036));
#7603=CARTESIAN_POINT('Origin',(3.99999999999967,23.,7.00000000000036));
#7604=CARTESIAN_POINT('',(3.99999999999967,25.5,7.00000000000036));
#7605=CARTESIAN_POINT('Origin',(9.99999999999964,33.,7.00000000000036));
#7606=CARTESIAN_POINT('',(9.99999999999964,35.7,7.00000000000036));
#7607=CARTESIAN_POINT('Origin',(19.9999999999996,33.,7.00000000000035));
#7608=CARTESIAN_POINT('Origin',(9.99999999999964,13.,7.00000000000036));
#7609=CARTESIAN_POINT('',(19.9999999999996,15.7,7.00000000000035));
#7610=CARTESIAN_POINT('Origin',(19.9999999999996,13.,7.00000000000035));
#7611=CARTESIAN_POINT('',(9.99999999999964,15.7,7.00000000000036));
#7612=CARTESIAN_POINT('Origin',(19.9999999999996,13.,7.00000000000035));
#7613=CARTESIAN_POINT('Origin',(92.9999999999997,24.,8.50000000000033));
#7614=CARTESIAN_POINT('',(81.8999999999997,24.,5.00000000000033));
#7615=CARTESIAN_POINT('',(81.8999999999997,24.,8.50000000000033));
#7616=CARTESIAN_POINT('Origin',(92.9999999999997,24.,5.00000000000033));
#7617=CARTESIAN_POINT('Origin',(92.9999999999997,24.,5.00000000000033));
#7618=CARTESIAN_POINT('Origin',(126.,24.,1.50000000000031));
#7619=CARTESIAN_POINT('Origin',(59.9999999999996,24.,6.75000000000034));
#7620=CARTESIAN_POINT('',(53.8999999999997,24.,1.50000000000034));
#7621=CARTESIAN_POINT('',(53.8999999999996,24.,6.75000000000034));
#7622=CARTESIAN_POINT('Origin',(59.9999999999996,24.,1.50000000000034));
#7623=CARTESIAN_POINT('Origin',(59.9999999999996,24.,1.50000000000034));
#7624=CARTESIAN_POINT('Origin',(173.5,36.9,12.0000000000003));
#7625=CARTESIAN_POINT('',(173.5,36.9,2.5000000000003));
#7626=CARTESIAN_POINT('',(173.5,35.7,7.0000000000003));
#7627=CARTESIAN_POINT('Origin',(173.5,33.,7.0000000000003));
#7628=CARTESIAN_POINT('Origin',(168.,29.1,12.0000000000003));
#7629=CARTESIAN_POINT('',(168.,36.9,2.5000000000003));
#7630=CARTESIAN_POINT('',(168.,35.7,7.0000000000003));
#7631=CARTESIAN_POINT('Origin',(168.,33.,7.0000000000003));
#7632=CARTESIAN_POINT('Origin',(170.75,33.,2.5000000000003));
#7633=CARTESIAN_POINT('Origin',(168.,9.10000000000001,12.0000000000003));
#7634=CARTESIAN_POINT('',(168.,16.9,2.5000000000003));
#7635=CARTESIAN_POINT('',(168.,15.7,7.0000000000003));
#7636=CARTESIAN_POINT('Origin',(168.,13.,7.0000000000003));
#7637=CARTESIAN_POINT('Origin',(173.5,16.9,12.0000000000003));
#7638=CARTESIAN_POINT('',(173.5,9.10000000000002,2.5000000000003));
#7639=CARTESIAN_POINT('',(173.5,15.7,7.0000000000003));
#7640=CARTESIAN_POINT('Origin',(173.5,13.,7.0000000000003));
#7641=CARTESIAN_POINT('Origin',(170.75,13.,2.5000000000003));
#7642=CARTESIAN_POINT('Origin',(176.,33.,7.0000000000003));
#7643=CARTESIAN_POINT('',(166.,35.7,7.0000000000003));
#7644=CARTESIAN_POINT('',(176.,35.7,7.0000000000003));
#7645=CARTESIAN_POINT('Origin',(166.,33.,7.0000000000003));
#7646=CARTESIAN_POINT('Origin',(176.,13.,7.0000000000003));
#7647=CARTESIAN_POINT('',(186.,15.7,7.00000000000029));
#7648=CARTESIAN_POINT('Origin',(186.,13.,7.00000000000029));
#7649=CARTESIAN_POINT('',(176.,15.7,7.0000000000003));
#7650=CARTESIAN_POINT('Origin',(177.248924226215,23.,7.0000000000003));
#7651=CARTESIAN_POINT('',(176.497848452431,23.,7.0000000000003));
#7652=CARTESIAN_POINT('',(178.,25.5,7.0000000000003));
#7653=CARTESIAN_POINT('',(177.248924226215,24.25,7.0000000000003));
#7654=CARTESIAN_POINT('Origin',(178.,23.,7.0000000000003));
#7655=CARTESIAN_POINT('Origin',(185.75,23.,7.00000000000029));
#7656=CARTESIAN_POINT('',(185.5,25.5,7.00000000000029));
#7657=CARTESIAN_POINT('Origin',(185.5,23.,7.00000000000029));
#7658=CARTESIAN_POINT('',(186.,26.,7.00000000000029));
#7659=CARTESIAN_POINT('',(185.75,25.75,7.00000000000029));
#7660=CARTESIAN_POINT('Origin',(186.,23.,7.00000000000029));
#7661=CARTESIAN_POINT('Origin',(182.,23.,7.0000000000003));
#7662=CARTESIAN_POINT('',(182.,25.5,7.0000000000003));
#7663=CARTESIAN_POINT('Origin',(176.,33.,7.0000000000003));
#7664=CARTESIAN_POINT('',(186.,35.7,7.00000000000029));
#7665=CARTESIAN_POINT('Origin',(186.,33.,7.00000000000029));
#7666=CARTESIAN_POINT('',(176.,35.7,7.0000000000003));
#7667=CARTESIAN_POINT('Origin',(166.,33.,7.0000000000003));
#7668=CARTESIAN_POINT('Origin',(176.,13.,7.0000000000003));
#7669=CARTESIAN_POINT('',(166.,15.7,7.0000000000003));
#7670=CARTESIAN_POINT('',(176.,15.7,7.0000000000003));
#7671=CARTESIAN_POINT('Origin',(166.,13.,7.0000000000003));
#7672=CARTESIAN_POINT('Origin',(166.,13.,7.0000000000003));
#7673=CARTESIAN_POINT('Origin',(186.,44.,12.0000000000003));
#7674=UNCERTAINTY_MEASURE_WITH_UNIT(LENGTH_MEASURE(0.01),#7678,
'DISTANCE_ACCURACY_VALUE',
'Maximum model space distance between geometric entities at asserted c
onnectivities');
#7675=UNCERTAINTY_MEASURE_WITH_UNIT(LENGTH_MEASURE(0.01),#7678,
'DISTANCE_ACCURACY_VALUE',
'Maximum model space distance between geometric entities at asserted c
onnectivities');
#7676=(
GEOMETRIC_REPRESENTATION_CONTEXT(3)
GLOBAL_UNCERTAINTY_ASSIGNED_CONTEXT((#7674))
GLOBAL_UNIT_ASSIGNED_CONTEXT((#7678,#7680,#7681))
REPRESENTATION_CONTEXT('','3D')
);
#7677=(
GEOMETRIC_REPRESENTATION_CONTEXT(3)
GLOBAL_UNCERTAINTY_ASSIGNED_CONTEXT((#7675))
GLOBAL_UNIT_ASSIGNED_CONTEXT((#7678,#7680,#7681))
REPRESENTATION_CONTEXT('','3D')
);
#7678=(
LENGTH_UNIT()
NAMED_UNIT(*)
SI_UNIT(.MILLI.,.METRE.)
);
#7679=(
LENGTH_UNIT()
NAMED_UNIT(*)
SI_UNIT($,.METRE.)
);
#7680=(
NAMED_UNIT(*)
PLANE_ANGLE_UNIT()
SI_UNIT($,.RADIAN.)
);
#7681=(
NAMED_UNIT(*)
SI_UNIT($,.STERADIAN.)
SOLID_ANGLE_UNIT()
);
#7682=SHAPE_DEFINITION_REPRESENTATION(#7683,#7684);
#7683=PRODUCT_DEFINITION_SHAPE('',$,#7686);
#7684=SHAPE_REPRESENTATION('',(#3847),#7676);
#7685=PRODUCT_DEFINITION_CONTEXT('part definition',#7690,'design');
#7686=PRODUCT_DEFINITION('2026-03-28-16-18-03-720','front',#7687,#7685);
#7687=PRODUCT_DEFINITION_FORMATION('',$,#7692);
#7688=PRODUCT_RELATED_PRODUCT_CATEGORY('front','front',(#7692));
#7689=APPLICATION_PROTOCOL_DEFINITION('international standard',
'automotive_design',2009,#7690);
#7690=APPLICATION_CONTEXT(
'Core Data for Automotive Mechanical Design Process');
#7691=PRODUCT_CONTEXT('part definition',#7690,'mechanical');
#7692=PRODUCT('2026-03-28-16-18-03-720','front',$,(#7691));
#7693=PRESENTATION_STYLE_ASSIGNMENT((#7695));
#7694=PRESENTATION_STYLE_ASSIGNMENT((#7696));
#7695=SURFACE_STYLE_USAGE(.BOTH.,#7697);
#7696=SURFACE_STYLE_USAGE(.BOTH.,#7698);
#7697=SURFACE_SIDE_STYLE('',(#7699));
#7698=SURFACE_SIDE_STYLE('',(#7700));
#7699=SURFACE_STYLE_FILL_AREA(#7701);
#7700=SURFACE_STYLE_FILL_AREA(#7702);
#7701=FILL_AREA_STYLE('Stahl - satiniert',(#7703));
#7702=FILL_AREA_STYLE('Opaque(51,51,51)',(#7704));
#7703=FILL_AREA_STYLE_COLOUR('Stahl - satiniert',#7705);
#7704=FILL_AREA_STYLE_COLOUR('Opaque(51,51,51)',#7706);
#7705=COLOUR_RGB('Stahl - satiniert',0.627450980392157,0.627450980392157,
0.627450980392157);
#7706=COLOUR_RGB('Opaque(51,51,51)',0.2,0.2,0.2);
ENDSEC;
END-ISO-10303-21;
