ISO-10303-21;
HEADER;
/* Generated by software containing ST-Developer
 * from STEP Tools, Inc. (www.steptools.com) 
 */

FILE_DESCRIPTION(
/* description */ (''),
/* implementation_level */ '2;1');

FILE_NAME(
/* name */ 'right.step',
/* time_stamp */ '2026-03-30T11:14:25+02:00',
/* author */ (''),
/* organization */ (''),
/* preprocessor_version */ 'ST-DEVELOPER v20.1',
/* originating_system */ 'Autodesk Translation Framework v14.24.0.0',
/* authorisation */ '');

FILE_SCHEMA (('AUTOMOTIVE_DESIGN { 1 0 10303 214 3 1 1 }'));
ENDSEC;

DATA;
#10=MECHANICAL_DESIGN_GEOMETRIC_PRESENTATION_REPRESENTATION('',(#17),#7088);
#11=ITEM_DEFINED_TRANSFORMATION($,$,#3354,#3677);
#12=(
REPRESENTATION_RELATIONSHIP($,$,#7099,#7098)
REPRESENTATION_RELATIONSHIP_WITH_TRANSFORMATION(#11)
SHAPE_REPRESENTATION_RELATIONSHIP()
);
#13=CONTEXT_DEPENDENT_SHAPE_REPRESENTATION(#12,#7097);
#14=NEXT_ASSEMBLY_USAGE_OCCURRENCE('Right+1:1','Right+1:1','Right+1:1',
#7101,#7102,'Right+1:1');
#15=SHAPE_REPRESENTATION_RELATIONSHIP('SRR','None',#7099,#16);
#16=ADVANCED_BREP_SHAPE_REPRESENTATION('',(#18),#7087);
#17=STYLED_ITEM('',(#7113),#18);
#18=MANIFOLD_SOLID_BREP('K\X\F6rper1',#3340);
#19=ELLIPSE('',#3479,20.4180810420123,9.8273464992091);
#20=ELLIPSE('',#3480,25.531571475656,12.0081023569563);
#21=ELLIPSE('',#3482,25.5315714885644,12.0081023659094);
#22=ELLIPSE('',#3492,25.5315714647693,12.0081023495165);
#23=ELLIPSE('',#3494,25.5315714700356,12.0081023531043);
#24=ELLIPSE('',#3495,20.417745762216,9.82716669583654);
#25=B_SPLINE_SURFACE_WITH_KNOTS('',3,3,((#5091,#5092,#5093,#5094),(#5095,
#5096,#5097,#5098),(#5099,#5100,#5101,#5102),(#5103,#5104,#5105,#5106)),
 .UNSPECIFIED.,.F.,.F.,.F.,(4,4),(4,4),(0.,1.),(-0.635387914034855,-0.392886268623425),
 .UNSPECIFIED.);
#26=B_SPLINE_SURFACE_WITH_KNOTS('',3,3,((#5120,#5121,#5122,#5123),(#5124,
#5125,#5126,#5127),(#5128,#5129,#5130,#5131),(#5132,#5133,#5134,#5135)),
 .UNSPECIFIED.,.F.,.F.,.F.,(4,4),(4,4),(0.,1.),(0.392886268623424,0.635387914034851),
 .UNSPECIFIED.);
#27=B_SPLINE_SURFACE_WITH_KNOTS('',3,3,((#5146,#5147,#5148,#5149),(#5150,
#5151,#5152,#5153),(#5154,#5155,#5156,#5157),(#5158,#5159,#5160,#5161)),
 .UNSPECIFIED.,.F.,.F.,.F.,(4,4),(4,4),(0.,1.),(0.924940744457564,1.06508003112996),
 .UNSPECIFIED.);
#28=B_SPLINE_SURFACE_WITH_KNOTS('',3,3,((#5172,#5173,#5174,#5175),(#5176,
#5177,#5178,#5179),(#5180,#5181,#5182,#5183),(#5184,#5185,#5186,#5187)),
 .UNSPECIFIED.,.F.,.F.,.F.,(4,4),(4,4),(0.,1.),(-1.06508003112996,-0.924940744457566),
 .UNSPECIFIED.);
#29=B_SPLINE_SURFACE_WITH_KNOTS('',3,3,((#5280,#5281,#5282,#5283),(#5284,
#5285,#5286,#5287),(#5288,#5289,#5290,#5291),(#5292,#5293,#5294,#5295)),
 .UNSPECIFIED.,.F.,.F.,.F.,(4,4),(4,4),(0.,1.),(0.924940744457564,1.06508003112996),
 .UNSPECIFIED.);
#30=B_SPLINE_SURFACE_WITH_KNOTS('',3,3,((#5306,#5307,#5308,#5309),(#5310,
#5311,#5312,#5313),(#5314,#5315,#5316,#5317),(#5318,#5319,#5320,#5321)),
 .UNSPECIFIED.,.F.,.F.,.F.,(4,4),(4,4),(0.,1.),(-1.06508003112996,-0.924940744457565),
 .UNSPECIFIED.);
#31=B_SPLINE_SURFACE_WITH_KNOTS('',3,3,((#5337,#5338,#5339,#5340),(#5341,
#5342,#5343,#5344),(#5345,#5346,#5347,#5348),(#5349,#5350,#5351,#5352)),
 .UNSPECIFIED.,.F.,.F.,.F.,(4,4),(4,4),(0.,1.),(0.392886268623425,0.635387914034851),
 .UNSPECIFIED.);
#32=B_SPLINE_SURFACE_WITH_KNOTS('',3,3,((#5383,#5384,#5385,#5386),(#5387,
#5388,#5389,#5390),(#5391,#5392,#5393,#5394),(#5395,#5396,#5397,#5398)),
 .UNSPECIFIED.,.F.,.F.,.F.,(4,4),(4,4),(0.,1.),(-0.635387914034855,-0.392886268623425),
 .UNSPECIFIED.);
#33=B_SPLINE_SURFACE_WITH_KNOTS('',3,3,((#5699,#5700,#5701,#5702,#5703,
#5704,#5705,#5706,#5707,#5708,#5709,#5710,#5711,#5712,#5713,#5714,#5715,
#5716,#5717,#5718,#5719,#5720,#5721,#5722,#5723,#5724,#5725,#5726,#5727,
#5728,#5729,#5730,#5731,#5732,#5733),(#5734,#5735,#5736,#5737,#5738,#5739,
#5740,#5741,#5742,#5743,#5744,#5745,#5746,#5747,#5748,#5749,#5750,#5751,
#5752,#5753,#5754,#5755,#5756,#5757,#5758,#5759,#5760,#5761,#5762,#5763,
#5764,#5765,#5766,#5767,#5768),(#5769,#5770,#5771,#5772,#5773,#5774,#5775,
#5776,#5777,#5778,#5779,#5780,#5781,#5782,#5783,#5784,#5785,#5786,#5787,
#5788,#5789,#5790,#5791,#5792,#5793,#5794,#5795,#5796,#5797,#5798,#5799,
#5800,#5801,#5802,#5803),(#5804,#5805,#5806,#5807,#5808,#5809,#5810,#5811,
#5812,#5813,#5814,#5815,#5816,#5817,#5818,#5819,#5820,#5821,#5822,#5823,
#5824,#5825,#5826,#5827,#5828,#5829,#5830,#5831,#5832,#5833,#5834,#5835,
#5836,#5837,#5838)),.UNSPECIFIED.,.F.,.T.,.F.,(4,4),(4,2,1,1,1,1,1,1,1,
1,1,1,1,1,1,1,1,2,1,1,1,1,1,1,1,1,1,1,2,4),(0.,1.00112540121099),(0.,0.0599094397973812,
0.139500531077114,0.219091622356846,0.298682713636579,0.378273804916311,
0.537455987475776,0.577251533115643,0.617047078755509,0.696638170035241,
0.855820352594707,0.935411443874439,1.01500253515417,1.05479808079404,1.0945936264339,
1.17418471771364,1.23387803617344,1.3333669002731,1.43820182794465,1.54303675561619,
1.59545421945196,1.66097604924668,1.75270661095928,1.85754153863082,1.96237646630237,
2.01479393013814,2.06721139397391,2.08031575993285,2.17204632164546,2.23195576144284),
 .UNSPECIFIED.);
#34=B_SPLINE_SURFACE_WITH_KNOTS('',3,3,((#6151,#6152,#6153,#6154,#6155,
#6156,#6157,#6158,#6159,#6160,#6161,#6162,#6163,#6164,#6165,#6166,#6167,
#6168,#6169,#6170,#6171,#6172,#6173,#6174,#6175,#6176,#6177,#6178,#6179,
#6180,#6181,#6182,#6183,#6184,#6185,#6186,#6187,#6188,#6189,#6190,#6191,
#6192,#6193),(#6194,#6195,#6196,#6197,#6198,#6199,#6200,#6201,#6202,#6203,
#6204,#6205,#6206,#6207,#6208,#6209,#6210,#6211,#6212,#6213,#6214,#6215,
#6216,#6217,#6218,#6219,#6220,#6221,#6222,#6223,#6224,#6225,#6226,#6227,
#6228,#6229,#6230,#6231,#6232,#6233,#6234,#6235,#6236),(#6237,#6238,#6239,
#6240,#6241,#6242,#6243,#6244,#6245,#6246,#6247,#6248,#6249,#6250,#6251,
#6252,#6253,#6254,#6255,#6256,#6257,#6258,#6259,#6260,#6261,#6262,#6263,
#6264,#6265,#6266,#6267,#6268,#6269,#6270,#6271,#6272,#6273,#6274,#6275,
#6276,#6277,#6278,#6279),(#6280,#6281,#6282,#6283,#6284,#6285,#6286,#6287,
#6288,#6289,#6290,#6291,#6292,#6293,#6294,#6295,#6296,#6297,#6298,#6299,
#6300,#6301,#6302,#6303,#6304,#6305,#6306,#6307,#6308,#6309,#6310,#6311,
#6312,#6313,#6314,#6315,#6316,#6317,#6318,#6319,#6320,#6321,#6322)),
 .UNSPECIFIED.,.F.,.T.,.F.,(4,4),(4,1,1,1,1,1,1,1,1,1,1,1,1,2,1,1,1,2,1,
1,1,1,1,1,2,1,1,1,1,1,1,1,1,1,1,1,1,4),(-0.000715785796681433,1.00297928826632),
(0.,0.124519875140832,0.186779812711248,0.249039750281664,0.31129968785208,
0.498079500563328,0.529209469348536,0.560339438133744,0.62259937570416,
0.684859313274576,0.731554266452388,0.747119250844992,0.871639125985824,
0.996159001126656,1.011136361076,1.01862504105067,1.02611372102535,1.05606844092404,
1.10100052077207,1.14593260062011,1.16839864054413,1.17963166050614,1.19086468046814,
1.21333072039216,1.23579676031618,1.3291866666718,1.36031663545701,1.48483651059784,
1.60935638573868,1.67161632330909,1.7027462920943,1.7183112764869,1.73387626087951,
1.92065607359076,1.98291601116117,2.04517594873159,2.107435886302,2.23195576144284),
 .UNSPECIFIED.);
#35=B_SPLINE_CURVE_WITH_KNOTS('',3,(#5048,#5049,#5050,#5051,#5052,#5053),
 .UNSPECIFIED.,.F.,.F.,(4,2,4),(-0.0522455419902398,-0.0261227379745956,
0.),.UNSPECIFIED.);
#36=B_SPLINE_CURVE_WITH_KNOTS('',3,(#5057,#5058,#5059,#5060,#5061,#5062),
 .UNSPECIFIED.,.F.,.F.,(4,2,4),(0.,0.0155801581000592,0.0312795586296349),
 .UNSPECIFIED.);
#37=B_SPLINE_CURVE_WITH_KNOTS('',3,(#5071,#5072,#5073,#5074,#5075,#5076),
 .UNSPECIFIED.,.F.,.F.,(4,2,4),(0.,0.0261228076806315,0.0522455493791593),
 .UNSPECIFIED.);
#38=B_SPLINE_CURVE_WITH_KNOTS('',3,(#5085,#5086,#5087,#5088,#5089,#5090),
 .UNSPECIFIED.,.F.,.F.,(4,2,4),(0.,0.0156997424690276,0.0312802398661667),
 .UNSPECIFIED.);
#39=B_SPLINE_CURVE_WITH_KNOTS('',3,(#5108,#5109,#5110,#5111,#5112,#5113),
 .UNSPECIFIED.,.F.,.F.,(4,2,4),(-0.439145731119144,-0.229037894365782,-9.99999998603078E-7),
 .UNSPECIFIED.);
#40=B_SPLINE_CURVE_WITH_KNOTS('',3,(#5115,#5116,#5117,#5118),
 .UNSPECIFIED.,.F.,.F.,(4,4),(0.392886268795998,0.635387914034855),
 .UNSPECIFIED.);
#41=B_SPLINE_CURVE_WITH_KNOTS('',3,(#5136,#5137,#5138,#5139),
 .UNSPECIFIED.,.F.,.F.,(4,4),(-0.635387914034851,-0.392886268795999),
 .UNSPECIFIED.);
#42=B_SPLINE_CURVE_WITH_KNOTS('',3,(#5140,#5141,#5142,#5143,#5144,#5145),
 .UNSPECIFIED.,.F.,.F.,(4,2,4),(-0.438798088061856,-0.209942861500814,0.),
 .UNSPECIFIED.);
#43=B_SPLINE_CURVE_WITH_KNOTS('',3,(#5166,#5167,#5168,#5169,#5170,#5171),
 .UNSPECIFIED.,.F.,.F.,(4,2,4),(-0.339550042021901,-0.167310119775676,0.),
 .UNSPECIFIED.);
#44=B_SPLINE_CURVE_WITH_KNOTS('',3,(#5189,#5190,#5191,#5192,#5193,#5194),
 .UNSPECIFIED.,.F.,.F.,(4,2,4),(-0.339581413441527,-0.172284639539701,-9.71569557417507E-7),
 .UNSPECIFIED.);
#45=B_SPLINE_CURVE_WITH_KNOTS('',3,(#5220,#5221,#5222,#5223,#5224,#5225,
#5226,#5227,#5228,#5229,#5230,#5231,#5232,#5233,#5234,#5235,#5236,#5237,
#5238,#5239,#5240,#5241,#5242,#5243,#5244,#5245,#5246,#5247,#5248,#5249,
#5250,#5251,#5252,#5253,#5254),.UNSPECIFIED.,.T.,.F.,(4,2,1,1,1,1,1,1,1,
1,1,1,2,1,1,1,1,1,1,1,1,1,1,1,1,1,1,1,2,4),(-2.23195576144284,-2.17204632164546,
-2.08031575993285,-2.06721139397391,-2.01479393013814,-1.96237646630237,
-1.85754153863082,-1.75270661095928,-1.66097604924668,-1.59545421945196,
-1.54303675561619,-1.43820182794465,-1.3333669002731,-1.23387803617344,
-1.17418471771364,-1.0945936264339,-1.05479808079404,-1.01500253515417,
-0.935411443874439,-0.855820352594707,-0.696638170035241,-0.617047078755509,
-0.577251533115643,-0.537455987475776,-0.378273804916311,-0.298682713636579,
-0.219091622356846,-0.139500531077114,-0.0599094397973812,0.),
 .UNSPECIFIED.);
#46=B_SPLINE_CURVE_WITH_KNOTS('',3,(#5264,#5265,#5266,#5267,#5268,#5269),
 .UNSPECIFIED.,.F.,.F.,(4,2,4),(0.,0.0156997425523576,0.0312802400991626),
 .UNSPECIFIED.);
#47=B_SPLINE_CURVE_WITH_KNOTS('',3,(#5273,#5274,#5275,#5276,#5277,#5278),
 .UNSPECIFIED.,.F.,.F.,(4,2,4),(0.,0.0261228076732106,0.0522455493712216),
 .UNSPECIFIED.);
#48=B_SPLINE_CURVE_WITH_KNOTS('',3,(#5300,#5301,#5302,#5303,#5304,#5305),
 .UNSPECIFIED.,.F.,.F.,(4,2,4),(-0.339550040609152,-0.167310122562857,0.),
 .UNSPECIFIED.);
#49=B_SPLINE_CURVE_WITH_KNOTS('',3,(#5325,#5326,#5327,#5328,#5329,#5330),
 .UNSPECIFIED.,.F.,.F.,(4,2,4),(-0.0522455419202807,-0.0261227379475353,
0.),.UNSPECIFIED.);
#50=B_SPLINE_CURVE_WITH_KNOTS('',3,(#5331,#5332,#5333,#5334,#5335,#5336),
 .UNSPECIFIED.,.F.,.F.,(4,2,4),(-0.33958141049437,-0.172269798017788,-9.71569524221838E-7),
 .UNSPECIFIED.);
#51=B_SPLINE_CURVE_WITH_KNOTS('',3,(#5354,#5355,#5356,#5357,#5358,#5359),
 .UNSPECIFIED.,.F.,.F.,(4,2,4),(1.00000012621905E-6,0.209942863119427,0.438799080985599),
 .UNSPECIFIED.);
#52=B_SPLINE_CURVE_WITH_KNOTS('',3,(#5362,#5363,#5364,#5365),
 .UNSPECIFIED.,.F.,.F.,(4,4),(-0.635387914034851,-0.392886268795999),
 .UNSPECIFIED.);
#53=B_SPLINE_CURVE_WITH_KNOTS('',3,(#5370,#5371,#5372,#5373,#5374,#5375),
 .UNSPECIFIED.,.F.,.F.,(4,2,4),(0.,0.0155801580723067,0.0312795585427428),
 .UNSPECIFIED.);
#54=B_SPLINE_CURVE_WITH_KNOTS('',3,(#5399,#5400,#5401,#5402),
 .UNSPECIFIED.,.F.,.F.,(4,4),(0.392886268795998,0.635387914034855),
 .UNSPECIFIED.);
#55=B_SPLINE_CURVE_WITH_KNOTS('',3,(#5403,#5404,#5405,#5406,#5407,#5408),
 .UNSPECIFIED.,.F.,.F.,(4,2,4),(-0.439145865710251,-0.22903912462854,-9.99999997758915E-7),
 .UNSPECIFIED.);
#56=B_SPLINE_CURVE_WITH_KNOTS('',3,(#5434,#5435,#5436,#5437,#5438,#5439,
#5440,#5441,#5442,#5443,#5444,#5445,#5446,#5447,#5448,#5449,#5450,#5451,
#5452,#5453,#5454,#5455,#5456,#5457,#5458,#5459,#5460,#5461,#5462,#5463,
#5464,#5465,#5466,#5467,#5468,#5469,#5470,#5471,#5472,#5473,#5474,#5475,
#5476,#5477,#5478,#5479,#5480,#5481,#5482,#5483,#5484,#5485,#5486,#5487,
#5488,#5489,#5490,#5491,#5492,#5493,#5494,#5495,#5496,#5497,#5498,#5499,
#5500,#5501,#5502,#5503,#5504,#5505,#5506,#5507,#5508,#5509,#5510,#5511,
#5512,#5513,#5514,#5515,#5516,#5517,#5518,#5519,#5520,#5521,#5522,#5523,
#5524,#5525,#5526,#5527,#5528,#5529,#5530,#5531,#5532,#5533,#5534,#5535,
#5536,#5537,#5538,#5539,#5540,#5541,#5542,#5543,#5544,#5545,#5546,#5547,
#5548,#5549,#5550,#5551,#5552,#5553,#5554,#5555,#5556,#5557,#5558,#5559,
#5560,#5561,#5562,#5563,#5564,#5565,#5566,#5567,#5568,#5569,#5570,#5571,
#5572,#5573,#5574,#5575,#5576,#5577,#5578,#5579,#5580,#5581,#5582,#5583,
#5584,#5585,#5586,#5587,#5588,#5589,#5590,#5591,#5592,#5593,#5594,#5595,
#5596,#5597,#5598,#5599,#5600,#5601,#5602,#5603,#5604,#5605,#5606,#5607,
#5608,#5609,#5610,#5611,#5612,#5613,#5614,#5615,#5616,#5617,#5618,#5619,
#5620,#5621,#5622,#5623,#5624,#5625,#5626,#5627,#5628,#5629,#5630,#5631,
#5632,#5633,#5634,#5635,#5636,#5637,#5638,#5639,#5640,#5641,#5642,#5643,
#5644,#5645,#5646,#5647,#5648,#5649,#5650,#5651,#5652,#5653,#5654,#5655,
#5656,#5657,#5658,#5659,#5660,#5661,#5662,#5663,#5664,#5665,#5666,#5667,
#5668,#5669,#5670,#5671,#5672,#5673,#5674,#5675,#5676,#5677,#5678,#5679,
#5680,#5681,#5682,#5683,#5684,#5685,#5686,#5687,#5688,#5689,#5690,#5691,
#5692,#5693,#5694,#5695,#5696,#5697,#5698),.UNSPECIFIED.,.T.,.F.,(4,3,3,
3,3,3,3,3,3,3,3,3,3,3,3,3,3,3,3,3,3,3,3,3,3,3,3,3,3,3,3,3,3,3,3,3,3,3,3,
3,3,3,3,3,3,3,3,3,3,3,3,3,3,3,3,3,3,3,3,3,3,3,3,3,3,3,3,3,3,3,3,3,3,3,3,
3,3,3,3,3,3,3,3,3,3,3,3,3,4),(-2.23195576144284,-2.20277082908972,-2.1728192923728,
-2.14237081944739,-2.11117814231015,-2.107435886302,-2.0763059175168,-2.0492915502534,
-2.04517594873159,-2.0131504138738,-1.98291601116117,-1.9508277733861,-1.92065607359076,
-1.89082983616545,-1.86150164282866,-1.83246508974465,-1.8035409995388,
-1.7745405262492,-1.74519587312287,-1.73387626087951,-1.7183112764869,-1.7027462920943,
-1.67161632330909,-1.63481306404658,-1.60935638573868,-1.57395089216829,
-1.53839194883363,-1.50239254552867,-1.48483651059784,-1.44143750870616,
-1.39625196875311,-1.36031663545701,-1.33692088009404,-1.3291866666718,
-1.30456342515024,-1.27955752610347,-1.2531870095671,-1.23579676031618,
-1.21333072039216,-1.19086468046814,-1.17963166050614,-1.16839864054413,
-1.14593260062011,-1.12346656069609,-1.10237193227664,-1.10100052077207,
-1.07503317043594,-1.05606844092404,-1.02611372102535,-1.01862504105067,
-1.011136361076,-0.996159001126656,-0.961724655216591,-0.928718939178497,
-0.896989446458742,-0.871639125985824,-0.833698782388001,-0.796332656210865,
-0.759876423464633,-0.747119250844992,-0.731554266452388,-0.684859313274576,
-0.65136464387392,-0.62259937570416,-0.583200611599944,-0.560339438133744,
-0.53374449839603,-0.529209469348536,-0.509070099617887,-0.498079500563328,
-0.468626725831195,-0.439437606202348,-0.410347333325281,-0.381107465492354,
-0.351632203979578,-0.321541191664567,-0.31129968785208,-0.279559307529273,
-0.249039750281664,-0.21720152768864,-0.186779812711248,-0.159795526572973,
-0.129411228004069,-0.124519875140832,-0.093389906355624,-0.0630689139660714,
-0.033242433111875,-0.00403988054404691,0.),.UNSPECIFIED.);
#57=B_SPLINE_CURVE_WITH_KNOTS('',3,(#5842,#5843,#5844,#5845,#5846,#5847,
#5848,#5849,#5850,#5851,#5852,#5853,#5854,#5855,#5856,#5857,#5858,#5859,
#5860,#5861,#5862,#5863,#5864,#5865,#5866,#5867,#5868,#5869,#5870,#5871,
#5872,#5873,#5874,#5875,#5876,#5877,#5878,#5879,#5880,#5881,#5882,#5883,
#5884,#5885,#5886,#5887,#5888,#5889,#5890,#5891,#5892,#5893,#5894,#5895,
#5896,#5897,#5898,#5899,#5900,#5901,#5902,#5903,#5904,#5905,#5906,#5907,
#5908,#5909,#5910,#5911,#5912,#5913,#5914,#5915,#5916,#5917,#5918,#5919,
#5920,#5921,#5922,#5923,#5924,#5925,#5926,#5927,#5928,#5929,#5930,#5931,
#5932,#5933,#5934,#5935,#5936,#5937,#5938,#5939,#5940,#5941,#5942,#5943,
#5944,#5945,#5946,#5947,#5948,#5949,#5950,#5951,#5952,#5953,#5954,#5955,
#5956,#5957,#5958,#5959,#5960,#5961,#5962,#5963,#5964,#5965,#5966,#5967,
#5968,#5969,#5970,#5971,#5972,#5973,#5974,#5975,#5976,#5977,#5978,#5979,
#5980,#5981,#5982,#5983,#5984,#5985,#5986,#5987,#5988,#5989),
 .UNSPECIFIED.,.F.,.F.,(4,3,3,3,3,3,3,3,3,3,3,3,3,3,3,3,3,3,3,3,3,3,3,3,
3,3,3,3,3,3,3,3,3,3,3,3,3,3,3,3,3,3,3,3,3,3,3,3,3,4),(1.11597788072141,
1.13852349351658,1.16088135037481,1.17418471771364,1.1920860318607,1.20996547563403,
1.22787354307136,1.23387803617344,1.25452873249402,1.27536505012746,1.2963319969833,
1.31759286300838,1.3333669002731,1.35970368362265,1.38605682220759,1.4124840232661,
1.43820182794465,1.46448918928502,1.49086792223156,1.51746814163439,1.54303675561619,
1.56924548753407,1.59545421945196,1.61545323528103,1.63564289840538,1.65594438903826,
1.66097604924668,1.69058748145576,1.72164704620752,1.75270661095928,1.8131142912698,
1.85754153863082,1.89781086110863,1.93808313884378,1.96237646630237,1.98006454531049,
1.99746105031721,2.01479393013814,2.04100266205602,2.06721139397391,2.08031575993285,
2.10132053842626,2.12153287038505,2.14130036778485,2.16040612741261,2.17204632164546,
2.19091561009407,2.20954286993912,2.22788234856376,2.23195576144284),
 .UNSPECIFIED.);
#58=B_SPLINE_CURVE_WITH_KNOTS('',3,(#5990,#5991,#5992,#5993,#5994,#5995,
#5996,#5997,#5998,#5999,#6000,#6001,#6002,#6003,#6004,#6005,#6006,#6007,
#6008,#6009,#6010,#6011,#6012,#6013,#6014,#6015,#6016,#6017,#6018,#6019,
#6020,#6021,#6022,#6023,#6024,#6025,#6026,#6027,#6028,#6029,#6030,#6031,
#6032,#6033,#6034,#6035,#6036,#6037,#6038,#6039,#6040,#6041,#6042,#6043,
#6044,#6045,#6046,#6047,#6048,#6049,#6050,#6051,#6052,#6053,#6054,#6055,
#6056,#6057,#6058,#6059,#6060,#6061,#6062,#6063,#6064,#6065,#6066,#6067,
#6068,#6069,#6070,#6071,#6072,#6073,#6074,#6075,#6076,#6077,#6078,#6079,
#6080,#6081,#6082,#6083,#6084,#6085,#6086,#6087,#6088,#6089,#6090,#6091,
#6092,#6093,#6094,#6095,#6096,#6097,#6098,#6099,#6100,#6101,#6102,#6103,
#6104,#6105,#6106,#6107,#6108,#6109,#6110,#6111,#6112,#6113,#6114,#6115,
#6116,#6117,#6118,#6119,#6120,#6121,#6122,#6123,#6124,#6125,#6126,#6127,
#6128,#6129,#6130,#6131,#6132,#6133,#6134,#6135,#6136,#6137,#6138,#6139,
#6140,#6141,#6142,#6143,#6144,#6145,#6146),.UNSPECIFIED.,.F.,.F.,(4,3,3,
3,3,3,3,3,3,3,3,3,3,3,3,3,3,3,3,3,3,3,3,3,3,3,3,3,3,3,3,3,3,3,3,3,3,3,3,
3,3,3,3,3,3,3,3,3,3,3,3,3,4),(0.,0.0183126142974042,0.0368229139711326,
0.0556656437685913,0.0599094397973812,0.0798072126173144,0.100073878547411,
0.121073742885738,0.139500531077114,0.162280969306092,0.18556354014572,
0.209608305939298,0.219091622356846,0.238989395176779,0.25887517136663,
0.278985568022939,0.298682713636579,0.32848669401626,0.358258714719717,
0.378273804916311,0.429270186736108,0.480319555101433,0.530825414106733,
0.537455987475776,0.560270666237511,0.577251533115643,0.594805599856107,
0.612264196854499,0.617047078755509,0.646259853688648,0.675046415628016,
0.696638170035241,0.722349714342855,0.747894045503415,0.773307750594246,
0.798594501904338,0.823822246029553,0.849004228483994,0.855820352594707,
0.876611421567214,0.897228175890908,0.917422628124043,0.935411443874439,
0.955309216694372,0.974861825740966,0.994932180447568,1.01500253515417,
1.03384723255527,1.0526993758452,1.05479808079404,1.08789328887593,1.0945936264339,
1.11597788066649),.UNSPECIFIED.);
#59=B_SPLINE_CURVE_WITH_KNOTS('',3,(#6325,#6326,#6327,#6328,#6329,#6330,
#6331,#6332,#6333,#6334,#6335,#6336,#6337,#6338,#6339,#6340,#6341,#6342,
#6343,#6344,#6345,#6346,#6347,#6348,#6349,#6350,#6351,#6352,#6353,#6354,
#6355,#6356,#6357,#6358,#6359,#6360,#6361,#6362,#6363,#6364,#6365,#6366,
#6367,#6368,#6369,#6370,#6371,#6372,#6373,#6374,#6375,#6376,#6377,#6378,
#6379,#6380,#6381,#6382,#6383,#6384,#6385,#6386,#6387,#6388,#6389,#6390,
#6391,#6392,#6393,#6394,#6395,#6396,#6397,#6398,#6399,#6400,#6401,#6402,
#6403,#6404,#6405,#6406,#6407,#6408,#6409,#6410,#6411,#6412,#6413,#6414,
#6415,#6416,#6417,#6418,#6419,#6420,#6421,#6422,#6423,#6424,#6425,#6426,
#6427,#6428,#6429,#6430,#6431,#6432,#6433,#6434,#6435,#6436,#6437,#6438,
#6439,#6440,#6441,#6442,#6443,#6444,#6445,#6446,#6447,#6448,#6449,#6450,
#6451,#6452,#6453,#6454,#6455,#6456,#6457,#6458,#6459,#6460,#6461,#6462,
#6463,#6464,#6465,#6466,#6467,#6468,#6469,#6470,#6471,#6472,#6473,#6474,
#6475,#6476,#6477,#6478,#6479,#6480,#6481,#6482,#6483,#6484,#6485,#6486,
#6487,#6488,#6489,#6490,#6491,#6492,#6493,#6494,#6495,#6496,#6497,#6498,
#6499,#6500,#6501,#6502,#6503,#6504,#6505,#6506,#6507,#6508,#6509,#6510,
#6511,#6512,#6513,#6514,#6515,#6516,#6517,#6518,#6519,#6520,#6521,#6522,
#6523,#6524,#6525,#6526,#6527,#6528,#6529,#6530,#6531,#6532,#6533,#6534,
#6535,#6536,#6537,#6538,#6539,#6540,#6541,#6542,#6543,#6544,#6545,#6546,
#6547,#6548,#6549,#6550,#6551,#6552,#6553,#6554,#6555,#6556,#6557,#6558,
#6559,#6560,#6561,#6562,#6563,#6564,#6565,#6566,#6567,#6568,#6569,#6570,
#6571,#6572,#6573,#6574,#6575,#6576,#6577,#6578,#6579,#6580,#6581,#6582,
#6583,#6584,#6585,#6586,#6587,#6588,#6589,#6590,#6591,#6592,#6593,#6594,
#6595,#6596,#6597,#6598,#6599,#6600,#6601,#6602,#6603,#6604,#6605,#6606,
#6607,#6608,#6609,#6610,#6611,#6612,#6613,#6614,#6615,#6616,#6617,#6618,
#6619,#6620,#6621,#6622,#6623,#6624,#6625,#6626,#6627,#6628,#6629,#6630,
#6631,#6632,#6633,#6634,#6635,#6636,#6637,#6638,#6639,#6640,#6641,#6642,
#6643,#6644,#6645,#6646,#6647,#6648,#6649,#6650,#6651,#6652,#6653,#6654,
#6655,#6656,#6657,#6658,#6659,#6660,#6661,#6662,#6663,#6664,#6665,#6666,
#6667),.UNSPECIFIED.,.T.,.F.,(4,3,3,3,3,3,3,3,3,3,3,3,3,3,3,3,3,3,3,3,3,
3,3,3,3,3,3,3,3,3,3,3,3,3,3,3,3,3,3,3,3,3,3,3,3,3,3,3,3,3,3,3,3,3,3,3,3,
3,3,3,3,3,3,3,3,3,3,3,3,3,3,3,3,3,3,3,3,3,3,3,3,3,3,3,3,3,3,3,3,3,3,3,3,
3,3,3,3,3,3,3,3,3,3,3,3,3,3,3,3,3,3,3,3,3,4),(0.,0.0205494101320905,0.0410078650207423,
0.0618858675507647,0.08225199109762,0.103385933119226,0.124519875140832,
0.14294760246245,0.161464646807955,0.180187310034938,0.186779812711248,
0.204585397435634,0.222591268318425,0.240768419250062,0.249039750281664,
0.27166899586186,0.294352862949432,0.31129968785208,0.337430597884733,0.363660854758295,
0.390018842118422,0.417034006729649,0.443867796697641,0.471119356151442,
0.498079500563328,0.514110013565439,0.529209469348536,0.551315974916381,
0.560339438133744,0.609437975748416,0.62259937570416,0.654687777261627,
0.684859313274576,0.713373510982183,0.731554266452388,0.747119250844992,
0.771543544614135,0.796567439957057,0.821008877933045,0.846324001959434,
0.870189331814527,0.871639125985824,0.893653464395186,0.915237191734514,
0.936070298032815,0.956468878734139,0.976313939930397,0.996159001126656,
1.00856799851015,1.011136361076,1.01862504105067,1.02611372102535,1.04616085400306,
1.05606844092404,1.07447467365992,1.09253666484515,1.10100052077207,1.11223354073408,
1.12289406497279,1.13358937838628,1.14442359089351,1.14593260062011,1.15811124344632,
1.16839864054413,1.17963166050614,1.19086468046814,1.2106649437438,1.21333072039216,
1.23436755381666,1.23579676031618,1.25983745120782,1.28421290313605,1.30920969331128,
1.3291866666718,1.34483622483483,1.36031663545701,1.39437980009351,1.4288296641382,
1.4635462930587,1.48483651059784,1.5216852517855,1.55850749316745,1.59532030685667,
1.60935638573868,1.64615615715944,1.67161632330909,1.70067988061591,1.7027462920943,
1.7183112764869,1.73260733560273,1.73387626087951,1.76091655025957,1.78763121360077,
1.81408257472513,1.84072594944153,1.86673880862589,1.89369744110833,1.92065607359076,
1.94362973467775,1.96655002372769,1.98291601116117,2.00113760061531,2.01924672997905,
2.03706114614143,2.04517594873159,2.06390157367996,2.08248019618024,2.10092195450884,
2.107435886302,2.12780717187709,2.14814995030481,2.16910140308932,2.18949262070959,
2.21072419107622,2.23195576144284),.UNSPECIFIED.);
#60=(
BOUNDED_CURVE()
B_SPLINE_CURVE(2,(#4758,#4759,#4760),.UNSPECIFIED.,.F.,.F.)
B_SPLINE_CURVE_WITH_KNOTS((3,3),(0.235702292040426,0.471404584080853),
 .UNSPECIFIED.)
CURVE()
GEOMETRIC_REPRESENTATION_ITEM()
RATIONAL_B_SPLINE_CURVE((1.,1.02469507659602,1.))
REPRESENTATION_ITEM('')
);
#61=(
BOUNDED_CURVE()
B_SPLINE_CURVE(2,(#4815,#4816,#4817),.UNSPECIFIED.,.F.,.F.)
B_SPLINE_CURVE_WITH_KNOTS((3,3),(0.,0.235702292040426),.UNSPECIFIED.)
CURVE()
GEOMETRIC_REPRESENTATION_ITEM()
RATIONAL_B_SPLINE_CURVE((1.,1.02469507659588,1.))
REPRESENTATION_ITEM('')
);
#62=(
BOUNDED_CURVE()
B_SPLINE_CURVE(2,(#5063,#5064,#5065),.UNSPECIFIED.,.F.,.F.)
B_SPLINE_CURVE_WITH_KNOTS((3,3),(-2.86178339153691,-2.82758600237832),
 .UNSPECIFIED.)
CURVE()
GEOMETRIC_REPRESENTATION_ITEM()
RATIONAL_B_SPLINE_CURVE((1.30675867150484,1.30587434976463,1.30496735920174))
REPRESENTATION_ITEM('')
);
#63=(
BOUNDED_CURVE()
B_SPLINE_CURVE(2,(#5082,#5083,#5084),.UNSPECIFIED.,.F.,.F.)
B_SPLINE_CURVE_WITH_KNOTS((3,3),(-5.66178127694077,-5.62723857988197),
 .UNSPECIFIED.)
CURVE()
GEOMETRIC_REPRESENTATION_ITEM()
RATIONAL_B_SPLINE_CURVE((1.31379131215554,1.31470443562435,1.31559473698803))
REPRESENTATION_ITEM('')
);
#64=(
BOUNDED_CURVE()
B_SPLINE_CURVE(2,(#5260,#5261,#5262),.UNSPECIFIED.,.F.,.F.)
B_SPLINE_CURVE_WITH_KNOTS((3,3),(-5.55726126115315,-5.52308801389324),
 .UNSPECIFIED.)
CURVE()
GEOMETRIC_REPRESENTATION_ITEM()
RATIONAL_B_SPLINE_CURVE((1.30435080152981,1.30525736356705,1.30614126749194))
REPRESENTATION_ITEM('')
);
#65=(
BOUNDED_CURVE()
B_SPLINE_CURVE(2,(#5377,#5378,#5379),.UNSPECIFIED.,.F.,.F.)
B_SPLINE_CURVE_WITH_KNOTS((3,3),(-2.9370970952192,-2.90253028437454),
 .UNSPECIFIED.)
CURVE()
GEOMETRIC_REPRESENTATION_ITEM()
RATIONAL_B_SPLINE_CURVE((1.31621214100096,1.31532142182197,1.3144078698275))
REPRESENTATION_ITEM('')
);
#66=(
BOUNDED_CURVE()
B_SPLINE_CURVE(2,(#6676,#6677,#6678),.UNSPECIFIED.,.F.,.F.)
B_SPLINE_CURVE_WITH_KNOTS((3,3),(0.922687466632573,0.971505475756854),
 .UNSPECIFIED.)
CURVE()
GEOMETRIC_REPRESENTATION_ITEM()
RATIONAL_B_SPLINE_CURVE((1.03709052027474,1.01958010526518,1.00011296285925))
REPRESENTATION_ITEM('')
);
#67=(
BOUNDED_CURVE()
B_SPLINE_CURVE(2,(#6709,#6710,#6711),.UNSPECIFIED.,.F.,.F.)
B_SPLINE_CURVE_WITH_KNOTS((3,3),(0.000141618569562082,0.0489596276979919),
 .UNSPECIFIED.)
CURVE()
GEOMETRIC_REPRESENTATION_ITEM()
RATIONAL_B_SPLINE_CURVE((1.00011296285326,1.01958010526114,1.03709052027232))
REPRESENTATION_ITEM('')
);
#68=(
BOUNDED_CURVE()
B_SPLINE_CURVE(2,(#6732,#6733,#6734),.UNSPECIFIED.,.F.,.F.)
B_SPLINE_CURVE_WITH_KNOTS((3,3),(2.88400717785,2.99154714424598),
 .UNSPECIFIED.)
CURVE()
GEOMETRIC_REPRESENTATION_ITEM()
RATIONAL_B_SPLINE_CURVE((1.03411698724045,1.03016439421411,1.02586959251364))
REPRESENTATION_ITEM('')
);
#69=(
BOUNDED_CURVE()
B_SPLINE_CURVE(2,(#6739,#6740,#6741),.UNSPECIFIED.,.F.,.F.)
B_SPLINE_CURVE_WITH_KNOTS((3,3),(0.292241922274562,0.399781888664731),
 .UNSPECIFIED.)
CURVE()
GEOMETRIC_REPRESENTATION_ITEM()
RATIONAL_B_SPLINE_CURVE((1.02586959251407,1.03016439421429,1.03411698724041))
REPRESENTATION_ITEM('')
);
#70=(
BOUNDED_CURVE()
B_SPLINE_CURVE(2,(#6750,#6751,#6752),.UNSPECIFIED.,.F.,.F.)
B_SPLINE_CURVE_WITH_KNOTS((3,3),(1.41796007882494,1.42758051022195),
 .UNSPECIFIED.)
CURVE()
GEOMETRIC_REPRESENTATION_ITEM()
RATIONAL_B_SPLINE_CURVE((1.06218317751511,1.03130253580828,1.))
REPRESENTATION_ITEM('')
);
#71=(
BOUNDED_CURVE()
B_SPLINE_CURVE(2,(#6759,#6760,#6761),.UNSPECIFIED.,.F.,.F.)
B_SPLINE_CURVE_WITH_KNOTS((3,3),(0.147918501086301,0.204460438722375),
 .UNSPECIFIED.)
CURVE()
GEOMETRIC_REPRESENTATION_ITEM()
RATIONAL_B_SPLINE_CURVE((1.00143025809316,1.00149282192788,1.00139423297051))
REPRESENTATION_ITEM('')
);
#72=(
BOUNDED_CURVE()
B_SPLINE_CURVE(2,(#6771,#6772,#6773),.UNSPECIFIED.,.F.,.F.)
B_SPLINE_CURVE_WITH_KNOTS((3,3),(0.,0.00962043139702314),.UNSPECIFIED.)
CURVE()
GEOMETRIC_REPRESENTATION_ITEM()
RATIONAL_B_SPLINE_CURVE((1.,1.03130253580832,1.06218317751521))
REPRESENTATION_ITEM('')
);
#73=(
BOUNDED_CURVE()
B_SPLINE_CURVE(2,(#6781,#6782,#6783),.UNSPECIFIED.,.F.,.F.)
B_SPLINE_CURVE_WITH_KNOTS((3,3),(0.135278755989774,0.191820693624007),
 .UNSPECIFIED.)
CURVE()
GEOMETRIC_REPRESENTATION_ITEM()
RATIONAL_B_SPLINE_CURVE((1.00139423280302,1.00149282174807,1.00143025792046))
REPRESENTATION_ITEM('')
);
#74=(
BOUNDED_CURVE()
B_SPLINE_CURVE(2,(#6826,#6827,#6828),.UNSPECIFIED.,.F.,.F.)
B_SPLINE_CURVE_WITH_KNOTS((3,3),(0.,0.00962043139702425),.UNSPECIFIED.)
CURVE()
GEOMETRIC_REPRESENTATION_ITEM()
RATIONAL_B_SPLINE_CURVE((1.,1.03130253580832,1.06218317751521))
REPRESENTATION_ITEM('')
);
#75=(
BOUNDED_CURVE()
B_SPLINE_CURVE(2,(#6833,#6834,#6835),.UNSPECIFIED.,.F.,.F.)
B_SPLINE_CURVE_WITH_KNOTS((3,3),(1.41796007882504,1.42758051022196),
 .UNSPECIFIED.)
CURVE()
GEOMETRIC_REPRESENTATION_ITEM()
RATIONAL_B_SPLINE_CURVE((1.06218317751453,1.03130253580798,1.))
REPRESENTATION_ITEM('')
);
#76=(
BOUNDED_CURVE()
B_SPLINE_CURVE(2,(#6843,#6844,#6845),.UNSPECIFIED.,.F.,.F.)
B_SPLINE_CURVE_WITH_KNOTS((3,3),(0.135278755757491,0.191820693385138),
 .UNSPECIFIED.)
CURVE()
GEOMETRIC_REPRESENTATION_ITEM()
RATIONAL_B_SPLINE_CURVE((1.00139423289675,1.00149282184913,1.00143025801797))
REPRESENTATION_ITEM('')
);
#77=(
BOUNDED_CURVE()
B_SPLINE_CURVE(2,(#6849,#6850,#6851),.UNSPECIFIED.,.F.,.F.)
B_SPLINE_CURVE_WITH_KNOTS((3,3),(0.147918501026541,0.20446043868621),
 .UNSPECIFIED.)
CURVE()
GEOMETRIC_REPRESENTATION_ITEM()
RATIONAL_B_SPLINE_CURVE((1.00143025847245,1.00149282232396,1.0013942333405))
REPRESENTATION_ITEM('')
);
#78=CONICAL_SURFACE('',#3380,1.75,0.785398163397446);
#79=CONICAL_SURFACE('',#3383,5.25,0.785398163397449);
#80=CONICAL_SURFACE('',#3396,5.25,0.785398163397447);
#81=CONICAL_SURFACE('',#3399,5.25,0.785398163397447);
#82=CONICAL_SURFACE('',#3402,4.75,0.785398163397446);
#83=CONICAL_SURFACE('',#3405,1.75,0.785398163397449);
#84=CONICAL_SURFACE('',#3409,5.5,0.785398163397448);
#85=CONICAL_SURFACE('',#3413,1.5,0.785398163397446);
#86=CONICAL_SURFACE('',#3417,1.5,0.78539816339745);
#87=CONICAL_SURFACE('',#3421,4.5,0.785398163397447);
#88=CONICAL_SURFACE('',#3425,5.5,0.785398163397447);
#89=CONICAL_SURFACE('',#3429,5.5,0.785398163397447);
#90=CONICAL_SURFACE('',#3434,0.999999999999998,0.785398163397448);
#91=CONICAL_SURFACE('',#3437,0.999999999999992,0.785398163397445);
#92=CONICAL_SURFACE('',#3473,14.85,0.785398163397295);
#93=CONICAL_SURFACE('',#3476,14.85,0.785398163397552);
#94=CONICAL_SURFACE('',#3489,14.85,0.785398163397556);
#95=CONICAL_SURFACE('',#3496,14.85,0.785398163397312);
#96=CONICAL_SURFACE('',#3509,6.3,0.78539816339745);
#97=CONICAL_SURFACE('',#3516,6.3,0.78539816339745);
#98=CONICAL_SURFACE('',#3523,14.8,0.785398163397441);
#99=CONICAL_SURFACE('',#3525,14.8,0.785398163397435);
#100=CONICAL_SURFACE('',#3534,14.8,0.785398163397438);
#101=CONICAL_SURFACE('',#3537,6.3,0.785398163397437);
#102=CONICAL_SURFACE('',#3557,6.3,0.785398163397437);
#103=CONICAL_SURFACE('',#3561,14.8,0.785398163397438);
#104=CONICAL_SURFACE('',#3586,9.25,0.785398163397448);
#105=CONICAL_SURFACE('',#3594,2.75,0.785398163397448);
#106=CONICAL_SURFACE('',#3599,2.75,0.785398163397448);
#107=CONICAL_SURFACE('',#3604,2.75,0.785398163397448);
#108=CONICAL_SURFACE('',#3609,2.75,0.785398163397448);
#109=CONICAL_SURFACE('',#3614,2.09999999999999,0.785398163397448);
#110=CONICAL_SURFACE('',#3621,2.09999999999999,0.785398163397448);
#111=CONICAL_SURFACE('',#3625,11.2,0.785398163397448);
#112=CONICAL_SURFACE('',#3630,7.75,0.785398163397449);
#113=CONICAL_SURFACE('',#3633,7.75,0.785398163397445);
#114=CONICAL_SURFACE('',#3639,8.,0.785398163397447);
#115=CONICAL_SURFACE('',#3642,8.,0.785398163397448);
#116=CONICAL_SURFACE('',#3648,2.24999999999999,1.03037682652431);
#117=CONICAL_SURFACE('',#3650,2.25,1.03037682652432);
#118=CONICAL_SURFACE('',#3658,4.125,0.785398163397448);
#119=CONICAL_SURFACE('',#3659,4.125,0.785398163397448);
#120=CONICAL_SURFACE('',#3660,2.,0.785398163397446);
#121=CONICAL_SURFACE('',#3665,4.125,0.785398163397448);
#122=CONICAL_SURFACE('',#3666,4.125,0.785398163397448);
#123=CONICAL_SURFACE('',#3667,2.,0.785398163397446);
#124=FACE_BOUND('',#465,.T.);
#125=FACE_BOUND('',#466,.T.);
#126=FACE_BOUND('',#467,.T.);
#127=FACE_BOUND('',#468,.T.);
#128=FACE_BOUND('',#474,.T.);
#129=FACE_BOUND('',#475,.T.);
#130=FACE_BOUND('',#476,.T.);
#131=FACE_BOUND('',#477,.T.);
#132=FACE_BOUND('',#478,.T.);
#133=FACE_BOUND('',#479,.T.);
#134=FACE_BOUND('',#524,.T.);
#135=FACE_BOUND('',#525,.T.);
#136=FACE_BOUND('',#526,.T.);
#137=FACE_BOUND('',#527,.T.);
#138=FACE_BOUND('',#528,.T.);
#139=FACE_BOUND('',#550,.T.);
#140=FACE_BOUND('',#551,.T.);
#141=FACE_BOUND('',#562,.T.);
#142=FACE_BOUND('',#563,.T.);
#143=FACE_BOUND('',#571,.T.);
#144=FACE_BOUND('',#575,.T.);
#145=FACE_BOUND('',#592,.T.);
#146=FACE_BOUND('',#595,.T.);
#147=FACE_BOUND('',#601,.T.);
#148=FACE_BOUND('',#616,.T.);
#149=FACE_BOUND('',#621,.T.);
#150=FACE_BOUND('',#627,.T.);
#151=FACE_BOUND('',#635,.T.);
#152=FACE_BOUND('',#647,.T.);
#153=FACE_BOUND('',#648,.T.);
#154=PLANE('',#3362);
#155=PLANE('',#3365);
#156=PLANE('',#3379);
#157=PLANE('',#3382);
#158=PLANE('',#3385);
#159=PLANE('',#3392);
#160=PLANE('',#3393);
#161=PLANE('',#3398);
#162=PLANE('',#3401);
#163=PLANE('',#3404);
#164=PLANE('',#3407);
#165=PLANE('',#3408);
#166=PLANE('',#3412);
#167=PLANE('',#3416);
#168=PLANE('',#3420);
#169=PLANE('',#3424);
#170=PLANE('',#3428);
#171=PLANE('',#3432);
#172=PLANE('',#3433);
#173=PLANE('',#3436);
#174=PLANE('',#3439);
#175=PLANE('',#3440);
#176=PLANE('',#3443);
#177=PLANE('',#3446);
#178=PLANE('',#3448);
#179=PLANE('',#3450);
#180=PLANE('',#3452);
#181=PLANE('',#3454);
#182=PLANE('',#3455);
#183=PLANE('',#3462);
#184=PLANE('',#3463);
#185=PLANE('',#3464);
#186=PLANE('',#3465);
#187=PLANE('',#3466);
#188=PLANE('',#3467);
#189=PLANE('',#3468);
#190=PLANE('',#3469);
#191=PLANE('',#3470);
#192=PLANE('',#3471);
#193=PLANE('',#3472);
#194=PLANE('',#3483);
#195=PLANE('',#3484);
#196=PLANE('',#3485);
#197=PLANE('',#3499);
#198=PLANE('',#3500);
#199=PLANE('',#3501);
#200=PLANE('',#3511);
#201=PLANE('',#3513);
#202=PLANE('',#3515);
#203=PLANE('',#3519);
#204=PLANE('',#3521);
#205=PLANE('',#3524);
#206=PLANE('',#3526);
#207=PLANE('',#3527);
#208=PLANE('',#3528);
#209=PLANE('',#3529);
#210=PLANE('',#3530);
#211=PLANE('',#3531);
#212=PLANE('',#3532);
#213=PLANE('',#3533);
#214=PLANE('',#3536);
#215=PLANE('',#3540);
#216=PLANE('',#3542);
#217=PLANE('',#3543);
#218=PLANE('',#3546);
#219=PLANE('',#3547);
#220=PLANE('',#3548);
#221=PLANE('',#3549);
#222=PLANE('',#3554);
#223=PLANE('',#3555);
#224=PLANE('',#3556);
#225=PLANE('',#3559);
#226=PLANE('',#3560);
#227=PLANE('',#3563);
#228=PLANE('',#3564);
#229=PLANE('',#3565);
#230=PLANE('',#3566);
#231=PLANE('',#3567);
#232=PLANE('',#3569);
#233=PLANE('',#3570);
#234=PLANE('',#3571);
#235=PLANE('',#3572);
#236=PLANE('',#3575);
#237=PLANE('',#3576);
#238=PLANE('',#3577);
#239=PLANE('',#3578);
#240=PLANE('',#3581);
#241=PLANE('',#3582);
#242=PLANE('',#3583);
#243=PLANE('',#3591);
#244=PLANE('',#3593);
#245=PLANE('',#3617);
#246=PLANE('',#3629);
#247=PLANE('',#3632);
#248=PLANE('',#3637);
#249=PLANE('',#3638);
#250=PLANE('',#3641);
#251=PLANE('',#3643);
#252=PLANE('',#3644);
#253=PLANE('',#3646);
#254=PLANE('',#3647);
#255=PLANE('',#3654);
#256=PLANE('',#3657);
#257=PLANE('',#3664);
#258=PLANE('',#3671);
#259=PLANE('',#3674);
#260=PLANE('',#3675);
#261=PLANE('',#3676);
#262=FACE_OUTER_BOUND('',#461,.T.);
#263=FACE_OUTER_BOUND('',#462,.T.);
#264=FACE_OUTER_BOUND('',#463,.T.);
#265=FACE_OUTER_BOUND('',#464,.T.);
#266=FACE_OUTER_BOUND('',#469,.T.);
#267=FACE_OUTER_BOUND('',#470,.T.);
#268=FACE_OUTER_BOUND('',#471,.T.);
#269=FACE_OUTER_BOUND('',#472,.T.);
#270=FACE_OUTER_BOUND('',#473,.T.);
#271=FACE_OUTER_BOUND('',#480,.T.);
#272=FACE_OUTER_BOUND('',#481,.T.);
#273=FACE_OUTER_BOUND('',#482,.T.);
#274=FACE_OUTER_BOUND('',#483,.T.);
#275=FACE_OUTER_BOUND('',#484,.T.);
#276=FACE_OUTER_BOUND('',#485,.T.);
#277=FACE_OUTER_BOUND('',#486,.T.);
#278=FACE_OUTER_BOUND('',#487,.T.);
#279=FACE_OUTER_BOUND('',#488,.T.);
#280=FACE_OUTER_BOUND('',#489,.T.);
#281=FACE_OUTER_BOUND('',#490,.T.);
#282=FACE_OUTER_BOUND('',#491,.T.);
#283=FACE_OUTER_BOUND('',#492,.T.);
#284=FACE_OUTER_BOUND('',#493,.T.);
#285=FACE_OUTER_BOUND('',#494,.T.);
#286=FACE_OUTER_BOUND('',#495,.T.);
#287=FACE_OUTER_BOUND('',#496,.T.);
#288=FACE_OUTER_BOUND('',#497,.T.);
#289=FACE_OUTER_BOUND('',#498,.T.);
#290=FACE_OUTER_BOUND('',#499,.T.);
#291=FACE_OUTER_BOUND('',#500,.T.);
#292=FACE_OUTER_BOUND('',#501,.T.);
#293=FACE_OUTER_BOUND('',#502,.T.);
#294=FACE_OUTER_BOUND('',#503,.T.);
#295=FACE_OUTER_BOUND('',#504,.T.);
#296=FACE_OUTER_BOUND('',#505,.T.);
#297=FACE_OUTER_BOUND('',#506,.T.);
#298=FACE_OUTER_BOUND('',#507,.T.);
#299=FACE_OUTER_BOUND('',#508,.T.);
#300=FACE_OUTER_BOUND('',#509,.T.);
#301=FACE_OUTER_BOUND('',#510,.T.);
#302=FACE_OUTER_BOUND('',#511,.T.);
#303=FACE_OUTER_BOUND('',#512,.T.);
#304=FACE_OUTER_BOUND('',#513,.T.);
#305=FACE_OUTER_BOUND('',#514,.T.);
#306=FACE_OUTER_BOUND('',#515,.T.);
#307=FACE_OUTER_BOUND('',#516,.T.);
#308=FACE_OUTER_BOUND('',#517,.T.);
#309=FACE_OUTER_BOUND('',#518,.T.);
#310=FACE_OUTER_BOUND('',#519,.T.);
#311=FACE_OUTER_BOUND('',#520,.T.);
#312=FACE_OUTER_BOUND('',#521,.T.);
#313=FACE_OUTER_BOUND('',#522,.T.);
#314=FACE_OUTER_BOUND('',#523,.T.);
#315=FACE_OUTER_BOUND('',#529,.T.);
#316=FACE_OUTER_BOUND('',#530,.T.);
#317=FACE_OUTER_BOUND('',#531,.T.);
#318=FACE_OUTER_BOUND('',#532,.T.);
#319=FACE_OUTER_BOUND('',#533,.T.);
#320=FACE_OUTER_BOUND('',#534,.T.);
#321=FACE_OUTER_BOUND('',#535,.T.);
#322=FACE_OUTER_BOUND('',#536,.T.);
#323=FACE_OUTER_BOUND('',#537,.T.);
#324=FACE_OUTER_BOUND('',#538,.T.);
#325=FACE_OUTER_BOUND('',#539,.T.);
#326=FACE_OUTER_BOUND('',#540,.T.);
#327=FACE_OUTER_BOUND('',#541,.T.);
#328=FACE_OUTER_BOUND('',#542,.T.);
#329=FACE_OUTER_BOUND('',#543,.T.);
#330=FACE_OUTER_BOUND('',#544,.T.);
#331=FACE_OUTER_BOUND('',#545,.T.);
#332=FACE_OUTER_BOUND('',#546,.T.);
#333=FACE_OUTER_BOUND('',#547,.T.);
#334=FACE_OUTER_BOUND('',#548,.T.);
#335=FACE_OUTER_BOUND('',#549,.T.);
#336=FACE_OUTER_BOUND('',#552,.T.);
#337=FACE_OUTER_BOUND('',#553,.T.);
#338=FACE_OUTER_BOUND('',#554,.T.);
#339=FACE_OUTER_BOUND('',#555,.T.);
#340=FACE_OUTER_BOUND('',#556,.T.);
#341=FACE_OUTER_BOUND('',#557,.T.);
#342=FACE_OUTER_BOUND('',#558,.T.);
#343=FACE_OUTER_BOUND('',#559,.T.);
#344=FACE_OUTER_BOUND('',#560,.T.);
#345=FACE_OUTER_BOUND('',#561,.T.);
#346=FACE_OUTER_BOUND('',#564,.T.);
#347=FACE_OUTER_BOUND('',#565,.T.);
#348=FACE_OUTER_BOUND('',#566,.T.);
#349=FACE_OUTER_BOUND('',#567,.T.);
#350=FACE_OUTER_BOUND('',#568,.T.);
#351=FACE_OUTER_BOUND('',#569,.T.);
#352=FACE_OUTER_BOUND('',#570,.T.);
#353=FACE_OUTER_BOUND('',#572,.T.);
#354=FACE_OUTER_BOUND('',#573,.T.);
#355=FACE_OUTER_BOUND('',#574,.T.);
#356=FACE_OUTER_BOUND('',#576,.T.);
#357=FACE_OUTER_BOUND('',#577,.T.);
#358=FACE_OUTER_BOUND('',#578,.T.);
#359=FACE_OUTER_BOUND('',#579,.T.);
#360=FACE_OUTER_BOUND('',#580,.T.);
#361=FACE_OUTER_BOUND('',#581,.T.);
#362=FACE_OUTER_BOUND('',#582,.T.);
#363=FACE_OUTER_BOUND('',#583,.T.);
#364=FACE_OUTER_BOUND('',#584,.T.);
#365=FACE_OUTER_BOUND('',#585,.T.);
#366=FACE_OUTER_BOUND('',#586,.T.);
#367=FACE_OUTER_BOUND('',#587,.T.);
#368=FACE_OUTER_BOUND('',#588,.T.);
#369=FACE_OUTER_BOUND('',#589,.T.);
#370=FACE_OUTER_BOUND('',#590,.T.);
#371=FACE_OUTER_BOUND('',#591,.T.);
#372=FACE_OUTER_BOUND('',#593,.T.);
#373=FACE_OUTER_BOUND('',#594,.T.);
#374=FACE_OUTER_BOUND('',#596,.T.);
#375=FACE_OUTER_BOUND('',#597,.T.);
#376=FACE_OUTER_BOUND('',#598,.T.);
#377=FACE_OUTER_BOUND('',#599,.T.);
#378=FACE_OUTER_BOUND('',#600,.T.);
#379=FACE_OUTER_BOUND('',#602,.T.);
#380=FACE_OUTER_BOUND('',#603,.T.);
#381=FACE_OUTER_BOUND('',#604,.T.);
#382=FACE_OUTER_BOUND('',#605,.T.);
#383=FACE_OUTER_BOUND('',#606,.T.);
#384=FACE_OUTER_BOUND('',#607,.T.);
#385=FACE_OUTER_BOUND('',#608,.T.);
#386=FACE_OUTER_BOUND('',#609,.T.);
#387=FACE_OUTER_BOUND('',#610,.T.);
#388=FACE_OUTER_BOUND('',#611,.T.);
#389=FACE_OUTER_BOUND('',#612,.T.);
#390=FACE_OUTER_BOUND('',#613,.T.);
#391=FACE_OUTER_BOUND('',#614,.T.);
#392=FACE_OUTER_BOUND('',#615,.T.);
#393=FACE_OUTER_BOUND('',#617,.T.);
#394=FACE_OUTER_BOUND('',#618,.T.);
#395=FACE_OUTER_BOUND('',#619,.T.);
#396=FACE_OUTER_BOUND('',#620,.T.);
#397=FACE_OUTER_BOUND('',#622,.T.);
#398=FACE_OUTER_BOUND('',#623,.T.);
#399=FACE_OUTER_BOUND('',#624,.T.);
#400=FACE_OUTER_BOUND('',#625,.T.);
#401=FACE_OUTER_BOUND('',#626,.T.);
#402=FACE_OUTER_BOUND('',#628,.T.);
#403=FACE_OUTER_BOUND('',#629,.T.);
#404=FACE_OUTER_BOUND('',#630,.T.);
#405=FACE_OUTER_BOUND('',#631,.T.);
#406=FACE_OUTER_BOUND('',#632,.T.);
#407=FACE_OUTER_BOUND('',#633,.T.);
#408=FACE_OUTER_BOUND('',#634,.T.);
#409=FACE_OUTER_BOUND('',#636,.T.);
#410=FACE_OUTER_BOUND('',#637,.T.);
#411=FACE_OUTER_BOUND('',#638,.T.);
#412=FACE_OUTER_BOUND('',#639,.T.);
#413=FACE_OUTER_BOUND('',#640,.T.);
#414=FACE_OUTER_BOUND('',#641,.T.);
#415=FACE_OUTER_BOUND('',#642,.T.);
#416=FACE_OUTER_BOUND('',#643,.T.);
#417=FACE_OUTER_BOUND('',#644,.T.);
#418=FACE_OUTER_BOUND('',#645,.T.);
#419=FACE_OUTER_BOUND('',#646,.T.);
#420=FACE_OUTER_BOUND('',#649,.T.);
#421=FACE_OUTER_BOUND('',#650,.T.);
#422=FACE_OUTER_BOUND('',#651,.T.);
#423=FACE_OUTER_BOUND('',#652,.T.);
#424=FACE_OUTER_BOUND('',#653,.T.);
#425=FACE_OUTER_BOUND('',#654,.T.);
#426=FACE_OUTER_BOUND('',#655,.T.);
#427=FACE_OUTER_BOUND('',#656,.T.);
#428=FACE_OUTER_BOUND('',#657,.T.);
#429=FACE_OUTER_BOUND('',#658,.T.);
#430=FACE_OUTER_BOUND('',#659,.T.);
#431=FACE_OUTER_BOUND('',#660,.T.);
#432=FACE_OUTER_BOUND('',#661,.T.);
#433=FACE_OUTER_BOUND('',#662,.T.);
#434=FACE_OUTER_BOUND('',#663,.T.);
#435=FACE_OUTER_BOUND('',#664,.T.);
#436=FACE_OUTER_BOUND('',#665,.T.);
#437=FACE_OUTER_BOUND('',#666,.T.);
#438=FACE_OUTER_BOUND('',#667,.T.);
#439=FACE_OUTER_BOUND('',#668,.T.);
#440=FACE_OUTER_BOUND('',#669,.T.);
#441=FACE_OUTER_BOUND('',#670,.T.);
#442=FACE_OUTER_BOUND('',#671,.T.);
#443=FACE_OUTER_BOUND('',#672,.T.);
#444=FACE_OUTER_BOUND('',#673,.T.);
#445=FACE_OUTER_BOUND('',#674,.T.);
#446=FACE_OUTER_BOUND('',#675,.T.);
#447=FACE_OUTER_BOUND('',#676,.T.);
#448=FACE_OUTER_BOUND('',#677,.T.);
#449=FACE_OUTER_BOUND('',#678,.T.);
#450=FACE_OUTER_BOUND('',#679,.T.);
#451=FACE_OUTER_BOUND('',#680,.T.);
#452=FACE_OUTER_BOUND('',#681,.T.);
#453=FACE_OUTER_BOUND('',#682,.T.);
#454=FACE_OUTER_BOUND('',#683,.T.);
#455=FACE_OUTER_BOUND('',#684,.T.);
#456=FACE_OUTER_BOUND('',#685,.T.);
#457=FACE_OUTER_BOUND('',#686,.T.);
#458=FACE_OUTER_BOUND('',#687,.T.);
#459=FACE_OUTER_BOUND('',#688,.T.);
#460=FACE_OUTER_BOUND('',#689,.T.);
#461=EDGE_LOOP('',(#2164,#2165,#2166,#2167));
#462=EDGE_LOOP('',(#2168,#2169,#2170,#2171,#2172,#2173,#2174,#2175));
#463=EDGE_LOOP('',(#2176,#2177,#2178,#2179,#2180,#2181));
#464=EDGE_LOOP('',(#2182,#2183,#2184,#2185,#2186,#2187,#2188,#2189,#2190,
#2191,#2192,#2193,#2194,#2195,#2196,#2197,#2198,#2199,#2200,#2201,#2202,
#2203,#2204,#2205));
#465=EDGE_LOOP('',(#2206));
#466=EDGE_LOOP('',(#2207,#2208,#2209,#2210,#2211,#2212,#2213,#2214));
#467=EDGE_LOOP('',(#2215,#2216,#2217,#2218,#2219,#2220));
#468=EDGE_LOOP('',(#2221,#2222,#2223,#2224));
#469=EDGE_LOOP('',(#2225,#2226,#2227,#2228));
#470=EDGE_LOOP('',(#2229,#2230,#2231,#2232));
#471=EDGE_LOOP('',(#2233,#2234,#2235,#2236));
#472=EDGE_LOOP('',(#2237,#2238,#2239,#2240));
#473=EDGE_LOOP('',(#2241,#2242,#2243,#2244));
#474=EDGE_LOOP('',(#2245));
#475=EDGE_LOOP('',(#2246));
#476=EDGE_LOOP('',(#2247));
#477=EDGE_LOOP('',(#2248));
#478=EDGE_LOOP('',(#2249));
#479=EDGE_LOOP('',(#2250));
#480=EDGE_LOOP('',(#2251,#2252,#2253,#2254,#2255));
#481=EDGE_LOOP('',(#2256,#2257,#2258,#2259,#2260,#2261,#2262,#2263,#2264,
#2265,#2266,#2267,#2268,#2269));
#482=EDGE_LOOP('',(#2270,#2271,#2272,#2273));
#483=EDGE_LOOP('',(#2274,#2275,#2276,#2277));
#484=EDGE_LOOP('',(#2278,#2279,#2280,#2281));
#485=EDGE_LOOP('',(#2282,#2283,#2284,#2285));
#486=EDGE_LOOP('',(#2286,#2287,#2288,#2289));
#487=EDGE_LOOP('',(#2290,#2291,#2292,#2293));
#488=EDGE_LOOP('',(#2294,#2295,#2296,#2297));
#489=EDGE_LOOP('',(#2298,#2299,#2300,#2301));
#490=EDGE_LOOP('',(#2302,#2303,#2304,#2305,#2306));
#491=EDGE_LOOP('',(#2307,#2308,#2309,#2310));
#492=EDGE_LOOP('',(#2311,#2312,#2313,#2314));
#493=EDGE_LOOP('',(#2315,#2316,#2317,#2318));
#494=EDGE_LOOP('',(#2319,#2320,#2321,#2322));
#495=EDGE_LOOP('',(#2323,#2324,#2325,#2326));
#496=EDGE_LOOP('',(#2327,#2328,#2329,#2330));
#497=EDGE_LOOP('',(#2331,#2332,#2333,#2334));
#498=EDGE_LOOP('',(#2335,#2336,#2337,#2338));
#499=EDGE_LOOP('',(#2339,#2340,#2341,#2342));
#500=EDGE_LOOP('',(#2343,#2344,#2345,#2346));
#501=EDGE_LOOP('',(#2347,#2348,#2349,#2350));
#502=EDGE_LOOP('',(#2351,#2352,#2353,#2354));
#503=EDGE_LOOP('',(#2355,#2356,#2357,#2358));
#504=EDGE_LOOP('',(#2359,#2360,#2361));
#505=EDGE_LOOP('',(#2362,#2363,#2364,#2365,#2366));
#506=EDGE_LOOP('',(#2367,#2368,#2369));
#507=EDGE_LOOP('',(#2370,#2371,#2372,#2373));
#508=EDGE_LOOP('',(#2374,#2375,#2376,#2377,#2378,#2379));
#509=EDGE_LOOP('',(#2380,#2381,#2382,#2383));
#510=EDGE_LOOP('',(#2384,#2385,#2386,#2387));
#511=EDGE_LOOP('',(#2388,#2389,#2390,#2391));
#512=EDGE_LOOP('',(#2392,#2393,#2394,#2395));
#513=EDGE_LOOP('',(#2396,#2397,#2398,#2399));
#514=EDGE_LOOP('',(#2400,#2401,#2402,#2403));
#515=EDGE_LOOP('',(#2404,#2405,#2406,#2407));
#516=EDGE_LOOP('',(#2408,#2409,#2410,#2411));
#517=EDGE_LOOP('',(#2412,#2413,#2414,#2415));
#518=EDGE_LOOP('',(#2416,#2417,#2418,#2419));
#519=EDGE_LOOP('',(#2420,#2421,#2422,#2423));
#520=EDGE_LOOP('',(#2424,#2425,#2426,#2427,#2428,#2429,#2430,#2431,#2432,
#2433));
#521=EDGE_LOOP('',(#2434,#2435,#2436,#2437));
#522=EDGE_LOOP('',(#2438,#2439,#2440,#2441,#2442,#2443));
#523=EDGE_LOOP('',(#2444,#2445,#2446,#2447,#2448,#2449,#2450,#2451,#2452,
#2453,#2454,#2455,#2456,#2457,#2458,#2459));
#524=EDGE_LOOP('',(#2460,#2461,#2462,#2463));
#525=EDGE_LOOP('',(#2464));
#526=EDGE_LOOP('',(#2465));
#527=EDGE_LOOP('',(#2466));
#528=EDGE_LOOP('',(#2467));
#529=EDGE_LOOP('',(#2468,#2469,#2470,#2471,#2472));
#530=EDGE_LOOP('',(#2473,#2474,#2475,#2476));
#531=EDGE_LOOP('',(#2477,#2478,#2479,#2480));
#532=EDGE_LOOP('',(#2481,#2482,#2483,#2484));
#533=EDGE_LOOP('',(#2485,#2486,#2487));
#534=EDGE_LOOP('',(#2488,#2489,#2490));
#535=EDGE_LOOP('',(#2491,#2492,#2493,#2494));
#536=EDGE_LOOP('',(#2495,#2496,#2497,#2498));
#537=EDGE_LOOP('',(#2499,#2500,#2501));
#538=EDGE_LOOP('',(#2502,#2503,#2504));
#539=EDGE_LOOP('',(#2505,#2506,#2507,#2508,#2509,#2510,#2511,#2512,#2513,
#2514));
#540=EDGE_LOOP('',(#2515,#2516,#2517,#2518,#2519,#2520));
#541=EDGE_LOOP('',(#2521,#2522,#2523,#2524,#2525,#2526));
#542=EDGE_LOOP('',(#2527,#2528,#2529,#2530));
#543=EDGE_LOOP('',(#2531,#2532,#2533,#2534));
#544=EDGE_LOOP('',(#2535,#2536,#2537,#2538));
#545=EDGE_LOOP('',(#2539,#2540,#2541,#2542));
#546=EDGE_LOOP('',(#2543,#2544,#2545,#2546,#2547));
#547=EDGE_LOOP('',(#2548,#2549,#2550,#2551,#2552));
#548=EDGE_LOOP('',(#2553,#2554,#2555,#2556));
#549=EDGE_LOOP('',(#2557,#2558,#2559,#2560,#2561,#2562));
#550=EDGE_LOOP('',(#2563));
#551=EDGE_LOOP('',(#2564,#2565,#2566,#2567,#2568,#2569));
#552=EDGE_LOOP('',(#2570,#2571,#2572,#2573,#2574,#2575));
#553=EDGE_LOOP('',(#2576,#2577,#2578,#2579));
#554=EDGE_LOOP('',(#2580,#2581,#2582,#2583));
#555=EDGE_LOOP('',(#2584,#2585,#2586,#2587));
#556=EDGE_LOOP('',(#2588,#2589,#2590,#2591,#2592,#2593));
#557=EDGE_LOOP('',(#2594,#2595,#2596,#2597));
#558=EDGE_LOOP('',(#2598,#2599,#2600,#2601));
#559=EDGE_LOOP('',(#2602,#2603,#2604,#2605,#2606));
#560=EDGE_LOOP('',(#2607,#2608,#2609,#2610,#2611));
#561=EDGE_LOOP('',(#2612,#2613,#2614,#2615,#2616,#2617));
#562=EDGE_LOOP('',(#2618));
#563=EDGE_LOOP('',(#2619,#2620,#2621,#2622,#2623,#2624));
#564=EDGE_LOOP('',(#2625,#2626,#2627,#2628,#2629));
#565=EDGE_LOOP('',(#2630,#2631,#2632,#2633,#2634));
#566=EDGE_LOOP('',(#2635,#2636,#2637,#2638));
#567=EDGE_LOOP('',(#2639,#2640,#2641,#2642));
#568=EDGE_LOOP('',(#2643,#2644,#2645,#2646,#2647));
#569=EDGE_LOOP('',(#2648,#2649,#2650,#2651));
#570=EDGE_LOOP('',(#2652,#2653,#2654,#2655,#2656,#2657));
#571=EDGE_LOOP('',(#2658));
#572=EDGE_LOOP('',(#2659,#2660,#2661,#2662));
#573=EDGE_LOOP('',(#2663,#2664,#2665,#2666,#2667,#2668));
#574=EDGE_LOOP('',(#2669,#2670,#2671,#2672,#2673,#2674));
#575=EDGE_LOOP('',(#2675));
#576=EDGE_LOOP('',(#2676,#2677,#2678,#2679));
#577=EDGE_LOOP('',(#2680,#2681,#2682,#2683,#2684));
#578=EDGE_LOOP('',(#2685,#2686,#2687,#2688));
#579=EDGE_LOOP('',(#2689,#2690,#2691,#2692,#2693));
#580=EDGE_LOOP('',(#2694,#2695,#2696,#2697));
#581=EDGE_LOOP('',(#2698,#2699,#2700));
#582=EDGE_LOOP('',(#2701,#2702,#2703,#2704));
#583=EDGE_LOOP('',(#2705,#2706,#2707));
#584=EDGE_LOOP('',(#2708,#2709,#2710,#2711));
#585=EDGE_LOOP('',(#2712,#2713,#2714));
#586=EDGE_LOOP('',(#2715,#2716,#2717,#2718));
#587=EDGE_LOOP('',(#2719,#2720,#2721));
#588=EDGE_LOOP('',(#2722,#2723,#2724,#2725));
#589=EDGE_LOOP('',(#2726,#2727,#2728,#2729));
#590=EDGE_LOOP('',(#2730,#2731,#2732,#2733));
#591=EDGE_LOOP('',(#2734,#2735,#2736,#2737));
#592=EDGE_LOOP('',(#2738));
#593=EDGE_LOOP('',(#2739,#2740,#2741,#2742));
#594=EDGE_LOOP('',(#2743));
#595=EDGE_LOOP('',(#2744));
#596=EDGE_LOOP('',(#2745,#2746,#2747,#2748));
#597=EDGE_LOOP('',(#2749,#2750,#2751,#2752));
#598=EDGE_LOOP('',(#2753,#2754,#2755,#2756,#2757));
#599=EDGE_LOOP('',(#2758,#2759,#2760,#2761,#2762));
#600=EDGE_LOOP('',(#2763,#2764,#2765,#2766,#2767,#2768));
#601=EDGE_LOOP('',(#2769));
#602=EDGE_LOOP('',(#2770,#2771,#2772,#2773));
#603=EDGE_LOOP('',(#2774,#2775,#2776,#2777,#2778,#2779,#2780,#2781,#2782,
#2783));
#604=EDGE_LOOP('',(#2784,#2785,#2786,#2787));
#605=EDGE_LOOP('',(#2788,#2789,#2790));
#606=EDGE_LOOP('',(#2791,#2792,#2793));
#607=EDGE_LOOP('',(#2794,#2795,#2796,#2797,#2798));
#608=EDGE_LOOP('',(#2799,#2800,#2801));
#609=EDGE_LOOP('',(#2802,#2803,#2804));
#610=EDGE_LOOP('',(#2805,#2806,#2807,#2808));
#611=EDGE_LOOP('',(#2809,#2810,#2811,#2812));
#612=EDGE_LOOP('',(#2813,#2814,#2815,#2816));
#613=EDGE_LOOP('',(#2817,#2818,#2819,#2820));
#614=EDGE_LOOP('',(#2821,#2822,#2823,#2824));
#615=EDGE_LOOP('',(#2825,#2826,#2827,#2828));
#616=EDGE_LOOP('',(#2829));
#617=EDGE_LOOP('',(#2830,#2831,#2832,#2833));
#618=EDGE_LOOP('',(#2834,#2835,#2836,#2837,#2838,#2839));
#619=EDGE_LOOP('',(#2840,#2841,#2842,#2843));
#620=EDGE_LOOP('',(#2844));
#621=EDGE_LOOP('',(#2845));
#622=EDGE_LOOP('',(#2846,#2847,#2848,#2849));
#623=EDGE_LOOP('',(#2850,#2851,#2852,#2853,#2854));
#624=EDGE_LOOP('',(#2855,#2856,#2857,#2858,#2859));
#625=EDGE_LOOP('',(#2860,#2861,#2862,#2863));
#626=EDGE_LOOP('',(#2864,#2865,#2866,#2867,#2868,#2869));
#627=EDGE_LOOP('',(#2870));
#628=EDGE_LOOP('',(#2871,#2872,#2873,#2874));
#629=EDGE_LOOP('',(#2875,#2876,#2877,#2878,#2879,#2880));
#630=EDGE_LOOP('',(#2881,#2882,#2883,#2884));
#631=EDGE_LOOP('',(#2885,#2886,#2887,#2888,#2889,#2890));
#632=EDGE_LOOP('',(#2891,#2892,#2893,#2894));
#633=EDGE_LOOP('',(#2895,#2896,#2897,#2898));
#634=EDGE_LOOP('',(#2899));
#635=EDGE_LOOP('',(#2900));
#636=EDGE_LOOP('',(#2901));
#637=EDGE_LOOP('',(#2902,#2903,#2904,#2905,#2906));
#638=EDGE_LOOP('',(#2907,#2908,#2909,#2910,#2911));
#639=EDGE_LOOP('',(#2912,#2913,#2914,#2915,#2916));
#640=EDGE_LOOP('',(#2917,#2918,#2919,#2920,#2921));
#641=EDGE_LOOP('',(#2922,#2923,#2924,#2925,#2926));
#642=EDGE_LOOP('',(#2927,#2928,#2929,#2930,#2931));
#643=EDGE_LOOP('',(#2932,#2933,#2934,#2935,#2936));
#644=EDGE_LOOP('',(#2937,#2938,#2939,#2940,#2941));
#645=EDGE_LOOP('',(#2942,#2943,#2944,#2945));
#646=EDGE_LOOP('',(#2946,#2947,#2948,#2949));
#647=EDGE_LOOP('',(#2950));
#648=EDGE_LOOP('',(#2951));
#649=EDGE_LOOP('',(#2952,#2953,#2954,#2955));
#650=EDGE_LOOP('',(#2956,#2957,#2958,#2959));
#651=EDGE_LOOP('',(#2960,#2961,#2962,#2963));
#652=EDGE_LOOP('',(#2964,#2965,#2966,#2967,#2968));
#653=EDGE_LOOP('',(#2969,#2970,#2971,#2972,#2973));
#654=EDGE_LOOP('',(#2974,#2975,#2976,#2977));
#655=EDGE_LOOP('',(#2978,#2979,#2980,#2981));
#656=EDGE_LOOP('',(#2982,#2983,#2984,#2985));
#657=EDGE_LOOP('',(#2986,#2987,#2988,#2989));
#658=EDGE_LOOP('',(#2990,#2991,#2992,#2993));
#659=EDGE_LOOP('',(#2994,#2995,#2996,#2997));
#660=EDGE_LOOP('',(#2998,#2999,#3000,#3001,#3002,#3003,#3004,#3005,#3006,
#3007));
#661=EDGE_LOOP('',(#3008,#3009,#3010,#3011));
#662=EDGE_LOOP('',(#3012,#3013,#3014,#3015));
#663=EDGE_LOOP('',(#3016,#3017,#3018,#3019));
#664=EDGE_LOOP('',(#3020,#3021,#3022,#3023));
#665=EDGE_LOOP('',(#3024,#3025,#3026,#3027));
#666=EDGE_LOOP('',(#3028,#3029,#3030,#3031));
#667=EDGE_LOOP('',(#3032,#3033,#3034,#3035));
#668=EDGE_LOOP('',(#3036,#3037,#3038,#3039));
#669=EDGE_LOOP('',(#3040,#3041,#3042,#3043));
#670=EDGE_LOOP('',(#3044,#3045,#3046,#3047));
#671=EDGE_LOOP('',(#3048,#3049,#3050,#3051));
#672=EDGE_LOOP('',(#3052));
#673=EDGE_LOOP('',(#3053,#3054,#3055,#3056));
#674=EDGE_LOOP('',(#3057));
#675=EDGE_LOOP('',(#3058,#3059,#3060,#3061));
#676=EDGE_LOOP('',(#3062,#3063,#3064,#3065));
#677=EDGE_LOOP('',(#3066,#3067,#3068,#3069));
#678=EDGE_LOOP('',(#3070,#3071,#3072,#3073));
#679=EDGE_LOOP('',(#3074));
#680=EDGE_LOOP('',(#3075,#3076,#3077,#3078));
#681=EDGE_LOOP('',(#3079,#3080,#3081,#3082));
#682=EDGE_LOOP('',(#3083,#3084,#3085,#3086));
#683=EDGE_LOOP('',(#3087,#3088,#3089,#3090));
#684=EDGE_LOOP('',(#3091));
#685=EDGE_LOOP('',(#3092,#3093,#3094,#3095));
#686=EDGE_LOOP('',(#3096,#3097,#3098,#3099));
#687=EDGE_LOOP('',(#3100,#3101,#3102,#3103));
#688=EDGE_LOOP('',(#3104));
#689=EDGE_LOOP('',(#3105));
#690=CIRCLE('',#3356,6.1);
#691=CIRCLE('',#3357,6.1);
#692=CIRCLE('',#3359,6.1);
#693=CIRCLE('',#3360,6.1);
#694=CIRCLE('',#3361,6.1);
#695=CIRCLE('',#3363,1.);
#696=CIRCLE('',#3364,1.);
#697=CIRCLE('',#3366,5.5);
#698=CIRCLE('',#3367,5.5);
#699=CIRCLE('',#3368,4.5);
#700=CIRCLE('',#3369,1.5);
#701=CIRCLE('',#3370,1.5);
#702=CIRCLE('',#3371,5.5);
#703=CIRCLE('',#3372,11.3);
#704=CIRCLE('',#3373,6.1);
#705=CIRCLE('',#3374,6.1);
#706=CIRCLE('',#3375,15.);
#707=CIRCLE('',#3376,15.);
#708=CIRCLE('',#3377,8.);
#709=CIRCLE('',#3378,8.);
#710=CIRCLE('',#3381,2.);
#711=CIRCLE('',#3384,5.);
#712=CIRCLE('',#3386,2.85);
#713=CIRCLE('',#3387,2.85);
#714=CIRCLE('',#3388,2.5);
#715=CIRCLE('',#3389,2.5);
#716=CIRCLE('',#3390,2.85);
#717=CIRCLE('',#3391,2.85);
#718=CIRCLE('',#3394,2.);
#719=CIRCLE('',#3395,2.);
#720=CIRCLE('',#3397,5.);
#721=CIRCLE('',#3400,5.);
#722=CIRCLE('',#3403,5.);
#723=CIRCLE('',#3406,2.);
#724=CIRCLE('',#3410,6.);
#725=CIRCLE('',#3411,5.);
#726=CIRCLE('',#3414,2.);
#727=CIRCLE('',#3415,1.);
#728=CIRCLE('',#3418,2.);
#729=CIRCLE('',#3419,0.999999999999998);
#730=CIRCLE('',#3422,5.);
#731=CIRCLE('',#3423,4.);
#732=CIRCLE('',#3426,5.);
#733=CIRCLE('',#3427,6.);
#734=CIRCLE('',#3430,6.);
#735=CIRCLE('',#3431,5.);
#736=CIRCLE('',#3435,0.999999999999998);
#737=CIRCLE('',#3438,0.999999999999992);
#738=CIRCLE('',#3456,8.5);
#739=CIRCLE('',#3457,8.5);
#740=CIRCLE('',#3458,5.6);
#741=CIRCLE('',#3459,5.6);
#742=CIRCLE('',#3460,5.6);
#743=CIRCLE('',#3461,5.6);
#744=CIRCLE('',#3474,14.7);
#745=CIRCLE('',#3475,15.);
#746=CIRCLE('',#3477,15.);
#747=CIRCLE('',#3478,14.7);
#748=CIRCLE('',#3481,59.7392591755374);
#749=CIRCLE('',#3487,15.);
#750=CIRCLE('',#3488,15.);
#751=CIRCLE('',#3490,14.7);
#752=CIRCLE('',#3491,15.);
#753=CIRCLE('',#3493,59.7392591771305);
#754=CIRCLE('',#3497,15.);
#755=CIRCLE('',#3498,14.7);
#756=CIRCLE('',#3503,15.);
#757=CIRCLE('',#3504,15.);
#758=CIRCLE('',#3506,2.95);
#759=CIRCLE('',#3508,2.95);
#760=CIRCLE('',#3510,6.5);
#761=CIRCLE('',#3512,14.6);
#762=CIRCLE('',#3514,1.65);
#763=CIRCLE('',#3517,6.1);
#764=CIRCLE('',#3518,6.5);
#765=CIRCLE('',#3520,1.65);
#766=CIRCLE('',#3522,14.6);
#767=CIRCLE('',#3535,14.6);
#768=CIRCLE('',#3538,6.1);
#769=CIRCLE('',#3539,6.49999999999999);
#770=CIRCLE('',#3541,1.65);
#771=CIRCLE('',#3544,1.65);
#772=CIRCLE('',#3550,1.65);
#773=CIRCLE('',#3553,6.1);
#774=CIRCLE('',#3558,6.49999999999999);
#775=CIRCLE('',#3562,14.6);
#776=CIRCLE('',#3568,1.65);
#777=CIRCLE('',#3573,1.65);
#778=CIRCLE('',#3579,1.65);
#779=CIRCLE('',#3584,2.);
#780=CIRCLE('',#3585,2.);
#781=CIRCLE('',#3587,9.);
#782=CIRCLE('',#3588,9.5);
#783=CIRCLE('',#3590,9.);
#784=CIRCLE('',#3592,11.1);
#785=CIRCLE('',#3595,2.65);
#786=CIRCLE('',#3596,2.65);
#787=CIRCLE('',#3598,2.65);
#788=CIRCLE('',#3600,2.65);
#789=CIRCLE('',#3601,2.65);
#790=CIRCLE('',#3603,2.65);
#791=CIRCLE('',#3605,2.65);
#792=CIRCLE('',#3606,2.65);
#793=CIRCLE('',#3608,2.65);
#794=CIRCLE('',#3610,2.65);
#795=CIRCLE('',#3611,2.65);
#796=CIRCLE('',#3613,2.65);
#797=CIRCLE('',#3615,1.99999999999999);
#798=CIRCLE('',#3616,2.19999999999999);
#799=CIRCLE('',#3618,2.19999999999999);
#800=CIRCLE('',#3620,1.99999999999999);
#801=CIRCLE('',#3622,1.99999999999999);
#802=CIRCLE('',#3624,1.99999999999999);
#803=CIRCLE('',#3626,11.1);
#804=CIRCLE('',#3627,11.1);
#805=CIRCLE('',#3631,7.5);
#806=CIRCLE('',#3634,7.5);
#807=CIRCLE('',#3636,7.5);
#808=CIRCLE('',#3640,7.5);
#809=CIRCLE('',#3649,2.5);
#810=CIRCLE('',#3651,2.5);
#811=CIRCLE('',#3653,2.5);
#812=CIRCLE('',#3656,2.5);
#813=CIRCLE('',#3661,2.5);
#814=CIRCLE('',#3662,1.5);
#815=CIRCLE('',#3668,2.5);
#816=CIRCLE('',#3669,1.5);
#817=LINE('',#4628,#1112);
#818=LINE('',#4632,#1113);
#819=LINE('',#4638,#1114);
#820=LINE('',#4642,#1115);
#821=LINE('',#4644,#1116);
#822=LINE('',#4648,#1117);
#823=LINE('',#4650,#1118);
#824=LINE('',#4654,#1119);
#825=LINE('',#4657,#1120);
#826=LINE('',#4661,#1121);
#827=LINE('',#4665,#1122);
#828=LINE('',#4669,#1123);
#829=LINE('',#4673,#1124);
#830=LINE('',#4677,#1125);
#831=LINE('',#4679,#1126);
#832=LINE('',#4681,#1127);
#833=LINE('',#4683,#1128);
#834=LINE('',#4685,#1129);
#835=LINE('',#4687,#1130);
#836=LINE('',#4689,#1131);
#837=LINE('',#4691,#1132);
#838=LINE('',#4693,#1133);
#839=LINE('',#4695,#1134);
#840=LINE('',#4697,#1135);
#841=LINE('',#4699,#1136);
#842=LINE('',#4701,#1137);
#843=LINE('',#4705,#1138);
#844=LINE('',#4711,#1139);
#845=LINE('',#4713,#1140);
#846=LINE('',#4719,#1141);
#847=LINE('',#4721,#1142);
#848=LINE('',#4724,#1143);
#849=LINE('',#4728,#1144);
#850=LINE('',#4730,#1145);
#851=LINE('',#4732,#1146);
#852=LINE('',#4733,#1147);
#853=LINE('',#4736,#1148);
#854=LINE('',#4740,#1149);
#855=LINE('',#4744,#1150);
#856=LINE('',#4746,#1151);
#857=LINE('',#4747,#1152);
#858=LINE('',#4750,#1153);
#859=LINE('',#4754,#1154);
#860=LINE('',#4755,#1155);
#861=LINE('',#4765,#1156);
#862=LINE('',#4767,#1157);
#863=LINE('',#4769,#1158);
#864=LINE('',#4770,#1159);
#865=LINE('',#4785,#1160);
#866=LINE('',#4787,#1161);
#867=LINE('',#4788,#1162);
#868=LINE('',#4791,#1163);
#869=LINE('',#4793,#1164);
#870=LINE('',#4797,#1165);
#871=LINE('',#4801,#1166);
#872=LINE('',#4803,#1167);
#873=LINE('',#4805,#1168);
#874=LINE('',#4807,#1169);
#875=LINE('',#4809,#1170);
#876=LINE('',#4811,#1171);
#877=LINE('',#4812,#1172);
#878=LINE('',#4820,#1173);
#879=LINE('',#4823,#1174);
#880=LINE('',#4824,#1175);
#881=LINE('',#4827,#1176);
#882=LINE('',#4831,#1177);
#883=LINE('',#4832,#1178);
#884=LINE('',#4835,#1179);
#885=LINE('',#4839,#1180);
#886=LINE('',#4840,#1181);
#887=LINE('',#4842,#1182);
#888=LINE('',#4845,#1183);
#889=LINE('',#4849,#1184);
#890=LINE('',#4851,#1185);
#891=LINE('',#4853,#1186);
#892=LINE('',#4855,#1187);
#893=LINE('',#4856,#1188);
#894=LINE('',#4860,#1189);
#895=LINE('',#4864,#1190);
#896=LINE('',#4868,#1191);
#897=LINE('',#4870,#1192);
#898=LINE('',#4871,#1193);
#899=LINE('',#4875,#1194);
#900=LINE('',#4879,#1195);
#901=LINE('',#4880,#1196);
#902=LINE('',#4885,#1197);
#903=LINE('',#4889,#1198);
#904=LINE('',#4891,#1199);
#905=LINE('',#4892,#1200);
#906=LINE('',#4897,#1201);
#907=LINE('',#4901,#1202);
#908=LINE('',#4903,#1203);
#909=LINE('',#4904,#1204);
#910=LINE('',#4909,#1205);
#911=LINE('',#4913,#1206);
#912=LINE('',#4915,#1207);
#913=LINE('',#4916,#1208);
#914=LINE('',#4920,#1209);
#915=LINE('',#4924,#1210);
#916=LINE('',#4926,#1211);
#917=LINE('',#4927,#1212);
#918=LINE('',#4931,#1213);
#919=LINE('',#4932,#1214);
#920=LINE('',#4933,#1215);
#921=LINE('',#4939,#1216);
#922=LINE('',#4941,#1217);
#923=LINE('',#4942,#1218);
#924=LINE('',#4944,#1219);
#925=LINE('',#4945,#1220);
#926=LINE('',#4950,#1221);
#927=LINE('',#4951,#1222);
#928=LINE('',#4952,#1223);
#929=LINE('',#4954,#1224);
#930=LINE('',#4955,#1225);
#931=LINE('',#4957,#1226);
#932=LINE('',#4959,#1227);
#933=LINE('',#4960,#1228);
#934=LINE('',#4962,#1229);
#935=LINE('',#4965,#1230);
#936=LINE('',#4967,#1231);
#937=LINE('',#4969,#1232);
#938=LINE('',#4971,#1233);
#939=LINE('',#4973,#1234);
#940=LINE('',#4975,#1235);
#941=LINE('',#4977,#1236);
#942=LINE('',#4979,#1237);
#943=LINE('',#4981,#1238);
#944=LINE('',#4983,#1239);
#945=LINE('',#4984,#1240);
#946=LINE('',#4986,#1241);
#947=LINE('',#4991,#1242);
#948=LINE('',#4994,#1243);
#949=LINE('',#5005,#1244);
#950=LINE('',#5006,#1245);
#951=LINE('',#5008,#1246);
#952=LINE('',#5011,#1247);
#953=LINE('',#5013,#1248);
#954=LINE('',#5014,#1249);
#955=LINE('',#5017,#1250);
#956=LINE('',#5018,#1251);
#957=LINE('',#5020,#1252);
#958=LINE('',#5022,#1253);
#959=LINE('',#5025,#1254);
#960=LINE('',#5027,#1255);
#961=LINE('',#5028,#1256);
#962=LINE('',#5031,#1257);
#963=LINE('',#5032,#1258);
#964=LINE('',#5034,#1259);
#965=LINE('',#5036,#1260);
#966=LINE('',#5039,#1261);
#967=LINE('',#5040,#1262);
#968=LINE('',#5046,#1263);
#969=LINE('',#5078,#1264);
#970=LINE('',#5197,#1265);
#971=LINE('',#5199,#1266);
#972=LINE('',#5200,#1267);
#973=LINE('',#5203,#1268);
#974=LINE('',#5204,#1269);
#975=LINE('',#5207,#1270);
#976=LINE('',#5208,#1271);
#977=LINE('',#5211,#1272);
#978=LINE('',#5215,#1273);
#979=LINE('',#5218,#1274);
#980=LINE('',#5279,#1275);
#981=LINE('',#5382,#1276);
#982=LINE('',#5411,#1277);
#983=LINE('',#5413,#1278);
#984=LINE('',#5414,#1279);
#985=LINE('',#5417,#1280);
#986=LINE('',#5418,#1281);
#987=LINE('',#5421,#1282);
#988=LINE('',#5422,#1283);
#989=LINE('',#5425,#1284);
#990=LINE('',#5427,#1285);
#991=LINE('',#5431,#1286);
#992=LINE('',#5840,#1287);
#993=LINE('',#6149,#1288);
#994=LINE('',#6324,#1289);
#995=LINE('',#6670,#1290);
#996=LINE('',#6675,#1291);
#997=LINE('',#6680,#1292);
#998=LINE('',#6684,#1293);
#999=LINE('',#6687,#1294);
#1000=LINE('',#6690,#1295);
#1001=LINE('',#6692,#1296);
#1002=LINE('',#6694,#1297);
#1003=LINE('',#6695,#1298);
#1004=LINE('',#6699,#1299);
#1005=LINE('',#6703,#1300);
#1006=LINE('',#6705,#1301);
#1007=LINE('',#6713,#1302);
#1008=LINE('',#6717,#1303);
#1009=LINE('',#6719,#1304);
#1010=LINE('',#6721,#1305);
#1011=LINE('',#6723,#1306);
#1012=LINE('',#6724,#1307);
#1013=LINE('',#6730,#1308);
#1014=LINE('',#6735,#1309);
#1015=LINE('',#6737,#1310);
#1016=LINE('',#6742,#1311);
#1017=LINE('',#6744,#1312);
#1018=LINE('',#6748,#1313);
#1019=LINE('',#6753,#1314);
#1020=LINE('',#6755,#1315);
#1021=LINE('',#6756,#1316);
#1022=LINE('',#6763,#1317);
#1023=LINE('',#6764,#1318);
#1024=LINE('',#6766,#1319);
#1025=LINE('',#6767,#1320);
#1026=LINE('',#6774,#1321);
#1027=LINE('',#6775,#1322);
#1028=LINE('',#6777,#1323);
#1029=LINE('',#6780,#1324);
#1030=LINE('',#6787,#1325);
#1031=LINE('',#6792,#1326);
#1032=LINE('',#6800,#1327);
#1033=LINE('',#6803,#1328);
#1034=LINE('',#6804,#1329);
#1035=LINE('',#6807,#1330);
#1036=LINE('',#6808,#1331);
#1037=LINE('',#6810,#1332);
#1038=LINE('',#6815,#1333);
#1039=LINE('',#6819,#1334);
#1040=LINE('',#6820,#1335);
#1041=LINE('',#6824,#1336);
#1042=LINE('',#6829,#1337);
#1043=LINE('',#6832,#1338);
#1044=LINE('',#6840,#1339);
#1045=LINE('',#6842,#1340);
#1046=LINE('',#6848,#1341);
#1047=LINE('',#6855,#1342);
#1048=LINE('',#6857,#1343);
#1049=LINE('',#6858,#1344);
#1050=LINE('',#6860,#1345);
#1051=LINE('',#6862,#1346);
#1052=LINE('',#6868,#1347);
#1053=LINE('',#6874,#1348);
#1054=LINE('',#6877,#1349);
#1055=LINE('',#6878,#1350);
#1056=LINE('',#6881,#1351);
#1057=LINE('',#6882,#1352);
#1058=LINE('',#6884,#1353);
#1059=LINE('',#6889,#1354);
#1060=LINE('',#6895,#1355);
#1061=LINE('',#6898,#1356);
#1062=LINE('',#6904,#1357);
#1063=LINE('',#6909,#1358);
#1064=LINE('',#6919,#1359);
#1065=LINE('',#6922,#1360);
#1066=LINE('',#6929,#1361);
#1067=LINE('',#6932,#1362);
#1068=LINE('',#6939,#1363);
#1069=LINE('',#6943,#1364);
#1070=LINE('',#6949,#1365);
#1071=LINE('',#6953,#1366);
#1072=LINE('',#6958,#1367);
#1073=LINE('',#6962,#1368);
#1074=LINE('',#6963,#1369);
#1075=LINE('',#6969,#1370);
#1076=LINE('',#6973,#1371);
#1077=LINE('',#6977,#1372);
#1078=LINE('',#6983,#1373);
#1079=LINE('',#6985,#1374);
#1080=LINE('',#6988,#1375);
#1081=LINE('',#6990,#1376);
#1082=LINE('',#6991,#1377);
#1083=LINE('',#6994,#1378);
#1084=LINE('',#6998,#1379);
#1085=LINE('',#6999,#1380);
#1086=LINE('',#7004,#1381);
#1087=LINE('',#7007,#1382);
#1088=LINE('',#7010,#1383);
#1089=LINE('',#7011,#1384);
#1090=LINE('',#7013,#1385);
#1091=LINE('',#7015,#1386);
#1092=LINE('',#7017,#1387);
#1093=LINE('',#7020,#1388);
#1094=LINE('',#7022,#1389);
#1095=LINE('',#7024,#1390);
#1096=LINE('',#7026,#1391);
#1097=LINE('',#7029,#1392);
#1098=LINE('',#7033,#1393);
#1099=LINE('',#7037,#1394);
#1100=LINE('',#7042,#1395);
#1101=LINE('',#7047,#1396);
#1102=LINE('',#7050,#1397);
#1103=LINE('',#7052,#1398);
#1104=LINE('',#7057,#1399);
#1105=LINE('',#7060,#1400);
#1106=LINE('',#7063,#1401);
#1107=LINE('',#7065,#1402);
#1108=LINE('',#7070,#1403);
#1109=LINE('',#7073,#1404);
#1110=LINE('',#7076,#1405);
#1111=LINE('',#7078,#1406);
#1112=VECTOR('',#3684,6.1);
#1113=VECTOR('',#3687,10.);
#1114=VECTOR('',#3694,10.);
#1115=VECTOR('',#3697,6.1);
#1116=VECTOR('',#3700,10.);
#1117=VECTOR('',#3703,10.);
#1118=VECTOR('',#3704,10.);
#1119=VECTOR('',#3707,10.);
#1120=VECTOR('',#3710,10.);
#1121=VECTOR('',#3713,10.);
#1122=VECTOR('',#3716,10.);
#1123=VECTOR('',#3719,10.);
#1124=VECTOR('',#3722,10.);
#1125=VECTOR('',#3725,10.);
#1126=VECTOR('',#3726,10.);
#1127=VECTOR('',#3727,10.);
#1128=VECTOR('',#3728,10.);
#1129=VECTOR('',#3729,10.);
#1130=VECTOR('',#3730,10.);
#1131=VECTOR('',#3731,10.);
#1132=VECTOR('',#3732,10.);
#1133=VECTOR('',#3733,10.);
#1134=VECTOR('',#3734,10.);
#1135=VECTOR('',#3735,10.);
#1136=VECTOR('',#3736,10.);
#1137=VECTOR('',#3737,10.);
#1138=VECTOR('',#3740,10.);
#1139=VECTOR('',#3745,10.);
#1140=VECTOR('',#3746,10.);
#1141=VECTOR('',#3751,10.);
#1142=VECTOR('',#3752,10.);
#1143=VECTOR('',#3755,10.);
#1144=VECTOR('',#3758,10.);
#1145=VECTOR('',#3759,10.);
#1146=VECTOR('',#3760,10.);
#1147=VECTOR('',#3761,10.);
#1148=VECTOR('',#3762,10.);
#1149=VECTOR('',#3765,10.);
#1150=VECTOR('',#3770,10.);
#1151=VECTOR('',#3771,10.);
#1152=VECTOR('',#3772,10.);
#1153=VECTOR('',#3775,10.);
#1154=VECTOR('',#3780,10.);
#1155=VECTOR('',#3781,10.);
#1156=VECTOR('',#3788,10.);
#1157=VECTOR('',#3789,10.);
#1158=VECTOR('',#3790,10.);
#1159=VECTOR('',#3791,10.);
#1160=VECTOR('',#3806,10.);
#1161=VECTOR('',#3807,10.);
#1162=VECTOR('',#3808,10.);
#1163=VECTOR('',#3811,10.);
#1164=VECTOR('',#3812,10.);
#1165=VECTOR('',#3815,10.);
#1166=VECTOR('',#3818,10.);
#1167=VECTOR('',#3819,10.);
#1168=VECTOR('',#3820,10.);
#1169=VECTOR('',#3821,10.);
#1170=VECTOR('',#3822,10.);
#1171=VECTOR('',#3823,10.);
#1172=VECTOR('',#3824,10.);
#1173=VECTOR('',#3829,10.);
#1174=VECTOR('',#3832,10.);
#1175=VECTOR('',#3833,10.);
#1176=VECTOR('',#3836,10.);
#1177=VECTOR('',#3841,10.);
#1178=VECTOR('',#3842,10.);
#1179=VECTOR('',#3845,10.);
#1180=VECTOR('',#3850,10.);
#1181=VECTOR('',#3851,10.);
#1182=VECTOR('',#3854,10.);
#1183=VECTOR('',#3859,10.);
#1184=VECTOR('',#3862,10.);
#1185=VECTOR('',#3863,10.);
#1186=VECTOR('',#3864,10.);
#1187=VECTOR('',#3865,10.);
#1188=VECTOR('',#3866,10.);
#1189=VECTOR('',#3869,10.);
#1190=VECTOR('',#3872,10.);
#1191=VECTOR('',#3877,10.);
#1192=VECTOR('',#3878,10.);
#1193=VECTOR('',#3879,10.);
#1194=VECTOR('',#3884,10.);
#1195=VECTOR('',#3889,10.);
#1196=VECTOR('',#3890,10.);
#1197=VECTOR('',#3895,10.);
#1198=VECTOR('',#3900,10.);
#1199=VECTOR('',#3901,10.);
#1200=VECTOR('',#3902,10.);
#1201=VECTOR('',#3907,9.99999999999999);
#1202=VECTOR('',#3912,10.);
#1203=VECTOR('',#3913,10.);
#1204=VECTOR('',#3914,10.);
#1205=VECTOR('',#3919,10.);
#1206=VECTOR('',#3924,10.);
#1207=VECTOR('',#3925,10.);
#1208=VECTOR('',#3926,10.);
#1209=VECTOR('',#3929,10.);
#1210=VECTOR('',#3936,10.);
#1211=VECTOR('',#3937,10.);
#1212=VECTOR('',#3938,10.);
#1213=VECTOR('',#3941,10.);
#1214=VECTOR('',#3942,10.);
#1215=VECTOR('',#3943,10.);
#1216=VECTOR('',#3950,10.);
#1217=VECTOR('',#3951,10.);
#1218=VECTOR('',#3952,10.);
#1219=VECTOR('',#3953,10.);
#1220=VECTOR('',#3954,10.);
#1221=VECTOR('',#3961,10.);
#1222=VECTOR('',#3962,10.);
#1223=VECTOR('',#3963,10.);
#1224=VECTOR('',#3966,10.);
#1225=VECTOR('',#3967,10.);
#1226=VECTOR('',#3970,10.);
#1227=VECTOR('',#3973,10.);
#1228=VECTOR('',#3974,10.);
#1229=VECTOR('',#3977,10.);
#1230=VECTOR('',#3982,10.);
#1231=VECTOR('',#3985,10.);
#1232=VECTOR('',#3988,10.);
#1233=VECTOR('',#3991,10.);
#1234=VECTOR('',#3994,10.);
#1235=VECTOR('',#3997,10.);
#1236=VECTOR('',#4000,10.);
#1237=VECTOR('',#4003,10.);
#1238=VECTOR('',#4006,10.);
#1239=VECTOR('',#4009,10.);
#1240=VECTOR('',#4010,10.);
#1241=VECTOR('',#4013,10.);
#1242=VECTOR('',#4016,10.);
#1243=VECTOR('',#4019,10.);
#1244=VECTOR('',#4030,10.);
#1245=VECTOR('',#4031,10.);
#1246=VECTOR('',#4034,10.);
#1247=VECTOR('',#4037,10.);
#1248=VECTOR('',#4038,10.);
#1249=VECTOR('',#4039,10.);
#1250=VECTOR('',#4042,10.);
#1251=VECTOR('',#4043,10.);
#1252=VECTOR('',#4046,10.);
#1253=VECTOR('',#4049,10.);
#1254=VECTOR('',#4052,10.);
#1255=VECTOR('',#4053,10.);
#1256=VECTOR('',#4054,10.);
#1257=VECTOR('',#4057,10.);
#1258=VECTOR('',#4058,10.);
#1259=VECTOR('',#4061,10.);
#1260=VECTOR('',#4064,10.);
#1261=VECTOR('',#4067,10.);
#1262=VECTOR('',#4068,10.);
#1263=VECTOR('',#4073,10.);
#1264=VECTOR('',#4080,10.);
#1265=VECTOR('',#4093,10.);
#1266=VECTOR('',#4094,10.);
#1267=VECTOR('',#4095,10.);
#1268=VECTOR('',#4098,10.);
#1269=VECTOR('',#4099,10.);
#1270=VECTOR('',#4102,10.);
#1271=VECTOR('',#4103,10.);
#1272=VECTOR('',#4106,10.);
#1273=VECTOR('',#4109,10.);
#1274=VECTOR('',#4112,10.);
#1275=VECTOR('',#4119,10.);
#1276=VECTOR('',#4134,10.);
#1277=VECTOR('',#4137,10.);
#1278=VECTOR('',#4138,10.);
#1279=VECTOR('',#4139,10.);
#1280=VECTOR('',#4142,10.);
#1281=VECTOR('',#4143,10.);
#1282=VECTOR('',#4146,10.);
#1283=VECTOR('',#4147,10.);
#1284=VECTOR('',#4150,10.);
#1285=VECTOR('',#4151,10.);
#1286=VECTOR('',#4154,10.);
#1287=VECTOR('',#4157,10.);
#1288=VECTOR('',#4160,2.95);
#1289=VECTOR('',#4163,10.);
#1290=VECTOR('',#4166,2.95);
#1291=VECTOR('',#4171,10.);
#1292=VECTOR('',#4172,10.);
#1293=VECTOR('',#4177,10.);
#1294=VECTOR('',#4180,10.);
#1295=VECTOR('',#4183,10.);
#1296=VECTOR('',#4184,10.);
#1297=VECTOR('',#4185,10.);
#1298=VECTOR('',#4186,10.);
#1299=VECTOR('',#4191,10.);
#1300=VECTOR('',#4194,10.);
#1301=VECTOR('',#4195,10.);
#1302=VECTOR('',#4198,10.);
#1303=VECTOR('',#4203,10.);
#1304=VECTOR('',#4204,10.);
#1305=VECTOR('',#4205,10.);
#1306=VECTOR('',#4206,10.);
#1307=VECTOR('',#4207,10.);
#1308=VECTOR('',#4214,10.);
#1309=VECTOR('',#4217,10.);
#1310=VECTOR('',#4220,10.);
#1311=VECTOR('',#4223,10.);
#1312=VECTOR('',#4226,10.);
#1313=VECTOR('',#4229,10.);
#1314=VECTOR('',#4230,10.);
#1315=VECTOR('',#4233,10.);
#1316=VECTOR('',#4234,10.);
#1317=VECTOR('',#4237,10.);
#1318=VECTOR('',#4238,10.);
#1319=VECTOR('',#4241,10.);
#1320=VECTOR('',#4242,10.);
#1321=VECTOR('',#4245,10.);
#1322=VECTOR('',#4246,10.);
#1323=VECTOR('',#4249,10.);
#1324=VECTOR('',#4252,9.99999999999999);
#1325=VECTOR('',#4259,10.);
#1326=VECTOR('',#4268,10.);
#1327=VECTOR('',#4279,1.65);
#1328=VECTOR('',#4282,10.);
#1329=VECTOR('',#4283,10.);
#1330=VECTOR('',#4286,10.);
#1331=VECTOR('',#4287,10.);
#1332=VECTOR('',#4290,10.);
#1333=VECTOR('',#4297,1.65);
#1334=VECTOR('',#4302,6.1);
#1335=VECTOR('',#4303,10.);
#1336=VECTOR('',#4308,10.);
#1337=VECTOR('',#4309,10.);
#1338=VECTOR('',#4312,10.);
#1339=VECTOR('',#4319,10.);
#1340=VECTOR('',#4320,10.);
#1341=VECTOR('',#4323,9.99999999999999);
#1342=VECTOR('',#4330,10.);
#1343=VECTOR('',#4333,10.);
#1344=VECTOR('',#4334,10.);
#1345=VECTOR('',#4337,10.);
#1346=VECTOR('',#4340,10.);
#1347=VECTOR('',#4349,10.);
#1348=VECTOR('',#4358,1.65);
#1349=VECTOR('',#4361,10.);
#1350=VECTOR('',#4362,10.);
#1351=VECTOR('',#4365,10.);
#1352=VECTOR('',#4366,10.);
#1353=VECTOR('',#4369,10.);
#1354=VECTOR('',#4376,1.65);
#1355=VECTOR('',#4383,10.);
#1356=VECTOR('',#4386,10.);
#1357=VECTOR('',#4393,9.25);
#1358=VECTOR('',#4400,9.);
#1359=VECTOR('',#4413,2.75);
#1360=VECTOR('',#4416,2.65);
#1361=VECTOR('',#4425,2.75);
#1362=VECTOR('',#4428,2.65);
#1363=VECTOR('',#4437,2.75);
#1364=VECTOR('',#4442,2.65);
#1365=VECTOR('',#4449,2.75);
#1366=VECTOR('',#4454,2.65);
#1367=VECTOR('',#4459,2.09999999999999);
#1368=VECTOR('',#4464,10.);
#1369=VECTOR('',#4465,10.);
#1370=VECTOR('',#4472,1.99999999999999);
#1371=VECTOR('',#4477,2.09999999999999);
#1372=VECTOR('',#4482,1.99999999999999);
#1373=VECTOR('',#4489,11.2);
#1374=VECTOR('',#4492,11.1);
#1375=VECTOR('',#4495,10.);
#1376=VECTOR('',#4496,10.);
#1377=VECTOR('',#4497,10.);
#1378=VECTOR('',#4500,10.);
#1379=VECTOR('',#4505,10.);
#1380=VECTOR('',#4506,10.);
#1381=VECTOR('',#4513,10.);
#1382=VECTOR('',#4516,10.);
#1383=VECTOR('',#4519,10.);
#1384=VECTOR('',#4520,10.);
#1385=VECTOR('',#4523,10.);
#1386=VECTOR('',#4526,9.99999999999999);
#1387=VECTOR('',#4527,9.99999999999999);
#1388=VECTOR('',#4532,9.99999999999999);
#1389=VECTOR('',#4535,9.99999999999999);
#1390=VECTOR('',#4538,10.);
#1391=VECTOR('',#4541,10.);
#1392=VECTOR('',#4546,10.);
#1393=VECTOR('',#4551,2.24999999999999);
#1394=VECTOR('',#4556,2.25);
#1395=VECTOR('',#4563,2.5);
#1396=VECTOR('',#4570,2.5);
#1397=VECTOR('',#4575,4.125);
#1398=VECTOR('',#4578,4.125);
#1399=VECTOR('',#4583,2.);
#1400=VECTOR('',#4588,2.5);
#1401=VECTOR('',#4593,4.125);
#1402=VECTOR('',#4596,4.125);
#1403=VECTOR('',#4601,2.);
#1404=VECTOR('',#4606,2.5);
#1405=VECTOR('',#4611,10.);
#1406=VECTOR('',#4614,10.);
#1407=VERTEX_POINT('',#4626);
#1408=VERTEX_POINT('',#4627);
#1409=VERTEX_POINT('',#4629);
#1410=VERTEX_POINT('',#4631);
#1411=VERTEX_POINT('',#4635);
#1412=VERTEX_POINT('',#4637);
#1413=VERTEX_POINT('',#4639);
#1414=VERTEX_POINT('',#4641);
#1415=VERTEX_POINT('',#4646);
#1416=VERTEX_POINT('',#4647);
#1417=VERTEX_POINT('',#4649);
#1418=VERTEX_POINT('',#4651);
#1419=VERTEX_POINT('',#4653);
#1420=VERTEX_POINT('',#4655);
#1421=VERTEX_POINT('',#4659);
#1422=VERTEX_POINT('',#4660);
#1423=VERTEX_POINT('',#4662);
#1424=VERTEX_POINT('',#4664);
#1425=VERTEX_POINT('',#4666);
#1426=VERTEX_POINT('',#4668);
#1427=VERTEX_POINT('',#4670);
#1428=VERTEX_POINT('',#4672);
#1429=VERTEX_POINT('',#4674);
#1430=VERTEX_POINT('',#4676);
#1431=VERTEX_POINT('',#4678);
#1432=VERTEX_POINT('',#4680);
#1433=VERTEX_POINT('',#4682);
#1434=VERTEX_POINT('',#4684);
#1435=VERTEX_POINT('',#4686);
#1436=VERTEX_POINT('',#4688);
#1437=VERTEX_POINT('',#4690);
#1438=VERTEX_POINT('',#4692);
#1439=VERTEX_POINT('',#4694);
#1440=VERTEX_POINT('',#4696);
#1441=VERTEX_POINT('',#4698);
#1442=VERTEX_POINT('',#4700);
#1443=VERTEX_POINT('',#4702);
#1444=VERTEX_POINT('',#4704);
#1445=VERTEX_POINT('',#4707);
#1446=VERTEX_POINT('',#4709);
#1447=VERTEX_POINT('',#4710);
#1448=VERTEX_POINT('',#4712);
#1449=VERTEX_POINT('',#4714);
#1450=VERTEX_POINT('',#4716);
#1451=VERTEX_POINT('',#4718);
#1452=VERTEX_POINT('',#4720);
#1453=VERTEX_POINT('',#4722);
#1454=VERTEX_POINT('',#4725);
#1455=VERTEX_POINT('',#4726);
#1456=VERTEX_POINT('',#4729);
#1457=VERTEX_POINT('',#4731);
#1458=VERTEX_POINT('',#4734);
#1459=VERTEX_POINT('',#4735);
#1460=VERTEX_POINT('',#4737);
#1461=VERTEX_POINT('',#4739);
#1462=VERTEX_POINT('',#4743);
#1463=VERTEX_POINT('',#4745);
#1464=VERTEX_POINT('',#4749);
#1465=VERTEX_POINT('',#4753);
#1466=VERTEX_POINT('',#4757);
#1467=VERTEX_POINT('',#4763);
#1468=VERTEX_POINT('',#4764);
#1469=VERTEX_POINT('',#4766);
#1470=VERTEX_POINT('',#4768);
#1471=VERTEX_POINT('',#4771);
#1472=VERTEX_POINT('',#4773);
#1473=VERTEX_POINT('',#4775);
#1474=VERTEX_POINT('',#4777);
#1475=VERTEX_POINT('',#4779);
#1476=VERTEX_POINT('',#4781);
#1477=VERTEX_POINT('',#4784);
#1478=VERTEX_POINT('',#4786);
#1479=VERTEX_POINT('',#4790);
#1480=VERTEX_POINT('',#4792);
#1481=VERTEX_POINT('',#4794);
#1482=VERTEX_POINT('',#4796);
#1483=VERTEX_POINT('',#4798);
#1484=VERTEX_POINT('',#4800);
#1485=VERTEX_POINT('',#4802);
#1486=VERTEX_POINT('',#4804);
#1487=VERTEX_POINT('',#4806);
#1488=VERTEX_POINT('',#4808);
#1489=VERTEX_POINT('',#4810);
#1490=VERTEX_POINT('',#4814);
#1491=VERTEX_POINT('',#4818);
#1492=VERTEX_POINT('',#4822);
#1493=VERTEX_POINT('',#4826);
#1494=VERTEX_POINT('',#4830);
#1495=VERTEX_POINT('',#4834);
#1496=VERTEX_POINT('',#4838);
#1497=VERTEX_POINT('',#4847);
#1498=VERTEX_POINT('',#4848);
#1499=VERTEX_POINT('',#4850);
#1500=VERTEX_POINT('',#4852);
#1501=VERTEX_POINT('',#4854);
#1502=VERTEX_POINT('',#4858);
#1503=VERTEX_POINT('',#4859);
#1504=VERTEX_POINT('',#4861);
#1505=VERTEX_POINT('',#4863);
#1506=VERTEX_POINT('',#4867);
#1507=VERTEX_POINT('',#4869);
#1508=VERTEX_POINT('',#4874);
#1509=VERTEX_POINT('',#4878);
#1510=VERTEX_POINT('',#4882);
#1511=VERTEX_POINT('',#4884);
#1512=VERTEX_POINT('',#4888);
#1513=VERTEX_POINT('',#4890);
#1514=VERTEX_POINT('',#4894);
#1515=VERTEX_POINT('',#4896);
#1516=VERTEX_POINT('',#4900);
#1517=VERTEX_POINT('',#4902);
#1518=VERTEX_POINT('',#4906);
#1519=VERTEX_POINT('',#4908);
#1520=VERTEX_POINT('',#4912);
#1521=VERTEX_POINT('',#4914);
#1522=VERTEX_POINT('',#4918);
#1523=VERTEX_POINT('',#4919);
#1524=VERTEX_POINT('',#4925);
#1525=VERTEX_POINT('',#4929);
#1526=VERTEX_POINT('',#4930);
#1527=VERTEX_POINT('',#4937);
#1528=VERTEX_POINT('',#4938);
#1529=VERTEX_POINT('',#4940);
#1530=VERTEX_POINT('',#4943);
#1531=VERTEX_POINT('',#4949);
#1532=VERTEX_POINT('',#4987);
#1533=VERTEX_POINT('',#4988);
#1534=VERTEX_POINT('',#4990);
#1535=VERTEX_POINT('',#4992);
#1536=VERTEX_POINT('',#4995);
#1537=VERTEX_POINT('',#4997);
#1538=VERTEX_POINT('',#4999);
#1539=VERTEX_POINT('',#5001);
#1540=VERTEX_POINT('',#5004);
#1541=VERTEX_POINT('',#5010);
#1542=VERTEX_POINT('',#5012);
#1543=VERTEX_POINT('',#5016);
#1544=VERTEX_POINT('',#5024);
#1545=VERTEX_POINT('',#5026);
#1546=VERTEX_POINT('',#5030);
#1547=VERTEX_POINT('',#5038);
#1548=VERTEX_POINT('',#5042);
#1549=VERTEX_POINT('',#5043);
#1550=VERTEX_POINT('',#5045);
#1551=VERTEX_POINT('',#5047);
#1552=VERTEX_POINT('',#5054);
#1553=VERTEX_POINT('',#5056);
#1554=VERTEX_POINT('',#5067);
#1555=VERTEX_POINT('',#5068);
#1556=VERTEX_POINT('',#5070);
#1557=VERTEX_POINT('',#5077);
#1558=VERTEX_POINT('',#5079);
#1559=VERTEX_POINT('',#5081);
#1560=VERTEX_POINT('',#5107);
#1561=VERTEX_POINT('',#5114);
#1562=VERTEX_POINT('',#5162);
#1563=VERTEX_POINT('',#5164);
#1564=VERTEX_POINT('',#5196);
#1565=VERTEX_POINT('',#5198);
#1566=VERTEX_POINT('',#5202);
#1567=VERTEX_POINT('',#5206);
#1568=VERTEX_POINT('',#5210);
#1569=VERTEX_POINT('',#5212);
#1570=VERTEX_POINT('',#5214);
#1571=VERTEX_POINT('',#5216);
#1572=VERTEX_POINT('',#5219);
#1573=VERTEX_POINT('',#5256);
#1574=VERTEX_POINT('',#5257);
#1575=VERTEX_POINT('',#5259);
#1576=VERTEX_POINT('',#5263);
#1577=VERTEX_POINT('',#5270);
#1578=VERTEX_POINT('',#5272);
#1579=VERTEX_POINT('',#5296);
#1580=VERTEX_POINT('',#5298);
#1581=VERTEX_POINT('',#5322);
#1582=VERTEX_POINT('',#5324);
#1583=VERTEX_POINT('',#5353);
#1584=VERTEX_POINT('',#5360);
#1585=VERTEX_POINT('',#5367);
#1586=VERTEX_POINT('',#5369);
#1587=VERTEX_POINT('',#5376);
#1588=VERTEX_POINT('',#5380);
#1589=VERTEX_POINT('',#5410);
#1590=VERTEX_POINT('',#5412);
#1591=VERTEX_POINT('',#5416);
#1592=VERTEX_POINT('',#5420);
#1593=VERTEX_POINT('',#5424);
#1594=VERTEX_POINT('',#5426);
#1595=VERTEX_POINT('',#5428);
#1596=VERTEX_POINT('',#5430);
#1597=VERTEX_POINT('',#5433);
#1598=VERTEX_POINT('',#5839);
#1599=VERTEX_POINT('',#5841);
#1600=VERTEX_POINT('',#6148);
#1601=VERTEX_POINT('',#6323);
#1602=VERTEX_POINT('',#6669);
#1603=VERTEX_POINT('',#6673);
#1604=VERTEX_POINT('',#6674);
#1605=VERTEX_POINT('',#6679);
#1606=VERTEX_POINT('',#6683);
#1607=VERTEX_POINT('',#6685);
#1608=VERTEX_POINT('',#6689);
#1609=VERTEX_POINT('',#6691);
#1610=VERTEX_POINT('',#6693);
#1611=VERTEX_POINT('',#6696);
#1612=VERTEX_POINT('',#6701);
#1613=VERTEX_POINT('',#6702);
#1614=VERTEX_POINT('',#6704);
#1615=VERTEX_POINT('',#6706);
#1616=VERTEX_POINT('',#6708);
#1617=VERTEX_POINT('',#6712);
#1618=VERTEX_POINT('',#6716);
#1619=VERTEX_POINT('',#6718);
#1620=VERTEX_POINT('',#6720);
#1621=VERTEX_POINT('',#6722);
#1622=VERTEX_POINT('',#6725);
#1623=VERTEX_POINT('',#6728);
#1624=VERTEX_POINT('',#6746);
#1625=VERTEX_POINT('',#6747);
#1626=VERTEX_POINT('',#6749);
#1627=VERTEX_POINT('',#6758);
#1628=VERTEX_POINT('',#6762);
#1629=VERTEX_POINT('',#6769);
#1630=VERTEX_POINT('',#6770);
#1631=VERTEX_POINT('',#6779);
#1632=VERTEX_POINT('',#6793);
#1633=VERTEX_POINT('',#6797);
#1634=VERTEX_POINT('',#6802);
#1635=VERTEX_POINT('',#6806);
#1636=VERTEX_POINT('',#6812);
#1637=VERTEX_POINT('',#6817);
#1638=VERTEX_POINT('',#6823);
#1639=VERTEX_POINT('',#6825);
#1640=VERTEX_POINT('',#6831);
#1641=VERTEX_POINT('',#6839);
#1642=VERTEX_POINT('',#6841);
#1643=VERTEX_POINT('',#6847);
#1644=VERTEX_POINT('',#6864);
#1645=VERTEX_POINT('',#6871);
#1646=VERTEX_POINT('',#6876);
#1647=VERTEX_POINT('',#6880);
#1648=VERTEX_POINT('',#6886);
#1649=VERTEX_POINT('',#6893);
#1650=VERTEX_POINT('',#6894);
#1651=VERTEX_POINT('',#6896);
#1652=VERTEX_POINT('',#6901);
#1653=VERTEX_POINT('',#6903);
#1654=VERTEX_POINT('',#6907);
#1655=VERTEX_POINT('',#6911);
#1656=VERTEX_POINT('',#6915);
#1657=VERTEX_POINT('',#6916);
#1658=VERTEX_POINT('',#6921);
#1659=VERTEX_POINT('',#6925);
#1660=VERTEX_POINT('',#6926);
#1661=VERTEX_POINT('',#6931);
#1662=VERTEX_POINT('',#6935);
#1663=VERTEX_POINT('',#6936);
#1664=VERTEX_POINT('',#6941);
#1665=VERTEX_POINT('',#6945);
#1666=VERTEX_POINT('',#6946);
#1667=VERTEX_POINT('',#6951);
#1668=VERTEX_POINT('',#6955);
#1669=VERTEX_POINT('',#6957);
#1670=VERTEX_POINT('',#6961);
#1671=VERTEX_POINT('',#6964);
#1672=VERTEX_POINT('',#6967);
#1673=VERTEX_POINT('',#6971);
#1674=VERTEX_POINT('',#6975);
#1675=VERTEX_POINT('',#6979);
#1676=VERTEX_POINT('',#6980);
#1677=VERTEX_POINT('',#6987);
#1678=VERTEX_POINT('',#6989);
#1679=VERTEX_POINT('',#6993);
#1680=VERTEX_POINT('',#6997);
#1681=VERTEX_POINT('',#7003);
#1682=VERTEX_POINT('',#7005);
#1683=VERTEX_POINT('',#7009);
#1684=VERTEX_POINT('',#7016);
#1685=VERTEX_POINT('',#7032);
#1686=VERTEX_POINT('',#7036);
#1687=VERTEX_POINT('',#7040);
#1688=VERTEX_POINT('',#7045);
#1689=VERTEX_POINT('',#7054);
#1690=VERTEX_POINT('',#7056);
#1691=VERTEX_POINT('',#7067);
#1692=VERTEX_POINT('',#7069);
#1693=EDGE_CURVE('',#1407,#1408,#817,.T.);
#1694=EDGE_CURVE('',#1407,#1409,#690,.T.);
#1695=EDGE_CURVE('',#1409,#1410,#818,.T.);
#1696=EDGE_CURVE('',#1410,#1408,#691,.T.);
#1697=EDGE_CURVE('',#1408,#1411,#692,.T.);
#1698=EDGE_CURVE('',#1411,#1412,#819,.T.);
#1699=EDGE_CURVE('',#1412,#1413,#693,.T.);
#1700=EDGE_CURVE('',#1414,#1413,#820,.T.);
#1701=EDGE_CURVE('',#1414,#1414,#694,.T.);
#1702=EDGE_CURVE('',#1413,#1407,#821,.T.);
#1703=EDGE_CURVE('',#1415,#1416,#822,.T.);
#1704=EDGE_CURVE('',#1417,#1415,#823,.T.);
#1705=EDGE_CURVE('',#1417,#1418,#695,.T.);
#1706=EDGE_CURVE('',#1419,#1418,#824,.F.);
#1707=EDGE_CURVE('',#1419,#1420,#696,.T.);
#1708=EDGE_CURVE('',#1416,#1420,#825,.T.);
#1709=EDGE_CURVE('',#1421,#1422,#826,.T.);
#1710=EDGE_CURVE('',#1421,#1423,#697,.T.);
#1711=EDGE_CURVE('',#1423,#1424,#827,.T.);
#1712=EDGE_CURVE('',#1424,#1425,#698,.T.);
#1713=EDGE_CURVE('',#1425,#1426,#828,.T.);
#1714=EDGE_CURVE('',#1426,#1427,#699,.T.);
#1715=EDGE_CURVE('',#1427,#1428,#829,.T.);
#1716=EDGE_CURVE('',#1428,#1429,#700,.T.);
#1717=EDGE_CURVE('',#1429,#1430,#830,.T.);
#1718=EDGE_CURVE('',#1431,#1430,#831,.T.);
#1719=EDGE_CURVE('',#1432,#1431,#832,.T.);
#1720=EDGE_CURVE('',#1433,#1432,#833,.T.);
#1721=EDGE_CURVE('',#1434,#1433,#834,.T.);
#1722=EDGE_CURVE('',#1435,#1434,#835,.T.);
#1723=EDGE_CURVE('',#1436,#1435,#836,.T.);
#1724=EDGE_CURVE('',#1437,#1436,#837,.T.);
#1725=EDGE_CURVE('',#1438,#1437,#838,.T.);
#1726=EDGE_CURVE('',#1439,#1438,#839,.T.);
#1727=EDGE_CURVE('',#1440,#1439,#840,.T.);
#1728=EDGE_CURVE('',#1441,#1440,#841,.T.);
#1729=EDGE_CURVE('',#1441,#1442,#842,.T.);
#1730=EDGE_CURVE('',#1442,#1443,#701,.T.);
#1731=EDGE_CURVE('',#1443,#1444,#843,.T.);
#1732=EDGE_CURVE('',#1444,#1422,#702,.T.);
#1733=EDGE_CURVE('',#1445,#1445,#703,.T.);
#1734=EDGE_CURVE('',#1446,#1447,#844,.T.);
#1735=EDGE_CURVE('',#1446,#1448,#845,.F.);
#1736=EDGE_CURVE('',#1449,#1448,#704,.T.);
#1737=EDGE_CURVE('',#1450,#1449,#705,.T.);
#1738=EDGE_CURVE('',#1451,#1450,#846,.T.);
#1739=EDGE_CURVE('',#1452,#1451,#847,.T.);
#1740=EDGE_CURVE('',#1453,#1452,#706,.T.);
#1741=EDGE_CURVE('',#1453,#1447,#848,.F.);
#1742=EDGE_CURVE('',#1454,#1455,#707,.T.);
#1743=EDGE_CURVE('',#1413,#1454,#849,.T.);
#1744=EDGE_CURVE('',#1412,#1456,#850,.F.);
#1745=EDGE_CURVE('',#1457,#1456,#851,.T.);
#1746=EDGE_CURVE('',#1457,#1455,#852,.F.);
#1747=EDGE_CURVE('',#1458,#1459,#853,.T.);
#1748=EDGE_CURVE('',#1459,#1460,#708,.T.);
#1749=EDGE_CURVE('',#1460,#1461,#854,.T.);
#1750=EDGE_CURVE('',#1461,#1458,#709,.T.);
#1751=EDGE_CURVE('',#1462,#1441,#855,.T.);
#1752=EDGE_CURVE('',#1463,#1462,#856,.T.);
#1753=EDGE_CURVE('',#1442,#1463,#857,.T.);
#1754=EDGE_CURVE('',#1443,#1464,#858,.T.);
#1755=EDGE_CURVE('',#1464,#1463,#710,.T.);
#1756=EDGE_CURVE('',#1444,#1465,#859,.T.);
#1757=EDGE_CURVE('',#1465,#1464,#860,.T.);
#1758=EDGE_CURVE('',#1422,#1466,#60,.F.);
#1759=EDGE_CURVE('',#1466,#1465,#711,.T.);
#1760=EDGE_CURVE('',#1467,#1468,#861,.T.);
#1761=EDGE_CURVE('',#1467,#1469,#862,.T.);
#1762=EDGE_CURVE('',#1469,#1470,#863,.T.);
#1763=EDGE_CURVE('',#1470,#1468,#864,.T.);
#1764=EDGE_CURVE('',#1471,#1471,#712,.T.);
#1765=EDGE_CURVE('',#1472,#1472,#713,.T.);
#1766=EDGE_CURVE('',#1473,#1473,#714,.T.);
#1767=EDGE_CURVE('',#1474,#1474,#715,.T.);
#1768=EDGE_CURVE('',#1475,#1475,#716,.T.);
#1769=EDGE_CURVE('',#1476,#1476,#717,.T.);
#1770=EDGE_CURVE('',#1440,#1477,#865,.T.);
#1771=EDGE_CURVE('',#1478,#1477,#866,.T.);
#1772=EDGE_CURVE('',#1478,#1462,#867,.T.);
#1773=EDGE_CURVE('',#1479,#1478,#868,.T.);
#1774=EDGE_CURVE('',#1480,#1479,#869,.T.);
#1775=EDGE_CURVE('',#1480,#1481,#718,.T.);
#1776=EDGE_CURVE('',#1482,#1481,#870,.T.);
#1777=EDGE_CURVE('',#1482,#1483,#719,.T.);
#1778=EDGE_CURVE('',#1484,#1483,#871,.T.);
#1779=EDGE_CURVE('',#1485,#1484,#872,.T.);
#1780=EDGE_CURVE('',#1486,#1485,#873,.T.);
#1781=EDGE_CURVE('',#1486,#1487,#874,.T.);
#1782=EDGE_CURVE('',#1487,#1488,#875,.T.);
#1783=EDGE_CURVE('',#1488,#1489,#876,.T.);
#1784=EDGE_CURVE('',#1489,#1463,#877,.T.);
#1785=EDGE_CURVE('',#1490,#1421,#61,.F.);
#1786=EDGE_CURVE('',#1491,#1490,#720,.T.);
#1787=EDGE_CURVE('',#1423,#1491,#878,.T.);
#1788=EDGE_CURVE('',#1424,#1492,#879,.T.);
#1789=EDGE_CURVE('',#1492,#1491,#880,.T.);
#1790=EDGE_CURVE('',#1425,#1493,#881,.T.);
#1791=EDGE_CURVE('',#1493,#1492,#721,.T.);
#1792=EDGE_CURVE('',#1426,#1494,#882,.T.);
#1793=EDGE_CURVE('',#1494,#1493,#883,.T.);
#1794=EDGE_CURVE('',#1427,#1495,#884,.T.);
#1795=EDGE_CURVE('',#1495,#1494,#722,.T.);
#1796=EDGE_CURVE('',#1428,#1496,#885,.T.);
#1797=EDGE_CURVE('',#1496,#1495,#886,.T.);
#1798=EDGE_CURVE('',#1429,#1487,#887,.T.);
#1799=EDGE_CURVE('',#1487,#1496,#723,.T.);
#1800=EDGE_CURVE('',#1430,#1486,#888,.T.);
#1801=EDGE_CURVE('',#1497,#1498,#889,.T.);
#1802=EDGE_CURVE('',#1499,#1497,#890,.T.);
#1803=EDGE_CURVE('',#1500,#1499,#891,.T.);
#1804=EDGE_CURVE('',#1501,#1500,#892,.T.);
#1805=EDGE_CURVE('',#1498,#1501,#893,.T.);
#1806=EDGE_CURVE('',#1502,#1503,#894,.T.);
#1807=EDGE_CURVE('',#1504,#1502,#724,.T.);
#1808=EDGE_CURVE('',#1505,#1504,#895,.T.);
#1809=EDGE_CURVE('',#1503,#1505,#725,.T.);
#1810=EDGE_CURVE('',#1506,#1503,#896,.T.);
#1811=EDGE_CURVE('',#1507,#1506,#897,.T.);
#1812=EDGE_CURVE('',#1502,#1507,#898,.T.);
#1813=EDGE_CURVE('',#1489,#1506,#726,.T.);
#1814=EDGE_CURVE('',#1508,#1489,#899,.T.);
#1815=EDGE_CURVE('',#1507,#1508,#727,.T.);
#1816=EDGE_CURVE('',#1509,#1488,#900,.T.);
#1817=EDGE_CURVE('',#1508,#1509,#901,.T.);
#1818=EDGE_CURVE('',#1510,#1488,#728,.T.);
#1819=EDGE_CURVE('',#1511,#1510,#902,.T.);
#1820=EDGE_CURVE('',#1509,#1511,#729,.T.);
#1821=EDGE_CURVE('',#1512,#1510,#903,.T.);
#1822=EDGE_CURVE('',#1513,#1512,#904,.T.);
#1823=EDGE_CURVE('',#1511,#1513,#905,.T.);
#1824=EDGE_CURVE('',#1514,#1512,#730,.T.);
#1825=EDGE_CURVE('',#1515,#1514,#906,.T.);
#1826=EDGE_CURVE('',#1513,#1515,#731,.T.);
#1827=EDGE_CURVE('',#1516,#1514,#907,.T.);
#1828=EDGE_CURVE('',#1517,#1516,#908,.T.);
#1829=EDGE_CURVE('',#1515,#1517,#909,.T.);
#1830=EDGE_CURVE('',#1518,#1516,#732,.T.);
#1831=EDGE_CURVE('',#1519,#1518,#910,.T.);
#1832=EDGE_CURVE('',#1517,#1519,#733,.T.);
#1833=EDGE_CURVE('',#1520,#1518,#911,.T.);
#1834=EDGE_CURVE('',#1521,#1520,#912,.T.);
#1835=EDGE_CURVE('',#1519,#1521,#913,.T.);
#1836=EDGE_CURVE('',#1522,#1523,#914,.T.);
#1837=EDGE_CURVE('',#1521,#1522,#734,.T.);
#1838=EDGE_CURVE('',#1523,#1520,#735,.T.);
#1839=EDGE_CURVE('',#1501,#1504,#915,.T.);
#1840=EDGE_CURVE('',#1524,#1501,#916,.T.);
#1841=EDGE_CURVE('',#1505,#1524,#917,.T.);
#1842=EDGE_CURVE('',#1525,#1526,#918,.T.);
#1843=EDGE_CURVE('',#1522,#1525,#919,.T.);
#1844=EDGE_CURVE('',#1526,#1523,#920,.T.);
#1845=EDGE_CURVE('',#1524,#1500,#736,.T.);
#1846=EDGE_CURVE('',#1527,#1528,#921,.T.);
#1847=EDGE_CURVE('',#1529,#1527,#922,.T.);
#1848=EDGE_CURVE('',#1525,#1529,#923,.T.);
#1849=EDGE_CURVE('',#1530,#1525,#924,.T.);
#1850=EDGE_CURVE('',#1528,#1530,#925,.T.);
#1851=EDGE_CURVE('',#1530,#1526,#737,.T.);
#1852=EDGE_CURVE('',#1531,#1497,#926,.T.);
#1853=EDGE_CURVE('',#1531,#1469,#927,.T.);
#1854=EDGE_CURVE('',#1499,#1469,#928,.T.);
#1855=EDGE_CURVE('',#1467,#1416,#929,.T.);
#1856=EDGE_CURVE('',#1420,#1500,#930,.T.);
#1857=EDGE_CURVE('',#1524,#1419,#931,.T.);
#1858=EDGE_CURVE('',#1503,#1465,#932,.T.);
#1859=EDGE_CURVE('',#1466,#1505,#933,.T.);
#1860=EDGE_CURVE('',#1464,#1506,#934,.T.);
#1861=EDGE_CURVE('',#1510,#1496,#935,.T.);
#1862=EDGE_CURVE('',#1495,#1512,#936,.T.);
#1863=EDGE_CURVE('',#1514,#1494,#937,.T.);
#1864=EDGE_CURVE('',#1493,#1516,#938,.T.);
#1865=EDGE_CURVE('',#1518,#1492,#939,.T.);
#1866=EDGE_CURVE('',#1491,#1520,#940,.T.);
#1867=EDGE_CURVE('',#1523,#1490,#941,.T.);
#1868=EDGE_CURVE('',#1418,#1526,#942,.T.);
#1869=EDGE_CURVE('',#1530,#1417,#943,.T.);
#1870=EDGE_CURVE('',#1468,#1415,#944,.T.);
#1871=EDGE_CURVE('',#1470,#1528,#945,.T.);
#1872=EDGE_CURVE('',#1529,#1498,#946,.T.);
#1873=EDGE_CURVE('',#1532,#1533,#738,.T.);
#1874=EDGE_CURVE('',#1533,#1534,#947,.T.);
#1875=EDGE_CURVE('',#1534,#1535,#739,.T.);
#1876=EDGE_CURVE('',#1535,#1532,#948,.T.);
#1877=EDGE_CURVE('',#1536,#1536,#740,.T.);
#1878=EDGE_CURVE('',#1537,#1537,#741,.T.);
#1879=EDGE_CURVE('',#1538,#1538,#742,.T.);
#1880=EDGE_CURVE('',#1539,#1539,#743,.T.);
#1881=EDGE_CURVE('',#1540,#1485,#949,.T.);
#1882=EDGE_CURVE('',#1540,#1431,#950,.T.);
#1883=EDGE_CURVE('',#1497,#1527,#951,.T.);
#1884=EDGE_CURVE('',#1437,#1541,#952,.T.);
#1885=EDGE_CURVE('',#1542,#1541,#953,.T.);
#1886=EDGE_CURVE('',#1438,#1542,#954,.T.);
#1887=EDGE_CURVE('',#1543,#1542,#955,.T.);
#1888=EDGE_CURVE('',#1543,#1439,#956,.T.);
#1889=EDGE_CURVE('',#1541,#1543,#957,.T.);
#1890=EDGE_CURVE('',#1484,#1540,#958,.T.);
#1891=EDGE_CURVE('',#1432,#1544,#959,.T.);
#1892=EDGE_CURVE('',#1545,#1544,#960,.T.);
#1893=EDGE_CURVE('',#1433,#1545,#961,.T.);
#1894=EDGE_CURVE('',#1546,#1545,#962,.T.);
#1895=EDGE_CURVE('',#1546,#1434,#963,.T.);
#1896=EDGE_CURVE('',#1544,#1546,#964,.T.);
#1897=EDGE_CURVE('',#1477,#1479,#965,.T.);
#1898=EDGE_CURVE('',#1483,#1547,#966,.T.);
#1899=EDGE_CURVE('',#1435,#1547,#967,.T.);
#1900=EDGE_CURVE('',#1548,#1549,#744,.T.);
#1901=EDGE_CURVE('',#1550,#1548,#968,.T.);
#1902=EDGE_CURVE('',#1550,#1551,#35,.T.);
#1903=EDGE_CURVE('',#1552,#1551,#745,.T.);
#1904=EDGE_CURVE('',#1553,#1552,#36,.T.);
#1905=EDGE_CURVE('',#1549,#1553,#62,.T.);
#1906=EDGE_CURVE('',#1554,#1555,#746,.T.);
#1907=EDGE_CURVE('',#1556,#1554,#37,.T.);
#1908=EDGE_CURVE('',#1557,#1556,#969,.T.);
#1909=EDGE_CURVE('',#1558,#1557,#747,.T.);
#1910=EDGE_CURVE('',#1559,#1558,#63,.T.);
#1911=EDGE_CURVE('',#1555,#1559,#38,.T.);
#1912=EDGE_CURVE('',#1553,#1560,#39,.F.);
#1913=EDGE_CURVE('',#1561,#1552,#40,.T.);
#1914=EDGE_CURVE('',#1560,#1561,#19,.T.);
#1915=EDGE_CURVE('',#1555,#1561,#41,.T.);
#1916=EDGE_CURVE('',#1559,#1560,#42,.T.);
#1917=EDGE_CURVE('',#1562,#1554,#20,.T.);
#1918=EDGE_CURVE('',#1563,#1562,#748,.T.);
#1919=EDGE_CURVE('',#1556,#1563,#43,.F.);
#1920=EDGE_CURVE('',#1551,#1562,#21,.T.);
#1921=EDGE_CURVE('',#1563,#1550,#44,.F.);
#1922=EDGE_CURVE('',#1564,#1548,#970,.T.);
#1923=EDGE_CURVE('',#1565,#1564,#971,.T.);
#1924=EDGE_CURVE('',#1565,#1563,#972,.T.);
#1925=EDGE_CURVE('',#1566,#1565,#973,.T.);
#1926=EDGE_CURVE('',#1566,#1557,#974,.T.);
#1927=EDGE_CURVE('',#1567,#1566,#975,.T.);
#1928=EDGE_CURVE('',#1567,#1558,#976,.T.);
#1929=EDGE_CURVE('',#1452,#1568,#977,.T.);
#1930=EDGE_CURVE('',#1568,#1569,#749,.T.);
#1931=EDGE_CURVE('',#1569,#1570,#978,.T.);
#1932=EDGE_CURVE('',#1570,#1571,#750,.T.);
#1933=EDGE_CURVE('',#1571,#1453,#979,.T.);
#1934=EDGE_CURVE('',#1572,#1572,#45,.T.);
#1935=EDGE_CURVE('',#1573,#1574,#751,.T.);
#1936=EDGE_CURVE('',#1575,#1573,#64,.T.);
#1937=EDGE_CURVE('',#1576,#1575,#46,.T.);
#1938=EDGE_CURVE('',#1577,#1576,#752,.T.);
#1939=EDGE_CURVE('',#1578,#1577,#47,.T.);
#1940=EDGE_CURVE('',#1574,#1578,#980,.T.);
#1941=EDGE_CURVE('',#1579,#1577,#22,.T.);
#1942=EDGE_CURVE('',#1580,#1579,#753,.T.);
#1943=EDGE_CURVE('',#1578,#1580,#48,.F.);
#1944=EDGE_CURVE('',#1581,#1579,#23,.T.);
#1945=EDGE_CURVE('',#1582,#1581,#49,.T.);
#1946=EDGE_CURVE('',#1580,#1582,#50,.F.);
#1947=EDGE_CURVE('',#1583,#1575,#51,.T.);
#1948=EDGE_CURVE('',#1583,#1584,#24,.T.);
#1949=EDGE_CURVE('',#1576,#1584,#52,.T.);
#1950=EDGE_CURVE('',#1585,#1581,#754,.T.);
#1951=EDGE_CURVE('',#1586,#1585,#53,.T.);
#1952=EDGE_CURVE('',#1587,#1586,#65,.T.);
#1953=EDGE_CURVE('',#1588,#1587,#755,.T.);
#1954=EDGE_CURVE('',#1582,#1588,#981,.T.);
#1955=EDGE_CURVE('',#1584,#1585,#54,.T.);
#1956=EDGE_CURVE('',#1586,#1583,#55,.F.);
#1957=EDGE_CURVE('',#1589,#1587,#982,.T.);
#1958=EDGE_CURVE('',#1590,#1589,#983,.T.);
#1959=EDGE_CURVE('',#1590,#1588,#984,.T.);
#1960=EDGE_CURVE('',#1591,#1590,#985,.T.);
#1961=EDGE_CURVE('',#1591,#1580,#986,.T.);
#1962=EDGE_CURVE('',#1592,#1591,#987,.T.);
#1963=EDGE_CURVE('',#1592,#1574,#988,.T.);
#1964=EDGE_CURVE('',#1454,#1593,#989,.T.);
#1965=EDGE_CURVE('',#1455,#1594,#990,.T.);
#1966=EDGE_CURVE('',#1594,#1595,#756,.T.);
#1967=EDGE_CURVE('',#1595,#1596,#991,.T.);
#1968=EDGE_CURVE('',#1596,#1593,#757,.T.);
#1969=EDGE_CURVE('',#1597,#1597,#56,.T.);
#1970=EDGE_CURVE('',#1572,#1598,#992,.T.);
#1971=EDGE_CURVE('',#1599,#1598,#57,.T.);
#1972=EDGE_CURVE('',#1598,#1599,#58,.T.);
#1973=EDGE_CURVE('',#1599,#1600,#993,.T.);
#1974=EDGE_CURVE('',#1600,#1600,#758,.F.);
#1975=EDGE_CURVE('',#1597,#1601,#994,.T.);
#1976=EDGE_CURVE('',#1601,#1601,#59,.T.);
#1977=EDGE_CURVE('',#1601,#1602,#995,.T.);
#1978=EDGE_CURVE('',#1602,#1602,#759,.F.);
#1979=EDGE_CURVE('',#1603,#1604,#996,.T.);
#1980=EDGE_CURVE('',#1409,#1603,#66,.T.);
#1981=EDGE_CURVE('',#1605,#1407,#997,.F.);
#1982=EDGE_CURVE('',#1604,#1605,#760,.T.);
#1983=EDGE_CURVE('',#1605,#1606,#998,.T.);
#1984=EDGE_CURVE('',#1606,#1607,#761,.T.);
#1985=EDGE_CURVE('',#1604,#1607,#999,.T.);
#1986=EDGE_CURVE('',#1607,#1608,#1000,.T.);
#1987=EDGE_CURVE('',#1608,#1609,#1001,.T.);
#1988=EDGE_CURVE('',#1609,#1610,#1002,.T.);
#1989=EDGE_CURVE('',#1610,#1603,#1003,.T.);
#1990=EDGE_CURVE('',#1611,#1611,#762,.T.);
#1991=EDGE_CURVE('',#1410,#1610,#1004,.T.);
#1992=EDGE_CURVE('',#1612,#1613,#1005,.T.);
#1993=EDGE_CURVE('',#1613,#1614,#1006,.T.);
#1994=EDGE_CURVE('',#1615,#1614,#763,.T.);
#1995=EDGE_CURVE('',#1616,#1615,#67,.T.);
#1996=EDGE_CURVE('',#1617,#1616,#1007,.T.);
#1997=EDGE_CURVE('',#1612,#1617,#764,.T.);
#1998=EDGE_CURVE('',#1616,#1618,#1008,.T.);
#1999=EDGE_CURVE('',#1618,#1619,#1009,.T.);
#2000=EDGE_CURVE('',#1619,#1620,#1010,.T.);
#2001=EDGE_CURVE('',#1620,#1621,#1011,.T.);
#2002=EDGE_CURVE('',#1621,#1617,#1012,.T.);
#2003=EDGE_CURVE('',#1622,#1622,#765,.T.);
#2004=EDGE_CURVE('',#1621,#1623,#766,.T.);
#2005=EDGE_CURVE('',#1623,#1612,#1013,.T.);
#2006=EDGE_CURVE('',#1569,#1620,#68,.T.);
#2007=EDGE_CURVE('',#1623,#1568,#1014,.F.);
#2008=EDGE_CURVE('',#1570,#1619,#1015,.T.);
#2009=EDGE_CURVE('',#1608,#1596,#69,.T.);
#2010=EDGE_CURVE('',#1593,#1606,#1016,.F.);
#2011=EDGE_CURVE('',#1609,#1595,#1017,.T.);
#2012=EDGE_CURVE('',#1624,#1625,#1018,.T.);
#2013=EDGE_CURVE('',#1625,#1626,#70,.F.);
#2014=EDGE_CURVE('',#1626,#1624,#1019,.T.);
#2015=EDGE_CURVE('',#1624,#1446,#1020,.T.);
#2016=EDGE_CURVE('',#1448,#1626,#1021,.T.);
#2017=EDGE_CURVE('',#1571,#1627,#71,.F.);
#2018=EDGE_CURVE('',#1627,#1628,#1022,.T.);
#2019=EDGE_CURVE('',#1628,#1571,#1023,.T.);
#2020=EDGE_CURVE('',#1628,#1624,#1024,.T.);
#2021=EDGE_CURVE('',#1625,#1627,#1025,.T.);
#2022=EDGE_CURVE('',#1629,#1630,#72,.F.);
#2023=EDGE_CURVE('',#1630,#1618,#1026,.T.);
#2024=EDGE_CURVE('',#1618,#1629,#1027,.T.);
#2025=EDGE_CURVE('',#1629,#1615,#1028,.T.);
#2026=EDGE_CURVE('',#1619,#1631,#1029,.T.);
#2027=EDGE_CURVE('',#1631,#1570,#73,.F.);
#2028=EDGE_CURVE('',#1627,#1631,#767,.T.);
#2029=EDGE_CURVE('',#1631,#1630,#1030,.T.);
#2030=EDGE_CURVE('',#1626,#1629,#768,.T.);
#2031=EDGE_CURVE('',#1630,#1625,#769,.T.);
#2032=EDGE_CURVE('',#1447,#1628,#1031,.T.);
#2033=EDGE_CURVE('',#1632,#1632,#770,.T.);
#2034=EDGE_CURVE('',#1633,#1633,#771,.T.);
#2035=EDGE_CURVE('',#1633,#1632,#1032,.T.);
#2036=EDGE_CURVE('',#1634,#1549,#1033,.T.);
#2037=EDGE_CURVE('',#1564,#1634,#1034,.T.);
#2038=EDGE_CURVE('',#1635,#1560,#1035,.T.);
#2039=EDGE_CURVE('',#1634,#1635,#1036,.T.);
#2040=EDGE_CURVE('',#1635,#1567,#1037,.T.);
#2041=EDGE_CURVE('',#1636,#1636,#772,.T.);
#2042=EDGE_CURVE('',#1636,#1622,#1038,.T.);
#2043=EDGE_CURVE('',#1637,#1637,#773,.T.);
#2044=EDGE_CURVE('',#1637,#1449,#1039,.T.);
#2045=EDGE_CURVE('',#1614,#1450,#1040,.T.);
#2046=EDGE_CURVE('',#1638,#1411,#1041,.T.);
#2047=EDGE_CURVE('',#1411,#1639,#74,.F.);
#2048=EDGE_CURVE('',#1639,#1638,#1042,.T.);
#2049=EDGE_CURVE('',#1610,#1640,#1043,.T.);
#2050=EDGE_CURVE('',#1640,#1410,#75,.F.);
#2051=EDGE_CURVE('',#1639,#1640,#774,.T.);
#2052=EDGE_CURVE('',#1594,#1641,#1044,.T.);
#2053=EDGE_CURVE('',#1641,#1642,#1045,.T.);
#2054=EDGE_CURVE('',#1642,#1594,#76,.F.);
#2055=EDGE_CURVE('',#1643,#1609,#1046,.T.);
#2056=EDGE_CURVE('',#1595,#1643,#77,.F.);
#2057=EDGE_CURVE('',#1643,#1642,#775,.T.);
#2058=EDGE_CURVE('',#1640,#1643,#1047,.T.);
#2059=EDGE_CURVE('',#1642,#1639,#1048,.T.);
#2060=EDGE_CURVE('',#1638,#1641,#1049,.T.);
#2061=EDGE_CURVE('',#1641,#1457,#1050,.T.);
#2062=EDGE_CURVE('',#1456,#1638,#1051,.T.);
#2063=EDGE_CURVE('',#1644,#1644,#776,.T.);
#2064=EDGE_CURVE('',#1451,#1613,#1052,.T.);
#2065=EDGE_CURVE('',#1645,#1645,#777,.T.);
#2066=EDGE_CURVE('',#1645,#1644,#1053,.T.);
#2067=EDGE_CURVE('',#1646,#1583,#1054,.T.);
#2068=EDGE_CURVE('',#1589,#1646,#1055,.T.);
#2069=EDGE_CURVE('',#1647,#1573,#1056,.T.);
#2070=EDGE_CURVE('',#1646,#1647,#1057,.T.);
#2071=EDGE_CURVE('',#1647,#1592,#1058,.T.);
#2072=EDGE_CURVE('',#1648,#1648,#778,.T.);
#2073=EDGE_CURVE('',#1648,#1611,#1059,.T.);
#2074=EDGE_CURVE('',#1649,#1650,#1060,.T.);
#2075=EDGE_CURVE('',#1651,#1649,#779,.T.);
#2076=EDGE_CURVE('',#1651,#1436,#1061,.T.);
#2077=EDGE_CURVE('',#1650,#1547,#780,.T.);
#2078=EDGE_CURVE('',#1652,#1652,#781,.T.);
#2079=EDGE_CURVE('',#1652,#1653,#1062,.T.);
#2080=EDGE_CURVE('',#1653,#1653,#782,.T.);
#2081=EDGE_CURVE('',#1654,#1654,#783,.T.);
#2082=EDGE_CURVE('',#1654,#1652,#1063,.T.);
#2083=EDGE_CURVE('',#1655,#1655,#784,.T.);
#2084=EDGE_CURVE('',#1656,#1657,#785,.T.);
#2085=EDGE_CURVE('',#1657,#1656,#786,.T.);
#2086=EDGE_CURVE('',#1657,#1476,#1064,.T.);
#2087=EDGE_CURVE('',#1656,#1658,#1065,.T.);
#2088=EDGE_CURVE('',#1658,#1658,#787,.T.);
#2089=EDGE_CURVE('',#1659,#1660,#788,.T.);
#2090=EDGE_CURVE('',#1660,#1659,#789,.T.);
#2091=EDGE_CURVE('',#1660,#1471,#1066,.T.);
#2092=EDGE_CURVE('',#1659,#1661,#1067,.T.);
#2093=EDGE_CURVE('',#1661,#1661,#790,.T.);
#2094=EDGE_CURVE('',#1662,#1663,#791,.T.);
#2095=EDGE_CURVE('',#1663,#1662,#792,.T.);
#2096=EDGE_CURVE('',#1663,#1475,#1068,.T.);
#2097=EDGE_CURVE('',#1664,#1664,#793,.T.);
#2098=EDGE_CURVE('',#1664,#1662,#1069,.T.);
#2099=EDGE_CURVE('',#1665,#1666,#794,.T.);
#2100=EDGE_CURVE('',#1666,#1665,#795,.T.);
#2101=EDGE_CURVE('',#1666,#1472,#1070,.T.);
#2102=EDGE_CURVE('',#1667,#1667,#796,.T.);
#2103=EDGE_CURVE('',#1667,#1665,#1071,.T.);
#2104=EDGE_CURVE('',#1668,#1668,#797,.T.);
#2105=EDGE_CURVE('',#1668,#1669,#1072,.T.);
#2106=EDGE_CURVE('',#1669,#1669,#798,.T.);
#2107=EDGE_CURVE('',#1527,#1670,#1073,.T.);
#2108=EDGE_CURVE('',#1670,#1531,#1074,.T.);
#2109=EDGE_CURVE('',#1671,#1671,#799,.T.);
#2110=EDGE_CURVE('',#1672,#1672,#800,.T.);
#2111=EDGE_CURVE('',#1672,#1668,#1075,.T.);
#2112=EDGE_CURVE('',#1673,#1673,#801,.T.);
#2113=EDGE_CURVE('',#1673,#1671,#1076,.T.);
#2114=EDGE_CURVE('',#1674,#1674,#802,.T.);
#2115=EDGE_CURVE('',#1674,#1673,#1077,.T.);
#2116=EDGE_CURVE('',#1675,#1676,#803,.T.);
#2117=EDGE_CURVE('',#1676,#1675,#804,.T.);
#2118=EDGE_CURVE('',#1676,#1445,#1078,.T.);
#2119=EDGE_CURVE('',#1655,#1675,#1079,.T.);
#2120=EDGE_CURVE('',#1677,#1458,#1080,.T.);
#2121=EDGE_CURVE('',#1678,#1677,#1081,.T.);
#2122=EDGE_CURVE('',#1459,#1678,#1082,.T.);
#2123=EDGE_CURVE('',#1679,#1461,#1083,.T.);
#2124=EDGE_CURVE('',#1677,#1679,#805,.T.);
#2125=EDGE_CURVE('',#1680,#1460,#1084,.T.);
#2126=EDGE_CURVE('',#1679,#1680,#1085,.T.);
#2127=EDGE_CURVE('',#1680,#1678,#806,.T.);
#2128=EDGE_CURVE('',#1681,#1679,#1086,.T.);
#2129=EDGE_CURVE('',#1681,#1682,#807,.T.);
#2130=EDGE_CURVE('',#1677,#1682,#1087,.T.);
#2131=EDGE_CURVE('',#1682,#1683,#1088,.T.);
#2132=EDGE_CURVE('',#1683,#1678,#1089,.T.);
#2133=EDGE_CURVE('',#1651,#1480,#1090,.T.);
#2134=EDGE_CURVE('',#1533,#1683,#1091,.T.);
#2135=EDGE_CURVE('',#1684,#1532,#1092,.T.);
#2136=EDGE_CURVE('',#1683,#1684,#808,.T.);
#2137=EDGE_CURVE('',#1534,#1682,#1093,.T.);
#2138=EDGE_CURVE('',#1535,#1681,#1094,.T.);
#2139=EDGE_CURVE('',#1684,#1681,#1095,.T.);
#2140=EDGE_CURVE('',#1680,#1684,#1096,.T.);
#2141=EDGE_CURVE('',#1470,#1670,#1097,.T.);
#2142=EDGE_CURVE('',#1672,#1685,#1098,.T.);
#2143=EDGE_CURVE('',#1685,#1685,#809,.T.);
#2144=EDGE_CURVE('',#1674,#1686,#1099,.T.);
#2145=EDGE_CURVE('',#1686,#1686,#810,.T.);
#2146=EDGE_CURVE('',#1687,#1687,#811,.T.);
#2147=EDGE_CURVE('',#1687,#1686,#1100,.T.);
#2148=EDGE_CURVE('',#1688,#1688,#812,.T.);
#2149=EDGE_CURVE('',#1688,#1685,#1101,.T.);
#2150=EDGE_CURVE('',#1667,#1539,#1102,.T.);
#2151=EDGE_CURVE('',#1664,#1538,#1103,.T.);
#2152=EDGE_CURVE('',#1689,#1689,#813,.T.);
#2153=EDGE_CURVE('',#1689,#1690,#1104,.T.);
#2154=EDGE_CURVE('',#1690,#1690,#814,.T.);
#2155=EDGE_CURVE('',#1689,#1473,#1105,.T.);
#2156=EDGE_CURVE('',#1658,#1537,#1106,.T.);
#2157=EDGE_CURVE('',#1661,#1536,#1107,.T.);
#2158=EDGE_CURVE('',#1691,#1691,#815,.T.);
#2159=EDGE_CURVE('',#1691,#1692,#1108,.T.);
#2160=EDGE_CURVE('',#1692,#1692,#816,.T.);
#2161=EDGE_CURVE('',#1474,#1691,#1109,.T.);
#2162=EDGE_CURVE('',#1650,#1482,#1110,.T.);
#2163=EDGE_CURVE('',#1481,#1649,#1111,.T.);
#2164=ORIENTED_EDGE('',*,*,#1693,.F.);
#2165=ORIENTED_EDGE('',*,*,#1694,.T.);
#2166=ORIENTED_EDGE('',*,*,#1695,.T.);
#2167=ORIENTED_EDGE('',*,*,#1696,.T.);
#2168=ORIENTED_EDGE('',*,*,#1693,.T.);
#2169=ORIENTED_EDGE('',*,*,#1697,.T.);
#2170=ORIENTED_EDGE('',*,*,#1698,.T.);
#2171=ORIENTED_EDGE('',*,*,#1699,.T.);
#2172=ORIENTED_EDGE('',*,*,#1700,.F.);
#2173=ORIENTED_EDGE('',*,*,#1701,.F.);
#2174=ORIENTED_EDGE('',*,*,#1700,.T.);
#2175=ORIENTED_EDGE('',*,*,#1702,.T.);
#2176=ORIENTED_EDGE('',*,*,#1703,.F.);
#2177=ORIENTED_EDGE('',*,*,#1704,.F.);
#2178=ORIENTED_EDGE('',*,*,#1705,.T.);
#2179=ORIENTED_EDGE('',*,*,#1706,.F.);
#2180=ORIENTED_EDGE('',*,*,#1707,.T.);
#2181=ORIENTED_EDGE('',*,*,#1708,.F.);
#2182=ORIENTED_EDGE('',*,*,#1709,.F.);
#2183=ORIENTED_EDGE('',*,*,#1710,.T.);
#2184=ORIENTED_EDGE('',*,*,#1711,.T.);
#2185=ORIENTED_EDGE('',*,*,#1712,.T.);
#2186=ORIENTED_EDGE('',*,*,#1713,.T.);
#2187=ORIENTED_EDGE('',*,*,#1714,.T.);
#2188=ORIENTED_EDGE('',*,*,#1715,.T.);
#2189=ORIENTED_EDGE('',*,*,#1716,.T.);
#2190=ORIENTED_EDGE('',*,*,#1717,.T.);
#2191=ORIENTED_EDGE('',*,*,#1718,.F.);
#2192=ORIENTED_EDGE('',*,*,#1719,.F.);
#2193=ORIENTED_EDGE('',*,*,#1720,.F.);
#2194=ORIENTED_EDGE('',*,*,#1721,.F.);
#2195=ORIENTED_EDGE('',*,*,#1722,.F.);
#2196=ORIENTED_EDGE('',*,*,#1723,.F.);
#2197=ORIENTED_EDGE('',*,*,#1724,.F.);
#2198=ORIENTED_EDGE('',*,*,#1725,.F.);
#2199=ORIENTED_EDGE('',*,*,#1726,.F.);
#2200=ORIENTED_EDGE('',*,*,#1727,.F.);
#2201=ORIENTED_EDGE('',*,*,#1728,.F.);
#2202=ORIENTED_EDGE('',*,*,#1729,.T.);
#2203=ORIENTED_EDGE('',*,*,#1730,.T.);
#2204=ORIENTED_EDGE('',*,*,#1731,.T.);
#2205=ORIENTED_EDGE('',*,*,#1732,.T.);
#2206=ORIENTED_EDGE('',*,*,#1733,.T.);
#2207=ORIENTED_EDGE('',*,*,#1734,.F.);
#2208=ORIENTED_EDGE('',*,*,#1735,.T.);
#2209=ORIENTED_EDGE('',*,*,#1736,.F.);
#2210=ORIENTED_EDGE('',*,*,#1737,.F.);
#2211=ORIENTED_EDGE('',*,*,#1738,.F.);
#2212=ORIENTED_EDGE('',*,*,#1739,.F.);
#2213=ORIENTED_EDGE('',*,*,#1740,.F.);
#2214=ORIENTED_EDGE('',*,*,#1741,.T.);
#2215=ORIENTED_EDGE('',*,*,#1742,.F.);
#2216=ORIENTED_EDGE('',*,*,#1743,.F.);
#2217=ORIENTED_EDGE('',*,*,#1699,.F.);
#2218=ORIENTED_EDGE('',*,*,#1744,.T.);
#2219=ORIENTED_EDGE('',*,*,#1745,.F.);
#2220=ORIENTED_EDGE('',*,*,#1746,.T.);
#2221=ORIENTED_EDGE('',*,*,#1747,.T.);
#2222=ORIENTED_EDGE('',*,*,#1748,.T.);
#2223=ORIENTED_EDGE('',*,*,#1749,.T.);
#2224=ORIENTED_EDGE('',*,*,#1750,.T.);
#2225=ORIENTED_EDGE('',*,*,#1751,.F.);
#2226=ORIENTED_EDGE('',*,*,#1752,.F.);
#2227=ORIENTED_EDGE('',*,*,#1753,.F.);
#2228=ORIENTED_EDGE('',*,*,#1729,.F.);
#2229=ORIENTED_EDGE('',*,*,#1754,.F.);
#2230=ORIENTED_EDGE('',*,*,#1730,.F.);
#2231=ORIENTED_EDGE('',*,*,#1753,.T.);
#2232=ORIENTED_EDGE('',*,*,#1755,.F.);
#2233=ORIENTED_EDGE('',*,*,#1756,.F.);
#2234=ORIENTED_EDGE('',*,*,#1731,.F.);
#2235=ORIENTED_EDGE('',*,*,#1754,.T.);
#2236=ORIENTED_EDGE('',*,*,#1757,.F.);
#2237=ORIENTED_EDGE('',*,*,#1758,.F.);
#2238=ORIENTED_EDGE('',*,*,#1732,.F.);
#2239=ORIENTED_EDGE('',*,*,#1756,.T.);
#2240=ORIENTED_EDGE('',*,*,#1759,.F.);
#2241=ORIENTED_EDGE('',*,*,#1760,.F.);
#2242=ORIENTED_EDGE('',*,*,#1761,.T.);
#2243=ORIENTED_EDGE('',*,*,#1762,.T.);
#2244=ORIENTED_EDGE('',*,*,#1763,.T.);
#2245=ORIENTED_EDGE('',*,*,#1764,.T.);
#2246=ORIENTED_EDGE('',*,*,#1765,.T.);
#2247=ORIENTED_EDGE('',*,*,#1766,.F.);
#2248=ORIENTED_EDGE('',*,*,#1767,.F.);
#2249=ORIENTED_EDGE('',*,*,#1768,.T.);
#2250=ORIENTED_EDGE('',*,*,#1769,.T.);
#2251=ORIENTED_EDGE('',*,*,#1751,.T.);
#2252=ORIENTED_EDGE('',*,*,#1728,.T.);
#2253=ORIENTED_EDGE('',*,*,#1770,.T.);
#2254=ORIENTED_EDGE('',*,*,#1771,.F.);
#2255=ORIENTED_EDGE('',*,*,#1772,.T.);
#2256=ORIENTED_EDGE('',*,*,#1752,.T.);
#2257=ORIENTED_EDGE('',*,*,#1772,.F.);
#2258=ORIENTED_EDGE('',*,*,#1773,.F.);
#2259=ORIENTED_EDGE('',*,*,#1774,.F.);
#2260=ORIENTED_EDGE('',*,*,#1775,.T.);
#2261=ORIENTED_EDGE('',*,*,#1776,.F.);
#2262=ORIENTED_EDGE('',*,*,#1777,.T.);
#2263=ORIENTED_EDGE('',*,*,#1778,.F.);
#2264=ORIENTED_EDGE('',*,*,#1779,.F.);
#2265=ORIENTED_EDGE('',*,*,#1780,.F.);
#2266=ORIENTED_EDGE('',*,*,#1781,.T.);
#2267=ORIENTED_EDGE('',*,*,#1782,.T.);
#2268=ORIENTED_EDGE('',*,*,#1783,.T.);
#2269=ORIENTED_EDGE('',*,*,#1784,.T.);
#2270=ORIENTED_EDGE('',*,*,#1785,.F.);
#2271=ORIENTED_EDGE('',*,*,#1786,.F.);
#2272=ORIENTED_EDGE('',*,*,#1787,.F.);
#2273=ORIENTED_EDGE('',*,*,#1710,.F.);
#2274=ORIENTED_EDGE('',*,*,#1788,.F.);
#2275=ORIENTED_EDGE('',*,*,#1711,.F.);
#2276=ORIENTED_EDGE('',*,*,#1787,.T.);
#2277=ORIENTED_EDGE('',*,*,#1789,.F.);
#2278=ORIENTED_EDGE('',*,*,#1790,.F.);
#2279=ORIENTED_EDGE('',*,*,#1712,.F.);
#2280=ORIENTED_EDGE('',*,*,#1788,.T.);
#2281=ORIENTED_EDGE('',*,*,#1791,.F.);
#2282=ORIENTED_EDGE('',*,*,#1792,.F.);
#2283=ORIENTED_EDGE('',*,*,#1713,.F.);
#2284=ORIENTED_EDGE('',*,*,#1790,.T.);
#2285=ORIENTED_EDGE('',*,*,#1793,.F.);
#2286=ORIENTED_EDGE('',*,*,#1794,.F.);
#2287=ORIENTED_EDGE('',*,*,#1714,.F.);
#2288=ORIENTED_EDGE('',*,*,#1792,.T.);
#2289=ORIENTED_EDGE('',*,*,#1795,.F.);
#2290=ORIENTED_EDGE('',*,*,#1796,.F.);
#2291=ORIENTED_EDGE('',*,*,#1715,.F.);
#2292=ORIENTED_EDGE('',*,*,#1794,.T.);
#2293=ORIENTED_EDGE('',*,*,#1797,.F.);
#2294=ORIENTED_EDGE('',*,*,#1798,.F.);
#2295=ORIENTED_EDGE('',*,*,#1716,.F.);
#2296=ORIENTED_EDGE('',*,*,#1796,.T.);
#2297=ORIENTED_EDGE('',*,*,#1799,.F.);
#2298=ORIENTED_EDGE('',*,*,#1800,.F.);
#2299=ORIENTED_EDGE('',*,*,#1717,.F.);
#2300=ORIENTED_EDGE('',*,*,#1798,.T.);
#2301=ORIENTED_EDGE('',*,*,#1781,.F.);
#2302=ORIENTED_EDGE('',*,*,#1801,.F.);
#2303=ORIENTED_EDGE('',*,*,#1802,.F.);
#2304=ORIENTED_EDGE('',*,*,#1803,.F.);
#2305=ORIENTED_EDGE('',*,*,#1804,.F.);
#2306=ORIENTED_EDGE('',*,*,#1805,.F.);
#2307=ORIENTED_EDGE('',*,*,#1806,.F.);
#2308=ORIENTED_EDGE('',*,*,#1807,.F.);
#2309=ORIENTED_EDGE('',*,*,#1808,.F.);
#2310=ORIENTED_EDGE('',*,*,#1809,.F.);
#2311=ORIENTED_EDGE('',*,*,#1806,.T.);
#2312=ORIENTED_EDGE('',*,*,#1810,.F.);
#2313=ORIENTED_EDGE('',*,*,#1811,.F.);
#2314=ORIENTED_EDGE('',*,*,#1812,.F.);
#2315=ORIENTED_EDGE('',*,*,#1811,.T.);
#2316=ORIENTED_EDGE('',*,*,#1813,.F.);
#2317=ORIENTED_EDGE('',*,*,#1814,.F.);
#2318=ORIENTED_EDGE('',*,*,#1815,.F.);
#2319=ORIENTED_EDGE('',*,*,#1814,.T.);
#2320=ORIENTED_EDGE('',*,*,#1783,.F.);
#2321=ORIENTED_EDGE('',*,*,#1816,.F.);
#2322=ORIENTED_EDGE('',*,*,#1817,.F.);
#2323=ORIENTED_EDGE('',*,*,#1816,.T.);
#2324=ORIENTED_EDGE('',*,*,#1818,.F.);
#2325=ORIENTED_EDGE('',*,*,#1819,.F.);
#2326=ORIENTED_EDGE('',*,*,#1820,.F.);
#2327=ORIENTED_EDGE('',*,*,#1819,.T.);
#2328=ORIENTED_EDGE('',*,*,#1821,.F.);
#2329=ORIENTED_EDGE('',*,*,#1822,.F.);
#2330=ORIENTED_EDGE('',*,*,#1823,.F.);
#2331=ORIENTED_EDGE('',*,*,#1822,.T.);
#2332=ORIENTED_EDGE('',*,*,#1824,.F.);
#2333=ORIENTED_EDGE('',*,*,#1825,.F.);
#2334=ORIENTED_EDGE('',*,*,#1826,.F.);
#2335=ORIENTED_EDGE('',*,*,#1825,.T.);
#2336=ORIENTED_EDGE('',*,*,#1827,.F.);
#2337=ORIENTED_EDGE('',*,*,#1828,.F.);
#2338=ORIENTED_EDGE('',*,*,#1829,.F.);
#2339=ORIENTED_EDGE('',*,*,#1828,.T.);
#2340=ORIENTED_EDGE('',*,*,#1830,.F.);
#2341=ORIENTED_EDGE('',*,*,#1831,.F.);
#2342=ORIENTED_EDGE('',*,*,#1832,.F.);
#2343=ORIENTED_EDGE('',*,*,#1831,.T.);
#2344=ORIENTED_EDGE('',*,*,#1833,.F.);
#2345=ORIENTED_EDGE('',*,*,#1834,.F.);
#2346=ORIENTED_EDGE('',*,*,#1835,.F.);
#2347=ORIENTED_EDGE('',*,*,#1836,.F.);
#2348=ORIENTED_EDGE('',*,*,#1837,.F.);
#2349=ORIENTED_EDGE('',*,*,#1834,.T.);
#2350=ORIENTED_EDGE('',*,*,#1838,.F.);
#2351=ORIENTED_EDGE('',*,*,#1808,.T.);
#2352=ORIENTED_EDGE('',*,*,#1839,.F.);
#2353=ORIENTED_EDGE('',*,*,#1840,.F.);
#2354=ORIENTED_EDGE('',*,*,#1841,.F.);
#2355=ORIENTED_EDGE('',*,*,#1842,.F.);
#2356=ORIENTED_EDGE('',*,*,#1843,.F.);
#2357=ORIENTED_EDGE('',*,*,#1836,.T.);
#2358=ORIENTED_EDGE('',*,*,#1844,.F.);
#2359=ORIENTED_EDGE('',*,*,#1840,.T.);
#2360=ORIENTED_EDGE('',*,*,#1804,.T.);
#2361=ORIENTED_EDGE('',*,*,#1845,.F.);
#2362=ORIENTED_EDGE('',*,*,#1846,.F.);
#2363=ORIENTED_EDGE('',*,*,#1847,.F.);
#2364=ORIENTED_EDGE('',*,*,#1848,.F.);
#2365=ORIENTED_EDGE('',*,*,#1849,.F.);
#2366=ORIENTED_EDGE('',*,*,#1850,.F.);
#2367=ORIENTED_EDGE('',*,*,#1849,.T.);
#2368=ORIENTED_EDGE('',*,*,#1842,.T.);
#2369=ORIENTED_EDGE('',*,*,#1851,.F.);
#2370=ORIENTED_EDGE('',*,*,#1802,.T.);
#2371=ORIENTED_EDGE('',*,*,#1852,.F.);
#2372=ORIENTED_EDGE('',*,*,#1853,.T.);
#2373=ORIENTED_EDGE('',*,*,#1854,.F.);
#2374=ORIENTED_EDGE('',*,*,#1803,.T.);
#2375=ORIENTED_EDGE('',*,*,#1854,.T.);
#2376=ORIENTED_EDGE('',*,*,#1761,.F.);
#2377=ORIENTED_EDGE('',*,*,#1855,.T.);
#2378=ORIENTED_EDGE('',*,*,#1708,.T.);
#2379=ORIENTED_EDGE('',*,*,#1856,.T.);
#2380=ORIENTED_EDGE('',*,*,#1845,.T.);
#2381=ORIENTED_EDGE('',*,*,#1856,.F.);
#2382=ORIENTED_EDGE('',*,*,#1707,.F.);
#2383=ORIENTED_EDGE('',*,*,#1857,.F.);
#2384=ORIENTED_EDGE('',*,*,#1759,.T.);
#2385=ORIENTED_EDGE('',*,*,#1858,.F.);
#2386=ORIENTED_EDGE('',*,*,#1809,.T.);
#2387=ORIENTED_EDGE('',*,*,#1859,.F.);
#2388=ORIENTED_EDGE('',*,*,#1757,.T.);
#2389=ORIENTED_EDGE('',*,*,#1860,.T.);
#2390=ORIENTED_EDGE('',*,*,#1810,.T.);
#2391=ORIENTED_EDGE('',*,*,#1858,.T.);
#2392=ORIENTED_EDGE('',*,*,#1755,.T.);
#2393=ORIENTED_EDGE('',*,*,#1784,.F.);
#2394=ORIENTED_EDGE('',*,*,#1813,.T.);
#2395=ORIENTED_EDGE('',*,*,#1860,.F.);
#2396=ORIENTED_EDGE('',*,*,#1799,.T.);
#2397=ORIENTED_EDGE('',*,*,#1861,.F.);
#2398=ORIENTED_EDGE('',*,*,#1818,.T.);
#2399=ORIENTED_EDGE('',*,*,#1782,.F.);
#2400=ORIENTED_EDGE('',*,*,#1797,.T.);
#2401=ORIENTED_EDGE('',*,*,#1862,.T.);
#2402=ORIENTED_EDGE('',*,*,#1821,.T.);
#2403=ORIENTED_EDGE('',*,*,#1861,.T.);
#2404=ORIENTED_EDGE('',*,*,#1795,.T.);
#2405=ORIENTED_EDGE('',*,*,#1863,.F.);
#2406=ORIENTED_EDGE('',*,*,#1824,.T.);
#2407=ORIENTED_EDGE('',*,*,#1862,.F.);
#2408=ORIENTED_EDGE('',*,*,#1793,.T.);
#2409=ORIENTED_EDGE('',*,*,#1864,.T.);
#2410=ORIENTED_EDGE('',*,*,#1827,.T.);
#2411=ORIENTED_EDGE('',*,*,#1863,.T.);
#2412=ORIENTED_EDGE('',*,*,#1791,.T.);
#2413=ORIENTED_EDGE('',*,*,#1865,.F.);
#2414=ORIENTED_EDGE('',*,*,#1830,.T.);
#2415=ORIENTED_EDGE('',*,*,#1864,.F.);
#2416=ORIENTED_EDGE('',*,*,#1789,.T.);
#2417=ORIENTED_EDGE('',*,*,#1866,.T.);
#2418=ORIENTED_EDGE('',*,*,#1833,.T.);
#2419=ORIENTED_EDGE('',*,*,#1865,.T.);
#2420=ORIENTED_EDGE('',*,*,#1786,.T.);
#2421=ORIENTED_EDGE('',*,*,#1867,.F.);
#2422=ORIENTED_EDGE('',*,*,#1838,.T.);
#2423=ORIENTED_EDGE('',*,*,#1866,.F.);
#2424=ORIENTED_EDGE('',*,*,#1709,.T.);
#2425=ORIENTED_EDGE('',*,*,#1758,.T.);
#2426=ORIENTED_EDGE('',*,*,#1859,.T.);
#2427=ORIENTED_EDGE('',*,*,#1841,.T.);
#2428=ORIENTED_EDGE('',*,*,#1857,.T.);
#2429=ORIENTED_EDGE('',*,*,#1706,.T.);
#2430=ORIENTED_EDGE('',*,*,#1868,.T.);
#2431=ORIENTED_EDGE('',*,*,#1844,.T.);
#2432=ORIENTED_EDGE('',*,*,#1867,.T.);
#2433=ORIENTED_EDGE('',*,*,#1785,.T.);
#2434=ORIENTED_EDGE('',*,*,#1851,.T.);
#2435=ORIENTED_EDGE('',*,*,#1868,.F.);
#2436=ORIENTED_EDGE('',*,*,#1705,.F.);
#2437=ORIENTED_EDGE('',*,*,#1869,.F.);
#2438=ORIENTED_EDGE('',*,*,#1850,.T.);
#2439=ORIENTED_EDGE('',*,*,#1869,.T.);
#2440=ORIENTED_EDGE('',*,*,#1704,.T.);
#2441=ORIENTED_EDGE('',*,*,#1870,.F.);
#2442=ORIENTED_EDGE('',*,*,#1763,.F.);
#2443=ORIENTED_EDGE('',*,*,#1871,.T.);
#2444=ORIENTED_EDGE('',*,*,#1805,.T.);
#2445=ORIENTED_EDGE('',*,*,#1839,.T.);
#2446=ORIENTED_EDGE('',*,*,#1807,.T.);
#2447=ORIENTED_EDGE('',*,*,#1812,.T.);
#2448=ORIENTED_EDGE('',*,*,#1815,.T.);
#2449=ORIENTED_EDGE('',*,*,#1817,.T.);
#2450=ORIENTED_EDGE('',*,*,#1820,.T.);
#2451=ORIENTED_EDGE('',*,*,#1823,.T.);
#2452=ORIENTED_EDGE('',*,*,#1826,.T.);
#2453=ORIENTED_EDGE('',*,*,#1829,.T.);
#2454=ORIENTED_EDGE('',*,*,#1832,.T.);
#2455=ORIENTED_EDGE('',*,*,#1835,.T.);
#2456=ORIENTED_EDGE('',*,*,#1837,.T.);
#2457=ORIENTED_EDGE('',*,*,#1843,.T.);
#2458=ORIENTED_EDGE('',*,*,#1848,.T.);
#2459=ORIENTED_EDGE('',*,*,#1872,.T.);
#2460=ORIENTED_EDGE('',*,*,#1873,.T.);
#2461=ORIENTED_EDGE('',*,*,#1874,.T.);
#2462=ORIENTED_EDGE('',*,*,#1875,.T.);
#2463=ORIENTED_EDGE('',*,*,#1876,.T.);
#2464=ORIENTED_EDGE('',*,*,#1877,.F.);
#2465=ORIENTED_EDGE('',*,*,#1878,.F.);
#2466=ORIENTED_EDGE('',*,*,#1879,.F.);
#2467=ORIENTED_EDGE('',*,*,#1880,.F.);
#2468=ORIENTED_EDGE('',*,*,#1800,.T.);
#2469=ORIENTED_EDGE('',*,*,#1780,.T.);
#2470=ORIENTED_EDGE('',*,*,#1881,.F.);
#2471=ORIENTED_EDGE('',*,*,#1882,.T.);
#2472=ORIENTED_EDGE('',*,*,#1718,.T.);
#2473=ORIENTED_EDGE('',*,*,#1801,.T.);
#2474=ORIENTED_EDGE('',*,*,#1872,.F.);
#2475=ORIENTED_EDGE('',*,*,#1847,.T.);
#2476=ORIENTED_EDGE('',*,*,#1883,.F.);
#2477=ORIENTED_EDGE('',*,*,#1725,.T.);
#2478=ORIENTED_EDGE('',*,*,#1884,.T.);
#2479=ORIENTED_EDGE('',*,*,#1885,.F.);
#2480=ORIENTED_EDGE('',*,*,#1886,.F.);
#2481=ORIENTED_EDGE('',*,*,#1726,.T.);
#2482=ORIENTED_EDGE('',*,*,#1886,.T.);
#2483=ORIENTED_EDGE('',*,*,#1887,.F.);
#2484=ORIENTED_EDGE('',*,*,#1888,.T.);
#2485=ORIENTED_EDGE('',*,*,#1889,.T.);
#2486=ORIENTED_EDGE('',*,*,#1887,.T.);
#2487=ORIENTED_EDGE('',*,*,#1885,.T.);
#2488=ORIENTED_EDGE('',*,*,#1890,.T.);
#2489=ORIENTED_EDGE('',*,*,#1881,.T.);
#2490=ORIENTED_EDGE('',*,*,#1779,.T.);
#2491=ORIENTED_EDGE('',*,*,#1720,.T.);
#2492=ORIENTED_EDGE('',*,*,#1891,.T.);
#2493=ORIENTED_EDGE('',*,*,#1892,.F.);
#2494=ORIENTED_EDGE('',*,*,#1893,.F.);
#2495=ORIENTED_EDGE('',*,*,#1721,.T.);
#2496=ORIENTED_EDGE('',*,*,#1893,.T.);
#2497=ORIENTED_EDGE('',*,*,#1894,.F.);
#2498=ORIENTED_EDGE('',*,*,#1895,.T.);
#2499=ORIENTED_EDGE('',*,*,#1894,.T.);
#2500=ORIENTED_EDGE('',*,*,#1892,.T.);
#2501=ORIENTED_EDGE('',*,*,#1896,.T.);
#2502=ORIENTED_EDGE('',*,*,#1897,.T.);
#2503=ORIENTED_EDGE('',*,*,#1773,.T.);
#2504=ORIENTED_EDGE('',*,*,#1771,.T.);
#2505=ORIENTED_EDGE('',*,*,#1890,.F.);
#2506=ORIENTED_EDGE('',*,*,#1778,.T.);
#2507=ORIENTED_EDGE('',*,*,#1898,.T.);
#2508=ORIENTED_EDGE('',*,*,#1899,.F.);
#2509=ORIENTED_EDGE('',*,*,#1722,.T.);
#2510=ORIENTED_EDGE('',*,*,#1895,.F.);
#2511=ORIENTED_EDGE('',*,*,#1896,.F.);
#2512=ORIENTED_EDGE('',*,*,#1891,.F.);
#2513=ORIENTED_EDGE('',*,*,#1719,.T.);
#2514=ORIENTED_EDGE('',*,*,#1882,.F.);
#2515=ORIENTED_EDGE('',*,*,#1900,.F.);
#2516=ORIENTED_EDGE('',*,*,#1901,.F.);
#2517=ORIENTED_EDGE('',*,*,#1902,.T.);
#2518=ORIENTED_EDGE('',*,*,#1903,.F.);
#2519=ORIENTED_EDGE('',*,*,#1904,.F.);
#2520=ORIENTED_EDGE('',*,*,#1905,.F.);
#2521=ORIENTED_EDGE('',*,*,#1906,.F.);
#2522=ORIENTED_EDGE('',*,*,#1907,.F.);
#2523=ORIENTED_EDGE('',*,*,#1908,.F.);
#2524=ORIENTED_EDGE('',*,*,#1909,.F.);
#2525=ORIENTED_EDGE('',*,*,#1910,.F.);
#2526=ORIENTED_EDGE('',*,*,#1911,.F.);
#2527=ORIENTED_EDGE('',*,*,#1912,.F.);
#2528=ORIENTED_EDGE('',*,*,#1904,.T.);
#2529=ORIENTED_EDGE('',*,*,#1913,.F.);
#2530=ORIENTED_EDGE('',*,*,#1914,.F.);
#2531=ORIENTED_EDGE('',*,*,#1915,.F.);
#2532=ORIENTED_EDGE('',*,*,#1911,.T.);
#2533=ORIENTED_EDGE('',*,*,#1916,.T.);
#2534=ORIENTED_EDGE('',*,*,#1914,.T.);
#2535=ORIENTED_EDGE('',*,*,#1917,.F.);
#2536=ORIENTED_EDGE('',*,*,#1918,.F.);
#2537=ORIENTED_EDGE('',*,*,#1919,.F.);
#2538=ORIENTED_EDGE('',*,*,#1907,.T.);
#2539=ORIENTED_EDGE('',*,*,#1920,.F.);
#2540=ORIENTED_EDGE('',*,*,#1902,.F.);
#2541=ORIENTED_EDGE('',*,*,#1921,.F.);
#2542=ORIENTED_EDGE('',*,*,#1918,.T.);
#2543=ORIENTED_EDGE('',*,*,#1921,.T.);
#2544=ORIENTED_EDGE('',*,*,#1901,.T.);
#2545=ORIENTED_EDGE('',*,*,#1922,.F.);
#2546=ORIENTED_EDGE('',*,*,#1923,.F.);
#2547=ORIENTED_EDGE('',*,*,#1924,.T.);
#2548=ORIENTED_EDGE('',*,*,#1919,.T.);
#2549=ORIENTED_EDGE('',*,*,#1924,.F.);
#2550=ORIENTED_EDGE('',*,*,#1925,.F.);
#2551=ORIENTED_EDGE('',*,*,#1926,.T.);
#2552=ORIENTED_EDGE('',*,*,#1908,.T.);
#2553=ORIENTED_EDGE('',*,*,#1909,.T.);
#2554=ORIENTED_EDGE('',*,*,#1926,.F.);
#2555=ORIENTED_EDGE('',*,*,#1927,.F.);
#2556=ORIENTED_EDGE('',*,*,#1928,.T.);
#2557=ORIENTED_EDGE('',*,*,#1929,.T.);
#2558=ORIENTED_EDGE('',*,*,#1930,.T.);
#2559=ORIENTED_EDGE('',*,*,#1931,.T.);
#2560=ORIENTED_EDGE('',*,*,#1932,.T.);
#2561=ORIENTED_EDGE('',*,*,#1933,.T.);
#2562=ORIENTED_EDGE('',*,*,#1740,.T.);
#2563=ORIENTED_EDGE('',*,*,#1934,.T.);
#2564=ORIENTED_EDGE('',*,*,#1906,.T.);
#2565=ORIENTED_EDGE('',*,*,#1915,.T.);
#2566=ORIENTED_EDGE('',*,*,#1913,.T.);
#2567=ORIENTED_EDGE('',*,*,#1903,.T.);
#2568=ORIENTED_EDGE('',*,*,#1920,.T.);
#2569=ORIENTED_EDGE('',*,*,#1917,.T.);
#2570=ORIENTED_EDGE('',*,*,#1935,.F.);
#2571=ORIENTED_EDGE('',*,*,#1936,.F.);
#2572=ORIENTED_EDGE('',*,*,#1937,.F.);
#2573=ORIENTED_EDGE('',*,*,#1938,.F.);
#2574=ORIENTED_EDGE('',*,*,#1939,.F.);
#2575=ORIENTED_EDGE('',*,*,#1940,.F.);
#2576=ORIENTED_EDGE('',*,*,#1941,.F.);
#2577=ORIENTED_EDGE('',*,*,#1942,.F.);
#2578=ORIENTED_EDGE('',*,*,#1943,.F.);
#2579=ORIENTED_EDGE('',*,*,#1939,.T.);
#2580=ORIENTED_EDGE('',*,*,#1944,.F.);
#2581=ORIENTED_EDGE('',*,*,#1945,.F.);
#2582=ORIENTED_EDGE('',*,*,#1946,.F.);
#2583=ORIENTED_EDGE('',*,*,#1942,.T.);
#2584=ORIENTED_EDGE('',*,*,#1947,.F.);
#2585=ORIENTED_EDGE('',*,*,#1948,.T.);
#2586=ORIENTED_EDGE('',*,*,#1949,.F.);
#2587=ORIENTED_EDGE('',*,*,#1937,.T.);
#2588=ORIENTED_EDGE('',*,*,#1950,.F.);
#2589=ORIENTED_EDGE('',*,*,#1951,.F.);
#2590=ORIENTED_EDGE('',*,*,#1952,.F.);
#2591=ORIENTED_EDGE('',*,*,#1953,.F.);
#2592=ORIENTED_EDGE('',*,*,#1954,.F.);
#2593=ORIENTED_EDGE('',*,*,#1945,.T.);
#2594=ORIENTED_EDGE('',*,*,#1955,.F.);
#2595=ORIENTED_EDGE('',*,*,#1948,.F.);
#2596=ORIENTED_EDGE('',*,*,#1956,.F.);
#2597=ORIENTED_EDGE('',*,*,#1951,.T.);
#2598=ORIENTED_EDGE('',*,*,#1953,.T.);
#2599=ORIENTED_EDGE('',*,*,#1957,.F.);
#2600=ORIENTED_EDGE('',*,*,#1958,.F.);
#2601=ORIENTED_EDGE('',*,*,#1959,.T.);
#2602=ORIENTED_EDGE('',*,*,#1946,.T.);
#2603=ORIENTED_EDGE('',*,*,#1954,.T.);
#2604=ORIENTED_EDGE('',*,*,#1959,.F.);
#2605=ORIENTED_EDGE('',*,*,#1960,.F.);
#2606=ORIENTED_EDGE('',*,*,#1961,.T.);
#2607=ORIENTED_EDGE('',*,*,#1943,.T.);
#2608=ORIENTED_EDGE('',*,*,#1961,.F.);
#2609=ORIENTED_EDGE('',*,*,#1962,.F.);
#2610=ORIENTED_EDGE('',*,*,#1963,.T.);
#2611=ORIENTED_EDGE('',*,*,#1940,.T.);
#2612=ORIENTED_EDGE('',*,*,#1964,.F.);
#2613=ORIENTED_EDGE('',*,*,#1742,.T.);
#2614=ORIENTED_EDGE('',*,*,#1965,.T.);
#2615=ORIENTED_EDGE('',*,*,#1966,.T.);
#2616=ORIENTED_EDGE('',*,*,#1967,.T.);
#2617=ORIENTED_EDGE('',*,*,#1968,.T.);
#2618=ORIENTED_EDGE('',*,*,#1969,.T.);
#2619=ORIENTED_EDGE('',*,*,#1938,.T.);
#2620=ORIENTED_EDGE('',*,*,#1949,.T.);
#2621=ORIENTED_EDGE('',*,*,#1955,.T.);
#2622=ORIENTED_EDGE('',*,*,#1950,.T.);
#2623=ORIENTED_EDGE('',*,*,#1944,.T.);
#2624=ORIENTED_EDGE('',*,*,#1941,.T.);
#2625=ORIENTED_EDGE('',*,*,#1970,.F.);
#2626=ORIENTED_EDGE('',*,*,#1934,.F.);
#2627=ORIENTED_EDGE('',*,*,#1970,.T.);
#2628=ORIENTED_EDGE('',*,*,#1971,.F.);
#2629=ORIENTED_EDGE('',*,*,#1972,.F.);
#2630=ORIENTED_EDGE('',*,*,#1971,.T.);
#2631=ORIENTED_EDGE('',*,*,#1972,.T.);
#2632=ORIENTED_EDGE('',*,*,#1973,.T.);
#2633=ORIENTED_EDGE('',*,*,#1974,.T.);
#2634=ORIENTED_EDGE('',*,*,#1973,.F.);
#2635=ORIENTED_EDGE('',*,*,#1975,.F.);
#2636=ORIENTED_EDGE('',*,*,#1969,.F.);
#2637=ORIENTED_EDGE('',*,*,#1975,.T.);
#2638=ORIENTED_EDGE('',*,*,#1976,.F.);
#2639=ORIENTED_EDGE('',*,*,#1976,.T.);
#2640=ORIENTED_EDGE('',*,*,#1977,.T.);
#2641=ORIENTED_EDGE('',*,*,#1978,.T.);
#2642=ORIENTED_EDGE('',*,*,#1977,.F.);
#2643=ORIENTED_EDGE('',*,*,#1979,.F.);
#2644=ORIENTED_EDGE('',*,*,#1980,.F.);
#2645=ORIENTED_EDGE('',*,*,#1694,.F.);
#2646=ORIENTED_EDGE('',*,*,#1981,.F.);
#2647=ORIENTED_EDGE('',*,*,#1982,.F.);
#2648=ORIENTED_EDGE('',*,*,#1982,.T.);
#2649=ORIENTED_EDGE('',*,*,#1983,.T.);
#2650=ORIENTED_EDGE('',*,*,#1984,.T.);
#2651=ORIENTED_EDGE('',*,*,#1985,.F.);
#2652=ORIENTED_EDGE('',*,*,#1979,.T.);
#2653=ORIENTED_EDGE('',*,*,#1985,.T.);
#2654=ORIENTED_EDGE('',*,*,#1986,.T.);
#2655=ORIENTED_EDGE('',*,*,#1987,.T.);
#2656=ORIENTED_EDGE('',*,*,#1988,.T.);
#2657=ORIENTED_EDGE('',*,*,#1989,.T.);
#2658=ORIENTED_EDGE('',*,*,#1990,.F.);
#2659=ORIENTED_EDGE('',*,*,#1980,.T.);
#2660=ORIENTED_EDGE('',*,*,#1989,.F.);
#2661=ORIENTED_EDGE('',*,*,#1991,.F.);
#2662=ORIENTED_EDGE('',*,*,#1695,.F.);
#2663=ORIENTED_EDGE('',*,*,#1992,.T.);
#2664=ORIENTED_EDGE('',*,*,#1993,.T.);
#2665=ORIENTED_EDGE('',*,*,#1994,.F.);
#2666=ORIENTED_EDGE('',*,*,#1995,.F.);
#2667=ORIENTED_EDGE('',*,*,#1996,.F.);
#2668=ORIENTED_EDGE('',*,*,#1997,.F.);
#2669=ORIENTED_EDGE('',*,*,#1996,.T.);
#2670=ORIENTED_EDGE('',*,*,#1998,.T.);
#2671=ORIENTED_EDGE('',*,*,#1999,.T.);
#2672=ORIENTED_EDGE('',*,*,#2000,.T.);
#2673=ORIENTED_EDGE('',*,*,#2001,.T.);
#2674=ORIENTED_EDGE('',*,*,#2002,.T.);
#2675=ORIENTED_EDGE('',*,*,#2003,.F.);
#2676=ORIENTED_EDGE('',*,*,#1997,.T.);
#2677=ORIENTED_EDGE('',*,*,#2002,.F.);
#2678=ORIENTED_EDGE('',*,*,#2004,.T.);
#2679=ORIENTED_EDGE('',*,*,#2005,.T.);
#2680=ORIENTED_EDGE('',*,*,#2001,.F.);
#2681=ORIENTED_EDGE('',*,*,#2006,.F.);
#2682=ORIENTED_EDGE('',*,*,#1930,.F.);
#2683=ORIENTED_EDGE('',*,*,#2007,.F.);
#2684=ORIENTED_EDGE('',*,*,#2004,.F.);
#2685=ORIENTED_EDGE('',*,*,#2006,.T.);
#2686=ORIENTED_EDGE('',*,*,#2000,.F.);
#2687=ORIENTED_EDGE('',*,*,#2008,.F.);
#2688=ORIENTED_EDGE('',*,*,#1931,.F.);
#2689=ORIENTED_EDGE('',*,*,#2009,.F.);
#2690=ORIENTED_EDGE('',*,*,#1986,.F.);
#2691=ORIENTED_EDGE('',*,*,#1984,.F.);
#2692=ORIENTED_EDGE('',*,*,#2010,.F.);
#2693=ORIENTED_EDGE('',*,*,#1968,.F.);
#2694=ORIENTED_EDGE('',*,*,#2009,.T.);
#2695=ORIENTED_EDGE('',*,*,#1967,.F.);
#2696=ORIENTED_EDGE('',*,*,#2011,.F.);
#2697=ORIENTED_EDGE('',*,*,#1987,.F.);
#2698=ORIENTED_EDGE('',*,*,#2012,.T.);
#2699=ORIENTED_EDGE('',*,*,#2013,.T.);
#2700=ORIENTED_EDGE('',*,*,#2014,.T.);
#2701=ORIENTED_EDGE('',*,*,#1735,.F.);
#2702=ORIENTED_EDGE('',*,*,#2015,.F.);
#2703=ORIENTED_EDGE('',*,*,#2014,.F.);
#2704=ORIENTED_EDGE('',*,*,#2016,.F.);
#2705=ORIENTED_EDGE('',*,*,#2017,.T.);
#2706=ORIENTED_EDGE('',*,*,#2018,.T.);
#2707=ORIENTED_EDGE('',*,*,#2019,.T.);
#2708=ORIENTED_EDGE('',*,*,#2012,.F.);
#2709=ORIENTED_EDGE('',*,*,#2020,.F.);
#2710=ORIENTED_EDGE('',*,*,#2018,.F.);
#2711=ORIENTED_EDGE('',*,*,#2021,.F.);
#2712=ORIENTED_EDGE('',*,*,#2022,.T.);
#2713=ORIENTED_EDGE('',*,*,#2023,.T.);
#2714=ORIENTED_EDGE('',*,*,#2024,.T.);
#2715=ORIENTED_EDGE('',*,*,#1995,.T.);
#2716=ORIENTED_EDGE('',*,*,#2025,.F.);
#2717=ORIENTED_EDGE('',*,*,#2024,.F.);
#2718=ORIENTED_EDGE('',*,*,#1998,.F.);
#2719=ORIENTED_EDGE('',*,*,#2026,.T.);
#2720=ORIENTED_EDGE('',*,*,#2027,.T.);
#2721=ORIENTED_EDGE('',*,*,#2008,.T.);
#2722=ORIENTED_EDGE('',*,*,#2017,.F.);
#2723=ORIENTED_EDGE('',*,*,#1932,.F.);
#2724=ORIENTED_EDGE('',*,*,#2027,.F.);
#2725=ORIENTED_EDGE('',*,*,#2028,.F.);
#2726=ORIENTED_EDGE('',*,*,#2026,.F.);
#2727=ORIENTED_EDGE('',*,*,#1999,.F.);
#2728=ORIENTED_EDGE('',*,*,#2023,.F.);
#2729=ORIENTED_EDGE('',*,*,#2029,.F.);
#2730=ORIENTED_EDGE('',*,*,#2022,.F.);
#2731=ORIENTED_EDGE('',*,*,#2030,.F.);
#2732=ORIENTED_EDGE('',*,*,#2013,.F.);
#2733=ORIENTED_EDGE('',*,*,#2031,.F.);
#2734=ORIENTED_EDGE('',*,*,#2015,.T.);
#2735=ORIENTED_EDGE('',*,*,#1734,.T.);
#2736=ORIENTED_EDGE('',*,*,#2032,.T.);
#2737=ORIENTED_EDGE('',*,*,#2020,.T.);
#2738=ORIENTED_EDGE('',*,*,#2033,.F.);
#2739=ORIENTED_EDGE('',*,*,#2021,.T.);
#2740=ORIENTED_EDGE('',*,*,#2028,.T.);
#2741=ORIENTED_EDGE('',*,*,#2029,.T.);
#2742=ORIENTED_EDGE('',*,*,#2031,.T.);
#2743=ORIENTED_EDGE('',*,*,#1974,.F.);
#2744=ORIENTED_EDGE('',*,*,#2034,.T.);
#2745=ORIENTED_EDGE('',*,*,#2034,.F.);
#2746=ORIENTED_EDGE('',*,*,#2035,.T.);
#2747=ORIENTED_EDGE('',*,*,#2033,.T.);
#2748=ORIENTED_EDGE('',*,*,#2035,.F.);
#2749=ORIENTED_EDGE('',*,*,#1900,.T.);
#2750=ORIENTED_EDGE('',*,*,#2036,.F.);
#2751=ORIENTED_EDGE('',*,*,#2037,.F.);
#2752=ORIENTED_EDGE('',*,*,#1922,.T.);
#2753=ORIENTED_EDGE('',*,*,#1912,.T.);
#2754=ORIENTED_EDGE('',*,*,#2038,.F.);
#2755=ORIENTED_EDGE('',*,*,#2039,.F.);
#2756=ORIENTED_EDGE('',*,*,#2036,.T.);
#2757=ORIENTED_EDGE('',*,*,#1905,.T.);
#2758=ORIENTED_EDGE('',*,*,#1916,.F.);
#2759=ORIENTED_EDGE('',*,*,#1910,.T.);
#2760=ORIENTED_EDGE('',*,*,#1928,.F.);
#2761=ORIENTED_EDGE('',*,*,#2040,.F.);
#2762=ORIENTED_EDGE('',*,*,#2038,.T.);
#2763=ORIENTED_EDGE('',*,*,#2040,.T.);
#2764=ORIENTED_EDGE('',*,*,#1927,.T.);
#2765=ORIENTED_EDGE('',*,*,#1925,.T.);
#2766=ORIENTED_EDGE('',*,*,#1923,.T.);
#2767=ORIENTED_EDGE('',*,*,#2037,.T.);
#2768=ORIENTED_EDGE('',*,*,#2039,.T.);
#2769=ORIENTED_EDGE('',*,*,#2041,.T.);
#2770=ORIENTED_EDGE('',*,*,#2041,.F.);
#2771=ORIENTED_EDGE('',*,*,#2042,.T.);
#2772=ORIENTED_EDGE('',*,*,#2003,.T.);
#2773=ORIENTED_EDGE('',*,*,#2042,.F.);
#2774=ORIENTED_EDGE('',*,*,#2043,.F.);
#2775=ORIENTED_EDGE('',*,*,#2044,.T.);
#2776=ORIENTED_EDGE('',*,*,#1736,.T.);
#2777=ORIENTED_EDGE('',*,*,#2016,.T.);
#2778=ORIENTED_EDGE('',*,*,#2030,.T.);
#2779=ORIENTED_EDGE('',*,*,#2025,.T.);
#2780=ORIENTED_EDGE('',*,*,#1994,.T.);
#2781=ORIENTED_EDGE('',*,*,#2045,.T.);
#2782=ORIENTED_EDGE('',*,*,#1737,.T.);
#2783=ORIENTED_EDGE('',*,*,#2044,.F.);
#2784=ORIENTED_EDGE('',*,*,#1933,.F.);
#2785=ORIENTED_EDGE('',*,*,#2019,.F.);
#2786=ORIENTED_EDGE('',*,*,#2032,.F.);
#2787=ORIENTED_EDGE('',*,*,#1741,.F.);
#2788=ORIENTED_EDGE('',*,*,#2046,.T.);
#2789=ORIENTED_EDGE('',*,*,#2047,.T.);
#2790=ORIENTED_EDGE('',*,*,#2048,.T.);
#2791=ORIENTED_EDGE('',*,*,#1991,.T.);
#2792=ORIENTED_EDGE('',*,*,#2049,.T.);
#2793=ORIENTED_EDGE('',*,*,#2050,.T.);
#2794=ORIENTED_EDGE('',*,*,#2047,.F.);
#2795=ORIENTED_EDGE('',*,*,#1697,.F.);
#2796=ORIENTED_EDGE('',*,*,#1696,.F.);
#2797=ORIENTED_EDGE('',*,*,#2050,.F.);
#2798=ORIENTED_EDGE('',*,*,#2051,.F.);
#2799=ORIENTED_EDGE('',*,*,#2052,.T.);
#2800=ORIENTED_EDGE('',*,*,#2053,.T.);
#2801=ORIENTED_EDGE('',*,*,#2054,.T.);
#2802=ORIENTED_EDGE('',*,*,#2055,.T.);
#2803=ORIENTED_EDGE('',*,*,#2011,.T.);
#2804=ORIENTED_EDGE('',*,*,#2056,.T.);
#2805=ORIENTED_EDGE('',*,*,#2054,.F.);
#2806=ORIENTED_EDGE('',*,*,#2057,.F.);
#2807=ORIENTED_EDGE('',*,*,#2056,.F.);
#2808=ORIENTED_EDGE('',*,*,#1966,.F.);
#2809=ORIENTED_EDGE('',*,*,#2049,.F.);
#2810=ORIENTED_EDGE('',*,*,#1988,.F.);
#2811=ORIENTED_EDGE('',*,*,#2055,.F.);
#2812=ORIENTED_EDGE('',*,*,#2058,.F.);
#2813=ORIENTED_EDGE('',*,*,#2048,.F.);
#2814=ORIENTED_EDGE('',*,*,#2059,.F.);
#2815=ORIENTED_EDGE('',*,*,#2053,.F.);
#2816=ORIENTED_EDGE('',*,*,#2060,.F.);
#2817=ORIENTED_EDGE('',*,*,#1746,.F.);
#2818=ORIENTED_EDGE('',*,*,#2061,.F.);
#2819=ORIENTED_EDGE('',*,*,#2052,.F.);
#2820=ORIENTED_EDGE('',*,*,#1965,.F.);
#2821=ORIENTED_EDGE('',*,*,#1744,.F.);
#2822=ORIENTED_EDGE('',*,*,#1698,.F.);
#2823=ORIENTED_EDGE('',*,*,#2046,.F.);
#2824=ORIENTED_EDGE('',*,*,#2062,.F.);
#2825=ORIENTED_EDGE('',*,*,#2061,.T.);
#2826=ORIENTED_EDGE('',*,*,#1745,.T.);
#2827=ORIENTED_EDGE('',*,*,#2062,.T.);
#2828=ORIENTED_EDGE('',*,*,#2060,.T.);
#2829=ORIENTED_EDGE('',*,*,#2063,.F.);
#2830=ORIENTED_EDGE('',*,*,#2057,.T.);
#2831=ORIENTED_EDGE('',*,*,#2059,.T.);
#2832=ORIENTED_EDGE('',*,*,#2051,.T.);
#2833=ORIENTED_EDGE('',*,*,#2058,.T.);
#2834=ORIENTED_EDGE('',*,*,#2005,.F.);
#2835=ORIENTED_EDGE('',*,*,#2007,.T.);
#2836=ORIENTED_EDGE('',*,*,#1929,.F.);
#2837=ORIENTED_EDGE('',*,*,#1739,.T.);
#2838=ORIENTED_EDGE('',*,*,#2064,.T.);
#2839=ORIENTED_EDGE('',*,*,#1992,.F.);
#2840=ORIENTED_EDGE('',*,*,#2045,.F.);
#2841=ORIENTED_EDGE('',*,*,#1993,.F.);
#2842=ORIENTED_EDGE('',*,*,#2064,.F.);
#2843=ORIENTED_EDGE('',*,*,#1738,.T.);
#2844=ORIENTED_EDGE('',*,*,#1978,.F.);
#2845=ORIENTED_EDGE('',*,*,#2065,.T.);
#2846=ORIENTED_EDGE('',*,*,#2065,.F.);
#2847=ORIENTED_EDGE('',*,*,#2066,.T.);
#2848=ORIENTED_EDGE('',*,*,#2063,.T.);
#2849=ORIENTED_EDGE('',*,*,#2066,.F.);
#2850=ORIENTED_EDGE('',*,*,#1956,.T.);
#2851=ORIENTED_EDGE('',*,*,#2067,.F.);
#2852=ORIENTED_EDGE('',*,*,#2068,.F.);
#2853=ORIENTED_EDGE('',*,*,#1957,.T.);
#2854=ORIENTED_EDGE('',*,*,#1952,.T.);
#2855=ORIENTED_EDGE('',*,*,#1947,.T.);
#2856=ORIENTED_EDGE('',*,*,#1936,.T.);
#2857=ORIENTED_EDGE('',*,*,#2069,.F.);
#2858=ORIENTED_EDGE('',*,*,#2070,.F.);
#2859=ORIENTED_EDGE('',*,*,#2067,.T.);
#2860=ORIENTED_EDGE('',*,*,#1935,.T.);
#2861=ORIENTED_EDGE('',*,*,#1963,.F.);
#2862=ORIENTED_EDGE('',*,*,#2071,.F.);
#2863=ORIENTED_EDGE('',*,*,#2069,.T.);
#2864=ORIENTED_EDGE('',*,*,#2070,.T.);
#2865=ORIENTED_EDGE('',*,*,#2071,.T.);
#2866=ORIENTED_EDGE('',*,*,#1962,.T.);
#2867=ORIENTED_EDGE('',*,*,#1960,.T.);
#2868=ORIENTED_EDGE('',*,*,#1958,.T.);
#2869=ORIENTED_EDGE('',*,*,#2068,.T.);
#2870=ORIENTED_EDGE('',*,*,#2072,.T.);
#2871=ORIENTED_EDGE('',*,*,#2072,.F.);
#2872=ORIENTED_EDGE('',*,*,#2073,.T.);
#2873=ORIENTED_EDGE('',*,*,#1990,.T.);
#2874=ORIENTED_EDGE('',*,*,#2073,.F.);
#2875=ORIENTED_EDGE('',*,*,#1983,.F.);
#2876=ORIENTED_EDGE('',*,*,#1981,.T.);
#2877=ORIENTED_EDGE('',*,*,#1702,.F.);
#2878=ORIENTED_EDGE('',*,*,#1743,.T.);
#2879=ORIENTED_EDGE('',*,*,#1964,.T.);
#2880=ORIENTED_EDGE('',*,*,#2010,.T.);
#2881=ORIENTED_EDGE('',*,*,#1703,.T.);
#2882=ORIENTED_EDGE('',*,*,#1855,.F.);
#2883=ORIENTED_EDGE('',*,*,#1760,.T.);
#2884=ORIENTED_EDGE('',*,*,#1870,.T.);
#2885=ORIENTED_EDGE('',*,*,#2074,.F.);
#2886=ORIENTED_EDGE('',*,*,#2075,.F.);
#2887=ORIENTED_EDGE('',*,*,#2076,.T.);
#2888=ORIENTED_EDGE('',*,*,#1723,.T.);
#2889=ORIENTED_EDGE('',*,*,#1899,.T.);
#2890=ORIENTED_EDGE('',*,*,#2077,.F.);
#2891=ORIENTED_EDGE('',*,*,#2078,.F.);
#2892=ORIENTED_EDGE('',*,*,#2079,.T.);
#2893=ORIENTED_EDGE('',*,*,#2080,.F.);
#2894=ORIENTED_EDGE('',*,*,#2079,.F.);
#2895=ORIENTED_EDGE('',*,*,#2081,.F.);
#2896=ORIENTED_EDGE('',*,*,#2082,.T.);
#2897=ORIENTED_EDGE('',*,*,#2078,.T.);
#2898=ORIENTED_EDGE('',*,*,#2082,.F.);
#2899=ORIENTED_EDGE('',*,*,#2083,.T.);
#2900=ORIENTED_EDGE('',*,*,#2080,.T.);
#2901=ORIENTED_EDGE('',*,*,#2081,.T.);
#2902=ORIENTED_EDGE('',*,*,#2084,.F.);
#2903=ORIENTED_EDGE('',*,*,#2085,.F.);
#2904=ORIENTED_EDGE('',*,*,#2086,.T.);
#2905=ORIENTED_EDGE('',*,*,#1769,.F.);
#2906=ORIENTED_EDGE('',*,*,#2086,.F.);
#2907=ORIENTED_EDGE('',*,*,#2084,.T.);
#2908=ORIENTED_EDGE('',*,*,#2085,.T.);
#2909=ORIENTED_EDGE('',*,*,#2087,.T.);
#2910=ORIENTED_EDGE('',*,*,#2088,.T.);
#2911=ORIENTED_EDGE('',*,*,#2087,.F.);
#2912=ORIENTED_EDGE('',*,*,#2089,.F.);
#2913=ORIENTED_EDGE('',*,*,#2090,.F.);
#2914=ORIENTED_EDGE('',*,*,#2091,.T.);
#2915=ORIENTED_EDGE('',*,*,#1764,.F.);
#2916=ORIENTED_EDGE('',*,*,#2091,.F.);
#2917=ORIENTED_EDGE('',*,*,#2089,.T.);
#2918=ORIENTED_EDGE('',*,*,#2090,.T.);
#2919=ORIENTED_EDGE('',*,*,#2092,.T.);
#2920=ORIENTED_EDGE('',*,*,#2093,.T.);
#2921=ORIENTED_EDGE('',*,*,#2092,.F.);
#2922=ORIENTED_EDGE('',*,*,#2094,.F.);
#2923=ORIENTED_EDGE('',*,*,#2095,.F.);
#2924=ORIENTED_EDGE('',*,*,#2096,.T.);
#2925=ORIENTED_EDGE('',*,*,#1768,.F.);
#2926=ORIENTED_EDGE('',*,*,#2096,.F.);
#2927=ORIENTED_EDGE('',*,*,#2097,.F.);
#2928=ORIENTED_EDGE('',*,*,#2098,.T.);
#2929=ORIENTED_EDGE('',*,*,#2094,.T.);
#2930=ORIENTED_EDGE('',*,*,#2095,.T.);
#2931=ORIENTED_EDGE('',*,*,#2098,.F.);
#2932=ORIENTED_EDGE('',*,*,#2099,.F.);
#2933=ORIENTED_EDGE('',*,*,#2100,.F.);
#2934=ORIENTED_EDGE('',*,*,#2101,.T.);
#2935=ORIENTED_EDGE('',*,*,#1765,.F.);
#2936=ORIENTED_EDGE('',*,*,#2101,.F.);
#2937=ORIENTED_EDGE('',*,*,#2102,.F.);
#2938=ORIENTED_EDGE('',*,*,#2103,.T.);
#2939=ORIENTED_EDGE('',*,*,#2099,.T.);
#2940=ORIENTED_EDGE('',*,*,#2100,.T.);
#2941=ORIENTED_EDGE('',*,*,#2103,.F.);
#2942=ORIENTED_EDGE('',*,*,#2104,.F.);
#2943=ORIENTED_EDGE('',*,*,#2105,.T.);
#2944=ORIENTED_EDGE('',*,*,#2106,.F.);
#2945=ORIENTED_EDGE('',*,*,#2105,.F.);
#2946=ORIENTED_EDGE('',*,*,#1883,.T.);
#2947=ORIENTED_EDGE('',*,*,#2107,.T.);
#2948=ORIENTED_EDGE('',*,*,#2108,.T.);
#2949=ORIENTED_EDGE('',*,*,#1852,.T.);
#2950=ORIENTED_EDGE('',*,*,#2109,.T.);
#2951=ORIENTED_EDGE('',*,*,#2106,.T.);
#2952=ORIENTED_EDGE('',*,*,#2110,.T.);
#2953=ORIENTED_EDGE('',*,*,#2111,.T.);
#2954=ORIENTED_EDGE('',*,*,#2104,.T.);
#2955=ORIENTED_EDGE('',*,*,#2111,.F.);
#2956=ORIENTED_EDGE('',*,*,#2112,.F.);
#2957=ORIENTED_EDGE('',*,*,#2113,.T.);
#2958=ORIENTED_EDGE('',*,*,#2109,.F.);
#2959=ORIENTED_EDGE('',*,*,#2113,.F.);
#2960=ORIENTED_EDGE('',*,*,#2114,.T.);
#2961=ORIENTED_EDGE('',*,*,#2115,.T.);
#2962=ORIENTED_EDGE('',*,*,#2112,.T.);
#2963=ORIENTED_EDGE('',*,*,#2115,.F.);
#2964=ORIENTED_EDGE('',*,*,#2116,.F.);
#2965=ORIENTED_EDGE('',*,*,#2117,.F.);
#2966=ORIENTED_EDGE('',*,*,#2118,.T.);
#2967=ORIENTED_EDGE('',*,*,#1733,.F.);
#2968=ORIENTED_EDGE('',*,*,#2118,.F.);
#2969=ORIENTED_EDGE('',*,*,#2083,.F.);
#2970=ORIENTED_EDGE('',*,*,#2119,.T.);
#2971=ORIENTED_EDGE('',*,*,#2116,.T.);
#2972=ORIENTED_EDGE('',*,*,#2117,.T.);
#2973=ORIENTED_EDGE('',*,*,#2119,.F.);
#2974=ORIENTED_EDGE('',*,*,#2120,.F.);
#2975=ORIENTED_EDGE('',*,*,#2121,.F.);
#2976=ORIENTED_EDGE('',*,*,#2122,.F.);
#2977=ORIENTED_EDGE('',*,*,#1747,.F.);
#2978=ORIENTED_EDGE('',*,*,#2120,.T.);
#2979=ORIENTED_EDGE('',*,*,#1750,.F.);
#2980=ORIENTED_EDGE('',*,*,#2123,.F.);
#2981=ORIENTED_EDGE('',*,*,#2124,.F.);
#2982=ORIENTED_EDGE('',*,*,#2125,.F.);
#2983=ORIENTED_EDGE('',*,*,#2126,.F.);
#2984=ORIENTED_EDGE('',*,*,#2123,.T.);
#2985=ORIENTED_EDGE('',*,*,#1749,.F.);
#2986=ORIENTED_EDGE('',*,*,#2125,.T.);
#2987=ORIENTED_EDGE('',*,*,#1748,.F.);
#2988=ORIENTED_EDGE('',*,*,#2122,.T.);
#2989=ORIENTED_EDGE('',*,*,#2127,.F.);
#2990=ORIENTED_EDGE('',*,*,#2124,.T.);
#2991=ORIENTED_EDGE('',*,*,#2128,.F.);
#2992=ORIENTED_EDGE('',*,*,#2129,.T.);
#2993=ORIENTED_EDGE('',*,*,#2130,.F.);
#2994=ORIENTED_EDGE('',*,*,#2121,.T.);
#2995=ORIENTED_EDGE('',*,*,#2130,.T.);
#2996=ORIENTED_EDGE('',*,*,#2131,.T.);
#2997=ORIENTED_EDGE('',*,*,#2132,.T.);
#2998=ORIENTED_EDGE('',*,*,#1888,.F.);
#2999=ORIENTED_EDGE('',*,*,#1889,.F.);
#3000=ORIENTED_EDGE('',*,*,#1884,.F.);
#3001=ORIENTED_EDGE('',*,*,#1724,.T.);
#3002=ORIENTED_EDGE('',*,*,#2076,.F.);
#3003=ORIENTED_EDGE('',*,*,#2133,.T.);
#3004=ORIENTED_EDGE('',*,*,#1774,.T.);
#3005=ORIENTED_EDGE('',*,*,#1897,.F.);
#3006=ORIENTED_EDGE('',*,*,#1770,.F.);
#3007=ORIENTED_EDGE('',*,*,#1727,.T.);
#3008=ORIENTED_EDGE('',*,*,#2134,.F.);
#3009=ORIENTED_EDGE('',*,*,#1873,.F.);
#3010=ORIENTED_EDGE('',*,*,#2135,.F.);
#3011=ORIENTED_EDGE('',*,*,#2136,.F.);
#3012=ORIENTED_EDGE('',*,*,#2134,.T.);
#3013=ORIENTED_EDGE('',*,*,#2131,.F.);
#3014=ORIENTED_EDGE('',*,*,#2137,.F.);
#3015=ORIENTED_EDGE('',*,*,#1874,.F.);
#3016=ORIENTED_EDGE('',*,*,#2138,.F.);
#3017=ORIENTED_EDGE('',*,*,#1875,.F.);
#3018=ORIENTED_EDGE('',*,*,#2137,.T.);
#3019=ORIENTED_EDGE('',*,*,#2129,.F.);
#3020=ORIENTED_EDGE('',*,*,#2138,.T.);
#3021=ORIENTED_EDGE('',*,*,#2139,.F.);
#3022=ORIENTED_EDGE('',*,*,#2135,.T.);
#3023=ORIENTED_EDGE('',*,*,#1876,.F.);
#3024=ORIENTED_EDGE('',*,*,#2126,.T.);
#3025=ORIENTED_EDGE('',*,*,#2140,.T.);
#3026=ORIENTED_EDGE('',*,*,#2139,.T.);
#3027=ORIENTED_EDGE('',*,*,#2128,.T.);
#3028=ORIENTED_EDGE('',*,*,#2127,.T.);
#3029=ORIENTED_EDGE('',*,*,#2132,.F.);
#3030=ORIENTED_EDGE('',*,*,#2136,.T.);
#3031=ORIENTED_EDGE('',*,*,#2140,.F.);
#3032=ORIENTED_EDGE('',*,*,#1762,.F.);
#3033=ORIENTED_EDGE('',*,*,#1853,.F.);
#3034=ORIENTED_EDGE('',*,*,#2108,.F.);
#3035=ORIENTED_EDGE('',*,*,#2141,.F.);
#3036=ORIENTED_EDGE('',*,*,#1846,.T.);
#3037=ORIENTED_EDGE('',*,*,#1871,.F.);
#3038=ORIENTED_EDGE('',*,*,#2141,.T.);
#3039=ORIENTED_EDGE('',*,*,#2107,.F.);
#3040=ORIENTED_EDGE('',*,*,#2110,.F.);
#3041=ORIENTED_EDGE('',*,*,#2142,.T.);
#3042=ORIENTED_EDGE('',*,*,#2143,.T.);
#3043=ORIENTED_EDGE('',*,*,#2142,.F.);
#3044=ORIENTED_EDGE('',*,*,#2114,.F.);
#3045=ORIENTED_EDGE('',*,*,#2144,.T.);
#3046=ORIENTED_EDGE('',*,*,#2145,.T.);
#3047=ORIENTED_EDGE('',*,*,#2144,.F.);
#3048=ORIENTED_EDGE('',*,*,#2146,.F.);
#3049=ORIENTED_EDGE('',*,*,#2147,.T.);
#3050=ORIENTED_EDGE('',*,*,#2145,.F.);
#3051=ORIENTED_EDGE('',*,*,#2147,.F.);
#3052=ORIENTED_EDGE('',*,*,#2146,.T.);
#3053=ORIENTED_EDGE('',*,*,#2148,.F.);
#3054=ORIENTED_EDGE('',*,*,#2149,.T.);
#3055=ORIENTED_EDGE('',*,*,#2143,.F.);
#3056=ORIENTED_EDGE('',*,*,#2149,.F.);
#3057=ORIENTED_EDGE('',*,*,#2148,.T.);
#3058=ORIENTED_EDGE('',*,*,#2102,.T.);
#3059=ORIENTED_EDGE('',*,*,#2150,.T.);
#3060=ORIENTED_EDGE('',*,*,#1880,.T.);
#3061=ORIENTED_EDGE('',*,*,#2150,.F.);
#3062=ORIENTED_EDGE('',*,*,#2097,.T.);
#3063=ORIENTED_EDGE('',*,*,#2151,.T.);
#3064=ORIENTED_EDGE('',*,*,#1879,.T.);
#3065=ORIENTED_EDGE('',*,*,#2151,.F.);
#3066=ORIENTED_EDGE('',*,*,#2152,.F.);
#3067=ORIENTED_EDGE('',*,*,#2153,.T.);
#3068=ORIENTED_EDGE('',*,*,#2154,.F.);
#3069=ORIENTED_EDGE('',*,*,#2153,.F.);
#3070=ORIENTED_EDGE('',*,*,#2152,.T.);
#3071=ORIENTED_EDGE('',*,*,#2155,.T.);
#3072=ORIENTED_EDGE('',*,*,#1766,.T.);
#3073=ORIENTED_EDGE('',*,*,#2155,.F.);
#3074=ORIENTED_EDGE('',*,*,#2154,.T.);
#3075=ORIENTED_EDGE('',*,*,#2088,.F.);
#3076=ORIENTED_EDGE('',*,*,#2156,.T.);
#3077=ORIENTED_EDGE('',*,*,#1878,.T.);
#3078=ORIENTED_EDGE('',*,*,#2156,.F.);
#3079=ORIENTED_EDGE('',*,*,#2093,.F.);
#3080=ORIENTED_EDGE('',*,*,#2157,.T.);
#3081=ORIENTED_EDGE('',*,*,#1877,.T.);
#3082=ORIENTED_EDGE('',*,*,#2157,.F.);
#3083=ORIENTED_EDGE('',*,*,#2158,.F.);
#3084=ORIENTED_EDGE('',*,*,#2159,.T.);
#3085=ORIENTED_EDGE('',*,*,#2160,.F.);
#3086=ORIENTED_EDGE('',*,*,#2159,.F.);
#3087=ORIENTED_EDGE('',*,*,#1767,.T.);
#3088=ORIENTED_EDGE('',*,*,#2161,.T.);
#3089=ORIENTED_EDGE('',*,*,#2158,.T.);
#3090=ORIENTED_EDGE('',*,*,#2161,.F.);
#3091=ORIENTED_EDGE('',*,*,#2160,.T.);
#3092=ORIENTED_EDGE('',*,*,#2077,.T.);
#3093=ORIENTED_EDGE('',*,*,#1898,.F.);
#3094=ORIENTED_EDGE('',*,*,#1777,.F.);
#3095=ORIENTED_EDGE('',*,*,#2162,.F.);
#3096=ORIENTED_EDGE('',*,*,#2075,.T.);
#3097=ORIENTED_EDGE('',*,*,#2163,.F.);
#3098=ORIENTED_EDGE('',*,*,#1775,.F.);
#3099=ORIENTED_EDGE('',*,*,#2133,.F.);
#3100=ORIENTED_EDGE('',*,*,#2074,.T.);
#3101=ORIENTED_EDGE('',*,*,#2162,.T.);
#3102=ORIENTED_EDGE('',*,*,#1776,.T.);
#3103=ORIENTED_EDGE('',*,*,#2163,.T.);
#3104=ORIENTED_EDGE('',*,*,#1701,.T.);
#3105=ORIENTED_EDGE('',*,*,#2043,.T.);
#3106=CYLINDRICAL_SURFACE('',#3355,6.1);
#3107=CYLINDRICAL_SURFACE('',#3358,6.1);
#3108=CYLINDRICAL_SURFACE('',#3441,1.);
#3109=CYLINDRICAL_SURFACE('',#3442,5.);
#3110=CYLINDRICAL_SURFACE('',#3444,2.);
#3111=CYLINDRICAL_SURFACE('',#3445,2.);
#3112=CYLINDRICAL_SURFACE('',#3447,5.);
#3113=CYLINDRICAL_SURFACE('',#3449,5.);
#3114=CYLINDRICAL_SURFACE('',#3451,5.);
#3115=CYLINDRICAL_SURFACE('',#3453,1.);
#3116=CYLINDRICAL_SURFACE('',#3486,15.);
#3117=CYLINDRICAL_SURFACE('',#3502,15.);
#3118=CYLINDRICAL_SURFACE('',#3505,2.95);
#3119=CYLINDRICAL_SURFACE('',#3507,2.95);
#3120=CYLINDRICAL_SURFACE('',#3545,1.65);
#3121=CYLINDRICAL_SURFACE('',#3551,1.65);
#3122=CYLINDRICAL_SURFACE('',#3552,6.1);
#3123=CYLINDRICAL_SURFACE('',#3574,1.65);
#3124=CYLINDRICAL_SURFACE('',#3580,1.65);
#3125=CYLINDRICAL_SURFACE('',#3589,9.);
#3126=CYLINDRICAL_SURFACE('',#3597,2.65);
#3127=CYLINDRICAL_SURFACE('',#3602,2.65);
#3128=CYLINDRICAL_SURFACE('',#3607,2.65);
#3129=CYLINDRICAL_SURFACE('',#3612,2.65);
#3130=CYLINDRICAL_SURFACE('',#3619,1.99999999999999);
#3131=CYLINDRICAL_SURFACE('',#3623,1.99999999999999);
#3132=CYLINDRICAL_SURFACE('',#3628,11.1);
#3133=CYLINDRICAL_SURFACE('',#3635,7.5);
#3134=CYLINDRICAL_SURFACE('',#3645,7.5);
#3135=CYLINDRICAL_SURFACE('',#3652,2.5);
#3136=CYLINDRICAL_SURFACE('',#3655,2.5);
#3137=CYLINDRICAL_SURFACE('',#3663,2.5);
#3138=CYLINDRICAL_SURFACE('',#3670,2.5);
#3139=CYLINDRICAL_SURFACE('',#3672,2.);
#3140=CYLINDRICAL_SURFACE('',#3673,2.);
#3141=ADVANCED_FACE('',(#262),#3106,.F.);
#3142=ADVANCED_FACE('',(#263),#3107,.F.);
#3143=ADVANCED_FACE('',(#264),#154,.F.);
#3144=ADVANCED_FACE('',(#265,#124,#125,#126,#127),#155,.F.);
#3145=ADVANCED_FACE('',(#266),#156,.F.);
#3146=ADVANCED_FACE('',(#267),#78,.T.);
#3147=ADVANCED_FACE('',(#268),#157,.F.);
#3148=ADVANCED_FACE('',(#269),#79,.F.);
#3149=ADVANCED_FACE('',(#270,#128,#129,#130,#131,#132,#133),#158,.F.);
#3150=ADVANCED_FACE('',(#271),#159,.T.);
#3151=ADVANCED_FACE('',(#272),#160,.F.);
#3152=ADVANCED_FACE('',(#273),#80,.F.);
#3153=ADVANCED_FACE('',(#274),#161,.F.);
#3154=ADVANCED_FACE('',(#275),#81,.F.);
#3155=ADVANCED_FACE('',(#276),#162,.F.);
#3156=ADVANCED_FACE('',(#277),#82,.T.);
#3157=ADVANCED_FACE('',(#278),#163,.F.);
#3158=ADVANCED_FACE('',(#279),#83,.T.);
#3159=ADVANCED_FACE('',(#280),#164,.F.);
#3160=ADVANCED_FACE('',(#281),#165,.F.);
#3161=ADVANCED_FACE('',(#282),#84,.F.);
#3162=ADVANCED_FACE('',(#283),#166,.F.);
#3163=ADVANCED_FACE('',(#284),#85,.T.);
#3164=ADVANCED_FACE('',(#285),#167,.F.);
#3165=ADVANCED_FACE('',(#286),#86,.T.);
#3166=ADVANCED_FACE('',(#287),#168,.F.);
#3167=ADVANCED_FACE('',(#288),#87,.T.);
#3168=ADVANCED_FACE('',(#289),#169,.F.);
#3169=ADVANCED_FACE('',(#290),#88,.F.);
#3170=ADVANCED_FACE('',(#291),#170,.F.);
#3171=ADVANCED_FACE('',(#292),#89,.F.);
#3172=ADVANCED_FACE('',(#293),#171,.F.);
#3173=ADVANCED_FACE('',(#294),#172,.F.);
#3174=ADVANCED_FACE('',(#295),#90,.T.);
#3175=ADVANCED_FACE('',(#296),#173,.F.);
#3176=ADVANCED_FACE('',(#297),#91,.T.);
#3177=ADVANCED_FACE('',(#298),#174,.F.);
#3178=ADVANCED_FACE('',(#299),#175,.F.);
#3179=ADVANCED_FACE('',(#300),#3108,.T.);
#3180=ADVANCED_FACE('',(#301),#3109,.F.);
#3181=ADVANCED_FACE('',(#302),#176,.F.);
#3182=ADVANCED_FACE('',(#303),#3110,.T.);
#3183=ADVANCED_FACE('',(#304),#3111,.T.);
#3184=ADVANCED_FACE('',(#305),#177,.F.);
#3185=ADVANCED_FACE('',(#306),#3112,.T.);
#3186=ADVANCED_FACE('',(#307),#178,.F.);
#3187=ADVANCED_FACE('',(#308),#3113,.F.);
#3188=ADVANCED_FACE('',(#309),#179,.F.);
#3189=ADVANCED_FACE('',(#310),#3114,.F.);
#3190=ADVANCED_FACE('',(#311),#180,.F.);
#3191=ADVANCED_FACE('',(#312),#3115,.T.);
#3192=ADVANCED_FACE('',(#313),#181,.F.);
#3193=ADVANCED_FACE('',(#314,#134,#135,#136,#137,#138),#182,.T.);
#3194=ADVANCED_FACE('',(#315),#183,.T.);
#3195=ADVANCED_FACE('',(#316),#184,.F.);
#3196=ADVANCED_FACE('',(#317),#185,.T.);
#3197=ADVANCED_FACE('',(#318),#186,.T.);
#3198=ADVANCED_FACE('',(#319),#187,.T.);
#3199=ADVANCED_FACE('',(#320),#188,.T.);
#3200=ADVANCED_FACE('',(#321),#189,.T.);
#3201=ADVANCED_FACE('',(#322),#190,.T.);
#3202=ADVANCED_FACE('',(#323),#191,.T.);
#3203=ADVANCED_FACE('',(#324),#192,.T.);
#3204=ADVANCED_FACE('',(#325),#193,.T.);
#3205=ADVANCED_FACE('',(#326),#92,.T.);
#3206=ADVANCED_FACE('',(#327),#93,.T.);
#3207=ADVANCED_FACE('',(#328),#25,.F.);
#3208=ADVANCED_FACE('',(#329),#26,.F.);
#3209=ADVANCED_FACE('',(#330),#27,.F.);
#3210=ADVANCED_FACE('',(#331),#28,.F.);
#3211=ADVANCED_FACE('',(#332),#194,.T.);
#3212=ADVANCED_FACE('',(#333),#195,.T.);
#3213=ADVANCED_FACE('',(#334),#196,.T.);
#3214=ADVANCED_FACE('',(#335,#139,#140),#3116,.T.);
#3215=ADVANCED_FACE('',(#336),#94,.T.);
#3216=ADVANCED_FACE('',(#337),#29,.F.);
#3217=ADVANCED_FACE('',(#338),#30,.F.);
#3218=ADVANCED_FACE('',(#339),#31,.F.);
#3219=ADVANCED_FACE('',(#340),#95,.T.);
#3220=ADVANCED_FACE('',(#341),#32,.F.);
#3221=ADVANCED_FACE('',(#342),#197,.T.);
#3222=ADVANCED_FACE('',(#343),#198,.T.);
#3223=ADVANCED_FACE('',(#344),#199,.T.);
#3224=ADVANCED_FACE('',(#345,#141,#142),#3117,.T.);
#3225=ADVANCED_FACE('',(#346),#33,.F.);
#3226=ADVANCED_FACE('',(#347),#3118,.F.);
#3227=ADVANCED_FACE('',(#348),#34,.F.);
#3228=ADVANCED_FACE('',(#349),#3119,.F.);
#3229=ADVANCED_FACE('',(#350),#96,.F.);
#3230=ADVANCED_FACE('',(#351),#200,.F.);
#3231=ADVANCED_FACE('',(#352,#143),#201,.F.);
#3232=ADVANCED_FACE('',(#353),#202,.F.);
#3233=ADVANCED_FACE('',(#354),#97,.F.);
#3234=ADVANCED_FACE('',(#355,#144),#203,.F.);
#3235=ADVANCED_FACE('',(#356),#204,.T.);
#3236=ADVANCED_FACE('',(#357),#98,.T.);
#3237=ADVANCED_FACE('',(#358),#205,.F.);
#3238=ADVANCED_FACE('',(#359),#99,.T.);
#3239=ADVANCED_FACE('',(#360),#206,.F.);
#3240=ADVANCED_FACE('',(#361),#207,.F.);
#3241=ADVANCED_FACE('',(#362),#208,.F.);
#3242=ADVANCED_FACE('',(#363),#209,.F.);
#3243=ADVANCED_FACE('',(#364),#210,.F.);
#3244=ADVANCED_FACE('',(#365),#211,.F.);
#3245=ADVANCED_FACE('',(#366),#212,.F.);
#3246=ADVANCED_FACE('',(#367),#213,.F.);
#3247=ADVANCED_FACE('',(#368),#100,.T.);
#3248=ADVANCED_FACE('',(#369),#214,.F.);
#3249=ADVANCED_FACE('',(#370),#101,.F.);
#3250=ADVANCED_FACE('',(#371,#145),#215,.F.);
#3251=ADVANCED_FACE('',(#372),#216,.F.);
#3252=ADVANCED_FACE('',(#373,#146),#217,.F.);
#3253=ADVANCED_FACE('',(#374),#3120,.F.);
#3254=ADVANCED_FACE('',(#375),#218,.T.);
#3255=ADVANCED_FACE('',(#376),#219,.T.);
#3256=ADVANCED_FACE('',(#377),#220,.T.);
#3257=ADVANCED_FACE('',(#378,#147),#221,.T.);
#3258=ADVANCED_FACE('',(#379),#3121,.F.);
#3259=ADVANCED_FACE('',(#380),#3122,.F.);
#3260=ADVANCED_FACE('',(#381),#222,.F.);
#3261=ADVANCED_FACE('',(#382),#223,.F.);
#3262=ADVANCED_FACE('',(#383),#224,.F.);
#3263=ADVANCED_FACE('',(#384),#102,.F.);
#3264=ADVANCED_FACE('',(#385),#225,.F.);
#3265=ADVANCED_FACE('',(#386),#226,.F.);
#3266=ADVANCED_FACE('',(#387),#103,.T.);
#3267=ADVANCED_FACE('',(#388),#227,.F.);
#3268=ADVANCED_FACE('',(#389),#228,.F.);
#3269=ADVANCED_FACE('',(#390),#229,.F.);
#3270=ADVANCED_FACE('',(#391),#230,.F.);
#3271=ADVANCED_FACE('',(#392,#148),#231,.F.);
#3272=ADVANCED_FACE('',(#393),#232,.T.);
#3273=ADVANCED_FACE('',(#394),#233,.F.);
#3274=ADVANCED_FACE('',(#395),#234,.F.);
#3275=ADVANCED_FACE('',(#396,#149),#235,.F.);
#3276=ADVANCED_FACE('',(#397),#3123,.F.);
#3277=ADVANCED_FACE('',(#398),#236,.T.);
#3278=ADVANCED_FACE('',(#399),#237,.T.);
#3279=ADVANCED_FACE('',(#400),#238,.T.);
#3280=ADVANCED_FACE('',(#401,#150),#239,.T.);
#3281=ADVANCED_FACE('',(#402),#3124,.F.);
#3282=ADVANCED_FACE('',(#403),#240,.F.);
#3283=ADVANCED_FACE('',(#404),#241,.F.);
#3284=ADVANCED_FACE('',(#405),#242,.T.);
#3285=ADVANCED_FACE('',(#406),#104,.F.);
#3286=ADVANCED_FACE('',(#407),#3125,.F.);
#3287=ADVANCED_FACE('',(#408,#151),#243,.T.);
#3288=ADVANCED_FACE('',(#409),#244,.F.);
#3289=ADVANCED_FACE('',(#410),#105,.F.);
#3290=ADVANCED_FACE('',(#411),#3126,.F.);
#3291=ADVANCED_FACE('',(#412),#106,.F.);
#3292=ADVANCED_FACE('',(#413),#3127,.F.);
#3293=ADVANCED_FACE('',(#414),#107,.F.);
#3294=ADVANCED_FACE('',(#415),#3128,.F.);
#3295=ADVANCED_FACE('',(#416),#108,.F.);
#3296=ADVANCED_FACE('',(#417),#3129,.F.);
#3297=ADVANCED_FACE('',(#418),#109,.F.);
#3298=ADVANCED_FACE('',(#419,#152,#153),#245,.F.);
#3299=ADVANCED_FACE('',(#420),#3130,.F.);
#3300=ADVANCED_FACE('',(#421),#110,.F.);
#3301=ADVANCED_FACE('',(#422),#3131,.F.);
#3302=ADVANCED_FACE('',(#423),#111,.F.);
#3303=ADVANCED_FACE('',(#424),#3132,.F.);
#3304=ADVANCED_FACE('',(#425),#246,.F.);
#3305=ADVANCED_FACE('',(#426),#112,.F.);
#3306=ADVANCED_FACE('',(#427),#247,.F.);
#3307=ADVANCED_FACE('',(#428),#113,.F.);
#3308=ADVANCED_FACE('',(#429),#3133,.F.);
#3309=ADVANCED_FACE('',(#430),#248,.T.);
#3310=ADVANCED_FACE('',(#431),#249,.T.);
#3311=ADVANCED_FACE('',(#432),#114,.F.);
#3312=ADVANCED_FACE('',(#433),#250,.F.);
#3313=ADVANCED_FACE('',(#434),#115,.F.);
#3314=ADVANCED_FACE('',(#435),#251,.F.);
#3315=ADVANCED_FACE('',(#436),#252,.T.);
#3316=ADVANCED_FACE('',(#437),#3134,.F.);
#3317=ADVANCED_FACE('',(#438),#253,.F.);
#3318=ADVANCED_FACE('',(#439),#254,.F.);
#3319=ADVANCED_FACE('',(#440),#116,.F.);
#3320=ADVANCED_FACE('',(#441),#117,.F.);
#3321=ADVANCED_FACE('',(#442),#3135,.F.);
#3322=ADVANCED_FACE('',(#443),#255,.F.);
#3323=ADVANCED_FACE('',(#444),#3136,.F.);
#3324=ADVANCED_FACE('',(#445),#256,.F.);
#3325=ADVANCED_FACE('',(#446),#118,.F.);
#3326=ADVANCED_FACE('',(#447),#119,.F.);
#3327=ADVANCED_FACE('',(#448),#120,.T.);
#3328=ADVANCED_FACE('',(#449),#3137,.T.);
#3329=ADVANCED_FACE('',(#450),#257,.T.);
#3330=ADVANCED_FACE('',(#451),#121,.F.);
#3331=ADVANCED_FACE('',(#452),#122,.F.);
#3332=ADVANCED_FACE('',(#453),#123,.T.);
#3333=ADVANCED_FACE('',(#454),#3138,.T.);
#3334=ADVANCED_FACE('',(#455),#258,.F.);
#3335=ADVANCED_FACE('',(#456),#3139,.F.);
#3336=ADVANCED_FACE('',(#457),#3140,.F.);
#3337=ADVANCED_FACE('',(#458),#259,.T.);
#3338=ADVANCED_FACE('',(#459),#260,.T.);
#3339=ADVANCED_FACE('',(#460),#261,.T.);
#3340=CLOSED_SHELL('',(#3141,#3142,#3143,#3144,#3145,#3146,#3147,#3148,
#3149,#3150,#3151,#3152,#3153,#3154,#3155,#3156,#3157,#3158,#3159,#3160,
#3161,#3162,#3163,#3164,#3165,#3166,#3167,#3168,#3169,#3170,#3171,#3172,
#3173,#3174,#3175,#3176,#3177,#3178,#3179,#3180,#3181,#3182,#3183,#3184,
#3185,#3186,#3187,#3188,#3189,#3190,#3191,#3192,#3193,#3194,#3195,#3196,
#3197,#3198,#3199,#3200,#3201,#3202,#3203,#3204,#3205,#3206,#3207,#3208,
#3209,#3210,#3211,#3212,#3213,#3214,#3215,#3216,#3217,#3218,#3219,#3220,
#3221,#3222,#3223,#3224,#3225,#3226,#3227,#3228,#3229,#3230,#3231,#3232,
#3233,#3234,#3235,#3236,#3237,#3238,#3239,#3240,#3241,#3242,#3243,#3244,
#3245,#3246,#3247,#3248,#3249,#3250,#3251,#3252,#3253,#3254,#3255,#3256,
#3257,#3258,#3259,#3260,#3261,#3262,#3263,#3264,#3265,#3266,#3267,#3268,
#3269,#3270,#3271,#3272,#3273,#3274,#3275,#3276,#3277,#3278,#3279,#3280,
#3281,#3282,#3283,#3284,#3285,#3286,#3287,#3288,#3289,#3290,#3291,#3292,
#3293,#3294,#3295,#3296,#3297,#3298,#3299,#3300,#3301,#3302,#3303,#3304,
#3305,#3306,#3307,#3308,#3309,#3310,#3311,#3312,#3313,#3314,#3315,#3316,
#3317,#3318,#3319,#3320,#3321,#3322,#3323,#3324,#3325,#3326,#3327,#3328,
#3329,#3330,#3331,#3332,#3333,#3334,#3335,#3336,#3337,#3338,#3339));
#3341=DERIVED_UNIT_ELEMENT(#3343,1.);
#3342=DERIVED_UNIT_ELEMENT(#7090,-3.);
#3343=(
MASS_UNIT()
NAMED_UNIT(*)
SI_UNIT(.KILO.,.GRAM.)
);
#3344=DERIVED_UNIT((#3341,#3342));
#3345=MEASURE_REPRESENTATION_ITEM('density measure',
POSITIVE_RATIO_MEASURE(7850.),#3344);
#3346=PROPERTY_DEFINITION_REPRESENTATION(#3351,#3348);
#3347=PROPERTY_DEFINITION_REPRESENTATION(#3352,#3349);
#3348=REPRESENTATION('material name',(#3350),#7087);
#3349=REPRESENTATION('density',(#3345),#7087);
#3350=DESCRIPTIVE_REPRESENTATION_ITEM('Stahl','Stahl');
#3351=PROPERTY_DEFINITION('material property','material name',#7102);
#3352=PROPERTY_DEFINITION('material property','density of part',#7102);
#3353=AXIS2_PLACEMENT_3D('',#4623,#3678,#3679);
#3354=AXIS2_PLACEMENT_3D('',#4624,#3680,#3681);
#3355=AXIS2_PLACEMENT_3D('',#4625,#3682,#3683);
#3356=AXIS2_PLACEMENT_3D('',#4630,#3685,#3686);
#3357=AXIS2_PLACEMENT_3D('',#4633,#3688,#3689);
#3358=AXIS2_PLACEMENT_3D('',#4634,#3690,#3691);
#3359=AXIS2_PLACEMENT_3D('',#4636,#3692,#3693);
#3360=AXIS2_PLACEMENT_3D('',#4640,#3695,#3696);
#3361=AXIS2_PLACEMENT_3D('',#4643,#3698,#3699);
#3362=AXIS2_PLACEMENT_3D('',#4645,#3701,#3702);
#3363=AXIS2_PLACEMENT_3D('',#4652,#3705,#3706);
#3364=AXIS2_PLACEMENT_3D('',#4656,#3708,#3709);
#3365=AXIS2_PLACEMENT_3D('',#4658,#3711,#3712);
#3366=AXIS2_PLACEMENT_3D('',#4663,#3714,#3715);
#3367=AXIS2_PLACEMENT_3D('',#4667,#3717,#3718);
#3368=AXIS2_PLACEMENT_3D('',#4671,#3720,#3721);
#3369=AXIS2_PLACEMENT_3D('',#4675,#3723,#3724);
#3370=AXIS2_PLACEMENT_3D('',#4703,#3738,#3739);
#3371=AXIS2_PLACEMENT_3D('',#4706,#3741,#3742);
#3372=AXIS2_PLACEMENT_3D('',#4708,#3743,#3744);
#3373=AXIS2_PLACEMENT_3D('',#4715,#3747,#3748);
#3374=AXIS2_PLACEMENT_3D('',#4717,#3749,#3750);
#3375=AXIS2_PLACEMENT_3D('',#4723,#3753,#3754);
#3376=AXIS2_PLACEMENT_3D('',#4727,#3756,#3757);
#3377=AXIS2_PLACEMENT_3D('',#4738,#3763,#3764);
#3378=AXIS2_PLACEMENT_3D('',#4741,#3766,#3767);
#3379=AXIS2_PLACEMENT_3D('',#4742,#3768,#3769);
#3380=AXIS2_PLACEMENT_3D('',#4748,#3773,#3774);
#3381=AXIS2_PLACEMENT_3D('',#4751,#3776,#3777);
#3382=AXIS2_PLACEMENT_3D('',#4752,#3778,#3779);
#3383=AXIS2_PLACEMENT_3D('',#4756,#3782,#3783);
#3384=AXIS2_PLACEMENT_3D('',#4761,#3784,#3785);
#3385=AXIS2_PLACEMENT_3D('',#4762,#3786,#3787);
#3386=AXIS2_PLACEMENT_3D('',#4772,#3792,#3793);
#3387=AXIS2_PLACEMENT_3D('',#4774,#3794,#3795);
#3388=AXIS2_PLACEMENT_3D('',#4776,#3796,#3797);
#3389=AXIS2_PLACEMENT_3D('',#4778,#3798,#3799);
#3390=AXIS2_PLACEMENT_3D('',#4780,#3800,#3801);
#3391=AXIS2_PLACEMENT_3D('',#4782,#3802,#3803);
#3392=AXIS2_PLACEMENT_3D('',#4783,#3804,#3805);
#3393=AXIS2_PLACEMENT_3D('',#4789,#3809,#3810);
#3394=AXIS2_PLACEMENT_3D('',#4795,#3813,#3814);
#3395=AXIS2_PLACEMENT_3D('',#4799,#3816,#3817);
#3396=AXIS2_PLACEMENT_3D('',#4813,#3825,#3826);
#3397=AXIS2_PLACEMENT_3D('',#4819,#3827,#3828);
#3398=AXIS2_PLACEMENT_3D('',#4821,#3830,#3831);
#3399=AXIS2_PLACEMENT_3D('',#4825,#3834,#3835);
#3400=AXIS2_PLACEMENT_3D('',#4828,#3837,#3838);
#3401=AXIS2_PLACEMENT_3D('',#4829,#3839,#3840);
#3402=AXIS2_PLACEMENT_3D('',#4833,#3843,#3844);
#3403=AXIS2_PLACEMENT_3D('',#4836,#3846,#3847);
#3404=AXIS2_PLACEMENT_3D('',#4837,#3848,#3849);
#3405=AXIS2_PLACEMENT_3D('',#4841,#3852,#3853);
#3406=AXIS2_PLACEMENT_3D('',#4843,#3855,#3856);
#3407=AXIS2_PLACEMENT_3D('',#4844,#3857,#3858);
#3408=AXIS2_PLACEMENT_3D('',#4846,#3860,#3861);
#3409=AXIS2_PLACEMENT_3D('',#4857,#3867,#3868);
#3410=AXIS2_PLACEMENT_3D('',#4862,#3870,#3871);
#3411=AXIS2_PLACEMENT_3D('',#4865,#3873,#3874);
#3412=AXIS2_PLACEMENT_3D('',#4866,#3875,#3876);
#3413=AXIS2_PLACEMENT_3D('',#4872,#3880,#3881);
#3414=AXIS2_PLACEMENT_3D('',#4873,#3882,#3883);
#3415=AXIS2_PLACEMENT_3D('',#4876,#3885,#3886);
#3416=AXIS2_PLACEMENT_3D('',#4877,#3887,#3888);
#3417=AXIS2_PLACEMENT_3D('',#4881,#3891,#3892);
#3418=AXIS2_PLACEMENT_3D('',#4883,#3893,#3894);
#3419=AXIS2_PLACEMENT_3D('',#4886,#3896,#3897);
#3420=AXIS2_PLACEMENT_3D('',#4887,#3898,#3899);
#3421=AXIS2_PLACEMENT_3D('',#4893,#3903,#3904);
#3422=AXIS2_PLACEMENT_3D('',#4895,#3905,#3906);
#3423=AXIS2_PLACEMENT_3D('',#4898,#3908,#3909);
#3424=AXIS2_PLACEMENT_3D('',#4899,#3910,#3911);
#3425=AXIS2_PLACEMENT_3D('',#4905,#3915,#3916);
#3426=AXIS2_PLACEMENT_3D('',#4907,#3917,#3918);
#3427=AXIS2_PLACEMENT_3D('',#4910,#3920,#3921);
#3428=AXIS2_PLACEMENT_3D('',#4911,#3922,#3923);
#3429=AXIS2_PLACEMENT_3D('',#4917,#3927,#3928);
#3430=AXIS2_PLACEMENT_3D('',#4921,#3930,#3931);
#3431=AXIS2_PLACEMENT_3D('',#4922,#3932,#3933);
#3432=AXIS2_PLACEMENT_3D('',#4923,#3934,#3935);
#3433=AXIS2_PLACEMENT_3D('',#4928,#3939,#3940);
#3434=AXIS2_PLACEMENT_3D('',#4934,#3944,#3945);
#3435=AXIS2_PLACEMENT_3D('',#4935,#3946,#3947);
#3436=AXIS2_PLACEMENT_3D('',#4936,#3948,#3949);
#3437=AXIS2_PLACEMENT_3D('',#4946,#3955,#3956);
#3438=AXIS2_PLACEMENT_3D('',#4947,#3957,#3958);
#3439=AXIS2_PLACEMENT_3D('',#4948,#3959,#3960);
#3440=AXIS2_PLACEMENT_3D('',#4953,#3964,#3965);
#3441=AXIS2_PLACEMENT_3D('',#4956,#3968,#3969);
#3442=AXIS2_PLACEMENT_3D('',#4958,#3971,#3972);
#3443=AXIS2_PLACEMENT_3D('',#4961,#3975,#3976);
#3444=AXIS2_PLACEMENT_3D('',#4963,#3978,#3979);
#3445=AXIS2_PLACEMENT_3D('',#4964,#3980,#3981);
#3446=AXIS2_PLACEMENT_3D('',#4966,#3983,#3984);
#3447=AXIS2_PLACEMENT_3D('',#4968,#3986,#3987);
#3448=AXIS2_PLACEMENT_3D('',#4970,#3989,#3990);
#3449=AXIS2_PLACEMENT_3D('',#4972,#3992,#3993);
#3450=AXIS2_PLACEMENT_3D('',#4974,#3995,#3996);
#3451=AXIS2_PLACEMENT_3D('',#4976,#3998,#3999);
#3452=AXIS2_PLACEMENT_3D('',#4978,#4001,#4002);
#3453=AXIS2_PLACEMENT_3D('',#4980,#4004,#4005);
#3454=AXIS2_PLACEMENT_3D('',#4982,#4007,#4008);
#3455=AXIS2_PLACEMENT_3D('',#4985,#4011,#4012);
#3456=AXIS2_PLACEMENT_3D('',#4989,#4014,#4015);
#3457=AXIS2_PLACEMENT_3D('',#4993,#4017,#4018);
#3458=AXIS2_PLACEMENT_3D('',#4996,#4020,#4021);
#3459=AXIS2_PLACEMENT_3D('',#4998,#4022,#4023);
#3460=AXIS2_PLACEMENT_3D('',#5000,#4024,#4025);
#3461=AXIS2_PLACEMENT_3D('',#5002,#4026,#4027);
#3462=AXIS2_PLACEMENT_3D('',#5003,#4028,#4029);
#3463=AXIS2_PLACEMENT_3D('',#5007,#4032,#4033);
#3464=AXIS2_PLACEMENT_3D('',#5009,#4035,#4036);
#3465=AXIS2_PLACEMENT_3D('',#5015,#4040,#4041);
#3466=AXIS2_PLACEMENT_3D('',#5019,#4044,#4045);
#3467=AXIS2_PLACEMENT_3D('',#5021,#4047,#4048);
#3468=AXIS2_PLACEMENT_3D('',#5023,#4050,#4051);
#3469=AXIS2_PLACEMENT_3D('',#5029,#4055,#4056);
#3470=AXIS2_PLACEMENT_3D('',#5033,#4059,#4060);
#3471=AXIS2_PLACEMENT_3D('',#5035,#4062,#4063);
#3472=AXIS2_PLACEMENT_3D('',#5037,#4065,#4066);
#3473=AXIS2_PLACEMENT_3D('',#5041,#4069,#4070);
#3474=AXIS2_PLACEMENT_3D('',#5044,#4071,#4072);
#3475=AXIS2_PLACEMENT_3D('',#5055,#4074,#4075);
#3476=AXIS2_PLACEMENT_3D('',#5066,#4076,#4077);
#3477=AXIS2_PLACEMENT_3D('',#5069,#4078,#4079);
#3478=AXIS2_PLACEMENT_3D('',#5080,#4081,#4082);
#3479=AXIS2_PLACEMENT_3D('',#5119,#4083,#4084);
#3480=AXIS2_PLACEMENT_3D('',#5163,#4085,#4086);
#3481=AXIS2_PLACEMENT_3D('',#5165,#4087,#4088);
#3482=AXIS2_PLACEMENT_3D('',#5188,#4089,#4090);
#3483=AXIS2_PLACEMENT_3D('',#5195,#4091,#4092);
#3484=AXIS2_PLACEMENT_3D('',#5201,#4096,#4097);
#3485=AXIS2_PLACEMENT_3D('',#5205,#4100,#4101);
#3486=AXIS2_PLACEMENT_3D('',#5209,#4104,#4105);
#3487=AXIS2_PLACEMENT_3D('',#5213,#4107,#4108);
#3488=AXIS2_PLACEMENT_3D('',#5217,#4110,#4111);
#3489=AXIS2_PLACEMENT_3D('',#5255,#4113,#4114);
#3490=AXIS2_PLACEMENT_3D('',#5258,#4115,#4116);
#3491=AXIS2_PLACEMENT_3D('',#5271,#4117,#4118);
#3492=AXIS2_PLACEMENT_3D('',#5297,#4120,#4121);
#3493=AXIS2_PLACEMENT_3D('',#5299,#4122,#4123);
#3494=AXIS2_PLACEMENT_3D('',#5323,#4124,#4125);
#3495=AXIS2_PLACEMENT_3D('',#5361,#4126,#4127);
#3496=AXIS2_PLACEMENT_3D('',#5366,#4128,#4129);
#3497=AXIS2_PLACEMENT_3D('',#5368,#4130,#4131);
#3498=AXIS2_PLACEMENT_3D('',#5381,#4132,#4133);
#3499=AXIS2_PLACEMENT_3D('',#5409,#4135,#4136);
#3500=AXIS2_PLACEMENT_3D('',#5415,#4140,#4141);
#3501=AXIS2_PLACEMENT_3D('',#5419,#4144,#4145);
#3502=AXIS2_PLACEMENT_3D('',#5423,#4148,#4149);
#3503=AXIS2_PLACEMENT_3D('',#5429,#4152,#4153);
#3504=AXIS2_PLACEMENT_3D('',#5432,#4155,#4156);
#3505=AXIS2_PLACEMENT_3D('',#6147,#4158,#4159);
#3506=AXIS2_PLACEMENT_3D('',#6150,#4161,#4162);
#3507=AXIS2_PLACEMENT_3D('',#6668,#4164,#4165);
#3508=AXIS2_PLACEMENT_3D('',#6671,#4167,#4168);
#3509=AXIS2_PLACEMENT_3D('',#6672,#4169,#4170);
#3510=AXIS2_PLACEMENT_3D('',#6681,#4173,#4174);
#3511=AXIS2_PLACEMENT_3D('',#6682,#4175,#4176);
#3512=AXIS2_PLACEMENT_3D('',#6686,#4178,#4179);
#3513=AXIS2_PLACEMENT_3D('',#6688,#4181,#4182);
#3514=AXIS2_PLACEMENT_3D('',#6697,#4187,#4188);
#3515=AXIS2_PLACEMENT_3D('',#6698,#4189,#4190);
#3516=AXIS2_PLACEMENT_3D('',#6700,#4192,#4193);
#3517=AXIS2_PLACEMENT_3D('',#6707,#4196,#4197);
#3518=AXIS2_PLACEMENT_3D('',#6714,#4199,#4200);
#3519=AXIS2_PLACEMENT_3D('',#6715,#4201,#4202);
#3520=AXIS2_PLACEMENT_3D('',#6726,#4208,#4209);
#3521=AXIS2_PLACEMENT_3D('',#6727,#4210,#4211);
#3522=AXIS2_PLACEMENT_3D('',#6729,#4212,#4213);
#3523=AXIS2_PLACEMENT_3D('',#6731,#4215,#4216);
#3524=AXIS2_PLACEMENT_3D('',#6736,#4218,#4219);
#3525=AXIS2_PLACEMENT_3D('',#6738,#4221,#4222);
#3526=AXIS2_PLACEMENT_3D('',#6743,#4224,#4225);
#3527=AXIS2_PLACEMENT_3D('',#6745,#4227,#4228);
#3528=AXIS2_PLACEMENT_3D('',#6754,#4231,#4232);
#3529=AXIS2_PLACEMENT_3D('',#6757,#4235,#4236);
#3530=AXIS2_PLACEMENT_3D('',#6765,#4239,#4240);
#3531=AXIS2_PLACEMENT_3D('',#6768,#4243,#4244);
#3532=AXIS2_PLACEMENT_3D('',#6776,#4247,#4248);
#3533=AXIS2_PLACEMENT_3D('',#6778,#4250,#4251);
#3534=AXIS2_PLACEMENT_3D('',#6784,#4253,#4254);
#3535=AXIS2_PLACEMENT_3D('',#6785,#4255,#4256);
#3536=AXIS2_PLACEMENT_3D('',#6786,#4257,#4258);
#3537=AXIS2_PLACEMENT_3D('',#6788,#4260,#4261);
#3538=AXIS2_PLACEMENT_3D('',#6789,#4262,#4263);
#3539=AXIS2_PLACEMENT_3D('',#6790,#4264,#4265);
#3540=AXIS2_PLACEMENT_3D('',#6791,#4266,#4267);
#3541=AXIS2_PLACEMENT_3D('',#6794,#4269,#4270);
#3542=AXIS2_PLACEMENT_3D('',#6795,#4271,#4272);
#3543=AXIS2_PLACEMENT_3D('',#6796,#4273,#4274);
#3544=AXIS2_PLACEMENT_3D('',#6798,#4275,#4276);
#3545=AXIS2_PLACEMENT_3D('',#6799,#4277,#4278);
#3546=AXIS2_PLACEMENT_3D('',#6801,#4280,#4281);
#3547=AXIS2_PLACEMENT_3D('',#6805,#4284,#4285);
#3548=AXIS2_PLACEMENT_3D('',#6809,#4288,#4289);
#3549=AXIS2_PLACEMENT_3D('',#6811,#4291,#4292);
#3550=AXIS2_PLACEMENT_3D('',#6813,#4293,#4294);
#3551=AXIS2_PLACEMENT_3D('',#6814,#4295,#4296);
#3552=AXIS2_PLACEMENT_3D('',#6816,#4298,#4299);
#3553=AXIS2_PLACEMENT_3D('',#6818,#4300,#4301);
#3554=AXIS2_PLACEMENT_3D('',#6821,#4304,#4305);
#3555=AXIS2_PLACEMENT_3D('',#6822,#4306,#4307);
#3556=AXIS2_PLACEMENT_3D('',#6830,#4310,#4311);
#3557=AXIS2_PLACEMENT_3D('',#6836,#4313,#4314);
#3558=AXIS2_PLACEMENT_3D('',#6837,#4315,#4316);
#3559=AXIS2_PLACEMENT_3D('',#6838,#4317,#4318);
#3560=AXIS2_PLACEMENT_3D('',#6846,#4321,#4322);
#3561=AXIS2_PLACEMENT_3D('',#6852,#4324,#4325);
#3562=AXIS2_PLACEMENT_3D('',#6853,#4326,#4327);
#3563=AXIS2_PLACEMENT_3D('',#6854,#4328,#4329);
#3564=AXIS2_PLACEMENT_3D('',#6856,#4331,#4332);
#3565=AXIS2_PLACEMENT_3D('',#6859,#4335,#4336);
#3566=AXIS2_PLACEMENT_3D('',#6861,#4338,#4339);
#3567=AXIS2_PLACEMENT_3D('',#6863,#4341,#4342);
#3568=AXIS2_PLACEMENT_3D('',#6865,#4343,#4344);
#3569=AXIS2_PLACEMENT_3D('',#6866,#4345,#4346);
#3570=AXIS2_PLACEMENT_3D('',#6867,#4347,#4348);
#3571=AXIS2_PLACEMENT_3D('',#6869,#4350,#4351);
#3572=AXIS2_PLACEMENT_3D('',#6870,#4352,#4353);
#3573=AXIS2_PLACEMENT_3D('',#6872,#4354,#4355);
#3574=AXIS2_PLACEMENT_3D('',#6873,#4356,#4357);
#3575=AXIS2_PLACEMENT_3D('',#6875,#4359,#4360);
#3576=AXIS2_PLACEMENT_3D('',#6879,#4363,#4364);
#3577=AXIS2_PLACEMENT_3D('',#6883,#4367,#4368);
#3578=AXIS2_PLACEMENT_3D('',#6885,#4370,#4371);
#3579=AXIS2_PLACEMENT_3D('',#6887,#4372,#4373);
#3580=AXIS2_PLACEMENT_3D('',#6888,#4374,#4375);
#3581=AXIS2_PLACEMENT_3D('',#6890,#4377,#4378);
#3582=AXIS2_PLACEMENT_3D('',#6891,#4379,#4380);
#3583=AXIS2_PLACEMENT_3D('',#6892,#4381,#4382);
#3584=AXIS2_PLACEMENT_3D('',#6897,#4384,#4385);
#3585=AXIS2_PLACEMENT_3D('',#6899,#4387,#4388);
#3586=AXIS2_PLACEMENT_3D('',#6900,#4389,#4390);
#3587=AXIS2_PLACEMENT_3D('',#6902,#4391,#4392);
#3588=AXIS2_PLACEMENT_3D('',#6905,#4394,#4395);
#3589=AXIS2_PLACEMENT_3D('',#6906,#4396,#4397);
#3590=AXIS2_PLACEMENT_3D('',#6908,#4398,#4399);
#3591=AXIS2_PLACEMENT_3D('',#6910,#4401,#4402);
#3592=AXIS2_PLACEMENT_3D('',#6912,#4403,#4404);
#3593=AXIS2_PLACEMENT_3D('',#6913,#4405,#4406);
#3594=AXIS2_PLACEMENT_3D('',#6914,#4407,#4408);
#3595=AXIS2_PLACEMENT_3D('',#6917,#4409,#4410);
#3596=AXIS2_PLACEMENT_3D('',#6918,#4411,#4412);
#3597=AXIS2_PLACEMENT_3D('',#6920,#4414,#4415);
#3598=AXIS2_PLACEMENT_3D('',#6923,#4417,#4418);
#3599=AXIS2_PLACEMENT_3D('',#6924,#4419,#4420);
#3600=AXIS2_PLACEMENT_3D('',#6927,#4421,#4422);
#3601=AXIS2_PLACEMENT_3D('',#6928,#4423,#4424);
#3602=AXIS2_PLACEMENT_3D('',#6930,#4426,#4427);
#3603=AXIS2_PLACEMENT_3D('',#6933,#4429,#4430);
#3604=AXIS2_PLACEMENT_3D('',#6934,#4431,#4432);
#3605=AXIS2_PLACEMENT_3D('',#6937,#4433,#4434);
#3606=AXIS2_PLACEMENT_3D('',#6938,#4435,#4436);
#3607=AXIS2_PLACEMENT_3D('',#6940,#4438,#4439);
#3608=AXIS2_PLACEMENT_3D('',#6942,#4440,#4441);
#3609=AXIS2_PLACEMENT_3D('',#6944,#4443,#4444);
#3610=AXIS2_PLACEMENT_3D('',#6947,#4445,#4446);
#3611=AXIS2_PLACEMENT_3D('',#6948,#4447,#4448);
#3612=AXIS2_PLACEMENT_3D('',#6950,#4450,#4451);
#3613=AXIS2_PLACEMENT_3D('',#6952,#4452,#4453);
#3614=AXIS2_PLACEMENT_3D('',#6954,#4455,#4456);
#3615=AXIS2_PLACEMENT_3D('',#6956,#4457,#4458);
#3616=AXIS2_PLACEMENT_3D('',#6959,#4460,#4461);
#3617=AXIS2_PLACEMENT_3D('',#6960,#4462,#4463);
#3618=AXIS2_PLACEMENT_3D('',#6965,#4466,#4467);
#3619=AXIS2_PLACEMENT_3D('',#6966,#4468,#4469);
#3620=AXIS2_PLACEMENT_3D('',#6968,#4470,#4471);
#3621=AXIS2_PLACEMENT_3D('',#6970,#4473,#4474);
#3622=AXIS2_PLACEMENT_3D('',#6972,#4475,#4476);
#3623=AXIS2_PLACEMENT_3D('',#6974,#4478,#4479);
#3624=AXIS2_PLACEMENT_3D('',#6976,#4480,#4481);
#3625=AXIS2_PLACEMENT_3D('',#6978,#4483,#4484);
#3626=AXIS2_PLACEMENT_3D('',#6981,#4485,#4486);
#3627=AXIS2_PLACEMENT_3D('',#6982,#4487,#4488);
#3628=AXIS2_PLACEMENT_3D('',#6984,#4490,#4491);
#3629=AXIS2_PLACEMENT_3D('',#6986,#4493,#4494);
#3630=AXIS2_PLACEMENT_3D('',#6992,#4498,#4499);
#3631=AXIS2_PLACEMENT_3D('',#6995,#4501,#4502);
#3632=AXIS2_PLACEMENT_3D('',#6996,#4503,#4504);
#3633=AXIS2_PLACEMENT_3D('',#7000,#4507,#4508);
#3634=AXIS2_PLACEMENT_3D('',#7001,#4509,#4510);
#3635=AXIS2_PLACEMENT_3D('',#7002,#4511,#4512);
#3636=AXIS2_PLACEMENT_3D('',#7006,#4514,#4515);
#3637=AXIS2_PLACEMENT_3D('',#7008,#4517,#4518);
#3638=AXIS2_PLACEMENT_3D('',#7012,#4521,#4522);
#3639=AXIS2_PLACEMENT_3D('',#7014,#4524,#4525);
#3640=AXIS2_PLACEMENT_3D('',#7018,#4528,#4529);
#3641=AXIS2_PLACEMENT_3D('',#7019,#4530,#4531);
#3642=AXIS2_PLACEMENT_3D('',#7021,#4533,#4534);
#3643=AXIS2_PLACEMENT_3D('',#7023,#4536,#4537);
#3644=AXIS2_PLACEMENT_3D('',#7025,#4539,#4540);
#3645=AXIS2_PLACEMENT_3D('',#7027,#4542,#4543);
#3646=AXIS2_PLACEMENT_3D('',#7028,#4544,#4545);
#3647=AXIS2_PLACEMENT_3D('',#7030,#4547,#4548);
#3648=AXIS2_PLACEMENT_3D('',#7031,#4549,#4550);
#3649=AXIS2_PLACEMENT_3D('',#7034,#4552,#4553);
#3650=AXIS2_PLACEMENT_3D('',#7035,#4554,#4555);
#3651=AXIS2_PLACEMENT_3D('',#7038,#4557,#4558);
#3652=AXIS2_PLACEMENT_3D('',#7039,#4559,#4560);
#3653=AXIS2_PLACEMENT_3D('',#7041,#4561,#4562);
#3654=AXIS2_PLACEMENT_3D('',#7043,#4564,#4565);
#3655=AXIS2_PLACEMENT_3D('',#7044,#4566,#4567);
#3656=AXIS2_PLACEMENT_3D('',#7046,#4568,#4569);
#3657=AXIS2_PLACEMENT_3D('',#7048,#4571,#4572);
#3658=AXIS2_PLACEMENT_3D('',#7049,#4573,#4574);
#3659=AXIS2_PLACEMENT_3D('',#7051,#4576,#4577);
#3660=AXIS2_PLACEMENT_3D('',#7053,#4579,#4580);
#3661=AXIS2_PLACEMENT_3D('',#7055,#4581,#4582);
#3662=AXIS2_PLACEMENT_3D('',#7058,#4584,#4585);
#3663=AXIS2_PLACEMENT_3D('',#7059,#4586,#4587);
#3664=AXIS2_PLACEMENT_3D('',#7061,#4589,#4590);
#3665=AXIS2_PLACEMENT_3D('',#7062,#4591,#4592);
#3666=AXIS2_PLACEMENT_3D('',#7064,#4594,#4595);
#3667=AXIS2_PLACEMENT_3D('',#7066,#4597,#4598);
#3668=AXIS2_PLACEMENT_3D('',#7068,#4599,#4600);
#3669=AXIS2_PLACEMENT_3D('',#7071,#4602,#4603);
#3670=AXIS2_PLACEMENT_3D('',#7072,#4604,#4605);
#3671=AXIS2_PLACEMENT_3D('',#7074,#4607,#4608);
#3672=AXIS2_PLACEMENT_3D('',#7075,#4609,#4610);
#3673=AXIS2_PLACEMENT_3D('',#7077,#4612,#4613);
#3674=AXIS2_PLACEMENT_3D('',#7079,#4615,#4616);
#3675=AXIS2_PLACEMENT_3D('',#7080,#4617,#4618);
#3676=AXIS2_PLACEMENT_3D('',#7081,#4619,#4620);
#3677=AXIS2_PLACEMENT_3D('',#7082,#4621,#4622);
#3678=DIRECTION('axis',(0.,0.,1.));
#3679=DIRECTION('refdir',(1.,0.,0.));
#3680=DIRECTION('axis',(0.,0.,1.));
#3681=DIRECTION('refdir',(1.,0.,0.));
#3682=DIRECTION('center_axis',(0.,-1.,0.));
#3683=DIRECTION('ref_axis',(0.,0.,1.));
#3684=DIRECTION('',(0.,-1.,0.));
#3685=DIRECTION('center_axis',(0.,1.,0.));
#3686=DIRECTION('ref_axis',(0.,0.,-1.));
#3687=DIRECTION('',(0.,-1.,0.));
#3688=DIRECTION('center_axis',(0.,-1.,0.));
#3689=DIRECTION('ref_axis',(0.,0.,-1.));
#3690=DIRECTION('center_axis',(0.,-1.,0.));
#3691=DIRECTION('ref_axis',(0.,0.,1.));
#3692=DIRECTION('center_axis',(0.,-1.,0.));
#3693=DIRECTION('ref_axis',(0.,0.,-1.));
#3694=DIRECTION('',(0.,1.,0.));
#3695=DIRECTION('center_axis',(0.,-1.,0.));
#3696=DIRECTION('ref_axis',(0.,0.,1.));
#3697=DIRECTION('',(0.,-1.,0.));
#3698=DIRECTION('center_axis',(0.,-1.,0.));
#3699=DIRECTION('ref_axis',(0.,0.,1.));
#3700=DIRECTION('',(0.,-1.,0.));
#3701=DIRECTION('center_axis',(0.,1.,0.));
#3702=DIRECTION('ref_axis',(0.,0.,1.));
#3703=DIRECTION('',(-1.,0.,0.));
#3704=DIRECTION('',(0.,0.,-1.));
#3705=DIRECTION('center_axis',(0.,-1.,0.));
#3706=DIRECTION('ref_axis',(0.707106781186554,0.,0.707106781186541));
#3707=DIRECTION('',(-1.,0.,0.));
#3708=DIRECTION('center_axis',(0.,-1.,0.));
#3709=DIRECTION('ref_axis',(-0.707106781186548,0.,0.707106781186548));
#3710=DIRECTION('',(0.,0.,1.));
#3711=DIRECTION('center_axis',(0.,1.,0.));
#3712=DIRECTION('ref_axis',(0.,0.,1.));
#3713=DIRECTION('',(-1.,0.,0.));
#3714=DIRECTION('center_axis',(0.,1.,0.));
#3715=DIRECTION('ref_axis',(-0.707106781186548,0.,-0.707106781186548));
#3716=DIRECTION('',(0.,0.,1.));
#3717=DIRECTION('center_axis',(0.,1.,0.));
#3718=DIRECTION('ref_axis',(-0.707106781186548,0.,0.707106781186548));
#3719=DIRECTION('',(1.,0.,0.));
#3720=DIRECTION('center_axis',(0.,-1.,0.));
#3721=DIRECTION('ref_axis',(0.707106781186548,0.,-0.707106781186548));
#3722=DIRECTION('',(0.,0.,1.));
#3723=DIRECTION('center_axis',(0.,-1.,0.));
#3724=DIRECTION('ref_axis',(0.766044443118981,0.,0.642787609686536));
#3725=DIRECTION('',(-0.984807753012208,0.,0.173648177666931));
#3726=DIRECTION('',(0.819152044288999,0.,0.573576436351036));
#3727=DIRECTION('',(0.173648177666932,0.,0.984807753012208));
#3728=DIRECTION('',(0.00938411004951453,0.,0.999955968269893));
#3729=DIRECTION('',(0.984807753012208,0.,-0.17364817766693));
#3730=DIRECTION('',(0.173648177666932,0.,0.984807753012208));
#3731=DIRECTION('',(0.984807753012208,0.,-0.173648177666932));
#3732=DIRECTION('',(-0.173648177666932,0.,-0.984807753012208));
#3733=DIRECTION('',(0.984807753012208,0.,-0.173648177666929));
#3734=DIRECTION('',(-0.333186904620857,0.,-0.942860799158164));
#3735=DIRECTION('',(-0.173648177666932,0.,-0.984807753012208));
#3736=DIRECTION('',(0.573576436351127,0.,-0.819152044288935));
#3737=DIRECTION('',(-0.984807753012208,0.,0.173648177666931));
#3738=DIRECTION('center_axis',(0.,-1.,0.));
#3739=DIRECTION('ref_axis',(-0.642787609686546,0.,0.766044443118973));
#3740=DIRECTION('',(-2.60790922065474E-17,0.,-1.));
#3741=DIRECTION('center_axis',(0.,1.,0.));
#3742=DIRECTION('ref_axis',(0.707106781186548,0.,-0.707106781186547));
#3743=DIRECTION('center_axis',(0.,1.,0.));
#3744=DIRECTION('ref_axis',(0.,0.,-1.));
#3745=DIRECTION('',(9.96588213471185E-16,0.,-1.));
#3746=DIRECTION('',(-0.665357158614024,0.,-0.746525184760081));
#3747=DIRECTION('center_axis',(0.,-1.,0.));
#3748=DIRECTION('ref_axis',(0.,0.,1.));
#3749=DIRECTION('center_axis',(0.,-1.,0.));
#3750=DIRECTION('ref_axis',(0.,0.,1.));
#3751=DIRECTION('',(0.,0.,-1.));
#3752=DIRECTION('',(-0.00164422870234927,0.,-0.999998648255074));
#3753=DIRECTION('center_axis',(0.,-1.,0.));
#3754=DIRECTION('ref_axis',(-0.0333333333333332,0.,-0.999444290037663));
#3755=DIRECTION('',(0.723414229230337,0.,-0.690414261836383));
#3756=DIRECTION('center_axis',(0.,-1.,0.));
#3757=DIRECTION('ref_axis',(0.0333333333333335,0.,0.999444290037663));
#3758=DIRECTION('',(-9.97953280561938E-16,0.,-1.));
#3759=DIRECTION('',(0.665357158614044,0.,-0.746525184760063));
#3760=DIRECTION('',(-4.98294106735592E-16,0.,-1.));
#3761=DIRECTION('',(-0.723414229230353,0.,-0.690414261836367));
#3762=DIRECTION('',(1.,0.,0.));
#3763=DIRECTION('center_axis',(0.,1.,0.));
#3764=DIRECTION('ref_axis',(0.707106781186548,0.,0.707106781186548));
#3765=DIRECTION('',(-1.,0.,0.));
#3766=DIRECTION('center_axis',(0.,1.,0.));
#3767=DIRECTION('ref_axis',(-0.707106781186548,0.,0.707106781186548));
#3768=DIRECTION('center_axis',(-0.12278780396897,0.707106781186567,-0.69636424032));
#3769=DIRECTION('ref_axis',(0.984807753012208,2.77555756156289E-17,-0.173648177666931));
#3770=DIRECTION('',(0.468323199181429,-0.577350269189567,-0.668834843421907));
#3771=DIRECTION('',(0.984807753012208,0.,-0.173648177666931));
#3772=DIRECTION('',(0.122787803968983,0.707106781186528,0.696364240320037));
#3773=DIRECTION('center_axis',(0.,1.,0.));
#3774=DIRECTION('ref_axis',(-0.642787609686546,0.,0.766044443118973));
#3775=DIRECTION('',(-0.707106781186546,0.707106781186549,0.));
#3776=DIRECTION('center_axis',(0.,1.,0.));
#3777=DIRECTION('ref_axis',(-0.642787609686546,0.,0.766044443118973));
#3778=DIRECTION('center_axis',(0.707106781186545,0.70710678118655,-1.84407029464388E-17));
#3779=DIRECTION('ref_axis',(2.60790922065474E-17,-2.9274135154686E-32,1.));
#3780=DIRECTION('',(-0.707106781186549,0.707106781186546,0.));
#3781=DIRECTION('',(2.60790922065474E-17,0.,1.));
#3782=DIRECTION('center_axis',(0.,-1.,0.));
#3783=DIRECTION('ref_axis',(0.707106781186548,0.,-0.707106781186547));
#3784=DIRECTION('center_axis',(0.,-1.,0.));
#3785=DIRECTION('ref_axis',(0.707106781186548,0.,-0.707106781186547));
#3786=DIRECTION('center_axis',(0.,1.,0.));
#3787=DIRECTION('ref_axis',(0.,0.,1.));
#3788=DIRECTION('',(1.,0.,0.));
#3789=DIRECTION('',(-2.60790922065474E-17,0.,-1.));
#3790=DIRECTION('',(1.,0.,0.));
#3791=DIRECTION('',(0.,0.,1.));
#3792=DIRECTION('center_axis',(0.,1.,0.));
#3793=DIRECTION('ref_axis',(0.,0.,1.));
#3794=DIRECTION('center_axis',(0.,1.,0.));
#3795=DIRECTION('ref_axis',(0.,0.,1.));
#3796=DIRECTION('center_axis',(0.,-1.,0.));
#3797=DIRECTION('ref_axis',(1.,0.,0.));
#3798=DIRECTION('center_axis',(0.,-1.,0.));
#3799=DIRECTION('ref_axis',(-1.,0.,0.));
#3800=DIRECTION('center_axis',(0.,1.,0.));
#3801=DIRECTION('ref_axis',(0.,0.,1.));
#3802=DIRECTION('center_axis',(0.,1.,0.));
#3803=DIRECTION('ref_axis',(0.,0.,1.));
#3804=DIRECTION('center_axis',(0.819152044288935,0.,0.573576436351127));
#3805=DIRECTION('ref_axis',(0.573576436351127,0.,-0.819152044288935));
#3806=DIRECTION('',(0.,1.,0.));
#3807=DIRECTION('',(0.573576436351127,0.,-0.819152044288935));
#3808=DIRECTION('',(0.,-1.,0.));
#3809=DIRECTION('center_axis',(-0.173648177666931,0.,-0.984807753012208));
#3810=DIRECTION('ref_axis',(0.984807753012208,0.,-0.173648177666931));
#3811=DIRECTION('',(-0.984807753012208,0.,0.173648177666931));
#3812=DIRECTION('',(0.,-1.,0.));
#3813=DIRECTION('center_axis',(-0.173648177666931,0.,-0.984807753012208));
#3814=DIRECTION('ref_axis',(-0.696364240320017,0.707106781186549,0.122787803968973));
#3815=DIRECTION('',(-0.984807753012208,3.26536183713282E-16,0.173648177666931));
#3816=DIRECTION('center_axis',(-0.173648177666931,0.,-0.984807753012208));
#3817=DIRECTION('ref_axis',(0.696364240320018,0.707106781186549,-0.122787803968973));
#3818=DIRECTION('',(6.31212022601778E-30,1.,-1.11299710132255E-30));
#3819=DIRECTION('',(-0.984807753012208,0.,0.173648177666931));
#3820=DIRECTION('',(0.,1.,0.));
#3821=DIRECTION('',(0.984807753012208,0.,-0.173648177666931));
#3822=DIRECTION('',(0.,1.,0.));
#3823=DIRECTION('',(-0.984807753012208,0.,0.173648177666931));
#3824=DIRECTION('',(0.,-1.,0.));
#3825=DIRECTION('center_axis',(0.,-1.,0.));
#3826=DIRECTION('ref_axis',(-0.707106781186548,0.,-0.707106781186548));
#3827=DIRECTION('center_axis',(0.,-1.,0.));
#3828=DIRECTION('ref_axis',(-0.707106781186548,0.,-0.707106781186548));
#3829=DIRECTION('',(0.707106781186546,0.707106781186549,0.));
#3830=DIRECTION('center_axis',(-0.707106781186543,0.707106781186552,0.));
#3831=DIRECTION('ref_axis',(0.,0.,-1.));
#3832=DIRECTION('',(0.707106781186552,0.707106781186543,0.));
#3833=DIRECTION('',(0.,0.,-1.));
#3834=DIRECTION('center_axis',(0.,-1.,0.));
#3835=DIRECTION('ref_axis',(-0.707106781186548,0.,0.707106781186548));
#3836=DIRECTION('',(0.,0.707106781186543,-0.707106781186552));
#3837=DIRECTION('center_axis',(0.,-1.,0.));
#3838=DIRECTION('ref_axis',(-0.707106781186548,0.,0.707106781186548));
#3839=DIRECTION('center_axis',(0.,0.707106781186552,0.707106781186543));
#3840=DIRECTION('ref_axis',(-1.,0.,0.));
#3841=DIRECTION('',(0.,0.707106781186543,-0.707106781186552));
#3842=DIRECTION('',(-1.,0.,0.));
#3843=DIRECTION('center_axis',(0.,1.,0.));
#3844=DIRECTION('ref_axis',(0.707106781186548,0.,-0.707106781186548));
#3845=DIRECTION('',(0.707106781186552,0.707106781186543,0.));
#3846=DIRECTION('center_axis',(0.,1.,0.));
#3847=DIRECTION('ref_axis',(0.707106781186548,0.,-0.707106781186548));
#3848=DIRECTION('center_axis',(-0.707106781186543,0.707106781186552,0.));
#3849=DIRECTION('ref_axis',(0.,0.,-1.));
#3850=DIRECTION('',(0.707106781186552,0.707106781186543,0.));
#3851=DIRECTION('',(0.,0.,-1.));
#3852=DIRECTION('center_axis',(0.,1.,0.));
#3853=DIRECTION('ref_axis',(0.76604444311898,0.,0.642787609686536));
#3854=DIRECTION('',(0.122787803968981,0.707106781186553,0.696364240320012));
#3855=DIRECTION('center_axis',(0.,1.,0.));
#3856=DIRECTION('ref_axis',(0.766044443118981,0.,0.642787609686536));
#3857=DIRECTION('center_axis',(-0.12278780396897,0.707106781186567,-0.69636424032));
#3858=DIRECTION('ref_axis',(0.984807753012208,2.77555756156289E-17,-0.173648177666931));
#3859=DIRECTION('',(0.66883484342194,0.5773502691896,0.468323199181341));
#3860=DIRECTION('center_axis',(0.707106781186549,-0.707106781186546,0.));
#3861=DIRECTION('ref_axis',(0.,0.,1.));
#3862=DIRECTION('',(0.577350269189622,0.577350269189624,0.577350269189631));
#3863=DIRECTION('',(0.577350269189625,0.577350269189627,-0.577350269189626));
#3864=DIRECTION('',(0.,0.,-1.));
#3865=DIRECTION('',(-0.707106781186546,-0.707106781186549,0.));
#3866=DIRECTION('',(0.,0.,1.));
#3867=DIRECTION('center_axis',(0.,1.,0.));
#3868=DIRECTION('ref_axis',(0.707106781186548,0.,-0.707106781186547));
#3869=DIRECTION('',(-0.707106781186547,-0.707106781186548,0.));
#3870=DIRECTION('center_axis',(0.,-1.,0.));
#3871=DIRECTION('ref_axis',(0.707106781186548,0.,-0.707106781186547));
#3872=DIRECTION('',(-3.92523114670944E-16,0.707106781186549,-0.707106781186546));
#3873=DIRECTION('center_axis',(0.,1.,0.));
#3874=DIRECTION('ref_axis',(0.707106781186548,0.,-0.707106781186547));
#3875=DIRECTION('center_axis',(0.707106781186547,-0.707106781186548,-1.84407029464389E-17));
#3876=DIRECTION('ref_axis',(2.60790922065474E-17,-5.23852944873328E-32,
1.));
#3877=DIRECTION('',(-2.60790922065474E-17,0.,-1.));
#3878=DIRECTION('',(-0.707106781186548,-0.707106781186547,0.));
#3879=DIRECTION('',(2.60790922065474E-17,0.,1.));
#3880=DIRECTION('center_axis',(0.,-1.,0.));
#3881=DIRECTION('ref_axis',(-0.642787609686546,0.,0.766044443118973));
#3882=DIRECTION('center_axis',(0.,-1.,0.));
#3883=DIRECTION('ref_axis',(-0.642787609686546,0.,0.766044443118973));
#3884=DIRECTION('',(0.122787803968973,-0.707106781186553,0.696364240320013));
#3885=DIRECTION('center_axis',(0.,1.,0.));
#3886=DIRECTION('ref_axis',(-0.642787609686546,0.,0.766044443118973));
#3887=DIRECTION('center_axis',(-0.122787803968974,-0.707106781186541,-0.696364240320025));
#3888=DIRECTION('ref_axis',(0.984807753012208,2.4980018054066E-16,-0.173648177666931));
#3889=DIRECTION('',(0.122787803968969,-0.707106781186554,0.696364240320013));
#3890=DIRECTION('',(0.984807753012208,0.,-0.173648177666931));
#3891=DIRECTION('center_axis',(0.,-1.,0.));
#3892=DIRECTION('ref_axis',(0.766044443118981,0.,0.642787609686536));
#3893=DIRECTION('center_axis',(0.,-1.,0.));
#3894=DIRECTION('ref_axis',(0.766044443118981,0.,0.642787609686536));
#3895=DIRECTION('',(0.707106781186546,-0.707106781186549,0.));
#3896=DIRECTION('center_axis',(0.,1.,0.));
#3897=DIRECTION('ref_axis',(0.766044443118981,0.,0.642787609686536));
#3898=DIRECTION('center_axis',(-0.707106781186549,-0.707106781186546,0.));
#3899=DIRECTION('ref_axis',(0.,0.,-1.));
#3900=DIRECTION('',(0.,0.,1.));
#3901=DIRECTION('',(0.707106781186546,-0.707106781186549,0.));
#3902=DIRECTION('',(0.,0.,-1.));
#3903=DIRECTION('center_axis',(0.,-1.,0.));
#3904=DIRECTION('ref_axis',(0.707106781186548,0.,-0.707106781186548));
#3905=DIRECTION('center_axis',(0.,-1.,0.));
#3906=DIRECTION('ref_axis',(0.707106781186548,0.,-0.707106781186548));
#3907=DIRECTION('',(6.28036983473505E-15,-0.707106781186543,-0.707106781186552));
#3908=DIRECTION('center_axis',(0.,1.,0.));
#3909=DIRECTION('ref_axis',(0.707106781186548,0.,-0.707106781186548));
#3910=DIRECTION('center_axis',(0.,-0.707106781186546,0.707106781186549));
#3911=DIRECTION('ref_axis',(-1.,0.,0.));
#3912=DIRECTION('',(1.,0.,0.));
#3913=DIRECTION('',(0.,-0.707106781186549,-0.707106781186546));
#3914=DIRECTION('',(-1.,0.,0.));
#3915=DIRECTION('center_axis',(0.,1.,0.));
#3916=DIRECTION('ref_axis',(-0.707106781186548,0.,0.707106781186548));
#3917=DIRECTION('center_axis',(0.,1.,0.));
#3918=DIRECTION('ref_axis',(-0.707106781186548,0.,0.707106781186548));
#3919=DIRECTION('',(0.707106781186546,-0.707106781186549,0.));
#3920=DIRECTION('center_axis',(0.,-1.,0.));
#3921=DIRECTION('ref_axis',(-0.707106781186547,0.,0.707106781186547));
#3922=DIRECTION('center_axis',(-0.707106781186549,-0.707106781186546,0.));
#3923=DIRECTION('ref_axis',(0.,0.,-1.));
#3924=DIRECTION('',(0.,0.,1.));
#3925=DIRECTION('',(0.707106781186546,-0.707106781186549,0.));
#3926=DIRECTION('',(0.,0.,-1.));
#3927=DIRECTION('center_axis',(0.,1.,0.));
#3928=DIRECTION('ref_axis',(-0.707106781186548,0.,-0.707106781186548));
#3929=DIRECTION('',(0.,-0.707106781186549,0.707106781186546));
#3930=DIRECTION('center_axis',(0.,-1.,0.));
#3931=DIRECTION('ref_axis',(-0.707106781186547,0.,-0.707106781186547));
#3932=DIRECTION('center_axis',(0.,1.,0.));
#3933=DIRECTION('ref_axis',(-0.707106781186548,0.,-0.707106781186548));
#3934=DIRECTION('center_axis',(0.,-0.707106781186549,-0.707106781186546));
#3935=DIRECTION('ref_axis',(1.,0.,0.));
#3936=DIRECTION('',(1.,0.,0.));
#3937=DIRECTION('',(0.,0.707106781186546,-0.707106781186549));
#3938=DIRECTION('',(-1.,0.,0.));
#3939=DIRECTION('center_axis',(0.,-0.707106781186549,-0.707106781186546));
#3940=DIRECTION('ref_axis',(1.,0.,0.));
#3941=DIRECTION('',(0.,-0.707106781186546,0.707106781186549));
#3942=DIRECTION('',(1.,0.,0.));
#3943=DIRECTION('',(-1.,0.,0.));
#3944=DIRECTION('center_axis',(0.,-1.,0.));
#3945=DIRECTION('ref_axis',(-0.707106781186548,0.,0.707106781186548));
#3946=DIRECTION('center_axis',(0.,-1.,0.));
#3947=DIRECTION('ref_axis',(-0.707106781186548,0.,0.707106781186548));
#3948=DIRECTION('center_axis',(-0.707106781186549,-0.707106781186546,0.));
#3949=DIRECTION('ref_axis',(0.,0.,-1.));
#3950=DIRECTION('',(0.577350269189627,-0.577350269189629,0.577350269189622));
#3951=DIRECTION('',(0.577350269189622,-0.577350269189624,-0.577350269189631));
#3952=DIRECTION('',(0.,0.,-1.));
#3953=DIRECTION('',(-0.707106781186546,0.707106781186549,0.));
#3954=DIRECTION('',(0.,0.,1.));
#3955=DIRECTION('center_axis',(0.,-1.,0.));
#3956=DIRECTION('ref_axis',(0.707106781186552,0.,0.707106781186543));
#3957=DIRECTION('center_axis',(0.,-1.,0.));
#3958=DIRECTION('ref_axis',(0.707106781186552,0.,0.707106781186543));
#3959=DIRECTION('center_axis',(0.707106781186548,0.,0.707106781186547));
#3960=DIRECTION('ref_axis',(-0.707106781186547,0.,0.707106781186548));
#3961=DIRECTION('',(0.,1.,0.));
#3962=DIRECTION('',(-0.577350269189632,-0.577350269189625,0.57735026918962));
#3963=DIRECTION('',(0.,-1.,0.));
#3964=DIRECTION('center_axis',(1.,0.,0.));
#3965=DIRECTION('ref_axis',(0.,0.,1.));
#3966=DIRECTION('',(0.,-1.,0.));
#3967=DIRECTION('',(0.,1.,0.));
#3968=DIRECTION('center_axis',(0.,-1.,0.));
#3969=DIRECTION('ref_axis',(-0.707106781186548,0.,0.707106781186548));
#3970=DIRECTION('',(0.,-1.,0.));
#3971=DIRECTION('center_axis',(0.,-1.,0.));
#3972=DIRECTION('ref_axis',(0.707106781186548,0.,-0.707106781186547));
#3973=DIRECTION('',(0.,-1.,0.));
#3974=DIRECTION('',(0.,1.,0.));
#3975=DIRECTION('center_axis',(1.,0.,-2.60790922065474E-17));
#3976=DIRECTION('ref_axis',(2.60790922065474E-17,0.,1.));
#3977=DIRECTION('',(0.,1.,0.));
#3978=DIRECTION('center_axis',(0.,1.,0.));
#3979=DIRECTION('ref_axis',(-0.642787609686546,0.,0.766044443118973));
#3980=DIRECTION('center_axis',(0.,1.,0.));
#3981=DIRECTION('ref_axis',(0.766044443118981,0.,0.642787609686536));
#3982=DIRECTION('',(0.,-1.,0.));
#3983=DIRECTION('center_axis',(-1.,0.,0.));
#3984=DIRECTION('ref_axis',(0.,0.,-1.));
#3985=DIRECTION('',(0.,1.,0.));
#3986=DIRECTION('center_axis',(0.,1.,0.));
#3987=DIRECTION('ref_axis',(0.707106781186548,0.,-0.707106781186548));
#3988=DIRECTION('',(0.,-1.,0.));
#3989=DIRECTION('center_axis',(0.,0.,1.));
#3990=DIRECTION('ref_axis',(-1.,0.,0.));
#3991=DIRECTION('',(0.,1.,0.));
#3992=DIRECTION('center_axis',(0.,-1.,0.));
#3993=DIRECTION('ref_axis',(-0.707106781186548,0.,0.707106781186548));
#3994=DIRECTION('',(0.,-1.,0.));
#3995=DIRECTION('center_axis',(-1.,0.,0.));
#3996=DIRECTION('ref_axis',(0.,0.,-1.));
#3997=DIRECTION('',(0.,1.,0.));
#3998=DIRECTION('center_axis',(0.,1.,0.));
#3999=DIRECTION('ref_axis',(-0.707106781186548,0.,-0.707106781186548));
#4000=DIRECTION('',(0.,-1.,0.));
#4001=DIRECTION('center_axis',(0.,0.,-1.));
#4002=DIRECTION('ref_axis',(0.,1.,0.));
#4003=DIRECTION('',(0.,1.,0.));
#4004=DIRECTION('center_axis',(0.,-1.,0.));
#4005=DIRECTION('ref_axis',(0.707106781186554,0.,0.707106781186541));
#4006=DIRECTION('',(0.,-1.,0.));
#4007=DIRECTION('center_axis',(-1.,0.,0.));
#4008=DIRECTION('ref_axis',(0.,0.,-1.));
#4009=DIRECTION('',(0.,-1.,0.));
#4010=DIRECTION('',(0.,1.,0.));
#4011=DIRECTION('center_axis',(0.,1.,0.));
#4012=DIRECTION('ref_axis',(1.,0.,0.));
#4013=DIRECTION('',(-1.,0.,0.));
#4014=DIRECTION('center_axis',(0.,-1.,0.));
#4015=DIRECTION('ref_axis',(0.707106781186548,0.,0.707106781186548));
#4016=DIRECTION('',(-1.,0.,0.));
#4017=DIRECTION('center_axis',(0.,-1.,0.));
#4018=DIRECTION('ref_axis',(-0.707106781186548,0.,0.707106781186548));
#4019=DIRECTION('',(1.,0.,0.));
#4020=DIRECTION('center_axis',(0.,1.,0.));
#4021=DIRECTION('ref_axis',(0.,0.,-1.));
#4022=DIRECTION('center_axis',(0.,1.,0.));
#4023=DIRECTION('ref_axis',(0.,0.,-1.));
#4024=DIRECTION('center_axis',(0.,1.,0.));
#4025=DIRECTION('ref_axis',(0.,0.,-1.));
#4026=DIRECTION('center_axis',(0.,1.,0.));
#4027=DIRECTION('ref_axis',(0.,0.,-1.));
#4028=DIRECTION('center_axis',(-0.573576436351036,0.,0.819152044288999));
#4029=DIRECTION('ref_axis',(0.819152044288999,0.,0.573576436351036));
#4030=DIRECTION('',(0.819152044288999,0.,0.573576436351036));
#4031=DIRECTION('',(-7.42511732734031E-30,-1.,-5.19912312469508E-30));
#4032=DIRECTION('center_axis',(0.,-0.707106781186551,0.707106781186544));
#4033=DIRECTION('ref_axis',(-1.,0.,0.));
#4034=DIRECTION('',(1.,0.,0.));
#4035=DIRECTION('center_axis',(0.173648177666929,0.,0.984807753012208));
#4036=DIRECTION('ref_axis',(0.984807753012208,0.,-0.173648177666929));
#4037=DIRECTION('',(0.,1.,0.));
#4038=DIRECTION('',(0.984807753012208,0.,-0.173648177666929));
#4039=DIRECTION('',(0.,1.,0.));
#4040=DIRECTION('center_axis',(0.942860799158164,0.,-0.333186904620857));
#4041=DIRECTION('ref_axis',(-0.333186904620857,0.,-0.942860799158164));
#4042=DIRECTION('',(-0.333186904620857,0.,-0.942860799158164));
#4043=DIRECTION('',(0.,-1.,0.));
#4044=DIRECTION('center_axis',(0.,-1.,0.));
#4045=DIRECTION('ref_axis',(0.,0.,-1.));
#4046=DIRECTION('',(0.173648177666932,0.,0.984807753012208));
#4047=DIRECTION('center_axis',(0.,-1.,0.));
#4048=DIRECTION('ref_axis',(0.,0.,-1.));
#4049=DIRECTION('',(-0.173648177666932,0.,-0.984807753012208));
#4050=DIRECTION('center_axis',(-0.999955968269893,0.,0.00938411004951453));
#4051=DIRECTION('ref_axis',(0.00938411004951453,0.,0.999955968269893));
#4052=DIRECTION('',(-3.65862381917563E-31,1.,-3.89857184574292E-29));
#4053=DIRECTION('',(0.00938411004951453,0.,0.999955968269893));
#4054=DIRECTION('',(0.,1.,0.));
#4055=DIRECTION('center_axis',(0.17364817766693,0.,0.984807753012208));
#4056=DIRECTION('ref_axis',(0.984807753012208,0.,-0.17364817766693));
#4057=DIRECTION('',(0.984807753012208,0.,-0.17364817766693));
#4058=DIRECTION('',(-6.31212022601778E-30,-1.,1.11299710132255E-30));
#4059=DIRECTION('center_axis',(0.,-1.,0.));
#4060=DIRECTION('ref_axis',(0.,0.,-1.));
#4061=DIRECTION('',(-0.173648177666932,0.,-0.984807753012208));
#4062=DIRECTION('center_axis',(0.,-1.,0.));
#4063=DIRECTION('ref_axis',(0.,0.,-1.));
#4064=DIRECTION('',(0.173648177666932,0.,0.984807753012208));
#4065=DIRECTION('center_axis',(-0.984807753012208,6.40949485492072E-30,
0.173648177666932));
#4066=DIRECTION('ref_axis',(-6.73826977931625E-16,1.,-3.82146268951157E-15));
#4067=DIRECTION('',(-0.173648177666932,-3.96508223080414E-15,-0.984807753012208));
#4068=DIRECTION('',(-6.73826977931618E-16,1.,-3.82146268951158E-15));
#4069=DIRECTION('center_axis',(0.,1.,0.));
#4070=DIRECTION('ref_axis',(-0.0333333333333332,0.,-0.999444290037663));
#4071=DIRECTION('center_axis',(6.05576195250084E-16,-1.,-2.0977774760548E-15));
#4072=DIRECTION('ref_axis',(-0.0333333333333332,2.07642584703759E-15,-0.999444290037663));
#4073=DIRECTION('',(0.577802539471645,-0.706829660553447,0.408088294786822));
#4074=DIRECTION('center_axis',(-6.05576195250084E-16,1.,2.0977774760548E-15));
#4075=DIRECTION('ref_axis',(-0.0333333333333332,2.07642584703759E-15,-0.999444290037663));
#4076=DIRECTION('center_axis',(0.,-1.,0.));
#4077=DIRECTION('ref_axis',(-0.0333333333333332,0.,-0.999444290037663));
#4078=DIRECTION('center_axis',(6.05576195250084E-16,-1.,-2.09777747605479E-15));
#4079=DIRECTION('ref_axis',(-0.0333333333333332,2.07642584703758E-15,-0.999444290037663));
#4080=DIRECTION('',(-0.577802539478148,-0.706829660545695,-0.408088294791042));
#4081=DIRECTION('center_axis',(-6.05576195250084E-16,1.,2.09777747605479E-15));
#4082=DIRECTION('ref_axis',(-0.0333333333333332,2.07642584703758E-15,-0.999444290037663));
#4083=DIRECTION('center_axis',(0.,-1.,0.));
#4084=DIRECTION('ref_axis',(-0.234200496329165,0.,-0.972188318958407));
#4085=DIRECTION('center_axis',(0.0128846502906943,-0.500383005911521,0.865708284112978));
#4086=DIRECTION('ref_axis',(0.0638551499431351,-0.863601196533857,-0.500115479835437));
#4087=DIRECTION('center_axis',(-0.000158821313201596,0.999999958307104,
-0.000241167120290926));
#4088=DIRECTION('ref_axis',(-0.549676940756324,-0.000288765955329671,-0.835377266517944));
#4089=DIRECTION('center_axis',(0.0128846502878937,0.500383005912425,0.865708284112497));
#4090=DIRECTION('ref_axis',(-0.0638551497369268,-0.86360119654619,0.500115479840469));
#4091=DIRECTION('center_axis',(-2.21656271388658E-16,-0.499999999999998,
-0.86602540378444));
#4092=DIRECTION('ref_axis',(7.64814704811643E-16,-0.86602540378444,0.499999999999998));
#4093=DIRECTION('',(-1.,-6.05576195250085E-16,6.05576195250085E-16));
#4094=DIRECTION('',(-7.64814704811643E-16,0.86602540378444,-0.499999999999998));
#4095=DIRECTION('',(-1.,-6.05576195250085E-16,6.05576195250085E-16));
#4096=DIRECTION('center_axis',(-8.27232466638742E-16,0.500000000000002,
-0.866025403784438));
#4097=DIRECTION('ref_axis',(2.18518487089041E-16,-0.866025403784438,-0.500000000000002));
#4098=DIRECTION('',(-2.18518487089041E-16,0.866025403784438,0.500000000000002));
#4099=DIRECTION('',(-1.,-6.05576195250085E-16,6.05576195250085E-16));
#4100=DIRECTION('center_axis',(-6.05576195250084E-16,1.,2.09777747605479E-15));
#4101=DIRECTION('ref_axis',(-5.46296217722602E-16,2.09777747605479E-15,
-1.));
#4102=DIRECTION('',(5.46296217722602E-16,-2.09777747605479E-15,1.));
#4103=DIRECTION('',(-1.,-6.05576195250085E-16,6.05576195250085E-16));
#4104=DIRECTION('center_axis',(0.,1.,0.));
#4105=DIRECTION('ref_axis',(-3.97829917157348E-16,0.,1.));
#4106=DIRECTION('',(0.,-1.,0.));
#4107=DIRECTION('center_axis',(0.,-1.,0.));
#4108=DIRECTION('ref_axis',(-0.0333333333333332,0.,-0.999444290037663));
#4109=DIRECTION('',(0.,-1.,0.));
#4110=DIRECTION('center_axis',(0.,1.,0.));
#4111=DIRECTION('ref_axis',(0.0333333333333332,0.,0.999444290037663));
#4112=DIRECTION('',(0.,1.,0.));
#4113=DIRECTION('center_axis',(0.,1.,0.));
#4114=DIRECTION('ref_axis',(0.0333333333333335,0.,0.999444290037663));
#4115=DIRECTION('center_axis',(-6.05576195250084E-16,-1.,-2.09777747605479E-15));
#4116=DIRECTION('ref_axis',(0.0333333333333335,-2.11679759338758E-15,0.999444290037663));
#4117=DIRECTION('center_axis',(6.05576195250084E-16,1.,2.09777747605479E-15));
#4118=DIRECTION('ref_axis',(0.0333333333333335,-2.11679759338758E-15,0.999444290037663));
#4119=DIRECTION('',(-0.577802539471655,0.706829660553502,0.408088294786713));
#4120=DIRECTION('center_axis',(0.0128846502939375,0.500383005910527,-0.865708284113505));
#4121=DIRECTION('ref_axis',(0.0638551501184585,0.863601196523471,0.500115479830987));
#4122=DIRECTION('center_axis',(-0.000158821340823927,-0.99999995830709,
0.000241167162941515));
#4123=DIRECTION('ref_axis',(-0.549676940755906,0.000288766006142345,0.835377266518202));
#4124=DIRECTION('center_axis',(0.0128846502883114,-0.500383005912217,-0.865708284112612));
#4125=DIRECTION('ref_axis',(-0.0638551500341256,0.863601196527912,-0.500115479834085));
#4126=DIRECTION('center_axis',(0.,1.,0.));
#4127=DIRECTION('ref_axis',(-0.234193541652281,0.,0.972189994316112));
#4128=DIRECTION('center_axis',(0.,-1.,0.));
#4129=DIRECTION('ref_axis',(0.0333333333333335,0.,0.999444290037663));
#4130=DIRECTION('center_axis',(-6.05576195250084E-16,-1.,-2.0977774760548E-15));
#4131=DIRECTION('ref_axis',(0.0333333333333335,-2.11679759338759E-15,0.999444290037663));
#4132=DIRECTION('center_axis',(6.05576195250084E-16,1.,2.0977774760548E-15));
#4133=DIRECTION('ref_axis',(0.0333333333333335,-2.11679759338759E-15,0.999444290037663));
#4134=DIRECTION('',(0.577802539470719,0.706829660553691,-0.408088294787712));
#4135=DIRECTION('center_axis',(6.05576195250084E-16,1.,2.0977774760548E-15));
#4136=DIRECTION('ref_axis',(5.46296217722603E-16,2.0977774760548E-15,-1.));
#4137=DIRECTION('',(-1.,6.05576195250085E-16,-6.05576195250085E-16));
#4138=DIRECTION('',(-5.46296217722603E-16,-2.0977774760548E-15,1.));
#4139=DIRECTION('',(-1.,6.05576195250085E-16,-6.05576195250085E-16));
#4140=DIRECTION('center_axis',(-2.21656271388658E-16,0.499999999999998,
0.86602540378444));
#4141=DIRECTION('ref_axis',(7.64814704811643E-16,0.86602540378444,-0.499999999999998));
#4142=DIRECTION('',(-7.64814704811643E-16,-0.86602540378444,0.499999999999998));
#4143=DIRECTION('',(-1.,6.05576195250085E-16,-6.05576195250085E-16));
#4144=DIRECTION('center_axis',(-8.27232466638742E-16,-0.500000000000002,
0.866025403784438));
#4145=DIRECTION('ref_axis',(2.18518487089041E-16,0.866025403784438,0.500000000000002));
#4146=DIRECTION('',(-2.18518487089041E-16,-0.866025403784438,-0.500000000000002));
#4147=DIRECTION('',(-1.,6.05576195250085E-16,-6.05576195250085E-16));
#4148=DIRECTION('center_axis',(0.,1.,0.));
#4149=DIRECTION('ref_axis',(-3.46944695195362E-16,0.,-1.));
#4150=DIRECTION('',(0.,-1.,0.));
#4151=DIRECTION('',(0.,-1.,0.));
#4152=DIRECTION('center_axis',(0.,1.,0.));
#4153=DIRECTION('ref_axis',(-0.0333333333333335,0.,-0.999444290037663));
#4154=DIRECTION('',(0.,1.,0.));
#4155=DIRECTION('center_axis',(0.,-1.,0.));
#4156=DIRECTION('ref_axis',(-0.0333333333333335,0.,-0.999444290037663));
#4157=DIRECTION('',(-0.222430994168124,3.32754293461371E-14,0.97494843598694));
#4158=DIRECTION('center_axis',(-1.,0.,0.));
#4159=DIRECTION('ref_axis',(0.,0.,-1.));
#4160=DIRECTION('',(-1.,0.,0.));
#4161=DIRECTION('center_axis',(1.,0.,0.));
#4162=DIRECTION('ref_axis',(0.,0.,-1.));
#4163=DIRECTION('',(-0.864484601720558,0.,0.502659301503562));
#4164=DIRECTION('center_axis',(-1.,0.,0.));
#4165=DIRECTION('ref_axis',(0.,0.,1.));
#4166=DIRECTION('',(-1.,0.,0.));
#4167=DIRECTION('center_axis',(1.,0.,0.));
#4168=DIRECTION('ref_axis',(0.,0.,1.));
#4169=DIRECTION('center_axis',(0.,1.,0.));
#4170=DIRECTION('ref_axis',(0.,0.,-1.));
#4171=DIRECTION('',(0.,0.706056676955946,0.708155328247926));
#4172=DIRECTION('',(0.,0.707106781186546,-0.707106781186549));
#4173=DIRECTION('center_axis',(0.,-1.,0.));
#4174=DIRECTION('ref_axis',(0.,0.,-1.));
#4175=DIRECTION('center_axis',(0.,-1.,0.));
#4176=DIRECTION('ref_axis',(1.,0.,0.));
#4177=DIRECTION('',(-9.97953280561938E-16,0.,-1.));
#4178=DIRECTION('center_axis',(0.,1.,0.));
#4179=DIRECTION('ref_axis',(-0.0333333333333335,0.,-0.999444290037663));
#4180=DIRECTION('',(0.,0.,1.));
#4181=DIRECTION('center_axis',(-1.,0.,0.));
#4182=DIRECTION('ref_axis',(0.,0.,1.));
#4183=DIRECTION('',(0.,-0.706899302821065,0.707314198691849));
#4184=DIRECTION('',(0.,-1.,0.));
#4185=DIRECTION('',(0.,0.,-1.));
#4186=DIRECTION('',(0.,1.,0.));
#4187=DIRECTION('center_axis',(1.,0.,0.));
#4188=DIRECTION('ref_axis',(0.,0.,1.));
#4189=DIRECTION('center_axis',(-0.74652518476008,0.,0.665357158614025));
#4190=DIRECTION('ref_axis',(-0.665357158614025,0.,-0.74652518476008));
#4191=DIRECTION('',(0.665357158614025,0.,0.74652518476008));
#4192=DIRECTION('center_axis',(0.,1.,0.));
#4193=DIRECTION('ref_axis',(0.,0.,1.));
#4194=DIRECTION('',(-0.00116264607136303,-0.7071062909196,-0.707106315624488));
#4195=DIRECTION('',(0.,-0.707106781186546,-0.707106781186549));
#4196=DIRECTION('center_axis',(0.,1.,0.));
#4197=DIRECTION('ref_axis',(0.,0.,1.));
#4198=DIRECTION('',(0.,-0.706056677070119,0.708155328134091));
#4199=DIRECTION('center_axis',(0.,-1.,0.));
#4200=DIRECTION('ref_axis',(0.,0.,1.));
#4201=DIRECTION('center_axis',(-1.,0.,0.));
#4202=DIRECTION('ref_axis',(0.,0.,-1.));
#4203=DIRECTION('',(0.,-1.,0.));
#4204=DIRECTION('',(0.,0.,-1.));
#4205=DIRECTION('',(0.,1.,0.));
#4206=DIRECTION('',(0.,0.706899303797049,0.707314197716437));
#4207=DIRECTION('',(0.,0.,1.));
#4208=DIRECTION('center_axis',(1.,0.,0.));
#4209=DIRECTION('ref_axis',(0.,0.,-1.));
#4210=DIRECTION('center_axis',(0.,1.,0.));
#4211=DIRECTION('ref_axis',(1.,0.,0.));
#4212=DIRECTION('center_axis',(0.,1.,0.));
#4213=DIRECTION('ref_axis',(-0.0333333333333332,0.,-0.999444290037663));
#4214=DIRECTION('',(-0.00164422870234927,0.,-0.999998648255074));
#4215=DIRECTION('center_axis',(0.,-1.,0.));
#4216=DIRECTION('ref_axis',(-0.0333333333333332,0.,-0.999444290037663));
#4217=DIRECTION('',(-0.00116264540766859,0.707106694572849,-0.707105911972115));
#4218=DIRECTION('center_axis',(-0.690414261836371,0.,0.723414229230349));
#4219=DIRECTION('ref_axis',(-0.723414229230349,0.,-0.690414261836371));
#4220=DIRECTION('',(0.723414229230349,0.,0.690414261836371));
#4221=DIRECTION('center_axis',(0.,-1.,0.));
#4222=DIRECTION('ref_axis',(-0.0333333333333335,0.,-0.999444290037663));
#4223=DIRECTION('',(-4.24349313157771E-16,-0.707106781186557,-0.707106781186538));
#4224=DIRECTION('center_axis',(-0.690414261836371,0.,-0.723414229230349));
#4225=DIRECTION('ref_axis',(0.723414229230349,0.,-0.690414261836371));
#4226=DIRECTION('',(-0.723414229230349,0.,0.690414261836371));
#4227=DIRECTION('center_axis',(0.618318867699662,0.560340178840819,-0.551090429805533));
#4228=DIRECTION('ref_axis',(0.665357158614024,1.11022302462516E-16,0.746525184760081));
#4229=DIRECTION('',(0.705158202362313,-0.705158202362321,0.0741877299982295));
#4230=DIRECTION('',(-0.665357158614024,0.,-0.746525184760081));
#4231=DIRECTION('center_axis',(0.746525184760081,0.,-0.665357158614024));
#4232=DIRECTION('ref_axis',(0.665357158614024,0.,0.746525184760081));
#4233=DIRECTION('',(0.,1.,0.));
#4234=DIRECTION('',(0.,-1.,0.));
#4235=DIRECTION('center_axis',(0.558819180973373,0.587261965996361,0.585529253129455));
#4236=DIRECTION('ref_axis',(-0.723414229230337,-2.77555756156289E-16,0.690414261836383));
#4237=DIRECTION('',(-0.706690019325931,0.706690019325938,-0.034328314409841));
#4238=DIRECTION('',(0.723414229230337,0.,-0.690414261836383));
#4239=DIRECTION('center_axis',(0.707106781186551,0.707106781186544,7.04694283796065E-16));
#4240=DIRECTION('ref_axis',(-9.96588213471185E-16,0.,1.));
#4241=DIRECTION('',(-9.96588213471185E-16,0.,1.));
#4242=DIRECTION('',(9.96588213471185E-16,0.,-1.));
#4243=DIRECTION('center_axis',(-0.618318867699656,0.560340178840819,-0.55109042980554));
#4244=DIRECTION('ref_axis',(0.665357158614032,-5.55111512312579E-17,-0.746525184760073));
#4245=DIRECTION('',(0.705158202362317,0.705158202362317,-0.0741877299982291));
#4246=DIRECTION('',(-0.665357158614032,0.,0.746525184760073));
#4247=DIRECTION('center_axis',(-0.746525184760073,0.,-0.665357158614032));
#4248=DIRECTION('ref_axis',(0.665357158614032,0.,-0.746525184760073));
#4249=DIRECTION('',(0.,1.,0.));
#4250=DIRECTION('center_axis',(-0.55881918097336,0.587261965996361,0.585529253129467));
#4251=DIRECTION('ref_axis',(-0.723414229230352,-8.32667268468867E-17,-0.690414261836367));
#4252=DIRECTION('',(-0.706690019325934,-0.706690019325934,0.0343283144098408));
#4253=DIRECTION('center_axis',(0.,1.,0.));
#4254=DIRECTION('ref_axis',(0.0333333333333332,0.,0.999444290037663));
#4255=DIRECTION('center_axis',(0.,-1.,0.));
#4256=DIRECTION('ref_axis',(0.0333333333333332,0.,0.999444290037663));
#4257=DIRECTION('center_axis',(-0.707106781186548,0.707106781186548,0.));
#4258=DIRECTION('ref_axis',(0.,0.,-1.));
#4259=DIRECTION('',(0.,0.,1.));
#4260=DIRECTION('center_axis',(0.,-1.,0.));
#4261=DIRECTION('ref_axis',(0.,0.,1.));
#4262=DIRECTION('center_axis',(0.,-1.,0.));
#4263=DIRECTION('ref_axis',(0.,0.,1.));
#4264=DIRECTION('center_axis',(0.,1.,0.));
#4265=DIRECTION('ref_axis',(0.,0.,1.));
#4266=DIRECTION('center_axis',(1.,0.,9.96588213471185E-16));
#4267=DIRECTION('ref_axis',(-9.96588213471185E-16,0.,1.));
#4268=DIRECTION('',(0.,-1.,0.));
#4269=DIRECTION('center_axis',(-1.,0.,0.));
#4270=DIRECTION('ref_axis',(0.,0.,1.));
#4271=DIRECTION('center_axis',(0.,1.,0.));
#4272=DIRECTION('ref_axis',(1.,0.,0.));
#4273=DIRECTION('center_axis',(-1.,0.,0.));
#4274=DIRECTION('ref_axis',(0.,0.,-1.));
#4275=DIRECTION('center_axis',(-1.,0.,0.));
#4276=DIRECTION('ref_axis',(0.,0.,1.));
#4277=DIRECTION('center_axis',(-1.,0.,0.));
#4278=DIRECTION('ref_axis',(0.,0.,1.));
#4279=DIRECTION('',(-1.,0.,0.));
#4280=DIRECTION('center_axis',(6.05576195250084E-16,-1.,-2.0977774760548E-15));
#4281=DIRECTION('ref_axis',(5.46296217722603E-16,-2.0977774760548E-15,1.));
#4282=DIRECTION('',(-1.,-6.05576195250085E-16,6.05576195250085E-16));
#4283=DIRECTION('',(-5.46296217722603E-16,2.0977774760548E-15,-1.));
#4284=DIRECTION('center_axis',(8.27232466638743E-16,-0.500000000000003,
0.866025403784437));
#4285=DIRECTION('ref_axis',(-2.1851848708904E-16,0.866025403784437,0.500000000000003));
#4286=DIRECTION('',(-1.,-6.05576195250085E-16,6.05576195250085E-16));
#4287=DIRECTION('',(2.18518487089041E-16,-0.866025403784437,-0.500000000000002));
#4288=DIRECTION('center_axis',(2.21656271388658E-16,0.499999999999999,0.866025403784439));
#4289=DIRECTION('ref_axis',(-7.64814704811643E-16,0.866025403784439,-0.499999999999999));
#4290=DIRECTION('',(7.64814704811643E-16,-0.866025403784439,0.499999999999999));
#4291=DIRECTION('center_axis',(-1.,-5.67727683046955E-16,5.46296217722601E-16));
#4292=DIRECTION('ref_axis',(-5.46296217722601E-16,0.,-1.));
#4293=DIRECTION('center_axis',(1.,5.67727683046955E-16,-5.46296217722601E-16));
#4294=DIRECTION('ref_axis',(-5.46296217722601E-16,-3.10147485944967E-31,
-1.));
#4295=DIRECTION('center_axis',(1.,0.,0.));
#4296=DIRECTION('ref_axis',(0.,0.,-1.));
#4297=DIRECTION('',(1.,0.,0.));
#4298=DIRECTION('center_axis',(0.,-1.,0.));
#4299=DIRECTION('ref_axis',(0.,0.,1.));
#4300=DIRECTION('center_axis',(0.,-1.,0.));
#4301=DIRECTION('ref_axis',(0.,0.,1.));
#4302=DIRECTION('',(0.,-1.,0.));
#4303=DIRECTION('',(0.,1.,0.));
#4304=DIRECTION('center_axis',(0.690414261836383,0.,0.723414229230337));
#4305=DIRECTION('ref_axis',(-0.723414229230337,0.,0.690414261836383));
#4306=DIRECTION('center_axis',(0.618318867699645,0.560340178840825,0.551090429805547));
#4307=DIRECTION('ref_axis',(-0.665357158614044,8.32667268468867E-17,0.746525184760063));
#4308=DIRECTION('',(0.665357158614044,0.,-0.746525184760063));
#4309=DIRECTION('',(-0.705158202362311,0.705158202362327,0.0741877299981988));
#4310=DIRECTION('center_axis',(-0.618318867699659,0.560340178840823,0.551090429805532));
#4311=DIRECTION('ref_axis',(-0.665357158614025,1.66533453693774E-16,-0.74652518476008));
#4312=DIRECTION('',(-0.705158202362317,-0.705158202362317,-0.0741877299982291));
#4313=DIRECTION('center_axis',(0.,-1.,0.));
#4314=DIRECTION('ref_axis',(0.,0.,-1.));
#4315=DIRECTION('center_axis',(0.,1.,0.));
#4316=DIRECTION('ref_axis',(0.,0.,-1.));
#4317=DIRECTION('center_axis',(0.558819180973364,0.587261965996353,-0.585529253129472));
#4318=DIRECTION('ref_axis',(0.723414229230353,2.4980018054066E-16,0.690414261836366));
#4319=DIRECTION('',(-0.723414229230352,0.,-0.690414261836366));
#4320=DIRECTION('',(0.706690019325927,-0.706690019325942,-0.0343283144098412));
#4321=DIRECTION('center_axis',(-0.558819180973361,0.587261965996367,-0.585529253129461));
#4322=DIRECTION('ref_axis',(0.723414229230348,2.77555756156289E-16,-0.690414261836371));
#4323=DIRECTION('',(0.706690019325934,0.706690019325934,0.0343283144098408));
#4324=DIRECTION('center_axis',(0.,1.,0.));
#4325=DIRECTION('ref_axis',(-0.0333333333333335,0.,-0.999444290037663));
#4326=DIRECTION('center_axis',(0.,-1.,0.));
#4327=DIRECTION('ref_axis',(-0.0333333333333335,0.,-0.999444290037663));
#4328=DIRECTION('center_axis',(-0.707106781186548,0.707106781186548,0.));
#4329=DIRECTION('ref_axis',(0.,0.,-1.));
#4330=DIRECTION('',(0.,0.,1.));
#4331=DIRECTION('center_axis',(0.707106781186555,0.70710678118654,-3.52347141898034E-16));
#4332=DIRECTION('ref_axis',(4.98294106735592E-16,-9.86076131526265E-32,
1.));
#4333=DIRECTION('',(-4.98294106735592E-16,0.,-1.));
#4334=DIRECTION('',(4.98294106735592E-16,0.,1.));
#4335=DIRECTION('center_axis',(0.690414261836367,0.,-0.723414229230353));
#4336=DIRECTION('ref_axis',(0.723414229230353,0.,0.690414261836367));
#4337=DIRECTION('',(0.,1.,0.));
#4338=DIRECTION('center_axis',(0.746525184760063,0.,0.665357158614044));
#4339=DIRECTION('ref_axis',(-0.665357158614044,0.,0.746525184760063));
#4340=DIRECTION('',(0.,-1.,0.));
#4341=DIRECTION('center_axis',(1.,0.,-4.98294106735592E-16));
#4342=DIRECTION('ref_axis',(4.98294106735592E-16,0.,1.));
#4343=DIRECTION('center_axis',(-1.,0.,0.));
#4344=DIRECTION('ref_axis',(0.,0.,-1.));
#4345=DIRECTION('center_axis',(0.,-1.,0.));
#4346=DIRECTION('ref_axis',(1.,0.,0.));
#4347=DIRECTION('center_axis',(0.999998648255074,0.,-0.00164422870234927));
#4348=DIRECTION('ref_axis',(0.00164422870234927,0.,0.999998648255074));
#4349=DIRECTION('',(0.,-1.,0.));
#4350=DIRECTION('center_axis',(1.,0.,0.));
#4351=DIRECTION('ref_axis',(0.,0.,1.));
#4352=DIRECTION('center_axis',(-1.,0.,0.));
#4353=DIRECTION('ref_axis',(0.,0.,1.));
#4354=DIRECTION('center_axis',(-1.,0.,0.));
#4355=DIRECTION('ref_axis',(0.,0.,-1.));
#4356=DIRECTION('center_axis',(-1.,0.,0.));
#4357=DIRECTION('ref_axis',(0.,0.,-1.));
#4358=DIRECTION('',(-1.,0.,0.));
#4359=DIRECTION('center_axis',(8.27232466638743E-16,0.500000000000003,-0.866025403784437));
#4360=DIRECTION('ref_axis',(-2.1851848708904E-16,-0.866025403784437,-0.500000000000003));
#4361=DIRECTION('',(-1.,6.05576195250085E-16,-6.05576195250085E-16));
#4362=DIRECTION('',(2.18518487089041E-16,0.866025403784437,0.500000000000002));
#4363=DIRECTION('center_axis',(2.21656271388658E-16,-0.499999999999999,
-0.866025403784439));
#4364=DIRECTION('ref_axis',(-7.64814704811643E-16,-0.866025403784439,0.499999999999999));
#4365=DIRECTION('',(-1.,6.05576195250085E-16,-6.05576195250085E-16));
#4366=DIRECTION('',(7.64814704811643E-16,0.866025403784439,-0.499999999999999));
#4367=DIRECTION('center_axis',(-6.05576195250084E-16,-1.,-2.09777747605479E-15));
#4368=DIRECTION('ref_axis',(-5.46296217722602E-16,-2.09777747605479E-15,
1.));
#4369=DIRECTION('',(5.46296217722602E-16,2.09777747605479E-15,-1.));
#4370=DIRECTION('center_axis',(-1.,5.67727683046955E-16,-5.46296217722601E-16));
#4371=DIRECTION('ref_axis',(-5.46296217722601E-16,0.,1.));
#4372=DIRECTION('center_axis',(1.,-5.67727683046955E-16,5.46296217722601E-16));
#4373=DIRECTION('ref_axis',(-5.46296217722601E-16,3.10147485944967E-31,
1.));
#4374=DIRECTION('center_axis',(1.,0.,0.));
#4375=DIRECTION('ref_axis',(0.,0.,1.));
#4376=DIRECTION('',(1.,0.,0.));
#4377=DIRECTION('center_axis',(1.,0.,-9.97953280561938E-16));
#4378=DIRECTION('ref_axis',(9.97953280561938E-16,0.,1.));
#4379=DIRECTION('center_axis',(0.,0.,1.));
#4380=DIRECTION('ref_axis',(-1.,0.,0.));
#4381=DIRECTION('center_axis',(0.173648177666932,3.96508223080414E-15,0.984807753012208));
#4382=DIRECTION('ref_axis',(-0.984807753012208,9.86076131526265E-32,0.173648177666932));
#4383=DIRECTION('',(0.984807753012208,-6.00890142648817E-32,-0.173648177666932));
#4384=DIRECTION('center_axis',(-0.173648177666932,-3.96508223080414E-15,
-0.984807753012208));
#4385=DIRECTION('ref_axis',(-0.696364240320018,0.707106781186549,0.122787803968971));
#4386=DIRECTION('',(-7.00114053383648E-30,-1.,0.));
#4387=DIRECTION('center_axis',(-0.173648177666932,-3.96508223080414E-15,
-0.984807753012208));
#4388=DIRECTION('ref_axis',(0.696364240320017,0.707106781186549,-0.122787803968977));
#4389=DIRECTION('center_axis',(0.,-1.,0.));
#4390=DIRECTION('ref_axis',(-1.,0.,0.));
#4391=DIRECTION('center_axis',(0.,-1.,0.));
#4392=DIRECTION('ref_axis',(-1.,0.,0.));
#4393=DIRECTION('',(0.707106781186547,-0.707106781186548,8.65956056235493E-17));
#4394=DIRECTION('center_axis',(0.,1.,0.));
#4395=DIRECTION('ref_axis',(-1.,0.,0.));
#4396=DIRECTION('center_axis',(0.,-1.,0.));
#4397=DIRECTION('ref_axis',(-1.,0.,0.));
#4398=DIRECTION('center_axis',(0.,-1.,0.));
#4399=DIRECTION('ref_axis',(-1.,0.,0.));
#4400=DIRECTION('',(0.,-1.,0.));
#4401=DIRECTION('center_axis',(0.,-1.,0.));
#4402=DIRECTION('ref_axis',(0.,0.,1.));
#4403=DIRECTION('center_axis',(0.,-1.,0.));
#4404=DIRECTION('ref_axis',(0.,0.,1.));
#4405=DIRECTION('center_axis',(0.,1.,0.));
#4406=DIRECTION('ref_axis',(-1.,0.,0.));
#4407=DIRECTION('center_axis',(0.,-1.,0.));
#4408=DIRECTION('ref_axis',(0.,0.,1.));
#4409=DIRECTION('center_axis',(0.,-1.,0.));
#4410=DIRECTION('ref_axis',(0.,0.,1.));
#4411=DIRECTION('center_axis',(0.,-1.,0.));
#4412=DIRECTION('ref_axis',(0.,0.,1.));
#4413=DIRECTION('',(8.65956056235493E-17,-0.707106781186548,-0.707106781186547));
#4414=DIRECTION('center_axis',(0.,1.,0.));
#4415=DIRECTION('ref_axis',(0.,0.,-1.));
#4416=DIRECTION('',(0.,1.,0.));
#4417=DIRECTION('center_axis',(0.,1.,0.));
#4418=DIRECTION('ref_axis',(0.,0.,-1.));
#4419=DIRECTION('center_axis',(0.,-1.,0.));
#4420=DIRECTION('ref_axis',(0.,0.,1.));
#4421=DIRECTION('center_axis',(0.,-1.,0.));
#4422=DIRECTION('ref_axis',(0.,0.,1.));
#4423=DIRECTION('center_axis',(0.,-1.,0.));
#4424=DIRECTION('ref_axis',(0.,0.,1.));
#4425=DIRECTION('',(8.65956056235493E-17,-0.707106781186548,-0.707106781186547));
#4426=DIRECTION('center_axis',(0.,1.,0.));
#4427=DIRECTION('ref_axis',(0.,0.,-1.));
#4428=DIRECTION('',(0.,1.,0.));
#4429=DIRECTION('center_axis',(0.,1.,0.));
#4430=DIRECTION('ref_axis',(0.,0.,-1.));
#4431=DIRECTION('center_axis',(0.,-1.,0.));
#4432=DIRECTION('ref_axis',(0.,0.,1.));
#4433=DIRECTION('center_axis',(0.,-1.,0.));
#4434=DIRECTION('ref_axis',(0.,0.,1.));
#4435=DIRECTION('center_axis',(0.,-1.,0.));
#4436=DIRECTION('ref_axis',(0.,0.,1.));
#4437=DIRECTION('',(8.65956056235493E-17,-0.707106781186548,-0.707106781186547));
#4438=DIRECTION('center_axis',(0.,-1.,0.));
#4439=DIRECTION('ref_axis',(0.,0.,-1.));
#4440=DIRECTION('center_axis',(0.,-1.,0.));
#4441=DIRECTION('ref_axis',(0.,0.,-1.));
#4442=DIRECTION('',(0.,-1.,0.));
#4443=DIRECTION('center_axis',(0.,-1.,0.));
#4444=DIRECTION('ref_axis',(0.,0.,1.));
#4445=DIRECTION('center_axis',(0.,-1.,0.));
#4446=DIRECTION('ref_axis',(0.,0.,1.));
#4447=DIRECTION('center_axis',(0.,-1.,0.));
#4448=DIRECTION('ref_axis',(0.,0.,1.));
#4449=DIRECTION('',(8.65956056235493E-17,-0.707106781186548,-0.707106781186547));
#4450=DIRECTION('center_axis',(0.,-1.,0.));
#4451=DIRECTION('ref_axis',(0.,0.,-1.));
#4452=DIRECTION('center_axis',(0.,-1.,0.));
#4453=DIRECTION('ref_axis',(0.,0.,-1.));
#4454=DIRECTION('',(0.,-1.,0.));
#4455=DIRECTION('center_axis',(0.,0.,-1.));
#4456=DIRECTION('ref_axis',(1.,0.,0.));
#4457=DIRECTION('center_axis',(0.,0.,-1.));
#4458=DIRECTION('ref_axis',(1.,0.,0.));
#4459=DIRECTION('',(-0.707106781186547,8.65956056235493E-17,-0.707106781186548));
#4460=DIRECTION('center_axis',(0.,0.,1.));
#4461=DIRECTION('ref_axis',(1.,0.,0.));
#4462=DIRECTION('center_axis',(0.,0.,1.));
#4463=DIRECTION('ref_axis',(-1.,0.,0.));
#4464=DIRECTION('',(0.,-1.,0.));
#4465=DIRECTION('',(-1.,0.,0.));
#4466=DIRECTION('center_axis',(0.,0.,1.));
#4467=DIRECTION('ref_axis',(1.,0.,0.));
#4468=DIRECTION('center_axis',(0.,0.,-1.));
#4469=DIRECTION('ref_axis',(1.,0.,0.));
#4470=DIRECTION('center_axis',(0.,0.,1.));
#4471=DIRECTION('ref_axis',(1.,0.,0.));
#4472=DIRECTION('',(0.,0.,-1.));
#4473=DIRECTION('center_axis',(0.,0.,-1.));
#4474=DIRECTION('ref_axis',(1.,0.,0.));
#4475=DIRECTION('center_axis',(0.,0.,-1.));
#4476=DIRECTION('ref_axis',(1.,0.,0.));
#4477=DIRECTION('',(-0.707106781186547,8.65956056235493E-17,-0.707106781186548));
#4478=DIRECTION('center_axis',(0.,0.,-1.));
#4479=DIRECTION('ref_axis',(1.,0.,0.));
#4480=DIRECTION('center_axis',(0.,0.,1.));
#4481=DIRECTION('ref_axis',(1.,0.,0.));
#4482=DIRECTION('',(0.,0.,-1.));
#4483=DIRECTION('center_axis',(0.,-1.,0.));
#4484=DIRECTION('ref_axis',(0.,0.,-1.));
#4485=DIRECTION('center_axis',(0.,-1.,0.));
#4486=DIRECTION('ref_axis',(0.,0.,-1.));
#4487=DIRECTION('center_axis',(0.,-1.,0.));
#4488=DIRECTION('ref_axis',(0.,0.,-1.));
#4489=DIRECTION('',(-8.65956056235493E-17,-0.707106781186548,0.707106781186547));
#4490=DIRECTION('center_axis',(0.,-1.,0.));
#4491=DIRECTION('ref_axis',(0.,0.,1.));
#4492=DIRECTION('',(0.,-1.,0.));
#4493=DIRECTION('center_axis',(0.,0.707106781186552,0.707106781186543));
#4494=DIRECTION('ref_axis',(-1.,0.,0.));
#4495=DIRECTION('',(0.,-0.707106781186543,0.707106781186552));
#4496=DIRECTION('',(-1.,0.,0.));
#4497=DIRECTION('',(0.,0.707106781186543,-0.707106781186552));
#4498=DIRECTION('center_axis',(0.,-1.,0.));
#4499=DIRECTION('ref_axis',(-0.707106781186547,0.,0.707106781186547));
#4500=DIRECTION('',(-3.14018491736753E-15,-0.707106781186543,-0.707106781186552));
#4501=DIRECTION('center_axis',(0.,-1.,0.));
#4502=DIRECTION('ref_axis',(-0.707106781186547,0.,0.707106781186547));
#4503=DIRECTION('center_axis',(0.,0.707106781186552,-0.707106781186543));
#4504=DIRECTION('ref_axis',(1.,0.,0.));
#4505=DIRECTION('',(0.,-0.707106781186543,-0.707106781186552));
#4506=DIRECTION('',(1.,0.,0.));
#4507=DIRECTION('center_axis',(0.,-1.,0.));
#4508=DIRECTION('ref_axis',(0.707106781186547,0.,0.707106781186547));
#4509=DIRECTION('center_axis',(0.,-1.,0.));
#4510=DIRECTION('ref_axis',(0.707106781186547,0.,0.707106781186547));
#4511=DIRECTION('center_axis',(0.,1.,0.));
#4512=DIRECTION('ref_axis',(-0.707106781186547,0.,0.707106781186547));
#4513=DIRECTION('',(0.,-1.,0.));
#4514=DIRECTION('center_axis',(0.,1.,0.));
#4515=DIRECTION('ref_axis',(-0.707106781186547,0.,0.707106781186547));
#4516=DIRECTION('',(0.,1.,0.));
#4517=DIRECTION('center_axis',(0.,0.,-1.));
#4518=DIRECTION('ref_axis',(1.,0.,0.));
#4519=DIRECTION('',(1.,0.,0.));
#4520=DIRECTION('',(0.,-1.,0.));
#4521=DIRECTION('center_axis',(0.984807753012208,0.,-0.173648177666932));
#4522=DIRECTION('ref_axis',(0.,-1.,0.));
#4523=DIRECTION('',(0.173648177666932,3.96508223080414E-15,0.984807753012208));
#4524=DIRECTION('center_axis',(0.,1.,0.));
#4525=DIRECTION('ref_axis',(0.707106781186548,0.,0.707106781186548));
#4526=DIRECTION('',(0.,-0.707106781186543,-0.707106781186552));
#4527=DIRECTION('',(0.,0.707106781186543,-0.707106781186552));
#4528=DIRECTION('center_axis',(0.,1.,0.));
#4529=DIRECTION('ref_axis',(0.707106781186547,0.,0.707106781186547));
#4530=DIRECTION('center_axis',(0.,-0.707106781186553,0.707106781186543));
#4531=DIRECTION('ref_axis',(-1.,0.,0.));
#4532=DIRECTION('',(0.,-0.707106781186543,-0.707106781186552));
#4533=DIRECTION('center_axis',(0.,1.,0.));
#4534=DIRECTION('ref_axis',(-0.707106781186548,0.,0.707106781186548));
#4535=DIRECTION('',(1.57009245868376E-15,-0.707106781186543,0.707106781186552));
#4536=DIRECTION('center_axis',(0.,-0.707106781186546,-0.707106781186549));
#4537=DIRECTION('ref_axis',(1.,0.,0.));
#4538=DIRECTION('',(-1.,0.,0.));
#4539=DIRECTION('center_axis',(0.,0.,1.));
#4540=DIRECTION('ref_axis',(-1.,0.,0.));
#4541=DIRECTION('',(0.,1.,0.));
#4542=DIRECTION('center_axis',(0.,1.,0.));
#4543=DIRECTION('ref_axis',(0.707106781186547,0.,0.707106781186547));
#4544=DIRECTION('center_axis',(0.,0.707106781186545,0.70710678118655));
#4545=DIRECTION('ref_axis',(-1.,0.,0.));
#4546=DIRECTION('',(-0.577350269189632,0.577350269189625,-0.57735026918962));
#4547=DIRECTION('center_axis',(-0.707106781186545,0.,0.70710678118655));
#4548=DIRECTION('ref_axis',(-0.70710678118655,0.,-0.707106781186545));
#4549=DIRECTION('center_axis',(0.,0.,1.));
#4550=DIRECTION('ref_axis',(1.,0.,0.));
#4551=DIRECTION('',(-0.857492925712543,-1.05012596676537E-16,0.514495755427529));
#4552=DIRECTION('center_axis',(0.,0.,1.));
#4553=DIRECTION('ref_axis',(1.,0.,0.));
#4554=DIRECTION('center_axis',(0.,0.,1.));
#4555=DIRECTION('ref_axis',(1.,0.,0.));
#4556=DIRECTION('',(-0.857492925712548,-1.05012596676537E-16,0.51449575542752));
#4557=DIRECTION('center_axis',(0.,0.,1.));
#4558=DIRECTION('ref_axis',(1.,0.,0.));
#4559=DIRECTION('center_axis',(0.,0.,-1.));
#4560=DIRECTION('ref_axis',(1.,0.,0.));
#4561=DIRECTION('center_axis',(0.,0.,-1.));
#4562=DIRECTION('ref_axis',(1.,0.,0.));
#4563=DIRECTION('',(0.,0.,-1.));
#4564=DIRECTION('center_axis',(0.,0.,1.));
#4565=DIRECTION('ref_axis',(1.,0.,0.));
#4566=DIRECTION('center_axis',(0.,0.,-1.));
#4567=DIRECTION('ref_axis',(1.,0.,0.));
#4568=DIRECTION('center_axis',(0.,0.,-1.));
#4569=DIRECTION('ref_axis',(1.,0.,0.));
#4570=DIRECTION('',(0.,0.,-1.));
#4571=DIRECTION('center_axis',(0.,0.,1.));
#4572=DIRECTION('ref_axis',(1.,0.,0.));
#4573=DIRECTION('center_axis',(0.,1.,0.));
#4574=DIRECTION('ref_axis',(0.,0.,-1.));
#4575=DIRECTION('',(8.65956056235493E-17,0.707106781186548,0.707106781186547));
#4576=DIRECTION('center_axis',(0.,1.,0.));
#4577=DIRECTION('ref_axis',(0.,0.,-1.));
#4578=DIRECTION('',(8.65956056235493E-17,0.707106781186548,0.707106781186547));
#4579=DIRECTION('center_axis',(0.,1.,0.));
#4580=DIRECTION('ref_axis',(1.,0.,0.));
#4581=DIRECTION('center_axis',(0.,1.,0.));
#4582=DIRECTION('ref_axis',(1.,0.,0.));
#4583=DIRECTION('',(0.707106781186546,-0.707106781186549,-8.65956056235491E-17));
#4584=DIRECTION('center_axis',(0.,-1.,0.));
#4585=DIRECTION('ref_axis',(1.,0.,0.));
#4586=DIRECTION('center_axis',(0.,-1.,0.));
#4587=DIRECTION('ref_axis',(1.,0.,0.));
#4588=DIRECTION('',(0.,1.,0.));
#4589=DIRECTION('center_axis',(0.,-1.,0.));
#4590=DIRECTION('ref_axis',(1.,0.,0.));
#4591=DIRECTION('center_axis',(0.,1.,0.));
#4592=DIRECTION('ref_axis',(0.,0.,-1.));
#4593=DIRECTION('',(8.65956056235493E-17,0.707106781186548,0.707106781186547));
#4594=DIRECTION('center_axis',(0.,1.,0.));
#4595=DIRECTION('ref_axis',(0.,0.,-1.));
#4596=DIRECTION('',(8.65956056235493E-17,0.707106781186548,0.707106781186547));
#4597=DIRECTION('center_axis',(0.,1.,0.));
#4598=DIRECTION('ref_axis',(-1.,0.,0.));
#4599=DIRECTION('center_axis',(0.,1.,0.));
#4600=DIRECTION('ref_axis',(-1.,0.,0.));
#4601=DIRECTION('',(-0.707106781186546,-0.707106781186549,8.65956056235491E-17));
#4602=DIRECTION('center_axis',(0.,-1.,0.));
#4603=DIRECTION('ref_axis',(-1.,0.,0.));
#4604=DIRECTION('center_axis',(0.,1.,0.));
#4605=DIRECTION('ref_axis',(-1.,0.,0.));
#4606=DIRECTION('',(0.,-1.,0.));
#4607=DIRECTION('center_axis',(0.,1.,0.));
#4608=DIRECTION('ref_axis',(-1.,0.,0.));
#4609=DIRECTION('center_axis',(0.173648177666932,3.96508223080414E-15,0.984807753012208));
#4610=DIRECTION('ref_axis',(0.696364240320017,0.707106781186549,-0.122787803968977));
#4611=DIRECTION('',(0.173648177666932,3.96508223080414E-15,0.984807753012208));
#4612=DIRECTION('center_axis',(0.173648177666932,3.96508223080414E-15,0.984807753012208));
#4613=DIRECTION('ref_axis',(-0.696364240320018,0.707106781186549,0.122787803968971));
#4614=DIRECTION('',(-0.173648177666932,-3.96508223080414E-15,-0.984807753012208));
#4615=DIRECTION('center_axis',(3.66953938318809E-16,-1.,3.96154613547099E-15));
#4616=DIRECTION('ref_axis',(-0.984807753012208,3.26536183713284E-16,0.173648177666931));
#4617=DIRECTION('center_axis',(0.,-1.,0.));
#4618=DIRECTION('ref_axis',(0.,0.,1.));
#4619=DIRECTION('center_axis',(0.,-1.,0.));
#4620=DIRECTION('ref_axis',(0.,0.,1.));
#4621=DIRECTION('',(4.93036184972205E-32,0.999999999999999,8.47032947254299E-22));
#4622=DIRECTION('',(1.,-4.93038065763132E-32,2.22044604925031E-16));
#4623=CARTESIAN_POINT('',(0.,0.,0.));
#4624=CARTESIAN_POINT('',(0.,0.,0.));
#4625=CARTESIAN_POINT('Origin',(25.,202.75,133.5));
#4626=CARTESIAN_POINT('',(25.,197.4,127.4));
#4627=CARTESIAN_POINT('',(25.,178.2,127.4));
#4628=CARTESIAN_POINT('',(25.,202.75,127.4));
#4629=CARTESIAN_POINT('',(24.1026352993874,197.4,139.533633780243));
#4630=CARTESIAN_POINT('Origin',(25.,197.4,133.5));
#4631=CARTESIAN_POINT('',(24.1026352993874,178.2,139.533633780243));
#4632=CARTESIAN_POINT('',(24.1026352993874,202.75,139.533633780243));
#4633=CARTESIAN_POINT('Origin',(25.,178.2,133.5));
#4634=CARTESIAN_POINT('Origin',(25.,202.75,133.5));
#4635=CARTESIAN_POINT('',(25.8973647006126,178.2,139.533633780243));
#4636=CARTESIAN_POINT('Origin',(25.,178.2,133.5));
#4637=CARTESIAN_POINT('',(25.8973647006126,198.,139.533633780243));
#4638=CARTESIAN_POINT('',(25.8973647006126,202.75,139.533633780243));
#4639=CARTESIAN_POINT('',(25.,198.,127.4));
#4640=CARTESIAN_POINT('Origin',(25.,198.,133.5));
#4641=CARTESIAN_POINT('',(25.,207.5,127.4));
#4642=CARTESIAN_POINT('',(25.,202.75,127.4));
#4643=CARTESIAN_POINT('Origin',(25.,207.5,133.5));
#4644=CARTESIAN_POINT('',(25.,198.,127.4));
#4645=CARTESIAN_POINT('Origin',(52.5,165.,51.1));
#4646=CARTESIAN_POINT('',(157.5,165.,42.2));
#4647=CARTESIAN_POINT('',(-52.5,165.,42.2));
#4648=CARTESIAN_POINT('',(174.052010750715,165.,42.2));
#4649=CARTESIAN_POINT('',(157.5,165.,60.));
#4650=CARTESIAN_POINT('',(157.5,165.,59.));
#4651=CARTESIAN_POINT('',(156.5,165.,61.));
#4652=CARTESIAN_POINT('Origin',(156.5,165.,60.));
#4653=CARTESIAN_POINT('',(-51.5,165.,61.));
#4654=CARTESIAN_POINT('',(56.25,165.,61.));
#4655=CARTESIAN_POINT('',(-52.5,165.,60.));
#4656=CARTESIAN_POINT('Origin',(-51.5,165.,60.));
#4657=CARTESIAN_POINT('',(-52.5,165.,42.2));
#4658=CARTESIAN_POINT('Origin',(30.,198.,97.7898094212539));
#4659=CARTESIAN_POINT('',(62.7087121525221,198.,61.));
#4660=CARTESIAN_POINT('',(-2.7087121525221,198.,61.));
#4661=CARTESIAN_POINT('',(45.,198.,61.));
#4662=CARTESIAN_POINT('',(59.5,198.,66.));
#4663=CARTESIAN_POINT('Origin',(65.,198.,66.));
#4664=CARTESIAN_POINT('',(59.5,198.,151.891854213354));
#4665=CARTESIAN_POINT('',(59.5,198.,141.394904710627));
#4666=CARTESIAN_POINT('',(65.,198.,157.391854213354));
#4667=CARTESIAN_POINT('Origin',(65.,198.,151.891854213354));
#4668=CARTESIAN_POINT('',(80.,198.,157.391854213354));
#4669=CARTESIAN_POINT('',(57.5,198.,157.391854213354));
#4670=CARTESIAN_POINT('',(84.5,198.,161.891854213354));
#4671=CARTESIAN_POINT('Origin',(80.,198.,161.891854213354));
#4672=CARTESIAN_POINT('',(84.5,198.,178.913626219934));
#4673=CARTESIAN_POINT('',(84.5,198.,139.190817451771));
#4674=CARTESIAN_POINT('',(83.2604722665004,198.,180.390837849452));
#4675=CARTESIAN_POINT('Origin',(83.,198.,178.913626219934));
#4676=CARTESIAN_POINT('',(82.0461425123845,198.,180.60495694858));
#4677=CARTESIAN_POINT('',(22.8223917255726,198.,191.047702111049));
#4678=CARTESIAN_POINT('',(81.8144513262487,198.,180.442725033511));
#4679=CARTESIAN_POINT('',(45.0133582556308,198.,154.674322251108));
#4680=CARTESIAN_POINT('',(81.744992055182,198.,180.048801932306));
#4681=CARTESIAN_POINT('',(74.0267892362094,198.,136.276698604945));
#4682=CARTESIAN_POINT('',(81.7221595299862,198.,177.615804054011));
#4683=CARTESIAN_POINT('',(81.3453506967283,198.,137.463649004148));
#4684=CARTESIAN_POINT('',(81.3282364287815,198.,177.685263325077));
#4685=CARTESIAN_POINT('',(63.2694497178797,198.,180.869514661069));
#4686=CARTESIAN_POINT('',(80.9635752556808,198.,175.617167043751));
#4687=CARTESIAN_POINT('',(74.0267892362094,198.,136.276698604945));
#4688=CARTESIAN_POINT('',(3.95160897012608,198.,189.196454537305));
#4689=CARTESIAN_POINT('',(43.6517969733905,198.,182.196240253131));
#4690=CARTESIAN_POINT('',(4.31627014322678,198.,191.264550818631));
#4691=CARTESIAN_POINT('',(-2.98517704934525,198.,149.855986098499));
#4692=CARTESIAN_POINT('',(3.9223470420218,198.,191.334010089698));
#4693=CARTESIAN_POINT('',(24.5665050244999,198.,187.693888043379));
#4694=CARTESIAN_POINT('',(4.73302576962753,198.,193.628089425861));
#4695=CARTESIAN_POINT('',(-8.91823017776004,198.,154.997417230887));
#4696=CARTESIAN_POINT('',(4.80248504069404,198.,194.022012527065));
#4697=CARTESIAN_POINT('',(-2.98517704934525,198.,149.855986098499));
#4698=CARTESIAN_POINT('',(4.64025312562496,198.,194.253703713201));
#4699=CARTESIAN_POINT('',(31.2706162948195,198.,156.221603634305));
#4700=CARTESIAN_POINT('',(2.26047226650039,198.,194.673323286838));
#4701=CARTESIAN_POINT('',(22.8223917255726,198.,191.047702111049));
#4702=CARTESIAN_POINT('',(0.500000000000004,198.,193.196111657319));
#4703=CARTESIAN_POINT('Origin',(2.00000000000001,198.,193.196111657319));
#4704=CARTESIAN_POINT('',(0.500000000000005,198.,66.));
#4705=CARTESIAN_POINT('',(0.500000000000005,198.,48.894904710627));
#4706=CARTESIAN_POINT('Origin',(-5.,198.,66.));
#4707=CARTESIAN_POINT('',(25.,198.,117.3));
#4708=CARTESIAN_POINT('Origin',(25.,198.,106.));
#4709=CARTESIAN_POINT('',(25.5,198.,72.0205263385718));
#4710=CARTESIAN_POINT('',(25.5,198.,63.9083356494351));
#4711=CARTESIAN_POINT('',(25.5,198.,80.6490725353445));
#4712=CARTESIAN_POINT('',(25.8973647006126,198.,72.4663662197566));
#4713=CARTESIAN_POINT('',(32.9952936700407,198.,80.4301833467172));
#4714=CARTESIAN_POINT('',(25.,198.,72.4));
#4715=CARTESIAN_POINT('Origin',(25.,198.,78.5));
#4716=CARTESIAN_POINT('',(25.,198.,84.6));
#4717=CARTESIAN_POINT('Origin',(25.,198.,78.5));
#4718=CARTESIAN_POINT('',(25.,198.,84.8));
#4719=CARTESIAN_POINT('',(25.,198.,91.194904710627));
#4720=CARTESIAN_POINT('',(25.0143047978317,198.,93.4999931790904));
#4721=CARTESIAN_POINT('',(25.0106858530289,198.,91.2989977179293));
#4722=CARTESIAN_POINT('',(25.8995644008608,198.,63.5269981670774));
#4723=CARTESIAN_POINT('Origin',(25.,198.,78.5));
#4724=CARTESIAN_POINT('',(18.3162352011357,198.,70.76439884312));
#4725=CARTESIAN_POINT('',(25.,198.,118.5));
#4726=CARTESIAN_POINT('',(25.8995644008608,198.,148.473001832923));
#4727=CARTESIAN_POINT('Origin',(25.,198.,133.5));
#4728=CARTESIAN_POINT('',(25.,198.,108.144904710627));
#4729=CARTESIAN_POINT('',(25.5,198.,139.979473661428));
#4730=CARTESIAN_POINT('',(37.0733435716608,198.,126.994278663117));
#4731=CARTESIAN_POINT('',(25.5,198.,148.091664350565));
#4732=CARTESIAN_POINT('',(25.5,198.,118.684641541341));
#4733=CARTESIAN_POINT('',(14.2156103516987,198.,137.322034400661));
#4734=CARTESIAN_POINT('',(20.,198.,166.5));
#4735=CARTESIAN_POINT('',(40.,198.,166.5));
#4736=CARTESIAN_POINT('',(21.25,198.,166.5));
#4737=CARTESIAN_POINT('',(40.,198.,150.5));
#4738=CARTESIAN_POINT('Origin',(40.,198.,158.5));
#4739=CARTESIAN_POINT('',(20.,198.,150.5));
#4740=CARTESIAN_POINT('',(38.75,198.,150.5));
#4741=CARTESIAN_POINT('Origin',(20.,198.,158.5));
#4742=CARTESIAN_POINT('Origin',(22.8658037699894,198.25,191.293904049302));
#4743=CARTESIAN_POINT('',(4.2346733379522,198.5,194.83293167854));
#4744=CARTESIAN_POINT('',(6.93348606475542,195.172895434103,190.978627662187));
#4745=CARTESIAN_POINT('',(2.34729635533387,198.5,195.165727163344));
#4746=CARTESIAN_POINT('',(22.9092158144061,198.5,191.540105987555));
#4747=CARTESIAN_POINT('',(2.26047226650039,198.,194.673323286838));
#4748=CARTESIAN_POINT('Origin',(2.00000000000001,198.25,193.196111657319));
#4749=CARTESIAN_POINT('',(4.9960036108132E-15,198.5,193.196111657319));
#4750=CARTESIAN_POINT('',(0.500000000000004,198.,193.196111657319));
#4751=CARTESIAN_POINT('Origin',(2.00000000000001,198.5,193.196111657319));
#4752=CARTESIAN_POINT('Origin',(0.250000000000003,198.25,48.894904710627));
#4753=CARTESIAN_POINT('',(2.22044604925031E-15,198.5,66.));
#4754=CARTESIAN_POINT('',(0.500000000000005,198.,66.));
#4755=CARTESIAN_POINT('',(1.2490009027033E-15,198.5,48.894904710627));
#4756=CARTESIAN_POINT('Origin',(-5.,198.25,66.));
#4757=CARTESIAN_POINT('',(-5.,198.5,61.));
#4758=CARTESIAN_POINT('Ctrl Pts',(-5.,198.5,61.));
#4759=CARTESIAN_POINT('Ctrl Pts',(-3.90891054882005,198.5,61.));
#4760=CARTESIAN_POINT('Ctrl Pts',(-2.70871215252208,198.,61.));
#4761=CARTESIAN_POINT('Origin',(-5.,198.5,66.));
#4762=CARTESIAN_POINT('Origin',(30.,198.,97.7898094212539));
#4763=CARTESIAN_POINT('',(-52.5,198.,42.2));
#4764=CARTESIAN_POINT('',(157.5,198.,42.2));
#4765=CARTESIAN_POINT('',(-10.75,198.,42.2));
#4766=CARTESIAN_POINT('',(-52.5,198.,-1.5));
#4767=CARTESIAN_POINT('',(-52.5,198.,60.));
#4768=CARTESIAN_POINT('',(157.5,198.,-1.5));
#4769=CARTESIAN_POINT('',(45.,198.,-1.5));
#4770=CARTESIAN_POINT('',(157.5,198.,-2.));
#4771=CARTESIAN_POINT('',(-45.5,198.,8.15000000000001));
#4772=CARTESIAN_POINT('Origin',(-45.5,198.,11.));
#4773=CARTESIAN_POINT('',(150.5,198.,28.15));
#4774=CARTESIAN_POINT('Origin',(150.5,198.,31.));
#4775=CARTESIAN_POINT('',(148.,198.,21.));
#4776=CARTESIAN_POINT('Origin',(150.5,198.,21.));
#4777=CARTESIAN_POINT('',(-43.,198.,21.));
#4778=CARTESIAN_POINT('Origin',(-45.5,198.,21.));
#4779=CARTESIAN_POINT('',(150.5,198.,8.15000000000001));
#4780=CARTESIAN_POINT('Origin',(150.5,198.,11.));
#4781=CARTESIAN_POINT('',(-45.5,198.,28.15));
#4782=CARTESIAN_POINT('Origin',(-45.5,198.,31.));
#4783=CARTESIAN_POINT('Origin',(4.23467333795218,198.,194.83293167854));
#4784=CARTESIAN_POINT('',(4.80248504069404,205.,194.022012527065));
#4785=CARTESIAN_POINT('',(4.80248504069404,202.55,194.022012527065));
#4786=CARTESIAN_POINT('',(4.23467333795218,205.,194.83293167854));
#4787=CARTESIAN_POINT('',(4.23467333795218,205.,194.83293167854));
#4788=CARTESIAN_POINT('',(4.2346733379522,204.,194.83293167854));
#4789=CARTESIAN_POINT('Origin',(2.66453525910038E-14,210.,195.579618842508));
#4790=CARTESIAN_POINT('',(4.9240387650609,205.,194.711377954173));
#4791=CARTESIAN_POINT('',(2.31915013352621,205.,195.170690101654));
#4792=CARTESIAN_POINT('',(4.9240387650609,205.1,194.711377954173));
#4793=CARTESIAN_POINT('',(4.9240387650609,208.55,194.711377954173));
#4794=CARTESIAN_POINT('',(6.8936542710853,207.1,194.364081598839));
#4795=CARTESIAN_POINT('Origin',(6.89365427108531,205.1,194.364081598839));
#4796=CARTESIAN_POINT('',(79.9663895445912,207.1,181.479386815953));
#4797=CARTESIAN_POINT('',(40.9680025253078,207.1,188.355854651564));
#4798=CARTESIAN_POINT('',(81.9360050506156,205.1,181.132090460619));
#4799=CARTESIAN_POINT('Origin',(79.9663895445912,205.1,181.479386815953));
#4800=CARTESIAN_POINT('',(81.9360050506156,205.,181.132090460619));
#4801=CARTESIAN_POINT('',(81.9360050506156,204.,181.132090460619));
#4802=CARTESIAN_POINT('',(82.6253704777241,205.,181.010536736252));
#4803=CARTESIAN_POINT('',(41.1351471543062,205.,188.326382543791));
#4804=CARTESIAN_POINT('',(82.6253704777241,198.5,181.010536736252));
#4805=CARTESIAN_POINT('',(82.6253704777241,204.,181.010536736252));
#4806=CARTESIAN_POINT('',(83.3472963553339,198.5,180.883241725958));
#4807=CARTESIAN_POINT('',(22.9092158144061,198.5,191.540105987555));
#4808=CARTESIAN_POINT('',(83.3472963553339,209.,180.883241725958));
#4809=CARTESIAN_POINT('',(83.3472963553339,210.,180.883241725958));
#4810=CARTESIAN_POINT('',(2.34729635533387,209.,195.165727163344));
#4811=CARTESIAN_POINT('',(22.9092158144061,209.,191.540105987555));
#4812=CARTESIAN_POINT('',(2.34729635533387,210.,195.165727163344));
#4813=CARTESIAN_POINT('Origin',(65.,198.25,66.));
#4814=CARTESIAN_POINT('',(65.,198.5,61.));
#4815=CARTESIAN_POINT('Ctrl Pts',(62.7087121525221,198.,61.));
#4816=CARTESIAN_POINT('Ctrl Pts',(63.9089105488201,198.5,61.));
#4817=CARTESIAN_POINT('Ctrl Pts',(65.,198.5,61.));
#4818=CARTESIAN_POINT('',(60.,198.5,66.));
#4819=CARTESIAN_POINT('Origin',(65.,198.5,66.));
#4820=CARTESIAN_POINT('',(59.5,198.,66.));
#4821=CARTESIAN_POINT('Origin',(59.75,198.25,141.394904710627));
#4822=CARTESIAN_POINT('',(60.,198.5,151.891854213354));
#4823=CARTESIAN_POINT('',(59.5,198.,151.891854213354));
#4824=CARTESIAN_POINT('',(60.,198.5,141.394904710627));
#4825=CARTESIAN_POINT('Origin',(65.,198.25,151.891854213354));
#4826=CARTESIAN_POINT('',(65.,198.5,156.891854213354));
#4827=CARTESIAN_POINT('',(65.,198.,157.391854213354));
#4828=CARTESIAN_POINT('Origin',(65.,198.5,151.891854213354));
#4829=CARTESIAN_POINT('Origin',(57.5,198.25,157.141854213354));
#4830=CARTESIAN_POINT('',(80.,198.5,156.891854213354));
#4831=CARTESIAN_POINT('',(80.,198.,157.391854213354));
#4832=CARTESIAN_POINT('',(57.5,198.5,156.891854213354));
#4833=CARTESIAN_POINT('Origin',(80.,198.25,161.891854213354));
#4834=CARTESIAN_POINT('',(85.,198.5,161.891854213354));
#4835=CARTESIAN_POINT('',(84.5,198.,161.891854213354));
#4836=CARTESIAN_POINT('Origin',(80.,198.5,161.891854213354));
#4837=CARTESIAN_POINT('Origin',(84.75,198.25,139.190817451771));
#4838=CARTESIAN_POINT('',(85.,198.5,178.913626219934));
#4839=CARTESIAN_POINT('',(84.5,198.,178.913626219934));
#4840=CARTESIAN_POINT('',(85.,198.5,139.190817451771));
#4841=CARTESIAN_POINT('Origin',(83.,198.25,178.913626219934));
#4842=CARTESIAN_POINT('',(83.2604722665004,198.,180.390837849452));
#4843=CARTESIAN_POINT('Origin',(83.,198.5,178.913626219934));
#4844=CARTESIAN_POINT('Origin',(22.8658037699894,198.25,191.293904049302));
#4845=CARTESIAN_POINT('',(70.4543674530149,187.993771232564,172.488308670778));
#4846=CARTESIAN_POINT('Origin',(-52.,209.5,63.394904710627));
#4847=CARTESIAN_POINT('',(-52.,209.5,-2.));
#4848=CARTESIAN_POINT('',(-51.5,210.,-1.49999999999999));
#4849=CARTESIAN_POINT('',(-24.8508492148957,236.649150785104,25.1491507851047));
#4850=CARTESIAN_POINT('',(-52.5,209.,-1.49999999999999));
#4851=CARTESIAN_POINT('',(-63.3991507851045,198.100849214895,9.39915078510449));
#4852=CARTESIAN_POINT('',(-52.5,209.,60.));
#4853=CARTESIAN_POINT('',(-52.5,209.,63.394904710627));
#4854=CARTESIAN_POINT('',(-51.5,210.,60.));
#4855=CARTESIAN_POINT('',(-51.5,210.,60.));
#4856=CARTESIAN_POINT('',(-51.5,210.,63.394904710627));
#4857=CARTESIAN_POINT('Origin',(-5.,209.5,66.));
#4858=CARTESIAN_POINT('',(1.,210.,66.));
#4859=CARTESIAN_POINT('',(2.22044604925031E-15,209.,66.));
#4860=CARTESIAN_POINT('',(1.,210.,66.));
#4861=CARTESIAN_POINT('',(-5.,210.,60.));
#4862=CARTESIAN_POINT('Origin',(-5.,210.,66.));
#4863=CARTESIAN_POINT('',(-5.,209.,61.));
#4864=CARTESIAN_POINT('',(-5.,209.,61.));
#4865=CARTESIAN_POINT('Origin',(-5.,209.,66.));
#4866=CARTESIAN_POINT('Origin',(0.500000000000002,209.5,48.894904710627));
#4867=CARTESIAN_POINT('',(4.9960036108132E-15,209.,193.196111657319));
#4868=CARTESIAN_POINT('',(1.2490009027033E-15,209.,48.894904710627));
#4869=CARTESIAN_POINT('',(1.00000000000001,210.,193.196111657319));
#4870=CARTESIAN_POINT('',(1.00000000000001,210.,193.196111657319));
#4871=CARTESIAN_POINT('',(1.,210.,48.894904710627));
#4872=CARTESIAN_POINT('Origin',(2.00000000000001,209.5,193.196111657319));
#4873=CARTESIAN_POINT('Origin',(2.00000000000001,209.,193.196111657319));
#4874=CARTESIAN_POINT('',(2.17364817766694,210.,194.180919410332));
#4875=CARTESIAN_POINT('',(2.17364817766694,210.,194.180919410332));
#4876=CARTESIAN_POINT('Origin',(2.00000000000001,210.,193.196111657319));
#4877=CARTESIAN_POINT('Origin',(22.8223917255727,209.5,191.047702111049));
#4878=CARTESIAN_POINT('',(83.1736481776669,210.,179.898433972946));
#4879=CARTESIAN_POINT('',(83.1736481776669,210.,179.898433972946));
#4880=CARTESIAN_POINT('',(22.7355676367392,210.,190.555298234543));
#4881=CARTESIAN_POINT('Origin',(83.,209.5,178.913626219934));
#4882=CARTESIAN_POINT('',(85.,209.,178.913626219934));
#4883=CARTESIAN_POINT('Origin',(83.,209.,178.913626219934));
#4884=CARTESIAN_POINT('',(84.,210.,178.913626219934));
#4885=CARTESIAN_POINT('',(84.,210.,178.913626219934));
#4886=CARTESIAN_POINT('Origin',(83.,210.,178.913626219934));
#4887=CARTESIAN_POINT('Origin',(84.5,209.5,139.190817451771));
#4888=CARTESIAN_POINT('',(85.,209.,161.891854213354));
#4889=CARTESIAN_POINT('',(85.,209.,139.190817451771));
#4890=CARTESIAN_POINT('',(84.,210.,161.891854213354));
#4891=CARTESIAN_POINT('',(84.,210.,161.891854213354));
#4892=CARTESIAN_POINT('',(84.,210.,139.190817451771));
#4893=CARTESIAN_POINT('Origin',(80.,209.5,161.891854213354));
#4894=CARTESIAN_POINT('',(80.,209.,156.891854213354));
#4895=CARTESIAN_POINT('Origin',(80.,209.,161.891854213354));
#4896=CARTESIAN_POINT('',(80.,210.,157.891854213354));
#4897=CARTESIAN_POINT('',(80.,210.,157.891854213354));
#4898=CARTESIAN_POINT('Origin',(80.,210.,161.891854213354));
#4899=CARTESIAN_POINT('Origin',(57.5,209.5,157.391854213354));
#4900=CARTESIAN_POINT('',(65.,209.,156.891854213354));
#4901=CARTESIAN_POINT('',(57.5,209.,156.891854213354));
#4902=CARTESIAN_POINT('',(65.,210.,157.891854213354));
#4903=CARTESIAN_POINT('',(65.,210.,157.891854213354));
#4904=CARTESIAN_POINT('',(57.5,210.,157.891854213354));
#4905=CARTESIAN_POINT('Origin',(65.,209.5,151.891854213354));
#4906=CARTESIAN_POINT('',(60.,209.,151.891854213354));
#4907=CARTESIAN_POINT('Origin',(65.,209.,151.891854213354));
#4908=CARTESIAN_POINT('',(59.,210.,151.891854213354));
#4909=CARTESIAN_POINT('',(59.,210.,151.891854213354));
#4910=CARTESIAN_POINT('Origin',(65.,210.,151.891854213354));
#4911=CARTESIAN_POINT('Origin',(59.5,209.5,141.394904710627));
#4912=CARTESIAN_POINT('',(60.,209.,66.));
#4913=CARTESIAN_POINT('',(60.,209.,141.394904710627));
#4914=CARTESIAN_POINT('',(59.,210.,66.));
#4915=CARTESIAN_POINT('',(59.,210.,66.));
#4916=CARTESIAN_POINT('',(59.,210.,141.394904710627));
#4917=CARTESIAN_POINT('Origin',(65.,209.5,66.));
#4918=CARTESIAN_POINT('',(65.,210.,60.));
#4919=CARTESIAN_POINT('',(65.,209.,61.));
#4920=CARTESIAN_POINT('',(65.,210.,60.));
#4921=CARTESIAN_POINT('Origin',(65.,210.,66.));
#4922=CARTESIAN_POINT('Origin',(65.,209.,66.));
#4923=CARTESIAN_POINT('Origin',(45.,209.5,60.5));
#4924=CARTESIAN_POINT('',(45.,210.,60.));
#4925=CARTESIAN_POINT('',(-51.5,209.,61.));
#4926=CARTESIAN_POINT('',(-51.5,209.,61.));
#4927=CARTESIAN_POINT('',(45.,209.,61.));
#4928=CARTESIAN_POINT('Origin',(45.,209.5,60.5));
#4929=CARTESIAN_POINT('',(156.5,210.,60.));
#4930=CARTESIAN_POINT('',(156.5,209.,61.));
#4931=CARTESIAN_POINT('',(156.5,210.,60.));
#4932=CARTESIAN_POINT('',(45.,210.,60.));
#4933=CARTESIAN_POINT('',(45.,209.,61.));
#4934=CARTESIAN_POINT('Origin',(-51.5,209.,60.));
#4935=CARTESIAN_POINT('Origin',(-51.5,209.,60.));
#4936=CARTESIAN_POINT('Origin',(157.,209.5,63.394904710627));
#4937=CARTESIAN_POINT('',(157.,209.5,-2.));
#4938=CARTESIAN_POINT('',(157.5,209.,-1.5));
#4939=CARTESIAN_POINT('',(168.399150785104,198.100849214896,9.39915078510435));
#4940=CARTESIAN_POINT('',(156.5,210.,-1.49999999999999));
#4941=CARTESIAN_POINT('',(127.350849214896,239.149150785104,27.6491507851047));
#4942=CARTESIAN_POINT('',(156.5,210.,63.394904710627));
#4943=CARTESIAN_POINT('',(157.5,209.,60.));
#4944=CARTESIAN_POINT('',(157.5,209.,60.));
#4945=CARTESIAN_POINT('',(157.5,209.,63.394904710627));
#4946=CARTESIAN_POINT('Origin',(156.5,209.,60.));
#4947=CARTESIAN_POINT('Origin',(156.5,209.,60.));
#4948=CARTESIAN_POINT('Origin',(-52.25,207.,-1.75));
#4949=CARTESIAN_POINT('',(-52.,198.5,-2.));
#4950=CARTESIAN_POINT('',(-52.,207.,-2.));
#4951=CARTESIAN_POINT('',(-52.,198.5,-2.));
#4952=CARTESIAN_POINT('',(-52.5,207.,-1.49999999999999));
#4953=CARTESIAN_POINT('Origin',(-52.5,204.,29.));
#4954=CARTESIAN_POINT('',(-52.5,198.,42.2));
#4955=CARTESIAN_POINT('',(-52.5,201.,60.));
#4956=CARTESIAN_POINT('Origin',(-51.5,201.,60.));
#4957=CARTESIAN_POINT('',(-51.5,201.,61.));
#4958=CARTESIAN_POINT('Origin',(-5.,204.,66.));
#4959=CARTESIAN_POINT('',(2.22044604925031E-15,204.,66.));
#4960=CARTESIAN_POINT('',(-5.,204.,61.));
#4961=CARTESIAN_POINT('Origin',(0.,210.,0.));
#4962=CARTESIAN_POINT('',(4.9960036108132E-15,210.,193.196111657319));
#4963=CARTESIAN_POINT('Origin',(2.00000000000001,210.,193.196111657319));
#4964=CARTESIAN_POINT('Origin',(83.,210.,178.913626219934));
#4965=CARTESIAN_POINT('',(85.,210.,178.913626219934));
#4966=CARTESIAN_POINT('Origin',(85.,210.,180.591825482288));
#4967=CARTESIAN_POINT('',(85.,210.,161.891854213354));
#4968=CARTESIAN_POINT('Origin',(80.,210.,161.891854213354));
#4969=CARTESIAN_POINT('',(80.,210.,156.891854213354));
#4970=CARTESIAN_POINT('Origin',(85.,210.,156.891854213354));
#4971=CARTESIAN_POINT('',(65.,210.,156.891854213354));
#4972=CARTESIAN_POINT('Origin',(65.,210.,151.891854213354));
#4973=CARTESIAN_POINT('',(60.,210.,151.891854213354));
#4974=CARTESIAN_POINT('Origin',(60.,210.,185.));
#4975=CARTESIAN_POINT('',(60.,204.,66.));
#4976=CARTESIAN_POINT('Origin',(65.,204.,66.));
#4977=CARTESIAN_POINT('',(65.,204.,61.));
#4978=CARTESIAN_POINT('Origin',(60.,198.,61.));
#4979=CARTESIAN_POINT('',(156.5,201.,61.));
#4980=CARTESIAN_POINT('Origin',(156.5,201.,60.));
#4981=CARTESIAN_POINT('',(157.5,201.,60.));
#4982=CARTESIAN_POINT('Origin',(157.5,204.,29.));
#4983=CARTESIAN_POINT('',(157.5,198.,42.2));
#4984=CARTESIAN_POINT('',(157.5,207.,-1.5));
#4985=CARTESIAN_POINT('Origin',(30.,210.,97.7898094212539));
#4986=CARTESIAN_POINT('',(45.,210.,-1.49999999999999));
#4987=CARTESIAN_POINT('',(40.,210.,150.));
#4988=CARTESIAN_POINT('',(40.,210.,167.));
#4989=CARTESIAN_POINT('Origin',(40.,210.,158.5));
#4990=CARTESIAN_POINT('',(20.,210.,167.));
#4991=CARTESIAN_POINT('',(21.25,210.,167.));
#4992=CARTESIAN_POINT('',(20.,210.,150.));
#4993=CARTESIAN_POINT('Origin',(20.,210.,158.5));
#4994=CARTESIAN_POINT('',(38.75,210.,150.));
#4995=CARTESIAN_POINT('',(-45.5,210.,16.6));
#4996=CARTESIAN_POINT('Origin',(-45.5,210.,11.));
#4997=CARTESIAN_POINT('',(-45.5,210.,36.6));
#4998=CARTESIAN_POINT('Origin',(-45.5,210.,31.));
#4999=CARTESIAN_POINT('',(150.5,210.,16.6));
#5000=CARTESIAN_POINT('Origin',(150.5,210.,11.));
#5001=CARTESIAN_POINT('',(150.5,210.,36.6));
#5002=CARTESIAN_POINT('Origin',(150.5,210.,31.));
#5003=CARTESIAN_POINT('Origin',(81.8144513262487,198.,180.442725033511));
#5004=CARTESIAN_POINT('',(81.8144513262487,205.,180.442725033511));
#5005=CARTESIAN_POINT('',(82.6253704777241,205.,181.010536736252));
#5006=CARTESIAN_POINT('',(81.8144513262487,198.,180.442725033511));
#5007=CARTESIAN_POINT('Origin',(45.,209.75,-1.75));
#5008=CARTESIAN_POINT('',(45.,209.5,-2.));
#5009=CARTESIAN_POINT('Origin',(3.9223470420218,198.,191.334010089698));
#5010=CARTESIAN_POINT('',(4.31627014322678,205.,191.264550818631));
#5011=CARTESIAN_POINT('',(4.3162701432268,202.55,191.264550818631));
#5012=CARTESIAN_POINT('',(3.9223470420218,205.,191.334010089698));
#5013=CARTESIAN_POINT('',(5.39955867154012,205.,191.073537823198));
#5014=CARTESIAN_POINT('',(3.9223470420218,198.,191.334010089698));
#5015=CARTESIAN_POINT('Origin',(4.73302576962753,198.,193.628089425861));
#5016=CARTESIAN_POINT('',(4.73302576962753,205.,193.628089425861));
#5017=CARTESIAN_POINT('',(3.9223470420218,205.,191.334010089698));
#5018=CARTESIAN_POINT('',(4.73302576962755,202.55,193.628089425861));
#5019=CARTESIAN_POINT('Origin',(4.32768640582467,205.,192.446320122246));
#5020=CARTESIAN_POINT('',(4.72137380201335,205.,193.562007833768));
#5021=CARTESIAN_POINT('Origin',(82.2199109019864,205.,180.787407747065));
#5022=CARTESIAN_POINT('',(81.9108133473026,205.,180.989221211615));
#5023=CARTESIAN_POINT('Origin',(81.7221595299862,198.,177.615804054011));
#5024=CARTESIAN_POINT('',(81.744992055182,205.,180.048801932306));
#5025=CARTESIAN_POINT('',(81.744992055182,198.,180.048801932306));
#5026=CARTESIAN_POINT('',(81.7221595299862,205.,177.615804054011));
#5027=CARTESIAN_POINT('',(81.7507001864809,205.,180.657051401881));
#5028=CARTESIAN_POINT('',(81.7221595299862,198.,177.615804054011));
#5029=CARTESIAN_POINT('Origin',(81.3282364287815,198.,177.685263325077));
#5030=CARTESIAN_POINT('',(81.3282364287815,205.,177.685263325077));
#5031=CARTESIAN_POINT('',(81.7221595299862,205.,177.615804054011));
#5032=CARTESIAN_POINT('',(81.3282364287815,198.,177.685263325077));
#5033=CARTESIAN_POINT('Origin',(81.5366142419817,205.,178.832302993158));
#5034=CARTESIAN_POINT('',(81.733340087568,205.,179.982720340214));
#5035=CARTESIAN_POINT('Origin',(4.57935605150654,205.,194.427472102802));
#5036=CARTESIAN_POINT('',(4.89456665728798,205.,194.544233325175));
#5037=CARTESIAN_POINT('Origin',(81.9360050506156,198.,181.132090460619));
#5038=CARTESIAN_POINT('',(80.9635752556808,205.1,175.617167043751));
#5039=CARTESIAN_POINT('',(81.9360050506156,205.1,181.132090460619));
#5040=CARTESIAN_POINT('',(80.9635752556808,198.,175.617167043751));
#5041=CARTESIAN_POINT('Origin',(25.,190.680407065997,78.5));
#5042=CARTESIAN_POINT('',(13.3383470011681,190.530407065997,69.5503715532523));
#5043=CARTESIAN_POINT('',(16.6889806274931,190.530407065997,66.3749450727094));
#5044=CARTESIAN_POINT('Origin',(25.,190.530407065997,78.5));
#5045=CARTESIAN_POINT('',(13.3019518210802,190.574929530032,69.524666496658));
#5046=CARTESIAN_POINT('',(13.3019518210841,190.574929530034,69.5246664966554));
#5047=CARTESIAN_POINT('',(12.8714079652061,190.830407063502,69.6740578303897));
#5048=CARTESIAN_POINT('Ctrl Pts',(13.3019518210816,190.574929530037,69.5246664966532));
#5049=CARTESIAN_POINT('Ctrl Pts',(13.2298693159216,190.616702054254,69.5499924298286));
#5050=CARTESIAN_POINT('Ctrl Pts',(13.1579501915398,190.6588911985,69.5751048609767));
#5051=CARTESIAN_POINT('Ctrl Pts',(13.014439804759,190.744061304831,69.624900857879));
#5052=CARTESIAN_POINT('Ctrl Pts',(12.9428437376951,190.787045116693,69.6495860931255));
#5053=CARTESIAN_POINT('Ctrl Pts',(12.8714079660642,190.830407062387,69.6740578312548));
#5054=CARTESIAN_POINT('',(16.2716356888782,190.830407065997,66.3009977271772));
#5055=CARTESIAN_POINT('Origin',(25.,190.830407065997,78.5));
#5056=CARTESIAN_POINT('',(16.4642339595777,190.6175298376,66.4252454283473));
#5057=CARTESIAN_POINT('Ctrl Pts',(16.4642339595775,190.617529837601,66.4252454283473));
#5058=CARTESIAN_POINT('Ctrl Pts',(16.4322443645423,190.652852073305,66.4046024798302));
#5059=CARTESIAN_POINT('Ctrl Pts',(16.4002591278459,190.688188120937,66.3839646056548));
#5060=CARTESIAN_POINT('Ctrl Pts',(16.3360618584619,190.759145446797,66.3425493031477));
#5061=CARTESIAN_POINT('Ctrl Pts',(16.3038448552491,190.794772484179,66.3217687200306));
#5062=CARTESIAN_POINT('Ctrl Pts',(16.2716356888782,190.830407065997,66.3009977271773));
#5063=CARTESIAN_POINT('Ctrl Pts',(16.6889806274931,190.530407065997,66.3749450727093));
#5064=CARTESIAN_POINT('Ctrl Pts',(16.5767574780186,190.573387315631,66.3997597314058));
#5065=CARTESIAN_POINT('Ctrl Pts',(16.4642339595756,190.617529837601,66.4252454283477));
#5066=CARTESIAN_POINT('Origin',(25.,184.880407065997,78.5));
#5067=CARTESIAN_POINT('',(12.8714079652058,184.730407068492,69.67405783039));
#5068=CARTESIAN_POINT('',(16.2716356888783,184.730407065997,66.3009977271772));
#5069=CARTESIAN_POINT('Origin',(25.,184.730407065997,78.5));
#5070=CARTESIAN_POINT('',(13.3019518210802,184.985884601961,69.524666496658));
#5071=CARTESIAN_POINT('Ctrl Pts',(13.3019518210815,184.985884601957,69.5246664966537));
#5072=CARTESIAN_POINT('Ctrl Pts',(13.2298693158554,184.944112077702,69.549992429852));
#5073=CARTESIAN_POINT('Ctrl Pts',(13.157950191404,184.901922933413,69.5751048610236));
#5074=CARTESIAN_POINT('Ctrl Pts',(13.0144398047325,184.816752827147,69.6249008578882));
#5075=CARTESIAN_POINT('Ctrl Pts',(12.9428437376409,184.773769015268,69.6495860931446));
#5076=CARTESIAN_POINT('Ctrl Pts',(12.8714079660637,184.730407069607,69.6740578312554));
#5077=CARTESIAN_POINT('',(13.3383470011681,185.030407065997,69.5503715532523));
#5078=CARTESIAN_POINT('',(13.3383470011685,185.030407065997,69.5503715532525));
#5079=CARTESIAN_POINT('',(16.6889806274931,185.030407065997,66.3749450727093));
#5080=CARTESIAN_POINT('Origin',(25.,185.030407065997,78.5));
#5081=CARTESIAN_POINT('',(16.4642339595774,184.943284294393,66.4252454283472));
#5082=CARTESIAN_POINT('Ctrl Pts',(16.4642339595755,184.943284294392,66.4252454283477));
#5083=CARTESIAN_POINT('Ctrl Pts',(16.5767574780185,184.987426816362,66.3997597314058));
#5084=CARTESIAN_POINT('Ctrl Pts',(16.6889806274932,185.030407065997,66.3749450727093));
#5085=CARTESIAN_POINT('Ctrl Pts',(16.2716356888783,184.730407065997,66.3009977271771));
#5086=CARTESIAN_POINT('Ctrl Pts',(16.3038448550437,184.766041647588,66.321768719898));
#5087=CARTESIAN_POINT('Ctrl Pts',(16.3360618583946,184.801668685122,66.3425493031041));
#5088=CARTESIAN_POINT('Ctrl Pts',(16.4002591279387,184.87262601116,66.3839646057145));
#5089=CARTESIAN_POINT('Ctrl Pts',(16.432244364588,184.907962058739,66.4046024798595));
#5090=CARTESIAN_POINT('Ctrl Pts',(16.4642339595775,184.943284294393,66.4252454283472));
#5091=CARTESIAN_POINT('Ctrl Pts',(16.2716356888782,190.830407065997,66.3009977271772));
#5092=CARTESIAN_POINT('Ctrl Pts',(17.2484069920477,189.595785945114,65.6021196064882));
#5093=CARTESIAN_POINT('Ctrl Pts',(18.306326160624,188.569558455187,65.0236896545135));
#5094=CARTESIAN_POINT('Ctrl Pts',(19.4106690420581,187.780407065997,64.5802521774785));
#5095=CARTESIAN_POINT('Ctrl Pts',(16.2964089161383,190.809280918091,66.3711846820931));
#5096=CARTESIAN_POINT('Ctrl Pts',(17.2684706712709,189.57636678688,65.6686485204177));
#5097=CARTESIAN_POINT('Ctrl Pts',(18.3223545962623,188.551653369803,65.0864051302822));
#5098=CARTESIAN_POINT('Ctrl Pts',(19.4233127643503,187.763742690684,64.6396242142254));
#5099=CARTESIAN_POINT('Ctrl Pts',(16.3211821433983,190.788154770185,66.441371637009));
#5100=CARTESIAN_POINT('Ctrl Pts',(17.2885343504942,189.556947628647,65.7351774343473));
#5101=CARTESIAN_POINT('Ctrl Pts',(18.3383830319005,188.533748284419,65.149120606051));
#5102=CARTESIAN_POINT('Ctrl Pts',(19.4359564866425,187.74707831537,64.6989962509724));
#5103=CARTESIAN_POINT('Ctrl Pts',(16.3459553706584,190.767028622279,66.5115585919249));
#5104=CARTESIAN_POINT('Ctrl Pts',(17.3085980297175,189.537528470414,65.8017063482769));
#5105=CARTESIAN_POINT('Ctrl Pts',(18.3544114675387,188.515843199036,65.2118360818197));
#5106=CARTESIAN_POINT('Ctrl Pts',(19.4486002089346,187.730413940057,64.7583682877193));
#5107=CARTESIAN_POINT('',(19.3794566317866,187.780407836404,64.7872322772326));
#5108=CARTESIAN_POINT('Ctrl Pts',(19.3794566317866,187.780407836404,64.7872322772326));
#5109=CARTESIAN_POINT('Ctrl Pts',(18.8438607031013,188.170471618898,65.0124357070564));
#5110=CARTESIAN_POINT('Ctrl Pts',(18.3426256865356,188.600755330651,65.2608601238649));
#5111=CARTESIAN_POINT('Ctrl Pts',(17.3698327236949,189.54736598757,65.8073860414552));
#5112=CARTESIAN_POINT('Ctrl Pts',(16.8988311282801,190.073936994082,66.111401953812));
#5113=CARTESIAN_POINT('Ctrl Pts',(16.4642339595779,190.6175298376,66.425245428347));
#5114=CARTESIAN_POINT('',(19.4106690404863,187.780407065997,64.5802521781096));
#5115=CARTESIAN_POINT('Ctrl Pts',(19.4106690397004,187.780407067681,64.5802521784252));
#5116=CARTESIAN_POINT('Ctrl Pts',(18.3063261591183,188.569558456648,65.0236896553368));
#5117=CARTESIAN_POINT('Ctrl Pts',(17.2484069913526,189.595785945992,65.6021196069855));
#5118=CARTESIAN_POINT('Ctrl Pts',(16.2716356888782,190.830407065997,66.3009977271772));
#5119=CARTESIAN_POINT('Origin',(29.7795106265733,187.780407065997,75.7328548265099));
#5120=CARTESIAN_POINT('Ctrl Pts',(19.4106690420581,187.780407065997,64.5802521774785));
#5121=CARTESIAN_POINT('Ctrl Pts',(18.3063261606241,186.991255676806,65.0236896545135));
#5122=CARTESIAN_POINT('Ctrl Pts',(17.2484069920477,185.965028186879,65.6021196064881));
#5123=CARTESIAN_POINT('Ctrl Pts',(16.2716356888783,184.730407065997,66.3009977271772));
#5124=CARTESIAN_POINT('Ctrl Pts',(19.4233127643503,187.79707144131,64.6396242142254));
#5125=CARTESIAN_POINT('Ctrl Pts',(18.3223545962623,187.00916076219,65.0864051302822));
#5126=CARTESIAN_POINT('Ctrl Pts',(17.268470671271,185.984447345113,65.6686485204177));
#5127=CARTESIAN_POINT('Ctrl Pts',(16.2964089161383,184.751533213903,66.3711846820931));
#5128=CARTESIAN_POINT('Ctrl Pts',(19.4359564866425,187.813735816623,64.6989962509724));
#5129=CARTESIAN_POINT('Ctrl Pts',(18.3383830319005,187.027065847574,65.149120606051));
#5130=CARTESIAN_POINT('Ctrl Pts',(17.2885343504942,186.003866503346,65.7351774343473));
#5131=CARTESIAN_POINT('Ctrl Pts',(16.3211821433984,184.772659361809,66.4413716370089));
#5132=CARTESIAN_POINT('Ctrl Pts',(19.4486002089347,187.830400191936,64.7583682877193));
#5133=CARTESIAN_POINT('Ctrl Pts',(18.3544114675388,187.044970932957,65.2118360818197));
#5134=CARTESIAN_POINT('Ctrl Pts',(17.3085980297175,186.02328566158,65.8017063482769));
#5135=CARTESIAN_POINT('Ctrl Pts',(16.3459553706585,184.793785509715,66.5115585919248));
#5136=CARTESIAN_POINT('Ctrl Pts',(16.2716356888783,184.730407065997,66.3009977271772));
#5137=CARTESIAN_POINT('Ctrl Pts',(17.2484069913526,185.965028186001,65.6021196069855));
#5138=CARTESIAN_POINT('Ctrl Pts',(18.3063261591184,186.991255675345,65.0236896553368));
#5139=CARTESIAN_POINT('Ctrl Pts',(19.4106690397004,187.780407064312,64.5802521784252));
#5140=CARTESIAN_POINT('Ctrl Pts',(16.4642339595775,184.943284294393,66.4252454283473));
#5141=CARTESIAN_POINT('Ctrl Pts',(16.8988304374827,185.486876273865,66.1114024526699));
#5142=CARTESIAN_POINT('Ctrl Pts',(17.3698249300805,186.013439749968,65.8073908879963));
#5143=CARTESIAN_POINT('Ctrl Pts',(18.342619234077,186.960053266151,65.2608633196094));
#5144=CARTESIAN_POINT('Ctrl Pts',(18.8438572677714,187.390340011214,65.012437151519));
#5145=CARTESIAN_POINT('Ctrl Pts',(19.3794566317881,187.78040629559,64.7872322772324));
#5146=CARTESIAN_POINT('Ctrl Pts',(12.8764718353143,184.71850514361,69.6671032588356));
#5147=CARTESIAN_POINT('Ctrl Pts',(12.4621296900394,185.691765527533,70.2358055560838));
#5148=CARTESIAN_POINT('Ctrl Pts',(12.088204483154,186.715701946145,70.8332360291997));
#5149=CARTESIAN_POINT('Ctrl Pts',(11.7581193855821,187.780407065997,71.4535400523735));
#5150=CARTESIAN_POINT('Ctrl Pts',(13.0182984972368,184.807631629725,69.6196243381082));
#5151=CARTESIAN_POINT('Ctrl Pts',(12.6026224558615,185.77693839793,70.1837806300577));
#5152=CARTESIAN_POINT('Ctrl Pts',(12.2267627807858,186.797249382329,70.7770311223558));
#5153=CARTESIAN_POINT('Ctrl Pts',(11.8943153035704,187.858596164078,71.3935307962484));
#5154=CARTESIAN_POINT('Ctrl Pts',(13.1601251591593,184.896758115841,69.5721454173807));
#5155=CARTESIAN_POINT('Ctrl Pts',(12.7431152216837,185.862111268327,70.1317557040315));
#5156=CARTESIAN_POINT('Ctrl Pts',(12.3653210784176,186.878796818513,70.7208262155119));
#5157=CARTESIAN_POINT('Ctrl Pts',(12.0305112215587,187.936785262159,71.3335215401233));
#5158=CARTESIAN_POINT('Ctrl Pts',(13.3019518210818,184.985884601956,69.5246664966533));
#5159=CARTESIAN_POINT('Ctrl Pts',(12.8836079875058,185.947284138724,70.0797307780053));
#5160=CARTESIAN_POINT('Ctrl Pts',(12.5038793760493,186.960344254698,70.664621308668));
#5161=CARTESIAN_POINT('Ctrl Pts',(12.1667071395469,188.01497436024,71.2735122839981));
#5162=CARTESIAN_POINT('',(11.7581193855821,187.780407065997,71.4535400523735));
#5163=CARTESIAN_POINT('Origin',(22.1418560315896,197.107935056859,76.6903452921919));
#5164=CARTESIAN_POINT('',(12.242625880889,187.78040708489,71.1380848047331));
#5165=CARTESIAN_POINT('Origin',(44.5954126122408,187.797657730244,121.358359086241));
#5166=CARTESIAN_POINT('Ctrl Pts',(12.2426258410506,187.780407288299,71.1380849218699));
#5167=CARTESIAN_POINT('Ctrl Pts',(12.3993535436623,187.302031690137,70.8618946414975));
#5168=CARTESIAN_POINT('Ctrl Pts',(12.5671017742303,186.825687953906,70.5868774572061));
#5169=CARTESIAN_POINT('Ctrl Pts',(12.9201440801786,185.894346771948,70.0491673750955));
#5170=CARTESIAN_POINT('Ctrl Pts',(13.1052873001667,185.437841017067,69.7856036545797));
#5171=CARTESIAN_POINT('Ctrl Pts',(13.3019518210795,184.985884601962,69.5246664966565));
#5172=CARTESIAN_POINT('Ctrl Pts',(11.7581193855822,187.780407065997,71.4535400523735));
#5173=CARTESIAN_POINT('Ctrl Pts',(12.088204483154,188.845112185848,70.8332360291997));
#5174=CARTESIAN_POINT('Ctrl Pts',(12.4621296900394,189.86904860446,70.2358055560838));
#5175=CARTESIAN_POINT('Ctrl Pts',(12.8764718353143,190.842308988383,69.6671032588356));
#5176=CARTESIAN_POINT('Ctrl Pts',(11.8943153035704,187.702217967915,71.3935307962484));
#5177=CARTESIAN_POINT('Ctrl Pts',(12.2267627807858,188.763564749664,70.7770311223558));
#5178=CARTESIAN_POINT('Ctrl Pts',(12.6026224558615,189.783875734063,70.1837806300577));
#5179=CARTESIAN_POINT('Ctrl Pts',(13.0182984972368,190.753182502268,69.6196243381082));
#5180=CARTESIAN_POINT('Ctrl Pts',(12.0305112215587,187.624028869834,71.3335215401233));
#5181=CARTESIAN_POINT('Ctrl Pts',(12.3653210784176,188.68201731348,70.7208262155119));
#5182=CARTESIAN_POINT('Ctrl Pts',(12.7431152216837,189.698702863666,70.1317557040315));
#5183=CARTESIAN_POINT('Ctrl Pts',(13.1601251591593,190.664056016153,69.5721454173808));
#5184=CARTESIAN_POINT('Ctrl Pts',(12.1667071395469,187.545839771753,71.2735122839981));
#5185=CARTESIAN_POINT('Ctrl Pts',(12.5038793760493,188.600469877295,70.664621308668));
#5186=CARTESIAN_POINT('Ctrl Pts',(12.8836079875058,189.613529993269,70.0797307780054));
#5187=CARTESIAN_POINT('Ctrl Pts',(13.3019518210818,190.574929530037,69.5246664966533));
#5188=CARTESIAN_POINT('Origin',(22.1418560398337,178.452879066113,76.6903452973301));
#5189=CARTESIAN_POINT('Ctrl Pts',(13.3019518210786,190.574929530032,69.5246664966567));
#5190=CARTESIAN_POINT('Ctrl Pts',(13.1053200423241,190.12304835996,69.7855602118397));
#5191=CARTESIAN_POINT('Ctrl Pts',(12.9202057730488,189.666619466221,70.0490795565534));
#5192=CARTESIAN_POINT('Ctrl Pts',(12.5671550982572,188.735277803388,70.5867899162974));
#5193=CARTESIAN_POINT('Ctrl Pts',(12.3993798309668,188.258862666626,70.8618483237053));
#5194=CARTESIAN_POINT('Ctrl Pts',(12.2426259151136,187.780407069757,71.1380847913528));
#5195=CARTESIAN_POINT('Origin',(21.1256794682635,190.530407065997,69.5503715532523));
#5196=CARTESIAN_POINT('',(21.1256794682635,190.530407065997,69.5503715532523));
#5197=CARTESIAN_POINT('',(21.1256794682635,190.530407065997,69.5503715532523));
#5198=CARTESIAN_POINT('',(21.1256794682635,187.780407065997,71.1380847935237));
#5199=CARTESIAN_POINT('',(21.1256794682635,187.780407065997,71.1380847935237));
#5200=CARTESIAN_POINT('',(21.1256794682635,187.780407065997,71.1380847935237));
#5201=CARTESIAN_POINT('Origin',(21.1256794682635,187.780407065997,71.1380847935237));
#5202=CARTESIAN_POINT('',(21.1256794682635,185.030407065997,69.5503715532523));
#5203=CARTESIAN_POINT('',(21.1256794682635,185.030407065997,69.5503715532523));
#5204=CARTESIAN_POINT('',(21.1256794682635,185.030407065997,69.5503715532523));
#5205=CARTESIAN_POINT('Origin',(21.1256794682635,185.030407065997,69.5503715532523));
#5206=CARTESIAN_POINT('',(21.1256794682635,185.030407065997,66.3749450727093));
#5207=CARTESIAN_POINT('',(21.1256794682635,185.030407065997,66.3749450727093));
#5208=CARTESIAN_POINT('',(21.1256794682635,185.030407065997,66.3749450727093));
#5209=CARTESIAN_POINT('Origin',(25.,198.,78.5));
#5210=CARTESIAN_POINT('',(25.0143047978317,197.4,93.4999931790904));
#5211=CARTESIAN_POINT('',(25.0143047978317,198.,93.4999931790904));
#5212=CARTESIAN_POINT('',(24.1004355991392,197.4,63.5269981670774));
#5213=CARTESIAN_POINT('Origin',(25.,197.4,78.5));
#5214=CARTESIAN_POINT('',(24.1004355991392,178.2,63.5269981670774));
#5215=CARTESIAN_POINT('',(24.1004355991392,198.,63.5269981670774));
#5216=CARTESIAN_POINT('',(25.8995644008608,178.2,63.5269981670774));
#5217=CARTESIAN_POINT('Origin',(25.,178.2,78.5));
#5218=CARTESIAN_POINT('',(25.8995644008608,198.,63.5269981670774));
#5219=CARTESIAN_POINT('',(31.3702798642709,187.799999850988,64.9198845936102));
#5220=CARTESIAN_POINT('Ctrl Pts',(31.3702798642709,187.799999850988,64.9198845936103));
#5221=CARTESIAN_POINT('Ctrl Pts',(31.3702798642709,187.554430970325,64.9198845936103));
#5222=CARTESIAN_POINT('Ctrl Pts',(31.4217036304807,187.323161223273,64.9438024144103));
#5223=CARTESIAN_POINT('Ctrl Pts',(31.6310993196542,186.790374226279,65.0444387449138));
#5224=CARTESIAN_POINT('Ctrl Pts',(31.8557538957965,186.473586673015,65.1556210290986));
#5225=CARTESIAN_POINT('Ctrl Pts',(32.2373012618478,186.069058649546,65.3603637348881));
#5226=CARTESIAN_POINT('Ctrl Pts',(32.5419043593354,185.79858807972,65.5312695199187));
#5227=CARTESIAN_POINT('Ctrl Pts',(33.0747615393117,185.409456562254,65.8517637289645));
#5228=CARTESIAN_POINT('Ctrl Pts',(33.8066452643574,185.0005018798,66.3407340527276));
#5229=CARTESIAN_POINT('Ctrl Pts',(34.6627349009873,184.682193213474,67.0097003710991));
#5230=CARTESIAN_POINT('Ctrl Pts',(35.3756428538474,184.550393321135,67.65654191122));
#5231=CARTESIAN_POINT('Ctrl Pts',(35.8905024733959,184.544059344655,68.1789533527288));
#5232=CARTESIAN_POINT('Ctrl Pts',(36.4435234372637,184.625273245412,68.7881201238347));
#5233=CARTESIAN_POINT('Ctrl Pts',(37.0535702638576,184.897070020451,69.548660354244));
#5234=CARTESIAN_POINT('Ctrl Pts',(37.4335999748005,185.325722732694,70.1043296098195));
#5235=CARTESIAN_POINT('Ctrl Pts',(37.7349881745247,185.828507077617,70.5692536692117));
#5236=CARTESIAN_POINT('Ctrl Pts',(37.9390532742279,186.319394105226,70.9075653656457));
#5237=CARTESIAN_POINT('Ctrl Pts',(38.0992016906469,187.213713277716,71.1912014132914));
#5238=CARTESIAN_POINT('Ctrl Pts',(38.122896914882,187.891517800829,71.2342540604169));
#5239=CARTESIAN_POINT('Ctrl Pts',(38.0741220037333,188.495794691683,71.1467140856718));
#5240=CARTESIAN_POINT('Ctrl Pts',(37.9765496077134,189.090285902915,70.9740201975314));
#5241=CARTESIAN_POINT('Ctrl Pts',(37.7574116681503,189.756972063381,70.6036348538733));
#5242=CARTESIAN_POINT('Ctrl Pts',(37.2818279062358,190.53096416261,69.8641150677407));
#5243=CARTESIAN_POINT('Ctrl Pts',(36.5727393840073,190.973805067509,68.9224780791997));
#5244=CARTESIAN_POINT('Ctrl Pts',(35.8764114359914,191.056016511771,68.1639368997147));
#5245=CARTESIAN_POINT('Ctrl Pts',(35.4836089106426,191.046111991947,67.7691881789291));
#5246=CARTESIAN_POINT('Ctrl Pts',(34.8566429337605,190.971898900108,67.1733655850509));
#5247=CARTESIAN_POINT('Ctrl Pts',(34.0647118893529,190.72263239451,66.5252935500976));
#5248=CARTESIAN_POINT('Ctrl Pts',(33.1685850951342,190.24693416943,65.9117672591099));
#5249=CARTESIAN_POINT('Ctrl Pts',(32.5548408703397,189.82481635329,65.5348413709366));
#5250=CARTESIAN_POINT('Ctrl Pts',(31.9425657072648,189.260308157593,65.1979095505818));
#5251=CARTESIAN_POINT('Ctrl Pts',(31.6142046090821,188.766931193353,65.03643254555));
#5252=CARTESIAN_POINT('Ctrl Pts',(31.4217516193698,188.276916530032,64.9438397075933));
#5253=CARTESIAN_POINT('Ctrl Pts',(31.3702798642709,188.045568731652,64.9198845936102));
#5254=CARTESIAN_POINT('Ctrl Pts',(31.3702798642709,187.799999850988,64.9198845936102));
#5255=CARTESIAN_POINT('Origin',(25.,190.719592934003,133.5));
#5256=CARTESIAN_POINT('',(16.6889806274932,190.569592934003,145.625054927291));
#5257=CARTESIAN_POINT('',(13.3383470011682,190.569592934003,142.449628446748));
#5258=CARTESIAN_POINT('Origin',(25.,190.569592934004,133.5));
#5259=CARTESIAN_POINT('',(16.4642339595776,190.656715705607,145.574754571653));
#5260=CARTESIAN_POINT('Ctrl Pts',(16.4642339595757,190.656715705607,145.574754571653));
#5261=CARTESIAN_POINT('Ctrl Pts',(16.5767574780187,190.612573183638,145.600240268595));
#5262=CARTESIAN_POINT('Ctrl Pts',(16.6889806274932,190.569592934003,145.625054927291));
#5263=CARTESIAN_POINT('',(16.2716356888783,190.869592934003,145.699002272823));
#5264=CARTESIAN_POINT('Ctrl Pts',(16.2716356888783,190.869592934003,145.699002272823));
#5265=CARTESIAN_POINT('Ctrl Pts',(16.3038448552147,190.833958352223,145.678231279992));
#5266=CARTESIAN_POINT('Ctrl Pts',(16.3360618584527,190.798331314813,145.657450696859));
#5267=CARTESIAN_POINT('Ctrl Pts',(16.400259127927,190.727373988853,145.616035394293));
#5268=CARTESIAN_POINT('Ctrl Pts',(16.4322443645812,190.692037941268,145.595397520145));
#5269=CARTESIAN_POINT('Ctrl Pts',(16.4642339595776,190.656715705607,145.574754571653));
#5270=CARTESIAN_POINT('',(12.8714079652058,190.869592931508,142.32594216961));
#5271=CARTESIAN_POINT('Origin',(25.,190.869592934003,133.5));
#5272=CARTESIAN_POINT('',(13.3019518210802,190.614115398039,142.475333503342));
#5273=CARTESIAN_POINT('Ctrl Pts',(13.3019518210816,190.614115398044,142.475333503347));
#5274=CARTESIAN_POINT('Ctrl Pts',(13.2298693158759,190.655887922286,142.450007570155));
#5275=CARTESIAN_POINT('Ctrl Pts',(13.1579501914457,190.698077066562,142.424895138991));
#5276=CARTESIAN_POINT('Ctrl Pts',(13.0144398046717,190.783247172889,142.375099142091));
#5277=CARTESIAN_POINT('Ctrl Pts',(12.942843737516,190.826230984808,142.350413906813));
#5278=CARTESIAN_POINT('Ctrl Pts',(12.8714079660637,190.869592930392,142.325942168744));
#5279=CARTESIAN_POINT('',(13.3383470011684,190.569592934003,142.449628446748));
#5280=CARTESIAN_POINT('Ctrl Pts',(12.8764718353143,190.88149485639,142.332896741164));
#5281=CARTESIAN_POINT('Ctrl Pts',(12.4621296900394,189.908234472467,141.764194443916));
#5282=CARTESIAN_POINT('Ctrl Pts',(12.0882044831541,188.884298053855,141.1667639708));
#5283=CARTESIAN_POINT('Ctrl Pts',(11.7581193855822,187.819592934003,140.546459947627));
#5284=CARTESIAN_POINT('Ctrl Pts',(13.0182984972368,190.792368370275,142.380375661892));
#5285=CARTESIAN_POINT('Ctrl Pts',(12.6026224558615,189.82306160207,141.816219369942));
#5286=CARTESIAN_POINT('Ctrl Pts',(12.2267627807858,188.802750617671,141.222968877644));
#5287=CARTESIAN_POINT('Ctrl Pts',(11.8943153035704,187.741403835922,140.606469203752));
#5288=CARTESIAN_POINT('Ctrl Pts',(13.1601251591593,190.703241884159,142.427854582619));
#5289=CARTESIAN_POINT('Ctrl Pts',(12.7431152216837,189.737888731673,141.868244295969));
#5290=CARTESIAN_POINT('Ctrl Pts',(12.3653210784176,188.721203181486,141.279173784488));
#5291=CARTESIAN_POINT('Ctrl Pts',(12.0305112215587,187.663214737841,140.666478459877));
#5292=CARTESIAN_POINT('Ctrl Pts',(13.3019518210818,190.614115398044,142.475333503347));
#5293=CARTESIAN_POINT('Ctrl Pts',(12.8836079875058,189.652715861276,141.920269221995));
#5294=CARTESIAN_POINT('Ctrl Pts',(12.5038793760493,188.639655745302,141.335378691332));
#5295=CARTESIAN_POINT('Ctrl Pts',(12.1667071395469,187.58502563976,140.726487716002));
#5296=CARTESIAN_POINT('',(11.7581193855822,187.819592934003,140.546459947627));
#5297=CARTESIAN_POINT('Origin',(22.1418560247604,178.492064950844,135.309654712212));
#5298=CARTESIAN_POINT('',(12.2426258808888,187.819592915111,140.861915195267));
#5299=CARTESIAN_POINT('Origin',(44.5954126130914,187.802342266721,90.6416409124134));
#5300=CARTESIAN_POINT('Ctrl Pts',(12.2426258410501,187.819592711701,140.86191507813));
#5301=CARTESIAN_POINT('Ctrl Pts',(12.3993540015015,188.297969707314,141.138106165321));
#5302=CARTESIAN_POINT('Ctrl Pts',(12.5670997699785,188.774306563922,141.413119377661));
#5303=CARTESIAN_POINT('Ctrl Pts',(12.9201429827943,189.705650522392,141.950831062791));
#5304=CARTESIAN_POINT('Ctrl Pts',(13.1052867177499,190.162157644478,142.214395572663));
#5305=CARTESIAN_POINT('Ctrl Pts',(13.3019518210786,190.614115398039,142.475333503343));
#5306=CARTESIAN_POINT('Ctrl Pts',(11.7581193855822,187.819592934003,140.546459947627));
#5307=CARTESIAN_POINT('Ctrl Pts',(12.0882044831541,186.754887814152,141.1667639708));
#5308=CARTESIAN_POINT('Ctrl Pts',(12.4621296900394,185.73095139554,141.764194443916));
#5309=CARTESIAN_POINT('Ctrl Pts',(12.8764718353143,184.757691011617,142.332896741164));
#5310=CARTESIAN_POINT('Ctrl Pts',(11.8943153035704,187.897782032085,140.606469203752));
#5311=CARTESIAN_POINT('Ctrl Pts',(12.2267627807858,186.836435250336,141.222968877644));
#5312=CARTESIAN_POINT('Ctrl Pts',(12.6026224558615,185.816124265937,141.816219369942));
#5313=CARTESIAN_POINT('Ctrl Pts',(13.0182984972368,184.846817497732,142.380375661892));
#5314=CARTESIAN_POINT('Ctrl Pts',(12.0305112215587,187.975971130166,140.666478459877));
#5315=CARTESIAN_POINT('Ctrl Pts',(12.3653210784176,186.91798268652,141.279173784488));
#5316=CARTESIAN_POINT('Ctrl Pts',(12.7431152216837,185.901297136334,141.868244295969));
#5317=CARTESIAN_POINT('Ctrl Pts',(13.1601251591593,184.935943983847,142.427854582619));
#5318=CARTESIAN_POINT('Ctrl Pts',(12.1667071395469,188.054160228247,140.726487716002));
#5319=CARTESIAN_POINT('Ctrl Pts',(12.5038793760493,186.999530122705,141.335378691332));
#5320=CARTESIAN_POINT('Ctrl Pts',(12.8836079875058,185.986470006731,141.920269221995));
#5321=CARTESIAN_POINT('Ctrl Pts',(13.3019518210818,185.025070469963,142.475333503347));
#5322=CARTESIAN_POINT('',(12.8714079652061,184.769592936498,142.32594216961));
#5323=CARTESIAN_POINT('Origin',(22.1418560280511,197.147120920858,135.309654710034));
#5324=CARTESIAN_POINT('',(13.3019518210802,185.025070469968,142.475333503342));
#5325=CARTESIAN_POINT('Ctrl Pts',(13.3019518210817,185.025070469962,142.475333503347));
#5326=CARTESIAN_POINT('Ctrl Pts',(13.2298693159181,184.983297945744,142.45000757017));
#5327=CARTESIAN_POINT('Ctrl Pts',(13.1579501915323,184.941108801496,142.424895139021));
#5328=CARTESIAN_POINT('Ctrl Pts',(13.014439804723,184.855938695148,142.375099142108));
#5329=CARTESIAN_POINT('Ctrl Pts',(12.9428437376212,184.812954883262,142.350413906849));
#5330=CARTESIAN_POINT('Ctrl Pts',(12.8714079660642,184.769592937614,142.325942168745));
#5331=CARTESIAN_POINT('Ctrl Pts',(13.3019518210786,185.025070469968,142.475333503343));
#5332=CARTESIAN_POINT('Ctrl Pts',(13.1053026019959,185.476991719807,142.214416648096));
#5333=CARTESIAN_POINT('Ctrl Pts',(12.9201729118546,185.933461554097,141.950873666343));
#5334=CARTESIAN_POINT('Ctrl Pts',(12.5671261724309,186.864804338824,141.413162658873));
#5335=CARTESIAN_POINT('Ctrl Pts',(12.3993663272687,187.341178550335,141.138127879671));
#5336=CARTESIAN_POINT('Ctrl Pts',(12.2426259151138,187.819592930243,140.861915208647));
#5337=CARTESIAN_POINT('Ctrl Pts',(19.4106690420581,187.819592934003,147.419747822522));
#5338=CARTESIAN_POINT('Ctrl Pts',(18.3063261606241,188.608744323194,146.976310345487));
#5339=CARTESIAN_POINT('Ctrl Pts',(17.2484069920477,189.634971813121,146.397880393512));
#5340=CARTESIAN_POINT('Ctrl Pts',(16.2716356888783,190.869592934003,145.699002272823));
#5341=CARTESIAN_POINT('Ctrl Pts',(19.4233127643503,187.80292855869,147.360375785775));
#5342=CARTESIAN_POINT('Ctrl Pts',(18.3223545962623,188.59083923781,146.913594869718));
#5343=CARTESIAN_POINT('Ctrl Pts',(17.268470671271,189.615552654887,146.331351479582));
#5344=CARTESIAN_POINT('Ctrl Pts',(16.2964089161383,190.848466786097,145.628815317907));
#5345=CARTESIAN_POINT('Ctrl Pts',(19.4359564866425,187.786264183377,147.301003749028));
#5346=CARTESIAN_POINT('Ctrl Pts',(18.3383830319005,188.572934152426,146.850879393949));
#5347=CARTESIAN_POINT('Ctrl Pts',(17.2885343504942,189.596133496654,146.264822565653));
#5348=CARTESIAN_POINT('Ctrl Pts',(16.3211821433984,190.827340638191,145.558628362991));
#5349=CARTESIAN_POINT('Ctrl Pts',(19.4486002089346,187.769599808064,147.241631712281));
#5350=CARTESIAN_POINT('Ctrl Pts',(18.3544114675388,188.555029067043,146.78816391818));
#5351=CARTESIAN_POINT('Ctrl Pts',(17.3085980297175,189.57671433842,146.198293651723));
#5352=CARTESIAN_POINT('Ctrl Pts',(16.3459553706585,190.806214490285,145.488441408075));
#5353=CARTESIAN_POINT('',(19.3794566317868,187.819593704411,147.212767722767));
#5354=CARTESIAN_POINT('Ctrl Pts',(19.3794566317868,187.819593704411,147.212767722767));
#5355=CARTESIAN_POINT('Ctrl Pts',(18.843861008247,188.209657264673,146.987564421249));
#5356=CARTESIAN_POINT('Ctrl Pts',(18.3426262590285,188.639940707433,146.739140159743));
#5357=CARTESIAN_POINT('Ctrl Pts',(17.3698332177688,189.586551303006,146.192614277571));
#5358=CARTESIAN_POINT('Ctrl Pts',(16.8988313555132,190.113122577865,145.888598210284));
#5359=CARTESIAN_POINT('Ctrl Pts',(16.4642339595775,190.656715705607,145.574754571653));
#5360=CARTESIAN_POINT('',(19.4106690404863,187.819592934003,147.419747821891));
#5361=CARTESIAN_POINT('Origin',(29.7792704340011,187.819592934003,136.267401948876));
#5362=CARTESIAN_POINT('Ctrl Pts',(16.2716356888783,190.869592934003,145.699002272823));
#5363=CARTESIAN_POINT('Ctrl Pts',(17.2484069913526,189.634971813999,146.397880393015));
#5364=CARTESIAN_POINT('Ctrl Pts',(18.3063261591184,188.608744324654,146.976310344663));
#5365=CARTESIAN_POINT('Ctrl Pts',(19.4106690397004,187.819592935688,147.419747821575));
#5366=CARTESIAN_POINT('Origin',(25.,184.919592934003,133.5));
#5367=CARTESIAN_POINT('',(16.2716356888782,184.769592934003,145.699002272823));
#5368=CARTESIAN_POINT('Origin',(25.,184.769592934003,133.5));
#5369=CARTESIAN_POINT('',(16.4642339595779,184.9824701624,145.574754571653));
#5370=CARTESIAN_POINT('Ctrl Pts',(16.4642339595775,184.982470162399,145.574754571653));
#5371=CARTESIAN_POINT('Ctrl Pts',(16.4322443645994,184.947147926758,145.595397520133));
#5372=CARTESIAN_POINT('Ctrl Pts',(16.4002591279644,184.911811879194,145.616035394269));
#5373=CARTESIAN_POINT('Ctrl Pts',(16.3360618585202,184.840854553267,145.657450696815));
#5374=CARTESIAN_POINT('Ctrl Pts',(16.3038448553099,184.805227515888,145.67823127993));
#5375=CARTESIAN_POINT('Ctrl Pts',(16.2716356888783,184.769592934003,145.699002272823));
#5376=CARTESIAN_POINT('',(16.6889806274931,185.069592934003,145.625054927291));
#5377=CARTESIAN_POINT('Ctrl Pts',(16.6889806274932,185.069592934004,145.625054927291));
#5378=CARTESIAN_POINT('Ctrl Pts',(16.5767574780186,185.026612684369,145.600240268595));
#5379=CARTESIAN_POINT('Ctrl Pts',(16.4642339595758,184.9824701624,145.574754571653));
#5380=CARTESIAN_POINT('',(13.3383470011682,185.069592934003,142.449628446748));
#5381=CARTESIAN_POINT('Origin',(25.,185.069592934003,133.5));
#5382=CARTESIAN_POINT('',(13.3019518210841,185.025070469966,142.475333503345));
#5383=CARTESIAN_POINT('Ctrl Pts',(16.2716356888782,184.769592934003,145.699002272823));
#5384=CARTESIAN_POINT('Ctrl Pts',(17.2484069920477,186.004214054886,146.397880393512));
#5385=CARTESIAN_POINT('Ctrl Pts',(18.3063261606241,187.030441544813,146.976310345487));
#5386=CARTESIAN_POINT('Ctrl Pts',(19.4106690420581,187.819592934003,147.419747822522));
#5387=CARTESIAN_POINT('Ctrl Pts',(16.2964089161383,184.790719081909,145.628815317907));
#5388=CARTESIAN_POINT('Ctrl Pts',(17.2684706712709,186.02363321312,146.331351479582));
#5389=CARTESIAN_POINT('Ctrl Pts',(18.3223545962623,187.048346630197,146.913594869718));
#5390=CARTESIAN_POINT('Ctrl Pts',(19.4233127643503,187.836257309316,147.360375785775));
#5391=CARTESIAN_POINT('Ctrl Pts',(16.3211821433984,184.811845229815,145.558628362991));
#5392=CARTESIAN_POINT('Ctrl Pts',(17.2885343504942,186.043052371353,146.264822565653));
#5393=CARTESIAN_POINT('Ctrl Pts',(18.3383830319005,187.066251715581,146.850879393949));
#5394=CARTESIAN_POINT('Ctrl Pts',(19.4359564866425,187.85292168463,147.301003749028));
#5395=CARTESIAN_POINT('Ctrl Pts',(16.3459553706584,184.832971377721,145.488441408075));
#5396=CARTESIAN_POINT('Ctrl Pts',(17.3085980297175,186.062471529586,146.198293651723));
#5397=CARTESIAN_POINT('Ctrl Pts',(18.3544114675388,187.084156800964,146.78816391818));
#5398=CARTESIAN_POINT('Ctrl Pts',(19.4486002089346,187.869586059943,147.241631712281));
#5399=CARTESIAN_POINT('Ctrl Pts',(19.4106690397004,187.819592932319,147.419747821575));
#5400=CARTESIAN_POINT('Ctrl Pts',(18.3063261591183,187.030441543352,146.976310344663));
#5401=CARTESIAN_POINT('Ctrl Pts',(17.2484069913526,186.004214054008,146.397880393015));
#5402=CARTESIAN_POINT('Ctrl Pts',(16.2716356888782,184.769592934003,145.699002272823));
#5403=CARTESIAN_POINT('Ctrl Pts',(19.3794576691328,187.819592919074,147.212768158943));
#5404=CARTESIAN_POINT('Ctrl Pts',(18.8438644821316,187.429531217581,146.987565930585));
#5405=CARTESIAN_POINT('Ctrl Pts',(18.3426318649864,186.999250004909,146.739142956621));
#5406=CARTESIAN_POINT('Ctrl Pts',(17.3698377994399,186.052639689117,146.192617235981));
#5407=CARTESIAN_POINT('Ctrl Pts',(16.8988334627021,185.526065925807,145.888599731986));
#5408=CARTESIAN_POINT('Ctrl Pts',(16.4642339595781,184.9824701624,145.574754571653));
#5409=CARTESIAN_POINT('Origin',(21.1256794682635,185.069592934003,145.625054927291));
#5410=CARTESIAN_POINT('',(21.1256794682635,185.069592934003,145.625054927291));
#5411=CARTESIAN_POINT('',(21.1256794682635,185.069592934003,145.625054927291));
#5412=CARTESIAN_POINT('',(21.1256794682635,185.069592934003,142.449628446748));
#5413=CARTESIAN_POINT('',(21.1256794682635,185.069592934003,142.449628446748));
#5414=CARTESIAN_POINT('',(21.1256794682635,185.069592934003,142.449628446748));
#5415=CARTESIAN_POINT('Origin',(21.1256794682635,185.069592934003,142.449628446748));
#5416=CARTESIAN_POINT('',(21.1256794682635,187.819592934003,140.861915206476));
#5417=CARTESIAN_POINT('',(21.1256794682635,187.819592934003,140.861915206476));
#5418=CARTESIAN_POINT('',(21.1256794682635,187.819592934003,140.861915206476));
#5419=CARTESIAN_POINT('Origin',(21.1256794682635,187.819592934003,140.861915206476));
#5420=CARTESIAN_POINT('',(21.1256794682635,190.569592934003,142.449628446748));
#5421=CARTESIAN_POINT('',(21.1256794682635,190.569592934003,142.449628446748));
#5422=CARTESIAN_POINT('',(21.1256794682635,190.569592934003,142.449628446748));
#5423=CARTESIAN_POINT('Origin',(25.,198.,133.5));
#5424=CARTESIAN_POINT('',(25.,197.4,118.5));
#5425=CARTESIAN_POINT('',(25.,198.,118.5));
#5426=CARTESIAN_POINT('',(25.8995644008608,178.2,148.473001832923));
#5427=CARTESIAN_POINT('',(25.8995644008608,198.,148.473001832923));
#5428=CARTESIAN_POINT('',(24.1004355991392,178.2,148.473001832923));
#5429=CARTESIAN_POINT('Origin',(25.,178.2,133.5));
#5430=CARTESIAN_POINT('',(24.1004355991392,197.4,148.473001832923));
#5431=CARTESIAN_POINT('',(24.1004355991392,198.,148.473001832923));
#5432=CARTESIAN_POINT('Origin',(25.,197.4,133.5));
#5433=CARTESIAN_POINT('',(38.1097850416913,187.800000149012,140.789275420825));
#5434=CARTESIAN_POINT('Ctrl Pts',(38.1097850416914,187.800000149012,140.789275420825));
#5435=CARTESIAN_POINT('Ctrl Pts',(38.1097850416914,187.691268377112,140.789275420825));
#5436=CARTESIAN_POINT('Ctrl Pts',(38.1065196827072,187.581024529,140.795157211618));
#5437=CARTESIAN_POINT('Ctrl Pts',(38.1000401779797,187.470426075393,140.806774071731));
#5438=CARTESIAN_POINT('Ctrl Pts',(38.0933904752699,187.356922518011,140.818696073399));
#5439=CARTESIAN_POINT('Ctrl Pts',(38.0833554795656,187.243045481535,140.83665840463));
#5440=CARTESIAN_POINT('Ctrl Pts',(38.0699427005403,187.130046063787,140.860475378982));
#5441=CARTESIAN_POINT('Ctrl Pts',(38.0563073855022,187.015171833981,140.884687508916));
#5442=CARTESIAN_POINT('Ctrl Pts',(38.039181073971,186.901204586234,140.914950175445));
#5443=CARTESIAN_POINT('Ctrl Pts',(38.0185250709632,186.789458729441,140.951040529799));
#5444=CARTESIAN_POINT('Ctrl Pts',(37.9973642057091,186.674981644139,140.988012984013));
#5445=CARTESIAN_POINT('Ctrl Pts',(37.9724988001316,186.562835864755,141.0311015653));
#5446=CARTESIAN_POINT('Ctrl Pts',(37.9438417318077,186.454434553092,141.080037019825));
#5447=CARTESIAN_POINT('Ctrl Pts',(37.9404036785223,186.441429402618,141.085907916956));
#5448=CARTESIAN_POINT('Ctrl Pts',(37.9369110001979,186.428478147553,141.09186293494));
#5449=CARTESIAN_POINT('Ctrl Pts',(37.9333635060545,186.41558322815,141.097901580059));
#5450=CARTESIAN_POINT('Ctrl Pts',(37.9038536644758,186.308316799115,141.148134069138));
#5451=CARTESIAN_POINT('Ctrl Pts',(37.8705469167503,186.204948656745,141.204151538438));
#5452=CARTESIAN_POINT('Ctrl Pts',(37.8342073283005,186.106482243594,141.264220646929));
#5453=CARTESIAN_POINT('Ctrl Pts',(37.8026720898506,186.021033785026,141.316348195439));
#5454=CARTESIAN_POINT('Ctrl Pts',(37.7688526184715,185.939276645181,141.37152653029));
#5455=CARTESIAN_POINT('Ctrl Pts',(37.7332880057802,185.861866577922,141.428642794442));
#5456=CARTESIAN_POINT('Ctrl Pts',(37.7278697861829,185.850073261147,141.437344378357));
#5457=CARTESIAN_POINT('Ctrl Pts',(37.7224111489377,185.838380840368,141.44609098863));
#5458=CARTESIAN_POINT('Ctrl Pts',(37.7169140980386,185.826791634348,141.454878743457));
#5459=CARTESIAN_POINT('Ctrl Pts',(37.6741388210228,185.73661027947,141.523260618389));
#5460=CARTESIAN_POINT('Ctrl Pts',(37.6290390716868,185.652678750901,141.594139166644));
#5461=CARTESIAN_POINT('Ctrl Pts',(37.5812056667375,185.573833543263,141.667818801323));
#5462=CARTESIAN_POINT('Ctrl Pts',(37.5360475004563,185.499398010172,141.737377662916));
#5463=CARTESIAN_POINT('Ctrl Pts',(37.4884528283266,185.429495769804,141.809433133111));
#5464=CARTESIAN_POINT('Ctrl Pts',(37.4380450572907,185.363147820562,141.884213448667));
#5465=CARTESIAN_POINT('Ctrl Pts',(37.3845465126662,185.29273171903,141.963578950585));
#5466=CARTESIAN_POINT('Ctrl Pts',(37.3278761163466,185.226319136966,142.046004287119));
#5467=CARTESIAN_POINT('Ctrl Pts',(37.2683061671869,185.164476922511,142.130681536713));
#5468=CARTESIAN_POINT('Ctrl Pts',(37.2122941594392,185.106328365327,142.210301258188));
#5469=CARTESIAN_POINT('Ctrl Pts',(37.1537185712311,185.05222052998,142.291911674741));
#5470=CARTESIAN_POINT('Ctrl Pts',(37.0928439515315,185.002624641618,142.374859163046));
#5471=CARTESIAN_POINT('Ctrl Pts',(37.032666338979,184.953596620272,142.456856912487));
#5472=CARTESIAN_POINT('Ctrl Pts',(36.9702383224621,184.908977814915,142.540165540965));
#5473=CARTESIAN_POINT('Ctrl Pts',(36.9058685991537,184.868563286709,142.624159846237));
#5474=CARTESIAN_POINT('Ctrl Pts',(36.842573733519,184.828823607851,142.706751598897));
#5475=CARTESIAN_POINT('Ctrl Pts',(36.7774014473863,184.79314897081,142.790006085912));
#5476=CARTESIAN_POINT('Ctrl Pts',(36.710687471997,184.761344532594,142.873355798923));
#5477=CARTESIAN_POINT('Ctrl Pts',(36.6446369019673,184.729856358468,142.955876680405));
#5478=CARTESIAN_POINT('Ctrl Pts',(36.5770751943542,184.702161795169,143.038490706422));
#5479=CARTESIAN_POINT('Ctrl Pts',(36.5083697818758,184.678071754667,143.120676949342));
#5480=CARTESIAN_POINT('Ctrl Pts',(36.4399304756536,184.654075018465,143.20254487275));
#5481=CARTESIAN_POINT('Ctrl Pts',(36.3703563986097,184.63365493743,143.283988157222));
#5482=CARTESIAN_POINT('Ctrl Pts',(36.3000512781429,184.616624612131,143.364524373296));
#5483=CARTESIAN_POINT('Ctrl Pts',(36.2295604950721,184.599549312944,143.445273270373));
#5484=CARTESIAN_POINT('Ctrl Pts',(36.158334933164,184.585881696548,143.525110169318));
#5485=CARTESIAN_POINT('Ctrl Pts',(36.0868207560297,184.575433378901,143.603583796043));
#5486=CARTESIAN_POINT('Ctrl Pts',(36.0144578431674,184.564861059819,143.682988753777));
#5487=CARTESIAN_POINT('Ctrl Pts',(35.9417995801789,184.557584906696,143.760997774559));
#5488=CARTESIAN_POINT('Ctrl Pts',(35.8693462318859,184.553409748302,143.837181070843));
#5489=CARTESIAN_POINT('Ctrl Pts',(35.8413975693177,184.55179919343,143.866568549701));
#5490=CARTESIAN_POINT('Ctrl Pts',(35.8134797827768,184.55065006892,143.895684762652));
#5491=CARTESIAN_POINT('Ctrl Pts',(35.7856229824006,184.549951172052,143.924506553382));
#5492=CARTESIAN_POINT('Ctrl Pts',(35.7473186082082,184.548990156904,143.964137833434));
#5493=CARTESIAN_POINT('Ctrl Pts',(35.7091286519202,184.548880410001,144.003217080405));
#5494=CARTESIAN_POINT('Ctrl Pts',(35.6705985118762,184.549444742704,144.042216436706));
#5495=CARTESIAN_POINT('Ctrl Pts',(35.6320683718322,184.550009075407,144.081215793006));
#5496=CARTESIAN_POINT('Ctrl Pts',(35.5931970125103,184.551247487715,144.120133356952));
#5497=CARTESIAN_POINT('Ctrl Pts',(35.5539176059101,184.553241946996,144.159025432358));
#5498=CARTESIAN_POINT('Ctrl Pts',(35.4753587927096,184.557230865558,144.23680958317));
#5499=CARTESIAN_POINT('Ctrl Pts',(35.3951630018182,184.564243972011,144.314489101384));
#5500=CARTESIAN_POINT('Ctrl Pts',(35.3136951376204,184.574134000938,144.391634065108));
#5501=CARTESIAN_POINT('Ctrl Pts',(35.2173801381315,184.585826441146,144.482838335833));
#5502=CARTESIAN_POINT('Ctrl Pts',(35.1192895531451,184.601539967253,144.573294871971));
#5503=CARTESIAN_POINT('Ctrl Pts',(35.0197803767892,184.621219242704,144.662616234598));
#5504=CARTESIAN_POINT('Ctrl Pts',(34.9509502475578,184.634831324747,144.724399490755));
#5505=CARTESIAN_POINT('Ctrl Pts',(34.8814421909813,184.650340794869,144.785640360792));
#5506=CARTESIAN_POINT('Ctrl Pts',(34.8113844355283,184.667729340116,144.846221197309));
#5507=CARTESIAN_POINT('Ctrl Pts',(34.7139471587459,184.691913564762,144.930477846659));
#5508=CARTESIAN_POINT('Ctrl Pts',(34.6154402314723,184.719732601636,145.013460003646));
#5509=CARTESIAN_POINT('Ctrl Pts',(34.5162922299236,184.750967191219,145.09483428923));
#5510=CARTESIAN_POINT('Ctrl Pts',(34.4167145143411,184.782337153591,145.17656125638));
#5511=CARTESIAN_POINT('Ctrl Pts',(34.3164903524263,184.817152339297,145.256666273663));
#5512=CARTESIAN_POINT('Ctrl Pts',(34.2160857797283,184.855190625588,145.334853733811));
#5513=CARTESIAN_POINT('Ctrl Pts',(34.114437520043,184.893700082866,145.414009682983));
#5514=CARTESIAN_POINT('Ctrl Pts',(34.0126045615206,184.93551298278,145.491200175612));
#5515=CARTESIAN_POINT('Ctrl Pts',(33.9111000386653,184.980398845776,145.566163271765));
#5516=CARTESIAN_POINT('Ctrl Pts',(33.8615987473859,185.002288591336,145.602720953665));
#5517=CARTESIAN_POINT('Ctrl Pts',(33.8121759911015,185.024909172355,145.638749581388));
#5518=CARTESIAN_POINT('Ctrl Pts',(33.7628935389139,185.048233857181,145.674222637428));
#5519=CARTESIAN_POINT('Ctrl Pts',(33.6410659597284,185.1058931205,145.761913008986));
#5520=CARTESIAN_POINT('Ctrl Pts',(33.5200861687807,185.167855105975,145.846211710217));
#5521=CARTESIAN_POINT('Ctrl Pts',(33.4005687392272,185.2340632454,145.927004661523));
#5522=CARTESIAN_POINT('Ctrl Pts',(33.2761313247067,185.30299687057,146.011123488456));
#5523=CARTESIAN_POINT('Ctrl Pts',(33.1532795112971,185.376533434593,146.09144197572));
#5524=CARTESIAN_POINT('Ctrl Pts',(33.0327226978488,185.454609091772,146.167887197929));
#5525=CARTESIAN_POINT('Ctrl Pts',(32.9368458027871,185.516701406391,146.228682853837));
#5526=CARTESIAN_POINT('Ctrl Pts',(32.8424208377697,185.581664590817,146.287029972146));
#5527=CARTESIAN_POINT('Ctrl Pts',(32.7498088449052,185.649466530765,146.34291488983));
#5528=CARTESIAN_POINT('Ctrl Pts',(32.6895136610292,185.693609090598,146.379298853542));
#5529=CARTESIAN_POINT('Ctrl Pts',(32.6299926024998,185.738954908495,146.414641593241));
#5530=CARTESIAN_POINT('Ctrl Pts',(32.5704652428334,185.786446833067,146.449442304866));
#5531=CARTESIAN_POINT('Ctrl Pts',(32.5507865747596,185.802146804056,146.460946790478));
#5532=CARTESIAN_POINT('Ctrl Pts',(32.5311069959571,185.818081311019,146.47239167943));
#5533=CARTESIAN_POINT('Ctrl Pts',(32.5113976690789,185.834284416667,146.483793939252));
#5534=CARTESIAN_POINT('Ctrl Pts',(32.4486495278714,185.885869880113,146.520095057693));
#5535=CARTESIAN_POINT('Ctrl Pts',(32.3855955587547,185.940177806821,146.555960835377));
#5536=CARTESIAN_POINT('Ctrl Pts',(32.3230561343479,185.997166775695,146.590945300214));
#5537=CARTESIAN_POINT('Ctrl Pts',(32.2595448159135,186.055041381733,146.626473441184));
#5538=CARTESIAN_POINT('Ctrl Pts',(32.1965643183204,186.115681006908,146.661092680938));
#5539=CARTESIAN_POINT('Ctrl Pts',(32.1349996735188,186.179042268844,146.694384398633));
#5540=CARTESIAN_POINT('Ctrl Pts',(32.0700753338356,186.245861270333,146.729492906044));
#5541=CARTESIAN_POINT('Ctrl Pts',(32.0067257633542,186.315707063204,146.763125044257));
#5542=CARTESIAN_POINT('Ctrl Pts',(31.9460151503995,186.388528768074,146.794843870103));
#5543=CARTESIAN_POINT('Ctrl Pts',(31.9059790483383,186.436551627119,146.81576110495));
#5544=CARTESIAN_POINT('Ctrl Pts',(31.8670911410882,186.485868665392,146.835847428024));
#5545=CARTESIAN_POINT('Ctrl Pts',(31.829661538886,186.536465291277,146.854988703262));
#5546=CARTESIAN_POINT('Ctrl Pts',(31.7813071464169,186.601829841305,146.879716851059));
#5547=CARTESIAN_POINT('Ctrl Pts',(31.7351052765677,186.669595590583,146.903010323264));
#5548=CARTESIAN_POINT('Ctrl Pts',(31.6919160577181,186.739863691383,146.924539451186));
#5549=CARTESIAN_POINT('Ctrl Pts',(31.6487268388686,186.810131792184,146.946068579108));
#5550=CARTESIAN_POINT('Ctrl Pts',(31.6085507102966,186.882902244507,146.965834640395));
#5551=CARTESIAN_POINT('Ctrl Pts',(31.5720917129685,186.958246240624,146.983605249203));
#5552=CARTESIAN_POINT('Ctrl Pts',(31.5538622143045,186.995918238683,146.992490553607));
#5553=CARTESIAN_POINT('Ctrl Pts',(31.5365620291887,187.03423362269,147.000877040055));
#5554=CARTESIAN_POINT('Ctrl Pts',(31.5203512842728,187.07329580991,147.008701607841));
#5555=CARTESIAN_POINT('Ctrl Pts',(31.504140539357,187.112357997129,147.016526175627));
#5556=CARTESIAN_POINT('Ctrl Pts',(31.4890193250621,187.152166987562,147.023789002216));
#5557=CARTESIAN_POINT('Ctrl Pts',(31.4750224809688,187.192496679106,147.030487200059));
#5558=CARTESIAN_POINT('Ctrl Pts',(31.4470287927822,187.273156062195,147.043883595743));
#5559=CARTESIAN_POINT('Ctrl Pts',(31.423532335852,187.355898249731,147.055021112831));
#5560=CARTESIAN_POINT('Ctrl Pts',(31.4062564650542,187.44238485904,147.063180972912));
#5561=CARTESIAN_POINT('Ctrl Pts',(31.3889805942564,187.528871468349,147.071340832992));
#5562=CARTESIAN_POINT('Ctrl Pts',(31.3779269921562,187.619102499431,147.076526500372));
#5563=CARTESIAN_POINT('Ctrl Pts',(31.3734432953366,187.710067629891,147.078631026769));
#5564=CARTESIAN_POINT('Ctrl Pts',(31.3692333002206,187.795479906939,147.080607084966));
#5565=CARTESIAN_POINT('Ctrl Pts',(31.3708155826765,187.881539394499,147.079866718374));
#5566=CARTESIAN_POINT('Ctrl Pts',(31.3784568427746,187.96575408665,147.076276673111));
#5567=CARTESIAN_POINT('Ctrl Pts',(31.3789536191007,187.971229082244,147.076043275808));
#5568=CARTESIAN_POINT('Ctrl Pts',(31.379475996489,187.976696280615,147.075797817326));
#5569=CARTESIAN_POINT('Ctrl Pts',(31.3800240448847,187.982154997003,147.075540253953));
#5570=CARTESIAN_POINT('Ctrl Pts',(31.3904012107791,188.085514492223,147.070663352799));
#5571=CARTESIAN_POINT('Ctrl Pts',(31.409984202939,188.185832983152,147.0614516487));
#5572=CARTESIAN_POINT('Ctrl Pts',(31.4366003502641,188.282559470005,147.048807177423));
#5573=CARTESIAN_POINT('Ctrl Pts',(31.4560389155445,188.353201704813,147.039572543373));
#5574=CARTESIAN_POINT('Ctrl Pts',(31.479227867483,188.421928030733,147.028504889452));
#5575=CARTESIAN_POINT('Ctrl Pts',(31.5053167627988,188.488523808844,147.015948128624));
#5576=CARTESIAN_POINT('Ctrl Pts',(31.5465240761518,188.593711593277,146.996114771485));
#5577=CARTESIAN_POINT('Ctrl Pts',(31.5957390727024,188.694220673724,146.972192299205));
#5578=CARTESIAN_POINT('Ctrl Pts',(31.6505497399965,188.790115085626,146.945080444379));
#5579=CARTESIAN_POINT('Ctrl Pts',(31.66425240682,188.814088688601,146.938302480673));
#5580=CARTESIAN_POINT('Ctrl Pts',(31.6783049201395,188.837773874793,146.931325414141));
#5581=CARTESIAN_POINT('Ctrl Pts',(31.6927073006482,188.861194290312,146.924145000254));
#5582=CARTESIAN_POINT('Ctrl Pts',(31.7071096811569,188.884614705832,146.916964586367));
#5583=CARTESIAN_POINT('Ctrl Pts',(31.7218618802651,188.907770350679,146.909580730061));
#5584=CARTESIAN_POINT('Ctrl Pts',(31.736878892711,188.930633000901,146.902032039394));
#5585=CARTESIAN_POINT('Ctrl Pts',(31.7669129176027,188.976358301344,146.88693465806));
#5586=CARTESIAN_POINT('Ctrl Pts',(31.7980071022248,189.020911623283,146.871179677087));
#5587=CARTESIAN_POINT('Ctrl Pts',(31.8306765355009,189.064756575947,146.85446959139));
#5588=CARTESIAN_POINT('Ctrl Pts',(31.9057866062958,189.165560206998,146.816051547555));
#5589=CARTESIAN_POINT('Ctrl Pts',(31.9846819070114,189.260120861763,146.774893806021));
#5590=CARTESIAN_POINT('Ctrl Pts',(32.0664205755378,189.349231225262,146.731239558319));
#5591=CARTESIAN_POINT('Ctrl Pts',(32.1447680281005,189.434644532121,146.68939646052));
#5592=CARTESIAN_POINT('Ctrl Pts',(32.2257274569613,189.515050415125,146.645259357219));
#5593=CARTESIAN_POINT('Ctrl Pts',(32.308485166851,189.591146934054,146.599085638544));
#5594=CARTESIAN_POINT('Ctrl Pts',(32.3880429061958,189.664301048953,146.554697306873));
#5595=CARTESIAN_POINT('Ctrl Pts',(32.4692623195256,189.733472614864,146.508426730861));
#5596=CARTESIAN_POINT('Ctrl Pts',(32.5514394519596,189.799281807171,146.460546369787));
#5597=CARTESIAN_POINT('Ctrl Pts',(32.6170949813798,189.851860149025,146.422292291528));
#5598=CARTESIAN_POINT('Ctrl Pts',(32.6833621502851,189.902292209696,146.38301145509));
#5599=CARTESIAN_POINT('Ctrl Pts',(32.749892564532,189.950894271931,146.342864370467));
#5600=CARTESIAN_POINT('Ctrl Pts',(32.8494647485967,190.023634138976,146.282778574444));
#5601=CARTESIAN_POINT('Ctrl Pts',(32.9496338080543,190.092274926629,146.220757815982));
#5602=CARTESIAN_POINT('Ctrl Pts',(33.0507344390605,190.157265834029,146.156447961088));
#5603=CARTESIAN_POINT('Ctrl Pts',(33.15030493781,190.221273120627,146.09311141944));
#5604=CARTESIAN_POINT('Ctrl Pts',(33.2507792535817,190.281740170942,146.027554532427));
#5605=CARTESIAN_POINT('Ctrl Pts',(33.3524448895211,190.339096095697,145.959400642387));
#5606=CARTESIAN_POINT('Ctrl Pts',(33.4516348903397,190.395055360308,145.892906351112));
#5607=CARTESIAN_POINT('Ctrl Pts',(33.5519590945187,190.448053171109,145.823939936692));
#5608=CARTESIAN_POINT('Ctrl Pts',(33.6536505617576,190.498488048449,145.752115407349));
#5609=CARTESIAN_POINT('Ctrl Pts',(33.6892355770976,190.516136784695,145.726981764892));
#5610=CARTESIAN_POINT('Ctrl Pts',(33.7249876922863,190.533471685043,145.701497814507));
#5611=CARTESIAN_POINT('Ctrl Pts',(33.7609158021166,190.550509825977,145.675645950348));
#5612=CARTESIAN_POINT('Ctrl Pts',(33.8047515708592,190.571298005741,145.644104175838));
#5613=CARTESIAN_POINT('Ctrl Pts',(33.8488488584119,190.59164441876,145.612013324063));
#5614=CARTESIAN_POINT('Ctrl Pts',(33.892904882971,190.611342788625,145.579579576394));
#5615=CARTESIAN_POINT('Ctrl Pts',(34.0250729566482,190.670437898221,145.482278333388));
#5616=CARTESIAN_POINT('Ctrl Pts',(34.1568800202638,190.723700619431,145.38190268115));
#5617=CARTESIAN_POINT('Ctrl Pts',(34.2884188030797,190.771407975432,145.278169473165));
#5618=CARTESIAN_POINT('Ctrl Pts',(34.3827726409989,190.805628849605,145.203760800046));
#5619=CARTESIAN_POINT('Ctrl Pts',(34.4769842840039,190.836991316445,145.12761989122));
#5620=CARTESIAN_POINT('Ctrl Pts',(34.5705816290873,190.865306489004,145.050063518482));
#5621=CARTESIAN_POINT('Ctrl Pts',(34.6509631578343,190.889623598158,144.983457998858));
#5622=CARTESIAN_POINT('Ctrl Pts',(34.7308920130359,190.911693206487,144.915809230261));
#5623=CARTESIAN_POINT('Ctrl Pts',(34.8100880108627,190.931395672959,144.847342121357));
#5624=CARTESIAN_POINT('Ctrl Pts',(34.9185599506326,190.958381440108,144.753565158922));
#5625=CARTESIAN_POINT('Ctrl Pts',(35.0256570492236,190.980926495055,144.658253164708));
#5626=CARTESIAN_POINT('Ctrl Pts',(35.1310194764015,190.998833134684,144.561755935148));
#5627=CARTESIAN_POINT('Ctrl Pts',(35.1921561333322,191.00922348078,144.505763318268));
#5628=CARTESIAN_POINT('Ctrl Pts',(35.252709398191,191.018052112986,144.449372367717));
#5629=CARTESIAN_POINT('Ctrl Pts',(35.3126146142551,191.025280406944,144.392657151396));
#5630=CARTESIAN_POINT('Ctrl Pts',(35.3823037583209,191.033689250983,144.326679008913));
#5631=CARTESIAN_POINT('Ctrl Pts',(35.4511144609408,191.039932322856,144.260258266103));
#5632=CARTESIAN_POINT('Ctrl Pts',(35.5185659531518,191.044144517497,144.193912767981));
#5633=CARTESIAN_POINT('Ctrl Pts',(35.5300679335846,191.044862790417,144.182599384153));
#5634=CARTESIAN_POINT('Ctrl Pts',(35.54153047915,191.045522009817,144.171288273775));
#5635=CARTESIAN_POINT('Ctrl Pts',(35.552951314626,191.046122844562,144.159982108387));
#5636=CARTESIAN_POINT('Ctrl Pts',(35.6036694965553,191.048791059681,144.109773158764));
#5637=CARTESIAN_POINT('Ctrl Pts',(35.6535669076139,191.050307863932,144.059666164578));
#5638=CARTESIAN_POINT('Ctrl Pts',(35.7032916619386,191.050504660634,144.009022199971));
#5639=CARTESIAN_POINT('Ctrl Pts',(35.7304278059778,191.05061205792,143.981384418005));
#5640=CARTESIAN_POINT('Ctrl Pts',(35.7575118959507,191.050326333164,143.953586072101));
#5641=CARTESIAN_POINT('Ctrl Pts',(35.7846445927511,191.049620084795,143.925518740477));
#5642=CARTESIAN_POINT('Ctrl Pts',(35.857355206865,191.047727469659,143.85030347773));
#5643=CARTESIAN_POINT('Ctrl Pts',(35.9304195838674,191.042814902177,143.773141544611));
#5644=CARTESIAN_POINT('Ctrl Pts',(36.0033317576571,191.034678216804,143.69444408641));
#5645=CARTESIAN_POINT('Ctrl Pts',(36.0755912368573,191.026614369344,143.616451111458));
#5646=CARTESIAN_POINT('Ctrl Pts',(36.1477010335454,191.015383868893,143.536950047946));
#5647=CARTESIAN_POINT('Ctrl Pts',(36.2192041813393,191.000787983913,143.456377731757));
#5648=CARTESIAN_POINT('Ctrl Pts',(36.2904651891169,190.986241526797,143.376078267638));
#5649=CARTESIAN_POINT('Ctrl Pts',(36.3611234995739,190.968352439801,143.294714907551));
#5650=CARTESIAN_POINT('Ctrl Pts',(36.4307648288529,190.946924003524,143.212755295356));
#5651=CARTESIAN_POINT('Ctrl Pts',(36.5007642844246,190.925385372819,143.130374210848));
#5652=CARTESIAN_POINT('Ctrl Pts',(36.5697361424122,190.900270897461,143.047390863095));
#5653=CARTESIAN_POINT('Ctrl Pts',(36.6373004084371,190.871380807565,142.964313984848));
#5654=CARTESIAN_POINT('Ctrl Pts',(36.7054085962505,190.842258139853,142.880568301523));
#5655=CARTESIAN_POINT('Ctrl Pts',(36.7720863734335,190.809298822223,142.796727767015));
#5656=CARTESIAN_POINT('Ctrl Pts',(36.8369872763848,190.772298221138,142.713345332652));
#5657=CARTESIAN_POINT('Ctrl Pts',(36.9032439869186,190.734524661694,142.628221003622));
#5658=CARTESIAN_POINT('Ctrl Pts',(36.9676487560079,190.692539206865,142.543574320235));
#5659=CARTESIAN_POINT('Ctrl Pts',(37.029878420557,190.646124128693,142.4600237269));
#5660=CARTESIAN_POINT('Ctrl Pts',(37.0510583443182,190.630326714001,142.43158720535));
#5661=CARTESIAN_POINT('Ctrl Pts',(37.0719866905855,190.614016177274,142.403277891354));
#5662=CARTESIAN_POINT('Ctrl Pts',(37.0926518851832,190.597183934409,142.375120865868));
#5663=CARTESIAN_POINT('Ctrl Pts',(37.1566972781242,190.545017592432,142.287856855227));
#5664=CARTESIAN_POINT('Ctrl Pts',(37.2182158742613,190.48784026967,142.202047295439));
#5665=CARTESIAN_POINT('Ctrl Pts',(37.2768842290344,190.426216421903,142.118475133507));
#5666=CARTESIAN_POINT('Ctrl Pts',(37.3332960361366,190.366962798266,142.038117388754));
#5667=CARTESIAN_POINT('Ctrl Pts',(37.3870733933649,190.303598122876,141.959828839418));
#5668=CARTESIAN_POINT('Ctrl Pts',(37.4379697534097,190.236624192932,141.88432516147));
#5669=CARTESIAN_POINT('Ctrl Pts',(37.4910652038822,190.166756505397,141.8055591792));
#5670=CARTESIAN_POINT('Ctrl Pts',(37.5410285651564,190.092960933581,141.729833651433));
#5671=CARTESIAN_POINT('Ctrl Pts',(37.5883083936777,190.014083601087,141.656867768063));
#5672=CARTESIAN_POINT('Ctrl Pts',(37.6334847053658,189.938715583282,141.58714819435));
#5673=CARTESIAN_POINT('Ctrl Pts',(37.6762104400339,189.858707928884,141.519947576071));
#5674=CARTESIAN_POINT('Ctrl Pts',(37.7168432192741,189.773054021672,141.45499205131));
#5675=CARTESIAN_POINT('Ctrl Pts',(37.7528847949191,189.697078372608,141.397376020534));
#5676=CARTESIAN_POINT('Ctrl Pts',(37.7872748817035,189.616660352797,141.341520579438));
#5677=CARTESIAN_POINT('Ctrl Pts',(37.8194670624231,189.532457296469,141.288534151909));
#5678=CARTESIAN_POINT('Ctrl Pts',(37.8557154488193,189.437644678829,141.228871449479));
#5679=CARTESIAN_POINT('Ctrl Pts',(37.8891775571074,189.338033106638,141.172846747378));
#5680=CARTESIAN_POINT('Ctrl Pts',(37.9191331872858,189.234561008188,141.122073057192));
#5681=CARTESIAN_POINT('Ctrl Pts',(37.9239555318632,189.217903768467,141.113899360692));
#5682=CARTESIAN_POINT('Ctrl Pts',(37.9286871036682,189.201146481285,141.105861792805));
#5683=CARTESIAN_POINT('Ctrl Pts',(37.933324998839,189.184293061721,141.097967127752));
#5684=CARTESIAN_POINT('Ctrl Pts',(37.9628418903684,189.077033078724,141.047723221101));
#5685=CARTESIAN_POINT('Ctrl Pts',(37.9885679204247,188.965879336552,141.003270117017));
#5686=CARTESIAN_POINT('Ctrl Pts',(38.0105949915828,188.852233824637,140.964878965194));
#5687=CARTESIAN_POINT('Ctrl Pts',(38.0320496439007,188.741541625565,140.927485486573));
#5688=CARTESIAN_POINT('Ctrl Pts',(38.0499952641675,188.628485481535,140.895842896449));
#5689=CARTESIAN_POINT('Ctrl Pts',(38.0644757245329,188.514360897024,140.87017462772));
#5690=CARTESIAN_POINT('Ctrl Pts',(38.0787200199801,188.402097594716,140.844924988263));
#5691=CARTESIAN_POINT('Ctrl Pts',(38.0896114538473,188.288800418581,140.825456372806));
#5692=CARTESIAN_POINT('Ctrl Pts',(38.0971487615172,188.175702515274,140.811955574174));
#5693=CARTESIAN_POINT('Ctrl Pts',(38.1045283992468,188.06497046201,140.798737193377));
#5694=CARTESIAN_POINT('Ctrl Pts',(38.1086928821492,187.954429431756,140.791239564353));
#5695=CARTESIAN_POINT('Ctrl Pts',(38.1095972765843,187.845236791598,140.789613106727));
#5696=CARTESIAN_POINT('Ctrl Pts',(38.1097223904926,187.83013108392,140.789388102612));
#5697=CARTESIAN_POINT('Ctrl Pts',(38.1097850416914,187.815051181665,140.789275420825));
#5698=CARTESIAN_POINT('Ctrl Pts',(38.1097850416914,187.800000149012,140.789275420825));
#5699=CARTESIAN_POINT('Ctrl Pts',(31.3702798642709,187.799999850988,64.9198845936102));
#5700=CARTESIAN_POINT('Ctrl Pts',(31.3702798642709,188.045568731652,64.9198845936102));
#5701=CARTESIAN_POINT('Ctrl Pts',(31.4217516193698,188.276916530032,64.9438397075933));
#5702=CARTESIAN_POINT('Ctrl Pts',(31.6142046090821,188.766931193353,65.03643254555));
#5703=CARTESIAN_POINT('Ctrl Pts',(31.9425657072648,189.260308157593,65.1979095505818));
#5704=CARTESIAN_POINT('Ctrl Pts',(32.5548408703397,189.82481635329,65.5348413709366));
#5705=CARTESIAN_POINT('Ctrl Pts',(33.1685850951342,190.24693416943,65.9117672591099));
#5706=CARTESIAN_POINT('Ctrl Pts',(34.0647118893529,190.72263239451,66.5252935500976));
#5707=CARTESIAN_POINT('Ctrl Pts',(34.8566429337605,190.971898900108,67.1733655850509));
#5708=CARTESIAN_POINT('Ctrl Pts',(35.4836089106426,191.046111991947,67.7691881789291));
#5709=CARTESIAN_POINT('Ctrl Pts',(35.8764114359914,191.056016511771,68.1639368997147));
#5710=CARTESIAN_POINT('Ctrl Pts',(36.5727393840073,190.973805067509,68.9224780791997));
#5711=CARTESIAN_POINT('Ctrl Pts',(37.2818279062358,190.53096416261,69.8641150677407));
#5712=CARTESIAN_POINT('Ctrl Pts',(37.7574116681503,189.756972063381,70.6036348538733));
#5713=CARTESIAN_POINT('Ctrl Pts',(37.9765496077134,189.090285902915,70.9740201975314));
#5714=CARTESIAN_POINT('Ctrl Pts',(38.0741220037333,188.495794691683,71.1467140856718));
#5715=CARTESIAN_POINT('Ctrl Pts',(38.122896914882,187.891517800829,71.2342540604169));
#5716=CARTESIAN_POINT('Ctrl Pts',(38.0992016906469,187.213713277716,71.1912014132914));
#5717=CARTESIAN_POINT('Ctrl Pts',(37.9390532742279,186.319394105226,70.9075653656457));
#5718=CARTESIAN_POINT('Ctrl Pts',(37.7349881745247,185.828507077617,70.5692536692117));
#5719=CARTESIAN_POINT('Ctrl Pts',(37.4335999748005,185.325722732694,70.1043296098195));
#5720=CARTESIAN_POINT('Ctrl Pts',(37.0535702638576,184.897070020451,69.548660354244));
#5721=CARTESIAN_POINT('Ctrl Pts',(36.4435234372637,184.625273245412,68.7881201238347));
#5722=CARTESIAN_POINT('Ctrl Pts',(35.8905024733959,184.544059344655,68.1789533527288));
#5723=CARTESIAN_POINT('Ctrl Pts',(35.3756428538474,184.550393321135,67.65654191122));
#5724=CARTESIAN_POINT('Ctrl Pts',(34.6627349009873,184.682193213474,67.0097003710991));
#5725=CARTESIAN_POINT('Ctrl Pts',(33.8066452643574,185.0005018798,66.3407340527276));
#5726=CARTESIAN_POINT('Ctrl Pts',(33.0747615393117,185.409456562254,65.8517637289645));
#5727=CARTESIAN_POINT('Ctrl Pts',(32.5419043593354,185.79858807972,65.5312695199187));
#5728=CARTESIAN_POINT('Ctrl Pts',(32.2373012618478,186.069058649546,65.3603637348881));
#5729=CARTESIAN_POINT('Ctrl Pts',(31.8557538957965,186.473586673015,65.1556210290986));
#5730=CARTESIAN_POINT('Ctrl Pts',(31.6310993196542,186.790374226279,65.0444387449138));
#5731=CARTESIAN_POINT('Ctrl Pts',(31.4217036304807,187.323161223273,64.9438024144103));
#5732=CARTESIAN_POINT('Ctrl Pts',(31.3702798642709,187.554430970325,64.9198845936103));
#5733=CARTESIAN_POINT('Ctrl Pts',(31.3702798642709,187.799999850988,64.9198845936103));
#5734=CARTESIAN_POINT('Ctrl Pts',(31.3603736188695,187.799999850988,64.963305154206));
#5735=CARTESIAN_POINT('Ctrl Pts',(31.3603749335849,188.044018084372,64.9632984188535));
#5736=CARTESIAN_POINT('Ctrl Pts',(31.4113528012009,188.273768908996,64.9891695838061));
#5737=CARTESIAN_POINT('Ctrl Pts',(31.6019616750364,188.759326457989,65.0881276781406));
#5738=CARTESIAN_POINT('Ctrl Pts',(31.927165722453,189.246153077202,65.2592468642103));
#5739=CARTESIAN_POINT('Ctrl Pts',(32.533131297452,189.797939743595,65.6085329503447));
#5740=CARTESIAN_POINT('Ctrl Pts',(33.1398098941567,190.206379558718,65.9938229957988));
#5741=CARTESIAN_POINT('Ctrl Pts',(34.0242618891908,190.660918431559,66.6139670759822));
#5742=CARTESIAN_POINT('Ctrl Pts',(34.8031717440578,190.889873710302,67.2590446466013));
#5743=CARTESIAN_POINT('Ctrl Pts',(35.4172580479038,190.948681888475,67.8445144415643));
#5744=CARTESIAN_POINT('Ctrl Pts',(35.8013184130262,190.949682869818,68.230373842727));
#5745=CARTESIAN_POINT('Ctrl Pts',(36.4801866675044,190.853038038913,68.9671121371984));
#5746=CARTESIAN_POINT('Ctrl Pts',(37.1657282539355,190.408250498565,69.8647744279379));
#5747=CARTESIAN_POINT('Ctrl Pts',(37.6225791505409,189.660190028829,70.5587526324906));
#5748=CARTESIAN_POINT('Ctrl Pts',(37.8325909902844,189.023527504414,70.9039891408302));
#5749=CARTESIAN_POINT('Ctrl Pts',(37.9260206346523,188.459327252359,71.0643397782535));
#5750=CARTESIAN_POINT('Ctrl Pts',(37.9727028865341,187.886519708756,71.1455570416551));
#5751=CARTESIAN_POINT('Ctrl Pts',(37.9500355349915,187.24487050578,71.1056606511226));
#5752=CARTESIAN_POINT('Ctrl Pts',(37.7967009040456,186.395589397683,70.842283477064));
#5753=CARTESIAN_POINT('Ctrl Pts',(37.601069148097,185.925283525003,70.5265212029367));
#5754=CARTESIAN_POINT('Ctrl Pts',(37.3114008498975,185.439592607982,70.0898059168967));
#5755=CARTESIAN_POINT('Ctrl Pts',(36.9454708390642,185.020369544894,69.5651582330869));
#5756=CARTESIAN_POINT('Ctrl Pts',(36.3540021691655,184.742702421146,68.8358869459909));
#5757=CARTESIAN_POINT('Ctrl Pts',(35.8150742105819,184.650853016325,68.2450892800436));
#5758=CARTESIAN_POINT('Ctrl Pts',(35.3118531722043,184.645321896666,67.7346980210108));
#5759=CARTESIAN_POINT('Ctrl Pts',(34.6125902745674,184.759178474451,67.0965220104473));
#5760=CARTESIAN_POINT('Ctrl Pts',(33.7697622489375,185.055982694518,66.4281734863666));
#5761=CARTESIAN_POINT('Ctrl Pts',(33.0471244893649,185.447845094759,65.9327796607084));
#5762=CARTESIAN_POINT('Ctrl Pts',(32.5202565492348,185.825285541155,65.6043659456105));
#5763=CARTESIAN_POINT('Ctrl Pts',(32.2188550775145,186.089359721585,65.4276352381254));
#5764=CARTESIAN_POINT('Ctrl Pts',(31.8411775347394,186.486019368599,65.2143618234477));
#5765=CARTESIAN_POINT('Ctrl Pts',(31.6186848986772,186.798382579351,65.0967791650259));
#5766=CARTESIAN_POINT('Ctrl Pts',(31.4113099421526,187.326301673322,64.9890903677709));
#5767=CARTESIAN_POINT('Ctrl Pts',(31.3603714184983,187.555986483368,64.9633269613127));
#5768=CARTESIAN_POINT('Ctrl Pts',(31.3603736188695,187.799999850988,64.963305154206));
#5769=CARTESIAN_POINT('Ctrl Pts',(31.3504673734679,187.799999850988,65.0067257148019));
#5770=CARTESIAN_POINT('Ctrl Pts',(31.3504660543138,188.042376023987,65.0067324728944));
#5771=CARTESIAN_POINT('Ctrl Pts',(31.4009566683651,188.270675484335,65.0345433771796));
#5772=CARTESIAN_POINT('Ctrl Pts',(31.5897099441867,188.751594610142,65.1397789873608));
#5773=CARTESIAN_POINT('Ctrl Pts',(31.9117729534957,189.23200539714,65.3206041759892));
#5774=CARTESIAN_POINT('Ctrl Pts',(32.5114185866264,189.771018000545,65.6822228073954));
#5775=CARTESIAN_POINT('Ctrl Pts',(33.1110861214924,190.165886276966,66.0758380919233));
#5776=CARTESIAN_POINT('Ctrl Pts',(33.9838374231488,190.599260267118,66.7026143021956));
#5777=CARTESIAN_POINT('Ctrl Pts',(34.7497385608375,190.807833684427,67.3447448847518));
#5778=CARTESIAN_POINT('Ctrl Pts',(35.3509506527214,190.851384329134,67.9197764293257));
#5779=CARTESIAN_POINT('Ctrl Pts',(35.7262115030221,190.843116484234,68.2969428405047));
#5780=CARTESIAN_POINT('Ctrl Pts',(36.3876113041651,190.73249786904,69.0114372256404));
#5781=CARTESIAN_POINT('Ctrl Pts',(37.0496227887786,190.285929185908,69.8651703543795));
#5782=CARTESIAN_POINT('Ctrl Pts',(37.48776670177,189.563086821628,70.5140329358391));
#5783=CARTESIAN_POINT('Ctrl Pts',(37.6886592759121,188.956908305172,70.8339277933881));
#5784=CARTESIAN_POINT('Ctrl Pts',(37.7778980176787,188.42250977591,70.9819632654186));
#5785=CARTESIAN_POINT('Ctrl Pts',(37.8225161732857,187.881656657869,71.0568404033834));
#5786=CARTESIAN_POINT('Ctrl Pts',(37.8008382913594,187.275999940399,71.0200629607834));
#5787=CARTESIAN_POINT('Ctrl Pts',(37.6543308285529,186.471862388916,70.7769764746477));
#5788=CARTESIAN_POINT('Ctrl Pts',(37.4671231596001,186.022062708041,70.4837313365811));
#5789=CARTESIAN_POINT('Ctrl Pts',(37.1891573744179,185.553490544228,70.0752217082547));
#5790=CARTESIAN_POINT('Ctrl Pts',(36.8373388205018,185.143715513503,69.5815895347509));
#5791=CARTESIAN_POINT('Ctrl Pts',(36.2644276750595,184.860180844264,68.8835285488825));
#5792=CARTESIAN_POINT('Ctrl Pts',(35.7396178446703,184.757685082863,68.3111568674852));
#5793=CARTESIAN_POINT('Ctrl Pts',(35.2480451102549,184.740283511276,67.8127783198735));
#5794=CARTESIAN_POINT('Ctrl Pts',(34.5624803394808,184.836176155961,67.1833298382471));
#5795=CARTESIAN_POINT('Ctrl Pts',(33.7328830616992,185.11149467065,66.5155467593765));
#5796=CARTESIAN_POINT('Ctrl Pts',(33.0194966312012,185.486293221223,66.0136871049482));
#5797=CARTESIAN_POINT('Ctrl Pts',(32.4986262902464,185.852042333679,65.6773708192902));
#5798=CARTESIAN_POINT('Ctrl Pts',(32.2004314483431,186.109700634033,65.4947753558518));
#5799=CARTESIAN_POINT('Ctrl Pts',(31.8266295314102,186.498504313232,65.2730092003837));
#5800=CARTESIAN_POINT('Ctrl Pts',(31.6062935727971,186.806462708745,65.1488735323838));
#5801=CARTESIAN_POINT('Ctrl Pts',(31.4009050086903,187.329399794693,65.0345564659547));
#5802=CARTESIAN_POINT('Ctrl Pts',(31.350469581268,187.557618795799,65.00670383407));
#5803=CARTESIAN_POINT('Ctrl Pts',(31.3504673734679,187.799999850988,65.0067257148019));
#5804=CARTESIAN_POINT('Ctrl Pts',(31.3405611280665,187.799999850988,65.0501462753976));
#5805=CARTESIAN_POINT('Ctrl Pts',(31.3405611325152,188.04082558246,65.0501462526065));
#5806=CARTESIAN_POINT('Ctrl Pts',(31.3905578441521,188.267527741313,65.0798731545435));
#5807=CARTESIAN_POINT('Ctrl Pts',(31.5774670299408,188.743990160882,65.1914742185891));
#5808=CARTESIAN_POINT('Ctrl Pts',(31.8963729524425,189.217850300092,65.3819414446059));
#5809=CARTESIAN_POINT('Ctrl Pts',(32.4897090208016,189.744141492436,65.7559143906802));
#5810=CARTESIAN_POINT('Ctrl Pts',(33.0823108047599,190.125331528215,66.1578939200861));
#5811=CARTESIAN_POINT('Ctrl Pts',(33.9433873655145,190.537546178575,66.7912878872754));
#5812=CARTESIAN_POINT('Ctrl Pts',(34.6962672855897,190.725808528016,67.4304238986378));
#5813=CARTESIAN_POINT('Ctrl Pts',(35.2845996921457,190.75395392733,67.995102836631));
#5814=CARTESIAN_POINT('Ctrl Pts',(35.6511185113138,190.736783366141,68.3633794862878));
#5815=CARTESIAN_POINT('Ctrl Pts',(36.2950586386356,190.611730329828,69.0560719790686));
#5816=CARTESIAN_POINT('Ctrl Pts',(36.9335231495618,190.163214638758,69.8658303075142));
#5817=CARTESIAN_POINT('Ctrl Pts',(37.3529341389895,189.466305509974,70.4691503486453));
#5818=CARTESIAN_POINT('Ctrl Pts',(37.5447005979297,188.89014959336,70.7638968048653));
#5819=CARTESIAN_POINT('Ctrl Pts',(37.6297966964225,188.386043124449,70.8995889629642));
#5820=CARTESIAN_POINT('Ctrl Pts',(37.6723221284728,187.876658261846,70.9681434287812));
#5821=CARTESIAN_POINT('Ctrl Pts',(37.651672205677,187.307157231021,70.9345223267487));
#5822=CARTESIAN_POINT('Ctrl Pts',(37.5119784982218,186.548057506489,70.7116946425923));
#5823=CARTESIAN_POINT('Ctrl Pts',(37.3332041938587,186.118839149269,70.4409989995024));
#5824=CARTESIAN_POINT('Ctrl Pts',(37.0669583493394,185.667360356355,70.0606981515407));
#5825=CARTESIAN_POINT('Ctrl Pts',(36.7292394690705,185.267014933411,69.5980875634459));
#5826=CARTESIAN_POINT('Ctrl Pts',(36.1749065267625,184.977609909152,68.9312956528826));
#5827=CARTESIAN_POINT('Ctrl Pts',(35.6641896451107,184.864478668114,68.3772929486194));
#5828=CARTESIAN_POINT('Ctrl Pts',(35.1842554699823,184.835212012444,67.8909346002997));
#5829=CARTESIAN_POINT('Ctrl Pts',(34.5123356349774,184.913161388981,67.2701515086824));
#5830=CARTESIAN_POINT('Ctrl Pts',(33.6960000376629,185.16697541523,66.60298634193));
#5831=CARTESIAN_POINT('Ctrl Pts',(32.9918595605654,185.524681619594,66.094703280876));
#5832=CARTESIAN_POINT('Ctrl Pts',(32.4769784406417,185.878739661573,65.7504674510473));
#5833=CARTESIAN_POINT('Ctrl Pts',(32.1819852132426,186.130001616399,65.5620471548119));
#5834=CARTESIAN_POINT('Ctrl Pts',(31.8120531065256,186.510936891213,65.331750204997));
#5835=CARTESIAN_POINT('Ctrl Pts',(31.5938790998378,186.814470900262,65.2012145063121));
#5836=CARTESIAN_POINT('Ctrl Pts',(31.3905113456728,187.332540340015,65.0798440183465));
#5837=CARTESIAN_POINT('Ctrl Pts',(31.3405611206209,187.559174135982,65.0501463491886));
#5838=CARTESIAN_POINT('Ctrl Pts',(31.3405611280665,187.799999850988,65.0501462753976));
#5839=CARTESIAN_POINT('',(31.3405945359709,187.799999850988,65.0499998435378));
#5840=CARTESIAN_POINT('',(31.3702798642709,187.799999850988,64.9198845936102));
#5841=CARTESIAN_POINT('',(37.6616661828888,187.799611826399,70.9499998180186));
#5842=CARTESIAN_POINT('Ctrl Pts',(37.6616661828891,187.799611825874,70.9499998180186));
#5843=CARTESIAN_POINT('Ctrl Pts',(37.6617040853704,187.727748529768,70.9499903655562));
#5844=CARTESIAN_POINT('Ctrl Pts',(37.6600902630211,187.655952669289,70.947359323002));
#5845=CARTESIAN_POINT('Ctrl Pts',(37.6568003865312,187.58419068001,70.9420954235151));
#5846=CARTESIAN_POINT('Ctrl Pts',(37.6535379075597,187.51302631208,70.9368753608663));
#5847=CARTESIAN_POINT('Ctrl Pts',(37.6486271739828,187.441894545635,70.9290659944915));
#5848=CARTESIAN_POINT('Ctrl Pts',(37.6420444592735,187.370771284511,70.9186061612381));
#5849=CARTESIAN_POINT('Ctrl Pts',(37.6381276137359,187.328451536465,70.9123823534305));
#5850=CARTESIAN_POINT('Ctrl Pts',(37.6336188056978,187.28613501373,70.9052192001269));
#5851=CARTESIAN_POINT('Ctrl Pts',(37.6285130367892,187.243819680584,70.8970955647816));
#5852=CARTESIAN_POINT('Ctrl Pts',(37.6216425978343,187.186879204343,70.8861642160014));
#5853=CARTESIAN_POINT('Ctrl Pts',(37.6136912414329,187.129947539889,70.8734896042088));
#5854=CARTESIAN_POINT('Ctrl Pts',(37.6046582519165,187.07332266922,70.8590976511508));
#5855=CARTESIAN_POINT('Ctrl Pts',(37.5956362981742,187.016766978226,70.8447232810138));
#5856=CARTESIAN_POINT('Ctrl Pts',(37.5855353526058,186.960517804135,70.8286358423884));
#5857=CARTESIAN_POINT('Ctrl Pts',(37.5743547021628,186.904861798971,70.8109121274469));
#5858=CARTESIAN_POINT('Ctrl Pts',(37.5631561523273,186.849116692669,70.7931600381518));
#5859=CARTESIAN_POINT('Ctrl Pts',(37.5508744377951,186.793967110338,70.7737665884906));
#5860=CARTESIAN_POINT('Ctrl Pts',(37.5375088420876,186.739683817608,70.7528583414192));
#5861=CARTESIAN_POINT('Ctrl Pts',(37.5330274189798,186.721482877842,70.7458479018083));
#5862=CARTESIAN_POINT('Ctrl Pts',(37.5284241426739,186.703379155756,70.738667562784));
#5863=CARTESIAN_POINT('Ctrl Pts',(37.5236989861623,186.685382291763,70.7313232767231));
#5864=CARTESIAN_POINT('Ctrl Pts',(37.5074481935428,186.623487346306,70.7060647547204));
#5865=CARTESIAN_POINT('Ctrl Pts',(37.4897557839789,186.562798995011,70.6788397784817));
#5866=CARTESIAN_POINT('Ctrl Pts',(37.4707608465394,186.503559295488,70.6498567993099));
#5867=CARTESIAN_POINT('Ctrl Pts',(37.4515951707786,186.443787112671,70.6206133030805));
#5868=CARTESIAN_POINT('Ctrl Pts',(37.4311034460415,186.385490131086,70.5895804125472));
#5869=CARTESIAN_POINT('Ctrl Pts',(37.4094285458687,186.328881315815,70.5570118215056));
#5870=CARTESIAN_POINT('Ctrl Pts',(37.387617759144,186.271917602637,70.5242390480456));
#5871=CARTESIAN_POINT('Ctrl Pts',(37.3646089151055,186.21666357913,70.4899117017867));
#5872=CARTESIAN_POINT('Ctrl Pts',(37.3405475913287,186.163295134425,70.4543220861907));
#5873=CARTESIAN_POINT('Ctrl Pts',(37.3161489707417,186.109178559387,70.418233567711));
#5874=CARTESIAN_POINT('Ctrl Pts',(37.2906681558187,186.057001048241,70.3808476157183));
#5875=CARTESIAN_POINT('Ctrl Pts',(37.2642569325722,186.006899648534,70.3424967301869));
#5876=CARTESIAN_POINT('Ctrl Pts',(37.2446616997531,185.969728004394,70.3140431245438));
#5877=CARTESIAN_POINT('Ctrl Pts',(37.2245543166589,185.933698194576,70.2850589844335));
#5878=CARTESIAN_POINT('Ctrl Pts',(37.2039967726973,185.898849151635,70.2556873259584));
#5879=CARTESIAN_POINT('Ctrl Pts',(37.1696733098811,185.840664193752,70.2066475656934));
#5880=CARTESIAN_POINT('Ctrl Pts',(37.1333140426646,185.784401538595,70.1553717620617));
#5881=CARTESIAN_POINT('Ctrl Pts',(37.095011238241,185.730298829629,70.1021030004231));
#5882=CARTESIAN_POINT('Ctrl Pts',(37.0566846476407,185.676162522691,70.0488011586955));
#5883=CARTESIAN_POINT('Ctrl Pts',(37.0164121051969,185.624189184234,69.9935042996118));
#5884=CARTESIAN_POINT('Ctrl Pts',(36.9742860501044,185.574576802128,69.9364895165294));
#5885=CARTESIAN_POINT('Ctrl Pts',(36.9320416045654,185.524824990112,69.8793144999381));
#5886=CARTESIAN_POINT('Ctrl Pts',(36.8879332135687,185.477447701421,69.8204123494273));
#5887=CARTESIAN_POINT('Ctrl Pts',(36.8420540978708,185.432599615033,69.7600896488598));
#5888=CARTESIAN_POINT('Ctrl Pts',(36.7974065344103,185.388955404532,69.7013862157024));
#5889=CARTESIAN_POINT('Ctrl Pts',(36.7510820349225,185.347706386275,69.6413380156027));
#5890=CARTESIAN_POINT('Ctrl Pts',(36.7031665127857,185.308951262232,69.5802456878474));
#5891=CARTESIAN_POINT('Ctrl Pts',(36.6541898345675,185.269337851902,69.517800385268));
#5892=CARTESIAN_POINT('Ctrl Pts',(36.6035508825306,185.232317024705,69.4542433030044));
#5893=CARTESIAN_POINT('Ctrl Pts',(36.5514709572339,185.197954403064,69.3899133253559));
#5894=CARTESIAN_POINT('Ctrl Pts',(36.499210008579,185.163472341215,69.3253597446875));
#5895=CARTESIAN_POINT('Ctrl Pts',(36.4454980519663,185.131667028138,69.2600284179037));
#5896=CARTESIAN_POINT('Ctrl Pts',(36.3905587036245,185.102552364218,69.1942682623284));
#5897=CARTESIAN_POINT('Ctrl Pts',(36.3351580624071,185.073193241865,69.1279559580259));
#5898=CARTESIAN_POINT('Ctrl Pts',(36.2785093315804,185.046570116919,69.0612081251683));
#5899=CARTESIAN_POINT('Ctrl Pts',(36.2208418075154,185.022643920323,68.9943810754598));
#5900=CARTESIAN_POINT('Ctrl Pts',(36.165410736073,184.999645625626,68.9301457016209));
#5901=CARTESIAN_POINT('Ctrl Pts',(36.1090383604461,184.979138662082,68.8658375117871));
#5902=CARTESIAN_POINT('Ctrl Pts',(36.0519283206331,184.961043600203,68.8017650249524));
#5903=CARTESIAN_POINT('Ctrl Pts',(35.9933885138081,184.942495523011,68.7360884641519));
#5904=CARTESIAN_POINT('Ctrl Pts',(35.9340736451647,184.926483707357,68.670664169796));
#5905=CARTESIAN_POINT('Ctrl Pts',(35.8743816069809,184.912882982725,68.6058514664572));
#5906=CARTESIAN_POINT('Ctrl Pts',(35.8146895687972,184.899282258094,68.5410387631184));
#5907=CARTESIAN_POINT('Ctrl Pts',(35.7546203610731,184.888092249796,68.4768381083591));
#5908=CARTESIAN_POINT('Ctrl Pts',(35.6945718760866,184.879136333771,68.4135893910234));
#5909=CARTESIAN_POINT('Ctrl Pts',(35.6487508647717,184.872302370689,68.3653263883292));
#5910=CARTESIAN_POINT('Ctrl Pts',(35.602941919708,184.866764018959,68.3176274483212));
#5911=CARTESIAN_POINT('Ctrl Pts',(35.5569280910435,184.862408512397,68.2702906636486));
#5912=CARTESIAN_POINT('Ctrl Pts',(35.5104756201951,184.858011485515,68.2225026252723));
#5913=CARTESIAN_POINT('Ctrl Pts',(35.4638143408844,184.854819980128,68.1750832355612));
#5914=CARTESIAN_POINT('Ctrl Pts',(35.4167210394851,184.85277000494,68.1278131236135));
#5915=CARTESIAN_POINT('Ctrl Pts',(35.3693668953697,184.850708675248,68.0802811896229));
#5916=CARTESIAN_POINT('Ctrl Pts',(35.321575930101,184.84980155057,68.0328997580898));
#5917=CARTESIAN_POINT('Ctrl Pts',(35.2731212004306,184.850035778052,67.9854407094025));
#5918=CARTESIAN_POINT('Ctrl Pts',(35.2611118490188,184.850093830592,67.9736781343715));
#5919=CARTESIAN_POINT('Ctrl Pts',(35.2490617238516,184.850222244467,67.9619107848298));
#5920=CARTESIAN_POINT('Ctrl Pts',(35.2369673697751,184.850421319051,67.9501351873365));
#5921=CARTESIAN_POINT('Ctrl Pts',(35.1657918271083,184.851592877407,67.8808355342493));
#5922=CARTESIAN_POINT('Ctrl Pts',(35.0930844830972,184.855216373071,67.8112597966943));
#5923=CARTESIAN_POINT('Ctrl Pts',(35.0191314181543,184.861327747327,67.7417242791455));
#5924=CARTESIAN_POINT('Ctrl Pts',(34.941561714907,184.867737995337,67.6687881612771));
#5925=CARTESIAN_POINT('Ctrl Pts',(34.862621468658,184.876885921532,67.5958969124171));
#5926=CARTESIAN_POINT('Ctrl Pts',(34.78264081776,184.888751296785,67.5234163192211));
#5927=CARTESIAN_POINT('Ctrl Pts',(34.702660166862,184.900616672038,67.4509357260252));
#5928=CARTESIAN_POINT('Ctrl Pts',(34.6216391113151,184.91519940358,67.37886645735));
#5929=CARTESIAN_POINT('Ctrl Pts',(34.5399077894718,184.93241651307,67.3075651534076));
#5930=CARTESIAN_POINT('Ctrl Pts',(34.3809487183861,184.965902032081,67.1688914015796));
#5931=CARTESIAN_POINT('Ctrl Pts',(34.2193029744067,185.009349052387,67.0330672355052));
#5932=CARTESIAN_POINT('Ctrl Pts',(34.0567376970845,185.062275313474,66.9011985163219));
#5933=CARTESIAN_POINT('Ctrl Pts',(33.937177936624,185.101200299189,66.8042147523994));
#5934=CARTESIAN_POINT('Ctrl Pts',(33.817120803427,185.145251988358,66.7093690505252));
#5935=CARTESIAN_POINT('Ctrl Pts',(33.6972692768766,185.194225956699,66.6170889961436));
#5936=CARTESIAN_POINT('Ctrl Pts',(33.588634597512,185.238616474709,66.5334453880226));
#5937=CARTESIAN_POINT('Ctrl Pts',(33.4801688404463,185.287053374009,66.4519125576028));
#5938=CARTESIAN_POINT('Ctrl Pts',(33.3727221842821,185.33930417212,66.372892970588));
#5939=CARTESIAN_POINT('Ctrl Pts',(33.2652676428966,185.391558804777,66.2938675845381));
#5940=CARTESIAN_POINT('Ctrl Pts',(33.1588323519961,185.447627663387,66.2173561717603));
#5941=CARTESIAN_POINT('Ctrl Pts',(33.0542666773738,185.507234517446,66.1437328570004));
#5942=CARTESIAN_POINT('Ctrl Pts',(32.9911898335153,185.543190984422,66.0993212817274));
#5943=CARTESIAN_POINT('Ctrl Pts',(32.9287933110103,185.5804340376,66.0559600611261));
#5944=CARTESIAN_POINT('Ctrl Pts',(32.8672637685493,185.618895941691,66.0137255077907));
#5945=CARTESIAN_POINT('Ctrl Pts',(32.8224638369532,185.646900223917,65.9829743429886));
#5946=CARTESIAN_POINT('Ctrl Pts',(32.7781235227253,185.675545099039,65.9528197303646));
#5947=CARTESIAN_POINT('Ctrl Pts',(32.7340418584802,185.70503438903,65.9230743000474));
#5948=CARTESIAN_POINT('Ctrl Pts',(32.6906868456271,185.734037571384,65.8938191996376));
#5949=CARTESIAN_POINT('Ctrl Pts',(32.6475820257585,185.76385783099,65.8649596736093));
#5950=CARTESIAN_POINT('Ctrl Pts',(32.6045362069287,185.79472204914,65.8363545543519));
#5951=CARTESIAN_POINT('Ctrl Pts',(32.5616478219179,185.825473385903,65.8078540541561));
#5952=CARTESIAN_POINT('Ctrl Pts',(32.5188180071597,185.857261221266,65.7796057149778));
#5953=CARTESIAN_POINT('Ctrl Pts',(32.4758576608156,185.890339879296,65.7515117309344));
#5954=CARTESIAN_POINT('Ctrl Pts',(32.4108981034851,185.940357515688,65.7090313292987));
#5955=CARTESIAN_POINT('Ctrl Pts',(32.3456400998676,185.993317382093,65.6669263363782));
#5956=CARTESIAN_POINT('Ctrl Pts',(32.2810126578436,186.049274075881,65.6256664085763));
#5957=CARTESIAN_POINT('Ctrl Pts',(32.2163852158196,186.105230769669,65.5844064807743));
#5958=CARTESIAN_POINT('Ctrl Pts',(32.1523883353891,186.164184827646,65.5439920656009));
#5959=CARTESIAN_POINT('Ctrl Pts',(32.0899510244324,186.226135799395,65.5049142844628));
#5960=CARTESIAN_POINT('Ctrl Pts',(32.058732368954,186.25711128527,65.4853753938937));
#5961=CARTESIAN_POINT('Ctrl Pts',(32.0279036058441,186.288840944224,65.4661666525287));
#5962=CARTESIAN_POINT('Ctrl Pts',(31.997519355347,186.321355009237,65.4473327222775));
#5963=CARTESIAN_POINT('Ctrl Pts',(31.9488169264483,186.373471283742,65.4171441168673));
#5964=CARTESIAN_POINT('Ctrl Pts',(31.9012565558504,186.427545650139,65.3879488645876));
#5965=CARTESIAN_POINT('Ctrl Pts',(31.8553917559353,186.483726326244,65.3599384790884));
#5966=CARTESIAN_POINT('Ctrl Pts',(31.811257295703,186.537787475971,65.3329848404113));
#5967=CARTESIAN_POINT('Ctrl Pts',(31.7686928820294,186.593799422316,65.3071283660818));
#5968=CARTESIAN_POINT('Ctrl Pts',(31.7281917140303,186.651885421513,65.2825868721934));
#5969=CARTESIAN_POINT('Ctrl Pts',(31.688581898857,186.708693059564,65.2585854893933));
#5970=CARTESIAN_POINT('Ctrl Pts',(31.6509455125629,186.767484917741,65.235841778702));
#5971=CARTESIAN_POINT('Ctrl Pts',(31.6157439025651,186.828361337592,65.2146060474497));
#5972=CARTESIAN_POINT('Ctrl Pts',(31.5817207034961,186.887199855244,65.1940812046423));
#5973=CARTESIAN_POINT('Ctrl Pts',(31.5499719958498,186.947986118135,65.1749651463224));
#5974=CARTESIAN_POINT('Ctrl Pts',(31.5209143284869,187.01079036805,65.1575276111244));
#5975=CARTESIAN_POINT('Ctrl Pts',(31.5032109291639,187.049053890774,65.1469037835142));
#5976=CARTESIAN_POINT('Ctrl Pts',(31.4865064068894,187.088066045317,65.1369038510196));
#5977=CARTESIAN_POINT('Ctrl Pts',(31.4708949622707,187.127837750178,65.1275969974462));
#5978=CARTESIAN_POINT('Ctrl Pts',(31.445588094901,187.19230950693,65.112510161169));
#5979=CARTESIAN_POINT('Ctrl Pts',(31.423296642014,187.258919548616,65.0992143444603));
#5980=CARTESIAN_POINT('Ctrl Pts',(31.4046316048937,187.327480679394,65.0880888503109));
#5981=CARTESIAN_POINT('Ctrl Pts',(31.3862059765292,187.39516240474,65.0771060583));
#5982=CARTESIAN_POINT('Ctrl Pts',(31.3713143314667,187.46474545327,65.068238780706));
#5983=CARTESIAN_POINT('Ctrl Pts',(31.3605444600828,187.536001674517,65.0618363077862));
#5984=CARTESIAN_POINT('Ctrl Pts',(31.3499409774621,187.606157025187,65.0555327496551));
#5985=CARTESIAN_POINT('Ctrl Pts',(31.3433328939238,187.677934097066,65.0516188915958));
#5986=CARTESIAN_POINT('Ctrl Pts',(31.3412811754261,187.751069684354,65.0504056614861));
#5987=CARTESIAN_POINT('Ctrl Pts',(31.340825464731,187.767313954394,65.050136188877));
#5988=CARTESIAN_POINT('Ctrl Pts',(31.3405945359709,187.783625070325,65.0499998435378));
#5989=CARTESIAN_POINT('Ctrl Pts',(31.3405945359709,187.799999850988,65.0499998435378));
#5990=CARTESIAN_POINT('Ctrl Pts',(31.3405945359709,187.799999850988,65.0499998435378));
#5991=CARTESIAN_POINT('Ctrl Pts',(31.3405945359709,187.873615035943,65.0499998435378));
#5992=CARTESIAN_POINT('Ctrl Pts',(31.3452661406911,187.945946838747,65.0527578922725));
#5993=CARTESIAN_POINT('Ctrl Pts',(31.3540460041398,188.016717353097,65.0579710326184));
#5994=CARTESIAN_POINT('Ctrl Pts',(31.3629206465525,188.088251837874,65.063240449015));
#5995=CARTESIAN_POINT('Ctrl Pts',(31.3759927240631,188.158190984881,65.0710177517884));
#5996=CARTESIAN_POINT('Ctrl Pts',(31.3926804490013,188.226294316536,65.0809635250514));
#5997=CARTESIAN_POINT('Ctrl Pts',(31.409667872084,188.295620729361,65.0910879164185));
#5998=CARTESIAN_POINT('Ctrl Pts',(31.4304019770101,188.363044677912,65.1034588488544));
#5999=CARTESIAN_POINT('Ctrl Pts',(31.4542690644839,188.428362662457,65.1176986488042));
#6000=CARTESIAN_POINT('Ctrl Pts',(31.4596444560609,188.443073705199,65.1209057640751));
#6001=CARTESIAN_POINT('Ctrl Pts',(31.4651787679242,188.457678124376,65.1242076180072));
#6002=CARTESIAN_POINT('Ctrl Pts',(31.4708649889495,188.472173943924,65.1275998037129));
#6003=CARTESIAN_POINT('Ctrl Pts',(31.4975258212321,188.540140104939,65.1435046540113));
#6004=CARTESIAN_POINT('Ctrl Pts',(31.5274875882387,188.605951304234,65.1614467189416));
#6005=CARTESIAN_POINT('Ctrl Pts',(31.5602244898629,188.669634921976,65.1810931683695));
#6006=CARTESIAN_POINT('Ctrl Pts',(31.5935683145617,188.734499196871,65.2011038515183));
#6007=CARTESIAN_POINT('Ctrl Pts',(31.6297911264762,188.797156805628,65.2228826436381));
#6008=CARTESIAN_POINT('Ctrl Pts',(31.6683373358988,188.857669576077,65.2461235295705));
#6009=CARTESIAN_POINT('Ctrl Pts',(31.7082780529078,188.920371550568,65.2702052139169));
#6010=CARTESIAN_POINT('Ctrl Pts',(31.7507133180028,188.980771155588,65.295856566827));
#6011=CARTESIAN_POINT('Ctrl Pts',(31.7950250340456,189.038964506743,65.3227873787173));
#6012=CARTESIAN_POINT('Ctrl Pts',(31.8339073140813,189.090027529751,65.3464184059721));
#6013=CARTESIAN_POINT('Ctrl Pts',(31.8742343801194,189.139392467385,65.3710354137878));
#6014=CARTESIAN_POINT('Ctrl Pts',(31.915588636288,189.187136412317,65.3964729740345));
#6015=CARTESIAN_POINT('Ctrl Pts',(31.9667135566142,189.2461606968,65.4279206014712));
#6016=CARTESIAN_POINT('Ctrl Pts',(32.0194083903499,189.302685680517,65.4606101278609));
#6017=CARTESIAN_POINT('Ctrl Pts',(32.0732209397903,189.356840325583,65.4942568925026));
#6018=CARTESIAN_POINT('Ctrl Pts',(32.1282196400704,189.412188662054,65.5286453082751));
#6019=CARTESIAN_POINT('Ctrl Pts',(32.1843858730971,189.465061513416,65.564033726493));
#6020=CARTESIAN_POINT('Ctrl Pts',(32.2412368748119,189.515611710547,65.6001715273156));
#6021=CARTESIAN_POINT('Ctrl Pts',(32.2999489917331,189.567816755221,65.6374923611299));
#6022=CARTESIAN_POINT('Ctrl Pts',(32.3593914453629,189.61754505318,65.6756125137358));
#6023=CARTESIAN_POINT('Ctrl Pts',(32.4190324902489,189.664973418656,65.7143109775939));
#6024=CARTESIAN_POINT('Ctrl Pts',(32.442555069133,189.683679285905,65.7295737495747));
#6025=CARTESIAN_POINT('Ctrl Pts',(32.4661085395531,189.702027443036,65.7449270616891));
#6026=CARTESIAN_POINT('Ctrl Pts',(32.4896602785874,189.720028849794,65.7603595501546));
#6027=CARTESIAN_POINT('Ctrl Pts',(32.5390762352197,189.757799170464,65.7927397994273));
#6028=CARTESIAN_POINT('Ctrl Pts',(32.5884845696179,189.794026098424,65.8254483768317));
#6029=CARTESIAN_POINT('Ctrl Pts',(32.6380257585313,189.828951454915,65.8585388028179));
#6030=CARTESIAN_POINT('Ctrl Pts',(32.6875370784074,189.863855754448,65.8916092781492));
#6031=CARTESIAN_POINT('Ctrl Pts',(32.7371810926476,189.897460257502,65.9250616207969));
#6032=CARTESIAN_POINT('Ctrl Pts',(32.7870980240686,189.929976376887,65.9589951891774));
#6033=CARTESIAN_POINT('Ctrl Pts',(32.8375787938991,189.962859783213,65.9933120553424));
#6034=CARTESIAN_POINT('Ctrl Pts',(32.8883386812223,189.994630360751,66.0281214128349));
#6035=CARTESIAN_POINT('Ctrl Pts',(32.9395227144046,190.025472363103,66.063567015418));
#6036=CARTESIAN_POINT('Ctrl Pts',(32.9896549605216,190.055680589313,66.0982842419041));
#6037=CARTESIAN_POINT('Ctrl Pts',(33.0401940999483,190.084998120294,66.1336122749399));
#6038=CARTESIAN_POINT('Ctrl Pts',(33.0912764028966,190.113562672842,66.1697192450133));
#6039=CARTESIAN_POINT('Ctrl Pts',(33.1685696302851,190.156784029904,66.2243531218573));
#6040=CARTESIAN_POINT('Ctrl Pts',(33.2471064342754,190.198251458021,66.2807541104404));
#6041=CARTESIAN_POINT('Ctrl Pts',(33.3264183769925,190.237739166749,66.3386970329724));
#6042=CARTESIAN_POINT('Ctrl Pts',(33.4056452712034,190.277184531657,66.396577821621));
#6043=CARTESIAN_POINT('Ctrl Pts',(33.4856456426249,190.314654077108,66.4559968387282));
#6044=CARTESIAN_POINT('Ctrl Pts',(33.5659525587253,190.34996282556,66.516696493474));
#6045=CARTESIAN_POINT('Ctrl Pts',(33.6199411739143,190.373700138927,66.5575035678994));
#6046=CARTESIAN_POINT('Ctrl Pts',(33.6740683345511,190.396461703114,66.5988887528437));
#6047=CARTESIAN_POINT('Ctrl Pts',(33.7281921669503,190.41820258756,66.6407668134035));
#6048=CARTESIAN_POINT('Ctrl Pts',(33.8660940997153,190.473596114813,66.7474677847809));
#6049=CARTESIAN_POINT('Ctrl Pts',(34.0039744263023,190.522396363345,66.857428259109));
#6050=CARTESIAN_POINT('Ctrl Pts',(34.1408407300519,190.564316067961,66.9699241897251));
#6051=CARTESIAN_POINT('Ctrl Pts',(34.2778492413932,190.606279328223,67.0825370064914));
#6052=CARTESIAN_POINT('Ctrl Pts',(34.4138416216111,190.641347854446,67.1976908070255));
#6053=CARTESIAN_POINT('Ctrl Pts',(34.5478223573925,190.669283110605,67.3146433114437));
#6054=CARTESIAN_POINT('Ctrl Pts',(34.6803766350945,190.696920947349,67.430350652937));
#6055=CARTESIAN_POINT('Ctrl Pts',(34.810961875245,190.717576654685,67.5478188523917));
#6056=CARTESIAN_POINT('Ctrl Pts',(34.9386140241136,190.731066361848,67.666309704466));
#6057=CARTESIAN_POINT('Ctrl Pts',(34.955372613225,190.732837334461,67.6818655687501));
#6058=CARTESIAN_POINT('Ctrl Pts',(34.9720806496517,190.734484865879,67.6974390279354));
#6059=CARTESIAN_POINT('Ctrl Pts',(34.9887359520242,190.736008601109,67.7130283829104));
#6060=CARTESIAN_POINT('Ctrl Pts',(35.0460440236132,190.741251515688,67.7666687102338));
#6061=CARTESIAN_POINT('Ctrl Pts',(35.1027277601667,190.745024165869,67.8204948466065));
#6062=CARTESIAN_POINT('Ctrl Pts',(35.1585397211072,190.747316627328,67.8742070778228));
#6063=CARTESIAN_POINT('Ctrl Pts',(35.2000803226136,190.749022896492,67.9141848595631));
#6064=CARTESIAN_POINT('Ctrl Pts',(35.2411379812994,190.749910265859,67.9540993832907));
#6065=CARTESIAN_POINT('Ctrl Pts',(35.2816106719733,190.749993393139,67.9938272211885));
#6066=CARTESIAN_POINT('Ctrl Pts',(35.3234495438257,190.750079326433,68.0348960972899));
#6067=CARTESIAN_POINT('Ctrl Pts',(35.3646632892009,190.749311566402,68.0757669342792));
#6068=CARTESIAN_POINT('Ctrl Pts',(35.4055380343422,190.747689639115,68.1167256460378));
#6069=CARTESIAN_POINT('Ctrl Pts',(35.4461904776413,190.746076532861,68.1574615992923));
#6070=CARTESIAN_POINT('Ctrl Pts',(35.4865075980602,190.743618509892,68.1982848370191));
#6071=CARTESIAN_POINT('Ctrl Pts',(35.5267708787978,190.740263859092,68.2394733549141));
#6072=CARTESIAN_POINT('Ctrl Pts',(35.5378012334553,190.739344833433,68.250757183551));
#6073=CARTESIAN_POINT('Ctrl Pts',(35.5488275473523,190.738358216247,68.2620683903667));
#6074=CARTESIAN_POINT('Ctrl Pts',(35.559855608021,190.737302264676,68.2734125911202));
#6075=CARTESIAN_POINT('Ctrl Pts',(35.6272125407099,190.730852748211,68.3427004368724));
#6076=CARTESIAN_POINT('Ctrl Pts',(35.6946346366094,190.721818214601,68.413165954596));
#6077=CARTESIAN_POINT('Ctrl Pts',(35.761696421032,190.709942293769,68.4844944046024));
#6078=CARTESIAN_POINT('Ctrl Pts',(35.8277797772165,190.698239642056,68.5547821759232));
#6079=CARTESIAN_POINT('Ctrl Pts',(35.8935132590803,190.683777539386,68.6259075735506));
#6080=CARTESIAN_POINT('Ctrl Pts',(35.9584897445149,190.666346901521,68.6975344920674));
#6081=CARTESIAN_POINT('Ctrl Pts',(36.0072262458973,190.653272813246,68.7512592417204));
#6082=CARTESIAN_POINT('Ctrl Pts',(36.0555368644838,190.638529344244,68.8052653938124));
#6083=CARTESIAN_POINT('Ctrl Pts',(36.1032498018862,190.622043788254,68.85939964348));
#6084=CARTESIAN_POINT('Ctrl Pts',(36.1600665515089,190.602412724688,68.9238629164793));
#6085=CARTESIAN_POINT('Ctrl Pts',(36.216035780957,190.58029884757,68.9885403315858));
#6086=CARTESIAN_POINT('Ctrl Pts',(36.2709866593676,190.555631616303,69.0530874818609));
#6087=CARTESIAN_POINT('Ctrl Pts',(36.3255801687612,190.531124806569,69.1172148544672));
#6088=CARTESIAN_POINT('Ctrl Pts',(36.3791685295896,190.504097648081,69.1812131450099));
#6089=CARTESIAN_POINT('Ctrl Pts',(36.4315842223192,190.474532045429,69.244739792644));
#6090=CARTESIAN_POINT('Ctrl Pts',(36.4837318768727,190.445117632425,69.3079415840017));
#6091=CARTESIAN_POINT('Ctrl Pts',(36.5347188260101,190.413190662498,69.3706760242614));
#6092=CARTESIAN_POINT('Ctrl Pts',(36.5843801070128,190.378784841633,69.4326086429056));
#6093=CARTESIAN_POINT('Ctrl Pts',(36.6337933058347,190.344550894527,69.4942318780869));
#6094=CARTESIAN_POINT('Ctrl Pts',(36.6818940481503,190.307862891077,69.5550607688246));
#6095=CARTESIAN_POINT('Ctrl Pts',(36.7285198311181,190.268804559813,69.6147763945451));
#6096=CARTESIAN_POINT('Ctrl Pts',(36.7750368118059,190.229837372016,69.6743526725525));
#6097=CARTESIAN_POINT('Ctrl Pts',(36.8200857088138,190.188511069687,69.7328203750277));
#6098=CARTESIAN_POINT('Ctrl Pts',(36.8635051542593,190.14495734154,69.7898809478307));
#6099=CARTESIAN_POINT('Ctrl Pts',(36.9068458393386,190.10148261734,69.8468380160502));
#6100=CARTESIAN_POINT('Ctrl Pts',(36.9485629789559,190.055788790446,69.9023925878499));
#6101=CARTESIAN_POINT('Ctrl Pts',(36.9884960817732,190.008052164688,69.9562730810898));
#6102=CARTESIAN_POINT('Ctrl Pts',(36.9993049601219,189.995131070554,69.9708571643618));
#6103=CARTESIAN_POINT('Ctrl Pts',(37.0099831314383,189.982060555555,69.9853187621555));
#6104=CARTESIAN_POINT('Ctrl Pts',(37.0205274130327,189.968844647426,69.9996528756825));
#6105=CARTESIAN_POINT('Ctrl Pts',(37.0526903963257,189.928532462231,70.0433758974701));
#6106=CARTESIAN_POINT('Ctrl Pts',(37.0836076439518,189.886856023505,70.0859318444823));
#6107=CARTESIAN_POINT('Ctrl Pts',(37.1133536833461,189.843701444446,70.127388805833));
#6108=CARTESIAN_POINT('Ctrl Pts',(37.1428503286175,189.800908678207,70.1684981873807));
#6109=CARTESIAN_POINT('Ctrl Pts',(37.1711953224107,189.75666204509,70.208527298395));
#6110=CARTESIAN_POINT('Ctrl Pts',(37.1984613332938,189.710820423979,70.2475017318204));
#6111=CARTESIAN_POINT('Ctrl Pts',(37.2251688424256,189.665917797053,70.2856778347009));
#6112=CARTESIAN_POINT('Ctrl Pts',(37.2508411185047,189.619484411107,70.3228422860902));
#6113=CARTESIAN_POINT('Ctrl Pts',(37.2755464554366,189.571364997684,70.3589753663167));
#6114=CARTESIAN_POINT('Ctrl Pts',(37.2975534774141,189.528501182806,70.3911619943662));
#6115=CARTESIAN_POINT('Ctrl Pts',(37.3187932436708,189.48429902282,70.4225298554754));
#6116=CARTESIAN_POINT('Ctrl Pts',(37.3393140260005,189.43863746368,70.4530320027791));
#6117=CARTESIAN_POINT('Ctrl Pts',(37.362012455433,189.388130340643,70.4867710107267));
#6118=CARTESIAN_POINT('Ctrl Pts',(37.3838312084048,189.335850836386,70.519432972056));
#6119=CARTESIAN_POINT('Ctrl Pts',(37.4046343304929,189.281981120457,70.550731408588));
#6120=CARTESIAN_POINT('Ctrl Pts',(37.4250765838455,189.229045874661,70.5814869156902));
#6121=CARTESIAN_POINT('Ctrl Pts',(37.4445381367001,189.17457546434,70.6109254379021));
#6122=CARTESIAN_POINT('Ctrl Pts',(37.4628899877565,189.118780754419,70.638809599611));
#6123=CARTESIAN_POINT('Ctrl Pts',(37.4817277888574,189.061508621773,70.6674321233294));
#6124=CARTESIAN_POINT('Ctrl Pts',(37.4993963411061,189.002841338396,70.6944162608061));
#6125=CARTESIAN_POINT('Ctrl Pts',(37.5157561217354,188.943043470652,70.7195496745842));
#6126=CARTESIAN_POINT('Ctrl Pts',(37.5321159023647,188.883245602909,70.7446830883624));
#6127=CARTESIAN_POINT('Ctrl Pts',(37.5471669113745,188.822317627486,70.7679654203589));
#6128=CARTESIAN_POINT('Ctrl Pts',(37.5607696259977,188.760554671074,70.7892353010796));
#6129=CARTESIAN_POINT('Ctrl Pts',(37.5735416494449,188.702563457606,70.8092062717874));
#6130=CARTESIAN_POINT('Ctrl Pts',(37.5850368663834,188.643798001844,70.8274162442597));
#6131=CARTESIAN_POINT('Ctrl Pts',(37.5952947542652,188.584539607608,70.8437644910223));
#6132=CARTESIAN_POINT('Ctrl Pts',(37.6055566952284,188.525257799283,70.8601191972798));
#6133=CARTESIAN_POINT('Ctrl Pts',(37.6145803291586,188.465483142641,70.8746105788808));
#6134=CARTESIAN_POINT('Ctrl Pts',(37.622405180321,188.40551069391,70.8871882023228));
#6135=CARTESIAN_POINT('Ctrl Pts',(37.6232762777663,188.398834292558,70.8885883996455));
#6136=CARTESIAN_POINT('Ctrl Pts',(37.6241325185306,188.392155449215,70.8899649318578));
#6137=CARTESIAN_POINT('Ctrl Pts',(37.6249739571438,188.385474577137,70.8913177688169));
#6138=CARTESIAN_POINT('Ctrl Pts',(37.6382428952132,188.280121582335,70.9126511252221));
#6139=CARTESIAN_POINT('Ctrl Pts',(37.6478309479355,188.174282191915,70.9280865165116));
#6140=CARTESIAN_POINT('Ctrl Pts',(37.6538807230964,188.068521209119,70.9377534547563));
#6141=CARTESIAN_POINT('Ctrl Pts',(37.6551055389557,188.047109218494,70.9397105885272));
#6142=CARTESIAN_POINT('Ctrl Pts',(37.6561853257553,188.02570030735,70.9414313876834));
#6143=CARTESIAN_POINT('Ctrl Pts',(37.6571212669123,188.004298961394,70.9429170821783));
#6144=CARTESIAN_POINT('Ctrl Pts',(37.6601083408434,187.935996160395,70.9476587043004));
#6145=CARTESIAN_POINT('Ctrl Pts',(37.6616302328138,187.867773335598,70.9500087835582));
#6146=CARTESIAN_POINT('Ctrl Pts',(37.6616661828888,187.799611826399,70.9499998180186));
#6147=CARTESIAN_POINT('Origin',(30.,187.799999850988,67.9999998435378));
#6148=CARTESIAN_POINT('',(30.,187.799999850988,70.9499998435378));
#6149=CARTESIAN_POINT('',(30.,187.799999850988,70.9499998435378));
#6150=CARTESIAN_POINT('Origin',(30.,187.799999850988,67.9999998435378));
#6151=CARTESIAN_POINT('Ctrl Pts',(38.1101060001685,187.800000149012,140.789088797762));
#6152=CARTESIAN_POINT('Ctrl Pts',(38.1101060940541,188.263965816161,140.789088261654));
#6153=CARTESIAN_POINT('Ctrl Pts',(38.0224646288787,189.001059197854,140.95067224817));
#6154=CARTESIAN_POINT('Ctrl Pts',(37.7258261374238,189.796912902649,141.445457319988));
#6155=CARTESIAN_POINT('Ctrl Pts',(37.449222269574,190.251887534285,141.872003031567));
#6156=CARTESIAN_POINT('Ctrl Pts',(36.8718523140412,190.859946604368,142.70143809989));
#6157=CARTESIAN_POINT('Ctrl Pts',(36.1679966630599,191.060102746495,143.542302267742));
#6158=CARTESIAN_POINT('Ctrl Pts',(35.5552550037794,191.049086324092,144.160101799965));
#6159=CARTESIAN_POINT('Ctrl Pts',(35.233960572604,191.021568304164,144.47167019271));
#6160=CARTESIAN_POINT('Ctrl Pts',(34.8138321169913,190.94265834494,144.851592935977));
#6161=CARTESIAN_POINT('Ctrl Pts',(34.3328933162135,190.794864881621,145.248471247755));
#6162=CARTESIAN_POINT('Ctrl Pts',(33.9814070524846,190.65281239681,145.516171073533));
#6163=CARTESIAN_POINT('Ctrl Pts',(33.4520426632805,190.40862768961,145.901023569374));
#6164=CARTESIAN_POINT('Ctrl Pts',(32.7438129807076,189.995113172427,146.36451601226));
#6165=CARTESIAN_POINT('Ctrl Pts',(32.1024376643725,189.429315660641,146.715900197547));
#6166=CARTESIAN_POINT('Ctrl Pts',(31.7981141003897,189.020935757176,146.871452748368));
#6167=CARTESIAN_POINT('Ctrl Pts',(31.7514716516438,188.95410380078,146.895083406655));
#6168=CARTESIAN_POINT('Ctrl Pts',(31.6924584119893,188.86147858961,146.924610434253));
#6169=CARTESIAN_POINT('Ctrl Pts',(31.6081383460113,188.719363728491,146.966463346546));
#6170=CARTESIAN_POINT('Ctrl Pts',(31.546615530692,188.593724544919,146.996358045035));
#6171=CARTESIAN_POINT('Ctrl Pts',(31.4435954309863,188.330749877973,147.045937557414));
#6172=CARTESIAN_POINT('Ctrl Pts',(31.3525180806471,187.991262308478,147.088689246463));
#6173=CARTESIAN_POINT('Ctrl Pts',(31.3766016406131,187.521378936966,147.07747705138));
#6174=CARTESIAN_POINT('Ctrl Pts',(31.4588638210923,187.231776421306,147.038548381394));
#6175=CARTESIAN_POINT('Ctrl Pts',(31.5193486172481,187.072537370728,147.009497100671));
#6176=CARTESIAN_POINT('Ctrl Pts',(31.5885529371702,186.919272542253,146.975958661849));
#6177=CARTESIAN_POINT('Ctrl Pts',(31.6890035811846,186.737341915082,146.926564094203));
#6178=CARTESIAN_POINT('Ctrl Pts',(31.7814037101552,186.601806339993,146.879969733047));
#6179=CARTESIAN_POINT('Ctrl Pts',(32.0308359481842,186.264714727099,146.752585226227));
#6180=CARTESIAN_POINT('Ctrl Pts',(32.3543265620602,185.951615583898,146.577984017707));
#6181=CARTESIAN_POINT('Ctrl Pts',(32.9851260477031,185.464661549776,146.205311870547));
#6182=CARTESIAN_POINT('Ctrl Pts',(33.7565048391308,185.012696736023,145.703234241287));
#6183=CARTESIAN_POINT('Ctrl Pts',(34.6473017082018,184.687613023669,145.003139644213));
#6184=CARTESIAN_POINT('Ctrl Pts',(35.235301645982,184.578074275369,144.470450782319));
#6185=CARTESIAN_POINT('Ctrl Pts',(35.5161255585414,184.553513943373,144.198663927118));
#6186=CARTESIAN_POINT('Ctrl Pts',(35.671564458816,184.548552581835,144.04291839109));
#6187=CARTESIAN_POINT('Ctrl Pts',(36.2069802777834,184.550063171695,143.496439490611));
#6188=CARTESIAN_POINT('Ctrl Pts',(36.872317435234,184.740034042865,142.70090889803));
#6189=CARTESIAN_POINT('Ctrl Pts',(37.449369132821,185.347832889396,141.872043334933));
#6190=CARTESIAN_POINT('Ctrl Pts',(37.7259923361534,185.802960930086,141.445358651655));
#6191=CARTESIAN_POINT('Ctrl Pts',(38.0225514445734,186.598793765019,140.950682346362));
#6192=CARTESIAN_POINT('Ctrl Pts',(38.1101060993602,187.336034481397,140.789088243187));
#6193=CARTESIAN_POINT('Ctrl Pts',(38.1101060001685,187.800000149012,140.789088797762));
#6194=CARTESIAN_POINT('Ctrl Pts',(37.9600869842261,187.800000149012,140.876318175378));
#6195=CARTESIAN_POINT('Ctrl Pts',(37.9600431009604,188.239302657328,140.876568758986));
#6196=CARTESIAN_POINT('Ctrl Pts',(37.8762474144245,188.937478076248,141.025812752736));
#6197=CARTESIAN_POINT('Ctrl Pts',(37.5919026233009,189.698749282367,141.487381160552));
#6198=CARTESIAN_POINT('Ctrl Pts',(37.3260887315414,190.138284542443,141.887942855926));
#6199=CARTESIAN_POINT('Ctrl Pts',(36.7697526490398,190.734189005398,142.672160425771));
#6200=CARTESIAN_POINT('Ctrl Pts',(36.0862183352037,190.946764860183,143.482034661463));
#6201=CARTESIAN_POINT('Ctrl Pts',(35.4871306289827,190.949787200109,144.08626453766));
#6202=CARTESIAN_POINT('Ctrl Pts',(35.1726964540348,190.93000714958,144.39167586101));
#6203=CARTESIAN_POINT('Ctrl Pts',(34.7605751613609,190.861630452568,144.766626891087));
#6204=CARTESIAN_POINT('Ctrl Pts',(34.2877407309862,190.726015178664,145.16120705431));
#6205=CARTESIAN_POINT('Ctrl Pts',(33.9415146027428,190.592638475462,145.42921961784));
#6206=CARTESIAN_POINT('Ctrl Pts',(33.4196901059808,190.361425039082,145.816174840066));
#6207=CARTESIAN_POINT('Ctrl Pts',(32.7201852425588,189.964355727296,146.286706782833));
#6208=CARTESIAN_POINT('Ctrl Pts',(32.0853094541099,189.411695477817,146.650764867998));
#6209=CARTESIAN_POINT('Ctrl Pts',(31.7840620577687,189.009655432634,146.814567747113));
#6210=CARTESIAN_POINT('Ctrl Pts',(31.7378593877582,188.943745834438,146.839423126892));
#6211=CARTESIAN_POINT('Ctrl Pts',(31.6794308692968,188.852350772277,146.870655890382));
#6212=CARTESIAN_POINT('Ctrl Pts',(31.5959245427043,188.711985867605,146.914960321251));
#6213=CARTESIAN_POINT('Ctrl Pts',(31.5350019601865,188.587670865558,146.946828915087));
#6214=CARTESIAN_POINT('Ctrl Pts',(31.4329655614223,188.32712947091,146.99976591939));
#6215=CARTESIAN_POINT('Ctrl Pts',(31.3427662684455,187.990131498547,147.045849686516));
#6216=CARTESIAN_POINT('Ctrl Pts',(31.3666139263037,187.523102699257,147.033711114104));
#6217=CARTESIAN_POINT('Ctrl Pts',(31.4480811217778,187.235771453018,146.991863400368));
#6218=CARTESIAN_POINT('Ctrl Pts',(31.5079885599468,187.077976162865,146.960827284394));
#6219=CARTESIAN_POINT('Ctrl Pts',(31.5765218417159,186.926250259318,146.925060420025));
#6220=CARTESIAN_POINT('Ctrl Pts',(31.6760054648715,186.74642125651,146.8726324607));
#6221=CARTESIAN_POINT('Ctrl Pts',(31.7674933916897,186.612791125207,146.823478587008));
#6222=CARTESIAN_POINT('Ctrl Pts',(32.0144908309844,186.280730839092,146.689478286573));
#6223=CARTESIAN_POINT('Ctrl Pts',(32.3346676090902,185.974345004797,146.507917605128));
#6224=CARTESIAN_POINT('Ctrl Pts',(32.9585008788852,185.501064410818,146.125170142616));
#6225=CARTESIAN_POINT('Ctrl Pts',(33.7204101248914,185.066959329111,145.615236693321));
#6226=CARTESIAN_POINT('Ctrl Pts',(34.5972969382046,184.764398263775,144.916055571775));
#6227=CARTESIAN_POINT('Ctrl Pts',(35.1740033860975,184.669644232666,144.39056830958));
#6228=CARTESIAN_POINT('Ctrl Pts',(35.4488947359411,184.651842373585,144.123929574529));
#6229=CARTESIAN_POINT('Ctrl Pts',(35.6008562942671,184.65048580081,143.971708931165));
#6230=CARTESIAN_POINT('Ctrl Pts',(36.1241204205691,184.664086843215,143.43772846884));
#6231=CARTESIAN_POINT('Ctrl Pts',(36.7701940467972,184.865793689899,142.671713887244));
#6232=CARTESIAN_POINT('Ctrl Pts',(37.3262449983447,185.461435045091,141.887950463191));
#6233=CARTESIAN_POINT('Ctrl Pts',(37.5920642425916,185.901124937043,141.4872984687));
#6234=CARTESIAN_POINT('Ctrl Pts',(37.8763387633967,186.662374482594,141.025807091826));
#6235=CARTESIAN_POINT('Ctrl Pts',(37.9600406208309,187.360697857928,140.876577390524));
#6236=CARTESIAN_POINT('Ctrl Pts',(37.9600869842261,187.800000149012,140.876318175378));
#6237=CARTESIAN_POINT('Ctrl Pts',(37.8100679682836,187.800000149012,140.963547552993));
#6238=CARTESIAN_POINT('Ctrl Pts',(37.8101121488997,188.214923837501,140.963295271445));
#6239=CARTESIAN_POINT('Ctrl Pts',(37.7299845931586,188.873910787605,141.101129315614));
#6240=CARTESIAN_POINT('Ctrl Pts',(37.4579917034329,189.600595277201,141.529327529528));
#6241=CARTESIAN_POINT('Ctrl Pts',(37.202929438525,190.024824672853,141.904034380058));
#6242=CARTESIAN_POINT('Ctrl Pts',(36.6675993611601,190.608516241118,142.643246576233));
#6243=CARTESIAN_POINT('Ctrl Pts',(36.0043351575845,190.833505093646,143.422274843434));
#6244=CARTESIAN_POINT('Ctrl Pts',(35.4191819474297,190.85054894648,144.01187698919));
#6245=CARTESIAN_POINT('Ctrl Pts',(35.1114872062955,190.838497383284,144.3115575315));
#6246=CARTESIAN_POINT('Ctrl Pts',(34.7074636303209,190.780696990564,144.681331019965));
#6247=CARTESIAN_POINT('Ctrl Pts',(34.2426474447758,190.657201844039,145.073794148216));
#6248=CARTESIAN_POINT('Ctrl Pts',(33.901752702895,190.53260916149,145.342138330127));
#6249=CARTESIAN_POINT('Ctrl Pts',(33.3873178832746,190.314079827998,145.731041655874));
#6250=CARTESIAN_POINT('Ctrl Pts',(32.6965236048883,189.933472341721,146.208514211417));
#6251=CARTESIAN_POINT('Ctrl Pts',(32.0683696854462,189.394364117358,146.586006423601));
#6252=CARTESIAN_POINT('Ctrl Pts',(31.7699695220405,188.998257003764,146.757422518202));
#6253=CARTESIAN_POINT('Ctrl Pts',(31.7242605491168,188.933366113295,146.783642212105));
#6254=CARTESIAN_POINT('Ctrl Pts',(31.6663895368879,188.843157989996,146.81650642192));
#6255=CARTESIAN_POINT('Ctrl Pts',(31.5837148086374,188.704558267159,146.863323058535));
#6256=CARTESIAN_POINT('Ctrl Pts',(31.5233716102531,188.581561229785,146.897084364661));
#6257=CARTESIAN_POINT('Ctrl Pts',(31.4223424716211,188.323448553367,146.953478654416));
#6258=CARTESIAN_POINT('Ctrl Pts',(31.3330077920379,187.988945893068,147.002828292439));
#6259=CARTESIAN_POINT('Ctrl Pts',(31.3566351394571,187.524780037773,146.989837816884));
#6260=CARTESIAN_POINT('Ctrl Pts',(31.4373231227869,187.239728765516,146.945141447142));
#6261=CARTESIAN_POINT('Ctrl Pts',(31.4966396257904,187.083371907381,146.91205865787));
#6262=CARTESIAN_POINT('Ctrl Pts',(31.5645130901338,186.933178900017,146.874094674652));
#6263=CARTESIAN_POINT('Ctrl Pts',(31.6630133977616,186.755476799954,146.818610208187));
#6264=CARTESIAN_POINT('Ctrl Pts',(31.7536123105759,186.623704977589,146.766901636779));
#6265=CARTESIAN_POINT('Ctrl Pts',(31.9981067934737,186.296848811546,146.626316256693));
#6266=CARTESIAN_POINT('Ctrl Pts',(32.3150479649057,185.997015179239,146.43776936287));
#6267=CARTESIAN_POINT('Ctrl Pts',(32.9318467656529,185.537566179295,146.044896528773));
#6268=CARTESIAN_POINT('Ctrl Pts',(33.6843648005287,185.12121691922,145.526977496365));
#6269=CARTESIAN_POINT('Ctrl Pts',(34.5473309806459,184.841204277392,144.828737385116));
#6270=CARTESIAN_POINT('Ctrl Pts',(35.1127755143264,184.761230713068,144.310292008434));
#6271=CARTESIAN_POINT('Ctrl Pts',(35.3817122550142,184.750174665523,144.048937457368));
#6272=CARTESIAN_POINT('Ctrl Pts',(35.5302434590153,184.752444905134,143.89999602501));
#6273=CARTESIAN_POINT('Ctrl Pts',(36.0410987605815,184.778024635023,143.37976620465));
#6274=CARTESIAN_POINT('Ctrl Pts',(36.6680450087645,184.9914965067,142.642701956416));
#6275=CARTESIAN_POINT('Ctrl Pts',(37.2030741364704,185.574903971812,141.904061654633));
#6276=CARTESIAN_POINT('Ctrl Pts',(37.4581561553126,185.99928889158,141.529207698206));
#6277=CARTESIAN_POINT('Ctrl Pts',(37.7300697720228,186.725947169822,141.101132576747));
#6278=CARTESIAN_POINT('Ctrl Pts',(37.8101146458344,187.385076241818,140.96328658142));
#6279=CARTESIAN_POINT('Ctrl Pts',(37.8100679682836,187.800000149012,140.963547552993));
#6280=CARTESIAN_POINT('Ctrl Pts',(37.6600489523412,187.800000149012,141.050776930608));
#6281=CARTESIAN_POINT('Ctrl Pts',(37.6600485589102,188.190259393303,141.05077917719));
#6282=CARTESIAN_POINT('Ctrl Pts',(37.5837675848715,188.810329603465,141.176269024303));
#6283=CARTESIAN_POINT('Ctrl Pts',(37.3240681323772,189.502431613453,141.571251268251));
#6284=CARTESIAN_POINT('Ctrl Pts',(37.0797960169187,189.911221034022,141.919973518653));
#6285=CARTESIAN_POINT('Ctrl Pts',(36.5654999385627,190.482758258649,142.613967257433));
#6286=CARTESIAN_POINT('Ctrl Pts',(35.9225573037051,190.720166854191,143.362004941681));
#6287=CARTESIAN_POINT('Ctrl Pts',(35.3510567784059,190.751249547332,143.938042214473));
#6288=CARTESIAN_POINT('Ctrl Pts',(35.050222839681,190.746935996397,144.231563760338));
#6289=CARTESIAN_POINT('Ctrl Pts',(34.6542060172937,190.699668671315,144.596366466064));
#6290=CARTESIAN_POINT('Ctrl Pts',(34.1974945914851,190.588351976677,144.986530627032));
#6291=CARTESIAN_POINT('Ctrl Pts',(33.861859662998,190.472434586439,145.255187461344));
#6292=CARTESIAN_POINT('Ctrl Pts',(33.354965414873,190.266877821919,145.646194212454));
#6293=CARTESIAN_POINT('Ctrl Pts',(32.6728960199834,189.902715465908,146.1307067149));
#6294=CARTESIAN_POINT('Ctrl Pts',(32.051240623327,189.376742628902,146.520869390329));
#6295=CARTESIAN_POINT('Ctrl Pts',(31.7559176624699,188.986977213116,146.700538693315));
#6296=CARTESIAN_POINT('Ctrl Pts',(31.7106482245419,188.923008245297,146.727982477677));
#6297=CARTESIAN_POINT('Ctrl Pts',(31.6533620565324,188.83403046634,146.762552759212));
#6298=CARTESIAN_POINT('Ctrl Pts',(31.5715009869354,188.697180631121,146.811820640065));
#6299=CARTESIAN_POINT('Ctrl Pts',(31.5117581155996,188.575507803377,146.847556208529));
#6300=CARTESIAN_POINT('Ctrl Pts',(31.411712571409,188.319828419843,146.907307539087));
#6301=CARTESIAN_POINT('Ctrl Pts',(31.3232560099623,187.987815330842,146.959989554479));
#6302=CARTESIAN_POINT('Ctrl Pts',(31.3466473847909,187.526504009925,146.946072364931));
#6303=CARTESIAN_POINT('Ctrl Pts',(31.4265403118137,187.243723967739,146.898456633248));
#6304=CARTESIAN_POINT('Ctrl Pts',(31.4852795182066,187.088810894116,146.863389288268));
#6305=CARTESIAN_POINT('Ctrl Pts',(31.5524818936732,186.940156838933,146.82319673798));
#6306=CARTESIAN_POINT('Ctrl Pts',(31.6500152541029,186.764556248961,146.764678984329));
#6307=CARTESIAN_POINT('Ctrl Pts',(31.739701859942,186.634690083457,146.71041087862));
#6308=CARTESIAN_POINT('Ctrl Pts',(31.9817618522144,186.312864463076,146.563209566077));
#6309=CARTESIAN_POINT('Ctrl Pts',(32.295388834239,186.019744867963,146.367703320204));
#6310=CARTESIAN_POINT('Ctrl Pts',(32.9052217276793,185.573968593223,145.964755397036));
#6311=CARTESIAN_POINT('Ctrl Pts',(33.6482698630208,185.175479534925,145.438981131192));
#6312=CARTESIAN_POINT('Ctrl Pts',(34.4973260351957,184.917989423592,144.741654370999));
#6313=CARTESIAN_POINT('Ctrl Pts',(35.0514769362501,184.852800595673,144.230411316009));
#6314=CARTESIAN_POINT('Ctrl Pts',(35.3144812138837,184.848503078278,143.974204270013));
#6315=CARTESIAN_POINT('Ctrl Pts',(35.4595348635272,184.854378007094,143.828788840931));
#6316=CARTESIAN_POINT('Ctrl Pts',(35.9582396348022,184.892048694766,143.321051798097));
#6317=CARTESIAN_POINT('Ctrl Pts',(36.5659217362774,185.117256410636,142.61350611801));
#6318=CARTESIAN_POINT('Ctrl Pts',(37.0799502132269,185.688506729772,141.919967860416));
#6319=CARTESIAN_POINT('Ctrl Pts',(37.3242279713117,186.097452898774,141.571147653523));
#6320=CARTESIAN_POINT('Ctrl Pts',(37.5838573453983,186.789527923699,141.176256414761));
#6321=CARTESIAN_POINT('Ctrl Pts',(37.6600485366748,187.409740906667,141.050779254575));
#6322=CARTESIAN_POINT('Ctrl Pts',(37.6600489523412,187.800000149012,141.050776930608));
#6323=CARTESIAN_POINT('',(37.6613848657241,187.800000149012,141.050000156462));
#6324=CARTESIAN_POINT('',(38.1097850416912,187.800000149012,140.789275420825));
#6325=CARTESIAN_POINT('Ctrl Pts',(37.6613848657241,187.800000149012,141.050000156462));
#6326=CARTESIAN_POINT('Ctrl Pts',(37.6613848657241,187.86444054853,141.050000156462));
#6327=CARTESIAN_POINT('Ctrl Pts',(37.659999254842,187.929520331586,141.052115786946));
#6328=CARTESIAN_POINT('Ctrl Pts',(37.657219905736,187.994934151021,141.056447755899));
#6329=CARTESIAN_POINT('Ctrl Pts',(37.6544528585098,188.060058437578,141.060760550808));
#6330=CARTESIAN_POINT('Ctrl Pts',(37.6503043836078,188.125513314403,141.06727023303));
#6331=CARTESIAN_POINT('Ctrl Pts',(37.6447664611302,188.190988282141,141.076025416531));
#6332=CARTESIAN_POINT('Ctrl Pts',(37.6391149708233,188.257805964588,141.084960145195));
#6333=CARTESIAN_POINT('Ctrl Pts',(37.6320164609772,188.324644020365,141.096233673304));
#6334=CARTESIAN_POINT('Ctrl Pts',(37.6234624081052,188.391170771529,141.109841459249));
#6335=CARTESIAN_POINT('Ctrl Pts',(37.6151180802719,188.456066444925,141.123115614637));
#6336=CARTESIAN_POINT('Ctrl Pts',(37.6053887073744,188.520665384186,141.138610710647));
#6337=CARTESIAN_POINT('Ctrl Pts',(37.5942663776078,188.58466601396,141.156270302839));
#6338=CARTESIAN_POINT('Ctrl Pts',(37.5827247274803,188.651079516554,141.174595675199));
#6339=CARTESIAN_POINT('Ctrl Pts',(37.5696831095233,188.716848081768,141.19525201398));
#6340=CARTESIAN_POINT('Ctrl Pts',(37.5551326829283,188.781650641431,141.218119082308));
#6341=CARTESIAN_POINT('Ctrl Pts',(37.5405822563333,188.846453201094,141.240986150637));
#6342=CARTESIAN_POINT('Ctrl Pts',(37.5245230211003,188.910289202428,141.266063667634));
#6343=CARTESIAN_POINT('Ctrl Pts',(37.5069461364209,188.972862364186,141.293176515325));
#6344=CARTESIAN_POINT('Ctrl Pts',(37.4916199829893,189.027422992835,141.316817545648));
#6345=CARTESIAN_POINT('Ctrl Pts',(37.4751399672174,189.081065739136,141.342024951315));
#6346=CARTESIAN_POINT('Ctrl Pts',(37.4576336441499,189.133543738574,141.368620006286));
#6347=CARTESIAN_POINT('Ctrl Pts',(37.4400424699964,189.186276092694,141.395343964356));
#6348=CARTESIAN_POINT('Ctrl Pts',(37.4214150156558,189.237832013264,141.423468727089));
#6349=CARTESIAN_POINT('Ctrl Pts',(37.4018806999098,189.28799254643,141.452770558403));
#6350=CARTESIAN_POINT('Ctrl Pts',(37.3821294691919,189.338710077383,141.482397766148));
#6351=CARTESIAN_POINT('Ctrl Pts',(37.361451125119,189.388000731868,141.513227951825));
#6352=CARTESIAN_POINT('Ctrl Pts',(37.3399794458404,189.435675680402,141.544991896596));
#6353=CARTESIAN_POINT('Ctrl Pts',(37.3324189774715,189.452462673897,141.556176410699));
#6354=CARTESIAN_POINT('Ctrl Pts',(37.3247601482906,189.469049704665,141.567476383155));
#6355=CARTESIAN_POINT('Ctrl Pts',(37.3170087985718,189.485429720675,141.578879102288));
#6356=CARTESIAN_POINT('Ctrl Pts',(37.2960733024604,189.529670243154,141.609676523476));
#6357=CARTESIAN_POINT('Ctrl Pts',(37.2744628899214,189.572393384695,141.641212514464));
#6358=CARTESIAN_POINT('Ctrl Pts',(37.2521198237149,189.613802319143,141.673495979026));
#6359=CARTESIAN_POINT('Ctrl Pts',(37.2295254314797,189.65567704208,141.706142584208));
#6360=CARTESIAN_POINT('Ctrl Pts',(37.2061818103625,189.696208188935,141.739553908458));
#6361=CARTESIAN_POINT('Ctrl Pts',(37.1820292527525,189.735581541721,141.773787077667));
#6362=CARTESIAN_POINT('Ctrl Pts',(37.1576469450085,189.775329431781,141.808345888381));
#6363=CARTESIAN_POINT('Ctrl Pts',(37.1324402376286,189.813897760984,141.843742573609));
#6364=CARTESIAN_POINT('Ctrl Pts',(37.1063477028442,189.851447520777,141.880079478493));
#6365=CARTESIAN_POINT('Ctrl Pts',(37.094474555426,189.868534164034,141.896614224235));
#6366=CARTESIAN_POINT('Ctrl Pts',(37.0824179873318,189.885409457246,141.91334421636));
#6367=CARTESIAN_POINT('Ctrl Pts',(37.0701722107617,189.902086215495,141.930281777287));
#6368=CARTESIAN_POINT('Ctrl Pts',(37.0366694184945,189.947711575725,141.976620658451));
#6369=CARTESIAN_POINT('Ctrl Pts',(37.0017504088016,189.99183131902,142.024501457186));
#6370=CARTESIAN_POINT('Ctrl Pts',(36.9654495314969,190.034245113383,142.073695549402));
#6371=CARTESIAN_POINT('Ctrl Pts',(36.9290610326836,190.076761284353,142.123008384218));
#6372=CARTESIAN_POINT('Ctrl Pts',(36.8912839872212,190.117562946521,142.173640451827));
#6373=CARTESIAN_POINT('Ctrl Pts',(36.852152994261,190.156490034998,142.225329646975));
#6374=CARTESIAN_POINT('Ctrl Pts',(36.8229187334798,190.185571961367,142.263945978844));
#6375=CARTESIAN_POINT('Ctrl Pts',(36.7929287815756,190.213608466648,142.303151633519));
#6376=CARTESIAN_POINT('Ctrl Pts',(36.7621975656532,190.240549329589,142.342827957447));
#6377=CARTESIAN_POINT('Ctrl Pts',(36.7148120144909,190.282090401131,142.404006287722));
#6378=CARTESIAN_POINT('Ctrl Pts',(36.6656640600005,190.321102590833,142.466417492854));
#6379=CARTESIAN_POINT('Ctrl Pts',(36.6150003425542,190.357500242397,142.529730360699));
#6380=CARTESIAN_POINT('Ctrl Pts',(36.5641440072361,190.394036273823,142.593283937091));
#6381=CARTESIAN_POINT('Ctrl Pts',(36.5117603615252,190.427937774679,142.657745517771));
#6382=CARTESIAN_POINT('Ctrl Pts',(36.458098869601,190.459169954341,142.722770362561));
#6383=CARTESIAN_POINT('Ctrl Pts',(36.4041760684374,190.490554221781,142.788111851413));
#6384=CARTESIAN_POINT('Ctrl Pts',(36.3489629455955,190.51924312291,142.854021574767));
#6385=CARTESIAN_POINT('Ctrl Pts',(36.2927126273919,190.545254073528,142.920147902712));
#6386=CARTESIAN_POINT('Ctrl Pts',(36.2350598337646,190.571913548815,142.987922942217));
#6387=CARTESIAN_POINT('Ctrl Pts',(36.1763174797346,190.595759813522,143.055924953004));
#6388=CARTESIAN_POINT('Ctrl Pts',(36.1167581010134,190.616867465707,143.123781850253));
#6389=CARTESIAN_POINT('Ctrl Pts',(36.0575985925584,190.637833405156,143.191183169285));
#6390=CARTESIAN_POINT('Ctrl Pts',(35.9976329932794,190.656097707413,143.258440843637));
#6391=CARTESIAN_POINT('Ctrl Pts',(35.9371283864012,190.671785428589,143.325204403655));
#6392=CARTESIAN_POINT('Ctrl Pts',(35.8756817963543,190.68771738851,143.393007391132));
#6393=CARTESIAN_POINT('Ctrl Pts',(35.8136792846738,190.700992153309,143.460300274038));
#6394=CARTESIAN_POINT('Ctrl Pts',(35.7514006042886,190.711790476113,143.526737976483));
#6395=CARTESIAN_POINT('Ctrl Pts',(35.6897879020939,190.722473326859,143.592465226159));
#6396=CARTESIAN_POINT('Ctrl Pts',(35.6279049060442,190.730732921395,143.657355208437));
#6397=CARTESIAN_POINT('Ctrl Pts',(35.5660224900676,190.736786679815,143.721100761524));
#6398=CARTESIAN_POINT('Ctrl Pts',(35.5292271799698,190.740386247071,143.759003893717));
#6399=CARTESIAN_POINT('Ctrl Pts',(35.4924320749567,190.743209258245,143.796479609681));
#6400=CARTESIAN_POINT('Ctrl Pts',(35.4553795962059,190.745317081696,143.833843104107));
#6401=CARTESIAN_POINT('Ctrl Pts',(35.4204791370329,190.747302482099,143.869036515066));
#6402=CARTESIAN_POINT('Ctrl Pts',(35.3853503326122,190.748652886237,143.904130673619));
#6403=CARTESIAN_POINT('Ctrl Pts',(35.3497779286738,190.74937749241,143.939392514634));
#6404=CARTESIAN_POINT('Ctrl Pts',(35.2976978036002,190.750438359149,143.991017957029));
#6405=CARTESIAN_POINT('Ctrl Pts',(35.244666835837,190.750146044275,144.042992791208));
#6406=CARTESIAN_POINT('Ctrl Pts',(35.1908834963423,190.748469597636,144.095015473798));
#6407=CARTESIAN_POINT('Ctrl Pts',(35.1689301403879,190.74778530339,144.116250162445));
#6408=CARTESIAN_POINT('Ctrl Pts',(35.1468514302656,190.746870997625,144.137492785754));
#6409=CARTESIAN_POINT('Ctrl Pts',(35.1246608635715,190.745727075684,144.1587227871));
#6410=CARTESIAN_POINT('Ctrl Pts',(35.0039173810222,190.739502758804,144.274239634077));
#6411=CARTESIAN_POINT('Ctrl Pts',(34.8798621898863,190.726478130942,144.389408696365));
#6412=CARTESIAN_POINT('Ctrl Pts',(34.753226632746,190.706710773887,144.503521102636));
#6413=CARTESIAN_POINT('Ctrl Pts',(34.7192805867513,190.701411917651,144.534110181085));
#6414=CARTESIAN_POINT('Ctrl Pts',(34.6851491242598,190.695628840351,144.564623334338));
#6415=CARTESIAN_POINT('Ctrl Pts',(34.6508463323667,190.689363290018,144.595046910421));
#6416=CARTESIAN_POINT('Ctrl Pts',(34.5672137579819,190.674087445825,144.669221688898));
#6417=CARTESIAN_POINT('Ctrl Pts',(34.4825627706972,190.655939723955,144.742862362637));
#6418=CARTESIAN_POINT('Ctrl Pts',(34.3972823074751,190.635001116858,144.815640709838));
#6419=CARTESIAN_POINT('Ctrl Pts',(34.3170962451467,190.615313319791,144.884071495323));
#6420=CARTESIAN_POINT('Ctrl Pts',(34.2363536666244,190.593158678423,144.951739630827));
#6421=CARTESIAN_POINT('Ctrl Pts',(34.1553778879309,190.568644507197,145.018385357598));
#6422=CARTESIAN_POINT('Ctrl Pts',(34.0788501512522,190.545476912259,145.081370199626));
#6423=CARTESIAN_POINT('Ctrl Pts',(34.0021141303684,190.520209932951,145.143441360273));
#6424=CARTESIAN_POINT('Ctrl Pts',(33.925150197426,190.492819037149,145.204668756406));
#6425=CARTESIAN_POINT('Ctrl Pts',(33.8760777157381,190.475354503033,145.243707565373));
#6426=CARTESIAN_POINT('Ctrl Pts',(33.8269125790542,190.457025513669,145.282403030438));
#6427=CARTESIAN_POINT('Ctrl Pts',(33.7776496996316,190.437815749761,145.320768439108));
#6428=CARTESIAN_POINT('Ctrl Pts',(33.7354745573168,190.421369806363,145.353613993196));
#6429=CARTESIAN_POINT('Ctrl Pts',(33.6932277745973,190.404274397978,145.386217330677));
#6430=CARTESIAN_POINT('Ctrl Pts',(33.6512166011391,190.386658561358,145.418343647242));
#6431=CARTESIAN_POINT('Ctrl Pts',(33.585293422789,190.359016107133,145.46875568581));
#6432=CARTESIAN_POINT('Ctrl Pts',(33.5199503927181,190.330111747513,145.517982362556));
#6433=CARTESIAN_POINT('Ctrl Pts',(33.4551120292079,190.299916750117,145.56617926101));
#6434=CARTESIAN_POINT('Ctrl Pts',(33.3886819232641,190.268980483878,145.61555936404));
#6435=CARTESIAN_POINT('Ctrl Pts',(33.3227815665447,190.236689289705,145.663859080726));
#6436=CARTESIAN_POINT('Ctrl Pts',(33.2573297806512,190.202962628106,145.711219407191));
#6437=CARTESIAN_POINT('Ctrl Pts',(33.1934014536098,190.170020989872,145.757477372465));
#6438=CARTESIAN_POINT('Ctrl Pts',(33.1299010585071,190.135709459321,145.802839498202));
#6439=CARTESIAN_POINT('Ctrl Pts',(33.0667529545639,190.099911383642,145.847405989739));
#6440=CARTESIAN_POINT('Ctrl Pts',(33.0013475522743,190.062833666421,145.893565559474));
#6441=CARTESIAN_POINT('Ctrl Pts',(32.9363200773651,190.024161135634,145.938872367024));
#6442=CARTESIAN_POINT('Ctrl Pts',(32.8715864840562,189.983722726101,145.983395151492));
#6443=CARTESIAN_POINT('Ctrl Pts',(32.8105601760115,189.94560021952,146.025368121337));
#6444=CARTESIAN_POINT('Ctrl Pts',(32.7497950523223,189.905907697454,146.066644365033));
#6445=CARTESIAN_POINT('Ctrl Pts',(32.6892206959011,189.864471768141,146.107239329838));
#6446=CARTESIAN_POINT('Ctrl Pts',(32.6855408662317,189.861954578177,146.109705432076));
#6447=CARTESIAN_POINT('Ctrl Pts',(32.681861740577,189.859430946146,146.112169006256));
#6448=CARTESIAN_POINT('Ctrl Pts',(32.6781833031501,189.856900830084,146.114630050369));
#6449=CARTESIAN_POINT('Ctrl Pts',(32.6223282252793,189.818482389515,146.151999670841));
#6450=CARTESIAN_POINT('Ctrl Pts',(32.5666318305481,189.77862051578,146.188741450201));
#6451=CARTESIAN_POINT('Ctrl Pts',(32.5113269803249,189.737126147654,146.224869335849));
#6452=CARTESIAN_POINT('Ctrl Pts',(32.4571039196285,189.696443429369,146.260290542639));
#6453=CARTESIAN_POINT('Ctrl Pts',(32.4032572356513,189.654191105985,146.295121932542));
#6454=CARTESIAN_POINT('Ctrl Pts',(32.3500063906641,189.610170631479,146.329331138612));
#6455=CARTESIAN_POINT('Ctrl Pts',(32.2986074595782,189.567681064674,146.362350645171));
#6456=CARTESIAN_POINT('Ctrl Pts',(32.2477636449283,189.52354380802,146.394790645006));
#6457=CARTESIAN_POINT('Ctrl Pts',(32.1976722992089,189.477566527796,146.426576148426));
#6458=CARTESIAN_POINT('Ctrl Pts',(32.1486257315265,189.432548216668,146.457698687108));
#6459=CARTESIAN_POINT('Ctrl Pts',(32.1003005709486,189.385765472312,146.488193993442));
#6460=CARTESIAN_POINT('Ctrl Pts',(32.0528820769308,189.337029663692,146.517943815681));
#6461=CARTESIAN_POINT('Ctrl Pts',(32.0067502930878,189.289616310838,146.546886370635));
#6462=CARTESIAN_POINT('Ctrl Pts',(31.9614766382493,189.240354057304,146.575123517593));
#6463=CARTESIAN_POINT('Ctrl Pts',(31.917231696244,189.189067000259,146.602497665157));
#6464=CARTESIAN_POINT('Ctrl Pts',(31.8729867542388,189.137779943215,146.629871812722));
#6465=CARTESIAN_POINT('Ctrl Pts',(31.8297705250668,189.084467612327,146.656383354141));
#6466=CARTESIAN_POINT('Ctrl Pts',(31.7877535925567,189.028958219789,146.681820817929));
#6467=CARTESIAN_POINT('Ctrl Pts',(31.7614806574207,188.994248530565,146.697726711011));
#6468=CARTESIAN_POINT('Ctrl Pts',(31.7362569891453,188.959038673648,146.713051163742));
#6469=CARTESIAN_POINT('Ctrl Pts',(31.7117958370761,188.923033754205,146.727873966154));
#6470=CARTESIAN_POINT('Ctrl Pts',(31.7067329697588,188.915581606024,146.730941928026));
#6471=CARTESIAN_POINT('Ctrl Pts',(31.7017027678698,188.908095339673,146.73398823186));
#6472=CARTESIAN_POINT('Ctrl Pts',(31.6967026888951,188.900572252598,146.737013317703));
#6473=CARTESIAN_POINT('Ctrl Pts',(31.6821237537447,188.878636879347,146.745833684453));
#6474=CARTESIAN_POINT('Ctrl Pts',(31.667800909919,188.856389130773,146.754473039476));
#6475=CARTESIAN_POINT('Ctrl Pts',(31.6538171283672,188.833861695004,146.762902670797));
#6476=CARTESIAN_POINT('Ctrl Pts',(31.6398333468153,188.811334259235,146.771332302118));
#6477=CARTESIAN_POINT('Ctrl Pts',(31.6261886275372,188.78852709528,146.779552781914));
#6478=CARTESIAN_POINT('Ctrl Pts',(31.6128829234479,188.765413419951,146.787557728297));
#6479=CARTESIAN_POINT('Ctrl Pts',(31.5772636660965,188.703538306517,146.808986902085));
#6480=CARTESIAN_POINT('Ctrl Pts',(31.5440738877775,188.639473721578,146.828869136811));
#6481=CARTESIAN_POINT('Ctrl Pts',(31.5140187859683,188.573204305976,146.84686779154));
#6482=CARTESIAN_POINT('Ctrl Pts',(31.4991651141777,188.540452989565,146.855762990489));
#6483=CARTESIAN_POINT('Ctrl Pts',(31.4850770812497,188.507163677977,146.864197567136));
#6484=CARTESIAN_POINT('Ctrl Pts',(31.4718398122794,188.473337973948,146.872127621167));
#6485=CARTESIAN_POINT('Ctrl Pts',(31.4472477238731,188.410496861802,146.886860009714));
#6486=CARTESIAN_POINT('Ctrl Pts',(31.4253070927344,188.345547278453,146.899908501688));
#6487=CARTESIAN_POINT('Ctrl Pts',(31.4067737010195,188.27869506841,146.910902280228));
#6488=CARTESIAN_POINT('Ctrl Pts',(31.388586929039,188.213093158131,146.921690448231));
#6489=CARTESIAN_POINT('Ctrl Pts',(31.3736811408574,188.145659279631,146.930499543132));
#6490=CARTESIAN_POINT('Ctrl Pts',(31.3627705018402,188.076633050644,146.937001048143));
#6491=CARTESIAN_POINT('Ctrl Pts',(31.3576577722544,188.044287333534,146.940047655859));
#6492=CARTESIAN_POINT('Ctrl Pts',(31.3534223227547,188.011592595173,146.942587910066));
#6493=CARTESIAN_POINT('Ctrl Pts',(31.350137639694,187.978576813037,146.944590174625));
#6494=CARTESIAN_POINT('Ctrl Pts',(31.3457782896875,187.934759084686,146.947247530558));
#6495=CARTESIAN_POINT('Ctrl Pts',(31.3430936140762,187.890358075948,146.948953350247));
#6496=CARTESIAN_POINT('Ctrl Pts',(31.3420430667227,187.845759697123,146.949645230663));
#6497=CARTESIAN_POINT('Ctrl Pts',(31.3410460609697,187.803434293975,146.950301849094));
#6498=CARTESIAN_POINT('Ctrl Pts',(31.3415208599749,187.76093154222,146.950045634053));
#6499=CARTESIAN_POINT('Ctrl Pts',(31.3434328063699,187.71858406402,146.948876454496));
#6500=CARTESIAN_POINT('Ctrl Pts',(31.3453509921426,187.676098390571,146.94770345948));
#6501=CARTESIAN_POINT('Ctrl Pts',(31.3487157204812,187.633769374212,146.945611572635));
#6502=CARTESIAN_POINT('Ctrl Pts',(31.3534919936103,187.591929996997,146.942653179134));
#6503=CARTESIAN_POINT('Ctrl Pts',(31.3583302957781,187.549547255474,146.939656365237));
#6504=CARTESIAN_POINT('Ctrl Pts',(31.3646170440231,187.507667318742,146.935770507249));
#6505=CARTESIAN_POINT('Ctrl Pts',(31.3723158592459,187.466627717086,146.931102819562));
#6506=CARTESIAN_POINT('Ctrl Pts',(31.3733881648746,187.460911643302,146.930452695142));
#6507=CARTESIAN_POINT('Ctrl Pts',(31.3744878638237,187.455211853098,146.929787484137));
#6508=CARTESIAN_POINT('Ctrl Pts',(31.375614857797,187.449529239501,146.929107553193));
#6509=CARTESIAN_POINT('Ctrl Pts',(31.3847103969616,187.403667029276,146.923620089488));
#6510=CARTESIAN_POINT('Ctrl Pts',(31.3955837946318,187.358912402211,146.917177107443));
#6511=CARTESIAN_POINT('Ctrl Pts',(31.4079662218277,187.315023262208,146.909862252725));
#6512=CARTESIAN_POINT('Ctrl Pts',(31.418425757214,187.277949754269,146.903683336381));
#6513=CARTESIAN_POINT('Ctrl Pts',(31.4299620328755,187.241493577301,146.896881263569));
#6514=CARTESIAN_POINT('Ctrl Pts',(31.4424130186316,187.205508516298,146.889477565724));
#6515=CARTESIAN_POINT('Ctrl Pts',(31.456008505441,187.166215689868,146.881393316142));
#6516=CARTESIAN_POINT('Ctrl Pts',(31.47069459233,187.127493012925,146.872588309436));
#6517=CARTESIAN_POINT('Ctrl Pts',(31.4864386796731,187.08954713873,146.863172613752));
#6518=CARTESIAN_POINT('Ctrl Pts',(31.5021827670163,187.051601264535,146.853756918067));
#6519=CARTESIAN_POINT('Ctrl Pts',(31.5189848548135,187.014429341174,146.843733966691));
#6520=CARTESIAN_POINT('Ctrl Pts',(31.5366890447776,186.977941175201,146.833146648188));
#6521=CARTESIAN_POINT('Ctrl Pts',(31.567895935138,186.913624073021,146.814484552468));
#6522=CARTESIAN_POINT('Ctrl Pts',(31.6019057060781,186.851434432269,146.79406829839));
#6523=CARTESIAN_POINT('Ctrl Pts',(31.6382438511153,186.791308870302,146.772190969565));
#6524=CARTESIAN_POINT('Ctrl Pts',(31.6431361789161,186.783213961824,146.769245550532));
#6525=CARTESIAN_POINT('Ctrl Pts',(31.6480707111768,186.775156428184,146.766273581318));
#6526=CARTESIAN_POINT('Ctrl Pts',(31.6530462899189,186.767136080078,146.763275715487));
#6527=CARTESIAN_POINT('Ctrl Pts',(31.6923108026653,186.70384393323,146.739618218097));
#6528=CARTESIAN_POINT('Ctrl Pts',(31.7341314819886,186.642867134156,146.714350704001));
#6529=CARTESIAN_POINT('Ctrl Pts',(31.7778352997253,186.584132482004,146.687780991338));
#6530=CARTESIAN_POINT('Ctrl Pts',(31.7808044623888,186.580142150146,146.685975890481));
#6531=CARTESIAN_POINT('Ctrl Pts',(31.7837823168873,186.57616215721,146.684164762056));
#6532=CARTESIAN_POINT('Ctrl Pts',(31.7867686521748,186.572192476059,146.682347695137));
#6533=CARTESIAN_POINT('Ctrl Pts',(31.8370018155204,186.505418446189,146.651782801869));
#6534=CARTESIAN_POINT('Ctrl Pts',(31.8898925050806,186.441198861968,146.619369750768));
#6535=CARTESIAN_POINT('Ctrl Pts',(31.944673046315,186.379609692827,146.585535101493));
#6536=CARTESIAN_POINT('Ctrl Pts',(32.0002163938619,186.317162908811,146.551229312586));
#6537=CARTESIAN_POINT('Ctrl Pts',(32.0577025910148,186.25742007381,146.515462534922));
#6538=CARTESIAN_POINT('Ctrl Pts',(32.1163314455375,186.200406699771,146.478669314931));
#6539=CARTESIAN_POINT('Ctrl Pts',(32.1764547687494,186.141940036168,146.440938223721));
#6540=CARTESIAN_POINT('Ctrl Pts',(32.2377797452011,186.086343517877,146.402128181872));
#6541=CARTESIAN_POINT('Ctrl Pts',(32.2994434181262,186.033592063152,146.36268982593));
#6542=CARTESIAN_POINT('Ctrl Pts',(32.3487238874465,185.991434074131,146.331171419745));
#6543=CARTESIAN_POINT('Ctrl Pts',(32.3982206792034,185.951092070829,146.299251417925));
#6544=CARTESIAN_POINT('Ctrl Pts',(32.447493314227,185.912531983647,146.26714901014));
#6545=CARTESIAN_POINT('Ctrl Pts',(32.4860925030896,185.882324788782,146.242000631117));
#6546=CARTESIAN_POINT('Ctrl Pts',(32.524554130558,185.853226069667,146.216758801391));
#6547=CARTESIAN_POINT('Ctrl Pts',(32.5631082812863,185.824958329409,146.191280560887));
#6548=CARTESIAN_POINT('Ctrl Pts',(32.601245721222,185.796996119742,146.166077700793));
#6549=CARTESIAN_POINT('Ctrl Pts',(32.6394736951594,185.76984695123,146.140643080118));
#6550=CARTESIAN_POINT('Ctrl Pts',(32.6780149075207,185.743272681142,146.114798521061));
#6551=CARTESIAN_POINT('Ctrl Pts',(32.762821163246,185.684798538616,146.057930037944));
#6552=CARTESIAN_POINT('Ctrl Pts',(32.8491440504465,185.629127174873,145.999074176752));
#6553=CARTESIAN_POINT('Ctrl Pts',(32.9366648061701,185.576207760746,145.938362200532));
#6554=CARTESIAN_POINT('Ctrl Pts',(33.0251791344171,185.522687583116,145.876960996357));
#6555=CARTESIAN_POINT('Ctrl Pts',(33.1149186829826,185.471981523779,145.813660722696));
#6556=CARTESIAN_POINT('Ctrl Pts',(33.2055537090095,185.42406434573,145.748550715835));
#6557=CARTESIAN_POINT('Ctrl Pts',(33.2968905735526,185.375776117739,145.682936525187));
#6558=CARTESIAN_POINT('Ctrl Pts',(33.3891368376344,185.330319532345,145.615483789217));
#6559=CARTESIAN_POINT('Ctrl Pts',(33.4819550387687,185.287705946715,145.546246527873));
#6560=CARTESIAN_POINT('Ctrl Pts',(33.5388764552538,185.261572864776,145.503786289029));
#6561=CARTESIAN_POINT('Ctrl Pts',(33.5960129682351,185.236509759241,145.460654226018));
#6562=CARTESIAN_POINT('Ctrl Pts',(33.6532867466149,185.212527477597,145.416857656241));
#6563=CARTESIAN_POINT('Ctrl Pts',(33.7524152140659,185.171019358303,145.341055308911));
#6564=CARTESIAN_POINT('Ctrl Pts',(33.8519548749683,185.132759399117,145.263268574066));
#6565=CARTESIAN_POINT('Ctrl Pts',(33.9513874270369,185.097958686319,145.18383795527));
#6566=CARTESIAN_POINT('Ctrl Pts',(34.0507484720953,185.063183000484,145.104464459076));
#6567=CARTESIAN_POINT('Ctrl Pts',(34.1500025623193,185.031861839757,145.023449876578));
#6568=CARTESIAN_POINT('Ctrl Pts',(34.2486325128326,185.004160616933,144.941159712999));
#6569=CARTESIAN_POINT('Ctrl Pts',(34.3472372108671,184.976466486523,144.858890618382));
#6570=CARTESIAN_POINT('Ctrl Pts',(34.4452180887501,184.952390626319,144.775347063232));
#6571=CARTESIAN_POINT('Ctrl Pts',(34.542058358752,184.932049815597,144.690913237151));
#6572=CARTESIAN_POINT('Ctrl Pts',(34.5789818517557,184.924294221955,144.658720103173));
#6573=CARTESIAN_POINT('Ctrl Pts',(34.6157395274199,184.917081099638,144.6263977043));
#6574=CARTESIAN_POINT('Ctrl Pts',(34.6523027404985,184.910414989853,144.593967839055));
#6575=CARTESIAN_POINT('Ctrl Pts',(34.7481641199488,184.892937792806,144.508943265011));
#6576=CARTESIAN_POINT('Ctrl Pts',(34.8426887970928,184.87921975211,144.423157114497));
#6577=CARTESIAN_POINT('Ctrl Pts',(34.9355601473271,184.869313162551,144.337007259338));
#6578=CARTESIAN_POINT('Ctrl Pts',(34.9998138075054,184.862459222801,144.277403910149));
#6579=CARTESIAN_POINT('Ctrl Pts',(35.063276076953,184.85742861861,144.217626680759));
#6580=CARTESIAN_POINT('Ctrl Pts',(35.1258420997401,184.854224086462,144.157808233917));
#6581=CARTESIAN_POINT('Ctrl Pts',(35.1972631257478,184.850566015138,144.089523649773));
#6582=CARTESIAN_POINT('Ctrl Pts',(35.2675162599182,184.849290837823,144.021191319077));
#6583=CARTESIAN_POINT('Ctrl Pts',(35.3362721568789,184.850372629153,143.953122719564));
#6584=CARTESIAN_POINT('Ctrl Pts',(35.3411606835374,184.850449544239,143.948283059578));
#6585=CARTESIAN_POINT('Ctrl Pts',(35.346041641402,184.850538352436,143.94344473104));
#6586=CARTESIAN_POINT('Ctrl Pts',(35.3509149120988,184.850639034451,143.938607844908));
#6587=CARTESIAN_POINT('Ctrl Pts',(35.3876222102965,184.851397409059,143.902174608869));
#6588=CARTESIAN_POINT('Ctrl Pts',(35.423893364267,184.852828851447,143.865821580269));
#6589=CARTESIAN_POINT('Ctrl Pts',(35.4598436904693,184.854930542548,143.829515514691));
#6590=CARTESIAN_POINT('Ctrl Pts',(35.4928631896001,184.856860894642,143.796169277607));
#6591=CARTESIAN_POINT('Ctrl Pts',(35.525612039223,184.859352755173,143.762864761877));
#6592=CARTESIAN_POINT('Ctrl Pts',(35.5583463698097,184.862452114068,143.729239113476));
#6593=CARTESIAN_POINT('Ctrl Pts',(35.5612518851803,184.862727214697,143.726254484295));
#6594=CARTESIAN_POINT('Ctrl Pts',(35.5641572861637,184.863007135252,143.723267328748));
#6595=CARTESIAN_POINT('Ctrl Pts',(35.5670627518702,184.863291927725,143.72027739546));
#6596=CARTESIAN_POINT('Ctrl Pts',(35.6289770622918,184.869360741234,143.656563114709));
#6597=CARTESIAN_POINT('Ctrl Pts',(35.6909207634034,184.877639316091,143.591648580986));
#6598=CARTESIAN_POINT('Ctrl Pts',(35.7526152846369,184.88835378389,143.525853085955));
#6599=CARTESIAN_POINT('Ctrl Pts',(35.8135668647619,184.898939225344,143.460849917001));
#6600=CARTESIAN_POINT('Ctrl Pts',(35.8742752302487,184.911902595578,143.394987261591));
#6601=CARTESIAN_POINT('Ctrl Pts',(35.9344717536771,184.927419193417,143.328599639964));
#6602=CARTESIAN_POINT('Ctrl Pts',(35.9940749745487,184.942782858219,143.262866340937));
#6603=CARTESIAN_POINT('Ctrl Pts',(36.0531763931665,184.960649938528,143.196618812649));
#6604=CARTESIAN_POINT('Ctrl Pts',(36.1115152469329,184.981143813014,143.130201928709));
#6605=CARTESIAN_POINT('Ctrl Pts',(36.1702775894118,185.001786454984,143.06330291667));
#6606=CARTESIAN_POINT('Ctrl Pts',(36.2282662557573,185.025094495313,142.996232554358));
#6607=CARTESIAN_POINT('Ctrl Pts',(36.2852147633288,185.051141600536,142.929357041101));
#6608=CARTESIAN_POINT('Ctrl Pts',(36.3408155843203,185.076572300946,142.86406413704));
#6609=CARTESIAN_POINT('Ctrl Pts',(36.3954248947355,185.104613909268,142.798957502804));
#6610=CARTESIAN_POINT('Ctrl Pts',(36.4487946866861,185.135283587175,142.734383451029));
#6611=CARTESIAN_POINT('Ctrl Pts',(36.5041048929445,185.167068350594,142.667461621431));
#6612=CARTESIAN_POINT('Ctrl Pts',(36.5580838096098,185.201676167071,142.601112421396));
#6613=CARTESIAN_POINT('Ctrl Pts',(36.6104553822023,185.239066811099,142.535718612916));
#6614=CARTESIAN_POINT('Ctrl Pts',(36.6628269547948,185.276457455128,142.470324804437));
#6615=CARTESIAN_POINT('Ctrl Pts',(36.7135911833144,185.316630866142,142.40588703778));
#6616=CARTESIAN_POINT('Ctrl Pts',(36.7624720132815,185.359486408654,142.342775765161));
#6617=CARTESIAN_POINT('Ctrl Pts',(36.8041273762547,185.396007130171,142.288993475245));
#6618=CARTESIAN_POINT('Ctrl Pts',(36.8444149885588,185.434534323165,142.236089320018));
#6619=CARTESIAN_POINT('Ctrl Pts',(36.8833023321505,185.474940733987,142.184346357798));
#6620=CARTESIAN_POINT('Ctrl Pts',(36.9220993332959,185.51525327329,142.132723603989));
#6621=CARTESIAN_POINT('Ctrl Pts',(36.9595025643345,185.557436059296,142.082257101955));
#6622=CARTESIAN_POINT('Ctrl Pts',(36.9954797333332,185.601318235337,142.033201274401));
#6623=CARTESIAN_POINT('Ctrl Pts',(37.0211688463475,185.632651834144,141.998173485024));
#6624=CARTESIAN_POINT('Ctrl Pts',(37.0461308785795,185.664850922796,141.963864383956));
#6625=CARTESIAN_POINT('Ctrl Pts',(37.0703540740063,185.697840594619,141.930356417102));
#6626=CARTESIAN_POINT('Ctrl Pts',(37.097323734354,185.734570688579,141.893049262985));
#6627=CARTESIAN_POINT('Ctrl Pts',(37.1233775188471,185.77226684214,141.856741251178));
#6628=CARTESIAN_POINT('Ctrl Pts',(37.1485763672504,185.811074161044,141.821313989437));
#6629=CARTESIAN_POINT('Ctrl Pts',(37.1736196932842,185.849641968757,141.786105377834));
#6630=CARTESIAN_POINT('Ctrl Pts',(37.1978186036597,185.889307617504,141.751766355576));
#6631=CARTESIAN_POINT('Ctrl Pts',(37.2212329167663,185.930245143583,141.71822097791));
#6632=CARTESIAN_POINT('Ctrl Pts',(37.2442661785792,185.970516440538,141.685221527409));
#6633=CARTESIAN_POINT('Ctrl Pts',(37.2665401728458,186.012018924079,141.652989830964));
#6634=CARTESIAN_POINT('Ctrl Pts',(37.2881118447214,186.054943581309,141.621496934788));
#6635=CARTESIAN_POINT('Ctrl Pts',(37.297938148161,186.074496572352,141.607151326538));
#6636=CARTESIAN_POINT('Ctrl Pts',(37.3076187215064,186.09434497771,141.592959641735));
#6637=CARTESIAN_POINT('Ctrl Pts',(37.3171589471566,186.11450831347,141.578922447606));
#6638=CARTESIAN_POINT('Ctrl Pts',(37.3391738619328,186.161036994721,141.546530380188));
#6639=CARTESIAN_POINT('Ctrl Pts',(37.3604414302029,186.209236141052,141.514971688051));
#6640=CARTESIAN_POINT('Ctrl Pts',(37.3808279629255,186.258932109065,141.484526185964));
#6641=CARTESIAN_POINT('Ctrl Pts',(37.4010544545159,186.30823794703,141.454319691299));
#6642=CARTESIAN_POINT('Ctrl Pts',(37.4204136891127,186.359016932936,141.425209387806));
#6643=CARTESIAN_POINT('Ctrl Pts',(37.4387751015338,186.41106175963,141.397434086119));
#6644=CARTESIAN_POINT('Ctrl Pts',(37.4570012499167,186.462723184804,141.369863398292));
#6645=CARTESIAN_POINT('Ctrl Pts',(37.4742442233973,186.515631520962,141.343608450434));
#6646=CARTESIAN_POINT('Ctrl Pts',(37.4903763211141,186.569551271401,141.31886316638));
#6647=CARTESIAN_POINT('Ctrl Pts',(37.4960744428623,186.588596612437,141.310122725818));
#6648=CARTESIAN_POINT('Ctrl Pts',(37.5016339697096,186.607767865267,141.301570247613));
#6649=CARTESIAN_POINT('Ctrl Pts',(37.5070492741434,186.627053800829,141.293212971572));
#6650=CARTESIAN_POINT('Ctrl Pts',(37.5239847774002,186.687367496671,141.267076920065));
#6651=CARTESIAN_POINT('Ctrl Pts',(37.5395097477606,186.74885687614,141.24283054167));
#6652=CARTESIAN_POINT('Ctrl Pts',(37.5536324371473,186.811256409888,141.220632275389));
#6653=CARTESIAN_POINT('Ctrl Pts',(37.5677353635404,186.873568623044,141.198465072893));
#6654=CARTESIAN_POINT('Ctrl Pts',(37.5804399308586,186.936787981872,141.178340480983));
#6655=CARTESIAN_POINT('Ctrl Pts',(37.5917543564305,187.000628389053,141.16036905553));
#6656=CARTESIAN_POINT('Ctrl Pts',(37.6034073198639,187.066378959042,141.141859908749));
#6657=CARTESIAN_POINT('Ctrl Pts',(37.6135857084115,187.132787824733,141.125635134968));
#6658=CARTESIAN_POINT('Ctrl Pts',(37.6222984993016,187.199526438022,141.111759979051));
#6659=CARTESIAN_POINT('Ctrl Pts',(37.6307783129425,187.26448048208,141.098255840377));
#6660=CARTESIAN_POINT('Ctrl Pts',(37.6378698602358,187.329746301928,141.086977150297));
#6661=CARTESIAN_POINT('Ctrl Pts',(37.64358141735,187.395014119463,141.077931314722));
#6662=CARTESIAN_POINT('Ctrl Pts',(37.6495283563231,187.462971721921,141.068512686658));
#6663=CARTESIAN_POINT('Ctrl Pts',(37.6539792184166,187.530930890628,141.061515073155));
#6664=CARTESIAN_POINT('Ctrl Pts',(37.6569433457668,187.598543252371,141.056886988608));
#6665=CARTESIAN_POINT('Ctrl Pts',(37.6599074731171,187.666155614114,141.052258904061));
#6666=CARTESIAN_POINT('Ctrl Pts',(37.6613848657241,187.73342057967,141.050000156462));
#6667=CARTESIAN_POINT('Ctrl Pts',(37.6613848657241,187.800000149012,141.050000156462));
#6668=CARTESIAN_POINT('Origin',(30.,187.800000149012,144.000000156462));
#6669=CARTESIAN_POINT('',(30.,187.800000149012,141.050000156462));
#6670=CARTESIAN_POINT('',(30.,187.800000149012,141.050000156462));
#6671=CARTESIAN_POINT('Origin',(30.,187.800000149012,144.000000156462));
#6672=CARTESIAN_POINT('Origin',(25.,197.6,133.5));
#6673=CARTESIAN_POINT('',(24.5,197.798736717943,139.979473661428));
#6674=CARTESIAN_POINT('',(24.5,197.8,139.980740698408));
#6675=CARTESIAN_POINT('',(24.5,197.798736717943,139.979473661428));
#6676=CARTESIAN_POINT('Ctrl Pts',(24.1026352993874,197.4,139.533633780243));
#6677=CARTESIAN_POINT('Ctrl Pts',(24.2950295630811,197.585213292805,139.749498540081));
#6678=CARTESIAN_POINT('Ctrl Pts',(24.5,197.798736717943,139.979473661428));
#6679=CARTESIAN_POINT('',(25.,197.8,127.));
#6680=CARTESIAN_POINT('',(25.,197.6,127.2));
#6681=CARTESIAN_POINT('Origin',(25.,197.8,133.5));
#6682=CARTESIAN_POINT('Origin',(25.,197.8,133.495832175282));
#6683=CARTESIAN_POINT('',(25.,197.8,118.9));
#6684=CARTESIAN_POINT('',(25.,197.8,125.997916087641));
#6685=CARTESIAN_POINT('',(24.5,197.8,148.091435844357));
#6686=CARTESIAN_POINT('Origin',(25.,197.8,133.5));
#6687=CARTESIAN_POINT('',(24.5,197.8,148.491664350565));
#6688=CARTESIAN_POINT('Origin',(24.5,177.8,139.579473661428));
#6689=CARTESIAN_POINT('',(24.5,197.799771627829,148.091664350565));
#6690=CARTESIAN_POINT('',(24.5,197.8,148.091435844357));
#6691=CARTESIAN_POINT('',(24.5,178.2,148.091664350565));
#6692=CARTESIAN_POINT('',(24.5,198.,148.091664350565));
#6693=CARTESIAN_POINT('',(24.5,178.2,139.979473661428));
#6694=CARTESIAN_POINT('',(24.5,178.2,136.537652918355));
#6695=CARTESIAN_POINT('',(24.5,202.75,139.979473661428));
#6696=CARTESIAN_POINT('',(24.5,187.819592934003,142.387341687019));
#6697=CARTESIAN_POINT('Origin',(24.5,187.819592934003,144.037341687019));
#6698=CARTESIAN_POINT('Origin',(24.3013176496937,202.75,139.756553720836));
#6699=CARTESIAN_POINT('',(24.1026352993874,178.2,139.533633780243));
#6700=CARTESIAN_POINT('Origin',(25.,197.6,78.5));
#6701=CARTESIAN_POINT('',(25.0003288460377,197.800000030236,84.9999999355294));
#6702=CARTESIAN_POINT('',(24.999999999958,197.600000086677,84.7999999855521));
#6703=CARTESIAN_POINT('',(24.9999999996381,197.6,84.7999997798912));
#6704=CARTESIAN_POINT('',(25.,197.4,84.6));
#6705=CARTESIAN_POINT('',(25.,197.6,84.8));
#6706=CARTESIAN_POINT('',(24.1026352993874,197.4,72.4663662197566));
#6707=CARTESIAN_POINT('Origin',(25.,197.4,78.5));
#6708=CARTESIAN_POINT('',(24.5,197.798736717943,72.0205263385718));
#6709=CARTESIAN_POINT('Ctrl Pts',(24.5,197.798736717943,72.0205263385718));
#6710=CARTESIAN_POINT('Ctrl Pts',(24.2950295630348,197.585213292756,72.2505014599705));
#6711=CARTESIAN_POINT('Ctrl Pts',(24.1026352993874,197.4,72.4663662197566));
#6712=CARTESIAN_POINT('',(24.5,197.8,72.0192593015922));
#6713=CARTESIAN_POINT('',(24.5,197.8,72.0192593015922));
#6714=CARTESIAN_POINT('Origin',(25.,197.8,78.5));
#6715=CARTESIAN_POINT('Origin',(24.5,197.8,72.4205263385717));
#6716=CARTESIAN_POINT('',(24.5,178.2,72.0205263385718));
#6717=CARTESIAN_POINT('',(24.5,202.75,72.0205263385718));
#6718=CARTESIAN_POINT('',(24.5,178.2,63.9083356494351));
#6719=CARTESIAN_POINT('',(24.5,178.2,75.4623470816446));
#6720=CARTESIAN_POINT('',(24.5,197.799771627829,63.9083356494351));
#6721=CARTESIAN_POINT('',(24.5,198.,63.9083356494351));
#6722=CARTESIAN_POINT('',(24.5,197.8,63.9085641556425));
#6723=CARTESIAN_POINT('',(24.5,197.799771627829,63.9083356494351));
#6724=CARTESIAN_POINT('',(24.5,197.8,63.5083356494351));
#6725=CARTESIAN_POINT('',(24.5,187.780407065997,69.6126583129808));
#6726=CARTESIAN_POINT('Origin',(24.5,187.780407065997,67.9626583129808));
#6727=CARTESIAN_POINT('Origin',(25.,197.8,78.5041678247175));
#6728=CARTESIAN_POINT('',(25.0136471061897,197.8,93.0999936217963));
#6729=CARTESIAN_POINT('Origin',(25.,197.8,78.5));
#6730=CARTESIAN_POINT('',(24.9948241130126,197.8,81.6520924227122));
#6731=CARTESIAN_POINT('Origin',(25.,197.6,78.5));
#6732=CARTESIAN_POINT('Ctrl Pts',(24.1004355991393,197.4,63.5269981670774));
#6733=CARTESIAN_POINT('Ctrl Pts',(24.3029159968528,197.605038983388,63.7202420219467));
#6734=CARTESIAN_POINT('Ctrl Pts',(24.5000000000196,197.799771627848,63.9083356494538));
#6735=CARTESIAN_POINT('',(25.0139759520107,197.599999999999,93.2999934004447));
#6736=CARTESIAN_POINT('Origin',(24.3002177995696,198.,63.7176669082562));
#6737=CARTESIAN_POINT('',(24.1004355991392,178.2,63.5269981670774));
#6738=CARTESIAN_POINT('Origin',(25.,197.6,133.5));
#6739=CARTESIAN_POINT('Ctrl Pts',(24.4999999999983,197.799771627827,148.091664350567));
#6740=CARTESIAN_POINT('Ctrl Pts',(24.3029159968418,197.605038983376,148.279757978064));
#6741=CARTESIAN_POINT('Ctrl Pts',(24.1004355991393,197.4,148.473001832923));
#6742=CARTESIAN_POINT('',(25.,197.6,118.7));
#6743=CARTESIAN_POINT('Origin',(24.3002177995696,198.,148.282333091744));
#6744=CARTESIAN_POINT('',(24.5,178.2,148.091664350565));
#6745=CARTESIAN_POINT('Origin',(25.5,178.2,72.0205263385718));
#6746=CARTESIAN_POINT('',(25.5,178.2,72.0205263385718));
#6747=CARTESIAN_POINT('',(25.9,177.8,72.0626092242276));
#6748=CARTESIAN_POINT('',(25.5,178.2,72.0205263385718));
#6749=CARTESIAN_POINT('',(25.8973647006126,178.2,72.4663662197566));
#6750=CARTESIAN_POINT('Ctrl Pts',(25.8973647006126,178.2,72.4663662197561));
#6751=CARTESIAN_POINT('Ctrl Pts',(25.8985095939953,178.007386238825,72.2718041036225));
#6752=CARTESIAN_POINT('Ctrl Pts',(25.9,177.8,72.0626092242276));
#6753=CARTESIAN_POINT('',(25.8973647006126,178.2,72.4663662197566));
#6754=CARTESIAN_POINT('Origin',(25.6986823503063,202.75,72.2434462791642));
#6755=CARTESIAN_POINT('',(25.5,202.75,72.0205263385718));
#6756=CARTESIAN_POINT('',(25.8973647006126,202.75,72.4663662197566));
#6757=CARTESIAN_POINT('Origin',(25.8995644008608,178.2,63.5269981670774));
#6758=CARTESIAN_POINT('',(25.9,177.8,63.9277661286953));
#6759=CARTESIAN_POINT('Ctrl Pts',(25.9,177.8,63.9277661286953));
#6760=CARTESIAN_POINT('Ctrl Pts',(25.8997952278791,177.997452744704,63.7299245079086));
#6761=CARTESIAN_POINT('Ctrl Pts',(25.8995644008608,178.2,63.5269981670775));
#6762=CARTESIAN_POINT('',(25.5,178.2,63.9083356494351));
#6763=CARTESIAN_POINT('',(25.9,177.8,63.9277661286953));
#6764=CARTESIAN_POINT('',(25.5,178.2,63.9083356494351));
#6765=CARTESIAN_POINT('Origin',(25.7,178.,71.0062517370763));
#6766=CARTESIAN_POINT('',(25.5,178.2,71.0062517370763));
#6767=CARTESIAN_POINT('',(25.9,177.8,71.0062517370763));
#6768=CARTESIAN_POINT('Origin',(24.1026352993874,178.2,72.4663662197566));
#6769=CARTESIAN_POINT('',(24.1026352993874,178.2,72.4663662197566));
#6770=CARTESIAN_POINT('',(24.1,177.8,72.0626092242276));
#6771=CARTESIAN_POINT('Ctrl Pts',(24.1,177.8,72.0626092242276));
#6772=CARTESIAN_POINT('Ctrl Pts',(24.1014904060047,178.007386238825,72.2718041036228));
#6773=CARTESIAN_POINT('Ctrl Pts',(24.1026352993874,178.2,72.4663662197566));
#6774=CARTESIAN_POINT('',(24.1,177.8,72.0626092242276));
#6775=CARTESIAN_POINT('',(24.5,178.2,72.0205263385718));
#6776=CARTESIAN_POINT('Origin',(24.3013176496937,202.75,72.2434462791642));
#6777=CARTESIAN_POINT('',(24.1026352993874,202.75,72.4663662197566));
#6778=CARTESIAN_POINT('Origin',(24.5,178.2,63.9083356494351));
#6779=CARTESIAN_POINT('',(24.1,177.8,63.9277661286953));
#6780=CARTESIAN_POINT('',(24.5,178.2,63.9083356494351));
#6781=CARTESIAN_POINT('Ctrl Pts',(24.1004355991391,178.2,63.5269981670774));
#6782=CARTESIAN_POINT('Ctrl Pts',(24.1002047721209,177.997452744765,63.7299245078466));
#6783=CARTESIAN_POINT('Ctrl Pts',(24.1,177.8,63.9277661286953));
#6784=CARTESIAN_POINT('Origin',(25.,178.,78.5));
#6785=CARTESIAN_POINT('Origin',(25.,177.8,78.5));
#6786=CARTESIAN_POINT('Origin',(24.3,178.,75.4623470816446));
#6787=CARTESIAN_POINT('',(24.1,177.8,75.4623470816446));
#6788=CARTESIAN_POINT('Origin',(25.,178.,78.5));
#6789=CARTESIAN_POINT('Origin',(25.,178.2,78.5));
#6790=CARTESIAN_POINT('Origin',(25.,177.8,78.5));
#6791=CARTESIAN_POINT('Origin',(25.5,198.,63.5083356494351));
#6792=CARTESIAN_POINT('',(25.5,198.,63.9083356494351));
#6793=CARTESIAN_POINT('',(25.5,187.780407065997,66.3126583129808));
#6794=CARTESIAN_POINT('Origin',(25.5,187.780407065997,67.9626583129808));
#6795=CARTESIAN_POINT('Origin',(25.,177.8,78.5041678247175));
#6796=CARTESIAN_POINT('Origin',(30.,187.799999850988,67.9999998435378));
#6797=CARTESIAN_POINT('',(30.,187.780407065997,66.3126583129808));
#6798=CARTESIAN_POINT('Origin',(30.,187.780407065997,67.9626583129808));
#6799=CARTESIAN_POINT('Origin',(35.6256794682635,187.780407065997,67.9626583129808));
#6800=CARTESIAN_POINT('',(35.6256794682635,187.780407065997,66.3126583129808));
#6801=CARTESIAN_POINT('Origin',(21.1256794682635,190.530407065997,66.3749450727093));
#6802=CARTESIAN_POINT('',(21.1256794682635,190.530407065997,66.3749450727093));
#6803=CARTESIAN_POINT('',(21.1256794682635,190.530407065997,66.3749450727093));
#6804=CARTESIAN_POINT('',(21.1256794682635,190.530407065997,69.5503715532523));
#6805=CARTESIAN_POINT('Origin',(21.1256794682635,187.780407065997,64.7872318324379));
#6806=CARTESIAN_POINT('',(21.1256794682635,187.780407065997,64.7872318324379));
#6807=CARTESIAN_POINT('',(21.1256794682635,187.780407065997,64.7872318324379));
#6808=CARTESIAN_POINT('',(21.1256794682635,190.530407065997,66.3749450727093));
#6809=CARTESIAN_POINT('Origin',(21.1256794682635,185.030407065997,66.3749450727093));
#6810=CARTESIAN_POINT('',(21.1256794682635,187.780407065997,64.7872318324379));
#6811=CARTESIAN_POINT('Origin',(21.1256794682635,187.780407065997,67.9626583129808));
#6812=CARTESIAN_POINT('',(21.1256794682635,187.780407065997,69.6126583129808));
#6813=CARTESIAN_POINT('Origin',(21.1256794682635,187.780407065997,67.9626583129808));
#6814=CARTESIAN_POINT('Origin',(17.6256794682635,187.780407065997,67.9626583129808));
#6815=CARTESIAN_POINT('',(17.6256794682635,187.780407065997,69.6126583129808));
#6816=CARTESIAN_POINT('Origin',(25.,202.75,78.5));
#6817=CARTESIAN_POINT('',(25.,207.5,72.4));
#6818=CARTESIAN_POINT('Origin',(25.,207.5,78.5));
#6819=CARTESIAN_POINT('',(25.,202.75,72.4));
#6820=CARTESIAN_POINT('',(25.,202.75,84.6));
#6821=CARTESIAN_POINT('Origin',(25.6997822004304,198.,63.7176669082562));
#6822=CARTESIAN_POINT('Origin',(25.5,178.2,139.979473661428));
#6823=CARTESIAN_POINT('',(25.5,178.2,139.979473661428));
#6824=CARTESIAN_POINT('',(25.5,178.2,139.979473661428));
#6825=CARTESIAN_POINT('',(25.9,177.8,139.937390775772));
#6826=CARTESIAN_POINT('Ctrl Pts',(25.9,177.8,139.937390775772));
#6827=CARTESIAN_POINT('Ctrl Pts',(25.8985095939953,178.007386238825,139.728195896377));
#6828=CARTESIAN_POINT('Ctrl Pts',(25.8973647006126,178.2,139.533633780243));
#6829=CARTESIAN_POINT('',(25.9,177.8,139.937390775772));
#6830=CARTESIAN_POINT('Origin',(24.1026352993874,178.2,139.533633780243));
#6831=CARTESIAN_POINT('',(24.1,177.8,139.937390775772));
#6832=CARTESIAN_POINT('',(24.5,178.2,139.979473661428));
#6833=CARTESIAN_POINT('Ctrl Pts',(24.1026352993874,178.199999999996,139.533633780248));
#6834=CARTESIAN_POINT('Ctrl Pts',(24.1014904060047,178.007386238823,139.728195896379));
#6835=CARTESIAN_POINT('Ctrl Pts',(24.1,177.8,139.937390775772));
#6836=CARTESIAN_POINT('Origin',(25.,178.,133.5));
#6837=CARTESIAN_POINT('Origin',(25.,177.8,133.5));
#6838=CARTESIAN_POINT('Origin',(25.8995644008608,178.2,148.473001832923));
#6839=CARTESIAN_POINT('',(25.5,178.2,148.091664350565));
#6840=CARTESIAN_POINT('',(25.8995644008608,178.2,148.473001832923));
#6841=CARTESIAN_POINT('',(25.9,177.8,148.072233871305));
#6842=CARTESIAN_POINT('',(25.5,178.2,148.091664350565));
#6843=CARTESIAN_POINT('Ctrl Pts',(25.8995644008604,178.2,148.473001832923));
#6844=CARTESIAN_POINT('Ctrl Pts',(25.8997952278788,177.997452744671,148.270075492059));
#6845=CARTESIAN_POINT('Ctrl Pts',(25.8999999999996,177.8,148.072233871305));
#6846=CARTESIAN_POINT('Origin',(24.1,177.8,148.072233871305));
#6847=CARTESIAN_POINT('',(24.1,177.8,148.072233871305));
#6848=CARTESIAN_POINT('',(24.1,177.8,148.072233871305));
#6849=CARTESIAN_POINT('Ctrl Pts',(24.1000000000002,177.8,148.072233871305));
#6850=CARTESIAN_POINT('Ctrl Pts',(24.1002047721211,177.997452744721,148.270075492109));
#6851=CARTESIAN_POINT('Ctrl Pts',(24.1004355991394,178.2,148.473001832923));
#6852=CARTESIAN_POINT('Origin',(25.,178.,133.5));
#6853=CARTESIAN_POINT('Origin',(25.,177.8,133.5));
#6854=CARTESIAN_POINT('Origin',(24.3,178.,136.537652918355));
#6855=CARTESIAN_POINT('',(24.1,177.8,136.537652918355));
#6856=CARTESIAN_POINT('Origin',(25.7,178.,136.537652918355));
#6857=CARTESIAN_POINT('',(25.9,177.8,136.537652918355));
#6858=CARTESIAN_POINT('',(25.5,178.2,136.537652918355));
#6859=CARTESIAN_POINT('Origin',(25.6997822004304,198.,148.282333091744));
#6860=CARTESIAN_POINT('',(25.5,198.,148.091664350565));
#6861=CARTESIAN_POINT('Origin',(25.6986823503063,202.75,139.756553720836));
#6862=CARTESIAN_POINT('',(25.5,202.75,139.979473661428));
#6863=CARTESIAN_POINT('Origin',(25.5,198.,139.579473661428));
#6864=CARTESIAN_POINT('',(25.5,187.819592934003,145.687341687019));
#6865=CARTESIAN_POINT('Origin',(25.5,187.819592934003,144.037341687019));
#6866=CARTESIAN_POINT('Origin',(25.,177.8,133.495832175282));
#6867=CARTESIAN_POINT('Origin',(25.,198.,84.8));
#6868=CARTESIAN_POINT('',(25.,198.,84.8));
#6869=CARTESIAN_POINT('Origin',(25.,198.,84.6));
#6870=CARTESIAN_POINT('Origin',(30.,187.800000149012,144.000000156462));
#6871=CARTESIAN_POINT('',(30.,187.819592934003,145.687341687019));
#6872=CARTESIAN_POINT('Origin',(30.,187.819592934003,144.037341687019));
#6873=CARTESIAN_POINT('Origin',(35.6256794682635,187.819592934003,144.037341687019));
#6874=CARTESIAN_POINT('',(35.6256794682635,187.819592934003,145.687341687019));
#6875=CARTESIAN_POINT('Origin',(21.1256794682635,187.819592934003,147.212768167562));
#6876=CARTESIAN_POINT('',(21.1256794682635,187.819592934003,147.212768167562));
#6877=CARTESIAN_POINT('',(21.1256794682635,187.819592934003,147.212768167562));
#6878=CARTESIAN_POINT('',(21.1256794682635,185.069592934003,145.625054927291));
#6879=CARTESIAN_POINT('Origin',(21.1256794682635,190.569592934003,145.625054927291));
#6880=CARTESIAN_POINT('',(21.1256794682635,190.569592934003,145.625054927291));
#6881=CARTESIAN_POINT('',(21.1256794682635,190.569592934003,145.625054927291));
#6882=CARTESIAN_POINT('',(21.1256794682635,187.819592934003,147.212768167562));
#6883=CARTESIAN_POINT('Origin',(21.1256794682635,190.569592934003,142.449628446748));
#6884=CARTESIAN_POINT('',(21.1256794682635,190.569592934003,145.625054927291));
#6885=CARTESIAN_POINT('Origin',(21.1256794682635,187.819592934003,144.037341687019));
#6886=CARTESIAN_POINT('',(21.1256794682635,187.819592934003,142.387341687019));
#6887=CARTESIAN_POINT('Origin',(21.1256794682635,187.819592934003,144.037341687019));
#6888=CARTESIAN_POINT('Origin',(17.6256794682635,187.819592934003,144.037341687019));
#6889=CARTESIAN_POINT('',(17.6256794682635,187.819592934003,142.387341687019));
#6890=CARTESIAN_POINT('Origin',(25.,198.,118.5));
#6891=CARTESIAN_POINT('Origin',(-51.5,198.,42.2));
#6892=CARTESIAN_POINT('Origin',(42.4575921129034,202.55,182.406810790528));
#6893=CARTESIAN_POINT('',(5.9212244761505,207.1,188.849158181971));
#6894=CARTESIAN_POINT('',(78.9939597496564,207.1,175.964463399085));
#6895=CARTESIAN_POINT('',(44.9682957164099,207.099999999999,181.964106004668));
#6896=CARTESIAN_POINT('',(3.95160897012608,205.1,189.196454537305));
#6897=CARTESIAN_POINT('Origin',(5.92122447615051,205.1,188.849158181971));
#6898=CARTESIAN_POINT('',(3.95160897012608,198.,189.196454537305));
#6899=CARTESIAN_POINT('Origin',(78.9939597496564,205.1,175.964463399085));
#6900=CARTESIAN_POINT('Origin',(25.,205.25,106.));
#6901=CARTESIAN_POINT('',(34.,205.5,106.));
#6902=CARTESIAN_POINT('Origin',(25.,205.5,106.));
#6903=CARTESIAN_POINT('',(34.5,205.,106.));
#6904=CARTESIAN_POINT('',(34.25,205.25,106.));
#6905=CARTESIAN_POINT('Origin',(25.,205.,106.));
#6906=CARTESIAN_POINT('Origin',(25.,205.,106.));
#6907=CARTESIAN_POINT('',(34.,207.,106.));
#6908=CARTESIAN_POINT('Origin',(25.,207.,106.));
#6909=CARTESIAN_POINT('',(34.,205.,106.));
#6910=CARTESIAN_POINT('Origin',(25.,205.,106.));
#6911=CARTESIAN_POINT('',(25.,205.,94.9));
#6912=CARTESIAN_POINT('Origin',(25.,205.,106.));
#6913=CARTESIAN_POINT('Origin',(25.,207.,106.));
#6914=CARTESIAN_POINT('Origin',(-45.5,198.1,31.));
#6915=CARTESIAN_POINT('',(-45.5,198.2,33.65));
#6916=CARTESIAN_POINT('',(-45.5,198.2,28.35));
#6917=CARTESIAN_POINT('Origin',(-45.5,198.2,31.));
#6918=CARTESIAN_POINT('Origin',(-45.5,198.2,31.));
#6919=CARTESIAN_POINT('',(-45.5,198.1,28.25));
#6920=CARTESIAN_POINT('Origin',(-45.5,204.,31.));
#6921=CARTESIAN_POINT('',(-45.5,207.05,33.65));
#6922=CARTESIAN_POINT('',(-45.5,204.,33.65));
#6923=CARTESIAN_POINT('Origin',(-45.5,207.05,31.));
#6924=CARTESIAN_POINT('Origin',(-45.5,198.1,11.));
#6925=CARTESIAN_POINT('',(-45.5,198.2,13.65));
#6926=CARTESIAN_POINT('',(-45.5,198.2,8.34999999999999));
#6927=CARTESIAN_POINT('Origin',(-45.5,198.2,11.));
#6928=CARTESIAN_POINT('Origin',(-45.5,198.2,11.));
#6929=CARTESIAN_POINT('',(-45.5,198.1,8.25));
#6930=CARTESIAN_POINT('Origin',(-45.5,204.,11.));
#6931=CARTESIAN_POINT('',(-45.5,207.05,13.65));
#6932=CARTESIAN_POINT('',(-45.5,204.,13.65));
#6933=CARTESIAN_POINT('Origin',(-45.5,207.05,11.));
#6934=CARTESIAN_POINT('Origin',(150.5,198.1,11.));
#6935=CARTESIAN_POINT('',(150.5,198.2,13.65));
#6936=CARTESIAN_POINT('',(150.5,198.2,8.34999999999999));
#6937=CARTESIAN_POINT('Origin',(150.5,198.2,11.));
#6938=CARTESIAN_POINT('Origin',(150.5,198.2,11.));
#6939=CARTESIAN_POINT('',(150.5,198.1,8.25));
#6940=CARTESIAN_POINT('Origin',(150.5,204.,11.));
#6941=CARTESIAN_POINT('',(150.5,207.05,13.65));
#6942=CARTESIAN_POINT('Origin',(150.5,207.05,11.));
#6943=CARTESIAN_POINT('',(150.5,204.,13.65));
#6944=CARTESIAN_POINT('Origin',(150.5,198.1,31.));
#6945=CARTESIAN_POINT('',(150.5,198.2,33.65));
#6946=CARTESIAN_POINT('',(150.5,198.2,28.35));
#6947=CARTESIAN_POINT('Origin',(150.5,198.2,31.));
#6948=CARTESIAN_POINT('Origin',(150.5,198.2,31.));
#6949=CARTESIAN_POINT('',(150.5,198.1,28.25));
#6950=CARTESIAN_POINT('Origin',(150.5,204.,31.));
#6951=CARTESIAN_POINT('',(150.5,207.05,33.65));
#6952=CARTESIAN_POINT('Origin',(150.5,207.05,31.));
#6953=CARTESIAN_POINT('',(150.5,204.,33.65));
#6954=CARTESIAN_POINT('Origin',(-46.5,204.,-1.9));
#6955=CARTESIAN_POINT('',(-48.5,204.,-1.8));
#6956=CARTESIAN_POINT('Origin',(-46.5,204.,-1.8));
#6957=CARTESIAN_POINT('',(-48.7,204.,-2.));
#6958=CARTESIAN_POINT('',(-48.6,204.,-1.9));
#6959=CARTESIAN_POINT('Origin',(-46.5,204.,-2.));
#6960=CARTESIAN_POINT('Origin',(60.,210.,-2.));
#6961=CARTESIAN_POINT('',(157.,198.5,-2.));
#6962=CARTESIAN_POINT('',(157.,207.,-2.));
#6963=CARTESIAN_POINT('',(45.,198.5,-2.));
#6964=CARTESIAN_POINT('',(149.3,204.,-2.));
#6965=CARTESIAN_POINT('Origin',(151.5,204.,-2.));
#6966=CARTESIAN_POINT('Origin',(-46.5,204.,-2.));
#6967=CARTESIAN_POINT('',(-48.5,204.,-1.3));
#6968=CARTESIAN_POINT('Origin',(-46.5,204.,-1.3));
#6969=CARTESIAN_POINT('',(-48.5,204.,-2.));
#6970=CARTESIAN_POINT('Origin',(151.5,204.,-1.9));
#6971=CARTESIAN_POINT('',(149.5,204.,-1.8));
#6972=CARTESIAN_POINT('Origin',(151.5,204.,-1.8));
#6973=CARTESIAN_POINT('',(149.4,204.,-1.9));
#6974=CARTESIAN_POINT('Origin',(151.5,204.,-2.));
#6975=CARTESIAN_POINT('',(149.5,204.,-1.3));
#6976=CARTESIAN_POINT('Origin',(151.5,204.,-1.3));
#6977=CARTESIAN_POINT('',(149.5,204.,-2.));
#6978=CARTESIAN_POINT('Origin',(25.,198.1,106.));
#6979=CARTESIAN_POINT('',(25.,198.2,94.9));
#6980=CARTESIAN_POINT('',(25.,198.2,117.1));
#6981=CARTESIAN_POINT('Origin',(25.,198.2,106.));
#6982=CARTESIAN_POINT('Origin',(25.,198.2,106.));
#6983=CARTESIAN_POINT('',(25.,198.1,117.2));
#6984=CARTESIAN_POINT('Origin',(25.,201.5,106.));
#6985=CARTESIAN_POINT('',(25.,201.5,94.9));
#6986=CARTESIAN_POINT('Origin',(21.25,198.25,166.25));
#6987=CARTESIAN_POINT('',(20.,198.5,166.));
#6988=CARTESIAN_POINT('',(20.,198.5,166.));
#6989=CARTESIAN_POINT('',(40.,198.5,166.));
#6990=CARTESIAN_POINT('',(21.25,198.5,166.));
#6991=CARTESIAN_POINT('',(40.,198.,166.5));
#6992=CARTESIAN_POINT('Origin',(20.,198.25,158.5));
#6993=CARTESIAN_POINT('',(20.,198.5,151.));
#6994=CARTESIAN_POINT('',(20.,198.5,151.));
#6995=CARTESIAN_POINT('Origin',(20.,198.5,158.5));
#6996=CARTESIAN_POINT('Origin',(38.75,198.25,150.75));
#6997=CARTESIAN_POINT('',(40.,198.5,151.));
#6998=CARTESIAN_POINT('',(40.,198.5,151.));
#6999=CARTESIAN_POINT('',(38.75,198.5,151.));
#7000=CARTESIAN_POINT('Origin',(40.,198.25,158.5));
#7001=CARTESIAN_POINT('Origin',(40.,198.5,158.5));
#7002=CARTESIAN_POINT('Origin',(20.,210.,158.5));
#7003=CARTESIAN_POINT('',(20.,209.,151.));
#7004=CARTESIAN_POINT('',(20.,210.,151.));
#7005=CARTESIAN_POINT('',(20.,209.,166.));
#7006=CARTESIAN_POINT('Origin',(20.,209.,158.5));
#7007=CARTESIAN_POINT('',(20.,210.,166.));
#7008=CARTESIAN_POINT('Origin',(12.5,210.,166.));
#7009=CARTESIAN_POINT('',(40.,209.,166.));
#7010=CARTESIAN_POINT('',(21.25,209.,166.));
#7011=CARTESIAN_POINT('',(40.,210.,166.));
#7012=CARTESIAN_POINT('Origin',(4.92403876506091,207.1,194.711377954173));
#7013=CARTESIAN_POINT('',(4.92403876506092,205.1,194.711377954173));
#7014=CARTESIAN_POINT('Origin',(40.,209.5,158.5));
#7015=CARTESIAN_POINT('',(40.,210.,167.));
#7016=CARTESIAN_POINT('',(40.,209.,151.));
#7017=CARTESIAN_POINT('',(40.,209.,151.));
#7018=CARTESIAN_POINT('Origin',(40.,209.,158.5));
#7019=CARTESIAN_POINT('Origin',(21.25,209.5,166.5));
#7020=CARTESIAN_POINT('',(20.,210.,167.));
#7021=CARTESIAN_POINT('Origin',(20.,209.5,158.5));
#7022=CARTESIAN_POINT('',(20.,210.,150.));
#7023=CARTESIAN_POINT('Origin',(38.75,209.5,150.5));
#7024=CARTESIAN_POINT('',(38.75,209.,151.));
#7025=CARTESIAN_POINT('Origin',(47.5,210.,151.));
#7026=CARTESIAN_POINT('',(40.,210.,151.));
#7027=CARTESIAN_POINT('Origin',(40.,210.,158.5));
#7028=CARTESIAN_POINT('Origin',(45.,198.25,-1.75));
#7029=CARTESIAN_POINT('',(157.5,198.,-1.5));
#7030=CARTESIAN_POINT('Origin',(157.25,207.,-1.75));
#7031=CARTESIAN_POINT('Origin',(-46.5,204.,-1.15));
#7032=CARTESIAN_POINT('',(-49.,204.,-1.));
#7033=CARTESIAN_POINT('',(-48.75,204.,-1.15));
#7034=CARTESIAN_POINT('Origin',(-46.5,204.,-1.));
#7035=CARTESIAN_POINT('Origin',(151.5,204.,-1.15));
#7036=CARTESIAN_POINT('',(149.,204.,-1.));
#7037=CARTESIAN_POINT('',(149.25,204.,-1.15));
#7038=CARTESIAN_POINT('Origin',(151.5,204.,-1.));
#7039=CARTESIAN_POINT('Origin',(151.5,204.,-2.));
#7040=CARTESIAN_POINT('',(149.,204.,4.));
#7041=CARTESIAN_POINT('Origin',(151.5,204.,4.));
#7042=CARTESIAN_POINT('',(149.,204.,-2.));
#7043=CARTESIAN_POINT('Origin',(151.5,204.,4.));
#7044=CARTESIAN_POINT('Origin',(-46.5,204.,-2.));
#7045=CARTESIAN_POINT('',(-49.,204.,4.));
#7046=CARTESIAN_POINT('Origin',(-46.5,204.,4.));
#7047=CARTESIAN_POINT('',(-49.,204.,-2.));
#7048=CARTESIAN_POINT('Origin',(-46.5,204.,4.));
#7049=CARTESIAN_POINT('Origin',(150.5,208.525,31.));
#7050=CARTESIAN_POINT('',(150.5,208.525,35.125));
#7051=CARTESIAN_POINT('Origin',(150.5,208.525,11.));
#7052=CARTESIAN_POINT('',(150.5,208.525,15.125));
#7053=CARTESIAN_POINT('Origin',(150.5,194.5,21.));
#7054=CARTESIAN_POINT('',(148.,195.,21.));
#7055=CARTESIAN_POINT('Origin',(150.5,195.,21.));
#7056=CARTESIAN_POINT('',(149.,194.,21.));
#7057=CARTESIAN_POINT('',(148.5,194.5,21.));
#7058=CARTESIAN_POINT('Origin',(150.5,194.,21.));
#7059=CARTESIAN_POINT('Origin',(150.5,198.,21.));
#7060=CARTESIAN_POINT('',(148.,198.,21.));
#7061=CARTESIAN_POINT('Origin',(150.5,194.,21.));
#7062=CARTESIAN_POINT('Origin',(-45.5,208.525,31.));
#7063=CARTESIAN_POINT('',(-45.5,208.525,35.125));
#7064=CARTESIAN_POINT('Origin',(-45.5,208.525,11.));
#7065=CARTESIAN_POINT('',(-45.5,208.525,15.125));
#7066=CARTESIAN_POINT('Origin',(-45.5,194.5,21.));
#7067=CARTESIAN_POINT('',(-43.,195.,21.));
#7068=CARTESIAN_POINT('Origin',(-45.5,195.,21.));
#7069=CARTESIAN_POINT('',(-44.,194.,21.));
#7070=CARTESIAN_POINT('',(-43.5,194.5,21.));
#7071=CARTESIAN_POINT('Origin',(-45.5,194.,21.));
#7072=CARTESIAN_POINT('Origin',(-45.5,198.,21.));
#7073=CARTESIAN_POINT('',(-43.,198.,21.));
#7074=CARTESIAN_POINT('Origin',(-45.5,194.,21.));
#7075=CARTESIAN_POINT('Origin',(79.9663895445912,205.1,181.479386815953));
#7076=CARTESIAN_POINT('',(79.9663895445912,207.1,181.479386815953));
#7077=CARTESIAN_POINT('Origin',(6.89365427108532,205.1,194.36408159884));
#7078=CARTESIAN_POINT('',(6.89365427108532,207.1,194.36408159884));
#7079=CARTESIAN_POINT('Origin',(81.9360050506156,207.1,181.132090460619));
#7080=CARTESIAN_POINT('Origin',(25.,207.5,133.5));
#7081=CARTESIAN_POINT('Origin',(25.,207.5,78.5));
#7082=CARTESIAN_POINT('',(52.5,2.05584384827786,210.043507716939));
#7083=UNCERTAINTY_MEASURE_WITH_UNIT(LENGTH_MEASURE(0.01),#7089,
'DISTANCE_ACCURACY_VALUE',
'Maximum model space distance between geometric entities at asserted c
onnectivities');
#7084=UNCERTAINTY_MEASURE_WITH_UNIT(LENGTH_MEASURE(0.01),#7089,
'DISTANCE_ACCURACY_VALUE',
'Maximum model space distance between geometric entities at asserted c
onnectivities');
#7085=UNCERTAINTY_MEASURE_WITH_UNIT(LENGTH_MEASURE(0.01),#7089,
'DISTANCE_ACCURACY_VALUE',
'Maximum model space distance between geometric entities at asserted c
onnectivities');
#7086=(
GEOMETRIC_REPRESENTATION_CONTEXT(3)
GLOBAL_UNCERTAINTY_ASSIGNED_CONTEXT((#7083))
GLOBAL_UNIT_ASSIGNED_CONTEXT((#7089,#7091,#7092))
REPRESENTATION_CONTEXT('','3D')
);
#7087=(
GEOMETRIC_REPRESENTATION_CONTEXT(3)
GLOBAL_UNCERTAINTY_ASSIGNED_CONTEXT((#7084))
GLOBAL_UNIT_ASSIGNED_CONTEXT((#7089,#7091,#7092))
REPRESENTATION_CONTEXT('','3D')
);
#7088=(
GEOMETRIC_REPRESENTATION_CONTEXT(3)
GLOBAL_UNCERTAINTY_ASSIGNED_CONTEXT((#7085))
GLOBAL_UNIT_ASSIGNED_CONTEXT((#7089,#7091,#7092))
REPRESENTATION_CONTEXT('','3D')
);
#7089=(
LENGTH_UNIT()
NAMED_UNIT(*)
SI_UNIT(.MILLI.,.METRE.)
);
#7090=(
LENGTH_UNIT()
NAMED_UNIT(*)
SI_UNIT($,.METRE.)
);
#7091=(
NAMED_UNIT(*)
PLANE_ANGLE_UNIT()
SI_UNIT($,.RADIAN.)
);
#7092=(
NAMED_UNIT(*)
SI_UNIT($,.STERADIAN.)
SOLID_ANGLE_UNIT()
);
#7093=SHAPE_DEFINITION_REPRESENTATION(#7095,#7098);
#7094=SHAPE_DEFINITION_REPRESENTATION(#7096,#7099);
#7095=PRODUCT_DEFINITION_SHAPE('',$,#7101);
#7096=PRODUCT_DEFINITION_SHAPE('',$,#7102);
#7097=PRODUCT_DEFINITION_SHAPE($,$,#14);
#7098=SHAPE_REPRESENTATION('',(#3353,#3677),#7086);
#7099=SHAPE_REPRESENTATION('',(#3354),#7087);
#7100=PRODUCT_DEFINITION_CONTEXT('part definition',#7108,'design');
#7101=PRODUCT_DEFINITION('2026-03-28-16-24-58-687','right',#7103,#7100);
#7102=PRODUCT_DEFINITION('2026-03-28-16-24-58-688','Right+1',#7104,#7100);
#7103=PRODUCT_DEFINITION_FORMATION('',$,#7110);
#7104=PRODUCT_DEFINITION_FORMATION('',$,#7111);
#7105=PRODUCT_RELATED_PRODUCT_CATEGORY('right','right',(#7110));
#7106=PRODUCT_RELATED_PRODUCT_CATEGORY('Right+1','Right+1',(#7111));
#7107=APPLICATION_PROTOCOL_DEFINITION('international standard',
'automotive_design',2009,#7108);
#7108=APPLICATION_CONTEXT(
'Core Data for Automotive Mechanical Design Process');
#7109=PRODUCT_CONTEXT('part definition',#7108,'mechanical');
#7110=PRODUCT('2026-03-28-16-24-58-687','right',$,(#7109));
#7111=PRODUCT('2026-03-28-16-24-58-688','Right+1',$,(#7109));
#7112=PRESENTATION_STYLE_ASSIGNMENT((#7114));
#7113=PRESENTATION_STYLE_ASSIGNMENT((#7115));
#7114=SURFACE_STYLE_USAGE(.BOTH.,#7116);
#7115=SURFACE_STYLE_USAGE(.BOTH.,#7117);
#7116=SURFACE_SIDE_STYLE('',(#7118));
#7117=SURFACE_SIDE_STYLE('',(#7119));
#7118=SURFACE_STYLE_FILL_AREA(#7120);
#7119=SURFACE_STYLE_FILL_AREA(#7121);
#7120=FILL_AREA_STYLE('Stahl - satiniert',(#7122));
#7121=FILL_AREA_STYLE('Opaque(51,51,51)',(#7123));
#7122=FILL_AREA_STYLE_COLOUR('Stahl - satiniert',#7124);
#7123=FILL_AREA_STYLE_COLOUR('Opaque(51,51,51)',#7125);
#7124=COLOUR_RGB('Stahl - satiniert',0.627450980392157,0.627450980392157,
0.627450980392157);
#7125=COLOUR_RGB('Opaque(51,51,51)',0.2,0.2,0.2);
ENDSEC;
END-ISO-10303-21;
